"Items","Est.Discrimination.2PL","Est.Difficulty.2PL"
"Item1",1.14483141531988,0.688736130701991
"Item2",2.37728939949542,-1.62515763820662
"Item3",1.13015239021541,2.82794847382547
"Item4",0.914740600918829,-0.520332292367058
"Item5",1.27946919826269,2.44603583827879
"Item6",0.965743790230458,2.3653219212775
"Item7",0.975776779118326,-0.878981950730658
"Item8",1.09806772493914,0.235394114112862
"Item9",0.730235639481071,0.586952135584081
"Item10",1.05931546126904,-1.41314437453835
"Item11",2.43618963505324,-1.69376803688548
"Item12",0.796684773838429,0.403405029439733
"Item13",1.11616821137357,1.41530800019374
"Item14",0.978106446479076,-0.139166349109075
"Item15",0.893473085086841,-1.09453274514964
"Item16",0.951842176536352,1.96196671278188
"Item17",1.77888046553187,-2.16448423331258
"Item18",2.75589323968858,-1.61526157712091
"Item19",0.865085799786271,-1.13027400676154
"Item20",1.17610827559238,-0.50005471898491
"Item21",1.0410988628925,1.3921682186055
"Item22",1.04099959675754,1.047596259981
"Item23",1.2021062485964,-0.807979944623988
"Item24",0.943235052397499,-0.859161237700357
"Item25",0.996235337646339,-1.10629863674847
