"Items","Est.Discrimination.2PL","Est.Difficulty.2PL"
"Item1",1.5654452278696,-2.72189878257687
"Item2",0.948812914390113,-1.19360498869075
"Item3",1.05985288598038,-0.461880053058626
"Item4",0.898169408588649,0.218430924503586
"Item5",1.11453069458521,1.14165669697768
"Item6",0.919000545047697,1.24192910373148
"Item7",0.682911695976939,-1.55157870257435
"Item8",1.2588122253517,1.75140835460155
"Item9",1.00542243977833,-0.109562554863336
"Item10",0.766227092974783,1.04410261976038
"Item11",1.01035533101192,1.42053460619433
"Item12",2.51003720404455,-1.54501651861442
"Item13",2.53462018357762,-1.93126939391664
"Item14",0.989130814094868,0.411086020686399
"Item15",1.10464012222512,1.20574737241008
"Item16",1.09635223281795,0.91564015611515
"Item17",1.14418844684676,0.314183373431465
"Item18",0.936619631670982,0.629023905461987
"Item19",1.05524697948589,-0.551525108663623
"Item20",0.946140347597179,1.71613975679978
"Item21",1.11459832962864,0.926349639869652
"Item22",0.894934872273649,0.709604639364429
"Item23",1.05053256599186,-0.238782323648594
"Item24",0.928959188489455,-0.681782464857404
"Item25",0.804328208374061,-1.35378983332569
