"Items","Difficulty","Discrimination"
"Item1",-1.46480033379415,2.00892888311927
"Item2",0.118167581011031,3.11681478215455
"Item3",-1.00908562217532,2.24476084509187
"Item4",-1.43015305553448,1.35621197172569
"Item5",1.97924750661531,1.03072644370867
"Item6",2.48656956790131,0.80915181645414
"Item7",1.44746225899264,1.88814951270219
"Item8",-1.75922802085856,1.66116018352706
"Item9",-0.411306051851299,2.59348583002556
"Item10",0.831395887205577,2.38121850578258
"Item11",1.25248091115702,1.59472746239062
"Item12",1.41702801436664,1.14486738410667
"Item13",-0.186707166946171,3.17908958355813
"Item14",-0.723001983958393,2.72017156387478
"Item15",-1.2272185957772,2.00115979352684
"Item16",1.18184455412896,2.11453014365566
"Item17",-1.59856664738769,1.08909816346351
"Item18",-0.71972208297828,2.40776916060465
"Item19",-1.40927053126296,1.34360893301321
"Item20",0.524104964711815,2.39200493168784
"Item21",2.15638154828222,0.894493550727037
"Item22",1.57809840547347,1.04869393544185
"Item23",1.87922301976961,1.1590040207266
"Item24",0.704243061037152,2.43650945533854
"Item25",2.07536152926847,1.24382290341865
