"Items","Difficulty","Discrimination"
"Item1",-1.29563977151291,3.81811467386758
"Item2",-0.738265581233054,3.20961535220863
"Item3",1.54576139781142,1.3774787410228
"Item4",0.850348014680689,2.2602027591271
"Item5",1.70124340438853,1.01169900648884
"Item6",0.905839650592223,1.64000878715685
"Item7",0.49789793430663,2.05044390080671
"Item8",1.04841208902934,2.69819517063427
"Item9",-0.861259840097577,2.58626837277672
"Item10",-0.0517864744180783,2.74469158723842
"Item11",-1.89229521907113,1.07349839868714
"Item12",1.06713168844251,3.34520139993605
"Item13",-0.937351933643391,2.94620515310662
"Item14",-0.645242080338372,3.05780889863026
"Item15",-0.955800821524794,3.44798967124977
"Item16",1.01480790994808,2.39625445225947
"Item17",-1.0621445899992,1.51075321062281
"Item18",1.16936364278693,2.82806965500125
"Item19",-0.232138069274519,3.0994582051324
"Item20",-1.16660312172643,2.73214365547231
"Item21",-1.20719949206702,1.97035140835849
"Item22",-2.58128670974394,0.964245851054305
"Item23",-1.38818846475406,2.06738048312958
"Item24",-1.34224503396007,1.66704057475191
"Item25",-1.95723277124448,0.825731325492473
