"Items","Difficulty","Discrimination"
"Item1",-0.948446483765309,2.00348133082608
"Item2",1.9718299387062,0.994996236536471
"Item3",-0.34101732638496,2.18506585604858
"Item4",-0.32945423444571,1.68754863091824
"Item5",-1.25738206452722,2.34229467450548
"Item6",0.343697150636803,2.31598592465014
"Item7",0.832114323499313,3.43380541457623
"Item8",0.951651438189289,2.33521007808459
"Item9",-0.239988936604663,2.37585875800178
"Item10",1.35560597776589,2.3611751668378
"Item11",-1.11664383722802,3.18095756446472
"Item12",-2.24355111489318,0.975225560876231
"Item13",1.8920888273977,0.875985781399738
"Item14",-0.771706093596372,3.00704148801844
"Item15",1.54329975048173,0.881996108582407
"Item16",-0.272627741723775,3.72651637154214
"Item17",-1.37453723053899,1.64560651272001
"Item18",-0.101983851320435,2.49142832548802
"Item19",1.17002549503575,2.47901218501438
"Item20",0.85315911225684,2.29041773185043
"Item21",1.297508181737,2.73458291676331
"Item22",0.550468042674894,1.68786024103481
"Item23",1.10996994500872,1.8980934158401
"Item24",-1.85406492576315,0.946151813477055
"Item25",-2.30122717578704,1.13530814109663
