"Items","Difficulty","Discrimination"
"Item1",0.172974031617912,3.04964158164786
"Item2",-1.3212518062933,1.67991814674474
"Item3",-0.780203443992765,2.35895680988011
"Item4",-1.18650770336118,2.02837144503899
"Item5",1.72264257379826,1.38545129014863
"Item6",-1.70304973641268,1.32686823426979
"Item7",0.690271592249861,2.47506491161344
"Item8",1.72578775001703,1.48186080994395
"Item9",1.1694122073453,1.97692173578579
"Item10",-1.56810787059531,1.32888885812641
"Item11",0.345825541577589,2.82721420276277
"Item12",0.536622135479575,2.84986575206965
"Item13",0.682475190401811,2.49231424136868
"Item14",-1.74729834296578,1.08784924765092
"Item15",2.18882066602698,0.857489195766685
"Item16",-0.341209610102765,2.79499792013695
"Item17",1.50779755360691,1.45673757645991
"Item18",1.4974966795834,1.39045417683649
"Item19",1.55931699097191,1.48187795755579
"Item20",-0.346083806334188,2.98907275859596
"Item21",1.91133477077416,1.21979406781918
"Item22",-1.11861674117258,1.86667910517864
"Item23",-0.545676330972549,2.81699173632178
"Item24",1.03062851047953,2.13330067545613
"Item25",-1.43061990816842,1.53024901550207
