"Items","Difficulty","Discrimination"
"Item1",-1.80380946588638,1.17909963898214
"Item2",0.821810355306707,2.43104690460841
"Item3",-0.949498030616329,2.21601921156505
"Item4",1.63468207090523,1.428941427986
"Item5",0.984917814062999,2.22545617390848
"Item6",1.80677004391287,1.3294934119299
"Item7",-0.745011190020315,2.2699736637536
"Item8",-1.80234333603496,1.39875412616501
"Item9",2.04815425367629,0.842989518988946
"Item10",-0.731186825501365,2.48906281543749
"Item11",1.85522661123417,1.16430288087088
"Item12",-2.01834035079963,1.01539716530477
"Item13",0.0384760498846654,2.90384389235351
"Item14",-1.21898953404745,1.78716880984838
"Item15",0.114644775560324,2.87612313336574
"Item16",-1.71287578497034,1.22933684201621
"Item17",1.13451057070785,1.82504194822202
"Item18",1.62298534979646,1.42731520639703
"Item19",-1.37029172256742,1.52112776520353
"Item20",0.567492730786488,2.62001211686655
"Item21",-0.369154839857198,2.94138860506698
"Item22",0.0398855474250249,2.99369791862586
"Item23",-0.0494032839668438,3.10776457646459
"Item24",1.77265833953743,1.13562051790964
"Item25",1.19013648703002,1.78941881464858
