"Items","Est.Discrimination.2PL","Est.Difficulty.2PL"
"Item1",2.8716025674497,-1.26335336055651
"Item2",3.2256474172693,-0.299716022951251
"Item3",3.55745662246742,1.83436171573634
"Item4",2.91711711771712,0.397541215325946
"Item5",2.85576174124012,-1.26519719167374
"Item6",2.89826499275261,-0.990056924919195
"Item7",2.85595144868383,1.73359331415775
"Item8",3.04183286841151,-0.99255252050391
"Item9",2.93709387385095,-1.33554631238457
"Item10",2.56624718345219,1.88922398621469
