"Items","Est.Discrimination.2PL","Est.Difficulty.2PL"
"Item1",1.75718472860084,1.1777881344983
"Item2",2.27791631233299,-1.00825298027441
"Item3",1.11618676403337,-1.74617716300629
"Item4",0.987070392008038,-2.1465202124076
"Item5",2.0716690271101,0.954631837320163
"Item6",2.41248663741542,-0.836406358636523
"Item7",2.26738643122101,0.850875583611386
"Item8",2.72490437999264,-0.68507233009477
"Item9",2.95216249863425,-0.275784949968034
"Item10",2.85509677423252,0.156404757123211
