"Items","Est.Discrimination.2PL","Est.Difficulty.2PL"
"Item1",1.50241737665699,0.740393378720281
"Item2",0.928500896596236,1.75786466731782
"Item3",0.908159480636403,1.70426539380094
"Item4",2.58760665934256,-1.24934765446257
"Item5",1.87423528440786,-0.368497254247997
"Item6",2.56327816472375,1.53475516366167
"Item7",2.2781354622868,0.884700301361431
"Item8",2.18376447588895,-1.34536395667847
"Item9",1.03401903652814,-1.85162087451818
"Item10",0.909137849006689,-1.58358055613359
