"Items","Est.Discrimination.2PL","Est.Difficulty.2PL"
"Item1",2.42298220819883,0.62212711568296
"Item2",2.16252794938755,-0.585611876083896
"Item3",2.15723463551796,-0.00883264063483922
"Item4",2.92526400081539,-0.207723368473843
"Item5",2.57303295329642,-0.854501393737387
"Item6",1.90127924463788,-1.23860063277485
"Item7",1.94012594016218,-0.63988401923447
"Item8",0.897165477071491,2.09236994422969
"Item9",1.99546991645654,1.2036645188392
"Item10",0.986967864588618,-1.52129518929281
