"Items","Est.Discrimination.2PL","Est.Difficulty.2PL"
"Item1",3.16969933315454,-1.39610890895677
"Item2",2.607545365894,-0.330528069178582
"Item3",2.04056521457627,0.321741975825319
"Item4",2.13478688208466,1.04979226772634
"Item5",1.98336958691537,-0.194766115379977
"Item6",1.04969162059395,1.95797779464527
"Item7",0.996497160029096,1.88999428965076
"Item8",3.48936486845378,0.981934704363199
"Item9",0.806482236965545,-1.54749612853415
"Item10",1.59523902962669,-0.0368764550311309
