"Items","Est.Discrimination.2PL","Est.Difficulty.2PL"
"Item1",2.17059592124616,0.75503094901568
"Item2",2.42462900701574,-0.755296645999347
"Item3",2.17759916972764,1.2499019036878
"Item4",1.06902750381234,1.87599728560221
"Item5",2.52411962921852,-0.761322776733669
"Item6",1.34992822683413,1.66826488681281
"Item7",1.53679877459708,1.36651720497998
"Item8",1.40207420642872,1.74724614684525
"Item9",2.95541733388613,0.24140907815857
"Item10",1.18162755962846,-1.80471885691061
