"Items","Est.Discrimination.2PL","Est.Difficulty.2PL"
"Item1",2.71726137184867,-1.15103692848696
"Item2",3.07142134070076,0.534421461452105
"Item3",3.59431359488104,0.112824019757913
"Item4",2.42676419601952,-0.59841454529784
"Item5",2.53878577657908,1.10352284169019
"Item6",2.7400828992643,-0.569158862154361
"Item7",2.60651774020371,-0.566499470312522
"Item8",2.64200239700096,0.364042603958494
"Item9",2.26014679609724,-1.25352110505582
"Item10",0.844862782952494,-2.63292799557237
