"Items","Est.Discrimination.2PL","Est.Difficulty.2PL"
"Item1",1.95929998958636,0.699752860954282
"Item2",1.13989533509543,1.8769685783622
"Item3",0.846595439360133,-2.15418556120851
"Item4",1.99048470974428,1.2826737626297
"Item5",0.986894064429907,2.0039844880767
"Item6",2.49062989845147,1.33593515761712
"Item7",2.02082178888735,1.30611115266944
"Item8",1.30644030547451,-1.23919258759976
"Item9",0.68594956779036,-2.39329323033166
"Item10",2.83894781531537,1.44904107990249
