"Items","Est.Discrimination.2PL","Est.Difficulty.2PL"
"Item1",1.01102794085745,1.88313060532429
"Item2",2.45517094847711,-0.319891974384669
"Item3",3.47998552026338,0.94623007893998
"Item4",2.72373882642442,0.790718110889767
"Item5",2.85149923076905,1.14872839840284
"Item6",2.03515787372345,1.45053130391539
"Item7",2.50148856581099,-0.253739592781358
"Item8",0.725882796761125,-1.49543684209026
"Item9",3.06931454520424,-0.0762802500753563
"Item10",2.99769869127324,-1.29340707108408
