"Items","Est.Discrimination.2PL","Est.Difficulty.2PL"
"Item1",2.83184234948173,-0.766882709279345
"Item2",1.07987929122136,2.36291959676446
"Item3",1.2311739641735,0.297805609329541
"Item4",2.56143823760373,-0.20964169946508
"Item5",2.46858250578262,-0.323759580118176
"Item6",2.42882208097291,-0.0631575624952099
"Item7",2.27523266717812,0.0650824728876277
"Item8",0.620679548594595,-0.119418076817551
"Item9",2.33239127485847,-1.08969551386264
"Item10",2.79008991286998,1.21840803658641
