"Items","Est.Discrimination.2PL","Est.Difficulty.2PL"
"Item1",2.48822350083133,0.640337070922586
"Item2",1.96908905822553,-1.31362355892247
"Item3",1.08701997965986,2.2067553520836
"Item4",2.22591563581089,-1.33928916054937
"Item5",2.43253215793951,-0.994055846802222
"Item6",3.47873349113459,0.684373223490271
"Item7",3.38846561706357,0.906633352445963
"Item8",2.81112442422381,-1.16371577687859
"Item9",2.38970423846322,-0.399936244833355
"Item10",1.03885644863576,2.64460386436319
