"Items","Est.Discrimination.2PL","Est.Difficulty.2PL"
"Item1",1.49247660975717,-1.27558302293552
"Item2",3.19078731736967,0.497641398577426
"Item3",1.63618734535644,1.34776060941191
"Item4",2.11522871423555,0.915785290630224
"Item5",1.29359027124426,1.74230397239043
"Item6",1.01152476750894,2.2505231941237
"Item7",1.15178076336785,-1.93977777338489
"Item8",1.40169625068476,-1.46540185373408
"Item9",2.05955190830626,-0.953478479723646
"Item10",1.85301829171604,-1.34081349729751
