"Items","Difficulty","Discrimination"
"Item1",-0.913383581691061,2.5470451634729
"Item2",2.05823039538736,-0.733230966248134
"Item3",1.48776397395586,-0.115087094625008
"Item4",1.42801164815175,-0.13384657690793
"Item5",0.93965857717725,0.540684899722808
"Item6",-1.53311267986337,3.12002125057165
"Item7",0.801597342885416,0.810506285160244
"Item8",0.84407908428494,0.691337166906926
"Item9",-1.53735020243255,3.05171633727111
"Item10",-0.905571578525483,2.25200925984066
"Item11",0.59143871744217,1.11180395067221
"Item12",0.35436381844963,0.953250171869772
"Item13",0.448967778575943,1.05566932764031
"Item14",-1.02678012037007,2.671778627216
"Item15",0.988274303859417,0.660656784584564
"Item16",0.474645347373187,1.13242288451584
"Item17",2.34235325787372,-0.691520608452691
"Item18",-0.614178038077029,2.43890877924744
"Item19",-2.0359168598968,3.35891496880335
"Item20",0.927334107938349,0.69704583845697
"Item21",-0.345939627485935,1.55445164130092
"Item22",0.0784710763617375,1.47396489307256
"Item23",0.982290452621134,0.600729945884605
"Item24",-1.74446763629432,3.22632295440506
"Item25",0.919909747956557,0.393720708015977
"Item26",0.1535943758755,1.53867947840307
"Item27",-1.66331418785094,2.76564467203596
"Item28",-1.4085258416838,2.98445446439159
"Item29",1.72250283954388,-0.199041268224151
"Item30",-2.07818740883016,3.53646735011287
"Item31",0.337362137548592,1.53045591606194
"Item32",0.554219277760531,0.809838294322606
"Item33",2.25045315801527,-0.874309763472544
"Item34",-2.09040652368541,3.80445583017894
"Item35",0.0418792929338711,1.56836200408035
