"Items","Est.Discrimination.2PL","Est.Difficulty.2PL"
"Item1",0.0696082221873252,2.04017626991994
"Item2",3.02349168748459,-1.45865690549564
"Item3",3.45799487237615,-2.37376325277099
"Item4",-0.63960023657738,2.51330227990941
"Item5",1.64982530602808,-0.204547433407644
"Item6",2.6333939332915,-1.34801906822622
"Item7",2.06920642296032,-0.573812858262333
"Item8",0.654409649521397,0.852855902926767
"Item9",0.0590192468093243,0.759328188962889
"Item10",2.29273999032711,-1.12753723171125
"Item11",2.36339179391112,-1.14035977299703
"Item12",0.940745531083087,0.494584094299087
"Item13",0.919735645466603,0.404483110648904
"Item14",1.76280016309274,-0.0220017845490143
"Item15",3.58764512499353,-2.46407160874236
"Item16",2.60577703322426,-0.971827216894106
"Item17",1.25447235825146,0.259440291098443
"Item18",1.66636208130672,-0.0819451161830409
"Item19",-0.704423954519481,1.95485325985725
"Item20",1.67637966232926,-0.362632477951153
"Item21",0.65667818695366,0.490296245425282
"Item22",1.69803286188058,-0.586217596435957
"Item23",1.92824131214163,-0.509777715791521
"Item24",-0.0969189094690786,1.32563870502862
"Item25",0.773737667966272,0.54322995817162
"Item26",-1.8395190478398,2.94041108548956
"Item27",2.54787412666133,-1.10454888935226
"Item28",0.369404609989174,1.21282614029883
"Item29",0.609130804356414,0.784475578545855
"Item30",1.43126803522072,0.100697391528088
