"Items","Est.Discrimination.2PL","Est.Difficulty.2PL"
"Item1",2.23213837126882,-0.678363733840521
"Item2",0.139869901305956,1.1578027664788
"Item3",2.46270842290026,-0.833944995440705
"Item4",1.25023544183231,0.48630864102477
"Item5",0.00169778414664995,26.8628154079887
"Item6",1.35159407740569,0.342276856414752
"Item7",2.40319327721999,-0.643805671663984
"Item8",0.889995117602616,0.661929269162162
"Item9",-0.161518048580928,2.01616617633276
"Item10",1.90261727644755,-0.668668910914401
"Item11",0.981190726053988,0.376804575858867
"Item12",2.24645518692223,-0.699721467144711
"Item13",0.181331470563942,1.6258212604402
"Item14",1.81309385425191,-0.608032001353802
"Item15",3.06479478582074,-1.34333770108613
"Item16",2.69437735570416,-0.992713751698369
"Item17",3.11315171051018,-1.3916035738408
"Item18",0.799229590976726,0.593831503243199
"Item19",1.71491913222499,-0.22657660997667
"Item20",0.549082773281305,1.23387769337211
"Item21",2.48830920793979,-1.00747250519792
"Item22",0.00246632577105468,-9.73195935648781
"Item23",3.27497694807257,-1.42109054646405
"Item24",1.88991194459247,-0.666770136654251
"Item25",2.0044310514798,-0.822559842694674
"Item26",0.413506134105701,0.853705214995206
"Item27",0.494699455702345,0.971962735100121
"Item28",2.2279665872372,-0.728109319369823
"Item29",-0.106769309496105,1.64989560798142
"Item30",1.42919491397477,0.105138022274879
