"Items","Est.Discrimination.2PL","Est.Difficulty.2PL"
"Item1",0.23688689037784,0.0515476589218046
"Item2",0.0851946215600495,0.0471337185379823
"Item3",0.20809733082594,-0.994060050746575
"Item4",0.042741527998275,-0.748900492868511
"Item5",2.0389916837228,0.519407000742899
"Item6",2.02152293025593,-0.669330887233844
"Item7",0.251826535974605,-0.322623741508716
"Item8",0.309169396222847,0.291830542319156
"Item9",1.69429280005883,-0.396322658838465
"Item10",0.263112308992277,-0.169880077388088
"Item11",0.318010306095421,0.0132120798382874
"Item12",0.250674877914576,0.0164170501182262
"Item13",0.230946701621469,-0.438981107843285
"Item14",2.06122921497897,-0.479033673160343
"Item15",2.01136400150301,-0.640561708775644
