"Items","Est.Discrimination.2PL","Est.Difficulty.2PL"
"Item1",1.81574236812103,0.651412044611176
"Item2",0.209241303194725,0.251372664256047
"Item3",0.23617303630824,0.948181514332269
"Item4",0.173802527708547,-1.2333142888937
"Item5",1.88565602591516,-0.166251843623183
"Item6",0.234178212560647,1.25514784751554
"Item7",1.82968977813504,-0.0906335935631633
"Item8",2.04262974001916,0.862456843522839
"Item9",0.171957376576846,-0.539113626885234
"Item10",1.69177140628699,0.462385405024437
"Item11",1.84233936679142,0.107998636334262
"Item12",0.0523264530849922,3.60603950081493
"Item13",2.19210338920432,-0.0159585446237234
"Item14",1.99078619121101,-0.84557923812848
"Item15",0.210102653191434,0.423783737381197
