"Items","Est.Discrimination.2PL","Est.Difficulty.2PL"
"Item1",0.78676994155561,0.426425611243243
"Item2",0.74858849829129,0.294733376388254
"Item3",0.854641108964316,0.116674335249517
"Item4",0.720845852937115,-1.63493719281501
"Item5",1.1038202209413,-0.577638001549641
"Item6",0.96541957333735,-2.12501904883189
"Item7",2.87754573021238,1.6209828442005
"Item8",0.933605310292609,0.983274879586092
"Item9",0.649775519509181,0.28998016800217
"Item10",0.814388479419991,-1.93514125559599
"Item11",1.16622685746486,0.212736681333633
"Item12",0.762705362760157,0.33348757166165
"Item13",0.891214422487583,0.251476319625542
"Item14",2.19453150890448,1.74648506729327
"Item15",0.837322720338676,-1.32152783116845
"Item16",1.26825026055335,0.791842220415904
"Item17",0.818082624450897,0.510282880746667
"Item18",2.26660329796374,1.72017280658373
"Item19",1.03582616369905,-1.17719265899585
"Item20",0.973000522905722,1.40026016704004
"Item21",0.893016626285684,-1.17837612790855
"Item22",2.42017190014895,1.53380256658535
"Item23",0.791409442466428,0.797700350265231
"Item24",0.930941279848862,-0.602068802182599
"Item25",1.05008469548324,1.38312387558994
"Item26",1.35100727305787,-0.668801816288641
"Item27",1.31389217524694,0.516861337233428
"Item28",1.13612394635597,1.24428950259604
"Item29",2.73387433726952,1.90615797091268
"Item30",1.21185151407354,1.45472256780851
