"Items","Est.Discrimination.2PL","Est.Difficulty.2PL"
"Item1",1.71830628387048,0.977227356010376
"Item2",1.74558355935421,0.90388127811662
"Item3",0.760633250965699,-1.02299124523508
"Item4",1.49599867957207,0.530642667959136
"Item5",1.00521268434586,-0.082512580056329
"Item6",0.585696976813153,-2.32044567119245
"Item7",1.41611209706503,0.520036142256191
"Item8",1.10698188018065,-0.265959743991269
"Item9",1.72298554726998,1.02255103931281
"Item10",1.51292716688307,0.580687209881876
"Item11",2.12062559501165,1.41803401511141
"Item12",3.1663213605506,2.34168041997097
"Item13",2.30418176274095,1.49793546372338
"Item14",0.940171722051523,-0.636643046710171
"Item15",1.55984365852986,0.780947954977257
"Item16",0.516856894919529,-2.51263746283183
"Item17",1.14578262994723,0.0149865864015016
"Item18",2.1546416049442,1.58155481383805
"Item19",0.616621474414202,-1.15906132100663
"Item20",0.548589930462248,-1.0618398942818
"Item21",1.62947393721183,0.845464259407744
"Item22",1.87792778049557,1.23888956367868
"Item23",1.93504302630881,0.880165755121668
"Item24",1.35250999382443,0.0493471003559805
"Item25",1.01414701032905,-0.6183639246162
"Item26",1.3477036351751,0.196267550172934
"Item27",0.423823505265204,-1.79133839249687
"Item28",2.15369695389583,1.4921687545246
"Item29",1.58396380180352,0.65951724459923
"Item30",2.61191628773391,1.88601131471584
