"Items","Est.Discrimination.2PL","Est.Difficulty.2PL"
"Item1",0.712000513243037,-1.68118975648111
"Item2",0.824670332920699,-1.46635867523795
"Item3",0.51903335298671,-1.87436316126819
"Item4",3.27804163444549,2.48630177602335
"Item5",1.06059149125888,-0.2713874176049
"Item6",0.93472492648738,0.0664112936713859
"Item7",1.25780832520537,0.204738344104823
"Item8",0.750200357076995,-1.11341853144308
"Item9",2.32897919709,1.61904690436786
"Item10",0.730913789716008,-1.34179544551833
"Item11",0.623287998346238,-1.33128533775264
"Item12",1.83218076134942,1.08320377538541
"Item13",1.23909719092692,-0.197815794101791
"Item14",2.43221826031079,1.79538395387815
"Item15",0.437825330640225,-2.03998751733125
"Item16",0.455689279117107,-1.51726333717937
"Item17",0.566356155028018,-1.45284341756914
"Item18",1.84841683424038,0.966472935776207
"Item19",0.623676926872282,-1.42084305589008
"Item20",1.52749864984103,0.807508347755121
"Item21",0.813301696848516,-0.755373959534525
"Item22",1.10184987511799,0.00320926626682253
"Item23",1.93165137696929,1.04939964298392
"Item24",0.828270645552297,-0.755514034214353
"Item25",0.62100968904038,-1.18683112444928
"Item26",0.870419665773642,-0.860814625698397
"Item27",0.66859033467671,-1.30481154210144
"Item28",1.67109341435946,0.646513139241031
"Item29",0.547412971463722,-1.94816814900481
"Item30",1.03379613684024,-0.424867061088804
