"Items","Est.Discrimination.2PL","Est.Difficulty.2PL"
"Item1",0.848921044573341,-1.12894705646196
"Item2",0.472568424298849,-1.52967710002008
"Item3",0.892627219074632,-1.18865955313951
"Item4",0.825934323002828,-1.46605283491973
"Item5",1.24033373530829,0.106706378085747
"Item6",0.716381049912573,-1.27769490946866
"Item7",0.869270314930584,-0.792453184758266
"Item8",2.39942963495575,1.64188015402743
"Item9",0.887441234508143,-0.846867610168031
"Item10",1.23359896613324,-0.106446829036487
"Item11",1.65217539123755,0.836523533757368
"Item12",0.761713277114149,-1.4845973416856
"Item13",1.55647659185953,0.56701260741991
"Item14",1.87604466467257,1.0925172433565
"Item15",0.609631456401682,-1.11813118081544
"Item16",0.780227517310144,-1.63442066214699
"Item17",1.36637871404826,0.445134590676106
"Item18",0.929049380174269,-1.1394488467768
"Item19",1.08375630061703,-0.258089920309503
"Item20",0.62673072853501,-1.73933058815278
"Item21",0.598170274734016,-2.19267075526498
"Item22",1.9068536706781,1.15656762233404
"Item23",1.94218439463868,0.982118133420087
"Item24",1.1910901927646,-0.201304077019375
"Item25",3.0458643936857,2.14888532199057
"Item26",1.26629866984837,0.232282044653431
"Item27",2.64991054065198,2.0087723647209
"Item28",0.446859928278128,-2.09418777272845
"Item29",1.1070737544835,-0.427757517697115
"Item30",2.59800457109584,2.10543076194528
