"Items","Est.Discrimination.2PL","Est.Difficulty.2PL"
"Item1",1.33032267407487,0.0956797152188176
"Item2",1.72806091701256,0.780588407260902
"Item3",1.33635831514594,0.335789971930558
"Item4",0.538868334600534,-1.74371030440656
"Item5",1.12862607528817,-0.293229568256475
"Item6",0.58595311837541,-1.38128847728016
"Item7",0.659705720256585,-1.17467703513202
"Item8",0.744168825768632,-1.55281303439282
"Item9",0.693626130537709,-1.19744977572316
"Item10",0.642534839640488,-1.80273692403154
"Item11",1.25597658313626,0.276806047297623
"Item12",1.4155299496328,0.515241561925681
"Item13",1.13702001291813,0.0461545435988101
"Item14",0.391473429949164,-1.6424716765818
"Item15",1.4938240120422,0.47899803191971
"Item16",1.47862059170288,0.525839827187853
"Item17",0.892917850737059,-0.970674482287534
"Item18",1.18218898578542,-0.105578908377065
"Item19",3.01841950854117,2.2602223694818
"Item20",0.932620616198015,-0.544124016940792
"Item21",0.73698251233445,-1.20508281447425
"Item22",2.18818825637285,1.55890334486407
"Item23",0.968246976948104,-0.946172755814892
"Item24",1.79790771945385,1.01311989607889
"Item25",0.75356852642867,-1.34255735838036
"Item26",0.964558785897304,-0.472272529778929
"Item27",1.89736743787829,1.11761191869149
"Item28",2.73460196873611,2.17537664018242
"Item29",0.565351212415999,-1.55480756137006
"Item30",2.16363200421967,1.38874046183749
