"Items","Est.Discrimination.2PL","Est.Difficulty.2PL"
"Item1",0.447714602946323,-2.04745882930576
"Item2",1.48976904474221,0.359287874392083
"Item3",0.753988859413445,-1.12180183486282
"Item4",1.05711015032247,-0.545868685064632
"Item5",0.600393854328284,-1.80777689183067
"Item6",0.730859069802165,-1.9786201824231
"Item7",0.738819187033523,-1.20851923565556
"Item8",1.12963190209717,-0.39055023239932
"Item9",1.38554253757296,0.319311257269614
"Item10",1.57866585730058,0.788416231889563
"Item11",1.88683579042253,1.24912926353763
"Item12",1.40960338326717,0.51725006929587
"Item13",0.694441784822213,-1.66472257929499
"Item14",0.804540520722435,-1.01050389466871
"Item15",1.34363826327394,0.176167387653147
"Item16",1.7636935796721,1.1704662889795
"Item17",0.87070321191349,-0.897372645060156
"Item18",0.741693763364017,-1.01705286924449
"Item19",0.646869566530446,-1.53111118241072
"Item20",0.504825041637655,-1.66427485103677
"Item21",0.766437527801297,-1.38473656450054
"Item22",0.457458731326495,-1.97247927240014
"Item23",2.58893774348796,1.71766039959405
"Item24",0.469966272904059,-1.39208062088042
"Item25",1.56956086398566,0.724816726705617
"Item26",3.83386925838916,2.27346800499953
"Item27",0.395557875821928,-2.13702699807583
"Item28",1.73535652985502,1.0399064892936
"Item29",0.662314801939868,-1.39663241741516
"Item30",0.729427163493767,-1.03084777332943
