"Items","Est.Discrimination.2PL","Est.Difficulty.2PL"
"Item1",1.15924705868658,-0.203782745811348
"Item2",2.54984667930894,1.54819322633142
"Item3",1.0735613373695,-2.0151383253101
"Item4",1.11976769106502,0.804647054838701
"Item5",0.861537324704396,-1.76051206769192
"Item6",1.02151995154479,-0.0273643558165105
"Item7",3.13499376751156,1.83869002643794
"Item8",1.08451147593069,0.174835025175901
"Item9",1.11147532439831,1.37822490334031
"Item10",1.07099724174694,0.948552809380771
"Item11",1.13207122553778,-0.292563888798797
"Item12",1.01704312796315,0.181580519920184
"Item13",1.07115701657491,-1.03825210180457
"Item14",0.873819853470565,-1.13542368080875
"Item15",1.19539572252921,-1.6190605559223
"Item16",1.29926570066427,1.36686014648822
"Item17",1.0653519237563,-2.04187580726975
"Item18",0.763354565099988,0.107990383654774
"Item19",0.912073125545287,-1.05872094446834
"Item20",0.968058967615825,-1.11528527902833
"Item21",0.995259447617434,-1.45020509292606
"Item22",1.08858943758546,-0.587871020754664
"Item23",1.1074370158499,-0.628384870677126
"Item24",0.830808524779791,0.963266390143664
"Item25",0.94490603657647,-0.979508061891773
"Item26",0.751120614206552,-0.25351979225223
"Item27",1.16061915983096,-1.03308780080232
"Item28",1.64325521300926,-1.69901265649905
"Item29",0.882344819792499,0.0786926492684823
"Item30",1.18087323783312,-1.42728728951699
