"Items","Est.Discrimination.2PL","Est.Difficulty.2PL"
"Item1",0.876042052607229,-1.71079564767512
"Item2",0.4880380792254,-1.95330729930005
"Item3",1.12676511605906,-0.144799808903595
"Item4",1.40431565972515,0.586314213834159
"Item5",2.64839400283549,1.85736566893893
"Item6",1.47651111581744,0.683500939750483
"Item7",0.626286118848655,-1.49051980449922
"Item8",1.68158179538191,0.753927572893903
"Item9",0.528684877691525,-1.4826166845608
"Item10",1.05751649335714,-0.0550342776902405
"Item11",0.718061954266521,-1.09972114194246
"Item12",1.89215341865335,1.19675959040788
"Item13",1.03377191443165,-0.402281611961479
"Item14",2.16155842735693,1.69681489760692
"Item15",0.866323222345323,-0.560032177532305
"Item16",0.881284612746842,-0.651673170878727
"Item17",2.41145645016593,1.96278242938197
"Item18",0.613239739427247,-1.51422503590901
"Item19",1.17988528893537,-0.286420632914659
"Item20",0.918322093989441,-0.781672573644929
"Item21",2.02369108443645,1.44194638051252
"Item22",0.834598910538728,-1.27486733985992
"Item23",0.309188743306311,-2.53184212114278
"Item24",2.1580068669689,1.3142001195017
"Item25",2.38935320336442,2.07178012269706
"Item26",2.82041099138142,1.84968221001894
"Item27",0.44320984628121,-2.06654452101199
"Item28",1.58515487799877,0.511600912392499
"Item29",0.767131096072,-1.06655066705231
"Item30",0.335009589099038,-2.59453431819241
