"Items","Est.Discrimination.2PL","Est.Difficulty.2PL"
"Item1",0.663696549536025,-2.037602934819
"Item2",1.70719925627987,0.923672442932159
"Item3",0.61480168186503,-1.57212642686678
"Item4",0.38800264124749,-2.65555579121598
"Item5",0.682379427122992,-1.39974922236105
"Item6",0.764246286099922,-0.634158558409875
"Item7",1.55861886928492,0.820478955420869
"Item8",2.76337357263543,2.04537013319691
"Item9",1.93391165131238,0.885710054608978
"Item10",2.49637910916617,1.59529157693443
"Item11",0.396064882541482,-1.86270159420384
"Item12",0.921590430928026,-0.836017646754909
"Item13",2.14138953235293,1.61549514086122
"Item14",2.03887054241447,1.43073032466525
"Item15",0.771219393358592,-0.682474160001412
"Item16",1.95922487976672,1.31064181724101
"Item17",0.807736382881813,-1.44707041599002
"Item18",2.08073755777451,1.53061339839712
"Item19",1.21420994653984,-0.13163616602722
"Item20",1.89694769901537,0.984077370965036
"Item21",2.14401582618191,1.46390553859777
"Item22",1.90925023026381,1.17759979042044
"Item23",0.598196383229856,-1.51334314075247
"Item24",0.709359674100855,-0.795905883005744
"Item25",0.650966839581445,-1.05908479365488
"Item26",0.934711245209888,-0.541538625866919
"Item27",2.09177599749788,0.882608901232522
"Item28",1.64179454139311,1.01073735104255
"Item29",1.91146858296105,1.29683061983389
"Item30",0.550038904065361,-1.86048993819726
