"Items","Difficulty","Discrimination"
"Item1",-1.0711461736184,0.757503336068444
"Item2",-0.736080750892151,1.10627930240746
"Item3",0.100638597316772,1.86916050917636
"Item4",-0.843679910748556,1.36926079527083
"Item5",1.07478834196335,2.89650586300771
"Item6",0.675588648458224,2.4853820979034
"Item7",-1.33478345584389,0.376968510493217
"Item8",1.28661363851884,2.92670612914151
"Item9",0.985431516923092,2.76973516878932
"Item10",0.748636393303164,2.36401136093832
"Item11",-1.15325046134305,0.839845813171364
"Item12",-1.84995361396879,0.934991032299034
"Item13",0.314005789318374,2.18716532955696
"Item14",-0.492942204343731,1.22211855348618
"Item15",-1.74874590111829,0.795416746297739
"Item16",1.71127500739321,2.75384246445088
"Item17",0.977778081589645,2.42935569170479
"Item18",0.487346441173376,1.78997853048323
"Item19",2.2746324764392,3.34789123341253
"Item20",1.36713793855775,2.63118756158657
"Item21",-0.490318290403807,1.43784154855848
"Item22",1.98912625393986,3.35365525331492
"Item23",-1.53076307179142,1.03371052506126
"Item24",-1.19229952144927,0.977919598117788
"Item25",-0.418073120227744,1.41972167147655
