"Items","Difficulty","Discrimination"
"Item1",0.123822876839882,2.3833325546942
"Item2",2.45387496668956,2.8522452740098
"Item3",1.76623093869088,2.88011384422028
"Item4",1.73255147535772,2.98351537677604
"Item5",0.308121194390211,2.44871599744213
"Item6",1.41734659256744,2.49590859309054
"Item7",1.41214846687644,2.53265426114212
"Item8",0.966928616613484,2.86624210384271
"Item9",1.38556816275422,2.86291450080621
"Item10",0.710903849503319,2.60115941245286
"Item11",1.44536334018769,2.88251853448184
"Item12",-0.219449106855627,1.18590973513338
"Item13",1.30028033765354,2.93836038044346
"Item14",-1.94184030775651,1.07931818245354
"Item15",-0.575492608622104,1.19710395609755
"Item16",-1.10993159410061,0.799608268373243
"Item17",-1.80969751323077,1.15639394497403
"Item18",1.19340886335474,2.97444486221756
"Item19",0.690060477327485,2.63477941905468
"Item20",-1.11584232068762,1.26214134517207
"Item21",-1.66229347172992,0.814574948442197
"Item22",-0.212946939755182,1.64132692158065
"Item23",-1.15079407278768,0.913462272094609
"Item24",1.73074465624891,3.02762794067112
"Item25",-1.58516347387329,0.908923789743313
