"Items","Difficulty","Discrimination"
"Item1",-1.57082294703952,0.955343398699444
"Item2",1.22363032433752,2.542343791425
"Item3",-1.18021163502564,1.12318758696785
"Item4",0.474312828219698,2.09737616733323
"Item5",1.31455787656942,2.78154399321195
"Item6",0.668220280521263,2.77058577920557
"Item7",0.776241309534686,2.42638147177696
"Item8",1.65615379142591,3.03680510035452
"Item9",-1.97298194481385,0.8254629508403
"Item10",0.558920134359246,2.51052914626069
"Item11",1.13589069271295,2.67105468490527
"Item12",-2.11484349114746,0.268026935246271
"Item13",-1.2092447722617,0.976819182415875
"Item14",-1.60772430449841,1.06900588231546
"Item15",-0.0498336131954404,1.41728385956452
"Item16",-1.04722894781798,1.1177890073943
"Item17",-1.01423283441487,1.18131817941585
"Item18",-0.513084792548274,1.54907095685811
"Item19",-1.27888383507065,0.818842165794176
"Item20",-1.32679235897751,0.742859733084648
"Item21",-0.252654071696422,1.68978288942517
"Item22",-1.19466497433833,0.881628835255798
"Item23",1.27140397688066,3.24534348946346
"Item24",1.3680030149174,3.24753742683514
"Item25",1.80798231459376,3.05711291600779
