"Items","Difficulty","Discrimination"
"Item1",1.68460318954699,2.81067842234848
"Item2",-0.134222164832133,1.3812784402155
"Item3",-0.863465189844578,1.26951923253223
"Item4",-1.99594759259918,1.03111288417171
"Item5",0.0506785403586624,1.93931612529336
"Item6",-0.972155296326291,0.926434515553414
"Item7",2.17359366733587,3.12993671983774
"Item8",-1.79096945037746,0.13066052266487
"Item9",-0.467150022806504,1.1008989257824
"Item10",1.15346099727358,3.02262240524298
"Item11",-0.0845528125370337,1.53388322512004
"Item12",-1.31228695972666,0.162059760120455
"Item13",1.65598920687695,3.36231559807478
"Item14",0.629036823387393,2.09469169675586
"Item15",0.99109770286031,2.69068577114763
"Item16",-0.627974152014429,1.42931097990239
"Item17",0.568136513447559,2.71359851362757
"Item18",-1.36607394697831,0.468642071688054
"Item19",1.82288716501411,3.31471567259749
"Item20",1.41816270054403,3.07090148079819
"Item21",1.52448140497929,3.14319623783719
"Item22",-1.15049467219017,0.583201260016569
"Item23",-0.971581935483079,0.720709899876908
"Item24",-1.06098482318105,0.740952160578169
"Item25",1.66842332674952,2.56236867245751
