"Items","Difficulty","Discrimination"
"Item1",-2.05088710749227,0.656676413721719
"Item2",-1.04689439382695,0.823365046337259
"Item3",1.95463089923447,3.14769371457233
"Item4",-0.497514868734537,1.31910102379859
"Item5",-0.101844618470433,1.9871177330252
"Item6",-1.89733158973777,0.192370897616968
"Item7",-1.80574739508524,0.398547475158958
"Item8",-0.815339679112203,1.62600236727222
"Item9",-0.907659860203337,1.40001748381028
"Item10",-0.277583012220434,1.80817103305846
"Item11",-0.744809661389967,0.925893142294771
"Item12",-0.914079276426105,1.27892159356034
"Item13",-0.433204438139287,1.25534568039842
"Item14",0.949409884258749,3.06079573902559
"Item15",1.47882020158907,2.75460692353559
"Item16",-0.576396707918225,0.882234248213014
"Item17",-2.01587127742239,0.424563511868882
"Item18",-0.967710447453313,1.14103288834703
"Item19",-1.14739165184293,0.715969333325421
"Item20",1.43267259793254,3.20670364549374
"Item21",1.26303532792212,2.81414025756557
"Item22",1.1235586499084,2.93773602187168
"Item23",-0.229452595967686,1.4413717023116
"Item24",-1.0468264093323,0.666160097353211
"Item25",0.111688508099539,1.5001346176432
