"Items","Difficulty","Discrimination"
"Item1",1.80588276522844,2.66367031268589
"Item2",1.07476246603277,2.90789071038802
"Item3",-1.78670942790265,0.677018142450345
"Item4",0.020510195192387,2.04135903695458
"Item5",-0.356044559597015,1.87728308315778
"Item6",-0.0302972271849713,1.68681154565677
"Item7",0.946068000370889,2.73212851817321
"Item8",0.54472374921027,2.34037089032519
"Item9",-1.11780350218307,0.767628471315794
"Item10",0.769851592683569,2.15113060823706
"Item11",-2.29010196251838,0.377662636362546
"Item12",-1.02630611357264,1.07266974138712
"Item13",-0.30099416885424,1.53203306847716
"Item14",-1.88225672773603,0.409962800310534
"Item15",0.998408881705261,2.90744886222031
"Item16",1.14095455610873,2.62952314864586
"Item17",0.110812621815184,1.93729930719651
"Item18",2.27864844003191,2.93264295509928
"Item19",0.877340217299476,2.05845411575891
"Item20",-0.422462241940272,1.77726405411086
"Item21",-0.367041680713277,1.2448571812146
"Item22",1.05115655578649,2.84359501078023
"Item23",2.01462856858744,3.23094402769111
"Item24",-0.889234089594229,0.764870593655321
"Item25",-2.58331985868502,0.402290953214789
