"Items","Difficulty","Discrimination"
"Item1",1.5862226265857,2.96367160259796
"Item2",2.4982043265428,3.14184086672733
"Item3",0.701062226541271,2.64668750044479
"Item4",-1.29822528797206,0.693896790060129
"Item5",-1.44976316349272,0.798758514106425
"Item6",0.123723679332532,1.99520072674038
"Item7",-2.22981588095301,0.445919488599926
"Item8",1.50047843932336,3.05548462976147
"Item9",0.378738728623607,2.35352366789887
"Item10",-0.36127414903079,1.52257421769176
"Item11",-2.01778603714451,0.744806529296291
"Item12",-1.86615900399875,0.576234032677345
"Item13",2.04125311299914,3.06152654106753
"Item14",1.43860983259452,3.06031169198893
"Item15",-0.49162029199236,1.44589830886126
"Item16",-1.47973119945351,0.840864388731512
"Item17",-1.77521910130377,0.711220416551645
"Item18",0.63371215221586,2.34299136770381
"Item19",0.647133375793489,2.29724174547185
"Item20",1.25717204695385,2.96825558064652
"Item21",1.15276325976932,2.93793521908319
"Item22",-1.84485155359533,0.577037569264512
"Item23",0.685145550334247,2.44617289628612
"Item24",-0.688327502000726,1.23576581694756
"Item25",-0.697258646159119,1.32014061360755
