"Items","Difficulty","Discrimination"
"Item1",-0.302617993342287,1.22149815567311
"Item2",0.353672514237452,1.57638092965348
"Item3",1.84502862453114,3.28071141844176
"Item4",1.2271521538063,2.57007484854643
"Item5",-1.14642714456195,0.577428066117838
"Item6",-1.84064559294311,-0.52401366327082
"Item7",-0.74398681662517,0.787947293852394
"Item8",-1.42550191268459,0.0867743834665743
"Item9",1.65232745740694,2.76752656358849
"Item10",-0.530666489290872,0.968949356097118
"Item11",-0.14187483010089,1.016598413456
"Item12",-1.26242373593772,-0.170123523412434
"Item13",-1.32019565247947,0.238896687927652
"Item14",2.454283278694,4.01182643551221
"Item15",0.341834217230773,1.93979116519802
