"Items","Difficulty","Discrimination"
"Item1",-1.08023839788868,0.575373955499535
"Item2",-1.20529379959037,0.308665511345091
"Item3",1.07806083213883,2.63806946699342
"Item4",0.358539588522548,1.63478857420039
"Item5",0.493335603810519,2.29066330551262
"Item6",-1.26363164855309,0.318795926468753
"Item7",1.54532448685438,2.94539293212987
"Item8",0.161593602239411,2.0164631949809
"Item9",-1.33001200519003,0.293108288256984
"Item10",1.34777810458692,2.96810071613833
"Item11",-0.292258467511643,1.08003398744218
"Item12",1.95388567166648,3.63541029159475
"Item13",1.60352938310964,3.03748606478839
"Item14",2.095791447305,3.6283183085867
"Item15",2.22494076226005,3.55696528958533
