"Items","Difficulty","Discrimination"
"Item1",1.10719023989524,2.45172332340009
"Item2",-0.415251696180767,1.15966709001439
"Item3",1.56572901629109,3.24955989908339
"Item4",1.82498479615057,3.30511534004614
"Item5",0.517183561540723,2.143706536142
"Item6",0.827517693334848,2.22459974102843
"Item7",-2.09406297589186,-0.639873645937878
"Item8",-0.234785282323982,1.06998365531595
"Item9",-1.89775217425503,-0.269840324339928
"Item10",-1.57021784056248,-0.0524110267251455
"Item11",2.08450235423059,3.59583305635943
"Item12",-0.198629454180589,1.30149787003536
"Item13",0.940179862310808,2.39226567860211
"Item14",-0.916550162595123,0.603806251533188
"Item15",1.58173198211329,3.08010114783357
