"Items","Difficulty","Discrimination"
"Item1",2.42491819762152,4.10981400675722
"Item2",-1.08564010083755,0.463524206531195
"Item3",-2.95149367397464,-1.43664186136599
"Item4",-0.627283157626644,0.898097843457162
"Item5",-1.06034115365689,0.481565387759107
"Item6",0.215857499048971,1.8540320514049
"Item7",0.782387322761414,2.01741222548869
"Item8",2.0111773952863,3.64319630712811
"Item9",-1.48858288177633,0.189627583547254
"Item10",-1.11323519906235,0.583990560215351
"Item11",0.460332596306838,1.98042778790759
"Item12",-2.38364587847947,-0.894053745167921
"Item13",1.92044089019742,3.33847831849183
"Item14",-2.25601923892521,-0.263725106801667
"Item15",-1.50374309221813,0.283642483157978
