"Items","Est.Discrimination.2PL","Est.Difficulty.2PL"
"Item1",2.51613208208825,-1.98925599813496
"Item2",1.02474001555598,1.126565353824
"Item3",1.40996460931595,-0.044342527257494
"Item4",0.696495365278481,1.51455929551951
"Item5",1.60602465976078,-0.0636292710645711
"Item6",1.77768294125677,-1.36624897934263
"Item7",1.43394478863651,0.66017258110561
"Item8",1.7498857799794,-0.153577891723779
"Item9",1.31459023816162,1.02706111203452
"Item10",3.30638441233648,-2.11684344970486
"Item11",2.91453929689093,2.5567290403455
"Item12",0.93309902271245,-0.0132288809261658
"Item13",1.82232547202273,-0.0230619987880675
"Item14",2.94058637605401,-1.63527282361153
"Item15",2.35128609630359,1.04546727731626
"Item16",2.15941155665288,0.380619790119116
"Item17",2.70203145399492,-1.98423583664324
"Item18",3.07247774792115,1.98557297123753
"Item19",0.865099795631407,-0.00876350580075536
"Item20",2.81232243009453,2.21510877698674
"Item21",0.707114864192559,0.283426177383477
"Item22",1.37584596066404,0.374821916534595
"Item23",2.141205677358,0.714278641898647
"Item24",2.88219692587855,1.81845102507909
"Item25",2.90691614690197,-1.86692214533374
"Item26",1.65122233088998,-1.25404805506191
"Item27",1.87338980977855,0.0534403378014649
"Item28",1.59108704182004,1.32639174670492
"Item29",1.15930517533585,-1.00510751389489
"Item30",2.04797689764391,-0.0516904342414127
"Item31",3.03722773295252,-2.13913254951478
"Item32",3.22162270038602,-2.01636430708811
"Item33",1.20136381119954,-0.250091792259509
"Item34",3.13513672334613,1.60655445167238
"Item35",1.80183366478986,0.573877980991203
