"Items","Est.Discrimination.2PL","Est.Difficulty.2PL"
"Item1",2.47785795844973,0.619863713019539
"Item2",1.35875655027014,-0.178673081792963
"Item3",1.92097159489972,0.060558747288056
"Item4",1.11329123671245,-0.26187415929324
"Item5",3.19259732264851,1.8617138028049
"Item6",2.93407647516232,1.7570638959145
"Item7",3.53916275836093,1.66511112515492
"Item8",2.48001653326141,-1.45440999811511
"Item9",2.71551286481702,1.73915075002689
"Item10",2.99468005608725,1.98298055237701
"Item11",1.66360319190009,-1.34511257045139
"Item12",2.69902107830115,1.04814492175872
"Item13",1.82047511496406,0.472171542145848
"Item14",3.0942228693065,-2.21561892588344
"Item15",1.61238547379843,0.221343448913137
"Item16",1.71288302800184,0.0346854507406471
"Item17",2.56556037817257,1.80900775765457
"Item18",0.946304899070841,-1.35472379424043
"Item19",1.33854547994644,-1.15181254083106
"Item20",0.961028562247421,-1.14315016689241
"Item21",1.67471232607795,-0.949474466142898
"Item22",3.08879271397128,1.52664445694248
"Item23",1.63459625087871,-0.70686796911271
"Item24",2.12321397650475,0.566563109830261
"Item25",1.84345380400173,0.853088260315313
"Item26",2.95461189478796,2.33140335736476
"Item27",1.57415058787418,-0.992388254009731
"Item28",3.18880931493132,-2.14487597793892
"Item29",2.7171948034864,2.50647414109988
"Item30",2.88118404167899,1.60371465061773
"Item31",3.11472211825809,1.72103071499472
"Item32",1.13006306426578,-0.067955626640416
"Item33",0.951265786771419,-0.457765459562789
"Item34",3.07591773120937,-1.83195638642933
"Item35",3.13134545915746,1.85951469729633
