"Items","Est.Discrimination.2PL","Est.Difficulty.2PL"
"Item1",2.95521777393045,-1.58475582211272
"Item2",3.44205302397919,-2.15356769581807
"Item3",2.93424379991105,1.51849423260134
"Item4",3.30898598704634,1.93281896726366
"Item5",0.993262083961252,0.129231230017671
"Item6",2.14144564827694,0.652986817866044
"Item7",3.04013829420532,1.65364106396067
"Item8",1.0398918895362,0.43938229313077
"Item9",1.35342339410304,0.570962837090005
"Item10",1.87023400301374,-0.907171639387682
"Item11",2.88516288291794,-1.96635441267017
"Item12",2.09900478729574,-1.2047127988454
"Item13",1.41591653353612,-1.34031354659766
"Item14",1.42450237290729,-0.741604265790306
"Item15",2.95025063121927,-1.72301966863177
"Item16",3.10485580952566,-2.2467651607742
"Item17",1.29322927985285,-1.17739648260443
"Item18",2.18425408222806,-0.0266814454577478
"Item19",2.77277662016673,-1.65071548180355
"Item20",3.20866838541902,-1.66559899174528
"Item21",2.78891023472233,-1.91298454576481
"Item22",3.03952506606552,-1.71634175696827
"Item23",1.13249702168597,0.618317955273878
"Item24",1.34657846766946,0.255093684178939
"Item25",1.12343479776909,-1.60967798797539
"Item26",2.03862107746147,1.41026046524109
"Item27",1.4195484989502,-0.641500636481842
"Item28",2.43557247184237,-0.275576087896924
"Item29",1.12991770432084,0.0898446741010431
"Item30",1.4639529942789,1.30833810907893
"Item31",1.54185637826796,1.31793111748979
"Item32",2.81334549288764,-1.75173752389402
"Item33",0.937848595004933,0.931550733854564
"Item34",2.98364739699126,-1.89196305845851
"Item35",1.96541097602978,1.23588136018704
