"Items","Est.Discrimination.2PL","Est.Difficulty.2PL"
"Item1",2.81154573757356,2.13672513687118
"Item2",0.672076209773962,-0.75437642092956
"Item3",1.28907614387662,-0.102289564135751
"Item4",1.22581723572227,0.539673230761686
"Item5",1.24221919353692,0.95192009783081
"Item6",1.88958561188061,0.983991207699683
"Item7",3.28704170685557,-1.73054394103709
"Item8",1.70872655765971,1.22898800592405
"Item9",3.13065396415355,-2.25057614645589
"Item10",2.98151569194496,-2.47825015478886
"Item11",3.5807828020488,1.64461889987799
"Item12",1.73124414570752,-0.801969903956971
"Item13",1.29600739070759,-0.190894140925179
"Item14",1.21639111662998,0.4938411655679
"Item15",2.87760308721028,-2.39525360812318
"Item16",1.74906224041088,-0.882667615421647
"Item17",3.29955990952998,-1.77763877451631
"Item18",1.74718506420793,0.598279848690519
"Item19",2.93423370302369,1.57337816821171
"Item20",1.55594497350646,-1.06243195129614
"Item21",2.92989038694082,-1.56682276637194
"Item22",1.12552659568443,1.00299113072249
"Item23",2.67564156179794,1.93235807446275
"Item24",3.0209267684435,1.95854770404247
"Item25",2.93442944374807,1.99599022193945
"Item26",0.931765749507027,-1.25703203793022
"Item27",3.26200324247292,1.73553513969425
"Item28",1.45697363829582,0.367210914856544
"Item29",1.37072996654869,-1.49057493913621
"Item30",2.5274000359275,1.17152824992078
"Item31",1.70533629311837,-0.908896559798353
"Item32",2.8826407275777,-1.64288993136196
"Item33",2.69231937402938,-2.00869186041217
"Item34",1.48717227868444,-0.770332889879526
"Item35",1.56041315353225,0.387112343613117
