"Items","Est.Discrimination.2PL","Est.Difficulty.2PL"
"Item1",2.47212034991275,-1.53513805296426
"Item2",1.74652032493017,0.767277895397165
"Item3",1.09356209251832,0.279843809874884
"Item4",2.43112851611524,1.33819216636918
"Item5",3.13973854786618,-1.60185229320393
"Item6",1.66202364408996,0.821183536315871
"Item7",3.25600291377524,1.84005536966021
"Item8",2.94881161331646,1.73126329939071
"Item9",1.53655376078822,-0.605441708874385
"Item10",1.04746652093169,0.465599632298893
