"Items","Est.Discrimination.2PL","Est.Difficulty.2PL"
"Item1",1.48925198336583,-0.496597079956475
"Item2",1.84999863155643,-0.0524662595947741
"Item3",1.90629364044551,1.42193954828677
"Item4",1.9251389585154,0.751190662695133
"Item5",1.10379992845338,-1.02221616232323
"Item6",1.89009099313825,-1.46627539167512
"Item7",2.74374687861323,0.622941315369209
"Item8",1.31903066021833,-0.512571309917288
"Item9",2.43187405849933,0.901326129192402
"Item10",2.80922258493062,2.721398520851
