"Items","Est.Discrimination.2PL","Est.Difficulty.2PL"
"Item1",1.49696458412559,0.407741452218236
"Item2",2.74628685347308,1.48588834476346
"Item3",2.26156359688632,1.18550524403206
"Item4",2.69226639122208,1.40582427479076
"Item5",1.31534984081044,0.688914701162685
"Item6",0.957515294037165,0.212168821228278
"Item7",2.53556008717826,-1.24888241841919
"Item8",1.39120071747374,0.294246590172272
"Item9",2.38155058214627,1.1770082031929
"Item10",2.44636077285135,2.58450830909021
