"Items","Est.Discrimination.2PL","Est.Difficulty.2PL"
"Item1",3.61682538191665,-1.61613235439689
"Item2",2.03510889496128,1.41587613228902
"Item3",2.88213592909574,2.19152912377803
"Item4",1.68618110276012,0.0617679519261318
"Item5",1.84145690553803,1.02987995923157
"Item6",3.20548305859984,1.54244512158092
"Item7",1.43254199725577,-0.138820732355955
"Item8",2.33773614337655,1.4042575476523
"Item9",1.50410499608876,1.08859271088714
"Item10",0.367500077721401,-0.522886573768986
