"Items","Est.Discrimination.2PL","Est.Difficulty.2PL"
"Item1",3.29032898660308,-1.772151869814
"Item2",1.93295291005041,-0.580538244204147
"Item3",4.72998978507548,2.19003649014268
"Item4",0.862647483753064,1.22666083714149
"Item5",1.42540067922502,-0.768307858229242
"Item6",1.52040951775421,0.249517203685699
"Item7",1.70062425871406,1.0755445943083
"Item8",1.36360534747989,-0.715986410136206
"Item9",3.00008959652354,1.68693145110125
"Item10",3.31892198016451,1.61265441633107
