"Items","Est.Discrimination.2PL","Est.Difficulty.2PL"
"Item1",2.6194056127871,-1.51633293606659
"Item2",2.57880731398634,-1.2866846083015
"Item3",1.82348848699491,1.10948096126123
"Item4",1.84676415967261,0.956692575731484
"Item5",2.15366880228949,-1.14311812697046
"Item6",3.16168082166553,2.52790284327493
"Item7",1.27683414668013,0.682604973568342
"Item8",2.09473443392571,0.911493348398105
"Item9",0.901176104175989,-0.0124475963627315
"Item10",3.12507566886808,-1.87250548080735
