"Items","Est.Discrimination.2PL","Est.Difficulty.2PL"
"Item1",0.617514685607402,-1.17852116649529
"Item2",1.1780931696109,-0.334258925563592
"Item3",0.92973196148976,-0.541653661894593
"Item4",1.06668776851679,-0.284110214752459
"Item5",0.567367447857192,-1.92596553178379
"Item6",0.980631225897498,-0.156653774974074
"Item7",1.61178105448652,0.444016906668371
"Item8",2.10596418990429,1.27235470614534
"Item9",1.46167225855362,0.301782436259712
"Item10",1.89386871852462,0.9799450185263
"Item11",0.753665158034351,-1.28198100065227
"Item12",0.632658494743525,-1.6804037523739
"Item13",0.826152893672783,-0.761883765826425
"Item14",0.299181139316937,-2.24273126738459
"Item15",0.745174839903916,-1.13445295278291
