"Items","Est.Discrimination.2PL","Est.Difficulty.2PL"
"Item1",0.921465582299646,-0.440432705229987
"Item2",2.4174930939615,1.7535359296235
"Item3",2.22200012394355,1.56986654149945
"Item4",0.887628262395517,-0.957669320385769
"Item5",0.728179735015438,-1.06116511609817
"Item6",2.16586510849334,1.40123504812542
"Item7",1.525183440737,0.542159197678124
"Item8",1.95397390717097,1.40190407020105
"Item9",0.411860486874527,-2.46609534716992
"Item10",1.11852347975326,0.213699639456014
"Item11",1.16516272597317,-0.251040290377217
"Item12",0.5483310410731,-2.02426391660098
"Item13",0.325384349556026,-2.02496886655857
"Item14",1.32095920048045,0.134400331246693
"Item15",2.72283016268074,1.88769822633077
