"Items","Est.Discrimination.2PL","Est.Difficulty.2PL"
"Item1",2.92929129907906,1.92684901016335
"Item2",1.22223494048704,-0.358861050148525
"Item3",0.76825241645103,-1.15032085444975
"Item4",1.04079635604419,-0.399257149343799
"Item5",1.3217356706933,0.522311836424258
"Item6",0.413668840853982,-2.48907035314136
"Item7",0.471596081743402,-2.82921562514512
"Item8",0.957569306898002,-0.459067200799844
"Item9",2.01757208235733,1.56389400164379
"Item10",1.16370936377501,0.011705450996965
"Item11",1.41087950281705,0.280223524902183
"Item12",2.75862520427379,2.35880481742246
"Item13",0.804159287698868,-0.784140037363154
"Item14",0.602574938396992,-1.92560816139988
"Item15",0.773081484576201,-1.13120004820259
