"Items","Est.Discrimination.2PL","Est.Difficulty.2PL"
"Item1",1.73960565593901,0.760076011037615
"Item2",0.972996786751489,-0.796819947296419
"Item3",1.14357062326887,-0.457212023355005
"Item4",0.963762412882744,-0.833952706713285
"Item5",0.593610620624549,-2.11511269356594
"Item6",2.54714161728344,1.67573480732834
"Item7",1.00960808395116,-1.01642065955638
"Item8",0.853226655762863,-1.00827842023004
"Item9",2.273114577491,1.28586467412105
"Item10",1.47361788938781,0.862301713877077
"Item11",1.13799170749766,-0.354506803178185
"Item12",2.19784569706784,1.4679663260454
"Item13",1.14267968482062,-0.179641118259708
"Item14",0.506945988414659,-1.79971648084873
"Item15",0.96257684756134,-0.992587505848103
