"Items","Est.Discrimination.2PL","Est.Difficulty.2PL"
"Item1",0.797471257446374,-0.144863171109067
"Item2",0.879047332618632,-1.53435406441187
"Item3",3.04419713737219,1.48349853878697
"Item4",1.26871270116432,0.674340159530335
"Item5",1.27684219468137,0.178999804580679
"Item6",1.08659136729209,0.800721860567392
"Item7",1.0395969253882,-1.47127696038031
"Item8",1.07351229312762,-0.217126222514429
"Item9",0.888594300712167,1.0912317088702
"Item10",0.999621648393394,-1.14470280745174
"Item11",1.02601389654364,1.16417722696023
"Item12",2.45894981090477,1.79820330320673
"Item13",1.10714129391737,-0.350936491279299
"Item14",0.838952874011012,-0.845845987129877
"Item15",1.1371317370078,1.0001379506749
