"Items","Est.Discrimination.2PL","Est.Difficulty.2PL"
"Item1",0.644799371605123,2.57137579471036
"Item2",1.58065861583768,1.13996396813567
"Item3",4.44825782464188,-1.09632842053875
"Item4",2.34139853053088,-1.45864041463114
"Item5",1.67079598761723,-0.421528063719147
"Item6",-0.0220199994453273,-0.906492528387852
"Item7",0.590606335059224,1.59716008937653
"Item8",1.13772765551911,-1.55717503213822
"Item9",2.54983420030024,1.69526445203865
"Item10",1.77539214468386,-1.15796046201793
