"Items","Est.Discrimination.2PL","Est.Difficulty.2PL"
"Item1",1.68919606759048,1.7887929559715
"Item2",0.347000500100575,-0.66718822561014
"Item3",1.63623039716846,-0.0852804016852168
"Item4",1.26157114167804,0.747810556204972
"Item5",0.664409959237045,0.767746476821278
"Item6",1.90124540360401,-0.562716580488228
"Item7",0.937958658746974,0.797508709511399
"Item8",1.99329480176418,-1.49983173218317
"Item9",2.47296576811481,-0.796857094284328
"Item10",1.71288558866854,0.541842670983808
