"Items","Est.Discrimination.2PL","Est.Difficulty.2PL"
"Item1",3.56487499274071,-0.993595004007412
"Item2",0.498537538921419,-0.598244110856242
"Item3",0.630311596378157,1.43069617356881
"Item4",0.668516688926172,0.975161901094768
"Item5",1.97288475111456,0.955163200578142
"Item6",1.48919041642858,-1.52078473203124
"Item7",2.89689456461905,-1.02933168022244
"Item8",1.95336432388536,-0.644253232569021
"Item9",1.51733370212047,0.735552265999611
"Item10",0.0807643159777223,-0.545740878894272
