"Items","Est.Discrimination.2PL","Est.Difficulty.2PL"
"Item1",0.386375669125893,-1.05108249705107
"Item2",3.34186251931895,-0.40795885556297
"Item3",2.6843086172059,1.86098925246815
"Item4",2.82319579472361,-1.44728581573964
"Item5",1.5583228482244,0.802792390789441
"Item6",0.605342289449588,1.91422493730863
"Item7",-0.0984685624447532,-0.171021466229567
"Item8",1.86219994261891,1.34508444623697
"Item9",1.43655724483977,-1.03763346193678
"Item10",2.43341969796106,-1.50085629183648
