"Items","Difficulty","Discrimination"
"Item1",2.03162056494456,3.56286911402936
"Item2",-2.46157351502088,-0.788686124421439
"Item3",1.89207767302175,3.36424149660069
"Item4",-2.08004475775205,-0.511282030364948
"Item5",1.04715273581111,2.51398292553118
"Item6",-0.72082599546128,0.841071343694566
"Item7",-0.200823329292264,1.20204047687512
"Item8",1.16185900570767,2.66577951899135
"Item9",0.607248304208076,2.23846193126978
"Item10",-2.26765460479901,-1.01805429344904
"Item11",-1.58249812104841,-0.081497341713857
"Item12",-1.35457897513616,0.0430646944646013
"Item13",0.149585698254978,1.86877252678912
"Item14",-1.13982528651784,0.426307725836089
"Item15",-1.46136716941792,0.0479721745936736
"Item16",0.369192795029727,1.74140763471696
"Item17",1.67941706169654,3.11230095756419
"Item18",-1.43462882785117,0.258209249042842
"Item19",-0.69396813396933,0.878485141749913
"Item20",1.32633651243405,2.79993953871916
"Item21",0.658288753331571,2.2444626343159
"Item22",1.53503665231014,2.91273937228931
"Item23",-1.05665736410491,0.508541164417432
"Item24",-2.24757579805119,-0.566917074809058
"Item25",0.884808450650642,2.28670190459078
"Item26",1.45929239771004,3.08121523018538
"Item27",1.33897776893074,3.01418464052455
"Item28",-0.90416683748451,0.563337299804353
"Item29",0.825922301785834,2.16429162220666
"Item30",2.10666295600439,3.45999256447541
"Item31",-1.68905993243032,-0.293658075341858
"Item32",1.66327142286702,3.35725371607991
"Item33",-1.45577364056064,0.0847793235562936
"Item34",0.838825588990151,2.14939837201218
"Item35",0.482166740004603,2.16138958210882
