"Items","Difficulty","Discrimination"
"Item1",1.6466097187903,3.17547389212435
"Item2",0.524648288030476,1.85382572048372
"Item3",-1.81963269153372,-0.328816409953352
"Item4",-1.69560053734792,0.0683489950653112
"Item5",0.548483782090633,2.22048947052594
"Item6",-0.0682981886555755,1.57334723642139
"Item7",-2.0982525435697,-0.551355363859752
"Item8",0.729149684050841,2.05730041892918
"Item9",1.4624862787582,3.02663685997295
"Item10",1.07748656182173,2.70269662613703
"Item11",-0.731588478498994,0.883507969256477
"Item12",0.236165110970545,1.83673753906391
"Item13",1.69736774011276,3.11927223454406
"Item14",0.9720566751053,2.55884188844691
"Item15",0.557570497230021,1.94249458227403
"Item16",0.512541109475139,2.01075919086726
"Item17",1.13801346806101,2.52096852949568
"Item18",0.664019105446111,2.13181532354981
"Item19",-1.332070648353,0.0517537792237461
"Item20",1.65256495582319,3.17551325508148
"Item21",0.200603159941547,1.87163280762263
"Item22",1.56805137871211,3.11994584098835
"Item23",0.272131832357276,1.76527546041276
"Item24",1.40685971229307,3.10683394950114
"Item25",-2.15931124816492,-0.771874314541259
"Item26",1.79465084175552,3.2117498170377
"Item27",1.39762230325416,3.00631322983771
"Item28",0.154526071863188,1.66265831415306
"Item29",1.37475157065921,2.92846952626493
"Item30",-2.0235741680031,-0.472748981462282
"Item31",-2.39256961086383,-0.884415791761211
"Item32",-0.974995583765746,0.442372632529712
"Item33",1.15890419180368,2.64534193409144
"Item34",-1.42706773657402,0.189151983407087
"Item35",-1.75346291660391,-0.346598812616083
