"Items","Difficulty","Discrimination"
"Item1",1.74320444393631,3.15271858025484
"Item2",0.666311250489753,2.18623328524803
"Item3",-1.41440255124913,0.134889702899054
"Item4",0.297241666295396,1.63924234321357
"Item5",0.609671839046446,1.97092515871899
"Item6",-1.59606739584931,-0.1466024111301
"Item7",-1.32227609101211,0.241215995389499
"Item8",-0.24174102474241,1.34867601113894
"Item9",-1.81445919721233,-0.401529805254178
"Item10",-1.48971044252304,0.167736616272543
"Item11",0.663579135219881,2.26003255433077
"Item12",-0.153239844049168,1.38351555050759
"Item13",-2.10798190556532,-0.708364646497087
"Item14",0.384092281305244,1.90290038997573
"Item15",0.705974076229148,2.08501659268534
"Item16",1.13305978374608,2.63393112960984
"Item17",-1.05516776909756,0.641605467048834
"Item18",-2.15691662027954,-0.564012518920555
"Item19",1.01202566816933,2.43378285402889
"Item20",0.377386887632102,1.74777699643181
"Item21",-1.45811190939017,0.121103683336153
"Item22",-1.54361360048122,-0.0806537720325838
"Item23",-1.43623845403747,0.0444649128039841
"Item24",2.37275444025589,3.92903584004406
"Item25",-1.16882224552414,0.358249812205437
"Item26",0.0588996518698416,1.52040666075405
"Item27",0.862082375772455,2.18974300008344
"Item28",-0.509345283142914,0.968568959970679
"Item29",0.608892442981471,2.06223482598195
"Item30",1.29089061053412,2.70159852984174
"Item31",1.15945432900554,2.60451654983738
"Item32",-1.06143247926078,0.661645634427324
"Item33",-2.45847934298203,-0.93379171474899
"Item34",1.24514678391032,2.6161617268562
"Item35",-0.605439750408453,0.771989109297143
