"Items","Difficulty","Discrimination"
"Item1",-1.31477287947624,0.0830142509915399
"Item2",0.931819410687336,2.57478083375132
"Item3",-0.345016076542187,1.16848343660721
"Item4",-0.64204008586259,0.80417967436372
"Item5",1.57132684423655,2.9862798504053
"Item6",-1.44343708112131,0.0473592281608603
"Item7",0.31167827442679,1.87153800461601
"Item8",0.651043119432029,2.24257830349427
"Item9",0.916618439835974,2.59931416539294
"Item10",-0.372879131618875,1.01131580265887
"Item11",-0.810136869048865,0.688481235781537
"Item12",0.432096073567994,1.83087309736862
"Item13",-0.666800401214239,0.868519108138232
"Item14",-2.0211836257067,-0.527080737632674
"Item15",1.56357558718568,3.1790832158887
"Item16",1.34312573642143,2.91502962109625
"Item17",-0.643482287507184,0.86396970649584
"Item18",-0.587380891186601,0.701765291827874
"Item19",-0.778522674053106,0.664289088682326
"Item20",-1.22018395206796,0.161920086773765
"Item21",-1.88351996634321,-0.349025983889779
"Item22",0.506796092174036,1.85537753309486
"Item23",-1.36949702647103,0.0909732557484167
"Item24",1.31251784794749,2.75189395495667
"Item25",0.477810298361001,1.95952948794267
"Item26",0.84048596587802,2.51090116683743
"Item27",-1.00311697269995,0.661623390711224
"Item28",1.20131224465915,2.80376080257279
"Item29",-0.668823722380462,0.801351147328685
"Item30",-1.38242296648052,-0.0151340513063136
"Item31",-2.29306656588929,-0.795027637904199
"Item32",0.510872756055965,2.06932906639683
"Item33",0.828421650864595,2.45095145399151
"Item34",-1.42026498313329,0.170634668392837
"Item35",1.22009981368426,2.71527655835582
