"Items","Difficulty","Discrimination"
"Item1",1.25394292204985,2.56874609177645
"Item2",1.43890481612055,2.88158379988127
"Item3",-0.211371240194918,1.34597022873991
"Item4",-1.44282723826591,0.215626715617258
"Item5",-0.653525146416402,0.891331598096763
"Item6",-0.185798048413846,1.37901462595577
"Item7",-1.50219426148062,0.111393610736808
"Item8",-0.450433546072071,1.17262894315374
"Item9",-1.39902608919532,0.0330796268566149
"Item10",1.30713527278008,2.85977528919057
"Item11",1.98798861791849,3.35924525499702
"Item12",1.80769667959332,3.37327125116398
"Item13",0.648930178135585,2.36871475735308
"Item14",-0.5933037807105,0.963871327645916
"Item15",-1.82727632291997,-0.398221417578248
"Item16",-0.648653557086668,0.819659601902445
"Item17",-0.0228691511985414,1.37510971020034
"Item18",-0.412086258333247,0.89415754150036
"Item19",0.792505469369083,2.44235167040709
"Item20",0.0588955876586352,1.56645252248638
"Item21",1.66309966558785,3.15440575729348
"Item22",-2.09345626224793,-0.334417003371484
"Item23",1.39685248101655,2.89064022531032
"Item24",2.44351271386225,3.94184932840272
"Item25",1.2106181030604,2.36068646650999
"Item26",-1.54163011707455,0.0713983334292304
"Item27",1.03765295891833,2.70751910368735
"Item28",2.26028735518962,3.90450912748585
"Item29",-1.46391459568703,-0.0034592873983413
"Item30",-1.59839809234851,-0.0342835652931345
"Item31",-3.14993227760426,-1.62374344605044
"Item32",-1.42236278548029,-0.0729093047608809
"Item33",0.880033189107683,2.13854333611075
"Item34",-0.32337204099732,1.10830771844816
"Item35",1.90095616336561,3.33792022258694
