"Items","Difficulty","Discrimination"
"Item1",-0.502370278660082,1.12812899979362
"Item2",1.87133876787506,3.37777097875712
"Item3",-0.869304108484726,0.777180550815511
"Item4",0.399640910097704,2.01481329557867
"Item5",-1.03214693546929,0.552739797757586
"Item6",-0.565146922053544,1.13123623545022
"Item7",-2.11323584903592,-0.836800175783129
"Item8",-0.889076751878296,0.341229256991872
"Item9",0.599358280437886,2.05553419856311
"Item10",1.35076388340091,2.72770355434392
"Item11",-2.10841475392523,-0.619489222336496
"Item12",-1.90569345848347,-0.576300528532016
"Item13",-1.54110423796702,-0.0417522199686834
"Item14",-0.0624302839232075,1.44272309091768
"Item15",-1.36670961702637,-0.0876846359512063
"Item16",-1.19463618932794,0.127753533526372
"Item17",-1.43289062202363,0.190726107322654
"Item18",-2.22476052501326,-0.776890135380551
"Item19",1.21458375625787,2.59677198342219
"Item20",-1.50100935870775,-0.010292107506451
"Item21",-1.57142792650418,0.0852248676594516
"Item22",1.36872379043185,2.86842795332513
"Item23",1.65813783206106,2.95034606391587
"Item24",-1.87916154258312,-0.594640873969441
"Item25",-1.52978916350063,0.176142158722159
"Item26",0.506886840069978,2.02083788382679
"Item27",-1.40862018703768,0.220089069731463
"Item28",-0.736531831188084,0.845142359410654
"Item29",0.563058150079176,1.98458597554757
"Item30",1.71471536905011,3.522635259974
"Item31",0.792245060218384,2.21863713493082
"Item32",-1.07615862251142,0.490856255702325
"Item33",1.30222296287874,2.80328738744269
"Item34",-1.32207300278093,0.108902474666267
"Item35",-2.45970107616717,-0.974247324747739
