"Items","Est.Discrimination.2PL","Est.Difficulty.2PL"
"Item1",3.12136514636317,-1.80748441706538
"Item2",1.13893014992582,-0.257503693420867
"Item3",2.35982059375183,-1.09332105630173
"Item4",2.3221117319308,-0.219499665260756
"Item5",1.43778364407987,1.2339510742915
"Item6",1.94878310875373,1.44308486239874
"Item7",2.03437232260991,-0.708050921510564
"Item8",1.33272733355331,0.606293020832941
"Item9",1.03559013921614,1.52136413504619
"Item10",3.07527991078253,1.56675259339718
"Item11",2.86608488609322,-2.42884782767447
"Item12",1.28262338593313,-0.0322924155447005
"Item13",1.55126536014459,0.987115192155173
"Item14",1.32297853518964,-0.768763528743321
"Item15",0.688870648546275,-1.02174735724602
"Item16",1.99947781641629,-0.853147718524172
"Item17",1.06152488557137,-0.882206630005833
"Item18",1.09082306789109,0.591253959290889
"Item19",1.46982741686941,-0.962014380628156
"Item20",1.48868793022148,-0.840391798585262
