"Items","Est.Discrimination.2PL","Est.Difficulty.2PL"
"Item1",1.59843211765677,1.25557557079508
"Item2",1.07496232422513,1.24948135767469
"Item3",1.95108929572236,1.26156072183204
"Item4",0.0171898759673827,0.651681319991658
"Item5",1.29766624649959,-0.481960931202769
"Item6",1.30770700143897,-0.980742300821162
"Item7",2.87574127211498,-1.61226724450441
"Item8",1.18453446220559,0.17422724961403
"Item9",2.60744756471018,2.05290494880923
"Item10",1.54899508044996,-1.08725870923448
"Item11",3.09555264499055,-2.55286151124527
"Item12",1.76930615122699,1.36990699918908
"Item13",2.87573432830428,-2.822397207918
"Item14",1.6944595772588,0.656646679334545
"Item15",2.86702420470164,2.24218679619202
"Item16",2.63593669575546,2.01267890393751
"Item17",2.81517271661396,-1.92883368506427
"Item18",1.97138025953357,1.07064260281078
"Item19",3.16631088315895,-2.44733881506072
"Item20",3.28081208258301,2.14603234573413
