"Items","Est.Discrimination.2PL","Est.Difficulty.2PL"
"Item1",1.30632048842477,-1.5422529182699
"Item2",1.40300544238103,0.771927292013879
"Item3",1.66380446336677,0.962462065001877
"Item4",1.63678526141423,0.744076329474546
"Item5",1.65221760654541,0.590138581045196
"Item6",0.733515316107827,-1.25434038080878
"Item7",1.43284250439882,0.385685909132972
"Item8",2.87075048091021,2.38050955679901
"Item9",1.18006114512055,0.838411485406276
"Item10",2.98700764233841,1.87693832340657
"Item11",0.688407071599478,-1.55101521697282
"Item12",1.23540715006264,1.50050492574682
"Item13",1.55902936854622,-1.09592950059082
"Item14",3.9610046760212,1.94039640416799
"Item15",2.59552279383344,0.838012261309684
"Item16",1.75240151666092,-1.22867416190756
"Item17",3.14653853023589,2.10107495844053
"Item18",3.32400455996966,-2.10439528132023
"Item19",3.32671059631022,-1.72069795395987
"Item20",2.22209198101282,1.13501935268736
