"Items","Est.Discrimination.2PL","Est.Difficulty.2PL"
"Item1",2.92398364197709,-1.65509016944853
"Item2",0.687576018347162,-0.501350933458649
"Item3",1.01667678151902,0.326851306003804
"Item4",1.80811935466445,1.41687009404051
"Item5",2.78689605681348,2.02351895569324
"Item6",1.51504470591628,-1.58864331647313
"Item7",2.211657555834,-1.17338458216364
"Item8",2.14958975561713,0.393699958959561
"Item9",2.74657494087729,-2.39219936162776
"Item10",0.552342544290973,1.08395469851465
"Item11",0.746557614797159,-0.131997827210619
"Item12",1.89365684851721,0.710010975440616
"Item13",2.26730633800686,0.971299306024356
"Item14",1.70539759430541,0.876416286760177
"Item15",1.51166990915668,1.07133211553479
"Item16",2.07742054106329,1.31390010179178
"Item17",2.33122152671113,1.24215880467612
"Item18",2.22238901883022,-1.22751032536589
"Item19",2.77002815282671,-2.53414991515559
"Item20",2.9218316016221,-1.69701214884713
