"Items","Difficulty","Discrimination"
"Item1",-0.757636241796144,2.17321352736072
"Item2",1.10691933229492,1.34524509400585
"Item3",2.26916852636817,2.98842799327159
"Item4",-1.51389754994669,2.97359374920311
"Item5",-2.17268245076727,2.95896671172573
"Item6",-1.37685699036729,1.78279724872423
"Item7",-1.37395773557676,1.15089557772113
"Item8",2.02627478262733,2.83962399089893
"Item9",1.2251919052817,2.2364310448497
"Item10",0.739797125029854,0.852360674877706
"Item11",-1.69343985164785,3.21553265865486
"Item12",1.05283678380669,0.905748337678287
"Item13",1.89445250891347,2.77301811814486
"Item14",1.4679199057222,1.01184901062715
"Item15",1.22192762168007,0.908885419510043
"Item16",1.11918219823255,1.7963925078086
"Item17",-0.127561707643732,1.8473067122466
"Item18",-1.58676998251314,3.00092775362473
"Item19",-0.548430854005144,1.38335582463364
"Item20",0.427237957906408,1.44843428554136
"Item21",0.253627185439891,1.72525173176284
"Item22",0.478927802189037,2.13552747101673
"Item23",0.817024867112117,1.10375312419185
"Item24",-0.24969096741649,2.30193645232503
"Item25",0.161995818397879,1.69102898020061
