"Items","Difficulty","Discrimination"
"Item1",-2.04289285127005,2.76134917307779
"Item2",-0.982895413180098,2.30097080379887
"Item3",-0.990732004969157,2.18135815033643
"Item4",-1.07666711476877,2.12634584369359
"Item5",-1.10222676952129,2.32456631684145
"Item6",-0.494113602119408,1.60739114016062
"Item7",-0.129735876518302,0.354432091175443
"Item8",-1.80918541784739,2.93115444400806
"Item9",-0.453183914476224,1.07318387450483
"Item10",-2.2859399705874,3.4890567638034
"Item11",-0.531887356878241,1.52068738482511
"Item12",2.36153807667966,2.86971241843848
"Item13",1.18108701167116,2.50012119585886
"Item14",-0.453183914476224,1.4990854951327
"Item15",0.67088276679354,1.97261908524995
"Item16",-2.03325499254537,3.73231884153374
"Item17",0.968188662384151,1.94013347880948
"Item18",1.50197324693821,2.90720755173585
"Item19",1.40483391063348,2.43267250229206
"Item20",0.0122324784325553,0.916751442947048
"Item21",-0.952888484424827,1.9151876277457
"Item22",1.47796968178316,2.74210328757669
"Item23",-1.35910586038778,2.54611155200415
"Item24",0.726831715399831,1.99535667961501
"Item25",1.41189074521918,2.83689505194116
