"Items","Difficulty","Discrimination"
"Item1",-1.79164307235116,3.20250567526223
"Item2",0.489889529249009,2.09585960467657
"Item3",-1.19012544095325,1.42180034059408
"Item4",-1.6675772825666,3.05268722334291
"Item5",1.66067240986304,3.12288684905555
"Item6",0.527023850465457,1.44289517356295
"Item7",0.524407092426587,1.08449955246096
"Item8",0.818915751848317,1.41965595918146
"Item9",-1.97727363204659,3.16808829099964
"Item10",-2.20456833567014,3.18278892197167
"Item11",-1.13416513716319,1.25564790728137
"Item12",-2.7258462371638,2.88358346037002
"Item13",-0.861019130416179,1.44377025174773
"Item14",1.75666307146071,2.95260543768197
"Item15",1.39027656966264,1.1915250436757
"Item16",-0.421054166941624,2.03874110620323
"Item17",0.416179713138501,1.67349106779538
"Item18",1.14334206692497,1.83096238513886
"Item19",0.776604724355044,1.78937965664698
"Item20",2.08063528852013,2.96994737451812
"Item21",-0.578196680423524,0.304062894569437
"Item22",-2.26645980676561,2.96164227254657
"Item23",1.50302875395663,2.85293373007775
"Item24",-0.6096031267917,1.62621998895293
"Item25",1.74412041925915,2.85387582561965
