"Items","Difficulty","Discrimination"
"Item1",-1.86523813013695,2.64024112354496
"Item2",0.461238652068996,1.60421377020963
"Item3",1.77629610271384,2.78038744086252
"Item4",-1.49745415813137,0.962539699899261
"Item5",-0.896318621435424,1.87480440098683
"Item6",1.40997780224882,1.53199391463804
"Item7",-1.32374028436447,1.0234113161914
"Item8",1.65097103588521,2.95534622333352
"Item9",-0.214240836355522,1.23087190105633
"Item10",2.16102595981718,3.24457728502457
"Item11",2.36684909729331,2.97975339381698
"Item12",-0.928749939138053,1.96410254029771
"Item13",-1.41308200529755,1.6161177952444
"Item14",-2.07143001784468,2.97533293079095
"Item15",1.18976143583127,1.40477925098964
"Item16",-2.34686957451578,2.99981045630595
"Item17",1.25949268192679,0.981332924764985
"Item18",-0.454959112932057,0.946801275363141
"Item19",-2.13076221762101,3.09091819661985
"Item20",-2.23213429012408,3.03015115766027
"Item21",-0.0623331244361972,1.46146089631085
"Item22",-1.27186555357845,0.693151322375167
"Item23",-0.138138682793106,1.78842113973124
"Item24",0.589460318240574,0.963284332845677
"Item25",-1.98844266051656,3.00483098197319
