"Items","Est.Discrimination.2PL","Est.Difficulty.2PL"
"Item1",3.0522624113438,-1.6173979763535
"Item2",3.53168491949212,-1.74063825481209
"Item3",0.270514157650934,1.13122212166685
"Item4",2.83463533715783,-1.2654494699424
"Item5",2.8538164460714,-1.23899707501908
"Item6",-0.22725424083872,1.12897409055358
"Item7",-0.220218230989005,2.10930612911989
"Item8",2.82606122350796,-1.16594628808688
"Item9",2.69601886347848,-1.18160815975329
"Item10",1.37941785403956,0.174294682526612
