"Items","Est.Discrimination.2PL","Est.Difficulty.2PL"
"Item1",0.345336986851365,1.43516820621611
"Item2",3.27231612685077,-1.48762395810054
"Item3",1.43257545234226,0.182898519083413
"Item4",5.54250587911603,-2.13904762923049
"Item5",2.8237820671735,-1.26395027726306
"Item6",0.199159777499531,1.07058331787947
"Item7",0.298198649471289,1.23251163714601
"Item8",1.71540990467396,-0.300991090225937
"Item9",1.63783063711567,-0.0289508754272217
"Item10",-1.01847582404097,2.34630550282175
