"Items","Est.Discrimination.2PL","Est.Difficulty.2PL"
"Item1",2.83560529388392,-1.61112219438045
"Item2",1.39375256012748,0.45921151584451
"Item3",1.62074651326578,0.0215538731545472
"Item4",0.216858172209666,0.955021450616085
"Item5",1.5684418209702,-0.134612322520617
"Item6",3.30816824882265,-1.43529279070685
"Item7",2.66960681181809,-1.29683551454936
"Item8",-0.330177170971477,1.81480997569081
"Item9",-0.113691786210071,0.953705840218976
"Item10",4.4201040860392,-2.17899517607423
