"Items","Est.Discrimination.2PL","Est.Difficulty.2PL"
"Item1",2.50538753939488,-0.916134728542126
"Item2",1.32804509268339,0.10872247079515
"Item3",1.55483816328747,-0.169433317604698
"Item4",-0.681293594779518,2.14430535764796
"Item5",-0.0918034686976491,3.59497966961452
"Item6",0.185410620261719,1.39568509936708
"Item7",3.03806502217193,-1.39109273415265
"Item8",0.150413542759626,1.48221294970998
"Item9",-0.964759386384125,2.49162771192815
"Item10",2.21571712276617,-0.63880618589
