"Items","Est.Discrimination.2PL","Est.Difficulty.2PL"
"Item1",2.59257562317171,-1.10309036691373
"Item2",0.518369141183814,0.79393171335236
"Item3",0.144624564067972,1.22078028281673
"Item4",-0.216560373433185,1.62294461937854
"Item5",3.22215320875974,-1.4772677249602
"Item6",3.93178059629348,-1.71271707237175
"Item7",0.0283873420310452,3.44018460095329
"Item8",2.85424384936151,-1.70361482954428
"Item9",-1.0870185219642,2.17238941288201
"Item10",1.56240325378871,-0.0404393733400176
