"Items","Est.Discrimination.2PL","Est.Difficulty.2PL"
"Item1",0.57932407335822,0.748348414948709
"Item2",1.44427928703177,-0.359461398287957
"Item3",2.64145734452166,-1.52362400741419
"Item4",0.667905835573183,1.15963467155905
"Item5",-0.673581495136291,2.06629296247775
"Item6",2.11537548933011,-0.806545481621667
"Item7",6.00982666911317,-2.32707578480489
"Item8",1.07542788060278,0.370399860827584
"Item9",2.03373051294134,-0.272830245348799
"Item10",2.46864266132752,-1.09229187443932
