"Items","Est.Discrimination.2PL","Est.Difficulty.2PL"
"Item1",0.760874579807515,-1.07812951810244
"Item2",1.07637184804383,-0.661151260127992
"Item3",2.65263368198238,1.09652261261521
"Item4",1.97645715557196,0.172084876987978
"Item5",1.48939095366318,-0.265080082100209
"Item6",3.48456098339955,2.54359318707715
"Item7",0.932918789622741,-1.08010268529759
"Item8",0.752880137527405,-1.48027379121612
"Item9",1.05015958163089,-0.741138940663537
"Item10",2.80054631029421,1.40932698768211
"Item11",0.987523731019035,-1.05741257492988
"Item12",0.640049671506586,-1.72376830387946
"Item13",1.94656788947345,0.155701174196482
"Item14",1.3628897005547,-0.491592036368693
"Item15",2.43052918384385,0.499171568228781
