"Items","Difficulty","Discrimination"
"Item1",-1.33851995198192,1.8719308547165
"Item2",0.576350176071158,3.25002627353234
"Item3",0.473028377962277,3.26958916648835
"Item4",1.45718911085682,2.45915982639656
"Item5",2.0567171631531,3.32091820363213
"Item6",-0.928944137845106,2.6790895997469
"Item7",-0.301746828384644,3.06170543115085
"Item8",0.397522014198967,2.68989125644245
"Item9",-0.68858054231969,2.71779232829443
"Item10",0.395428700585337,2.79205131837295
"Item11",1.45613986704909,3.10858849696339
"Item12",-1.09313600878667,2.3322063384335
"Item13",-1.71319018987975,2.26694654265052
"Item14",1.96782965531576,2.7303486146098
"Item15",-0.0229581849181946,2.681794630514
"Item16",1.34782880485942,2.91518341827004
"Item17",-2.44322236160328,1.02611194222569
"Item18",-2.33389117166735,1.33180792032679
"Item19",0.0408361180667314,2.9949327225978
"Item20",0.634754676965163,2.76993811135635
"Item21",-1.93524471518153,1.68657511603624
"Item22",1.42047244973056,3.29393998234713
"Item23",1.78883470284104,3.17645382033786
"Item24",-1.01120260321518,2.08393084442476
"Item25",-0.0662253154467541,2.71170953947309
"Item26",1.91866616737819,3.00583774598172
"Item27",1.35525558574394,3.44400283321818
"Item28",-0.761519966707759,2.65732121866291
"Item29",1.06895305857885,2.80084556979758
"Item30",1.42457397535753,2.88827258715516
"Item31",-0.257510993731295,2.74668430891031
"Item32",-0.420852390102923,2.84917691662877
"Item33",1.9629036239912,2.99718536669157
"Item34",1.99982404999844,2.96024550819629
"Item35",1.95848655109827,3.05193184369073
"Item36",-0.999442067802141,2.50644864159628
"Item37",1.01097666548415,3.04706362496261
"Item38",0.944834760494968,2.99649355010836
"Item39",2.14010955620548,2.95414361965742
"Item40",1.25042843884981,3.02362688783005
