"Items","Difficulty","Discrimination"
"Item1",2.25262674082675,3.11626366985566
"Item2",0.432309922694897,2.57251558700509
"Item3",0.555515280583213,3.06350619502888
"Item4",1.1686321637687,2.91881648237158
"Item5",-1.82808629182731,1.83678825498459
"Item6",1.66685380709314,3.32615513482271
"Item7",-1.66186154585832,2.01595643569655
"Item8",-0.55724263543499,2.95356063006108
"Item9",-1.52131309768873,2.24438859628944
"Item10",-1.49657130716213,2.10412910622372
"Item11",1.96284507919086,2.94113256895933
"Item12",-1.73632925679336,1.61630780658145
"Item13",-1.5134815801111,2.15792572518199
"Item14",0.204581712367394,3.30051742174095
"Item15",0.878050628065431,3.48612991532934
"Item16",-0.973902822871036,2.46658542677643
"Item17",0.483403574506081,2.70486162805588
"Item18",-1.24750676549725,2.0695098301035
"Item19",1.66136565082402,3.37224129721673
"Item20",-0.718307277878176,2.63187912640767
"Item21",-0.216397769357852,3.09504526571308
"Item22",0.552657395002124,2.84078149973583
"Item23",-2.32573351858136,0.987141326915104
"Item24",1.69067421795243,3.35031608072655
"Item25",0.670009404369059,2.98469334990722
"Item26",0.549372432930829,2.73935361474099
"Item27",-0.854527323906705,2.71459150292614
"Item28",0.218178090131923,2.41089923722251
"Item29",1.98298827127187,3.07150728468617
"Item30",2.19004382629595,3.26428591863593
"Item31",0.400708880771825,2.88898607551294
"Item32",0.936618501413557,2.99481779122713
"Item33",-1.14646099223256,2.35307982900222
"Item34",-1.2094818357389,2.37235917702144
"Item35",1.10844805978303,3.39445312709915
"Item36",-0.00639116810319388,2.82102074024747
"Item37",-0.986939280330324,2.42540156189801
"Item38",0.355780265425297,3.00755497503162
"Item39",2.61473880549794,3.06850686369047
"Item40",0.499048287917874,2.92217565863565
