"Items","Difficulty","Discrimination"
"Item1",-0.178121391841644,2.92474707190826
"Item2",0.847525356590496,2.85751434365427
"Item3",-1.32774630833247,1.9894413260453
"Item4",2.14859857647454,3.21401408288986
"Item5",1.9054465609528,3.45069622507303
"Item6",-0.788924240436143,2.89524833662448
"Item7",-1.79391630800765,1.85307357234891
"Item8",-0.80412707270103,2.54629206555307
"Item9",1.41805451047665,2.98327636772091
"Item10",-0.648747114085933,2.44850897816504
"Item11",-0.886533250147676,2.58099863770488
"Item12",-0.921972121176205,2.44823033598094
"Item13",-0.59233216448271,2.41021393836848
"Item14",0.7091679475205,2.85911099660113
"Item15",2.24137756017018,3.26481561114832
"Item16",-0.969444376696952,3.08102631822076
"Item17",-0.164074338976122,2.6996589963947
"Item18",-0.0161836513814598,3.16567010809201
"Item19",-1.49541118828578,2.64769390688784
"Item20",0.983384270023884,3.17122675309075
"Item21",-0.715786390803585,2.33452787341676
"Item22",-1.89610735381373,1.68314734356179
"Item23",-0.126483776662809,2.77528691849445
"Item24",-0.424003176686934,2.35126993383271
"Item25",-0.531842988822227,2.7431100475199
"Item26",1.87890940709701,2.98660042617812
"Item27",2.28977021903937,3.13491658572195
"Item28",1.27165498323488,3.03912052959186
"Item29",-1.38009211365804,2.01424277308016
"Item30",-0.981392780124589,2.14857785937066
"Item31",-1.15823299681349,2.41603937670307
"Item32",0.799394280020174,3.21250261869774
"Item33",-1.38961845647769,1.92636566840655
"Item34",1.45612914962122,3.48472151109676
"Item35",-0.41611674270613,2.58670500738616
"Item36",-1.75999531202839,2.25298817137593
"Item37",0.778687823557523,2.94718229689397
"Item38",1.82730668776838,3.10704073139141
"Item39",-0.83743772287822,2.48288652359355
"Item40",0.476178029874784,2.3863859273971
