"Items","Difficulty","Discrimination"
"Item1",2.05350600701101,3.18167216531969
"Item2",0.193727172849239,2.95965831641024
"Item3",0.945657078407728,0.512602243362823
"Item4",0.989379016584039,0.408607414458904
"Item5",1.75675727668139,0.40404517360667
"Item6",0.761813393990827,0.527485397085549
"Item7",-0.125802271776862,0.543935247039058
"Item8",-0.738267423870682,3.10557896534985
"Item9",-1.93906454992346,0.622321374577429
"Item10",0.144846052007508,3.05777339173753
"Item11",-1.62669281153604,0.485593158824485
"Item12",1.83949499414894,0.517557970506783
"Item13",-0.855407392677297,3.00235513172333
"Item14",0.151477034937265,2.98927568032927
"Item15",-0.856543901829855,0.633715321101291
"Item16",0.860901495295883,2.94965808662771
"Item17",-0.858752948115043,3.06364563458985
"Item18",0.286358743967903,3.08381132877104
"Item19",-2.27708640929792,0.430365551076371
"Item20",1.23013892960673,0.628920670623236
"Item21",-1.98735157914318,2.87760910964261
"Item22",-2.14183626288009,0.438096069982593
"Item23",1.03563867054641,0.510966429377687
"Item24",0.444333838308755,0.695671518468101
"Item25",0.240869277907078,0.565218928753024
"Item26",0.213181370903205,3.07898411669874
"Item27",-0.942599736200509,3.10016106247507
"Item28",0.838280249248587,3.10552134575405
"Item29",0.870917493894698,3.27406736442173
"Item30",-1.73831329749489,3.00673859289011
"Item31",0.112149194109655,0.461112934743527
"Item32",0.00501330348446854,0.535367330668777
"Item33",0.638496541230529,0.419068541063324
"Item34",1.42001177184343,0.299667481551829
"Item35",-0.348883584748204,0.587893526434892
"Item36",0.189132037414364,0.613601103897656
"Item37",1.05830944690249,0.472207449701277
"Item38",-0.816361207623202,0.451033252205662
"Item39",0.874875678585605,2.91646813352094
"Item40",1.16273019658899,0.391173190014344
