"Items","Difficulty","Discrimination"
"Item1",0.600597742607298,0.612948663123048
"Item2",-0.578373372334511,0.436680806468062
"Item3",1.44093229960119,0.354463333792976
"Item4",-0.456879113278426,3.34443460209828
"Item5",-0.697661686249997,0.308914176179534
"Item6",2.04791463134146,3.2334596414944
"Item7",1.16738002776739,0.544810493868972
"Item8",0.910959327323446,0.620369321098869
"Item9",1.84400620717193,0.455785140222832
"Item10",-1.62801917105668,0.514659520024528
"Item11",2.19837488205623,0.336535064732115
"Item12",-1.42133951752457,0.490050136663978
"Item13",-1.47787328363546,0.454339353214625
"Item14",-1.1766990789372,3.05136154613679
"Item15",2.21048307909801,0.654484440128442
"Item16",0.398552731943762,3.66062814818201
"Item17",0.704374821088951,0.690689449738545
"Item18",-0.231080720632109,0.495813164342879
"Item19",-2.19102117324568,0.59562646635464
"Item20",1.20452357322399,0.710515348395804
"Item21",-1.29611914152948,0.406229411843759
"Item22",-1.2284653668739,0.487165565166808
"Item23",-1.11587020401941,0.517927783315023
"Item24",-1.1921184583308,0.458130560983748
"Item25",1.1043150204505,0.510934045826885
"Item26",-0.542351099328812,0.44663039206456
"Item27",0.469467067030856,2.15788090697524
"Item28",1.30448508900549,3.16104932835373
"Item29",1.24593419606125,0.578440016184934
"Item30",-1.47752912202668,3.33741178463836
"Item31",1.45415880673286,3.10898085523645
"Item32",1.71254859650712,0.50445126367776
"Item33",0.837627328220004,0.425518533233615
"Item34",0.203226700981644,0.493016335924018
"Item35",0.210133319564947,0.440031049437297
"Item36",1.60803762264952,0.568388781664653
"Item37",-0.497925047972924,0.469740887150946
"Item38",1.07833862943369,3.06331701584122
"Item39",0.104913579099974,0.468146964101844
"Item40",1.21946351959292,0.455198059046464
