"Items","Difficulty","Discrimination"
"Item1",1.2622451026074,0.426750320708344
"Item2",-1.15874796077974,3.10490020262396
"Item3",-0.347606316927378,0.387582872447813
"Item4",-0.374925413591531,0.632119875296381
"Item5",-0.241593635789135,0.55176220400041
"Item6",-2.27404879786856,2.95881190889152
"Item7",0.957246109743604,0.43208545559479
"Item8",-1.11311320303424,0.5113154011813
"Item9",-1.57211486060128,0.642943376033475
"Item10",0.531939372368751,0.46568450542066
"Item11",1.08610297457303,0.516897625487157
"Item12",0.659481358811024,2.97963525959413
"Item13",2.11233782095338,0.538680592547843
"Item14",-0.549610292836885,3.07133350122884
"Item15",1.56336722781247,3.18709417005062
"Item16",-1.88573894715715,0.454212481742415
"Item17",0.738947205015315,3.0431732993752
"Item18",2.39553394090226,0.481196872200917
"Item19",-1.54946732124902,0.504564942962849
"Item20",1.54858276962165,3.03615375594663
"Item21",0.621379404298375,0.597800274721959
"Item22",-0.441296271022175,2.91970517340376
"Item23",-0.43235889618824,0.531625131161829
"Item24",-2.26354436159251,0.432830038961818
"Item25",-0.0513042523054412,0.528194394597298
"Item26",-0.641648518474686,0.563452072347942
"Item27",0.590526335902791,3.05525230410964
"Item28",1.23361602780737,0.609434615129137
"Item29",-1.01944336369362,2.99045295397718
"Item30",-2.49084995674885,0.44018575342391
"Item31",0.557368700519165,0.59447891256772
"Item32",2.10788584442219,0.364176207580867
"Item33",-0.75108698331478,2.80845806701355
"Item34",-1.07131637490719,0.535510064182993
"Item35",-1.24503457242591,3.04123775787634
"Item36",0.504510280725623,3.07704807836198
"Item37",-0.398237847664094,0.684104216630325
"Item38",0.348198011902634,0.528483609534018
"Item39",-1.05268617283482,0.591647763546745
"Item40",1.75070553685572,0.525727659037184
