"Items","Difficulty","Discrimination"
"Item1",0.958337516432332,0.48929541310967
"Item2",-0.686410381786097,0.457159760757756
"Item3",1.40157873519468,3.10754919921622
"Item4",-0.708121489402069,3.01443716566251
"Item5",-1.56031347783312,0.540274038140069
"Item6",1.00397004676816,0.439515576263121
"Item7",1.75947255665646,3.0728459017694
"Item8",-2.32636517405129,0.545891854690681
"Item9",0.0652166938775445,2.95015691184327
"Item10",1.68191654352829,3.02105010729409
"Item11",2.32701436297733,3.09931916950203
"Item12",2.62380653433181,0.499959197471034
"Item13",-2.15965302956536,2.84457543104795
"Item14",-1.0938629107573,2.98158432143774
"Item15",2.68784678884254,2.97307437551774
"Item16",0.197381964179104,0.359571277891705
"Item17",2.16381688127901,2.99993839017806
"Item18",0.107003346174235,3.12280353817131
"Item19",0.277241645918959,3.05544809469959
"Item20",-1.67097871813505,0.538570771589033
"Item21",1.57337625404142,0.43546928795586
"Item22",-1.25260611833067,0.425625091137881
"Item23",-0.509269820096791,2.90452004559279
"Item24",-0.524529072255249,0.428528499920841
"Item25",-0.81176314045463,0.456420202554852
"Item26",-1.37371578091821,0.446352958804732
"Item27",0.170937605395302,0.586526508874263
"Item28",0.623732970410551,0.455843949163159
"Item29",0.797880141250521,0.387388932645127
"Item30",-1.64656617262155,0.494787139747459
"Item31",-1.81231760364793,0.516258803741502
"Item32",-1.79154627219535,2.85312168470596
"Item33",0.627346310124435,0.548021604577224
"Item34",1.65406223260604,3.13199875352812
"Item35",0.428261408937773,0.451410226191464
"Item36",-0.000241482367053572,0.69272839479348
"Item37",1.58380067650858,0.504905428142367
"Item38",1.24057177592362,2.84473244500735
"Item39",1.75591231792033,0.624751414066911
"Item40",-0.196844253816528,0.52236840596291
