"Items","Difficulty","Discrimination"
"Item1",-1.48935382925554,2.88215062806089
"Item2",0.458645549339148,0.457019053971591
"Item3",-1.75086612758657,0.31256614252206
"Item4",-1.23709182668632,0.277486010759497
"Item5",-1.81832192828207,0.609906106556934
"Item6",-1.73169450532921,2.97860580759762
"Item7",0.275419087449436,2.99881736949542
"Item8",-1.36635086349577,0.515940499517148
"Item9",-0.289776603258012,2.93107058895116
"Item10",-0.21820239518613,0.486575192573106
"Item11",0.785500330279037,2.93847346996491
"Item12",0.295063643319475,0.488929030066734
"Item13",1.93465924017142,0.381189504621692
"Item14",-1.60697096201192,0.540891772423323
"Item15",0.061887877890292,0.585753593867893
"Item16",2.37817024792195,0.548187298532149
"Item17",0.478779288041343,0.509492925726336
"Item18",1.75594683968313,3.03620837110473
"Item19",2.1279736831207,0.378443093926061
"Item20",0.520462893899398,3.14295107541125
"Item21",-1.04826363520485,0.488080033223668
"Item22",1.1088684394618,0.404620290416671
"Item23",-1.08553599074178,3.07635915243608
"Item24",-1.89916678534647,2.94035175953989
"Item25",-1.71513367046509,0.535100311809473
"Item26",-2.3305080659323,0.559523552593053
"Item27",2.11527455428949,0.548333294020118
"Item28",1.51513301140544,0.380400942216185
"Item29",1.48635808458767,0.538017780220857
"Item30",0.457971907522847,3.18118638517045
"Item31",2.41225424717299,0.546650510744576
"Item32",0.863479637438176,3.06285844492401
"Item33",1.721239442424,0.495219003625821
"Item34",2.60327303360242,2.95131673319263
"Item35",1.64939860649518,3.1106824386917
"Item36",1.19479518549698,0.49329390557149
"Item37",-0.90872922144907,0.552915556123644
"Item38",-1.03921542939577,0.499868821483157
"Item39",1.61950764848662,0.558981634235517
"Item40",1.04219379178144,0.450359400395157
