"Items","Difficulty","Discrimination"
"Item1",0.343452877993383,0.602361012673521
"Item2",-0.53240941022571,0.36506220905631
"Item3",0.111938773095953,0.544407073951748
"Item4",-1.88831302714858,2.92987412202457
"Item5",1.11728928310687,0.556450304622006
"Item6",-1.2026879114174,0.37862809952466
"Item7",-0.885170738472383,0.461429659963972
"Item8",0.363910257767426,0.41733286604555
"Item9",-1.05145791165805,0.514146906512131
"Item10",0.846003241765991,3.00911436348547
"Item11",-0.529917964249792,2.82702026589673
"Item12",0.640177813261366,0.478428822812132
"Item13",0.527934776492058,0.531233211955433
"Item14",-2.04379101467564,2.9617448671163
"Item15",-0.399446923920777,0.605997043115158
"Item16",2.25819613026324,2.85531318645394
"Item17",-0.00521134716458563,0.432874954798913
"Item18",-0.31988273262282,2.89233560295212
"Item19",-1.30439856834663,0.494558114046999
"Item20",-0.591395647378118,0.571073647700353
"Item21",0.884922610033142,0.524030783089404
"Item22",0.712009781963703,0.493396697227274
"Item23",1.79317749572994,0.541342277135745
"Item24",0.962115819531276,0.498703328091992
"Item25",1.90450662887234,0.553369154491871
"Item26",0.861353034776461,0.422313934588647
"Item27",-0.413154203042652,0.525293467856833
"Item28",1.21834169710231,0.43154349919624
"Item29",2.31116884592801,0.543836849102402
"Item30",1.05811671445959,0.451231727301039
"Item31",-1.57493143575986,0.578060136885207
"Item32",1.48327130198669,0.380107912962
"Item33",-0.248387789204839,0.595637838317136
"Item34",0.997240798227259,0.462356737244552
"Item35",1.01107001095049,0.453048639962091
"Item36",1.84101308675109,0.403268541121336
"Item37",-1.98347129835677,3.06073157339073
"Item38",0.218565868007677,0.521309431332874
"Item39",-0.373467887652804,0.546152850724491
"Item40",1.5062851875383,0.432424018930321
