"Items","Difficulty","Discrimination"
"Item1",1.12710499610211,0.703172982825551
"Item2",0.162309490526638,0.524436538989955
"Item3",0.908262493351109,2.76176543313977
"Item4",0.297233736536426,2.86250243948032
"Item5",-0.699569439819509,0.527356635962308
"Item6",-0.124158581514554,0.561782829683131
"Item7",-0.75873832784326,2.88181671723794
"Item8",-0.9736194032556,0.361339695839489
"Item9",-0.0222320424667899,0.651448720548379
"Item10",-0.804605682651272,3.06245246507251
"Item11",-0.019479036343245,0.464432279860993
"Item12",1.82676675292924,0.358697406554807
"Item13",0.736564345098961,0.646324850244515
"Item14",-0.429213727703876,0.463777077079571
"Item15",-0.413133591355384,0.452907840505726
"Item16",-1.52782045030664,2.88037023609338
"Item17",-0.0738053430105629,0.612725081793358
"Item18",-0.859284906562273,0.589361522876531
"Item19",1.11080780095084,0.493309677641047
"Item20",1.82597635834666,3.44647808367983
"Item21",-1.67079312778501,0.544013003262185
"Item22",1.62839742830925,0.495594283947434
"Item23",1.5857634339543,0.562409825879401
"Item24",0.918342083004032,0.53620777792861
"Item25",-1.42263887701608,0.634606648146361
"Item26",-1.3916307909296,0.478546591590272
"Item27",-0.152791044422544,0.292793010201397
"Item28",-1.79969227744307,3.25451595753668
"Item29",-1.74650242562138,0.423541257867315
"Item30",1.89801536517797,3.43125151796446
"Item31",0.603853562315812,0.562320462620238
"Item32",1.58232645344035,0.74368315016743
"Item33",2.36450946645848,2.9694454001027
"Item34",1.89596787338801,0.612723555486502
"Item35",-0.456001105478859,0.5577656067211
"Item36",-2.43714184926857,0.467178950991248
"Item37",-1.05598542873195,2.92478429077763
"Item38",-2.06383057649686,0.34443258585431
"Item39",-0.400508065584844,3.28840692919903
"Item40",-2.01482623162483,0.472095556198873
