"Items","Difficulty","Discrimination"
"Item1",-1.14927370231168,0.612557221010192
"Item2",-1.33636957526199,0.597566904351387
"Item3",0.583212356289266,0.578394653523121
"Item4",-1.67604596784494,0.464898391226875
"Item5",1.48731449121488,2.78992768520029
"Item6",-0.759389831949644,0.51600702167678
"Item7",-0.9901907776524,2.93385917982558
"Item8",1.74764105428711,2.88481210077197
"Item9",-1.89899784670188,2.80421773227486
"Item10",-0.499692389603547,0.285188865294798
"Item11",-1.05836457369425,2.96512253099859
"Item12",-0.623086212770379,0.556952384813461
"Item13",0.054107872104269,0.4047964051521
"Item14",0.334511962080317,0.488998799185561
"Item15",0.0403568991439088,0.477075938834097
"Item16",1.68306667748651,0.454590052381635
"Item17",1.26197215889925,0.622256269119216
"Item18",-0.756903608944042,0.340713931566389
"Item19",-0.681425869649645,0.528059209455661
"Item20",0.165331915663241,0.596020063846374
"Item21",-1.78170695465817,3.08678467400638
"Item22",-1.98762471634243,0.361104815384979
"Item23",-0.00581116857033819,0.490612721956084
"Item24",1.76729665535484,0.586147389206779
"Item25",0.728591929080271,0.593887694309513
"Item26",-1.18714151788072,0.432583643178447
"Item27",-0.0426945964151452,0.636156703712143
"Item28",-0.205249476371889,0.802501844948341
"Item29",-0.554105951134019,3.06944514986059
"Item30",1.5174658147569,0.464041558349636
"Item31",-0.551425668660533,0.514917870009344
"Item32",1.32681180799874,0.475930303427465
"Item33",1.91269702923608,3.07319609037183
"Item34",0.660900075498918,0.534683297829757
"Item35",0.221919083959271,0.578110637404546
"Item36",-2.21510782181751,0.44465677224644
"Item37",-1.6401452992759,3.14796899539288
"Item38",2.92960746561205,0.495000384428217
"Item39",1.69526665372892,0.495557084898845
"Item40",-0.66419486109884,0.392083927268368
