"Items","Difficulty","Discrimination"
"Item1",-0.0238271618593909,0.279111807488185
"Item2",0.363841634574919,0.517275139082372
"Item3",-0.0102718723975219,0.415734242785336
"Item4",0.890932092247762,0.458430055712245
"Item5",1.34839149638573,0.626294567692289
"Item6",-1.70792950509824,0.290036338518949
"Item7",1.56142311179246,0.46928273953777
"Item8",0.353701318647284,2.89233359256065
"Item9",-0.752280724837628,0.556397036596815
"Item10",-0.00334661721847648,0.377551377065871
"Item11",-1.38969811946543,0.477113376469307
"Item12",-0.970875815031169,0.715416039190499
"Item13",2.36969612401689,2.67790766457166
"Item14",1.47801550167648,0.521566176729501
"Item15",1.68275458400398,0.434399910941056
"Item16",0.548436675818069,2.8067509634854
"Item17",1.38445906453241,0.764598972035157
"Item18",1.55469105332134,2.70746789780899
"Item19",1.43860138762708,0.423163814647838
"Item20",-0.23729555174241,3.19516206865037
"Item21",0.743866544726902,3.03671182890167
"Item22",-0.697411540174462,0.460627790494408
"Item23",0.723450778834043,2.85915100119665
"Item24",-0.487920794141127,2.85346049663309
"Item25",-0.281337274636645,0.306197171536788
"Item26",1.6783156785637,3.12218528515483
"Item27",0.143731062707145,0.565871942253654
"Item28",1.05862431552968,0.491411462187742
"Item29",1.20796042742539,3.07088311303047
"Item30",0.357491660766675,0.54690997148074
"Item31",1.35662248628505,2.83405494231361
"Item32",1.78086915660703,3.11849813240646
"Item33",-1.96898783261644,0.558320680001303
"Item34",1.20292851234735,3.23623351372579
"Item35",-0.667836541498212,0.513920897821386
"Item36",-1.73230437977153,0.55299076582775
"Item37",0.272311157236849,0.595084045926602
"Item38",1.94904280839131,0.410376515710635
"Item39",1.43266305814089,0.543407617592043
"Item40",0.2072934895616,0.495726836395125
