"Items","Est.Discrimination.2PL","Est.Difficulty.2PL"
"Item1",1.28991583358539,-0.245906155043194
"Item2",3.38440932575208,1.7845988754753
"Item3",4.15835459138507,1.8403934887045
"Item4",-0.524053419674699,-2.41194840693913
"Item5",3.06871035126136,1.5421445653612
"Item6",1.4042853414079,-0.395088125489313
"Item7",3.62335329120666,2.15130317193781
"Item8",1.80843901367854,0.525854413126385
"Item9",0.49867349396667,-0.954485391228178
"Item10",0.407130245443023,-0.864139381268957
"Item11",0.543726930058125,-0.953513649086839
"Item12",2.41829348950748,0.787818427466244
"Item13",2.7635923256266,1.2660955630315
"Item14",0.848718588305437,-0.392003716404809
"Item15",2.91717121364171,1.60017744673259
"Item16",3.68588819484764,2.22018574444987
"Item17",2.39772175646511,0.708457720103799
"Item18",2.60697717191048,0.844173722606122
"Item19",2.08848325202515,0.461334115296842
"Item20",-0.287009546051351,-2.15562570715762
