"Items","Est.Discrimination.2PL","Est.Difficulty.2PL"
"Item1",3.20681964122535,1.32284304820301
"Item2",1.95764128973717,0.278928385627566
"Item3",0.376735963262,-1.17684986356463
"Item4",0.331767634441756,-1.10312697217612
"Item5",-0.384198090787321,-1.33709138120942
"Item6",1.46302173874813,0.285143569886447
"Item7",-0.286711544923878,-1.3388633294271
"Item8",2.93013234420104,1.63991310617347
"Item9",-0.134364648957197,-2.03993390970034
"Item10",-0.269038157367368,-1.22084194452799
"Item11",0.0725185228528514,-2.04665113189715
"Item12",0.545407175610405,-0.942541579084142
"Item13",2.7267915804939,1.05750993983611
"Item14",-0.458220471350683,-2.45978893073543
"Item15",0.969650449219913,-0.585367491658814
"Item16",3.20302533353947,1.69223700416044
"Item17",0.313826196764404,-1.35527710539273
"Item18",0.542110651606652,-1.13793376204908
"Item19",0.203693415539492,-0.783292441649876
"Item20",2.3743481759601,1.07629670841338
