"Items","Est.Discrimination.2PL","Est.Difficulty.2PL"
"Item1",-0.553637290879628,-2.43831142103324
"Item2",-0.365131358278976,-2.09751785982493
"Item3",0.608650207304205,-0.971260910899469
"Item4",2.99871953443296,1.38085433823377
"Item5",-0.296923609094079,-2.19227315365295
"Item6",0.217289224386223,-1.07378404339178
"Item7",2.40865611055652,1.04829882474712
"Item8",1.23367185217454,-0.321427022986615
"Item9",2.43072575498027,0.965961010981611
"Item10",-0.343442844417295,-1.99574338828594
"Item11",-1.11536050297979,-2.47307810396561
"Item12",2.41020229411839,0.934200605944054
"Item13",3.19772211577329,1.51268068450088
"Item14",0.076918638604149,-0.833172217346134
"Item15",0.718477329941028,-0.675256186213733
"Item16",1.23395252678481,-0.225587128721372
"Item17",-0.0804610224622477,-0.807245989569936
"Item18",2.40487903470116,1.32453429977717
"Item19",1.86726150399945,0.552944418854892
"Item20",2.76080469143934,1.10267072048944
