"Items","Est.Discrimination.2PL","Est.Difficulty.2PL"
"Item1",-0.347833524415475,-1.51861211977492
"Item2",1.09115057593866,-0.460315546276557
"Item3",1.04497529765442,-0.607692394141209
"Item4",3.72866722385657,1.79339211697827
"Item5",2.43642111657321,0.827992376565128
"Item6",1.36010737645887,0.0671236523129942
"Item7",2.27460644968258,0.760782610160383
"Item8",0.633166123481203,-0.941965460753558
"Item9",-0.784776309216481,-2.2504007664495
"Item10",0.744904816597564,-0.827879484162456
"Item11",1.73095929290023,0.124620523607063
"Item12",1.94341782081094,0.0384871792139971
"Item13",0.0936257495216593,-1.60424317672463
"Item14",1.72975070010682,0.138816307002265
"Item15",4.00035732796093,1.77919050055122
"Item16",1.91921986233126,0.372184460462895
"Item17",3.15740548652047,1.68458056739901
"Item18",0.0830549306994917,-2.45921875208929
"Item19",1.97332833914778,0.699730898610881
"Item20",-0.130572338190346,-1.17728525463303
