"Items","Difficulty","Discrimination"
"Item1",-1.0644529053864,3.17736693124895
"Item2",-1.4960657981279,3.18788691049546
"Item3",-1.12348598905357,2.96560063951939
"Item4",2.57198893429405,0.938433991495045
"Item5",-0.673211387950422,3.20807870503083
"Item6",1.38912480663341,1.74958270776976
"Item7",0.431601996069485,2.60969387394256
"Item8",-1.50280367002271,2.67124889188777
"Item9",-1.28136761704478,3.12335744991234
"Item10",1.30316254381027,2.11913398989182
"Item11",1.9512096932877,1.33323873447077
"Item12",-0.322436514415337,2.97064290209337
"Item13",-1.63607605881591,2.95543849181693
"Item14",-1.23482061066956,2.76816099385506
"Item15",0.937656947547113,2.60683479654154
"Item16",1.29308123926189,2.41976678865177
"Item17",0.99192577762661,2.39132741429514
"Item18",1.40670320544264,2.48262572568686
"Item19",0.636546657420511,2.81648993069018
"Item20",0.609671891360822,2.44118034523498
"Item21",-1.58588194804099,2.9251971443332
"Item22",1.81648453785841,1.62504868762384
"Item23",1.39640129429247,2.40235065547183
"Item24",-0.639204381461841,2.637922049333
"Item25",1.23243793045718,2.48308940098113
"Item26",-0.916583564732972,2.87743796693626
"Item27",0.995131934643183,2.74460482299462
"Item28",0.521834268195939,2.94426291604148
"Item29",-1.35288949059338,3.03502093192259
"Item30",1.84309427857232,1.90743743039248
"Item31",-1.39470842637533,2.87812517653377
"Item32",1.2183506950813,2.50018970203914
"Item33",0.54015889216052,2.87968488922136
"Item34",-0.907703353631672,3.27732561639897
"Item35",1.41995828737923,2.26855224678363
