"Items","Difficulty","Discrimination"
"Item1",1.44228731128064,2.55663114059951
"Item2",-1.31521045176454,2.25369286274267
"Item3",-0.0159269325662924,1.36796748074745
"Item4",0.00180304387033709,1.20437837662247
"Item5",-0.258175085621024,1.25284591191184
"Item6",-0.555221858922818,1.52439326671823
"Item7",0.148176662129696,1.10569121972878
"Item8",-0.969185199645145,1.97444758642935
"Item9",1.47360451306202,2.73130020504063
"Item10",-0.298365036737392,1.1314026949151
"Item11",2.04048394944299,3.67874110070409
"Item12",-1.89144428129001,3.2329902375346
"Item13",-1.01916903035299,1.91173803587918
"Item14",-1.85917939487278,3.13399449396331
"Item15",0.958163096821129,2.20581116476324
"Item16",0.692418621197992,1.78589702329428
"Item17",1.10526680829928,1.80464540156615
"Item18",0.251601400968906,0.709130723608507
"Item19",-1.13900025662733,2.32778734125396
"Item20",0.112890262400287,0.876497162708869
"Item21",1.24283774218621,2.34750904861882
"Item22",0.011665443768757,0.770067354720011
"Item23",1.76946894927841,2.88448582933321
"Item24",-0.701315145092635,1.87066508123787
"Item25",1.40380746049615,2.31923816110841
"Item26",1.45781203362737,2.91583786889406
"Item27",-1.14346666853859,2.02176913831926
"Item28",1.65835918832654,2.65351486340959
"Item29",1.75556192464298,2.90280338562479
"Item30",0.0970911309786265,0.923372338533053
"Item31",-0.773521607432031,1.53779674938243
"Item32",1.35881989455414,2.77441999528086
"Item33",2.54926669354524,3.7241244585074
"Item34",0.0745976888724399,1.08912472523688
"Item35",-0.0895037790745917,0.858331360193405
