"Items","Difficulty","Discrimination"
"Item1",-0.0780033548011654,0.968595303095536
"Item2",-1.11146350090785,2.04380589323956
"Item3",0.696446131320024,2.03873355150859
"Item4",0.109217990804602,1.96679651126169
"Item5",-1.53894149475628,2.99406344288608
"Item6",1.53508843866531,3.17904584053624
"Item7",0.0426280177537953,1.98403103460665
"Item8",-0.394928095348528,1.51458811603469
"Item9",-1.72843374085955,3.29351702388901
"Item10",2.16225944175683,2.99992462530903
"Item11",1.72840842798061,3.1872234668414
"Item12",-0.960058204310775,1.60111095306888
"Item13",-0.403422381906445,0.538940142368269
"Item14",1.50657474182994,3.00110235023717
"Item15",0.346441124343603,1.68188874447805
"Item16",1.43198604991001,1.61088408386726
"Item17",1.09130167828663,2.12839640591928
"Item18",-0.213259927975844,1.30581776444418
"Item19",0.366106756981554,1.35462128148095
"Item20",1.27051354728131,1.41463451142695
"Item21",0.822833636845451,0.876156012519676
"Item22",-2.86630973872183,2.75047082171454
"Item23",-2.06511294223123,3.04497985464572
"Item24",-0.0337224267923913,1.12630584111471
"Item25",2.43886015216767,3.0512437678699
"Item26",1.01453904909658,2.07201295799907
"Item27",-0.954868691680637,0.672577141926579
"Item28",0.0728261470673353,1.9760802426229
"Item29",-0.846095699407101,0.641017233435721
"Item30",1.74294519252021,3.0319007171947
"Item31",0.0785581281488669,1.54574786414717
"Item32",-1.7958712402676,2.70327016320276
"Item33",2.07584712462745,3.10319328393422
"Item34",-0.0306323598654491,1.08223352031224
"Item35",0.464925647401642,0.944635247875663
