"Items","Difficulty","Discrimination"
"Item1",1.19616841974836,2.05089798616107
"Item2",1.35935820781727,1.10471691269035
"Item3",-0.349110441185763,1.22756800403593
"Item4",-2.0415782609602,2.83243896995402
"Item5",0.921612962141784,0.981935566672828
"Item6",0.0998148267945931,1.62385982321885
"Item7",-1.76718045463207,2.97490528239743
"Item8",-2.02240530098746,2.78625258980833
"Item9",1.08269453469673,1.86239277495074
"Item10",-2.14069094679779,3.08795482922284
"Item11",-1.6097572499738,3.01491008909801
"Item12",1.42086018283304,2.16883329445205
"Item13",-2.08009028026879,2.77990766013868
"Item14",-2.85695285654403,3.02556195578922
"Item15",-1.36162238455067,0.821899404607966
"Item16",0.822284996411652,1.18712382712336
"Item17",-1.51785366887458,3.06024459567049
"Item18",0.393760945022656,1.63092902115763
"Item19",1.85736515025341,3.21023861664603
"Item20",1.07182166524634,1.64812070198463
"Item21",1.49576215672054,1.86174603232069
"Item22",-1.98770523046417,3.03514564982211
"Item23",2.37758081394673,3.14215060166635
"Item24",-1.67840662811894,2.97121062000884
"Item25",-1.50544034835042,3.14260487903716
"Item26",-1.21046074985814,0.536860748103488
"Item27",-1.00947476508247,0.921768980685409
"Item28",0.43601113391842,1.12805978929232
"Item29",1.46667502912804,1.8127244089963
"Item30",1.35465841226801,1.06048404244284
"Item31",-0.855058873681372,1.00202203279888
"Item32",1.89834189301648,2.87667291662065
"Item33",1.85751383525351,2.85365353324673
"Item34",-1.5014131305543,3.04213603004258
"Item35",-0.787906966285265,1.39502119533522
