"Items","Est.Discrimination.2PL","Est.Difficulty.2PL"
"Item1",0.711706747613903,-2.61315745462468
"Item2",2.07969885781498,0.987980840783268
"Item3",3.24953516337089,0.0504340400975076
"Item4",0.807079744008441,2.30247310091718
"Item5",3.03314783814037,-0.184133556937126
"Item6",1.49779441479777,-1.52289346421761
"Item7",2.43449953551988,-0.671348178912871
"Item8",1.79914069221224,1.28826344517853
"Item9",2.77148419729211,0.555430218136578
"Item10",2.58438711770633,-0.635616153212172
"Item11",2.82689014074009,0.414878254535214
"Item12",2.60587851144912,0.5338942134345
"Item13",2.66330186691849,0.519398059383473
"Item14",1.02699854388238,2.04600115021077
"Item15",2.43922391884326,0.770065835501008
"Item16",2.72762779741461,-0.549083448968568
"Item17",1.03203077392953,1.92594136189643
"Item18",2.99524381261203,-0.136045050558071
"Item19",2.23487696156967,-0.795618052560307
"Item20",2.27644933772249,0.742040240736251
"Item21",1.85319236368597,-1.25916175994411
"Item22",1.32432869988929,-1.55066327902479
"Item23",2.89149223080138,-0.394125523912289
"Item24",1.48104946763891,1.47700376088568
"Item25",0.669732113473026,-2.52843798397446
"Item26",2.88951056804735,-0.183629662587568
"Item27",2.53791652049158,0.685199777762474
"Item28",1.26718286878002,-1.68568224643708
"Item29",2.85607517526505,0.192565173131036
"Item30",2.01792896331489,1.11553066276712
"Item31",2.84356916675556,-0.468722830545707
"Item32",1.20944581273624,-1.84416004428422
"Item33",3.25234649898407,0.148920094757729
"Item34",1.58537184831145,-1.23356030960055
"Item35",1.53317612452561,1.55611394481183
"Item36",2.67852192126385,0.790175860956184
"Item37",2.79453182275125,0.562732612244063
"Item38",1.92076717666589,-1.02721119491149
"Item39",1.41530434656769,1.76523688440608
"Item40",1.07948616172896,-1.87345110198607
