"Items","Est.Discrimination.2PL","Est.Difficulty.2PL"
"Item1",2.69443295475234,-0.719236808061853
"Item2",3.04849980740487,-0.379505263411181
"Item3",1.19312150798733,-1.81910307756276
"Item4",1.16582517977339,1.68305198485775
"Item5",1.26808632218762,-1.80168963461354
"Item6",1.35775706026599,1.43798856373588
"Item7",0.79457063249207,2.18666403114722
"Item8",1.81563864666514,1.11621335610213
"Item9",2.76327683792523,-0.670951169204237
"Item10",1.47056638824128,1.71918509385676
"Item11",2.23543340529572,0.812775592705104
"Item12",2.04166281908127,-1.09750907839489
"Item13",2.92907456866295,0.0145029611548814
"Item14",0.903969123537273,-2.3899669118208
"Item15",2.1711433867383,-1.07338727226034
"Item16",1.41026548806305,1.67969147007668
"Item17",1.2063019901854,1.74587654200731
"Item18",1.01853126637932,-2.08980987335805
"Item19",2.3742068187244,0.731002961948454
"Item20",2.90190274541286,-0.123491295175167
"Item21",1.21043743197082,-1.76538005169713
"Item22",2.66280783183556,-0.536102059887254
"Item23",1.70087032693547,-1.27367365624257
"Item24",1.15238412122465,-1.88386747073772
"Item25",1.38410207421737,-1.6779212985188
"Item26",1.5713242868772,-1.4408801659046
"Item27",2.85859291799808,0.0846104449210977
"Item28",2.42259157303559,0.736530199308386
"Item29",2.36097340014035,-0.835601104917133
"Item30",1.58273380100712,1.2273452295013
"Item31",2.4912449914111,-0.702699389088321
"Item32",3.0094887803825,-0.331273458368476
"Item33",0.96729969049153,-2.31007189516648
"Item34",1.41380907614113,1.64608687308856
"Item35",0.883042331797072,-2.00629599720302
"Item36",1.60631783740446,1.34799750943729
"Item37",2.25574227370271,0.768706487373478
"Item38",1.06475577563426,-2.1746457156469
"Item39",1.14774413936419,-1.74518187696049
"Item40",1.19093172130712,-1.94366479974777
