"Items","Est.Discrimination.2PL","Est.Difficulty.2PL"
"Item1",1.22006636159552,1.95621891882766
"Item2",1.2832191570626,-1.83767403049967
"Item3",0.786373219770303,2.3971757138297
"Item4",2.31520823831007,0.82148098223179
"Item5",2.89571278369724,-0.149108312188055
"Item6",1.66971073007178,-1.20891955369093
"Item7",2.27856234044049,-1.08713120298636
"Item8",1.47431090667253,1.62779515683786
"Item9",1.44371291184966,-1.48420706505782
"Item10",1.30276697043351,1.59485475373945
"Item11",1.77560000160499,-1.23117200767206
"Item12",2.54902021088359,-0.705209776061864
"Item13",2.10780274140854,0.849124691342089
"Item14",1.66473784854468,-1.41534716794945
"Item15",2.986478878828,0.0584334091107991
"Item16",3.13660534577744,-0.0600715741010093
"Item17",1.40334047978486,1.66149823739588
"Item18",1.17191838076107,-1.78690891692453
"Item19",1.7191718828233,1.1864098131261
"Item20",1.71206916999313,-1.23905641486517
"Item21",1.2416060249652,-1.7211712485056
"Item22",0.869034890800205,2.26790370881739
"Item23",1.65455500341725,-1.33783744828631
"Item24",2.52146667858683,0.455617808640027
"Item25",2.68759097831895,0.554023684770437
"Item26",1.281323044089,1.58532756636647
"Item27",1.4943953647857,1.50528786482476
"Item28",2.08328514357604,-1.07201239276965
"Item29",3.16222035794189,-0.266734689152428
"Item30",2.99539544140742,-0.0562195520187908
"Item31",1.06746351797178,-2.38462129023006
"Item32",1.37372821226938,1.66809482238434
"Item33",1.90860045466935,1.2046097706796
"Item34",1.20785083328541,-1.80859154323302
"Item35",1.48198056744883,1.50456680996694
"Item36",3.1972808859837,-0.00282323839145163
"Item37",1.24064695924196,1.61216679208419
"Item38",3.03323085326069,-0.394653777871277
"Item39",0.935303918215739,2.50507583760827
"Item40",2.91572791229016,0.299368472578678
