"Items","Est.Discrimination.2PL","Est.Difficulty.2PL"
"Item1",1.62085521693448,-1.40563277256142
"Item2",1.0140377878462,-2.2370630619429
"Item3",2.25613838225634,-0.731368463362583
"Item4",1.02895502690211,-2.46711961022314
"Item5",1.75514591172739,1.14928880535007
"Item6",3.09697886461877,-0.0984103895253269
"Item7",2.58558083097766,-0.72950793477264
"Item8",0.959207511792779,2.16096106984021
"Item9",1.08698853207788,1.66350076998676
"Item10",1.96207189221961,-1.16647350086886
"Item11",2.27215280029581,-0.768789247340222
"Item12",1.55830413584649,1.47421170549842
"Item13",2.77907943448296,-0.442089413664242
"Item14",2.96934824948884,0.110697820558009
"Item15",3.01936454095788,0.327138971959334
"Item16",1.69735662296312,1.38797890696871
"Item17",0.719193363151288,2.39050500791298
"Item18",2.49745333043524,-0.585578184970924
"Item19",1.07540484861439,2.10317399354916
"Item20",0.894701749250682,-2.07261066756555
"Item21",2.36475491932746,-0.787934649500997
"Item22",2.9849206060868,-0.263758302641424
"Item23",1.08390846665319,-2.35508023990165
"Item24",2.83612299749059,-0.451153781077044
"Item25",1.32821774663496,-2.01492837408094
"Item26",1.56393411054296,1.45287397168639
"Item27",1.45234237614338,1.51246649725984
"Item28",1.43315016700462,1.46674871517975
"Item29",0.720788445087466,2.31232675450939
"Item30",2.12734752538982,-1.16018041027728
"Item31",2.14308145421003,-1.15108842739109
"Item32",2.09317840782832,0.941345826893768
"Item33",3.13310015325616,-0.192832329268606
"Item34",1.96500366319395,1.02956334299938
"Item35",1.53727144183606,1.56629874234235
"Item36",2.58651012866154,0.835367705537155
"Item37",1.42570644741244,-1.64242742690043
"Item38",3.11820570524486,-0.0254534761549378
"Item39",1.63790516415125,-1.33704119228673
"Item40",2.62709236492371,-0.584977799835217
