"Items","Est.Discrimination.2PL","Est.Difficulty.2PL"
"Item1",1.97304309016047,0.445647577244044
"Item2",2.80948246172775,0.0672050089621003
"Item3",2.51721473748666,0.812651821422286
"Item4",2.04834594081655,0.120569233914682
"Item5",1.93233396136909,-0.126433816720391
"Item6",0.779381006929216,1.77946080948073
"Item7",2.28634531315836,-0.574662993796049
"Item8",1.0433482097147,-1.77069790281907
"Item9",2.4129463737407,-0.856553352288894
"Item10",2.35459203087595,1.12882159797272
"Item11",2.35320017248127,-1.49688228346617
"Item12",2.69091497862373,0.756152844113788
"Item13",2.74291280623629,-0.276856243666918
"Item14",2.85387419349082,-0.807104954870976
"Item15",1.11817243775858,2.09043147612761
"Item16",1.02229167785747,-2.08276470416734
"Item17",2.86218707257034,0.358644905622582
"Item18",2.60924897326212,0.282342322398576
"Item19",1.44549497074356,0.281972397671401
"Item20",1.02545741498801,1.67046342566265
"Item21",2.91965562558259,-0.32601924857496
"Item22",2.39052451047058,0.629880226499121
"Item23",1.36538689338322,1.51122196624246
"Item24",2.93755222772901,0.633006288043122
"Item25",3.60959263163507,0.805443570445717
"Item26",1.07994768118308,-2.06946713627768
"Item27",2.46164077202135,1.46408596397127
"Item28",3.52179473015199,-1.04659575952243
"Item29",2.42516423559525,-0.480068818978262
"Item30",3.5417698773006,0.200730606870057
"Item31",0.956516895722408,2.42789131926071
"Item32",1.42826062949861,1.41827914444222
"Item33",0.858205232189763,-1.87669952544258
"Item34",0.810569013177763,-1.97783491404061
"Item35",2.60233620401199,0.709207921503534
"Item36",0.856433624591185,-1.70940944134601
"Item37",2.22396194350544,0.448826179515437
"Item38",0.981906315979063,-2.33906326765255
"Item39",1.18082579153178,-1.99445597168265
"Item40",3.15829816190539,-1.35547249694712
