"Items","Est.Discrimination.2PL","Est.Difficulty.2PL"
"Item1",2.04426324588641,-1.38342580609216
"Item2",1.07589961590103,-2.118345357268
"Item3",0.79108783482659,-2.03529301646072
"Item4",2.02223047912243,-0.890278184446766
"Item5",2.74611714171795,-0.59021695247224
"Item6",2.62211829013806,-0.0180446513932473
"Item7",2.6204712705894,0.271174126363486
"Item8",1.75119390080721,-0.255700308693235
"Item9",1.34195721608927,2.0525020253213
"Item10",2.30101635045965,0.444410568860895
"Item11",2.06340171395028,-1.36438248649234
"Item12",2.02720646178833,1.24122085886324
"Item13",2.67045903387882,-0.131188347131633
"Item14",2.73206545170485,0.397240119732437
"Item15",2.05611942808415,-0.546923408171495
"Item16",1.71162846448346,-1.35927770557195
"Item17",2.14490712445245,-0.9750584358689
"Item18",2.22316024805694,-1.03735921951678
"Item19",0.974737226813522,1.55602062596395
"Item20",0.914578128778198,-1.89355309641723
"Item21",2.03844080171664,-0.414929975988017
"Item22",1.99567184886525,-0.782526836584863
"Item23",1.04622441185823,0.619001659539794
"Item24",3.08103469164157,-1.18877797438539
"Item25",3.34964734565064,-0.875077319577641
"Item26",3.13075966897631,1.4930624683038
"Item27",2.74917544190975,-0.184892287731238
"Item28",3.09254123769511,-1.45668636525639
"Item29",1.20242174527667,-2.01762745666583
"Item30",2.35767172109346,-0.738970091234496
"Item31",2.19090436534371,0.710278472394625
"Item32",2.2820804011209,1.24758293064841
"Item33",0.957480914499626,1.77506741983166
"Item34",2.1776465772103,-0.496972515857097
"Item35",2.18400878158953,-0.560022055727027
"Item36",2.3820460200526,1.00622582976247
"Item37",2.17023788809447,0.974607628235849
"Item38",0.946996634636202,2.22977118589658
"Item39",1.31263676669819,-2.72524850428483
"Item40",2.15374117226295,-0.115303366175494
