"Items","Est.Discrimination.2PL","Est.Difficulty.2PL"
"Item1",1.25550535767411,-1.84959299197542
"Item2",1.33028015540096,-1.64393856352887
"Item3",2.4491332089083,-0.632293088324862
"Item4",0.675581480938169,-3.41422674365459
"Item5",1.21096090772462,-1.63933142275836
"Item6",1.36673139915485,1.67088389278319
"Item7",2.69603457018133,-0.673655768940452
"Item8",2.08904137118181,1.04442816708906
"Item9",1.62129720719103,-1.22633213378579
"Item10",3.18116661371612,-0.456816419737735
"Item11",1.29072730869232,1.6799858197755
"Item12",1.14523197959079,-1.84564656984885
"Item13",2.80081869120662,0.511351232616538
"Item14",1.53445633099669,-1.54910965464852
"Item15",1.59579619024546,1.46149756361487
"Item16",0.958130195474861,-2.08921254713012
"Item17",2.36568789203383,-0.881957506916812
"Item18",1.3657573816803,1.45290677777049
"Item19",2.94426935599357,0.251966061239776
"Item20",1.41097523790423,1.49177467347046
"Item21",2.91570664543395,0.211494310654014
"Item22",2.24361501174476,-0.853916743910397
"Item23",2.40556939156125,0.930110272953809
"Item24",1.03854990424239,1.93702644806191
"Item25",1.37267861656474,1.49138729921711
"Item26",0.903834226833122,2.3225752143804
"Item27",1.94969353679709,-1.15902787559817
"Item28",1.57072827894281,1.40872951022617
"Item29",1.95392947524854,-1.14720055846302
"Item30",2.95191946522459,-0.0949792825228854
"Item31",1.25336808705905,1.81258157483791
"Item32",3.05496287123499,-0.208619100945159
"Item33",0.870710412012146,-1.9809692829529
"Item34",1.61896562346035,-1.40439354058497
"Item35",1.4245722514655,1.6735431056339
"Item36",1.71879494967612,-1.37824847334689
"Item37",2.80102635551544,0.674202486766825
"Item38",1.88757536005565,1.1009393850666
"Item39",1.23607495979933,1.56540994407106
"Item40",2.36386279969555,-0.671741093869661
