"Items","Difficulty","Discrimination"
"Item1",1.02680788669642,1.77639737308829
"Item2",-0.128455682910336,2.83291410614288
"Item3",2.2402648701958,0.931037766607317
"Item4",0.00325552877134952,2.78957122117318
"Item5",-1.11918417453766,2.15043894728566
"Item6",1.16889325504236,1.80445972837158
"Item7",0.0732291451484278,3.19158322784394
"Item8",-0.0490940719402525,2.81420442223607
"Item9",0.163118754734496,2.34195964677592
"Item10",-0.0818253109538642,3.29468993165008
"Item11",1.82251897774864,1.02250084480647
"Item12",-0.515579713389413,2.78745812331714
"Item13",1.34503245257141,1.60801824239843
"Item14",-0.405750204172832,3.0565610694741
"Item15",1.56260112707244,1.01552989204922
