"Items","Difficulty","Discrimination"
"Item1",0.613332696682166,2.70476868590471
"Item2",1.47124069964235,1.46636521341459
"Item3",-1.21223586142372,1.89237580145515
"Item4",-0.789744019738315,2.44253289033929
"Item5",-0.675864405464172,2.62879454121235
"Item6",-0.629700134657999,2.56375302876838
"Item7",-1.02196389880986,2.00906941871293
"Item8",-1.42640361384682,1.69473583162815
"Item9",-0.524700532123692,2.92670535084367
"Item10",-1.43339535205579,1.69797451033841
"Item11",2.2127240933459,1.08367097975204
"Item12",2.41056834776405,0.738317412580532
"Item13",-1.08677772316194,2.16728649476029
"Item14",-1.25124936771185,1.90953815180237
"Item15",0.884638187712686,2.10785431390931
