"Items","Difficulty","Discrimination"
"Item1",-0.481823287265021,2.56854021286702
"Item2",-0.355955912032495,2.40203846596577
"Item3",-1.34427447710662,1.08690801198917
"Item4",1.32927280160408,1.70137022989115
"Item5",-1.43502344503325,1.65111050854736
"Item6",-1.5298469086678,1.21523758002959
"Item7",1.63046325149437,1.47634502995575
"Item8",0.243960115392043,2.83385587153414
"Item9",1.57123028242657,1.55836069607969
"Item10",0.82046427039738,2.46772485808139
"Item11",-2.41977884403035,1.65323960872042
"Item12",-1.95231859003317,1.17656155550053
"Item13",-2.2575419678664,1.0776023152436
"Item14",0.982941888583286,2.50643274664177
"Item15",1.54119363549967,1.61427629316426
