"Items","Difficulty","Discrimination"
"Item1",-1.0381062842902,2.08113404153252
"Item2",-1.89031695011489,1.14048552769365
"Item3",1.69405258561273,1.1262563402989
"Item4",1.22476056997405,1.87803289019972
"Item5",0.826915675080654,2.39940441550443
"Item6",1.58952750184907,1.46991919542946
"Item7",-0.899540864269136,2.16478780388845
"Item8",0.271370778738396,2.94395571172309
"Item9",0.756551919134425,2.46271385460354
"Item10",0.446250040942433,2.663215770121
"Item11",1.75295524826829,1.53823368131721
"Item12",-2.07822524360853,0.871295658846113
"Item13",0.898412763782625,2.21353521525898
"Item14",-2.08743917371382,0.943552857284906
"Item15",-1.1135111319293,2.05555818457799
