"Items","Difficulty","Discrimination"
"Item1",-0.219608913863942,2.77667102202038
"Item2",-1.05158117255,2.03757609646215
"Item3",0.707330844971838,2.54116510228026
"Item4",-1.89235866531676,1.11790820940111
"Item5",1.18083631023366,1.85581113654781
"Item6",1.22428727732161,1.81425550153388
"Item7",-0.114501588936639,3.02040840753716
"Item8",-1.12903250510178,2.04549865384419
"Item9",-0.633569890067522,2.46804996614442
"Item10",1.27060600099405,1.62130732347818
"Item11",2.92500594770591,0.864383101594694
"Item12",-0.791262930454773,2.36750491814145
"Item13",1.65114819758697,1.42078519111438
"Item14",0.240001481964418,2.95759106698606
"Item15",1.45210458314409,1.41693880377855
