"Items","Difficulty","Discrimination"
"Item1",0.503542683995648,2.82032028828953
"Item2",-1.15815969679269,3.1735218919318
"Item3",0.442458758150718,2.3943291278285
"Item4",2.7142215722272,1.07706466029377
"Item5",2.62810873395035,0.938884986057074
"Item6",0.222975255046671,2.87836197354335
"Item7",-2.84827572388822,0.810093557443225
"Item8",0.833189308288625,2.8490086049831
"Item9",0.50405372026204,2.53350475117734
"Item10",0.650076168119615,3.11627200178443
"Item11",-0.889106539581339,2.55674179652758
"Item12",-0.887624257930736,1.56360058765184
"Item13",-1.29502710994117,1.6810005829613
"Item14",1.06607761519337,2.8142016841216
"Item15",0.754557251620619,1.70836042055293
