"Items","Difficulty","Discrimination"
"Item1",-0.478540367856988,3.03091822289352
"Item2",-0.834388488553495,1.66094369169088
"Item3",2.61940886549519,1.06245903663718
"Item4",-0.544881735024477,2.65634988006269
"Item5",-1.89498608055798,0.953262190234778
"Item6",-2.11852259554533,1.04634632308098
"Item7",1.62127420242166,1.28507709200079
"Item8",-1.38339728812943,1.52997141906927
"Item9",0.783283285650384,2.07675762237695
"Item10",-0.0282289838655001,3.10253460573658
"Item11",-0.0781584267339879,3.24213502579775
"Item12",0.0336126673891914,2.91584193199717
"Item13",0.685174348505983,2.60754441319107
"Item14",1.17627355145785,1.90570428638815
"Item15",0.488296626350979,3.16265778649442
