"Items","Difficulty","Discrimination"
"Item1",0.965484028156814,2.17638944269859
"Item2",-0.411986485714908,2.78846630961802
"Item3",0.438211260145795,2.83097687082833
"Item4",-0.166751300537332,3.00598241589744
"Item5",1.08198983914938,2.04512309878608
"Item6",2.41802693217488,0.987333072247394
"Item7",-0.703113778867753,2.54226880581858
"Item8",-1.03148190217994,2.06733789134672
"Item9",0.317031448313407,2.95640219807806
"Item10",0.778311850312113,2.40609845099906
"Item11",-0.559883242649788,2.58549986118466
"Item12",-1.63967810659525,1.24014967067543
"Item13",-1.02038566345583,2.28358031859137
"Item14",1.1377474473527,1.8903507449845
"Item15",-0.584218810976738,2.69258702899062
