"Items","Est.Discrimination.2PL","Est.Difficulty.2PL"
"Item1",2.9297695290725,-1.47260099903755
"Item2",0.484083210266307,0.471211786841768
"Item3",0.330241139629323,-1.83048507910909
"Item4",0.219422195312804,-1.5373705268666
"Item5",0.596623829111256,-1.81590494614553
"Item6",3.09529498114101,-1.65592883211907
"Item7",3.01879850787737,0.307898977628699
"Item8",0.504027214631611,-1.42609525245338
"Item9",3.05295914544303,-0.249319366496047
"Item10",0.436090691740637,-0.187887449502551
"Item11",3.02961632442804,0.809335419677717
"Item12",0.514554175222782,0.332924864981582
"Item13",0.373648068608424,2.11832753051029
"Item14",0.596036778682364,-1.45827610184352
"Item15",0.627984420146242,0.0433922893271162
"Item16",0.503907911452149,2.53310307109224
"Item17",0.502672080233026,0.493129518252477
"Item18",3.31624400715378,1.70486708478662
"Item19",0.404754363035984,1.87902688835387
"Item20",3.20859546622926,0.523830681161174
"Item21",0.493913904065672,-0.95524599592155
"Item22",0.4102761726738,1.28386967507955
"Item23",3.18063599618216,-1.07821403119391
"Item24",2.97067857400404,-1.889672057356
"Item25",0.578646635006698,-1.56583893919724
"Item26",0.576194156910108,-2.33049965810154
"Item27",0.53510231211566,2.18054187089384
"Item28",0.444937985919498,1.30225328585922
"Item29",0.504441562791598,1.64251618124243
"Item30",3.07146412714348,0.481810238654739
"Item31",0.524841050905579,2.47400721825918
"Item32",3.13196301827459,0.903224479563476
"Item33",0.465457309917496,1.84811494465076
"Item34",2.78044758344207,2.66262913317934
"Item35",3.21416152272587,1.67414597431863
"Item36",0.521542686877606,1.25936788654458
"Item37",0.585538438543394,-0.83609828892955
"Item38",0.45166836371564,-1.13952275658855
"Item39",0.520583391195078,1.79070561531186
"Item40",0.401888107624812,0.996277899003789
