"Est.Theta","Est.ExpScore","SimSum.Score","Scaled.Weighted.Score","True.Theta","True.ExpScore"
-0.880942764914104,16.9918590404965,18,15.1499829403381,-0.571072305538065,18.7424901224659
-0.169738573770949,20.9980855278465,22,20.7444041719625,0.0741567319386459,22.3003190897698
-0.695014398733597,18.0826445345141,16,16.666036849753,-0.950488824529912,16.5085545965666
1.15417960941321,27.8399553360005,29,30.2901721911101,1.0025679252368,27.0819496340233
-0.656605015413729,18.3051873104984,18,16.976389482256,-0.0905086896189824,21.4165232803031
-0.0891231976110053,21.4281316870864,24,21.3375829085422,-0.04367731691786,21.6693826176685
-1.39161845327304,14.0740756254752,12,11.0556940621645,-1.60339679254715,12.7703357729646
2.24832383057916,33.157005557527,34,37.7380219698536,2.95779883980671,35.1406372917714
-0.261513081560913,20.5050785453812,21,20.0593098472869,-0.922085023799043,16.6769591387033
-0.8130558668015,17.3917181950623,14,15.7051801777095,-1.04915774646198,15.9262510319316
-0.613405811036357,18.5537231669559,18,17.323619512379,-0.49864887960149,19.1574054242654
-1.00385898058916,16.2698479750865,15,14.1459744056642,-1.56356695350548,12.9939393007327
0.579043858542227,24.8755513071145,27,26.0750979011052,0.429753106276112,24.1516189614837
0.85424019816896,26.2729491696964,27,28.0449876629151,0.702898962296516,25.5402695889463
-1.04107737298201,16.0528817778931,14,13.8433370877327,-1.28576169967829,14.5582896294405
-0.42936063351456,19.5893829046566,17,18.7763366532075,-0.541622063867045,18.9118199955584
0.398957038729412,23.9667316329263,18,24.8107406210191,0.270221141412715,23.3308557984096
2.33238890484035,33.4439930687452,35,38.1025606981411,2.09361960575133,32.6107469247256
-1.90107399792471,11.3075637720275,12,7.21391822123923,-2.02516806988442,10.3904597633213
0.569116270676776,24.8255438373651,27,26.0051247776709,0.695716721163996,25.5037013050306
-0.63329393077346,18.4395453340293,18,17.1640176988859,-0.8578498901462,17.0583157252559
0.51446800718697,24.5502676445827,26,25.6207245418234,0.227873004950118,23.1104357719896
1.35053815526505,28.8865078813527,28,31.809967565605,1.61139020492217,30.2856227700976
-0.254569327355722,20.5425306089514,21,20.1115326632952,-0.849805329646896,17.1060815426601
-0.838841070048232,17.2399155286649,14,15.4943945879368,-0.846229511126661,17.127311562034
1.24254619879424,28.309650982746,30,30.9711576772948,1.03884960352405,27.2709035884917
-0.337884268049188,20.0911534485305,19,19.4805376853958,-0.404052530791219,19.6919129427152
0.37452091749046,23.8427012355545,23,24.6394938350718,0.419937428088209,24.1014857689855
0.383273331255626,23.8871562567136,23,24.7008349086931,0.155109899983127,22.7289065287571
-0.171701542530751,20.987581575874,23,20.7298634818571,-0.0169664590672366,21.8130875650527
0.824087965467568,26.1181842983107,27,27.8254995346853,1.07437020220809,27.4563291596019
-0.276486746770848,20.424220555612,20,19.9464720762052,-0.403615914418405,19.6943615220272
0.381190049542867,23.8765780684825,23,24.6862348764704,0.2278356707017,23.1102409245565
-0.661803695574196,18.2751486504751,17,16.9344679001912,-0.478018480032912,19.2746776307559
0.400537300939014,23.9747437051001,24,24.8218139289929,0.484422616173257,24.4302251872438
2.27697736533409,33.257387166412,34,37.866125092719,2.78356990740952,34.7676608912482
0.429540816031502,24.1216205580899,24,25.0250498092276,0.27289414138369,23.344729258703
-0.333743752151591,20.113698747941,19,19.5121266233072,0.280209355764601,23.3826733808217
1.42602182552866,29.2902856730113,29,32.3968106152036,1.50629982794021,29.733167850913
-0.100191496944642,21.3692359791793,19,21.2565866825331,-0.314487076424387,20.1910126408406
-0.653986152998413,18.3203092611411,18,16.997497170388,-0.74581989650087,17.7220897380817
0.336742800035631,23.6503962176505,22,24.3746144774358,0.394323471343533,23.9704730855718
-1.43524133445997,13.8352218501779,12,10.7175264724437,-1.2342886498802,14.8521220309429
0.813490829989596,26.0639109433617,27,27.7486103742502,0.668552988440611,25.3655054005502
0.0749974047118476,22.2956779809578,23,22.5239093695591,-0.194699342419877,20.8499169312093
0.793266630759264,25.9604999046961,27,27.6022213012598,0.477974095839929,24.3974092937754
-1.22109033161149,15.021648469992,11,12.3961079870299,-1.03729907852003,15.9959451055448
0.0500620422512683,22.1646260544337,22,22.3452856992224,0.192442032502145,22.9251003796266
1.08576806119726,27.4784542923508,27,29.7682987293697,0.976851623535781,26.9483064371516
0.00533343651605009,21.9288233170268,21,22.0235096271365,0.187608817936878,22.8997528662738
-1.27219776951008,14.7349109912937,14,11.9911799573479,-1.2151297406822,14.9620033055512
0.205400907651294,22.9756309684393,25,23.4505148369559,0.338311715559122,23.6828749746498
-0.599729238420416,18.6319909079481,19,17.4331062640569,-0.546236838785427,18.8853414992168
-0.235102253401471,20.6473868826258,21,20.2575955401139,-0.603615970067418,18.5544159988522
0.815842419921913,26.075949366061,27,27.7656616509956,0.55216111951811,24.77444220052
-1.045022736629,16.029946080137,15,13.8113112189979,-1.21057002450794,14.9881973380337
0.226331804221798,23.083849417319,25,23.5982616613589,-0.350843013205818,19.989165572016
-0.00638042321303727,21.866925059207,16,21.9389344416149,-0.284400659257795,20.3573487051385
-0.650689515550365,18.3393350533767,12,17.024057478961,-1.11105768116887,15.5640824153283
1.0163325101337,27.1138316809859,31,29.244298434011,0.824277534677158,26.1606541549897
0.229810181131698,23.1018079246065,21,23.6227934183034,0.350882267978597,23.7475636131859
-0.584695040383079,18.7177882142158,18,17.553199958566,-0.928280226626978,16.6402092809711
0.424309571788343,24.0951521192441,24,24.9883913412948,0.0414916986735615,22.1262173042759
-1.78318341388627,11.9461169228418,13,8.07998570182516,-1.85345598762945,11.3585849243281
-0.922864574174721,16.7449865581826,12,14.8070715318581,-1.09904318976946,15.6341526427636
0.141901745793001,22.6457267852081,19,23.0007568624467,-0.10316277784925,21.3480056518183
-0.698552116369189,18.062079310786,17,16.6373826162473,-0.313920047479181,20.1941532376417
-0.333577129958604,20.1146057415802,20,19.5133973099824,-0.581896141975538,18.6800482186426
0.310148780074746,23.5145766528349,22,24.1879842253885,-0.1338853466769,21.1813136129989
-0.543282869679722,18.952796717644,20,17.8825184535518,-0.884048001582225,16.9027440988427
0.255122900008324,23.2322748834188,21,23.8011459826498,0.547321445805847,24.7498701289732
-1.02834925804632,16.126961149482,15,13.9467310751828,-0.562170059243651,18.7937629869975
-1.00919649424933,16.2386693859869,16,14.1025186127364,-0.64975353124497,18.2861266450007
-0.924214543113184,16.7370434454129,17,14.7960337280966,-1.11372164335112,15.5485611570679
1.24851766594746,28.3414829057936,30,31.0173994569884,0.964352369515886,26.8834388049046
-1.61721600060277,12.8462102088442,12,9.32507465871842,-1.94894656369584,10.8185298248233
-1.83256879535249,11.678303736673,11,7.71494402469994,-2.67847520590238,7.20463684994662
0.116626664813548,22.5137679894439,24,22.8210047221797,0.286658054940494,23.4160945943808
-0.247844460989317,20.5787762786632,21,20.1620472139024,0.176413363935905,22.840978551435
0.0101977129987084,21.9545099684559,21,22.058591859293,0.21657639993657,23.0514361778802
-0.331846894510483,20.1240228954828,20,19.526590014802,-0.778523819877123,17.5287718592762
0.00510108051960782,21.9275960678017,21,22.0218332660841,-0.235217079139163,20.6280127017823
0.40910494495801,24.0181647520591,24,24.8818488351176,0.0437511244618025,22.1382804354373
0.0401553913332667,22.1124776685738,22,22.2741723726736,-0.121499070972314,21.2485759718999
-1.1176672828894,15.6101498367803,13,13.2238677995814,-1.57962980907994,12.9037926400755
1.83611108832377,31.4134182250573,32,35.4174339895789,1.47502198159184,29.5679540204175
-0.433157673590195,19.5683879835534,17,18.746844024423,-0.14597352530518,21.1155943126905
0.470463418532819,24.3283784476703,26,25.3119099271128,0.261039385737142,23.2831652360031
1.53053212915614,29.8473450972037,31,33.2029181552692,1.35324014487196,28.9237923821481
0.0415876844457638,22.120020049385,22,22.2844591718795,-0.159145666027981,21.0438961317855
0.546190685162999,24.7100739236401,22,25.8437159194112,0.763700511376674,25.8504215439699
-0.25164230095205,20.5583097695537,21,20.1335268161473,-0.35605117055734,19.9601696076707
0.0720010993598497,22.2799464645046,22,22.5024728273904,-0.0586545138696121,21.588639251098
-1.5021171083363,13.4708052356497,14,10.2025037706254,-1.59072323331451,12.8415127808164
0.130247505618468,22.5849251435462,23,22.9179298558741,-0.00905412480717149,21.8555819975732
0.317267527210403,23.5509710982348,28,24.2379590314588,0.0557111663292611,22.2020848594141
0.437709188429817,24.1629311879795,24,25.0822939667801,1.03344210229433,27.242712319898
0.20765340259848,22.9872896743141,20,23.4664256875577,0.050919824330518,22.1765342628122
-0.227049568784149,20.6907027752433,21,20.3178679603816,-0.32079616990815,20.1560532954154
2.29976941716145,33.3353270423427,34,37.9651497482137,2.3986442368065,33.7335002695475
0.14813184695975,22.6781985808523,24,23.0449962865803,0.475260794109265,24.3835982803803
0.25119025913718,23.2120305732837,26,23.7734553843075,0.09224995826855,22.3964732285058
-0.0102423699340617,21.8465052174591,21,21.9110218739206,-0.00399156159234696,21.882753233078
-1.49925126993879,13.4863885587355,10,10.2244930043539,-1.15360409287545,15.3168727226062
-0.988753185322838,16.3581914011212,16,14.269047775322,-0.90861039291229,16.7569188523532
-0.627014074386514,18.47564381197,19,17.2144620728004,-1.21147194114623,14.9830148096874
0.63620020516182,25.1636808739262,28,26.4790408796334,-0.0118104676947796,21.8407825187909
-0.274387332975471,20.4355654870475,20,19.9623112233709,-0.466816456309277,19.3381869179551
1.7118509484975,30.794081452453,30,34.5535699849881,1.42408627184218,29.298581009152
1.32243229476055,28.7361890525635,27,31.5913063188809,0.707088026725072,25.561604186023
-0.408247046434719,19.7058679335679,22,18.9399497336329,-0.357561109057181,19.9517592634849
-0.548895533652831,18.9210601268322,16,17.8380166284204,-0.767813774670607,17.5921365748886
-0.705758310455863,18.0201556093405,22,16.5789815812428,-1.24456242193578,14.7933171657593
-0.387303606007946,19.8209978294812,19,19.1016044336624,-0.176705798102548,20.9481726946831
-0.437796714920521,19.5427177701121,23,18.7107829765776,-0.0987458824646345,21.3719309358298
1.14495042457586,27.791067395784,28,30.2194681368004,1.48310105007857,29.6106486700974
0.434588135765553,24.1471494451727,25,25.0604209717251,0.782837901185597,25.9482868523721
-0.995700895733932,16.3175403948188,16,14.2124261073249,-0.43545873868027,19.5153526758119
0.423891466514895,24.0930362212159,29,24.9854614853596,0.204141961741132,22.9863948083091
0.0793551529921421,22.3185494857744,22,22.55507306388,0.108101725511891,22.4805460808178
0.875073065706813,26.3801798765728,28,28.197271761517,0.473285103874939,24.3735405253478
0.0890902946584594,22.3696093875548,23,22.6246371542253,0.395341372108308,23.9756851078717
-0.757647488647478,17.7170966118306,16,16.1572698790837,-0.145060006956353,21.1205634227724
0.524291620026316,24.5997632249857,26,25.6897396840743,0.612359221231194,25.0800250563808
-1.20268662989677,15.1255523280887,11,12.5426013937833,-1.76077484427703,11.8833158958853
-1.06564892163668,15.9102562513673,18,13.644072219372,-1.06490400418211,15.8338564546638
1.28213704329503,28.5208691672496,32,31.2781351448498,0.870889597641795,26.400313018072
1.1322110814244,27.7236443813202,27,30.1220209083994,1.05627177818045,27.3617991261859
0.478955812147963,24.3712293325976,25,25.3714718371987,0.760125666776339,25.8321542773076
1.1304858776827,27.714519071162,28,30.1088377505786,1.40715934333049,29.2090249645314
1.76744877501041,31.075095173606,31,34.9477801820685,1.98374197391483,32.1306197074849
2.36723506025468,33.5564272795232,35,38.2439194201297,3.19843349176878,35.5936915029431
-0.43029840251743,19.5841990489789,18,18.7690546944585,-0.214308976199316,20.7426357122221
0.196572530899817,22.9299066990847,25,23.3881276045932,-0.358644751918606,19.9457222975792
-0.875044304011815,17.0266139010063,19,15.1982420265273,-0.702432136356249,17.977638777865
0.903228543884788,26.5254977974748,27,28.4039319756901,1.42219529372031,29.2885766783607
1.11564372829182,27.6360667566045,28,29.9955572507964,1.06047821404337,27.3837602573003
0.461876627895683,24.285033714798,26,25.2516994556269,0.628511683963717,25.1620430078258
-0.309061813785868,20.2478311501123,19,19.6999254064616,-0.112920003876173,21.2951178142851
-0.631179058356021,18.4517069158375,19,17.1810108241152,-0.314145515103414,20.192904469577
-0.830817820326238,17.2871664918521,18,15.5600003143632,-0.746729925666332,17.7167176996649
0.271962011819414,23.3188540550683,20,23.9196423664469,0.372100328700552,23.8565590924067
-1.2317720379208,14.9615018752714,16,12.3112460879121,-1.20054836076173,15.045827176467
-1.68067658546607,12.5021530258873,10,8.84602215944692,-1.83704832692979,11.4515233363288
1.08022193050813,27.449241365923,27,29.7262261102898,1.07436115844414,27.4562818965627
0.201303269219938,22.9544141426404,25,23.4215634955645,0.325524495206398,23.616979667398
-0.80281239859886,17.4519712426229,15,15.788861002805,-0.813803323828197,17.3197353635599
2.50039254946624,33.9537182434344,36,38.736339080975,2.5335519547859,34.136837115428
0.0953760166414232,22.4025515802951,22,22.6695130546056,-0.116266663254743,21.2769664910657
1.57423873625673,30.0786259061281,32,33.5355771008613,1.55464356873664,29.9879590143188
-0.486172972525973,19.27369282196,21,18.3328875251094,-0.0823875094444729,21.4604536205155
-0.235718091740704,20.6440728711497,21,20.2529826060957,-0.361900708136088,19.9275779145186
1.35530988146797,28.9120349750559,33,31.8470966903724,1.47281333111178,29.5562801671482
1.52638713696842,29.8253439466533,26,33.1712003583043,1.91527777953513,31.8132048963163
-1.0517157578019,15.9910673225724,15,13.7570079460497,-1.21124678159495,14.9843085441445
1.2235420181197,28.2084151742798,30,30.8241574388671,1.71428683106497,30.8187001252039
-0.80757919104303,17.423936973901,15,15.7499248426198,-0.63375653155053,18.3793611303361
0.526453403887908,24.6106539965175,26,25.7049315823573,0.615236080106563,25.0946313070934
-1.95508286100649,11.016595433951,10,6.82415547188701,-1.88464537158517,11.1819666909435
-0.0371551051427068,21.7040369431618,19,21.716098726689,0.0294001261740158,22.0616091479727
0.417757558417576,24.0619871631403,25,24.9424791332851,0.517029200400754,24.5960114600718
-0.196302704314614,20.8557981049499,23,20.5472220665447,0.171279145177049,22.8139965561186
0.989124400743299,26.9716466387692,30,29.0406344788957,1.23505546995889,28.2997762490536
0.935204673865394,26.6910906761044,29,28.6398472179135,1.14673029921661,27.8352846043959
-0.243206711680462,20.6037583626322,21,20.1968487833263,-0.103489618205474,21.3462348392517
1.02652934815621,27.1672217083177,31,29.3208706200041,0.808227750833114,26.0783275198901
-1.74812127319191,12.1363332567087,9,8.34083201140528,-1.45015499098091,13.6301722426017
0.0880336283926266,22.3640696122866,23,22.617090212749,-0.0530540575359477,21.6188455675759
-0.382042706522025,19.8498554250468,18,19.1421113074953,-0.266054504812076,20.4584852111823
0.419022393165328,24.0683907258172,24,24.9513421539487,0.676690631251231,25.4068890847485
-0.461890457990205,19.4090397386088,17,18.5229926286927,-0.400169513970324,19.7136835496576
-0.794095407208261,17.5032151770531,20,15.8600403246746,-0.605418080800825,18.5439725306993
-0.53441235281817,19.002881406152,21,17.9527651608275,0.153547504592392,22.7206752360908
-0.200635447415921,20.8325605234044,22,20.5149761015702,-0.423388215311093,19.5833129523068
0.531617554175984,24.6366688053895,21,25.741229358809,0.956961079017012,26.8451079167956
-1.19847767597271,15.1493648226715,16,12.5761547491993,-1.74939897557677,11.9476374228351
0.444887980580655,24.1992191900456,25,25.1326077460603,0.347322641793373,23.7292545005065
-0.552033394560872,18.9033015369772,15,17.8131188364429,-0.699290663539257,17.9960939194656
1.38992739842534,29.0972422630298,28,32.1163940261955,1.38720380382175,29.1034452006499
1.12243758513336,27.6719654973239,28,30.0473799057201,1.57428560058476,30.09119973404
0.954224377826847,26.7898660268333,29,28.7807927397775,0.907517724513272,26.5892407320302
-1.60867953179364,12.8924894034789,12,9.38977336804003,-1.71677709024592,12.1319243999612
-2.20387601204454,9.71434048302942,10,5.11464752647055,-2.00910135245745,10.4803326036064
0.400013364799194,23.9720874159247,24,24.8181425798635,0.251666625147051,23.2344258644165
0.259100778480089,23.2527426274183,27,23.8291485043834,-0.10056202761705,21.3620945085837
1.60440143558308,30.2373284580801,32,33.7629460755467,1.99380922525643,32.176167942084
0.486385809821446,24.4087067581864,25,25.4235949357666,0.260144443909032,23.2785139246714
0.314386436280149,23.5362449788283,27,24.2177349241967,0.0303420996023084,22.0666454010597
-1.3557474453841,14.2713859736515,12,11.3351560979813,-0.517317233644211,19.0509367005676
0.11388710576556,22.4994439156369,24,22.801493930044,0.712480679627079,25.589075346744
-0.110758444155765,21.3129647178035,20,21.1791304655753,-0.682219287989292,18.0962581649647
0.247807382953471,23.1946088842282,26,23.7496304918393,-0.174681852197642,20.9592138626264
0.0513162412071649,22.1712248500632,22,22.3542826873866,0.789282548138563,25.9812725934675
0.194220991680905,22.9177196316855,25,23.3715027640026,0.528331363197826,24.6534307573734
0.545911665623122,24.70866857293,26,25.8417528932123,0.199292914006982,22.9610024620554
-0.420287430716043,19.6394934197544,17,18.8467259186799,-0.111171519185005,21.3045988260731
-0.610926728307778,18.5679256231834,19,17.3434820985168,-0.589827957862815,18.6342199284574
1.14879653586625,27.8114363733532,29,30.2489221201061,1.62089965199033,30.3353005993322
0.884399678427535,26.4282663463511,24,28.2656195669157,0.839319949864045,26.2379029594213
-0.556520744864706,18.8778860340763,15,17.7774907431171,-0.932137868785737,16.6173306116198
-0.996657417005473,16.3119462404685,15,14.2046328157314,-1.07971920903538,15.7470856749486
1.29881000404652,28.6099272101493,32,31.4076480260894,0.827303245862517,26.1761853820616
-0.251052437084398,20.561489060088,21,20.1379577516847,-0.0505539800257577,21.6323245500044
0.383125715743904,23.8864067800751,24,24.6998004023448,0.519813174739282,24.6101569401199
-1.4697932445507,13.6467244152809,10,10.4509367040218,-2.02430643080796,10.3952736653035
-0.0182591915256459,21.804097082447,26,21.8530330845749,-0.106057793070629,21.3323186401189
-0.684675372585776,18.1426834068316,17,16.7497151309069,-0.3645004024129,19.9130847354422
-0.155001516499827,21.0768930314808,23,20.853417638775,-0.185822997038582,20.8984089186165
1.15264983444329,27.831849541003,28,30.2784466017587,0.745394744337087,25.7569243369353
-1.54441445136493,13.2410478026651,13,9.8787764087472,-1.16933982197333,15.225816610473
0.274079184425972,23.329727674094,21,23.9345330286982,0.340416246903387,23.6937111325636
-0.0615721334673823,21.5745326606501,20,21.5386124907413,-0.275724965873079,20.4052018040116
-0.84538219685598,17.2013850418758,19,15.4408985193767,-0.669005715614787,18.1736362546088
0.381663642670542,23.8789829831307,23,24.6895539367528,0.24681312041757,23.2091644196773
0.515989928194388,24.5579363967422,25,25.6314146056336,0.896591188946517,26.532825990887
-0.54918093822017,18.9194453567054,20,17.8357525857806,-0.199330868215113,20.8245976747776
-0.184169032235856,20.9208289099915,23,20.6373986754068,-0.685686670177782,18.0759311398355
1.46694702607016,29.5088901083338,30,32.7138108462443,1.60368079854998,30.2453001788387
-0.225333762725394,20.6999279292558,22,20.3306993092314,-0.17173210834279,20.9753016279973
0.357972821731722,23.7585523427281,23,24.5234943406823,0.522652414764612,24.6245819566764
-1.49230176388427,13.5241875711186,11,10.2778452889563,-1.2963184869561,14.4982593447955
0.340831217391496,23.6712426559481,28,24.4032917531226,0.516987786598483,24.5958010253594
-0.771625953894798,17.635150499429,16,16.0433590081847,-0.129131435087715,21.2071384928194
1.2627899001972,28.4176025293056,31,31.128011136843,1.24845752376008,28.3704149572399
0.748089514190467,25.7302526740867,25,27.2768014557055,0.710076786761597,25.5768285208067
-2.37981649741482,8.86069009922857,7,4.02489153868027,-2.06702147197154,10.1575383016013
-1.28977814138974,14.6368652945979,14,11.8525323018441,-1.42388264823119,13.777767171872
1.42314413654941,29.2749008422582,29,32.3744765903809,1.64866342969965,30.4799230567051
-1.02691326564574,16.1353269172122,15,13.9584030616471,-1.31464826815503,14.3942016597293
-1.29699351292917,14.5967082264497,14,11.7957230512065,-1.19648210001994,15.0692334916662
0.900883643661885,26.5133776619356,28,28.3866826752479,0.832536925621035,26.2030586052852
0.462729932063661,24.2893418940055,25,25.2576822611555,0.867160670923022,26.381109085472
-0.339158735300131,20.0842112845956,20,19.4708095573961,-0.113906148039835,21.2897698433234
-0.189826454580305,20.8905159513659,23,20.5953762849726,0.108220069014705,22.4811731355448
1.5500745499393,29.9509267082656,32,33.3520818133978,1.71713945040121,30.83331065453
-0.18527328459811,20.9149133399516,22,20.6291996405628,-0.0165261696701554,21.8154531077684
-0.281297564076656,20.3982134093737,21,19.9101537253487,-0.204212063046283,20.7979008387601
0.540044629434374,24.6791172616803,22,25.8004830974056,0.76013163578934,25.8321847750908
0.125798185783258,22.5616925024629,23,22.8862833702593,0.314179263766651,23.5584353422792
0.465843906636532,24.3050621978251,25,25.2795164013508,0.316762150076664,23.5717704205799
0.322239311005636,23.5763726017705,22,24.2728539427739,0.733216306282128,25.6947816525054
0.843911245037344,26.2198755766367,27,27.9696790538575,0.28960138460715,23.4313400425567
-1.17065854269779,15.3072208776949,16,12.7983893183612,-1.45616517287172,13.596429469888
0.0197431802610597,22.0048867216663,21,22.1273716104015,0.415129362770974,24.0769145540464
-1.12651078599585,15.5593939698,12,13.1526718617925,-1.42306848791222,13.7823438890651
-0.4756921401875,19.332189425772,20,18.4150440261187,-0.836087616632625,17.1875162320915
0.0892495369134225,22.3704441958253,22,22.6257744208949,0.389803363777583,23.9473226576159
-0.453995285247941,19.4529105463143,17,18.5846210732158,-0.0898167411056617,21.4202675906343
0.708598396031048,25.52975753894,30,26.9940019210711,0.287375846772047,23.4198130153404
0.457235123150967,24.2615962051729,25,25.2191582541937,0.565631807921931,24.8428274345173
-0.109122081698933,21.3216814752433,24,21.1911333920299,-0.271152420134783,20.430403497807
0.465282535536838,24.3022284060699,25,25.27558013722,-0.155065585848202,21.0661143030876
-0.586985692531347,18.7047322656422,14,17.5349201695945,-0.903953306923582,16.7845619812578
-0.463450933468289,19.4003609197583,16,18.5108011998511,-0.185460093565799,20.900390578201
0.101986558609072,22.4371738806371,17,22.7166749155024,0.161946074826351,22.7649029603183
-0.787975281631833,17.5391744410611,15,15.9099955435951,-0.863522340930746,17.0246320424705
1.07017023076889,27.3963345229459,27,29.6500691072167,0.908562327354211,26.5946365919118
0.408417159794803,24.0146801220138,23,24.8770294350643,1.14617686195387,27.8323804430183
0.408209753336605,24.0136292707043,24,24.8755761108911,0.268263332483434,23.3206914122158
-0.148489668614509,21.1116873073509,23,20.9015030561725,-0.295418952225685,20.2965035541882
-1.14924752118662,15.4292680062744,12,12.9699705695538,-0.846277915915285,17.1270241871306
1.5480798140244,29.9403656966321,31,33.3368861242809,1.6229095163446,30.3457914317017
-0.251751075063928,20.5577234699854,21,20.1327096763318,-0.265717708751961,20.4603398685681
0.781856476275204,25.9022516124073,26,27.5198291376084,1.15281897764743,27.8672404754447
0.480982314634902,24.3814522864392,25,25.3856870028432,0.535860597839368,24.6916721956212
0.579802866172178,24.8793748502523,22,26.0804497172116,0.972477622099103,26.9255999012942
-0.140073012884128,21.1566342305807,24,20.963578583709,-0.460118397227622,19.3761054254254
0.32972894095453,23.6146126522889,23,24.3254092160718,0.185422243795834,22.8882803356983
0.43197345157412,24.1339256865493,24,25.0420972841754,0.336059966345216,23.6712780229727
0.688848005941628,25.4297215053836,23,26.8530991362708,0.0225332738322315,22.0248800714038
1.02479376788187,27.1581304063056,26,29.3078280801476,1.00617062403634,27.1006915299368
-1.4769353299216,13.6078231292846,10,10.3959653195748,-1.39301876491289,13.9514140465942
-1.55716187673325,13.1718732684336,14,9.78150762437688,-1.78682690649383,11.7359176628964
1.03286182592709,27.2004059364929,31,29.3684903969759,0.677148575595966,25.4092183460687
-0.135227259755812,21.1824989760045,23,20.9992792437598,-0.494043477395335,19.1836195488123
-1.03549169809258,16.0853750943494,18,13.8886970869782,-0.782738335477352,17.5038237974304
-0.358250273608594,19.9800651394516,19,19.324803448511,-0.550208019951337,18.8625393783183
0.667682361019033,25.3226686183281,24,26.7024623344199,0.85985316805032,26.3434914789301
0.826318652852441,26.1296166117093,22,27.8417010292635,1.0285199934415,27.217060332615
-2.1639646593883,9.9170991176627,11,5.37719310628884,-2.22119300046107,9.32134194208505
-0.0302625863068409,21.7405516448166,20,21.766088854443,0.41485327306457,24.0755033291793
-2.01936631795557,10.6728821275449,9,6.36752920848273,-1.33379937825114,14.2857016862551
1.32089873690701,28.727989609299,32,31.5793787639518,0.952855714798936,26.8238267038394
0.395284720468731,23.9481086281207,23,24.7850074247496,0.0533346818590937,22.189413596715
0.356726150577831,23.7522074982158,23,24.514753901074,0.571496460860828,24.8725972246297
-0.174409903824602,20.973086308017,18,20.7097934593871,0.295457807593849,23.4616581676824
0.340121104706759,23.6676224894647,22,24.3983110681702,0.695710261899712,25.503668423508
-0.650699557049506,18.3392771178167,18,17.0239765940367,-0.811283113396532,17.3346811744386
1.20798723128326,28.125638386826,29,30.7040416597659,0.889512132602258,26.4963014276354
-1.71438967799543,12.3193161940195,9,8.59296104947411,-1.72505135591269,12.0852059404065
1.33888870088188,28.8241938394523,27,31.7193253881393,1.72763148424442,30.8869542106284
0.861190624269254,26.3086967873279,27,28.0957353398906,1.07495428726815,27.4593816647745
1.3327344299243,28.7912788358552,33,31.6714448253466,0.991096525685155,27.0223046955385
-0.0104005171064286,21.8456688909579,20,21.9098785421019,0.0254229010770768,22.0403392813026
-0.74878309833873,17.7690022000893,20,16.2294455695301,-0.546897797757318,18.8815473924921
1.3961796908315,29.1306900350587,29,32.1650051467979,1.42903260151362,29.324749166644
-0.776333368955315,17.6075300168212,15,16.0049738451796,-0.391773614665268,19.7607128980124
0.0715835917923016,22.2777540686382,22,22.4994852584568,0.273831852267784,23.3495950953612
0.375803198922177,23.8492163592456,23,24.6484811078803,0.541712634443194,24.7213903895562
-0.496521650738897,19.215815617501,16,18.2516142189829,-0.381603790874906,19.8176006733033
-0.93365508445917,16.6815125399389,17,14.7188571548518,-0.749601618662336,17.6997627274381
0.395209792777351,23.9477285969061,23,24.7844823754542,0.556542189736912,24.7966843152727
1.13967380774514,27.7631325312655,28,30.1790845589646,1.48845641787557,29.6389426871935
-0.541127692002461,18.9649735305187,15,17.8995952975089,-0.367187453555945,19.8980989778841
-0.746300168679723,17.783532078447,16,16.2496531172397,-0.858959396619126,17.0517274806598
-1.1075666551119,15.6682171374259,18,13.3052735129658,-1.43522335669462,13.7140355493136
-1.31195056615981,14.5136140012255,14,11.678135452716,-1.33283145898375,14.2911802778256
-1.0009788713145,16.2866800607516,14,14.1694300071862,-1.05365598445428,15.8998391873788
0.0796948001258444,22.3203317124621,22,22.5575013466366,-0.42060181377651,19.5989829045012
-0.486745304862261,19.2704950124029,21,18.3283966695619,-0.91584592576904,16.7139780988574
0.22687069210715,23.0866321197557,26,23.6020626316477,0.559439597678637,24.8113933846172
0.556514212171235,24.7620701548572,26,25.91636991583,0.439999203284426,24.2039109226113
-0.248471525396636,20.575397583582,22,20.157339523925,0.339387097724877,23.68841239166
-0.459644249617239,19.4215278388912,16,18.5405352969683,-0.312173763831381,20.2038239495102
0.0917377145744085,22.3834864695532,23,22.6435417483645,0.105693442270746,22.4677836053927
0.168874356323246,22.7861495541674,24,23.1921035966585,0.0952090960316043,22.4121796805247
-1.35562923690452,14.2720377061693,12,11.3360791590796,-1.34496564560061,14.2225362220887
0.0241360008806894,22.0280566648018,22,22.158995772664,0.126924283652548,22.5801656909735
0.345668448073431,23.6958959709063,28,24.4372172130079,0.275768276846212,23.3596415284094
-1.43872192996803,13.8162086839324,11,10.690621990938,-1.59949321374728,12.7922621447062
1.69136453020372,30.6891775189721,30,34.4055244657667,1.91530951530797,31.813354977644
2.00732211647031,32.203489333156,35,36.4906907552944,2.29665060470774,33.3924625749123
-0.216661816315708,20.7465308071192,17,20.3954918845034,-0.352887884996844,19.9777833993022
-2.81540010006767,7.08196321956133,5,1.86635958464777,-2.54810532134245,7.74030516107108
-0.262079900876558,20.5020201134552,21,20.0550440084143,-0.335972144547616,20.0718450885731
-0.281793121590601,20.3955336262797,21,19.906410795997,-0.225352943545275,20.6821213416339
1.49676516697676,29.6678388887659,25,32.9438071181954,1.58163982274396,30.1298020662973
0.0972213832045533,22.4122188756239,24,22.6826819131796,0.316420342244319,23.5700059437922
-0.0520654692627484,21.6249820459995,20,21.6077899602218,-0.1907130191737,20.8716997084453
-0.646402870404893,18.3640579743435,18,17.0585769442664,-0.380928475834868,19.82137524471
0.635239966304841,25.1588355071592,23,26.4722374935498,0.939887986303972,26.7566477605776
-1.79138899153865,11.9016048431783,13,8.01913317126892,-2.28756787383631,8.97596251914304
1.11274362519097,27.6207489116605,28,29.9734515023994,0.749546017661691,25.7781175454644
-0.564111573196643,18.8348407057074,20,17.7171619844443,-0.754964993504604,17.6680847422568
1.67373848769178,30.5984020719612,29,34.2770524238734,1.59727804180049,30.2117807179533
-0.966154701694898,16.4906159661774,16,14.4533859138464,-1.10757232395152,15.5843978857439
0.32025036443459,23.5662124398837,21,24.2588950904533,0.0190211334191387,22.0060840234875
0.0711207884858867,22.2753237170809,23,22.4961733982378,0.13003678610748,22.5966166361106
-1.26966176534376,14.7490784364193,10,12.0112072723558,-0.547034258480686,18.8807640138092
1.22258044330716,28.203295767759,30,30.8167265441298,0.949023572143194,26.8039676441429
-1.44252255158317,13.7954540980179,11,10.6612565537895,-1.63118546813787,12.6141563017713
-0.397887244694258,19.7628680958127,18,19.0199928616376,-0.234930086136079,20.6295877680765
-0.744231030177506,17.7956373936429,17,16.266489888436,-0.732892827031712,17.7983498864906
0.443611357352008,24.1927671828341,25,25.1236599468015,0.0984202452433171,22.4292174902698
1.44505919649014,29.3920251762012,30,32.5444297745475,1.06533067875085,27.4091014186044
1.62667428601184,30.3539379325652,28,33.9294882259304,1.52995949867653,29.8579693690332
-0.219080390736533,20.7335371688596,22,20.3774313536694,-0.538951827956847,18.9271318116471
-0.685333975409194,18.1388617522989,17,16.7443876737476,0.0581584608669496,22.2151301263351
-0.919855468494782,16.7626938685664,17,14.831676463328,-1.20616984309619,15.0134907184092
0.0137938292395432,21.9734933325902,21,22.08451357235,0.19940105217314,22.9615689071496
-1.29480810889789,14.6088660542052,15,11.8129237261777,-1.28044418471875,14.5885559356329
1.2111310122286,28.1423620174995,29,30.7283026415633,1.40493894118354,29.1972771233228
0.458626173029815,24.2686209896354,24,25.2289104493996,0.519776658018913,24.6099714053772
-1.68430919727289,12.4824547042822,10,8.81870529454616,-1.3035525756257,14.4571659444917
0.417714820703243,24.0617707816847,23,24.9421796599309,0.802478839736849,26.0488622895379
-0.674232426174804,18.203226963661,18,16.8341340117615,-0.751017484631273,17.6914015873687
-2.14493292224621,10.0147942524589,7,5.50417036434721,-2.00750787964233,10.489258183285
0.473975072747093,24.3460995340115,25,25.3365374062856,0.475619785092779,24.3854257000096
-0.426492151613826,19.6052340511543,18,18.7986030518703,-0.61532463646976,18.4865097354689
-0.244918016784202,20.5945414612896,21,20.1840105396921,-0.0669892156107534,21.5436554056454
1.35771669811255,28.9249110658793,29,31.865824175735,1.41121146286753,29.2304641278049
-1.13712958186962,15.4985545309277,12,13.0672819601857,-1.44214044134845,13.6751795589318
0.536946294697836,24.6635109135104,26,25.7786944221412,0.778629714466646,25.9267559891667
0.248155690440106,23.1964029731304,26,23.7520837787234,0.437155308269807,24.189400737569
1.15723980376099,27.8561731924715,29,30.3136355001889,1.08140166611221,27.493083731576
-1.21656155434953,15.0471845338851,15,12.4321238538235,-1.33310150168182,14.2896517358646
-0.430766570723616,19.5816107529643,17,18.7654187998174,-0.354962972974245,19.9662297704392
0.850619548591091,26.2543382095483,27,28.0185749403998,0.893703243497883,26.5179231639159
0.670596388301047,25.3373987994704,29,26.7231802447799,0.936431014096473,26.7387500111624
0.187733348481615,22.8840796882912,20,23.3256203403835,-0.00661565102591104,21.8686712739323
0.436525522763552,24.1569463059782,25,25.0739984957988,0.788395027891491,25.9767291008367
-0.000597868538237756,21.8974883971039,26,21.9807014428264,-0.00468086741274241,21.8790544992515
1.40445758083795,29.1749698962153,29,32.2293447057476,1.53874647992482,29.9042709492418
0.379606991311996,23.8685385328401,23,24.6751402702747,1.00711440366764,27.1056020161619
-0.200157303570545,20.8351253512169,22,20.5185358123082,0.10904945574151,22.4855674708859
1.13417710755773,27.7340450662294,28,30.1370482645232,1.62332307772878,30.3479496950653
0.479442950521292,24.3736868451898,25,25.3748888530176,0.185417079728269,22.8882532370264
0.0543840282184925,22.1873624501952,22,22.3762837376233,0.0245237776019984,22.0355295780045
-0.756098513158136,17.7261701782515,15,16.1698854792917,-1.08088464314252,15.7402666898092
0.806188347065503,26.0265465576664,26,27.6957001655483,0.706936204452294,25.5608308868715
0.0539768466454728,22.1852207943585,22,22.3733640442061,0.206959128007323,23.0011398036358
-0.895563999401567,16.9057210943168,17,15.0303620349678,-0.596026183376967,18.5983669311169
1.0622600059276,27.3547343073659,26,29.5902236876627,1.55780396182578,30.0045831945532
0.613213426648075,25.0477416572251,28,26.3163459604242,0.634641550721312,25.1931758693406
-0.22777042574688,20.6868265923438,21,20.3124760052805,0.159103465788895,22.7499387597229
1.21760851104454,28.1768299807033,30,30.7783156260284,1.60235655800635,30.2383698274462
0.0833881482272888,22.339708014698,22,22.5839006843761,-0.173647265531595,20.9648569732583
-1.0641550342177,15.918912432072,15,13.6561736855643,-0.976271452134587,16.3559282212611
-1.04179534984659,16.0487069786513,14,13.8375081811913,-1.1832710580442,15.1453722472354
-2.11388217610078,10.1754724697508,11,5.71367533412401,-2.36241147619009,8.60006304093288
0.218596820668172,23.0438882608104,21,23.5436881806696,0.138026093643799,22.6388145807351
0.887005529914115,26.4417106424654,29,28.2847351552788,1.01699524312726,27.1570311514103
0.937777126140607,26.7044381091969,29,28.6588831543818,0.873916939600854,26.4159078492675
-1.08887893646789,15.7759160613414,18,13.4561296517873,-0.916282339661643,16.7113884253789
-1.97656428724368,10.9013638341175,9,6.67061912223073,-1.56299375603968,12.9971555406577
0.669054146928252,25.3296025645851,24,26.7122145148773,0.113289153779748,22.5080237365923
0.117065540195478,22.5160623177818,24,22.8241298251074,0.798303127169497,26.0274679398506
0.268569269312246,23.3014236796483,21,23.8957767279473,-0.177859215649177,20.94187952123
-0.0486786766156982,21.642946451287,21,21.6324118185307,-0.110887994263543,21.3061360694818
1.97444062525596,32.0584560677396,29,36.2962780568675,2.04622107108458,32.4083156689387
1.85728911537503,31.515543178242,33,35.5580684279313,2.02487898868553,32.3148124611193
-0.571265028678965,18.7942154993165,20,17.6602408925686,-0.290123276960785,20.3257573024658
-0.0456039706651246,21.6592516162557,20,21.6547544751492,-0.352541669327649,19.9797107305168
-0.550672360692642,18.9110056308638,21,17.8239197494117,-0.47030513197024,19.3184206186777
1.80797532411833,31.2760623014973,32,35.2274413224305,1.58996892164117,30.1734836245029
-1.4867114955227,13.5546046763977,10,10.3207930584197,-1.49686283961314,13.3680814225251
1.4451845848063,29.3926950197988,29,32.5454012214054,1.48920699557807,29.6429077373964
1.0720954891031,27.4064642321752,27,29.6646463849472,1.45640524617689,29.469531868238
0.473152731848793,24.3419499605024,25,25.3307700608286,0.603224327049327,25.0336495663786
0.985066801823216,26.9504771329645,30,29.0103434499933,1.03380853058543,27.2446223265928
-0.653029281774577,18.3258327537696,16,17.0052076496988,-0.745492096863152,17.7240246775716
-0.776157597441873,17.6085615521121,15,16.006407327975,-0.400174359803635,19.7136563888343
0.830184920368285,26.1494377962292,27,27.8697953753916,1.15820660022084,27.8955253078753
-0.688843327242273,18.1184915256999,18,16.7159937012965,-0.757133304058318,17.6552737212912
1.00384207760992,27.0485086413891,30,29.1506840975365,0.924562377941529,26.6773381155229
-0.330943603953011,20.1289383438105,20,19.5334757330414,-0.452236879189534,19.4206706661424
-2.03481096542132,10.5908663718112,7,6.25915999639223,-1.73441813004829,12.0322985186699
-0.116499133844432,21.2823764991877,24,21.1369975009801,-0.211360733666015,20.7587786922504
-0.0379176487006287,21.6999960398466,20,21.7105651732972,-0.40404703013782,19.6919437918219
2.83677761403028,34.7755188671029,39,39.7125671663755,2.93237042801697,35.088900677366
0.406230331765052,24.0035994208897,24,24.8617060353526,0.576246208865903,24.8967069245705
0.939062276230037,26.7111076668694,30,28.6683963440835,1.09439396614072,27.5610374431896
0.171452572312472,22.7995499744641,24,23.2103694033249,-0.229766273565223,20.6579194570728
-0.173453419783833,20.9782058084933,23,20.7168824219149,-0.218297824663983,20.720787166551
-0.290848700085792,20.3465373376068,20,19.8379544978763,0.0193463009679847,22.0078245310673
-0.482851693161379,19.2922428214692,16,18.3589390644181,-0.486839716374314,19.2245831931836
-0.323017466487033,20.1720441948527,20,19.5938463408953,-1.57341620920802,12.9386682621509
0.0736013874736455,22.2883490203969,22,22.5139227226906,0.0113198621590684,21.9648442174021
-0.0392280060039508,21.693051604166,20,21.701054908271,0.198409974760942,22.9563771895364
-0.924632035355913,16.7345870670664,16,14.7926202551214,-0.757283857961225,17.6543841159192
0.728467086228375,25.6305467941128,25,27.1360996928168,0.502486749319796,24.5220984510701
-0.0664983495979393,21.548376889652,26,21.5027280278992,0.276359616783836,23.362709000788
0.927406300091665,26.6506512823566,29,28.5821917502567,0.836451445914722,26.2231652945763
1.8816579296955,31.6316343928414,33,35.7172704324077,1.94704078538368,31.9620798182064
0.464414259278615,24.2978452050085,24,25.2694919967013,0.820665714340336,26.1421189673186
1.22439445157958,28.2129537573893,30,30.8307454950133,1.22071635452345,28.2242414269594
0.863776468220939,26.3220033901919,27,28.1146304585989,0.544033743301564,24.7331765974029
-0.829922535534556,17.2924382550127,18,15.5673201054452,-0.584469178471548,18.665188261875
0.328151649807751,23.6065619477115,22,24.3143423403887,0.535110151471746,24.6878609500122
0.588943778344773,24.9254263737212,22,26.1449268709463,-0.023151521457637,21.7798459444587
-1.65321898055624,12.6510283738145,11,9.05287368807885,-1.85046802127819,11.3755092927479
0.493660589717302,24.445390804318,25,25.4746415966258,0.668697125492269,25.3662382896093
0.736039834250398,25.6690053385142,25,27.1903557007916,0.601187191893016,25.023308213506
-0.00133664908089346,21.8935843988351,21,21.9753670706046,0.440591389757561,24.2069320202947
-0.318855416518373,20.1946609206083,20,19.6255115228581,-0.522563097901409,19.0209584342848
0.409158999438411,24.018438608565,29,24.8822276018739,0.133816076651854,22.6165833253359
-1.98505696654652,10.8559029116628,8,6.61017212423795,-2.07161238087806,10.1321083424973
1.01724434710494,27.1186037432487,30,29.2511403802541,0.908990982937469,26.5968509224045
1.09374307354624,27.5204865815028,27,29.82886100971,0.810434822574618,26.0896428288506
-0.381809636121843,19.8511333188428,18,19.1439049302692,-0.364387599811022,19.9137137146228
-1.62459838857251,12.8061886855706,11,9.26917158415585,-1.4429524087245,13.6706191539019
-0.682756843473129,18.1538137430025,17,16.7652318749693,-0.743720817739328,17.7344791816315
0.604537342439193,25.0040063335052,22,26.2550260437159,1.01814748740381,27.163030767655
1.83410243686075,31.4036745384907,31,35.4039879577482,1.79796488318505,31.2422085153241
-0.77622800744248,17.6081483448375,20,16.0058331098522,-0.770122852675519,17.5784794828537
-0.318157568120608,20.1984518352853,24,19.6308184043733,-0.562164802331894,18.7937932420321
1.03369034191748,27.204749188535,27,29.3747245404277,0.737263243948537,25.7154268312691
0.852621426348062,26.2646273977883,28,28.0331767442551,0.64599268099407,25.250839557155
-0.82415504827908,17.3263949549895,15,15.6144698513761,-0.663051175337071,18.2084608403272
-0.478846815923136,19.3145948315568,21,18.3903317883543,-0.00382026607158417,21.8836723438347
1.07631241999956,27.4286578956347,27,29.6965910348548,1.541689649098,29.9197728467675
0.0461945558145047,22.1442731436596,22,22.3175337431293,0.027555909367955,22.0517475686763
0.611987741786412,25.0415623781734,28,26.3076804005491,0.726640516335133,25.6612461428318
0.176794301745615,22.8273014789882,24,23.2482008060137,0.316202090076008,23.5688792482757
-0.609347937851364,18.5769668739832,20,17.3561277051361,-0.44027679378462,19.488189534008
-0.0600905599020987,21.5823972682073,20,21.5493997903344,-0.109006925554406,21.3163339964918
-0.448737423902268,19.4820905346719,22,18.6256132685195,-0.546231647686397,18.8853712960488
0.420166419438244,24.0741821533051,25,24.9593586787448,0.0830056313045155,22.347370924566
-1.6989347121502,12.4031398320498,10,8.70884239973591,-1.9207424214496,10.9777760370225
0.915648136493276,26.5897442432864,29,28.4954074302208,0.795575112886533,26.0134943622302
0.780908808489815,25.8974168101121,26,27.512992371505,0.896652496356184,26.5331423948282
0.254674662763356,23.2299679323986,21,23.7979901752646,0.134138978619334,22.6182888416332
-1.01087476609265,16.2288700726698,20,14.0888583683569,-0.990756364610672,16.2703067329376
2.58969829829233,34.1944301918455,37,39.028777688241,2.93274426287584,35.0896674122738
-0.108296691018894,21.3260778714368,24,21.1971865771877,-0.214434250365464,20.7419496708277
-0.185639397984619,20.9129519223392,23,20.6264809229624,0.00443329740927267,21.927938689965
0.717597151071488,25.5753860882687,25,27.0583147698928,1.09852106956981,27.5826343938257
0.755305889140098,25.7669646688403,25,27.3286411683259,0.643589640973062,25.2386306373779
-0.589792288151699,18.6887275671584,20,17.512514173437,-0.603610588181854,18.5544471831141
0.629005462730089,25.1273811168665,27,26.4280807164474,0.460481331088313,24.3083323648476
-1.20992316042326,15.0846542802781,16,12.4849560040301,-1.17308085152902,15.2041987906829
0.756131789698581,25.7711678447947,26,27.3345774578524,0.568268391692282,24.8562112417654
0.198939794265696,22.9421719120188,25,23.4048604874338,0.556250305961569,24.7952025004705
0.548933875952927,24.7238905926546,26,25.8630172236718,0.757568188927544,25.8190883125158
0.719225548021446,25.5836464375317,25,27.069960560926,0.99574502051289,27.0464685172388
-0.075826736021471,21.4988224451921,20,21.4347050627819,-0.350970521785669,19.9884559264409
-0.587936979013962,18.6993085166545,19,17.5273268244398,-0.404363815086576,19.6901671369373
0.0361767581942648,22.0915214412678,22,22.2455881239276,-0.110599378947604,21.3077008704383
0.565615048425034,24.8079085489009,22,25.9804585580011,1.20432424390427,28.1379489910074
-1.08951458177184,15.7722472205919,18,13.4509933661655,-0.746723204362181,17.7167573781836
-0.779525328478308,17.5887949261612,16,15.9789394738517,-0.686558868280847,18.0708165835653
0.400021589252019,23.972129113723,24,24.8182002106788,0.230648523369662,23.1249185915997
0.407867266024981,24.0118939778006,24,24.8731762572414,0.137280439635168,22.6348779581451
0.13057582739901,22.5866390792016,23,22.9202645415317,0.484057056064078,24.4283651728519
0.151696544870592,22.6967681254342,24,23.0702972395392,-0.297372496073309,20.2857072944155
-0.0609216878254919,21.5779855118742,20,21.543348655985,-0.113578914855616,21.2915445206855
-0.504179828752054,19.172909168555,16,18.1913737200233,-0.6085150168385,18.5260184229917
-0.422540094964059,19.6270596968273,18,18.8292610630673,-0.990295170838055,16.273031336732
-0.483865341968366,19.2865826730041,17,18.3509898384924,-0.204182069993828,20.7980649205069
-0.804409482322004,17.4425794416684,20,15.7758166300491,-0.940560097911049,16.5673947518117
0.066128703592523,22.2491017180882,22,22.4604383640563,0.171401126592873,22.8146378134696
1.4959269147797,29.6633754328964,30,32.9373552620319,1.22010160258658,28.2210040933714
-0.799540758339494,17.471207470231,20,15.815579444932,-1.33351817681369,14.2872932807968
-0.68623637475814,18.1336247876571,17,16.7370874894294,-0.72988656467206,17.8160706490538
-1.31690497524697,14.4861329697302,14,11.6392371925711,-1.12830921787267,15.4636686042738
-0.596975734935693,18.6477235282007,20,17.4551220738878,-0.220203271525555,20.7103470879906
1.19581903075872,28.0609403276264,29,30.6102163584742,1.48931005216927,29.6434521413436
0.878326745009036,26.3969496215565,28,28.2211033629366,1.2437698320818,28.3457030796159
-0.272969338055418,20.4432266175522,21,19.9730059438367,0.0488160116361204,22.1653110058984
-1.32335625097567,14.4503806354578,12,11.5886250520197,-1.43554002028791,13.7122564717839
0.796512662386453,25.9770830530828,26,27.6256865727483,1.04804458266768,27.3188632206689
-0.051609356484158,21.6274016422607,20,21.6111065815791,-0.601922159818645,18.5642291276801
0.581716963335432,24.8890174111903,28,26.0939474855294,0.491212994473056,24.464769496019
-1.39151317475115,14.0746534385035,17,11.056512399522,-0.565293628516786,18.7757812757324
-0.819580164547763,17.3533241990807,14,15.6518635136297,-0.973280202273803,16.3736217284879
-1.21707088847915,15.0443115341077,15,12.4280722042859,-1.62195958758539,12.6660266639419
-0.59418181786682,18.663678422829,20,17.4774515760991,-0.273413148486058,20.4179450997717
0.330774985021022,23.6199510635945,22,24.3327483496855,0.442703164717846,24.2177044243178
0.775823676387691,25.8714812757803,25,27.4763229714428,0.397598539779254,23.9872409251551
0.344325960316318,23.6890550932137,22,24.4278022417742,0.0587331579503043,22.2181930169334
0.831920283876539,26.1583371669789,27,27.8824110856575,1.12245193339683,27.7079646219986
0.374084849220938,23.8404854492068,23,24.6364374760786,0.308549682536821,23.5293567129361
0.675979040433189,25.3646146610762,24,26.7614670373399,0.657339498912888,25.3085004052439
-0.484933577913328,19.2806164973967,21,18.34261095166,-0.491254629464214,19.1994839653321
-1.107435838313,15.6689698552043,16,13.3063284412733,-0.982407416521771,16.319646006529
0.383008964251061,23.8858139999808,24,24.6989821933928,1.02448365679096,27.196030897999
0.0899265128925026,22.3739930149118,23,22.6306089840375,-0.299109089627604,20.2761078585264
-0.344742201920259,20.0537827412704,19,19.4281630481185,-0.517683112897857,19.0488466886069
-0.149979015413356,21.1037308989829,17,20.8905097944548,-0.576965149984681,18.7085085141008
-0.27664254989651,20.4233785108949,21,19.9452963692515,-0.232711171767288,20.6417639253922
0.55796168459431,24.7693605814863,26,25.9265605568148,0.979411209648754,26.9615972110711
-0.231132967889773,20.6687420790667,21,20.2873153991384,-0.842872879146534,17.1472388873907
-0.850776239417043,17.1696071766129,19,15.3967784064538,-0.620653090569842,18.4555653710277
-0.26512149751157,20.4856051507221,21,20.0321457232949,-0.420372567840026,19.6002718182176
-0.597103738728592,18.6469923433617,19,17.454098815724,-0.442664447715556,19.4747207360554
-0.352263298507578,20.0127559070937,19,19.3706462890946,-0.785914288625935,17.485018867704
0.0989123653633265,22.4210758364742,23,22.6947467501506,0.161832010110067,22.7643025992436
0.0272604754733913,22.0445314993666,22,22.1814783244719,-0.0577541670019696,21.5934964179891
0.548782869545462,24.7231300200836,27,25.861954648059,0.451963235246128,24.2649227141363
-1.2903729438901,14.6335531255922,12,11.8478471230558,-1.25042164888157,14.7598162857779
-0.779847581158374,17.5869031938532,15,15.9763108199937,-0.504588354541261,19.1235678252251
0.129510257227636,22.5810762733062,23,22.9126870294886,0.689265088606292,25.4708636076573
-0.503210700820284,19.1783425130705,16,18.1990015813893,-0.72610921656502,17.8383288915605
-0.0338136060601799,21.7217416520756,25,21.7403400070064,0.320495987010855,23.5910406676364
0.728763452212989,25.6320514352218,25,27.138222024321,0.253940011150152,23.2462530112678
-0.467059562727692,19.3802810740371,22,18.4825949027065,-0.381419088285588,19.8186330773099
0.602982670918592,24.9961705645593,22,26.2440428929477,0.61192018711561,25.0777960681115
-1.29014202684335,14.6348389528758,14,11.8496659809134,-1.15813384818168,15.2906400515892
-0.0164930579328992,21.8134420001386,21,21.8658136382222,0.058153381432836,22.2151030542266
1.17072032512582,27.9276592547802,29,30.4171061753319,1.14204554738548,27.8107040470812
0.526233456437198,24.609545949086,25,25.7033858299029,0.695210281540007,25.501123254841
0.652773603649164,25.2473451051802,23,26.596567443155,1.19937417706363,28.1119029278124
0.616752726723074,25.0655864235602,23,26.3413739804798,0.713360177226376,25.5935564069984
-0.0521188127846886,21.6246990629575,20,21.6074020588981,-0.251299522470468,20.5396717773153
-1.39609216112125,14.0495285432934,12,11.0209295990296,-1.16448517875,15.2538866915859
-0.0966195758985151,21.3882476508343,19,21.2827404722584,-0.0556739095892048,21.6047173164378
-2.22719082070851,9.59731458946122,10,4.96372880491095,-2.37186171314087,8.55371719093604
-1.52710303589228,13.3350342911799,13,10.011088089373,-1.98402315602264,10.6210332839297
-0.6308716652087,18.4534741877203,18,17.1834803309049,-0.559353899848932,18.8099670017875
0.280058469900063,23.3604224917687,21,23.9765780720866,0.225611405086763,23.0986307995964
2.03989495880148,32.3437469351851,30,36.6775474587601,1.61377653753631,30.2980954182223
2.01864276432823,32.2526260506706,36,36.5562825161672,2.53997713194902,34.1548133029418
0.365778525046188,23.7982615861407,22,24.5782153138079,0.464033691298462,24.3264290258694
-0.359751331477759,19.9718643121618,24,19.3133016140212,-0.665424257949761,18.1945854904288
0.0722895223859265,22.2814609673204,23,22.504536619347,0.432785783540951,24.1671006303379
-2.2321823507775,9.57240302957994,9,4.93166142032659,-2.48054102059899,8.0403188758418
-0.736522938170452,17.8407074346754,21,16.3291858281824,-0.362171030592116,19.9260711248548
-1.2778762635,14.7032102241287,13,11.9463606083912,-1.36706409495185,14.0977211553926
0.940630594941834,26.7192480725964,29,28.6800085362739,1.2669700892598,28.4680499780569
-1.08956393782768,15.7719623616923,13,13.4505945627874,-1.06546942645453,15.830541941549
-0.340425277575493,20.0773110524346,19,19.4611396212905,-0.131884356473101,21.1921850871728
0.508668997318147,24.521044687672,26,25.5799986378286,0.427125506825787,24.1382023308128
1.75748540822344,31.0251640331166,30,34.8779981625037,1.45806417254104,29.4783041423664
-0.603676571865665,18.609422446979,19,17.4015291193036,-0.0970790349646492,21.3809572711455
-1.78533369016639,11.9344522075132,13,8.06403192904898,-1.80250339054966,11.6471707710459
0.379640092883021,23.8687066502768,23,24.675372259417,-0.164506519091228,21.0146903056195
0.773817586527963,25.8612532477466,26,27.4618643736823,0.373104780375252,23.8617130781409
-1.84528707365295,11.60938436529,11,7.62142663117276,-1.95249966867527,10.7984931744476
-0.771406335349444,17.6364388138731,21,16.0451495327321,-0.201540383953505,20.8125147388633
-0.058756214731481,21.5894796261527,25,21.559113131224,0.470584322813044,24.3597897426866
0.305527990967402,23.4909377817211,22,24.1555380182318,-0.00467637537427189,21.8790786038524
-1.21386216668872,15.0624154445128,15,12.4536015145696,-1.5297223274213,13.1837922871842
0.835549795010951,26.1769555948751,27,27.9088081816973,0.696032778745279,25.5053102397505
-0.734075307477771,17.8550103562534,22,16.3490856727847,-0.586928760719968,18.6509777073406
0.336524721349105,23.6492840090732,21,24.3730847187443,0.115646508100851,22.5205048473204
0.390940824748263,23.9260725554181,24,24.7545675363436,0.214056202706513,23.0382620749304
-1.38968404857447,14.0846935937984,12,11.070732054257,-1.54180193170758,13.1160408406402
0.246285982400857,23.1867714810973,20,23.7389139567118,0.166408325577978,22.7883824631921
-0.855591120717638,17.1412388343851,19,15.3573920932258,-0.893654904260706,16.8457008829963
-0.950979707261785,16.579692602051,16,14.5772953053119,-1.19655222948177,15.0688296967965
0.768700409290166,25.8351724189038,25,27.4250021725618,0.743630295145494,25.7479180690423
1.21460017803348,28.1608203764068,30,30.7550840073559,1.43806026843603,29.372505961354
-1.3629295743087,14.2318074058069,12,11.2790990876158,-1.65933004752906,12.4557947236723
-0.425747995169987,19.609344907776,22,18.8043775655148,-0.7186607773231,17.8821931813281
0.693855597388202,25.45507143701,24,26.8887923887251,0.312091486089551,23.5476535169251
1.37535016065828,29.0192525859487,34,32.003017272529,1.52719145853319,29.8433777624264
0.558555443070319,24.7723511470117,27,25.9307410693363,0.4178038084395,24.0905832634864
-0.767049988234372,17.6619883829782,16,16.0806608866422,-1.06483142091141,15.8342819552552
-0.635248576877778,18.428300942027,18,17.1483075828135,-0.719362619611426,17.8780614967124
0.331697306846345,23.6246575809479,23,24.3392192353407,0.0955698292921103,22.4140939951074
1.039086226348,27.2330443117136,26,29.4153469453815,1.72632752196953,30.8802955635794
0.404235107148272,23.9934879125569,24,24.8477251916162,0.72137879921338,25.6344212808516
0.947113749886614,26.7529140480836,30,28.728044891129,0.84416492395035,26.2628025136045
1.11599798620857,27.6379381455546,28,29.9982582000201,1.51990328176239,29.8049458865901
-0.92638078306734,16.7242986426634,16,14.7783227054921,-0.821521124058072,17.2739557412318
-0.687397474444766,18.1268854032866,18,16.7276933829421,-0.46699499692096,19.3371756092671
-0.952338896559113,16.5717097498572,16,14.5661934244021,-1.26042565768342,14.7026765594323
0.115737149397692,22.5091175096646,24,22.8146703108218,0.350925872724176,23.7477878533528
0.138679216085825,22.628922068884,23,22.9778636308537,-0.300999601678058,20.2656552886217
0.0275894936671467,22.0462661037952,22,22.1838453007842,-0.10381197284972,21.3444882768301
-0.311749509123442,20.2332461355266,20,19.6795171876715,-0.420017468239483,19.6022682418211
0.494513237319876,24.4496897667294,25,25.4806254315031,0.238822107321292,23.1675389734623
-1.30594316740131,14.5469643996948,14,11.7253354615339,-1.27239425675413,14.6344121471875
-0.450368779799558,19.4730399367185,17,18.6128988940733,-0.563180433265321,18.7879475037752
0.412509923441532,24.0354131862371,24,24.9057079796464,0.736410242340816,25.7110748882057
-0.928200878429556,16.7135915020176,18,14.7634426149131,-1.24511055452029,14.7901820444296
0.245462416200516,23.1825283477873,20,23.7331124444017,0.541579329825412,24.7207134742868
0.415078912398557,24.0484238282308,24,24.9237093022121,0.804702446197393,26.0602576125935
0.655897260093474,25.2631215522445,29,26.6187404562067,0.419931878653273,24.1014574145483
-1.047229950348,16.0171205055446,15,13.7933994862972,-1.00747683762541,16.171600945294
-0.124043722439185,21.242157339639,18,21.0815672234498,-0.289941509675964,20.3267610699494
-0.959994563084168,16.5267621980955,16,14.5036747303555,-1.12367708964031,15.4906068630353
-0.126684481442634,21.2280746392398,24,21.0621498626913,-0.581561706447285,18.6819792126115
-1.12966381366343,15.5413169148976,18,13.1273058433902,-1.17415043296272,15.1980202496168
1.1320849354781,27.7229771000578,28,30.1210568531273,1.31293369241066,28.7107295270945
0.339126277281326,23.6625503991724,23,24.3913332448913,0.056251453710462,22.2049651635053
0.514516651046636,24.5505127584332,21,25.6210662076879,0.950612196086574,26.8121995795174
-0.629313179875378,18.4624327270226,18,17.1959991186541,-0.900178705726753,16.8069692640033
0.554942241511571,24.7541526877181,27,25.9053038354981,0.932635958899879,26.7191072662764
1.46259793226488,29.4856801330058,29,32.6801882235723,1.73572593546713,30.9282344981236
1.39375150016286,29.1177002619863,28,32.1461275836762,1.48138005824683,29.6015549347677
-0.133537975958153,21.191513549742,24,21.011718353998,-0.294860345830304,20.299590222696
0.0632026496556026,22.2337263152127,22,22.4394830484332,0.631491530726367,25.1771767448498
2.25325509041853,33.1744733924632,33,37.7603591223849,2.43779453009202,33.8558667590919
-0.212650370169689,20.7680757723196,17,20.4254302872509,-0.544113527613818,18.8975271086709
-1.85719879766955,11.5448652443252,12,7.53403699968947,-1.73459330175807,12.0313088743919
-0.527314326590018,19.042893698443,21,18.0088986609399,-0.443376754258425,19.4707016069044
0.186284386283658,22.8765630525047,20,23.3153695656601,-0.0137210837143216,21.8305215082973
-0.371602958792089,19.9070487343069,19,19.2223745322422,-0.11117663115373,21.3045711091206
-0.213503808949203,20.7634927130562,22,20.4190626154262,-0.32113696825868,20.1541640954912
-0.564576769496318,18.832200579398,19,17.7134623579674,-0.137988535020126,21.1590143854707
-1.19891997231463,15.1468616249151,15,12.5726279346021,-1.09786271169158,15.6410434188442
0.619997648334415,25.0819488947494,22,26.3643272703449,0.785807562952212,25.9634846758295
0.841892527898643,26.2095097582142,28,27.9549753624209,0.682996519569523,25.4389669190119
0.400136541343302,23.972711915421,24,24.8190057087871,0.617896277701572,25.1081381240391
1.46418764021117,29.494164676133,30,32.6924802162765,1.26512747563206,28.4583290579375
1.59970258946049,30.212661603266,33,33.7276586475843,2.42942714717183,33.8300947729269
0.541645759137666,24.6871820094386,21,25.8117443471046,0.291750448691627,23.4424680266791
1.29864309657657,28.6090354133454,27,31.406350973387,1.77591630356628,31.1317225756574
-1.25300272680937,14.8422996113063,15,12.142937283613,-1.72746602108401,12.0715689576326
-0.432010672678777,19.5747315978768,17,18.7557552924217,-0.0254651955894508,21.7674057767938
-0.52558517828171,19.0526324060356,20,18.0225629334389,-0.538945948010423,18.9271655211817
1.47152643781387,29.5333226141559,30,32.7491945497261,1.93677071244315,31.9142401812711
-0.586541602652638,18.7072638905088,14,17.5384645922271,-0.00438951049891357,21.8806179182303
-0.168153457218853,21.0065663873316,17,20.7561424466233,-0.00941518659830724,21.8536436062288
1.60249944247847,30.2273464872531,33,33.7486686463867,1.97968616429756,32.112185092944
1.50420396066719,29.7074341581783,30,33.0010232300158,1.66877139679334,30.5842280633542
-1.03226776908488,16.1041410320454,20,13.9148878992759,-1.11411551974766,15.5462667596941
-0.768362429251084,17.6542921319344,16,16.0699634464268,-0.410172600090696,19.6575740336996
0.473954359485221,24.3459950157632,25,25.3363921358002,0.628027826173627,25.1595857349348
-1.54059290350201,13.2617907521795,15,9.90796299475299,-1.41317294659632,13.8379864951807
0.874835332678913,26.3789548185076,28,28.1955309945334,0.577057342869246,24.9008241981011
0.732417889584709,25.6506080143461,25,27.164398957932,0.979602286158329,26.9625894831301
-0.644488138291243,18.3750949898274,18,17.0739895648862,-0.494048538022208,19.1835907546156
-0.975726623303854,16.4344899180058,17,14.3752772408665,-0.573462510296031,18.7287107720793
-0.76939013265742,17.6482649411938,20,16.0615861781615,-0.833854619189593,17.2007697372724
0.101739203020811,22.4358787847217,23,22.7149107997389,-0.272817625235549,20.4212272172445
-0.324478927330907,20.1640995911543,20,19.5827216157801,-0.415204206387273,19.6293183093677
0.375171632614184,23.8460075390904,23,24.6440545969939,-0.262915528152927,20.4757680845783
1.55670612010233,29.9860166286768,32,33.4025492163526,1.33529290738361,28.8288982314792
0.386399415764879,23.9030257991368,24,24.7227424945721,0.893709908242023,26.5179575525585
0.513547347045547,24.5456284346577,26,25.6142581299894,0.325748278126371,23.6181336818857
1.23719493179175,28.2811337586559,30,30.9297388811214,1.50349689713754,29.7183717498069
0.692208804191185,25.446733887428,24,26.8770519867196,0.721750945314511,25.6363182657551
-1.94986341052115,11.0446421535403,10,6.86159510000688,-1.39386525598573,13.9466470316111
0.048417579077509,22.1559728134384,22,22.3334870949238,0.0487077895937734,22.1647335999465
0.146425771763185,22.6693085722157,19,23.0328841837096,-0.119312780334662,21.2604402625925
1.65265447856252,30.4892384135517,28,34.1221262374026,2.41647314320664,33.7897901674834
2.19317060589192,32.95611287512,32,37.4797722566177,2.11456287415374,32.6978375231715
0.70181277793028,25.4953718347333,24,26.9455539199593,1.02179597876952,27.1820311716467
-3.08507261599239,6.21571327353076,3,0.889342516463594,-2.93820212266113,6.30022235437615
1.53214232093702,29.8558890019745,32,33.2152322121037,1.78559613929529,31.180335162567
-1.15329221345199,15.4061757131182,16,12.9375224605553,-0.612264520505274,18.5042694138421
0.895212356354015,26.484077505037,28,28.3449927325655,1.37266453845415,29.0265298329634
-0.632184784324927,18.4459240739718,18,17.1729303778426,-0.397203861919451,19.7303022827769
-0.414178716555718,19.6731860583606,18,18.8940495430352,-0.553251268615167,18.8450550854534
-1.25505158840288,14.8308198622989,14,12.1267201165629,-1.2490019458379,14.7679312377973
-0.988884203484992,16.3574245308863,15,14.2679797799223,-1.41131219237068,13.8484529323614
-0.167014977780061,21.0126569507035,22,20.7645713238474,-0.5652995950238,18.7757469189191
-0.437442961832749,19.544676033388,17,18.7135339333351,-0.169524627468419,20.9873381241347
-1.25634753765924,14.8235608123089,15,12.1164647193508,-1.32131912285267,14.3563834936692
0.379251955072384,23.866735330795,28,24.6726520273665,0.417099950470092,24.0869862340745
0.356087400944829,23.7489563285181,23,24.51027552247,0.26597842751279,23.3088256998146
-0.165202416093415,21.0223525574393,18,20.7779875615287,-0.364770495109945,19.911578677488
-1.25930243720192,14.8070155991666,14,12.0930880413182,-0.917795451588253,16.7024099386172
0.49128781324516,24.4334268324357,25,25.4579905502186,0.79591633773378,26.0152420530333
0.131508176828577,22.5915058889675,24,22.9268940352491,0.593371193811149,24.9836325607002
-0.971066464774905,16.461809049408,16,14.4132998773994,-0.960790169030064,16.4475421048914
-1.08469869503615,15.8000533325593,18,13.4899164630165,-0.900608928826155,16.8044152203776
-0.524502064770297,19.0587308628018,20,18.0311199539114,-0.595891364076571,18.5991471602761
-0.532336170282458,19.0145909894289,20,17.969191369193,-0.757672011267357,17.6520905109838
0.184540172704776,22.8675131140859,20,23.303028393158,-0.0845591631121885,21.4487096859297
1.06538597560265,27.3711701968245,27,29.6138642775239,1.06655514437523,27.4154971933394
-0.692996892640045,18.0943676803268,17,16.6823729760362,-1.05215795341427,15.9086334950771
-0.490914269090158,19.2471907705148,16,18.2956705401937,-0.853919136939238,17.0816558436081
-0.646668501251422,18.3625265120006,18,17.0564384413021,-0.0484165400489889,21.6438457971212
-0.61324414461594,18.5546495449588,20,17.3249150151789,-0.380182772488937,19.8255428111372
-0.294114804272916,20.3288528140923,20,19.8132362288794,-0.481129916861459,19.2570166357927
0.557329992202464,24.7661789594085,27,25.9221131361528,0.646440878600636,25.253116770158
0.18653823257155,22.8778799957037,25,23.3171655054695,0.623528574842492,25.1367374668526
-1.0129216321361,16.2169212999422,18,14.0722002990444,-0.995284725294923,16.2435601139347
-0.525789111533098,19.0514840135295,21,18.0209516014326,-0.904450243894098,16.7816121477421
1.81809020224456,31.3256557819537,31,35.2961495821507,2.13779030386085,32.7927070209851
1.32337370876442,28.7412226449814,28,31.5986286012567,1.26552055989943,28.4604027649147
0.592820219026041,24.9449580893186,27,26.1722837809309,0.739703062756388,25.7278758127785
0.577322629658943,24.866880670596,27,26.0629624995031,0.153552047554451,22.7206991724966
0.345211380677853,23.6935670094617,22,24.4340118008609,0.137782864157167,22.637530509729
-1.10625954426948,15.675738994596,14,13.3158149700198,-0.880066818231948,16.9263850336164
-0.476610025550648,19.327071210059,16,18.4078552095517,-0.609689146973834,18.5192092546026
1.55958169361975,30.0012221895702,32,33.4244078188289,1.68266724518299,30.6560665788204
-0.284892335977172,20.378770794646,20,19.8829948396064,0.0505146393900616,22.1743729190064
-0.48492536231227,19.2806623868939,22,18.3426753982747,-0.706306501248693,17.954868650987
-0.355933081326819,19.9927211883777,19,19.34255252971,-0.20087686432832,20.8161435369963
0.233905373993526,23.1229416136858,20,23.6516678995692,0.140488240304619,22.6518106914589
-0.19499623203603,20.8628033593786,17,20.5569406443886,-0.0928605038051496,21.4037951827312
1.28433030767316,28.5325811923646,31,31.2951653681032,1.4958636456804,29.6780671158755
-0.475824407709984,19.3314519457662,22,18.4140081898614,-0.596227922645227,18.5971993897309
-0.0776389341063897,21.4891918168544,19,21.4214795121209,-0.342233357757603,20.0370539467498
-0.362401306779498,19.9573819991251,19,19.2929882886329,0.216531662547252,23.0512023544426
0.963353741687025,26.8373510252978,30,28.8486116304043,1.56508474358252,30.0428631155017
-0.791005710556247,17.5213709487237,19,15.8852618889012,-0.764076754416427,17.6142340374852
-0.896668157241048,16.8992172926651,18,15.0213291663443,-1.17726128291805,15.1800554669347
-0.0349779250902295,21.7155730865639,20,21.7318946140921,-0.28180983111615,20.3716441987988
0.413521695840693,24.0405376078293,24,24.9127976224824,0.332862390613951,23.6548049171363
1.45354123724976,29.4373287488556,29,32.6101168638658,1.43623405221868,29.3628456012359
1.08531613323718,27.4760733151126,27,29.7648690516643,1.234358738093,28.2961050005689
1.04760539235212,27.2777481747457,27,29.4795573396582,0.894015909252607,26.5195364707764
-1.8577302589606,11.5419873764661,12,7.53014252934907,-1.33308917972952,14.289721481792
0.553491932730632,24.746847993181,26,25.8950951829488,0.300781622583475,23.4892005199398
-0.197236141652636,20.8507925739817,22,20.5402770869135,-0.112883250705218,21.295317121299
-0.950126575601975,16.5847036772933,17,14.5842640380846,-0.470677042978924,19.3163127593629
-0.246941458231987,20.5836413836509,21,20.1688255858314,-0.92468985251487,16.6615062203003
0.729259344433276,25.6345691492799,24,27.1417733854397,0.602530877712546,25.0301293033925
-0.350601623725728,20.0218240474719,20,19.3833607530332,-0.373057512281222,19.8653416555455
-0.122325574737225,21.2513184720595,23,21.0941963060406,0.263218824513452,23.2944903221932
0.149143969018106,22.6834717568449,24,23.0521808241765,0.287260549873911,23.4192157576625
0.927794646097112,26.6526642677569,29,28.5850610538369,1.07392447698114,27.4539998145154
-0.186768132600636,20.9069044622906,23,20.6180980018818,-0.424797139637519,19.5753869622926
0.178251758816613,22.8348703809333,24,23.258519858365,0.313615095933441,23.5555220915402
-0.839886685573487,17.2337567744774,19,15.4858436409581,-1.40039887526228,13.9098620437602
0.691869969422782,25.4450185216276,29,26.874636634325,0.251370541126766,23.2328852557784
0.60830039885474,25.0229741258301,23,26.2816165577862,0.771379686036348,25.8896763209236
-1.13050409212048,15.5365011151169,18,13.1205474288923,-1.52916970748543,13.1868916371708
2.27385667574534,33.2465848519023,33,37.8523700264711,2.09325389981248,32.6092132117073
-0.0274513704553063,21.7554392855712,26,21.7864642711566,-0.0739139518037285,21.5062540164257
-0.522585984564205,19.0695160686117,20,18.0462538015348,-0.751784283487264,17.6868729537073
-2.58545829363519,7.95960900901146,8,2.90842805737925,-2.08491092148878,10.0585934277369
-0.671061892925062,18.2215880825715,18,16.8597433698966,-0.920523370106519,16.6862242488194
1.42874879349844,29.3048634348378,29,32.41797041675,1.94917924971385,31.972004649799
-0.620705141148553,18.5118670689059,19,17.2650951093766,-1.11933007460285,15.5159027023331
-1.79241308808189,11.8960497567105,13,8.0115438346935,-1.29073869116698,14.5299790480645
0.599277820321562,24.977498908788,23,26.2178752978002,1.10816597850878,27.6331259685905
-0.282180922969107,20.393436439975,21,19.9034815087301,-0.381727617303862,19.8169085240066
0.60391705132068,25.0008799360225,22,26.250643755795,0.576240911423226,24.8966800350013
-0.67786102209611,18.1822014729791,17,16.8048128273585,-0.535157894515607,18.9488753769976
1.0947937571401,27.5260264549639,27,29.8368455179453,0.991754384331988,27.0257238975668
1.6811326478796,30.6365385093656,34,34.3310662882487,1.99300349897555,32.172533602433
-0.125748218621746,21.2330678715373,19,21.0690350853382,-0.150240917643932,21.0923760066173
-0.0089336020946245,21.8534259513508,21,21.920482733368,-0.335632910306847,20.0737292549989
0.128683477288052,22.5767596369954,23,22.9068070572021,-0.252187827293818,20.5347878091081
0.809582583928241,26.0439101816374,27,27.7202856819176,0.751830857135328,25.7897845307119
0.663489197322113,25.3014770125552,24,26.6726617344111,0.716508395695653,25.6095983799724
-1.63686738735944,12.7396761724603,12,9.1763652054114,-1.07043795418993,15.8014261940665
2.0007416110045,32.1747379360313,31,36.4522463470805,2.25862175965562,33.2566595607029
-0.456737077120564,19.4376827602614,17,18.5632292569178,-0.716562678556488,17.894542607057
-1.96017390331313,10.9892561904235,8,6.78768662978347,-1.95253385687489,10.798300411043
0.477178296090312,24.3622616938999,25,25.359003930582,0.716047200402919,25.6072481562534
-0.0635260301941546,21.5641595448851,20,21.5243826495737,-0.417889334989924,19.6142306269892
-1.0537939486723,15.9790032181856,13,13.740153569254,-0.977836061554794,16.3466749963354
-0.609201587328329,18.5778048402616,14,17.3572997767741,-0.917858874607645,16.7020336100107
-1.9490773766255,11.0488674350776,10,6.8672378183592,-1.28631762561865,14.5551265247317
2.28471449107351,33.284032994166,34,37.9000228146616,1.7606136603779,31.0545468776591
0.272780659976427,23.3230588770748,26,23.9254003454029,0.153186576663517,22.718773499604
0.0231907029263122,22.0230714096998,21,22.1521920105723,0.0595305344944323,22.2224423637689
-0.511662208600226,19.1309243329352,16,18.1324369298856,-0.478983455393788,19.2692012560091
2.22492369759642,33.0730160761819,33,37.6303549505472,2.29152658061813,33.3744446804905
1.11325752384681,27.6234629590466,28,29.9773679476797,0.42997801883818,24.1527672500091
-0.346836077703733,20.042365354677,19,19.412158516204,-0.634990799242226,18.3721753548501
0.798933729963288,25.9894552635908,26,27.6431957848594,1.27037973650754,28.4860396577917
-0.993773271586459,16.3288158009606,14,14.2281330267987,-0.746198791031107,17.7198531218287
-0.052934782641378,21.6203702722755,20,21.6014681499443,0.0502274044634179,22.1728406866007
-0.921043211219453,16.7557041884741,18,14.821964262794,-1.32748579169797,14.3214473132876
-0.229698807844155,20.676456022754,21,20.2980484895918,-0.1200065669804,21.2566755712514
1.11389743824772,27.6268426988913,28,29.9822451844848,1.37339907726971,29.0304154085307
-0.33754130215947,20.0930214092084,19,19.4831551798841,-0.417134664044129,19.6184717391454
-1.58652940831107,13.0125859803574,12,9.55793201406751,-1.75757100499797,11.9014338248288
-1.28085225736953,14.6866086401219,13,11.9228853041868,-1.42912178023854,13.7483204106784
-0.184101576266609,20.9211902597795,17,20.637899483911,-0.0409908183451797,21.6838532725374
-0.914980372496181,16.7913871822286,17,14.8715432715535,-1.19087836934028,15.1015118758906
0.191444354226805,22.903325194771,25,23.3518685542867,0.426861928250976,24.1368563392866
-0.0798413362797244,21.4774858380989,25,21.4054014045209,-0.349927953382252,19.994257950224
-0.347307325778774,20.0397952797254,19,19.4085556666024,-0.827413808438388,17.2389928411466
-1.62190349044031,12.8207982473789,12,9.28957342811537,-1.80085290675048,11.6565158924315
0.734239282744424,25.6598588889751,25,27.1774504405163,0.986257005538298,26.9971563197823
-0.891741072510219,16.928240611391,22,15.0616373599573,-0.944817908675997,16.5421579869214
1.30742133688286,28.6559447455313,32,31.474580398599,0.999172374852881,27.0642896567544
-0.0642604578241753,21.5602601370573,25,21.5190329072818,-0.42931032120851,19.5499860222614
-0.96577638063482,16.4928353047082,16,14.4564739136369,-0.813797080035347,17.3197723937374
-0.0910809458545032,21.4177176534809,24,21.3232663420198,-0.464077786247895,19.3536958751238
2.24386666389398,33.1411478855574,33,37.7177273626867,1.96385142914562,32.0397549408691
0.234106375453818,23.1239786426136,26,23.6530849203428,0.440352436240469,24.205712990584
1.19978681401342,28.0820313065968,30,30.6407967960078,1.46396107867007,29.5094836931286
1.22207078089417,28.2005824528309,29,30.8127882418887,0.965784309344615,26.8908671805191
-0.744951146072597,17.7914247402374,21,16.2606305614511,-0.535814887194558,18.9451110531264
0.598930873700514,24.9757504639653,27,26.2154252016291,0.263555408186928,23.2962390467619
0.55987187982653,24.7789816208604,27,25.9400103616964,0.287599375513523,23.4209709086363
-0.579651586170651,18.7465133537434,20,17.5934244257037,-0.641012516937075,18.3370986189625
0.160910919687533,22.7447346243099,24,23.1356590358704,0.0344407872320711,22.0885529921134
-0.275044257046082,20.4320158512903,26,19.9573556729489,-0.961814218911158,16.4414790558414
0.410941240402057,24.0274673449521,24,24.8947159983146,0.0984590369765102,22.429423272639
2.08043329619035,32.5134241689659,31,36.9020624936452,1.93650417341788,31.912994770736
-0.520193294597334,19.0829781674068,21,18.0651449993052,-0.466689925810719,19.3389036075037
1.87399066442155,31.5952764017808,33,35.6674878168629,2.47351253172769,33.963618715132
-0.333633802536469,20.1142972516045,19,19.5129651205596,-0.183012114061893,20.9137560968539
-1.08454599365133,15.8009353650627,17,13.4911509559793,-1.2729970722287,14.6309766389809
-1.32125642649094,14.4620137813472,14,11.6050940314027,-0.807377818301145,17.3578375902751
-0.719474542975329,17.9402399751385,17,16.4677022285177,-0.309491368966255,20.2186746054169
0.852683422576615,26.2649460802639,27,28.0336290246543,0.449717480850619,24.2534740156846
1.16743960648828,27.9102552980587,29,30.3919082274083,1.09068293606504,27.5416222600248
-0.694686760656866,18.0845485875169,17,16.6686900425533,-1.09348468503219,15.6666085323602
2.1253140595968,32.6948345693572,32,37.1402219191486,2.13816982082999,32.7942419944324
0.306335549060647,23.4950699271083,22,24.161208960953,0.685791849715659,25.4531894463653
-0.967066601750646,16.4852668097588,16,14.4459428918501,-0.677102165798439,18.1262398604739
-1.14231383333531,15.4688939997302,16,13.0256329563256,-1.17236153987813,15.2083544932852
-0.128704071663536,21.2173027010343,18,21.0472944199678,-0.330626238713521,20.1015273869703
-0.064215479385913,21.5604989538135,20,21.5193605572709,-0.0712658373244563,21.520559747848
-0.269849442300964,20.4600785103462,20,19.9965269441028,-0.149950804051016,21.0939547733165
2.23610696197554,33.1133832266601,34,37.6821565918834,1.77453140410232,31.1247542816279
-1.70463082311057,12.372246884235,10,8.6661072660447,-1.42913586717028,13.7482412446813
-0.058583027690046,21.5903988079535,25,21.5603737048474,-0.0249272243297485,21.7702985996026
-0.104838220977784,21.3444963984846,19,21.2225415955839,0.101182671544737,22.4438692187461
0.511536446136041,24.5354951461705,26,25.6001351579712,0.469628213103109,24.3549212988346
0.0911317879652084,22.380310679986,28,22.6392154563312,-0.304076864720631,20.2486360338251
0.00774537617811283,21.9415612481511,21,22.0409078513756,-0.536112350120108,18.9434065642573
-0.52084990736261,19.0792844830272,22,18.0599615749277,-0.541293454475064,18.9137046967001
0.0372851458600731,22.0973602621449,22,22.2535526777122,-0.241980516984267,20.5908798160592
-1.23896962572028,14.9210393030923,15,12.2541325407808,-1.24836535413482,14.7715704576836
0.918856910935616,26.6063577048494,28,28.5190731821842,1.1873120262238,28.0484596664592
-0.568659509974266,18.8090192489039,20,17.6809810180756,-0.457409576418494,19.391428612087
0.487341766371291,24.4135278628632,26,25.4303020922343,0.659970089126838,25.321871256329
0.471280812761857,24.3325035757055,25,25.3176421629647,0.454619853819456,24.2784638067794
0.315959130333351,23.5442840599344,22,24.2287748787197,0.164246731155756,22.7770102336366
-0.588176717642112,18.6979414891052,20,17.5254130089655,-0.774716793286722,17.5513014173453
-0.648567117661724,18.3515781709257,18,17.0411511437631,0.152971546765356,22.7176404615683
2.17366179246829,32.8825989407872,32,37.3846521387553,2.07193054387276,32.5190243309194
0.900348641905932,26.510612832604,28,28.3827481228025,0.791624508095408,25.9932631797261
0.462757985957962,24.2894835298467,25,25.2578789585179,0.584081968079178,24.9364806374552
0.637195992155345,25.1687058373295,24,26.4860967994671,0.982870120805339,26.9795616537704
0.749899650850665,25.7394591362786,26,27.2897999091237,1.28999361543497,28.5895656900222
0.817827795293558,26.0861153719085,26,27.7800624116941,0.669366253444431,25.3696406359919
0.347053735381645,23.7029539696733,23,24.4469319975576,0.222752757384043,23.0837044887338
1.58548480114882,30.137895002275,32,33.6205818096593,1.93093947303274,31.8869497845169
-0.215201097518054,20.7543770437406,22,20.4063960069234,0.00933696079727128,21.9542204647967
0.548540084711303,24.7219071871917,26,25.8602462823112,0.340420996560725,23.6937355855603
0.58090646375352,24.8849343599939,27,26.0882317966646,0.33891929792464,23.6860036514402
0.934391292298726,26.6868711539414,29,28.6338300285494,1.12714635931363,27.7325699443738
1.93004523429488,31.8573523199977,34,36.0247282225492,1.92117692541247,31.841057462181
0.942180917755805,26.7272964571505,29,28.6914905918239,0.929220139367159,26.701432207071
-2.26878662669559,9.39132322405654,9,4.6992024132702,-2.79792958529853,6.76310215481847
0.796416308172804,25.9765907246135,26,27.6249898704422,0.708963341960969,25.5711565094472
-0.902260532113318,16.8662797684087,18,14.9755811445878,-0.771287052033518,17.5715928851603
0.0042668536832039,21.9231896901494,21,22.0158142122658,0.254281040653717,23.2480269026563
-0.665978315170251,18.2510079068528,17,16.9007843881404,-0.506847056272096,19.1106909899847
1.97700630840985,32.0698947915043,35,36.3116550372695,2.33214334798348,33.5149056834822
0.754502436026809,25.762876041494,26,27.3228668832877,0.778133642630847,25.9242182867925
-1.13795594710646,15.493824807121,17,13.0606413920011,-1.17928734991186,15.1683594498221
-0.248887649132079,20.573155342141,21,20.1542151809641,-0.217301455503026,20.7262455260846
-0.308708265352746,20.2497493396088,20,19.7026092153541,0.199108439887529,22.9600361387815
-0.0365390174195828,21.7073015741446,20,21.7205690596429,-0.0225011395934995,21.7833423980639
-0.540222818743933,18.9700845093026,15,17.9067633275067,-0.782744442068312,17.5037876439076
0.431669728952081,24.132389460748,25,25.0399688293235,0.802874719659969,26.0508909225519
0.373781922304942,23.8389461396819,24,24.6343142801766,0.636808676334207,25.2041835282617
1.04610828054329,27.2698894500301,32,29.4682667570938,1.33966631794848,28.8520190180321
0.00393251599525797,21.9214236387614,26,22.0134017377715,0.355962593613283,23.773682570113
0.462712886339667,24.2892558350707,25,25.2575627466531,0.154996099677362,22.7283070403739
-0.735178635795754,17.8485634964223,15,16.340115866277,-0.426770841562938,19.564280847483
0.672226422568832,25.3456396419097,24,26.7347722433503,0.650414261162407,25.2733061575683
-0.0989938451269918,21.3756110600618,18,21.2653575496844,-0.0121018363475949,21.8392178455027
-0.581509853229693,18.7359328818819,20,17.5786073868723,-0.0348492878190673,21.716919852701
-0.399063873500367,19.756399247603,18,19.0109097029421,-0.339470109207717,20.0524118319964
1.49471893748241,29.6569427428906,31,32.9280561891149,1.96632170837425,32.0511018264168
-0.951781089404245,16.5749857871588,15,14.5707495216902,-1.41364573623795,13.8353273091221
0.107558480042541,22.4663385689045,23,22.7564010148092,0.535073340920869,24.6876740008209
0.337655004877728,23.6550482210585,23,24.3810132235904,0.367613502823554,23.8335302655319
0.662381196938555,25.2958782188082,23,26.6647894976104,1.112185937871,27.6541789033106
0.476246733197197,24.357561644708,25,25.3524699934825,1.08543555539518,27.5141765676146
0.851131153628184,26.2569675253161,27,28.0223061589984,1.12871213472739,27.7407781971923
-0.753536263427611,17.7411760615328,16,16.1907504359749,-0.907628340814121,16.7627477481719
-0.888927529349202,16.9448154549463,18,15.0846556130394,-0.712569382588824,17.9180392198195
0.981982493660809,26.9343916479929,30,28.9873325256901,1.04322985780418,27.2937467666092
-1.91319944133862,11.242108620055,11,7.12597665150553,-2.01179174968672,10.4652675882619
-0.641227887392622,18.3938792423224,17,17.1002238566542,-0.336239937270079,20.0703576610861
-0.925184440328681,16.7313369930602,16,14.7881037802718,-0.972352104393065,16.3791123022791
-1.34132834447001,14.3509633157585,13,11.4478561418909,-1.83840228126486,11.4438540014542
0.736980855352128,25.6737861106671,25,27.1971016087165,0.617901705832141,25.1081656852948
-0.295981156522191,20.3187442138447,20,19.7991047829945,-0.297743166436429,20.2836584957273
1.18978027475057,28.0288516977406,29,30.5637011666059,1.55549032834416,29.992413562049
-1.42748911932043,13.8775912300394,11,10.777490441623,-1.32828312304045,14.3169317993371
0.351050141697251,23.7233100528103,23,24.474956229283,0.220167605271806,23.0702015060094
-0.540877635659586,18.9663860125193,20,17.9015762498675,-0.509663201114487,19.0946293305017
-2.1105298439693,10.1929099380666,12,5.73646152913643,-1.69247074081793,12.2690623060018
-0.307975498204146,20.2537247194273,20,19.7081711383154,-0.458450244764751,19.3855425858946
2.40065768714808,33.6608416252413,35,38.3744293068808,2.0438991757282,32.3982128159763
1.16159679589334,27.8792700841657,29,30.3470580885999,1.30211327582839,28.6535685113817
0.527629463607291,24.6165786640623,26,25.7131970190469,0.164576265376518,22.7787441275804
1.09273484819675,27.5151710645674,27,29.8212003801918,1.0383499968828,27.2682985376744
0.241134774138801,23.1602249835431,21,23.7026219177172,0.214394042106623,23.0400283476383
-0.951445236491955,16.5769583408237,16,14.5734927796084,-0.598716688213579,18.5827928552829
1.94595643040523,31.9301079975472,34,36.1232324309445,1.87208210484551,31.606588241486
-0.76130475385597,17.695667424522,15,16.1274776240394,-1.1241436291071,15.487892909651
-1.21504092721684,15.0557635281558,15,12.4442217663832,-0.49586794261201,19.1732370399421
0.650139912750929,25.2340453306156,23,26.5778780067347,0.531533474964559,24.6696953613813
-0.740667049460767,17.8164814293718,16,16.2954835953994,-0.292682080185304,20.3116245882099
-1.16391477469064,15.3456099080227,16,12.8523819529675,-1.17862575990399,15.172178285586
-0.115450032283391,21.2879673856711,24,21.1447000605124,0.140777957464176,22.6533396617355
0.213088647923676,23.0154094127059,25,23.5048072933318,0.736729568541067,25.7127040378791
0.275020088231191,23.3345592257116,26,23.9411501292499,0.695667350439127,25.5034499787378
1.60189583313505,30.224177890671,27,33.7441358547795,1.27190450314029,28.4940852008778
0.151701484057026,22.6967938500398,24,23.0703322902911,-0.0901047562847378,21.418709096603
0.8762791538238,26.3863954492849,27,28.2061042442043,0.863103984891278,26.3602234467636
1.17022568792931,27.925034975519,28,30.4133063836222,0.791788743165797,25.9941041202416
-0.798677440183609,17.4762828305769,19,15.8226291832039,-0.634551558186894,18.3747327217052
0.262168818717045,23.2685224275911,26,23.8507417246566,0.614450575784218,25.0906431185435
0.0826554683408987,22.3358647272994,22,22.5786645001214,0.350577208359325,23.745994795758
0.56699486167792,24.8148584686462,27,25.9901786796565,0.183385100653218,22.8775889440088
-0.381782244679853,19.8512834993117,19,19.1441157194081,-0.347395710165446,20.0083467687217
0.792650565958361,25.9573532071034,27,27.5977691251,0.424121118613091,24.1228584860644
-0.723404934978559,17.9173126912546,17,16.4357875293583,-0.811289334135273,17.3346442852022
-0.392566244295725,19.7921059404799,18,19.0610439949078,-0.634997025934296,18.3721391003476
-0.551409342445908,18.9068342289993,20,17.8180715027186,-0.442980289168731,19.4729386840064
0.434112775594112,24.144745482723,24,25.0570896142876,-0.223166383171349,20.6941078937611
2.17296665933666,32.8799556755637,33,37.3812258969896,2.2319252973888,33.1584262690654
-0.823157465309769,17.3322675163713,19,15.6226242873801,-1.47014329632526,13.5179769384971
-0.977970172522881,16.4213419774025,16,14.3569755326192,-1.17299924261065,15.2046702511471
0.189512111562813,22.8933054891075,24,23.3382026497782,0.466772295102982,24.3403775844507
0.448807337377486,24.2190243766687,25,25.1600794671532,0.466137643112121,24.3371453043452
-0.00250988983940537,21.8873840756229,20,21.9668945992813,0.145309654883248,22.677248290158
0.291115745487183,23.4171301163744,27,24.0542972360631,-0.26830654418591,20.4460819323111
0.723894674517537,25.6073375406087,25,27.1033662654962,1.10344697941589,27.6084182635658
0.853979174487601,26.2716072003715,27,28.0430829636291,0.877197226672686,26.4328097866746
1.79333227098519,31.2038575203024,32,35.1271885014258,2.17811657545825,32.9530732945955
-0.0415846992111506,21.6805602572065,25,21.6839461528388,-0.166452724639743,21.004083698989
-0.177386003725905,20.9571544829509,18,20.6877288765677,-0.0744433455277035,21.5033936744044
-1.09655835419234,15.7316177426668,18,13.3941002588232,-0.683040107130502,18.0914470512241
0.405587078405573,24.0003396808654,29,24.8571986656387,0.99828412325773,27.0596706238468
0.156509864494438,22.721830531813,24,23.104447199008,0.457651695850974,24.2939146490258
-1.1424575867933,15.4680719428139,17,13.0244784500815,-1.225218649245,14.9041047788385
1.30907401703333,28.664777826522,27,31.4874287275667,1.85386361184672,31.5181105342182
0.395089606671485,23.9471190112802,23,24.7836401812677,0.412527891357346,24.0636159319701
-1.60275640046674,12.9246020040661,13,9.43470076649204,-1.13742223365171,15.4107222202929
0.828280917945399,26.1396755204711,27,27.8559577220602,0.344708271778115,23.7158029153808
0.0672132858973169,22.2547997610583,23,22.4682039276344,-0.458327197944547,19.3862385913712
0.329055429421076,23.6111751232814,23,24.3206836717934,-0.0697951547785316,21.5285031540307
-0.374177081942036,19.8929553657986,18,19.202598727129,-0.484467136462236,19.2380639260076
-0.313543264858142,20.2235093641948,20,19.6658911735629,-0.624273658799854,18.4345248349465
-0.434481138908879,19.561066774526,16,18.7365594006509,-0.21194286579127,20.7555916372354
0.60101618826076,24.9862596848134,23,26.2301525007395,0.273459210625844,23.3476615037653
-0.487658695534018,19.265390852566,16,18.3212287089737,0.229811834307861,23.1205532406924
-0.334353034498064,20.1103819933111,19,19.5074798046328,-0.695760685989852,18.0168230585605
1.18849458907035,28.0220215399401,29,30.5538020332535,1.48244956554676,29.6072062878802
0.0916141486772421,22.3828388499413,28,22.6426595160806,0.422364969741787,24.1138879183449
-0.193660827523236,20.8699629478128,18,20.5668721989181,0.110554724761465,22.4935417019093
0.148634630065541,22.6808181639374,24,23.0485653722647,0.314526162449408,23.5602265634469
1.13885638469503,27.758806073615,28,30.1728312193061,1.20929052449522,28.1640862156883
-2.26169414269199,9.42618453593731,9,4.74386720547492,-2.16935730206793,9.59783681841063
-1.43992269783391,13.8096507281502,15,10.6813428376552,-1.76704864507025,11.8478311487032
-0.313973413995292,20.2211741160566,20,19.6626229315736,-0.249079758710064,20.5518741264017
0.304663346477867,23.4865131254899,22,24.1494659856658,0.244091283665138,23.1949910365217
0.441636153401388,24.182783576936,24,25.1098161517711,0.234968330149024,23.1474493640395
-1.1136608238141,15.6331702710208,12,13.2561464798153,-0.555983291971675,18.829351286185
0.912492937766835,26.5734139743077,28,28.4721495734212,0.703775178128172,25.544731717795
-1.12862364901618,15.5472793023844,16,13.1356728906665,-1.19515294909488,15.0768872989434
-1.88909677499034,11.3722786580453,11,7.30101641395431,-2.36305323156049,8.59690750737297
0.10980970675581,22.4781173066654,23,22.7724449427712,0.163552657316702,22.7733580219468
0.099165396733949,22.42240102548,22,22.6965518917987,0.258220875715321,23.2685147282517
0.134114365246519,22.6051074717193,24,22.9454221730844,0.0112039823029964,21.9642234312451
-0.168764501203314,21.0032972397726,23,20.7516178457125,-0.695767152050903,18.016785095964
0.364420199362022,23.7913536281453,24,24.5686935166289,0.679759570887155,25.4224996063765
-0.0542149881490618,21.6135781533896,20,21.5921568121787,0.171110014831445,22.813107419924
2.51152788055931,33.9847842010787,36,38.7743470622306,1.74908195586388,30.9961382880092
-1.31996926941986,14.4691465468476,16,11.6151915064374,-0.968155029040305,16.4039465375133
0.0719876885941103,22.2798760438723,23,22.5023768658779,0.238567471494176,23.1662118704728
-1.61582591131753,12.853746264357,12,9.33560616251615,-1.06232816969944,15.8489589009093
-1.10056336175664,15.7085377553183,13,13.3617710040717,-1.15361279235412,15.3168223261298
0.449355648908468,24.2217947226817,25,25.1639228563042,0.68660899208091,25.457347365263
1.67485688669475,30.604175444549,35,34.2852331511894,1.48441875084015,29.6176110198417
-0.353885552604472,20.003900755723,20,19.3582296277836,-0.155723709888386,21.062531058142
0.566767122107174,24.8137113727775,22,25.9885743008283,1.0525792869986,27.3425260439506
-1.1381289432602,15.492834748162,17,13.0592513003767,-0.770514814169812,17.576160977877
0.889880116022177,26.456545959016,28,28.3058318779757,0.904884173585435,26.5756391322166
0.259957481724556,23.2571494612786,21,23.8351784656158,-0.0807636085847484,21.4692338197865
-0.976840251565785,16.4279633280348,16,14.366192542403,-0.866849640549644,17.0048735208504
0.116912856589776,22.5152641387719,23,22.8230426259041,-0.28418496479542,20.3585390157535
-1.17085384632477,15.306109819385,17,12.7968263478063,-0.611616719650298,18.5080278994238
1.09664121639428,27.5357686968778,28,29.8508881498212,1.52208584173822,29.8164567752228
-0.31003134968935,20.2425704558769,20,19.6925646949089,-0.260405179789859,20.4895853981312
1.19626658877456,28.0633190705955,29,30.613665083476,1.05351974095688,27.3474343450861
-0.24258851417428,20.6070875190827,21,20.2014855503756,0.0769471613818841,22.3151617434386
0.0184341938745278,21.9979808237789,21,22.1179447184906,0.136405049987786,22.6302559392928
-1.24135018984748,14.9076680591154,15,12.2352546792085,-1.04485601489726,15.9515218267524
-1.28726324964331,14.6508731242998,14,11.8723459037144,-0.63986212364297,18.3438021212314
-0.214481868032974,20.7582399972752,21,20.4117639649519,0.0416022689061318,22.1268077116842
0.36334359912107,23.7858777918375,22,24.5611464321603,-0.0433187118162677,21.6713144422496
-1.2033816386664,15.1216220402108,15,12.5370626416192,-1.14196610190305,15.3843476656027
0.756160367441425,25.7713132885152,26,27.334782877178,0.438102388003362,24.1942332770051
-0.757465732239549,17.7181613772333,15,16.1587502661036,-1.03871597219938,15.9876130966335
-0.0549112704027695,21.6098837687803,20,21.5870918094935,-0.18331073331467,20.9121258622966
-0.148097110128069,21.1137842902728,18,20.9044001891357,0.229806628638321,23.1205260791093
-1.12061295607192,15.5932348146261,18,13.2001450500924,-0.976333873054862,16.3555590380222
-0.174357875440435,20.973364795598,21,20.7101790959512,-0.322823580131099,20.1448132243937
-1.07230901083564,15.8716895959932,14,13.5901429988514,-0.755016754687537,17.6677789497363
0.915481646202881,26.5888824005563,24,28.4941798675779,0.434353081090744,24.1751002393991
-0.665863131781372,18.2516742103814,23,16.9017139961513,-0.270735104584684,20.4327028824173
-1.51287488105758,13.4123292011565,10,10.1200237701688,-1.73457043966575,12.0314380357249
-0.611774662542613,18.5630686355515,19,17.3366892026542,-0.208570297337272,20.7740531396328
-0.317915700000225,20.1997656518601,15,19.6326575621459,-0.556923365914393,18.8239460396112
-0.906520842666481,16.8411916788693,17,14.9407325454464,-1.91890270233878,10.9881740446315
0.829073205965434,26.1437375272668,27,27.8617152957649,1.35736323893564,28.9455972912718
-1.52592386687381,13.341438389212,15,10.0201096896488,-1.70388000794401,12.204709642944
0.381853091523358,23.8799449795729,24,24.6908816371318,-0.174559812499311,20.9598795526073
-0.334515103963795,20.1094996873967,20,19.5062436589668,-0.192739910453927,20.8606250841335
-0.126409780415273,21.2295396968307,23,21.0641701043899,-0.0855380348518804,21.4434153231567
0.191001830279703,22.9010306695316,25,23.3487389653862,0.14107219781259,22.6548924462588
-2.16226461358489,9.92580036882418,7,5.38848991227958,-2.02427176926185,10.3954673307357
0.159289161383793,22.7362959296792,19,23.1241591401121,0.314184600229683,23.5584628978036
0.579424113364357,24.8774668567305,27,26.0777790671588,0.917419790138215,26.6404068356681
1.14646965954439,27.799112518997,24,30.2311007683608,0.884962421315596,26.4728375849197
-0.89608461013414,16.9026545262384,13,15.0261030206305,-0.806781356969488,17.3613739170412
0.190939905748149,22.9007095761124,19,23.348301017837,0.0043156298044689,21.9273078703682
0.41924136030837,24.0694992450199,24,24.952876517309,0.531153913620727,24.6677675120808
-1.23910965562971,14.9202526194512,15,12.2530219371531,-1.26713327732307,14.6644060467444
1.16926280433373,27.9199267042558,29,30.4059102167584,0.870305016665508,26.3973020682387
0.190910541354143,22.9005573139477,24,23.3480933438901,0.331314724165536,23.6468296248663
-0.563180334928895,18.8401250168046,19,17.72456711957,-1.14713218908469,15.3543819530785
-0.591128284395766,18.6811059004289,19,17.5018450414701,-0.407275687494889,19.6738322133219
-0.539668830015532,18.9732131324923,20,17.911151253291,-0.463951568672619,19.3544104715293
0.157202888311299,22.7254379285418,24,23.1093628819744,0.0114908714638994,21.9657603265944
-0.601298185442499,18.6230226879163,18,17.4205575420511,-0.378179123838131,19.8367385187216
0.744051273393693,25.7097193734566,25,27.2478148395147,1.15766055057411,27.8926582104495
0.4578751942931,24.2648286219867,19,25.2236455483051,0.814405256550047,26.1100032231028
-0.162640442699361,21.0360545240384,23,20.7969439178486,-0.124099324850209,21.2344620637776
0.527532159556065,24.6160884769658,26,25.7125131399845,1.0023813766382,27.0809793017676
-2.60990104659424,7.85984430164999,8,2.78749397316142,-2.60954296358337,7.48074854096333
-0.519399183202737,19.0874446794289,16,18.0714130711797,-0.138649528800571,21.1554213352318
-1.70279470686129,12.3822052517631,14,8.67987949714318,-1.57107004631998,12.9518353606611
0.450779280522496,24.2289872133418,25,25.1739019704507,0.466009144348326,24.3364908460862
0.306752891486759,23.4972052570517,22,24.1641396050841,0.0764106465622269,22.3123083254201
0.337817836439083,23.6558785728726,22,24.3821554028994,0.599066865108797,25.0125447520521
1.11993454877163,27.6587370594342,28,30.0282810425529,1.47706325172436,29.5787424384353
0.53278345852662,24.6425418819606,26,25.7494256255221,0.949924024444411,26.8086334907498
0.0900046244182543,22.3744024731539,23,22.6311667872857,0.599412368857646,25.0142986268562
0.123517965643741,22.5497818318734,24,22.8700594843988,-0.0276298043539246,21.7557644901118
1.49809868851984,29.6749388591001,30,32.9540691669026,1.42802932832715,29.3194415204231
-2.04053355063608,10.5605425297937,8,6.21914892341189,-2.13495001899725,9.78418583453668
-0.991273499453829,16.3434414945725,16,14.2485050069825,-0.53820012926991,18.9314410046628
-0.0928705798569317,21.4081966180394,25,21.3101754272549,-0.311152173197956,20.2094804132737
1.37983242932698,29.0432337098985,29,32.0378837759953,2.06635708037863,32.4952055340805
0.913360347459897,26.5779028273505,28,28.4785422347932,1.05302020444893,27.3448271891801
0.319741091327216,23.563610564411,22,24.2553207439139,0.358607945703352,23.787277349495
1.92629234240945,31.8400834654489,34,36.0013045616291,2.41044574554822,33.7708670182881
1.30145910510321,28.6240821913651,27,31.4282357477354,1.8522947509426,31.5104563989086
-0.149138533606705,21.1082210416503,23,20.8967139409572,0.134800230209115,22.6217812525821
-1.08309848512289,15.8092975476304,18,13.5028541231082,-1.13235256398845,15.4401685666768
-0.934289834975775,16.677779927754,17,14.7136689022082,-0.709438967848901,17.9364512160734
0.097903049151594,22.4157894592658,23,22.6875457353269,-0.0430315845747803,21.6728611628142
0.5129262634923,24.542498735879,25,25.6098959965789,0.406609426877342,24.033350202815
-1.09731391339737,15.7272624221442,18,13.3880001373756,-1.26066983953881,14.7012827965435
-0.757277392869078,17.7192646858872,16,16.1602842495406,-0.884116328241433,16.9023383705494
-1.16356644562586,15.3475940739958,12,12.8551720324102,-1.30861910866437,14.4284054763164
0.0924165075304818,22.3870439416123,23,22.6483879620281,0.217376345004289,23.0556169258668
-0.851446711588146,17.1656570096625,19,15.3912940405335,-0.733589638939284,17.7942416764325
1.27691726219624,28.4929997502527,26,31.2376136647102,1.01352644738592,27.1389723310126
0.238397672183475,23.1461129498522,21,23.6833332083993,-0.0231808935356165,21.779688034736
0.276202388582668,23.3406296103256,21,23.9494644370182,-0.0973695646086693,21.3793840930573
-1.30317463057081,14.5623447919526,13,11.7471005513415,-0.641018016558569,18.3370665691711
-0.29081879620552,20.3466992221212,20,19.8381807455102,0.025097687290007,22.0385996609968
0.468576922409773,24.3188572908839,25,25.29868074263,0.659706601737062,25.3205319393486
-0.328477622892957,20.1423544092358,20,19.5522678139842,-0.217589992209542,20.7246649074962
-0.0927326800338575,21.408930302222,19,21.3111842714705,-0.28661711204555,20.3451154442071
-1.30711139897757,14.5404764158454,14,11.7161537248919,-1.0481634926673,15.932090738206
-1.22792245383456,14.9831646604186,11,12.3418155303328,-1.70265644315935,12.211612650161
-0.170929537155083,20.991712812556,23,20.7355826800787,0.103241864734462,22.4547878861977
-0.628111540342784,18.4693382717845,19,17.2056496216718,-0.736832575077098,17.7751184572741
0.19241149020299,22.9083394719846,25,23.3587078810943,0.618248951402926,25.1099288250315
-0.732268611177773,17.865565187149,17,16.3637718170923,-0.785369206262728,17.4882465994948
0.871644923670442,26.3625175157604,28,28.1721763814492,1.01795795520893,27.1620438609676
-0.638622722078689,18.4088812431236,18,17.1211785826132,-0.689311899528635,18.0546691363968
0.510500604981788,24.5302751637433,25,25.5928607231339,0.220539890721788,23.0721463348628
2.50355055491196,33.9625603891237,36,38.7471648484657,2.61066485285289,34.3458772398187
0.363242276864317,23.7853624146386,24,24.5604361443137,0.414848387283075,24.0754783553552
0.00858738677607915,21.9460074864691,21,22.0469802979454,0.10667428949121,22.4729819632047
0.860785450059196,26.3066121299427,28,28.0927754100907,0.976397650669389,26.9459494169017
0.143751255986446,22.6553688838864,24,23.0138928088278,-0.132426873294051,21.1892377700822
-1.4260123992057,13.8856657113602,16,10.7889193544042,-1.59741875822123,12.8039131751408
-0.6759225321082,18.1934353736291,18,16.8204785361597,-0.665418663252735,18.194618207801
-0.757768366641503,17.7163884733184,22,16.1562853293333,-0.460442297572937,19.374272741816
-0.328224749965954,20.1437298985105,19,19.5541943505115,-0.599105653608578,18.5805407610726
1.08804051870338,27.4904281907051,27,29.7855480849658,0.850685690663488,26.2963288754299
0.027312344834707,22.0448049610911,21,22.1818514822299,0.0190256192199658,22.0061080348136
-0.014523564909446,21.8238614265643,20,21.880062171115,-0.164209020638417,21.0163114648462
-0.631623254052626,18.4491529588732,18,17.1774420990523,-0.574223121398171,18.7243247672453
1.11278849146712,27.620985858677,27,29.9737934183802,1.23481829518779,28.298526506144
0.830893270625229,26.1530701890538,26,27.874944502573,0.778139710728368,25.9242493281975
0.406371300340204,24.0043137688013,24,24.8626938221305,0.440227574252367,24.2050759946059
0.190186133515134,22.8968009043735,25,23.3429699544339,-0.249666343701247,20.5486498760677
0.763293935786067,25.807631089421,25,27.3860855410648,0.437349879604909,24.1903935780618
-0.740682866560568,17.8163889416849,17,16.2953549391464,-0.0589185513451225,21.5872147487301
1.47353513022187,29.5440373371438,30,32.7647085613829,0.900303389736092,26.5519871291385
0.508306101026855,24.5192158020781,26,25.577450394477,0.821174980923297,26.1447321268668
0.662468855678485,25.2963211507189,24,26.6654122703031,1.05371142721763,27.348434806453
0.964892726717642,26.845360477591,30,28.8600548291418,1.5416729762234,29.9196850392472
-1.05340191387953,15.98127873359,14,13.7433327668783,-1.28640733668952,14.5546161069014
-0.351798157258439,20.0152945124906,19,19.3742057618318,0.105974324873968,22.4692723081535
-0.828537094852481,17.3005958885923,18,15.5786469918678,-0.785907358108046,17.4850599078236
-0.511755047430581,19.1304030044535,16,18.1317051730895,-0.581126159306575,18.6844938556412
0.697124711644478,25.4716255514534,24,26.9121055872788,0.0926097571003317,22.3983832565195
0.520535900752722,24.5808414398641,26,25.6633503007839,0.124510743754894,22.567404716884
-0.279782743766572,20.4064040256394,20,19.9215930122122,-0.297367189654681,20.285736623804
-0.761377030452453,17.6952438511421,19,16.126888775472,-1.29129783214324,14.5267995375024
1.18026406182193,27.978311533466,29,30.4904669588827,1.22505266261584,28.2470791940372
-0.850378262813534,17.1719518822094,13,15.4000337687196,-0.732732283320587,17.7992963668459
0.809040820896456,26.0411383143004,27,27.7163606565738,1.02198270824661,27.1830037366501
0.844024513506156,26.2204572615217,27,27.9705042081363,0.54727694137671,24.7496441612644
-0.318912371228045,20.1943515107611,20,19.6250783727446,-0.643680340779056,18.3215484726662
-2.20320928330724,9.71770289151429,6,5.11899045238891,-2.41493761447247,8.34583527250531
0.201983376702276,22.9579363139732,25,23.4263693413049,0.119396358153171,22.5403511843325
0.436553700383776,24.1570887837348,25,25.074195971358,0.630691834797193,25.1731152325852
0.234593143149434,23.1264899270826,25,23.6565164580507,0.140244780564842,22.6505257999716
0.433564454531789,24.1419724532213,24,25.0532469625969,0.37578249684938,23.8754503381843
0.97167856674631,26.8806924719431,24,28.9105478065242,1.24917195200705,28.3741815718127
1.08798323137429,27.4901263053791,27,29.7851131631608,0.751249553592346,25.7868160839154
0.538630011844047,24.6719918709017,27,25.7905344963708,0.129717729254386,22.5949305716046
1.1734100037773,27.9419308966442,28,30.4377723736979,1.74606743892282,30.9808355038633
0.575953630699032,24.8599845218767,26,26.0533115557615,1.11546314724942,27.6713455301887
-0.507262975646993,19.1556167424432,16,18.1670980074606,-0.270140024875142,20.4359815471893
1.70794496707566,30.7741325807936,30,34.5254528560702,1.84033294405752,31.451920263867
-1.24103533790904,14.9094362037478,16,12.2377511069613,-1.87230879564955,11.2518129415501
-0.749585966759607,17.7643030314325,20,16.222910495055,-1.36450110879053,14.1121849490922
-1.91102558921389,11.2538386071574,10,7.14172507730093,-1.9148200799382,11.0112527766904
0.281714454359043,23.3689198130782,22,23.9882203171081,0.285154407058558,23.4083041009857
0.586649000345889,24.9138646870885,27,26.1287360032803,0.712201394370934,25.5876524257736
-1.97417075302934,10.9141865544411,10,6.68768163832547,-1.58881555475102,12.8522241642163
0.87923376540844,26.4016255685775,28,28.2277491663463,0.593063790743013,24.9820721607422
0.30646708897587,23.495742960884,27,24.1621326603311,0.309267797058445,23.5330670749777
-1.15693580821763,15.3853880185853,13,12.9083060629032,-1.40658557666942,13.8750445140608
0.552152057025971,24.7400995068809,21,25.8856646858347,-0.0509570742712169,21.63015151899
-0.816753079903055,17.3699624777149,19,15.674968132521,-0.896707669409776,16.8275761045192
1.04078529137345,27.2419570666614,31,29.4281458019761,1.12769756515803,27.7354594464549
-0.696195313913476,18.0757809251235,17,16.6564730853666,-0.885071274811632,16.896667861632
1.56434997974369,30.0264221965251,32,33.4606195831986,1.14651709388561,27.8341657996933
-0.00011461729940085,21.900041956732,22,21.9841904806544,0.244426249733068,23.1967355653127
0.889526029791738,26.4547183143864,28,28.3032326667875,1.04155217855375,27.284996840414
-2.09811040444294,10.2576559686741,10,5.82115312426863,-2.28376146015768,8.99547988135607
0.705792306393873,25.5155357004127,24,26.9739620509036,0.949015588876611,26.8039262788874
-0.203197117434016,20.8188175800075,22,20.4958998562228,0.270514030843943,23.3323761839816
2.37101627790421,33.5684060841358,35,38.2589298996697,2.19876947935505,33.0330588607802
-0.0858100861493308,21.4457521303739,19,21.3618012602035,-0.440667046611137,19.4859884618659
0.880887123739445,26.4101503173685,28,28.2398660541062,1.30109220657573,28.648175429189
-1.0665997704969,15.9047476985968,14,13.6363706503314,-1.22697018241117,14.8940612264827
0.592679637933714,24.9442497338468,28,26.1712915226447,0.171983368161991,22.8176985248545
0.737595756145319,25.6769102701457,25,27.2015101156541,0.651578802203261,25.2792238404399
-0.119355343306158,21.2671530125869,19,21.1160206203091,-0.207004462533444,20.782622397687
0.138656287744686,22.6288024821268,24,22.9777007197528,0.187978638178028,22.9016929230377
-0.112883310534179,21.301644220971,19,21.1635397271076,-0.350965124929502,19.9884859627496
0.381065428749014,23.8759452249565,28,24.6853614994437,0.443295259621605,24.2207244826613
0.0782025082021925,22.3125007924738,23,22.5468316183449,-0.0855773911516333,21.4432024489163
-0.507320534696619,19.155293810115,21,18.1666446798471,-0.426461579068404,19.5660213088507
0.194680568114119,22.9201016888957,25,23.3747521080845,0.153510397153243,22.7204797202479
-1.22382378663707,15.0062457792208,15,12.3743802424656,-1.30660626216226,14.4398295608274
0.323459662189505,23.5826054664856,22,24.281418145492,0.904509822431451,26.5737059295727
0.0894363073056745,22.3714233004069,23,22.6271082608984,-0.404316545817397,19.6904322470388
-2.5164537777795,8.24970715145359,4,3.26333702678284,-2.90929792553807,6.39103199048399
-1.45962964525245,13.7021176655872,15,10.529242750866,-1.35891250066805,14.1437342236211
-2.09619202827026,10.2676769565187,8,5.83427321862667,-2.09292132041929,10.014422834584
-0.377414186246074,19.8752240664524,19,19.1777159301125,0.138434193776984,22.6409689587483
-0.541684516403731,18.9618279652635,15,17.8951838198475,-0.460437314079471,19.3743009400084
-1.84311772060191,11.6211377893148,12,7.63736271214087,-1.95112312209437,10.806255047056
-0.500005829110672,19.1963029234036,16,18.2242172885858,-0.417453165202244,19.6166818814206
-0.509568457925272,19.1426790357367,21,18.1489367197193,-0.481097130103748,19.257202785983
-1.38643956095142,14.1025080690004,12,11.0959628059879,-1.47684381325992,13.4803802971997
-0.38341966121892,19.8423047896076,18,19.1315131713135,-0.450393199101983,19.4310873557796
-0.970298458550896,16.4663124625732,16,14.4195670534927,-0.821686007274825,17.272977548234
1.14863566588073,27.8105842841947,28,30.2476898483182,0.639777698671747,25.219265311148
1.0422505089645,27.2496443346952,26,29.4391860321457,1.04329253895774,27.294073698289
-0.247248629756193,20.5819864865855,21,20.1665199317429,-0.159436198041147,21.0423137028865
-1.80605852835553,11.8220384910396,9,7.91053675830819,-1.78739824601286,11.7326838271789
-0.656941701566616,18.3032427053748,18,16.9736753213113,-0.188230615290413,20.8852601611117
0.452039783436576,24.235355049662,25,25.1827378247328,0.124833276144021,22.5691102441063
-1.32459813687415,14.4435022635956,13,11.5788870643702,-0.827366152966609,17.2392756235155
1.05031327391914,27.2919654607341,26,29.4999861564193,1.0606796858337,27.3848122556117
0.090993480385833,22.3795857541131,23,22.6382279053601,0.0457092849424276,22.1487326604567
-0.720086516271314,17.9366709142597,16,16.4627338040743,-0.538653749886013,18.9288406411966
0.280091138413375,23.3605901386438,21,23.9768077544632,0.091961884127371,22.3949438993761
1.23506746341493,28.2697986715441,30,30.9132777811817,0.612612189240737,25.0813093883294
1.57005395902457,30.0565437645677,33,33.503879765424,1.63149946213906,30.3905919200682
0.585743268505168,24.9093015112683,28,26.1223463748122,0.478738733504413,24.4013010283768
1.08852778585217,27.4929959911353,27,29.7892475444202,1.35972130908199,28.9580685651583
0.555344707264962,24.7561797662675,27,25.9081369375047,0.712620410643949,25.5897872654633
-1.71008810354549,12.3426478598981,10,8.62519200935698,-1.58982989086932,12.8465288674485
0.196443981042419,22.929240563236,25,23.3872188668987,0.0722022638731029,22.289920163705
-1.13276500329942,15.5235469855766,12,13.1023661337572,-1.43633003476875,13.7078181257911
-1.57182728901363,13.0923180457762,14,9.6697704977796,-1.50438895762249,13.3258701367179
2.35181260610947,33.5071228543526,34,38.1820348409872,2.43149706605268,33.8364892661002
-0.388232539938001,19.8158997913749,18,19.0944478343538,-0.69525728377955,18.0197784680151
2.06974611627004,32.4692239054103,31,36.8437401726258,2.52579358549911,34.1149899135109
-0.500308925851975,19.1946048303786,16,18.221833160627,-0.612651299782779,18.5020251715825
0.892322866126319,26.4691563835485,28,28.3237674298715,0.275653501657989,23.3590461262508
-0.74069355476573,17.8163264442032,17,16.2952680012135,-0.965667481032377,16.4186689009208
0.450713026759877,24.228652498362,25,25.1734375513439,0.514995411291729,24.5856768874935
0.581393813397565,24.8873894736569,27,26.0916685725407,0.745767597204168,25.7588276132371
0.654534536143741,25.2562386051843,29,26.6090663837766,0.330405722885229,23.6421448002416
-0.06674743421559,21.5470541274959,19,21.5009129104276,0.0799018131502358,22.3308726673074
-2.28202870536488,9.32653230897713,8,4.61630512799918,-1.77570156134017,11.7988777763778
-1.26051717957329,14.8002164400601,15,12.0834807226649,-1.09498829735502,15.6578266576377
0.380017270468341,23.8706222380403,23,24.6780156652384,0.352935434624964,23.7581210302636
-1.24366415548837,14.8946763570333,15,12.2169107319243,-0.9280233931012,16.6417326291816
0.34033431486409,23.6687094661097,23,24.399806520971,0.320158722268564,23.5893003918058
-0.0997795308115632,21.371428929399,19,21.2596038520286,0.32586730537281,23.6187474753765
1.12175432695327,27.6683542319425,28,30.0421657611626,1.12374196832604,27.7147255649712
0.341631556910109,23.6753224851891,22,24.4089051654372,0.106015265249335,22.4694892915677
-0.600775734844222,18.62600935852,20,17.4247365266409,-0.177193499104124,20.9455118303173
0.500135240872153,24.4780322800753,26,25.5200851320009,0.443653964005923,24.2225540414965
-0.670237812417818,18.2263589109405,12,16.8663981121903,-0.688893221989372,18.0571251821221
-0.057801566175361,21.5945462337452,20,21.5660613212224,0.481179406770952,24.4137221570583
-1.49908249100453,13.4873063888805,14,10.2257882463024,-1.88656887526516,11.171078494292
0.591986582556663,24.9407576202612,27,26.1663999172399,0.742773260450021,25.7435438643373
-0.363650061549538,19.9505554444411,23,19.2834124766649,-1.00244681364666,16.2012790603343
0.210072541203157,22.999807508554,25,23.4835106362616,0.525736937993623,24.640251771851
0.382517471420109,23.8833184859078,23,24.6955377392003,0.59529381878864,24.9933920058429
0.153957299886669,22.7085412790078,24,23.0863389273455,0.119928086659921,22.543164656452
1.42148189722167,29.2660135046895,29,32.3615736642089,2.1723415891786,32.9304473632076
-0.201031292196071,20.8304370789924,22,20.5120288738514,-0.0926839654907156,21.4047507121564
0.109575933797171,22.4768942995206,18,22.7707790779238,0.13872382234623,22.6424978537586
-0.506898282831417,19.1576627479299,16,18.169970173501,-1.28980255672362,14.5353027730823
-0.562511374472551,18.843920422541,20,17.7298859467415,-0.689165923595269,18.0555254749612
-0.295783963394823,20.3198123658252,20,19.8005980981527,-0.478051071127721,19.2744926858571
-0.168946530612365,21.0023233335758,18,20.7502698824238,-0.382000102655901,19.8153853760051
2.32455181315954,33.4181906249921,35,38.0700023728255,2.13531350988626,32.7826775498815
1.08203082750208,27.4587676709707,26,29.7399442399869,1.30650838317575,28.6767844232381
0.39471985083559,23.9452435660827,24,24.7810491441099,0.660117113808597,25.3226185940235
-1.14081663164005,15.4774570487518,13,13.0376584160562,-0.866271684263911,17.008305624711
-0.243468089533312,20.6023507122912,21,20.1948881750278,-0.420727736075021,19.5982748987074
0.413730236243395,24.0415937737935,23,24.9142588982895,0.357873137945397,23.7835014597755
-0.838093945234266,17.2443160381185,18,15.5005043727242,-0.397555674607156,19.7283312029649
0.846104759679714,26.2311415506139,28,27.9856613870689,0.703364501557254,25.5426403230485
-0.646018677980904,18.366272861246,18,17.0616698126354,-0.804797554745786,17.3731348128098
1.66365384309036,30.5462638071717,29,34.2031145628256,2.06739221429551,32.4996369279559
-1.17490816716373,15.2830543364326,16,12.7643893370485,-0.85744282886909,17.0607328339077
0.29181899245044,23.4207343379938,27,24.0592388097041,0.599017254765522,25.0122929163238
0.432557990987818,24.136882192748,24,25.0461936899901,0.442708109528322,24.2177296464919
0.358774044572409,23.7626297038891,23,24.5291116108637,0.251930100508731,23.2357967524844
0.186753836313251,22.8789985081673,25,23.3186908532214,0.865914496406716,26.374692527513
-0.611485170679038,18.5647269403597,19,17.3390084495069,-1.14769608329397,15.3511124250507
0.176677992132457,22.8266974030071,24,23.24737725832,0.158812946862939,22.7484090920241
0.305226725083057,23.4893961580156,27,24.1534223800865,0.999164976831566,27.0642511848216
-0.261273909292038,20.5063690106026,21,20.0611097086063,-0.204176897132544,20.7980932194142
-2.23614896149898,9.55264329222523,9,4.90624059116446,-2.1165140887982,9.88485102665668
0.270918091389972,23.3134915914487,27,23.9122995629773,0.795417566573438,26.0126874533857
-0.681893158553599,18.1588233060828,18,16.7722160949394,-0.889453320385918,16.8706478741466
0.455504385009224,24.2528552566391,25,25.2070250036023,0.712474915745936,25.5890459803288
1.02617849738745,27.1653837560308,26,29.3182337371992,0.529124067202973,24.6574572954891
1.85782973524724,31.5181353933395,32,35.5616310474239,1.78987521473346,31.2017721723584
-0.0182676317811983,21.8040524205492,21,21.852971999618,0.176790253148623,22.8429585297566
0.0479610296099108,22.1535702035473,22,22.3302110536105,0.0325479963167221,22.0784371918816
-0.250753106113707,20.5631023419061,21,20.1402060849974,-0.833400779273133,17.2034633081988
1.46776781675013,29.5132697776172,29,32.720154338716,1.91939602072787,31.8326585655489
1.11102686419105,27.611683067864,28,29.9603701691933,1.48308759280124,29.6105775639655
0.00192134185727557,21.9107991360124,21,21.9988875048226,-0.263137399928122,20.4745466832266
0.470272106226668,24.3274129324439,25,25.3105683068198,0.583741770814519,24.9347538239055
-0.123036180521017,21.2475296728542,23,21.0889734819857,0.180717827989113,22.8635862664364
-0.355606913771088,19.9945023004116,19,19.3450502664921,-0.501473841013043,19.1413156276582
-0.872963882420326,17.0388725187516,17,15.2152632345969,-0.781563625842735,17.5107782825327
0.526376653475734,24.6102673450753,26,25.7043921918436,1.04330130492474,27.2941194198305
-0.0161050488764707,21.8154948526639,21,21.8686210379416,0.556548119799893,24.7967144205382
0.334133514693701,23.6370871258394,22,24.3563104462201,0.581994641614663,24.9258855449514
-0.335845810521328,20.1022545709429,19,19.4960925994975,-0.663552072027352,18.2055324889925
1.39887728211818,29.1451205140656,28,32.1859748040574,1.1200171508728,27.6952054896467
0.14692906389471,22.6719312970205,24,23.0364574560222,-0.0597806485416135,21.5825634154935
0.415276432502013,24.0494240644678,24,24.925093361774,0.901709619926367,26.5592470458391
-0.21239190060613,20.7694637129213,23,20.4273585922972,-0.270854834678953,20.432043187753
-0.0639265739267637,21.5620329029382,25,21.5214650668716,-0.0877178235046699,21.4316238722631
-0.188362817535006,20.8983596043163,22,20.6062518088173,-0.355925181364746,19.9608712869803
0.719093792913295,25.5829780445103,25,27.0690181986568,0.840252278483334,26.2426937225178
-0.814259204792805,17.3846377813438,15,15.6953474980128,-1.42208068972763,13.7878969511325
-0.450110773519074,19.4744715131401,17,18.6149099853887,-0.10385096481566,21.3442770093302
0.639747146831756,25.1815805757916,29,26.504176840993,1.04754547129265,27.3162591974755
0.177924108507063,22.8331689285976,25,23.2562001479798,0.544410749333486,24.7350909220509
-0.0129870807176237,21.8319889558219,21,21.8911754055107,0.201249408543965,22.9712496764579
1.08674354295979,27.483593940401,28,29.7757024840035,1.09393929927079,27.5586585111784
1.97480066713094,32.0600624931496,34,36.2984380107684,2.10926849824766,32.6759595689827
0.21440247373671,23.0222039362868,25,23.5140826998221,0.466132637293416,24.3371198092549
-0.677863976407045,18.1821843495297,22,16.8047889496576,-0.817792244408469,17.296076143517
-0.792713916672717,17.5113336348394,15,15.8713181099207,-1.02974911381477,16.0403640620645
-0.123250924446752,21.2463846655453,17,21.0873950373336,-0.576292946798221,18.712386498872
0.656920862470788,25.2682919753353,29,26.626007992592,0.70620631155894,25.5571132979511
0.810419960203928,26.0481948296654,26,27.7263530483819,0.289865090706413,23.4327056846488
-0.549210797365845,18.9192764134018,20,17.835515714443,-0.483689467776049,19.2424813946248
-0.503605613647682,19.1761285900565,21,18.1958934399436,-0.646751441414877,18.3036402065806
-1.48041460588987,13.5888791561881,15,10.3692023272908,-1.62304838296005,12.6599061638907
-1.20254710179729,15.1263414229286,15,12.5437133999611,-1.16456536701502,15.2534228767539
0.759393611048957,25.7877710803035,26,27.3580290564847,1.18261868001828,28.0237838114216
0.0521688739399442,22.1757104354305,23,22.3603982692893,-0.400921219033159,19.7094700175121
0.57359910200418,24.8481241679529,27,26.0367152125764,0.553165519417613,24.7795415258741
-0.690828760134051,18.1069620740218,16,16.6999247021696,-0.691969408175342,18.0390766538551
0.925202381338512,26.6392289516846,24,28.5659116970454,1.16820702240524,27.948047707922
-0.61031562747248,18.5714255352134,13,17.3483771700142,-0.362508534070803,19.9241897851146
0.214571033248418,23.0230755758049,25,23.5152726390025,0.206373011230204,22.9980725197844
1.04710223796437,27.275106859579,32,29.475762449458,0.897081390265119,26.5353559328137
-0.358238890032354,19.9801273250264,18,19.3248906625994,-0.0191042865847257,21.8016001592635
-1.73166908114622,12.2255855343895,9,8.46366630907713,-1.77472115604482,11.8044250464153
-0.00230433100655052,21.8884704512684,21,21.96837912259,-0.177036035618591,20.9463709544568
0.537977001371761,24.6687026444802,26,25.7859423269653,0.12186670561951,22.5534206876561
0.8394436227455,26.1969380538967,27,27.9371447794548,0.796356517087831,26.0174966334254
-1.83055053215248,11.6892431272378,12,7.7298037366172,-1.94652249365236,10.8322031529089
-0.478565795230081,19.3161626081396,22,18.3925337468866,-0.698726097058682,17.9994098277951
-0.101626271229754,21.3615979840324,19,21.2460771470214,-0.150935654205507,21.088595148837
0.483619736223397,24.3947558108575,25,25.4041888745213,1.03786599378086,27.2657749282069
-0.723571206806144,17.9163425114548,17,16.4344371438915,-0.438021884113356,19.500904811988
-0.742470231068265,17.8059365467602,16,16.2808154210899,-1.01754380336889,16.1122463824045
1.67630532589465,30.6116498758733,29,34.2958222759911,1.14784693730058,27.8411444177697
0.520824536112726,24.582295668102,26,25.6653782121683,0.28738113955404,23.4198404326564
0.0944715605772557,22.3978127711228,28,22.6630577345465,0.0805541159572145,22.3343404614584
1.25284567988797,28.3645602700707,30,31.050929025635,1.34476023946814,28.8789515756916
-0.555426598457353,18.8840851915926,21,17.7861803508445,-0.810145105622368,17.3414294271648
0.42979244237465,24.1228934669341,24,25.0268131443245,0.395026369975367,23.9740722335217
-0.478532373854249,19.3163490557852,21,18.3927956150788,-0.45012129455359,19.4326233389523
-2.3098467439769,9.19171411524847,9,4.44429529946647,-1.82459433636255,11.5220656526577
1.38292212599876,29.0597640691989,28,32.0619154442135,1.12252024896346,27.7083226448926
0.444590429691901,24.1977154235764,24,25.1305222089347,0.204252181409176,22.9869717964627
-0.192241554738475,20.8775713022649,18,20.5774250079944,-0.999285734097005,16.2199370221204
0.475111643816983,24.3518344735175,25,25.3445087679392,0.0580425531750777,22.2145123635627
0.207760574169775,22.9878443083274,25,23.4671826430222,0.0186959610347223,22.0043434295786
1.15970096253344,27.8692191302658,29,30.3325127536295,1.20431376322148,28.1378938379933
-1.26947430213966,14.7501259489769,19,12.0126879772858,-1.71320266873533,12.1521010819421
1.32256320782807,28.7368890172229,32,31.5923245447665,1.27914613895601,28.5323020486239
0.937668496411736,26.7038743957721,29,28.6580791314017,0.470712604131619,24.3604429222481
-0.916985068651965,16.7795873736976,17,14.8551490051572,-0.799537999628357,17.4043100089918
-0.902886176299105,16.8625952520066,18,14.9704633332414,-1.37276535499663,14.0655579455972
0.48003066225526,24.376651661904,25,25.3790114041839,-0.0765816838761578,21.4918386508916
1.16073340005074,27.8746925252501,29,30.3404334394877,0.857914428621402,26.3335147647583
-0.511015156926955,19.1345575267505,21,18.1375366668492,-0.331056035212917,20.0991417806202
-0.448151479866085,19.4853406206898,17,18.6301790299017,-0.50725831025714,19.1083459094064
1.01886341885204,27.1270781883689,26,29.2632916658139,1.02497619943141,27.1985967555358
0.55742116023824,24.7666381419042,27,25.9227549921727,0.316800570702568,23.5719687507724
-0.129218022520136,21.2145611761776,18,21.0435132030745,0.0354167055465404,22.0937678564044
-0.325952027419892,20.1560901380305,20,19.5715052248931,0.0647980631005108,22.2505041873677
-2.2107630156755,9.67965928552857,10,5.06987464317139,-2.41716325184321,8.33524794927067
0.351545718587609,23.7258337568142,23,24.4784312026192,0.876719678482125,26.430348916506
0.730940716024544,25.6431064958738,25,27.1538163579045,0.991292724934614,27.0233244190529
-0.276121046811404,20.4261969386522,15,19.9492315559113,-0.543830476796104,18.899151199534
-0.592120717299994,18.6754429180503,20,17.4939181469083,-0.470671363009687,19.3163449523785
-0.68660295654863,18.1314971642632,17,16.7341217206418,-0.828578580576076,17.2320810683972
-0.862158686009732,17.1025414324939,18,15.3036645155327,-1.22582653850809,14.9006187777638
-2.27106187918795,9.3801631873221,9,4.68491302480296,-2.26332736525543,9.10087607676598
0.155202608587444,22.7150251185381,24,23.0951738618773,-0.113792975119581,21.2903836179905
-0.376034875294232,19.8827803759221,18,19.1883201973032,0.067024119214518,22.2623580348174
-1.0985380934311,15.7202069794105,12,13.3781176090804,-1.54194591586502,13.1152332210219
1.72692753454696,30.870839556256,30,34.6615974728887,1.88957019949303,31.6907906840008
-0.997908188330537,16.3046320940068,21,14.1944428797595,-1.04859421477176,15.9295608290981
1.40872379106378,29.1977881821619,28,32.2624931859589,1.77926027577532,31.1485346094813
1.2222073141389,28.2013093135439,30,30.813843252466,1.19072914083162,28.0664290279947
-0.0884942222073923,21.4314771473409,19,21.3421815594677,-0.377255139220446,19.8419003388105
-0.843540605060961,17.2122335664637,13,15.4559606034584,-0.649492170523523,18.2876516700914
-0.947682719124345,16.599060037204,16,14.6042278889781,-1.21521554675787,14.9615105379789
0.261099280714485,23.2630221294565,27,23.8432146267074,-0.0556374804768367,21.6049137947566
-0.295309872927561,20.3223803055762,20,19.8041880951508,-0.241015702523753,20.5961785257763
0.880346549582156,26.4073629329706,28,28.2359040027162,0.847621189710212,26.2805707447808
-0.332560529113436,20.120139068369,19,19.5211492083011,-0.592298080472513,18.6199360543263
1.48579403385013,29.6093965933763,30,32.8592978749884,1.2914789366856,28.5974082437464
-0.686447412218553,18.1323999510501,17,16.7353801411636,-0.662736356931161,18.2103012335978
-0.592730240181933,18.6719643353071,18,17.4890490822751,-0.403927150374767,19.6926161025953
-0.198055551976149,20.8463981817988,22,20.53417957751,-0.816826902201356,17.3018021835434
-0.726561036891188,17.8988935792727,16,16.4101515032291,-0.870781891567627,16.9815223003216
0.0194922702230137,22.0035630388936,21,22.1255647605763,0.163882165029023,22.7750919294012
0.0901472790048811,22.3751502560452,23,22.632185487462,0.435420121530686,24.1805459699114
-0.0359327765354782,21.7105138808797,20,21.724967565969,-0.163517984162199,21.0200769534242
-0.834708549759278,17.2642545271945,19,15.5281877728291,-0.706674683843981,17.9527042571384
-0.390168879045179,19.805270571919,18,19.0795260597099,-0.692425337071566,18.0364010482792
0.0470512240595898,22.1487820236953,21,22.3236820639082,0.218222921376417,23.060040914558
-1.33489031608204,14.3865467111602,13,11.4982445889072,-1.15836894533371,15.2892790195628
0.813924790775949,26.0661322804615,26,27.7517565335355,0.788355374723914,25.9765261105315
0.317357575472108,23.551431287808,22,24.2385910992629,0.605512558142171,25.0452658453951
-0.844080535244472,17.2090529715566,20,15.4515446609602,-0.478977762065145,19.2692335690396
1.20776007314103,28.1244301268242,30,30.7022889653661,1.3450627055401,28.8805508595061
-0.335150943131795,20.1060379880506,19,19.5013935875953,-0.660418013642251,18.2238515341424
0.388720229418763,23.9148045969736,23,24.7390063216941,0.0669108374575829,22.2617548774414
1.03001218530086,27.1854702841175,26,29.3470550046444,0.689258652199052,25.4708308523505
0.372970860854669,23.8348245566449,23,24.6286295543836,0.361516203911267,23.8022189393918
-0.370003034406825,19.9158054945468,19,19.2346611864903,-0.249484858066795,20.5496474605683
-1.44293588605702,13.7931973629382,15,10.6580637352532,-1.33378704783374,14.2857714752371
0.582905975637356,24.8950073886185,28,26.1023330937093,0.481782790392398,24.4167926708791
0.494885984178662,24.4515690789644,26,25.4832414076362,0.581218581955741,24.9219463332995
-0.250899484526648,20.5623134232792,22,20.1391066232462,0.0536264355025387,22.1909693909757
0.629595025659518,25.1303552307607,28,26.432255257892,0.973859402119736,26.9327722914622
-0.112591040785624,21.3032014274751,24,21.1656844989524,-0.0115695336651513,21.8420763188962
-0.947723079603027,16.5988229196738,17,14.6038981675968,-1.24368923451542,14.7983119563363
1.20302689297168,28.0992582058082,30,30.6657787629524,1.75737570212178,31.038167704025
-0.226023325638031,20.69622062338,21,20.3255430014094,-0.289557902716841,20.3288793784484
-1.2897548461538,14.6369950211898,15,11.8527158028844,-1.26114543600143,14.6985682704553
-1.11797279465282,15.6083950808012,18,13.2214070074623,-1.01250192321144,16.1419659555741
1.03659309259735,27.2199688429404,26,29.3965730525433,1.1318106499591,27.7570235875508
-0.579006641530873,18.7501845819723,19,17.5985659251454,-0.24367548036559,20.581569831188
0.831356974867257,26.1554481970092,27,27.8783155692478,0.99176173319508,27.0257620939758
0.145256420687666,22.6632143655852,24,23.024581371908,0.16125076353814,22.7612431674615
-1.31258003595639,14.5101212914464,13,11.6731919103171,-1.16391026005596,15.2572122185591
-2.30001228646993,9.23917355092147,9,4.50477138727185,-2.06394609873706,10.1745875732297
-0.682900343593274,18.1529813443238,17,16.7640713884273,-0.649096297115988,18.2899614598288
-1.31129692221716,14.5172412096644,13,11.6832692857938,-1.2341905421067,14.8526839711684
0.71301113241594,25.5521284465777,24,27.0255299905174,0.475624820832589,24.385451333856
-0.353018210411621,20.008635448012,25,19.3648686973683,-0.504300992444066,19.1252057233469
-0.291630920175526,20.342302587905,21,19.8320359133134,-0.129962267906786,21.2026259568789
-0.375277332359869,19.8869297393368,18,19.1941430839358,-0.392785636420219,19.755047207441
-0.234493237941642,20.6506639837184,21,20.262156872781,-0.716419659649927,17.8953843132832
0.332876253380911,23.6306729670574,28,24.3474902929423,0.0649063859487151,22.2510810812409
-0.452857594749825,19.4592269199116,18,18.593494302051,-0.69840622339146,18.0012884641001
0.761364599369415,25.797806214045,25,27.3722051638896,0.381340447988397,23.9039524063586
0.563061709239539,24.7950479068976,26,25.9624738996105,0.921460658680874,26.6612979817715
1.50666344745604,29.7205197195351,31,33.0199248259933,1.37488538909142,29.0382778244158
-1.35645165286912,14.2675036020608,13,11.3296574070588,-1.40560909647965,13.880539060227
1.62926441211428,30.3674631095737,33,33.948774703429,2.11424215018713,32.6965148660632
2.13411269886757,32.7295976036385,32,37.185635822932,1.9301501280926,31.8832486029989
-2.29618766513169,9.25769073411984,8,4.52838973616636,-2.00662728430892,10.494191592837
-2.3709221049364,8.90210829448063,7,4.07712789652813,-2.28320932362688,8.99831401471023
0.414434237638329,24.0451591103533,24,24.9191919526538,-0.00193199449874131,21.8938030581932
1.46505251109339,29.4987803097264,30,32.6991666179346,1.30269382504921,28.6566349279644
-1.97852864285949,10.8908436396947,10,6.65662467392836,-2.28819501671857,8.97275039173745
0.349952019567148,23.7177174702931,23,24.4672560766901,0.490236576471316,24.459802901453
1.45902520155383,29.4666090643451,30,32.6525546782148,1.09830516510172,27.5815044460254
-0.618482170716888,18.5246202293985,19,17.2829249346977,-1.12239105918142,15.4980888635285
1.90171587355442,31.7259962658132,28,35.8461421097563,2.20151579111265,33.0435853120257
0.00497905607386016,21.9269515544265,21,22.0209528851781,0.352499540719939,23.7558798480234
0.564536169752936,24.80247443674,27,25.9728590091717,0.198742385966873,22.9581185855222
1.31414164658227,28.6918654798863,32,31.5268306012997,1.73623595970035,30.9308323826415
-1.36603500862286,14.2147059995835,13,11.2548770394758,-1.2805366080886,14.5880297120026
-0.51333541616848,19.1215270911378,20,18.1192468536904,-1.08535990193988,15.7140912365566
-0.0376379759352965,21.7014781202729,26,21.7125947449571,0.275648233178675,23.3590187955422
-1.55913672339953,13.1611587939041,13,9.76645070918155,-1.46457107287035,13.5492474326492
-0.991369390832242,16.34288037849,16,14.2477234748476,-1.505411705851,13.3201340940909
-0.511829004387082,19.129987698573,15,18.1311222348957,-0.198369904226356,20.8298519586441
0.0243142949446437,22.0289968967479,21,22.1602789490596,0.279789132321604,23.3804946019977
-0.148053747920882,21.1140159202686,23,20.904720196523,0.0453793468754124,22.146971683658
-0.357541111491547,19.9839389088896,18,19.3302362641388,-0.399859002588889,19.7154239200935
-1.68533830363931,12.4768741307341,10,8.81096865134738,-1.74890060280676,11.9504546904352
-0.61125007098233,18.5660736014261,19,17.3408918641415,-0.430063657823296,19.5457443660118
-1.46035036894219,13.6981882115321,10,10.523686832855,-1.90212231293796,11.0830637255588
1.44643568304073,29.3993783725388,29,32.555093462049,1.44993037861144,29.4352902573647
0.490282263821103,24.4283563626535,26,25.4509344936275,-0.0760063022935685,21.4949480946571
0.774293027435223,25.8636770967423,26,27.465290661272,0.726157252174653,25.6587820716301
-1.20387018994045,15.11885957512,16,12.5331695203779,-1.30279262588268,14.4614812586058
0.578453553205951,24.8725776395158,27,26.0709358231858,0.00912278032369659,21.9530728213549
-0.269089086039284,20.4641846398532,21,20.0022572773484,-0.289258773449326,20.3305311269944
-1.2677456551874,14.7597869292793,15,12.026343706194,-1.2012235806008,15.0419417575317
-0.131833041085984,21.2006105121338,18,21.0242692959271,0.232796459036894,23.1361231143468
0.656033513083519,25.2638097769922,23,26.6197078018345,0.840084616969502,26.2418321702281
0.239639243996424,23.1525148441861,26,23.6920831494091,-0.244005784386669,20.5797553600217
0.0504039461532119,22.1664250085233,22,22.3477384791595,0.052683534854212,22.1859411312089
0.186022663860946,22.8752052081304,25,23.313517863589,-0.506894368663091,19.1104212102847
0.446570220120963,24.2077204049443,25,25.1443987593831,0.781905470452844,25.94351560275
-0.58973035060384,18.6890808634105,18,17.5130087469996,-0.50224987104625,19.1368943511369
1.06322402160885,27.3598024396122,27,29.5975129109204,0.924186627021744,26.6753947678554
-0.204315846853533,20.8128148216308,23,20.4875662600972,-0.171358219401764,20.9773404729775
-0.266688694395957,20.4771451586978,21,20.0203423575599,-0.0439644632502266,21.6678356962367
0.920587915512237,26.6153224687282,24,28.5318453434868,0.818191195077067,26.1294230662777
0.93361878390581,26.6828640190455,30,28.6281159944231,1.39376699622215,29.1381685345562
1.07048108647222,27.397969960435,26,29.6524224749065,1.29565656181833,28.6194682277667
0.59707826916283,24.9664144800096,23,26.20234350255,0.557212145505568,24.8000854785854
0.396477231956754,23.9541566948355,24,24.7933638156621,0.384911058489331,23.9222550687227
0.074465756436987,22.2928869914697,22,22.5201063208206,0.220421480164754,23.0715277651267
1.53178637341647,29.8540004316372,31,33.2125104315076,1.37404932117642,29.0338551067233
-0.334182486581591,20.1113104344623,19,19.5087805771795,-0.303736387864749,20.2505194081379
1.82738051100829,31.3709965898869,32,35.3588577874777,2.11693097735075,32.707592843157
-0.155917663630736,21.0719964721923,22,20.846648416808,-0.0577496793654178,21.5935206267103
0.216836422410754,23.0347884842574,25,23.5312636412936,0.414535766738661,24.0738803648857
-0.943464781014963,16.6238442070237,17,14.6386889892055,-0.954334324918497,16.485774077094
-0.273204204461678,20.4419577672198,20,19.9712347383609,-0.995818361654888,16.240408894105
0.477851319711562,24.3656572058675,25,25.3637245961095,0.127502675346195,22.5832232244521
-0.310974893586616,20.2374501689704,20,19.6854000444585,-0.367917081468202,19.8940288418176
0.255535267518885,23.2343971165517,26,23.8040491752258,-0.282371157554794,20.3685473200746
0.64655355980951,25.2159376539263,29,26.5524363379525,0.584427516463278,24.9382346134954
-0.453966891404201,19.4530682032744,23,18.5848425490058,-0.0297288152336469,21.7444735824252
0.00475479048841172,21.9257670033556,21,22.0193348190293,-0.164176997666941,21.0164859649629
0.975712158274283,26.9017065516529,25,28.9405897156476,1.15869293201435,27.8980789169688
1.2785894159126,28.5019270467253,26,31.2505932855034,1.38749853190098,29.1050044640743
-0.540320370142885,18.9695335564796,21,17.9059906187287,-0.316160783778392,20.1817411841133
1.47484371056197,29.5510167789649,30,32.7748131031601,1.75655016158039,31.0339890381643
0.0111232297147247,21.9593961681148,21,22.0652643720999,-0.249370422826945,20.5502764743858
0.160868703462674,22.7445149747637,24,23.1353597017615,-0.208868067659957,20.7724233942827
-1.11558790770919,15.6220955601256,13,13.240618759832,-0.936488218035476,16.591534619924
1.1118870172527,27.6162251832088,27,29.966923922238,1.10824645332552,27.6335473760768
-0.719512533911323,17.9400184184414,17,16.4673938002,-0.546279245778675,18.8850980827279
-0.316388340762832,20.2080612357468,19,19.6442696451494,0.0506275027266489,22.1749749662251
-0.140147616700167,21.1562359521433,24,20.9630287285757,0.211734524317824,23.0261219319567
-0.651271049557926,18.3359796592181,18,17.019373010178,-0.62065853420804,18.4555337447084
0.00515081467581756,21.9278587537463,21,22.0221920835977,-0.238481918689025,20.6100913141205
-0.661860309115898,18.2748213830807,18,16.9340112232462,-0.557264303908438,18.8219855013701
-0.783006752143468,17.5683551168083,21,15.9505383715549,-0.928016481831771,16.6417736219943
-0.205973731736457,20.8039180445662,22,20.4752134490166,-0.132535759177173,21.1886462104241
-1.84674799747441,11.6014697027341,8,7.61069823990842,-1.94677934631051,10.8307542046567
0.484711106949359,24.4002604219866,26,25.4118454422565,0.194739376512533,22.9371431484051
0.153489281741126,22.7061042592837,19,23.0830182761063,0.0146138899726383,21.9824876482936
0.37894133556722,23.865157670865,23,24.6704750665836,0.208534718303521,23.0093840831927
2.24314861319053,33.1385870538703,33,37.7144485498123,1.90167148422861,31.7486215502369
-0.740533601860767,17.8172617337395,16,16.2965690510434,-0.617504460504654,18.4738537536088
0.870785050016392,26.3580883608979,27,28.1658840197987,0.794964599420708,26.0103675307825
2.20012093859197,32.9819919447252,33,37.5131790994024,2.09035539000672,32.5970416620264
0.113560109221541,22.4977339085631,24,22.7991647329528,0.0529708023107891,22.1874731151106
1.15355925767466,27.8366681728706,29,30.2854169601918,0.995753364968154,27.0465119005219
-0.0078731426555136,21.8590331162201,21,21.928147393037,0.0248879263216129,22.037477583843
-1.47699942703053,13.6074740934621,10,10.3954721803969,-1.64979450898266,12.5094703983674
1.59041528842448,30.163844235081,33,33.6577648648591,1.38721553438483,29.1035072613136
0.206907511188043,22.9834293475667,25,23.4611572680612,0.215870648970441,23.0477473589328
-1.41507518969463,13.9455054079898,16,10.8736306547932,-1.34485730627886,14.2231487519048
-0.864028825566678,17.0915218503036,18,15.2883646947962,-1.36377375328508,14.1162902266475
1.01392209077249,27.1012189981122,26,29.2262170374296,1.42140278555784,29.2843838301199
0.045337503907692,22.1397619010106,22,22.3113820294201,0.352809579430837,23.757473946622
-1.30640897212907,14.5443773250397,13,11.7216742892844,-1.24518500159243,14.7897562515669
1.18861795152603,28.0226768724024,29,30.5547517972685,0.842768350991318,26.2556242308257
1.88924689530246,31.6674656728713,33,35.7662625016838,1.94622745163538,31.9583017331149
-1.9854043057475,10.8540448577421,10,6.60770307199862,-2.23275460650248,9.26044202107294
0.970448333910637,26.8742850630728,25,28.9013893066481,0.668965914319632,25.3676050023375
-1.30740605731549,14.5388401679814,14,11.7138380787763,-0.850738675043148,17.1005399498603
0.276601600365136,23.3426791309173,27,23.9522717037776,0.339690998308485,23.6899771350024
0.0701604464727187,22.2702802676186,23,22.4893005456526,0.206078379662429,22.9965305576726
0.741737569647131,25.6979581990673,25,27.2312142253025,0.85439661008408,26.3154159241496
0.275454674295153,23.3367906535402,21,23.9442063349402,0.304504296536591,23.5084491079259
0.0693725323989534,22.2661420217894,22,22.4836611351807,-0.249489483475152,20.5496220360161
-0.172362016933383,20.9840469752404,23,20.7249699455263,-0.520100753595708,19.0350331630481
0.347112198692343,23.7032518169122,23,24.4473419832644,-0.105941416424447,21.3329493243038
-0.221814348725695,20.7188456876918,22,20.3570065240157,0.164134141656202,22.7764178103732
-0.0576096439465974,21.5955647806016,19,21.5674580667318,0.0923585065721623,22.3970494766039
0.702229364479526,25.4974823536021,25,26.9485270995165,0.767860932757035,25.8716864947025
0.27551241783219,23.3370871354114,27,23.9446124083546,0.36472818869601,23.818715790562
-0.00891704983200549,21.8535134747936,21,21.9206023761857,0.397862106060233,23.9885901294255
-0.0409532985126328,21.6839071283587,26,21.6885304570292,0.529073954381935,24.6572027500578
-0.546947465051854,18.9320794808312,21,17.8534672765893,0.188270606581297,22.9032245082467
0.57165542522201,24.8383336120846,27,26.023016934269,0.110848465652802,22.495097637869
0.130848698000414,22.5880634979054,18,22.9222048579254,0.215866054803545,23.047723345046
-0.748293894234767,17.7718652953528,15,16.2334273192966,-0.712112737054265,17.9207254566572
-0.906253237043903,16.8427674432237,12,14.9429214390701,-0.659205490591786,18.2309367709872
0.0843931182114563,22.3449791617241,23,22.5910821247577,0.177559964156062,22.8470018912803
-0.18938222457817,20.8928966874209,22,20.5986774127354,-0.235264311483992,20.6277534780494
1.25800143813364,28.3920577760532,30,31.0908863057745,1.54788479272396,29.952391549712
-0.616865514706486,18.5338916103557,13,17.2958880925237,-0.810890757323555,17.3370078405297
-0.734994201283923,17.8496412263238,16,16.3416153369548,-0.538620161803435,18.929033190442
0.118953346410545,22.5259300925277,24,22.8375707354964,0.208943120293276,23.0115207747065
-0.749250736062481,17.7662651787506,16,16.2256392089033,-0.606544013475839,18.5374460899488
1.53067906980435,29.8481248510043,32,33.2040420642483,1.40570903432442,29.2013515795478
1.42317118948555,29.2750454800802,29,32.3746865727556,1.70232391244211,30.7573136132951
-0.345744559486317,20.0483175633463,19,19.4205023159591,0.0273122721559488,22.0504446203268
-0.549349842671652,18.9184896804531,21,17.8344126583438,-0.0345189020495426,21.718698111671
0.237353700674328,23.1407292178801,26,23.67597530016,-0.0639663039467574,21.5599747594957
-0.62585493898438,18.4823022813925,18,17.2237682393281,-0.680125737487356,18.1085268938271
-0.275521044506555,20.4294394050674,20,19.9537586239382,-0.316466991822466,20.1800447402756
1.25805308086254,28.392333240438,31,31.0912866192511,0.817222207945463,26.1244521627761
-0.267176876034208,20.4745095777728,21,20.0166649265057,-0.294485467296519,20.3016615568237
-0.398117911289096,19.7616000418039,19,19.0182123555155,0.0536679527573168,22.1911907801431
-0.545774228404055,18.9387138657347,20,17.8627700909362,-0.367308050607668,19.8974262716116
0.225282019476556,23.0784280479188,25,23.5908567427634,-0.0722395642045963,21.5152998689921
0.208464858829836,22.9914889481672,25,23.4721568707111,0.372224018857608,23.857193791966
0.705033526963978,25.5116905743958,24,26.9685443773556,0.912445170855049,26.614697067845
0.0783667338402714,22.3133626343611,22,22.548005902295,0.475903208477035,24.3868684229244
-1.15410565790725,15.4015335897597,18,12.9309986549743,-1.23947077949374,14.8224504917913
-0.870462677897639,17.0536106918786,19,15.2357269875732,-1.01303639086052,16.1388148202624
0.395876229362083,23.9511086618322,23,24.7891523640883,0.478417059375602,24.3996638400942
0.42275929067991,24.0873063236086,24,24.9775278462702,0.635039240206187,25.195195841963
0.344684143507543,23.6908803682315,23,24.4303142408139,0.620569866002288,25.121713545373
-0.159240432972585,21.0542342919591,18,20.8220885952818,-0.267627905701518,20.4498199199699
1.80889575150056,31.2805848709423,32,35.2337121126667,1.94839243473542,31.9683544337181
-0.378819502443935,19.8675235920582,18,19.166908898532,-0.153585142623209,21.0741739547175
-0.547708325434613,18.9277761492216,20,17.8474332917345,-0.686146378873405,18.0732354859684
0.520214927186199,24.5792242728228,26,25.6610952187945,0.756804015661116,25.8151846274404
1.55031943994687,29.9522230701064,32,33.3539468749265,1.2706287251887,28.487353435297
0.476835570032905,24.3605325476685,26,25.35660004606,0.504345953001604,24.5315502232462
-0.411033614431608,19.6905188826778,18,18.9183932032148,-0.362477351367827,19.9243636100371
1.56137164967165,30.0106840189094,32,33.4380063227344,1.49577380210973,29.6775926440703
-0.969284108331506,16.4722608700794,15,14.4278448774404,-0.773452375946559,17.5587827232771
1.5430536026624,29.9137424644802,32,33.2985662155435,1.42377434490986,29.29693075047
1.08047505913659,27.450574337427,27,29.7281455246495,1.08478831709547,27.510791873724
-0.673643005511207,18.2066411247762,18,16.8388956799698,-0.979020423775767,16.3396713160538
-0.564964414774886,18.8300003896915,19,17.7103792673012,-0.377260601584107,19.8418698254551
-0.141023189340602,21.1515614732273,24,20.9565749691953,0.0440427456451244,22.1398371883743
0.416001424452298,24.0530952767205,19,24.9301735194467,0.0745214716403762,22.3022594602213
-1.50144208108598,13.4744755572142,14,10.2076825346581,-1.56481911682933,12.9869132144887
0.0787665802759552,22.3154609370475,23,22.5508648850888,0.0897823873400826,22.3833716859003
-0.386044130260804,19.8279086667339,19,19.1113055604465,-0.67710781209592,18.1262067893714
-0.103799895718358,21.3500252467859,19,21.2301511984873,0.137275312583832,22.6348508890076
0.794711681929485,25.9678816232337,22,27.6126660216487,0.928778482008367,26.6991471970042
1.12908697101099,27.7071206274008,28,30.0981503843457,1.01332957788464,27.1379475411952
0.066464967297135,22.2508683999275,22,22.4628461026541,-0.571742499902901,18.7386270506876
0.253041868747401,23.2215633811322,20,23.7864937974655,0.0354211923799989,22.093791830719
0.637597726142546,25.1707331408608,28,26.4889435892672,0.0430709100007323,22.1346490706883
0.0875334326010705,22.3614470402083,23,22.613517397628,-0.10414335065536,21.342692770462
1.56567278686752,30.0334099867586,32,33.4706576726318,1.32355749354347,28.7668682752127
-0.00617042630336029,21.8680352294385,26,21.9404517988127,-0.375824987700288,19.8498884944416
-1.1278213349921,15.5518790483739,18,13.1421273814803,-1.0664172574875,15.8249862537729
-0.354041641629543,20.003048624478,19,19.3570347297001,-0.606199265439917,18.539444536821
-0.845459969767084,17.2009268840176,15,15.4402624146534,-1.09327513072816,15.6678325753822
-0.138618571682963,21.1643984424751,23,20.9742969797594,0.0166091692374462,21.9931717419131
0.658656993722848,25.277062193982,23,26.638336253457,1.00759930647164,27.108125090284
-1.07565150011639,15.8523494945112,13,13.5630912661955,-1.30668044460414,14.4394084863969
-0.0753845757197458,21.5011720443621,20,21.437931438026,0.365155926245355,23.8209122566026
0.252577850936907,23.219174630055,21,23.7832264772754,-0.129388825167857,21.2057405573606
-0.548359224154543,18.9240942224296,20,17.8422707442406,-0.475348868620921,19.2898235062218
-0.0748865159096573,21.5038185995736,19,21.4415654489982,0.0901832929057641,22.3855005504474
-1.48720531147066,13.5519173691171,14,10.316998169647,-0.986780780236001,16.2937968092534
-0.0663314957346064,21.5492629527203,20,21.5039438801875,0.0621687080522086,22.2364988694421
1.1763458218608,27.9575117372059,29,30.4603377290662,1.04134878268239,27.2839360953904
0.812628255568628,26.0594959419393,26,27.7423574544664,0.0506325922055938,22.1750021148679
1.90716503439523,31.7514396967461,33,35.8808079218999,2.43159442802322,33.836789732566
1.01128543212864,27.0874260851017,31,29.206447067036,1.07342196390718,27.4513737743594
0.776426868102586,25.8745570355636,26,27.4806712163078,0.528084625842773,24.6521774380553
0.356384583536392,23.7504689824539,23,24.5123591261412,0.233046679326063,23.1374281668099
-1.41809914122872,13.9289541654099,11,10.850198112298,-1.68383590025746,12.3177433847045
0.410446051910064,24.0249588712528,24,24.8912461465658,-0.106634763151949,21.3291917432983
-0.410221275097904,19.6949941940234,18,18.9246785208434,-0.336583979260207,20.0684466373251
-0.344662466002405,20.0542174534869,15,19.428772385103,-0.685693086308859,18.0758935178185
-0.0834119629456062,21.4585037131786,20,21.3793236230582,-0.276400450254875,20.4014777275948
-1.31670957713941,14.4872164000127,14,11.6407708244849,-1.33511277812874,14.278268458516
1.01108729926931,27.0863897621877,31,29.2049618041732,1.11484823267851,27.6681242524819
-0.859137533910422,17.1203429477856,19,15.3283803012459,-1.11926200785037,15.51629891168
0.51466685963478,24.5512696498882,26,25.622121251011,0.26542689787376,23.3059610507723
1.2110061462138,28.1416977183095,29,30.7273388791579,0.901702897910248,26.5592123403555
-2.79618982463334,7.15016544424379,6,1.9454949950762,-2.46828849812179,8.09633352576047
-0.386686181545652,19.8243858603894,19,19.106360440419,0.152857642835796,22.7170402651996
0.909027026119317,26.555482193043,29,28.4466159135608,0.623270817876353,25.135428578368
-1.90946497414631,11.2622609368399,11,7.15303574611412,-1.79899143875827,11.667055229206
0.242197671052575,23.1657038808211,26,23.7101113689383,-0.106595324900228,21.3294054848139
-0.447789723887288,19.4873470141007,22,18.632997637671,-0.155940491885039,21.0613507101694
-0.360420046650883,19.968210280673,19,19.3081765481195,-0.763749926892477,17.6161662961745
-0.314320713923704,20.219288555341,20,19.6599839814389,-0.565431863542556,18.7749852711229
-0.0576568921622435,21.5953140317965,20,21.5671142137007,-0.449486494376349,19.4362090498258
-0.630061726433856,18.458130227335,19,17.1899866361318,0.00701406625199781,21.9417723167741
0.562161251867952,24.7905125308805,27,25.9561321850858,0.609783164656094,25.0669465419678
0.066690216505151,22.2520517963814,21,22.4644588949655,-0.0712613376894815,21.5205840528446
-0.0644014425648491,21.5595115618527,20,21.5180058756638,0.174056415980107,22.8285942182087
0.042893184203858,22.1268939164845,22,22.2938337634594,-0.383939284732155,19.8045439239814
1.62594197567519,30.3501125483808,33,33.9240321839841,1.43533341377095,29.3580813003332
-0.251524197608428,20.558946346858,21,20.1344140215728,-0.362471916788061,19.9243939044919
-0.698786288463757,18.0607176553223,16,16.6354855208763,-0.182433292263649,20.9169158890075
-1.5281811023515,13.3291795471445,13,10.0028410337263,-1.83837800618391,11.4439915052868
0.505863528136308,24.5069055235764,26,25.5602997665141,0.423807273108983,24.121255425307
-0.661971788308628,18.2741769431663,18,16.9331119593462,-1.07450099717458,15.7776298617965
0.343371996383567,23.6841934403783,23,24.421111815653,0.583790413772266,24.9350007315541
0.984735656173591,26.948749866928,25,29.0078723009401,1.17783716936504,27.9986501307021
0.811141554955855,26.051887354518,26,27.7315821313523,1.4072516517599,29.2095133556258
0.254064648550749,23.226828167133,21,23.7936952437337,0.225722121638618,23.0992087913694
0.537164035767122,24.6646076926123,26,25.7802255376351,0.195655496240474,22.9419444925843
-1.10565231168969,15.679233930936,13,13.3207126463909,-0.987647029917075,16.2886778416294
0.426090722744493,24.1041652603939,25,25.000872775724,0.904828703053545,26.5753526709921
1.06954775530989,27.3930597716976,27,29.6453569421488,1.02131261017,27.1795136432313
0.0256012000254759,22.0357829581777,22,22.1695399031351,-0.101503897721358,21.3569925818081
0.619400065557619,25.078935449077,28,26.3600997018406,1.08081846084372,27.4900346289813
0.336044171882783,23.6468331021565,23,24.3697137689298,0.349890617893035,23.7424637096202
0.995639286473593,27.0056554738006,30,29.0893142736115,0.917921924911423,26.6430025047347
1.11090292615969,27.6110286296737,28,29.9594259193846,0.998819374751889,27.0624539723678
-0.715673628980387,17.9624005509757,15,16.4985541054469,-0.504262579596826,19.1254246617883
0.589637173276931,24.9289199782388,22,26.1498197039474,0.531572444025902,24.6698932900684
0.570478610295277,24.8324059334112,22,26.0147241117071,0.81385845333682,26.1071988624804
-0.338384764496568,20.0884273375579,19,19.47671762587,-0.258593401614743,20.4995552668174
0.316638628687919,23.547757001774,27,24.2335446009263,0.0759734707640969,22.3099831037635
0.933616776991245,26.6828536092791,29,28.6281011508197,0.630650364325585,25.1729046135112
-0.192289840239328,20.8773124710748,23,20.5770660297485,-0.211649490471083,20.7571978311221
0.529341324982503,24.6252023638466,26,25.7252290016835,0.430109706049103,24.1534395685252
0.339984534212447,23.6669262205802,22,24.397353160095,0.256850463894288,23.2613895029321
1.13830508404042,27.7558883089515,28,30.1686141373405,1.32974836760547,28.7995892910721
0.63329392706153,25.1490164214557,23,26.4584515551543,1.55741676354438,30.00254671957
-0.876793885178564,17.0163048434634,18,15.1839275822219,-0.914857361176594,16.7198443649441
-0.107694183391751,21.3292869302198,24,21.2016047095942,0.263096722799622,23.2938559230312
-0.263728905196914,20.4931213937626,21,20.0426312448569,-0.442659507523183,19.4747486090722
0.191617579215051,22.904223349588,25,23.3530935942503,-0.353579955651108,19.9739304701169
-1.849293631334,11.5876796062436,11,7.59201110703906,-2.11656180406408,9.88458980306481
-0.994692696213414,16.323437435126,15,14.2206409964421,-0.964760508042331,16.4240373768701
1.5680013036065,30.0457071091585,32,33.4883193194143,1.72635012881834,30.8804110250212
-0.117870688160902,21.2750665576235,24,21.1269255610051,-0.475219494059281,19.2905573349913
-1.33000219685175,14.4135860367596,13,11.5365308870137,-1.52879873295116,13.188972229453
1.3342241371367,28.7992459155863,26,31.6830344024681,1.1418154188652,27.8094967359069
1.39423353022299,29.1202789446575,28,32.1498751971853,0.97292986141745,26.9279472559045
0.584231321936179,24.9016843229974,22,26.1116810921275,0.225017712906492,23.0955313108985
0.0648470886987127,22.2423677883075,22,22.4512607926906,-0.0533019143983408,21.6175090871753
0.581463781030603,24.8877419500126,28,26.0921619925417,0.911018388112293,26.6073249887689
-0.852397017493873,17.1600580951831,13,15.3835205721496,-1.25916691665194,14.7098620088634
-1.55222855575509,13.1986412456458,13,9.81913511912608,-1.85505657482915,11.349519079739
-0.698699120506869,18.0612245219304,17,16.6361916990905,-0.429707064704052,19.5477522235674
-0.237647235834178,20.6336902814934,21,20.2385291032475,-0.134183754922567,21.1796921713696
0.818176591697418,26.0879015860271,26,27.7825928419093,0.847096087859601,26.277870960498
0.189265519553672,22.8920266181424,20,23.3364584584735,0.137777737578277,22.6375034447816
1.93553099881073,31.8825209267833,34,36.0588375146054,2.42934153217075,33.8298300166131
-0.912956292872507,16.8033021442858,17,14.8880968183877,-0.767093223966112,17.5963977873277
-0.113716888482226,21.2972027577569,18,21.15742211841,-0.418079192087761,19.613163587084
-1.09381823055126,15.7474174706577,13,13.4162272884169,-0.803562599380344,17.3804555971974
-0.275047495115506,20.4319983539976,20,19.9573312448894,-0.234887475237025,20.6298216198193
0.11741208383799,22.5178738854798,23,22.8265973612353,-0.211107639843451,20.7601642704347
-1.21736158913816,15.0426718998237,15,12.4257598626453,-1.69381253252859,12.2614958558662
0.0367317068200619,22.0944448980836,21,22.2495759609696,-0.330328018244512,20.1031825953065
-0.293740954425402,20.3308773984861,20,19.8160663217156,-0.222798245667601,20.6961257260182
1.28939749368138,28.5596437948162,31,31.3345190758559,1.96381651827912,32.0395944579068
-0.447003546579186,19.4917068935753,17,18.6391224560384,-0.323125800778952,20.1431374461401
0.0022397765326733,21.9124814567154,22,22.0011858390703,0.326205436998049,23.6204910897625
0.613078139764476,25.047059597482,28,26.3153894399499,0.25614292261279,23.2577102797972
-2.56441154202741,8.04676672105423,8,3.01455914816781,-2.54916456520305,7.73572262189839
-1.33735027656056,14.3729464295416,12,11.4789862135586,-1.58074515187403,12.8975318528623
-0.0863882406332284,21.4426775739919,19,21.357575911171,0.185199352002646,22.8871106848625
0.291690931443955,23.4200780319043,27,24.0583389630634,0.540583512345397,24.7156566967252
-0.173854231644948,20.9760605441065,23,20.7139119510366,0.177819294612918,22.8483640879386
-0.0393659909509267,21.6923202929003,20,21.7000533436592,-0.174229720797743,20.961680064453
0.201066662180936,22.9531887262771,24,23.4198914990227,0.50454337506645,24.5325538317035
-1.00946585762072,16.2370964565266,15,14.1003260220221,-1.06891301118616,15.8103605288607
0.0586403611704622,22.2097447737724,22,22.4067952886731,-0.0715927524543097,21.5187938719457
-0.14708495352985,21.1191907796749,23,20.9118691821697,-0.292088615551222,20.3149027828242
0.845326638785825,26.2271447825708,27,27.9799912081556,0.757950451508035,25.8210411261112
0.803508267750409,26.0128406376881,27,27.6762966163686,0.99427047261512,27.0388026607406
2.32201549334211,33.4097990646218,34,38.0594042599598,3.19170267946755,35.5818064306307
-0.295931879892345,20.3190111369503,20,19.7994779528982,-0.129791642858673,21.2035527083938
-1.08580797102227,15.7936466050907,13,13.4809492749013,-1.16770848176221,15.2352470363284
-0.378121314052062,19.8713495522497,19,19.1722783993595,-0.807225381007575,17.3587413772861
-0.856052907460718,17.1385179784464,19,15.3536144753551,-0.840549293739613,17.1610324582574
-1.55496280729107,13.1838048891155,13,9.79827790017769,-2.04445503834642,10.2828936516246
0.779840662626121,25.8919678991666,26,27.5052875869586,1.03269964273615,27.2388423928466
-0.541587909230004,18.9623737356962,15,17.8959492262999,-0.541288271044531,18.9137344248325
-0.557704050640263,18.871180184052,20,17.7680912717282,-0.757999628394281,17.6501545566551
-0.661874746735601,18.2747379226477,18,16.9338947606956,-0.998697694384431,16.2234084523899
-1.0787962150345,15.8341631851332,14,13.5376486335181,-1.73700576236603,12.0176787757338
-0.450824476134459,19.4705112863921,22,18.6093466259225,-0.83344592391746,17.2031953732625
2.49047893513168,33.9257958946402,36,38.7021125849209,2.46750662177256,33.9457527939686
0.0224219071389808,22.0190166887925,21,22.1466580173027,-0.227204123868376,20.6719711757883
-0.652259892977935,18.3302733447794,17,17.0114067000898,-1.17436554102054,15.19677777061
-0.00259859407294597,21.886915269477,21,21.9662539745219,0.27919255667106,23.3774012770882
0.13840657556819,22.6275000456104,24,22.9759264343266,0.0118936259267774,21.9679178459553
-0.0568643670992489,21.5995198911688,21,21.5728815724906,-0.192735337005847,20.8606500752583
0.525031987981811,24.6034931418759,27,25.6949424213308,0.623660225332522,25.1374059898678
-2.31232659787291,9.17978218582934,7,4.42910395566634,-2.13215651685995,9.79940424592327
1.21424549594707,28.1589330406852,30,30.752345477369,1.04903094293347,27.3240096227155
-0.954701521810193,16.5578354795101,16,14.5468970724317,-0.806934560442144,17.36046560738
1.44804586286158,29.4079793759738,29,32.5675657386406,2.22847602213183,33.1455582413993
-1.06950799191656,15.887904573864,14,13.6128195112822,-0.858435100767916,17.0548407565646
0.948364373920131,26.7594111048814,25,28.7373175070412,0.256820129515326,23.2612317705288
-0.627866530174252,18.4707461000441,18,17.2076171264388,-0.147507574230616,21.1072488409015
-2.29647487893367,9.25629900327547,9,4.5266141718094,-2.66834408761031,7.24422190043611
-1.40989271139374,13.9738831734003,11,10.913809815793,-1.27199271946099,14.6367006936059
-1.38556951852046,14.1072863740681,12,11.1027304448432,-1.44488614178112,13.6597589603092
1.54226538115782,29.9095657900954,31,33.2925528701097,1.78701054907723,31.1874245972658
0.476300388535792,24.3578323592385,25,25.3528463246562,0.520562729126292,24.6139652414357
0.00207817493587222,21.9116277054617,21,22.0000194753792,-0.222828483671349,20.6959599886343
-1.68329268420957,12.4879669409841,10,8.82634818806836,-2.06668942023419,10.1593785894082
0.197231894420153,22.9333233164102,25,23.3927885963235,-0.0760523706706349,21.4946991408831
-0.329823661694084,20.1350319027309,20,19.5420113583909,-0.348009941443221,20.0049297729491
1.21179463409328,28.1458926365077,30,30.7334249353369,1.16892624985449,27.9518261189389
0.208893026303409,22.9937045485357,25,23.4751808065828,0.659302518117956,25.3184779898589
2.18058390055919,32.9088309113541,33,37.4186314879661,1.79938841332738,31.2493115736289
1.29163919143993,28.5716178163578,27,31.3519324167177,1.65758321625196,30.5262410385138
0.994098604747333,26.9976107344449,25,29.0777972190847,0.865968307892907,26.3749695903916
0.171696055288273,22.8008152891972,24,23.2120941874856,-0.0553482982419202,21.6064734578727
-1.42870096388811,13.8709659045315,11,10.7681130309993,-1.50338172148733,13.3315192169371
-0.279028078277818,20.4104839636615,20,19.9272907486756,-0.890419439826859,16.8649113826327
0.426480300983428,24.1061364895592,24,25.0036027700446,0.918410643089346,26.6455289152014
-0.449197645990793,19.4795375480744,16,18.6220268032548,-0.580928676238501,18.6856339703839
-0.0414757719196218,21.6811376601902,26,21.6847370520527,0.380140213406189,23.8977987025521
0.27902308910058,23.3551088442162,26,23.9692984269046,0.32771518199523,23.628275449309
-1.42338822993841,13.9000171304974,12,10.8092338776665,-0.956890466971584,16.4706345686085
0.50384860261236,24.4967499096604,25,25.5461531996139,0.229980814083716,23.1214349153715
-1.51279315060553,13.4127733467453,9,10.1206500246388,-1.88592853281407,11.1747031484796
-1.19834839705585,15.1500965216631,15,12.5771856414621,-1.34046167202845,14.2480061402307
0.0971668996762254,22.4119334790214,23,22.6822931468995,-0.590461101299014,18.6305592202462
0.144564458152219,22.6596077576696,23,23.0196677569827,0.514379397708859,24.5825465136857
-0.389225308111659,19.8104505724996,19,19.0867980654447,-0.0641807707232051,21.5588171050799
0.0182166162915834,21.996832863766,21,22.1163776428476,-0.119428722740028,21.2598111419162
-0.784485704023043,17.5596702787174,19,15.9384714514682,-0.698876484279936,17.9985265699534
1.02877497130953,27.1789870788463,26,29.3377517172147,0.7518368105324,25.7898149325064
-0.94364159513897,16.6228051162246,17,14.637244276817,-0.978950095614817,16.3400871811654
-0.403613594165353,19.7313738122346,18,18.9757685397809,-0.108180538069028,21.3208135603115
-0.106704417663447,21.3345582924307,24,21.2088616720166,-0.0688214476705844,21.5337616964052
0.0951667756798764,22.4014553205804,23,22.6680197080781,0.150610297574545,22.7051965176324
0.0724805721097247,22.2824641424057,22,22.5059036254608,0.389679171210127,23.9466864507208
0.215185420785353,23.0262524951948,25,23.5196097590101,-0.182763852034526,20.9151113828821
-0.242660367714307,20.6067005793692,22,20.2009466418308,0.0406303891012465,22.1216179575141
-2.69012194854391,7.54334978999145,7,2.40790762239435,-2.29713742833024,8.92705881344733
-0.407231990891191,19.7114572631977,18,18.9477992682358,0.15086606432717,22.7065446047648
0.147378596778488,22.6742737529307,24,23.0396489052744,0.646399542545869,25.2529067477022
-0.98779045040726,16.3638267710436,16,14.2768957905068,-0.87809473478505,16.9380958341468
1.1616423058131,27.8795113772532,29,30.3474072970855,1.11357625021755,27.6614612278232
-1.46481426059839,13.6738554521328,15,10.4892859904739,-1.47427635545343,13.4947856404725
-0.00080082792722763,21.8964159051329,21,21.9792360245987,-0.298429206894583,20.2798663146369
0.143500790854677,22.6540632410994,19,23.012114042899,0.546188799035462,24.744119150167
-0.511802381267583,19.1301372016224,21,18.1313320826042,0.0295152928806089,22.0622249134379
-1.9520578719875,11.0328480486961,10,6.84584777879969,-1.4901899657608,13.4055098670218
-2.02820196689412,10.6259315634973,9,6.30546503774688,-2.22458634678131,9.30343706287723
1.08219048761646,27.459608574785,27,29.7411552430777,0.665690796988264,25.3509529330191
-1.07223508688942,15.8721174462963,13,13.5907413906204,-1.18856247483136,15.1148592807179
-0.549369095079565,18.9183807465663,18,17.8342599256289,-0.509668997583002,19.0945962629594
-0.338674720567055,20.0868479130209,19,19.4745043606,-0.29740803094089,20.2855108872725
-0.245329532637986,20.5923248462692,21,20.1809227555474,0.00226262938827474,21.9163004256948
0.926694251865429,26.6469606175057,29,28.5769312662324,0.52005543953531,24.6113878376383
0.886436173082496,26.438772841372,28,28.2805578384581,0.709016839608944,25.5714290248819
0.959046106263908,26.814939616914,30,28.8165982755978,0.544404855973775,24.7350609974253
1.00444660108117,27.0516682584896,25,29.1552103155815,1.04477994696989,27.3018320950019
0.72287650591313,25.6021705879319,25,27.0960799602222,1.02197415262429,27.1829591751329
-0.326253208615561,20.1544523775786,19,19.5692116096165,-0.379874517761559,19.8272654450953
-0.338361422883449,20.0885544792442,19,19.4768957896399,-0.366839686463012,19.9000388044369
-1.94761188925761,11.0567461287733,10,6.87776121069456,-2.36312645271403,8.59654755238311
-0.469651292452868,19.3658510866073,22,18.4623255274847,-0.257582497268904,20.5051172033528
-0.229641716947382,20.6767630768503,21,20.2984756951803,0.0764157369250801,22.3123353990091
-0.254753469263679,20.5415377673848,21,20.1101486046445,0.192235591799437,22.9240180350948
0.430926191213311,24.128628522323,24,25.0347582241814,0.749932693780498,25.7800918963346
0.784658638150068,25.9165503255295,26,27.5400504102721,1.41384521803003,29.2443988524704
1.0228426483019,27.1479119770884,26,29.2931703865691,0.767469641071609,25.8696862552039
-0.713180453789852,17.9769303708627,17,16.5187848768522,-1.09845685339365,15.637575115392
0.444461388459631,24.1970632648965,24,25.1296177605723,0.94952574548008,26.8065697021022
1.75104551452035,30.9927869471032,31,34.8326872243706,2.28705892972986,33.3586639561535
-0.671907160847831,18.2166939207759,18,16.8529168413378,-0.60891170731011,18.5237180246914
0.0556767432665124,22.1941612290763,22,22.3855522053848,0.0183752826358396,22.0026268320575
1.58612534583691,30.1412674511045,33,33.6254154220958,1.61215165605762,30.2896030990694
-0.506760688426094,19.1584346435353,15,18.1710537605533,-0.965156535144239,16.4216932068449
-0.0882374374987966,21.4328429177525,19,21.3440588728901,-0.347283443603559,20.008971281777
0.699757910450709,25.4849623824106,25,26.9308905395375,0.665826068053623,25.3516406673892
1.43482211461426,29.3373252156609,29,32.4650796041822,0.880902625004354,26.4519072794104
2.3698695466614,33.5647777934043,35,38.2543843641858,1.3409852748155,28.8589923316108
1.26236817593415,28.4153525458348,30,31.1247409886249,1.24314838610147,28.3424273755033
0.646750693184803,25.2169329047905,29,26.5538345648694,0.682627957831535,25.4370918212412
1.48139174201221,29.5859320003313,31,32.8253485782483,1.87523136536811,31.6218050840764
-0.068152555908935,21.5395917954569,25,21.4906723287487,-0.209567568374331,20.7685947192678
1.82022833830399,31.3361088105467,32,35.3106157689717,1.6927977487296,30.7083035122687
-0.123303440579265,21.246104648608,23,21.0870090168087,0.170988048377849,22.8124662174119
0.568369576093434,24.8217827755327,27,25.999863793841,0.169445428073919,22.8043554869032
1.79632260872314,31.2186414528956,32,35.1477361428532,2.32658147877589,33.4959889394348
2.34120799816233,33.4728004195059,35,38.138859020697,2.60719542581901,34.3367760044611
-0.163182362420367,21.0331564517146,23,20.7929348585872,-0.39248127309568,19.7567512408172
-0.516035984062118,19.1063532265802,20,18.0979498056087,-0.399817329916735,19.7156574830898
-1.76380204814463,12.0512619695033,15,8.22401294412932,-1.3534363220352,14.1746636831821
-0.930323208087755,16.7011077836762,16,14.7460926785262,-0.650317811066825,18.2828339085063
-0.337565811485447,20.0928879223651,20,19.4829681317967,-0.300820528145702,20.2666454830838
-0.48536584739697,19.2782018857548,21,18.3392199138148,-0.707037197259608,17.9505730993603
-0.017956851863032,21.805696903893,21,21.8552211715815,-0.301680020631811,20.261892685849
0.859200898890783,26.2984603712183,28,28.0812016532065,0.987586907066679,27.0040662402066
1.44825606031862,29.4091021282606,30,32.5691937568474,0.990230527699568,27.0178039374914
-0.332522180651209,20.1203477826472,20,19.5214415984502,-0.207039182735579,20.78243240109
1.29861792910045,28.6089009424241,27,31.4061553955769,1.27282156484882,28.4989243519068
0.490080637813187,24.4273396438109,25,25.4495196905164,0.466907267399568,24.3410649824469
0.056561463877761,22.1988137819646,22,22.3918946258709,0.213355880836037,23.0346004475727
-0.367824948105356,19.9277231769902,19,19.251381900211,-0.739227232717274,17.7609935114297
0.170141091290267,22.7927339662677,24,23.2010785083408,0.389097076226291,23.9437044290397
0.371867865298788,23.8292189539591,23,24.6208985528245,0.0584024033281447,22.2164302600741
1.06976213386346,27.3941875639203,27,29.6469797432771,0.817730652916584,26.1270604408101
0.0891822768166776,22.3700915944902,23,22.6252940692556,0.940892798108308,26.7618508342392
-1.12416828583048,15.5728306447007,12,13.1715233289625,-0.983523611452295,16.3130477650905
0.137676194711194,22.62369035961,24,22.9707365971075,0.0621737989804458,22.2365259904419
2.10239970209323,32.6030658205697,31,37.019990230322,2.28864374139734,33.3642694267336
-0.0388885299709965,21.6948507732717,25,21.7035189141677,-0.297063563188024,20.2874147822934
-1.1929629784085,15.1805927166855,17,12.6201454148276,-0.85743550182893,17.0607763413912
-0.900600222045364,16.8760579519883,17,14.989162825123,-1.18739155121433,15.1216094396931
0.743945659421997,25.7091824565467,25,27.2470569546484,0.846799782005063,26.276347566771
-0.131658573198754,21.2015413504931,18,21.0255534545852,0.0351373675552354,22.0922752579033
0.0559802599543581,22.1957573993686,21,22.3877281430935,-0.0016451232003507,21.8953419703747
-0.482995596250179,19.2914393444437,16,18.3578106379986,-0.309609931418668,20.2180183084012
0.508914381469451,24.5222813383866,26,25.5817217380915,0.646128996541495,25.2515321492555
0.464140998616461,24.296465700572,25,25.2675759857892,0.273827197924784,23.3495709450989
-0.209664812178902,20.7841057959955,22,20.4476986875556,-0.422682034552894,19.5872849604282
0.187745530486716,22.8841428783577,25,23.325706517583,0.0327962022044423,22.079763818311
-0.922474679497632,16.7472807715194,18,14.8102595200411,-0.939499289543578,16.5736832104879
-1.64180214602521,12.7129236119267,11,9.13907280597818,-1.93411392140821,10.9022373216933
0.47227321649304,24.3375117082739,25,25.3246018761501,0.778579840167022,25.9265008485671
0.461984984648526,24.2855807990969,25,25.2524591752315,0.847103350610839,26.2779083008253
-0.316565980938945,20.2070964994417,15,19.6429192662196,-0.595200263964575,18.6031464444077
0.423351304202505,24.0903025384354,24,24.9816763308796,0.590030223068426,24.9666736821986
-0.0361949259655295,21.7091248396379,21,21.7230656189376,-0.535355933380917,18.9477407317171
-1.25885452120576,14.8095230404074,15,12.096630976936,-1.11265443576232,15.5547784412054
0.416389510625421,24.0550603849038,24,24.9328929180041,0.978552222995497,26.9571366088181
-0.829023397169545,17.2977325334252,19,15.5746712057483,-0.389724462206221,19.7721822510483
-0.138154642806837,21.1668748485351,19,20.9777153399805,-0.223126315054277,20.6943275185438
0.760766954491979,25.794763154805,26,27.3679062529339,0.778573787767293,25.9264698865296
1.18364429805585,27.9962599845704,29,30.5164707893849,1.18813068360214,28.0527644237227
1.52956695753888,29.8422229998264,31,33.1955349772631,1.17718688866907,27.9952324241867
-0.995785992601942,16.3170426867988,15,14.2117327569832,-1.35262433850312,14.1792510506434
-0.838387523032821,17.2425868980913,14,15.4981035862104,-0.85948942918453,17.0485801235968
0.06572258894406,22.2469679755539,17,22.4575303483783,0.176743576600428,22.8427133208235
0.53946418020819,24.6761935650207,26,25.7964008680119,0.788401970162157,25.9767646393833
1.8418429958776,31.4411687388423,32,35.4557022177339,1.57205993218537,30.0795113018683
-0.580903331637908,18.7393866814294,24,17.5834440124833,-0.412217032724908,19.6460958507545
0.247024196003017,23.1905745180364,21,23.744113958377,0.447449823520104,24.2419119282627
1.90375459463084,31.7355252693682,34,35.8591291930081,2.17200708484717,32.9291333183917
0.741790707729303,25.6982282869743,25,27.2315954274895,0.954450357976779,26.832092180314
-0.295454899458254,20.3215947762382,20,19.8030899312424,-0.522568237336609,19.0209290512332
-0.619094681409792,18.5211067945085,19,17.2780127266027,-0.737161020201395,17.7731813117009
-0.400271425044287,19.7497590636503,18,19.0015857402513,-0.12754468928273,21.2157556697386
0.234791291571527,23.127512154104,20,23.6579133014635,0.145894027554147,22.6803303733906
1.31055141114568,28.6726744272563,32,31.4989150261488,1.59832217645551,30.2172487929917
-0.38394391072065,19.839429587484,18,19.1274774085015,-0.129383704938922,21.2057683666473
2.51125925056093,33.984038429819,36,38.7734355348739,2.91506021668298,35.0531922740114
-1.22254159506939,15.0134698175718,21,12.3845711668688,-1.57948645571698,12.9045973161148
-0.294744382747985,20.3254431247274,20,19.8084697965671,-0.901584776551451,16.7986221353961
1.77309383989499,31.1032967028846,31,34.987141933139,1.81331515706394,31.3186000296408
0.453534706747093,24.2429065429227,24,25.1932171799782,0.858377869876361,26.3358994893109
-0.662398910917702,18.271707716047,17,16.929666393324,-1.09347546850945,15.6666623669618
0.0501836631617715,22.1652659786754,22,22.3461582054451,-0.377834747558375,19.838662449801
-0.791069310215254,17.5209972634936,15,15.8847427593087,-0.847050528330792,17.1224372195222
-0.598930434288878,18.6365558825505,20,17.4394941000115,-0.0688169542839822,21.5337859619745
1.48050316656103,29.5811949028633,30,32.8184935352793,1.46467982524314,29.5132837037186
-0.926546195675498,16.7233255194888,17,14.776970350058,-1.26504468391877,14.676319064665
0.608717867132028,25.0250785170516,27,26.2845669993345,0.746626566845157,25.7632125036398
-0.382785707171336,19.8457813324971,19,19.1363929262602,-0.230439160506871,20.6542284832044
0.152666056463986,22.7018173331443,24,23.0771770346216,0.273489688511894,23.3478196531149
-1.58497126998689,13.0210351791156,12,9.56977627180148,-1.47100232334845,13.5131566034756
0.729757496575408,25.6370984437248,25,27.1453411650973,0.767476467224279,25.8697211492889
-1.00211318209965,16.2800501859772,15,14.1601916101444,-1.20123282566487,15.0418885612041
-1.09223909359599,15.7565261747275,19,13.4289821211978,-1.54991917912347,13.0705081499416
0.209786204908549,22.9983260452517,25,23.4814885738587,-0.241427079985908,20.5939193299966
-0.279615348346708,20.4073090436179,20,19.9228569180232,0.103563604142898,22.4564936333137
0.217963176329235,23.0406130688344,25,23.5392162275321,-0.023146449296502,21.7798732132877
0.397073617441006,23.9571811616256,24,24.7975429001485,0.552829434355076,24.7778352346277
-1.3894283208472,14.0860974667604,12,11.0727203461276,-1.48321906528633,13.4446136626173
0.624287359996509,25.1035826966185,28,26.3946813807329,0.57676372141582,24.8993337920326
1.27247125478606,28.4692664828349,26,31.2031095060353,0.771336746460838,25.8894567642977
2.01158539990966,32.2220423454732,35,36.5154732593606,1.72329006783535,30.864775736721
-0.159154588368297,21.0546932393582,24,20.8227232738796,-0.273535129169449,20.4172727977644
0.378028355647852,23.860520321851,23,24.6640764445256,0.115758336191607,22.521096836685
-0.87660079508458,17.0174425816168,18,15.1855073770699,-0.712575926438904,17.9180007243328
0.39824378546966,23.9631150353118,24,24.8057426463155,0.467265094684785,24.3428873286017
0.526495507890063,24.6108661068784,26,25.7052274839316,0.435099845670775,24.1789114597987
0.798844831040266,25.9890009152111,27,27.6425527517598,0.637506039577107,25.2077258298714
0.859541364557868,26.3002117838025,28,28.0836882004201,1.1681303168805,27.9476447487969
0.720324599674705,25.5892222001682,25,27.0778220157106,0.517767415793752,24.5997624840962
-0.80208161294853,17.4562683840796,14,15.794829457771,-0.792126781358938,17.4482233700456
0.0782774647701431,22.3128941597143,22,22.5473675927535,0.25196272573773,23.2359665015617
-0.444205679425722,19.50721777743,23,18.6609123647178,-0.152563340546966,21.0797360648378
1.01609904690451,27.1126099322591,31,29.2425468195065,1.76742075310102,31.0889250653289
-1.45397355754738,13.7329628866277,11,10.5728607398686,-1.18682025807017,15.1249032465491
-1.79964764888399,11.8568086380983,14,7.95796463998182,-1.75944854250199,11.8908164781576
-1.02574464770204,16.142136205807,15,13.9679028073427,-1.04310496686025,15.9618119941773
0.15165690256786,22.6965616571989,23,23.0700159188375,0.552786695797424,24.7776182519818
-0.00316223656794888,21.8839363146854,21,21.9621831541365,0.409146502532202,24.0463261016148
0.46499193208909,24.3007614135046,25,25.2735424829678,0.589774802818749,24.9653771708908
-1.30201454569551,14.5687915808968,14,11.7562230545967,-1.48944456123379,13.4096910722488
-1.66151379603699,12.6060566932333,7,8.99031602837584,-1.1035230500569,15.6080122834751
-0.241372876613216,20.6136334505702,21,20.2106019057035,-0.4817356331935,19.2535774368005
-0.101627401802975,21.3615919651386,18,21.246068864803,-0.406699573910206,19.6770646486262
-0.55835265300641,18.8675038456355,19,17.7629383850492,-1.28510633377002,14.5620187987222
0.597263589336094,24.9673483602513,27,26.2036520052987,1.03324526270024,27.2416863130231
0.357929504177643,23.7583318940072,24,24.523190644205,1.01741231896842,27.1592027677961
0.581274879627813,24.8867903211792,27,26.0908298434696,0.932628106140691,26.7190666271729
1.28417427880677,28.5317479649392,32,31.2939537660818,1.12299912815183,27.7108323556121
-0.0816304016589979,21.4679754321295,20,21.3923368586976,0.0188184233143784,22.0049989569696
-0.162862037380372,21.0348694971356,18,20.7953046295864,-0.628766269849453,18.408400322956
0.61478392527459,25.0556596768896,23,26.3274507102466,0.514013036127666,24.5806847562099
0.871454197208757,26.3615350592105,27,28.1707806100608,0.746247551364574,25.7612776668254
0.916946156168127,26.5964640363299,29,28.5049791690707,1.16384702174463,27.9251456529136
0.628643644214108,25.1255559200979,23,26.4255188889422,0.865907985781209,26.3746590058879
1.08611595703452,27.4802872442548,27,29.7709390742926,1.11465177421307,27.6670951130679
-0.592350361997263,18.6741323711606,19,17.4920837249158,-0.335676945753993,20.0734846791859
0.454106626686778,24.2457953851989,25,25.1972263947494,0.364421602907275,23.8171413897092
-0.710186850149948,17.994370002627,22,16.5430697150275,-0.893586191439664,16.8461088536378
0.861619521806626,26.3109036053051,28,28.0988687928474,1.03024203972007,27.2260339692789
1.20943088123607,28.133317603936,30,30.7151814924534,1.44901535844735,29.4304509162329
-0.21720203513987,20.7436287638284,22,20.3914585005083,0.16695515630002,22.791258864444
-0.493487568324753,19.2327966303817,16,18.2754580325288,-0.568176652324068,18.7591760593869
-0.209944040822069,20.7826067452207,22,20.4456164920696,-0.230610311652216,20.6532896293188
1.45999202751574,29.4717703104822,30,32.6600337893004,1.30804704433321,28.6849126600013
0.0769595851078169,22.305977601012,22,22.5379434753147,-0.173981868270157,20.9630319582163
-0.015435932456237,21.8190348249143,21,21.8734620130922,-0.430023406326426,19.5459710144762
0.846778421817158,26.234602048289,27,27.9905709543111,1.04867161717479,27.3221347782242
-1.11197184304535,15.6428796933754,16,13.2697584756508,-1.20945332447326,14.9946149440115
0.169522683853937,22.7895196390938,25,23.1966971698418,0.420332261398092,24.1035031090574
-0.303584266340688,20.2775401611892,20,19.7414861088771,-0.948965676065723,16.5175790584877
-0.174726801324327,20.9713900547711,23,20.7074445291922,-0.148450436000284,21.1021189198076
1.83762045154488,31.4207334733074,33,35.4275256364425,1.69125372780403,30.7003496046748
0.46835884389596,24.3177565916625,25,25.2971514933055,0.355616239885575,23.7719023397199
-0.626876628998324,18.4764334201645,18,17.2155656382763,-0.457695667493446,19.3898105786093
-0.432667080408498,19.5711014241595,17,18.7506557695403,-0.270850180478247,20.4320688318622
2.23206932060774,33.0988570802833,34,37.6635273380832,2.4859270088368,34.0002314266256
-1.79148396711988,11.9010896572504,12,8.01842927933046,-1.62211407726815,12.6651582393298
1.23157584372005,28.2511983450212,30,30.8862686359686,1.27832231037361,28.527953915255
-0.350048426612966,20.0248424811644,19,19.3875927136854,-0.224984774723127,20.6841398056545
-0.844197328928689,17.2083649635824,18,15.4505894304834,-1.29139881687115,14.5262253183011
0.0452125513145762,22.139104162537,22,22.3104850960894,-0.0594977646758755,21.5840897212593
0.333201803972641,23.6323339062942,23,24.3497741834775,-0.04367731691786,21.6693826176685
1.57472096177087,30.0811695670669,32,33.539227423168,1.35254265505805,28.9201038714081
-0.940500616877749,16.6412657193535,16,14.6629100609612,-1.1588465906345,15.2865139598521
-0.998326932657318,16.3021836310457,16,14.1910315983937,-0.733262250704048,17.7961719027216
-0.503075333729648,19.1791013551742,21,18.2000669310437,-0.541622063867045,18.9118199955584
1.98253174042807,32.0944596017778,35,36.344652095148,2.09361960575133,32.6107469247256
-1.04605521035253,16.0239461189526,15,13.8029321563772,-0.8578498901462,17.0583157252559
0.0570719407090349,22.2014980979504,22,22.3955538494505,0.119391247578586,22.5403241424645
0.191157675002808,22.9018387513435,25,23.3498411330062,0.0904668268265726,22.3870060941839
-1.13437978185988,15.5142981540853,13,13.0893837741048,-1.00202845651375,16.2037480663723
-2.14571898465407,10.0107469345677,10,5.4989038506776,-1.57231365032216,12.9448561191312
0.957389113192167,26.806321555053,30,28.8042902710603,0.932571918453747,26.7187758489064
0.247467033588479,23.1928557160644,26,23.7472332062845,-0.184793474145588,20.9040305157945
-0.474044613676571,19.3413739045845,16,18.4279443280474,-0.432699564471372,19.530898952218
-1.52867158173163,13.3265159427768,15,9.9990892607436,-1.51924041975841,13.2425784231476
-0.466635035168154,19.3826440340138,16,18.4859141265536,-0.314487076424387,20.1910126408406
-1.0340964405008,16.093495625676,15,13.9000311027068,-1.2342886498802,14.8521220309429
-0.430008706790472,19.5858005398093,22,18.7713043743248,-0.446769406851523,19.4515525563949
0.320775961821267,23.5688975667185,22,24.2625839410475,0.556883063790864,24.7984148335434
-0.560861505191159,18.8532789194978,20,17.7430013783528,-0.592633916791393,18.617993587605
-0.115298351190254,21.2887756918099,24,21.145813606238,-0.587610466410085,18.6470380586225
0.117828695426149,22.5200516491599,23,22.8295636943751,0.55216111951811,24.77444220052
-2.56979343560456,8.02436896670011,4,2.98724370131064,-2.76674391814437,6.87397414418621
1.70205115863742,30.7439840407323,35,34.4829276755465,1.66889854176682,30.584886308798
-0.726876061979891,17.8970546719963,16,16.4075922413847,-0.928280226626978,16.6402092809711
0.426759887615144,24.1075511385875,24,25.0055619959649,0.364427027878554,23.8171692488284
-2.55146426231916,8.10096053155479,9,3.08076996795392,-2.40518290446907,8.39241836271998
-0.383015495473226,19.8445212366138,18,19.1346242366774,-0.133855715485405,21.1814746156045
0.794829571315741,25.9684838826826,26,27.6135182179782,0.646800246684471,25.2549426776454
-0.598192322640427,18.6407733834181,20,17.4453959057215,-0.64975353124497,18.2861266450007
-1.29618050631931,14.6012306341514,14,11.8021213991431,-1.25458734013159,14.7360141313445
0.587865832731572,24.9199953413177,28,26.1373210393529,0.754480119725488,25.8033144696145
-0.76172180204905,17.6932232924103,15,16.1240798259488,-0.81824651850843,17.2933814840679
0.0447314166906968,22.1365714480067,22,22.3070312935725,0.297671252232675,23.4731113866897
-0.148498856242754,21.1116382278106,23,20.9014352480536,-0.121499070972314,21.2485759718999
1.09272255172628,27.5151062386743,27,29.82110695739,1.47511533043594,29.5684473988272
0.373870721114924,23.8393973712771,24,24.6349366664813,0.261039385737142,23.2831652360031
0.292383619086552,23.4236279074791,22,24.0632062095172,-0.159145666027981,21.0438961317855
0.193627241109941,22.9146419416591,25,23.3673045916634,-0.0586545138696121,21.588639251098
0.246213395943921,23.1863975214964,26,23.738402642267,0.627725850978892,25.1580521661871
-0.43194186728635,19.5751120917876,17,18.7562897939332,-0.606584871342531,18.5372092364911
0.636763892529834,25.1665253384308,23,26.483034955756,0.718194808548395,25.6181927406655
-0.353529806669923,20.0058427933346,19,19.360952815389,-0.00399156159234696,21.882753233078
0.854184383276745,26.2726622121281,28,28.0445803727453,1.22566990772672,28.2503303430215
-1.57122582791364,13.0955802968144,13,9.67434958759101,-1.40562114964003,13.8804712364219
-0.582435445657776,18.7306613523632,19,17.5712254823152,-0.357561109057181,19.9517592634849
0.226051698106574,23.0824029395506,20,23.5962859159113,0.56827437090709,24.8562415931248
0.373350956186514,23.8367561309823,23,24.6312936492304,0.395067803341456,23.9742843833168
1.70252565323317,30.7464132993827,29,34.4863556177272,2.06735428152698,32.4994745997215
-1.54334113909754,13.2468733693159,13,9.88697246184453,-1.0890526930081,15.6925036964186
-0.989911858584568,16.3514098748831,15,14.2596031557216,-1.1186540006699,15.5198382210075
0.414817254747717,24.0470987784727,24,24.9218758201489,-0.00464688013477563,21.8792368771473
0.287585945794544,23.3990351563206,22,24.0294915785796,0.58083024134806,24.9199751496892
0.157172480013744,22.7252796500546,25,23.1091471995887,0.504997602264068,24.5348628970556
1.75348635934295,31.0050679340612,31,34.849879851105,1.41307845672367,29.2403420660876
0.359951367133945,23.7686204336275,22,24.5373654991608,-0.289225823678888,20.3307130672546
-0.304084959701509,20.2748253595213,21,19.7376888636943,-0.311486455296652,20.207629600447
-1.33835804744211,14.3673762139532,12,11.4710984412275,-1.10778134488201,15.5831792741046
-1.03052591560324,16.1142835151808,15,13.9290415052115,-1.02142853579444,16.0893577971034
-0.341945510213384,20.069027057974,20,19.4495297523236,-0.336579243357387,20.0684729440743
0.899301592524391,26.5052022773495,28,28.3750488701636,0.211320543999779,23.0239568325034
-0.695407115376249,18.0803621569631,16,16.6628565297054,-0.69159921481444,18.0412490112533
-0.0580078263940967,21.5934515782382,15,21.5645601852494,-0.0581211912535791,21.5915164565393
-0.105318233875176,21.341940299557,24,21.2190232984551,-0.116266663254743,21.2769664910657
0.333229968290501,23.6324775962714,28,24.3499717683377,-0.0823875094444729,21.4604536205155
-0.711178708525299,17.9885926054819,16,16.535024328575,-1.08049605972842,15.7425401894456
0.649955232502467,25.2331127895308,28,26.5765676526462,0.862160698423618,26.3553679174959
-1.03106134431198,16.1111655589537,15,13.924690603142,-0.63375653155053,18.3793611303361
-0.320645198508396,20.1849367118345,20,19.61189773644,0.331320082128277,23.6468572374038
-1.19481796620201,15.1700849841211,15,12.6053446583352,-0.577106926392656,18.7076905419106
0.00276752200757076,21.9152694917102,22,22.0049946825903,0.268560708867477,23.3222354652877
-0.883055875028359,16.9794087353773,18,15.1326943238065,-1.45015499098091,13.6301722426017
-2.90958770304686,6.76049231302003,4,1.49771958084047,-2.19467432938189,9.46211453854238
0.315539108356509,23.5421371837323,27,24.225826484024,0.153547504592392,22.7206752360908
0.983474208478747,26.9421706750976,30,28.9984601426842,0.956961079017012,26.8451079167956
-1.25657798533365,14.8222701702412,13,12.1146412765429,-1.81480741693212,11.5774957728155
-0.18905061720247,20.8946737942735,22,20.6011414652723,-0.467314922183912,19.3353633805165
-1.81280817121527,11.7854350179576,8,7.86065566692088,-1.71677709024592,12.1319243999612
0.4579818356473,24.265367159529,25,25.2243931758609,0.251666625147051,23.2344258644165
0.394867941154163,23.9459947045978,23,24.7820868769437,0.846806185607176,26.2763804891702
-0.127346615110124,21.2245431746989,18,21.0572799510884,-0.517317233644211,19.0509367005676
1.26479488519156,28.4283001334524,31,31.1435596290523,0.936885893622709,26.7411047890263
-1.06428126643191,15.9181809147099,15,13.6551510531643,-0.921020115627788,16.6832770568354
-0.999762828156518,16.2937886167839,19,14.1793348934601,-1.82588569271391,11.5147513754001
0.245670907745418,23.1836025653065,26,23.7345811662182,-0.0273855925383215,21.7570779898511
1.80195587189111,31.2464382286682,31,35.1863408285845,1.79917913930231,31.2482675855238
0.669634132221702,25.3325343811501,29,26.7163381390206,0.827303245862517,26.1761853820616
-0.826005066618288,17.3155036298555,15,15.599346725467,-1.1029255751257,15.6114976984949
0.492295322706171,24.4385070016118,25,25.4650606120889,0.91622209738575,26.6342160423128
0.881275695268607,26.4121540284299,28,28.2427142498076,0.745394744337087,25.7569243369353
1.17335853133061,27.9416577537821,29,30.437376818629,0.968103234574157,26.9028985565134
2.59209399419595,34.2006326230832,37,39.0362481799967,2.81027332097722,34.8278361567406
-0.677205572805927,18.1860003139428,17,16.8101101757794,-0.484340207562771,19.238784971835
-0.986658480341318,16.3704534953198,16,14.2861239917011,-0.685686670177782,18.0759311398355
0.079927888359224,22.3215547601578,22,22.5591677403725,-0.17173210834279,20.9753016279973
-1.62850822950732,12.7849927464144,11,9.23958271935694,-1.2963184869561,14.4982593447955
0.0442591237341269,22.134085171518,22,22.3036407639081,-0.129131435087715,21.2071384928194
0.829307158833814,26.1449370540224,22,27.8634155753711,0.710076786761597,25.5768285208067
0.0362597393269178,22.0919585929486,22,22.2461844401997,0.227168406441799,23.1067583152676
-0.691840024197261,18.1010882931547,17,16.6917387208041,-0.409768851950017,19.6598403973806
-1.30800900554304,14.5354922140489,14,11.709099943589,-1.05639982695446,15.8837352380453
0.403514239812503,23.9898342673249,23,24.8426739511338,0.15947599515506,22.7519001541186
0.495473328030886,24.4545302964039,26,25.4873635208368,0.76013163578934,25.8321847750908
0.158871556652401,22.7341227088442,19,23.1211976298331,0.316762150076664,23.5717704205799
0.254322930878227,23.228157582898,21,23.795513753163,0.28960138460715,23.4313400425567
-1.00401149105449,16.2689568239567,10,14.144732495362,-1.42306848791222,13.7823438890651
0.435765139389466,24.1531013932264,24,25.0686695698824,0.389803363777583,23.9473226576159
-0.393103814246661,19.789153272687,24,19.0568985488122,0.287375846772047,23.4198130153404
-0.61740327373837,18.5308079238494,18,17.2915764075813,-0.511621610145367,19.0834552151578
0.335220864965548,23.642633773906,23,24.3639383383095,0.484013473702825,24.4281434182424
-0.413378893828893,19.6775948210044,23,18.9002416788146,0.0509147399599324,22.1765071422913
-1.36393601328889,14.2262642517705,13,11.2712479130603,-0.531196405004866,18.9715644197728
1.07277219973043,27.4100251655095,26,29.6697712368607,1.1040530242306,27.6115910139658
0.881971419068141,26.4157418206209,29,28.2478143115667,1.04923521020765,27.3250754419642
0.81215768670313,26.0570875512488,26,27.7389465910151,1.03717332679814,27.2621634771577
-0.561084516867402,18.8520141194413,20,17.741228781821,-0.438145974960091,19.5002051910226
-0.247947269191003,20.578222351009,21,20.161275416853,0.185422243795834,22.8882803356983
1.28383432630842,28.5299325639027,26,31.2913139901375,1.36604121894881,28.9914952684223
-1.11647732155177,15.6169854677827,18,13.2334533577022,-1.1901486336868,15.1057171547221
-0.123665090959746,21.2441762935816,19,21.0843506137032,-0.494043477395335,19.1836195488123
-0.606936869755962,18.5907690430731,20,17.3754338925803,-0.550208019951337,18.8625393783183
0.829041420032006,26.1435745562722,27,27.8614842927058,1.0285199934415,27.217060332615
-0.363788399377049,19.949799114663,19,19.2823515238512,0.41485327306457,24.0755033291793
-1.11696819529448,15.614165512797,12,13.2294990368869,-0.77089485052976,17.5739129457256
0.169733181196342,22.7906137767899,24,23.1981885434904,0.509579410287235,24.5581522914254
0.500145553223735,24.4780842635974,25,25.5201575201261,0.695710261899712,25.503668423508
0.923712179838427,26.63150721766,29,28.554907294523,0.889512132602258,26.4963014276354
1.40253769687801,29.1647006145432,29,32.2144247697121,1.72763148424442,30.8869542106284
-1.65025629238427,12.6670905828294,12,9.07523187780177,-1.64028563102354,12.5629734184088
1.16436138520584,27.8939293968736,29,30.3682751966324,1.42903260151362,29.324749166644
-0.655063556376519,18.3140889022108,18,16.9888143010101,-0.801632824512265,17.391894307204
-0.82854432077298,17.3005533426561,14,15.5785879164692,-0.749601618662336,17.6997627274381
0.397213295345702,23.9578894926138,23,24.798521670896,0.753772994920724,25.7997029186474
-0.526662535198052,19.0465650406826,21,18.0140498006999,-1.14791475591681,15.3498446043136
-0.98873043632226,16.3583245557502,16,14.2692332148646,-0.873079910167005,16.9678757285932
-1.57382748002922,13.0814695209336,13,9.65454463841004,-1.54181861146506,13.1159472825047
0.0361991685380827,22.0916395011795,22,22.2457491690031,0.439999203284426,24.2039109226113
-1.97312378684977,10.919796774706,10,6.69514864034347,-2.61701790918017,7.45003649275335
0.121863513271175,22.5411380544704,24,22.8582856329026,0.105693442270746,22.4677836053927
-0.611418503571866,18.5651088185314,18,17.3395425350955,-0.965149380375291,16.4217355569101
-0.235402952568188,20.645768754622,22,20.255343217351,-0.495862191409291,19.1732697733682
-1.91319438065346,11.2421359246885,10,7.12601330440863,-1.59949321374728,12.7922621447062
0.876376203898601,26.3868956329981,27,28.2068150437774,1.40572104998604,29.2014151527572
1.0171764509331,27.1182483959884,31,29.2506308863459,0.41722015259433,24.0876005352704
-0.904914457290971,16.8506509174291,17,14.9538722085588,-1.29681484544778,14.4954386758255
0.365905790459431,23.7989087669449,23,24.5791074262243,-0.225352943545275,20.6821213416339
1.22082798119098,28.1939664439325,29,30.8031856219425,1.23289403345402,28.288387460258
-0.159261367006347,21.0541223727557,23,20.8219338214279,-0.295195241486523,20.2977397284989
-1.13049853664921,15.536532952232,13,13.1205921096908,-0.995276406269641,16.2436092404505
0.903120866606444,26.5249411739686,28,28.4031397401148,1.18312348647184,28.0264376292576
-1.53947757802004,13.2678451067762,13,9.91648345458656,-1.57304405911097,12.9407568872661
0.8704724328458,26.3564781946927,28,28.1635965820608,0.682265864126038,25.435249659394
-0.221504708287593,20.7205097894625,21,20.3593202738927,0.0190211334191387,22.0060840234875
-0.131750127027546,21.2010528849133,18,21.0248795835139,-0.547034258480686,18.8807640138092
-0.248180344161117,20.5769665283111,21,20.1595256345198,-0.732892827031712,17.7983498864906
-1.06965308200947,15.8870644776843,13,13.6116447327935,-1.48942918188101,13.4097773402723
0.183019804612454,22.8596231345142,25,23.2922695827177,0.301033844212058,23.4905049348462
-0.354112624102689,20.002661105887,19,19.3564913306347,0.0581584608669496,22.2151301263351
-0.0280265597457758,21.7523934541773,26,21.7822960026804,-0.437830232629493,19.5019853109472
0.893701976637702,26.476277410004,28,28.3338966472332,0.320153371787624,23.5892727829443
0.316827008418742,23.5487197724576,22,24.2348669065067,0.802478839736849,26.0488622895379
-0.113812068994055,21.296695600859,24,21.1567235401314,-0.700121210787538,17.9912153973421
-0.165857584072894,21.0188481446632,23,20.7731385988749,-0.61532463646976,18.4865097354689
1.39213320872972,29.1090429004547,28,32.1335454096907,1.41121146286753,29.2304641278049
0.37767029826631,23.8587015172084,23,24.6615669780082,0.254311516514181,23.248185421488
1.31540723933215,28.6986309759537,32,31.5366719368069,1.08140166611221,27.493083731576
0.0292390535391872,22.0549619545721,21,22.1957108557845,-0.354962972974245,19.9662297704392
1.39836569810194,29.1423838903459,28,32.181998213013,0.936431014096473,26.7387500111624
-0.429917282838435,19.5863059307479,17,18.7720143168033,-0.659758797133983,18.2277037377407
-0.612810536681641,18.55713405642,19,17.3283895513567,-0.702582723856581,17.9767539509032
0.18712501851023,22.8809240681578,25,23.3213168200625,0.185417079728269,22.8882532370264
-1.46497834095453,13.672961202344,11,10.4880218516896,-1.08088464314252,15.7402666898092
0.113876293273284,22.4993873733374,23,22.8014169138999,0.400835974961729,24.0038112730523
1.86188226050855,31.5375429646233,32,35.5882926883209,1.55780396182578,30.0045831945532
-0.085958323993417,21.4449638313007,19,21.3607179229464,0.177236452784763,22.8453025053011
-0.528712270144922,19.0350178807204,15,17.9978486886085,-0.837370415524189,17.1799020665805
0.499893951540933,24.4768159601873,20,25.5183913964729,0.730268641599712,25.6797474382917
-0.238303996498606,20.6301551712011,21,20.2336074030452,-1.03891290294918,15.986455152737
0.37484469341789,23.8443463755504,24,24.64176313587,0.873916939600854,26.4159078492675
-0.976978842714373,16.4271511427746,17,14.3650619917486,-0.813554809569401,17.3212092237081
0.184179455532307,22.8656412895559,25,23.300475918712,-0.177859215649177,20.94187952123
0.0213560466036992,22.0133947801246,22,22.1389847795454,0.504671758476948,24.533206473316
2.20421926619349,32.9971752931822,33,37.5327599906068,2.02487898868553,32.3148124611193
0.0526346033328999,22.1781604292591,22,22.3637384896786,-0.352541669327649,19.9797107305168
-1.00842308424977,16.243185948473,13,14.1088143363377,-1.35263551549848,14.1791879030141
0.837404686418553,26.1864735255292,27,27.9223045843632,1.45640524617689,29.469531868238
0.645859029440556,25.212431314392,24,26.5475103981269,0.338194722622083,23.6822725087701
-0.260788157060024,20.5089898082946,21,20.064764937892,-0.377213832059708,19.842131084309
-0.90114708966476,16.8728371886871,17,14.9846892981357,-0.642838667527538,18.3264550541087
0.61831859578271,25.0734820596914,28,26.3524494804601,1.04386171051765,27.2970424380183
-1.52072193379444,13.3696939325011,10,10.0599227499006,-1.73441813004829,12.0322985186699
-0.516481886620127,19.1038470121165,15,18.0944323869905,-0.921200869327398,16.6822046582969
0.439137248431476,24.1701511778077,25,25.0923023827245,0.576246208865903,24.8967069245705
0.351295516592621,23.7245596294248,23,24.476676797295,-0.14746612280021,21.1074743592676
-0.216335700844791,20.74828262316,22,20.39792654522,0.279793782797317,23.3805187144478
-1.26335691421977,14.7843274934509,14,12.0610275830188,-1.57341620920802,12.9386682621509
0.0215186548566986,22.0142524939797,21,22.1401554800745,0.161287317068909,22.7614355761659
0.472406827170026,24.3381859524535,25,25.3255389001219,0.755075367596097,25.8063547497237
1.79435436995718,31.2089128767311,31,35.1342159565452,1.94704078538368,31.9620798182064
0.81887142461915,26.0914600780208,27,27.7876340935937,1.22071635452345,28.2242414269594
0.58050711506587,24.8829225808984,27,26.085415693819,0.677003236105134,25.4084790950247
0.213989590898188,23.0200688018852,20,23.5111679076127,-0.132246379587714,21.1902183502789
-0.020238537949969,21.7936225115869,20,21.8387059618006,-0.00726080112122975,21.8652085464836
0.146992423707451,22.6722614635281,24,23.0369072858596,0.136988679627724,22.633337534157
-2.0034363642751,10.7577256216584,9,6.47987127727945,-2.07161238087806,10.1321083424973
-0.619824233239529,18.5169214680996,19,17.2721613075762,-0.499011300937496,19.1553416501544
0.166303240611931,22.7727821621137,25,23.1738839794698,0.447766917840888,24.2435288002573
1.44225792135256,29.3770593774011,30,32.5227238245694,1.79796488318505,31.2422085153241
0.496953395996807,24.4619921116786,21,25.4977513761011,0.691655965272238,25.4830316072945
0.461864956108855,24.2849747847263,25,25.2516176215645,0.64599268099407,25.250839557155
0.412012002398529,24.0328911727107,24,24.9022189752005,0.792076290912898,25.9955764879541
0.140182128934419,22.6367601266531,24,22.9885413839944,0.027555909367955,22.0517475686763
0.704496721399292,25.5089704380058,25,26.9647119007624,0.840653439855837,26.2447551911294
-0.584557816204743,18.7185701583558,20,17.5542948227656,-0.109006925554406,21.3163339964918
0.587320338844057,24.9172470125676,27,26.1334723533539,0.0830056313045155,22.347370924566
-0.623529540870208,18.4956558273611,19,17.2424331934273,-1.02551622346289,16.0652831505206
-0.687157710130969,18.1282771697697,17,16.7296333447844,-0.960335149038487,16.4502362524838
1.95590948616416,31.975236059978,34,36.184182501,2.93274426287584,35.0896674122738
-0.980480945580415,16.4066314645646,16,14.3364968093457,-0.377953412387153,19.8379995143822
-0.690164778082239,18.1108182234779,17,16.7052990037599,-1.03842094880538,15.9893478677676
-0.252371921002093,20.5543769440364,21,20.128045412869,-0.220464802931527,20.7089139782463
-1.37739301012081,14.1522167488018,13,11.1663679784814,-1.18305761424462,15.1466035525901
0.479559482150208,24.3742747156581,25,25.3757062676595,0.99574502051289,27.0464685172388
-0.730137695341288,17.8780110970824,16,16.3810904173107,-1.00357778932061,16.1946048856246
-0.581539789266953,18.7357624022136,19,17.5783686539534,-0.46072394788967,19.372679037416
-0.829997058237629,17.2919994447915,19,15.5667108200312,-0.685475660477121,18.0771684119939
0.890130654780354,26.4578391787553,28,28.3076710812959,0.592385243656463,24.9786278162876
-1.3654272958725,14.2180520812458,13,11.2596163708263,-1.05790458760749,15.8749058195494
0.479254877145547,24.3727380598615,25,25.3735696126847,0.353496852113544,23.761007450055
0.173631956679557,22.810874402174,24,23.2258064262707,0.0433919160124572,22.1363628141858
-1.53737067635286,13.2792826869856,13,9.93258184310279,-1.27849870912952,14.5996341173401
1.53130789101217,29.8514615980693,31,33.2088513616345,1.66017502537547,30.5396852292688
-1.85668957908453,11.5476227320671,8,7.53776884877286,-1.76239654975304,11.8741442443248
1.133245363801,27.7291157415179,28,30.1299259407373,0.80152435862707,26.0439714188231
0.566960225225401,24.8146840090249,22,25.9899346713038,1.04804458266768,27.3188632206689
-0.659751884463148,18.287007479822,22,16.9510167764555,-0.749069141640042,17.7029068983439
0.891375991608202,26.4642678405476,28,28.3168142520568,1.57442000175007,30.0919054760424
0.381130562569862,23.8762759853752,22,24.6858179754516,0.0826016751155027,22.3452240462307
0.0231941233043263,22.0230894485971,22,22.1522166301414,-0.285073109103688,20.353637593788
0.966247045423046,26.8524099653828,30,28.8701274659396,1.12245193339683,27.7079646219986
-0.0216644945481224,21.7860754590797,21,21.8283820393594,-0.341934596201009,20.0387147104617
0.673151956447603,25.3503191653112,29,26.7413551202345,0.810042736338827,26.0876325312207
0.772260317958041,25.853314911634,25,27.4506435046067,1.02448365679096,27.196030897999
0.695034445532363,25.4610404293246,24,26.8971981122903,1.16756301031144,27.9446645502448
0.135983602473795,22.6148606013541,24,22.958708200661,-0.232711171767288,20.6417639253922
-1.14477244404409,15.4548373375373,12,13.0058902631296,-0.842872879146534,17.1472388873907
-0.704251246354077,18.0289269291322,17,16.5911989127415,-0.637999952858314,18.3546508359216
0.383253239007583,23.8870542444951,23,24.7006941000232,0.161832010110067,22.7643025992436
1.12870092432666,27.7050790794083,28,30.0952014430531,0.702476318503267,25.538117345597
-0.370288086298593,19.9142454984015,18,19.2324723952245,-0.155945639884738,21.061322679727
0.572548667455777,24.8428329661217,27,26.0293119243673,0.973332269409967,26.9300360249415
0.35651535149269,23.7511345750431,23,24.5132759609012,0.320495987010855,23.5910406676364
-0.207126856041999,20.7977292242372,22,20.4666194954424,-0.258296807782124,20.5011871737119
-0.10737016472087,21.3310126520741,18,21.2039805373335,0.058153381432836,22.2151030542266
0.757586853531028,25.7785737465385,26,27.3450376340552,0.695210281540007,25.501123254841
1.66008050138424,30.5277557816443,29,34.1768427739911,1.68398950037981,30.6628913200518
0.913994735311548,26.5811860657031,29,28.483218169352,0.999700692457902,27.0670371183773
0.10627011557839,22.4595964457768,23,22.747217453992,-0.0556739095892048,21.6047173164378
-0.712363839987701,17.9816883807136,16,16.5254101688153,-1.11531745503651,15.5392660415192
0.508070337331748,24.5180276162435,25,25.5757948923775,0.225611405086763,23.0986307995964
-0.874814934678057,17.0279654232749,17,15.2001186416367,-0.901212793405315,16.8008303850923
-0.162754745893552,21.0354432647917,23,20.7960983460199,-0.176492660922699,20.9493355174148
-0.263390526433374,20.494947556167,21,20.0451786686306,-0.161503694256853,21.0310514856218
0.616484293349929,25.0642329361063,23,26.3394754886572,0.510081264021741,24.5607029793585
-1.27618748186045,14.7126348158984,14,11.9596862806434,-1.36706409495185,14.0977211553926
-1.921109579752,11.1994449260489,9,7.068738676312,-1.58969165378928,12.847305051619
-0.23808822544965,20.6313166154867,16,20.2352244334541,-0.106302699308793,21.3309913883089
-0.837590184350235,17.2472830981253,19,15.5046239293601,-0.486432283888034,19.2268985574512
0.0142511026126675,21.9759068093601,21,22.0878088499284,0.121871834007967,22.5534478155437
-0.436655789069116,19.5490331144523,17,18.7196547226268,-0.695982339557292,18.0155217012581
-0.529007089392093,19.0333566268691,20,17.9955179649807,-1.03010070285766,16.0382947503062
-0.307644639671176,20.2555195592568,20,19.7106822067374,-0.00467637537427189,21.8790786038524
0.283626087978713,23.3787269438765,21,24.001658677907,0.696032778745279,25.5053102397505
-0.40651829374439,19.7153866026493,23,18.9533174691161,0.115646508100851,22.5205048473204
-0.223899057828517,20.7076405858622,16,20.3414255244063,0.166408325577978,22.7883824631921
-0.503954397209535,19.1741731276292,16,18.1931481752341,-0.79624871547519,17.4238021772851
1.1797768876031,27.9757250769773,29,30.4867200544,1.43806026843603,29.372505961354
-0.618968206606242,18.5218323024292,19,17.2790270636912,-0.7186607773231,17.8821931813281
2.37773137785266,33.5895740618782,35,38.2854313675102,1.95087360377935,31.9798593136074
0.523364247950299,24.595091128209,26,25.6832230958236,0.4178038084395,24.0905832634864
-0.935606634440145,16.6700370356678,17,14.7029061562206,-0.719362619611426,17.8780614967124
0.910763441691356,26.5644651150986,24,28.4594063297739,0.874454535150612,26.4186775602057
-1.48991455408713,13.5371753252595,10,10.2961819146809,-1.24306779644165,14.8018670490007
0.939579825181251,26.7137938642818,24,28.6722280458645,0.802089241700994,26.0468659038207
-0.504646818085671,19.1702906522755,21,18.1876976480277,-0.46699499692096,19.3371756092671
-1.00609676004339,16.2567737688366,15,14.1277532821113,-1.34567339392863,14.2185349018754
0.64087934148582,25.1872948341911,28,26.5122021650749,0.0849182867017323,22.3575346020542
0.181865399173722,22.8536314089716,25,23.2840995786214,0.238822107321292,23.1675389734623
-0.450362126246748,19.4730768555606,22,18.61295075798,-0.98613029338066,16.297640998426
0.481831183290176,24.385734256183,26,25.391641765147,0.229985430620746,23.1214590025058
-0.701168017166286,18.0468657951653,17,16.6161877559121,-0.969599397900289,16.395399321703
-0.970194825800807,16.4669201658768,15,14.420412749988,-1.1965614227708,15.0687767635207
1.16222012039133,27.8825750153024,29,30.3518411866502,1.41197458651035,29.234501686829
0.91401879269783,26.5813105779212,29,28.4833955011538,1.31293369241066,28.7107295270945
-1.35408098789042,14.2805748175779,16,11.3481703633281,-1.14658830233139,15.357535721971
-0.565147205641431,18.8289628493714,19,17.7089253943503,-0.900178705726753,16.8069692640033
-0.504581494488043,19.1706569513406,21,18.1882118841976,-0.291789260381455,20.316556279639
-0.922646019890259,16.746272566898,18,14.8088585448031,-0.850271903477106,17.1033113440245
1.02567648847732,27.1627540663779,26,29.3144610703091,1.64043648345366,30.437137544885
1.27104362905148,28.461646632454,25,31.1920322517288,1.42138883459764,29.2843100209038
-0.762260264771822,17.6900674542699,21,16.1196926820305,-0.306073006943962,20.2375926236251
0.792819080138176,25.9582139137647,27,27.598986901972,1.27183825164699,28.4937356110372
0.758213392905822,25.7817629810255,25,27.3495423665817,0.219838893178642,23.0684842281777
-2.01179419615567,10.7131810979985,9,6.4208593215729,-1.93040329252567,10.9231927686075
2.19880923388649,32.9771204050552,33,37.5068936349689,1.93677071244315,31.9142401812711
0.157196200588709,22.7254031182661,24,23.1093154468163,-0.612014869779484,18.5057179113193
-0.662070132372562,18.2736084247899,18,16.9323186415204,-0.837363187818336,17.1799449679992
-0.130079691148618,21.2099646194442,19,21.0371730763967,-0.227498491838198,20.6703569518944
-0.993355664734274,16.3312588600758,15,14.2315360933445,-1.17371788314318,15.2005188024096
0.215121208750877,23.0259204736402,21,23.5191564788328,0.397118917152728,23.9847856400694
-0.511461801668038,19.1320496677955,16,18.1340164989977,-0.0348098925095255,21.7171318959532
0.491369280487267,24.4338376218602,26,25.4585622262154,0.0225742838899187,22.0250995046146
-0.767585001042433,17.658851143497,16,16.0763002217612,-0.272817625235549,20.4212272172445
1.62250553355524,30.3321534481795,33,33.8984107865298,2.01211170412171,32.2581971673367
1.45629888815471,29.4520536204589,29,32.6314602354571,1.56274420106943,30.0305601554487
0.501194701289127,24.4833728265488,26,25.527522226857,0.325748278126371,23.6181336818857
0.970952940474142,26.8769130971478,25,28.9051456263066,0.721750945314511,25.6363182657551
2.13398466422852,32.7290936339104,37,37.1849779609159,2.526634297699,34.1173648211524
0.729616346859811,25.6363817658994,25,27.1443302230351,0.952847698034474,26.8237851531981
-0.650144808048516,18.3424776515512,13,17.0284449739634,-0.493719411297728,19.1854633848579
0.72374219751217,25.6065637299949,25,27.1022750350963,0.659712907695694,25.3205639926464
-2.31586040145028,9.16280394020116,8,4.40749698496211,-2.81436956872665,6.70586547857353
1.33346886123854,28.7952066073179,27,31.6771584934373,1.37266453845415,29.0265298329634
-1.46656265523043,13.6643271328104,11,10.475816921639,-1.56593495185608,12.9806519293806
-1.77137811325333,12.0101604704105,9,8.16766506598851,-1.74511014102399,11.9718801078253
-0.382909720422895,19.8451012837045,18,19.1354384009026,-0.788301361918005,17.4708823575058
0.320398021205209,23.566966791441,27,24.2599314111344,0.367265688036249,23.8317446595731
-1.21171219056967,15.0745517804193,15,12.4707132943619,-1.32131912285267,14.3563834936692
-0.171142033182728,20.9905757065154,23,20.7340085328926,-0.00370471125167566,21.8842923606588
0.420796968714916,24.0773739899467,24,24.9637771388325,0.0826410338140805,22.3454332276843
1.11570743249461,27.6364032737635,27,29.9960429367909,1.14314757586264,27.816485765154
-0.680333443354527,18.1678682584163,18,16.784827017157,-0.699699384455018,17.9936932090595
0.305781131949368,23.4922331032352,22,24.1573156791014,0.180722371634329,22.8636101237853
-1.13532972897049,15.5088584746815,17,13.081747644976,-0.911571617091164,16.7393437158568
-0.154767904790059,21.0781415684211,23,20.8551435844284,0.404584902200361,24.0229937325202
-0.230497987677435,20.67215758911,22,20.2920678536982,-0.454939467594433,19.4053955773302
-1.45427018575812,13.7313448936738,15,10.5705725145981,-0.853919136939238,17.0816558436081
-0.612519008705878,18.5588043545923,19,17.3307254650578,-0.377218653277827,19.8421041526237
-0.339702407390753,20.081249463197,19,19.4666589509577,-0.414773568610791,19.6317374732086
0.59225195982423,24.9420947764631,27,26.1682729261636,0.646440878600636,25.253116770158
-0.598180108463799,18.6408431689818,18,17.4454935624813,-0.995284725294923,16.2435601139347
2.02007512063391,32.2588136424515,30,36.564532318089,2.13779030386085,32.7927070209851
0.0583301228873989,22.2081136502368,22,22.404571863744,-0.0484556674066238,21.643634914088
0.12618421828997,22.563708649746,24,22.8890296439568,0.153552047554451,22.7206991724966
-1.37600124073423,14.1598691170084,13,11.1772066633733,-0.982399186832782,16.3196946574349
-0.467735079254285,19.3765206893003,17,18.4773127565507,-0.609689146973834,18.5192092546026
0.0146200743685995,21.9778541662727,22,22.0904676523237,0.0722073562606446,22.2899472612724
-0.19558993247915,20.8596200563897,22,20.5525244986157,-0.706152458150149,17.9557741793395
-1.8773427691368,11.4358383228172,12,7.3867068972279,-1.91734218078636,10.9969949157694
1.1605103150829,27.8735098199077,28,30.3387218785611,1.75789343084702,31.040787755346
0.531645846161565,24.6368113232655,26,25.7414282444635,0.540578321143555,24.7156303354458
-0.635673957304164,18.4258533460134,18,17.1448881042844,-0.90439883930986,16.7819172852955
-0.470845308574653,19.3592007354686,23,18.4529841418402,-0.409818973069244,19.6595590595704
0.559969701572828,24.7794743189584,27,25.9406991757161,0.793012942854225,26.0003727552392
-1.56407736512033,13.1343557085369,12,9.72879570420991,-1.7156970681976,12.1380211871557
0.629975383308368,25.1322740246239,23,26.4349485948728,0.729838421341856,25.6775533667963
0.0965848254903859,22.4088843506853,24,22.6781396235068,-0.256219107618117,20.512617501933
1.17040546502917,27.9259887652885,29,30.4146873997078,1.32277732954988,28.7627451768578
-0.0496714655437463,21.6376809078171,20,21.6251955195329,-0.112883250705218,21.295317121299
1.11795679810389,27.648286704672,28,30.0131952206245,1.1240691577751,27.7164404085153
-0.288233332503523,20.3606934454658,21,19.8577372261776,-0.602974424792203,18.5581331171174
-0.486615051335864,19.2712228134137,21,18.3294187559976,-0.373057512281222,19.8653416555455
-0.0190973892396841,21.7996615895324,21,21.8469664231399,-0.32110353855609,20.1543494151535
0.328834639258722,23.6100481814106,27,24.3191345241856,0.0409470157498992,22.1233087776092
0.16789565972539,22.7810617047597,20,23.1851687757082,0.313615095933441,23.5555220915402
0.167654590232926,22.7798083955526,25,23.1834605206469,0.251370541126766,23.2328852557784
-1.35975884864989,14.2492756244901,13,11.3038404048308,-1.36584126261886,14.1046216243233
1.41461254468944,29.2292815257139,29,32.3082356240386,2.09325389981248,32.6092132117073
-0.858328035017184,17.1251126783003,18,15.335002601669,-0.751784283487264,17.6868729537073
-1.05882494164052,15.9498133479187,14,13.6993653234656,-0.920523370106519,16.6862242488194
-1.4806602311464,13.5875419390687,10,10.367313353603,-1.11933007460285,15.5159027023331
-1.67392933848879,12.5387393484856,11,8.89679167391666,-1.93278654796317,10.9097329164347
-1.18538140284886,15.2235767003014,12,12.6806752496359,-1.23807026188584,14.8304674508505
-0.749884783686045,17.7625539576302,16,16.220478121383,-0.550202101596969,18.862573372201
1.60517109043824,30.2413666982361,33,33.7687211317932,1.48835169593074,29.6383894667135
0.639516487381317,25.1804164600349,23,26.5025419700834,0.387169174478979,23.9338268072545
-0.144174802004175,21.1347332318436,24,20.9333371709598,-0.252187827293818,20.5347878091081
-0.894303672510654,16.9131450040063,13,15.0406726229077,-0.758054291678829,17.6498315352801
-0.460692259713086,19.4157019480635,21,18.5323513428572,-1.07043795418993,15.8014261940665
-1.18798803225374,15.2087915273684,16,12.6598576898492,-0.823985139746678,17.2593369813386
-1.5064914693868,13.4470236964372,13,10.1689534859879,-1.95253385687489,10.798300411043
-0.558988459338963,18.8638995703976,20,17.7578866233803,-0.417889334989924,19.6142306269892
-0.087385765346605,21.4373725597653,20,21.3502847940675,0.124471068704498,22.5671949134956
0.770587722691065,25.8447900245189,26,27.4385944788456,1.7606136603779,31.0545468776591
-1.37857294059582,14.1457301750886,12,11.1571805355433,-1.36789220701901,14.0930484980229
-1.48312331983358,13.5741337260104,15,10.3483739842193,-1.59070734479273,12.841601995509
1.49625604480921,29.6651279948675,31,32.9398886120604,2.29152658061813,33.3744446804905
0.699909781528594,25.4857316696225,25,26.9319741543934,0.164463663861868,22.77815166592
1.26232612964904,28.4151282229245,31,31.1244149574701,1.08478024052497,27.5107496386124
0.144150775690299,22.6574514554913,24,23.0167300503235,0.0721614329220326,22.2897028938339
-1.36566072810615,14.2167667660086,12,11.2577958736891,-1.32748579169797,14.3214473132876
0.323097342786524,23.5807550284288,22,24.2788754917282,-0.136663764180318,21.1662149409565
0.071136671088476,22.2754071242653,22,22.4962870584263,-0.171025803871232,20.97915309842
0.0567869778871815,22.1999996510966,23,22.3935111931295,0.203920223427296,22.9852340072
-0.462745090881276,19.4042868891572,16,18.5163161251123,-0.0409908183451797,21.6838532725374
0.563318741915548,24.7963425191377,27,25.9642841914459,0.792573935402288,25.9981247118561
0.347447490070903,23.7049599589084,23,24.4496932696752,0.562885368160277,24.8288856748231
0.733605062115831,25.6566375113015,25,27.1729054719841,0.986257005538298,26.9971563197823
0.628554366265105,25.1251055608519,24,26.424886776902,0.999172374852881,27.0642896567544
-0.564262789347341,18.833982536468,20,17.7159594190736,-0.813797080035347,17.3197723937374
1.36566083890417,28.9674125593538,28,31.9276356019967,1.96385142914562,32.0397549408691
-0.374585767142882,19.8907172840417,25,19.199458104646,-0.648643842238625,18.292601222233
1.03992041574838,27.2374200167734,26,29.4216303413397,0.965784309344615,26.8908671805191
-0.0241042248007582,21.7731609787222,20,21.810713707407,-0.174346605604394,20.9610425134236
0.210524367983859,23.0021450955755,25,23.4867012786994,0.635045450598462,25.1952273863836
-0.81360070908266,17.3885124107767,15,15.7007282374533,0.0344407872320711,22.0885529921134
0.683520156234155,25.4027599889735,29,26.815146229435,0.463037896045609,24.3213565718662
-1.00995173865487,16.2342593172505,16,14.0963711107671,-1.48222969967973,13.45016394895
0.191488741308482,22.9035553392058,19,23.3521824595276,0.184873193077547,22.8853990673532
-0.796807965016492,17.4872722827132,16,15.8378940266985,-0.71824257029448,17.8846549787797
-0.288838629274556,20.3574175668494,20,19.8531595853771,0.0231122104084214,22.0279777076774
0.0135001370606402,21.9719431851427,21,22.0823970174978,0.449717480850619,24.2534740156846
1.29315811585761,28.5797317090175,31,31.3637324637408,0.912010268984919,26.6124498774115
-1.16866218476811,15.3185802098162,16,12.8143679460648,-1.13632737289279,15.4170797730642
0.793363868401907,25.9609965871471,26,27.6029240559589,0.246934110409942,23.2097943354537
-0.253276352991734,20.5495014294201,21,20.1212497074499,-0.286960522759411,20.3432197710971
-0.987312692876879,16.3666235392989,16,14.2807905498784,-0.700530189081056,17.9888129352539
0.115786263979464,22.5093742970306,23,22.8150200803987,-0.38057346496046,19.8233593759732
0.0960210457527593,22.4059308870351,23,22.6741163946784,-0.0249272243297485,21.7702985996026
-0.146490995405968,21.1223632483835,23,20.9162515958555,0.270773710737783,23.3337241329401
-0.681922268064245,18.1586544756604,18,16.7719807111733,-0.824743271207171,17.254838793137
-0.387538816950129,19.8197070525185,19,19.0997924635722,-0.536112350120108,18.9434065642573
-0.235617954861832,20.6446117513147,21,20.2537327151418,-0.241980516984267,20.5908798160592
-1.43856541826046,13.8170635194972,11,10.6918315619976,-1.52706536410863,13.1986936863839
-0.750058591908731,17.7615365745769,21,16.2190632938076,-0.457409576418494,19.391428612087
-0.308471360519559,20.2510346269258,20,19.7044074768336,0.15351552853016,22.7205067570775
-0.0450807903934857,21.6620256749656,21,21.6585552404455,0.164246731155756,22.7770102336366
-0.591208690636632,18.6806471305208,19,17.5012028550245,-0.703680913689266,17.9703006933177
0.975524348322324,26.9007279025076,25,28.9391904529984,0.791624508095408,25.9932631797261
1.87495310442815,31.5998488514144,33,35.6737524539246,1.68535174391355,30.6699203936859
1.57448012188272,30.0798992003535,32,33.5374043865179,1.5410082261419,29.9161840483217
0.463942905237213,24.2954656518964,25,25.2661870300253,0.222752757384043,23.0837044887338
0.361739841368154,23.7777196681076,22,24.5499036310695,0.556213249800339,24.7950143759921
2.31531208823184,33.3875231972925,35,38.031248735775,3.19087619770881,35.5803442687165
0.0137875228669011,21.9734600470872,21,22.0844681249842,0.369543027334255,23.8434348961193
-0.464887023450723,19.3923716055525,21,18.4995784606113,-0.155070116962105,21.0660896335961
-0.812197163045851,17.3967705126622,14,15.7121964999154,-1.11212186371179,15.55788140962
-0.189279968550422,20.8934446897637,22,20.5994372545197,-0.225313005438036,20.6823403037239
-0.361343057973125,19.9631661039227,19,19.3011014851242,-0.0801112787728822,21.4727604924407
-1.2529955992448,14.842339554218,13,12.1429937075888,-1.96605020440616,10.7221395755465
-1.64819024065889,12.6782915484959,12,9.09082793933907,-1.35991920756381,14.1380499603435
0.272006760850787,23.3190839097413,27,23.9199571162216,0.439994254512276,24.203885675429
0.84668733153082,26.2341341167028,27,27.9899070679102,0.656224307431319,25.3028324334889
0.305648205815638,23.4915529251946,22,24.1563822190286,-0.372442528204914,19.8687748015161
0.667094049641057,25.3196950648278,24,26.6982804129143,0.73688098565648,25.7134765539159
-0.739243078956435,17.8248071409907,15,16.3070654637759,-0.779404503318744,17.5235592050666
-0.705327339186101,18.022664114996,17,16.5824755356128,-0.450075738802006,19.4328806758613
1.20228428759121,28.0953095898725,30,30.660052263407,1.47672689277683,29.5769647813829
-0.278898194853627,20.4111861152693,21,19.9282712914645,-0.303518676232684,20.251723655592
0.565815224950258,24.8089168050709,27,25.9818686489532,0.953937801136632,26.8294353501151
-0.5015730032701,19.1875217597045,15,18.2118886686918,-0.339470109207717,20.0524118319964
-0.334869559653833,20.107569961945,19,19.5035400033144,-0.921517083265729,16.6803286014039
0.324847344825394,23.5896919792866,23,24.2911562112369,0.535073340920869,24.6876740008209
-0.0154812281074831,21.8187951932439,21,21.8731343185121,-0.246898838584621,20.5638600603653
1.49584695698662,29.6629496637886,31,32.9367397979844,1.08543555539518,27.5141765676146
-0.698780153177621,18.0607533311649,18,16.6355352251987,-0.905256033331827,16.7768290338461
-0.940822478900378,16.6393738442828,17,14.6602798961376,-0.739606729497198,17.7587547381818
-1.8720061179798,11.464711064823,11,7.42568114200843,-2.01179174968672,10.4652675882619
-0.306208361637802,20.2633102035808,19,19.7215811324247,-0.179807759599948,20.9312464451029
-1.82100410359966,11.7409949016383,13,7.80016086216216,-1.83840228126486,11.4438540014542
-0.433414336695606,19.5669682996474,17,18.7448496988002,-0.297743166436429,20.2836584957273
0.414685660561003,24.0464323679318,30,24.9209537165292,0.43506215270067,24.1787190932987
-1.3178916849071,14.4806624279468,13,11.6314933584951,-1.18855339422046,15.1149116244532
2.01906334563778,32.2544435959317,35,36.5587060459369,1.45190563920056,29.4457366854508
-0.515919852784574,19.1070059105698,20,18.0988658403035,-0.458450244764751,19.3855425858946
0.681679434723704,25.3934472975691,23,26.8020393204621,0.454980397182344,24.2803013597758
-0.222457606512514,20.7153884727124,22,20.3521994585628,-0.367303238602827,19.8974531138294
-0.1955397113915,20.8598893380067,22,20.5528980775124,-0.106052676245123,21.3323463700622
1.39923531728654,29.1470357448646,29,32.1887577899696,1.87208210484551,31.606588241486
-0.0643474705846017,21.5597981333809,19,21.518399047885,-0.0162775170733682,21.8167889968103
0.395408689636404,23.9487373911545,23,24.7858761274345,0.549488705408953,24.7608740118702
-1.83595419952248,11.6599556657942,9,7.69003040951917,-1.91914814278754,10.9867867614034
0.89982884385711,26.507926732889,28,28.3789257273313,0.609391671264766,25.0649589891251
0.528601038858939,24.6214731137413,26,25.7200256988501,0.695667350439127,25.5034499787378
-0.211973233405232,20.7717118213853,17,20.4304818636563,-0.20945446263938,20.7692138151445
-0.46724833806631,19.3792302711004,17,18.4811188552416,-0.199325677309748,20.8246260585617
0.760588624668021,25.7938551768686,26,27.3666235818473,0.92463328609447,26.677704851895
0.435453138629923,24.1515236922566,25,25.066483016532,0.350577208359325,23.745994795758
1.15212859691808,27.8290878859214,29,30.2744519125525,0.908186743293731,26.5926964757285
1.75201913465081,30.9976870410867,31,34.8395478856119,2.32173988025557,33.4794405410466
-0.632682433060998,18.4430622392689,19,17.1689316312006,-0.893593758346288,16.846063926399
0.0907200978804745,22.3781528169611,23,22.6362758412505,-0.223166383171349,20.6941078937611
1.00585431209752,27.0590266061792,25,29.1657520210463,0.824040733085549,26.1594387807448
0.859735497765932,26.3012104671811,27,28.0851060900258,1.11098928339418,27.6479113995274
-0.881384430642767,16.9892567470849,18,15.146369401177,-1.27371832779215,14.6268664677299
0.0940562463233058,22.3956366301292,23,22.6600933241205,0.145309654883248,22.677248290158
0.871522110910149,26.3618848890346,28,28.1712776099343,0.905318378696953,26.577881498725
-0.229545130225552,20.6772825490224,22,20.2991984343691,0.233051894428265,23.137455366326
-0.644103164433643,18.3773136249125,18,17.0770879342548,-0.316125198812172,20.1819383265134
1.39583471972606,29.1288446117387,28,32.1623233439273,2.17811657545825,32.9530732945955
0.03645009348967,22.092961383018,22,22.2475523338581,-0.0744433455277035,21.5033936744044
0.373684826128589,23.838452740772,23,24.6336337371307,0.0198124891006575,22.0103197667538
-1.03139237463873,16.1092379872349,15,13.9220007440218,-1.225218649245,14.9041047788385
0.389701715416764,23.9197852118911,23,24.7458842928647,0.412527891357346,24.0636159319701
1.08518827447484,27.4753997104815,27,29.7638987768222,1.47075745879667,29.5454131004082
-0.875099808333135,17.026286850931,18,15.1977879105813,-0.866021990728223,17.0097883885074
0.0976887812499235,22.4146671447252,23,22.6860169298218,-0.484467136462236,19.2380639260076
-0.984006223501173,16.3859832900229,15,14.3077486577884,-1.40094497815799,13.9067881378194
0.0195352662557247,22.0037898676072,22,22.1258743871128,0.164580816547806,22.7787680737451
0.0572158576212826,22.20225485502,22,22.396585441264,0.750537601019577,25.7831806218254
-0.311806254457041,20.2329381478951,19,19.6790861991479,-0.646489670585178,18.3051669620509
0.0193677490461603,22.0029061137361,21,22.1246680389262,0.435377504261198,24.1803284772408
0.210937419059447,23.0042819635324,24,23.4896180065369,-0.241311021116852,20.5945567102654
-1.44483124913033,13.7828500431732,15,10.6434249409142,-2.09395259091765,10.0087425513134
-1.54831869424641,13.219858551736,13,9.84897084546514,-1.01393917121227,16.1334925435195
1.53267368727728,29.8587081556208,32,33.2192949713724,1.05208906684075,27.3399676642721
1.15089251185967,27.8225392230571,28,30.2649798564879,1.49665235617281,29.6822322829623
-1.89552382859509,11.3375452925274,12,7.2542508811776,-1.19515294909488,15.0768872989434
0.168150794427704,22.782388101323,24,23.1869766595127,0.163552657316702,22.7733580219468
-0.506840496218777,19.1579869296279,21,18.1704252593556,-0.143490141187022,21.1291017505828
-1.49461136984358,13.5116237528316,14,10.2601094806886,-0.721432486596861,17.8658745302793
-0.47127673051288,19.3567974539888,17,18.4496084105168,-0.289220527867016,20.3307423093154
-0.871233044991091,17.0490713453671,18,15.2294242040556,-0.968155029040305,16.4039465375133
-0.191734773015673,20.880287808544,22,20.581192495093,-0.559142086822735,18.8111854541945
0.121365018172508,22.5385333453082,24,22.8547377234686,-0.0903927961438432,21.4171504265992
0.0790504622633595,22.316950636007,23,22.5528946202129,0.0760845751680618,22.3105740496944
-0.0910186358132174,21.4180491274435,19,21.3237220667609,0.390029951765388,23.9484833913828
-0.563412581089705,18.8388072285846,18,17.7227204212902,-0.721846047249506,17.8634392397691
1.35807569315161,28.9268316554748,28,31.8686175069715,1.28062107227173,28.5400869884463
-1.02687575886474,16.1355454447934,15,13.9587079416598,-0.866849640549644,17.0048735208504
-1.70034804591795,12.3954747327402,15,8.69823607585991,-1.90141724167002,11.0870524517245
1.44357423863362,29.3840920224504,29,32.5329241584693,1.15393475486997,27.8730976242603
-1.02683914383204,16.1357587777934,19,13.9590055738624,-1.50326911349772,13.3321507808238
0.507962047936706,24.5174818642249,27,25.5750345038704,0.0769471613818841,22.3151617434386
-0.378865691257408,19.867270469796,19,19.1665536530679,-0.169529780019819,20.9873100323519
-0.623162161497944,18.4977649646612,19,17.2453814233708,-0.771429375152658,17.5707509584527
1.16412202508865,27.8926600635267,29,30.3664379032494,1.58276077561991,30.135683247544
0.289505874118263,23.4088782620718,21,24.0429843838882,0.464038670810766,24.3264543901139
0.205788097796504,22.977635246286,25,23.4532500090503,0.63148532033535,25.1771452031007
0.0116279921849801,21.9620608698738,21,22.068903119364,-0.18331073331467,20.9121258622966
-0.3069995978823,20.259018562947,20,19.715577343441,-0.0463208665073708,21.6551395808521
-0.157098059221488,21.0656870719359,23,20.8379252139891,-0.313573814901938,20.1960708016423
0.45736304766159,24.2622422444254,25,25.2200550792997,0.434353081090744,24.1751002393991
0.629681395974938,25.1307909412508,28,26.4328668431362,0.584136623018175,24.936758061521
1.18443905088841,28.0004805962424,29,30.5225862857893,0.940498492693763,26.7598090120263
-1.77475769488201,11.991825922607,14,8.14254893185757,-1.91890270233878,10.9881740446315
-1.41706910408724,13.9345913769452,11,10.858178875837,-1.70388000794401,12.204709642944
0.0340598328857003,22.0803682362194,22,22.230373471279,0.381648954811924,23.9055340327074
0.533849794161442,24.6479133208764,26,25.7569223749999,1.13625186865328,27.780313475311
-0.196082007016065,20.8569815298757,22,20.5488639408035,0.0559652628595262,22.203439484974
1.17897348668407,27.9714599359813,28,30.4805415065365,0.917419790138215,26.6404068356681
0.726734116411834,25.6217493110045,24,27.1236912322385,0.499708761982472,24.5079744688417
-0.62834607225957,18.4679905916807,18,17.2037661969974,-0.523029417780303,19.0182922982614
0.357586546327311,23.7565865037149,23,24.5207861798435,0.227831067864159,23.110216902284
0.122604443302949,22.5450092697838,19,22.8635586787797,0.331314724165536,23.6468296248663
-1.58725124637779,13.0086717829249,12,9.55244560814962,-1.97913256944687,10.6485247217263
-1.27087093682227,14.7423226028837,15,12.0016573575419,-1.29548591468083,14.5029909896664
-1.00077144645866,16.2878925220681,16,14.1711194594521,-1.55754190065074,13.0277443315653
0.235460829731099,23.1309660560174,21,23.6626330612979,0.321064697992235,23.5939750467003
-0.318014127968697,20.1992310006686,19,19.6319091288725,-0.206340198607702,20.7862572676457
-0.407548079800118,19.7097168468957,18,18.9453550789683,0.106342221616551,22.4712221172403
-0.471434949687306,19.3559160272411,21,18.448370332069,-0.525074971871786,19.0065945781916
-0.571953442941919,18.7903028541124,20,17.6547596091922,-0.218004065166626,20.7223965128708
0.257518714828762,23.2446034252899,26,23.8180122550078,-0.133889856708305,21.1812891074715
0.672590467633559,25.3474802310287,29,26.7373614394526,0.949924024444411,26.8086334907498
0.588935444474764,24.9253843846,23,26.1448680659003,0.599412368857646,25.0142986268562
1.41405712059871,29.226311269176,29,32.3039219160343,1.49663866222144,29.6821599666991
-1.66682048009386,12.5772844488167,14,8.95032523519403,-2.13495001899725,9.78418583453668
2.46776013674711,33.8608463942564,36,38.6222668316781,2.1757960009796,32.9439951371555
2.21617197738391,33.0411340520712,33,37.5893709175257,2.06635708037863,32.4952055340805
0.506620694901854,24.5107216420107,26,25.5656160557407,0.109081231706712,22.4857358205373
2.41752059726775,33.7122878273042,35,38.4384544516794,2.41044574554822,33.7708670182881
0.266822228995096,23.2924455113613,26,23.8834857586961,0.134800230209115,22.6217812525821
-1.77128451113105,12.0106682738768,13,8.16836086752156,-1.65660604737228,12.4711305073516
0.478218394752342,24.367509116396,25,25.3662993423134,-0.0430315845747803,21.6728611628142
-0.644679509564355,18.3739920451759,18,17.0724493000567,-1.1370219123344,15.4130466621343
-0.5317682032997,19.0177934446811,21,17.9736839558875,-0.884116328241433,16.9023383705494
-0.612628318238089,18.5581780807692,19,17.3298496169529,-0.771436214568641,17.570710498973
0.512269696032625,24.5391901800355,26,25.6052847765923,-0.213763763978931,20.7456213661212
0.176502505513312,22.8257859649416,25,23.2461346834733,-0.394407690603034,19.7459645438293
0.814361400830415,26.0683672812547,27,27.7549221148911,0.19506554311726,22.9388526384193
0.950206265951649,26.7689814572459,30,28.7509776872506,1.31319494722675,28.7121098719316
-0.249855494186758,20.5679398372,21,20.1469475006644,-0.621313593605901,18.4517278026779
-0.135225710152009,21.1825072457117,19,20.9992906558767,-0.28661711204555,20.3451154442071
-1.65588762329379,12.6365601257675,11,9.03274094677644,-1.70265644315935,12.211612650161
-0.736179399949241,17.8427151827601,16,16.3319791351011,-0.916290053824828,16.7113426499914
-1.01284974020256,16.2173409245557,15,14.0727853354084,-1.49563983033535,13.374941117159
-1.95608840407874,11.011194210324,10,6.81694851597509,-2.43636918863241,8.24452648034794
1.75167961303438,30.9959784828775,31,34.837155844592,1.50313825563325,29.7164784036957
0.0206153995697526,22.0094879228607,22,22.133652173445,0.263433290508075,23.2956045913969
-0.697567195898644,18.0678058736344,16,16.6453612170222,-0.311190043649791,20.2092707406174
0.11075439529482,22.4830592429774,18,22.7791763730913,0.530779579911459,24.6658661964307
-1.35921684047806,14.2522624063643,12,11.3080707331567,-1.59741875822123,12.8039131751408
-0.610895623206225,18.5681037789836,19,17.3437312688505,-0.665418663252735,18.194618207801
-0.586174434063715,18.7093568422886,19,17.541394896213,-0.599105653608578,18.5805407610726
0.832242216039585,26.1599882977759,27,27.8847518469675,0.653453482496661,25.2887505937424
0.318303388204716,23.5562645715047,27,24.2452298324662,-0.164209020638417,21.0163114648462
0.699064929369712,25.4814522678795,24,26.9259463064652,0.531159079977933,24.6677937529131
0.86498036779945,26.3281998897624,28,28.1234302871221,0.814805003102695,26.1120534534478
-1.29718235434001,14.5956578681956,13,11.7942369723989,-1.23956012729218,14.8219390909207
-1.08514054386682,15.7975012533668,13,13.4863445102094,-0.922078168115674,16.676999811491
-0.280807637450235,20.4008625927529,21,19.9138537917177,-0.434748881591452,19.5193529392693
-1.82615171590001,11.7130877643788,12,7.76220865089252,-2.0459193147792,10.2747426073903
0.431425203858051,24.1311526326437,19,25.0382552287446,0.0744872317953828,22.302077311936
0.490119235665715,24.4275342778341,25,25.4497905296174,0.950434613824019,26.8112793350895
0.472823665937795,24.3402894335428,20,25.3284622505976,0.365040223972397,23.8203181257079
-1.10590833218013,15.6777603566276,13,13.3186476546585,-0.785907358108046,17.4850599078236
0.22091264925185,23.0558562924904,25,23.5600304399289,-0.443254529172612,19.4713912841228
-1.32383448230145,14.4477317260863,13,11.5848749117771,-1.11927038398165,15.5162501549086
0.157073178239631,22.724762769829,24,23.1084428599191,0.143082350690765,22.6654990279014
-1.23141817715065,14.9634925267314,15,12.3140554289702,-0.340377130176638,20.047371317444
0.433075399317699,24.1394990644819,24,25.0498196662897,0.54727694137671,24.7496441612644
2.37887395947661,33.593162460206,35,38.289920870267,2.04651872757038,32.4096095680008
-0.581469300665488,18.7361638189062,20,17.5789307823223,-1.1364015826798,15.4166488266293
0.205106177795658,22.9741052479522,20,23.4484327647345,0.140244780564842,22.6505257999716
1.23588869685683,28.2741740201571,30,30.9196316262577,1.24917195200705,28.3741815718127
0.0951172952811499,22.4011960784855,23,22.6676665629774,0.204468737878814,22.9881054225452
1.57744065067259,30.0955118014725,32,33.5598058878663,1.74606743892282,30.9808355038633
-0.491351672085919,19.2447446062738,16,18.2922355277256,-0.201870429306648,20.8107096261618
-0.576657633815157,18.763551894215,20,17.6172877716353,-0.10842979822549,21.3194624429245
-1.43201275547761,13.8528637617121,11,10.7424929627598,-1.36450110879053,14.1121849490922
-1.29694501613521,14.5969779765601,13,11.7961047005711,-1.63820782297809,12.5746615601646
-0.735452237530819,17.8469646797968,16,16.3378914128367,-0.957991872028469,16.4641119117967
-1.5322575562937,13.307043426339,10,9.97166560110639,-1.58881555475102,12.8522241642163
0.474255791243296,24.3475160180344,25,25.3385062069256,0.427568711388401,24.1404655399028
-0.61782920133188,18.5283652928451,19,17.2881611350676,-0.219798644844004,20.7125642383213
-1.08643938544634,15.7900003335973,13,13.4758455045824,-0.896707669409776,16.8275761045192
-0.119159196359974,21.2681985682924,24,21.1174614854986,-0.511498059218594,19.0841602697884
0.714745613549032,25.5609237351178,25,27.0379272957847,0.244426249733068,23.1967355653127
0.451337193072099,24.2318057450404,25,25.1778127926843,1.04155217855375,27.284996840414
0.759903654786036,25.7903677497835,21,27.3616971076562,0.949015588876611,26.8039262788874
-0.855750099116315,17.1403021324694,18,15.3560915829598,-0.649759805683403,18.2860900333007
-0.341551078398631,20.07117655283,20,19.452542307456,-0.440667046611137,19.4859884618659
1.51804273440129,29.781022381831,31,33.1072692524271,1.61018407633447,30.2793171231274
-1.0526972647114,15.9853691129702,13,13.7490473983826,-1.02857399909462,16.0472808719946
1.07999067827788,27.4480236223407,27,29.7244726469134,1.19997249287123,28.1150508099521
-0.43772908432281,19.5430921611323,18,18.7113089191461,-0.350965124929502,19.9884859627496
0.319502954735897,23.5623938760374,22,24.2536493535999,0.0481650153203179,22.1618375865452
0.903037090720519,26.524508110201,28,28.402523369138,0.654122015414789,25.2921480838122
0.409920596211734,24.0222969685725,24,24.8875642094833,0.367956564545435,23.8352914091445
0.672493239826068,25.3469886492226,24,26.7366699162536,0.904509822431451,26.5737059295727
0.0819842448973442,22.3323435719283,18,22.5738671445112,0.252263465499593,23.2375312176554
-0.488070363917057,19.2630900901681,16,18.3179976978115,-0.692431814577028,18.0363630341329
0.74573308889136,25.7182700176847,25,27.2598850087921,0.880959976994859,26.4522029123867
-0.237978957498147,20.6319047695444,22,20.2360432852201,-0.460437314079471,19.3743009400084
0.43370487829816,24.1426826292973,24,25.0542310547847,0.341971188841711,23.7017158734182
-0.557870778168133,18.8702352027896,20,17.7667667407301,-0.770168167964935,17.5782114403584
-0.55369433681051,18.8938969543555,15,17.7999345904141,-0.576970437929935,18.7084780058961
-2.3316671334912,9.08721999034555,8,4.31143916235105,-2.40012060009675,8.41670801568737
0.187254441479864,22.8815954487794,20,23.3222324174267,0.260149085154936,23.2785380481237
-1.87958710066358,11.4236985412209,12,7.3703288783679,-1.96213716878696,10.7441781685739
-0.242638757914916,20.6068169509564,16,20.2011087181549,-0.188230615290413,20.8852601611117
0.304107322754433,23.4836675545324,27,24.1455611506545,0.37791377939625,23.8863817079854
-0.034367609915857,21.7188066049791,20,21.7363217095635,-0.190124243080392,20.8749162748048
0.427093818487738,24.1092407219187,19,25.0079020488955,0.965219614789317,26.8879376606243
-1.22637161931848,14.991895960822,11,12.3541351157097,-1.23877019449618,14.8264606498163
0.694016209583552,25.4558846528685,29,26.8899375569304,1.63149946213906,30.3905919200682
0.403747109615232,23.9910145680221,24,24.8443057104831,1.09890887510095,27.5846640309248
-0.874467276997496,17.0300139444512,19,15.2029630468453,-0.982996417935845,16.316164128275
-0.174303191916483,20.9736574938591,23,20.7105844088974,0.0807262754444639,22.3352556574409
-0.0634297781515709,21.5646705751552,20,21.5250837292773,0.131627998327281,22.6050244448139
-0.216603809988169,20.746842407334,22,20.3959249489883,-0.0580753216814644,21.5917639099273
0.373021485093538,23.8350818235822,23,24.6289843814331,-0.0693920595604627,21.5306801445951
0.409894329308399,24.0221639004029,23,24.8873801538621,0.709338759519675,25.5730688913791
0.964088901172496,26.8411769023689,29,28.8540775627823,0.571451348634205,24.8723682327841
-0.105566838120565,21.3406164319037,19,21.2172010287468,-0.839623937633444,17.1665254659239
0.814558531125931,26.0693764222848,27,27.7563514518584,0.960913798288001,26.865603945892
-0.3253208867564,20.1595219333762,20,19.576311195699,-0.386388830808455,19.7908447739538
-2.01280829058321,10.7077808164288,8,6.41370963864141,-2.13855647221307,9.76455760806482
0.40530328561425,23.9989014845515,24,24.8552100870008,0.897074684073629,26.5353213213395
-0.12131333647287,21.2567151759338,19,21.1016350605277,0.0980195292909668,22.4270917165982
0.236923434394755,23.1385101550869,25,23.6729426378404,0.839274792211006,26.237670925774
0.253414878977682,23.2234835338947,22,23.7891202334327,0.158781099989362,22.7482414054309
1.3701939625639,28.9916656762447,27,31.9629042586565,0.727058082254836,25.6633752860325
0.808437925402356,26.038053854906,27,27.7119931194798,0.449722455345656,24.2534993771847
0.0534754394197579,22.1825834307879,22,22.369768511239,-0.0672760515322397,21.5421066602363
-0.652276864936462,18.3301753961548,17,17.0112699618274,-0.422321681791778,19.5893116444278
1.5323421043312,29.8569489693747,31,33.2167597832164,1.85389187755104,31.5182483864859
-0.0437994660311062,21.6688191903233,26,21.6678625247337,0.361856523599829,23.8039670880591
-0.784625123981318,17.5588515109953,15,15.9373338559255,-0.150940181419,21.0885705102622
-1.15570110803849,15.3924307633544,17,12.9182050994127,-1.05364713698913,15.8998911226071
-0.42479142507491,19.6146283742692,22,18.8117991881789,-0.397156901697558,19.7305653761487
1.7117245572239,30.7934363352819,30,34.5526609841624,2.06739221429551,32.4996369279559
-0.4635165396632,19.399995984469,21,18.510288565852,-0.289263445217628,20.330505330619
0.367598158211894,23.807514199668,23,24.5909704929017,0.155649072789116,22.7317467187701
-0.06591107846763,21.5514954953247,24,21.5070072988433,0.299063323285186,23.4803129455017
0.671453565982527,25.3417322651571,23,26.7292758071129,0.514057117535932,24.5809087680832
-0.132736562954643,21.1957897628516,19,21.0176184127585,-0.204176897132544,20.7980932194142
-0.308679538247789,20.2499051957442,20,19.7028272769342,-0.395116103670755,19.7419971102046
0.966478751149604,26.8536161418176,30,28.871850996339,0.712474915745936,25.5890459803288
-0.285930557626442,20.3731539781476,20,19.8751476390106,-0.512239286653767,19.0799301680565
-1.43098023756486,13.8585068637347,11,10.7504794375252,-1.01340321744812,16.1366521641407
0.0643326605058114,22.2396646266144,22,22.4475766160768,0.385027798630595,23.9228533649121
1.43295601757381,29.3273517072561,30,32.4506072747565,1.48308759280124,29.6105775639655
0.392579190649457,23.934384741826,23,24.7660485052693,0.450167745281589,24.2557695678921
-1.01434194648136,16.2086318655726,15,14.0606428389459,-0.781563625842735,17.5107782825327
0.0482870685706529,22.1552860066519,23,22.33255061504,0.556548119799893,24.7967144205382
-0.292246269949485,20.3389709556382,20,19.8273793373706,-0.176127623226198,20.9513270151422
-0.522282671533739,19.0712229712395,16,18.048649008553,-0.0297650546119667,21.7442786243656
-0.0432647281082899,21.6716541535837,19,21.6717462526046,-0.0597806485416135,21.5825634154935
-1.24066341383763,14.9115249825542,15,12.2407001897331,-0.688481110119597,18.059542585754
-0.11322687877967,21.2998136555786,24,21.1610183846033,0.279490829864572,23.3789478920452
-0.362846280484625,19.9549496146372,19,19.2895763598346,-0.49876840364182,19.156724819742
-0.268505581544833,20.467335489365,20,20.0066542527553,0.0412045787773322,22.1246841480798
-0.150034125523917,21.1034364719091,23,20.8901029608964,-0.0745608717258349,21.5027586546073
-0.944389692367707,16.6184088851948,17,14.6311318385188,-0.799143173895966,17.4066499204484
0.227272844142146,23.0887086329214,25,23.604899062287,0.201249408543965,22.9712496764579
1.20031373147707,28.0848325811571,29,30.6448588727156,1.22703963328703,28.2575452540364
0.59854237498167,24.9737926345926,22,26.2126817521025,0.737257379301605,25.7153969095719
1.5986942223047,30.2073652798026,33,33.7200793660898,2.4059732441019,33.7567552345932
1.51819924104694,29.7818540332009,31,33.1084692829147,1.41297365693887,29.239787589935
-0.329852091055382,20.1348772313239,15,19.5417947064668,-0.429305414627862,19.5500136470809
-0.251069773102836,20.5613956239229,21,20.1378275337748,-0.483689467776049,19.2424813946248
-0.280496119546492,20.4025469880395,21,19.9162062920761,0.0143320832378196,21.9809784793167
1.6361080485015,30.4031618189157,34,33.999648821787,1.64782802476829,30.4755812038782
0.414959774009786,24.0478205076342,24,24.9228744780204,-0.00410713522141154,21.8821330969619
-0.976255015890124,16.4313931038047,20,14.3709666745711,-0.859122437290056,17.050759339601
0.456473862834726,24.257751625616,25,25.2138214257919,-0.108718352522405,21.3178982916954
0.100457725204267,22.4291687506187,23,22.7057706781077,0.206373011230204,22.9980725197844
0.768037430927624,25.8317943470695,25,27.4202283253621,0.592595995865461,24.9796976054437
-1.97859796146998,10.8904724559241,9,6.65613097751594,-1.77472115604482,11.8044250464153
-0.0490816925240056,21.6408089858348,20,21.6294825348814,-0.177036035618591,20.9463709544568
-0.322355110204199,20.1756442988864,20,19.5988872380794,0.12186670561951,22.5534206876561
0.025369342320868,22.0345603889736,21,22.1678714970053,-0.422639806403089,19.5875224644626
-0.354335335687834,20.0014452176333,19,19.3547863378261,0.345322571416084,23.7189639802229
-0.972626521854456,16.4526622234516,16,14.4005701300919,-1.60264006530395,12.7745865321207
-1.31871665851247,14.4760892263332,12,11.625019630764,-0.994218304471048,16.2498579600144
1.0603766071725,27.3448340340051,26,29.575986028174,0.788740731961868,25.9784988339697
-0.313926261566176,20.2214301094798,20,19.6629812050508,-0.369590213976693,19.8846938977531
0.527273205562185,24.6147839448904,25,25.7106931582023,0.0805541159572145,22.3343404614584
-1.0350958735853,16.0876786710973,15,13.891912326864,-0.514710015574689,19.0658261846524
-1.15373796099456,15.4036318581961,17,12.933947493961,-0.764518141313229,17.6116244041056
1.13658194945737,27.7467694342199,28,30.1554354121541,0.890052274502916,26.4990876018181
0.142044222305262,22.6464696305045,24,23.0017688689663,-0.347974159465437,20.0051288374936
-0.522347264700393,19.0708594801105,15,18.0481389388194,-0.47558349761694,19.2884926210543
-0.164696774743955,21.0250570484823,24,20.7817295021961,0.38752444876382,23.9356471913794
2.42116442207916,33.7232980621245,35,38.4521324198937,2.88754098517399,34.99557605451
-0.195948837966834,20.8576955993629,21,20.5498546199437,-0.478656051449251,19.2710594188503
0.812390697465745,26.0582800949308,27,27.7406355110459,0.62767299699911,25.1577837504189
-0.53841712818194,18.9802807659024,19,17.9210639691939,-0.35557882757665,19.962800193377
0.0534481634691793,22.1824399579502,22,22.3695729123899,0.00160792257541367,21.9127896293795
1.13927860397922,27.761040760957,29,30.176061135111,1.10217583762734,27.6017639749936
-0.568510716942757,18.8098644117479,19,17.6821651585461,-0.799537999628357,17.4043100089918
-0.698142776709316,18.0644594109222,17,16.6406986797822,-0.943346729427663,16.5508772736843
-1.20892742399362,15.0902785592144,16,12.492884657773,-1.27823336774282,14.6011452638317
-0.607370779734817,18.5882855954171,19,17.3719599471696,-0.050549493379855,21.6323487364753
0.118176792662665,22.5218711937609,23,22.8320420985372,0.262545749007081,23.2909931290536
0.508063546772888,24.5179933935368,26,25.5757472102006,0.742912337703386,25.7442536827305
-0.398703767009331,19.7583791700172,18,19.0136898114176,-0.573411349165548,18.7290057690347
0.456901487363874,24.2599112698945,25,25.216819284645,0.0647980631005108,22.2505041873677
0.458334214324282,24.2671466455338,25,25.2268635990251,0.598764053180756,25.0110075971339
0.872568203864413,26.3672737458877,28,28.1789337459782,0.991292724934614,27.0233244190529
-0.629247641944195,18.4628093979493,17,17.1965255030716,-0.562836880026286,18.7899250277334
-1.22556707665282,14.9964265597475,16,12.3605272824487,-0.973918707822064,16.3698445828556
0.626355471077408,25.1140138325941,24,26.4093196772041,0.309272487056192,23.5330913062823
-1.89465486257005,11.342240477753,10,7.26057000982241,-2.26332736525543,9.10087607676598
0.0641318011750579,22.2386091376951,22,22.4461380632318,0.253604262140118,23.2445065121398
0.397209801628564,23.9578717754652,23,24.7984971892361,0.0973270889677102,22.423418122942
-1.17912941082936,15.259067975487,16,12.7306347375545,-1.54194591586502,13.1152332210219
-0.378666568182521,19.8683616835758,19,19.1680851180481,-0.0721286322908741,21.5158991258191
0.759886090081744,25.7902783245366,25,27.361570784213,0.330968201572644,23.6450437676614
0.0447431382159262,22.1366331519305,22,22.3071154383981,0.322781879355212,23.6028340322405
-0.570226718549623,18.8001157806738,20,17.6685069639322,-0.649492170523523,18.2876516700914
0.34124423351536,23.6733480981557,23,24.4061885764835,0.108755768192492,22.4840114781505
-0.433206764584286,19.5681164510205,17,18.7464625845927,-0.241015702523753,20.5961785257763
-0.489194544338653,19.2568062389807,22,18.3091732592167,-0.763364067166328,17.6184474974662
-0.255736697286218,20.5362361548926,21,20.1027576311196,-0.192190388354378,20.8636278085962
0.0863584051718042,22.3552857602204,22,22.6051235937991,0.0319739604443711,22.075368911408
0.192965669634473,22.9112124554797,25,23.3626266498273,0.497049008041197,24.4944500858024
-0.565084243797012,18.8293202317666,19,17.709426182037,-0.870781891567627,16.9815223003216
-0.734392294239943,17.8531582590134,16,16.3465087318762,-0.798195144014309,17.412268154172
-0.512149321956358,19.1281888816353,16,18.1285973632235,-0.185827564854203,20.8983839752923
-1.65325175690187,12.6508506756037,11,9.05262638029968,-1.95031731914208,10.8107991300367
0.44520727526642,24.2008328153951,25,25.1348456961681,0.326210158760689,23.620515437599
-1.3244342612296,14.4444098394264,19,11.5801719691128,-1.15836894533371,15.2892790195628
0.833666273870289,26.1672927181177,27,27.8951075879325,0.788355374723914,25.9765261105315
-0.637356432070671,18.4161706980567,18,17.131361347924,-0.699435006719485,17.9952461021813
1.48269076851731,29.5928567131545,30,32.8353685552609,1.4011668563014,29.177319582856
-0.885033429493812,16.9677574511932,18,15.1165148807784,-1.19588735573403,15.0726581004469
-0.480542373599961,19.3051337220457,16,18.3770437348324,-0.193066556938635,20.8588401295468
-1.09966172296526,15.7137323370141,18,13.3690479748585,-0.60165902197545,18.5657533855709
-0.495224171305502,19.2230785391799,22,18.2618122511886,-0.145598522882077,21.1176342014673
0.751393898565948,25.7470601134499,26,27.3005324451163,1.03877927859162,27.2705368948121
0.431380399746242,24.1309260075437,24,25.0379412476903,0.973859402119736,26.9327722914622
0.528896270669652,24.6229603722569,26,25.7221007921948,0.95786835707582,26.8498118968406
0.803808311940207,26.0143748730635,26,27.6784685132113,0.801693604786584,26.0448386310012
-0.259270221007749,20.5171787144681,20,20.0761851675362,-0.389139795664683,19.7754540638592
0.738118445321358,25.6795660571502,30,27.2052578021351,0.574185595248889,24.8862473136104
-0.495741653692343,19.2201820434546,16,18.2577451858739,-0.24367548036559,20.581569831188
1.02194827902019,27.1432286512683,25,29.286453101953,0.99176173319508,27.0257620939758
1.60700102411395,30.250965616442,33,33.7824463195334,1.75910132541816,31.0468988403108
-1.02886759900606,16.1239418079803,14,13.9425182556927,-1.21656660837621,14.9537524288331
-1.01520054243452,16.2036215238305,13,14.0536568361236,-1.2341905421067,14.8526839711684
0.94373530489696,26.7353673248528,24,28.7030058537617,0.475624820832589,24.385451333856
-0.658008017002483,18.2970832207888,18,16.9650785584706,-0.903902826104439,16.7848616390059
-0.176241583163227,20.963281308325,23,20.6962148301522,-0.137354422575373,21.1624611027566
1.39092428698001,29.10257544566,28,32.1241455570711,1.42319065639372,29.2938427192515
2.37220294052173,33.5721565781494,35,38.2636275923617,2.9545829398924,35.1341404240421
1.00719527375919,27.0660370454301,25,29.1757962407229,0.921460658680874,26.6612979817715
-0.240310529143581,20.619353304014,21,20.218567087981,-0.649090783158155,18.2899936310095
-0.700701081755478,18.0495818197287,17,16.6199714481571,-1.0895718795544,15.6894694305341
0.559537856621103,24.7772992496845,27,25.9376583629291,0.712055942133801,25.5869113744406
0.711493758559185,25.544435063348,24,27.0146867015714,0.338924679064798,23.6860313600822
0.617275044872737,25.0682200782247,23,26.3450681999577,0.586881723670467,24.9506920011332
-1.13374974296295,15.5179064560692,13,13.0944488084358,-0.79502219279048,17.431069566361
-0.296072991168739,20.318246756957,20,19.7984093139348,0.295156374401847,23.460098200246
0.672029298952867,25.3446430145992,24,26.7333702858007,1.09830516510172,27.5815044460254
0.233715785295901,23.1219634443636,25,23.6503313190644,0.458368182580873,24.2975655711693
0.304688992630392,23.4866443709633,21,24.1496460908907,0.352499540719939,23.7558798480234
1.50498460198381,29.711587837706,30,33.0070234640147,1.73623595970035,30.9308323826415
-0.110166452496215,21.3161183224773,19,21.1834731529515,0.311525512786171,23.5447302320824
0.034721784073891,22.0838560029946,21,22.2351314409263,0.386823625734546,23.932056197766
-0.961256640117888,16.5193550701158,16,14.4933703878094,-1.46457107287035,13.5492474326492
0.277576584103708,23.347684222786,21,23.9591275679295,0.380844059792711,23.9014074680201
-1.14305044230354,15.4646819134584,13,13.0197173496616,-0.8927999098752,16.8507772989916
-0.490785822361023,19.2479090652292,16,18.2966792065082,-0.519362338123432,19.0392527988937
-1.61979835696858,12.8322106264138,11,9.30551463506767,-1.74890060280676,11.9504546904352
-0.19237635648173,20.8768487039369,23,20.5764228179034,-0.809987762302667,17.3423624262158
-0.07763249172743,21.4892260560211,20,21.4215265353955,0.113534873202631,22.5093248756733
0.891371176319678,26.4642429814018,28,28.3167788948388,0.507958664686514,24.5499144777766
-0.69642648405953,18.0744371966261,17,16.6546007861555,-1.30279262588268,14.4614812586058
0.555804680174105,24.7584964887492,27,25.911374941569,0.00912278032369659,21.9530728213549
0.574620936800524,24.85327136714,22,26.0439174655363,0.789681263566693,25.9833138342863
-1.43538175136085,13.8344546897815,17,10.7164408533371,-1.87565934139806,11.232840963318
1.57073374764367,30.0601318408864,32,33.5090311634163,1.78985008158937,31.201646358081
1.16400632637558,27.8920465181463,28,30.3655498371895,1.69141830085927,30.7011975239457
-1.23302723715561,14.9544417532035,15,12.301281992179,-1.81483061289911,11.5773644059929
-0.191972165125666,20.879015328001,22,20.5794277290724,0.127290965318579,22.5821040938587
0.214393425064586,23.0221571441366,25,23.5140188206644,-0.111460162814442,21.3030337874864
1.12197384328653,27.6695144322282,28,30.0438408982092,0.924186627021744,26.6753947678554
1.09446605532389,27.5242985463456,28,29.8343550588941,0.590548716739752,24.9693055563265
0.810159078985778,26.046859924368,27,27.7244627001026,0.358214986364224,23.7852581208987
0.0468150319821355,22.1475389142757,22,22.3219869735734,0.593029157105533,24.9818963580855
-0.640770769131146,18.3965120951396,13,17.1039012354695,-0.836908872530943,17.1826416259375
-0.313288372241754,20.2248930962594,19,19.6678277060746,-0.528659676278563,18.9860853388797
1.85094025276667,31.4850454294788,28,35.5161273187232,1.37404932117642,29.0338551067233
-0.50506069739976,19.167969732138,22,18.1844393957587,-0.419975112692212,19.6025063637672
0.6841730715749,25.4060635340673,29,26.819796001598,0.921644221826684,26.6622471492293
0.719043080210778,25.5827207811222,25,27.0686554865181,0.443300849547889,24.2207529942282
-0.844217604136325,17.2082455262434,18,15.4504236036735,-0.39265854538278,19.755758759059
-1.05616455461463,15.965246184749,18,13.7209316989638,-0.995818361654888,16.240408894105
0.855998202555658,26.2819883908039,28,28.0578180164636,1.64166898556497,30.443551223785
-1.35392272559659,14.281447584486,17,11.3494064652427,-1.80082727664923,11.6566610088264
2.68438747405408,34.4303886201801,38,39.3105009946642,2.93542713753311,35.095164550746
1.17982199112551,27.9759645323357,29,30.4870669406388,1.25371130935413,28.3981164355464
-0.406655365442275,19.714631976325,17,18.9522577084365,-0.573799884669265,18.7267653967888
0.645782558977774,25.2120452603489,28,26.5469680544006,0.972295781715194,26.9246560778738
2.28443831529078,33.2830852106567,34,37.8988178563627,1.45087564137546,29.440289455736
-0.118620913020498,21.2710677964496,19,21.1214154030088,-0.587224126697427,18.6492708099156
-0.432414759418361,19.5724969021111,22,18.7526160834288,-0.568851009205975,18.7552908532909
0.0670264395283921,22.2538181720436,22,22.4668661852391,0.280092108421116,23.3820654869087
-0.468025152999045,19.3749057917546,21,18.4750443480015,-0.546279245778675,18.8850980827279
-0.685848596607142,18.135875301349,17,16.7402246093133,-0.987254959408581,16.2909946762154
0.439415653759297,24.1715586637219,25,25.09425357959,0.211734524317824,23.0261219319567
-0.368376225533828,19.9247071702952,18,19.2471505065175,-0.62065853420804,18.4555337447084
0.909688387289088,26.5589033779725,23,28.4514870419636,0.481818609875313,24.4169749470131
0.607437675839728,25.0186253603383,28,26.2755196298137,0.208649930058275,23.009986863366
-1.68711331326312,12.4672486072998,11,8.7976266545037,-1.51200642687726,13.2831485547275
-0.492628922117448,19.2376004116888,16,18.2822034842026,-0.372750006068293,19.8670583453718
0.214897751625696,23.0247650231273,25,23.517579052544,0.466777296479596,24.3404030559683
0.433851937708454,24.143426357257,24,25.0552616512219,0.208534718303521,23.0093840831927
-0.0469735408872504,21.6519892395752,20,21.6448035692623,0.0825971672259644,22.345200087885
0.504004591538809,24.4975361448417,25,25.5472483385482,0.794964599420708,26.0103675307825
-0.311051953550108,20.2370319638566,20,19.6848148465272,-0.355704806217128,19.9620986063972
0.547349923550829,24.7159126946815,21,25.8518720242321,0.384723717131562,23.9212949257542
1.78775058700141,31.1762102117537,32,35.0887339398227,1.94701092366377,31.961941137326
-1.31949051323496,14.4717999272998,14,11.618947687645,-1.64979450898266,12.5094703983674
0.0753339224840755,22.2974445226168,17,22.526316468777,0.0369980145177492,22.1022164705118
0.945459143127821,26.7443196547987,29,28.7157800867334,0.940052161669948,26.7574978596723
-1.86356259630847,11.5104098722876,12,7.48743012205803,-1.91661730869963,11.0010925336173
-0.687892572150337,18.1240113322153,17,16.723687321578,-0.77418110450284,17.5544710661954
-1.2431609988998,14.897500859243,15,12.2208990168424,-1.24518500159243,14.7897562515669
0.600529859041098,24.9838087131835,23,26.226717628981,0.592721805944388,24.9803362244927
0.764529367646448,25.813923297736,27,27.3949757120927,0.804246909838444,26.0579229746033
-0.178875321754838,20.9491803541861,18,20.6766830397138,-0.373188952407849,19.8646078524601
1.2440183422914,28.3174975647782,30,30.9825554651865,1.21064246494831,28.1712023972736
1.30761102325126,28.6569585398572,27,31.4760550236201,0.846334564268163,26.2739558177585
-1.2288953741714,14.9776883112777,15,12.3340881087407,-1.00310326501714,16.1974050900947
0.138198896461906,22.6264168163908,24,22.9744507747691,0.235558162454641,23.1505247807431
-0.298856599488138,20.3031656558079,20,19.7773233037323,-0.249489483475152,20.5496220360161
0.0458227672679637,22.1423162117316,22,22.3148652124273,-0.298850290846891,20.2775385594093
-0.457508608429279,19.433396289993,17,18.5572077174961,-0.649358331793936,18.2884325893261
0.648939341476659,25.2279832167169,23,26.5693600877896,0.300776297356709,23.4891729790356
1.45650770440349,29.4531685388579,30,32.6330761469233,1.61376009832709,30.2980095096452
-0.115606500285176,21.2871335609539,19,21.1435513445924,0.323350840774997,23.6057689367972
-0.38699923315362,19.8226680757638,19,19.1039490800409,-0.295534830682179,20.2958632232217
-0.979017950754099,16.4152026426036,15,14.3484291245921,-1.15885535306466,15.2864632364262
-0.972067591711145,16.455939152886,16,14.4051307594092,-1.10224853727419,15.615447585676
0.0814113034086398,22.3293378110238,22,22.5697719420802,-0.108469104742516,21.3192493786328
0.988059771842026,26.9660913206406,30,29.0326846891163,0.722638628903008,25.6408433205832
1.03113166195077,27.1913372213793,26,29.3554746352279,1.22124390419985,28.227019614479
-0.872775791189275,17.0399808286018,13,15.2168021202621,-0.774723655515908,17.5512608130069
-0.19468836779861,20.8644540028996,22,20.5592304666865,-0.235264311483992,20.6277534780494
0.21231207134757,23.0113928137262,19,23.4993243605059,0.0987084929199416,22.4307465636036
-0.347514014215159,20.0386679948151,20,19.4069753636791,-0.145269941255353,21.1194215169762
1.49415379007092,29.6539330122071,30,32.9237050433609,2.17927678968659,32.9576052014796
-0.681387810901394,18.1617541158965,18,16.776302283461,-0.606544013475839,18.5374460899488
-1.13021812723878,15.5381399544809,12,13.1228473872475,-1.53898695405713,13.1318300301017
-1.3101174424075,14.523787334877,14,11.6925342573213,-1.08492109969402,15.7166570955414
-0.206642189301897,20.8003305078168,22,20.470231806889,-0.0345189020495426,21.718698111671
-0.860590443230001,17.1117820294173,18,15.3164942737497,-1.03448884619686,16.0124744197496
-1.00908713842827,16.2393079767395,16,14.103408770659,-0.316466991822466,20.1800447402756
-0.204917061259511,20.8095886483852,21,20.483087052488,-0.244675699577427,20.5760750910094
-0.0300986696511024,21.7414198014235,20,21.7672771248654,-0.697999671182864,18.0036760634442
0.200208908698528,22.9487460357821,20,23.4138298793763,0.296986338708549,23.4695677039427
0.0761572445595672,22.3017662928707,22,22.532205272324,-0.34204935464077,20.0380767960592
0.408049852896496,24.0128191031062,24,24.8744556675186,0.475903208477035,24.3868684229244
-1.70732273463294,12.3576467462735,15,8.64592155746745,-1.154720832897,15.3104039046123
-0.605781140720759,18.597382750137,19,17.3846857305272,-0.949649011834247,16.5135302827214
-0.587693742947089,18.7006954211286,19,17.5292684868035,-0.211062810122409,20.7604096898583
-0.335125154641915,20.1061783942895,14,19.5015903089647,-1.16877168633586,15.229100631607
1.95849140823061,31.9868939005417,35,36.1999089683066,1.94839243473542,31.9683544337181
-0.418073006881589,19.6517112553625,23,18.8638871128511,-0.153585142623209,21.0741739547175
-1.41431170767632,13.9496850513973,10,10.879548235862,-0.686146378873405,18.0732354859684
0.967921898100994,26.8611293266729,30,28.8825873292473,0.756804015661116,25.8151846274404
-0.546567787016843,18.9342266452952,20,17.8564780159075,-0.80768199845099,17.3560341132248
0.936619820033513,26.6984328367981,29,28.6503181322769,0.587267972435827,24.9526525792416
0.088748044773135,22.3678151397853,22,22.6221928271508,-0.335671575763161,20.0735145045498
-2.60975684958265,7.8604282688998,7,2.7882001182271,-2.09100980157988,10.0249554046699
-0.536503780520906,18.9910808761669,21,17.9362124386793,-0.0848809446174408,21.4469693404662
-0.615114840100283,18.543928376329,20,17.309922453962,-0.858027009808933,17.057263994597
-1.13034541911567,15.537410445684,17,13.1218235944674,-0.745870890464932,17.7217887250338
0.281765678093013,23.369182630802,21,23.9885804253336,0.314520833916294,23.5601990499609
-0.482021690000229,19.2968766689389,21,18.3654470197738,-0.466695575267919,19.3388716083665
0.00662011372237518,21.9356188236849,21,22.0327915950018,0.177115328059564,22.8446662262299
0.280517973613606,23.3627804956428,26,23.9798086679141,0.541707443108418,24.7213640282095
-0.0605826776068155,21.5797850628211,20,21.5458169522559,-0.581601977235649,18.6817466990972
1.49536940516116,29.66040667753,30,32.9330637454954,1.18732109541436,28.0485073541944
0.732828510263824,25.6526934345217,25,27.1673410492228,1.01332957788464,27.1379475411952
-0.363485499664633,19.9514551273734,19,19.2846745133972,-0.571742499902901,18.7386270506876
1.46926327400637,29.521248843055,29,32.7317103342083,1.73717390709921,30.9356089689592
0.0283784245439854,22.0504251989587,21,22.1895205169636,-0.10414335065536,21.342692770462
0.0243491804347621,22.0291808633748,22,22.1605300153721,0.265636992900945,23.3070523091822
-0.529055709710405,19.0330826505595,20,17.995133580721,-0.712156919024602,17.9204655604053
-0.701448060520633,18.0452367771643,16,16.6139184060216,-0.606199265439917,18.539444536821
0.00584381717915996,21.9315189457287,21,22.0271916522354,0.0373284402536845,22.1039816833726
0.997136214396492,27.0134730009667,25,29.1005071883075,1.00759930647164,27.108125090284
-0.89917949629509,16.8844255324165,18,15.0007849114731,-0.85990657686006,17.0461030708533
-1.56479764577324,13.1304484240543,14,9.72330778734069,-1.40126612763524,13.9049805007416
1.92204533897938,31.8204916823415,34,35.9747100461383,1.98908604072071,32.1548358068755
-0.997046609461335,16.3096702453898,15,14.2014620016412,-1.03724112963656,15.9962859000752
0.460760355161741,24.2793975660503,20,25.2438730614982,0.00977750836878768,21.9565809699232
0.999448367501727,27.0255503611905,30,29.1178014290733,1.04134878268239,27.2839360953904
0.191062944778867,22.9013475604957,25,23.34917118201,0.0506325922055938,22.1750021148679
1.65251482406587,30.4885133595331,33,34.1210957115357,1.72618738971104,30.8795798410377
0.459211408472241,24.2715762642118,25,25.2330134286357,0.528084625842773,24.6521774380553
0.880984784938088,26.4106539097063,28,28.2405818846828,1.18812037797145,28.0527102324487
1.37207899776552,29.0017510629597,28,31.9775694821983,1.59870947758423,30.2192768851733
0.644024341649679,25.2031694654263,28,26.5344995823723,1.21019596176749,28.1688521003072
0.10583579933648,22.4573234319448,18,22.7441213328308,0.412756705284019,24.0647857346682
-0.545131632463823,18.9423469326576,21,17.8678645775068,-0.473598791710038,19.2997488340722
-0.648341784089424,18.3528777456582,19,17.042965687018,-0.22075873009504,20.7073033036126
0.204472440781241,22.9708244207731,25,23.4439556714689,0.219873719744225,23.0686661746876
0.323217508701128,23.5813687478574,22,24.279718785226,0.284436904389715,23.404586171191
-1.77113482973452,12.0114803148836,14,8.1694735600679,-1.83702078412922,11.4516793494954
1.59548180870534,30.1904858908955,33,33.6959181827926,1.41230035134783,29.2362252517919
-0.467873429067755,19.3757504799194,22,18.4762308608473,-0.982586210463945,16.3185890500684
0.325231488796462,23.5916535115878,23,24.2938518607601,0.0453478750073211,22.1468037056402
2.43081212280629,33.7522691107536,35,38.4880815817453,2.19513776214477,33.0190992048689
-0.532068048601032,19.0161028267368,20,17.9713122510802,-0.669729855920757,18.1693992559119
-0.400595739691581,19.7479754656047,18,18.9990812231497,-0.565431863542556,18.7749852711229
1.11666188687621,27.6414453929177,28,30.0033203235385,0.726587109024472,25.6609738258681
-0.53099581132469,19.022147951557,21,17.9797928298183,-0.72946231294081,17.8185710114731
-0.553357658917329,18.895803545539,20,17.8026073700987,-0.0712613376894815,21.5205840528446
0.252918942705414,23.2209305738021,21,23.7856282388792,-0.383939284732155,19.8045439239814
0.869368002846317,26.3507901653274,28,28.1555163613349,1.43533341377095,29.3580813003332
-0.342901363553954,20.0638175405261,20,19.4422282996556,-0.362471916788061,19.9243939044919
-1.77718787990281,11.9786421020407,9,8.12449613861954,-1.69296242061314,12.2662897468616
-0.957429224688127,16.5418205724929,16,14.5246216204321,-1.22199364605644,14.9226037515604
-0.912411466224227,16.806509501143,18,14.8925527044499,-1.08087658850562,15.740313814239
0.465462364575343,24.3031361886568,25,25.2768410702061,0.209529532530412,23.0145885899758
1.23204363178482,28.2536901025536,30,30.8898866659103,1.4072516517599,29.2095133556258
1.70618932748891,30.7651578829579,30,34.5127978619342,1.91685087869527,31.8206410795782
-0.958710318982161,16.5343002298413,15,14.5141607111337,-0.987647029917075,16.2886778416294
-0.666100864627657,18.2502989785541,18,16.8997953164328,-0.449356331339271,19.4369442390285
0.129755577766863,22.5823570243132,24,22.914431630597,0.290164262180991,23.4342549367173
-2.15382465151397,9.96907299550504,10,5.4447068599841,-1.46299630207506,13.5580856706174
0.462237847352431,24.2868574700534,24,25.2542320738522,0.538242769323678,24.7037699499823
1.00546881193506,27.0570114233122,25,29.1628649328318,0.998819374751889,27.0624539723678
-1.6540641480581,12.6464462563682,11,9.04649692784662,-1.33948546413179,14.2535280337581
-0.706929505699363,18.0133377851742,17,16.5694857237144,-0.424206366363325,19.5787106056101
0.131744050442834,22.5927370588408,24,22.9285711237035,0.21620343708975,23.0494868174837
0.580204823501768,24.8813997496492,21,26.0832840679537,0.595938651222344,24.9966652689586
0.915672630479601,26.5898710386035,28,28.495588031728,0.630650364325585,25.1729046135112
0.106288731002785,22.4596938682049,18,22.7473501550605,-0.211649490471083,20.7571978311221
-0.110142822020809,21.3162442018485,24,21.1836464912766,0.430109706049103,24.1534395685252
0.0665873440761011,22.2515113364414,22,22.463722329964,0.403651082128082,24.0182161600275
1.63829555748381,30.4145608843666,33,34.0158839839182,1.884212692217,31.6650729235897
-0.817174008466794,17.367485326038,18,15.6715282089174,-0.914857361176594,16.7198443649441
1.3984083639086,29.1426121239114,29,32.1823298619083,1.27483328337233,28.5095403300581
0.614781490795214,25.0556474025957,27,26.3274334952318,0.659655425374977,25.3202718092664
0.814673231538574,26.0699636014401,27,27.7571831329342,1.04253957755394,27.2901464984471
1.42903262576559,29.3063806643606,28,32.4201725453506,1.68351191521339,30.6604265197881
0.107380111284848,22.4654052024757,23,22.7551296630362,-0.127007960488927,21.2186702041121
-2.25462952301351,9.4610177030806,7,4.78853821145007,-2.11656180406408,9.88458980306481
0.0730960832746125,22.2856959813071,23,22.510307550347,-0.0648323449106031,21.5552998743496
-2.10403397189064,10.2267465646159,10,5.78070499590388,-1.82287935716431,11.5317792073049
0.26666574960126,23.2916412637144,22,23.882384819768,0.0645850815553818,22.2493698929226
-0.544275426117594,18.9471869635699,15,17.8746517063821,-1.06175673057662,15.8523099566836
-0.154935328078492,21.0772467775123,18,20.8539066518851,0.115319210222475,22.5187721694858
-0.0782202276654816,21.486102364312,19,21.4172364325419,-0.0693965398208648,21.5306559485786
-0.543554529674383,18.9512614550045,16,17.8803654771952,-0.412493240642696,19.6445448442943
0.533827533516108,24.6478011883134,22,25.7567658697105,0.494090235660608,24.4794034286926
-1.3972409706714,14.0432271000139,11,11.0120055261481,-1.66046759796454,12.4493898942945
1.22532980771446,28.2179341047122,30,30.8379750539511,1.37515783248818,29.0397190321992
0.281050923662105,23.3655152438671,27,23.9835555429164,0.206964308631226,23.0011669140004
-0.771994309974882,17.6329896111441,21,16.0403557855271,-0.52508079284399,19.0065612845871
-0.0594855770643747,21.5856084447485,20,21.5538039853948,-0.44967865113457,19.4351236783774
0.11700082120082,22.5157239899905,23,22.8236689889807,-0.479106870951797,19.2685007917316
-0.342285437591444,20.0671744935741,19,19.4469333075404,-0.493071432671546,19.189149883689
-0.0985826315336176,21.3777998179931,25,21.2683686534031,-0.601618094565634,18.5659904568195
0.261867686867093,23.2669738701472,26,23.8486224927951,0.299186049718922,23.4809477849414
0.88506116107798,26.4316787442111,28,28.2704711670838,1.26131867642881,28.4382373634584
-0.728536040305318,17.8873636014804,17,16.3941053656501,-0.508003707523281,19.1040950410607
0.926111660041309,26.6439411643041,28,28.5726276649398,1.54062358695055,29.9141582157672
1.0189820018044,27.1276989230677,31,29.264181773728,0.964184124079471,26.8825660607045
0.534734343373036,24.6523689979654,26,25.7631414231127,0.528744297757795,24.6555282681526
-1.56302221295814,13.1400796737393,12,9.73683582818511,-1.58074515187403,12.8975318528623
0.684966398731073,25.4100777141744,25,26.8254461981901,0.65036674404187,25.2730647011176
0.263720538617687,23.2765012215309,21,23.8616614615391,0.177819294612918,22.8483640879386
-0.941699338825183,16.6342199520961,17,14.6531146105763,-0.912557188598118,16.7334946010782
-0.494091088195933,19.2294196905856,15,18.2707162096809,-0.599111019988814,18.5805096889643
2.71782562257291,34.5095106881095,38,39.4037734009813,1.88829583440662,31.6846796354741
-0.00311121415685173,21.8842059830405,21,21.962551668143,0.071878329000926,22.2881964115794
0.663867709995269,25.303389742769,24,26.6753512467547,0.99427047261512,27.0388026607406
-0.21679737811601,20.7458025855798,22,20.3944797881568,-0.111465278839428,21.3030060477888
-0.507808384760439,19.1525566011914,16,18.1628022506364,-0.631796660592194,18.3907685597745
-0.277793526321321,20.4171575493541,20,19.9366099445854,-0.36695548185946,19.8993929143898
-1.29444908735712,14.6108637759273,14,11.815749961863,-1.14768626487004,15.3511693512545
-0.747395026162576,17.7771255677182,16,16.2407430169462,-1.09380489417858,15.6647382000682
-0.441519149600105,19.5221038720294,17,18.6818245206427,-0.541288271044531,18.9137344248325
-0.513860345435589,19.1185782791752,21,18.1151079799117,-0.375511712819166,19.8516380815997
-1.85605171238846,11.5510769549116,11,7.54244401581824,-1.73700576236603,12.0176787757338
-0.719388650854502,17.940740879287,22,16.4683995370701,-0.83344592391746,17.2031953732625
0.172074009707957,22.8027793464471,24,23.2147714679236,0.06702860129306,22.2623818990348
0.986419826990282,26.9575351875455,30,29.0204417694426,1.18674079720865,28.045456063945
0.862932299974859,26.3176589299429,28,28.1084611133606,0.27919255667106,23.3774012770882
0.380206606998535,23.8715838051267,23,24.6793426040277,0.0460302430417321,22.1504456465432
-0.804064043626284,17.4446109049704,14,15.7786381237404,-0.706625295207387,17.952994597988
0.286457587343921,23.3932492780601,22,24.021561161085,-0.103601006659815,21.3456313270586
1.09722411292793,27.538842828639,27,29.8553196077622,1.04903094293347,27.3240096227155
-0.89777162589095,16.8927177449167,17,15.0123020534045,-0.576716957998885,18.7099404000056
1.56456912613645,30.0275799428372,31,33.4622828033436,1.47184499976095,29.551161782228
1.59961289980874,30.2121905598294,32,33.7269845994738,2.11729562982003,32.7090933451046
-1.89867539088255,11.3205193105378,10,7.23134270372016,-1.8131225883821,11.5870374242254
0.821368090789553,26.104248585478,27,27.8057528174497,1.15416431415094,27.8743027120514
0.615210392841787,25.0578098804511,28,26.3304664618376,0.387405676370911,23.9350386221595
0.214613090019619,23.0232930532569,25,23.515569534816,0.254054737497482,23.24684977778
0.135858779769912,22.6142093742016,24,22.9578210704893,0.606491048218818,25.0502332718302
-0.160009737836043,21.0501212546117,24,20.816400459196,-0.222828483671349,20.6959599886343
-0.504425033110361,19.1715342819018,16,18.1894435450267,-0.807722266924243,17.3557953603607
-0.0251998815769404,21.7673604435917,21,21.8027771162518,-0.323428056328813,20.1414614091491
0.371875681724746,23.8292586803134,23,24.6209533393611,0.34731723841299,23.7292267026632
-0.25456405953138,20.5425590113041,21,20.1115722569647,-0.862682325249734,17.029620252234
-1.56412851291344,13.1340782466062,12,9.72840598801294,-1.4520312592874,13.6196376175102
-0.150871228591715,21.0989640785641,18,20.8839228526625,0.282330257349984,23.3936681378544
0.0797960813309405,22.3208631529688,22,22.5582254313209,-0.520140009877498,19.0348088204275
0.0794562476697286,22.3190799648449,22,22.5557958427346,0.729844262134843,25.6775831537706
0.480837161687759,24.3807200726134,25,25.3846687793526,0.467542154105609,24.3442983135115
-0.379369337152274,19.8645102869537,18,19.162679832299,-0.890419439826859,16.8649113826327
-1.28491205530712,14.663974466677,14,11.8908758745757,-1.3881470562872,13.9788545105843
-1.37975912843797,14.1392101586998,12,11.1479457590953,-1.29556560851459,14.5025380566911
-0.925246580942558,16.7309713948297,17,14.7875957217963,-1.11994807402186,15.5123055625316
-0.800159858749924,17.4675676638302,19,15.8105237719852,-0.956890466971584,16.4706345686085
0.506280625616921,24.5090077036022,21,25.5632283090127,0.739275725052964,25.7256952239787
0.349332144345522,23.7145602623614,23,24.4629093535904,-0.0825577432931196,21.4595331121162
1.18567161968242,28.0070267328174,30,30.5320718574402,1.45899297709952,29.4832154416381
-1.17377309567661,15.2895073442946,15,12.7734688991854,-1.55535862947017,13.0399931532125
-1.03137326205479,16.1093492764148,13,13.922156045441,-1.00311166058605,16.1973555461394
-0.596326857747769,18.6514297715253,20,17.4603088700139,-0.64648415508341,18.3051991301087
-0.213376550279784,20.764176128234,21,20.4200121769231,0.7518368105324,25.7898149325064
0.798165434640133,25.9855287646763,26,27.6376387576145,1.11880053700157,27.688830644826
-2.51788359259941,8.24356946260258,9,3.25578009924978,-2.36719376796115,8.57657713706992
-2.86458364625638,6.91144787011158,5,1.66992597756446,-2.78199845788205,6.81936166156001
1.75308107610875,31.0030295662415,31,34.8470267414054,1.59083919083686,30.1780452825536
1.93566790244106,31.8831479090025,34,36.0596867704739,2.3572136379276,33.5989436566909
1.65756211501618,30.5147015574076,33,34.1583046666686,1.42962163453937,29.3278653224999
0.185133923120967,22.8705940205337,25,23.3072296703407,0.15086606432717,22.7065446047648
0.469830499426329,24.3251841970733,25,25.307471466081,0.375740581753231,23.875235332494
0.410493720274438,24.0252003487859,24,24.8915801651005,0.00128452943406508,21.9110553794336
-0.731615272447151,17.8693814532839,16,16.3690820505674,-0.767966158346635,17.5912353734588
-1.01842908157377,16.1847862284718,14,14.0273918581623,-1.04760932728779,15.9353458925813
-0.478881290093598,19.3144024988972,16,18.390061655685,-0.743572174105147,17.7353564322466
-0.245089714723976,20.5936166277903,21,20.1827222422173,-0.301379832369698,20.2635527153229
-0.659203758827074,18.2901747721108,18,16.9554369563534,-0.153472751466059,21.0747857748043
-0.305448799874195,20.2674296406049,20,19.7273437530807,0.493026708019558,24.4739944434507
0.326879636176659,23.6000684434672,23,24.3054169920568,0.29511821118966,23.4599006951765
0.888718992824219,26.4505529985336,28,28.2973091017379,0.889029341093345,26.4938111778064
0.626281261938961,25.1136395219053,28,26.408794368796,0.435383085577195,24.1803569609277
-1.1671234005231,15.3273387906584,15,12.8266869715424,-1.11431687079534,15.5450939028984
0.420058016278911,24.0736334024652,24,24.9585990645238,0.076951664012806,22.3151856896255
0.919689173057538,26.6106677220004,24,28.5252135249875,0.0808470179811994,22.3358975110771
-0.3864884581207,19.82547076825,18,19.1078833826001,-0.353462352962667,19.9745852193243
0.516198808350965,24.5589888950245,26,25.6328818506388,0.323769221948477,23.6079269737424
-0.682965182294862,18.1526052293921,21,16.7635470310622,-0.257582497268904,20.5051172033528
-1.71970238146734,12.2904991055392,9,8.55317789293729,-1.60090613846197,12.7843260930262
-0.762030742615155,17.6914126650989,20,16.1215627425742,-0.736777973061385,17.7754404899418
0.560054460421587,24.7799012233791,27,25.9412960106076,0.432071839268539,24.1634562954309
0.326145810222494,23.5963219364032,22,24.3002677782048,0.767469641071609,25.8696862552039
1.11153747663799,27.6143793621541,27,29.964260570135,0.94952574548008,26.8065697021022
0.670520866739811,25.3370170108272,29,26.7226432236133,0.862576004919938,26.357505647709
-0.641379533815766,18.393005760307,18,17.0990038567389,-0.799379135355252,17.4052515148909
1.53667022714552,29.8799060433441,31,33.2498374601583,1.61215165605762,30.2896030990694
-0.14924331314801,21.1076612888199,23,20.8959405410102,-0.347283443603559,20.008971281777
1.16341275027565,27.8888988923695,29,30.3609939475401,1.28435642771748,28.5598045245975
2.84298578424142,34.788797379255,39,39.7277794427416,3.09969231984046,35.4151107673859
0.565913994681613,24.8094142924197,27,25.9825644134339,0.61274529903384,25.08198519568
0.0979587949217637,22.4160814462772,23,22.6879434766467,0.0586938753240658,22.2179836636219
0.610729956573265,25.0352215195305,28,26.298788857129,0.628371791054687,25.1613325587271
-0.256527362206903,20.5319724567587,21,20.096813216326,-0.0193090973692038,21.8004994981944
-0.172931359262492,20.980999929338,18,20.7207511840164,0.169445428073919,22.8043554869032
-0.41477939096846,19.6698746324027,24,18.8893985794236,-0.472833697387539,19.3040870640058
-1.56657983452025,13.1207809030263,12,9.7097308922751,-1.12312837550471,15.4937990664357
0.645562658448614,25.2109351210798,23,26.5454084995065,0.320455327755509,23.5908308706805
-0.176172495742872,20.9636511601002,18,20.6967270656852,0.348277509494793,23.7341665919465
-0.692317861139514,18.098312531292,17,16.6878704063902,-1.06212159026438,15.8501703056091
0.000415961514910091,21.9028454877914,21,21.9880209629759,-0.301680020631811,20.261892685849
0.397554823299332,23.9596214059459,24,24.8009148709661,0.110957085464136,22.4956729794325
-1.42576166702339,13.8870367914123,16,10.7908600717603,-0.924682991017614,16.6615469234619
1.11739078006457,27.6452962097267,28,30.0088785764298,1.27282156484882,28.4989243519068
1.08235521412886,27.4604761753911,27,29.7424047062798,1.09016309471341,27.5389029199924
-0.0673063091011775,21.5440861401833,20,21.4968400621725,-0.0530101516514846,21.6190823111622
-0.918808349031384,16.7688563383134,18,14.840239031459,-0.846749538833792,17.1242241897514
0.13346272842841,22.6017069631897,24,22.9407899455641,0.478743758371205,24.4013266026525
0.426952469787032,24.1085255475171,24,25.0069115334686,0.763413465512494,25.8489545966564
0.16768303388816,22.7799562745767,24,23.1836620785974,-0.216283800933753,20.7318199140748
0.926468446821554,26.6457902933258,29,28.5752631946294,0.618596261030836,25.1116923005145
-0.398598560593522,19.7589575889371,17,19.0145019946189,-0.559778833665125,18.8075224444109
-0.499438322616917,19.1994820912966,16,18.2286808901594,-1.18739155121433,15.1216094396931
0.913903695672686,26.5807148809134,29,28.482547104631,0.846799782005063,26.276347566771
0.38434470589244,23.8925955710125,24,24.708343175748,-0.437074860771432,19.5062436504956
-0.276415480283383,20.4246057134813,20,19.9470098495749,-0.309609931418668,20.2180183084012
0.772818273772334,25.8561590101392,26,27.4546635523162,0.931574882814175,26.7136162705481
0.271541920276403,23.3166961850742,21,23.9166875456249,0.803511641896343,26.0541548660409
-0.200354377171525,20.8340682347232,22,20.5170686637246,-0.422682034552894,19.5872849604282
0.623813137511193,25.101190932604,23,26.3913251822416,0.767912984261374,25.871952580124
-1.69923412266324,12.4015160114649,10,8.7065953296528,-1.94648868005794,10.8323939032972
0.118808814878355,22.5251746785679,23,22.8365417834827,0.392128699317706,23.9592334169324
-0.630460976901744,18.455835170383,18,17.1867795158864,-0.592975900907342,18.6160154540737
-0.980304486323311,16.407665211461,16,14.3379359713925,-0.932514897446088,16.6150947628976
1.58155043110943,30.1171726083784,31,33.5908734805168,1.87334830843746,31.6127091758086
-0.240577289426653,20.6179170792834,21,20.2165671359439,-0.795015226130762,17.431110843715
-1.41605622290498,13.9401352756169,11,10.8660276958925,-1.00197281599334,16.204076445472
0.680411915767806,25.3870352493909,29,26.793015531309,0.837415602182292,26.2281185347222
-0.76273675418821,17.687274690671,16,16.1158103267398,-0.884472070130844,16.9002259555589
0.608282568077948,25.0228842443127,27,26.2814905417901,0.586449340946615,24.9484972516921
0.777311538439872,25.8790684243983,31,27.4870492591267,1.37932520016625,29.0617646466811
-0.685526851713808,18.1377424802266,17,16.7428274159128,-0.72653906120972,17.8357964490968
-0.38062905884144,19.8576055323283,18,19.1529890026774,-0.183305560294096,20.9121541034699
0.135950017673835,22.6146853830183,23,22.9584695104545,0.66052141555679,25.3246737104719
-0.702034778024945,18.0418236133229,17,16.6091636838582,-1.0255775162553,16.0649222404743
0.423825581706776,24.0927027934094,24,24.9849998009103,0.874454535150612,26.4186775602057
0.287772050154966,23.3999893715851,22,24.0307995304778,0.770607400803388,25.8857276051355
0.490667237057999,24.4302976070154,25,25.4536358659268,0.469671672546807,24.355142596992
0.656573732368211,25.2665385182926,29,26.6235432947246,0.736410242340816,25.7110748882057
0.90032727173372,26.5105023973789,28,28.3825909680583,0.541579329825412,24.7207134742868
0.424058760950423,24.0938828527468,24,24.9866337934796,0.419931878653273,24.1014574145483
0.585267266618855,24.9069033915734,23,26.1189885215401,0.074482748553147,22.3020534620407
0.46226633667293,24.2870013078851,25,25.2544318219259,0.246598962112297,23.2080494136961
0.202806356180127,22.9621980255929,25,23.4321844257106,0.0578277081124538,22.2133672646984
-1.23852858078307,14.9235172091628,16,12.2576306878941,-1.14658830233139,15.357535721971
-0.775341113165001,17.6133529765939,16,16.0130658549595,-0.900178705726753,16.8069692640033
1.94798422080468,31.9393263173145,35,36.1356920190102,1.73572593546713,30.9282344981236
0.0658817126622157,22.2478040275134,23,22.4586697825688,-0.294860345830304,20.299590222696
0.0131374659606606,21.9700289058747,22,22.0797832406133,-0.291789260381455,20.316556279639
-1.99793666818776,10.7870723737068,10,6.51878600792816,-1.73459330175807,12.0313088743919
-0.903639944213276,16.8581562959462,18,14.9642975276613,-0.712106945370987,17.9207595255885
0.185044327812018,22.870129133625,25,23.3065957223688,-0.32113696825868,20.1541640954912
-0.39203889479834,19.7950022164428,18,19.0651102187428,-0.137988535020126,21.1590143854707
1.80373049587278,31.2551803125421,32,35.1984741309879,1.6811499795708,30.6482328882597
0.717424213949313,25.574508896064,25,27.0570781198797,0.617896277701572,25.1081381240391
1.74638247966067,30.9692934666101,31,34.7997785454872,2.20519924697311,33.0576634059272
-0.283797005686875,20.3846958346544,21,19.8912720684988,0.220163017499287,23.0701775387865
-0.0598943787450888,21.5834385896969,25,21.5508280057228,-0.0254651955894508,21.7674057767938
-1.35772010373684,14.2605114318591,12,11.3197541777081,-1.33510182649747,14.2783304356122
-0.337270322625399,20.0944972332701,19,19.4852231601334,-0.612014869779484,18.5057179113193
1.07556410161273,27.4247188681446,26,29.6909206999382,1.66877139679334,30.5842280633542
0.377109808956372,23.8558543119868,23,24.6576387316499,0.552539794836473,24.7763647390066
0.132340983405052,22.5958526816954,25,22.9328152113447,-0.100566528431656,21.3620701296238
0.537663807214122,24.6671250723073,27,25.7837399092045,0.484379012979627,24.430003330644
0.323854858955572,23.584623734239,22,24.2841914868654,0.0849642386734144,22.3577787585826
0.0284700096301977,22.0509080002197,22,22.1901793026838,0.0225742838899187,22.0250995046146
0.42283897061242,24.0877095957392,24,24.9780861958121,0.782690655191365,25.9475333738792
-0.386095574698509,19.8276264149867,18,19.1109093541383,-0.262915528152927,20.4757680845783
0.219971992654811,23.0509954393018,20,23.5533927737011,0.467670415770978,24.34495150609
1.4924014939623,29.644600151828,31,32.9102114269057,1.50349689713754,29.7183717498069
-0.736547322912237,17.8405649192297,16,16.3289875528541,-1.2348980344342,14.8486317745111
-1.64681889484201,12.6857261566658,12,9.10118185562147,-1.66745059325382,12.4100657503385
-0.317543390284756,20.2017879397263,20,19.6354884321641,0.17723129188321,22.8452753948224
0.696562387517857,25.4687777806509,24,26.9080948040652,0.289187036071035,23.4291941874907
0.680682144110068,25.3884022191966,23,26.7949392453421,1.11980134880463,27.6940746928479
0.0133111933593241,21.9709458946827,21,22.081035312266,-0.223161783920755,20.6941331036125
1.57454401847479,30.0802362427292,27,33.537888063009,1.33528052164636,28.8288327552682
-0.327882021213364,20.1455940784375,19,19.5568053171036,-0.669865516084503,18.1686054520059
0.753054850117565,25.7555103056813,25,27.3124649608889,0.367265688036249,23.8317446595731
0.612936557768267,25.0463458036668,23,26.3143884232412,0.599406288821451,25.014267762828
0.11189589832001,22.4890301329887,23,22.7873093297629,-0.0409863384730927,21.6838773998936
0.804437425594793,26.0175919159776,26,27.6830227343255,1.14314757586264,27.816485765154
0.990612429611058,26.9794123428742,31,29.0517483314783,0.799429941755157,26.033240564947
-0.41560208498684,19.6653386835405,22,18.8830276887855,-0.595891364076571,18.5991471602761
0.109037397545807,22.4740767806731,23,22.7669413161557,-0.26859927405562,20.4444694667493
1.0200306224873,27.1331883634109,25,29.2720537172148,1.06655514437523,27.4154971933394
0.0395277302554428,22.1091721398603,22,22.2696639102424,0.565346041505779,24.8413768129212
-0.35703091946509,19.9867255581009,18,19.3341443430945,-0.380182772488937,19.8255428111372
-0.0472851278203931,21.6503368955314,21,21.6425393959079,-0.266014486502394,20.4587055863915
-0.756841358230629,17.721818932844,16,16.1638355746685,-0.793067182559618,17.4426523077902
-0.914568005459671,16.7938145400619,16,14.8749156753017,-0.631096363810659,18.394843822346
1.02046835553917,27.1354800326174,26,29.2753401731026,1.26552055989943,28.4604027649147
-0.857962412659361,17.1272669868144,19,15.3379936423133,-0.570783646229001,18.7441538537778
-0.662612572056363,18.2704724581854,18,16.927942735751,-0.836388911441786,17.1857278940987
-0.200062286666147,20.8356350221004,22,20.5192431643673,-0.609689146973834,18.5192092546026
0.132302310038244,22.5956508365262,23,22.932540258115,0.0712219528382239,22.28470344452
0.531164949579746,24.6343888505369,26,25.7380477010228,0.322746390967444,23.6026509642577
-0.122173332879485,21.2521301680358,18,21.0953151797818,0.140488240304619,22.6518106914589
0.478746034513944,24.3701710319508,25,25.3700003743856,0.573753216611827,24.8840525634088
-0.394184280342708,19.7832178877081,18,19.0485653146297,-0.596227922645227,18.5971993897309
0.445851039175298,24.2040861220231,25,25.1393578983623,0.216531662547252,23.0512023544426
-0.726076039187768,17.9017245288004,17,16.4140914761654,-1.17307072956382,15.2042572656907
-0.362053384641416,19.9592837507952,19,19.2956558553182,-0.601624187230268,18.5659551652726
0.430019023520111,24.1240396603161,25,25.0284009721941,0.332862390613951,23.6548049171363
-0.466119832750676,19.3855114404162,17,18.4899419565317,-0.573845765040817,18.7265008320609
1.33775720079836,28.8181419384586,33,31.7105219305971,1.42992162144722,29.3294523336077
0.539809796243369,24.6779344191657,26,25.7988315277658,0.300781622583475,23.4892005199398
-0.074183382406304,21.5075547007548,19,21.4466952879149,-0.390069758748555,19.7702498279457
-1.55282087096177,13.1954271834651,13,9.8146163359904,-1.5109875502582,13.2888627167163
-0.212659745407047,20.7680254281771,16,20.4253603419235,-0.373057512281222,19.8653416555455
-1.61923865153044,12.8352449179724,12,9.30975364643112,-1.39942945415574,13.9153189912897
-0.963828369754774,16.5042640619149,16,14.472375274783,-1.20567105855359,15.0163588448746
-0.36018441108992,19.9694978959347,19,19.3099825441652,-0.476355441628483,19.2841135617164
2.01810903960639,32.250318731013,36,36.5532056414032,2.09325389981248,32.6092132117073
-1.12561188117945,15.5645494630579,13,13.1599052587679,-1.18798133198185,15.1182093220396
-1.69108630006579,12.4457033711911,14,8.76777360551757,-1.24837640671293,14.7715072705213
1.23461037034432,28.2673634682389,30,30.9097414796418,1.06125048346499,27.3877927856424
-1.25807803850913,14.8138702697329,14,12.1027733234358,-1.29073869116698,14.5299790480645
-0.307297155726875,20.2574045076288,20,19.713319288997,0.0373233469253319,22.1039544740871
-0.228789623292605,20.6813457262031,22,20.3048513176998,-0.103856058178637,21.344249412253
1.50856370361217,29.7306278722005,31,33.0345231125229,1.99300349897555,32.172533602433
-0.12131718232236,21.2566946727021,23,21.1016068003335,-0.335632910306847,20.0737292549989
-0.341940575188926,20.069053952619,19,19.4495674459762,-0.424478306754541,19.577180728732
2.30389289682553,33.3492495522627,34,37.9827977935141,2.25862175965562,33.2566595607029
-1.89169193538278,11.3582519060669,10,7.28212534766185,-1.95253385687489,10.798300411043
1.17290342165857,27.9392427202838,28,30.4338795062123,1.12892643067909,27.7419016539391
-0.588272110086907,18.6973975283439,20,17.5246514784077,-0.12942068970909,21.2055674925009
-1.02494800117529,16.1467787018198,15,13.9743793046079,-1.36789220701901,14.0930484980229
-0.619076069896164,18.5212135583658,19,17.2781619934501,-0.774329578824262,17.5535925621078
-0.20151883846319,20.8278216174492,22,20.5083986149158,0.164463663861868,22.77815166592
-1.41121796816275,13.9666249762812,16,10.9035328131309,-1.31235339578575,14.4072179551516
-1.04749576189116,16.0155762176684,19,13.7912426456102,-1.32748579169797,14.3214473132876
-0.293509548382109,20.3321305326023,20,19.8178179985938,0.217635427962924,23.0569708773748
0.501371528945107,24.4842641656017,26,25.5287635343874,0.203920223427296,22.9852340072
0.415024890692552,24.0481502612578,24,24.9233307623381,0.858384350488018,26.3359328371233
-0.654664077316303,18.3163954193954,18,16.992033871443,-0.349927953382252,19.994257950224
-2.26108834303703,9.42916728253424,9,4.74769071215638,-1.80085290675048,11.6565158924315
-1.25440542744208,14.8344398472467,15,12.1318341320528,-0.944817908675997,16.5421579869214
-0.927730762409378,16.7163569667408,17,14.7672859442042,-1.22138861895213,14.9260751690329
0.352314185975711,23.7297468987887,23,24.4838195974224,-0.0895633043142029,21.4216389406502
-2.44774722898142,8.55092678412537,6,3.63658129072586,-2.6093901042189,7.48137855228739
0.149823456750036,22.687011572963,24,23.057003778684,0.00632982580408109,21.9381049651329
1.56855025796956,30.0486055571966,32,33.4924815588189,1.70354679401434,30.7635970360178
-1.12936991158777,15.5430014956658,13,13.1296698764144,-0.995624960383067,16.2415509469087
-0.598243146798443,18.640482998368,20,17.4449895462509,-0.389758712639299,19.7719905757742
-0.969803099311512,16.4692173057226,16,14.4236094825551,-0.961814218911158,16.4414790558414
-0.306901381735126,20.2595513075399,20,19.7163226415008,-0.865854284249919,17.0107842847858
2.46292541770903,33.8468490767008,36,38.6050172918753,1.88441327618552,31.6660370424388
-0.61127538080136,18.5659286286117,14,17.340689106975,-0.71824257029448,17.8846549787797
-0.291812445228338,20.3413197988186,20,19.8306623018495,-0.309491368966255,20.2186746054169
0.76174657293963,25.7997512185112,26,27.3749529238372,1.09068293606504,27.5416222600248
-0.447451408307389,19.4892232786426,17,18.6356334394171,-0.330363904319514,20.1029834208118
0.352368680179852,23.730024379493,23,24.4842017001204,0.706199810116783,25.557080184553
0.018584325748271,21.9987729217077,21,22.1190259992953,-0.0712658373244563,21.520559747848
-0.333589283203705,20.1145395871389,18,19.5133046287894,-0.38057346496046,19.8233593759732
0.245888734081334,23.1847248507803,20,23.736115626536,-0.0983807439097735,21.3739083603503
-0.394719834013995,19.7802755065433,18,19.0444341594231,-0.304076864720631,20.2486360338251
1.38564726759384,29.0743437877713,28,32.0831097991411,0.917915114966144,26.6429673016401
0.922466270196625,26.6250523074898,28,28.5457090426634,0.49869066319418,24.5027977942132
-1.9238043891748,11.1849174234264,10,7.04926323473286,-1.81036228227931,11.6026692733944
0.115734052659274,22.5091013188425,23,22.8146482573346,0.454619853819456,24.2784638067794
-0.515660773542936,19.1084619395231,16,18.1009093705115,-0.774716793286722,17.5513014173453
2.57597354205965,34.1586503131328,37,38.9856171324434,2.81231290145246,34.8323837135684
0.835079269297834,26.1745415097711,27,27.9053852236055,0.584081968079178,24.9364806374552
1.40420349811825,29.1736108507121,29,32.2273702442139,1.28999361543497,28.5895656900222
0.774163546623898,25.8630169784545,32,27.4643575280861,1.24386940787868,28.3462279611307
0.540065407621791,24.6792219202143,26,25.8006292303763,0.847568889273625,26.280301839921
-1.75508791075146,12.0985380638482,9,8.28890034514988,-1.826471123834,11.5114354512257
-1.45172923926192,13.7452060400593,15,10.5901762712062,-1.43634430327825,13.7077379659183
-0.360384631819278,19.9684038056487,19,19.3084479852904,-0.486107824824551,19.2287422866026
-0.413497578867092,19.6769406470795,18,18.8993228916051,-0.520106578636353,19.0349998740777
-0.347885057258937,20.0366442302288,19,19.4041382809702,-0.708922445984502,17.9394885817477
0.25039238788145,23.2079221857916,21,23.7678365897239,0.374853670049529,23.8706856658299
-1.07859287112497,15.8353388719389,14,13.5392935582511,-1.35991920756381,14.1380499603435
0.368262292552436,23.8108908477247,23,24.5956258105771,0.199108439887529,22.9600361387815
-0.470613684453749,19.3604909396231,22,18.4547964127185,-0.782744442068312,17.5037876439076
0.477006870562246,24.3613968087065,25,25.3578015469521,0.73688098565648,25.7134765539159
0.883983371380647,26.4261188679509,28,28.2625664690552,0.842774751736164,26.2556571284488
-0.253858831854847,20.5463612234125,21,20.1168725039839,-0.212065948187391,20.7549177618921
0.120091994137864,22.5318809933909,23,22.8456764900245,-0.426770841562938,19.564280847483
-0.167024214649014,21.0126075380855,18,20.7645029439406,-0.0956048109065613,21.3889393279446
-0.558179969870814,18.8684826765685,20,17.764310337373,-1.2213993093424,14.9260138290882
1.95998363868701,31.9936223592591,35,36.2089821902877,1.96632170837425,32.0511018264168
0.0787793757049287,22.3155280832061,23,22.5509563728568,0.535073340920869,24.6876740008209
0.588460773050808,24.9229928256072,28,26.1415187754236,1.6222527852807,30.3423638572211
1.69375740397627,30.7014649363829,30,34.4228888002328,1.46991196403232,29.5409437312958
-0.369970033339115,19.9159860941806,19,19.2349145799537,-0.286621774230503,20.3450897088394
-0.771550699907439,17.6355919532044,15,16.0439725481467,-0.679858501952353,18.1100927202698
0.134875161303897,22.6090773176301,28,22.9508299963559,0.0597118707641895,22.2234086800487
0.871593364661865,26.3622519266139,28,28.1717990587314,1.09334222904423,27.5555345855138
-2.33903561536629,9.05218867225052,12,4.2669930647116,-2.48679149979099,8.01193184705941
-0.432554438072548,19.5717244079363,17,18.7515309135933,-0.509663201114487,19.0946293305017
-1.85634464156166,11.5494906510985,7,7.54029695639452,-1.83857352460809,11.4428840100955
0.316114507717476,23.545078222188,23,24.2298655571655,0.932069811584876,26.7161774381579
-0.173112362007186,20.9800311974153,22,20.7194098901692,-0.106052676245123,21.3323463700622
0.0692481554720354,22.2654887470822,23,22.4827708738054,0.109085744317495,22.4857597283802
-0.697830116226562,18.0662772739407,17,16.6432314462694,-0.541000456892628,18.915385062674
-1.19313967348022,15.1795916573696,11,12.6187354284288,-1.17862575990399,15.172178285586
0.574083935924706,24.8505663721089,27,26.0401324279843,0.736729568541067,25.7127040378791
1.61113539661667,30.2726397984055,33,33.8134263235434,1.27190450314029,28.4940852008778
0.976584088174826,26.9062503049377,30,28.9470865555523,0.543407681867824,24.7299976131264
1.1530396616639,27.8339150218781,28,30.2814343643243,0.614450575784218,25.0906431185435
-0.952144915381541,16.5728489977821,17,14.5677778249452,-0.862218127831599,17.0323767526607
-1.14091466983666,15.4768962611193,17,13.0368709104493,-1.14267245636692,15.3802491938639
-0.476925377302599,19.3253125682826,21,18.4053851185135,-0.140861776820085,21.14339429895
-0.6815152562431,18.161015007185,17,16.7752717962801,-0.53086929260361,18.9734372477338
0.29564717214742,23.4403491913512,22,24.0861358423653,0.466772295102982,24.3403775844507
-1.44515601414295,13.7810772294229,16,10.6409169569301,-2.06884102904581,10.1474563557918
-1.80567665533012,11.8241095267527,12,7.91336050337589,-1.87046522031186,11.2622525005188
0.755936288452955,25.7701728700518,30,27.3331721998513,0.355392380265815,23.7707516849369
-0.736066300090911,17.843376156599,16,16.332898731062,-0.0345239677572186,21.7186708465898
0.464482421742052,24.2981893072552,25,25.26996993066,0.455025883224449,24.2805331819047
0.57183332934229,24.8392297303987,26,26.0242706551512,1.08950506813659,27.5354608400466
-0.3122006620853,20.2307974222239,20,19.6760904942445,-0.0119278401145544,21.84015222498
1.31802613530153,28.7126315836283,32,31.5570379343456,1.20106174631065,28.1207818529786
-1.35061641267591,14.2996852103831,12,11.3752361149423,-1.21634040808496,14.9550512219088
-0.783301046825486,17.5666270145485,15,15.9481372745716,-0.506841963858795,19.1107200272761
0.00577476390159221,21.9311542401423,22,22.0266934974912,-0.646489670585178,18.3051669620509
0.366325209640265,23.8010415776425,28,24.5820474806335,0.314526162449408,23.5602265634469
1.72183044712281,30.8449329561264,30,34.6251657909483,1.81350109087779,31.3195225590629
-0.538813252514434,18.9780442750984,20,17.9179271338378,-0.249079758710064,20.5518741264017
1.42158945255294,29.2665885734247,28,32.3624085951144,1.05208906684075,27.3399676642721
-0.0937275725311016,21.4036369008212,20,21.3039053852317,-0.031895865256906,21.7328142011968
0.215702465564329,23.0289258910237,25,23.5232595603859,0.163552657316702,22.7733580219468
-0.1470147410642,21.1195658081623,18,20.9123872543633,0.0112039823029964,21.9642234312451
0.842110639936959,26.2106296215658,27,27.9565637887091,1.15829616160206,27.8959955679892
0.144743292034045,22.660539891562,24,23.0209376844215,-0.124426950420095,21.2326835015532
-0.651873120972205,18.3325054059053,17,17.0145227307986,-0.559142086822735,18.8111854541945
-0.934351061969426,16.6774198938169,16,14.7131684578275,-1.15361279235412,15.3168223261298
-1.20144016437855,15.1326023776422,12,12.552536155154,-0.55730348488172,18.8217601869916
-0.266250590123654,20.4795102641314,22,20.0236422832983,-0.087468247505583,21.4329740636973
-0.85638672890716,17.1365510870599,19,15.3508836550061,-0.344786514536443,20.022858669806
0.974045116399531,26.8930205411187,30,28.9281711518712,1.42893122015291,29.324212828031
-1.34226194704179,14.3458059774252,13,11.4405526570847,-1.90141724167002,11.0870524517245
0.739491052862352,25.6865408642428,25,27.2151006703008,0.973398606384574,26.9303803644473
-1.17996556024606,15.2543189479082,12,12.7239507560332,-1.47524087688503,13.4893738648672
-1.01460403435848,16.2071023929786,16,14.0585103006645,-1.04485601489726,15.9515218267524
0.16013009620364,22.7406718596748,24,23.1301224231856,0.412761594834766,24.0648107320723
-0.449999218823361,19.4750904653451,17,18.6157794952438,-0.411863120519222,19.6480830987032
0.827915330687587,26.1378012963054,27,27.8533012370051,0.438102388003362,24.1942332770051
-0.252866652753302,20.5517100538471,21,20.1243282426092,-0.18331073331467,20.9121258622966
0.115818211364594,22.5095413278822,23,22.8152475928053,-0.0463208665073708,21.6551395808521
-0.644497261876945,18.375042408025,18,17.0739161339729,-0.322823580131099,20.1448132243937
0.44804455105441,24.2151702475825,25,25.1547327762336,0.434353081090744,24.1751002393991
0.32403067874196,23.5855216175915,27,24.2854253114683,0.584136623018175,24.936758061521
-0.185339197560154,20.9145602218867,23,20.6287101906337,-0.287299320943217,20.3413494840266
-1.4415353686552,13.8008442767924,11,10.6688827242677,-1.70388000794401,12.204709642944
-1.03939644504884,16.0626574848811,14,13.8569851807739,-1.13357938370513,15.4330408727139
0.286498305538402,23.3934580814456,22,24.0218473474146,0.314184600229683,23.5584628978036
-0.856661686470281,17.134931018692,13,15.3486343605071,-0.806781356969488,17.3613739170412
0.354831589311001,23.7425637847529,23,24.5014706385195,0.531153913620727,24.6677675120808
0.0490705944411416,22.1594091627416,22,22.3381725938016,0.016238217472637,21.9911855832166
0.840259488683674,26.2011260118776,27,27.9430843487248,1.08582218398676,27.5161984812723
-1.68011768567823,12.5051836827075,10,8.85022606537322,-1.70616871276728,12.1917963705295
0.282346159837342,23.3721608476673,22,23.992661208358,0.504677528602551,24.5332358058768
0.890178633487317,26.4580868372313,28,28.3080233015851,0.43986942096862,24.2032488084191
-1.15198913583922,15.4136134893825,12,12.9479744860287,-0.55947751168677,18.8092559060023
0.408018007683709,24.0126577517524,23,24.8742325239231,0.617768536582956,25.1074895210609
-0.236434057143916,20.6402197966905,21,20.2476190381755,-0.904442596511806,16.78165754257
-1.24633067249683,14.8797119279649,15,12.1957790150038,-1.69160132265362,12.2739647582281
1.10983075849183,27.6053674834154,28,29.9512581015694,1.47574696065322,29.5717857264524
0.428476295980076,24.1162352001909,25,25.0175899581338,0.821168700068052,26.1446998978065
-0.554120801001069,18.891481721765,14,17.7965488111357,-0.84979890534084,17.1061196856757
-0.923524287915679,16.7411047838614,17,14.8016774364847,-1.03283243969382,16.0222194781431
-0.198918278843806,20.8417711564103,21,20.5277588087403,-0.568230994332489,18.7588629921157
-1.00755069882453,16.2482810159127,15,14.1159161739566,-1.13235256398845,15.4401685666768
0.245895190966709,23.1847581175273,21,23.7361611112315,-0.257231746331112,20.5070468680893
-0.425216136885094,19.6122826557462,23,18.8085041928974,-0.884116328241433,16.9023383705494
-0.772920900902326,17.6275536298389,16,16.0328009295069,-0.771436214568641,17.570710498973
0.282430644863388,23.3725942896861,21,23.9932551276883,1.0424676890853,27.2897715618134
-1.0696791251637,15.8869136854453,12,13.6114338660535,-1.11993856514929,15.5123609077552
-0.200250825882302,20.8346236932685,22,20.5178395754432,-0.641018016558569,18.3370665691711
-0.613021619136226,18.5559246097826,19,17.3266981577694,-0.621313593605901,18.4517278026779
0.0770930880464799,22.3066782971355,23,22.5388982148697,-0.28661711204555,20.3451154442071
-0.731934348074414,17.8675177151581,16,16.3664886931815,-0.734013141410616,17.7917446824788
0.133925467806034,22.6041217517191,23,22.9440794065973,0.427254413299338,24.1388605952778
1.50339060210469,29.7031060803916,31,32.9947706722957,1.50313825563325,29.7164784036957
0.208925125821097,22.9938706466201,20,23.475407505734,0.0200943108830351,22.0118281355872
-0.82901001345054,17.2978113376682,15,15.5747806257269,-1.11933959324874,15.5158472955997
0.772507114121073,25.8545729000884,26,27.4524216201545,0.870724025150345,26.3994602046527
-0.906885952753432,16.8390417956464,18,14.9377461260043,-0.599105653608578,18.5805407610726
0.776887029462907,25.8769035859107,26,27.4839886526416,0.449765667753741,24.2537196869312
-0.613501227713747,18.5531763986488,19,17.3228548829882,-0.566105149445135,18.7711079993899
0.678948269060701,25.3796317065963,23,26.7825970891645,0.506805101413197,24.544050922608
-1.13891293504748,15.4883483415884,17,13.0529519849712,-0.922078168115674,16.676999811491
0.414028557705121,24.043104612663,24,24.9163492853002,-0.0589185513451225,21.5872147487301
0.794628744355736,25.9674579258478,26,27.6120664933681,1.26123776638866,28.4378105875092
0.378404297586175,23.8624299105201,23,24.6667112435501,0.406925899211575,24.0349689567459
0.956521869998242,26.801811623893,29,28.7978498759736,1.40115489479534,29.1772562964759
0.757517353591458,25.7782199868156,26,27.3445379635086,0.689625037357647,25.4726954262188
1.36997386832215,28.9904881215183,27,31.9611919352161,1.22505266261584,28.2470791940372
-1.23425406591142,14.9475427556305,15,12.2915447287186,-0.932190812196147,16.6170166452363
-0.284358656095552,20.381657757522,21,19.8870279769954,-0.643680340779056,18.3215484726662
-0.840783365191488,17.2284751228364,19,15.4785105094002,-1.1364015826798,15.4166488266293
-0.0308252604002355,21.7375714560594,21,21.7620096911519,-0.159726742560825,21.0407311619222
-0.551264195509662,18.9076558264752,20,17.8192233588794,-0.68237060804075,18.0953712625446
0.544523584198314,24.7016771291377,27,25.8319876054005,1.36863777580366,29.005229605601
0.106598372744526,22.4613143279936,24,22.7495574148315,0.00197575798749056,21.9147621374915
-0.199284218096741,20.8398084272381,22,20.5250350508597,-0.10842979822549,21.3194624429245
-1.84670898347481,11.6016810582535,8,7.61098470438858,-1.36450110879053,14.1121849490922
-0.0521636056916607,21.6244614393826,20,21.6070763332987,0.350931277180221,23.7478156460382
-0.0304473117130395,21.7395732653868,20,21.7647497039932,-0.176123078895575,20.9513518067233
0.167754656873426,22.7803286415412,19,23.1841696124708,-0.257879037643158,20.5034857205345
0.181342361880233,22.8509164216064,24,23.280397658528,-0.0509570742712169,21.63015151899
-0.605645965156785,18.5981562016932,20,17.3857677334032,-0.885071274811632,16.896667861632
-0.363964647430028,19.948835496476,18,19.2809997865481,-0.00221885034020305,21.8922641832149
-1.60519494606801,12.9113811369901,12,9.41620070400269,-1.77747726916777,11.7888301451782
0.566668896977421,24.8132166256032,27,25.9878823325194,0.270514030843943,23.3323761839816
-0.486440755814514,19.2721966731343,16,18.3307863979765,-0.440667046611137,19.4859884618659
-0.629037928641311,18.4640146678284,19,17.1982098358975,-0.965674638097155,16.4186265387615
-0.233474393036737,20.6561459385272,21,20.2697865991201,-0.124754588895972,21.2309048144999
-0.642414930169378,18.3870412506381,19,17.0906733970262,-0.395293703659682,19.7410024043246
-2.09972250669882,10.2492389327705,6,5.81013552177433,-2.42399658296902,8.30283789578874
-0.685159216254343,18.1398758603566,17,16.7458013446528,-1.41142240230563,13.847832988189
0.688087328632062,25.4258715052221,23,26.8476790080643,0.367956564545435,23.8352914091445
0.550686156243082,24.7327162630919,27,25.8753480775253,0.904509822431451,26.5737059295727
0.801456296583753,26.002349440987,26,27.6614459202474,1.32949181235126,28.7982332071764
-1.05452275043489,15.9747733362799,14,13.7342436792049,-2.09292132041929,10.014422834584
-0.161381474864528,21.0427867495539,18,20.8062562274905,-0.43502421766032,19.5178013890616
0.664376886412362,25.3059628199977,24,26.678969360996,0.341971188841711,23.7017158734182
-1.08353509146151,15.8067750866399,18,13.4993239546943,-1.47684381325992,13.4803802971997
0.0648921515306446,22.2426045734618,22,22.4515835083116,-0.273867991775458,20.4154381624859
-1.99704032672079,10.791857882108,13,6.52513450826764,-1.96213716878696,10.7441781685739
0.435410224217152,24.1513066835052,24,25.0661822657685,0.37791377939625,23.8863817079854
-1.77734276690581,11.9778018410761,13,8.12334576915478,-1.47693119330545,13.4798900443223
1.23767539584116,28.2836938408903,30,30.9334568677076,0.612612189240737,25.0813093883294
0.795122612370741,25.9699809678544,27,27.6156366129655,1.25370146368383,28.3980645173543
-1.37863680339103,14.1453791215854,12,11.1566833118536,-1.43633003476875,13.7078181257911
-0.706894422047463,18.0135420325403,17,16.5697701928338,-0.672082756317293,18.1556293992689
-0.517213519480674,19.0997343518213,16,18.0886604436686,-0.743298886797452,17.7369692607881
0.111106935911199,22.4849033612101,23,22.781688250413,0.571451348634205,24.8723682327841
-1.72887624487047,12.2407357775551,9,8.48454451602455,-1.77570156134017,11.7988777763778
-0.323705744757169,20.1683028595777,21,19.5886075040169,-0.357565900029127,19.9517325750146
0.495666771374871,24.4555055688233,26,25.4887211700421,0.316078567468581,23.5682415679269
1.96433336700657,32.01319654605,34,36.2353631223702,1.98583041179502,32.1400932934995
0.32305605396141,23.5805441535498,23,24.2785857365561,-0.0612671219563376,21.5745424326834
1.29192383452149,28.5731383076122,31,31.3541436492819,1.17314474773242,27.9739904118029
0.459716430648473,24.2741264101535,24,25.2365540884963,0.59529381878864,24.9933920058429
1.79820451463234,31.2279353424154,32,35.1606478976109,2.1723415891786,32.9304473632076
-2.0346987533608,10.5914613403318,8,6.25994533718946,-1.88976520076699,11.1529868380045
0.971119922175601,26.8777827836706,30,28.9063887200261,0.843236760495771,26.2580317365177
0.320059302028305,23.5652363190656,22,24.2575541216459,0.668691519059893,25.3662097826866
0.918471259255647,26.6043606748473,29,28.5162281834643,0.640928003954361,25.2251088489838
0.43318777996641,24.140067434881,24,25.0506072277545,0.357873137945397,23.7835014597755
0.0535281758203392,22.1828608258383,22,22.3701466879744,-0.397156901697558,19.7305653761487
-0.521698463430368,19.0745103250603,21,18.0532620362268,-0.804797554745786,17.3731348128098
-0.100377714406235,21.3682446979048,19,21.2552227949226,-0.0270603575432728,21.7588272250864
0.513193115880496,24.5438434359337,25,25.6117701992507,0.442708109528322,24.2177296464919
-0.0766292442658658,21.4945578008327,20,21.428848741441,0.299063323285186,23.4803129455017
0.838818210895948,26.1937279764084,27,27.9325922618256,0.514057117535932,24.5809087680832
-0.604092997242256,18.6070405728352,19,17.3981967841012,-0.204176897132544,20.7980932194142
0.72190483038594,25.597239980717,24,27.0891272706885,0.795417566573438,26.0126874533857
-1.03530769032181,16.0864459471858,10,13.8901917486236,-0.889453320385918,16.8706478741466
0.538243913912265,24.6700470905233,26,25.7878193173542,0.751673991807409,25.7889834816942
-0.317953301043763,20.1995614074488,19,19.6323716503935,-0.260230451186562,20.490546984262
0.0136143300152815,21.9725459156086,21,22.0832199827373,0.475307545547724,24.3838362674557
0.675109944537342,25.3602196992257,23,26.755283595593,1.09889959851963,27.584615480041
-0.524432005355544,19.0591252856046,21,18.0316733954051,-0.589687251691659,18.6350334123341
1.0398168037378,27.23687650471,26,29.4208498530279,0.908554648835374,26.5945969272134
1.88521215550813,31.6484350491313,33,35.7402505506341,1.93304104225259,31.8967957496618
0.57139451012726,24.8370193632266,27,26.0211782491666,0.581994641614663,24.9258855449514
0.781136110166958,25.8985764140931,26,27.5146321082005,1.1200171508728,27.6952054896467
0.745897992440538,25.7191084857023,25,27.2610686498139,0.901709619926367,26.5592470458391
0.483576250819544,24.3945364759681,25,25.4038838059872,0.279490829864572,23.3789478920452
0.0569260294475212,22.2007308438774,17,22.3945079442317,-0.0139666668896072,21.8292024528381
-1.83220600941852,11.6802700610327,11,7.71761469368449,-1.42208068972763,13.7878969511325
1.02431152328785,27.155604600375,26,29.304204789095,1.04754547129265,27.3162591974755
0.370108118978548,23.8202744532053,23,24.6085640484923,0.201249408543965,22.9712496764579
2.27330621144953,33.2446761228474,34,37.8499387906306,2.10926849824766,32.6759595689827
1.52511235523461,29.8185754928956,30,33.1614403049976,0.737257379301605,25.7153969095719
2.12491236012138,32.6932411840856,37,37.1381386132501,2.4059732441019,33.7567552345932
0.509336128981531,24.5244067805902,26,25.5846833135885,1.1328998918911,27.7627350887049
-0.616312648111761,18.5370616012981,19,17.3003205577751,-0.419657495200692,19.60429195242
1.42714850476074,29.2963088035501,29,32.4055535756351,1.64782802476829,30.4755812038782
-0.349784708505898,20.0262813319596,19,19.389610003813,-0.660472176264044,18.2235350131963
0.929012298481185,26.6589765134034,29,28.5940589579784,0.587261938044777,24.95262194898
-0.945404573874811,16.6124452545334,17,14.622839893971,-0.447680123756868,19.4464104475095
-0.856801196850542,17.134109012264,19,15.3474930906306,-0.362508534070803,19.9241897851146
0.0786447634020321,22.3148216784564,23,22.5499938835214,0.147835198008175,22.6905668206059
0.355364009247387,23.7452740943414,23,24.5052036291952,0.284138768153709,23.4030412036194
0.524232825862305,24.5994670224728,31,25.6893265320871,0.933138317813997,26.7217070924336
-0.628112357299511,18.4693335774448,17,17.2056430611522,-0.840597067702484,17.1607488638115
-1.1104121470974,15.6518484299538,13,13.28233085825,-1.2145355137188,14.9654159965542
-0.614888960250828,18.5452231218622,19,17.3117329697425,-0.814353867319783,17.3164702047988
0.023250630245356,22.0233874625396,20,22.1526233604042,-0.115720886427747,21.279927017844
0.4536679524279,24.2435795925421,25,25.1941512413479,0.659251369806441,25.3182180059927
0.302046311002446,23.4731183532045,21,24.1310863110958,0.788740731961868,25.9784988339697
0.496428962751951,24.4593482047784,26,25.4940705760025,0.912497166549322,26.6149657408695
-0.175667565577558,20.9663541851674,22,20.7004705939025,-0.514710015574689,19.0658261846524
-0.536308002031934,18.9921857349224,20,17.9377621892549,-0.358177554580854,19.9483251616173
0.137123843981282,22.620809084342,23,22.9668115373434,-0.706987039204251,17.9508679758198
0.340093074250391,23.6674795843217,28,24.3981144623098,0.312127813530937,23.5478411436677
-1.20698858340359,15.101232790283,16,12.5083258727533,-1.75891676023937,11.893823744427
0.522747161990584,24.5919822089937,26,25.6788870350527,0.0974430522552878,22.4240333624865
0.539672674813035,24.6772437446141,26,25.7978671700093,0.62767299699911,25.1577837504189
2.62452222912693,34.283362443664,38,39.1355637117996,2.37256651626628,33.6494266319879
0.310963430623796,23.5187429691003,27,24.1937039062092,1.10217583762734,27.6017639749936
0.0859697645005171,22.3532477596034,23,22.602347099822,0.415123837273315,24.0768863109317
0.115165466787879,22.5061284667691,23,22.8105989418092,0.244639843834138,23.1978479408611
-0.356870737178479,19.9876004237828,19,19.3353712646235,-1.0448482792914,15.9515672811707
0.769300757537328,25.8382315578468,25,27.4293254388414,1.4422515992931,29.3946764336769
0.943694472075398,26.7351552902711,24,28.7027033149323,0.837259345756691,26.2273157610928
0.473793178107566,24.3451816979424,26,25.335261708444,-0.26534557018084,20.4623890666117
0.204601217477645,22.9714911113291,25,23.4448654438277,0.384332466935872,23.919289675149
-1.13649523693196,15.5021856992438,12,13.0723799265542,-1.22582653850809,14.9006187777638
-1.37969028287036,14.1395885500627,12,11.1484817014489,-1.25529066625516,14.7319967069598
-0.041946981421579,21.6786398342678,20,21.681315606552,-0.407280565850083,19.6738048408312
1.2047817393554,28.1085899097441,29,30.679312877854,1.77926027577532,31.1485346094813
1.43159878662568,29.3200974536845,30,32.4400799917086,1.42376198472483,29.2968653584685
-0.318887994690136,20.194483938037,20,19.625263760963,0.132496120496044,22.6096108174808
1.93491682862423,31.8797075120916,34,36.0550264367373,1.46562533320885,29.5182824893853
0.258433842015544,23.2493116392772,26,23.8244540207144,-0.176162445686746,20.9511370409574
-1.82590419156905,11.7144296028056,12,7.76403282894378,-1.81203863477901,11.5931760268816
-0.357327834657323,19.9851038445927,25,19.3318700136397,-0.685832869240704,18.0750738704556
-0.0812854860701464,21.4698090464624,24,21.3948558575438,-0.18512419454864,20.9022247151458
-0.609313436184414,18.5771644239669,18,17.3564040195539,-0.789239117309051,17.4653282790448
-0.379301810705435,19.8648803720037,19,19.1631992371016,-0.185827564854203,20.8983839752923
-0.804999180430547,17.4391114332378,19,15.7709999572986,-1.00610493184606,16.1796940830343
1.10410014999561,27.5751182426075,27,29.9076244738522,1.32356826192089,28.766925185705
-0.099539920755376,21.3727043758606,19,21.2613586271522,0.605512558142171,25.0452658453951
1.66870020985353,30.5723715900415,28,34.2401515692805,1.48344107599236,29.6124453016048
0.000193125109438608,21.9016680545902,21,21.9864122415017,0.0669108374575829,22.2617548774414
-0.65484920834996,18.3153265273995,18,16.9905418428605,-0.193066556938635,20.8588401295468
-0.681756103834281,18.1596181906654,17,16.7733243288016,-0.473197286714165,19.3020255118233
0.381962154919701,23.8804987818691,24,24.6916459767687,0.581218581955741,24.9219463332995
-0.967682967133512,16.481651491511,16,14.440912257043,-1.34115400276375,14.2440903052
-0.178858088431029,20.9492726305745,23,20.6768108700787,-0.0115695336651513,21.8420763188962
1.93819713531865,31.8947211874315,34,36.0753589946905,1.75737570212178,31.038167704025
-0.997121533698302,16.3092321003999,14,14.2008515914185,-0.706668926709101,17.9527381016783
0.752611320145122,25.7532536936662,26,27.3092783071926,1.1318106499591,27.7570235875508
0.176713678704645,22.8268827488204,25,23.2476299433259,-0.48433448314047,19.2388174902394
0.380092650090691,23.8710050639689,24,24.6785439532207,0.692068980110604,25.4851337188897
-1.95006554291146,11.0435556659352,11,6.8601442339959,-2.06394609873706,10.1745875732297
1.47043967936085,29.5275250733665,30,32.7407993582107,1.5885545772527,30.1660691103319
1.89534485432799,31.6961436030736,33,35.8054239092983,1.52904995646955,29.8531750551798
-0.29125280205523,20.3443496769523,20,19.8348970097696,0.103776982620202,22.4576248531546
0.0370461309968558,22.096101215035,22,22.2518352781871,-0.0327613791063732,21.7281567734024
0.413359069656175,24.0397139657516,24,24.9116580753032,0.86262487790714,26.3577572188345
0.302906538590188,23.4775216850757,21,24.1371279907038,0.400259595896448,24.0008615065351
-1.57364144712604,13.0824784989551,9,9.65596061926116,-1.07992249673715,15.7458961608196
-2.03716012708412,10.578413851354,13,6.24272572635473,-2.28320932362688,8.99831401471023
0.852876871433667,26.2659404895967,27,28.0350403195603,0.649443282347417,25.2683722356917
0.466600390391211,24.3088807895952,25,25.2848208559565,0.490236576471316,24.459802901453
0.367007999903356,23.8045134901237,23,24.586833673341,0.495903934234596,24.4886271130442
-1.25557599967306,14.8278822580316,14,12.1225700115615,-1.38100342641137,14.0191091584646
-0.066497072161301,21.5483836734096,19,21.5027373366029,0.142537234846133,22.6626229852207
-1.20343007222549,15.1213481662975,15,12.5366766776539,-1.2805366080886,14.5880297120026
-0.0387447170540596,21.695612945253,21,21.7045627103633,-0.115361791700535,21.281874818352
-1.24988653799512,14.8597675542675,14,12.1676111516987,-1.505411705851,13.3201340940909
-0.676011011992769,18.192922693384,17,16.8197635733727,-0.862053575939132,17.0333538936306
-0.0488091958207643,21.6422542267221,20,21.6314631703449,-0.354967744690901,19.9662031987771
1.23002495415582,28.2429377257709,31,30.8742746705305,1.57975935586191,30.119934395775
-2.78447961661708,7.19218710333467,6,1.99441322074181,-2.91232035317114,6.38142988209069
-0.982061432409302,16.3973733579703,16,14.3236073959347,-0.608656611740066,18.5251973341284
-0.368767005879585,19.9225690782288,19,19.2441507607825,-0.605762662670984,18.5419752939065
-0.0448827045405983,21.6630759577301,20,21.6599942074573,-0.121503587134829,21.2485514616277
-0.530968791194641,19.0223002703972,21,17.9800065182563,-0.65350880158853,18.2642085419606
-0.863246813115884,17.0961297812735,18,15.2947624574621,-1.2012235806008,15.0419417575317
0.418976769853256,24.0681597559748,24,24.9510224589539,0.799098553080006,26.0315428258579
-1.30906504289774,14.529629189616,15,11.7008022267715,-1.40703991535097,13.8724881120079
-1.72790995782706,12.2459775146564,9,8.49176988290486,-1.81483061289911,11.5773644059929
0.355899738134903,23.7480011056322,23,24.508959775877,0.527957593226254,24.6515321639016
1.34985220744481,28.8828384067684,27,31.8046301692039,1.4423350747353,29.3951179715622
0.152242200914588,22.6996099636018,25,23.0741693701345,0.241391852727195,23.1809294802506
0.85367866404071,26.2700622703759,28,28.0408902292267,0.818191195077067,26.1294230662777
-0.267029078697999,20.4753075165603,21,20.0177783056734,-0.653857682024768,18.262171660972
1.92488901050767,31.8336155509304,34,35.9925271560727,1.81500051680055,31.3269596328009
-0.619941982465521,18.5162459050252,18,17.2712168345279,-0.303736387864749,20.2505194081379
0.323603649826875,23.5833408204298,27,24.2824286006287,-0.0577496793654178,21.5935206267103
-0.914329243004984,16.7952200117481,18,14.8768683273709,-0.954334324918497,16.485774077094
-1.13263294984415,15.5243034555696,16,13.1034279169871,-0.903960943451252,16.7845166503163
1.36066204347811,28.9406685406344,33,31.8887416610619,1.63794465508521,30.4241665358866
-1.26199111707816,14.7919684503834,9,12.0718255591208,-1.4370343280153,13.7038614963573
0.17530879061881,22.8195855960275,24,23.2376818058834,-0.0297288152336469,21.7444735824252
0.147453328783048,22.6746631602731,24,23.0401794504773,0.00215019753444607,21.9156975387476
-0.420904813098781,19.636086231319,17,18.8419401000362,-0.680587218031553,18.1058227894828
-0.0193305406937104,21.7984277706752,20,21.8452788087875,-0.208868067659957,20.7724233942827
-0.0687252361701687,21.5365501846209,25,21.4864980046513,-0.0379397846687724,21.7002828328954
0.0614300151127047,22.2244097073129,17,22.4267846076736,-0.132535759177173,21.1886462104241
-0.878667877153942,17.005262883697,18,15.1685952405593,-1.08536904282379,15.7140377875487
-0.0679213489036501,21.5408197432556,20,21.4923575200576,0.0146138899726383,21.9824876482936
-1.32156577987123,14.4602997124467,13,11.6026674765726,-1.2726371510936,14.633027835938
-0.354802921047301,19.9988923167147,19,19.3512064550053,-0.617504460504654,18.4738537536088
-0.658941656456719,18.2916892008593,18,16.9575504866689,-0.035054160144723,21.7158171244673
2.04506190865308,32.3656771038101,36,36.7066602041752,1.9834604854461,32.1293418352707
-1.53006408214485,13.3189540868458,13,9.98843885802969,-1.64979450898266,12.5094703983674
0.295594098598341,23.4400773104525,22,24.0857629763053,0.215870648970441,23.0477473589328
-1.38856209797134,14.0908531006965,12,11.0794557343533,-1.91661730869963,11.0010925336173
0.393608907965316,23.9396083834541,23,24.7732642573244,0.352809579430837,23.757473946622
-0.0202411693106611,21.7936085855416,26,21.8386869126138,0.55939110346201,24.8111472014819
0.0963698831298055,22.4077583552378,23,22.6766057869809,0.055716258633168,22.2021120076082
1.40725661179422,29.1899410248283,28,32.2510940593239,1.21064246494831,28.1712023972736
0.220592798469305,23.0542035201014,25,23.5577734890887,0.338317095515588,23.6829026790438
-0.135243730882203,21.1824110751601,18,20.9991579413399,-0.0200621966434712,21.7964521176723
0.541061690178272,24.6842401176372,26,25.8076362869512,0.702942488645186,25.5404912422347
0.311486266112094,23.5214166780916,22,24.1973746499314,0.656633143133181,25.3049103204
0.0867290225079288,22.3572291759778,23,22.6077712153753,0.27953316750161,23.3791674178104
1.27732404599103,28.4951714305544,31,31.2407710842194,1.61376009832709,30.2980095096452
1.76034881879464,31.0395340996575,30,34.8980931840972,1.99622483341229,32.1870522458207
0.708031865404193,25.526885998366,25,26.9899554421197,0.106669180991066,22.4729548904388
-0.223706961082367,20.7086731772511,22,20.3428614830319,-0.581262288778165,18.6837079277473
-0.0975349753306722,21.3833758663303,19,21.2760392369122,-0.285077766996732,20.3536118868131
0.517502572367392,24.5655581492442,26,25.64204025225,0.177559964156062,22.8470018912803
-0.462556783165112,19.4053341868384,16,18.5177872996579,-0.538620161803435,18.929033190442
-0.031369237899585,21.7346901735516,26,21.7580657666799,0.372792456676304,23.8601105551487
-1.80120824916027,11.8483442368965,14,7.94641480954887,-1.53898695405713,13.1318300301017
0.0223749342904497,22.0187689398861,21,22.1463198769263,0.510685167164593,24.5637722751326
-0.36284025838135,19.9549825346925,19,19.2896225374756,-0.39010949502441,19.7700274408966
0.90850848093303,26.5527999642896,29,28.4427970558514,1.05684080693638,27.3647695930518
-0.00406571569718157,21.8791609829391,16,21.9556572792147,-0.316466991822466,20.1800447402756
-0.066929428413722,21.5460876335993,20,21.4995866490017,-0.294485467296519,20.3016615568237
0.750878143154774,25.7444364383711,26,27.2968277450597,0.703627129613021,25.5439777669906
-0.546876832120131,18.9324789383684,20,17.8540273902703,-0.669458685228439,18.1709859444566
2.23670152606941,33.1155176920144,33,37.68489286496,2.43789344214657,33.8561701938143
-1.13355347776256,15.5190305718085,12,13.0960267097968,-1.19088746064258,15.101459487797
0.882256196558181,26.4172104758768,23,28.2499020696216,0.929408912136076,26.7024088871916
-0.319077213401287,20.1934559827718,19,19.6238246945257,-0.560153805141089,18.8053651664503
-1.72109325481767,12.2829545620073,11,8.54276702414881,-1.31438151116222,14.3957145127705
-1.14241635133324,15.4683077463958,13,13.0248096163667,-1.75754996560821,11.9015527970105
-0.341643128695801,20.0706749264958,19,19.451839274057,-1.10658942495101,15.5901287386124
-0.622020970620482,18.5043156546407,19,17.2545385284081,-0.153148941243283,21.0765484534037
1.00170149839265,27.0373222398542,26,29.1346608281568,0.472557948707574,24.3698384830492
-1.28737185016006,14.6502681036684,14,11.8714901549751,-1.2489908818955,14.7679944847055
-0.489749439023633,19.2537040216245,21,18.3048168635167,0.587267972435827,24.9526525792416
1.18637077028718,28.0107401494311,24,30.5374529828263,1.49577380210973,29.6775926440703
0.555649547110635,24.7577151377414,27,25.9102828634605,0.467996113446841,24.3466101507277
-1.25913516162989,14.8079519876117,15,12.0944111362208,-0.88144132279418,16.9182229131285
0.0322466654378926,22.0708137857566,22,22.2173387885731,-0.377562945912232,19.8401808598007
1.47899850336292,29.5731726884247,30,32.8068836524279,1.72380967302947,30.8674315544333
-1.53214124962631,13.3076749519581,14,9.97255488374621,-1.56481911682933,12.9869132144887
0.554943967283145,24.7541613798223,26,25.9053159836747,0.499703011170462,24.5079452286016
1.13618213345424,27.7446537781078,28,30.1523780315739,1.18732109541436,28.0485073541944
-0.776287997661976,17.6077962849691,20,16.0053438666641,-0.282705380792582,20.3667032891788
1.71292624692547,30.7995688341417,29,34.5613012467012,1.73717390709921,30.9356089689592
0.234414932735903,23.1255705378977,25,23.6552601514759,0.40634241211945,24.0319843899843
-0.431367282278754,19.5782893629003,17,18.7607530794304,-0.612008735596491,18.5057535017253
-0.283386439265655,20.3869165436189,15,19.8943742232867,-0.190541022581574,20.872639369302
0.826117843846264,26.1285873498223,27,27.840242317257,1.0254537816963,27.2010847592315
-0.985525162409644,16.3770889012431,16,14.2953638425586,-1.36799712742437,14.0924565029546
-1.5817354752098,13.0385822661041,12,9.59437970283084,-0.909109439109804,16.7539568624852
0.878166468011962,26.3961233974639,27,28.2199291073948,1.35242834172539,28.9194993565475
-0.00753260567980141,21.8608336019353,21,21.9306084533281,0.375735767164048,23.8752106357493
-0.411601462593411,19.6873901404005,18,18.9139990189842,-0.559772903467055,18.8075565608187
-0.340773792440001,20.0754120962619,19,19.4584783392423,-0.230025773301587,20.6564960591485
0.852597174266489,26.2645027341296,28,28.0329998195661,0.528084625842773,24.6521774380553
-1.45073721947436,13.7506183985957,15,10.5978314380399,-1.68383590025746,12.3177433847045
-2.14014641314194,10.0394615188191,7,5.53627966059955,-2.01425762214453,10.45146520321
-0.953353288932626,16.5657525215538,16,14.5579082890656,-0.685693086308859,18.0758935178185
-1.20972516044253,15.0857725735685,16,12.4865325159899,-1.33511277812874,14.278268458516
-0.0330937433913415,21.7255552179985,20,21.7455608450982,0.143527722956518,22.6678486755694
0.448621027648185,24.2180830258052,25,25.1587735374095,0.284436904389715,23.404586171191
-1.6949489179268,12.4247559624448,10,8.73876347832668,-2.46828849812179,8.09633352576047
-1.42353020702071,13.8992405722125,12,10.8081346224582,-1.06232027270082,15.8490052092314
0.911950548878407,26.5706073279795,29,28.4681527447657,0.56856561450994,24.857719986323
2.41420588775546,33.7022393482804,35,38.4259637415605,2.9147471469981,35.0525427222632
-0.801464839765477,17.459894958442,14,15.7998665922902,-0.669729855920757,18.1693992559119
0.894187916774195,26.4787868200024,28,28.3374663209829,0.53190794681837,24.6715973422288
1.39096333693037,29.1027843551678,28,32.1244491928784,2.13418375572576,32.7780958610936
-0.905135829286415,16.8493473311833,18,14.9520614425132,-0.750864264712001,17.692306451047
-0.267276877778582,20.4739696739364,21,20.0159115816865,-0.382031360409472,19.8152106464794
1.09956704704428,27.5512008068459,27,29.8731357257402,0.924193511216055,26.6754303717488
-1.3907416112562,14.0788883222517,12,11.062510147182,-1.83837800618391,11.4439915052868
-0.918622897210536,16.7699477849689,17,14.8417555429324,-1.14243700012566,15.3816153334436
0.668032171507961,25.3244367457879,23,26.7049490368035,0.29546311903647,23.461685654784
-1.22354787488871,15.0078001601201,16,12.3765730559245,-0.760020668845057,17.6382106481674
-1.35649293742016,14.2672760074207,17,11.329335058849,-1.13227949640477,15.4405931201504
0.233639029103282,23.1215674201004,20,23.6497901911029,0.649407215368785,25.2681889681466
-1.12715952631005,15.5556737581645,13,13.1474519904399,-0.338616913329131,20.057152671971
-1.61951188955444,12.8337636314741,11,9.30768420560789,-1.69517877749353,12.2537910257311
1.82532336628444,31.3609743855366,31,35.3450056302574,1.69367774130936,30.7128354679465
0.909877695131922,26.5598827035981,22,28.4528814543503,0.994278784739019,27.0388458714527
1.36116976849065,28.9433848814735,33,31.8926921806037,1.4646649394329,29.5132050032309
-0.445569176956749,19.4996597921541,22,18.6502948012995,-0.490515423724131,19.2036877131091
-0.234570247881034,20.6502496053004,21,20.261580119911,0.0759734707640969,22.3099831037635
0.317131394026394,23.5502753842147,27,24.2370034798409,0.634243965582329,25.1911564462871
-0.257497446608482,20.5267407477127,21,20.0895187264824,-0.367883104938003,19.8942183848755
-0.277351484122539,20.4195468579791,20,19.939946254728,-0.874032196896091,16.962220667173
0.00427391134984251,21.9232269699151,21,22.0158651370029,0.811391810489576,26.0945497226463
-0.232130498527125,20.6633760195694,21,20.2798483914648,0.284098394608731,23.4028319801153
1.01429703366197,27.1031807070389,25,29.2290291261217,0.659655425374977,25.3202718092664
1.01084184578057,27.0851059607611,25,29.2031218816421,1.04253957755394,27.2901464984471
1.5708314103323,30.0606472953172,32,33.5097711700677,1.68351191521339,30.6604265197881
0.0159600270621728,21.9849256620655,21,22.1001222589541,-0.127007960488927,21.2186702041121
-1.1738825013426,15.2888853019424,15,12.7725936937517,-1.52013647349169,13.2375531173046
-0.563052559273436,18.8408500025883,14,17.7255830939383,-0.964760508042331,16.4240373768701
0.217217762720924,23.0367598513779,25,23.5339551993236,0.650775026986198,25.2751393870635
-1.05070931954789,15.9969111332128,14,13.7651714574217,-1.06175673057662,15.8523099566836
0.351729407910865,23.7267691552841,23,24.479719217438,-0.0693965398208648,21.5306559485786
0.417437240878753,24.0603653757851,24,24.9402345930322,0.234963113777402,23.1474221645689
0.850947528445261,26.25602379477,28,28.0209669147307,1.15457751988056,27.876471900848
1.90401347148271,31.7367344317276,33,35.8607768068313,1.93301201593983,31.8966598405922
0.370795973033801,23.8237708758671,23,24.6133854313045,0.206964308631226,23.0011669140004
-0.391229433060396,19.7994474015942,18,19.0713509345918,-0.52508079284399,19.0065612845871
-0.838259984971191,17.2433380846604,14,15.4991465543343,-0.44967865113457,19.4351236783774
0.188106468393715,22.8860150826086,25,23.3282598035763,0.216321881831471,23.0501059013103
-0.717261260128522,17.9531455210085,21,16.4856687492603,-0.234887475237025,20.6298216198193
1.24620523155241,28.3291548976973,30,30.9994896839827,1.10717857137462,27.6279555553553
-1.12327238281191,15.5779710563838,17,13.1787345570368,-0.961431909219277,16.4437425332303
1.9301775426735,31.8579603854812,34,36.0255527074334,1.96381651827912,32.0395944579068
0.413447439480718,24.0401615278124,23,24.9122772964811,0.326205436998049,23.6204910897625
-1.21525807613434,15.054538282334,16,12.4424940080529,-1.17790265067464,15.1763526342422
-0.450632580133814,19.4715761399365,17,18.6108425402945,-0.432115293371115,19.5341900965119
-0.891516464912914,16.9295637588051,23,15.0634749077347,-0.745447014506181,17.7242907856232
-0.895932479886901,16.9035506189764,18,15.0273475657659,-0.912557188598118,16.7334946010782
-0.943664172406792,16.6226724363956,17,14.6370598032654,-1.06891301118616,15.8103605288607
0.476278075564929,24.3577197806694,26,25.3526898244733,0.606287695692251,25.0492009228386
-0.790568423815542,17.5239402169035,14,15.8888311753807,-1.18797228659636,15.1182614670221
1.17571109072945,27.9541428426599,29,30.4554583455168,1.07978210099793,27.4846166176553
0.414599591244094,24.0459964978521,24,24.9203506138355,0.0270165745906819,22.0488632121073
0.884554646166487,26.4290657575068,28,28.2667561187218,0.623967685109647,25.1389672815976
0.904501518108705,26.532078778378,28,28.4132989910855,0.820658609898938,26.1420825135563
-0.597840317647036,18.6427844935093,14,17.4482102403054,-0.541288271044531,18.9137344248325
-0.418229694901862,19.6508469032252,18,18.8626730566776,-0.375511712819166,19.8516380815997
0.903954069888084,26.529248483421,28,28.4092704141516,0.609000277477427,25.062971952141
0.0536241059066632,22.1833654175824,22,22.3708346038029,0.454624830600977,24.2784891718384
-0.374163349053884,19.8930305686836,18,19.202704256034,-0.227204123868376,20.6719711757883
0.271324576187141,23.3155797200182,21,23.9151587744201,0.27919255667106,23.3774012770882
0.165811000925906,22.7702225365297,19,23.1703953650783,0.372833521239034,23.8603212589357
0.558814738855901,24.7736571356454,26,25.9325667597601,0.623660225332522,25.1374059898678
-2.11020781343233,10.1945858994111,7,5.7386520853141,-2.13215651685995,9.79940424592327
0.0679328404882749,22.25857974884,22,22.4733553688967,-0.241011080501065,20.5962039083536
-1.1575323741424,15.3819857705258,12,12.903523725669,-0.858435100767916,17.0548407565646
1.29966462026708,28.6144935560426,32,31.414289480731,1.85070229403414,31.5026815814405
0.89691590474615,26.4928767687358,29,28.3575113697707,1.15416431415094,27.8743027120514
-0.880564064140281,16.9940903556564,13,15.1530813271269,-0.627774061366709,18.4141715466123
2.08667763469978,32.5390720078985,36,36.9358519889242,1.78701054907723,31.1874245972658
0.578685932419444,24.8737482486455,27,26.072574242551,0.893538737092897,26.5170743519282
1.42113344535103,29.2641504164924,29,32.3588686575276,1.01406995911947,27.141801613212
-1.26941262418012,14.7504706023333,15,12.0131751576524,-0.69228532576055,18.037222716754
0.616915738967912,25.066408365637,27,26.3425269048605,1.20633237206345,28.1485169433842
-0.921306446546214,16.7541551453828,17,14.8198118224055,-1.36376242285748,14.116354178867
0.934383231015939,26.686829336898,29,28.633770397484,0.865968307892907,26.3749695903916
2.2009426256131,32.985040647638,32,37.5171119262971,2.79379477460707,34.7908433745866
-0.0330698941421019,21.7256815589768,21,21.7457338039105,-0.246893612377084,20.563888779211
-1.76048586740395,12.0692529770588,10,8.24869659832162,-2.19835255760945,9.44250135279356
-0.444409843156591,19.5060862016101,18,18.659322711636,-1.11994807402186,15.5123055625316
0.0438696347275009,22.1320347190662,21,22.3008445263011,-0.353457580758319,19.9746117881959
-1.54137706872325,13.2575341787617,13,9.90197303663452,-1.88592853281407,11.1747031484796
-0.277359503454745,20.4195035132749,21,19.9398857312731,-0.590461101299014,18.6305592202462
-0.0218562614525423,21.7850604461673,20,21.8269934933328,-0.00193646665155774,21.8937790671062
-0.811826835402028,17.398949321198,14,15.7152223079386,-0.64648415508341,18.3051991301087
-1.90782065322119,11.2711361977419,11,7.16495741847373,-1.6124216340681,12.7196318282807
-1.26126915258432,14.7960082179988,14,12.0775342052936,-1.18971327391671,15.1082262282321
-1.26678248640207,14.7651710918719,14,12.0339537960852,-1.17791163839752,15.1763007474827
2.38519263944954,33.6129371659858,35,38.3146454961411,2.3572136379276,33.5989436566909
-0.939573182207996,16.646717322463,16,14.6704889720578,-0.866432042458442,17.0073533632322
0.309571330372792,23.5116232126502,22,24.1839298255654,0.238857394701452,23.1677228797185
0.942022263289603,26.7264727510798,29,28.690315417483,0.85832897451023,26.3356478849684
-0.838522474710158,17.2417920430426,17,15.4969999881927,-0.733107540940705,17.797084023481
0.612357428163863,25.0434261227055,28,26.3102939755281,0.789289498663626,25.9813081764895
-0.193406807404445,20.8713247506764,23,20.5687611187384,-0.301379832369698,20.2635527153229
-0.71912480842078,17.942279515021,16,16.4705414854652,-0.161498540789538,21.0310795607376
0.853013996019968,26.2666453810811,28,28.0360407311788,0.492993723172796,24.4738266820063
-0.298081925253891,20.3073632194972,26,19.7831925966631,-0.308889561653056,20.2220057324084
0.148348062819671,22.6793251189088,19,23.0465311498118,0.435383085577195,24.1803569609277
1.33017035654468,28.7775665143813,27,31.6514976690715,0.709016839608944,25.5714290248819
-0.471661628711955,19.3546531690832,16,18.4465964871119,-0.252005749547166,20.5357889254567
1.5105608525971,29.7412494653713,31,33.0498604865278,1.6813111467537,30.6490651214584
0.390745421052635,23.9250811050294,24,24.7531982213657,0.323769221948477,23.6079269737424
-0.342868462795904,20.0639968654788,19,19.442479639578,-0.257582497268904,20.5051172033528
-0.550542530541389,18.9117404202619,15,17.8249499294137,-0.540629323562351,18.9175134250187
-1.18016056408,15.2532115020039,11,12.7223920448392,-1.52915527365855,13.1869725886574
-0.641275867762164,18.3936028784076,24,17.0998378558734,-0.437390478433302,19.504464447037
-1.14145399844776,15.4738114290375,12,13.0325388453757,-1.09845685339365,15.637575115392
0.903749540279545,26.5281911144418,28,28.4077654130295,0.465652441882447,24.3346740956377
0.851718719452471,26.2599874125772,27,28.0265917580811,0.792514312944043,25.9978194060944
1.01654364722449,27.1149366188117,26,29.2458826013164,1.61215165605762,30.2896030990694
-0.199820949621512,20.8369295358402,23,20.5210397428069,-0.347283443603559,20.008971281777
0.296423111043825,23.4443239237085,27,24.0915870678989,0.327709809948975,23.6282477529836
-0.369733583796028,19.9172800464999,19,19.236730074212,-0.349968701090147,19.9940311996322
-0.238522142538534,20.6289809179371,21,20.2319725110363,0.0586938753240658,22.2179836636219
-1.47317449891357,13.6283051039667,14,10.4249061254542,-1.54708306864072,13.0864175339256
1.1214277812596,27.6666283934669,28,30.039673978767,1.6927977487296,30.7083035122687
-0.649546132728724,18.3459312608166,18,17.033266806562,-0.97374094138425,16.3708961608086
-0.311556099657947,20.234295856495,20,19.6809861247797,0.290195047464245,23.4344143543565
-1.25089601237667,14.854107842624,15,12.1596170366669,-0.944361848998969,16.5448608572457
0.538864356631631,24.6731722653707,26,25.7921825215296,0.320455327755509,23.5908308706805
1.07229883316115,27.4075342295828,27,29.666186287675,1.11152118503985,27.6506971934197
0.0654665845592783,22.2456228768963,22,22.4556971383449,0.144981107692795,22.6755153757774
-0.579532304909161,18.747192375756,14,17.5943753756294,-0.279875429532091,20.3823148713378
-0.858895259699683,17.1217704799645,13,15.3303622903153,-1.02606300430036,16.0620636246085
-0.309949239960201,20.2430160078272,20,19.6931881228058,-0.207039182735579,20.78243240109
1.17031490916421,27.9255083284654,29,30.4139917615393,1.27282156484882,28.4989243519068
0.585661969683027,24.9088919225763,27,26.1217728610647,1.09016309471341,27.5389029199924
-0.249255887477014,20.5711710470941,21,20.151450177435,-0.739227232717274,17.7609935114297
-0.655870384838904,18.3094299388867,18,16.9823112252567,-0.715258353953045,17.9022184265812
-1.00673494336569,16.2530458274031,16,14.1225574162916,-1.1881957408417,15.1169733140168
0.508169420023615,24.5185269673587,27,25.5764906361619,0.32346695011518,23.6063678465313
-0.163165373125343,21.0332473087264,23,20.7930605488872,-0.646890389625267,18.3028297797403
0.564625783169911,24.8029258015755,27,25.9734902190002,0.931742180931995,26.7144819975919
-2.14602071413458,10.0091936499024,12,5.49688280127796,-2.17890926674425,9.54648375031264
-0.639789417457189,18.4021636298724,19,17.1117951471214,-0.528789819764422,18.9853405134384
0.815595647959538,26.0746859332297,26,27.7638720235733,0.983388996582781,26.9822569069387
1.18272539383336,27.9913803464427,29,30.509400696144,0.931574882814175,26.7136162705481
0.290277234276621,23.4128322757206,22,24.0484049756736,0.0169292504979144,21.9948854655446
0.54516108623803,24.7048880851946,27,25.8364723951264,0.767912984261374,25.871952580124
0.319680484358136,23.5633009140136,28,24.2548953679708,-0.195693432150355,20.8444835059081
-1.11835432660094,15.606203822839,17,13.218334021207,-1.23902432027274,14.8250059867846
-0.905875646896216,16.844990864439,16,14.9460099741968,-0.595200263964575,18.6031464444077
0.0937882924388172,22.3942325724079,23,22.6581806643578,-0.0850015844476185,21.4463168499451
0.541325685631806,24.6855698356035,26,25.809493087002,0.457772074794369,24.2945280620876
-0.701025308433546,18.0476959091662,17,16.61734417969,-1.31397989167195,14.3979922911747
-1.02009200045682,16.1750877885967,15,14.0138661941421,-1.09844868487653,15.6376227972809
2.33731724751099,33.4601210480706,34,38.1228892872831,1.94920917541135,31.9721434481179
2.31379107427586,33.3824490597752,34,38.0248307869165,2.52568487525168,34.114682686923
1.37435875969344,29.0139483492008,27,31.9953049151986,1.47077246968065,29.5454924484061
-1.41261968984828,13.9589490993442,12,10.8926646712726,-0.816877894471715,17.3014997227382
-0.225690636712937,20.6980092929786,22,20.328030809648,-0.119967666128182,21.2568866652627
0.426209704683635,24.1047673034715,25,25.0017065484243,0.573509185581532,24.8828138623594
0.00200881705479835,21.9112612800849,21,21.999518875461,0.437150382005022,24.1893756001029
-0.69370759645202,18.090238393151,18,16.6766186863281,-0.665375894769351,18.1948683138812
0.396078633903115,23.9521351897373,23,24.7905706904881,0.507909290053588,24.5496635120254
0.78319751761056,25.909094103332,26,27.5295054603789,1.08602170254492,27.5172419022283
1.11289287359144,27.6215371233061,28,29.97458890036,1.22506218869665,28.2471293690964
-1.44407840546698,13.78695982535,15,10.6492391166957,-1.57948645571698,12.9045973161148
1.33378999254577,28.7969240497343,33,31.6796568273179,1.82780784456832,31.3903006281831
1.1018593281389,27.5632940876816,28,29.8905728701374,1.03269098907383,27.2387972884235
-0.962775337768966,16.5104428900118,16,14.4809716993313,-1.09061117716041,15.6833961098968
-0.535609514550327,18.9961272318844,21,17.9432908804327,-0.730591216948608,17.8119174821301
-0.211215570586642,20.7757800138511,22,20.4361334763331,-0.0688169542839822,21.5337859619745
-1.80824250764976,11.8101942356706,14,7.89439075577179,-1.26504468391877,14.676319064665
0.53500982575357,24.6537566566749,27,25.7650783329626,1.19030685340263,28.0642082156264
0.184124980938983,22.8653586046412,24,23.300090443849,0.101178168337948,22.4438453379798
1.49097445322169,29.6369986450555,30,32.8992197367829,1.45639230787513,29.4694634502002
-1.48619352403587,13.5574235241721,15,10.3247738079529,-1.20123282566487,15.0418885612041
-1.64570654439109,12.6917566186752,11,9.10958147930428,-2.13220002257432,9.79916713844098
0.319923651344223,23.5645432796272,22,24.2566020536527,0.432780190915716,24.1670720834831
0.514402295880822,24.5499365283331,25,25.6202629984344,0.554888349253425,24.7882881415403
-0.331049918259655,20.1283598434993,19,19.5326653671424,-0.538990603267651,18.9269095132635
0.276571857748645,23.3425264379995,26,23.952062555002,0.771336746460838,25.8894567642977
0.242314609892293,23.1663066219134,21,23.7109353195547,0.20091696237867,22.9695086589532
-0.1264020847552,21.2295807395229,24,21.0642266995343,0.115758336191607,22.521096836685
0.577314149288579,24.8668379514932,27,26.0629027130313,0.546655145587689,24.746487024172
0.388573887661932,23.9140619401581,24,24.7379807959582,0.152638081495944,22.7158833016716
-1.62933289289303,12.7805221029753,11,9.23334346681407,-1.30127490442824,14.4701006343932
-1.70086484255477,12.3926719057986,10,8.69435824564781,-1.40095851858347,13.9067119227923
0.536790059217238,24.662723941485,25,25.7775958140925,0.143077825852853,22.6654751555696
-0.252876524627448,20.5516568373502,21,20.1242540668613,-0.672089116358866,18.155592172547
1.56927147843625,30.0524131904002,32,33.4979490401306,1.76742075310102,31.0889250653289
1.14566467748205,27.7948496090782,28,30.224936798274,1.64741666051869,30.4734429831847
-1.08772792479119,15.7825604955556,13,13.4654312067066,-1.04310496686025,15.9618119941773
0.162980635950105,22.7555020166655,25,23.1503329643805,0.398169632628698,23.9901643277636
0.264569470435496,23.2808657390965,22,23.8676351435425,0.589774802818749,24.9653771708908
1.24423617390221,28.3186586678267,30,30.9842421070195,1.04379794693733,27.2967098483527
0.0643295176402271,22.2396481114274,22,22.4475541071596,-0.166998024528684,21.0011115185493
1.27380849973652,28.4764043634093,31,31.2134864263345,1.64056936715866,30.4378291077692
0.194176149020047,22.9174871983277,21,23.3711857064742,-0.455300053688557,19.4033570310279
-0.308383640680661,20.2515105263475,20,19.70507330734,-0.437825289931204,19.5020131766167
-0.28939032984696,20.3544315478075,20,19.8489868304592,-0.39203890832973,19.7592277632747
0.392528975614574,23.9341299949212,23,24.7656966217357,0.303482854125609,23.5031684485596
-0.458235037816363,19.4293598249851,22,18.5515374000818,-0.65082395907125,18.2798801609344
0.648685435247868,25.2267012012335,23,26.5675587858539,0.865907985781209,26.3746590058879
1.01369232839996,27.1000169140385,26,29.2244938982176,0.749503780325993,25.777901886434
0.000329696370542126,21.9023896785571,21,21.9873981951822,0.364421602907275,23.8171413897092
1.15429170659122,27.8405493410623,29,30.2910315005374,0.973339455479932,26.9300733260469
-0.30228283005583,20.2845958663341,20,19.7513545239422,-0.328397797203121,20.1138943112536
-0.194148269251836,20.8673496891902,22,20.5632473023263,-0.568176652324068,18.7591760593869
1.03594560108745,27.2165735444422,26,29.391698570573,-0.134545971576169,21.1777239568667
-0.3857886807104,19.8293101649158,18,19.1132728829135,-0.0770254705930338,21.4894402480679
-1.24098503936557,14.9097186794163,15,12.2381499285849,-0.842715708175644,17.1481719294242
1.44844744340116,29.4101243755503,30,32.5706760242258,1.62183991403344,30.3402088500351
1.30881999209391,28.663420110476,32,31.485453823929,1.54911490578667,29.9588664128092
0.928817855755175,26.6579684752395,29,28.5926219862826,0.810839481108375,26.0917176474216
1.89217081868287,31.6812292256032,34,35.7850629977387,1.69125372780403,30.7003496046748
1.60259317634107,30.2278385027347,33,33.749372462962,1.90518242314764,31.7653316028645
1.48597715651958,29.610372486335,30,32.8607095986512,0.795856756038,26.0149368834998
0.175933901239646,22.8228326373225,19,23.2421084173921,0.392396306447934,23.9606039827161
-0.119658077791849,21.2655392660567,24,21.1137966920524,-0.220459604105693,20.7089424665529
-1.67449911783537,12.5356498471515,10,8.89250283540451,-1.47173511205584,13.5090447203887
1.63442208487418,30.3943723891696,33,33.9871272518707,2.25539288772787,33.2449063294833
-0.557254402083848,18.8737285520284,19,17.7716632264444,-0.637958472275392,18.3548924612224
1.92309021855748,31.8253166353984,34,35.9812615635142,1.7776796393238,31.140590261696
0.17749635023575,22.8309475310854,24,23.2531715924882,0.270221141412715,23.3308557984096
-1.02085711843472,16.1706261820577,15,14.0076435631235,-0.8578498901462,17.0583157252559
-0.285023469813473,20.3780613934064,19,19.8820037717844,-0.849805329646896,17.1060815426601
0.797892285473181,25.9841328659898,26,27.6356632452317,1.03884960352405,27.2709035884917
-1.35937074917486,14.2514142573807,13,11.3068694585597,-1.57231365032216,12.9448561191312
0.678047300079228,25.3750746996543,24,26.7761847311054,0.45255314639054,24.2679297606148
0.665191699356405,25.3100805636959,24,26.6847596883453,0.745916473337495,25.7595875832353
-1.28140900767726,14.6835037340044,14,11.9184945779179,-1.29623870131185,14.4987127598606
0.632521268698153,25.1451180679965,28,26.4529786819856,0.90801534560477,26.5918111227504
-0.230116155132854,20.6742113376807,21,20.2949253900905,0.192442032502145,22.9251003796266
-1.08761368733368,15.7832200220397,19,13.4663544447368,-0.804757157337515,17.3733742950035
0.0161588049434768,21.9859746301491,22,22.1015543484709,0.465646771564518,24.3346452153721
0.466598782780018,24.3088726748196,25,25.2848095833029,0.562504480892917,24.826952148483
0.384822842077869,23.8950228787917,23,24.7116939599936,0.354928438348333,23.7683669038217
-2.71928986144144,7.43238849571705,7,2.27635495438207,-2.92964106452713,6.32688374597995
-1.04056157693387,16.0558812252371,15,13.8475248158417,-1.52001190558728,13.2382517273625
0.666390741185516,25.3161404088472,29,26.6932814058607,0.733541348096452,25.6964396486843
0.689451104958531,25.4327741021511,24,26.8573968014767,0.754480119725488,25.8033144696145
-0.151040858960373,21.0980577594302,23,20.8826704139269,-0.235217079139163,20.6280127017823
0.736210902875793,25.6698744079906,25,27.1915819788484,0.634900791172592,25.1944926195876
-0.18288717801081,20.9276952372751,17,20.6469144758747,-0.159145666027981,21.0438961317855
-1.38680125490282,14.100521779022,12,11.0931495825551,-1.59072323331451,12.8415127808164
0.242954390832302,23.1696041164488,26,23.7154431044616,0.050919824330518,22.1765342628122
0.730780877476428,25.6422948458056,25,27.1526713849543,1.31251582869141,28.7085217565374
-0.231639646715163,20.6660165438422,21,20.2835228231639,-0.429712636350977,19.5477208523379
1.08341778854545,27.4660729794707,27,29.7504651969637,1.42408627184218,29.298581009152
0.135856290077225,22.6141963848453,24,22.9578033758301,-0.0987458824646345,21.3719309358298
0.583331180993066,24.8971495057722,23,26.1053320714922,0.204141961741132,22.9863948083091
0.484437827635372,24.398882089425,25,25.4099282117991,0.612359221231194,25.0800250563808
0.194402210792491,22.9186589340427,25,23.3727840520429,0.419582361505606,24.0996715565772
-0.0544281786068127,21.6124470119261,20,21.5906060437208,-0.214308976199316,20.7426357122221
-2.15826964545481,9.94626757030294,11,5.41507203623575,-2.32776128668662,8.7721838922929
0.0525545799781839,22.1777394695352,21,22.3631645738546,-0.314145515103414,20.192904469577
-1.21649492294318,15.047560401337,15,12.4326539134282,-1.20054836076173,15.045827176467
0.736186271217126,25.6697492724847,25,27.191405409011,0.8072764909835,26.0734511224627
-1.7697522518078,12.0189809970547,8,8.17975242559539,-1.42396396982991,13.7773100414701
-0.735969484973913,17.8439419526152,15,16.3336859113504,-1.08049605972842,15.7425401894456
-0.867651623160153,17.0701747214205,17,15.2587255233213,-1.0573469419728,15.8781777094453
0.126527330936943,22.5655005687547,23,22.8914704923507,0.331320082128277,23.6468572374038
1.28626243265461,28.5428995749239,25,31.3101696807609,1.23505546995889,28.2997762490536
-2.04950340463157,10.5130856307152,7,6.15659233083579,-2.1115831125443,9.91186486308768
-1.97940604943775,10.8861456266965,10,6.65037638683564,-2.19467432938189,9.46211453854238
-0.622254616936375,18.5029745867452,18,17.2526638329594,-0.761272118208624,17.6308138458965
-1.51719421317678,13.3888591739054,14,10.0869352722351,-1.81480741693212,11.5774957728155
-0.168380845766858,21.005349853749,23,20.7544587551486,0.0406644025254961,22.1217995956618
-0.034047320420897,21.7205034757707,26,21.738644869427,-0.10056202761705,21.3620945085837
0.106993325244603,22.4633811736786,23,22.7523727017172,0.519446195971287,24.6082923787927
-1.20429765751216,15.1164427060597,15,12.529763362856,-0.682219287989292,18.0962581649647
0.339832529472618,23.6661512527739,22,24.396286991594,0.130007020425104,22.5964593413804
0.792409278854246,25.9561208295891,26,27.5960255046533,0.760073498279387,25.8318877306442
1.37718373541533,29.029062642012,33,32.0172806665313,1.79917913930231,31.2482675855238
0.764358371081497,25.8130523468326,26,27.3937451267472,0.827303245862517,26.1761853820616
-1.25057393882644,14.8559134678025,15,12.1621674469343,-1.36448974862222,14.112249065247
0.951985543059783,26.7782283058799,24,28.7641776464169,0.745394744337087,25.7569243369353
2.83298115130648,34.7673710752014,39,39.7032230365542,2.81027332097722,34.8278361567406
0.456917783627884,24.2599935703808,25,25.2169335300084,0.260857209603757,23.2822184482118
1.06485944764478,27.3684014485781,27,29.6098814934588,1.9343555232049,31.902948129447
-0.289300784426049,20.3549162158641,20,19.8496641307134,0.516987786598483,24.5958010253594
-0.73949211023935,17.8233511983975,16,16.3050400678827,-0.956437149861363,16.473319299142
-0.495173570667098,19.2233617493754,21,18.2622099181192,-0.478661738668244,19.2710271422159
-1.06306462292089,15.9252319737731,19,13.6650078525325,-1.05639982695446,15.8837352380453
-0.869460100596218,17.0595183348313,18,15.2439295738571,-0.896536025386316,16.8285951571684
0.70353430327954,25.5040938861905,24,26.9578414357567,0.562750306697673,24.8282000530841
-1.26414466521212,14.7799212432485,15,12.054800537083,-1.45616517287172,13.596429469888
-0.00526992068068044,21.8727956366667,21,21.9469580242402,0.260486550432106,23.2802920281541
-0.719554853921341,17.9397716139977,17,16.4670502250938,-0.271152420134783,20.430403497807
0.496882137857555,24.4616328696176,26,25.4972512376932,0.208948315486653,23.0115479543738
1.19316654887195,28.0468440111503,29,30.5897808864959,1.04923521020765,27.3250754419642
0.0844188589705617,22.3451141672917,22,22.5912660557154,-0.455066801825434,19.4046757164705
0.368976722142573,23.81452297664,23,24.6006336197214,0.336059966345216,23.6712780229727
-1.14781671376224,15.4374409722617,11,12.9814529516501,-1.13173551843508,15.4437539974304
0.487357302385938,24.4136062130323,25,25.4304110973723,0.85985316805032,26.3434914789301
-0.656168438253149,18.3077086898499,18,16.9799087301734,-0.420722854986474,19.598302343183
0.393251959537257,23.9377976750473,23,24.7707629440746,-0.213726545651537,20.7458251725023
-0.294419541159747,20.3272024435634,21,19.8109291863165,-0.437384903720166,19.5044958736468
0.831655518605728,26.156979277714,27,27.8804860739623,0.584907964679759,24.9406733315973
-0.662846103177926,18.2691222730708,17,16.9260587293467,-0.801632824512265,17.391894307204
-1.15307448932653,15.407418327253,17,12.9392687148275,-0.915853643503227,16.7139323016107
-1.48858263707966,13.5444225016238,14,10.3064147929791,-1.33283145898375,14.2911802778256
1.24989674090028,28.3488357062832,30,31.0280820089345,0.559439597678637,24.8113933846172
0.0102196128471136,21.9546255914135,21,22.0587497555185,0.339387097724877,23.68841239166
-0.689464234694868,18.1148862809488,18,16.7109688024283,-1.34496564560061,14.2225362220887
-1.32447757478255,14.4441699581901,18,11.5798323565121,-1.59949321374728,12.7922621447062
2.51581846022598,33.9966713262343,36,38.78887025604,2.29665060470774,33.3924625749123
-0.333781299040896,20.1134943617741,19,19.5118402794435,-0.203518203273471,20.8016965816118
-0.253565933116526,20.5479402956181,21,20.11907363225,-0.380928475834868,19.82137524471
0.225935853934947,23.0818047023318,25,23.5954687907847,0.749546017661691,25.7781175454644
-0.907442650692521,16.835763838318,17,14.9331926508645,-1.05621045580548,15.8848465139544
2.20228923524886,32.9900320404124,33,37.5235495974049,2.02991624849108,32.3370106036263
-0.368940090711658,19.9216220310071,24,19.242822039802,-0.234930086136079,20.6295877680765
1.49576424016911,29.6625092000784,31,32.9361030884613,1.52995949867653,29.8579693690332
0.757695643921791,25.7791275021124,25,27.345819793544,1.06218226060194,27.3926584694159
0.845590927341101,26.2285022455605,27,27.9819170023033,0.601576741224701,25.0252857136605
-0.998103937125855,16.3034875059455,14,14.1928482089458,-1.0615502809211,15.8535206833994
1.11804310731527,27.6487427226253,28,30.0138534754439,1.41121146286753,29.2304641278049
0.123083296196722,22.5475110228835,22,22.866966365498,0.282746275425833,23.3958244407666
-1.69518659631254,12.4234669834697,11,8.73697883900349,-1.62062601616025,12.6735227790397
0.0693390788171024,22.2659663116618,23,22.4834216834095,-0.00468086741274241,21.8790544992515
0.221356729816411,23.0581508977957,25,23.5631639033742,0.185417079728269,22.8882532370264
1.15704754150789,27.8551541647848,29,30.312161094275,1.20439473633022,28.138319947456
1.91236760206949,31.7756537999763,33,35.9137659310524,1.55780396182578,30.0045831945532
-0.178560704965663,20.9508649597408,17,20.6790166912194,-0.173647265531595,20.9648569732583
-2.58010410330797,7.98167136297049,8,2.93525147076148,-2.11382763538857,9.89956394213255
1.1011554282369,27.5595802959,27,29.8852177255805,0.873916939600854,26.4159078492675
0.848733242254242,26.2446451050499,27,28.0048205029172,0.798303127169497,26.0274679398506
0.720223039403604,25.588706938704,30,27.0770955141252,0.510734799208788,24.5640245235738
1.11884809205175,27.6529960499374,28,30.0199932594796,0.869886157729417,26.3951447716172
-1.1110068461625,15.6484284390509,18,13.2775368500582,-1.35263551549848,14.1791879030141
-1.25245441044183,14.8453725262263,15,12.1472780815177,-0.881018344795892,16.9207346443569
1.19109120792461,28.035816598194,29,30.5737962276619,1.15820660022084,27.8955253078753
-1.25079212546478,14.8546902474738,15,12.1604396759474,-1.73441813004829,12.0322985186699
0.565863541079942,24.8091601656523,21,25.9822090021047,0.732784073823899,25.6925769398331
0.0942129230738695,22.3964575869578,23,22.6612116597704,0.0193463009679847,22.0078245310673
-1.52843203473554,13.3278168237437,14,10.0009215773354,-1.48257643999871,13.4482187437571
0.304275479548385,23.4845281515651,22,24.1467420892262,0.25222098594717,23.2373102047989
-0.62907113886343,18.4638238042699,19,17.1979431080574,-0.584469178471548,18.665188261875
0.305695975231364,23.4917973606532,22,24.1567176754167,-0.246183359918509,20.5677915779618
0.460632820111496,24.2787536105921,25,25.2429789020678,0.133816076651854,22.6165833253359
0.6022609223527,24.9925329616453,27,26.2389445056329,1.01814748740381,27.163030767655
0.573107195058256,24.8456463489061,27,26.0332482654416,0.737263243948537,25.7154268312691
0.149945613142064,22.6876479231373,24,23.0578708033999,-0.00382026607158417,21.8836723438347
-1.35561902145224,14.2720940286995,18,11.3361589297114,-1.17725230236059,15.1801073171249
-0.232465018357515,20.6615764078775,22,20.2773440513803,0.66011080716447,25.3225865367908
0.814254466117905,26.0678198744156,27,27.7541467794453,0.795575112886533,26.0134943622302
0.547441391271362,24.716373391701,26,25.8525155917351,0.352504309635781,23.7559043683307
0.366036979892663,23.7995758943604,23,24.580027043343,0.00443329740927267,21.927938689965
0.854022070210821,26.2718277322864,23,28.0433959696651,0.803903422439894,26.0561626419593
-1.03156273439386,16.1082460254654,14,13.9206164780598,-0.782791006279012,17.503511964195
0.0680743783455026,22.2593232502372,23,22.4743686173586,-0.265004178971141,20.4642688769655
-0.416535055506902,19.6601939329676,18,18.8758016338305,-0.110599378947604,21.3077008704383
-0.0623669797632161,21.5703130474603,25,21.5328242736554,-0.180094744104702,20.9296802189181
0.703703676152629,25.5049520692028,30,26.9590504877526,0.592385243656463,24.9786278162876
-0.243761664675829,20.6007696196426,21,20.1926859443782,-0.0974056779437648,21.3791885413022
0.255117969313093,23.2322495071731,26,23.8011112686256,0.472915803216967,24.3716603857955
0.498055908764822,24.4675502328494,26,25.5054897379562,0.880367135741227,26.4491470496603
0.800515326320057,25.9975392494893,26,27.6546374138806,0.611568989434196,25.0760130378862
-0.660592272240568,18.2821508018421,18,16.944239149009,-0.894139665603178,16.8428227086766
-0.302700086143315,20.282333847019,20,19.7481908500788,-0.952978614202984,16.4938046330542
-0.261030999856088,20.5076796061824,21,20.062937614016,-0.602438420071747,18.5612384419989
0.289318998021683,23.4079202780647,22,24.0416711167239,0.397598539779254,23.9872409251551
0.639230176333706,25.1789714934843,23,26.5005127028508,0.308549682536821,23.5293567129361
0.486810831997011,24.4108502628466,26,25.4265769384102,0.225388645592632,23.0974678668023
1.41204728346404,29.2155628876747,28,32.2883112589203,1.16756301031144,27.9446645502448
-0.273636104947541,20.4396243664262,20,19.9679774361002,-0.389144620861246,19.7754270630577
-0.661016120825865,18.2797010777621,17,16.9408205878995,-0.620653090569842,18.4555653710277
-0.124941136982887,21.23737188892,18,21.0749694951413,-0.490324779497276,19.2047717929761
0.59797254707027,24.9709210356956,28,26.2086579733937,0.451963235246128,24.2649227141363
0.275486390361523,23.3369534986524,22,23.9444293739297,0.973332269409967,26.9300360249415
-0.324793023117795,20.1623919411627,20,19.5803303047353,0.253940011150152,23.2462530112678
-0.124501248686364,21.239717626058,23,21.0782036401705,0.0762995221290337,22.3117172953449
-1.0807586607602,15.8228187709463,17,13.5217754620379,-1.14603494033458,15.3607446821821
-0.134465292947633,21.186565219641,23,21.0048904350075,-0.251299522470468,20.5396717773153
-1.82933445765878,11.6958348033178,7,7.73875976362389,-2.37186171314087,8.55371719093604
-0.155796005317041,21.072646722737,19,20.8475473836578,-0.215945823399743,20.7336711183881
-0.711707814981317,17.9855103284788,17,16.5307321915937,-0.177198657820351,20.9454836840289
-0.452225691657146,19.4627346162577,21,18.5984219195219,-0.461042952002271,19.3708738799756
0.460065132788242,24.2758871668702,24,25.2389988267648,0.0118885353703924,21.9678905768764
0.907923653525584,26.5497750705059,29,28.4384904667246,1.45806417254104,29.4783041423664
0.00290800889868302,21.9160116522521,22,22.0060085596501,-0.164506519091228,21.0146903056195
-0.0690468332187335,21.5348420684425,24,21.4841536968038,-0.192857945321077,20.8599800911275
-0.402795094119046,19.735877337571,17,18.9820926948151,-0.206008113613661,20.7880743540081
2.3215013355684,33.4080954854057,34,38.0572521655457,1.98172594843386,32.1214624253491
0.141172416672127,22.6419240228099,23,22.9955762427206,0.166408325577978,22.7883824631921
1.23504600210442,28.2696843331476,25,30.9131117423979,1.73864588547826,30.9431025653337
1.49213182036932,29.6431637317158,30,32.9081344689547,1.52719145853319,29.8433777624264
-1.10546635143032,15.6803043009904,18,13.322212588562,-0.998223387634782,16.2262086043192
-0.2053556471253,20.8072350484964,22,20.4798191776182,-0.0207420510806998,21.7927981123849
-0.96932326774958,16.4720312190136,16,14.4275253001092,-1.26042565768342,14.7026765594323
-0.525080672841973,19.0554731830882,20,18.0265489235125,-0.412447769330888,19.6448001865237
-0.428520977906622,19.5940236613058,18,18.7828556596871,-0.98613029338066,16.297640998426
0.295523243890163,23.4397143391408,27,24.0852651880449,0.419931878653273,24.1014574145483
0.286775768228876,23.3948808877108,22,24.0237974686961,0.246598962112297,23.2080494136961
-0.227918541424729,20.6860301139754,22,20.3113680265876,-0.150821170908518,21.0892182008178
0.540016524350382,24.6789756979616,26,25.8002854346526,1.48138005824683,29.6015549347677
-0.530609784497713,19.024323996907,21,17.9828456250722,-0.291789260381455,20.316556279639
1.68771768906408,30.6704340687081,34,34.3790246636748,1.96662386174215,32.0524885294439
-0.226538177085967,20.693452464706,17,20.3216927166784,-0.215904143973539,20.7338994046502
-0.112150787382762,21.3055470259823,19,21.1689150387,-0.306073006943962,20.2375926236251
-0.0240436920949908,21.7734814318725,21,21.811152152224,-0.450438755868072,19.4308299999587
-0.383819442598087,19.8401122444087,18,19.1284356215898,-0.340337954899056,20.0475890356778
-0.950839204455921,16.5805178569272,16,14.578442972553,-0.917486921467429,16.7042406534044
0.307943325597768,23.5032955660185,22,24.172498746264,0.0849642386734144,22.3577787585826
0.099190803415604,22.4225340848134,23,22.696733141941,-0.272817625235549,20.4212272172445
0.983842613984432,26.9440920350105,30,29.0012087486392,1.33529290738361,28.8288982314792
-0.176844454323144,20.960053818157,22,20.6917447043558,-0.131879845070102,21.192209595524
0.217065957602325,23.0359750940407,25,23.532883744577,0.736404372571452,25.7110449418998
0.115560103694032,22.508191845006,23,22.8134094648443,-0.233300690020382,20.6385292596249
-3.05223408361158,6.31257448881343,3,0.996037405939806,-2.81436956872665,6.70586547857353
-0.96499194816033,16.4974372448863,16,14.4628769423164,-0.397203861919451,19.7303022827769
-0.995368314063913,16.3194856184168,16,14.2151359471045,-0.969079338714185,16.3984767304672
-1.46579984686069,13.6684840991708,14,10.4816930144106,-1.68500845178504,12.3111339844225
-0.201973282189709,20.8253836367319,22,20.505014562511,0.0826410338140805,22.3454332276843
0.217577302738031,23.0386184398071,26,23.5364928194457,0.14812067553246,22.6920720293087
-0.0817794102592761,21.467183269881,20,21.3912485738468,0.180722371634329,22.8636101237853
-0.0903714422948767,21.42149194962,19,21.3284552716602,-0.00916207410524114,21.8550024699803
0.964014150253585,26.8407878737273,30,28.8535217555877,1.06655514437523,27.4154971933394
-1.3694878901751,14.1956993747222,12,11.2279562889285,-1.47172006310898,13.5091291635246
-0.641629469953953,18.3915660784506,18,17.0969930587778,-0.414773568610791,19.6317374732086
-0.689389922900354,18.115317784044,16,16.7115702136321,-0.793067182559618,17.4426523077902
0.115110096682564,22.5058389547395,24,22.810204598127,-0.0798279955549088,21.4742919306136
0.502834661243629,24.491639226683,26,25.5390348723329,0.593411198344801,24.9838356267684
1.99571579761179,32.1526863201381,35,36.4227281766562,1.71430632284592,30.8187999945872
0.238963457493012,23.1490304138788,26,23.6873206516267,-0.00222333044468754,21.8922401487569
-1.94511696921892,11.0701623158135,9,6.89568590784122,-1.91734218078636,10.9969949157694
-0.152516979192314,21.0901704974362,23,20.8717702483626,-0.00916655212241435,21.8549784295325
-0.0048832387251086,21.8748396773741,21,21.9497515921748,0.423352767012537,24.1189338283444
-0.716241851914199,17.9590883478194,17,16.4939425872979,-0.634154000654862,18.3770472522674
0.742725551623606,25.702980078935,25,27.23830226541,0.770461543212574,25.8849818542489
-0.734052750973516,17.8551421471609,16,16.3492690429374,-0.428953848563521,19.5519929637914
0.508788073157608,24.5216447894485,26,25.5808347922914,0.238562235496159,23.1661845812108
1.81640854086228,31.3174269066101,32,35.2847575829623,1.72378723756144,30.8673168894324
-0.291931139482883,20.340677168457,20,19.8297641102059,-0.174676701669618,20.9592419573725
-1.67890083061395,12.5117820816187,11,8.85937990228825,-1.39942945415574,13.9153189912897
-0.96412700471921,16.50251187796,16,14.4699374527088,-0.940831137517488,16.565788086968
1.320634147113,28.7265749640266,32,31.577320915117,0.859065178273486,26.3394363205088
-1.68421654356782,12.4829571386543,10,8.81940189527017,-1.52916970748543,13.1868916371708
-1.22352283737517,15.0079412157339,16,12.3767720460001,-1.18798133198185,15.1182093220396
-0.969358406058389,16.4718251505119,16,14.4272385393511,-0.920523370106519,16.6862242488194
-1.14748533323452,15.4393341665991,16,12.9841126042824,-1.47088836782872,13.5137960464248
-1.47115198944645,13.6393221539823,16,10.4404751852698,-1.23807026188584,14.8304674508505
-0.193922193417592,20.8685617338175,22,20.5649285695895,-0.535157894515607,18.9488753769976
0.218710617919272,23.0444764323427,25,23.5444912846157,0.216904029956446,23.0531485206214
-0.219641959417309,20.7305197660589,22,20.3732367883172,0.0697578624575148,22.2769111980788
-0.0623172498900125,21.5705770563189,19,21.5331864354596,-0.424478306754541,19.577180728732
-0.456057117974031,19.4414599563523,17,18.5685353962448,-0.303523997858857,20.2516942199994
-0.259079816255479,20.5182058100395,21,20.077617461895,-0.605412697086558,18.5440037344721
0.453755845122946,24.2440235527277,25,25.1947673764668,0.238522354825769,23.1659767283442
1.43261239309987,29.3255151044734,30,32.4479420829119,1.7606136603779,31.0545468776591
0.0934095222524043,22.3922477822097,18,22.6554769004317,0.124466546228291,22.56717099838
0.382881349606391,23.8851660576267,23,24.6980878529374,0.164463663861868,22.77815166592
0.996036375061488,27.0077291014893,25,29.0922831253633,0.983397253927513,26.9822997997748
-0.303682207122314,20.2770091313515,20,19.7407433562297,-0.1200065669804,21.2566755712514
0.347739433119465,23.7064472160027,23,24.4517405525414,0.217635427962924,23.0569708773748
0.703809808541264,25.5054898292163,25,26.9598081164706,1.34028063966704,28.8552669078424
0.877049261029432,26.3903646326497,28,28.2117448666691,0.858384350488018,26.3359328371233
-2.3696784571574,8.90791514381935,7,4.08445713764013,-2.81460474332899,6.70505269134245
-0.245380974102026,20.5920477522673,21,20.1805367517146,-0.282108315363297,20.3699974649512
1.55798186975354,29.9927633507886,31,33.4122486916516,1.53872993464552,29.9041837942614
1.28535216685018,28.5380382648848,31,31.3031006201819,0.72748161249668,25.6655348928797
-0.428410590388372,19.5946337184406,18,18.7837126218189,-0.0895633043142029,21.4216389406502
1.72390585587277,30.8554869616506,35,34.6400111237181,1.96385142914562,32.0397549408691
0.6994569777377,25.4834380643957,24,26.9287434146325,0.965784309344615,26.8908671805191
-1.68566812519505,12.4750855849587,10,8.80848930963259,-1.98855647479798,10.5955647102709
0.957666283152253,26.8077630142019,24,28.8063488190456,0.635045450598462,25.1952273863836
0.41303218854721,24.0380584019526,24,24.9093675690883,0.669098134215318,25.3682773070665
1.95403264045261,31.9667490945103,34,36.1727287341264,2.69046850759472,34.5479449530851
-2.17547932267818,9.85829993103808,10,5.30091841152621,-2.23237462758919,9.26243879805919
-0.98287889605392,16.3925854380282,16,14.3169411839025,-0.987655285980133,16.2886290554612
0.155519456552248,22.7166746804934,25,23.0974216018299,-0.176828035622529,20.9475057867161
0.856940011514295,26.2868316599437,27,28.0646931015455,0.449717480850619,24.2534740156846
-0.986969944595756,16.3686300573689,15,14.2835847641101,-0.423892523963502,19.580476133293
0.267773109058837,23.2973323787667,26,23.8901756411792,0.685791849715659,25.4531894463653
-0.228081605963886,20.6851532366076,21,20.3101481895904,-0.330626238713521,20.1015273869703
-0.22411202348621,20.7064957947411,21,20.3398335102411,-0.149950804051016,21.0939547733165
0.592238951130668,24.9420292293931,27,26.1681811110563,1.1964016838063,28.0962652132815
-0.00840195900184723,21.8562370652325,21,21.9243254150517,0.101182671544737,22.4438692187461
0.142510670629173,22.648901522522,19,23.0050819413861,0.54092099079797,24.7173704294169
0.565108784553404,24.8053585869871,27,25.9768924004029,0.290158973676305,23.4342275508145
-1.60689476546941,12.9021654906601,12,9.40330790402779,-1.52706536410863,13.1986936863839
-0.92773277221379,16.7163451438805,16,14.7672695133762,-0.833453114282913,17.203152698176
-0.575302605355977,18.7712600043027,20,17.6280843141447,-0.49622986075435,19.1711770907857
0.128626158087383,22.5764603581381,23,22.9063993911423,0.229686289961402,23.1198981838443
-0.720564979856144,17.9338802869484,21,16.4588491013019,-1.14611431114922,15.3602843934332
1.06585316920959,27.3736270508946,27,29.6173985273494,0.791624508095408,25.9932631797261
-1.28043348165507,14.6889442762833,15,11.9261881317881,-1.5543977443732,13.0453838633388
-0.282661594091033,20.3908368943329,20,19.8998504345965,-0.119717645412087,21.2582433748635
1.11940377795784,27.6559323166175,28,30.0242320149989,1.93093947303274,31.8869497845169
0.858410617603522,26.2943952858347,28,28.075430474935,0.541330998838073,24.7194524550627
1.35989810589339,28.9365814739223,27,31.882797568083,1.16440188946183,27.9280599643536
-1.29225298516415,14.6230862178686,15,11.8330407538367,-0.960514415529405,16.4491748162497
-1.34460213672309,14.3328814932685,12,11.4222494958476,-1.44922522723098,13.6353928205828
0.82232747239225,26.1091636679819,27,27.8127171087442,0.656224307431319,25.3028324334889
0.403445947162329,23.9894881218303,23,24.8421954124467,0.33298185957892,23.6554204963946
1.4736003154436,29.5443850232124,30,32.7652119472399,1.47672689277683,29.5769647813829
0.985551275740049,26.9530042738412,30,29.013959054894,0.953937801136632,26.8294353501151
0.294534706802453,23.4346500045355,27,24.0783200751964,0.29245964390937,23.4461396477004
-0.268265016436427,20.468634451442,21,20.0084668863606,-0.172018077549223,20.9737421663162
-0.505953556643603,19.1629621727771,16,18.1774095742204,-0.336239937270079,20.0703576610861
-1.68856826755491,12.4593585733503,14,8.78669247701064,-2.03190311355348,10.3528558080665
1.54974242836005,29.9491685050568,31,33.3495522336473,1.45190563920056,29.4457366854508
0.628504447200853,25.1248537467338,23,26.4245333387358,1.30211327582839,28.6535685113817
0.168651687472161,22.7849920377598,24,23.1905258683287,0.496271599969891,24.4904968122409
0.478079479069793,24.3668082838247,25,25.3653249534479,0.672036505420209,25.3832190681868
-0.609225318405757,18.5776689636793,18,17.3571097243566,0.103890473526174,22.4582265100807
0.552720857427287,24.7429643569594,26,25.8896679989178,0.614450575784218,25.0906431185435
0.523952795539022,24.5980562373918,25,25.6873587498743,0.870717494021919,26.3994265650242
-0.416774311783629,19.6588744485319,23,18.8739483393643,-0.223166383171349,20.6941078937611
2.28457568332713,33.2835566628203,34,37.8994172410899,1.82495799602207,31.3762348222207
0.20976706241717,22.9982270029587,25,23.4813533910146,-0.26830654418591,20.4460819323111
0.255355047769604,23.2334696352665,26,23.8027803822004,0.355392380265815,23.7707516849369
-0.787946701796435,17.5393423256036,15,15.9102287857776,-0.683040107130502,18.0914470512241
0.59711923069214,24.9666208962641,28,26.2026327207103,0.412527891357346,24.0636159319701
-0.432720503675618,19.5708059550646,22,18.7502407055355,-0.53615124415517,18.9431836916906
0.192658247040608,22.9096187343397,25,23.360452794146,0.0328006930447765,22.079787820906
-0.462361706156064,19.4064190931776,16,18.5193113063327,-0.646489670585178,18.3051669620509
-1.75236274009361,12.1133226422843,13,8.30920876296111,-2.16935730206793,9.59783681841063
1.50747245273322,29.7248233334892,31,33.0261404185656,1.05208906684075,27.3399676642721
-0.819202234348062,17.3555485672377,15,15.6549523244966,-0.869986392535337,16.9862462948896
-0.691580900161126,18.1025934640101,17,16.693836365911,-0.721432486596861,17.8658745302793
-1.13976558239805,15.4834697732265,18,13.046101706189,-0.968155029040305,16.4039465375133
-1.34660092125135,14.3218459295498,13,11.406620975701,-1.64894820962555,12.5142331235688
1.08996599243916,27.5005757119624,27,29.8001684302034,1.1633496969728,27.9225336413035
-0.13928323389863,21.1608503941109,23,20.9693991132965,-0.294819693446996,20.2998148457708
1.50921727557557,29.7341040386577,30,33.0395429044495,1.52208584173822,29.8164567752228
0.938963485827217,26.7105949395663,29,28.6676649831032,0.999220477294467,27.0645398043832
-0.54456519245012,18.9455490432335,21,17.8723548446244,0.0416022689061318,22.1268077116842
-0.860757777183944,17.110796048074,19,15.3151253283494,-1.03871597219938,15.9876130966335
1.58242816941244,30.1217968619482,32,33.5975041034271,1.17782820149062,27.9986029971482
1.74614652888738,30.9681035946701,30,34.7981111529096,1.55451230234565,29.9872684317909
-0.343628429930119,20.0598544639656,19,19.4366736002055,-0.384063363041739,19.8038501307604
-0.211256980707744,20.7755576735713,21,20.4358246062028,-0.270735104584684,20.4327028824173
-0.744449216115231,17.7943610498274,16,16.264714623566,-1.3470809603449,14.2105778841433
1.31531032209688,28.6981128758363,32,31.5359182871509,1.35736323893564,28.9455972912718
-0.536761099258583,18.9896286539583,19,17.9341754668506,-0.869825741081256,16.9872003075366
0.809556660340928,26.0437775430397,27,27.7200978603015,0.314184600229683,23.5584628978036
0.307829440871646,23.502712961709,21,24.1716990735447,-0.493683372630706,19.1856684275752
0.469510173490227,24.3235675219728,25,25.3052251497184,0.227831067864159,23.110216902284
-0.0336812176729361,21.7224430121486,21,21.7413001995187,0.129712613770967,22.5949035381526
1.22420995033663,28.2119714042338,30,30.8293195252095,1.15766055057411,27.8926582104495
0.0543824355516722,22.187354073388,23,22.3762723176902,0.106342221616551,22.4712221172403
-0.399238961795621,19.7554365412201,18,19.0095579112411,-0.218004065166626,20.7223965128708
0.244954057046435,23.1799090031705,26,23.7295312198366,0.0145797348585817,21.9823047386783
1.45728456913638,29.4573162919083,29,32.6390875375068,1.42802932832715,29.3194415204231
0.100529517107435,22.4295446880101,23,22.7062827659845,-0.401053187615932,19.7087302449076
0.511298065722173,24.5342938719712,26,25.5984610468315,0.677992880887307,25.4135128866718
0.430390569017477,24.1259191385762,25,25.0310046833565,0.293967502653035,23.4539450375849
-1.54960967312504,13.2128526463339,13,9.83911811910888,-1.21726726856021,14.9497296485452
-1.25385222594318,14.8375393734439,14,12.1362127773648,-0.529705374031172,18.9801002345409
-1.8253106652432,11.717647166189,13,7.76840725103759,-1.63552604323629,12.5897456527809
0.456439019048604,24.2575756508297,25,25.2135771548102,0.497851903857935,24.4985328310263
-0.313349363366081,20.2245619987224,20,19.6673643377294,-0.344171058116005,20.0262809876705
-0.208447828061164,20.7906387939625,17,20.4567725071629,-0.340832414465625,20.0448409724287
0.877510956864408,26.3927444069711,28,28.2151268913163,0.639338217795914,25.2170328005748
-1.79880203851706,11.8613951452088,8,7.9642240998631,-1.83175402729054,11.4815120725811
0.012087794634863,21.9644881264418,21,22.0722175501898,-0.130835922370723,21.1978804614983
-1.89946070989868,11.3162773270241,10,7.22563680671303,-1.94141297667281,10.8610331283191
0.0372553958700079,22.0972035509771,22,22.253338917121,-0.515553672893245,19.0610088823895
-0.777132920238289,17.6028375601901,20,15.998453003405,-0.851630301507612,17.0952459780702
0.223892234568445,23.0712498016421,21,23.5810527131229,0.0473314968052138,22.1573899437102
-1.46788116210758,13.6571424035281,16,10.465661381256,-1.61888382207649,12.6833152087463
0.527335103044976,24.6150957662062,26,25.7111281842158,0.196754420621366,22.9477031619701
-0.651393739288794,18.3352717078038,17,17.0183846541903,-1.17987456654433,15.1649702137331
-1.32139009653397,14.4612731308473,13,11.604045517022,-1.09241867353352,15.6728356390375
2.19321918789324,32.9562943337053,32,37.4800066405132,2.1278686846915,32.752405857954
-0.632752125479014,18.4426614373561,18,17.16837161114,-0.875478631418315,16.9536311761696
-0.347611253522663,20.0381376370467,19,19.4062318680769,-0.534481740650461,18.9527490528124
0.222320960839584,23.0631327581564,20,23.5699672444197,-0.0784729707479238,21.4816166678733
0.260726606611159,23.2611054229796,26,23.840591745898,0.288836311660044,23.4273777488545
1.14773364561656,27.8058067006074,28,30.2407808300425,0.97564637869378,26.9420489936576
1.71088936268492,30.7891727272846,35,34.5466529098796,1.60601733524819,30.2575253978628
-0.763740277971933,17.6813924844416,21,16.1076333536267,-0.910018711161172,16.7485601662881
1.48008127418958,29.57894564109,30,32.8152384867893,1.22988915759002,28.2725562060153
0.842452832820419,26.2123866130638,27,27.9590559614676,0.971698533770705,26.9215562126477
-0.642447482656521,18.3868537106339,18,17.090411471577,-0.346199357374075,20.0150013150373
1.42030160323199,29.2597026836278,28,32.3524108617392,1.12006457934262,27.6954540153231
0.195956198922738,22.9267128223404,25,23.3837705797787,0.439358349595686,24.2006414015484
-1.18646127315016,15.2174506567249,16,12.6720501294214,-0.989511026674203,16.2776640828177
-0.969958020887482,16.4683088136569,17,14.422345217691,-0.396842616605767,19.7323261023396
1.21665787581323,28.171770617076,30,30.7709736436263,1.89312324658907,31.7078078825442
2.0529182569586,32.3988529867469,30,36.7506484100303,1.86166451129932,31.5560878428396
-2.5322218515593,8.18231660636163,9,3.18047428565195,-2.24664805449366,9.1876582764927
0.516407463406089,24.560040254261,26,25.6343475286015,1.15733311023726,27.8909389850682
1.4684444881655,29.5168802733618,30,32.7253835169696,0.864974097928356,26.3698508185099
0.867651704839868,26.341952283331,28,28.1429625539131,1.02307391238227,27.1886874275443
-0.145640430778897,21.126906066794,23,20.9225265972152,0.286546507136976,23.4155167072898
0.509652973759574,24.5260035388717,26,25.5869082815602,0.248359264104357,23.2172134509496
1.49252672655217,29.6452671942707,31,32.911175907162,1.71746202942193,30.8349621576829
0.87225882781544,26.3656799566998,28,28.1766693476034,1.27679297724557,28.5198824810805
0.913558407192284,26.5789278492793,28,28.4800020350695,0.411328785060246,24.0574851814868
-0.251652102799559,20.5582569372245,21,20.1334531827369,-0.441780696719193,19.4797065896969
-0.366923609132631,19.9326537977905,19,19.2582992860165,-0.324386978608019,20.1361436578734
1.03573698433568,27.2154796521904,31,29.3901281630705,1.09591477399009,27.5689951562339
-0.446827107958133,19.492685276258,22,18.6404969017773,-0.830573110561205,17.220244883618
1.31264425514059,28.6838611638143,32,31.5151873295022,1.10515579068808,27.6173644730626
1.92104544148787,31.8158714966314,34,35.9684353642833,2.11866304203426,32.7147161101643
0.230298722929866,23.1043296304447,20,23.6262384611888,0.274971030316398,23.3555055968204
1.06109299138174,27.3485995693282,26,29.5814010593532,1.48016632441962,29.5951412139429
0.701010435440878,25.4913071763786,25,26.9398280261917,0.842096600914177,26.2521717557502
-0.556619661736842,18.8773255286778,21,17.7767050771523,-0.772811656152978,17.5625734683841
0.0833675357809642,22.3395998954136,23,22.5837533809361,-0.117995786228646,21.2675859869157
1.53336858649727,29.8623946648047,31,33.2246074020221,1.45476995422141,29.4608842512011
0.532909703189676,24.6431778162335,26,25.7503131516562,0.820025973489472,26.1388364554153
-0.841502162586963,17.2242411476876,19,15.4726320058571,-0.910824284655834,16.7437790587602
-0.737630827418745,17.8342320085591,21,16.3201770232193,-0.735314875036369,17.7840689266825
-1.05054611587322,15.9978588453723,14,13.7664953215822,-0.937664428701893,16.5845610335431
0.562156258208174,24.7904873791325,26,25.9560970169433,0.755971854232875,25.8109338517359
-1.13300537009091,15.5221700871506,13,13.1004334941224,-0.864083324898297,17.0213007732197
-0.00158877950540887,21.8922519929377,27,21.9735464407422,0.0497799822166055,22.1704538492637
1.49783422188938,29.6735308432599,30,32.9520341531736,1.14066293541277,27.8034507442332
0.661423609964331,25.2910397613761,23,26.6579866906922,0.575024868044814,24.8905074449557
0.967814266739523,26.8605689451708,30,28.8817865097031,0.304851501811934,23.5102439465257
0.00116512717707458,21.9068038099342,21,21.9934290624326,0.0284297407762491,22.0564204523693
-0.183318103637654,20.9253870391201,23,20.6437157446412,-0.185933888615936,20.8978033733743
0.400982447370986,23.9770004516947,24,24.8249331738336,0.433869659116966,24.1726329144923
-0.476989826879824,19.3249531350472,22,18.4048802796333,-0.484948193157179,19.2353310459479
0.189962739973043,22.8956424362307,20,23.3413899382663,0.542596197021752,24.7258770377187
-1.47987755253369,13.5918030220339,10,10.3733327055335,-1.55321643844062,13.0520110459424
-0.25855658993904,20.5210281300948,21,20.0815531090985,-0.474125843095003,19.2967600341828
-1.22218637261198,15.0154714873654,15,12.3873948016884,-1.24764319987503,14.7756991857467
0.0578906140795853,22.2058027886672,22,22.4014218393138,-0.0449737425555373,21.6623981375559
0.378182176189455,23.8613016576704,24,24.6651545013989,0.348402130673465,23.7348076391766
-0.314605854709784,20.2177404055935,20,19.6578172188345,-0.635555420747575,18.3688877464411
-1.90203634142433,11.3023665558667,12,7.20692994691011,-1.70018355058009,12.2255628198277
-1.31604032255651,14.4909274860999,13,11.6460239418875,-1.24739253629488,14.7771323813828
0.792575773044281,25.9569711979328,27,27.597228639968,0.958628239535497,26.8537519144318
0.399683663644251,23.9704158151675,24,24.8158322792021,0.0733265270839567,22.2959021961947
-0.552994392129198,18.8978605632293,15,17.8054910629819,-0.644663516328022,18.3158162309872
-0.569613920325616,18.803597481071,19,17.6733848514001,-0.0793362353376761,21.4769503042312
0.0516180555369997,22.1728126937406,22,22.3564475482355,-0.329261332980628,20.1091024734673
-0.0607878763789706,21.5786958217258,25,21.544322937046,-0.118973839627627,21.2622793658156
1.21020358596094,28.1374281446703,29,30.721144724165,1.00088711657398,27.0732073646728
1.24340727058869,28.3142404542767,30,30.9778241846291,0.740643162172589,25.7326730844615
0.752235542194442,25.7513418655292,25,27.3065785893397,0.829699032096055,26.1884856461618
-0.994198903837237,16.3263259082617,16,14.2246646592456,-0.755159110211809,17.6669379407418
-0.239123145507275,20.6257456629644,21,20.2274679763677,-0.194224214210665,20.8525136636352
-0.324516170705205,20.1638971132223,20,19.5824380774519,-0.418522019872869,19.6106746728416
-0.952253794555526,16.5722095502697,16,14.5668885193331,-0.959775072306695,16.4535525440332
0.522267150833721,24.5895638574788,26,25.6755142448637,0.41058363373973,24.0536750875636
-0.991959186785396,16.3394292691325,16,14.2429166390787,-1.29391758605975,14.51190530608
-0.123467020417355,21.2452324312366,22,21.0858066004702,-0.439271888764173,19.4938566870891
-0.0100905625456952,21.8473080076938,21,21.912119349084,0.261938013188111,23.2878351770549
1.40992789168953,29.2042280988842,29,32.2718476427929,1.51031740990541,29.7543720948281
0.160339478323727,22.7417613470956,24,23.1316071346651,0.209996814899216,23.0170330117014
-0.993230349069272,16.3319919963975,15,14.2325573056733,-1.551986685192,13.0589098817423
0.81880479545318,26.0911188344422,27,27.7871506522096,1.35413529345206,28.9285262301888
-0.0667309273594555,21.5471417877741,19,21.5010332004544,-0.198327007260674,20.8300864955516
-0.0447771897919242,21.6636354075017,21,21.6607606880413,0.425706859736588,24.1309575393816
-0.494599279231646,19.2265758418056,16,18.266722982297,-0.572412855997184,18.7347626191723
-0.42029558558098,19.6394484173896,18,18.8466627074868,-0.632574316500743,18.3862426151542
-0.99401640238143,16.3273935034021,15,14.2261518044863,-1.61726979454626,12.6923866589767
0.166091922855085,22.7716833360261,24,23.1723863411865,-0.667923597909896,18.1799670295837
0.32089372258097,23.5694991519987,23,24.2634104232144,0.327238335075919,23.6258169338775
-0.396858860985615,19.7685208810499,19,19.0279299734585,-0.172868457791725,20.9691045751035
-0.348432786530965,20.0336565741518,19,19.3999498526053,-0.186517644293617,20.8946155520016
0.143859490963269,22.6559330880057,24,23.014661464336,-0.191855023411868,20.8654602451257
-0.967581667374493,16.4822456559182,16,14.4417390314694,-0.613894950039083,18.4948081143726
0.0336379040276919,22.07814502354,22,22.2273405287685,0.52169008295612,24.6196928826906
1.31364655909377,28.6892189489454,26,31.5229808813655,1.05829214976493,27.3723464359635
1.10794164273554,27.5953940494829,28,29.9368699436182,1.18474352646569,28.0349547737985
0.152051327013537,22.698615890243,24,23.0728148968887,-0.419153876099676,19.6071230286385
0.488828215611801,24.4210240132482,26,25.4407317062772,0.492527536605706,24.4714556231871
-0.731239613427989,17.8715756034682,16,16.3721352071355,-0.332042593880327,20.0936653305585
-1.75542025691549,12.0967350174721,9,8.28642417112219,-1.05040526036876,15.9189247560008
0.357463070715839,23.7559580940716,23,24.5199204927886,0.329222059961874,23.6360437049328
0.0313476857476239,22.0660760775448,22,22.2108750193686,0.197954234608441,22.953989591618
0.44234321635586,24.1863575444544,24,25.1147717648667,0.512728275886365,24.5741557418194
-0.663977450759387,18.2625805106603,17,16.916930833158,-0.539708096179927,18.9227958736433
1.58384822264295,30.1292767897753,32,33.6082280409185,1.16963545379326,27.9555520043174
0.718165606967875,25.5782695639601,24,27.0623799142158,0.69666986010906,25.5085534643111
0.43202696832792,24.1341963704796,25,25.0424723243667,0.37329195340821,23.862673433395
0.016961940872233,21.9902126722404,22,22.1073401455686,-0.215209821010439,20.7377022017577
-0.573947547690675,18.7789661982931,20,17.6388787543901,-0.484953909327133,19.2352985711078
-0.141085185302389,21.1512304796999,18,20.9561179684549,0.236366672059868,23.1547400158156
0.438447441926991,24.1666637343613,25,25.0874679205289,0.776649495662666,25.9166265074883
0.826542387309014,26.1307634058881,27,27.8433263306355,1.09131527627122,27.5449302052879
0.598741971443876,24.9747984934845,23,26.2140912254397,0.755263121043623,25.8073137407672
-0.331821843082683,20.1241592264054,20,19.526780995682,-0.464868209211972,19.3492204620818
-0.958614640167484,16.5348618608683,16,14.5149419642792,-0.629357802014459,18.4049592375482
-0.896495189205285,16.9002361106059,12,15.0227441716027,-0.713841702848291,17.9105540105272
-0.0521139977167335,21.6247246065462,20,21.607437073042,-0.558473510676782,18.8150311499516
0.0253465567905485,22.0344402411979,21,22.16770753381,-0.175363349843061,20.9554963523442
-0.803031096865464,17.4506852219805,19,15.7870748157457,-0.570175346376525,18.7476596216402
1.16200860568331,27.8814535250754,28,30.350218079013,0.901812861251001,26.5597800786621
1.053673239191,27.30961161115,27,29.5253471482012,1.40378639740788,29.1911791767683
-1.22526006863736,14.9981555804934,15,12.3629666710306,-1.04661100890168,15.9412105101439
-0.397449209861991,19.7652759899166,18,19.023373822043,-0.30033276709591,20.2693424677629
-0.876184393299781,17.0198961374975,13,15.1889142285015,-0.724372868558564,17.8485574697175
0.873053138125542,26.3697720555647,28,28.1824833336092,0.748013742653935,25.7702942889782
-0.270339272543169,20.457433112445,21,19.9928349789087,-0.240278018166117,20.6002294777127
-0.636720583569656,18.4198303566352,18,17.1364738071665,-0.554033558407264,18.8405591792611
1.87750423860983,31.611957129326,34,35.6903364163535,1.83325725597478,31.4171503769694
-0.57018401444524,18.800358423966,19,17.6688469051774,-0.76266921465475,17.622555283143
1.40597497797261,29.1830860683413,30,32.2411357626602,1.18582797622134,28.0406564917308
-0.266818882559613,20.4764423163072,21,20.0193616929063,0.273958265573527,23.3502510181672
1.11469475401953,27.6310540205365,28,29.9883227381901,0.834612312122394,26.2137179595397
0.586272939382954,24.9119700418329,23,26.1260829679666,0.385828411261981,23.9269563479707
0.697847270816137,25.4752849696262,30,26.9172596486994,0.744468270278148,25.7521952186005
-0.738829501458965,17.8272249959428,16,16.3104290354114,-0.693585242650613,18.0295934933863
0.803472553044426,26.0126580185554,27,27.6760380989294,1.00521829940306,27.09573690874
-0.110311389337639,21.3153462403217,19,21.1824099733513,-0.652413035188266,18.2706053353844
1.14496109589585,27.7911239025052,28,30.2195498375721,1.36016220018358,28.9604003849795
0.252393479265185,23.2182254537921,26,23.7819282230184,0.674909226214461,25.3978286658983
0.119421572106401,22.5283772604329,24,22.8409040336673,-0.60781719429642,18.5300647298791
-1.32086674509794,14.4641730479113,13,11.6081508174972,-0.947357879223997,16.5271059014208
-2.07847810278782,10.3604512221306,12,5.95589288005344,-2.10318453432406,9.95795854323573
0.883172865405269,26.4219382402998,28,28.2566230253872,0.508826353064112,24.5543247656551
0.519523553415235,24.5757408768683,26,25.6562379131691,0.344439118375687,23.7144178390143
0.352309693833989,23.7297240250482,23,24.4837880993819,-0.277147914146072,20.3973564740902
-0.578763754901242,18.7515670472553,20,17.6005020815078,-1.00041213154647,16.2132879628502
0.0409344658905837,22.1165803520567,22,22.2797679483335,0.238067521239463,23.1636061200352
0.413262152103291,24.0392231090138,24,24.9109789589676,0.00522315600715521,21.9321729449726
0.43897067299345,24.1693090391243,25,25.0911349461912,0.170627167437332,22.8105689342941
-0.612900511725507,18.5566185291655,13,17.3276685920373,-0.295896320051732,20.2938656170018
0.889116267837008,26.4526033853804,28,28.3002249564676,0.981260385755234,26.971200667496
-0.508694763314395,19.1475826618634,20,18.1558200631467,-0.518594440434246,19.0436403527229
1.24734650515,28.3352390496459,31,31.0083284003291,0.852761407813462,26.3070046229807
-0.0555441196037119,21.6065257898156,20,21.5824877989178,-0.405186387894145,19.6855534265682
0.137627715984581,22.6234374826651,23,22.9703921108225,0.139759492561266,22.647964510692
0.297233831220578,23.4484764531503,27,24.097282441064,0.436969150267923,24.1884508148052
0.809965188352737,26.0458678274492,27,27.7230578159811,0.597339300713484,25.003775219447
-0.130570793041736,21.2073447155692,18,21.0335591761309,0.393246927361731,23.9649602659778
0.572089638594601,24.8405207849003,27,26.0260769380777,0.638992563651409,25.215276936824
0.0361319503316059,22.0912853883196,22,22.2452661246,-0.701847830987147,17.9810719084428
1.54952792003544,29.9480328877337,31,33.3479183428214,1.86756392600047,31.5847165775075
-1.08312096511338,15.8091676667458,14,13.5026723578134,-1.53059453122419,13.1789005404006
-1.05157535082683,15.9918825332607,15,13.7581467816371,-1.0969756071568,15.6462224000767
-1.56980393167481,13.1032926381435,13,9.68517606532469,-1.07853935612972,15.7539900496407
-0.851748054411901,17.1638815982118,14,15.3888290798778,-0.868294482391148,16.9962935199944
0.0749864724094663,22.2956205911611,23,22.5238311696548,-0.240647430669632,20.5982009100254
0.557852027649807,24.768808276064,27,25.9257885058056,0.710313466735988,25.5780342373436
1.99419835817926,32.1460125415024,35,36.413789184121,1.72819492742271,30.8898306818294
-1.31874357324359,14.4759400355949,14,11.6248084376055,-1.10568907630914,15.5953789407714
-1.53216654882457,13.3075375813388,15,9.97236144470255,-1.65154088413031,12.4996417444922
0.430402225056334,24.1259781003643,24,25.0310863665169,0.408285737126024,24.0419240217969
0.482587033349008,24.3895468837018,25,25.3969441403435,0.167755554526813,22.7954687028823
0.681739344899993,25.3937503808463,29,26.8024658687476,0.495461402152918,24.4863766545589
0.827844429845993,26.1374378237101,21,27.8527860645763,0.582874887911602,24.9303535992212
-0.238383927949355,20.6297249129618,22,20.2330083654135,0.490072724633851,24.4589694396479
-0.167389911356006,21.0106512153563,23,20.7617956318708,-0.290614414780517,20.3230449991382
0.508100940752336,24.5181818497004,26,25.5760097846874,0.359431332021769,23.7915080685254
-1.17804824684728,15.2652096867303,16,12.739278374335,-1.75164595099233,11.9349347462055
1.29877909484938,28.6097620600387,27,31.4074078272291,0.951728184349292,26.8179829909355
-0.59981604396925,18.6314947922782,20,17.4324120553436,-0.630194634865838,18.4000906528436
-0.851164396292749,17.1673203093423,19,15.3936033464694,-0.0931594312264245,21.402177175007
-0.360212172173266,19.9693461996704,19,19.3097697773548,-0.529575831485494,18.9808417350992
0.590939205331424,24.9354802750161,28,26.1590080056704,0.0633262719398001,22.2426651768487
-0.352956918746653,20.0089700071856,19,19.3653378134109,-0.327194351169374,20.1205714430738
0.524479255435851,24.6007085222362,25,25.691058223409,0.56629175165738,24.8461774608709
0.666693321436793,25.3176696892605,23,26.6954320520579,1.08334680975178,27.5032540698886
0.289215772018979,23.4073911013252,22,24.0409456935474,0.130506673377513,22.5990996466925
1.23662544738214,28.2780994321975,30,30.9253322344625,1.30500845596707,28.668861149267
0.797605956175287,25.9826696537891,26,27.6335924976379,0.224592042033118,23.0933088656887
0.34439044684252,23.6893837166623,23,24.4282544983947,0.786435871853212,25.9667005723912
-1.48870160810992,13.5437751372667,14,10.3055006969066,-1.53023912320581,13.1808938461943
-0.405986151878199,19.7183160570453,18,18.9574314296492,0.159824042672332,22.7537325660862
1.95197824960312,31.9574470885585,34,36.1601703511415,1.41743063519969,29.263368463645
1.8774859052224,31.61187017652,33,35.6902173503607,1.74148714486009,30.9575579141742
0.17757369002153,22.8313491734212,20,23.2537191711977,0.200734172163727,22.9685513565515
1.14781672306619,27.8062467093044,28,30.2414171256979,1.64614818259465,30.4668486160559
0.660362328871871,25.2856776719023,28,26.650448045761,1.06680504504482,27.4168025641606
-0.689873481773548,18.1125098351767,17,16.7076566439212,-1.09637423781856,15.6497335829568
0.709290418884901,25.5332653251688,25,26.9989451242192,0.391570154653277,23.9563726892676
0.0221110162476567,22.0173769387319,21,22.144419989809,0.072382464683047,22.290879036957
-0.291467929618281,20.3431850118083,21,19.8332692340546,-0.51858864000282,19.0436734926157
-0.62477847678744,18.4884845613186,18,17.2324092957249,-0.765274719856846,17.6071510331357
0.217534524709228,23.038397309268,25,23.5361908971644,0.0522213931737305,22.1834764475318
0.162518476221585,22.7530979149822,24,23.1470565685681,-0.277105144290365,20.3975923017081
-0.975170698520832,16.4377482643548,15,14.3798125529724,-1.07304206388826,15.7861731261941
-0.00442317612759754,21.8772715344289,21,21.9530751077232,0.494812867033344,24.4830785067135
-0.781791261083291,17.5754920593345,15,15.9604548991888,-0.806162214487095,17.3650446058314
0.438915257181503,24.1690288770011,25,25.0907465674894,-0.0602348391614137,21.5801127334106
-0.91879909771928,16.7689107851838,17,14.8403146828588,-0.521401902867703,19.027596537685
-1.3103973316207,14.5222338369308,13,11.6903355582599,-1.36107100642059,14.1315470575865
-0.542325957220608,18.9582039535515,15,17.8901014478785,-1.01121335746183,16.1495638003871
0.279233103126692,23.35618670199,22,23.9707750428191,0.645154200640619,25.2465794661049
0.937096116460779,26.7009042502936,29,28.6538429113466,0.430935667578026,24.1576562970961
-0.538477847809805,18.9799379586625,20,17.9205831553948,-0.662104477866879,18.2139948859142
-0.245797724851903,20.5898028345671,21,20.1774094280665,-0.0470501601995614,21.6512096103118
0.754007629441181,25.7603582117022,26,27.3193111132634,0.80872460761526,26.080874667254
-0.383738323491593,19.8405571422661,19,19.1290601018417,-1.01477539757977,16.128563048588
-0.924556256792476,16.7350329176026,17,14.7932398278693,-0.984155451194528,16.3093129863783
0.207773623057101,22.9879118384198,21,23.4672748072183,0.454529976464016,24.2780057293392
0.38355441739859,23.8885833663302,23,24.7028047879201,0.571982834766833,24.8750660788063
0.0337984202671717,22.078990819589,23,22.2284943830953,-0.100509465411926,21.3623792144791
-0.608061395860372,18.5843324841734,19,17.3664303139042,-0.939007350800108,16.5765995316179
-1.55182058743412,13.2008550223853,12,9.82224768632051,-1.6882093297369,12.2930895349974
0.91277809687738,26.574889627289,29,28.4742510420893,1.40139474253605,29.1785252920725
0.548154733563504,24.719966289375,26,25.8575347940414,0.0339521476402001,22.0859417149821
-1.84155082865062,11.6296276890553,12,7.64887702312286,-1.92350440293406,10.9621676060239
-0.33661794586374,20.098050014648,19,19.4902013431025,-1.07303301911442,15.7862260956841
-0.737196806270617,17.8367688915012,16,16.3237063701261,-0.681293594519602,18.1016833713865
-0.0154735303619029,21.818835917381,21,21.8731900085371,-0.348789353097676,20.000593460844
0.424800255358979,24.097635233269,24,24.9918297967579,0.930395312120133,26.7075125897299
-0.407829876512622,19.7081651672418,24,18.9431759351276,-0.376369344103035,19.8468481686961
0.380955262867112,23.8753857798464,24,24.6845894253853,0.616140279639364,25.0992222001431
-0.302947064883557,20.2809948761515,20,19.7463181197645,-0.0909862769027524,21.4139387905979
-0.22911016555384,20.6796218596334,22,20.302453035852,-0.296021745248975,20.2931724913871
0.579543189618618,24.8780667104925,27,26.0786186859117,0.261641167635423,23.2862926035438
0.449198105695789,24.2209987441289,25,25.1628185536333,0.512527464756124,24.5731352147312
-0.551401871150359,18.9068765205072,20,17.8181307940599,-0.513559717884028,19.0723933082136
-1.17102475362891,15.3051375816231,16,12.7954586473918,-1.32534090486965,14.3335962544683
-0.247135673480274,20.5825950483567,16,20.1673678053157,-0.340875723569329,20.0446002642998
-0.228981403949583,20.6803143419317,21,20.303416440285,0.118647789900442,22.5363900630767
-0.319107036750098,20.1932939612117,20,19.6235978741736,-0.825937213447666,17.2477545783341
-0.596143931352911,18.6524745219072,19,17.4617709983717,-1.21820696279474,14.9443350883805
0.508647827392699,24.520937998244,26,25.5798499823633,0.60064043141847,25.0205326619724
-0.267003327638573,20.4754465418992,21,20.0179722891596,0.253138196481203,23.2420820091069
-1.1667779375143,15.3293054675261,17,12.8294529709269,-1.24151267631001,14.8107647973575
-0.556774986301665,18.8764453705762,20,17.7754713565109,-1.09539931249726,15.6554264178507
-1.10517849046981,15.6819612694754,14,13.3245345162584,-1.06744002604325,15.8189920411068
0.174308817253041,22.8143909088883,24,23.2306001758282,0.204723212268803,22.9894375003337
1.40562035070189,29.1811892771203,29,32.2383801872327,1.69912391184937,30.7408625834087
-0.589924699502465,18.6879722687989,20,17.5114568480981,-0.941717546121439,16.5605338028463
-0.0656688048882337,21.5527820105504,20,21.5087725671488,-0.980205607094947,16.3326634187811
0.295291065571883,23.4385249262629,22,24.0836340130055,0.147317694421988,22.6878380936008
0.313205898704316,23.5302095658173,22,24.2094473856171,-0.0783611476799117,21.4822210977451
-0.170450839143849,20.9942743453793,18,20.7391286175608,0.042594906081703,22.1321077331885
1.70756863121138,30.7722092052359,31,34.5227410405043,1.91049716331492,31.7905672364943
1.28808465907445,28.5526317603699,32,31.3243220420897,1.70797918498867,30.7863558605506
-0.400752733397429,19.7471120293457,18,18.997868785698,-0.619185411273776,18.464091290641
0.840227075596419,26.2009596237027,27,27.9428483638985,1.08394078971181,27.5063599787642
0.351246686676687,23.7243109645164,22,24.4763344028728,-0.0158353631626553,21.8191643906767
-2.18075054750703,9.83146280887401,10,5.26614232202355,-1.66302335396821,12.4349988318
-0.579160070167935,18.7493112604547,19,17.5973428394648,-0.63889059760438,18.3494624524384
-1.34066519983516,14.3546270295192,13,11.4530444024054,-1.48466695690176,13.4364912440649
-0.129689124104832,21.2120481284857,18,21.0400469626546,-0.325067039483357,20.1323719475004
1.03086820137652,27.1899564216012,26,29.3534929941863,1.42586526416001,29.3079927471052
-1.93756290657154,11.1108066433007,10,6.9500273130468,-2.10313814657798,9.95821341634159
0.797570146362446,25.9824866599847,27,27.633333525656,1.1308949898436,27.7522225334242
0.38030130599189,23.8720647386236,24,24.6800062876435,0.85510318674686,26.3190508025094
-0.268612270997858,20.4667593950542,16,20.0058503332845,-0.0869905721599237,21.4355581702255
-1.27252555320423,14.7330802699447,14,11.9885918857579,-1.03499721846397,16.0094838860684
2.43012450437846,33.7502128950745,35,38.4855320851329,2.08160169717226,32.560114433814
0.663171906517236,25.299873685978,29,26.6704073173522,1.13137017552551,27.754714030933
1.46897678289957,29.5197203167646,30,32.7294966708102,1.69806648006912,30.7354236247457
-1.31630510221422,14.489459209451,18,11.6439455757837,-0.759562033161223,17.640921262497
-1.70795887926378,12.3541964370322,10,8.64115230956078,-1.89164140053355,11.1423681920574
0.57574057436932,24.8589112898542,27,26.0518096722351,0.923183244559428,26.6702056417803
-0.971188652887868,16.4610925958139,16,14.4123028077169,-1.5947803846851,12.8187302674925
-0.249728065494466,20.568626551967,21,20.1479044520265,-0.132743717188784,21.1875163908206
-0.714270637346012,17.9705775689545,16,16.5099392393625,-0.675262546764369,18.1370134357204
1.37267920993262,29.0049623447825,27,31.9822389159231,1.33177824308933,28.8103189669197
0.23516432870465,23.12943654934,26,23.6605429694033,-0.144228417054185,21.1250865070496
-0.137008178048176,21.172994199825,23,20.9861617231104,-0.0755849446125616,21.497225063278
-0.380933515559615,19.8559365432462,19,19.1506465226805,-0.494768453856,19.179494294808
-1.02850934667181,16.1260286090943,20,13.9454299343995,-1.41844425708098,13.8083422105174
-0.74731113918174,17.7776164564764,16,16.2414257284951,-1.21417448027736,14.9674895770452
0.352245497655878,23.7293971405019,22,24.4833379676715,0.221022593410904,23.0746678477654
2.39053682303956,33.6295703104995,35,38.3354213485789,2.49597716277071,34.0295622206607
-1.32649451006805,14.4330014055649,14,11.5640201407547,-1.85960158539379,11.3237765830459
1.29414067177285,28.5849806305405,26,31.3713661178231,1.3371551887888,28.8387432357133
1.5371614872272,29.8825110156399,32,33.25358999327,1.56931093371172,30.0650708714071
2.36936915856303,33.5631933172672,35,38.2523990467128,2.72103565442227,34.6218690528728
-1.29887024772754,14.5862710367491,14,11.7809558436463,-1.47726498827478,13.4780172686776
0.292947147110622,23.4265156631823,22,24.0671657864965,0.34616241364601,23.7232853043
2.07540157357479,32.4926615983797,30,36.8746805946986,1.75126046909964,31.0071885241461
-1.06539910091764,15.9117036728334,19,13.6460958067042,-1.19674100053077,15.0677428014266
-1.1512007063523,15.4181145896023,17,12.9542993230555,-1.12120926506866,15.5049655956224
0.0865444111831323,22.3562611335574,23,22.6064523998913,0.586316881772806,24.9478248970969
0.8856025820427,26.4344719663288,28,28.2744425869833,0.879510280019066,26.4447305431019
0.643417481947602,25.2001061068521,23,26.5301965234425,0.45648688380965,24.287978895881
-0.0150661098025797,21.8209912996776,20,21.8761374456848,0.144882664592463,22.6749961260638
0.765574367674718,25.8192461911161,25,27.402496761694,0.776187604215481,25.9142639754642
0.30547024049946,23.4906422677031,22,24.1551324679089,0.274633421461884,23.3537540368574
-0.489404593275947,19.2556319705178,20,18.3075242474348,-0.554039476989136,18.8405251622738
-0.132793934387367,21.1954836462886,23,21.0171960654236,0.212893847042458,23.0321845269518
-0.273065149726107,20.4427090053071,21,19.9722834053797,-0.207527456707429,20.7797603875348
0.73686691053501,25.6732072035294,26,27.1962847259078,1.11547497375056,27.6714074853252
-0.182492706215443,20.9298081040166,23,20.6498424085207,0.0265209629004007,22.0462125378759
0.918742918589892,26.6057674064105,28,28.5182322272615,0.964166153140279,26.8824728401902
-1.13046754401389,15.5367105644039,13,13.1208413736397,-1.51646801507358,13.2581267776648
2.48592792077207,33.9128931011293,36,38.6862762320215,2.56246969112685,34.2169232658924
-0.705825369898023,18.0197652701224,16,16.578437905381,-0.613632776151788,18.4963296586904
0.521611758855925,24.5862618825329,25,25.6709092720694,0.636261824815656,25.2014058044236
0.462748985073141,24.2894380870553,25,25.2578158496079,0.169967444588604,22.8071003041602
-0.020376295106455,21.7928934506366,20,21.8377086883743,-0.431603499500082,19.5370727341192
0.128268115647401,22.5745908817308,23,22.9038528663185,-0.395828974631438,19.7380042877919
-0.89035169248695,16.9364254549535,24,15.073004138089,-0.669900579741851,18.1684002776286
0.642790816313232,25.1969428648365,28,26.525753301333,1.11608080593936,27.6745812953266
1.39595764033874,29.1295021766139,29,32.1632789324191,1.15995510333218,27.9047065642873
0.633867645524836,25.1519111324837,24,26.4625155655234,0.613936271264811,25.0880319008418
-1.70951053161197,12.3457805388867,9,8.62952097284288,-1.12013425379927,15.5112219405847
-0.736115227687505,17.8430902169287,16,16.3325009100962,-0.675002010919214,18.1385390298318
0.152445124964137,22.7006667713324,24,23.0756093269828,-0.337187094119234,20.0650963508871
1.58108604397836,30.1147257691941,27,33.5873647451237,1.67835934819888,30.633818099388
-0.505181404473686,19.16729280432,21,18.1834890879514,-0.755210867160212,17.6666321681002
0.0955510595184089,22.4034686511559,23,22.6707623043418,-0.690545122105933,18.047434056407
-1.34162979750843,14.349297975809,17,11.4454978055935,-1.50773976083738,13.3070774136991
1.87862657519979,31.6172785158025,33,35.6976223143545,1.53627501001641,29.8912508916179
0.076076363223236,22.3013417467448,23,22.5316267937472,0.235997111655305,23.1528133345606
0.479347373588218,24.3732046833054,26,25.37421842787,0.315380975799608,23.5646401086662
1.01619344622503,27.1131039347943,31,29.2432550649047,1.45218515644971,29.4472149164184
-0.646668042219077,18.3625291585581,17,17.0564421368792,-0.465184909597024,19.3474271266497
-0.678249716126916,18.1799484978164,17,16.8016712045272,-1.06781580183733,15.8167898931488
-1.57609044299372,13.0691962624576,12,9.63732248724609,-1.39747906409505,13.9262989336807
-1.01191074573354,16.2228220665048,15,14.0804269024215,-0.599914283308072,18.5758583790493
0.473447970150281,24.3434397657711,25,25.3328406484618,0.681249686862917,25.4300799825158
0.474035327087839,24.3464035743209,25,25.3369599948296,0.619091035007516,25.1142045491524
-0.262537005358706,20.4995535434539,20,20.0516035570484,0.162882296168295,22.7698302804153
-0.368038718940536,19.9265536796693,18,19.2497411295517,-0.783582057873731,17.498828474348
-1.62370118084203,12.8110526158098,12,9.27596326323238,-1.79241205971726,11.7043031036713
-1.21250342384903,15.0700848137683,11,12.4644152569577,-1.15748594968398,15.2943911215601
0.865713802190889,26.3319752998494,28,28.1287921434095,1.2134182477807,28.1858145629907
1.45236477758313,29.4310462452808,30,32.6010094972219,0.963457358047869,26.8787962106629
1.0514176994104,27.2977651413122,26,29.5083207990532,1.67321599840033,30.6072282672247
0.142224147950388,22.6474077120088,24,23.0030468558829,0.302245254506139,23.4967694414107
0.760637362432357,25.794103326861,26,27.3669741342391,0.635459697230476,25.1973314785265
-2.93232646454957,6.68602353861886,4,1.41335302577194,-2.8528880308075,6.57495555870634
0.742011890735946,25.69935251992,30,27.2331821806429,0.711514185303277,25.5841512771098
0.499204413144758,24.4733400026545,26,25.5135512551526,0.53961795165584,24.7107534641054
-1.02725802679932,16.1333182698192,15,13.9556006584616,-1.62371738450729,12.6561453412607
-1.00713276379286,16.2507221077607,16,14.1193186240934,-0.79018155323155,17.459746150206
0.503177254333468,24.4933660542165,25,25.5414399981031,-0.0105055511323118,21.8477894550819
-0.0651089931292852,21.5557546235785,20,21.5128512610435,0.0208329867036689,22.0157814664824
1.22765620847428,28.2303223139557,30,30.8559591279971,1.12552239614193,27.7240573985447
0.602532789725541,24.9939031611117,22,26.2408649239074,0.648442139503313,25.2632851919832
1.08960582382265,27.4986774377619,27,29.7974332932952,1.04055590700898,27.2798012444343
-0.121036723857542,21.2581898553756,24,21.1036676291572,0.341097011265352,23.697215830567
-1.96208845961297,10.9789794949463,9,6.77398487608851,-1.86148118244179,11.3131311268196
0.010564685655403,21.9564474186868,21,22.0612376446465,0.31789609553326,23.5776235631286
-0.902493727904465,16.864906433151,18,14.973673581635,-0.774971956537998,17.5497915830631
1.34820085319292,28.8740046206425,27,31.7917809374315,0.783475135428976,25.951547758477
-0.234628110209883,20.6499382551448,22,20.2611467646483,-0.354672005301474,19.9678500127208
-1.23224113787012,14.9588631399582,16,12.3075220551865,-1.79669588821296,11.6800516834275
-0.807364809724141,17.4251979563426,19,15.7516761333504,-0.99192748600329,16.2633885512634
-0.70718252216709,18.0118647627475,22,16.5674341573969,-0.661384008513256,18.2182059981049
-0.141720358529411,21.1478392320643,18,20.951435550502,-0.00294736625783008,21.8883557607179
-0.807960478496422,17.4216942173048,20,15.7468100473885,-0.685097277725208,18.079387005785
-0.341028690282183,20.074023172613,19,19.4565318128226,-0.768819086122691,17.5861909373454
0.768428564522429,25.8337872629253,26,27.4230446697954,0.59703680116207,25.0022396708868
1.08127405974799,27.4547820660118,27,29.7342046626441,1.05980778149005,27.3802596453032
2.59209399419595,34.2006326230832,37,39.0362481799967,2.64280183680074,34.4288958338865
2.01799267338783,32.2498155514227,36,36.5525345964873,1.76964840512499,31.1001589049448
-0.121298867663626,21.2567923128975,19,21.1017413805406,0.214806855036189,23.0421864885087
0.732104004671498,25.6490139358398,30,27.1621500853794,0.786983641828387,25.969504358876
-0.651813202512041,18.3328511818113,19,17.0150054501649,-0.615751419629899,18.4840321849177
-0.714382881668572,17.9699234361514,16,16.5090284461585,-1.04568741803748,15.9466367335948
-0.485986029785909,19.2747372548599,16,18.334354287044,-0.46138962068352,19.3689120697293
-1.14863997645129,15.4327381238603,17,12.9748459334946,-0.849547126805042,17.1076145664264
0.927412695984327,26.6506844346611,30,28.5822390048976,0.40314526106792,24.0156281372563
0.123101512580273,22.5476061913684,23,22.8670959964756,0.4514012905842,24.2620581180077
0.858694666716578,26.2958563498666,28,28.077504710419,0.898561845151682,26.5429971781847
1.41125086673798,29.2113036063493,28,32.2821248666364,2.15855698451495,32.875981007699
0.568185178988822,24.8208539804199,27,25.998564629438,0.53284232109749,24.6763430469811
0.156008738031258,22.71922184564,24,23.1008924680153,-0.135203931267276,21.1741485606674
0.707657370466051,25.5249878866546,25,26.9872807465059,0.677583831637762,25.4114322477477
0.303488821764375,23.4805020367649,22,24.1412174443117,0.156825950542251,22.737945461872
-1.13287229211184,15.5229323933589,12,13.1015034843821,-0.930501141216391,16.6270371431544
0.448679622716825,24.2183790850911,25,25.1591842564899,-0.1416218751876,21.1392613926626
0.439902259562651,24.1740186533292,19,25.0976639611494,0.503469141129185,24.5270927963915
-0.457279533897839,19.4346690465327,17,18.5589956557359,-0.198201828285315,20.8307708992784
2.34892751103408,33.4978191963814,35,38.1703390666828,2.18303989887229,32.9722726672318
0.203562150672861,22.9661114682894,25,23.4375244630613,0.276510652644351,23.3634924369544
0.388817193761673,23.9152966675739,23,24.7396858223932,-0.0338782106186645,21.7221463849584
0.370495083586173,23.8222414558317,23,24.6112764101923,0.305532716151579,23.5137651933143
-0.915395980556966,16.7889407911989,17,14.8681443944265,-0.242989334918632,20.5853388518031
-0.641603736998826,18.3917143083761,19,17.0972000898837,-0.886556650907556,16.8878477527576
0.373375400255982,23.8368803489233,23,24.631464977627,0.0626362261852423,22.2389894221695
1.74706651228311,30.9727423686104,30,34.8046112002128,1.54545155578708,29.9395819737055
1.46317491975159,29.4887597040227,30,32.6846498939596,1.50291811211034,29.7153162017201
0.072085256857992,22.2803883778935,22,22.5030750178799,0.114648736893689,22.5152225437617
0.27951993494199,23.3576587708452,22,23.9727917416986,-0.026232653367006,21.7632786703004
0.110442728389661,22.481428877045,24,22.7769556468691,-0.181121723931808,20.9240750876124
0.217288068350041,23.037123291971,20,23.5344514190459,0.513187626819952,24.576490147622
1.51796788148314,29.7806246205893,30,33.1066952975874,2.31212683350615,33.4463578664149
0.711829994303943,25.5461397654468,24,27.0170892932683,1.22231396031198,28.2326549477252
-1.92788598099758,11.1629210455917,11,7.01978933861116,-1.87823309876443,11.2182684435617
-1.20544472921326,15.1099581918443,16,12.5206241873014,-1.22997736109272,14.8768232310907
0.88615438770579,26.4373189376904,28,28.2784905550274,0.728481671645193,25.6706344643648
0.580226159279918,24.8815072310543,23,26.0834345168213,0.652149572124832,25.282124319849
-1.32784528536502,14.4255235337513,14,11.553432793941,-1.79580832618603,11.6850765108075
1.76654972660504,31.0705977521253,31,34.9414995233834,1.44097635012118,29.387931016683
0.265230386719944,23.2842633361572,21,23.8722856180901,0.693850089574245,25.494199452598
0.672221706585488,25.3456157984658,29,26.7347387025727,0.408057838847066,24.0407584629949
-1.19806425791689,15.151704767383,14,12.5794514771731,-1.4479892864946,13.6423328424238
-0.136605955577597,21.1751409734016,19,20.9891246589276,-0.451848074278697,19.4228676503755
-0.506046290942967,19.1624420256213,22,18.1766793779242,-0.838172492078921,17.1751411383254
0.229391895585363,23.0996487457351,25,23.6198437090649,0.516248817999512,24.5920460781568
-0.33850464419205,20.0877743466897,19,19.4758025860777,-0.879568113422651,16.9293464742639
0.488748359019666,24.4206213078239,25,25.440171382151,0.694362510708442,25.4968077840141
-2.75067378423521,7.31541481583866,7,2.13856465785287,-2.12476406907347,9.8397375083705
0.0459406452771704,22.1429366768903,22,22.3157113007105,-0.0389413328232699,21.6948901250736
-1.43347976999518,13.8448469065799,16,10.7311473874186,-1.66445320940867,12.4269468053476
0.900970429663824,26.513826177908,23,28.3873209576947,1.10100182595638,27.5956185866955
-0.328144594147025,20.1441658920885,20,19.5548050062897,-0.154622469217399,21.0685267846942
-0.0252748072367471,21.7669637607595,21,21.8022343346286,0.929953176157557,26.7052249002581
-0.280505050315937,20.4024986996913,21,19.9161388511437,-0.128311206908359,21.2115930854112
1.07758087748493,27.4353354758802,27,29.7062042390864,0.751848602573769,25.7898751501292
-2.10091429577774,10.243018823311,11,5.80199508396689,-2.04081438231616,10.3031694799305
-0.639267632586615,18.4051681444473,18,17.1159919143468,-0.784312685218605,17.4945025118062
0.964152528679247,26.8415080435653,30,28.8545506680239,0.988503022093301,27.0088265828684
0.706209041402225,25.5176476057535,25,26.9769377490773,0.797681298697547,26.0242825376327
-1.34564900292088,14.3271012127164,13,11.414063527641,-1.71778371506747,12.1262416780013
0.247451048640055,23.1927733745375,20,23.7471206134171,0.154214461221107,22.7241892158399
0.391887907380012,23.9308776836264,24,24.7612043037811,0.548963870667456,24.7582092913336
-2.01500876004859,10.696066251778,8,6.39820354572196,-1.86569951948376,11.2892407938481
0.560027367517669,24.7797647646882,26,25.9411052338207,0.31503396669031,23.5628484949745
-0.266670589733194,20.477242898933,20,20.0204787322039,-0.0708230793092272,21.5229512766372
0.216291559157059,23.0319716207006,20,23.5274177841021,-0.0545751441852158,21.610643139225
-0.58336172185243,18.7253849603812,19,17.5638370483526,-1.16979105722843,15.2232085032862
-0.6468048739724,18.3617402436166,18,17.0553405219992,-0.578272706064873,18.7009639100032
1.16697569998236,27.9077946485286,28,30.3883459890614,1.16552919906485,27.933981141443
-0.0628274897075346,21.5678682204068,19,21.529470447849,-0.146369102101425,21.1134424276314
2.07063812835104,32.4729277535816,31,36.8486318268057,2.03496591299264,32.3591836984786
-1.10402578722943,15.6885972127025,18,13.3338331362379,-0.747359023749432,17.7130037761127
-0.101665993927466,21.3613865098684,19,21.2457861503575,-0.205566005418033,20.7904933652385
-0.750453691550131,17.7592237946119,15,16.2158470455871,-0.520990231639229,19.0299495913273
1.32524288489925,28.7512171714311,27,31.613167510459,1.30441424043482,28.6657223367612
-0.215213126085902,20.7543124366401,21,20.4063062261787,-0.104305077514953,21.341816464521
1.30150339055239,28.6243188331019,32,31.4285799368022,1.52474868492174,29.8304985644769
-0.439599466118904,19.5327363499028,17,18.6967610876814,-0.580365789516555,18.6888834415417
1.17767305726056,27.9645566563841,28,30.4705418546508,0.58842334715771,24.9585172120326
-0.62303461632463,18.4984971718777,18,17.246404940966,-1.18517421514044,15.1343950475742
-0.149416541013899,21.106735861961,23,20.8946618804963,-0.1043005558682,21.3418409649362
0.657324596027528,25.2703313953747,23,26.6288747007184,0.950641294297425,26.8123503697567
-0.861587850593064,17.1059049917398,18,15.3083345304793,-0.934218256833523,16.6049940118383
0.376110090085431,23.8507755248947,24,24.6506320273086,0.444557303356464,24.2271612906891
-2.64522617047,7.71841904734991,3,2.61709567630243,-2.55381554667747,7.71564590901655
2.37058439715465,33.5670400629315,35,38.2572186483244,2.00149302942056,32.2107290588382
-1.62198738429106,12.8203434417962,11,9.28893821492751,-1.89578256057588,11.1189332044716
1.8935860940531,31.6878828372695,33,35.7941479089306,1.91227956805562,31.7990143430345
0.0615739907794369,22.225166471069,22,22.4278160899715,-0.0783195530523427,21.4824459248082
-0.838536181631379,17.2417113101529,13,15.4968878965242,-1.06839887855992,15.8133731060405
1.5979580334583,30.2034979124159,33,33.7145444161629,1.72840011456744,30.8908780857306
1.09206659947802,27.5116482207136,27,29.8161235995498,1.23059165661745,28.2762571608789
0.938781592224214,26.7096509170116,29,28.6663184287963,1.01573333776293,27.1504610801517
-0.593989372955613,18.6647770745642,19,17.4789892800582,-0.745229470068689,17.7255748715399
0.858710527276667,26.2959379332168,27,28.0776205331774,1.02794926549215,27.2140864786175
-0.399211213602141,19.755589113918,18,19.0097721477074,-0.130830801414739,21.197908278521
0.778537374887246,25.885320244269,26,27.4958883126142,0.326547689979552,23.6222558884562
-1.80329664473703,11.8370174722735,9,7.93096330426962,-1.5620666512216,13.0023574921164
0.382358519187889,23.8825113959252,24,24.6944237745392,0.490034239116646,24.4587736752311
-0.679009966524564,18.1755414751551,18,16.7955260590207,-0.3434866263203,20.0300865178896
1.36459765958494,28.9617243937352,33,31.9193635315545,1.41105131733869,29.2296168239073
-1.54660151380681,13.229177787973,14,9.86207848657291,-1.25285002253307,14.7459393332192
0.823560496381013,26.1154814092185,26,27.8216693618698,0.72917623794575,25.6741764180462
-0.352864213825299,20.0094760291677,18,19.3660473509453,-0.453845395630464,19.4115801014237
-0.0384658826347014,21.6970906737821,25,21.7065864342145,0.0316938416876534,22.0738715783443
1.53787794096307,29.8863098286379,31,33.2590619772835,1.52265660237183,29.8194667272856
0.280400022415999,23.3621752253488,21,23.9789794050852,0.036117113785799,22.0975101766415
0.536484583812962,24.6611852310811,26,25.7754478163425,0.277066796431096,23.3663770773313
0.595420392517549,24.9580601593591,27,26.1906384935312,0.330211487388901,23.6411436845542
-2.09239838349978,10.287509122606,8,5.86024825190667,-2.3063226106934,8.8803435583433
0.332636562625692,23.6294500433707,23,24.3458087348556,0.664086923479564,25.3427989082236
0.48730244412287,24.4133295553753,26,25.4300261963071,0.604908582696685,25.0421997165504
-2.20301399991817,9.71868789753177,10,5.12026276809799,-2.34022452752361,8.70988415144598
-1.11152013635514,15.6454768974322,13,13.2733993588499,-1.39509658519926,13.9397132900757
-0.397707785258721,19.763854612489,18,19.0213780483061,-0.688277451301431,18.0607371799193
1.12842134073511,27.703600585494,28,30.0930658564362,0.690186207396564,25.4755513420367
-0.347421483650651,20.0391726634531,19,19.40768284345,-0.277153210045855,20.3973272730817
-1.27416121272297,14.7239463990416,19,11.9756789680709,-1.43240583566792,13.7298660458128
-0.334484237937434,20.1096677235261,19,19.5064790850083,-0.495005635643337,19.178144576726
-0.646883449608462,18.3612872005464,17,17.0547079106192,-1.12143044016077,15.5036785166357
0.0486488318890501,22.1571897532766,22,22.3351464163187,0.261933379835994,23.2878111000384
-1.36319985600779,14.2303187055277,12,11.2769905351215,-1.80920190172437,11.6092403991717
-1.40226683376655,14.0156688699757,11,10.9729791276323,-2.00336060473876,10.5124982007859
1.07887744309457,27.442161836511,27,29.7160324750624,1.12499168014382,27.7212756379698
-0.360222795108396,19.9692881520713,18,19.3096883606408,-0.307731438349543,20.2284154794329
-0.312572248094257,20.2287804660629,20,19.6732679293587,-0.657973552996021,18.2381342228526
0.0738133934077773,22.2894620943154,23,22.5154394457788,0.0180176158908693,22.0007121659358
-0.658029532637899,18.2969589258324,18,16.9649050848104,-0.200689210169492,20.8171697763934
0.358068073429708,23.7590370878653,23,24.5241621430002,0.605296956525842,25.0441713244621
1.81571410563232,31.3140269110864,32,35.2800496588611,2.01550650019383,32.2733001233045
0.322914451224258,23.5798209372371,23,24.2775919990087,0.152319736536659,22.7142057476502
1.86871542107218,31.570170899575,32,35.6330713634523,2.24974343736465,33.2242576411117
-0.348176304631359,20.035055615522,19,19.4019111964206,0.472222182212616,24.3681290016842
0.994450527976011,26.9994482023686,24,29.0804276800793,0.780391030851367,25.9357668683792
0.51987932925453,24.5775334126768,25,25.658737426726,0.41906311638695,24.0970183812535
2.25888924792185,33.194332914611,33,37.7857315129859,1.75580217169891,31.0302019793218
-0.707869054054957,18.0078676144542,17,16.5618671930265,-0.476812299992342,19.2815216469009
1.53202677757116,29.8552759657681,31,33.214348722773,1.49990729617364,29.6994199711459
0.851355265187191,26.2581193589925,27,28.0239407395489,1.52358781219664,29.8243773050847
0.502966737061598,24.4923049519189,26,25.5399620877677,-0.1729024917055,20.9689189615099
0.543565371813662,24.6968508044193,26,25.8252469519654,0.616487132691814,25.1009832951743
-1.05239372719922,15.9871312333651,18,13.75150917241,-0.901756986741984,16.7975998289727
2.04554588887685,32.3677267600608,36,36.7093797285533,1.50113168570106,29.7058846703572
0.0465768758003533,22.1462854410788,22,22.3202777382501,0.326676688736994,23.6229210419679
-0.665430401516285,18.2541773182258,18,16.9052063043056,-0.576172637984235,18.7130805232052
-0.0017864863194457,21.8912071748178,21,21.9721187603031,0.0214788797028564,22.0192379752669
1.12262139022498,27.672937008649,28,30.0487826654187,0.909525358900254,26.5996114804124
0.502340619996529,24.489148999649,25,25.5355665850058,0.245227027765068,23.2009057771916
1.15377889527946,27.8378319860404,29,30.2871005204038,0.886665220067311,26.4816183229168
1.00525539065607,27.0558958089819,30,29.1612666601567,1.0963025769175,27.5710244705883
-0.34628884239493,20.0453496261799,19,19.4163419140166,-0.762340632122315,17.6244976959851
-0.0121252149615498,21.8365475365299,21,21.8974081811442,-0.326972824636261,20.1218004345149
-1.70322838159573,12.3798531855558,10,8.67662633587705,-2.01525937731382,10.4458595103092
-0.207273700994361,20.7969410621293,22,20.4655249729069,-0.741116755184182,17.7498458004
-0.223496577884271,20.7098040439489,17,20.344434080739,-0.160194276079984,21.038184503115
-1.13551689967846,15.5077867891423,13,13.0802431801486,-0.992455833114394,16.2602676637034
-0.3632239344712,19.9528850946257,18,19.2866803949503,-0.484816206875222,19.2360808809516
-0.335202096308379,20.1057594814911,19,19.5010033749306,-0.128315727411881,21.2115685358656
0.448929637998957,24.2196423087169,24,25.1609367301411,0.488035983810597,24.448608658107
-0.82457498441902,17.3239228042512,19,15.6110371302972,-0.68833284041261,18.0604122890551
0.0666814983108825,22.2520059938849,22,22.4643964731707,-0.05486430579436,21.6090837042514
-0.031381409585218,21.7346257025079,20,21.7579775165778,-0.390552648697044,19.7675472097017
1.48052564162379,29.5813147237075,30,32.818666932927,1.42619176921706,29.3097201040334
-1.75341400048314,12.1076193589889,9,8.30137369260963,-1.79238972085474,11.7044295609197
-0.294468457146346,20.326937522486,15,19.810558850662,-0.0908708443469723,21.4145634708726
-0.098618620028878,21.3776082653435,19,21.2681051359254,-0.181117168165806,20.9240999536717
-1.21256521370999,15.0697360018322,17,12.4639234515048,-0.945361917684838,16.5389339659058
-2.08242453894527,10.3397452040074,8,5.92872482543063,-1.91069830128751,11.0345580880442
0.74534648332597,25.7163043331094,25,27.2571101450223,0.747261751475163,25.7664551610046
1.36597071168094,28.9690704290924,27,31.9300465482106,1.50864595448777,29.7455509323488
1.2035913348808,28.1022596095859,30,30.6701316926388,1.58500539696901,30.1474576451965
1.78177792582575,31.1465523088712,31,35.0474416988602,1.7552625758602,31.0274694660533
-1.01423815677431,16.2092375675693,16,14.0614873596487,-1.44635443851664,13.6515132894898
-1.50892998493378,13.4337688309606,14,10.1502578101285,-1.63552604323629,12.5897456527809
0.15265212515336,22.701744782824,24,23.0770781803937,0.428058726678637,24.1429676971009
0.387236141526726,23.9072726961819,24,24.7286061512042,0.775303061888694,25.9097398309508
-0.99675832848938,16.3113561011329,15,14.2038106653954,-1.06788861223965,15.8163632161701
-1.62355909300987,12.8118229008768,13,9.27703890054384,-1.64378575445771,12.5432820684985
-0.794794309189329,17.4991077112748,15,15.8543345337127,-0.638098865582532,18.3540746611456
0.0654369203879068,22.2454670132886,22,22.4554847140106,0.209959006209691,23.0168352344369
-1.12602644878569,15.5621716890782,12,13.1565691794772,-1.14331460016983,15.3765236442838
-1.02575163807616,16.1420954712351,16,13.9678459795719,-0.791113541869781,17.4542255808526
1.67490780081456,30.604438229583,29,34.2856054797552,1.86101198077535,31.5529163630309
1.51707487838167,29.7758790505537,31,33.0998473323273,1.86734474663511,31.5836543692506
0.323908435927738,23.5848973449966,22,24.2845674668771,0.33181739437627,23.6494200897688
-2.33786458381936,9.05774731165954,7,4.27404242433843,-2.16031262373944,9.64661945246859
0.564891869996768,24.8042660290527,27,25.9753644766435,0.090907902515955,22.3893480723506
2.00939724515733,32.212527195591,35,36.5027657185541,1.97571057548915,32.0940684223726
0.0182618237115638,21.9970713841208,21,22.1167032472952,-0.296580398684938,20.2900851288212
0.72152579744756,25.5953167473588,24,27.0864153903074,0.491874210943246,24.4681326770936
0.354632457166179,23.74155005651,28,24.5000744389527,0.340792976949661,23.6956506391156
-0.155650279453478,21.0734256038007,24,20.8486241686079,0.0492004670392881,22.1673621659507
-0.353568094808883,20.005633781074,18,19.3606597335398,0.0268461838895997,22.047951929517
0.325751918511276,23.5943108241626,22,24.2975038108867,-0.00526006846837421,21.8759463712666
-1.46989225830214,13.6461849773932,11,10.4501743020247,-1.22214952627667,14.9217094165417
0.805219682264268,26.021592366508,27,27.6886861892733,0.909532122777085,26.5996464229666
1.5599936125727,30.0033998378977,31,33.4275377485944,0.830677003010834,26.1935073054833
-0.0227625663618116,21.7802632173342,20,21.8204306246453,-0.0784729707479238,21.4816166678733
0.150860674039047,22.6924144848325,24,23.0643652817259,0.578738361077925,24.9093569344424
0.380729005084971,23.8742367788641,24,24.6830037429078,0.288836311660044,23.4273777488545
-2.12006255597671,10.1433694421146,11,5.67175063629183,-1.83346986597475,11.4717930367359
-1.46790546736094,13.6570099672532,10,10.4654741894191,-1.61513533292018,12.7043822889142
-0.961066695553681,16.5204698039053,16,14.4949211664152,-1.1929340965668,15.0896675858333
-0.277065258137269,20.4210938912798,21,19.9421063998069,0.0290037001737999,22.0594895057574
-0.199037968773139,20.8411292016667,22,20.5268679518736,-0.0386159758910399,21.6966420262811
-1.34985665619625,14.3038772066948,13,11.3811730705143,-0.910018711161172,16.7485601662881
1.21983181927536,28.1886637593005,30,30.7954895356264,1.42766454086884,29.3175116624165
-0.267851966235288,20.4708646890456,21,20.0115789932427,-0.102847041348971,21.3497162522804
-1.56139758857559,13.1488931682789,13,9.74921705971866,-1.68042847743235,12.3369481791054
-0.950947318449758,16.579882839639,17,14.5775598657964,-1.50103168416881,13.3446995504565
-0.470472792443064,19.3612757151064,21,18.455898740885,-0.436922644445232,19.507101694218
0.137355568640446,22.6220178707563,19,22.9684582216487,0.100435967551127,22.4399092279276
0.853907448414403,26.2712384505961,27,28.0425595901884,1.01484116321738,27.1458163414979
-1.51098762197457,13.4225855231635,14,10.1344862317353,-0.989511026674203,16.2776640828177
-0.45129010857478,19.4679272780595,21,18.6057165937903,-0.117024359882659,21.2728561691138
-1.0267895249327,16.1360478778917,15,13.9594089118864,-0.642290159685559,18.3296522857399
0.983206035397658,26.9407721088585,30,28.9964594628371,1.33785683684586,28.8424526215789
-0.911368519685808,16.8126494585528,17,14.9010826275348,-0.611083874522537,18.5111191357064
-0.26260532426838,20.4991848791272,21,20.0510893222393,-0.594227938891213,18.6087723793647
0.240239370768948,23.1556089333527,26,23.6963122719842,0.299994077342557,23.4851273189477
-1.2829355469845,14.6749919636494,14,11.9064574467784,-0.910390043537474,16.7463562813306
1.22022582603847,28.1907610648163,30,30.798533436835,1.10965745964156,27.640936444539
0.484364538498957,24.3985124401547,25,25.4094140441727,0.436653586858656,24.1868405359269
0.499271138710165,24.4736763689871,26,25.5140196224762,-0.261268484682632,20.4848340849873
-0.372848074161056,19.9002324152993,19,19.2128100800874,-0.604997116932115,18.5464123386099
0.430628585376428,24.1271231292856,25,25.0326726555154,0.839033629583937,26.2364317728576
-0.52800102608657,19.0390252074014,20,18.003471013432,-0.705387313610494,17.9602717703216
0.389965401845791,23.9211232344791,24,24.7477321219689,0.823443436714271,26.1563732774452
0.0375682062509846,22.0988512919234,21,22.2555864931142,0.271602886154184,23.3380279337412
1.3837549506564,29.0642197699753,28,32.0683927928117,1.27679297724557,28.5198824810805
0.0394995026076553,22.1090234768643,21,22.2694611440946,0.223670343851859,23.0884962253672
-0.1228951233099,21.2482817754368,23,21.0900102737245,-0.221525316050358,20.7031023021886
-1.01004990736869,16.2336861144295,10,14.0955720672783,-1.07252300699367,15.7892130087043
1.22936895591422,28.2394438533148,30,30.8692019679569,1.34300830778316,28.8696884572903
0.261712121937004,23.2661738630422,21,23.8475276817803,0.359395219720234,23.791322524047
-0.0167256963366161,21.8122111428771,26,21.8641303358173,-0.248278293474401,20.5562791629849
-0.251198185652951,20.5607035119429,22,20.1368629621068,-0.344351068221711,20.0252800496782
-0.261653299386825,20.5043219781867,20,20.0582546192647,-0.732104159880065,17.8029993009788
0.627359540476556,25.1190784651214,22,26.4164275979804,1.27582020370377,28.5147486477143
0.344718520610322,23.6910555479209,22,24.4305553319783,0.459858554690443,24.3051593756713
0.417543156278827,24.0609016361959,24,24.9409767668427,0.313008729721338,23.5523907236332
0.0479567281624467,22.1535475665421,22,22.3301801870496,-0.0122714903884404,21.8383067681079
-0.081823356348132,21.4669496412746,20,21.3909276087776,-0.117995786228646,21.2675859869157
1.51425096775287,29.7608694631825,31,33.0781847500905,1.45476995422141,29.4608842512011
-0.669217597162774,18.2322643163233,18,16.8746357883523,-0.337755590894033,20.0619381213441
0.620359459465034,25.0837734407553,28,26.3668869958708,1.0099915406713,27.1205737344716
0.0679314277017178,22.2585723273923,23,22.4733452548842,-0.141327608663771,21.140861452313
1.2392530013951,28.2921003547787,30,30.9456660153834,1.84648966655477,31.482087533694
-0.438852611600845,19.5368719121124,17,18.7025707304437,-0.472266104004794,19.3073050725278
-0.655716690841299,18.3103174821812,17,16.9835500581506,-0.635513994548201,18.36912896722
-0.658086815401681,18.2966280033792,18,16.9644432299612,-0.433196247449195,19.5281009448507
2.15020320981355,32.792488671628,32,37.2676118024286,2.81897797129869,34.8471974045666
0.567775815432911,24.8187920501129,27,25.9956805294052,0.575024868044814,24.8905074449557
-0.0432571810472469,21.6716941642365,20,21.6718010637575,-0.191187597738668,20.8691068828952
-0.241546291956118,20.6126996967384,21,20.2093015433838,0.583214890903182,24.932079425493
0.639739430926704,25.1815416341686,29,26.5041221515037,0.51863940785617,24.6041931394171
-0.590550319610284,18.6844033522112,18,17.5064608807181,-0.775197021778596,17.548459819336
0.148607792232454,22.680678338038,24,23.0483748638982,0.458897229317495,24.3002612716934
0.658805028923361,25.2778100459266,29,26.6393875558424,1.1003481166673,27.5921969132563
1.60679327923391,30.2498760623104,33,33.7808885535134,1.62506463582927,30.3570369295486
-0.301628653644512,20.2881420369983,21,19.7563140586733,-0.249846470217163,20.5476597427144
1.17091705986846,27.9287030499469,29,30.4186175532273,1.51737018680313,29.791584350044
-0.604508058720162,18.604666309215,19,17.3948751563469,-0.724047274255651,17.8504752898786
0.301797046992665,23.4718423422507,22,24.1293356012834,-0.123075426263154,21.24002009061
-0.0550736287085483,21.609022289512,25,21.5859106846305,-0.0449737425555373,21.6623981375559
-2.43479066920152,8.60910149215845,6,3.70917729781065,-2.51273337495292,7.89548524281039
0.124671870455421,22.5558095812839,23,22.8782700427843,0.608256561203041,25.0591962638025
-0.0357548078207943,21.711456861498,20,21.726258725007,0.370715289284413,23.8494514160827
0.0537651737669337,22.1841074258286,22,22.3718461888445,-0.255480409513839,20.516680763963
-0.0138493824345625,21.8274277639049,21,21.8849387495274,-0.203169455140784,20.8036042995146
-1.36343461199245,14.2290257225863,13,11.2751591894771,-1.47834803328082,13.4719408722604
-1.27252619889434,14.7330766637695,15,11.9885867877153,-1.17441259905606,15.1965059652155
-0.585829474543183,18.7113230586229,19,17.5441478007855,-0.665212959763039,18.1958211290612
-0.382901721475805,19.8451451477677,18,19.1354999691718,0.0364475255935014,22.0992754856474
-0.88121145414463,16.9902759225056,16,15.1477846279453,-0.829754492626515,17.2251029194629
0.803550403449196,26.0130560899974,32,27.6766016133668,0.630141241139766,25.1703189089498
0.516577526007731,24.560897152496,26,25.6355421279537,0.286177516282873,23.4136050489107
-0.889263896505452,16.9428338339262,17,15.0819036886522,-1.01101297275292,16.1507454249154
-0.457456139217014,19.4336878180292,17,18.5576172490061,-0.500939709299307,19.1443584023409
1.75163832435552,30.9957706927566,30,34.8368649220407,1.53129840562103,29.8650263784061
0.688501960938072,25.4279700499145,24,26.8506333679468,0.468511104996118,24.3492327280798
-1.84790411239016,11.5952066778321,13,7.6022102766403,-2.21903049822773,9.33276544636209
-0.525164773960526,19.0549996452693,21,18.0258844826647,-0.451725718658076,19.4235590054918
0.339049402895369,23.662158436435,23,24.3907940317376,0.237807075533105,23.1622486060929
-1.30748249375649,14.5384157262948,13,11.7132373988067,-1.87823309876443,11.2182684435617
-1.3634562809641,14.2289063768073,12,11.2749901513098,-1.30594326073063,14.4435930454166
0.316019865464396,23.5445944899001,28,24.2292012124231,-0.123648412132593,21.2369098183562
1.41058499165029,29.2077424121748,29,32.2769522700494,1.21948095620989,28.2177358060088
0.224362082737221,23.0736767005477,25,23.5843672935085,0.0423077866426805,22.130574766382
1.02796528037535,27.1747446021666,26,29.3316642617298,0.599619098250057,25.0153480461911
0.531425458682745,24.6357011433227,26,25.739878982926,0.63208773796678,25.1802048231041
-0.45530279044897,19.4456497042391,17,18.5744210986453,-1.17021156266648,15.2207781629752
-0.40042413720943,19.7489192212832,17,19.0004064408948,-0.819616785649661,17.2852530411634
2.18032866107776,32.9078665467049,32,37.4173830454108,1.72192150649135,30.8577789444219
-1.87311064050438,11.4587345830097,10,7.41761122919221,-1.55914313206286,13.0187606191519
0.0927968455774236,22.3890371432084,18,22.6511032120734,0.353677695849003,23.7619371869432
-1.65178687052799,12.6587925846659,11,9.06368030039544,-1.75240751471424,11.9306291993544
-0.446236931239874,19.4959576751899,17,18.6450940143378,-0.360709516529438,19.9342169926648
0.151171674668997,22.6940343811408,19,23.0665724261263,-0.288370809382333,20.3354339889786
0.572232536365942,24.8412405762569,27,26.0270839927772,0.667819675207015,25.3617768083906
-0.422563890041469,19.6269283319213,18,18.8290765410276,-0.223585091254927,20.6918127804684
0.94435225385314,26.7385711019944,25,28.7075772175724,0.74149883847202,25.7370397879141
-0.305157752929658,20.2690080118325,19,19.7295516448523,0.250772515390691,23.2297733832083
0.383986905736982,23.8907790949058,23,24.7058356970819,0.720036257677438,25.6275781087448
0.198518869353396,22.9399912707357,25,23.4018854284816,0.0563833703794664,22.2056683924126
1.09105740999071,27.506328421249,26,29.8084576443801,1.46977271623438,29.5402076428497
-0.623521621846953,18.4957012922676,18,17.2424967454402,-1.16595939203053,15.2453605785846
0.924482043400113,26.6354962374016,29,28.5605920028326,0.835376959592242,26.2176456716008
1.29881226364249,28.6099392833434,32,31.4076655856783,0.988503022093301,27.0088265828684
-1.05262210008648,15.9858054572966,14,13.7496569979709,-1.12082934926745,15.507176522025
-0.295365457551753,20.3220792357207,20,19.8037672030191,-0.360973661979153,19.932744879559
-0.0374260621102811,21.7026011026834,25,21.7141325400472,0.00303049751154013,21.9204177324672
0.393545009136562,23.9392842449777,24,24.7728164872234,0.548963870667456,24.7582092913336
-0.671234285616097,18.220589971867,18,16.85835115367,-1.18152397952669,15.1554518166761
2.0934600422535,32.5667809990279,37,36.9723132046033,3.0236732127171,35.2709176391555
-1.02549911221336,16.1435670234453,15,13.9698988920931,-0.809283663967983,17.3465374343643
-0.204500884169783,20.8118219119348,17,20.4861877322623,-0.0545751441852158,21.610643139225
-0.375629255851684,19.8850021763277,19,19.1914381120724,-0.554073714571422,18.8403283814683
-0.789030336274207,17.5329765515003,16,15.9013849029751,-0.658335254532853,18.2360211527581
0.524998799810071,24.6033259434216,26,25.6947091962326,1.16552919906485,27.933981141443
-0.183803363119991,20.9227877113699,17,20.6401134178275,-0.146369102101425,21.1134424276314
0.134575785608065,22.6075152091287,19,22.9487020485223,0.673724479989772,25.3918032806195
1.26407868341749,28.4244787217381,26,31.1380052850081,0.78038413623439,25.9357315934492
0.0163559241227189,21.9870148280848,21,22.1029744517711,0.691057706191696,25.4799867339424
0.482109366524209,24.3871374702659,25,25.393593237949,0.209665755794381,23.0153012087695
-2.60131683016291,7.89470324730825,8,2.82968216027791,-1.99911095022561,10.5363261429894
-0.00121014059320312,21.8942529342447,21,21.9762805634745,0.00489805515420334,21.9304301944793
-1.32501743135159,14.4411802299516,17,11.5755996163495,-1.05866558652514,15.8704411379726
-0.114597491647969,21.2925104469894,24,21.1509585254893,0.130756742180025,22.6004210185001
0.491641056116936,24.4352080112755,26,25.4604693556513,0.681385849999476,25.4307726826558
0.119706065987364,22.5298641009947,23,22.8429292674534,0.318286571993405,23.5796389276976
-0.662587933096535,18.2706149078457,18,16.9281415067236,-0.130422970281766,21.2001235733788
-0.0503538890417562,21.6340612557235,26,21.620234582228,0.346896717589462,23.7270632720083
-0.583733969046615,18.7232642379603,20,17.5608675190519,-0.728385353326997,17.8249176697476
1.35244132806777,28.896689046452,33,31.8247762844622,1.72840011456744,30.8908780857306
0.289992111071135,23.4113707664245,21,24.0464013477127,0.738543409773364,25.721958547755
0.0534309639210468,22.1823494873017,22,22.3694495722061,0.202762611316509,22.9791733645449
2.42957567799292,33.7485707680039,35,38.48349579693,1.97848210262941,32.1067030755321
-1.34055403163267,14.3552412411024,13,11.4539141958579,-1.53116475602689,13.1757024249516
-0.303184566779304,20.2797072442469,20,19.7445171675624,-0.0151799906632356,21.8226850675319
1.19522861481666,28.0578024121692,29,30.6056670895833,1.41771893981414,29.2648938046211
-0.131229398699384,21.203831074338,24,21.0287122109008,-0.00493942638867558,21.8776670344048
0.090295022921092,22.3759247057031,23,22.6332405138197,0.569496715174772,24.8624463646398
1.0530565592683,27.3063724485207,26,29.5206913992495,0.914641685347446,26.6260478641714
0.0214130852925899,22.013695644866,22,22.139395433192,0.277066796431096,23.3663770773313
1.82499895118361,31.3593929499123,32,35.342819388196,1.69685491161438,30.7291901862091
0.0160906658522144,21.9856150562098,21,22.1010634464755,-0.0443177957821418,21.6659321551743
0.422972107254094,24.0883834152052,24,24.9790191387291,0.600645801655812,25.0205599231489
0.402187116618166,23.9831073223996,23,24.83337454905,0.40832804838573,24.0421404152509
0.605032907283197,25.0065041237068,27,26.2585273189881,0.771994430267036,25.892819671958
-0.978383565021437,16.418919676105,15,14.3536035528533,-1.5001335150158,13.3497370535232
-0.273050144436939,20.4427900701329,21,19.9723965646434,-0.0844372772228141,21.4493688881895
-1.12446148819771,15.5711485183239,12,13.1691634736272,-0.903281555957286,16.7885495730449
0.817223183900791,26.0830192656422,26,27.7756764364897,0.711566998916284,25.5844203440104
0.797728413944426,25.9832954374372,27,27.634478107213,0.842564755703341,26.2545778295362
0.946733086331756,26.7509366586991,29,28.7252229027781,0.772864623295191,25.8972694236249
0.715599918536917,25.5652562305542,26,27.0440344937865,0.0239831335155834,22.0326372730652
-1.21146510403498,15.0759468590647,16,12.4726801825235,-1.41496460540467,13.8279097600791
-1.29516700899877,14.6068691254621,14,11.8100985825492,-1.25205344272444,14.7504909050175
0.292938549649798,23.4264716075379,22,24.0671053780149,0.167785170394885,22.7956244646338
0.882706731600212,26.4195340718826,28,28.2532052329218,0.898308504595048,26.5416895202131
-1.1896818963041,15.1991875128336,16,12.646333609591,-0.789731273719234,17.4624132352935
0.111971785703959,22.4894270542989,23,22.7878499762859,-0.558138256628208,18.8169593928508
-1.02857865056073,16.1256249097158,15,13.9448666635648,-0.657973552996021,18.2381342228526
0.328768152907188,23.6097088212352,22,24.3186680285241,0.711560457180607,25.5843870161127
0.798147699296497,25.9854381289684,26,27.6375104867768,1.18087835544233,28.0146352446296
1.78815910969316,31.1782359944598,31,35.0915528554684,2.14544506997785,32.8235727649757
0.13045415752532,22.5860039338855,24,22.9193993598078,0.163139383617059,22.7711832255927
-0.0236447256215834,21.7755934773858,21,21.814041817277,-0.0172934026590662,21.8113309269698
-0.403379199478926,19.7326635552573,17,18.9775796939351,0.160810399119051,22.7589251284171
-1.02478601355694,16.1477227523638,15,13.9756962670492,-0.408724161142866,19.6657039232727
-0.0443381692300346,21.6659630919077,20,21.6639496990388,0.203131788102349,22.9811062763167
0.764181083794847,25.8121493698521,26,27.392469301681,0.401320613680126,24.0062914193084
1.36641287546843,28.9714360807521,27,31.9334867601532,1.10634471337798,27.6235894073601
-1.18644163389375,15.2175620581912,20,12.6722069809421,-1.14938020092873,15.3413492537182
0.1680772152872,22.7820055813391,24,23.1864552820868,0.101944831172109,22.4479108093917
0.798498624293903,25.9872315467605,26,27.6400486155521,1.30527369817614,28.6702622501583
0.441805768820519,24.1836409406552,24,25.1110049359393,0.451046955668911,24.2602517891446
-0.232299141006572,20.6624687831771,21,20.2785858895297,0.786826759081058,25.9687013361442
0.612269723468866,25.0429839644273,28,26.3096739212382,0.989446907644657,27.0137315510865
0.992397377545078,26.9887292186438,31,29.0650835980523,0.946794277924328,26.7924175220946
-0.469860197244191,19.3646876530611,17,18.4606913080009,-0.56376924524927,18.7845579854138
0.551826255853169,24.7384585586432,27,25.8833717058098,0.794083621948285,26.0058557190152
-0.574928912542015,18.7733853981138,19,17.6310613985551,-0.887455970777157,16.8825076951849
-0.501123609213802,19.1900400768572,21,18.2154243064033,-0.579601771536391,18.6932935380736
0.0723550329767856,22.2818049562095,22,22.5050053665459,-0.14394164662538,21.1266461919195
0.034976600646172,22.0851985575495,22,22.2369629060559,-0.133438980028148,21.1837389215824
0.758118694934992,25.7812809338371,25,27.3488614755597,0.913654225584719,26.6209447919105
-0.935673108413121,16.6696461799932,17,14.702362850076,-1.0406828578063,15.9760490274456
1.33978789179772,28.8290033039131,27,31.7263214905879,1.53049184046725,29.8607752734313
0.206613209048938,22.9819061081783,20,23.4590784557769,0.163468861899069,22.7729170692468
0.702133239226477,25.4969953561468,25,26.947841039802,0.351993302308967,23.7532768546677
-0.249835825962748,20.5680458300814,22,20.147095204568,-0.170557509419312,20.9817065579732
1.05480874715568,27.3155764666016,27,29.5339211310258,1.11548444395338,27.6714570966222
-1.63610462977589,12.7438112454158,11,9.18213125792455,-1.23517943313401,14.8470201576736
-0.53090050146078,19.0226852320161,21,17.9805465825353,-0.324945506310518,20.1330460113759
-1.31856856362241,14.4769101404757,13,11.6261817078071,-1.29234993260762,14.5208174211126
0.536420094519366,24.6608603913941,26,25.7749943544829,0.0101453906143715,21.9585520418548
0.842537552240081,26.2128216155983,22,27.9596729899174,0.516298743589114,24.5922997697025
-1.01771733588952,16.1889378882362,14,14.0331815185404,-1.30432782640621,14.4527641271851
-1.73661174657372,12.1987725584386,9,8.42673546671357,-1.61725324514649,12.6924796700064
1.11250630742436,27.6194956082545,27,29.9716429942353,1.85780863818549,31.537333272995
-0.513761576013161,19.1191331442243,20,18.1158867695489,-0.662236457850152,18.2132234229767
-0.740733962861503,17.8160901639547,16,16.2949393207827,-0.484816206875222,19.2360808809516
0.109361371171606,22.475771767436,23,22.7692500698906,0.413324919289907,24.067690611691
-2.02176785150468,10.6601130302971,9,6.3506424054063,-1.67807864836832,12.3501904209665
-0.852994993443242,17.1565349597512,19,15.3786290902201,-0.970256730249176,16.3915097722885
-0.0616294381574676,21.5742284544162,20,21.5381952099099,0.189135014932382,22.907758617899
-0.43262485832204,19.5713349406463,17,18.7509838047358,-0.826695719503216,17.2432538534342
1.36431481631722,28.9602111453015,27,31.9171628513875,1.37603778233587,29.0443739384245
0.725601321570309,25.6159993287592,24,27.1155816862577,0.705482072316434,25.5534246420099
-1.2937296980962,14.6148670634142,14,11.8214134402238,-1.42021231542125,13.7984010929447
1.23529369681823,28.2710039727265,30,30.9150280910708,1.08238616404373,27.498231108346
2.34553657542031,33.4868517795762,35,38.1565443546181,2.44633732158331,33.8819692991637
-0.918290223747091,16.7719057048567,17,14.8444759605439,-0.841226011578034,17.1570153147549
-0.755090038336817,17.7320768208878,16,16.1780981935004,-0.407972833570654,19.6699203150857
-0.207252125833113,20.7970568633054,23,20.4656857871239,0.133478930357754,22.6148024997533
-0.684286621695965,18.1449390144922,17,16.7528595596026,-0.938502238852524,16.5795940211312
-1.03579415480033,16.0836149747327,14,13.8862403378655,-0.84128848195815,17.1566444738071
-0.975987587575066,16.4329604333789,17,14.3731483077843,-0.76229158419606,17.624787637917
0.118599207018693,22.5240791140013,23,22.8350495116526,0.240202752259741,23.1747338249662
-0.466972119209914,19.3807678085418,16,18.4832786123285,-0.163179502500276,21.0219212640271
0.938093137385356,26.7060780283063,24,28.6612221979363,0.576085612837313,24.8958917465242
0.365387787182684,23.7962745243642,24,24.5754762843393,0.154333537388917,22.7248165586842
-1.45810211158312,13.7104466492639,10,10.5410197602715,-1.64378575445771,12.5432820684985
0.544963031819237,24.7038905303052,26,25.8350790758369,0.91992297303274,26.6533474444366
0.350770761488492,23.7218872663792,28,24.4729972038921,0.209959006209691,23.0168352344369
