"Items","Difficulty","Discrimination"
"Item1",1.2981262770354,2.93039075069471
"Item2",-1.77987290323573,1.96232705148342
"Item3",-0.442682944095588,2.88261530347271
"Item4",-1.48994088574301,3.05664347794193
"Item5",-1.35383103640131,2.95487567975234
"Item6",0.424389519762918,2.78659045982248
"Item7",0.70291703506838,2.73365854450479
"Item8",1.42362446166561,3.26214737585891
"Item9",-1.4617332068575,3.03099214012495
"Item10",-0.361726078819477,3.17369003046045
