"Items","Difficulty","Discrimination"
"Item1",-2.39909518370162,2.36264056734723
"Item2",-0.635000452621366,3.10289682175357
"Item3",-1.63021727939351,1.19274889941971
"Item4",1.16273619185055,2.85687646071163
"Item5",1.89570920879097,2.97543199506751
"Item6",3.22420493925109,2.93852589348521
"Item7",1.57200145021274,3.06707220047212
"Item8",1.40031320039068,3.04748676702506
"Item9",-1.48514969425707,3.1697739411719
"Item10",-1.05800957898835,3.0767387452118
