"Items","Difficulty","Discrimination"
"Item1",-0.977805061586622,2.96622216045797
"Item2",-0.866650380162232,3.03630593715472
"Item3",-0.957330527061961,2.88175200270495
"Item4",0.121956206961845,2.97504058573668
"Item5",0.618474330159579,2.83159072195511
"Item6",1.51404020235387,3.14745423865601
"Item7",0.847077227706814,2.74568736890461
"Item8",-0.200896015664947,2.94372274458413
"Item9",1.04348220103093,2.89299977380999
"Item10",1.46451667184899,3.36170794742915
