"Items","Difficulty","Discrimination"
"Item1",-0.659267959283174,3.24445042477972
"Item2",0.179796432763332,3.01834626325396
"Item3",-1.31509835046865,3.0702119999719
"Item4",0.916971151166717,3.04817185500387
"Item5",-0.542616865992457,2.86477959808936
"Item6",1.10413648156081,2.90539331346121
"Item7",-2.03479086894677,1.68368216085286
"Item8",-1.26514967463487,3.0861904396053
"Item9",-1.40756691735501,2.97340708956554
"Item10",0.0435267389632404,3.10552608649905
