"Items","Est.Discrimination.2PL","Est.Difficulty.2PL"
"Item1",0.677108347366002,-1.16279328187226
"Item2",0.894054442483412,-0.363834714217322
"Item3",1.11296620713119,0.131851759867481
"Item4",2.82901995324751,1.95902417776046
"Item5",1.31047351875188,0.716387887732082
"Item6",2.72789902852878,2.03038720905902
"Item7",0.59547620302901,-1.59427629768608
"Item8",2.47277262522401,1.46476369231472
"Item9",1.80354963001835,0.996531433076224
"Item10",1.57890886108884,0.649001073024613
"Item11",0.70464843375012,-1.16355029526951
"Item12",0.630762747437792,-1.69267737889355
"Item13",0.607380755334616,-1.95839105438316
"Item14",0.632153371108432,-1.69982346831141
"Item15",1.81131202998105,0.902552431150409
"Item16",0.967150542159357,-1.41023088231955
"Item17",1.21564581512663,-0.12024928858556
"Item18",2.68610567953029,1.88671054428782
"Item19",1.17505787266678,0.0308194178338178
"Item20",2.40448109456665,2.03599434274839
"Item21",0.487554772968743,-1.74126630504412
"Item22",2.51760485935207,1.59156017674294
"Item23",2.97777964519162,2.00110629590039
"Item24",1.70470729851561,0.921634869737958
"Item25",1.0969247385087,-0.492364807548454
"Item26",1.5761108461691,0.609908996962492
"Item27",0.817973772991179,-0.382307354225579
"Item28",1.95114993577047,1.61247934336874
"Item29",1.05405367259122,-0.728878663284592
"Item30",0.906285485390577,-0.729773629429794
"Item31",0.700806622791444,-0.987004166991699
"Item32",1.77373606582431,0.855423086634485
"Item33",2.13835336688155,1.40758041011352
"Item34",0.444418671152319,-1.78349881875555
"Item35",1.05694374503014,-0.462320389154862
