"Items","Est.Discrimination.2PL","Est.Difficulty.2PL"
"Item1",1.02006316507279,0.780040597809008
"Item2",1.15153508440804,-1.89247561359485
"Item3",0.730730501845174,-2.26088844977238
"Item4",1.18210045850931,0.575496896906819
"Item5",1.04410085283191,-1.37026668377388
"Item6",1.02508567557893,-2.14070787212682
"Item7",1.07044668598683,-0.0284565104154953
"Item8",0.9546825319105,-1.4967203553048
"Item9",2.3547245294653,1.67311839016936
"Item10",0.708423012834643,0.503021976173246
"Item11",0.749942070297086,0.72472187205279
"Item12",1.44679660896599,1.77165573379397
"Item13",1.06053310517375,-1.17358570940593
"Item14",1.12210129330556,1.33610310709323
"Item15",0.953248561424682,0.886378404564112
"Item16",0.784503510110357,0.910715118978982
"Item17",1.05748116930515,-1.09934977091841
"Item18",2.3173578181241,2.61718235871482
"Item19",1.17013717089958,-2.04090547800009
"Item20",1.03963386485126,-1.77880970755542
"Item21",0.818669860658335,-1.28057257185956
"Item22",1.00998629935189,-2.32941224429305
"Item23",0.929478975170016,-0.783545872740809
"Item24",0.878825017826328,1.40904844848698
"Item25",0.985147379393466,-0.193352152258062
"Item26",1.12076524448891,-1.33241132818129
"Item27",1.10556156358884,-0.310743079390169
"Item28",1.14963581672471,0.73302920969084
"Item29",3.34663086424663,2.07607491554785
"Item30",1.89132698231708,1.77668221101165
"Item31",2.93537045762337,1.6479342912024
"Item32",1.17480657665699,-1.68245903464858
"Item33",1.68212868720188,1.8056360820779
"Item34",0.966580951577226,-1.39840200531459
"Item35",1.06422047476936,1.32129483029493
