"Items","Est.Discrimination.2PL","Est.Difficulty.2PL"
"Item1",2.20334573654773,1.41330847124271
"Item2",1.95303338648608,0.877196272771254
"Item3",0.872417372443251,-0.457480747722122
"Item4",0.590554053951242,-1.09601871900116
"Item5",0.438312851678347,-2.36648790143498
"Item6",0.615585047472605,-1.83765752793262
"Item7",0.527994844916461,-1.83228458641259
"Item8",0.575989635809948,-2.22863817151912
"Item9",0.522847505528291,-1.6039066971486
"Item10",0.705745523372633,-1.46861802029756
"Item11",0.759043719411335,-0.670750970427859
"Item12",1.30734193116401,0.17958423517814
"Item13",1.02662107797652,-0.431575291806795
"Item14",0.986412229003177,-0.750903405597351
"Item15",0.805792073595078,-1.07944357913535
"Item16",2.54123922174924,2.10128807680421
"Item17",1.36242229472449,0.222651357300347
"Item18",2.84316573127823,2.23118423167507
"Item19",3.02333956512037,2.01124251965323
"Item20",1.90571339673018,1.40471403464991
"Item21",0.521311673130515,-1.68982352596228
"Item22",0.795334627150022,-0.906367909542967
"Item23",3.08577879078668,2.13142503602604
"Item24",2.02534846236966,1.24921525092261
"Item25",0.51182346859469,-2.10161486652083
"Item26",1.11208396675974,-0.217555089454586
"Item27",1.70260121268329,0.8156257471654
"Item28",0.543081649227298,-1.43032149644959
"Item29",2.86945451576623,2.05649640424331
"Item30",0.884481278729718,-0.718130645277812
"Item31",1.48557026157205,0.56853382783051
"Item32",0.742285660051285,-1.58904857161905
"Item33",1.10456434969113,-0.118486654543603
"Item34",0.816957235254163,-0.979432541632311
"Item35",2.68571539766136,2.23100454571203
