"Items","Est.Discrimination.2PL","Est.Difficulty.2PL"
"Item1",0.510025903978978,-1.97287962436871
"Item2",1.82723306423744,1.43236295871725
"Item3",0.519497613878654,-2.138418536345
"Item4",1.11949068539635,-0.402619924474907
"Item5",1.63634207988007,0.839694481871118
"Item6",2.54322485731433,1.71402563141011
"Item7",1.08309992907354,-0.536999483363307
"Item8",1.65406365601705,0.785828358709171
"Item9",0.661814651000044,-1.59587894918986
"Item10",0.965037602201734,-0.347313775952283
"Item11",0.357577097587321,-2.52159654864816
"Item12",2.43634603764836,1.73493080277124
"Item13",2.81925015436556,1.92469019586582
"Item14",1.54381427679321,0.542923376451987
"Item15",0.77877578059836,-1.4315518184313
"Item16",0.890032151377928,-0.646958436483577
"Item17",0.707581173712882,-1.32952663600424
"Item18",0.753686508887525,-1.77775780984161
"Item19",2.68750929215513,1.8836029332435
"Item20",1.35344205343859,0.479748325721242
"Item21",0.970428374396494,-1.17515779315928
"Item22",0.930794604081002,-0.858799931845091
"Item23",1.30239945504765,0.460006259981943
"Item24",3.41556503469689,2.24458816078031
"Item25",2.31587357627882,1.79761197101871
"Item26",1.33441270921243,0.337935099212975
"Item27",2.02300988756407,1.25594035281884
"Item28",2.67008219808571,1.75019026498923
"Item29",2.26786140381704,1.47751610439648
"Item30",0.925734032659086,-0.535367366682724
"Item31",0.92966743602922,-0.599720017152573
"Item32",0.715395369918852,-1.2492524536832
"Item33",2.37701581500671,1.74964944511022
"Item34",1.22403664799869,-0.0681412601997382
"Item35",0.854671719419459,-0.457243446063314
