"Items","Est.Discrimination.2PL","Est.Difficulty.2PL"
"Item1",1.5150973609743,0.726539037778073
"Item2",1.86272282550127,1.76296805489065
"Item3",2.03694987833879,1.98093674261654
"Item4",0.7520043004522,-1.56307379831637
"Item5",0.765227942274207,-0.912905203732774
"Item6",1.81855203204085,1.16789061859455
"Item7",0.346950991999866,-2.02389638505072
"Item8",0.529057060955411,-1.70354456009894
"Item9",0.516730404435578,-2.26015200596921
"Item10",0.918685908601553,-1.02147809435614
"Item11",0.710974186078123,-1.75344371193884
"Item12",0.846322727306765,-0.893125506914757
"Item13",0.543687971158338,-1.5272213805266
"Item14",0.519629362176378,-2.25103077849836
"Item15",1.58550146547622,1.00683771193493
"Item16",2.79765175012278,1.82102543218236
"Item17",1.30555365347239,0.574771609223196
"Item18",0.756107390435147,-1.61929293717321
"Item19",1.19783117399199,-0.217534295112254
"Item20",0.589924402932571,-1.77330885238919
"Item21",0.626223931956917,-1.23874616181721
"Item22",1.79143932446365,0.814815331525424
"Item23",0.472214857464796,-2.18802018385202
"Item24",0.642138817050536,-1.35567215006241
"Item25",2.11661646120815,1.26751125141683
"Item26",1.02262912144259,-0.334535230214231
"Item27",1.10741626910335,0.251779037346929
"Item28",1.80487318170806,0.991912954263372
"Item29",1.65028946772219,1.13197664470921
"Item30",1.98547638682919,1.42659725128443
"Item31",1.87980508775741,1.37289407495254
"Item32",0.685892440969342,-1.83727117120947
"Item33",1.52532012322399,0.60526818128197
"Item34",0.588689997311226,-1.78746913880682
"Item35",0.694881250284442,-1.24421122562992
