"Items","Est.Discrimination.2PL","Est.Difficulty.2PL"
"Item1",0.880247406957099,-1.24906715982213
"Item2",1.21242808308473,-0.606841835554308
"Item3",0.873142541018586,0.477039228441567
"Item4",0.9236264062848,1.22529673891713
"Item5",1.06354341119848,0.54121796287253
"Item6",1.30449182817492,-1.4891225219147
"Item7",1.04895366971911,1.16687505485505
"Item8",1.1320369386249,-0.759929601171627
"Item9",1.2546020353884,-0.542622034784807
"Item10",1.04740323084675,-1.65496910557847
"Item11",2.19133492458351,1.56073738717012
"Item12",0.902376475512961,1.40482982555688
"Item13",0.861576484760323,1.15966066440655
"Item14",1.09723722461672,-1.71582099218865
"Item15",0.986816171681105,-0.734269294401105
"Item16",0.9957605485835,1.0559891360141
"Item17",1.14692158128887,1.06909202424641
"Item18",1.31740145670463,1.96160858226032
"Item19",2.7475055365805,1.65340847375498
"Item20",1.00032789061281,-2.47425804220077
"Item21",0.94106252036351,-1.68213246749914
"Item22",0.965496108578434,0.25325179590288
"Item23",1.01839855357253,-1.01590711212431
"Item24",1.01000391259818,1.04554544146542
"Item25",1.25688149106438,-1.18009262589951
"Item26",0.789933811971272,0.419194336149936
"Item27",1.04388054772154,1.26320528611186
"Item28",3.39398158730648,2.12805081198475
"Item29",1.26694879504718,-1.46475812800453
"Item30",0.95928066167083,-2.2812348324726
"Item31",1.93129514219312,1.60164108395366
"Item32",1.09833634615859,-1.34823944924762
"Item33",1.14700108822545,0.545763346810476
"Item34",0.877474433216473,0.640357987227116
"Item35",1.05827336385199,0.386543067689151
