"Items","Est.Discrimination.2PL","Est.Difficulty.2PL"
"Item1",0.738417220272545,-0.97715356277485
"Item2",1.61279350698669,0.624655217257521
"Item3",1.9278844822905,1.30432178173012
"Item4",0.682900993195658,-0.849515239648443
"Item5",2.60644753675418,2.08993559431642
"Item6",0.339679227127902,-3.33990795078168
"Item7",1.5126456082702,0.606021519592817
"Item8",1.0904012274374,-0.225572604287087
"Item9",0.686129494474328,-1.54256681759543
"Item10",1.03188728636747,-0.812507939383853
"Item11",1.91737962953544,1.37861550025214
"Item12",1.9061666368902,1.37983358821394
"Item13",1.27255035033443,0.0689297478105607
"Item14",1.3550296667425,0.485986266998908
"Item15",0.978473066774806,-0.853128801088001
"Item16",0.830696687667096,-1.36837221173954
"Item17",1.21474124105877,0.0948148913144446
"Item18",0.611449635873212,-1.43344967236486
"Item19",1.55099818365695,0.672577728760495
"Item20",1.66813018966107,1.10423799417415
"Item21",2.32071777301047,1.37118768135513
"Item22",1.1615629770944,0.180157516882822
"Item23",0.68275278254641,-0.650868247329565
"Item24",3.35070233209772,2.66308607828269
"Item25",0.671419208674392,-1.87206557518916
"Item26",2.65132524993376,2.12667633295698
"Item27",1.42951791035253,0.685385535968312
"Item28",1.5789043592533,0.486873344263952
"Item29",2.6245675044347,2.03246240761517
"Item30",0.756183746387625,-1.04993767165859
"Item31",1.47626972291227,0.551376635106127
"Item32",0.877336296493178,-2.00676503213228
"Item33",0.659732598852255,-1.48867386091123
"Item34",0.987339230224561,-0.220682338265532
"Item35",0.65185335538912,-1.45880255540252
