"Items","Difficulty","Discrimination"
"Item1",0.766881211962348,1.08341901498274
"Item2",-0.2168361762415,1.16122387154733
"Item3",-1.88374234442442,1.12544669861657
"Item4",1.54083745646392,2.23431322922617
"Item5",-1.74737797734405,0.834406235929022
"Item6",-0.933117801663094,0.762722831504484
"Item7",-1.3345305602037,0.793837541425543
"Item8",-1.95768326521246,1.01730451883293
"Item9",-0.407419432621871,0.994444147689154
"Item10",0.397235430769714,1.06780271694157
