"Items","Difficulty","Discrimination"
"Item1",1.76528611194292,0.568244298827286
"Item2",1.27647072234599,0.757605169750988
"Item3",1.8615060550209,0.451318719670233
"Item4",1.27785721583893,0.485202966304054
"Item5",-1.52478398120744,1.82497836332728
"Item6",1.02374165189061,1.06247046497351
"Item7",0.226167927425391,1.10603447362189
"Item8",-1.60822501956175,2.46339264885435
"Item9",-1.66247431647526,1.86817812271332
"Item10",-1.9650037036288,2.30357775842839
"Item11",0.36000488689001,0.848346731222193
"Item12",0.391079159653171,1.33931710119114
"Item13",0.790336126822957,1.20110333366049
"Item14",-1.09190242021895,1.69813557345782
"Item15",-1.6574762147947,2.3450035000061
"Item16",0.252590192804226,1.77210045595873
"Item17",-0.477089142405752,0.898803988790177
"Item18",0.135726746323174,1.70630282715609
"Item19",-0.448049751994486,1.2535506498453
"Item20",-2.09691176514612,3.10368798290682
"Item21",-1.02241236907355,1.54271686860814
"Item22",0.0868081449500617,1.31447331958655
"Item23",-1.12007749810976,2.27679024758012
"Item24",-0.114407370290237,1.49590514688048
"Item25",-1.70126865300139,2.00019450360285
"Item26",1.51805682992513,0.476092709399292
"Item27",-0.1399621783148,1.25338383669005
"Item28",-0.52658715659216,1.44598377096615
"Item29",1.94296243882948,0.373140151656318
"Item30",2.88511467968152,0.281951068274638
"Item31",0.226938909204283,1.34843457580457
"Item32",-0.710963707704512,1.5309299490307
"Item33",-1.42661628626788,2.05928324103695
"Item34",0.787956912344558,0.45957935820575
"Item35",0.162970795562406,1.54032016553733
"Item36",-1.05012354875027,2.27180771837451
"Item37",1.74587120047555,0.758883120130274
"Item38",1.03488637923832,0.928288823668584
"Item39",1.66085645024799,0.89525139798756
"Item40",-0.554600898293536,1.26726813160272
