"Items","Difficulty","Discrimination"
"Item1",-1.96502061813592,2.75660996825293
"Item2",-0.758677503602942,1.74480752236335
"Item3",1.12595029884876,0.627674569472417
"Item4",-0.571915970646937,1.593644780195
"Item5",1.23909774588947,0.792468268487418
"Item6",-0.88597839158616,1.76164154385486
"Item7",-0.391318393011774,1.18369513279746
"Item8",1.27900247024923,0.371560337955094
"Item9",-2.06786761178908,3.01404037997703
"Item10",0.933544597067868,1.14685101367882
"Item11",-1.88464342856277,2.36189926470661
"Item12",-1.21978657863749,2.0322471351904
"Item13",1.57206174171128,0.805342769127127
"Item14",1.06422732118208,0.824833553614067
"Item15",1.48437104813729,0.508421216866597
"Item16",1.30378614309243,0.602725703732236
"Item17",2.00593077388221,0.547925343909172
"Item18",0.0839137543790408,0.828768097729474
"Item19",-2.15645500611008,3.03109250173564
"Item20",-2.39867689931325,3.06857837697668
"Item21",0.0784158547979455,1.36213626071619
"Item22",-0.777111717215858,1.30801434497411
"Item23",-1.91499022918092,2.8199854808955
"Item24",-0.0265021181114968,1.17677723453613
"Item25",1.24240103601518,0.706033060447489
"Item26",1.32537275662392,0.587774379392796
"Item27",0.607584593207827,0.775880242676646
"Item28",-1.68316282723469,2.58247847720415
"Item29",2.99516569535349,0.155585355609609
"Item30",-0.589070277532299,1.76164390874675
"Item31",2.11615848323617,0.772406747606715
"Item32",-0.967269048855099,1.48800978045714
"Item33",1.93963379005843,0.750862031756758
"Item34",-0.459613616175599,1.55047564929504
"Item35",-1.09149392774155,1.81150691405192
"Item36",0.988412388072885,1.20254705142498
"Item37",1.47161521435737,0.657573502153907
"Item38",1.37874573335289,0.445850752340865
"Item39",-1.66611527471519,2.8183051685146
"Item40",0.871165354206008,0.492033257201927
