"Items","Difficulty","Discrimination"
"Item1",0.321194165127177,1.21639257393452
"Item2",1.43626866866271,0.964204125961804
"Item3",-1.58085735914802,2.31209250800851
"Item4",-1.66650519783555,2.90172003747581
"Item5",0.750710949007626,1.04457577441111
"Item6",-0.511127817181686,0.866627938786844
"Item7",1.52772216135223,1.06876068326887
"Item8",-1.03181536967888,1.04805094834623
"Item9",1.6217070984578,0.933943139257117
"Item10",-2.39340471949767,2.71875510488645
"Item11",-1.2764909858485,1.02070373788385
"Item12",-1.00260484143353,1.02641417126811
"Item13",1.3825532248766,1.08805305821677
"Item14",0.494136575045332,1.19460693651633
"Item15",0.254769967355311,0.941852954254361
"Item16",-1.28657414245112,0.953977374895961
"Item17",-0.493284842545774,1.2374187184316
"Item18",0.0248597887096527,0.905806541658893
"Item19",-0.159276544614645,1.19448120405772
"Item20",0.199151796358174,1.12900427928134
"Item21",1.01266369472476,0.874060897098321
"Item22",1.60055487860489,0.962700948438222
"Item23",1.06628107015618,1.05505958456169
"Item24",-1.35906466056098,1.3069926514282
"Item25",0.8282320445076,0.945762115830933
"Item26",0.504039151315971,0.862624487521765
"Item27",-1.50816238727239,2.57406914069702
"Item28",-0.787749283510903,0.780144735531711
"Item29",-0.973255142594873,1.08618292946662
"Item30",1.42330276063074,0.994380932719538
"Item31",1.59023585690065,0.796315551558419
"Item32",0.709184748792919,0.957700105707045
"Item33",-1.12907347005033,0.843826165885735
"Item34",-1.50686432018205,1.38949482276851
"Item35",0.798358466947554,1.0390238140543
"Item36",0.598636619438179,0.930171985501053
"Item37",0.573737633672275,0.873946641336856
"Item38",2.04697918743754,0.9923941465783
"Item39",-0.220347156013837,0.959409833884954
"Item40",1.07034830914756,0.953645147113606
