"Items","Difficulty","Discrimination"
"Item1",0.223949109168936,0.918759172841598
"Item2",0.667918970434629,1.26288989364355
"Item3",1.02247161008672,0.931265031949895
"Item4",-0.326536454420051,1.08343792611621
"Item5",-1.85739933503253,2.35085169735923
"Item6",1.28566786472208,0.41029363754673
"Item7",0.469076624058318,1.16888063545014
"Item8",1.12061344221146,0.616257055500801
"Item9",0.985819701542855,0.390121017234977
"Item10",2.27552957471242,0.822015660314624
"Item11",-2.19749138832561,3.03600538851901
"Item12",-0.772145631164292,1.45719898804758
"Item13",1.99396316504906,0.482462673060402
"Item14",1.15074116857556,0.623758057086299
"Item15",0.512662329477189,0.872934024947831
"Item16",1.46843015166311,0.660395729897694
"Item17",-0.597461863991039,1.35044834972472
"Item18",1.95305180277689,0.336328199712518
"Item19",0.0397174821953714,1.24062558690047
"Item20",-1.02707775748369,2.14712509603613
"Item21",0.879615139670092,1.11831191332198
"Item22",0.751957519379447,1.22704771433118
"Item23",0.537609098916667,1.01780417956189
"Item24",1.99792546237566,0.896509956098664
"Item25",-1.03811323764722,1.42989135508018
"Item26",0.849787381051282,0.328336029902377
"Item27",-0.819587192777479,1.81505208234469
"Item28",-1.70807179809926,2.41359186626038
"Item29",-1.9440625875326,2.97154674352362
"Item30",-0.313169187322343,1.4800936908653
"Item31",0.578900771999207,0.605715379220559
"Item32",-1.20852344965862,1.65888515964041
"Item33",-1.69918157728324,2.60658015689691
"Item34",0.490004914435054,1.15677913160416
"Item35",-1.66251965749618,1.85644101347005
"Item36",-1.10039023564112,1.79072182372296
"Item37",0.968183893981795,0.767429666256189
"Item38",1.21351310402468,0.720207719829261
"Item39",1.11644136406896,0.81732560363063
"Item40",1.23169544627439,0.724907913326184
