"Items","Difficulty","Discrimination"
"Item1",-0.655773268991731,3
"Item2",0.531439546964254,3
"Item3",-1.25906111721348,0.25
"Item4",0.00169908267350089,0.25
"Item5",0.14272384613214,0.25
"Item6",0.507486529063974,0.25
"Item7",0.0631098273950191,0.25
"Item8",-0.138470880443119,0.25
"Item9",-0.272583562293015,3
"Item10",-0.0769120016869616,0.25
