"Items","Difficulty","Discrimination"
"Item1",0.231917268409161,3
"Item2",-0.105754602545107,3
"Item3",-0.0595966256030809,0.25
"Item4",0.777265561420791,0.25
"Item5",0.914428847931676,0.25
"Item6",-0.111564526033851,0.25
"Item7",-0.562069561354062,0.25
"Item8",0.13278418126537,0.25
"Item9",-0.175421510054826,0.25
"Item10",0.468049116052671,0.25
