"Items","Difficulty","Discrimination"
"Item1",-0.195388713000568,0.25
"Item2",0.543579322773545,0.25
"Item3",-0.363884901097685,0.25
"Item4",0.279429568245491,0.25
"Item5",-0.492111472159573,0.25
"Item6",-0.543723493829463,0.25
"Item7",0.17729645321188,0.25
"Item8",-0.320541765925967,0.25
"Item9",-0.000192383613913363,0.25
"Item10",-0.463005475407339,0.25
