"Items","Difficulty","Discrimination"
"Item1",-0.467523191900149,3
"Item2",0.167174206334597,0.25
"Item3",0.174820641664736,0.25
"Item4",-0.0209265529375911,3
"Item5",0.279457996485159,0.25
"Item6",0.461953760868969,0.25
"Item7",0.124123765522637,0.25
"Item8",-0.109729806654951,0.25
"Item9",0.646885542201677,0.25
"Item10",0.155232543630976,0.25
