"Items","Difficulty","Discrimination"
"Item1",-1.14219551219453,0.25
"Item2",0.304279167072249,0.25
"Item3",0.36849221535871,0.25
"Item4",0.149491902808798,0.25
"Item5",0.895053254904005,3
"Item6",-0.00358392207986112,0.25
"Item7",0.462227001429064,0.25
"Item8",-0.235454588073306,0.25
"Item9",0.82406596519778,3
"Item10",0.138113665817935,3
