"Items","Difficulty","Discrimination"
"Item1",0.835634929489626,0.25
"Item2",-0.518121024802182,0.25
"Item3",-0.0990850615516535,0.25
"Item4",-0.550235333368728,0.25
"Item5",0.137492347295076,0.25
"Item6",0.745947766786264,0.25
"Item7",0.372204518879752,3
"Item8",0.241148574346664,0.25
"Item9",-0.103781972759939,3
"Item10",-0.585095109587842,0.25
