"Items","Difficulty","Discrimination"
"Item1",0.516779479693916,3
"Item2",0.172698684409027,3
"Item3",-0.0578246400091308,0.25
"Item4",-0.0296687336413101,0.25
"Item5",0.0739596291993109,3
"Item6",0.951384797727156,3
"Item7",0.377128451918585,0.25
"Item8",-0.294696955433786,3
"Item9",0.27635334652626,0.25
"Item10",-0.488083706877659,0.25
