"Items","Difficulty","Discrimination"
"Item1",0.803394541916307,0.25
"Item2",-0.422647177019532,0.25
"Item3",0.0353470421566209,3
"Item4",0.167608656753439,3
"Item5",-0.0158465526186288,0.25
"Item6",-0.00629706649578993,0.25
"Item7",-0.548445004332921,0.25
"Item8",0.838360648137309,0.25
"Item9",0.181926789244066,3
"Item10",-0.404135746721018,0.25
