"Items","Difficulty","Discrimination"
"Item1",-0.60011992981964,0.25
"Item2",-0.0256664400127097,3
"Item3",-0.131414791311248,0.25
"Item4",0.637152141342416,0.25
"Item5",-0.152024262437875,0.25
"Item6",0.187838728508662,0.25
"Item7",0.13038458091781,0.25
"Item8",0.0148079194286395,3
"Item9",-0.800146335098662,3
"Item10",-0.00358533053949773,0.25
