"Items","Difficulty","Discrimination"
"Item1",0.382826175812842,0.25
"Item2",-0.125278041386133,0.25
"Item3",0.246147442784524,3
"Item4",-0.0720344665541058,3
"Item5",0.239856081607944,3
"Item6",0.246006052372536,0.25
"Item7",-0.623956311566101,0.25
"Item8",-0.0195605827903022,3
"Item9",0.37832494002065,0.25
"Item10",-0.254279125274785,3
