"Items","Est.Discrimination.2PL","Est.Difficulty.2PL"
"Item1",0.672195029352324,-1.15515498250562
"Item2",3.09069677968332,1.18208428574532
"Item3",0.748002236151876,-1.83365153896476
"Item4",0.884583778547316,-1.56569006799359
"Item5",0.74053777537121,-1.36766043670742
"Item6",2.88880146603671,1.33393722515229
"Item7",1.13173981040288,-0.675332596271768
"Item8",2.97358704552651,1.51820268695575
"Item9",0.596301362618727,-1.75667382403412
"Item10",2.9740976517406,1.4328477020891
"Item11",1.02569931146007,-1.13734327252863
"Item12",3.07339458686842,1.1075655619703
"Item13",1.8434250469239,0.0295644717151798
"Item14",2.48059277128584,0.740835195914002
"Item15",2.76721227720978,0.912294500262909
"Item16",2.09728800405488,0.161383444532657
"Item17",3.51784812897584,1.96137805752318
"Item18",0.878388180209862,-1.4914786101489
"Item19",1.09676131419201,-0.723058493773659
"Item20",1.56754017138396,-0.465885261471479
"Item21",3.06937392764486,1.34519562752452
"Item22",2.80209032536917,1.02822772082165
"Item23",0.771109219754049,-2.10228932176095
"Item24",2.24424202880001,0.539957484178205
"Item25",0.786480744980687,-1.20081590562003
"Item26",0.835483413535746,-1.35094365908594
"Item27",2.05550390395956,0.0930034891614378
"Item28",3.0529574441628,1.47726507470287
"Item29",2.56826892320748,0.835101484010717
"Item30",1.14874812069883,-0.794957428082899
