"Items","Est.Discrimination.2PL","Est.Difficulty.2PL"
"Item1",1.16600119532593,-1.03639612579269
"Item2",0.765389224997176,-1.2799452869034
"Item3",2.9593286532552,1.02994563421448
"Item4",3.1151286289353,1.44483169255026
"Item5",2.99475625534306,1.86163779360787
"Item6",3.17611765721166,1.2808789829724
"Item7",3.28276809101243,1.63026770705043
"Item8",1.14279416863329,-0.695046518993419
"Item9",3.11774094257689,1.2651742603683
"Item10",2.35056454444973,0.809138778603868
"Item11",2.54911248705878,0.745541170020508
"Item12",3.05638625040123,2.13026861891892
"Item13",0.624350775593475,-2.09936224160451
"Item14",1.14220954272888,-0.77028710700515
"Item15",0.989952774336579,-0.689041764526404
"Item16",1.66668034535384,-0.156820646767326
"Item17",2.74951723104384,0.946320131177741
"Item18",3.28564531219366,1.61745523307561
"Item19",0.941331944195107,-1.80538681196263
"Item20",2.14969497040312,0.376299904424121
"Item21",3.04063144972595,1.7036473069737
"Item22",1.71164853754515,-0.272366609101335
"Item23",2.44787906061588,0.713512179183467
"Item24",2.02043304203993,0.0982371002345443
"Item25",2.5118630308558,0.817389123474248
"Item26",2.72652769338902,1.4961803936415
"Item27",2.96320109667141,1.59721244846169
"Item28",3.1069499400558,2.13381723598949
"Item29",2.37357405884967,0.329984408092935
"Item30",0.768452720980249,-1.91153422142845
