"Items","Est.Discrimination.2PL","Est.Difficulty.2PL"
"Item1",4.18959155201422,2.52403257446145
"Item2",0.592136782427785,-1.89997193833808
"Item3",2.10963141533019,0.44583295762134
"Item4",2.82662044087667,0.737465438621108
"Item5",1.57064565231671,-0.343380754943427
"Item6",2.81313945547039,0.973177966585328
"Item7",0.78118104327068,-1.74355270970825
"Item8",1.19444159792951,-0.924510403939807
"Item9",3.0056488444066,1.24116124532734
"Item10",2.13958775201989,0.297815049032324
"Item11",0.820108693782292,-1.79576560374919
"Item12",2.47523143180543,0.628404482980874
"Item13",0.72712401638512,-1.73261296131556
"Item14",1.02835275542551,-1.16183001993514
"Item15",2.14748224448702,0.153911591011137
"Item16",3.33017905780758,1.73740845386562
"Item17",2.99839744430377,1.99329324357098
"Item18",3.13466447237178,1.54278502735704
"Item19",3.17560011820556,1.39672951856477
"Item20",1.05913191870527,-1.24468605368039
"Item21",0.43469361882554,-2.74015854428279
"Item22",2.89675529050123,0.948394870266124
"Item23",3.28727249316846,2.27498198306915
"Item24",2.4259062466553,0.650870833969695
"Item25",0.882681940469346,-1.12462907347654
"Item26",0.593163009420298,-1.60853206705028
"Item27",0.674733489342972,-2.38872486806916
"Item28",0.952852117138804,-0.998938031735538
"Item29",2.86996657659639,1.32865120283965
"Item30",1.19913564753664,-0.888208877717264
