"Items","Difficulty","Discrimination"
"Item1",-0.922963648861979,3.23651275396609
"Item2",2.33108642094753,1.32115951470486
"Item3",-0.63018870315252,3.37165135509078
"Item4",-1.61222966670352,3.5099831712456
"Item5",2.33894598444416,1.33560767542006
"Item6",1.30719400872712,2.06146492511184
"Item7",-2.44875659335569,3.16708925971246
"Item8",1.61606565550798,1.61325469887437
"Item9",-1.19489529478127,3.12259865136728
"Item10",-1.8583015409743,2.70499552273799
"Item11",1.779430451893,2.03510509460573
"Item12",-0.945566642399929,2.98696366564481
"Item13",1.90693144605967,1.73932628060479
"Item14",0.533449734759565,2.79555318396631
"Item15",0.577978373927222,2.8538406932544
"Item16",0.848665218821911,2.51838218632671
"Item17",-1.17668258261171,2.91535515370378
"Item18",1.04653933587948,1.9265997813135
"Item19",0.202765851311296,3.26509014296477
"Item20",-1.46630742879535,3.00967865115523
