"Items","Difficulty","Discrimination"
"Item1",1.64976597839415,1.89554415807198
"Item2",-1.99643548229737,3.061107918966
"Item3",1.8456651979812,1.45305808078083
"Item4",-1.27305275979687,3.12459955440172
"Item5",0.847404515130122,2.22201956988431
"Item6",-0.618841130327897,2.66998061608889
"Item7",2.16335630651464,1.46119998396274
"Item8",0.307962894302401,2.56976027730186
"Item9",0.645016242126895,2.70065016536637
"Item10",-2.21939884203175,3.18814160272143
"Item11",-0.574811432473188,3.02808029141952
"Item12",1.1559632231493,2.79909787635664
"Item13",-1.11753137202136,2.77155345252966
"Item14",1.22267838647604,2.49438973826765
"Item15",1.80956860861122,1.79372886513605
"Item16",1.71522405120136,2.2970593072457
"Item17",1.07169028319651,2.41262827279962
"Item18",0.0468000410513092,2.60445379801728
"Item19",-1.5329854155317,3.24521041663131
"Item20",-0.826977638557823,2.87334287133108
