"Items","Est.Discrimination.2PL","Est.Difficulty.2PL"
"Item1",0.477925442507415,1.21839186577618
"Item2",2.9115105178856,0.849447910969724
"Item3",3.14055979473361,0.887531117642164
"Item4",0.541257843358037,1.16709322519577
"Item5",0.495160989960062,-0.344078186618694
"Item6",0.499680035874742,-0.800601102912466
"Item7",0.60866164159685,1.89429474491231
"Item8",0.470719608502888,0.736456381612391
"Item9",0.440560743861991,0.274187737866058
"Item10",0.610992444581589,1.6509331107594
"Item11",3.16302011328919,-0.938376723756078
"Item12",0.540354533100931,-1.34584699731568
"Item13",3.23872796325801,0.00848578557316418
"Item14",0.403593654831731,1.72434734830179
"Item15",0.663848012302344,1.93674845954194
"Item16",0.466373863084721,0.665117055146765
"Item17",0.49542939239915,2.04859635049611
"Item18",0.500745843819551,-1.25944972068869
"Item19",0.573291773782655,0.337575800190302
"Item20",0.517106918627487,-1.78154383974444
"Item21",0.507222534588926,0.698975281598513
"Item22",2.86416516435383,0.814300082310378
"Item23",0.758651390878188,-1.36885810490127
"Item24",2.85261460309912,0.60245238183068
"Item25",0.523189266715513,-0.99999085491118
