"Items","Difficulty","Discrimination"
"Item1",2.37850839684148,1.56148578939768
"Item2",1.4705844683007,1.46313219485293
"Item3",1.26664854501005,1.35766987485418
"Item4",-2.19414676645782,2.20625171206824
"Item5",-0.108048262538747,2.2392968082514
"Item6",-2.32157426437939,0.970059315771249
"Item7",-1.77981845084005,1.22945996458617
"Item8",1.76778948161805,1.9301905058793
"Item9",1.81396888155894,1.23165257129705
"Item10",0.543353523172658,-0.0664711174854797
