"Items","Est.Discrimination.2PL","Est.Difficulty.2PL"
"Item1",0.935782720828247,-2.48448978996515
"Item2",3.15358051246488,1.52041768559757
"Item3",1.07031360930892,-0.512754255510826
"Item4",1.05373801054757,-1.122537301107
"Item5",0.687090932394872,1.43727216250109
"Item6",1.39965928898239,-2.33096176275123
"Item7",1.19818058522185,-1.58825684954316
"Item8",1.06424012654181,-1.96018560259852
"Item9",1.10192045805893,1.12832827598925
"Item10",1.25273309326407,-0.402588263842298
"Item11",1.06721549027702,-1.75972562675247
"Item12",2.46520326385968,1.80914358226768
"Item13",0.84375761147427,1.40641125581785
"Item14",2.47159006273367,1.59442440796417
"Item15",1.0711878291056,0.878303919379585
"Item16",0.996885854004604,-0.77881248489854
"Item17",0.898925331192055,-1.40680921223824
"Item18",0.993515445983377,1.38906886691622
"Item19",0.9333729772896,1.19921900720706
"Item20",0.789777190537952,1.20641521591593
"Item21",2.37352504426376,2.54886804802818
"Item22",0.942397178923361,-1.28525004083896
"Item23",0.909520011894376,1.3352842922303
"Item24",1.16220091121517,0.302078314988917
"Item25",0.77600346524691,-1.64996266984086
"Item26",1.03982206746724,-1.38782421351414
"Item27",0.88783258717804,-1.69807798452683
"Item28",1.25201261897838,-0.923799640515967
"Item29",1.22530040848488,-1.53633489624761
"Item30",1.02760600290278,1.25515429962673
"Item31",0.908982997228226,-1.90628111740125
"Item32",0.848424512688323,-1.92719409719034
"Item33",0.957118057430534,1.55069478199604
"Item34",1.07628092600298,1.01936518659788
"Item35",1.11486514467574,-1.38341721623225
"Item36",3.81765257999645,1.82923328892055
"Item37",1.01562950483438,1.10095837381297
"Item38",1.00984437639104,0.635637438270284
"Item39",0.745473940530095,-0.231753649996682
"Item40",0.747923239575573,0.0339514337960129
