"Items","Est.Discrimination.2PL","Est.Difficulty.2PL"
"Item1",0.593455052330606,-1.43611127291372
"Item2",0.707628628561272,-1.31478466753248
"Item3",1.74191039187494,1.00172489553535
"Item4",2.47306377489592,2.00521712914849
"Item5",0.805763925567419,-1.29028838271816
"Item6",0.940501503250288,-0.270541058138472
"Item7",0.653298708071649,-1.668031248274
"Item8",1.16347655876913,-0.419866820478195
"Item9",0.693430056412175,-1.56012840674001
"Item10",1.05825648656567,0.187156641671457
"Item11",1.0264881652721,-0.249880936079387
"Item12",2.49143477980801,1.75139578404845
"Item13",2.31272948363118,1.67158261854562
"Item14",1.14096765091533,0.0106515700516843
"Item15",1.61141837120915,0.863359271757629
"Item16",1.37553450097631,0.342917221423441
"Item17",0.68149532112679,-1.54429289895498
"Item18",1.46292118049641,0.262429409530742
"Item19",0.899443034674043,-0.63417695196902
"Item20",1.05824860895845,-0.577618779676184
"Item21",0.590653615309669,-1.73801743404889
"Item22",1.2039083489115,0.189984763380039
"Item23",0.778276622145966,-0.962776097163386
"Item24",0.894763865325492,-1.1914249932504
"Item25",1.06409064793384,-0.220550421854891
"Item26",2.56424140464302,1.99522281170111
"Item27",1.01497653979967,-0.930583133083193
"Item28",1.22292910535897,0.0337892809767591
"Item29",0.83685006227288,-1.25443538786449
"Item30",0.920381354981722,-0.658379028874583
"Item31",0.973398209425668,-0.98194965958643
"Item32",2.44739408766671,2.07887938774962
"Item33",0.71749065372345,-1.07703436460323
"Item34",0.602118437653959,-1.87919900791168
"Item35",0.849859643081684,-0.671807074157233
"Item36",0.91379214745224,-1.22920854602664
"Item37",1.24988025846032,0.0962636538417553
"Item38",0.929184982504352,-0.795219307948971
"Item39",0.652533231050078,-1.17367797436705
"Item40",0.922811154437389,-0.665824140118116
