"Items","Est.Discrimination.2PL","Est.Difficulty.2PL"
"Item1",1.55711105509388,0.814192413130749
"Item2",2.13415406526872,1.25650263806881
"Item3",1.0039718806622,-0.545785803209667
"Item4",0.824723010229298,-0.660223678155159
"Item5",0.766028978046155,-1.05299148288697
"Item6",2.43712012349942,1.71952516201095
"Item7",1.258496109546,0.148224081360484
"Item8",2.89854869932199,2.01530776968052
"Item9",2.09506122832388,1.20349707088736
"Item10",2.42667226962252,2.17950649426399
"Item11",0.637291073693422,-1.49294544954331
"Item12",0.782607074309489,-0.871346302049177
"Item13",0.923589007696993,-1.02178678986222
"Item14",0.734973179644784,-0.917482105332215
"Item15",2.42933608064827,1.64858170492862
"Item16",1.98795199072503,1.17338979082275
"Item17",0.464704597445979,-2.22919485665682
"Item18",0.943753581906824,-0.698502322603033
"Item19",2.66929145761899,2.48183816338243
"Item20",0.61979593637196,-1.68536853569575
"Item21",1.72898904197547,1.04610554884375
"Item22",0.933292140992198,-0.61561893503578
"Item23",2.38612555448628,1.97378934428616
"Item24",0.686730079460609,-1.05453313482056
"Item25",0.994945360986482,-0.067864860621914
"Item26",1.80117776518869,1.05250926351514
"Item27",0.652231524920862,-1.62386272252547
"Item28",0.614596736876953,-2.2416826472137
"Item29",1.01609727295039,-0.252456146357651
"Item30",0.725133940428139,-1.32053217641311
"Item31",1.08638841266054,-0.551593059350325
"Item32",0.534111453611289,-1.6514996067901
"Item33",2.10607970926097,1.4628403736929
"Item34",1.12300208015013,-0.153840472545345
"Item35",1.28237667279316,-0.0736512159225947
"Item36",1.62176982638762,0.67217979922553
"Item37",3.35032597361742,2.31773932289336
"Item38",2.27234689441697,1.48240926458923
"Item39",0.521156983875678,-2.47798214452354
"Item40",1.29177889899303,0.0711298863696152
