"Items","Est.Discrimination.2PL","Est.Difficulty.2PL"
"Item1",3.01371851383757,1.6415089977693
"Item2",2.30056701893768,1.72243403119239
"Item3",0.953765116416672,-0.146765237775496
"Item4",1.07439239022846,-1.03346320522285
"Item5",1.336976397462,-2.03231595468691
"Item6",0.944004477543065,0.220472285216506
"Item7",1.16220260861852,1.39248120615423
"Item8",1.02002479702136,0.120834447008935
"Item9",1.15904407504183,-1.35006272660659
"Item10",1.22662427167859,-1.03864004251605
"Item11",2.65379838387449,1.84043658731803
"Item12",0.963138463512104,-1.34931731534379
"Item13",1.15209081343219,0.76190225252279
"Item14",3.69610265296118,1.72236330090306
"Item15",1.34631162390374,1.3970624321069
"Item16",0.861042460164252,0.65736200029183
"Item17",1.1710653433554,-0.682273484185965
"Item18",2.69149738157263,2.28617551825765
"Item19",0.991283749273887,-2.30237823442159
"Item20",1.24667070161185,-1.22581588652815
"Item21",0.799922366047462,-0.757661842241192
"Item22",1.01258317915572,-1.02905162163118
"Item23",1.10910671125265,-0.919413438570861
"Item24",1.10214398655503,0.763295298792527
"Item25",1.16540573210899,1.18134476942596
"Item26",0.761194122352851,-0.605717795593894
"Item27",0.95706888775741,-1.75637054349977
"Item28",1.1869144940472,0.00789196992656809
"Item29",1.2303941041628,0.327105480986129
"Item30",1.07007439832112,-0.370480129938584
"Item31",0.97429135688054,0.259314428815154
"Item32",1.29456347366936,-1.70944300153438
"Item33",0.971168965707273,0.629058074003923
"Item34",1.12358122777339,0.143074893827047
"Item35",0.958361778816918,0.200088003717032
"Item36",1.02113675316341,1.29280206583604
"Item37",1.10170269023172,1.0126632774313
"Item38",2.51332585367525,1.7689129569066
"Item39",0.890874945470703,-1.74537404355823
"Item40",1.23558872220409,-1.95031946458648
