"Items","Est.Discrimination.2PL","Est.Difficulty.2PL"
"Item1",3.24557264200734,1.70427935168083
"Item2",0.844061132209207,0.492781287710852
"Item3",0.825763629375007,0.292363341215968
"Item4",1.43778218032297,0.0750127976061489
"Item5",0.843403179573827,1.59140216286184
"Item6",0.820342134574024,-0.00368267529449565
"Item7",0.97564328699406,-1.7113385107292
"Item8",0.885148437946161,-2.23499436803072
"Item9",1.15906209572762,-0.118001366593803
"Item10",1.07437549735183,0.466193929611924
"Item11",1.07271665925683,-0.787815138111759
"Item12",0.965987061468936,1.16545815925921
"Item13",1.19157849054721,0.820986133825797
"Item14",0.639690103065518,-1.03792990174304
"Item15",0.923762808912275,0.52647907506383
"Item16",0.866435495394064,-0.32808827480724
"Item17",1.02270137847149,-0.836340815459201
"Item18",1.05713157075368,0.272250342916795
"Item19",1.07705640460864,-2.09022827779835
"Item20",1.01133736377762,-2.21111464070757
"Item21",0.941917377316108,-1.61043041039683
"Item22",1.16174232108079,-0.22875108901271
"Item23",0.788320976980518,-0.903967597087823
"Item24",1.19457777792802,1.02906024552231
"Item25",1.06843804725726,0.879611734092562
"Item26",1.07006086775837,0.881850519441059
"Item27",1.01617051291489,-0.28721550787147
"Item28",1.26877254815955,0.318375480744234
"Item29",1.25915195311794,-1.70010838948036
"Item30",1.160735879231,0.59302777167735
"Item31",0.915593551304004,-0.852822171271928
"Item32",1.22003307670976,0.554948270783611
"Item33",2.35135241696939,1.93182145546259
"Item34",0.899728929766697,0.814939858618883
"Item35",0.962591152082469,0.654037125889922
"Item36",1.76400780556947,1.76646545397115
"Item37",1.247410286281,0.482277160054516
"Item38",2.87000070509121,1.5840702918535
"Item39",2.599546076884,1.94088313817787
"Item40",1.0761497039774,1.06415035817343
