"Items","Difficulty","Discrimination"
"Item1",1.75984165569827,3.0550502589107
"Item2",1.6286008739193,3.12057254899055
"Item3",1.36865750664027,1.48743529858172
"Item4",-1.92942628743218,3.13924484286504
"Item5",-1.03931166543724,1.58076279540318
"Item6",0.68303397848614,1.56247332035615
"Item7",0.158892871897852,1.71636592734309
"Item8",-1.26559100818553,1.56455334070065
"Item9",-0.378195709642035,1.61155951800417
"Item10",1.89244847635191,2.91790674474738
