"Items","Difficulty","Discrimination"
"Item1",-0.615935571924469,1.08109869483214
"Item2",2.2296551464602,2.89477311527046
"Item3",-1.40004207827941,1.21193091104247
"Item4",0.428101171167434,1.94612046967333
"Item5",0.805690066062437,1.58287035790635
"Item6",1.16505569351218,1.28946625074363
"Item7",1.40668846075361,1.7054960906162
"Item8",-0.801584396935252,0.987979952978732
"Item9",0.867830121122217,0.981667393830957
"Item10",0.563807607140281,1.15451136859318
