"Items","Est.Discrimination.2PL","Est.Difficulty.2PL"
"Item1",2.89137821440668,-0.0854545478316396
"Item2",2.72879393858782,-0.484934723103179
"Item3",2.96695000217656,-1.56913859078577
"Item4",2.93601499379678,-1.39308478649524
"Item5",2.85461692858009,-0.0438577650127163
"Item6",3.12483481082267,0.931762242348737
"Item7",2.73651798507008,-0.442653067680438
"Item8",2.5877995564546,-1.66988537993729
"Item9",3.06082379025842,-0.110369611628094
"Item10",2.41815194094071,1.13899781660405
