"Items","Est.Discrimination.2PL","Est.Difficulty.2PL"
"Item1",3.02948702253076,-0.521130961263532
"Item2",1.01268684020431,1.92667876926479
"Item3",0.620104630178713,1.92424783435368
"Item4",2.97851547379321,-0.487448462179648
"Item5",3.53742260874106,1.10510941439312
"Item6",3.37282312642901,-1.84600083303453
"Item7",3.02021057000574,0.947619859029468
"Item8",3.11092281834299,-0.533824765424119
"Item9",3.15580889941395,0.83047346203192
"Item10",3.1276575362688,-0.423203625580262
