"Items","Est.Discrimination.2PL","Est.Difficulty.2PL"
"Item1",2.74062265226014,0.0495338017008169
"Item2",2.94339804621779,-0.609776927546877
"Item3",3.11646738454799,-1.63406949716364
"Item4",3.02220143580678,1.14690140560021
"Item5",0.734118127200075,1.89607784412115
"Item6",2.87995808903286,-1.44636706801052
"Item7",3.09942605503497,-1.17143409064869
"Item8",2.93133090946359,-0.246067649658116
"Item9",1.10556337710981,2.18416472464133
"Item10",3.16078354286196,0.387151389263224
