"Items","Est.Discrimination.2PL","Est.Difficulty.2PL"
"Item1",3.55324130083777,1.36535166196101
"Item2",3.23472736859361,-1.75479945469267
"Item3",3.06345191096395,1.43575526260383
"Item4",3.23183540922875,1.07037655815546
"Item5",0.821661699025789,1.93188940677185
"Item6",2.91431745522759,-0.709233437658794
"Item7",2.79641524196098,-0.204471423277697
"Item8",2.06930560613355,1.90889624256591
"Item9",2.80775273670374,-0.544780518408867
"Item10",2.91370394463145,0.124444261094724
