"Items","Est.Discrimination.2PL","Est.Difficulty.2PL"
"Item1",2.82655648968927,0.43357172958879
"Item2",3.08245764946117,0.183711650128507
"Item3",2.99583367504877,0.492967402864759
"Item4",3.2603477910376,-1.25018743091156
"Item5",2.93894300783128,-1.61493433584077
"Item6",2.34892987636985,1.71149993234867
"Item7",3.17192622884118,-0.487243748896878
"Item8",2.9710189423752,-1.41537908654049
"Item9",2.96692234355748,-0.622819175380612
"Item10",3.14667375326082,0.391384549071305
