"Items","Est.Discrimination.2PL","Est.Difficulty.2PL"
"Item1",2.76800677841284,0.854106656341737
"Item2",3.11354802911586,-1.30470693983674
"Item3",3.11489556942785,-0.683382518080515
"Item4",0.128156898403988,2.06089785066896
"Item5",2.92756790893784,-0.971126266561417
"Item6",3.26499443241186,0.15802713709437
"Item7",2.86023228913614,1.01742299127899
"Item8",1.19644481043051,2.03373530246267
"Item9",2.9031159271439,-1.18035057084869
"Item10",2.95313389380986,1.23493932924944
