"Items","Est.Discrimination.2PL","Est.Difficulty.2PL"
"Item1",2.77829245198321,0.0389211339485472
"Item2",3.06754384420338,-0.12017226248238
"Item3",2.97318617959106,0.780205651944697
"Item4",2.95849247541782,-1.16473097069471
"Item5",1.26693184513087,2.23076253016228
"Item6",3.0338093755868,-1.28454551807175
"Item7",1.04207521041494,1.9489042942672
"Item8",2.64270874313835,-1.17568564055716
"Item9",2.79287304411819,-0.568612749382973
"Item10",3.18643231873118,-0.3319442493577
