"Items","Difficulty","Discrimination"
"Item1",2.3028666742964,0.997968792801039
"Item2",0.578905094751451,1.39528350168452
"Item3",0.638220119562072,1.1613567740614
"Item4",-0.659099864540281,2.51608550897436
"Item5",-0.711017663019905,2.65283047463656
"Item6",2.29334747685209,0.747291627613134
"Item7",0.322017251376372,1.58121974021117
"Item8",-0.0685486591118954,1.9349316963292
"Item9",1.72810426235576,0.886666838637699
"Item10",-0.28068208381584,1.8365391563696
"Item11",2.64455457108893,0.593635674586438
"Item12",-1.0427275913613,2.66874422308581
"Item13",-0.0818702272546667,1.81618508895437
"Item14",-0.503064325272113,2.58376413008928
"Item15",0.223473967699463,1.74694149383068
"Item16",0.197213107545205,1.62831838166085
"Item17",0.934458736845619,1.42768701759535
"Item18",0.761696334351145,0.399342490572952
"Item19",-1.85080724432354,2.81940024353502
"Item20",-2.10705359772977,3.17095938281736
