"Items","Difficulty","Discrimination"
"Item1",0.82736423175641,1.00276055677564
"Item2",-1.47125848210593,2.72867909689673
"Item3",0.555738765716373,1.22343670357104
"Item4",0.333680119369935,1.47956569833579
"Item5",1.17517257540571,1.12617534623083
"Item6",0.235069534256189,1.64180082641103
"Item7",-0.66674804139262,2.44266271026528
"Item8",-0.260330224556874,1.90907323859624
"Item9",1.22245800555762,0.709763167169591
"Item10",0.527876389773432,1.2686229659928
"Item11",-0.199280551361633,2.53819364784266
"Item12",1.22155907472039,1.16006169125598
"Item13",1.54947519678512,1.00351616437526
"Item14",-1.46288429313525,3.27705920046278
"Item15",-0.668517543835361,2.25332310565123
"Item16",1.13888921721321,0.969968356776195
"Item17",-0.00472325641168519,2.15543498194416
"Item18",-1.1722807581581,2.89215526384946
"Item19",-1.08014639965034,2.79117736758908
"Item20",1.76317141142341,0.696279333771198
