"Items","Difficulty","Discrimination"
"Item1",0.738453214209149,1.18375059988548
"Item2",1.70178123984632,0.636066664784793
"Item3",0.744399229299622,0.774011842765685
"Item4",0.398899635930532,1.6337863881437
"Item5",-0.133332670187285,1.68079319558085
"Item6",-2.02130133330274,3.04601881476406
"Item7",1.39065838900305,0.653711315048829
"Item8",-1.43558820382998,3.0475655622565
"Item9",-1.50390297799418,3.23842239916209
"Item10",-1.80013675367398,2.94585798129768
"Item11",0.830434913794042,1.55342343881682
"Item12",-1.03073247579449,2.68806868633591
"Item13",1.71807656707635,0.593439202524421
"Item14",-0.154397481804588,1.7700029088516
"Item15",-0.79021950380745,2.6370098187295
"Item16",0.981633668408737,1.00324475335552
"Item17",1.92124204440438,0.552408027792928
"Item18",-1.31797499078259,2.76767044585298
"Item19",-0.787654593685938,2.60296891276246
"Item20",-0.53136966265205,2.53276502663796
