"Items","Est.Discrimination.2PL","Est.Difficulty.2PL"
"Item1",2.16733330688493,0.390049556469129
"Item2",0.168356879740325,0.263276285544945
"Item3",0.229173100648788,0.194545461102093
"Item4",1.9540823583283,-0.351527797428847
"Item5",0.110999688355335,2.54732038548028
"Item6",0.180192902809118,-0.425335130042285
"Item7",0.16853386382065,-1.58657384240936
"Item8",0.174372518469401,0.810331579376869
"Item9",0.173578066327969,-0.325075507964036
"Item10",0.11761430044778,0.102429704973447
"Item11",0.181907050681454,1.47178482333102
"Item12",0.239711692277929,1.08911804833307
"Item13",3.35564703800103,-1.33320292945445
"Item14",0.196480315517877,-0.226088672797324
"Item15",0.0749292779500634,-1.76664634463027
"Item16",0.0595719497502057,6.65354208416926e-05
"Item17",0.0929361216717577,-1.25221064414666
"Item18",0.124848584499208,-0.0642788629099564
"Item19",2.27581090588686,0.418888000382691
"Item20",1.67507863254065,-0.164375390415868
"Item21",0.157975499562125,-1.95126384560617
"Item22",0.242864556769205,0.0668822129069925
"Item23",0.3459131783882,-0.500807560683247
"Item24",2.25325534818671,0.0258017140881757
"Item25",2.42280999173106,0.990354955783138
