"Items","Est.Discrimination.2PL","Est.Difficulty.2PL"
"Item1",0.255239507331105,-0.159266328089437
"Item2",1.68765621191698,-0.569052630455426
"Item3",0.126430406958353,0.731020986084141
"Item4",0.294885809962354,0.527447421020856
"Item5",0.220574220259575,0.312072220213766
"Item6",0.175329213660679,0.252851241349604
"Item7",0.265709121860271,0.260446815997498
"Item8",0.199325836631497,0.162095705108161
"Item9",0.23244047809795,0.12205093532595
"Item10",0.194787307780307,-0.581013270287033
"Item11",0.295910920353203,0.179535399352208
"Item12",0.144188314859941,1.17387028749335
"Item13",0.196601438140993,-0.0822067712421655
"Item14",0.203863946862852,-0.277626396773899
"Item15",2.08084692417074,0.0458923211767496
"Item16",0.239531600959093,-0.678855263637907
"Item17",0.274644775407073,0.11867475511046
"Item18",0.279463103608992,-0.0437667957020225
"Item19",1.95861218156559,-0.432418428336685
"Item20",0.112434418441562,0.321160145377929
"Item21",0.0737014003578786,0.380382264093549
"Item22",0.184696605310895,-0.13109312528204
"Item23",1.94608477617109,-0.426537044304837
"Item24",0.174633367362045,0.901845755212526
"Item25",0.0842728134814386,1.71467789005091
