"Items","Est.Discrimination.2PL","Est.Difficulty.2PL"
"Item1",0.29158151862458,0.547474529413158
"Item2",1.90545324491663,0.580057594756993
"Item3",0.266392119842187,1.12331530035993
"Item4",0.340615342345883,0.241888370999693
"Item5",1.98375721342299,-0.658941477778793
"Item6",0.217621726491947,0.708183246034789
"Item7",0.274399916079191,0.223002965925398
"Item8",0.162223447625519,0.995034555050807
"Item9",0.257903041005675,0.000235349204823791
"Item10",0.101087019217473,2.0704869030911
"Item11",0.0988520357229879,-1.01473865406576
"Item12",0.291328948751362,0.210541346601559
"Item13",0.298072377858416,0.549833611069102
"Item14",0.259991917179923,-0.359754323571695
"Item15",1.95999563391793,0.540375103164072
"Item16",0.255510124470022,0.000234388610916847
"Item17",1.83311982536124,-0.30209914911613
"Item18",1.87376806772674,-0.456946566432238
"Item19",0.126211678559543,2.46972650218884
"Item20",1.88611689373126,-0.222973070610666
"Item21",0.0629558111335552,1.46402588653837
"Item22",0.219766629463407,0.202851263575528
"Item23",0.157675618354378,0.357644414466274
"Item24",0.219526366395955,-0.257980564459421
"Item25",0.251323237762024,0.275106606774725
