"Items","Difficulty","Discrimination"
"Item1",-0.758453915923813,2.23268423589128
"Item2",-0.56352966027159,2.48081523992532
"Item3",-1.68555588308585,0.857635669068984
"Item4",-1.21868923220153,2.22270105181172
"Item5",0.0624792289892966,2.67832805007321
"Item6",-0.862078614908326,2.39036711366901
"Item7",-1.87790451711582,1.66094687861373
"Item8",1.86429887926542,1.32192341596685
"Item9",-1.03174585214434,2.13949619099155
"Item10",1.90065567617071,1.4046796502803
"Item11",-1.26428653642584,2.06927294612584
"Item12",-0.369088562661692,3.08640874005767
"Item13",0.704580266146811,1.82609741312759
"Item14",-1.0470094109364,2.26832758369051
"Item15",1.81516312377957,1.2339715862044
"Item16",2.08335627107756,0.69617264724324
"Item17",0.261920569059585,2.60373198421672
"Item18",-1.43019369846102,1.78569065635623
"Item19",-1.71266579805153,1.61521450819617
"Item20",-1.24864362016195,1.94967964577436
