"Items","Difficulty","Discrimination"
"Item1",0.23996746951056,2.91218122053864
"Item2",-1.86162226009997,1.4091337606184
"Item3",-1.53274581175971,1.5377648067833
"Item4",-0.233505461242893,3.28002663399169
"Item5",-0.468687862761731,2.96906958246891
"Item6",-1.12987422304951,2.22082772293197
"Item7",1.24938872269146,1.86694808962029
"Item8",-1.56044867605524,0.964129217141236
"Item9",-1.01095027508288,2.08598331198685
"Item10",1.24316590228446,1.81448130407216
"Item11",-2.15267529301861,1.14016121951445
"Item12",0.964048832143239,1.97065687136721
"Item13",-0.222034899096149,2.77694226244085
"Item14",1.34216974291398,1.61419033914765
"Item15",-1.60263861744464,1.22981616221038
"Item16",-1.44245567720473,1.54185071814431
"Item17",1.73702779908984,1.49881473118776
"Item18",1.56026741655132,1.4923402699648
"Item19",-0.532908889511318,1.86557125584372
"Item20",2.56106193888193,1.1929574401296
