"Items","Difficulty","Discrimination"
"Item1",0.867425173374392,2.35202292774128
"Item2",-2.02279375631104,1.15127376427312
"Item3",0.0937462140041921,3.03890843225103
"Item4",-1.14301321824769,2.05196878346459
"Item5",-2.10387284811488,1.06473897968679
"Item6",-0.723889998472791,2.59105591639835
"Item7",-1.3392855368149,1.78795582353946
"Item8",0.845436151155238,2.20022543852442
"Item9",-0.844004728357509,2.45276850521884
"Item10",0.757742704745824,2.40853132009894
"Item11",1.76713144153749,1.28996193024487
"Item12",-2.01575468135803,0.971911569695458
"Item13",1.27276874116001,1.6357089451414
"Item14",-0.771525122594822,2.33057039748638
"Item15",1.62034790664505,1.41372798211498
"Item16",0.710564617115808,2.46623923398224
"Item17",0.457190159496298,2.56633959382934
"Item18",1.94386341662949,0.943886198363556
"Item19",0.330003374205032,2.90413415100913
"Item20",-1.87993863033635,0.884834194873136
