"Items","Difficulty","Discrimination"
"Item1",0.648869682865848,2.61694292456025
"Item2",1.02814701656289,1.91580158929538
"Item3",0.498794951463203,2.71481313611097
"Item4",-2.35675655578126,0.771676451131354
"Item5",-1.47109255880185,1.39411780748139
"Item6",-0.174122895141185,2.94715965251497
"Item7",-0.985416249897822,2.17214370759498
"Item8",2.2173793440797,1.01292856499377
"Item9",-0.560033613548573,2.63294389416585
"Item10",-1.34831628449743,1.68080553230708
"Item11",1.5659903842003,1.48008041472843
"Item12",-1.42245323095188,1.65745839810716
"Item13",0.781437427199539,2.42304498582936
"Item14",-1.1672778873866,1.94124893221846
"Item15",0.484158889057717,2.80737555320445
"Item16",2.15425151185805,0.8809514229504
"Item17",-0.327730123059349,2.81406804760909
"Item18",-1.71734360842939,1.35430299224639
"Item19",0.870388636856055,2.45639084991426
"Item20",-0.225740023716434,2.97812542964005
