"Items","Est.Discrimination.2PL","Est.Difficulty.2PL"
"Item1",0.898164958287036,0.689052223858315
"Item2",2.35898688160677,-1.6746521923997
"Item3",1.14655097107301,0.26174005660589
"Item4",1.33414986573457,-0.00175335146528692
"Item5",0.750988342267303,1.61877716186327
"Item6",1.49058923285902,-0.381518697549179
"Item7",2.95288309428282,-1.95178921732105
"Item8",0.553424464443722,1.51089104142115
"Item9",0.726516408271207,1.53725524617935
"Item10",0.569375863935443,1.76388916809633
