"Items","Est.Discrimination.2PL","Est.Difficulty.2PL"
"Item1",0.838422579768624,1.020213512331
"Item2",2.63276799203862,-2.40766340410845
"Item3",0.586267674825805,1.34106685704385
"Item4",0.708136159003846,0.97083410825415
"Item5",1.18918793977426,-0.176966011083978
"Item6",0.271881382421495,2.81715873462678
"Item7",1.23555174130713,0.578321587316092
"Item8",1.44959941138882,-0.383347176324842
"Item9",1.74985187715177,-1.19586292340095
"Item10",0.879557731594779,0.482599832590236
