"Items","Est.Discrimination.2PL","Est.Difficulty.2PL"
"Item1",0.855614709787268,1.23719243437417
"Item2",0.589251993707324,1.29237012252409
"Item3",1.08410513476784,-0.185049328059759
"Item4",4.4382742612381,-2.33850998507831
"Item5",0.796307997252307,1.78944781679315
"Item6",1.23928144161702,-0.131783185050424
"Item7",3.6208855082156,-2.3433919967506
"Item8",1.6780046428009,-0.743923092592899
"Item9",0.578537989642096,1.29803103909206
"Item10",2.31090061468571,-1.58098192207539
