"Items","Est.Discrimination.2PL","Est.Difficulty.2PL"
"Item1",1.76372805243391,-0.880530957194048
"Item2",0.476573951866862,1.40965727939635
"Item3",1.27362088429278,-0.173578897514712
"Item4",1.52431626553484,-0.420171573729033
"Item5",2.4923649937073,-1.93111923410042
"Item6",1.62243301618527,-0.197910939371681
"Item7",0.424844616661156,2.29885556177411
"Item8",0.589465046188795,2.18815541222353
"Item9",0.513683705637078,2.30733265065859
"Item10",0.70963022928823,1.87991849423091
