"Items","Est.Discrimination.2PL","Est.Difficulty.2PL"
"Item1",1.24966308216564,-0.0558254971402041
"Item2",1.88377108802676,-1.60038972984414
"Item3",2.20342811747168,-1.60563334461714
"Item4",1.05026726371805,-1.35024940688556
"Item5",0.956566184791572,0.314874075324299
"Item6",1.11508457493751,-0.816452453371985
"Item7",1.10817499320039,0.600706538138344
"Item8",1.14390343715742,0.311408147339891
"Item9",1.00004093835355,-0.99657776776958
"Item10",1.31863418435202,-1.63084836146125
