"Items","Difficulty","Discrimination"
"Item1",-0.915958958377955,0.391400526721851
"Item2",0.027081668041546,0.606028991835288
"Item3",-1.59921386828008,2.93000164645607
"Item4",1.35743392745186,0.581473302614736
"Item5",-1.96812317380886,0.3053644482663
"Item6",1.47592626837265,0.472027925287553
"Item7",2.64761386183967,0.430704295779464
"Item8",-0.217739244262506,2.91492949426421
"Item9",0.999374652168376,0.514580083493478
"Item10",-1.54973351534453,0.429933199335896
"Item11",0.81588855825999,0.43787911295091
"Item12",0.989263123329632,3.13588632392865
"Item13",0.873530175161614,2.90506937570231
"Item14",2.31128986297398,0.670205715439488
"Item15",0.185513314825043,3.0132088660839
"Item16",-1.54410324437154,0.413382858471934
"Item17",-1.95375597773174,2.75730158061849
"Item18",-1.48521012812059,2.99257831256286
"Item19",-2.35327761856715,0.582185154993948
"Item20",-2.07965047332452,0.461354471359157
"Item21",-1.39447551468429,3.07498548423141
"Item22",-0.0871160417167843,0.586629886533919
"Item23",-1.71720276677652,0.40570194819734
"Item24",1.1715829704963,0.357637269883196
"Item25",0.26795234892107,3.06604448218153
"Item26",0.483829005793039,0.505619373505302
"Item27",-0.949250122414865,0.382255441769157
"Item28",1.94179822682937,0.271709159050472
"Item29",-1.14526826290846,0.414664154229765
"Item30",-0.432181736423334,3.02874707650224
"Item31",1.58308644455635,3.01800000376573
"Item32",0.901611184740533,0.7108745401173
"Item33",-1.83597717249152,3.05052598099588
"Item34",0.418049251146184,2.95156022109282
"Item35",-0.0344201833913379,2.97028422822403
