"Items","Difficulty","Discrimination"
"Item1",0.723917574168709,0.605034392269061
"Item2",-0.470892602399973,0.433881995977948
"Item3",1.20583974081082,0.72098698201644
"Item4",1.20912949823797,0.548200947733177
"Item5",-1.38096706479237,0.574177421793625
"Item6",1.89696873344764,0.478970377768508
"Item7",0.0997302647644829,2.80625754637841
"Item8",-1.01422864603793,2.66540714485919
"Item9",1.21522953427183,0.502914393515904
"Item10",0.481041857930455,2.93737013434603
"Item11",-0.577685958959677,0.507770669844357
"Item12",0.952003867959499,0.470356942047144
"Item13",-0.433546657263046,2.91767544258475
"Item14",0.667267636366758,3.36485949308481
"Item15",-1.48204443974217,0.404131369609988
"Item16",1.0840117568877,0.432581060773044
"Item17",-1.73429568068392,3.2095294459296
"Item18",0.32393378435913,0.365221323441268
"Item19",0.332218791431262,3.04477497953809
"Item20",-0.200543319959059,3.08587976704642
"Item21",-1.13397963927419,0.531072573646282
"Item22",-2.37950918729083,0.425531014685621
"Item23",-0.834560365536442,0.50180883975997
"Item24",2.50732693850395,0.54214747295989
"Item25",-0.233597819347878,0.500819192011053
"Item26",1.85053158544599,0.484146982372951
"Item27",1.42620643786582,2.88058991950758
"Item28",-1.59997866337755,0.434492349074283
"Item29",1.89893069936735,3.00332992622484
"Item30",0.310427443352554,2.88055706266172
"Item31",-1.65017359883778,0.564217925360852
"Item32",0.164878456296169,0.351337155452463
"Item33",0.989704273239129,0.478686534950815
"Item34",2.2548321942001,0.522409088310517
"Item35",-2.08592700471639,0.344766442902511
