"Items","Difficulty","Discrimination"
"Item1",1.37487822945624,3.12550055678185
"Item2",-2.01276298726709,0.825006858841086
"Item3",-0.697577006102961,0.310048814901807
"Item4",2.46731562210439,2.57415401093011
"Item5",-0.12219879729098,0.533142613203491
"Item6",-1.16342033543058,3.16410133797511
"Item7",-1.31388849725893,2.94964038247869
"Item8",1.28062362234778,0.352444725866524
"Item9",-1.87317302112269,0.424173242142104
"Item10",-1.36949849333366,0.610695632713461
"Item11",-0.549928803109886,2.8405985679076
"Item12",-2.94628501423907,0.41405719412755
"Item13",-0.656725216453159,0.488871642865196
"Item14",2.85058463370906,0.31968671815165
"Item15",-1.29589095938945,0.611525572075326
"Item16",2.18178735527095,0.373503707308358
"Item17",-1.32634017726774,0.53204599427276
"Item18",-0.881095090070418,0.36140828113441
"Item19",0.298465178085002,3.4841938331586
"Item20",0.0593380431814208,2.8090080625095
"Item21",-1.62063953489894,0.505970565474172
"Item22",1.09095918916961,3.05496814664873
"Item23",-0.65676806707561,0.615507589502098
"Item24",0.232877030530914,2.83635850775838
"Item25",-0.747361475288549,0.4356313274995
"Item26",1.74658714954786,0.259019883568266
"Item27",-0.400384857675775,0.608160278887932
"Item28",-1.70327831578064,0.395089920113953
"Item29",-0.350690326244562,0.576440184829295
"Item30",0.507173896046293,0.592437981649541
"Item31",0.457380112223942,0.587445553632545
"Item32",-0.656329019287404,2.98214867943375
"Item33",1.66789083594056,0.56833603861827
"Item34",-0.555174275941758,2.79896822574599
"Item35",1.58458021962431,0.49904410591578
