"Items","Difficulty","Discrimination"
"Item1",-1.92533586835492,0.433366287843435
"Item2",-1.41926943567544,0.700636753867742
"Item3",1.69357060851074,2.56624445951693
"Item4",-0.242220050856971,0.592430725035424
"Item5",1.3604064409306,2.89766481817102
"Item6",1.80614814247534,2.91657280754872
"Item7",-2.01102255593763,0.574545943914899
"Item8",-0.981987425820009,0.683754264772788
"Item9",-1.39437752415079,0.594037327560872
"Item10",2.22480098458279,0.565954281426188
"Item11",1.6378500435261,0.475644035003273
"Item12",1.26689910466063,0.810572737669061
"Item13",1.03475847086725,0.521665364354581
"Item14",0.778116317206284,0.669173620690943
"Item15",-1.14545749507746,0.468273661629531
"Item16",2.31483355199478,0.429060589202241
"Item17",-1.0980976335679,0.460550785015385
"Item18",1.27379971207002,0.503709865687592
"Item19",-1.84649217989078,0.58079100342236
"Item20",-2.5128627006397,2.93579802091935
"Item21",-1.84322564686286,0.404957927901477
"Item22",1.52446516135883,0.45187116766281
"Item23",-0.989612450399695,0.523906128356552
"Item24",2.43780093553858,2.64866195704463
"Item25",-1.67121677288263,3.10818809955051
"Item26",-0.98364310960687,0.530338635813903
"Item27",1.72677351613174,0.526621101850223
"Item28",0.475340300549192,0.664917518806554
"Item29",-0.547273654235747,2.98324053720405
"Item30",-0.851643943327902,0.264344954877297
"Item31",-0.230386071573859,2.73375543246522
"Item32",0.778887519236238,3.14732666523197
"Item33",1.40503594090641,0.522975909607248
"Item34",1.25781445574598,0.390515054236536
"Item35",-1.91788127743653,0.443467413922643
