"Items","Difficulty","Discrimination"
"Item1",-0.0313279741759611,2.98646242495218
"Item2",-0.443916342108016,0.353088926751649
"Item3",0.642380396868436,0.39685737150567
"Item4",2.17807964087537,3.23867824570472
"Item5",0.783234784234693,2.9887588925426
"Item6",1.11252218250676,0.489743098481059
"Item7",0.0748222858261277,0.571705446634657
"Item8",0.529419008073614,0.453137712701963
"Item9",0.613771360919877,2.82071048109521
"Item10",0.0315072346454792,2.89352149561254
"Item11",-1.39023058900685,3.00598377608286
"Item12",-1.16040402497527,0.459657584608446
"Item13",0.341530675154455,0.517093267913201
"Item14",1.2497445240819,0.329986528988084
"Item15",1.46451111986992,0.465411215673671
"Item16",-1.93798693700558,0.498184852235341
"Item17",0.971753169445903,0.416869297895591
"Item18",1.10108164304188,3.01501154736683
"Item19",-2.00242800779235,0.567778067914854
"Item20",-0.708278001444551,0.341228908118536
"Item21",-2.39020085885172,0.356581352737866
"Item22",-0.579208489906524,0.536015736273163
"Item23",-0.5882901572721,0.656069489188393
"Item24",-1.62026946592044,0.562946533349898
"Item25",-1.19990636377891,0.379786651205097
"Item26",1.54979771565213,2.93687542137738
"Item27",-1.46043264921693,0.500276129034631
"Item28",-0.768338953944245,0.473827492047137
"Item29",-1.08425135920733,0.471700948740951
"Item30",1.5719280715968,3.45183168054277
"Item31",-0.393617128264898,0.497553858664377
"Item32",-1.21644810260586,0.553375961474229
"Item33",-1.7270224959367,0.399086685034903
"Item34",0.82322091104478,0.360961178684814
"Item35",-1.01062317320433,0.571456460029767
