"Items","Est.Discrimination.2PL","Est.Difficulty.2PL"
"Item1",1.81262618304445,0.455975635789812
"Item2",-0.452050128942997,-1.8264805782814
"Item3",-0.68003953559476,-1.85389849494421
"Item4",3.37401987472833,1.80996371159598
"Item5",2.24074959511755,0.717097178907048
"Item6",3.24321079768968,1.98746736366345
"Item7",2.57291523139513,1.03428949939265
"Item8",1.16626448915806,-0.500121399350519
"Item9",-0.646863116573621,-2.17102906322418
"Item10",3.0386199427844,1.63794556592569
"Item11",0.652494471305956,-0.761173516307261
"Item12",0.322936687041853,-1.15244545874682
"Item13",2.42022601306482,1.29932292577932
"Item14",4.07920573634809,2.17572282614841
"Item15",1.83130811187622,0.189434251664194
"Item16",2.07843672670986,0.60643247367866
"Item17",1.24721450596616,0.171563149992944
"Item18",0.350264896155927,-1.1207088595974
"Item19",2.44033208568832,0.923904373570112
"Item20",-0.557099428689708,-2.17134197793752
"Item21",4.2101262235708,1.92768441439827
"Item22",2.32530146268559,0.748916749909366
"Item23",1.97311988311399,0.361748625872309
"Item24",3.10690064843703,1.58306362115138
"Item25",2.15149942084468,0.832846683964104
