"Items","Est.Discrimination.2PL","Est.Difficulty.2PL"
"Item1",-0.000881618870039272,54.4542181215689
"Item2",2.06167416310222,0.712140545097483
"Item3",2.92411961362819,1.5514694535928
"Item4",3.72280536279625,1.92490712913886
"Item5",-0.0438081520684174,-1.38806297782818
"Item6",0.602309350742821,-0.945525510532813
"Item7",3.19675244430261,1.74391656897653
"Item8",3.53769254872013,1.66209480258461
"Item9",-0.772301821086078,-2.09610713899144
"Item10",1.77154548462701,0.22239036527143
"Item11",1.20701917570408,-0.169182816516908
"Item12",2.5749372427502,1.23128087296394
"Item13",2.87129837817533,1.31688398985398
"Item14",3.0297025353093,1.40880873872176
"Item15",0.957549435220267,-0.497521935654236
"Item16",2.82696602633388,1.07957237343724
"Item17",1.02807641071545,-0.454572291770608
"Item18",0.234749343881835,-1.09714121193275
"Item19",1.05379023856054,-0.334994424001921
"Item20",1.11065200044803,-0.327055229877209
"Item21",1.33000429957755,-0.219557550201405
"Item22",2.33908769739439,0.938137554364658
"Item23",2.14154592551855,0.546017809870273
"Item24",1.31870352414573,-0.212485950300853
"Item25",3.06205604880731,1.48726565473364
