"Items","Est.Discrimination.2PL","Est.Difficulty.2PL"
"Item1",0.0247004382950487,-4.18283858923294
"Item2",1.93714531785657,0.394569817431197
"Item3",2.5788754314346,1.05827976984426
"Item4",0.954000472690464,-0.660222377960393
"Item5",2.32591002619225,1.17357885143992
"Item6",1.02483453315999,-0.415848993231046
"Item7",2.75316812091753,1.04117001663893
"Item8",0.083837543537788,-0.813245213780126
"Item9",-0.283357391357567,-1.92673608143992
"Item10",3.60363346745592,1.75712852987437
"Item11",0.0522296954530379,-1.87183418512764
"Item12",1.88248001710628,0.333097325936787
"Item13",-0.207242070855132,-1.73039384101191
"Item14",2.80449728679514,1.21761681971644
"Item15",0.216093992632772,-1.11742168967038
"Item16",2.98381078864809,1.37487622604419
"Item17",0.509314039550535,-1.05417801924291
"Item18",0.578028990962354,-0.916138179958418
"Item19",0.248981883980435,-0.739198513633721
"Item20",2.56281423246221,0.835860721487493
"Item21",0.226959560446097,-0.884548380800162
"Item22",-0.789266734627275,-2.11711525347322
"Item23",1.02773747311676,-0.598176179046919
"Item24",0.321530039684026,-1.26849479743712
"Item25",1.46796161229264,-0.0264912960363015
