"Items","Est.Discrimination.2PL","Est.Difficulty.2PL"
"Item1",0.998661725026566,-0.586980550553341
"Item2",1.60126048660765,0.106445242465658
"Item3",-0.383515401859633,-1.75557356760683
"Item4",3.23744664526572,1.52217121119933
"Item5",1.03951188516982,-0.54224718170189
"Item6",2.70444429196733,1.33547231825892
"Item7",-0.23656796185191,-1.54539419914967
"Item8",0.00889598371401145,2.96799197323862
"Item9",0.14486018644104,-1.52714035399287
"Item10",1.66705354116594,0.307294473802331
"Item11",0.558845064493433,-0.728663417339612
"Item12",1.69732080671533,0.357306904385296
"Item13",1.67785866266698,0.17862218299939
"Item14",3.83333994699821,2.08450282334586
"Item15",1.17400809488952,-0.292758791436124
"Item16",0.167465640020893,-1.46467702342736
"Item17",2.75940362816847,1.6340699352171
"Item18",-1.05638399335801,-2.50184788586216
"Item19",2.0008480062431,0.74939273748435
"Item20",-0.150177339806473,-1.8599451732716
"Item21",0.0967110161161519,-1.32003870369977
"Item22",2.6430142897653,1.37672865160051
"Item23",0.445097530908476,-1.04603650643852
"Item24",0.180247740210296,-1.24889722136397
"Item25",2.5634220753145,1.00788969623813
