"Items","Est.Discrimination.2PL","Est.Difficulty.2PL"
"Item1",0.448436337004551,-1.00387615020496
"Item2",1.42688481454168,0.0994909521648672
"Item3",1.7690373457544,0.284444088362136
"Item4",1.17385585638295,-0.407073758644078
"Item5",2.18161155589848,0.691928288175513
"Item6",0.828271086984829,-0.790549098802058
"Item7",0.88046737070346,-0.83757261029894
"Item8",0.141034284793772,-1.32638435076678
"Item9",4.01513545423614,2.21842904753511
"Item10",1.8642258323882,0.306206136605688
"Item11",0.765106255004106,-0.700221123959186
"Item12",2.91809855951422,1.43852743568872
"Item13",3.03030978512829,1.61152172761062
"Item14",2.8588370222163,1.40374795831951
"Item15",3.29021121479276,1.76224615987325
"Item16",0.596100938824838,-0.990201299070033
"Item17",-0.0760386947147279,-0.990929108644722
"Item18",0.72513448654574,-0.852714181961748
"Item19",-1.22604336283984,-3.05058550135021
"Item20",1.98605519961294,0.566176617715014
"Item21",-0.00122441951561894,-81.739603080731
"Item22",3.70461342394402,1.73017533932787
"Item23",2.67736864020377,1.47842296518364
"Item24",-0.118024886666451,-1.8230738518775
"Item25",-0.512990018670264,-2.15448966610911
