"Items","Difficulty","Discrimination"
"Item1",0.817516034088051,2.57685535968531
"Item2",-1.40020514436568,0.580250635147402
"Item3",-0.695911898573773,1.32459845308667
"Item4",-1.00032808047712,0.987358683064509
"Item5",-0.493183882369427,1.33584819658004
"Item6",-2.25246900760696,0.650596004231046
"Item7",-1.23869081570997,0.918646965639734
"Item8",1.27385406776363,2.91863499562709
"Item9",-0.321212955067609,1.57021270759245
"Item10",-0.620975143743825,1.17295407769674
"Item11",1.52787557133209,2.90395794968086
"Item12",-2.20294980947679,0.426741434512635
"Item13",1.86527676074917,3.21954280170898
"Item14",0.119853441727519,2.03751127665693
"Item15",-0.297823124588514,1.54791733731456
"Item16",0.398367419093695,2.1951019283225
"Item17",-0.942958834221772,0.879449358166256
"Item18",0.294492510405582,2.23341377728713
"Item19",2.2328907342069,3.03422974633586
"Item20",-1.16794385248026,0.962383148522875
"Item21",-0.75048381499028,1.01440342488577
"Item22",-1.17419994715237,0.90988256211221
"Item23",-0.880589152952322,0.88113724577639
"Item24",0.303714457274534,2.20425899655336
"Item25",-0.54088017573147,1.23893863169588
"Item26",-1.24843274720152,0.829662937693476
"Item27",-1.37419201370609,0.884224788073385
"Item28",0.347256288563002,2.12187772596447
"Item29",-1.40266878765411,0.706408214106843
"Item30",1.21057630881444,2.79831685234316
