"Items","Difficulty","Discrimination"
"Item1",0.889771299584312,2.67202756683002
"Item2",-1.74945967195385,1.15704433552063
"Item3",-1.22181546033748,1.05171365864393
"Item4",1.37346525609728,2.94391539332015
"Item5",-0.660457603591663,1.3720795236615
"Item6",-1.17842025164502,1.31630308992286
"Item7",1.13666250942431,2.95915995736945
"Item8",-0.11623173661378,1.83955915933958
"Item9",-1.27256920841464,0.896679047422096
"Item10",-1.96809617143735,0.594777740847747
"Item11",0.76422433224101,2.87538072114591
"Item12",-1.94692490334522,0.417348031784852
"Item13",1.10873143388125,2.49401670751789
"Item14",-1.31429512735229,1.05858476802445
"Item15",-1.10229956512055,0.998679160723029
"Item16",1.13019217032004,2.74075786817617
"Item17",0.750551902673349,2.2344602072041
"Item18",-1.47729417366737,0.945428716731019
"Item19",-1.59410437472622,0.690258320879491
"Item20",0.893966177192333,2.90296308860573
"Item21",1.75488818151644,3.09589955348892
"Item22",-1.65567514451741,0.452515164132154
"Item23",0.987124041672261,2.53320686399407
"Item24",-1.80264437757762,0.783412191906138
"Item25",0.290231200653473,1.97164104795733
"Item26",-0.793022589180133,1.21686899141136
"Item27",-1.49060504078385,1.11536755897221
"Item28",-0.995061300794053,1.34151561475999
"Item29",1.3014910945859,2.99434243504824
"Item30",-0.446449781247041,1.85663362553027
