"Items","Difficulty","Discrimination"
"Item1",-2.74106858945561,0.618806620750858
"Item2",-1.70663582979472,0.817698632799173
"Item3",0.88749528507845,2.54216672789065
"Item4",-0.489125111053302,1.38323074679431
"Item5",1.84861397923578,2.99308890346678
"Item6",1.42909238009945,3.08386060024878
"Item7",-0.444166540460287,1.33434798600417
"Item8",0.229138766442511,2.19917822539961
"Item9",-0.54673536067937,1.53458506308837
"Item10",-0.523820588712702,1.41016939351727
"Item11",1.52135826915964,2.94600716544241
"Item12",-1.47256275891557,0.886047849737522
"Item13",0.0911754507588498,1.96106535048053
"Item14",-1.9342835366644,0.659782811808743
"Item15",-2.11182575788789,0.675284022739824
"Item16",1.27429225001722,2.90206788237608
"Item17",-2.1097345226817,0.651025855941967
"Item18",-1.26255107748927,0.903841602182902
"Item19",-0.0312507267847045,1.90578322776475
"Item20",-1.85783318874202,0.747862189163328
"Item21",0.114085135760965,2.0392443277556
"Item22",1.37624551027103,2.73472562573113
"Item23",-0.231312841721803,1.52429064654338
"Item24",1.71708658083613,3.14963882732318
"Item25",1.41018621166952,3.05075205357415
"Item26",-0.208043428497053,1.72008233812016
"Item27",-0.919711861560339,0.859224862930401
"Item28",-1.56291430673151,0.592139062234203
"Item29",-1.3829245108947,0.728956374386177
"Item30",-0.0183590848149793,1.82116527845258
