"Items","Difficulty","Discrimination"
"Item1",0.794957857483869,2.73973127664221
"Item2",1.12334057774366,2.62890891442103
"Item3",1.967702785537,3.07690165157263
"Item4",-0.216954478485883,1.18153158428003
"Item5",1.27186819642451,2.88078091866495
"Item6",1.89438093374973,3.05330362695079
"Item7",0.636677806990711,2.36560621135077
"Item8",1.39371762393962,3.08666998356249
"Item9",1.18959155539745,3.47143282124666
"Item10",-1.36024262873801,0.84740309040952
"Item11",1.81851586665693,3.31548938877221
"Item12",2.01293150149717,3.41053161399728
"Item13",1.11456321278828,3.15488899586979
"Item14",0.590588714753466,2.16043431167174
"Item15",0.709411094672236,2.92484231736748
"Item16",1.80116175139716,3.21244647882176
"Item17",1.82510841791868,2.91617960285304
"Item18",-0.420155113738831,1.16590373927127
"Item19",1.25806463722716,3.29136922173261
"Item20",-1.29595187145991,0.577055712049337
"Item21",-0.254548152148422,1.48710765160481
"Item22",2.13625705141854,2.87237422530783
"Item23",1.66794228338763,2.93654222889116
"Item24",1.26556181129118,2.8882249821189
"Item25",-1.98616133914886,0.832945404424635
"Item26",-1.63127953375768,0.458714329922934
"Item27",1.71128177905596,3.21326573446466
"Item28",1.38358809278151,2.71106502218575
"Item29",-1.00685459329564,0.950550423672222
"Item30",-0.864886618241028,1.21104987974505
