"Items","Difficulty","Discrimination"
"Item1",-0.683998012968447,0.855784403235078
"Item2",-0.221244392276778,1.90764018166574
"Item3",-0.787895746453484,1.01666692390757
"Item4",0.864001181519923,2.66820525829878
"Item5",-1.71974204887399,0.363721894839858
"Item6",1.22928192324929,2.39649156197555
"Item7",-1.10438567965751,0.885329418622103
"Item8",0.941800814905526,2.93627434201713
"Item9",1.6214741212093,2.75024529409858
"Item10",-2.1688011325452,0.444072992828134
"Item11",-0.0240400987501318,1.30320860131039
"Item12",-1.0149972103586,1.34650218432081
"Item13",0.394115995031529,2.59324179438323
"Item14",-1.87971022646667,0.740871806132787
"Item15",0.471099392883756,2.62319027183861
"Item16",1.08512064478527,2.43652104189592
"Item17",1.27012633585324,2.95766142253038
"Item18",0.498475062411046,2.52180943658192
"Item19",-2.57594715516643,0.495127450316856
"Item20",-2.22418637105792,0.69844737665048
"Item21",-1.58392087974821,0.647279940753825
"Item22",-0.558033585557091,1.36025438920421
"Item23",-0.769145048896738,0.613920340188514
"Item24",-1.71121097669764,0.687580559477411
"Item25",-0.43146869878052,1.26216632754848
"Item26",-0.0158404317777425,1.84346990295538
"Item27",0.974086025602787,2.47233043962289
"Item28",-1.02270150832743,0.87429783389177
"Item29",0.359207962827091,2.39494682750469
"Item30",-0.691365870032664,0.931613650259367
