"Items","Difficulty","Discrimination"
"Item1",1.39664856677622,3.01544831407059
"Item2",-1.60657782180872,0.773542142258774
"Item3",-1.64169357216412,0.730192260697947
"Item4",0.120643761795226,1.99755257431453
"Item5",1.87889775071604,3.24362656224877
"Item6",1.14270709360692,2.88260295169249
"Item7",2.16513781389286,3.04070688226217
"Item8",1.3760900055383,2.89611938222781
"Item9",1.34103407773828,2.73302836407395
"Item10",1.40005589568109,2.9235478667238
"Item11",-0.887367764936573,0.840304052119913
"Item12",1.06935066785728,3.11962596858441
"Item13",-1.94034966246967,0.691222637001284
"Item14",-0.37571556444227,1.55829674993135
"Item15",-2.13111774942684,0.694846984218138
"Item16",1.97616439627466,3.23797005914986
"Item17",-1.0869201207719,0.886866452358432
"Item18",-0.694400959456103,1.13213596073221
"Item19",1.29918674056694,2.76992460705805
"Item20",-0.35200332149521,1.55261719544735
"Item21",1.37253630115932,3.00355556263318
"Item22",-1.75816432387588,0.654797447900693
"Item23",-1.30344548729012,0.932878247087646
"Item24",-0.168309587590394,1.54391302537553
"Item25",1.90664864253924,3.08045940642147
"Item26",-1.51193322755931,0.82904915330029
"Item27",1.64293277642546,2.95251865356967
"Item28",-1.67603966000658,0.709823298918743
"Item29",1.7973362731709,3.0575719035158
"Item30",0.57976468279552,2.29312863267497
