"Items","Difficulty","Discrimination"
"Item1",-1.45592653906349,0.545174551247665
"Item2",1.80141601848084,3.2980902309532
"Item3",-1.21840901671496,0.78103816312838
"Item4",-0.826309665333482,0.877342193633261
"Item5",-1.18978359508494,0.833683147869249
"Item6",0.689577477979085,2.60321366476976
"Item7",1.35357202398851,2.35818050952842
"Item8",0.526500461065775,2.45229430366746
"Item9",-1.73865267291966,0.473969382948035
"Item10",-1.87601353981381,0.981108260918467
"Item11",0.968679739357773,2.80544206121396
"Item12",-2.16750775960623,0.588677131853914
"Item13",0.189870012542044,2.34175770096429
"Item14",-2.61928853247397,0.268903533615795
"Item15",0.192152135767996,1.68111311210919
"Item16",-1.84031575076213,0.459015425547978
"Item17",-1.37978992163217,0.849973819240606
"Item18",1.08022118924227,2.79622463348201
"Item19",-0.345443588599495,1.38670160116797
"Item20",-0.301909880070713,1.614066752226
"Item21",1.16121954368212,2.55166342566602
"Item22",1.66695982331771,3.21133784821054
"Item23",-1.98927681826609,0.694158309489307
"Item24",1.91380921007674,2.97699168145284
"Item25",0.894531283722456,2.60361414138411
"Item26",-1.28383150213691,1.15823793943611
"Item27",-2.03038222091611,0.297840823339634
"Item28",1.15224729580166,2.26465604658401
"Item29",1.34147093728084,2.61891935820421
"Item30",-1.19394549834222,1.29445302389746
