"Items","Difficulty","Discrimination"
"Item1",0.178053978136692,2.05891705076734
"Item2",-0.880369350249681,1.15803306666513
"Item3",-1.74973463969274,0.425592376795953
"Item4",0.415360312047071,2.28932770567002
"Item5",-1.7721746877853,0.635816220016131
"Item6",-0.138314920893311,1.92976001056463
"Item7",1.23458988448181,2.85575558516405
"Item8",-1.64609629341645,0.546104385613615
"Item9",1.18134325856979,2.76574357517231
"Item10",0.510958920288945,2.55995386599675
"Item11",-1.88928463312739,0.694692187770932
"Item12",1.05981817298633,2.79389841727442
"Item13",1.15030580513683,2.88012950747462
"Item14",0.75534369802731,2.56712744474621
"Item15",-1.87859361544723,0.726641542363966
"Item16",-1.70235920316129,0.530328213138835
"Item17",-2.64831507569621,0.457189928680265
"Item18",0.0281056253620016,1.97318095851691
"Item19",0.764200441267299,2.53509669775736
"Item20",0.185458573899641,2.14528289160218
"Item21",1.89312717210471,3.14059046489094
"Item22",1.3098414342543,2.91066626988857
"Item23",-0.897585905235314,0.946278942754372
"Item24",0.683611511329698,2.44889023138245
"Item25",-1.03172633423388,1.07143860214313
"Item26",-1.05163757534875,1.06636701828719
"Item27",-2.31505167233485,0.569546206560766
"Item28",0.220648989951951,2.11853909898242
"Item29",-0.981516872819747,1.00303792730468
"Item30",0.0416983900616215,1.66577637767184
