"Items","Difficulty","Discrimination"
"Item1",-1.95420132450879,0.371493018043866
"Item2",-2.69973509000588,0.243135605704008
"Item3",1.39463256542831,2.76807862157429
"Item4",-1.95915094707649,0.636037817418844
"Item5",1.12870817420938,2.93466368091835
"Item6",-0.0586576937569913,1.85506957017329
"Item7",1.1831295802809,2.80574068588746
"Item8",1.6723542884787,2.77897931487176
"Item9",-1.90089088680727,0.674860826672817
"Item10",-0.577105741179911,1.45121505858074
"Item11",1.28435030320315,2.95383974173419
"Item12",-1.10371513963984,0.81397572684132
"Item13",1.78633547820899,3.16039385165546
"Item14",0.706729491923492,2.59073625826732
"Item15",1.75840739601158,3.69980878419036
"Item16",-1.75945507113421,0.435506721143767
"Item17",-2.41890058194099,0.453526125373332
"Item18",1.08100861467802,2.61055452920646
"Item19",1.52301616978296,2.95140226833295
"Item20",2.14866011728613,3.22540985039479
"Item21",0.345286253397249,1.76620711913943
"Item22",0.69251270294886,2.5754268584527
"Item23",-0.174065527205022,1.74821073097033
"Item24",1.1678826064445,2.8243212875407
"Item25",1.7702903770869,3.4061533423481
"Item26",-0.0193094260320027,1.7432091576778
"Item27",-1.75888600395852,0.764176478369054
"Item28",1.70192619215659,3.2613522654365
"Item29",-0.873802730462066,0.955326401140655
"Item30",-1.12291041854246,0.575028573124684
