"Items","Difficulty","Discrimination"
"Item1",0.625234118571091,2.44795579352169
"Item2",-1.00925868318581,0.784187483231289
"Item3",-0.539315573165809,1.15593838884063
"Item4",0.867543646255562,2.71249819130676
"Item5",1.87936052120681,3.05409925845996
"Item6",-1.3231740795723,0.90940866737379
"Item7",1.78061268632037,3.16921681673699
"Item8",1.75165725281523,3.25028719010155
"Item9",-0.871253726918284,1.03829287869164
"Item10",-1.42528394487178,0.83926020007522
"Item11",-1.70284809089545,0.705686764919362
"Item12",0.373478492145239,2.26648108973054
"Item13",1.26302026948759,2.88509372747329
"Item14",0.563620726358218,2.36195099402785
"Item15",1.97984118669048,2.96427042107168
"Item16",1.62672703391975,3.1140168958364
"Item17",-1.81943677056008,0.560944632013024
"Item18",-0.503176033625311,1.61864803278412
"Item19",1.00578903590459,2.70822322481685
"Item20",-0.837498251665345,0.836657291328391
"Item21",-1.56759665864244,0.677413824239603
"Item22",1.72557409003467,3.13229743433016
"Item23",-0.411098954560042,1.33463438295987
"Item24",0.914776542237069,2.65088076492447
"Item25",0.0655892145086203,2.06053189550648
"Item26",-1.74627385802407,0.707001667478559
"Item27",-1.35308784774457,0.670578529653397
"Item28",-0.196298671020616,1.68259850006239
"Item29",-1.84199563601027,0.732608546461009
"Item30",1.09028941228865,2.82284283879259
