"Items","Difficulty","Discrimination"
"Item1",1.00384467896127,1.77191419809329
"Item2",-0.0444202277550939,3.18748862926318
"Item3",0.667047992912656,2.18781192714925
"Item4",-0.259261095203336,2.75524910651264
"Item5",0.24540231695284,3.14264654801224
"Item6",1.04592388293207,2.13435430706882
"Item7",1.34421734326312,1.61628974931323
"Item8",2.0228193854882,1.03364108924561
"Item9",-1.11249263492684,2.50121129630651
"Item10",-1.41699206455759,1.60467564062407
"Item11",0.353638629642017,2.88455016807569
"Item12",1.7544881228253,1.15325471590125
"Item13",-0.933758905655777,2.19519319316522
"Item14",1.74744853720052,1.04994452785712
"Item15",-1.45780358493037,1.53357910248671
"Item16",1.80563346828307,0.984926430805802
"Item17",-0.233817624628949,3.0507791095642
"Item18",2.35994184699646,0.434827958253075
"Item19",-0.356820791410118,2.86978244482152
"Item20",1.29433049325313,1.36348975240308
"Item21",0.202667862873105,2.69635289333007
"Item22",-1.69917932268725,1.23525270445834
"Item23",-1.69953405244167,1.19285413379283
"Item24",-0.28795276700042,3.17117720453449
"Item25",-2.20422643641851,0.834681124381435
"Item26",-1.39630623291187,1.46858864660974
"Item27",0.560290665581524,2.73791350814091
"Item28",1.2741122639795,1.79938226592546
"Item29",0.50060691850864,2.76234673303525
"Item30",-0.521516708440518,2.69582223306462
"Item31",1.47991226822196,1.50143444182068
"Item32",-1.21733103466358,2.15811986281509
"Item33",1.86287554399065,1.13777068987064
"Item34",-1.28303262208763,1.63079109232655
"Item35",0.521390032700417,2.761249217782
