"Items","Difficulty","Discrimination"
"Item1",-1.50775575264001,0.805171598841532
"Item2",-1.65655482874239,0.984186563689871
"Item3",1.35552301115034,2.07193233691953
"Item4",0.529908379659119,2.58003673860547
"Item5",-1.8371735005915,0.760921877179534
"Item6",1.50163057619694,0.642693999208846
"Item7",-1.97322850820499,0.973732730758873
"Item8",1.65285670234389,0.94693834701146
"Item9",0.44205454389469,3.052752949345
"Item10",1.84687807834366,0.96925120405851
"Item11",1.51292713781907,0.981556071475761
"Item12",-1.55509258469463,1.13237226727887
"Item13",-1.9075177296149,1.02943710279272
"Item14",-1.53577345707441,1.02731513763368
"Item15",-1.32542556976959,2.41479054696623
"Item16",2.87092071632917,1.01089624574391
"Item17",-0.62513599069063,2.99075002891679
"Item18",2.74646560378771,1.09409293498224
"Item19",-1.85412811477747,0.7041966358836
"Item20",0.283082589964626,2.28161074075484
"Item21",1.67045176625594,1.12398819282878
"Item22",0.540212805630226,2.56641271005793
"Item23",1.3360988074023,2.75021987595802
"Item24",0.160786797171734,2.99800310062425
"Item25",-0.27834313154668,2.79686679889967
"Item26",-0.922941383004468,1.96794540726327
"Item27",-0.165971337177832,2.52001295582414
"Item28",-0.448492832473177,1.768954639046
"Item29",-3.00197766409119,0.746521513321595
"Item30",1.7668651778826,1.05560313632322
"Item31",0.852327944655228,2.4716204956577
"Item32",3.08341658096958,0.954669726530844
"Item33",1.23661955130709,2.01885864400298
"Item34",0.772499226979188,1.71955260820347
"Item35",-1.36137459959141,2.61838197126237
