"Items","Difficulty","Discrimination"
"Item1",0.0333131774168081,2.78334375950829
"Item2",2.12163141202117,0.972767627738404
"Item3",0.985942293964941,2.14461769351651
"Item4",-1.62116818677042,0.719545930967511
"Item5",-0.27892888532905,2.99414736758339
"Item6",-0.305774151121121,2.82388495856904
"Item7",0.128832420849179,2.44123673416447
"Item8",-0.431619259933859,2.30041977023919
"Item9",-2.62253406246764,1.14702016680466
"Item10",-0.0889203780943614,1.94187770925582
"Item11",-1.75541223463066,0.858044613803662
"Item12",0.27240969624457,2.5917614941948
"Item13",-1.44902603342858,3.02503549160289
"Item14",-1.34333355563253,2.33933498814612
"Item15",-0.518371174820429,3.9214804574952
"Item16",-0.903723753853782,2.27326191442934
"Item17",-1.09701242812921,2.70276491051863
"Item18",0.0419287531532457,2.4427198318837
"Item19",-0.283212342529561,2.11732642865387
"Item20",-1.72545598183811,0.943860584437398
"Item21",-1.19775663636938,3.25115391664695
"Item22",2.03924594135558,1.1208525214991
"Item23",-0.223580208639831,2.49630467599311
"Item24",0.78061734381585,3.22427672651017
"Item25",-0.831095766487933,2.52129278715412
"Item26",0.0315095444558247,2.26449917349656
"Item27",1.46939948983223,2.96331249575636
"Item28",-1.49485152302182,2.68066540989716
"Item29",-0.0289328615361804,2.13124450672263
"Item30",0.489124671886981,1.92190344821684
"Item31",1.27425237893316,2.42268184809647
"Item32",-1.52420286425056,0.976860678993226
"Item33",1.05075819553497,3.29362482296148
"Item34",-2.15874373643034,0.812084131633912
"Item35",0.0403278291371505,2.65948166225479
