"Items","Difficulty","Discrimination"
"Item1",-0.823217450655787,2.37320513046688
"Item2",2.03386071153339,0.84295287183015
"Item3",0.86631140679556,2.38415725343603
"Item4",-1.09586330156728,2.96488620119007
"Item5",1.5209869586047,1.08468745147465
"Item6",0.851482325955979,2.36386038346206
"Item7",0.748841819918461,1.55381345588743
"Item8",-0.00642336040423408,2.47423687437615
"Item9",-0.989913481431876,1.77223410666314
"Item10",-0.977160627317598,2.01818321113944
"Item11",2.01529855821419,0.982247007392333
"Item12",-1.54437254095451,1.06471626613522
"Item13",-2.21263025984048,0.803218588060278
"Item14",-0.985159192099698,1.81449926064719
"Item15",0.221134501304172,1.75974352266976
"Item16",-1.23025435688861,1.39001133672011
"Item17",2.27758288517818,1.32188634808972
"Item18",0.852829624670323,2.44659813174079
"Item19",1.3698519341302,2.75030470805237
"Item20",-1.56291268027132,0.77154494709606
"Item21",-1.7005128904384,0.982513062585477
"Item22",-1.18752722550332,2.72978536082544
"Item23",-0.0471326979192309,2.02874742757226
"Item24",-0.762951089546647,1.91976339547694
"Item25",1.29487704177132,1.87698375197857
"Item26",-0.481823783650589,2.97382633453473
"Item27",2.11972831937799,1.346721910707
"Item28",-0.167448063523208,2.6456536879355
"Item29",0.52371634418478,1.06781818693167
"Item30",0.539772927445819,2.98315296201991
"Item31",1.05826050870068,3.15852793805518
"Item32",0.349219774033928,1.79247403657302
"Item33",-1.90421118121606,0.942193620595141
"Item34",-0.913616837700447,2.73685439237824
"Item35",-1.19203106546334,2.68150565438614
