"Items","Difficulty","Discrimination"
"Item1",-0.369124481848445,2.91343565274442
"Item2",-0.49767478996194,2.9041870123892
"Item3",-0.340823307816569,2.95759581418936
"Item4",-0.0933274891051479,2.92290450170406
"Item5",-1.60613674095892,1.31641226637391
"Item6",1.5843408251779,1.35303867469828
"Item7",1.97968960677692,1.00183102314859
"Item8",-2.91983523809003,0.759493837442592
"Item9",-1.13450973113697,1.91683368056279
"Item10",-0.388550384328143,2.70874937526967
"Item11",-0.955299832756961,2.32943280371087
"Item12",1.50672711059287,1.44935893736795
"Item13",0.69261307330148,2.49699196165935
"Item14",-1.66360532166501,1.23914720458632
"Item15",1.09154719970515,1.95017849496691
"Item16",-1.65981410874178,1.33218714623572
"Item17",-1.78184336207785,1.0974881167504
"Item18",1.68611448488626,1.28991575075396
"Item19",1.76222360763438,1.22548996989933
"Item20",1.07182095710043,2.05177738708667
"Item21",-1.07226155135773,2.12981448947715
"Item22",0.434072302993993,2.93260908253085
"Item23",-2.41572492695704,0.681951859027215
"Item24",0.0517980547223762,2.85018366005163
"Item25",0.0541335963341101,3.00667018769915
"Item26",0.784456545943206,2.31147908874482
"Item27",1.65629498383445,1.27694475318475
"Item28",1.05455029951933,2.04809628243737
"Item29",1.55007673772048,1.32631358794021
"Item30",1.24728665771042,1.78833256207234
"Item31",-0.741526016585489,2.61278818946379
"Item32",1.54305654045013,1.4247883490029
"Item33",-1.85257350440099,1.23510883157597
"Item34",-0.0399422508551261,3.08468993418838
"Item35",0.0491776572168769,2.94931641786624
