"Items","Difficulty","Discrimination"
"Item1",2.78848170372489,0.524110280106569
"Item2",1.87646374492667,1.44039202155145
"Item3",1.05636542599929,1.993181765534
"Item4",-1.22972190060448,1.60869825460766
"Item5",1.09631306079417,2.28199711886714
"Item6",-0.46519201753728,2.76331535942212
"Item7",-2.30733114716666,1.17096295212127
"Item8",-1.05440763410222,2.0368034611097
"Item9",1.5144832896839,1.55485162823077
"Item10",1.13102396039298,1.74780640212237
"Item11",1.0937317350185,1.88998161931584
"Item12",-2.03647506300227,1.38774972577145
"Item13",2.02012571666006,1.17868792289659
"Item14",0.741496658101256,2.1992696810682
"Item15",1.66510767636319,1.6437627892521
"Item16",1.12811216525494,1.96053360602532
"Item17",-1.7415983540343,1.25616904274776
"Item18",0.881146553398366,2.62713211682213
"Item19",0.849648105271217,1.92790225115849
"Item20",0.604093655401329,2.62273819770311
"Item21",0.387707602684121,2.73374346722652
"Item22",-1.3492747450497,1.75396132303335
"Item23",-0.972995047221885,2.08009653164946
"Item24",1.90310784014262,1.15278451742729
"Item25",1.58438099150564,1.26945282081401
"Item26",-0.396139947848143,2.84387173687161
"Item27",1.38189031090021,1.74416556841246
"Item28",-1.24586916251582,1.99204842380799
"Item29",-0.118412113169247,3.18838492577659
"Item30",-1.39592218746936,1.5168850433816
"Item31",-0.0398172027946747,3.15631580461718
"Item32",0.959069361315051,2.32625224148574
"Item33",-1.60747252409121,1.80391132723079
"Item34",0.572980374014706,2.5046143029055
"Item35",2.336604554402,1.01103828566773
