"Items","Est.Discrimination.2PL","Est.Difficulty.2PL"
"Item1",1.11119626805092,1.74606701146035
"Item2",2.29956910827896,1.04324635400284
"Item3",2.72769375612267,0.510890656784543
"Item4",2.19751040149267,-0.751221356853842
"Item5",1.41965688601216,1.40851775602836
"Item6",1.02123250266854,2.27816021957928
"Item7",2.7410292884701,-0.477629724412263
"Item8",2.78532384139669,0.667472769933561
"Item9",1.73791886205523,-1.28610272292544
"Item10",1.56517818036656,1.47482867517464
"Item11",0.797053181288778,2.10631297845783
"Item12",2.75135880572564,0.0608224024158398
"Item13",3.07982674405763,0.102444843826376
"Item14",1.33737392720161,1.56770041439835
"Item15",1.33776975956144,-1.72881633668352
"Item16",1.56940084376909,-1.33722509823312
"Item17",2.99594101240383,-0.212031049698427
"Item18",1.33326704721873,1.64442863956743
"Item19",3.02747106783822,-0.327803451245675
"Item20",3.1056114393333,-0.20160685601858
