"Items","Est.Discrimination.2PL","Est.Difficulty.2PL"
"Item1",2.74525959489904,-0.698486830490436
"Item2",1.47472418291738,1.52033712177203
"Item3",1.89326424077852,-1.15876238224396
"Item4",2.85275969871766,-0.315287584717697
"Item5",1.49750759216515,1.39991167345404
"Item6",1.05292345392495,-1.96214639402684
"Item7",1.79292275331658,-1.28508408456214
"Item8",0.9556875252437,-2.29252009002227
"Item9",1.47439728997599,1.40115038499363
"Item10",2.94445336657771,0.0133256201058979
"Item11",1.51605273873736,-1.51672630939939
"Item12",2.74062269203544,-0.178695612792311
"Item13",2.98250170571389,0.153065086868889
"Item14",2.96085097913439,0.0790989734384523
"Item15",1.03368042911365,1.99061558207075
"Item16",0.879678436274647,3.1194642125705
"Item17",2.86483674000555,0.0914105451647882
"Item18",3.14560721632324,-0.102588199391115
"Item19",1.24088782843634,1.66280076692876
"Item20",1.99361444682103,0.984835313137913
