"Items","Est.Discrimination.2PL","Est.Difficulty.2PL"
"Item1",1.20823112785258,-1.53310460815792
"Item2",1.11695922297053,-1.6172059452079
"Item3",2.1089638414366,-0.148943860270366
"Item4",2.30581854689742,-0.414249920333125
"Item5",2.0389359451776,-1.48540548820516
"Item6",2.15205292259302,-0.793492678345351
"Item7",2.95966518114482,0.994466022897762
"Item8",1.2831667506322,1.57396200124616
"Item9",3.11182631050966,-0.847460580951862
"Item10",2.21107944228274,0.378070510189972
"Item11",1.00848596227508,1.59227723792523
"Item12",2.41043156475683,-0.524070611734816
"Item13",0.877565898006523,-3.28089729405097
"Item14",1.8628970973918,-0.008022841429206
"Item15",3.13359315496466,-0.606998658765179
"Item16",3.37585927264446,1.15690251904961
"Item17",2.42724635012482,-1.5400475819498
"Item18",1.02668342020965,1.80820845081584
"Item19",2.99905212469032,-1.13153518461535
"Item20",2.34615070189982,0.31099502865711
