"Items","Est.Discrimination.2PL","Est.Difficulty.2PL"
"Item1",1.23631530546771,-1.83587904730951
"Item2",1.39526239196664,-1.48913371822189
"Item3",1.72029493852864,-1.31070416509202
"Item4",1.40854197900163,1.35243413279232
"Item5",2.08447847515824,-0.943207754631314
"Item6",2.83973076898859,0.541607284869172
"Item7",2.46971384099971,-0.700897914775272
"Item8",2.80115298337805,0.0241906432797226
"Item9",1.07190546215934,1.96080779504005
"Item10",2.14700849573427,-0.861137365075689
"Item11",1.3858077262915,-1.5720059622468
"Item12",2.00142634369067,1.13242503280605
"Item13",2.08554861622872,-1.23816794840593
"Item14",2.92448158202552,0.0773755759834596
"Item15",2.68343421501958,-0.333870137827434
"Item16",0.793047320715312,2.04876311653213
"Item17",2.74535437400783,-0.100334882766461
"Item18",2.47465871350248,0.938681492644523
"Item19",0.675642759581718,-3.20950212444633
"Item20",0.977275816750455,2.10563539835652
