"Items","Est.Discrimination.2PL","Est.Difficulty.2PL"
"Item1",1.24664042566286,1.86742456859177
"Item2",2.30440417588544,-1.4212600736862
"Item3",1.16602214036009,2.07060328838857
"Item4",0.922596716830684,-2.40968351254671
"Item5",1.96500489097588,-0.900918309406827
"Item6",2.28435549191196,-0.608502912026869
"Item7",1.02078227882723,1.59199765953655
"Item8",0.919978973001616,1.41972954317926
"Item9",2.07557778444203,1.1184245913871
"Item10",3.30653406554106,1.47791934380142
"Item11",3.26502918186172,-1.24842428783356
"Item12",1.38490777100121,1.80936763822381
"Item13",0.959108602962784,1.57441310650142
"Item14",2.46812511141617,1.09636505906856
"Item15",2.70829540956733,1.42406694308943
"Item16",2.37909639595025,0.896690418647721
"Item17",0.931784191740652,-1.46025831008539
"Item18",2.7034076855232,-1.50191134230546
"Item19",1.26841544270878,-1.65514453866185
"Item20",0.891017507971497,2.37480758924768
