"Items","Est.Discrimination.2PL","Est.Difficulty.2PL"
"Item1",2.70873368513316,-0.286769759520104
"Item2",1.17814116744844,1.66624336975652
"Item3",0.852080193588876,1.8865074630459
"Item4",2.90995710055059,0.573535167383733
"Item5",3.04588036451179,0.551366188119431
"Item6",0.842920189178752,1.85278940871319
"Item7",2.23475803504243,0.814766031935187
"Item8",1.09018830674129,1.7205556528493
"Item9",2.36809720646087,-1.0410211046897
"Item10",2.17473918159423,0.405336024124485
"Item11",0.944586525554404,2.47720981680178
"Item12",1.10811316674217,0.389353213258847
"Item13",2.56852747023284,-0.789354957192736
"Item14",2.59670939707843,0.464249144396174
"Item15",1.20871948802096,1.70028717044021
"Item16",0.981926341687814,-1.73692476722005
"Item17",2.29617355488625,-0.801930713824273
"Item18",3.34201107986814,-0.221572468210014
"Item19",0.683061325947614,1.74779337859697
"Item20",1.57174981313343,1.12312031431703
