"Items","Est.Discrimination.2PL","Est.Difficulty.2PL"
"Item1",2.82005253536625,-0.236107211111879
"Item2",1.04159429082781,2.40343509054753
"Item3",2.72200169816699,0.460141651105679
"Item4",0.837624945818781,2.2147000590241
"Item5",2.5470011250866,0.680881792517455
"Item6",1.35620879991327,-1.46413980044605
"Item7",2.85675600163046,0.215712297979574
"Item8",2.03252286690876,1.08409168028475
"Item9",2.54978146191098,0.674187648553648
"Item10",0.651045453464273,-2.45512291866052
"Item11",2.60520845988194,0.802341256855787
"Item12",2.66816289661139,-0.578324796273932
"Item13",2.77626889511547,0.440223215643498
"Item14",1.07708692025177,1.97566301798336
"Item15",1.86125680825481,-1.03888222684584
"Item16",1.07217431035475,-2.06582660682291
"Item17",2.4160464673486,0.818799774081776
"Item18",1.43559086189637,-1.51363793134178
"Item19",2.06780897810712,-1.144888035909
"Item20",0.804136988617143,-2.80101836122576
