"Items","Difficulty","Discrimination"
"Item1",-0.779505706216009,2.3153477877927
"Item2",-0.424747983900871,1.95079560565303
"Item3",-1.9620663768944,3.55439051146156
"Item4",0.522613989701454,1.01088042978865
"Item5",1.80890332993615,-0.402073155105302
"Item6",0.92867806473006,0.69409255554195
"Item7",-0.778756888439683,2.17134248313707
"Item8",1.1497562306269,0.585113614902779
"Item9",0.211066575591032,1.43994610077151
"Item10",1.50965636974284,0.180328056390635
