"Items","Difficulty","Discrimination"
"Item1",1.58893403335668,-0.0339711027248073
"Item2",-0.515114666291913,2.21026504819565
"Item3",0.991175004354806,0.408986832310639
"Item4",2.92273202935185,-1.48709032769547
"Item5",-0.802131374842121,2.43952945462012
"Item6",-1.10872463085186,2.37981124025159
"Item7",-0.531281239976472,2.09190711050658
"Item8",1.62904811564691,-0.0652666059275701
"Item9",1.65573217973379,-0.0992284651296134
"Item10",-0.486971785311352,2.09644145057542
