"Items","Difficulty","Discrimination"
"Item1",-1.84967421017405,3.21902645070535
"Item2",1.55076706949809,0.0175924956923531
"Item3",0.440683858753338,1.07572798059612
"Item4",-1.48527683362636,2.9648520746962
"Item5",-0.809535260163547,2.4570124510687
"Item6",-0.648630725718676,2.2078833658374
"Item7",-1.25967323686405,2.50579353633489
"Item8",0.943612927136568,0.550224609463874
"Item9",-1.09843038672811,2.78889801276777
"Item10",0.749962963003385,0.78781887639235
