"Items","Difficulty","Discrimination"
"Item1",-0.353713481391284,1.83127904310454
"Item2",-1.17193355455456,2.75661774522087
"Item3",1.44539474206545,-0.00864965616367744
"Item4",1.7462167226368,-0.310113626559026
"Item5",0.157700100124948,1.38015112155139
"Item6",0.786871776037407,0.82904347583909
"Item7",-0.591523952880507,2.05592278390652
"Item8",-0.783311014456902,2.25323886563397
"Item9",1.54520903373109,0.0535811875752469
"Item10",-0.579173383776163,2.33698168982888
