"Items","Difficulty","Discrimination"
"Item1",1.19354559267845,0.42882806910526
"Item2",-2.21024135898609,3.75320632268248
"Item3",1.22357547548611,0.0375267490230012
"Item4",-2.23449515403027,3.93998707866665
"Item5",0.732479975899484,1.26761814376214
"Item6",-0.0180814130932434,1.49324407822092
"Item7",1.29401112810252,0.424992647021786
"Item8",-1.23359561587052,2.68922549606905
"Item9",-0.494982441472179,1.9505678458012
"Item10",0.052395183529193,1.25889603507988
