"Items","Difficulty","Discrimination"
"Item1",-1.11144757708691,2.43728548744387
"Item2",1.99675058070396,-0.548255966379796
"Item3",1.77682023316736,-0.446302186758715
"Item4",-1.55723764728296,2.91460139257535
"Item5",1.60514947662855,-0.22009986647332
"Item6",-0.000478350872653473,1.74598823117249
"Item7",-0.165723908409885,1.65004670332463
"Item8",-1.11743574247501,2.62005193842165
"Item9",-0.909658202225941,2.30295360279092
"Item10",-1.77403132170393,3.30091122516352
