"Items","Difficulty","Discrimination"
"Item1",-0.169391040840351,1.65193872954054
"Item2",0.331175299909732,1.10216420903934
"Item3",-1.75540900849894,3.50769506295442
"Item4",0.589965129904153,0.863226675086221
"Item5",0.803941085591936,0.648445396275494
"Item6",0.793001535926689,0.731102836119189
"Item7",2.03070889794293,-0.383468445017923
"Item8",1.4825988780454,-0.0599412874857833
"Item9",0.820353547196595,0.593302034117845
"Item10",-0.791717049339774,2.34946268611866
