"Items","Difficulty","Discrimination"
"Item1",1.02318878553729,0.557075444914554
"Item2",-0.0951895427092082,1.50092930777672
"Item3",-0.49650031435169,1.98726441041726
"Item4",-1.83178894725026,3.41791898778153
"Item5",0.17639535527886,1.0861357780168
"Item6",0.100626434477797,1.23872834411765
"Item7",1.15852332403634,0.202245141063617
"Item8",1.70240318090634,-0.179442279095795
"Item9",-1.56598946750464,3.16020319079515
"Item10",1.13918241262886,0.138619801689384
