"Items","Difficulty","Discrimination"
"Item1",-2.04877661196131,3.43299788436522
"Item2",-1.70627698552056,3.29638562845833
"Item3",1.28805587779271,0.142404365201706
"Item4",2.22506916893695,-0.863199936661763
"Item5",-1.60906047979958,3.0808579457423
"Item6",0.880624386936538,0.695817123718529
"Item7",1.69207214934254,-0.147305457491415
"Item8",1.07438216124882,0.285064409158962
"Item9",-2.10785386960635,3.56736844521418
"Item10",-0.266158197657569,1.76293449072081
