"Items","Difficulty","Discrimination"
"Item1",1.89975558034039,-0.389422234121517
"Item2",1.32330858531499,0.16608925777701
"Item3",1.72024910305354,-0.140382718542739
"Item4",-0.943953038232057,2.38834638070411
"Item5",2.08370265023872,-0.549665314396052
"Item6",-1.39194667125657,2.79697867172446
"Item7",0.931725657364229,0.693144431264613
"Item8",1.71215711173066,-0.287900575959275
"Item9",-0.0897554304970709,1.56558018727524
"Item10",-1.44326185653118,3.04741240085388
