"Items","Difficulty","Discrimination"
"Item1",-2.25892831874638,3.77035332282569
"Item2",-0.464702636767153,2.16438346204893
"Item3",0.399220093986917,0.935207520474964
"Item4",-0.259834775975864,1.6574058308186
"Item5",0.654889940539546,0.943953080697628
"Item6",0.00843107002967091,1.49971796123241
"Item7",1.29231793993008,0.164562589975638
"Item8",0.283872301230437,1.31088438207851
"Item9",0.263839236185208,1.13772654671165
"Item10",-1.17058674172606,2.60311881747637
