"Items","Difficulty","Discrimination"
"Item1",-2.04720234545189,3.46433904636627
"Item2",0.64295117437298,0.834421736966927
"Item3",-0.877280344669193,2.26530550136317
"Item4",1.03400801753404,0.350511230637741
"Item5",0.867057349064822,0.815293943889725
"Item6",1.09784891681428,0.416103463016495
"Item7",-0.265634066515831,1.57032038564249
"Item8",-0.933368418854406,2.5101775276488
"Item9",0.634099988307967,1.16746088354652
"Item10",1.64254147235592,-0.26188883251148
