"Items","Difficulty","Discrimination"
"Item1",0.503907388288284,1.12062041983205
"Item2",0.160317248502388,1.28610666334927
"Item3",1.36770479610719,0.181714793908835
"Item4",-2.51871709401889,4.16509323164107
"Item5",1.56087308873587,-0.00926895133559993
"Item6",0.229106314712117,1.25275852178441
"Item7",-1.00133715636571,2.46776569591635
"Item8",1.3421934452335,0.205794001626091
"Item9",0.976396067622842,0.396806153520823
"Item10",-0.868083885343209,2.29073486771944
