"Items","Difficulty","Discrimination"
"Item1",-2.00267438546046,3.57465730058739
"Item2",0.659084274581461,0.903085728739261
"Item3",1.84726781845215,-0.342742259904945
"Item4",0.35440756980956,0.863217366663709
"Item5",1.87365242862745,-0.387839590713684
"Item6",0.97088174336549,0.509447206170039
"Item7",-0.383584550531187,1.89038764683798
"Item8",-0.349229655843903,1.86156067398926
"Item9",-0.313264097625363,1.74805785066817
"Item10",-1.40129528649297,2.99888298416765
