"Items","Difficulty","Discrimination"
"Item1",-0.827557170957334,2.50762574559344
"Item2",-0.991322733660183,2.50524361414103
"Item3",0.890591139649524,0.618652384133451
"Item4",-0.491282428235615,2.32053053260242
"Item5",-1.19557698908105,2.5985365402592
"Item6",-0.98515150697561,2.63883121193747
"Item7",-1.48871057390156,2.87861020708764
"Item8",-0.257724904242269,1.80588544893503
"Item9",-1.68396464031111,3.19479140916342
"Item10",-0.266042139944854,1.4964042540775
