"Items","Difficulty","Discrimination"
"Item1",-1.35634990411888,2.90727004253728
"Item2",-2.47774699343553,3.82199402477736
"Item3",-1.67129005806405,3.06697031791762
"Item4",0.027735786529887,1.47370321598225
"Item5",-1.07274149010319,2.46187138314612
"Item6",-1.10854846810573,2.73282938387887
"Item7",-0.771317642107916,2.28276744686231
"Item8",1.87320751517399,-0.265337006057413
"Item9",1.5557142360877,0.00618012546853083
"Item10",0.873860779760749,0.697817209925714
