"Items","Est.Discrimination.2PL","Est.Difficulty.2PL"
"Item1",2.77369210409697,1.87161663956002
"Item2",1.97649037761385,0.655773210136352
"Item3",1.3389053777947,1.05384446883517
"Item4",1.91520599480329,0.146445624674367
"Item5",1.5117466419515,-1.07918999070812
"Item6",1.44134467031235,1.39279148846876
"Item7",1.89056033137038,-0.917525776681997
"Item8",1.28489897094813,-1.16334029382106
"Item9",3.1892714577399,-1.71711228533602
"Item10",2.2252763066493,0.55823284516974
"Item11",3.30005956922479,1.61535751546264
"Item12",1.02149619352213,-1.20130936706324
"Item13",3.26657407463935,-2.04362962574832
"Item14",2.89793254765269,1.72182007692462
"Item15",1.74403137472243,-0.7983426946793
