"Items","Est.Discrimination.2PL","Est.Difficulty.2PL"
"Item1",3.09440441507998,-1.53821142319249
"Item2",1.13024759179997,-0.79332721799029
"Item3",1.52099581561363,-0.95685804714728
"Item4",3.55047229072553,-1.88737912889734
"Item5",2.7765668670648,-1.84236097474109
"Item6",1.47988844790083,1.25462934234032
"Item7",2.94573770522005,2.2251565392433
"Item8",1.16460093335819,-1.27826875036048
"Item9",0.794389459946048,-0.775095230249522
"Item10",2.23705257756974,1.15368890326587
"Item11",2.03117246063606,0.983587297291701
"Item12",0.981164600246145,-0.809659025891479
"Item13",3.08056615824559,1.8046900004656
"Item14",1.52372726345193,-0.190637262041933
"Item15",3.63875045579938,1.83057941645845
