"Items","Est.Discrimination.2PL","Est.Difficulty.2PL"
"Item1",1.70371133180638,1.06797944982947
"Item2",1.38130606327673,-0.362033378609299
"Item3",1.30758018104943,-1.40338731179044
"Item4",1.1350162750769,-1.45432848584361
"Item5",4.22910537693208,-2.68283716972787
"Item6",0.809860006827599,-0.875708004101132
"Item7",2.43854384644758,0.881287032037655
"Item8",1.19956059029265,-1.28313179880704
"Item9",1.87686088042637,1.33943453293752
"Item10",1.35013904619046,-1.20546123744498
"Item11",0.909160064593851,-1.06045357726033
"Item12",3.57114254747992,2.15776924755365
"Item13",1.3756512277403,-1.46850903239184
"Item14",2.31408803194047,0.846133045058379
"Item15",2.27665431608285,-0.453479218834233
