"Items","Difficulty","Discrimination"
"Item1",0.628280741143373,1.125376600448
"Item2",-1.58086664661484,2.89953723386347
"Item3",-1.00363716865629,1.12611109243266
"Item4",1.85468635061254,1.0775497901779
"Item5",1.35376470669635,1.2062257273917
"Item6",1.37787692014914,0.971895660978724
"Item7",0.519801027483446,1.16849742184622
"Item8",-1.80094775248948,2.56929708386497
"Item9",1.03805121424675,0.932055124588911
"Item10",-1.91247961727006,2.88957467984268
"Item11",-1.36849381514536,0.910573192596214
"Item12",-1.33055684946792,1.22340174227799
"Item13",1.09431315663579,1.1381234391483
"Item14",-1.04464528398708,1.14294431712346
"Item15",-0.258269158236027,1.09955788611502
