"Items","Difficulty","Discrimination"
"Item1",0.158076769625438,0.25
"Item2",-1.54408707848413,0.25
"Item3",1.06866975512444,3
"Item4",0.220970341248285,0.25
"Item5",0.632955767269927,0.25
"Item6",-0.938375100332724,0.25
"Item7",0.0466049772753708,0.25
"Item8",-0.139473742164299,3
"Item9",-1.59252303743558,0.25
"Item10",0.234044614978687,3
