"Items","Est.Discrimination.2PL","Est.Difficulty.2PL"
"Item1",0.531131928064122,1.34385724833835
"Item2",3.00107215409807,-1.46009507963875
"Item3",2.37778653193662,-1.18379843924272
"Item4",1.01701975018698,0.352063473706012
"Item5",1.07714562689429,0.30415636675196
"Item6",2.2405625997386,-1.05764374317739
"Item7",2.00386152656616,-0.335925774404963
"Item8",1.82988151419589,-0.454571401878273
"Item9",1.87276453184357,-0.218950468812737
"Item10",0.746125434305536,0.816989831969959
"Item11",3.18860019411677,-1.45312355434856
"Item12",1.35597830297704,0.148670286958459
"Item13",3.08174192284668,-1.95948402620083
"Item14",0.864525667117949,0.832051033275257
"Item15",0.617563985483641,0.951921675553648
"Item16",4.19983975195589,-2.17112236944626
"Item17",0.443074762515412,0.954035583905216
"Item18",3.05710194982882,-1.66913718645723
"Item19",0.62774202724256,1.15341609888636
"Item20",2.76202465302396,-1.23895459622619
"Item21",0.666951772477611,1.05253859002743
"Item22",-0.458757697142912,1.86858135309821
"Item23",2.75816963862433,-1.3915122178544
"Item24",-0.0992648825777921,0.857289838036854
"Item25",1.64654955710226,0.0860329598771646
"Item26",1.76883608240293,-0.247505993815203
"Item27",-0.386837554893816,2.05812237772717
"Item28",2.91673584540178,-1.22316903621897
"Item29",2.17260820207993,-0.659951452585492
"Item30",0.904590247892716,0.492220072457172
"Item31",0.621261893263001,0.8814112620826
"Item32",-0.362344168179688,2.31530486258647
"Item33",3.3166655864685,-2.0815811365722
"Item34",-0.664059670168335,2.32944777195063
"Item35",2.9294879062152,-1.49546919395657
