"Est.Theta","Est.ExpScore","SimSum.Score","Scaled.Weighted.Score","True.Theta","True.ExpScore"
-2.83426179192063,3.90073116607428,4,-0.0068628479036253,-2.44576857139498,4.88960970880936
0.655801159695531,26.7212013851928,30,31.4752606198225,0.160760973284573,24.2077984346833
1.02736235818354,28.0437961061216,27,32.8812875918348,0.819553644737165,27.3863086443175
-0.622364672585184,18.0585448328374,16,21.487311179027,-1.07303097711804,13.8772098317078
-2.86772941786052,3.84307368494524,3,-0.125442585488933,-2.82948728970518,3.85459225048859
1.20399267095085,28.5351194923625,30,33.4066993172454,0.735614210909902,27.0705038889628
1.56959110849362,29.3350688144703,28,34.283122140867,1.18000052510812,28.5092072574897
1.84067182532713,29.7808738323944,32,34.7966498085117,1.03655045555298,28.1040922993701
-0.468521079758379,19.4370811150394,20,23.1888598457695,-0.368532837208483,20.3183617426562
0.802661257199675,27.2958806917327,26,32.0866862666762,-0.00299615154880499,23.1366443555169
-1.26906028613015,12.1944185282463,11,13.7171806100719,-1.29787344936359,11.921717993232
1.04076420226278,28.0838615784757,28,32.923959874362,1.14809481837774,28.4234552292999
0.550642507954283,26.2630354564357,29,30.9853714429933,0.532722899422511,26.2077293582234
1.39071665991346,28.9763570188906,29,33.8852950367864,0.955844915156043,27.8528093808609
-0.451303131429558,19.5873652909586,18,23.3717641762012,-0.586245069185175,18.3999492813344
1.05441900233565,28.1241926208354,28,32.966937959585,2.24607758611918,30.3542077501791
-0.134266627846228,22.1635351633997,22,26.4270569026951,-0.0358396675987543,22.907223644347
1.32774102166092,28.8357406517625,31,33.7317677530141,1.89824491897358,29.9237907818085
-0.0812120147447172,22.5546392323214,23,26.8776362988665,0.22932461892838,24.620612967366
0.837778399496135,27.4227664287157,26,32.221426932762,0.548152807978332,26.2785955279709
0.477502835291508,25.9197821305807,25,30.6164051436065,0.597850070778142,26.5007932408464
0.684318325957038,26.8385585509808,24,31.6003449771243,0.772884545838659,27.2135321194037
0.933876962437984,27.7505950797216,27,32.5695200367768,0.765925980619187,27.187172801186
-0.90338635196243,15.4497598528332,15,18.1484456132436,-0.722959370885822,17.1362828338115
1.27494417393632,28.7115611665731,30,33.5970328818175,0.992914187341855,27.9704265213029
0.214919128417793,24.5079089434372,24,29.0766389012229,0.261335795105963,24.8062758300996
-0.0635932246500242,22.6817909928999,21,27.0233746276717,-0.264116044331001,21.1806490066225
-2.13289333485213,6.436871325863,4,4.51560189876837,-2.15631835831083,6.20356502027708
0.21702437607179,24.520398294264,24,29.0904325309692,0.242255911882574,24.6961512922314
0.349562194496872,25.2680186414969,25,29.910336724484,0.188918383843476,24.3798479682744
-0.829172238112561,16.141419471216,16,19.0493226096603,-1.06356566628506,13.9630800882091
0.280710164691471,24.889071935424,25,29.4961554809937,-0.118415024932578,22.308998230314
-0.841405478303892,16.0272544424579,20,18.9014354020251,-0.613653526504016,18.1492942741033
-1.07319200978657,13.892990075142,13,16.0738856072737,-1.22848469555853,12.505829023539
-0.111852689723451,22.3302619949038,22,26.6195640588984,0.172622823770171,24.2807072484941
-0.226871106582664,21.4519508107387,23,25.598301072663,0.151224076279765,24.1487250294833
1.36082391661008,28.9106017652382,28,33.813363598148,0.967290576790399,27.889531627053
0.816040931924883,27.3446851654893,29,32.1385173927852,0.436971944342283,25.7474183145787
1.88073820374485,29.838242475613,31,34.8649600956422,1.78060216529776,29.747703891942
-0.177453371321036,21.8361902073265,21,26.0472492066318,-0.233924644308141,21.4218633765517
-0.22873302874174,21.4372758005482,24,25.5810876587584,-0.139809577467082,22.1490552556466
1.8210451890306,29.7520354536425,33,34.7625400730128,2.00141002080447,30.0645187539095
-0.786360759956707,16.5409364673774,15,19.5643964175875,-0.755846763094338,16.8285197642136
1.85681984817419,29.8042350686498,32,34.8243917398102,2.6303060641822,30.710052938439
0.168749558304849,24.2290996565121,24,28.7678577929439,0.218689650920081,24.5579400566005
0.765892740249832,27.1587875781942,27,31.9410376004636,0.879257480803368,27.5974556822877
0.345673299895781,25.2471504585802,27,29.8876010095336,0.184253385326032,24.3515869079332
0.111674435116902,23.8713654715369,23,28.3692315871159,0.317610651177401,25.1219350305455
0.161899050414506,24.1869276071362,25,28.7210084938956,0.569671186643809,26.3759297173718
-0.691145645230882,17.4259959159489,16,20.6922069281201,-0.950751030711049,15.0016806531956
-1.49721282457291,10.409659714361,9,11.0893915038687,-1.78111280204791,8.39533282186374
1.40912665677788,29.0159842547442,31,33.9287721719974,1.45418074109565,29.1551021820785
0.65778843232589,26.7294727339515,26,31.4840812778516,-0.40105916074784,20.0413668820713
-0.882331886900486,15.6456729840951,15,18.4048286449217,-0.901773204242689,15.458946179881
-0.0835815357307228,22.5374344639659,21,26.8578884055988,0.348567788842778,25.2898353237524
0.986544853769335,27.9187750571973,28,32.7482563855707,1.11631524691408,28.3356234249112
-1.90550774147374,7.72137327714088,8,6.73078544813875,-1.97817339430561,7.18974044684465
-1.04073571874683,14.1860915504499,14,16.4699198395359,-1.29434984646239,11.9509154970007
1.17592654519796,28.4621583889821,29,33.3283078728924,1.05098420073177,28.147195424674
0.20975853800163,24.4772114915951,22,29.0427218049411,0.40822370623606,25.6021237523567
-1.09346364326957,13.7113363910203,14,15.8270342147876,-1.05076789451188,14.0795423090793
-0.91414533695735,15.3497944744769,14,18.01724716889,-0.75541982039128,16.8325207602101
0.326415722674257,25.1428731815301,26,29.7738662038017,0.229354551063908,24.6207886606968
-0.400499081801672,20.0252892813938,20,23.9018205107177,-0.604535817253055,18.2328554065622
1.45523743002479,29.1124121480064,29,34.0350085782939,1.439450435807,29.1242004705354
0.298555216700706,24.9892277792197,24,29.6058991636636,0.202952945479425,24.4642901046083
0.246014843725054,24.6904106828574,23,29.2778769432364,0.368616716727572,25.3964298605974
-0.510238154270053,19.0693089239946,18,22.7391048967264,-0.600913918466672,18.266000698319
0.661948803132868,26.7467434824443,26,31.5024966331951,0.584931744416549,26.4439137608839
-0.539678591223465,18.8068554675171,17,22.4162784900507,-0.639122634524524,17.9150019106618
-1.65527412831046,9.30112337811106,10,9.35261414409545,-1.97688845423259,7.19722910400474
-0.523623303056149,18.9502691903537,20,22.5928746424839,-0.283028050296274,21.0276504184709
-1.10975843012192,13.5661709770186,13,15.6289622207318,-1.13415099273487,13.3287154434089
0.507819537696325,26.0645812077455,26,30.772274997688,0.128574540221567,24.0067994103557
0.538501330481395,26.207484269545,27,30.9257812363346,-0.0658013354493185,22.6936922726421
0.642039005802011,26.6635347900315,26,31.4137434589821,0.368461494885167,25.3956110137327
0.241463645817172,24.6639634085003,25,29.2487572155288,-0.117566854883524,22.3152974086632
0.49728543797682,26.0146764377438,25,30.7185927217036,0.141901585684103,24.0905869388148
1.84819563083667,29.7917991981548,32,34.8096113612508,2.98019513826038,30.957381714372
-0.202777677146409,21.6405572541303,22,25.8190926118739,0.160767449365853,24.2078384109123
0.823694038874762,27.3723451255703,29,32.1678894286287,0.48293889319132,25.9728711140573
0.0191729586873054,23.2606590594671,25,27.682240983457,0.162731888496316,24.2199560745802
0.371422624062199,25.3841448931181,24,30.0367042433593,0.550848954604432,26.2908860913933
-0.798291783348015,16.4296264539179,16,19.4212709708612,-0.415588433740716,19.9164288024484
-1.89885534777546,7.76104499315376,8,6.79839645260068,-1.75040384865997,8.59373961591533
-0.0809000386188557,22.5569026082467,25,26.8802337353975,-0.487577350799123,19.2870845115915
-0.702136270539757,17.3242758465841,17,20.5635006776392,-0.605019726791379,18.2284248714362
-0.500949388844005,19.151628926683,21,22.8400409775311,-0.445033298862777,19.661034401079
-0.907922032645588,15.4076038110812,18,18.0931498153027,-0.993112649496841,14.6088148433891
-0.618717954239961,18.0918555134148,21,21.5289318754214,-0.658389687014114,17.7369733051723
0.758957257250805,27.1324325455175,26,31.9130265292562,0.393083355114925,25.5242548184591
-0.253799681800492,21.2383341593898,23,25.3472475042618,-0.47702923274633,19.3803224013146
-1.75419800439603,8.65382997242568,6,8.29767623874206,-1.57603130412343,9.78081191312552
1.01870658249251,28.0176631456254,30,32.853465593224,1.40985327496726,29.060895856771
0.460035571612491,25.8347082852671,25,30.5246668057782,0.186873199964045,24.3674698983406
-0.243741378026541,21.3184682054263,23,25.4415477591421,-0.226472831935166,21.4808171963768
-0.529477905266137,18.8980509285405,19,22.5286280416528,-0.229432839598364,21.4574274046937
1.21106058776608,28.5532050484283,26,33.4261570592531,0.744081826375949,27.1033999158169
-0.173198699619935,21.8687928239879,24,26.0851868099488,-0.464767450163654,19.4882802588617
1.50491031391418,29.2119292571256,29,34.1453763132802,1.87686010573348,29.8930688298287
-0.272274413419831,21.0900894903671,23,25.1724082730979,-0.267238652245166,21.15548706946
-0.978890575457561,14.7511930106065,14,17.2260761784842,-0.867464225164856,15.7805567617737
1.09431661650235,28.2392500252729,30,33.0896930364999,1.26832672873362,28.7344517216717
0.333257324071924,25.1800989429673,25,29.8144923176643,0.163416193588912,24.2241731781085
1.47866402291346,29.1598973836547,30,34.0875730175886,2.27366364235821,30.3834307848585
1.61731887542693,29.4214922521337,29,34.3806901823093,1.80950850020994,29.7926090009361
0.736118674372968,27.0445151467071,28,31.819552605608,0.50865473402085,26.09538001238
0.132840635877779,24.0057237358379,24,28.5192726376853,0.0884521728207342,23.7497312449583
-0.136868601011694,22.1440393500408,22,26.4045051097365,0.193406116298911,24.4069441635105
-0.725991003351906,17.103018202288,14,20.2827295504504,-1.13919674884668,13.2839349303836
0.665807767968765,26.7627082261615,26,31.5195166233845,1.00472890043348,28.0071214255185
0.446080764206145,25.7658674296809,25,30.450343748008,0.540235004858984,26.2423433117811
-0.0943998500945911,22.4585707514359,24,26.7672813323444,0.191388736886708,24.3947745867263
-1.0666533675992,13.9518216247503,12,16.1535986884183,-1.18023958253485,12.9227917031101
-0.605073658514155,18.2162569873042,18,21.6841468162494,-0.852826807610481,15.9179650696419
0.178377328594043,24.2880170070443,25,28.8332459951808,0.558726581572057,26.3266403808237
-2.10793223573987,6.57062937385078,6,4.74763476894736,-1.74337774979639,8.63955553506897
0.613198482336978,26.5404752553408,28,31.2823384563155,0.469259838384432,25.9066532181701
-2.10369100374462,6.59355307738192,9,4.78738923429811,-2.34253010231909,5.30887192064531
-0.264882474770559,21.1495671489005,21,25.2426164586891,-0.0126649887219273,23.0696110194629
0.111552778199779,23.8705874374692,24,28.3683615935578,-0.194367230580177,21.7321366115201
-1.28080764677599,12.0970913854841,12,13.5784223587633,-1.21306483123937,12.6381682412956
1.0509022130733,28.1138524129846,31,32.9559167808955,0.852201007328508,27.5031159723176
-0.00123430900653827,23.1207677906746,22,27.5237081130165,-0.264859382998889,21.1746627990182
-0.532602468026556,18.8701455446782,16,22.4942695146015,-0.887711993275067,15.5906586065059
-0.276476858022317,21.0561788708239,24,25.132343492438,-0.370923421838603,20.2981333347638
-0.488780562086952,19.2591046491465,19,22.9715911666188,-0.376943856801194,20.2470979398135
1.16540724446732,28.4343346660906,30,33.2984550245732,0.950813198719058,27.836549456741
0.209501743615808,24.4756809098876,24,29.0410301743188,0.393659860157097,25.527237033458
0.253185134191001,24.7318947469823,26,29.3235239417934,0.447999743978581,25.8022709023751
-0.0699846772306872,22.6358232697761,21,26.9707298597602,0.0386833510156462,23.4207641658036
1.15071581065528,28.3950329341611,29,33.2563234512427,0.808647980542027,27.3465520990619
1.71557969393873,29.5883166281909,31,34.5714900640302,1.86619300646447,29.8775363431108
1.05461929401155,28.1247805481819,31,32.9675646552003,1.41032065694006,29.0619083035116
0.839953003336198,27.4304960040573,27,32.2296337887514,0.378878454641171,25.4503425836049
-1.35772205154628,11.4741811387191,12,12.6788809295419,-1.35463226465736,11.4584794390643
0.610796155672438,26.5300884014236,26,31.2712388113086,0.597034871171945,26.4972219711798
-1.13138466312019,13.3747530401008,11,15.366647114387,-1.28774126109225,12.0058124091444
0.668067006548344,26.7720303988042,26,31.5294537480111,0.554551574898373,26.3077202097502
0.345250934753219,25.2448801791383,25,29.8851270558714,0.12619825058832,23.9917759446825
-0.378077743736278,20.2158031246546,19,24.1310544143508,-0.47916780582762,19.3614461488898
0.605530062020573,26.507245638741,28,31.246823717912,0.0787052510655899,23.6861865286412
0.493143306674154,25.9949345127523,30,30.6973455001413,0.295626215601695,25.0002342896425
0.0525705193900591,23.4855758204201,22,27.9362130845695,-0.0684233318938749,22.6748138442852
1.08161072249733,28.2030537060544,31,33.0510497680686,1.2085252876128,28.5838664156368
0.0558367734186315,23.5073041939083,23,27.9606887742237,0.249871494687809,24.7402964339753
-0.356017985630674,20.4015181759307,20,24.3537181660884,-0.160052992672571,21.995867658212
0.451949193760595,25.7949121815102,27,30.4817113671605,0.11661989720579,23.9309622355604
-1.78960596150106,8.42975433000849,6,7.92582451512542,-1.17674134863322,12.953350627405
1.65582146185464,29.4885924510122,31,34.4570169265646,1.97663580489281,30.0318189768948
1.24838353332424,28.6468250906245,29,33.5270629129013,1.34392584513844,28.9138546789792
0.180206650215884,24.2991651774901,24,28.8456102423039,-0.393436031033263,20.1066242513615
-0.566171290794436,18.5687884912589,19,22.122105254558,-0.652744679669493,17.7891994758075
0.757136415203382,27.1254869284916,29,31.9056437800074,1.42456635249011,29.0925698815649
-0.179704345915565,21.8189104930888,21,26.027132035827,0.0233977389887018,23.3174785463182
0.00777361515032981,23.1827465057715,25,27.5940000843433,0.0261571808932963,23.3362024575278
0.63490005132335,26.6333536647305,26,31.3815321093936,0.125989538377853,23.990455205944
-1.31609603854871,11.8081786234634,11,13.1637435295317,-1.83169892684292,8.07485847785095
0.829349844984135,27.3926675164522,28,32.1894684638394,0.464315803362538,25.8825388488853
0.987188994126832,27.920783553868,30,32.7503922792583,0.92365532299525,27.7475497747088
-1.88836219195065,7.82385897354805,7,6.90530020365239,-2.21724176392112,5.89330990025868
-0.905588323325591,15.4292916624947,14,18.1216033322768,-0.890903182968145,15.5607532444794
1.2483300944772,28.6466932795259,27,33.5269206160049,1.68605421145832,29.5928488381126
0.569175168230134,26.3467528102333,27,31.0750916850019,0.963394217681216,27.8770716293376
0.522027160654229,26.1312058693461,26,30.8438819523312,-0.0177401387732482,23.0342562855397
0.254974712069813,24.7422135872376,24,29.3348728006325,0.0391699490419117,23.4240347630281
-1.03447736569155,14.2429055191446,13,16.5463733633757,-1.12639107920525,13.3977401283308
0.771968185361599,27.1817441914595,28,31.9654334336826,0.453364199313848,25.8287783702385
1.43357765236558,29.0676129128414,32,33.9855715799512,0.707674771249026,26.9602633520734
-0.447099739082684,19.6239143829576,19,23.4161691162296,-0.109833893555268,22.3725815283304
-0.420708221557321,19.8521032607165,18,23.6927195540319,-0.753285675776332,16.8525184677754
-0.373133088661458,20.2575815917624,20,24.1812134153147,-0.498437209064354,19.1907441034227
0.140824843764186,24.0558865239992,24,28.575190189509,-0.223576978894701,21.5036644591995
1.58925467171148,29.3711193595971,31,34.3237255551878,2.04153700864537,30.1160813609177
-1.26189736829274,12.2540405028321,11,13.8019578874423,-1.37244276156843,11.3159041748393
-0.44696191019175,19.6251118845132,18,23.4176234959002,-0.33673789153616,20.5853858478299
0.951855425753606,27.8088913097949,29,32.6314536289004,1.30955184261805,28.8337547774181
0.859418137370528,27.4990303005308,26,32.302396801091,0.909457504242083,27.700178979296
-1.47907613093371,10.5433275901858,11,11.2929661590189,-1.11711839542923,13.4804647056336
-0.257566452114135,21.2082196041051,20,25.311771237359,-0.318598417157407,20.7360121470191
0.202915290976771,24.4363243007508,23,28.9975155437297,0.60506690448782,26.5323034816922
-0.779070588762926,16.6089260482884,18,19.6516762004513,-0.471640289360299,19.4278261664132
0.0821641901498976,23.680698472206,25,28.15563248108,0.438899074189529,25.7570390018287
-0.231519191834672,21.4152897242261,21,25.555289319704,-0.123452164180698,22.271522923012
-1.23973227704012,12.4398457216502,12,14.0650885580266,-1.29345342183985,11.9583515936524
1.77594938021952,29.6838758159159,32,34.6824889875488,1.95396947756002,30.0013061496049
0.926806463788909,27.7274125879726,25,32.5448960298119,1.4865406490217,29.2216096762974
0.306250303234917,25.031995475627,27,29.6527000677538,0.110233055444182,23.8901825220491
0.944064571966556,27.7837431950991,27,32.6047340427118,1.36055470551098,28.9517467915166
-0.728720100702992,17.0776678672297,15,20.2504890800505,-1.01181596137568,14.4363571538967
1.71836244444844,29.5928337032348,30,34.5767068375027,1.59609962298288,29.4333761008073
-0.348740995927494,20.4623967608891,24,24.4265375503466,-0.0747482924806988,22.629147175257
-0.504126630392221,19.1234982582001,17,22.8055659721426,-0.642078252162945,17.8877339878924
0.00970910185225918,23.1960162013724,21,27.6090384594899,0.0286037866586241,23.3527748239587
-0.30148616666209,20.8529404422566,19,24.8916693850727,-0.495129286637724,19.2201262587921
1.02869256260429,28.0477942965833,27,32.8855449575394,2.3386346188991,30.4497946100995
-0.450625046478683,19.5932650832277,19,23.378934117279,-0.402494982323608,20.0290527885701
-1.13617728329622,13.3325324413628,12,15.3086105736497,-1.01008462362906,14.4522925867933
0.609092658736376,26.5227102554768,28,31.263353525532,0.488933046275602,26.0016567775302
-0.0414751954202573,22.8394698387796,24,27.2035933737539,-0.316013520400404,20.7573731451929
1.9033569402721,29.8697617309363,30,34.9027630370612,3.40434097852693,31.1897343103464
0.730295562718383,27.0218192721512,29,31.7954135307977,0.310015273181644,25.0801214793668
0.560969440589283,26.3098451149119,27,31.0355498064421,0.819348323153118,27.3855635862731
0.541051605447041,26.2191995140925,26,30.938352047526,0.627265806455022,26.6280462290571
-0.0544021776686404,22.7475769540659,23,27.0986330044884,0.102767109178362,23.8422800710398
-1.04134756933004,14.1805420384579,13,16.4624466172489,-1.0048571768718,14.5004428962316
-1.69913562856841,9.01008772056046,8,8.88194394057762,-1.38862010022063,11.1875675121803
0.10817172016115,23.8489380437436,24,28.3441480567631,-0.228843854313489,21.4620844557452
1.78878219526859,29.7035457103591,31,34.7055115504084,1.84889007472567,29.8520424054112
-1.43443598001846,10.8783176020349,9,11.7979490791542,-1.32478265929215,11.7004253364555
1.5725925927774,29.3406125086113,31,34.2893573323192,0.913607411320654,27.7140855241727
0.343425640563669,25.2350603037089,25,29.8744250689435,0.330098753132418,25.1901521399851
-0.73888884492238,16.9831515462927,18,20.1301536094314,-0.606994995874177,18.2103347743473
-0.685154294873974,17.4813818094195,18,20.7621877747444,-0.73865700859206,16.9895001667597
0.263950361073165,24.7937582191744,28,29.3915300089512,1.81665385763978,29.8035402558517
-2.16245297994106,6.28113667107287,7,4.24534763713652,-2.09849014339092,6.51167535658242
1.65810104113194,29.4924939123676,30,34.4614713827746,2.15556354498484,30.2536745078815
0.63109085327436,26.6171745443845,25,31.3642603062224,0.855862693251906,27.5160128953507
1.20651429276422,28.5415850690444,27,33.4136542076075,1.07876752940212,28.2286473366943
0.718018940086345,26.9735944800102,26,31.7441090907136,1.10877193512389,28.3144135581987
-1.3182876378722,11.7904086995687,11,13.1380982413264,-1.5026515208179,10.3143576547492
-0.219452587691726,21.5102795237372,21,25.666670407724,0.144299242561544,24.105576640427
-0.372118036809163,20.266147285443,19,24.1914924263376,-0.632719874084432,17.9740178120727
0.543654820570853,26.2311323440054,27,30.9511542510488,0.277680762396577,24.8993602546648
0.119193161026038,23.9193217299096,26,28.4228305405867,0.0519787054350309,23.5097415956025
0.0763351010906012,23.6425753594759,23,28.112828376443,0.218830652011128,24.5587742364835
0.477958831616809,25.9219868414138,24,30.6187809678934,1.0473020315325,28.1362511004233
-0.00476294998212896,23.0963902418979,21,27.4960371582851,-0.334482095362838,20.6041862135506
1.71884506487295,29.5936159879984,32,34.5776105904586,1.53270642274458,29.3133054127758
1.02354198298262,28.0322867722594,27,32.8690333295849,1.3172568522561,28.8519197524822
-1.42697779842783,10.9351243574327,12,11.8828656337449,-1.04010470463385,14.176881971535
-1.23079080505619,12.5153518692385,14,14.1715668895809,-1.32615147497208,11.6892488116859
-0.0972419024245276,22.4377675152034,23,26.7433567690118,-0.684020967179133,17.4992056603717
1.50203929901021,29.2062969096742,30,34.1391083891363,1.59366976816024,29.4288943217069
-0.290366030903962,20.9436093648651,22,24.999155938086,-0.0490059171924895,22.8138875222818
0.0995634453794547,23.7935872855092,26,28.2821950015112,0.0633366217289687,23.5851195585225
-0.136478690188974,22.1469626976733,20,26.4078872467473,-0.282986788580164,21.0279857995913
-0.738467574030854,16.9870689580329,15,20.1351452214868,-0.290924944042403,20.9633376958752
-1.9402463191131,7.51609494741998,6,6.37986501122313,-2.18204232114098,6.07067472008536
0.467930551095569,25.8733106992099,27,30.5663082209369,0.197089723889451,24.4291185959953
-0.784285788659506,16.5602901592732,15,19.5892522163004,-1.13420412219291,13.3282435054194
-0.172982293558795,21.8704490461923,21,26.0871134019855,-0.247730357924126,21.3120298769007
-1.02091430823263,14.3663383748917,14,16.7121349486558,-1.15113186072695,13.1783376273935
1.07962413687842,28.1973570184306,28,33.0449701928149,1.37142335474481,28.9762166423222
-1.01263925950371,14.4418438920225,12,16.8133075843457,-1.09262168296396,13.7002363925628
0.269629026362876,24.8261889573598,25,29.4271497439984,0.154122327798394,24.1667203121072
0.0875972381837483,23.7160943873032,24,28.1953458743382,-0.231648704116757,21.4398937618709
0.252906071913669,24.7302843991374,25,29.3217526536435,0.250579438666039,24.7443873364957
-0.673246203049225,17.5913181001687,14,20.9008877213407,-0.55396421390984,18.6929731736313
-2.23924106914865,5.89150842827895,6,3.56906684765465,-2.15279596799525,6.22196824551719
-1.22970565944917,12.524536645704,12,14.1845018103607,-1.35463755909424,11.4584368572157
-2.86326539847351,3.85050862546596,3,-0.110005240995121,-3.38015889847026,3.29697220534729
0.968280097084309,27.8613415818646,29,32.6871948575668,1.51485921090882,29.2782927201531
0.725043588718738,27.0012511644075,27,31.7735341666267,0.597660459944712,26.4999628001855
-0.253093773943682,21.2439714054486,19,25.353886119569,-0.107795084847851,22.3876404210776
-0.369148648945611,20.2911839753244,19,24.2215273870375,-0.353918401944317,20.4415672324229
0.47309775684425,25.8984415129045,26,30.5934040762108,0.632662418383833,26.651053918538
-1.26544025836113,12.224524459242,14,13.7600098000338,-1.78198419478151,8.38974601982338
0.944819681119818,27.7861882347188,28,32.6073317038717,0.477512445285503,25.9466905360469
-1.28611376788756,12.0533166225798,11,13.5158622260086,-1.43236907665129,10.846069510275
-0.757424935417047,16.8106474569091,17,19.9099962462022,-0.642078252162945,17.8877339878924
-0.858787159824867,15.8651053063942,15,18.6908460112904,-0.875543226684825,15.704757369711
0.526244669192194,26.1508330578339,26,30.8649638539751,0.250630605969366,24.7446829257767
-0.504045169868139,19.1242198467465,18,22.8064505245984,-0.963856536151507,14.8798358782469
0.126326765785461,23.9645881819562,24,28.4733772659058,0.168002833947228,24.2523849880247
-0.0438867605183765,22.8223832220683,24,27.1840914375864,-0.132587307877675,22.2032735184527
1.84781084119396,29.791242171963,33,34.8089499910174,2.24963942705995,30.3580170241551
-0.481520047489182,19.3230265037185,19,23.0497076344595,-0.605218595013372,18.2266039486792
-2.15446781840592,6.32291160987325,4,4.31784853522078,-2.24328685604889,5.76558395105022
0.78684045583034,27.2374304953371,28,32.024599281478,0.459816387213437,25.8605091340233
1.40407197481845,29.0051692474309,31,33.9168965005352,2.19018472575245,30.2929925140409
0.392660415513259,25.4950592030695,27,30.1571644696264,0.0611675683921689,23.5707694870772
0.277349400315357,24.8700563170404,23,29.4752967806853,1.20228623330666,28.5676959316059
0.396180683744392,25.5132636849386,22,30.1769140659939,0.0942264861822536,23.7871744658015
0.402235637842414,25.5444566113353,25,30.2107404552277,0.605314733470515,26.5333821903784
-0.451133163662142,19.588844259184,20,23.373561621222,-0.428460069165295,19.8051411522477
-0.136904544174655,22.1437698339619,24,26.4041932860546,-0.178773153295706,21.8526190530267
-2.78497839468597,3.99413114601546,4,0.180327628628781,-2.87311225818598,3.78179753121159
-0.596366078477074,18.2954503183501,15,21.782774295923,-1.05513942707821,14.0397150706112
0.406311400441915,25.5653687018742,23,30.2334081601385,1.30411769341837,28.8208694947531
-0.0677204443162289,22.652128410167,19,26.9894088894247,-0.0100801500014916,23.0875729024339
0.503639992918271,26.0448326208964,28,30.7510362691792,0.370881531179639,25.4083661464941
1.51453276579899,29.2307015436787,32,34.1662865319636,1.01962507415791,28.0528507327601
-1.14293113847132,13.2731609944079,13,15.2268870458267,-0.882571784274794,15.6388435340466
-0.233108064995583,21.4027374441162,23,25.5405555796503,-0.276547578123655,21.0802406289524
-0.838794853673071,16.051615562506,17,18.9330187876896,-0.861009031495471,15.8411439977162
-0.594138643672189,18.3156827374962,17,21.8079491311735,-0.67601042521616,17.5736216848556
1.49108047148353,29.1846645528968,30,34.1150596637579,1.53037978993491,29.3087717466722
0.670308415007284,26.7812612124382,27,31.5392926030419,0.763113882043926,27.1764758471737
0.402747405884596,25.5470861522238,26,30.2135911869185,0.428540283278411,25.7051501305766
-0.422333376547397,19.8381170512527,17,23.6758031643539,-0.730987697700085,17.0612422806553
-0.591345876063902,18.3410352637336,18,21.8394818137249,-0.948273488023144,15.0247423584473
1.78266465479842,29.6941963757584,30,34.6945608643858,1.44008841098061,29.1255470829429
1.29006798003757,28.74773725058,29,33.6362105782883,1.25117089201623,28.69205694201
-0.554957432705468,18.6697672316098,17,22.247038010631,-0.783737629341109,16.5669074409845
-0.0374320031544106,22.8680590268679,22,27.2362090977708,0.139331703208213,24.0744919433923
-0.754251593558347,16.8401974568066,18,19.9477580265601,-0.533665938276895,18.8759023034447
-0.122218697749907,22.2534250573682,22,26.5309248878007,0.110197413795354,23.8899544367786
1.20541382971268,28.5387652237855,27,33.4106207882903,1.95704911234273,30.0054857485595
0.599149682362685,26.4794329697602,26,31.2170876731532,0.118638628011904,23.9438135963871
0.508991082114954,26.0701046217387,25,30.7782140866894,0.393844829243966,25.5281935752208
1.07038793334927,28.1707379872768,27,33.0165696820941,0.927615770862306,27.7606598824218
1.98555177919477,29.9792763150536,31,35.0357558099299,2.27369522415895,30.3834638759621
0.616677624724483,26.5554805190658,25,31.2983710818176,0.231434966307803,24.632990510477
1.44310514199761,29.0874259117309,32,34.0074178215924,1.739456092304,29.6818483072791
-0.952446673706966,14.9949745740376,15,17.5494515890108,-1.65384705712402,9.2377494319307
0.944532354548857,27.785258065917,28,32.6063434690388,1.20288789296696,28.569259182597
0.178216752692704,24.2870377255155,23,28.8321597643,0.600401686392977,26.5119558208072
-0.556599558187443,18.6549990827826,19,22.2287809232328,-0.569379630807124,18.553353231156
1.0437736827893,28.0927927817104,30,32.933475198907,1.22228525672259,28.6192183614083
-0.180465997977133,21.8130587852496,20,26.0203178858531,-0.16265142362514,21.9760750814876
0.997744033556532,27.9535315910173,29,32.7852229383338,1.16560992279231,28.4708270365658
1.21737514226387,28.5692659676136,29,33.4434457501066,1.44008159639987,29.1255327029618
0.649296724931144,26.6940305963234,26,31.4462801513078,0.934648285268252,27.7838284180678
-2.00210686670205,7.15836336622737,8,5.76470440854035,-1.92208356203122,7.52122218635196
-0.907143260891925,15.4148405991737,14,18.102645512619,-0.815602417084312,16.2676411309059
1.31856072455506,28.8145695609936,32,33.7087451901545,1.95703099330429,30.0054611892281
1.12925929648067,28.3366940143607,30,33.1938570988144,1.65524350751088,29.5396133481791
0.585863570544341,26.4210352446464,29,31.1546187588571,0.891195016550177,27.6383820280284
-0.0901412766371635,22.4896763554976,20,26.8030356691732,0.238349574980464,24.6734093828147
-1.03935467863551,14.1986208961888,14,16.4867889118382,-0.838211048890669,16.0552390711298
0.0422972138531384,23.4169221612135,22,27.8588100227068,-0.204804174699392,21.6509171915911
-1.32212704832078,11.7593272607327,12,13.0932019715204,-1.37610012537698,11.2867927433871
0.502561636248153,26.0397262771868,28,30.74554362163,0.408094221925434,25.6014617617508
-0.174697393791861,21.8573174074769,21,26.0718363666119,0.0380326461887866,23.4163888740453
1.24583972221254,28.6405435498375,30,33.5202824108208,0.892485795678145,27.642781999082
0.552441818470359,26.271220380681,26,30.9941476732504,-0.0424243621353915,22.8606420463612
0.676379374327257,26.8061745285083,24,31.565842651327,0.892296465579659,27.6421369240283
-1.60183842000739,9.66500968683761,10,9.9324780403764,-1.3001347860272,11.9030067033928
0.0235387324212768,23.2903443488046,25,27.7158257215846,-0.286605342750856,20.9985476963315
0.13116006151118,23.9951289044046,23,28.5074553808457,-0.0281981634188474,22.9610363147677
1.08625217517924,28.2163239852251,29,33.0652142803362,0.718006994830869,27.0013367333345
1.45282085853332,29.1074568954599,28,34.0295331531136,1.2757177574075,28.7525203906093
1.40450397322786,29.0060954701781,28,33.9179132644828,2.55900946182346,30.6516119533793
1.34597574048116,28.8772779429374,30,33.7770046149903,2.65614146860627,30.730485831323
0.350035945880534,25.2705564956076,23,29.9131011281163,-0.0399687545895603,22.8780364045836
0.464779294959112,25.8579324285051,28,30.5497222849268,0.852975202356645,27.5058461869896
-0.551874393014056,18.6974762062494,20,22.2812799048883,-0.717009588891247,17.1918527495433
0.522850176295171,26.1350413559228,23,30.8480021768621,0.970889999766988,27.9010045419643
0.347852767010328,25.258853517193,27,29.9003524221164,0.133677670166304,24.0389769903159
-0.0622437499362778,22.6914734195289,23,27.0344573665128,0.188447967236825,24.3770025059961
0.10869237032516,23.852275169395,24,28.3478810971159,0.461778047391499,25.8701235225075
0.751896074382618,27.1054362102547,28,31.8843294405874,0.310202391449516,25.0811545357527
0.51116514101853,26.0803403986464,28,30.7892189135056,0.569294645975596,26.3742413663266
0.0335151604760807,23.3578591786366,22,27.7921359949903,0.307754305308088,25.0676271826344
0.521764747075033,26.1299823979975,28,30.8425676058368,1.00113258473287,27.9959917863789
1.15132137800111,28.3966631827735,26,33.2580702669333,0.762733302340433,27.1750261805203
0.186983431915015,24.3403349677821,23,28.8912480802448,0.0565796898641788,23.5403468025399
-0.685189412473758,17.4810573107111,19,20.7617779688516,-0.707812689478506,17.2776736420088
1.08255669298799,28.2057627888202,30,33.0539411418294,0.955605768385446,27.8520381922772
0.610606175217932,26.5292660889232,24,31.2703600106102,1.01188152368551,28.0291532953092
1.19566487393771,28.5136621363443,29,33.3836277745379,0.864749476082943,27.5471441086379
0.609254846447491,26.5234131768449,27,31.264104791924,1.04073521815066,28.1166452007535
-0.437353028857781,19.7084484954264,19,23.5187568971757,-0.888076193479591,15.5872452362071
-1.02119317169257,14.3637964377091,16,16.7087259501715,-1.16647987047342,13.0432340637895
-0.786444388796096,16.5401564109621,14,19.5633944129786,-1.0359950037337,14.214468373171
-1.57082001899144,9.8811993859257,9,10.2724294382718,-1.61590991581537,9.49968910811926
0.0465360532551166,23.4453064695898,21,27.8908244024659,0.329322686063139,25.1859320321997
0.170331493645318,24.238808542241,25,28.778638094418,-0.0733995022383047,22.6389005714616
-1.43579981580465,10.8679557640128,8,11.7824378582306,-2.05966678063411,6.72528579941689
0.634459100338129,26.6314834562165,28,31.3795357496648,0.492025193642374,26.0164513693182
0.140937723256035,24.0565936814651,21,28.5759780844158,-0.00319399580620558,23.1352769516545
-1.28030901877668,12.1012109863333,13,13.5843049767393,-1.11020559577988,13.5423049796555
-1.5891122698647,9.75325505735448,7,10.0716495554187,-1.9564944211108,7.31675072230126
0.25930330376256,24.7671150881252,25,29.3622509837715,-0.0210598212551151,23.0110676237672
0.714252469113355,26.9586963217446,28,31.728255768591,0.947715306484888,27.8265031848548
1.12945120037675,28.3372207843601,27,33.1944207677442,0.8317087411873,27.4301823611257
-0.121831258658127,22.25630531003,23,26.5342499786612,-0.157230299846121,22.0173351569471
0.296611041025775,24.9783823653151,24,29.5940252006493,0.00258744505295266,23.1751624783572
0.322421126526095,25.1210465456447,24,29.7500332971854,0.0632984709644521,23.5848673436404
0.000972158976425158,23.1359828610747,23,27.5409719754772,0.010550676500144,23.2298523767933
0.919718743819073,27.7040273484191,28,32.5200590731911,1.00018882535483,27.9930653105989
-0.1120205079191,22.3290217839544,22,26.6181344188026,-0.102562727285069,22.426202791108
0.433838166311638,25.7048288631074,27,30.3843761332712,0.984633776873631,27.9444822889778
-1.13049950666544,13.3825589048887,15,15.3773699220093,-1.23152249981976,12.4798630602835
-1.09696968015044,13.6800364238149,12,15.7843881089203,-0.818947778226133,16.2362118579414
-1.14296149426508,13.2728944819509,14,15.226519901391,-1.15240850552863,13.1670698468036
-0.506896263840793,19.0989534570397,19,22.775470958791,-0.59741691304563,18.2979763989566
0.0225428324796411,23.283580191934,23,27.708174760172,0.0839264635141094,23.7202793738455
1.31442322320108,28.8049706158908,29,33.6983141343031,1.53607962731732,29.3198621712671
0.172531865535204,24.2522945429426,23,28.7936089921335,-0.120457880099066,22.293813317324
0.208563713427178,24.4700874680368,24,29.0348477686003,0.421741288895743,25.6708580528098
-0.0633411803593886,22.6836000119532,23,27.0254454359194,-0.416774771033991,19.9061953061023
0.0412880657565584,23.4101527916553,23,27.8511722714123,0.343365639662086,25.2619026360367
-0.497645672417036,19.1808492417013,19,22.8758324516154,-0.704711990561323,17.3065857446421
1.84067182532713,29.7808738323944,32,34.7966498085117,1.79469874507873,29.7697402911328
-0.253609635917044,21.2398520268606,20,25.3490350689235,-0.175303006360998,21.879287559689
-0.298884858965558,20.8741932963168,21,24.9168811798772,-0.630038595432808,17.9987092061274
1.11155346058204,28.2876997489056,30,33.141458540646,0.967626343173867,27.8906033817651
-0.0317022408466446,22.9084493900115,21,27.2822566225182,0.277006868784576,24.8955452309228
-1.11548867055801,13.5153104521317,12,15.5593915618149,-0.589282232098014,18.3722545241147
1.07678418287493,28.1891956088078,32,33.036261253847,0.825435997755253,27.4075983111705
1.05694673070849,28.1316046844763,31,32.9748391727428,0.967880777083027,27.8914153172467
0.212217402921358,24.491852488235,26,29.0589008564493,0.20324677018192,24.4660486672707
-0.753836480842099,16.8440624636225,16,19.9526956037023,-0.551604417841626,18.7142941987375
0.907767281744666,27.6642606650486,27,32.4778284695298,1.9283887673691,29.9661705015954
1.07679861468569,28.1892371351865,29,33.0363055631236,1.60898645791574,29.4569886039982
-1.13741767103882,13.3216173403091,12,15.2935959759863,-1.24259934675383,12.3854812207068
-0.373639292871088,20.2533085336004,20,24.1760850311676,-0.00542074602775808,23.1198745238941
1.05651631088328,28.1303437471907,28,32.9734949609157,1.53635786697088,29.3204021499637
0.821831280120843,27.3656297875879,26,32.1607586212872,0.874601884815014,27.5813795398838
1.20248847763948,28.5312556732604,27,33.4025437372777,1.25109491139477,28.6918677590937
-1.64099072367542,9.39736167096693,10,9.50690915080825,-1.23037085126134,12.4897027749726
0.588307099765662,26.4318246039491,27,31.1661636845964,0.865519463237802,27.5498302032232
0.0104218616757373,23.2008986606764,21,27.61457069479,0.0756834105564367,23.6663986345373
-0.762885299370215,16.7597856530909,17,19.8449528761137,-0.551556307675248,18.7147287332164
-1.07690522633669,13.8596312310304,15,16.0286361319009,-0.848081230714805,15.9625305099179
-0.765145715559561,16.7387251961382,15,19.8180026636256,-0.661190879901155,17.7110378592806
-0.55541482920906,18.6656543801034,20,22.2419540017302,-0.0752170226200262,22.6257557781446
0.0336435367109451,23.3587250512042,23,27.7931140079887,0.351971275957926,25.3080488669532
-0.842054894379859,16.0211946294334,16,18.8935768189666,-0.918560523135877,15.3019218078969
0.729759311884317,27.0197234520077,28,31.793184246148,0.693131976528554,26.9018380753214
-0.366244864959758,20.315637138218,20,24.2508485308053,-0.146246566776262,22.1005391410673
-0.158816760383968,21.9784291875236,20,26.2125853744204,0.219057220004723,24.5601144578232
-0.0465399123853668,22.8035550668293,23,27.1625941384955,-0.255919667263182,21.2465056794507
0.516157551959251,26.1037759528207,24,30.8144091147676,1.08219896191373,28.2385704621444
0.498595432522053,26.0209060590848,25,30.7252960492505,0.505485272805612,26.0804193651593
-1.00678563210903,14.4953414444704,15,16.884888644819,-1.39594038750227,11.129860058342
1.02397209812013,28.0335845075893,29,32.8704149754651,0.534514984288786,26.216006292162
0.335494035073192,25.1922261499981,28,29.8277214719147,0.107511092539322,23.8727471314693
-0.162999959360987,21.9466306752145,20,26.1756634806013,-0.451141815539374,19.6076932036576
1.02631378438798,28.040641061947,28,32.8779281732727,0.583010659620454,26.4354028743994
0.410525862172239,25.5869208725475,24,30.2567614186968,0.899400814624382,27.6662700717013
0.22374507075119,24.5601386349119,25,29.1343013420676,0.635868374205246,26.6646728278958
0.696829231480247,26.889146399659,29,31.6542217810116,1.00139888781576,27.9968171218092
-1.34956075198286,11.5390778674031,14,12.7735699433538,-1.34807841651759,11.5112810429272
0.0592216558357482,23.5297712783877,27,27.9859855674811,-0.219289789376235,21.537424115599
-0.573498931851288,18.5026440149549,18,22.0401456185754,-0.286259444250963,21.0013639616176
-0.232111307137111,21.4106131516196,20,25.5498004276332,-0.5481154796891,18.7457912862582
-0.889050642596681,15.5831173918572,16,18.3230705846283,-1.12611728571363,13.4001789521406
-0.373613462680801,20.2535265978288,19,24.1763467547744,-0.610100681559725,18.1818755197416
-1.00437600660867,14.517383719923,14,16.9143572916755,-1.33070466147271,11.6521277784525
0.398582321268788,25.5256540821182,26,30.1903526426673,0.285669575511404,24.9444373257276
1.24455858573652,28.637374539935,31,33.5168622527917,1.56034785099599,29.366472391038
-1.92262449982655,7.61983178291,9,6.55741833227947,-2.22044771494703,5.87742289698536
1.44080769961086,29.0826637068819,31,34.0021643594718,1.51755838096957,29.2836228859027
-1.73792843565248,8.75808235861202,8,8.46955335628614,-1.89744787107757,7.6697471280439
0.71013600109575,26.9423583078752,27,31.7108681555167,1.0463055371242,28.1332832053933
-0.42854369893412,19.7845906727501,21,23.6110217034758,-0.237154550199913,21.3962383922765
1.43130203240155,29.0628555364627,29,33.9803301187066,1.06671836788365,28.1935661048354
-0.347015848175265,20.4768008467945,19,24.4437544957736,-0.15689906019758,22.0198520664043
-0.180876760717261,21.8099019130077,20,26.0166414711344,-0.149227584726603,22.0780094647913
-0.360600983128449,20.3630786639232,21,24.3076955235082,-0.41912285108783,19.885926311275
0.690543278053863,26.8637971053995,26,31.6272274072123,0.863815648808615,27.5438840586016
0.349043018977724,25.2652363710191,25,29.9073059445631,-0.0607996004806124,22.7296193290303
-1.56040859994816,9.95461110077478,10,10.387100503788,-1.48500975036004,10.445886518747
0.0947127554800603,23.7622515674568,24,28.247091784703,-0.0283575688964247,22.9599164463505
-0.126801329136385,22.2193080150911,25,26.4915242722679,-0.118567653356407,22.3078643535894
-0.0467361438187723,22.8021612650644,25,27.1610024278749,-0.665222462365819,17.673688377783
0.929909006982698,27.7376029902108,28,32.5557197740609,0.359770988706009,25.3496060436694
-0.995578545798744,14.597956368932,15,17.0219556248981,-1.00961179257519,14.4566456265276
-1.02124922323397,14.3632855287852,16,16.7080407455016,-1.01122608071828,14.4417858047698
-0.185774968855143,21.7722024071555,21,25.9727199433994,-0.0425388063023702,22.8598307157871
-0.804637331535463,16.3704113678148,14,19.3450115546316,-0.808540710764939,16.3339817194047
-2.22054475282567,5.98425223641068,8,3.73004875942155,-2.16640037222469,6.15116238252336
-0.58487102362115,18.3997484822505,16,21.9124519245214,-0.322013405272994,20.707751696119
0.149055456268025,24.1073002001785,25,28.6324457292621,0.0331572159185452,23.3835458634422
-1.85334174567932,8.03562948012193,9,7.2642889078096,-2.15130743612003,6.22975995737491
-0.671266985127443,17.6095707364413,16,20.9238894629631,-0.454277335278162,19.5802663203747
-1.1164418956908,13.506859536837,12,15.547822939093,-1.18105579326486,12.9156678150914
-0.238015251140971,21.363905057605,21,25.4949516643547,0.0834529223821814,23.7171923770167
0.499186290033449,26.0237136600704,26,30.7283169404907,0.438632349539256,25.7557083369065
-0.81176058913038,16.3039311115566,19,19.2592967921327,-0.77190076139771,16.6779878071188
0.121732513221674,23.935461289861,24,28.4408578702303,0.313472677357828,25.0991853314562
0.948180815530921,27.7970517049729,26,32.6188737060693,0.822640799416892,27.3974952543696
-0.061921947071116,22.6937811530948,20,27.0370985403403,0.65849711943767,26.7597634986471
0.717026758061021,26.9696746314007,30,31.7399381059684,-0.274495588420592,21.0968575707278
1.03794413371844,28.0754706580082,31,32.915021197174,1.80784479030903,29.7900542683737
1.05924344356427,28.1383248222005,26,32.982003543796,1.29908925935607,28.8088914208495
0.419988283756423,25.6350460352734,29,30.3088782669163,0.801073781174434,27.3187201735071
-0.0898601448555857,22.4917270076214,20,26.8053920180732,-0.25571315916987,21.2481613835626
0.567056000969011,26.3372454914833,26,31.064907633636,0.186494701300749,24.3651770778109
-0.5128797519439,19.0458546331279,22,22.7103185795945,-1.0081841178995,14.46979198546
-0.897012285390374,15.5090335019374,14,18.2261173950925,-1.31783374362871,11.7572841828761
-1.28369701882383,12.0732400031645,11,13.5443471867144,-1.09238879954538,13.7023339733872
-1.06813824250305,13.9384515096569,13,16.1354929102151,-1.01926429851406,14.3678716734129
-0.0231826747641264,22.9682355694311,25,27.3503490056585,0.0106952306474372,23.2308424946233
-0.268150667623849,21.1232971001419,23,25.2116169457792,-0.830836414127711,16.1245185460443
0.326668326923729,25.1442511471256,23,29.7753705183088,-0.00279936458475264,23.1380042762886
0.713698758058043,26.9565020504405,26,31.7259206613057,0.29968978531058,25.0228845367035
0.931441617845122,27.7426265652467,28,32.5610557447678,0.56428078245923,26.3517096928702
-0.37815783502701,20.2151257060161,20,24.1302407814961,-0.191051396211757,21.7578427110129
-1.28468161311508,12.0651202053198,15,13.5327404762938,-1.49201480503602,10.3935061425323
0.253595681085606,24.7342632207493,25,29.3261290274881,0.0937821860855662,23.78429876618
-0.700981830810949,17.3349673588303,19,20.5770396988246,-0.542919551897022,18.7926407420598
1.17591721710276,28.4621338323249,28,33.3282815156097,0.655489737095272,26.7472299255119
-0.0851506606025901,22.5260276738249,21,26.8447918111818,0.253441796002197,24.760905446342
-1.81718967947778,8.25776791125084,5,7.63826767033174,-2.01642568769394,6.96911923946777
0.846905796154668,27.4551106835583,26,32.2557677837506,0.681020258800929,26.8526271283159
1.45356288567091,29.1089795856444,29,34.0312154923173,1.02011608566939,28.0543479683452
0.126860467772567,23.9679656673482,23,28.4771469454731,0.378922314021235,25.4505720758583
-0.691962695373448,17.4184392073966,18,20.6826535225261,-1.17187342513638,12.9959451479019
1.24588803964777,28.640662996063,30,33.5204113308407,0.419253441590812,25.6582634392832
0.150243685995607,24.1146977408949,24,28.6406791247603,0.102354908969856,23.8396280313462
-0.561474391218797,18.6111198145127,20,22.1745063041904,-0.595037026169818,18.3197223065907
-0.545449183696531,18.7551477530921,18,22.3524931511475,-0.240539489252065,21.3693367856662
1.04282577833515,28.0899822875343,30,32.9304807688118,0.875276966382497,27.5837146674965
-0.65713981895613,17.7396813649616,18,21.0876348832833,-0.224169850603244,21.4989897781128
0.652051446669334,26.7055562198938,26,31.4585744136314,0.762733302340433,27.1750261805203
0.115973775999203,23.8988186308932,24,28.3999211113725,0.420956518831477,25.666887892908
1.31179982217737,28.7988658387304,28,33.6916824904267,1.38869891594529,29.0146352367153
0.0250600165882551,23.3006683442715,26,27.7275012581404,0.188479715118581,24.3771945738545
-0.10535792438177,22.3781653049057,22,26.6747572769005,-0.0383924980566411,22.8891875418394
1.15820447809921,28.4151310103355,30,33.2778634690513,1.3972520268997,29.033442404373
0.0120455175174542,23.2120123419862,24,27.6271614352962,-0.264260453030158,21.179486240197
-0.462175578976254,19.4925727237864,21,23.2564558448373,-0.393307942446083,20.1077189962952
0.147184175633103,24.0956374663285,24,28.6194628189155,0.0723739555752631,23.6446800300739
-1.88429021792089,7.84831328534637,8,6.94686888669743,-1.40866541544373,11.0300877905993
1.28545517327251,28.7367555374496,29,33.6243116091356,0.946983169177133,27.8241249498547
3.61485933365143e-05,23.1295311015466,24,27.5336520859956,0.394095894703378,25.5294917007797
0.485995843324504,25.960710496188,25,30.6604970691842,0.167595065014754,24.2498806503978
-0.220102058386205,21.5051820558005,20,25.6606985760844,-0.135902451223942,22.178414896417
-0.021375796580058,22.9808738089189,20,27.3647327799277,-0.151799038338162,22.0585439324348
0.115070303601187,23.8930564218489,25,28.3934809765843,0.135250108511657,24.0488684034983
0.739426834620974,27.0573580060919,27,31.8332104556557,0.984038287646382,27.942609266443
0.066276012436561,23.5764293973289,25,28.038484515142,-0.693420804837365,17.4117688187611
-0.531352076442426,18.8813158133795,20,22.5080250248046,-0.324177826490722,20.6898168369626
0.0673683415179688,23.5836342152781,23,28.0465869642246,-0.0236434124227607,22.9929862748787
-0.923792405387622,15.2602600997478,15,17.8995187060942,-0.878760152953325,15.6745853091393
-0.390382090559235,20.1114687556578,20,24.005617477793,-0.604871228700369,18.2297845293255
-1.39761362503408,11.1611330236187,11,12.2187245470485,-1.31579787820074,11.7739804271807
0.674693925809565,26.799270959088,27,31.5584861645107,1.10877193512389,28.3144135581987
0.658043474161958,26.730533243483,25,31.4852121637193,0.956237377015463,27.8540746243852
-0.307955724634958,20.7999708245371,20,24.8287877212198,-0.157862479688989,22.0125302397457
0.0269731762741647,23.3136370395075,24,27.7421643456782,-0.0519036144067931,22.7932408476171
0.648221890845991,26.6895261964036,28,31.4414749558753,0.711757033068516,26.97653454327
-0.13755551143793,22.1388876589222,23,26.3985444387344,-0.658183836880178,17.7388787071646
1.71014308101031,29.579459717759,30,34.5612694930089,2.08162945853404,30.1659266830678
-0.725257135348834,17.109833819951,17,20.2913951191098,-1.01829068124507,14.3768172953407
0.281750945170898,24.8949509310709,26,29.5026028225164,0.079133500468235,23.68898749421
1.54920601115492,29.2970232648004,33,34.2404127852819,2.09880120251945,30.1867800928194
-0.649975082506566,17.805547587936,18,21.1703822615887,-0.913552071278349,15.348741365127
-2.69593710156666,4.19143701864071,3,0.560728126544126,-2.55251708334613,4.52078737779447
0.130882271106156,23.993376419549,26,28.5055004608247,0.152045616498772,24.1538297941731
1.43386110227111,29.0682048094857,30,33.9862238155638,1.03568967324004,28.1015045375051
0.974674728309084,27.8815557908809,31,32.7086828403405,0.59804236384185,26.5016352948722
-1.88688060284447,7.83275157596958,6,6.92041961703901,-2.14984314316633,6.23743325865117
-0.336167856381958,20.5671251043668,19,24.5516094657608,-0.343626293890012,20.5278565062559
1.08432214689304,28.2108125830691,30,33.0593310905667,1.42104268825806,29.0850212496466
0.294995172171375,24.9693560605168,26,29.5841410805987,0.675374285137606,26.8295141946479
-0.584492762358175,18.4031756716238,19,21.9167089153392,-0.291601584100431,20.9578155060051
-0.699443598469179,17.3492107639816,18,20.5950725603936,-0.808313560125251,16.3361155607007
0.80456678321574,27.3028663305068,27,32.0941056332816,0.8157166305255,27.3723633437707
-0.0725758450147778,22.6171360512985,21,26.9493145232344,-0.131074901766466,22.2145982370913
1.67400005057857,29.5194872588372,32,34.4923427315221,1.86830274593009,29.8806194413653
0.394722109895781,25.5057271056165,27,30.1687385509136,0.278025757552139,24.9013125724203
0.156569040902537,24.1539717246042,21,28.6843709973581,0.122717144885744,23.9697218047094
-0.263733626460074,21.1587915987719,19,25.2534978612977,-0.482658391774656,19.3306064258203
1.94977555136636,29.9325553907071,34,34.9786922563395,1.86527290347604,29.8761900196866
1.00506543537469,27.9760666470816,30,32.8091974132112,0.801454889692954,27.3201249160514
1.0100735158424,27.991396836918,28,32.8255099421008,0.772875298355413,27.2134971936732
0.50456332267389,26.0492012622843,26,30.755735078691,0.295797856647856,25.0011924413834
0.222526437809293,24.5529473947444,24,29.1263654716176,0.170638292823045,24.2685529691024
0.822959393390228,27.3696980013322,29,32.1650785441399,0.61059423848024,26.5563089939917
-0.223953094752119,21.4749209240579,23,25.6252345293905,-0.0777936116445138,22.6070958555496
1.85406095166832,29.800266932203,31,34.8196723713712,2.05931337751232,30.1383844835632
-0.907675821202472,15.4098916851847,16,18.0961519780533,-1.21426308565858,12.6278525273818
0.272242236519084,24.8410660974251,26,29.4434826523321,0.898790749492821,27.6642035375002
-0.369837314946352,20.285380212822,21,24.2145662462864,-0.690348991631939,17.4403558517246
-0.313955758072626,20.7507022314902,17,24.7702420412863,-0.374419364664599,20.2685141721141
-1.4804567075585,10.5331036325252,8,11.277437744252,-1.39001273311736,11.1765715405497
-0.01249352658896,23.0427893406676,19,27.4351478115614,0.0610201832315893,23.5697936411366
0.676424170201271,26.8063578757123,28,31.5660380207589,0.745162643172596,27.1075817316016
-0.375973549437304,20.2335924739043,19,24.1524170734207,-0.0171401891129521,23.038441746155
-0.00120567780961196,23.120965361225,22,27.5239323208214,-0.0887021100863906,22.5277665110687
1.19388931370011,28.5090664264971,29,33.378688246038,1.36055470551098,28.9517467915166
0.333278776166444,25.1802153543184,23,29.8146193203417,-0.100097170695277,22.4443317144072
1.45523743002479,29.1124121480064,29,34.0350085782939,1.05456497633228,28.1578046258918
-0.546441589938991,18.7462467950808,20,22.3415070739821,-0.334432039888979,20.6046031682302
-0.540394577270125,18.8004444158011,19,22.4083732499957,-0.362972077706128,20.3653341409777
0.95345430951832,27.8140308640649,27,32.6369148291966,0.253434088170857,24.7608610137556
-0.821658550447269,16.2115482343976,14,19.1400104238617,-0.819452505212038,16.2314699576199
1.02940243886176,28.0499260257551,28,32.8878149569359,0.359766189862877,25.3495805532325
-1.38628933675726,11.249296412025,13,12.3488985352453,-1.25743416794519,12.2598228173857
0.389456251275731,25.4784449935014,24,30.1391348212721,0.56914869478607,26.3735868017018
1.03157911227621,28.0564540654387,29,32.8947667952974,0.539825231077953,26.2404606882399
-0.327897948374031,20.6356901752811,19,24.6333576672299,-0.144476397822126,22.1138991570073
0.0958560527079777,23.7696468134215,26,28.2553781032521,-0.344038295894362,20.5244099265249
1.5544799402593,29.3069325614201,33,34.2515232556117,0.852522960037137,27.5042515668893
0.885620528558767,27.5894501498183,29,32.3983945886925,1.26929571942474,28.7368272672725
0.450539886204723,25.7879496691275,29,30.4741933421236,0.390824345727848,25.5125560058736
-0.490255733022802,19.2460984575161,20,22.9556854835087,-0.696906368452713,17.3793163016082
-1.22547519851202,12.5603873566658,14,14.2349545949446,-1.26434208447238,12.2016038242962
0.332780274639855,25.1775096969476,24,29.8116674292853,0.516301644563023,26.1313160565198
1.15648613875094,28.4105312755624,29,33.2729327812182,0.415793469723937,25.6407058369905
-0.90467816769013,15.4377513805133,17,18.1326988335229,-1.05871849079214,14.0071425723717
-1.17706432831795,12.9754555815025,12,14.8150792428204,-0.983970186548073,14.6933521451287
-0.874854987061018,15.7153227654953,18,18.4957429318398,-0.704774174502428,17.3060060309267
-0.53119921793451,18.882681082804,19,22.5097060785652,-0.388837454717849,20.1458908148372
0.662986877808318,26.7510432316352,26,31.5070808530587,1.49476471275205,29.2382153582739
-0.84552988645698,15.9887706252048,17,18.8515130452897,-1.03641636868135,14.210612890307
1.75118308514449,29.6452843678995,33,34.6374973107953,1.54584619655932,29.3387382463657
0.83511634925391,27.4132841220244,27,32.2113589810982,0.775779591954267,27.2244524910351
-0.381502091169534,20.1868195930016,19,24.0962335756876,-0.808590181878902,16.3335169892894
-1.17861935515089,12.9619893069123,12,14.7963697255256,-1.10054481214472,13.6289640342029
-0.51975534676365,18.9847182513975,20,22.6352252809947,-0.667553739758227,17.6520791502734
0.381968239273987,25.4394528452156,25,30.0968007972901,0.278891933705058,24.9062119793643
-1.78029986328474,8.4882811154016,5,8.02326163232079,-1.85970449900126,7.90074485456689
-0.029458752057838,22.9242244500748,23,27.3002311711501,-0.261760453819963,21.1996039905872
1.3107998044137,28.7965349573235,31,33.6891509209861,0.80870574349559,27.346763657596
-0.288349778610376,20.9599976123743,22,25.0185638690774,-0.365579665526452,20.3433216887728
1.59861676474051,29.3880632865287,31,34.3428561056018,2.30680569720474,30.4177067828357
0.324943094126065,25.1348345538955,23,29.7650897583764,0.689994869563123,26.8891401186303
0.460727197631241,25.8380999084575,26,30.5283264416666,0.610393769700847,26.5554402825473
1.23841308622565,28.6221222100413,27,33.5004064903183,1.47953664034023,29.2073733811985
-1.18668709470103,12.8922631013378,12,14.6993780309981,-1.1166347037042,13.4847870436188
-0.962447836972134,14.9026467837424,15,17.4271720991526,-1.0000436807469,14.544827519817
0.000325480467082298,23.1315258347935,24,27.5359153245111,-0.178965811102777,21.8511369307998
-0.764964656867683,16.7404122421764,16,19.8201618873877,-1.15177719109299,13.1726412137767
0.399930993046017,25.5326016772403,25,30.1978867536518,0.303121802316624,25.0419595693722
0.79085480072399,27.2523380821872,26,32.0404358135216,0.825699258333244,27.408548596184
-0.181711469764487,21.803484652752,23,26.0091673868783,-0.118279400339234,22.3100056990846
1.29431289601287,28.7578029558537,30,33.6471217884818,0.984968861661041,27.9455358206069
1.22412460307709,28.5863325361156,30,33.4618267050398,1.67578525850155,29.5752623524066
-1.96952151652648,7.34554826547589,8,6.08709686389529,-2.05985406759068,6.72424299607956
0.414122101475644,25.605254112568,26,30.2766201719791,0.170274167527714,24.266320977915
-1.28506728945433,12.0619406874067,11,13.5281946794175,-0.902478929334049,15.4523397979447
-0.712286347864543,17.2302071015323,16,20.4442660315252,-0.75920773817667,16.7970187607941
0.0674982333902254,23.5844906043899,24,28.047549972496,-0.0838505061346989,22.5631142485202
-0.236453683943739,21.3762729676592,22,25.5094800188774,-0.495683939818583,19.2152018646541
0.127024701663226,23.9690047511226,23,28.4783066380125,0.00852191672355408,23.2159464925196
-0.0262427321241848,22.9467987694642,23,27.3259432221287,0.186917683381988,24.3677393225762
-0.245772230578046,21.3023214272672,22,25.4225583623699,0.049476931062342,23.4930598917457
0.438275262873427,25.7270209529975,27,30.408367785914,0.373644990527791,25.4229016611017
-1.25128523903129,12.342754421489,14,13.9277907915627,-1.17471780348036,12.9710467807027
-0.806462100319418,16.353381729755,18,19.3230647809224,-0.775684384574364,16.6424886019831
-0.683132980456658,17.500056632126,18,20.7857679813883,-0.588587936502122,18.3785873742846
0.0389085762018569,23.3941731003728,21,27.8331386434844,0.431040450217727,25.7177133583425
0.0239143799787282,23.2928945952188,23,27.7187100488234,-0.153941403726798,22.0423044739051
0.0769568559493418,23.6466489810359,24,28.1174037111875,-0.307623559942606,20.8265262716897
0.416946129196314,25.6196136946829,27,30.2921704155293,1.05407792833,28.1563635413504
0.805503266012472,27.306295203503,26,32.0977473342431,0.388791850445651,25.5020123488043
1.06497775990008,28.1550431579143,29,32.9998301906385,0.72092480654693,27.012870659835
-1.39271039293897,11.1992377676235,9,12.2750434315954,-1.26183417061844,12.222718386168
1.93919429613622,29.9184608460806,31,34.9615751236326,2.08354842139151,30.1682716252498
-0.0524190172272461,22.7617225926079,21,27.1148026450373,-0.153753610067043,22.0437287800466
-1.21020106735426,12.6903996648308,13,14.4174499014369,-0.960238101091864,14.9134521328675
-1.17973287055191,12.9523517473199,13,14.7829752120854,-1.4082047630892,11.0336875931765
0.2596380089903,24.7690371930004,23,29.3643637331722,-0.309822693768169,20.8084268390154
0.944458163850916,27.7850178481478,30,32.606088256426,0.5586761227,26.3264121024378
-0.0521628439621776,22.7635485738583,22,27.1168895632334,-0.22701894413567,21.4765046166683
0.499803706370829,26.0266460038003,26,30.7314719170002,0.444202110963788,25.7834362514888
0.932551796569999,27.7462612352156,27,32.564916514937,1.13090682376912,28.3762553349025
-2.24423324800063,5.86699034765088,7,3.52650793596449,-2.50980061648566,4.66037079025482
-0.225310643111237,21.4642388751866,21,25.6127108657139,0.0916103260602533,23.7702287508804
0.330283099990848,25.1639402637718,23,29.7968609431984,0.107542241516722,23.8729468432324
-1.61809044678832,9.5532140958645,9,9.75535330922938,-1.54570065840454,9.99873932429222
-0.701091865930168,17.3339483690027,16,20.5757494299246,-0.341019893015276,20.5496453378891
1.39190376906484,28.9789320494729,28,33.888117226838,1.24251733458117,28.6704293110217
0.301553305566148,25.0059206417471,27,29.6241705625174,0.313168860880757,25.0975121478952
0.8468875193907,27.4550461760634,27,32.2556992955915,0.653001043123669,26.7368340088254
-1.08663453816072,13.7724038730542,12,15.9101427333929,-1.12968518008738,13.3684160373613
0.0614778844175575,23.544718425927,23,28.0028090986816,0.237531977195461,24.6686410630742
-0.263411914938768,21.1613737744887,21,25.2565435143353,-0.497499702442084,19.1990746214574
-0.79989103881013,16.4147033705791,17,19.4020602744495,-0.707392644447927,17.281590971988
1.05478088863583,28.1252548091398,28,32.9680701931032,1.09225647707985,28.2674839040498
0.102473227567386,23.8123341161851,22,28.3031854810822,0.191388736886708,24.3947745867263
1.11455056972237,28.2960479353107,29,33.1503830183649,0.852522960037137,27.5042515668893
1.01820574956454,28.0161448733108,27,32.8518494500484,1.56973579114182,29.3842415352881
1.14329579853639,28.3749853685017,28,33.2348480121502,1.36962150767099,28.972176017273
0.00331139391929121,23.1520896849427,22,27.5592420095691,0.146785199960002,24.121091221668
1.24134043368115,28.6293980189384,30,33.5082552762062,0.527434748852895,26.1832342761458
0.0553581858754357,23.5041234358749,23,27.9571064983103,0.156478262650243,24.1813207053555
-1.00232941710424,14.536114174557,13,16.9393871527568,-1.4463448020801,10.7386873967432
-0.0484251003566006,22.7901578027248,21,27.147292749603,-0.244847307923769,21.3350317942052
0.120921290563284,23.9303084684152,24,28.4351029629553,-0.181668835730346,21.8303256046776
1.3125836179244,28.8006912767655,29,33.6936652814469,1.384218230517,29.0047264884614
0.686687803867812,26.848181306251,31,31.6105952113603,0.681048552645809,26.8527426773133
0.591795038161789,26.4471871498144,26,31.1825993856529,0.106685030890737,23.8674492408889
-1.90746791983414,7.70970594150969,5,6.71088785699246,-1.9581186035323,7.3071863934929
-0.806261467602422,16.3552541576571,15,19.3254781897953,-1.05113634768207,14.0761836934075
0.784302841900286,27.2279798987262,30,32.0145592521178,1.15152131890364,28.4327799789888
1.15706285865747,28.4120758591176,28,33.2745884351956,1.14403193505158,28.4123622793428
0.713390757186089,26.9552810369397,27,31.7246212615281,0.941890692727358,27.8075408454172
0.0248756283667277,23.2994175697143,22,27.7260868681834,-0.317524600075404,20.7448890810173
-0.118175828755169,22.2834479737501,24,26.5655753766532,-0.316008177890962,20.7574172675603
-0.833885268972024,16.0974330027895,13,18.9923806576954,-0.831302952966558,16.1201355602231
-0.218621199210485,21.5168022618363,21,25.6743111168013,-0.083950336157062,22.5623879678697
-0.321691576038542,20.6869784605264,23,24.694437011557,-0.414114795132374,19.9291338914702
-0.801008457453001,16.4042761079379,14,19.3886339896881,-1.07200610210395,13.8864963964089
0.393448383832646,25.4991384848493,25,30.1615905096092,0.285674867333007,24.9444670940201
-0.791914307824023,16.4891300859653,15,19.4978186208006,-0.448042484852903,19.6347724673174
0.059850745414804,23.5339411883687,24,27.9906794430301,-0.368767404154162,20.3163778327336
-0.631151002708953,17.9781835857718,18,21.3867992888348,-0.474846799235782,19.3995713889341
0.0959208230258681,23.7700655953718,21,28.2558473094507,0.240409509649614,24.6854102076312
-0.968440863916886,14.8473942418117,16,17.353883274723,-0.823504658707713,16.1933998388511
1.91831236317943,29.8902671571769,32,34.9274653881338,1.61748386885086,29.4724151055573
0.414298995081412,25.6061545342271,25,30.2775953627396,0.070033586759661,23.6292912701312
0.910978786977806,27.6749878355037,29,32.4892197629268,0.980131877017362,27.9302980875728
0.643631749989443,26.6702434067538,31,31.420901936906,-0.0397207864222719,22.8797913833278
-0.39590971956049,20.0644263437056,22,23.948979233957,-0.671318763234609,17.6171623212318
0.379731796894912,25.4277620669915,25,30.0841025662408,0.186169761457724,24.3632081924886
-1.32361904800833,11.7472659242937,12,13.0757659362426,-1.57017671739883,9.82259668833675
0.589836883165026,26.4385680534722,28,31.1733785842194,0.159934603420096,24.2026957981924
1.08269744083951,28.206165668225,29,33.0543711419925,1.67941923043835,29.5815035972082
0.125545474094901,23.959641554822,28,28.467855788518,0.0388426730771431,23.4218351436585
0.748349620571722,27.0918148487864,25,31.869848161546,0.267486227079685,24.8414379632825
0.463650366965065,25.8524135955124,24,30.5437690875678,0.133536508664125,24.0380884726526
1.08158642278827,28.2029840859819,27,33.0509754651104,0.681564363493081,26.8548487083974
-1.40950926795611,11.0691230116484,10,12.0823721488603,-1.2376790884999,12.4273468586445
-1.80902860387869,8.30842361871752,6,7.72314940808457,-1.68043762030886,9.05722817908972
0.517203689536748,26.1086745303028,26,30.8196733781236,0.47755223063116,25.9468829054451
0.301718069678734,25.0068369063458,26,29.6251733121897,0.636321369320227,26.6665941997679
0.872557195008342,27.5446319659628,28,32.350811032487,0.575270569025435,26.4009743957714
0.382135614450584,25.4403269486862,27,30.0977501248283,0.00505091587888234,23.1921117572467
0.422457506613448,25.6475442907805,27,30.3224064219164,0.935098191790022,27.7853058150122
-0.175078588098402,21.8543971057696,21,26.0684384210585,-0.521022790821832,18.9892919152308
-0.574584578568298,18.492833642034,19,22.0279811939576,-0.405912762369817,19.9997118186475
0.213290755895028,24.4982353027676,22,29.0659527880995,-0.0681511284886272,22.6767751485203
-0.767904311730592,16.7130192051856,17,19.7850937895802,-0.934543313011857,15.1526934441016
0.0362933671778224,23.3765811482132,22,27.8132789488648,-0.254989061496322,21.2539655411287
0.35539602066667,25.2992044566668,23,29.9442979252178,0.399595694412651,25.5578634751469
-0.272718200811264,21.0865117519914,20,25.1681824825182,-0.0363079397697651,22.9039174361582
-0.181838559440792,21.80250732671,21,26.0080290275942,-0.430684631167,19.785851114673
0.119589261344354,23.9218411513164,25,28.4256450204185,0.0268807682404429,23.3411065816164
1.75945220709396,29.6582627165758,28,34.652602342999,1.35411475471437,28.9371375395945
0.545793251994607,26.2409153338366,28,30.9616484257493,0.269764480021985,24.8544212449119
-1.31645986189716,11.8052272580854,10,13.1594853114554,-1.50299982117467,10.3117738059665
0.965542036658705,27.8526510169484,28,32.6779576460364,1.23229633106416,28.6446717801556
0.521574940698327,26.1290972832365,26,30.8416167335728,0.186167357015846,24.3631936216773
0.139060209019264,24.0448242171301,26,28.5628634726295,0.444560446187092,25.7852159025119
0.258928895055815,24.7649644032108,24,29.3598868931941,0.0630467820318552,23.5832032620121
-1.24973524747114,12.3557497114138,13,13.9461926634457,-1.2458852094471,12.3575744355426
0.844431773647137,27.4463692365269,27,32.2464868706262,1.40179357150797,29.043371628577
1.36549099898744,28.9209846257586,27,33.8247048411503,1.32424007680324,28.8682774352596
-0.0124385207111153,23.0431716730181,22,27.4355823607882,0.117325272579597,23.9354547793623
-1.74241176813887,8.72927095124502,8,8.42212637549409,-1.5870057592046,9.70284340015363
-1.05024085601731,14.0999809040213,15,16.3538512839586,-0.772780183414259,16.6697374419385
0.629699738009416,26.6112528844143,27,31.3579379490995,0.668310945881668,26.8004433296429
1.34731945906696,28.88031198609,32,33.7803124767799,1.23115439925976,28.6417796730377
0.986541789296895,27.9187654990987,28,32.7482462213002,0.487988950282233,25.9971322603259
-0.0952783666564956,22.4521439702698,23,26.7598913251295,0.114593938017101,23.9180464393761
-0.53916773826796,18.8114289271946,18,22.4219172944963,-0.573224413499933,18.5184406101115
0.591526981835047,26.4460081012422,26,31.1813380847456,0.591842257454712,26.4744168752159
0.11188877321141,23.872736069806,21,28.370764150682,0.575654789465405,26.4026886595235
-1.17909752725741,12.9578501488262,11,14.790617480342,-1.16224616896525,13.0804231052516
0.222134132254223,24.5506309871501,25,29.1238089779439,0.139728758129154,24.0769806022205
-0.186625759753209,21.7656439103303,20,25.9650756943401,-0.139661775812907,22.1501671141374
0.117561125425177,23.9089336713509,26,28.4112244398992,-0.101828336398648,22.4316055006811
-0.775100051839046,16.6459466864217,18,19.699154992445,-0.958957253533022,14.9253562443452
0.976031013566676,27.8858284086341,29,32.7132251147257,0.930958582838534,27.771690397139
0.934976484909753,27.7541871116091,27,32.5733356565081,0.714827416579299,26.9887354381392
0.108062328410768,23.8482367393763,24,28.3433635191063,0.253245328108233,24.7597728063983
-0.76942700957641,16.6988281479617,18,19.7669197816901,-0.575128935772936,18.5011335835804
-1.20819037515945,12.7075806281253,10,14.4415119399661,-1.16168274742454,13.0853767924469
-1.05685385373786,14.0402018105917,13,16.2731379472882,-0.735072539027974,17.0230375462429
-1.08952716885019,13.7465211180935,14,15.8749335219663,-0.855214575523564,15.8955443541237
0.988615240378595,27.9252266392577,29,32.7551173186719,0.704762332576332,26.9486203558189
-0.0751844316702815,22.5982932978863,21,26.9277129203407,0.239742235942218,24.6815248139816
1.92772968060062,29.9030445496986,32,34.9429027326276,2.24248497225778,30.3503546200761
0.895373266750775,27.6225748684014,30,32.4335649380561,0.573144491836035,26.3914786621858
-1.1558395886025,13.1601066123316,11,15.0709043402922,-1.24824460616241,12.337561944247
0.272342445327236,24.8416360039732,25,29.4441082366384,0.210407089712408,24.5087860308764
1.02155544686937,28.0262865615791,28,32.8626454232054,1.11637592683995,28.3357934734795
0.893159074082431,27.6150794877806,29,32.4256064997615,1.33210519084281,28.8865814038487
-0.364300958701637,20.3319901938973,19,24.2704494408914,-0.234593511519502,21.4165603828506
0.656212536460593,26.722914753368,30,31.4770878352445,1.30502984787359,28.8230366561477
-0.746716665033956,16.9103341846057,18,20.0373045778794,-0.751912192468105,16.865386760482
1.10730995121496,28.275841380378,31,33.1287841308537,0.831188905754185,27.4283154090036
0.752443769049142,27.1075360837481,25,31.8865617712473,0.72304872443391,27.0212483905787
-0.0126299568362356,23.0418409892436,23,27.4340699252535,0.0288508130557256,23.3544465798005
0.725022155812222,27.0011670360733,27,31.7734446682394,0.433733696253495,25.73121866634
-0.666064533324087,17.6575207364208,16,20.9842795259483,-1.13076798780903,13.3587842553637
0.799246483392484,27.2833330193453,25,32.0733590631933,1.6901000621098,29.5997352259936
0.150237086129794,24.1146566695721,23,28.640633416004,0.0937837000026579,23.7843085664081
0.525990728736845,26.1496532241524,24,30.8636967400566,-0.0566569172504401,22.7592908437882
-0.848858070628691,15.9577194953746,14,18.8112063133012,-1.11584306138163,13.4918627909075
1.05554039533719,28.1274829526412,27,32.970445326785,1.09613708372542,28.2785719878372
1.47418834420991,29.1509020487675,29,34.0776021126313,1.70029762843268,29.616986632699
1.88073820374485,29.838242475613,31,34.8649600956422,1.68712917321927,29.594680850506
0.119513644308991,23.9213602384416,24,28.4251077967911,-0.049444800238828,22.8107628196446
-0.855474802429756,15.8959975106695,15,18.7310165274139,-1.06808610397945,13.922041403076
-0.246685673132361,21.2950534414257,20,25.4140089085742,-0.209902041727085,21.6110774009516
1.04080301469377,28.083976914716,28,32.9240827466147,1.36199242103758,28.9549970656394
-0.626295449634913,18.0226111085173,17,21.4423850358574,-0.585180881147559,18.4096482926489
1.15141654653806,28.3969193055124,28,33.2583447094057,1.47966322677177,29.2076314514608
-1.74205745299806,8.73154558732842,10,8.42587274269132,-1.89329890279837,7.69493546684287
-1.52768101982955,10.1882183254899,9,10.7494462023876,-1.42114635098445,10.9328975774176
0.376321271469976,25.4098939567147,27,30.0646897666743,0.723901565608137,27.0246081396256
-0.520157288222861,18.9811403176965,19,22.6308279229895,-0.425028438806808,19.8348656264817
-1.32869456588684,11.7063065693411,14,13.0164966866393,-1.16169940212921,13.0852303464438
1.8864710162961,29.8462894765906,33,34.8745924454971,1.39800364161175,29.0350883913695
0.162296230759425,24.1893783549609,24,28.7237320929324,-0.255710668324844,21.2481813531502
0.082503369258809,23.6829120684705,23,28.1581168928386,0.530457466890101,26.1972487489515
0.440920780549921,25.7402146734853,26,30.4226273266803,0.913676209892426,27.7143156497548
0.562800272575888,26.3181018002287,28,31.0443974525914,0.47755223063116,25.9468829054451
1.78990824912106,29.7052612013414,30,34.7075224171249,2.50581404625829,30.6059456088992
0.244389181050137,24.6809742219734,25,29.2674885960734,0.111956771025195,23.9012064500426
1.90436951116343,29.8711584206838,33,34.9044428252742,2.45308014746086,30.5588319181005
1.28851652863014,28.7440487918589,27,33.6322134379209,1.81816181493207,29.8058387391814
0.58697433321199,26.4259425464735,26,31.1598699057273,0.741480963132271,27.0933210304246
-0.994634103697669,14.6066150210571,14,17.0335073763276,-0.875756225015406,15.702759438669
-1.81288115513936,8.28448711291023,5,7.68305905977131,-2.12590781188394,6.36403200910762
1.57107375475304,29.3378090896789,32,34.2862038406379,1.05551513747397,28.1606142092815
0.379422845467365,25.4261454246492,26,30.0823464101598,0.398493338302609,25.5521866764934
0.814667325953625,27.3397010034645,25,32.1332244915486,1.15647363135289,28.4462075934018
-1.55956836922154,9.9605544722331,9,10.3963673055267,-1.56837295738846,9.83549718519275
-0.523644866151423,18.9500770316621,18,22.5926383332896,-0.704659971373313,17.3070706932179
0.934881715200352,27.7538776462275,27,32.5730069257528,1.23690590804166,28.6563167864198
0.329262317622475,25.1583858236468,24,29.7907991039953,-0.00828133433167234,23.1000549400296
0.385483973373878,25.457789119403,26,30.1167121023263,0.356869786719785,25.3341779675976
-0.407089371492948,19.968963358638,21,23.8338886748132,-0.396247135465754,20.0825837620727
0.0495503826231867,23.4654421679844,23,27.9135243985489,-0.0937558044334163,22.4908346936716
-0.789229676094687,16.5141749834903,15,19.5300123741805,-0.951198293900007,14.9975182945843
-1.39225674517198,11.2027685169494,13,12.2802574865522,-1.41881603287342,10.950993769934
-0.0404748167997218,22.8465502228897,23,27.211672688464,0.300549910780513,25.0276698070871
-0.206281873695638,21.6132754636059,20,25.7872056624447,-0.0651486878363915,22.6983865560631
1.18732189753423,28.4920040060955,30,33.3603550844166,1.26200192129956,28.7188963290752
0.578391036190176,26.3879025535734,28,31.1191560578045,0.955556877209295,27.8518805106806
0.148389049974011,24.1031486172699,24,28.6278245390428,0.0815426796051662,23.7047292978419
1.83050530635676,29.7659971023587,31,34.7790352707713,2.10348474823119,30.1924172519102
-0.305840211064165,20.8173093088091,19,24.8493777696937,-0.240076266538808,21.3730210364443
0.0347121985828963,23.365930100821,23,27.8012515460558,0.0867681228000446,23.7387827832456
1.25059015078651,28.6522623577187,30,33.532933312068,1.39098241013182,29.0196701162874
-2.38222545666338,5.23518627176538,4,2.42837425741178,-2.5124343923507,4.65145610050241
1.21940977983718,28.5744216260596,28,33.4489974036632,1.20902488479579,28.5851574558324
-0.215904309463257,21.5380979829123,22,25.6992500549424,0.0845014986450115,23.7240266453527
0.464141076769878,25.8548130836864,27,30.5463574923315,-0.042543905731411,22.8597945629634
1.77690146786468,29.6853427481238,30,34.6842038067478,1.10099003502338,28.2923854174302
0.210237766476806,24.4800670807863,24,29.0458777299837,0.202374926828428,24.4608295081318
1.19117330529359,28.502022334564,28,33.3711184470996,0.168324540657505,24.2543602469215
-1.12743703911303,13.4095849473201,16,15.414478071433,-0.955105467687207,14.9611689401231
-1.63272744800637,9.45337592389971,8,9.59640482905909,-1.74167382704404,8.65069045645098
1.75211954265223,29.6467588614989,31,34.6392121299943,2.1004385041963,30.1887532124096
-1.10567845816857,13.6024445317574,13,15.6785243074478,-0.906976987886431,15.4102431491399
-1.75521072387569,8.64736799000091,9,8.28699860216632,-1.54287075020802,10.0192577231056
-0.0175068224053945,23.0078864711673,22,27.3954642396167,-0.277951261832141,21.0688638449897
-0.387833264055738,20.1331247727417,21,24.0316740094951,-0.524895210561859,18.9546084000945
-0.755842331912928,16.8253854210275,16,19.9288323336858,-1.01994232345791,14.3616431372156
-1.44298695766654,10.8134840522961,14,11.7007835696243,-1.50175959136207,10.3209766615961
0.173871819480886,24.2604965626176,25,28.8027122104555,0.233485374781734,24.6449978350888
1.66300755321912,29.5008646924261,31,34.4710349878615,1.34303536535307,28.911809936671
-0.427900292020557,19.7901420113599,18,23.6177433555886,-0.600356373591055,18.2711005061765
0.949645782996176,27.8017764667927,25,32.6238937979812,1.58542523062765,29.4136171453474
1.59528555254488,29.3820504613151,28,34.3360638282717,1.19904211500801,28.5592527257457
0.462443580610605,25.8465085336953,25,30.537398695874,1.07193578489296,28.2088020926834
-0.515885038463621,19.0191480139987,21,22.6775254413247,-0.830195011966473,16.1305443481337
1.52758032490615,29.2558995258659,30,34.1944026905488,2.26728358940562,30.3767288376208
0.920176092343104,27.7055407616852,28,32.5216663692181,1.7821778677598,29.7501802357624
-0.191694445965495,21.7265078022899,24,25.919440180149,0.277992097248838,24.9011221122935
-1.33178952514287,11.6813843781244,11,12.9803896467095,-1.52367745915739,10.1592668093549
-0.501567084402118,19.1461621908279,18,22.8333427226451,-0.690812542799128,17.4360427393949
0.689372646561909,26.8590611700578,29,31.6221834639959,1.49240799372395,29.2334689217128
1.40622063843608,29.0097725265061,31,33.9219503112322,2.01809132944221,30.0861616479084
1.00051208711071,27.9620688773889,29,32.7943049136992,1.08344473038718,28.242165643801
-0.839061835414101,16.0491241493533,14,18.9297894134418,-0.619715534934632,18.0936437484673
1.5602660395745,29.3177507534372,29,34.2636636132661,1.83495142839891,29.831232743219
0.488701948784589,25.9736916861028,26,30.6744759323111,-0.00982562990064401,23.0893399136204
1.79112838808368,29.7071181232937,31,34.7096996103714,1.792025690707,29.7655819209656
-0.826649014786759,16.1649695211381,18,19.0797897925884,-0.887925656742843,15.5886560907325
-0.0275849102968015,22.9373831711725,21,27.3152202941984,-0.0498467584986314,22.8079002490299
-0.786702893762144,16.537745164218,15,19.5602970078441,-0.619231424837548,18.0980906842606
0.129791993678707,23.9864949050326,24,28.4978233963092,0.438428569324473,25.754691503931
1.84819563083667,29.7917991981548,32,34.8096113612508,1.64217875178571,29.5166100292989
0.174493035724356,24.2642964036559,25,28.8069290736646,0.179434098129941,24.3222898029255
2.03328355239912,30.0394339645742,32,35.1100052409951,1.16015817742448,28.4561600363193
-0.828908412287577,16.1438818165851,13,19.0525088206521,-0.923773124954687,15.2532214637238
-0.0939991146224352,22.4615012053615,21,26.7706506816982,-0.121440324553314,22.2865040584879
-1.05595118769784,14.0483551399838,14,16.2841531928538,-1.31089540131532,11.8142563115439
-1.79616969533225,8.38862840557611,9,7.8572280341115,-1.43273263552077,10.8432656499083
0.113167932459528,23.8809114640092,25,28.379904789992,0.0515299623001139,23.5067514834028
-1.51568330029463,10.2749557375471,10,10.8830055611393,-1.05058458157646,14.0812134106064
0.245580196778488,24.6878888210483,27,29.2751008724547,0.348910725371369,25.2916727220605
0.190728950087151,24.363002375614,27,28.9163601789862,0.245936266767472,24.7175166949598
0.365491337085811,25.3528342429438,27,30.0026573514189,0.138780635875712,24.071036796421
-1.04355540101787,14.1605243030595,11,16.4354818906276,-1.34213855497087,11.5592922220177
-0.567909701738141,18.5531076761106,18,22.1026840622321,-0.302180105192573,20.8712455330266
0.878735604928497,27.5658934742968,29,32.3733841704666,1.02279918388515,28.0625181733854
0.209405742933104,24.4751086387923,26,29.0403976758269,0.233524504175434,24.6452268005275
0.607731665151223,26.5168079121806,27,31.2570449897593,0.196760697778668,24.4271403779357
0.306837076740425,25.0352462584346,28,29.6562559342014,0.151214733238157,24.1486669577366
0.463807713976489,25.8531831003067,28,30.5445991875811,0.621882506219697,26.6049913879235
0.109835924416604,23.8596005656937,24,28.3560747212944,-0.396867792029887,20.077272166955
0.386964061925093,25.4654932116928,26,30.1250761000676,0.558537384130151,26.3257843933134
0.616175069718027,26.5533157689341,25,31.2960582898807,-0.0421721665650285,22.8624297315913
0.47443180852002,25.9049125022052,27,30.6003793495286,0.919436014890403,27.7335330591208
0.308692694995081,25.0455168942187,25,29.6674890899523,0.313300768200785,25.0982386384323
0.116004015324664,23.8990114296218,22,28.4001365804227,0.293188910425844,24.9866149139489
0.0282766149942991,23.3224632437189,22,27.7521415679913,0.125991452597288,23.9904673200852
1.45935433219032,29.1208293205189,28,34.0443135316731,1.14903948016343,28.4260287947766
-1.11997007797415,13.4756044556211,13,15.5050151771122,-0.82690549042907,16.1614489744658
0.743917215074499,27.0747316767825,26,31.8516847740869,0.645169820384669,26.7039785606032
1.12251619619694,28.3181267108926,30,33.1739933134152,1.24162110737557,28.6681799934789
0.217653722630752,24.5241281073678,23,29.0945512211695,-0.0153519193219042,23.0509077010651
1.16809387123284,28.4414658599863,32,33.306104195465,1.687419917534,29.5951760633894
-0.922166007700395,15.2753476247022,16,17.9193719146993,-1.20271680033246,12.7274741403015
-0.0815221309008398,22.5523889259745,21,26.8750537455243,-0.334600390605817,20.6032007937037
0.421408140482477,25.6422358338035,26,30.3166608684883,0.819254864127482,27.3852244044266
0.59213919122489,26.4487005205438,28,31.184218304747,0.385949150713336,25.4872372462237
-0.0608682258229274,22.7013344621635,23,27.0457423692912,-0.276545112871264,21.080260602695
-1.09534095079646,13.6945724071761,13,15.8041974979827,-1.26245375090025,12.2174997167074
0.0528840155050099,23.4876633910822,22,27.9385650606533,0.258994259198988,24.7928461651193
-2.1417266062108,6.39002302477427,3,4.43431181645921,-2.01888040762195,6.95511665969726
0.0795410438525602,23.6635615395579,23,28.1363953324066,0.0792786496058233,23.689936654332
1.4846910111072,29.1719538099765,30,34.1009470802911,1.74265743729307,29.6870555195965
-0.365338645494834,20.3232623673058,20,24.2599889533858,-0.413531344376263,19.9341621006534
-1.3932513991965,11.1950282774186,11,12.2688260691395,-1.30385596928661,11.8722616248022
1.64165806647663,29.4641749141149,31,34.4291804730962,0.974518072390957,27.9125324167541
0.47821127559201,25.9232070371284,26,30.6200958318231,0.38839864582104,25.4999706238727
-0.701526026814573,17.3299276424516,16,20.5706580607731,-0.492748087843492,19.2412570537137
1.14394458064748,28.3767435968341,30,33.2367310607976,0.551709460216858,26.2948030087473
0.236298756963666,24.6338405539343,23,29.2155729270198,0.518270763845227,26.1405334016354
1.68098697184191,29.5312302759842,30,34.5058016892947,2.49823311192618,30.5992878442547
-1.67701828116986,9.1560104488437,8,9.11869343649355,-1.50256526110174,10.3149976451439
-0.586495995422699,18.3850220388737,19,21.8941568607763,-0.388830194376118,20.1459527503956
-0.216667261808129,21.5321208337798,22,25.6922513989755,-0.239825209441737,21.3750174511348
0.0807938833890758,23.6717501459833,26,28.1455883001721,0.421469573809643,25.6694837251711
0.407506701793078,25.5714886922787,24,30.2400404414769,0.547825371888886,26.2771010258163
0.295066164890382,24.9697528635563,26,29.5845756279442,0.102478725826205,23.8404247324631
-1.62399650266251,9.51283340085893,10,9.69115213439784,-1.71723366368236,8.81144494108777
-0.523360786325664,18.9526084988325,20,22.5957513651679,-0.657777871109277,17.7426362269756
-0.234132594901442,21.39463807116,22,25.5310467017025,0.162942837349498,24.221256292027
1.60150227498996,29.3932572585594,32,34.3487265047685,1.46976788341906,29.187371810223
0.945540661896659,27.7885212376216,29,32.6098103672286,0.503645101197273,26.0717155003754
-1.14119720751873,13.2883892935654,12,15.2478609674917,-1.12944296853987,13.3705710561193
0.452979157336275,25.7999955574782,23,30.4871998034522,0.516267087596321,26.131154164342
-2.35869286693327,5.33618922046095,2,2.6043180004041,-2.74485505467173,4.01808005253214
-1.07461956453588,13.8801607867286,14,16.0564876986585,-1.57073678817886,9.81859364088852
0.834636932246653,27.4115740674764,26,32.2095432931762,0.533753166115943,26.2124892448029
0.951959148331568,27.8092249437643,30,32.6318081373739,0.468400310751375,25.902467826554
-1.97290835160379,7.32596242815314,8,6.05341227190724,-1.61458789881028,9.50891238711665
-0.57861928626374,18.4563507307386,18,21.9827249985965,-0.318917218034669,20.7333758505963
-1.49632488794713,10.4161714408672,14,11.0993368613097,-1.54347200750022,10.0148956040752
0.242441666060978,24.6696543538581,25,29.2550244379762,0.550847933694681,26.2908814426828
0.319902860830566,25.1072518418052,23,29.7349658088864,0.0257242370232869,23.3332670407292
-1.798729312361,8.37262501599374,6,7.8305065938397,-2.09975821854118,6.50478681348115
-1.03251171648758,14.2607686030563,12,16.570390889274,-1.13067876392887,13.3595777804134
-0.0900624949618403,22.4902510455712,21,26.80369603964,-0.0357770381206221,22.9076657611601
-0.364411883874249,20.3310574032772,20,24.2693315542242,-0.415875903901116,19.9139494898697
-0.724111771686163,17.1204700567617,18,20.3049162058205,-1.06407599743551,13.9584444494798
0.239710380540003,24.65375099631,24,29.2375089984488,0.450818109843944,25.8162116231063
-0.810958027827114,16.3114215900843,15,19.2689597125651,-1.05086470163748,14.0786598370352
0.0240402857770444,23.2937492199713,23,27.7196765964261,-0.445033298862777,19.661034401079
0.5284373064201,26.161009954801,25,30.8758927276091,0.464926448662079,25.8855224752966
0.263398454235447,24.7905988492974,26,29.3880588275926,0.532851434199223,26.2083234158832
-0.259136603504453,21.1956497603612,21,25.2969572665674,-0.090883654362932,22.5118380083229
1.01400496156201,28.0033834505499,25,32.8382664868617,0.497583331459277,26.042951148717
1.24965801892972,28.6499668327509,28,33.530454785525,1.91232695775915,29.9437222058632
-0.634769412320715,17.9450476319575,18,21.3453120836418,-0.725895099836037,17.1088500828053
1.04389568169787,28.0931543300385,27,32.9338604174332,1.41475415990882,29.0714916526807
-0.61616391780024,18.1151698846037,15,21.5580476121677,-0.776550350587856,16.6343628026845
1.41980046972487,29.038661475689,31,33.9536983838956,1.868521403077,29.8809386657893
-0.201188504757627,21.6529128304916,25,25.8335281995894,0.330108595307969,25.1902056435771
0.149311372432409,24.1088939835735,24,28.6342196952545,-0.508190153285106,19.103930345092
-0.161236571687378,21.9600441388625,19,26.1912409427704,0.283815338079965,24.9339992044024
-0.425099096590418,19.8142950812407,19,23.6469801438392,-0.459002751055561,19.5388730559914
-1.18511570307323,12.9058256188468,16,14.7182594100128,-0.591313955720394,18.3537164624599
0.332105074873605,25.1738433205158,25,29.8076671607766,-0.0179883066547806,23.0325245034301
-1.18099552303917,12.9414287594826,13,14.7677896655668,-1.08284937301386,13.7883847817072
-2.16513130565121,6.26717489182502,7,4.221116042816,-1.88236583936259,7.76155133659746
-0.269885468407655,21.1093353540995,20,25.1951352001063,0.00303629236461626,23.1782527024335
-0.988443462472104,14.6634121646147,14,17.1092286412262,-0.996610809622435,14.576508591732
0.209314400273838,24.4745640970972,22,29.0397958186771,0.651985942508322,26.7325874139349
-0.0998442791809437,22.4186876333172,22,26.7214054743303,0.010550676500144,23.2298523767933
0.923021798525494,27.7149437302817,29,32.5316528438857,0.652448689144942,26.7345237287063
-0.742640231824855,16.9482608188815,20,20.0856798616687,-0.731224073131321,17.0590319324868
1.41825948920295,29.035400955405,29,33.9501123956533,1.01550862323787,28.0402731944744
0.0554711480367651,23.5048742903477,24,27.9579521559221,0.597225613135054,26.498057801139
0.997016476994233,27.9512841478472,26,32.7828322299659,1.03211583367932,28.0907396865753
0.227483730337671,24.5821601505789,24,29.1585964229066,0.132957677622976,24.0344441824775
-1.17207186696237,13.0187474663125,14,14.8751782933644,-1.20356340214051,12.7201530320754
-1.64766132284238,9.35232513232449,8,9.43478753481005,-1.38431666595808,11.2215986922091
-0.35453026839789,20.4139799368588,20,24.3686310766574,-0.175014598316063,21.8815016696004
-0.198547960698163,21.673419354538,22,25.8574791997966,-0.53385150240041,18.8742348698521
-0.0133797304847384,23.0366276939599,22,27.4281441869941,-0.30302484570301,20.8643134426754
-0.125269245726921,22.2307242918369,21,26.5047114991257,0.181785662477126,24.3365981583863
-0.415691351452289,19.8952237516149,21,23.744846026544,-0.242290502768443,21.3554020110468
0.585857133932612,26.4210067946106,25,31.1545883144454,0.772199816903372,27.2109452992461
0.324243034618548,25.1310099194577,24,29.7609136414103,0.931459950440263,27.7733420335415
0.240453733358073,24.6580825114061,24,29.2422801048647,0.184250961536462,24.3515721992826
-0.743722039233182,16.9381970821516,17,20.0728468319619,-0.980195905532152,14.728294441841
1.54519256251717,29.2894510399454,32,34.2319289864433,2.4956910277709,30.5970467814553
-1.29476112397111,11.98222788363,12,13.4140638617382,-1.03176993692297,14.2531498051142
0.0356849209165528,23.3724838662125,21,27.8086525048491,-0.224020953806685,21.5001639400908
1.2351064914648,28.6138807273198,30,33.4915183688144,1.26191221780717,28.7186750887124
0.609514529843664,26.5245384437439,28,31.2653074387029,0.370878976689725,25.4083526955045
0.402805167987124,25.5473828750634,26,30.2139128615149,-0.0380716500742815,22.8914559912641
0.939748313566149,27.7697356704593,27,32.5898528072503,1.12674196320922,28.3647107602043
-0.345455630101129,20.4898184641306,18,24.4593101455843,-0.485377992169219,19.306552949391
1.26947025181409,28.6983458199379,29,33.5827351026962,0.474753734437874,25.9333365128669
-0.833473120731173,16.1012794477967,15,18.9973618704259,-0.774805286312508,16.6507372470936
0.383943321080454,25.4497601602237,28,30.1079942448115,0.655675280709308,26.7480041167664
1.11408003038449,28.2947387735444,30,33.1489833828684,1.55946171521753,29.3647876633222
0.340836575483642,25.221107369463,25,29.8592155693451,0.874807802255096,27.5820919591531
0.588685013914747,26.433491297586,26,31.1679469567399,1.10461614548801,28.3026684994766
0.888502835208159,27.5992694897176,27,32.4088201271479,0.500279380626348,26.0557620318365
-0.894761405143617,15.5299730708815,12,18.2535350288059,-1.00935122859609,14.4590446564273
-0.345963368243871,20.4855831513575,19,24.4542495025034,-0.188400337556566,21.7783612135826
-0.348541131175985,20.4640660853939,22,24.4285331066171,-0.277439731607299,21.0730106924422
1.11193564272194,28.288765532693,28,33.1425978137973,0.984902188430927,27.9453262195196
-1.27612306265777,12.1358352700903,12,13.6337142022421,-1.27746831910655,12.0915000960481
-0.212648601646771,21.5635769100672,22,25.7290742050657,-0.280343806409636,21.0494540721756
-0.210881808675162,21.5773853254759,22,25.7452313213857,-0.39388209006025,20.1028114300958
-0.330087430537072,20.617562218085,21,24.6117546598937,-0.346188040644741,20.5064159694061
-0.899905482586032,15.4821247621614,14,18.1908675004839,-0.975356358126302,14.7731342626165
0.0269839331080327,23.3137099102897,27,27.7422467265994,-0.212563006743014,21.5902381784863
-0.0615256659909068,22.6966223604527,22,27.0403501028279,0.341327460439536,25.250927789879
-0.34892464348191,20.460862758022,18,24.424703705186,-0.719974127888638,17.1641691637858
0.656700624518651,26.7249468408882,28,31.4792549066779,0.812092823693105,27.3591505827609
0.765323797980395,27.1566315594404,28,31.9387462606402,1.2835647361673,28.7715759431255
-0.686039431311528,17.4732023373561,17,20.7518572795503,-0.658994817687447,17.7313716568699
1.60866283755848,29.4060890529007,30,34.363241971099,1.09680062404294,28.2804641553261
-0.197879718125773,21.6786043221714,21,25.8635335604041,-0.277605343285423,21.0716682356644
-1.30389184570396,11.907504996027,11,13.3067868368927,-1.07269774865055,13.8802289690234
1.49780516312564,29.1979639793041,30,34.1298400423174,0.983846634362857,27.9420062427008
0.449344571870324,25.7820381226077,25,30.4678094843527,0.674653060733414,26.8265537657147
0.74654416987771,27.0848642884151,27,31.8624583369067,1.17034865059449,28.483518926891
0.363223927618221,25.3408260696726,25,29.9895948924749,-0.0233204205636211,22.9952483924298
-0.970936545336747,14.8244022864165,13,17.3233610549054,-0.851688239208016,15.9286566810538
1.70426827936779,29.5698411731138,30,34.5501823203696,1.41516002430598,29.0723671050956
-0.026513362816138,22.9449008968283,23,27.3237819960408,0.293079874455893,24.9860050393554
-0.586533580777813,18.3846813497393,19,21.8937335555542,-0.838936539218048,16.0484240179379
-1.62572399314227,9.50104683393078,8,9.67239032406005,-1.45439376744961,10.6772175358853
-1.7596239525298,8.61924497914928,8,8.24049646379395,-2.10440565327603,6.47958974225959
0.0547556888173658,23.5001176986936,25,27.9525947841057,-0.156771793495126,22.0208189694864
-0.209349691706013,21.5893491436324,19,25.7592265589143,-0.454195676584842,19.5809810011715
-0.723673714025479,17.1245376699131,16,20.3100863867984,-1.11617938259988,13.4888565011813
-0.459889321807864,19.5125359963533,19,23.2807566510352,-0.458684044860023,19.5416670610196
-0.800229276313734,16.4115471135716,18,19.3979965062739,-0.906976277975158,15.4102497916643
0.427875856936151,25.6748830602557,23,30.351988358299,1.01890359003158,28.0506495542396
0.685290627840803,26.8425095618734,27,31.6045537323434,0.723008601952845,27.0210902688916
1.59732267420185,29.3857295716622,31,34.3402194082394,1.92287119001231,29.9584930345026
-0.486225491879781,19.2816171124966,19,22.9991133316307,-0.61954331317628,18.0952257954237
-1.23780951527975,12.4560559688122,12,14.0879697681616,-1.38400964479773,11.2240295942571
0.41784144038555,25.6241593733713,26,30.297092243568,0.210361625281887,24.5085153828033
-0.903052361238682,15.4528648122129,15,18.1525165624561,-1.04623709506413,14.1208691975072
0.753078478701028,27.1099683262883,27,31.8891474007171,1.07168354253697,28.2080670900201
-0.166715277072788,21.9183262025224,22,26.1427791380461,-0.629688167788753,18.0019352264616
0.831345407034465,27.3998139260123,26,32.1970565521671,1.04971892563759,28.1434386864313
-0.371974536461838,20.2673579434906,20,24.1929451063397,-0.439257466346951,19.7113589169468
-0.0546975202999483,22.7454688208336,22,27.0962228450614,0.0242542139074045,23.3232937580854
0.0892745727660935,23.7269953971296,24,28.2075710039791,-0.110019827547061,22.3712072792041
-0.277845301376884,21.045121496777,19,25.1192737143174,0.197089723889451,24.4291185959953
0.312308680328033,25.0654887711462,27,29.6893266879545,-0.24590494467064,21.3265976176141
1.10137055293427,28.2591679406123,28,33.1109682743523,1.01577952568943,28.0411023096002
-0.537124327046758,18.8297160938525,19,22.4444595743808,-0.536358889228961,18.8516951329879
-0.404871513289634,19.9879353900894,20,23.8567779387152,-0.546082930137519,18.7641261982802
-0.30746639057171,20.8039828695622,20,24.8335527745886,-0.0844238889957124,22.5589421826437
-1.50642658270226,10.3422858553258,8,10.9863211396875,-1.33268382377704,11.6360191364276
1.08015092435814,28.1988686099046,27,33.0465833245609,0.642526670771959,26.6928404502424
0.0742612550213118,23.6289753851873,23,28.0975507584312,-0.157569595021572,22.0147565421
0.0830745027128799,23.6866383120265,23,28.1622987683243,0.0541121683240952,23.523945046989
-1.72276402236642,8.85600939110948,8,8.63032854816957,-1.84690244813431,7.98004794309287
-0.164448268796715,21.9356039850424,23,26.1628547698917,-0.345889130633805,20.5089189713227
-0.0891749263365365,22.4967237257953,22,26.8111332114249,-0.236119034429412,21.4044585635247
0.158219013374231,24.1641871233203,24,28.6957300846946,0.506598342250588,26.0856777465668
-0.567107948581237,18.5603405307328,19,22.1116428725714,-0.730984596138555,17.0612712830244
-0.727433765531829,17.089617397355,16,20.2656882864417,-0.477595903533926,19.3753220029771
-0.132979297904675,22.1731699339198,22,26.4381987253877,-0.0260826701673692,22.9758873930604
-1.2909442754498,12.0135672482905,9,13.4589726598735,-1.36173672710308,11.4014464813035
-0.159808442831826,21.9708976851269,22,26.2038424843559,0.489907906272104,26.0063250826197
-0.0602685430295092,22.7056309294093,24,27.0506585682466,0.0499117251026353,23.4959611093254
0.780295173191087,27.2130118603001,29,31.9986567784484,1.0512763907795,28.1480623776316
0.49087323761066,25.9840865444038,26,30.6856677220644,0.690868522097918,26.8926797611986
1.33949226982558,28.8625870234107,28,33.7609948531361,0.687135937557487,26.8775387068631
-0.685613101069761,17.4771421512099,19,20.7568333681774,-0.981593572425736,14.7153519925443
-0.883338172823707,15.6363018596174,16,18.3925871754914,-0.625423970423571,18.0411724523526
0.782586970590666,27.2215777792931,26,32.0077575908489,0.638683542844809,26.676601492358
-0.261253356391247,21.1786884796019,22,25.2769621088604,0.285457516939288,24.9432443253041
-0.600906621713463,18.2541748614197,17,21.7313874069289,-1.00981629313878,14.4547628714204
-1.38073912887017,11.2927105599907,13,12.4128305279145,-0.963177172460918,14.8861458473049
-2.65976920995381,4.28310128326856,7,0.732315203626792,-2.23676313929725,5.79728685856993
-0.934956723291428,15.1567753174924,16,17.7631847301335,-0.971187936428419,14.8117868488218
1.68319559191233,29.5349272945666,28,34.5100426248033,2.18242144304275,30.2842711342426
1.64304422377336,29.4665781698595,31,34.4319170505149,2.30524563185391,30.4161133342234
-1.73710500842192,8.76338090375419,9,8.47826924455177,-1.65539271838488,9.2271877096028
-1.44662784148855,10.7859748910486,8,11.6594745063207,-1.05462931781233,14.0443600650222
0.679839053030647,26.8203141149266,27,31.5809084025071,0.762244196276597,27.1731624329359
-1.58296632107014,9.79609653712281,10,10.1390112809277,-1.11651673399077,13.4858413445977
-0.97553768418021,14.7820402195318,12,17.2670860972404,-1.00533336156072,14.4960545002567
1.73529585371509,29.6200837396753,31,34.6082395564836,1.86094435067639,29.8698423150528
0.166670073776751,24.2163202587008,24,28.7536650654723,0.123845066058609,23.9768735768847
-0.292189720745625,20.9287726414501,21,24.9815801126128,-0.230939829614719,21.4455051633779
-0.275241467369588,21.0661548006618,20,25.1441326054343,-0.418768532644324,19.8889860466284
-0.872987653242293,15.7327229072688,11,18.5184365157303,-1.09238447106445,13.7023729614502
-0.879188024156148,15.6749547982574,16,18.4430651757883,-1.21284071527917,12.6400982353768
0.745404788964355,27.0804723361244,29,31.8577886521357,-0.00812680298022797,23.1011265556203
-0.754269022377162,16.8400351790158,16,19.9475507078287,-0.435990354331489,19.7397766145342
0.280120695298686,24.8857401647437,25,29.49250130599,0.224543363249048,24.5924979332396
-0.242682369828388,21.3268814742053,19,25.4514398063368,-0.144804925412721,22.111420694508
0.864773706815265,27.5176815988535,29,32.3221984281371,0.550702375796333,26.29021860499
0.57853289148267,26.3885334683898,25,31.1198314795252,-0.104420738620459,22.4125232121871
-0.960494243765843,14.9206699801985,12,17.4510604636741,-1.26938622469587,12.1592119139657
0.177739768436075,24.2841281361238,22,28.8289322922712,-0.133172356223735,22.1988900440421
-0.341018794590482,20.5267881222645,22,24.5034666455628,-0.24551464959357,21.3297105843946
0.0585448054545333,23.5252828059278,20,27.9809326702933,0.120912591218101,23.9582678475715
0.293032071877708,24.9583750489277,24,29.5721142983801,0.353841140877989,25.3180347186748
0.409766138411095,25.5830411206141,25,30.2525580580509,0.3563059583108,25.3311755560906
-0.869242246268686,15.7676291631598,15,18.5639391684695,-1.24259722902757,12.3854992199978
1.31642232780512,28.8096129688336,31,33.7033583571528,1.79711720434178,29.7734944674886
-1.31746421615427,11.7970827722305,12,13.1477321085974,-1.30555449649173,11.8582469915104
0.861275924574852,27.5055101938698,29,32.3092763512271,1.86948592237036,29.8823460960949
-0.112576187753301,22.3249143200437,21,26.6133993328123,-0.0699666978356507,22.6636871655811
1.30245132286284,28.7769939841235,29,33.6679376952473,1.4170074305118,29.0763480523872
0.345044223281007,25.2437687987896,26,29.8839159339285,0.344235383272898,25.2665805794797
-0.700151160546266,17.3426593827369,17,20.5867787581561,-0.724389817945189,17.1229171964136
0.863505786495447,27.5132738858602,29,32.3175188703054,0.503673312032051,26.0718490341445
0.818048440573867,27.3519586824854,30,32.146241328174,0.759125636328482,27.1612607553685
0.256029655021227,24.7482899518052,26,29.3415546840372,-0.165374162755191,21.9553041351277
1.07150254031319,28.1739620123205,28,33.0200088176512,1.00113258473287,27.9959917863789
-0.284950512266765,20.9875911685084,23,25.0512279009858,-0.605166006766653,18.2270854773275
0.636628766747818,26.6406789205108,29,31.3893510846916,0.752482886094665,27.1358033419936
0.284554748096406,24.9107654057654,22,29.5199426964752,0.112527045739558,23.9048506678208
0.204629747177071,24.4465872169299,23,29.0088658725812,0.188920795586212,24.3798625539307
0.347069005365167,25.2546472608624,24,29.8957696732867,0.288972538949978,24.9629942345245
-0.0924170518712283,22.4730634624876,23,26.7839427173852,0.0861137271254598,23.734524928443
0.790726587255146,27.2518627582115,29,32.0399308858587,0.368458360764165,25.3955944791722
-1.20543546780784,12.731145462577,12,14.474494213636,-1.16484123650685,13.057620706741
0.287230974927249,24.9258287597771,23,29.5364543307024,0.655715921916582,26.7481736783589
-1.22640936415845,12.5524648736135,12,14.2238101551158,-1.39659310130856,11.1247256265546
0.593908361576271,26.4564733096373,27,31.1925327241917,0.34701572179193,25.2815134434758
-1.0439878639226,14.1566046567948,14,16.4302005041358,-1.09731251252342,13.6580186010412
0.58261939584059,26.4066763517522,28,31.1392519143913,0.946038889093455,27.8210553638227
-0.425936336565969,19.8070787381671,18,23.6382462985977,-0.373839354646488,20.2734313501498
-0.666355790077384,17.6548373567777,15,20.9809013491145,-0.962759804463884,14.8900227325911
-0.983445567087646,14.709317332848,13,17.1703615351389,-0.616567994092866,18.1225480568615
0.158377255298366,24.1651662036936,25,28.6968186626669,-0.248177230391223,21.3084615038666
0.619424039022716,26.5672944079683,29,31.3109918793486,0.596879284556566,26.4965400933175
-1.61321777384132,9.58662776773994,9,9.80838791367173,-1.46001691611232,10.6344353970697
1.34186576207108,28.8679750629162,29,33.7668652523028,0.272463952978215,24.869775945864
-1.01065290417306,14.4599897439111,14,16.8375966441684,-0.83159227605066,16.1174174706103
-1.02111462282088,14.3645124208959,12,16.7096861766743,-1.21818279863399,12.5941451867413
1.18611182059865,28.4888491732799,32,33.3569662713852,0.520902565785516,26.1528295252126
0.174486602705836,24.264257063077,24,28.8068854171414,0.0491897276463828,23.4911430219373
-1.43269299874803,10.8915717632709,11,11.8177800561213,-1.23519387150172,12.4485285140219
-0.0248082714583574,22.956852875052,23,27.3373911051929,0.202108231658385,24.4592323075698
0.558684098360988,26.2995209311259,26,31.0244853244129,0.988930366061303,27.9579677777803
-1.59636785749237,9.70286713421228,8,9.99225209564887,-1.37090380068264,11.3281707556577
-0.747106658458834,16.9067050623737,16,20.032673907907,-1.16145313836489,13.0873958563603
-1.75946217270641,8.6202748499913,5,8.24220030648538,-1.88320246077507,7.75644137771843
0.601065649446218,26.4878005885817,26,31.226034994951,0.701284404455836,26.934678962364
0.51208362519453,26.0846592363727,25,30.7938617497602,0.165416610663868,24.2364889973546
0.596957759993022,26.4698435707508,26,31.2068328146407,0.57949296456245,26.4197833443452
-0.804058209037416,16.3758159115093,16,19.3519751692526,-0.899706119758155,15.4782988530979
1.29837103209426,28.7673899040566,30,33.6575183219488,2.10538706562735,30.1947007593082
-0.00687355185041403,23.0817826057953,24,27.4794496342298,-0.0148194640465759,23.0546166335345
0.957697726558137,27.8276358243665,26,32.6513720578468,0.548200814962018,26.2788146102022
1.2351808069818,28.6140662234692,31,33.491718391598,0.996450589672195,27.9814498125883
-0.965774370384929,14.8719709059035,14,17.3864930047132,-0.67478273496832,17.5850183625992
0.565873452749953,26.3319328323807,27,31.0592162687945,0.794517713607351,27.2944827771235
-1.61193227438621,9.59545780363746,12,9.82238948969191,-1.65483339387122,9.23100866965425
-0.381868786983092,20.1837134566059,18,24.0925007254231,-0.0910079115595316,22.5109301077869
-0.0685797872635232,22.6459427950863,25,26.9823234116083,-0.0010424598137138,23.1501378237396
1.40696585161671,29.0113669933717,30,33.9237011514332,2.49250263123479,30.5942298485383
-0.21111242682145,21.5755836578464,20,25.7431234521992,-0.0259352614957839,22.9769214712499
-1.05383625985227,14.067466237161,17,16.3099642348953,-1.19682793301088,12.7784709675863
-0.215053480251758,21.5447607421228,20,25.7070505288156,-0.141491105034627,22.136398979662
1.43459649313108,29.0697397426838,28,33.9879153370723,1.41946971422322,29.0816440082499
-1.73959762514537,8.74734814964689,6,8.45189016873119,-1.73181152588212,8.71532422997394
-0.318215912195375,20.7156372720727,20,24.7285406753881,-0.240244890820744,21.371679983222
-0.643841842094272,17.8618633215651,15,21.2410537347804,-0.885962366849889,15.607057805843
0.285991112499101,24.9188539249403,26,29.5288094596463,0.360585837226626,25.3539329555071
1.03023156631619,28.0524141505087,33,32.8904645439387,0.6445211407344,26.7012473452812
-0.987605466337819,14.6711059339294,13,17.1194787819725,-1.04016973046193,14.1762875713978
1.26579605728906,28.6894388832,27,33.5731027528414,1.35041510564913,28.9287074202602
-0.0926455010759626,22.4713945553,22,26.782024320108,-0.151258974591165,22.0626345346045
0.442907176521206,25.7501026861621,24,30.433312138414,0.231018757269576,24.6305509175262
-0.0503758891874763,22.7762777439573,21,27.1314356642508,-0.318911867832079,20.7334200968913
1.59004302442623,29.3725515971802,30,34.3253414479178,2.70805599790052,30.7704044338894
0.0882096765712484,23.7200760889949,23,28.1998115266766,0.385554771026897,25.4851848088505
-0.435913138302049,19.7209110994783,20,23.5338673858817,-0.179332587307643,21.8483148679556
-0.693582421544937,17.4034561987605,16,20.663707741806,-0.27641912629056,21.0812813269587
0.765902619361168,27.1588250058737,25,31.9410773770289,1.74059482273487,29.6837021646007
-1.06689081249668,13.9496832338631,12,16.1507032740423,-1.27665700891451,12.0982854394204
1.83208038589771,29.7683105386739,31,34.7817718481901,1.34351080958468,28.9129018622523
1.20638826528137,28.5412622755064,28,33.4133069525362,0.503515614355763,26.0711025451164
0.723729344187158,26.9960896161023,24,31.7680430454399,0.633459790705881,26.6544445818259
0.35448765798757,25.2943580130675,25,29.9390213866888,-0.0864026770321745,22.5445327854862
0.957523495060109,27.8270782243977,26,32.6507795032091,0.542081835529229,26.2508203237204
-0.589831232758915,18.3547780544715,18,21.8565686206749,-0.664865404226054,17.676997289112
0.400572824360286,25.5359054047867,25,30.2014690738323,0.654863056517307,26.7446141708118
-1.34157478029637,11.6028588953129,9,12.8664027183282,-1.28341708293585,12.0418288932012
0.420949633263366,25.6399149649104,27,30.3141487429739,0.0571143067475104,23.5438968012741
0.558993710049903,26.3009207772985,25,31.0259856356658,0.805238522075263,27.3340462260785
-1.20919134026538,12.6990256756532,13,14.4295322523401,-1.06292644725933,13.9688874225539
-1.22396199883669,12.57322767728,11,14.2530110168919,-1.58509564901447,9.71638053083301
-0.491566612168799,19.2345355145248,18,22.9415415839572,0.127847957172368,24.0022084698766
0.583318894565047,26.4097756829538,27,31.1425690437523,0.445565541319007,25.7902049122796
-1.80221672352983,8.35085155072418,6,7.79412532334047,-1.75490085072234,8.56449852430184
0.944037290325201,27.7836548265994,28,32.6046401588171,0.673917293395574,26.8235317828622
0.284571816905812,24.910861576503,24,29.5200481280779,-0.0466125012650012,22.8309126032558
-0.901618171415101,15.4661989525261,16,18.1699963030177,-0.307884889905025,20.8243764527689
-0.640309194392408,17.8942710422191,16,21.2816902352668,-0.668264465341671,17.6454895570613
-1.12982046813963,13.3885487901589,12,15.3855966362751,-1.31646928050989,11.7684723216058
0.799261702514203,27.283389025505,29,32.073418550129,0.569107018518308,26.3733998766643
0.665682600013903,26.7621912256796,26,31.5189654917249,0.845215109542308,27.4783973487955
1.66300755321912,29.5008646924261,31,34.4710349878615,1.05949764416177,28.1723649220881
-1.16278622392267,13.0995001647422,11,14.9870838290869,-1.01032459755059,14.4500834787389
-0.392055292798561,20.0972402268379,20,23.9884918914298,0.280433020454525,24.9149209393785
-0.664445803747343,17.6724319037244,17,21.0030486176489,-0.47425458533416,19.4047921768745
1.0168358851527,28.0119886678291,27,32.847425468886,1.30005350328128,28.8111924101372
1.19760386980922,28.5186724978356,29,33.3890137354418,1.31868976562638,28.8552844142789
0.342554462158331,25.2303685190937,26,29.8693111717559,0.132806179442275,24.0334901097702
-0.890760559844078,15.5672022767511,15,18.3022542998635,-0.882940744073819,15.6353842756239
-1.1650974369179,13.0793726193503,11,14.9592153577158,-1.36146299752214,11.4036399680278
0.141020478661093,24.0571120841589,22,28.5765556672168,0.513689336654046,26.1190650112861
1.51296657758286,29.2276570755434,29,34.1628932692584,1.31801399051071,28.8536981353784
0.537614811212971,26.2034060275833,24,30.9214046821271,0.359417475349533,25.3477279989771
0.689896604521543,26.8611814958915,26,31.6244417141126,0.592178024890873,26.4758944941788
-1.08281068116763,13.8066551133144,14,15.9567013157658,-0.74393967393755,16.9400536228838
-0.0787026518657166,22.5728324381665,21,26.8985114201208,0.0073515468908859,23.2079158657231
-0.540647338929226,18.79818083677,16,22.4055818898421,-0.707950312235288,17.276390130218
-0.0897754623845734,22.4923446367522,23,26.8061017002668,0.28098086902468,24.9180144679596
1.02351483574405,28.0322048473966,29,32.8689461082333,0.648171952635407,26.7165994236903
0.855822833917782,27.4864598761732,26,32.289051036341,0.903401788237838,27.679795903157
-1.34658628226904,11.5628017202275,13,12.8081260930371,-1.24682198510121,12.3496260802292
-0.173977857369524,21.8628280453639,20,26.0782477916892,-0.29657211618127,20.9171941535738
-0.402531794051088,20.0079317998222,19,23.8808942265636,-0.157420387252268,22.0158905704282
-0.170163990080562,21.8920002460763,23,26.1121770051495,0.348535826839592,25.2896640514453
-0.649225082726331,17.8124375295638,17,21.1790323978175,-0.508938606066414,19.0972568847686
0.18822581113407,24.3478605589558,23,28.8995865168088,-0.175883200796057,21.8748323152211
-1.08639225051529,13.7745728905625,13,15.9130922998342,-1.18154650470436,12.9113860077252
0.691397748511602,26.86725096639,27,31.6309057620376,1.71017694727436,29.6335563649822
-0.349507590317059,20.4559926026731,22,24.4188812539546,-0.416349130152074,19.9098674916523
0.321120669793808,25.1139261896536,24,29.7422564377672,0.363783056582414,25.3708837571456
-0.489282368131337,19.2546810639127,19,22.9661818534445,-0.696343084204028,17.3845618545232
1.53357465887868,29.2673780206489,32,34.2072293701591,1.36164265353502,28.9542067153629
0.919182575768163,27.7022523323192,28,32.5181739574544,1.11678865645567,28.3369498612003
-1.50437525820704,10.3572549421839,11,11.0092481604934,-1.29900898793407,11.9123194332673
0.691433190296701,26.8673941711193,28,31.6310582723713,0.687950785846934,26.8808481843644
0.197450919890923,24.4035276195885,24,28.9612290085488,0.497250744470227,26.0413688339626
-1.48688997627904,10.4855684597383,12,11.2051478306277,-1.76923467304701,8.4717237192297
0.12683469272411,23.9678025814646,25,28.47696492772,0.0777567679880773,23.6799800256207
1.57491436813773,29.3448906446958,32,34.2941712229281,1.48588654044622,29.2202838145462
0.166932114864636,24.217931678905,24,28.7554548920533,0.0211042071228984,23.3018897916265
0.889869842223329,27.603917830133,26,32.4137554877804,0.714801525772981,26.9886326879214
0.37769939863695,25.4171199243054,29,30.0725411307328,0.152170217192848,24.1546037561424
0.524877935273483,26.1444801417105,26,30.8581407200025,0.548953853764291,26.282250004351
0.697140193224407,26.8903968591731,29,31.6555532381712,0.543083548189998,26.2554128241561
-0.764111477374984,16.7483616366827,15,19.8303353033914,-0.630183915515699,17.9973713280745
0.538596493529712,26.2079218681554,25,30.9262508294153,0.515327993223506,26.1267529483481
-1.01095550056465,14.4572249243699,15,16.8338964339599,-0.818500277977989,16.2404161054183
-0.0288402861274121,22.9285692455233,22,27.3051807674661,-0.252830264357834,21.2712570342928
-0.45527841509063,19.5527488148131,23,23.3296793266252,-0.441537874536641,19.691502878398
-0.220604830574079,21.5012347789668,22,25.6560738178828,-0.107913594561274,22.3867655986998
-0.624211377937944,18.0416665598709,18,21.4662127399624,-0.33172638884921,20.627126597294
0.595685165641489,26.4642679856931,26,31.2008697611916,0.758582939623616,27.1591863630811
-0.798037185705433,16.4320021195684,16,19.4243287137766,-0.816340143826568,16.2607103352684
0.0253698263703506,23.3027695575638,23,27.7298772551437,-0.261292092175406,21.2033701030812
-1.04636132104019,14.1351007294532,12,16.4012172842911,-0.83014179928467,16.1310442685735
-0.120233861889937,22.2681736004699,23,26.547949261301,-0.226853461244108,21.4778115464998
0.446822143814822,25.7695443859507,25,30.4543155711278,0.218545817023402,24.5570890275003
-0.923539579664826,15.2626052820195,14,17.9026050507798,-0.93527064962877,15.1459094515641
0.362024486612814,25.3344651644419,27,29.9826744150983,0.395900793369525,25.5388162669301
-0.968441225674675,14.8473909083168,14,17.353878850515,-0.919376066186339,15.2943004474068
1.11215486228143,28.2893767011031,28,33.1432511353293,0.996678820712952,27.9821600619188
0.487098902234922,25.9660053485792,27,30.666199189375,0.647200749596195,26.7125200046816
0.461643439908319,25.8425900756295,26,30.5331711319689,0.46160158323307,25.8692592690389
-1.04845219441655,14.1161683536412,13,16.375688056934,-0.720495305525146,17.1593013110224
-0.83510976071338,16.0860053697839,16,18.9775795684458,-0.879081471166174,15.6715719520998
-0.669693461030003,17.6240778806968,17,20.9421658040897,-0.299497511176989,20.8932406879494
-0.153637327275311,22.0176969681067,22,26.2581480896985,-0.072867479856392,22.642745500625
0.761558620861651,27.1423364256435,27,31.9235532134775,0.515647062250484,26.1282486961065
-0.0241684055469439,22.9613347260106,24,27.3424935303951,0.274795188587196,24.8830107894886
1.10698736136161,28.2749380650995,30,33.1278187751354,1.14450999242349,28.4136695790255
-0.65680701591115,17.7427427083326,16,21.0914830038092,-0.459002751055561,19.5388730559914
-0.238310310006351,21.3615670199349,20,25.4922048211235,0.223989138011811,24.5892324627991
-1.31211862943023,11.8404803449386,11,13.2103185378791,-1.64328965306927,9.31011847420058
-0.199492193984067,21.6660897627775,22,25.8489195637685,0.00745922518604761,23.2086549715641
0.773290258116441,27.1867237020668,28,31.9707247398168,0.569488796833577,26.3751119750205
0.966940023421491,27.857090851399,28,32.6826766796972,0.335248428153326,25.218090771575
-0.448311395718075,19.6133845479462,19,23.4033791082444,-0.492559263346952,19.2429319703022
1.53914822548603,29.2779958608406,32,34.2191050416213,2.2407555161537,30.3484958225392
0.284137366659112,24.9084133648449,25,29.5173641054235,0.393081449046809,25.5242449562594
-0.811260335282045,16.3086000962502,14,19.2653200656521,-0.856333203003657,15.8850413158181
-0.654409120208243,17.7647948664125,17,21.1191963965992,-0.878361300116744,15.6783258809803
-0.23302444114713,21.4033983392937,22,25.541331421757,-0.0938189737392557,22.4903723390549
0.272155876493175,24.8405749167402,26,29.4429434798399,0.0812912567325892,23.7030877019029
0.71176386557077,26.948826136932,29,31.7177517643136,0.196924633619591,24.4281260763662
-0.552462036877378,18.6921965233182,18,22.2747567698073,-0.696396260626322,17.3840666695217
0.184105926566179,24.3228785679661,25,28.871901577239,-0.0698587582567842,22.6644656879799
0.700305345648766,26.9031057642991,27,31.669084551783,0.783987723454231,27.2552674223025
0.293881505501129,24.9631285615494,25,29.5773208044089,0.638978823824282,26.6778510482507
0.203770205872261,24.4414435290415,26,29.0031774594187,-0.207981414421094,21.6261000465311
0.396527188857388,25.5150528199976,25,30.1788547278973,0.469486195388851,25.9077549585369
-1.01465770184916,14.423413313614,13,16.7886274259912,-1.38463791356806,11.2190555778819
1.14698713016899,28.3849753914314,26,33.2455482857059,1.21410900268151,28.5982635071798
-0.171288752807663,21.8834033742584,19,26.1021802933407,0.167744543624659,24.2507987682894
0.993002169719513,27.9388575973866,29,32.769614453786,0.62472539708876,26.617179474693
1.42565255450475,29.0510027812976,30,33.967278126026,1.61496725660333,29.4678581560092
0.786166707383702,27.2349233565587,26,32.0219358137008,0.992921508251065,27.9704493764021
0.354986642344569,25.297020703119,25,29.9419204309333,-0.0542216875355234,22.7766969236823
0.49662757747827,26.0115454788843,26,30.7152234477769,0.427911470775241,25.7019864142124
-1.53458900234167,10.1385464608789,10,10.6727237769794,-1.17956318360767,12.9286970784677
-1.23288228500829,12.4976623341609,11,14.1466441325945,-1.53377208417577,10.0854450137168
-1.9493069808899,7.46307172336324,7,6.28895265906928,-1.79386219355808,8.31382634781474
-0.116082438053413,22.2989658760086,23,26.5834770691359,0.0549735978729237,23.5296741472659
-0.590619488424733,18.34762660499,18,21.8476775484945,-1.33828492334686,11.5905199289219
-0.678255947179292,17.5450921309012,15,20.8426005910791,-0.82310156963008,16.1971868805606
1.25598804669894,28.6655177755126,29,33.5472495134316,1.01571929878379,28.0409179980747
-1.10152183460454,13.6394506126784,13,15.7290400972773,-0.818695316402207,16.2385837280632
-0.260353237313678,21.1859032133025,21,25.2854681525067,0.0398589332337294,23.428663836222
-1.00927093035041,14.4726192114858,13,16.8544960317171,-0.852414209608637,15.9218394819493
-0.0204330802865209,22.9874618775142,22,27.3722293347729,-0.448829163087512,19.6279020901366
-0.0665532045782519,22.6605250662923,21,26.9990256745157,-0.0381139797668071,22.8911567397535
-0.638052857103497,17.9149587681432,17,21.3076184787366,-0.688132431094535,17.4609758298148
1.44883047424329,29.0992509766164,31,34.0204698142729,1.53260246192767,29.3131030307388
0.88543048292531,27.5888018305277,27,32.3977062504226,0.772002267548049,27.2101987005642
1.69177353474904,29.54921782098,31,34.5264524670209,1.37184142188427,28.9771532434417
-0.549463934706418,18.719124055645,18,22.3080196123777,-0.576147888306228,18.4918705196794
-0.542768179144248,18.779181504661,20,22.382148078693,-0.783740391200583,16.5668815155315
-0.686117976344978,17.4724764583749,18,20.7509404368657,-0.759740167731622,16.7920278227693
0.244220390100473,24.67999378401,24,29.2664091530831,0.158331552877951,24.1927886592794
-0.737943117138518,16.9919456912744,18,20.1413587192802,-1.00580151401945,14.4917405600997
0.0800336328778697,23.6667819587414,24,28.1400109235693,-0.0868433530871461,22.5413214323445
0.827224648801851,27.3850430996573,29,32.1813727016121,0.319653915481147,25.1331416703943
-0.17689648963898,21.8404618294846,22,26.0522212075298,-0.0418541375730273,22.8646836678356
-1.10611020738121,13.5986036465746,13,15.6732785175772,-1.00005503015229,14.5447228160927
-0.254417699787656,21.2333971401435,21,25.3414329023961,-0.0395684818702169,22.8808691716567
-1.25787336885718,12.2876263922047,11,13.8496399058631,-1.56781903224684,9.8394614071648
-2.54561388687153,4.62032030382927,6,1.34576484756897,-2.14731490913787,6.25070160748817
-2.37682936168151,5.25808407594517,3,2.46828564730941,-2.10312587222486,6.48652063196923
-0.355703016867587,20.4041571599183,19,24.3568765173052,-0.354223813828259,20.4390005904252
1.67657443265307,29.5238224895351,31,34.4973093777329,1.41901463209996,29.0806660617532
0.225556677094427,24.570817031273,23,29.1460834666646,0.368339166754871,25.3949656217215
0.893486755776832,27.6161896651532,30,32.4267852556699,1.58744207552484,29.4173644492774
1.03148311212601,28.0561664198415,27,32.894460463968,1.31966359491749,28.8575686779065
-0.294812928727082,20.9074087259008,20,24.9562632196513,-0.413802264824612,19.9318274392568
1.63228685665628,29.447849912222,30,34.4106093068544,1.43444423680989,29.1136075093452
-0.200316895279407,21.6596849885065,21,25.8414389401634,0.539386622161104,26.2384448833431
-1.14570262332646,13.2488409544652,14,15.1933730919109,-1.71917756661081,8.79858709076888
0.393163154895435,25.4976621610741,25,30.1599887265374,0.627116031111702,26.6274061974644
0.861976906735969,27.5079524408942,30,32.3118692250676,0.642339778825119,26.6920519592634
-0.915800921206127,15.3344220009947,19,17.9970488074625,-0.896204374950564,15.5110913104896
0.0908715619511525,23.7373625355379,21,28.219194991536,0.114494837000424,23.9174141819411
0.433237746531864,25.701819759476,25,30.381122358655,-0.0233176680993825,22.9952676676648
0.373301020330439,25.3940302151861,27,30.0474496289901,0.675907615111582,26.8317022084724
-1.15208208158707,13.1929577931801,12,15.1162795250003,-0.989525067530182,14.6419702037568
1.05066803741916,28.1131627244557,28,32.9551817298028,1.81899602325807,29.8071090083737
-0.78303980208013,16.5719109629251,15,19.6041725084991,-0.790835755153715,16.5002678780378
0.648586775212002,26.6910558114434,27,31.4431067410357,0.368148327660884,25.3939586481706
-2.30495461393934,5.57758981944114,4,3.02402526550567,-2.15171979469317,6.22760059859279
0.314548723686067,25.0778330737287,24,29.7028202361027,0.139582648691333,24.0760649003208
-0.378278952604482,20.2141012408277,21,24.1290102986824,-0.551231141035805,18.7176655079262
0.811574877213924,27.3284580177197,27,32.1212847864578,0.59979282868715,26.5092944012635
-0.0860073699052778,22.5197952380375,21,26.8376348517376,0.00274677003969785,23.1762595033955
-0.518966505786799,18.9917389583132,17,22.6438530423983,-0.55099269894454,18.7198188509688
0.0504013534333486,23.4711192761591,24,27.9199228634722,0.0293010839623523,23.357493086129
-1.05553966799394,14.0520728716932,12,16.2891751909598,-1.21938994707225,12.5837759227825
0.369937241321492,25.3763174650237,27,30.028194499574,0.354025695287976,25.3190195236525
0.362938077643502,25.3393106883365,25,29.9879462715349,0.274680004658,24.882357420156
0.547482530948014,26.2486312120348,28,30.9699242302479,0.597329143083841,26.4985114130305
-1.0544602150534,14.0618268335214,14,16.3023489815314,-0.755843158321823,16.828553546051
-0.0335312120382361,22.8955724329408,22,27.2675800907031,-0.39406152845615,20.1012774289409
0.0164510054212501,23.2421078243299,23,27.6612428604007,-0.109838402562064,22.3725482038091
1.31015655607553,28.7950345403969,28,33.687521457328,1.40420220130075,29.0486216600736
-1.65017538913402,9.33539315317919,7,9.40763453983373,-1.50829902976859,10.272523295465
-1.65320780500782,9.31500037728034,9,9.37490403128716,-1.72953832503178,8.73026685736611
0.302091893850759,25.0089153378709,23,29.627447862544,-0.443757338444432,19.6721611515513
0.33512449196946,25.1902239843109,23,29.825537574053,-0.052554169571585,22.7886003203025
1.11295639449334,28.2916102928304,29,33.1456388493696,1.1016800798485,28.2943447944993
0.114090484496866,23.8868031627402,23,28.3864912006324,-0.107588438669256,22.389165705564
-1.15891435833737,13.1332601633326,13,15.0337923933947,-1.20179893954848,12.7354144194791
-0.307775461666364,20.8014489054452,20,24.830543261401,-0.269248608263402,21.1392698564777
-0.653323515737307,17.774775517389,17,21.1317356715534,-0.714006815968666,17.2198836225274
-1.21237450351996,12.6718452617327,14,14.3914501907523,-1.72151812877127,8.78312216426245
1.2142001356814,28.5612018114763,27,33.4347640358386,1.85787162971135,29.8653221707934
-0.471150318919293,19.4140525895129,20,23.1607876358202,-0.382661607411642,20.1985068632055
1.15054755174714,28.3945798067401,29,33.2558379362733,0.527443373098254,26.1832743109563
0.339002800182589,25.211207739984,24,29.8484221336997,0.207752703019661,24.4929693134958
0.946952287183836,27.7930847567015,28,32.6146589009938,1.53557161319654,29.3188759333701
-0.054366816752039,22.7478293316972,24,27.0989215327931,-0.143930326244971,22.1180177581952
-1.83317581084813,8.1590902510756,6,7.47248456202203,-1.97790559669253,7.19130076501412
-0.348583221117943,20.4637145509498,21,24.428112877994,-0.322045672332725,20.7074844573132
0.494572194613538,26.0017523682888,26,30.7046839149685,0.348572548698582,25.2898608296567
-1.92643837554202,7.59731133480969,7,6.51890929089261,-2.18628871221476,6.04899833540155
0.649806528635777,26.6961656322782,28,31.4485576824699,0.593928851817605,26.4835927061236
0.531786587385552,26.1765196142095,27,30.8925453928063,0.215019355875094,24.5361954006762
-1.15730762367841,13.147284872367,11,15.0531833029553,-0.894527987729455,15.526793487922
0.0068250250332045,23.1762368544589,20,27.5866213374402,-0.313216883686127,20.7804546151783
0.0458476307789687,23.4407021005176,25,27.8856323975417,0.523669119399323,26.1657266470664
1.21244318845951,28.5567294612774,26,33.4299501452297,1.20264544685309,28.5686293507735
0.2466198089128,24.693919377812,25,29.2817391044588,0.383670485013272,25.4753697393489
-0.452846815059981,19.5739288542244,17,23.3554321042012,-0.0470977625225464,22.8274628788062
0.382985965791753,25.444766048601,25,30.1025710288192,0.0932487651934703,23.780845062913
-1.53121048191011,10.162815232757,9,10.7102306177355,-1.97819589886345,7.18960933430791
0.759250814303051,27.1335512932744,25,31.9142156592008,0.583010659620454,26.4354028743994
0.306061399544085,25.0309486178548,26,29.6515549186569,0.622980925482267,26.6097039884455
-0.644222651546272,17.8583685723934,17,21.2366702037853,-0.390585243549751,20.1309755514832
0.836277744282397,27.4174237730243,27,32.2157543241915,1.67417226812872,29.5724858335952
0.941479940537342,27.7753617547167,29,32.5958296838763,1.02261789737303,28.0619667475292
-0.220313195478847,21.5035245401773,20,25.6587566202129,-0.456861042375925,19.557642602735
1.4128706366764,29.0239633224197,28,33.9375386689397,0.42095390417614,25.6668746611775
1.80521012084034,29.7284065252519,32,34.7347005599521,2.10514170181576,30.1944064278463
0.443943430100682,25.7552547127208,26,30.4388786572465,1.77155863976334,29.7334268462067
-0.318644126596357,20.7121088699082,24,24.7243429299541,-0.226470046890072,21.480839186322
-0.301066945174137,20.8563672732584,21,24.8957352583062,-0.125794238279377,22.2540601833503
0.452125749328125,25.7957838717303,26,30.4826525479008,-0.042543905731411,22.8597945629634
-0.802566819419274,16.3897337348425,16,19.3699047407956,-1.14520473020271,13.2307209128752
0.852897063874327,27.4762009801489,28,32.2781593128402,0.471568353039969,25.9178799107176
-0.14216701094207,22.1042496677658,21,26.3584514425003,0.0427524431244404,23.4480809829252
-2.18997215786943,6.13891428824158,4,3.99849997756656,-2.44899133121913,4.87749934301556
-0.0837259397266548,22.5363851679715,22,26.8566837901722,-0.368229285674606,20.3209288082548
0.697194010841003,26.890613240115,27,31.655783633596,1.34825490922522,28.9237724931151
0.514570411453228,26.0963360172407,27,30.8064130668493,0.151344213873833,24.1494717108699
-0.661790210720089,17.6968855448722,19,21.0338181967884,-0.484957628518712,19.3102723042716
-0.0237162984153011,22.9645003472493,25,27.3460972027973,-0.191166656280086,21.7569499443563
0.17308941447972,24.2557083335725,21,28.7973980480202,0.0466443609096342,23.474138274736
0.0878641359994578,23.7178298009529,25,28.1972922593842,0.310058432177568,25.0803597679634
-0.758567577873386,16.8000056051632,16,19.8963921337122,-1.07733754775203,13.8382175036472
-0.230324772745647,21.4247189750564,21,25.5663549058198,-0.21278111538626,21.5885287408012
0.160194878485804,24.1764042943877,23,28.709312117276,0.445247971232638,25.7886290195651
0.669147402023303,26.7764820118273,28,31.5341987018221,0.365832800456732,25.3817285912835
0.202912102226764,24.4363052005005,23,28.9974944176371,0.233521379349421,24.6452085158707
-1.41852641281324,10.9997880303001,11,11.9792804698301,-1.43203059971222,10.8486804353709
0.913608968360103,27.6837505661364,29,32.4985252731402,1.52342174732595,29.2951585119196
0.0967688167883385,23.7755466909081,25,28.261988012301,0.425258475964904,25.6886209720009
-0.715686739964839,17.1986672777311,18,20.4042432911942,-0.639431128767102,17.9121565428066
0.735495481835416,27.0420916835127,26,31.8169752189092,0.68390897795459,26.8644100864492
0.493551011774844,25.9968806699233,25,30.6994403271581,0.74383726553363,27.1024531440541
0.450722904466168,25.7888542984009,26,30.4751701952243,0.734718514954167,27.0670102703524
-0.605610580539557,18.2113686792356,20,21.6780542834597,-0.305048642481178,20.8476943633496
0.757557459796032,27.1270939831318,27,31.9073520034469,0.439374146777778,25.7594083896584
0.703013110882772,26.9139507027988,28,31.680630136183,0.678795743800431,26.8435337925441
0.449579516370587,25.7832005166458,24,30.4690647967685,0.271994797921957,24.8671096336687
-0.455312671746768,19.5524502967958,20,23.3293162863713,-0.731550982071398,17.0559749176451
0.534088865830545,26.1871559006689,27,30.9039634431428,0.599579699144824,26.5083624568417
1.21106058776608,28.5532050484283,26,33.4261570592531,1.53098287687499,29.3099477991863
0.446707140365849,25.7689741580118,27,30.4536996300319,-0.188523619651153,21.7774077109533
0.563013087349608,26.3190607323279,26,31.0454249565193,0.472010859608617,25.9200294971926
-0.300024463342284,20.8648858673002,22,24.9058412526755,-0.41912285108783,19.885926311275
-1.15520276285558,13.1656708941224,13,15.0785928201478,-1.41880211967295,10.9511018827414
1.55531056143727,29.3084889927413,30,34.2532692100991,1.52408340098842,29.2964565655095
-2.15271788873917,6.33209607727528,5,4.33378775660933,-2.65007336130153,4.24112656054344
0.0911131006712012,23.738929532894,24,28.2209517567742,0.373801730094991,25.4237251477818
0.710157782292233,26.9424449088213,29,31.710960325884,1.14952486419249,28.427350309512
-0.476419899636155,19.3678358550974,19,23.1044123424273,-0.32461493028437,20.6861927050307
0.965619340812667,27.8528966696674,28,32.6782187427715,0.693682974208937,26.9040648474997
0.65555270480429,26.7201662888498,26,31.4741567296076,0.356989649086547,25.3348160691755
0.485234567792519,25.9570534632805,26,30.6565584795588,-0.0890676043835281,22.5250993423487
-0.849011799441903,15.9562853228053,17,18.809344079897,-0.926084254494751,15.2316384324137
0.728567594219054,27.015062400432,28,31.7882262532879,1.00887150309026,28.0198984442542
1.22413231769702,28.5863519839683,29,33.461847656496,1.12470913329114,28.3590606335215
1.45066292221554,29.103022907516,30,34.0246352516707,1.80858360503678,29.7911892105896
-1.05118726932276,14.0914190103172,13,16.3422980057907,-0.834547710217807,16.0896526922305
-1.75432097266924,8.65304516425088,10,8.29637958744001,-1.36117433928094,11.4059534262754
0.0552896296782523,23.5036677179885,23,27.9565932352324,-0.179064640195043,21.8503765735161
-0.637358071164012,17.9213272563035,17,21.3155982592313,-0.856393010329815,15.8844797843132
0.433466526633096,25.7029665009298,24,30.382362360628,-0.142320059518836,22.1301551603951
1.93452728133917,29.9122034846552,32,34.9539899052669,2.0548017369994,30.1327547662334
-1.09057823240415,13.7371222502284,12,15.862142322899,-1.31004586811943,11.8212456764347
-0.190439937424572,21.7362041096234,19,25.9307500380686,-0.524514115899407,18.958023515066
-0.0798793352923932,22.5643047821855,22,26.8887276127893,-0.0314286776177797,22.938318661795
0.485781864768375,25.9596828116189,25,30.6593902846747,0.0891480039999157,23.7542512944805
-0.433888886092449,19.7384202199832,18,23.5550906515701,-0.391483835773144,20.1233029274813
-1.23128301148106,12.5111872992362,12,14.1657006891198,-1.09208831166785,13.7050406918749
-1.73765162936202,8.75986329650202,10,8.47248313902852,-2.21244565681663,5.91716174573364
1.74778302649136,29.6399206353305,30,34.6312621193432,2.26678880708028,30.3762076759621
-0.0130139219769106,23.0391715320014,22,27.4310357394321,-0.167705262958342,21.9374952996671
-1.73177074196192,8.79775786863257,6,8.53477137344381,-1.63609843091019,9.35964317761965
1.93011264182661,29.906261385909,31,34.9467947450732,1.7402109903182,29.6830774855484
-0.863361768719754,15.8224484530187,13,18.6353387836055,-0.819860295678107,16.2276387673002
0.275247786066204,24.8581403779005,25,29.4622221769504,0.22947777595854,24.6215119153188
-1.20324634629478,12.7498909817028,15,14.5007143988574,-1.2352127198321,12.4483677795149
-0.513147445710426,19.0434767592841,20,22.7073994339668,-0.40105916074784,20.0413668820713
0.874787014283587,27.5523187151287,29,32.3589719408152,0.399593618461663,25.5578527892995
0.90269297281199,27.6472490481565,29,32.459764357136,0.690200427236275,26.8899731803963
-1.56489604763746,9.92291688120151,8,10.3376407138955,-1.3567598964341,11.4413769503352
-0.270782171512128,21.102113969594,19,25.1866086538646,-0.445033298862777,19.661034401079
0.610553536776302,26.529038225015,25,31.2701164922483,1.22749318397515,28.6324875534924
0.135393650004603,24.021794586297,24,28.5371930918188,-0.291133855590814,20.9616329233427
-1.30075283514258,11.9331541539256,11,13.3436424469978,-1.3775874450835,11.2749703856543
0.669178165475926,26.7766087079321,27,31.5343337436313,1.07666314366165,28.222547041691
1.04288350666034,28.0901535175425,28,32.9306632019088,0.892047699833437,27.6412891822005
-1.91227517019228,7.68113508160218,7,6.66213760449921,-1.64644840387699,9.28842383482879
-0.95380524524967,14.9824239711878,15,17.532843160421,-0.967689082706405,14.8442522366967
-0.247114904677373,21.2916370106826,19,25.4099896857106,-0.229138330575251,21.4597562414001
0.0776932756488272,23.6514716247785,22,28.1228198457344,-0.0516158124189655,22.79529318386
-1.9189971895813,7.6412858864398,6,6.59408455436389,-1.57677726545747,9.77549746782593
-0.036643904171703,22.8736231702699,25,27.2425547551143,-0.521391443518533,18.9859918332198
-2.24511192132235,5.86268584095207,6,3.51903602228499,-2.18399702217615,6.06068730593206
-0.0465188013384698,22.8037050051767,24,27.1627653642876,-0.0635026659001274,22.7102173721166
0.331941672869017,25.1729557478506,23,29.8066987188772,0.128180645615075,24.0043108674802
-0.463043206299363,19.4849925336823,21,23.247226299255,-0.319785158320856,20.7261964944504
-0.913931273505619,15.351782306732,14,18.0198585942631,-1.32511853096903,11.6976821861155
0.264009812425344,24.794098467497,23,29.3919038256956,0.158329844738685,24.1927780965595
0.387060710169881,25.4659959659586,27,30.1256218804528,0.582240174542728,26.4319856127977
-0.653945146721446,17.7690607045262,16,21.1245560935666,-0.670755700866896,17.6223855469877
0.494818553587547,26.0029270470344,23,30.7059482078175,0.542709958362116,26.253700489387
-0.0257781581277206,22.9500559626119,23,27.3296522020482,0.362775271297975,25.3655453385956
0.0862790086605988,23.7075183630119,26,28.1857263046312,-0.0603651420029876,22.7327347082124
0.0416267598020841,23.4124252614785,22,27.8537363697116,0.221849352612744,24.5766122984232
-0.392799396863119,20.0909094314008,20,23.9808706070348,-0.541954574240579,18.8013338429583
0.881019377092215,27.5737232403193,28,32.3816970584978,1.12195900296616,28.3514007715993
0.281743528364295,24.8949090526926,24,29.5025568980479,-0.331575427784022,20.6283824612212
0.15967589908195,24.1731970194442,24,28.7057468461795,-0.28904296470255,20.9786872830724
-1.45950393191447,10.6891467973479,10,11.5136833436697,-1.31586857082276,11.7734003852642
-1.149891609018,13.2121306666192,12,15.1427427624185,-1.0960101274123,13.669733922427
0.199772011488628,24.4174746810349,20,28.9766629287508,0.242520370134137,24.6976885090525
0.904399113153449,27.652977405387,28,32.4658470326343,1.42616195166704,29.0959804458356
-1.99728489520719,7.18588565184347,9,5.81216800885392,-2.38668095833838,5.12224416723104
0.119301991975934,23.9200140259393,23,28.4236039276395,0.404940169381578,25.5853155311067
0.949695073103021,27.8019353286485,28,32.6240625921796,0.883055968656683,27.6105242499579
0.307643465446448,25.0397113333386,21,29.6611397127717,0.318967193301528,25.1293771973755
0.562860938867722,26.3183751767204,24,31.044690379157,0.613605735702217,26.5693415182252
-0.422487193864577,19.8367928369072,18,23.6742012902501,-0.17534713593608,21.878948745019
-2.36064494154658,5.32769866505026,2,2.58953762184462,-2.04316854055884,6.81760275220946
0.391590102692218,25.4895141350246,27,30.1511475556304,0.25034168430391,24.7430136998268
0.861917209156482,27.5077445111035,28,32.3116484711387,0.247948870269947,24.7291754158391
1.49030306577113,29.18312191459,30,34.1133461892657,1.37183085134605,28.9771295663538
-0.469520362305002,19.4283312268229,18,23.1781949799583,-0.641591253731527,17.892228016547
-0.209581194524794,21.5875420359275,20,25.7571128200488,-0.451315404807823,19.6061756160376
0.557396532800535,26.2936955800645,28,31.0182415959383,1.26924121227854,28.7366936929416
-0.779972600205619,16.6005148710059,15,19.6408844426983,-1.1654761168527,13.0520455943494
0.294322931079772,24.9655975999454,24,29.5800249557949,0.0153153278389272,23.262437856619
0.715902778753155,26.9652300300025,27,31.7352085965322,1.27619907833286,28.7536930065929
-1.25968643350126,12.2724857339163,12,13.8281512337119,-1.51780334072514,10.2024138960745
-1.32016211785094,11.7752262522325,11,13.1161739956051,-1.33070873307554,11.6520946223808
-1.18688096224783,12.8905904702973,14,14.6970489194081,-1.54383155580976,10.0122877716805
-0.339254946620911,20.5414651135549,19,24.5209881654018,-0.435982665764977,19.7398434489947
0.252032422406242,24.7252407573144,25,29.3162045998186,-0.247735607387797,21.3119879635931
1.459959144516,29.122063271455,30,34.0456780775221,0.76591916156742,27.1871468932794
1.30715819574056,28.7880292164543,28,33.6799150541625,1.0472240583362,28.1360189633285
0.206240314236737,24.4562164578469,24,29.0195133714788,0.349148421416036,25.2929459701102
0.29883458974848,24.9907849073336,24,29.6076037734482,0.784180647109683,27.2559890907525
0.238469018506724,24.6465122096896,26,29.2295347066432,0.485515376548588,25.9852613302589
1.5720835529769,29.3396733626428,31,34.2883008237613,1.17034991506141,28.4835223065182
-0.188792253501978,21.7489292927152,20,25.945589537951,-0.273891474208911,21.1017464206218
-1.33022886161894,11.6939465098028,13,12.9985937224846,-1.45285587424919,10.6889413200124
0.852510552228953,27.474843743175,27,32.2767183484055,0.356429706366947,25.3318346336004
-0.894804826124782,15.5295690936044,14,18.2530061788198,-0.324961866915214,20.6833156458277
-1.95223296135725,7.44599456064439,6,6.2596508061343,-2.01499600563634,6.9772833825757
1.11464898837088,28.2963216915054,31,33.1506756980572,1.02233751549134,28.0611137276115
1.41280241256943,29.0238181646639,32,33.9373791485829,1.25902627691936,28.7115480453052
0.897444763940904,27.6295739360955,28,32.4409965093336,0.619322939494227,26.5939931278923
-0.770000770058867,16.6934805632088,17,19.7600700951274,-0.955947324205654,14.9533397889732
-1.03589623426727,14.2300168945686,15,16.5290380928142,-1.2128251656755,12.6402321490415
-1.37625816693892,11.3278587879706,11,12.4645091116412,-1.62428999638468,9.44137496202742
-0.893202542982615,15.5444773100734,11,18.2725199002115,-0.8654052783032,15.799879611774
0.0477255238771658,23.4532569886903,23,27.8997885029405,-0.170440777391562,21.9165668122921
0.10983600281191,23.8596010676792,24,28.3560752827365,0.0500571805348386,23.4969314879381
-0.270997772612148,21.1003772021253,17,25.1845578124613,-0.175132073773427,21.880599853364
0.0830140615598658,23.6862440451939,22,28.1618563063935,-0.585658713618948,18.4052936442042
-1.03949618309106,14.1973369048192,12,16.4850604141965,-1.07128467279918,13.8930350355911
-0.359703765450661,20.3706099743468,18,24.316715223776,-0.290754786329262,20.964726098377
0.15029764005036,24.1150334926372,23,28.6410527854461,0.331660622435011,25.198637590687
-1.00912536582702,14.4739497119899,15,16.8562760899138,-1.0453683712133,14.1287986908878
-0.783704108802603,16.565715321789,16,19.5962181359309,-0.97995473892553,14.7305279900073
1.82223466204273,29.7537972512583,33,34.7646196844973,0.675782732698453,26.8311899603069
1.46224998499825,29.1267310382233,29,34.0508408967742,1.6276650230468,29.4907498653769
-0.132161196996479,22.1792891293599,24,26.445273973355,-0.503598017441129,19.1448403830518
-1.10576655343887,13.6016607820525,10,15.6774539223927,-0.980195905532152,14.728294441841
-0.160713478846004,21.9640205693484,21,26.1958581015986,-0.196351487455651,21.7167310959475
0.506803794524913,26.0597880199263,29,30.7671207013006,0.0837806771159321,23.7193291056446
1.56976653168215,29.3353932259899,30,34.2834869331524,1.3418332502226,28.9090470781378
1.19734540080783,28.5180051187866,29,33.3882962806822,0.9808409232648,27.932535785695
-0.775172140071197,16.6452746118356,15,19.6982933450825,-0.583437118846414,18.4255353834733
-0.924178802792569,15.2566760607674,14,17.8948017024231,-0.934991683528451,15.1485113400068
1.44648332745722,29.0944105299085,31,34.0151259122109,1.59507316129747,29.431483978757
-2.14292763397039,6.38367336160519,4,4.42329338858787,-1.67491709855453,9.09450272123516
-0.433344308349533,19.7431283847353,20,23.5607963549084,-0.518413479250027,19.0126390562246
0.679212433832727,26.8177562525867,28,31.5781831427138,0.610642022677868,26.5565160405688
0.416593188975086,25.6178208469089,26,30.2902291104385,0.888343717145487,27.6286451396512
0.437909239245729,25.7251932980066,26,30.4063922501191,1.0549474466009,28.1589358539873
-1.33475866377641,11.6575139427009,9,12.9457749737171,-1.54275404599461,10.0201045788334
-0.385721256738832,20.1510522859127,20,24.0532363233986,-0.114920386626027,22.3349316969299
1.83088328666968,29.7665525590301,31,34.7796922367056,1.66157960245226,29.5506765481791
0.481904631492878,25.9410302013293,26,30.6392990079025,0.453599566399054,25.8299387708499
0.156968168175596,24.1564439319791,25,28.6871201918884,0.398534679663953,25.5523996616026
-1.46348780637394,10.6593326353901,11,11.4686698607138,-1.5026515208179,10.3143576547492
0.0089460625492561,23.1907868051621,22,27.6031125232227,0.30719341814838,25.0645243042445
0.190579163018597,24.3620970721668,25,28.9153574466855,0.575524921481537,26.4021092929411
0.424893342675782,25.6598492679275,25,30.3357226664612,0.575225559614554,26.4007735429919
-0.296602335720322,20.8928201326838,18,24.9389692900478,-0.518562749650969,19.0113039489854
0.466759361023092,25.8675998508964,24,30.5601493583043,0.153827766149272,24.1648930875702
-0.146465687154162,22.0718789190675,20,26.320957978245,-0.343889028743345,20.5256586865705
-1.71168898509399,8.92799914801217,9,8.7480973319257,-1.61472402454358,9.5079623818357
0.549609741763257,26.2583319320854,26,30.9803276817996,0.574890426601603,26.3992777888181
-0.681421505806691,17.5158644924135,18,20.8057219692941,-0.671159472810737,17.6186400215983
0.565475707463227,26.3301447589144,27,31.0573006460257,0.720579351736761,27.0115065918986
-0.151403248287724,22.0345991532088,23,26.2777489789416,0.21229646012388,24.520025335501
0.0184479203542429,23.2557208642723,21,27.67665219747,0.344429480051226,25.2676241020955
-0.2315505601265,21.4150420109839,21,25.5549985912986,-0.0233557531118861,22.9950009590495
1.28018975853691,28.7241643551535,28,33.6106752988356,1.10585993462771,28.306188172166
0.946556293933226,27.7918051621804,27,32.6132993769211,0.495081820389222,26.0310394380968
-0.326986800147879,20.6432287946899,22,24.6423391962888,-0.772055460838837,16.6765365122499
-0.60036871409093,18.2590669225712,19,21.73747990182,-0.895775826198707,15.5151051780308
0.843507669872467,27.4430992281561,28,32.2430150340989,0.684338531361105,26.8661597582068
-0.915508090354634,15.3371407962211,15,18.0006215622597,-0.557860752664185,18.6577369052854
0.830587186704184,27.3971000980096,27,32.1941750107625,0.955833989324588,27.8527741512844
1.02354231618917,28.0322877777969,28,32.8690344001315,0.829838896558242,27.4234630381699
0.579372274090855,26.3922651645144,25,31.1238263116523,0.599798921072752,26.5093210387997
0.128460876309207,23.9780860900044,24,28.4884410706324,-0.399506922100161,20.0546712935732
0.679333652738285,26.8182511758998,26,31.5787104609528,0.383670485013272,25.4753697393489
-0.229680298370523,21.4298043040798,22,25.5723218884566,-0.438983547568792,19.713742842451
-0.705059136861544,17.2971994934641,17,20.5292013419315,-0.644075554703826,17.8692984258585
0.242620340664381,24.6706935827772,26,29.2561688293254,0.111670500219921,23.8993765465641
0.122090887799743,23.9377367207667,25,28.4433989919915,0.184542231667766,24.3533395715428
0.784485086879485,27.2286593138469,25,32.0152810564144,0.959409260381172,27.8642844920633
0.240514375382455,24.6584357660294,25,29.2426691930734,0.112542713120928,23.9049507662002
0.433349125894793,25.7023780658188,24,30.3817260729971,-0.564707648345746,18.5957295574358
-1.56239831383527,9.94054811378347,7,10.3651636687125,-1.31585077044795,11.7735464376439
-2.7935315055606,3.97715997651932,3,0.146715298163469,-2.72898996636823,4.05231092055046
0.366212156597316,25.356647200804,27,30.0068045088375,0.533895047194392,26.2131444269983
1.05562850415984,28.1277413370379,27,32.9707207617497,1.39497649954727,29.0284525470838
-1.01902833879053,14.3835340448319,14,16.7351910199354,-1.12180414558516,13.4386288224469
-0.528385580077455,18.9078004319462,19,22.5406279865902,-0.594021302233996,18.3289995827643
-0.0388118991795505,22.858310023982,24,27.2250891086224,-0.231607681618614,21.4402185504269
-0.46075720888122,19.5049596182983,19,23.2715351731818,-0.451315404807823,19.6061756160376
-0.0981065506994923,22.4314314498262,21,26.7360680810019,0.369077886959219,25.3988620974738
-0.00969280332402794,23.0622393199291,23,27.4572499921092,0.0544371083500884,23.5261065164413
-1.21278475853978,12.6683449632834,12,14.3865436770068,-1.08728101369561,13.7483777855781
0.296217000490976,24.9761822714472,24,29.5916161703433,0.75926082381165,27.1617773434044
-1.79938066431196,8.36855564648756,8,7.82370929994947,-2.00020464344108,7.062123641066
0.713219639494325,26.9546025317661,26,31.7238991924928,0.156645866737801,24.1823584512032
-0.43989378510712,19.686441424152,19,23.4920654563317,-0.720685625872311,17.157523627956
1.14810325191402,28.3879894903757,32,33.2487771729402,0.626473802827556,26.6246608669255
-0.436479303178899,19.7160115985929,21,23.5279273261084,-0.39682887726915,20.0776052403601
-1.26327931106856,12.2425213866041,11,13.785591883535,-1.18428108007984,12.8875403647753
-0.499338382398048,19.1658816160772,19,22.8575012674869,-0.763070111376116,16.7608090995302
-0.110594431505943,22.3395568720508,20,26.6302775148607,0.266603426061343,24.8364010351435
-0.206381773039727,21.61249695162,18,25.7862954877497,0.162731888496316,24.2199560745802
0.0299755370370288,23.3339560309457,21,27.7651305142962,0.356255884336684,25.3309088458273
0.478297644564941,25.9236244463772,27,30.6205456199135,0.489309113291096,26.0034580857991
0.172793887998389,24.2538990396969,24,28.7953898961828,0.231682008871262,24.6344381822543
-0.614553399328409,18.1298648608372,17,21.57639288027,-0.741651462940334,16.961474521467
0.859800724216798,27.5003656160817,27,32.3038144750487,0.693499832306332,26.9033248230642
0.313690256240292,25.0731048057269,27,29.6976521238671,0.446161686346634,25.7931621030109
-0.0422352983842418,22.8340870828305,24,27.1974504376048,0.0443442294946025,23.4587466461888
0.30290247577663,25.0134200540189,23,29.6323773454149,0.654860058757947,26.7446016548946
-0.368492527052494,20.296711899085,20,24.2281569675751,-0.718105506034387,17.1816199095298
0.375733959820819,25.4068120951183,24,30.0613408788468,0.226008186525915,24.6011221224908
0.555026748308854,26.2829575412328,26,31.0067310794245,0.728973404314067,27.0445382392824
1.30418445107793,28.7810627251601,29,33.6723531334873,0.714556447215556,26.9876599575044
-0.552163654578912,18.694877443375,18,22.2780691691018,-0.388133708712558,20.15189336447
-0.0150191346987776,23.0252199179505,22,27.4151753039468,-0.0334773195047784,22.9238877912783
-0.115935785322733,22.3000522700728,23,26.5847301445473,0.362775271297975,25.3655453385956
0.220333985794759,24.5399931929316,24,29.1120671842781,0.461820872870648,25.8703332466223
0.0194732798565873,23.2627038407857,21,27.6845549982541,-0.12326538227733,22.2729145448071
-0.391752417298084,20.0998165275311,18,23.9915930920371,-0.121329906923813,22.2873257640816
0.93582894462091,27.7569696036777,30,32.5762913908455,0.946808113800235,27.8235560850218
-1.03110246832748,14.2735807527924,14,16.5876112537356,-0.959978591737918,14.9158637993289
-0.327980560259873,20.6350065107196,19,24.63254308342,-0.610292637396181,18.1801158576879
1.47803185167707,29.1586290132418,30,34.0861667017316,1.46891839332461,29.1856244128346
-1.09323442556117,13.7133839542652,13,15.8298228496385,-1.33227663689474,11.6393319421001
-0.698580423934793,17.3572021498968,17,20.6051880324982,-0.883419015833579,15.6309002720884
0.409979262258454,25.5841297381637,26,30.2537375041168,0.705285741525776,26.9507148990228
-0.220529861914659,21.5018234258489,22,25.6567635183962,-0.274566193796426,21.0962860937926
1.10409602762705,28.2668300832301,30,33.1191546922728,0.934594920491061,27.7836531411943
-1.70523026604948,8.97016832225463,8,8.8169140388391,-1.95532538709126,7.32363968004341
1.17739862231418,28.4660311243971,30,33.332464797567,1.20844356088948,28.5836551666532
-0.118675250907159,22.2797430384553,20,26.5613004940437,0.200484817388824,24.449503130968
-0.592809927214892,18.3277468080533,18,21.8229558510638,-1.03078401048715,14.2621819271713
1.72150018051709,29.5979137607521,31,34.5825772366695,1.46130560386862,29.1699070302282
0.726458057956925,27.0067997883368,27,31.779436846902,0.570440967050092,26.3793796562613
-1.63219357050491,9.45700353043792,8,9.60219289909881,-2.01532302586585,6.97541537990792
-0.928418537770924,15.2173614890975,16,17.8430370819611,-1.17636667898771,12.9566260891862
0.636351114076743,26.6395031210876,26,31.3880960787216,0.92365532299525,27.7475497747088
-0.892193217100434,15.5538694823596,15,18.2848106415354,-0.780720831044802,16.5952240661564
-0.337809991773497,20.553480019415,17,24.5353280023329,-0.687173933173467,17.4698903672963
0.107697406708997,23.8458968598997,23,28.3407458566994,-0.329159064894876,20.6484725987914
-0.477131658274446,19.3615870440726,17,23.0967863170576,-0.629345259602553,18.0050917975434
0.22177938103349,24.5485357422355,25,29.1214964732488,0.465161271890696,25.8866694345431
-0.205757462101353,21.6173615032372,21,25.791982509535,-0.548910933638721,18.738612895801
1.00466890208063,27.9748498942502,28,32.8079028029927,0.346534922581652,25.2789334453593
0.279293571940393,24.881062613741,25,29.4873707467977,0.684640470259657,26.8673892456436
-0.209961438444476,21.5845733745306,22,25.753640272012,-0.165986568383795,21.9506278428977
1.1688227431457,28.443397560265,27,33.3081764504502,1.33081077000054,28.8835776482954
-0.197521487095233,21.6813831073931,23,25.8667780270168,-0.17088917989525,21.9131331439362
-0.299082026406312,20.8725833401024,23,24.9149716858641,-0.489029751265639,19.2742201289666
0.118091939197786,23.9123136558883,21,28.4150009992614,0.200032048243568,24.4467875948995
0.314443179825074,25.0772519282764,25,29.7021850536347,0.255288754061114,24.7715449859259
1.7157129972127,29.588533263824,31,34.5717401912919,2.34950448785809,30.4605711629876
1.17937470008301,28.4712217358571,27,33.3380369944978,1.87755736463476,29.8940792669882
0.943749565108336,27.7827227198795,27,32.603649878703,0.376415224732395,25.4374410909195
0.543968045682444,26.2325663890459,28,30.9526926333125,0.343517189824148,25.2627179816482
-2.42526123855427,5.05831130722356,5,2.11944659980825,-2.14881782191421,6.24281121328237
-1.2147675282195,12.6514369650758,14,14.3628356184332,-1.37871602277686,11.2660058469082
-1.54400416299185,10.0711611740488,8,10.5683635383959,-1.64265149833507,9.31450576111134
-0.966261089513938,14.8674840457337,14,17.3805408286677,-0.583273689309132,18.4270240040323
-0.39258263878589,20.0927537939974,18,23.983091024403,-0.296612498215888,20.9168637318601
-1.28847819144788,12.0338480768442,12,13.4880085463761,-1.49425562460988,10.3767932606858
-0.00400147179564026,23.1016556061739,23,27.5020150032668,-0.307667023886989,20.8261687361379
-0.890424530451353,15.5703297079546,15,18.3063453512237,-1.04088365514885,14.1697622389002
0.969709474335503,27.865870003171,28,32.6920083509752,0.684280036877367,26.8659215338532
-2.22951716360736,5.93956487815582,4,3.65248243064247,-2.33815649891265,5.32793629074964
0.900779837136121,27.6408154167913,28,32.4529328872207,0.830899245705004,27.4272747525093
-1.52195723393104,10.2295240767642,9,10.8131147586623,-1.41948527648423,10.9457943690611
0.747357836441718,27.0879980604032,26,31.8657901984349,1.03678915244117,28.1048095467873
-0.383390618963789,20.1708175858669,18,24.0770005511501,-0.62916904977341,18.0067137741712
-0.562532109100109,18.6015915822637,20,22.1627150265566,-0.684541856671974,17.4943635476819
-0.213837615834774,21.5542768586258,23,25.718189828635,-0.0967974796278911,22.4685516010026
-1.17098956220656,13.0281442243312,13,14.8882133205708,-1.1312180402599,13.3547820305157
0.758165781135356,27.1294148030856,26,31.9098188975521,0.658239275441082,26.7586901515049
0.158986670847741,24.1689357634482,23,28.701009607377,0.224573157458624,24.5926734412416
0.179559078580397,24.2952204683756,24,28.8412355343692,0.258815411595071,24.7918194238986
0.323900229836095,25.1291363163418,26,29.7588677507479,0.0133272490725794,23.2488538640281
-0.163962331244661,21.9393046623436,21,26.1671538226515,0.354417341897148,25.3211089268757
-1.28934820754513,12.0266902596084,11,13.4777631050949,-1.33169650586759,11.6440529902242
-1.32146356502768,11.7646939137765,10,13.1009575994843,-1.61884326745319,9.47924729264986
-0.647832539205078,17.8252277595499,19,21.1950873460147,-0.316011033105827,20.7573936871124
-0.125562906883049,22.2285368720342,22,26.5021849860606,-0.247612261797889,21.3129727620194
-0.538039232550164,18.821529620994,18,22.4343691802276,-0.361408809536664,20.3785187488492
-0.961156175252646,14.9145625669064,15,17.4429665558602,-0.926293876166286,15.2296811240831
1.24190560180677,28.6308005178725,29,33.509768452312,1.14527407341134,28.4157579035909
-0.233463507745131,21.3999279937497,20,25.53725738085,-0.548865328316935,18.7390244941746
-1.26557485258105,12.2234041518918,10,13.7584168078256,-1.47991409806433,10.4841172445506
0.856864836104612,27.4901071707124,28,32.2929233021864,0.875645206240321,27.5849878454147
0.88362601151203,27.5826406570147,28,32.391164793785,0.681743895334614,26.855581512854
-0.552424365049297,18.6925350110808,19,22.275174995844,-0.681095473407612,17.5263935034255
1.66817180921309,29.5096360700166,31,34.481065651943,2.45308014746086,30.5588319181005
1.31822018387937,28.8137808591666,31,33.7078879465636,1.48740520943533,29.2233609599599
0.584241229782948,26.4138595713875,25,31.146939720529,0.80909633150514,27.3481939220721
-0.157992807147299,21.9846836466036,23,26.2198448324387,0.15401030958545,24.1660254864919
0.378566580706042,25.4216628008992,25,30.0774766889697,0.12603494937972,23.99074258512
0.604831521451902,26.504207933142,27,31.2435764216427,-0.133719746646917,22.194787357418
0.683085980910989,26.8335460991525,27,31.5950053211686,0.492795143007104,26.0201294561614
-0.758629836114898,16.7994257470066,17,19.8956507911769,-0.931102020381944,15.1847995713703
-0.511117069896873,19.0615073095846,20,22.7295310656107,-0.474846799235782,19.3995713889341
-0.533298308745506,18.8639275498656,20,22.4866112112098,-0.425786885693565,19.8282994338685
0.660479025871483,26.7406490764199,26,31.4959986872745,0.88267012167812,27.609198717096
-1.54626784783457,10.0550135439876,9,10.5433078198207,-1.28709011355657,12.0112310346779
-0.454044556993557,19.5634984240687,17,23.3427510306299,-0.860855650177715,15.8425838259399
-2.84224592138049,3.88656863009879,4,-0.0357558099299065,-3.60075269649906,3.19434786306926
0.1914169065373,24.3671590682397,24,28.9209639927208,-0.151710236810107,22.0592166289569
0.500203371280919,26.0285433694856,25,30.7335132637575,0.413310168842886,25.6280744299031
-0.832616341116675,16.109275568141,14,19.0077158419386,-0.543296323857433,18.7892458960557
0.511911431771162,26.0838498088418,25,30.7929916212511,0.651850163746775,26.7320191188282
-0.998831732474285,14.5681441475462,17,16.9821657421067,-0.996803969977264,14.5747253767699
-1.50083216830588,10.3831514216688,11,11.0488755075378,-2.10176040644718,6.49392204034439
0.455500457351824,25.8124214865628,25,30.500614017399,0.154554517026462,24.1694005666541
-0.990850705235439,14.641318046476,16,17.0797840181654,-0.937937514666122,15.1210406877997
-0.386495049760059,20.1444858400142,21,24.045339381017,-0.352026564887582,20.4574582277705
0.817237545044199,27.3490222209921,25,32.1431230425815,0.319082674071874,25.1300103795629
-1.22066494217375,12.6012355640928,14,14.292371416562,-1.63721260511474,9.35195776398453
-0.317973730334877,20.717632495416,20,24.7309142696649,-0.135907583149153,22.1783763771698
-0.143406773221648,22.0949219183681,22,26.3476500186688,-0.0266581765949196,22.9718492518226
0.389606262358647,25.4792237750976,27,30.139980063987,0.0151074101267291,23.2610180499032
0.75352098626616,27.111663247201,25,31.8909491876013,0.0967266073005149,23.8033397204747
-0.752293336519108,16.8584292359066,17,19.9710462431659,-1.03169548450951,14.2538317920483
0.16901136517631,24.2307072222038,24,28.769642899252,0.348537773193414,25.2896744813428
0.914648012067004,27.6872066330144,29,32.5021954868641,1.14059517038546,28.4029479245008
1.27785976377467,28.7185735830296,30,33.6046226812194,1.25775217077653,28.7083958002754
-0.384486238439872,20.1615283915705,19,24.0658330695492,-0.605163160628051,18.2271115380659
-0.137690855139558,22.1378723681428,22,26.3973696434294,-0.117985410704765,22.3121892815295
-2.27733346151773,5.70715807936097,3,3.2490382078932,-2.27207611718454,5.62806421212066
1.66871683322142,29.5105594485063,31,34.4821221605008,1.30535546447045,28.8238098595332
-0.1601283789989,21.9684669791285,23,26.2010205400909,-0.238013237601139,21.3894185383818
-0.559095700996561,18.6325379827821,17,22.2010040261709,-0.892186683498399,15.5487273635091
-0.0546782079890519,22.7456066824464,22,27.0963804607871,0.126154661621936,23.9915001282135
-1.38638428560737,11.2485548816001,10,12.3478055870025,-1.18646679195833,12.8684997788826
-1.27254824324241,12.1654615896239,10,13.6759449744723,-1.40790233740729,11.036051411715
0.415578286065281,25.6126625646474,24,30.2846433749316,0.280843834765764,24.9172407997152
-0.990770507232272,14.6420539468825,15,17.0807649705245,-0.890843323615956,15.5613141321719
0.979283052144029,27.896052108957,29,32.7240946825431,0.753397487146193,27.1393170065015
0.529684483550145,26.166790347707,26,30.882099538793,0.398940243967058,25.5544887035299
0.0482211300620604,23.456567789671,22,27.9035209710745,-0.11772925715729,22.3140915279578
-0.784851216266919,16.555016454572,17,19.5824801078499,-1.1041971498581,13.5961699404609
-0.293628879599061,20.917055160374,21,24.9676958325935,-0.684742485925145,17.4924984260321
1.18159049135363,28.4770310572558,30,33.3442743273596,0.728810343843832,27.0438988211711
-0.54546531659732,18.7550030757367,18,22.3523145962615,-0.548534679369422,18.7420085170854
1.32287065849943,28.8245306515154,31,33.7195746041035,1.79282957994562,29.7668334946396
-0.727984811937365,17.0844985915126,21,20.259177821305,-0.835538022573286,16.0803494507059
-1.03157010293299,14.2693287621285,13,16.581896856628,-1.22211699990237,12.5603709394194
-1.52480964169567,10.2089227435645,11,10.7813748384794,-1.5072838975712,10.2800333262
-1.74973168369326,8.68236677363704,7,8.34479649249495,-1.50220464568492,10.3176735055966
0.852219131256488,27.473820112257,26,32.2756315691498,1.65580598328991,29.5405979072081
-0.0617148667167861,22.6952659389904,21,27.0387977964529,0.0524661995709751,23.512988885079
-0.141422397271145,22.1098488276386,23,26.3649342492006,0.104500999734857,23.8534273055024
-0.320240443169782,20.6989494224428,20,24.7086846051078,-0.144585661990758,22.1130749038622
0.113343480157349,23.8820328581614,23,28.381158470193,0.0792466651386262,23.6897275094827
-1.49868225100812,10.398890899356,11,11.0729379463112,-1.8215492271499,8.13853711488146
-1.13663442257462,13.3285091489457,13,15.30307672394,-0.88536359273661,15.6126705813617
0.0427602185223865,23.4200264712262,24,27.8623122158393,0.274868085343713,24.8834242594957
-0.349094419745779,20.4594445119657,21,24.4230081953341,-0.416185788528873,19.9112765452368
-2.26525109823321,5.76493991313427,6,3.34935604433654,-1.86968571159338,7.83925098293099
-0.9477313548238,15.0385554913956,11,17.6070897878972,-1.07558304512859,13.8540971096739
-0.464765913946366,19.4699349591315,18,23.228888523049,0.167446594984063,24.248968628861
-1.13325996426202,13.3582237571447,12,15.3439337139525,-1.31032104471427,11.8189813897246
1.13659541405348,28.3567670018678,30,33.2153408049207,0.588544572586048,26.4598827166759
-0.986843039019762,14.6781070013808,13,17.1288045937169,-0.550555394012955,18.7237677265075
0.12016384516774,23.9254945830657,26,28.4297260731724,0.109796476896247,23.8873882862017
-1.1649524388412,13.0806348129536,11,14.9609634470291,-1.21724983488519,12.6021629643044
-0.308632159471334,20.7944232330266,22,24.8221983129292,-0.117236475365417,22.3177502054912
0.544291840792999,26.234048433893,26,30.9542824759966,0.772002267548049,27.2101987005642
0.353741346195345,25.2903735820964,26,29.9346830251494,0.310210261264649,25.0811979807465
1.10860726854205,28.2794714877354,26,33.1326637299506,1.02708030020074,28.0755148466329
0.418150513165102,25.6257278409027,26,30.2987904143874,0.0420560238026581,23.4434110636832
-0.125039446021081,22.2324357604753,22,26.5066882030869,0.10787318623936,23.8750684266208
-0.382887232277133,20.1750841369966,21,24.0821291458176,0.139333828582118,24.0745052666796
-0.679414817953413,17.5343938918646,16,20.8291040968518,-0.269506007437498,21.1371918593198
0.617804922544609,26.5603329926677,27,31.303555194561,0.489435295618748,26.0040623579381
0.892111473925634,27.6115280875935,28,32.421835736544,0.681876748857008,26.8561237163622
1.0695873917316,28.1684204172102,28,33.0140975909458,1.57526721927213,29.3946437214673
0.762063784013489,27.1442570820014,29,31.9255945815094,0.768938956917555,27.1986053492544
-0.624343493191188,18.040458823011,16,21.4647027800076,-0.894591880481713,15.5261949848907
0.552634594277776,26.2720965745221,27,30.9950871089029,0.255452932089405,24.7724900287101
1.0362754360693,28.0704955940325,28,32.9097218252862,0.583050477412158,26.4355794151357
-1.24723554229049,12.3767277153483,13,13.9758819387814,-0.664001189573019,17.6850052598884
-1.85623834560855,8.0179877272997,9,7.23447119211584,-1.9107752163411,7.58917781908035
-0.323044192052084,20.6758130485029,21,24.6811452145531,-0.205715766381975,21.6438012171325
1.42818463053133,29.056322568945,28,33.9731349585128,1.00113258473287,27.9959917863789
0.649734821953049,26.6958653838512,26,31.4482373981013,1.02252680865799,28.0616896466613
0.000100867817352563,23.1299773261007,23,27.5341583833006,0.112002281306287,23.9014973274122
-0.672624495964478,17.5970521924898,18,20.9081145645699,-0.734223097016321,17.0309834863212
-0.168602318522526,21.9039276226588,22,26.1260437326487,-0.13040630282206,22.2196014159371
-0.765005321436897,16.7400333445775,17,19.8196769480492,-0.704774174502428,17.3060060309267
1.12537850985932,28.3260218911574,30,33.1824388124629,0.790784322064805,27.2806195582394
-0.721379521400421,17.1458374397623,18,20.3371534936059,-1.06313704179243,13.9669740472645
0.613041844571559,26.539798649303,28,31.2816154595459,1.08637430403109,28.2506047026206
-0.977639076574555,14.7627047862744,16,17.2413836712385,-0.823332593183238,16.1950164028101
0.410832382677016,25.5884855411283,25,30.2584565191554,-0.0840659810911581,22.5615465753391
0.340061270633306,25.216923618618,26,29.8546543111083,0.975426246575393,27.9154123588876
-1.10237110850443,13.6318854393447,14,15.7187169837456,-1.19390841252399,12.8038000700567
1.11080680997956,28.2856165248421,29,33.1392317416222,1.17458081465451,28.4948095552154
0.755789327308692,27.1203413766298,28,31.9001741921332,0.891508558872612,27.6394512747627
1.55251977268729,29.3032549980146,29,34.2473988109324,1.01509005891478,28.0389917644893
-0.143676449518843,22.0928920464189,22,26.3452991876,-0.0812178371699028,22.5822512957782
0.70867689309064,26.9365532635411,26,31.7046896353928,1.02792923463035,28.0780862819578
0.0831317306153917,23.6870116032574,25,28.1627176874463,0.250082812106571,24.7415177743169
-0.395130995189381,20.0710599745605,19,23.9569690607148,-0.450916712505757,19.6096610011548
1.25957889266076,28.6743001117506,30,33.5567385157867,1.94286985275767,29.9861526812438
-1.15214493399066,13.1924078939108,14,15.1155203239484,-0.876229885942672,15.6983165773234
0.0335804834492352,23.358299778526,24,27.7926336597086,-0.207981414421094,21.6261000465311
-0.493627282401718,19.216348862292,21,22.9192893872581,-0.993309718168907,14.606994272349
-0.846863148797716,15.9763312372314,16,18.8353685938513,-0.914348550428738,15.341294108118
-0.294461052895237,20.910276022293,22,24.9596616603062,-0.208233722521007,21.624127451658
-0.222133195955169,21.489229150009,20,25.6420054385087,0.0237291804116214,23.3197293295367
-0.443528842269167,19.6549201227349,20,23.4538154712003,-0.19817088904822,21.7025907039829
0.18602364918364,24.334516508362,23,28.8848003413515,0.0754982779646369,23.6651849913573
-0.810974195803542,16.3112706914641,16,19.2687650624219,-0.67352100748079,17.5967286668236
-1.11710494310793,13.5009828699762,12,15.5397767604697,-0.87979393988096,15.6648905674511
-1.54516145157693,10.0629032455943,10,10.5555523074617,-1.73116423004333,8.71957743482266
0.609573252237213,26.5247928669146,26,31.2655793552826,0.794590812523274,27.2947537724339
-1.17164254266997,13.0224744414458,13,14.8803487094147,-1.23098753639249,12.4844331739409
-1.50260579797159,10.3701813579977,11,11.0290341883481,-1.94169210273962,7.4042783635536
-0.240575553887192,21.34360550049,22,25.4710985570454,-0.578689835001607,18.4687516838049
-0.769780434911187,16.6955341599146,17,19.762700612507,-0.984704325112136,14.6865583455684
-0.432589923114716,19.7496488644889,19,23.5686975250832,-0.524519927613065,18.9579714373608
-0.965187764738325,14.8773790754405,12,17.3936666310245,-0.8745443078997,15.7141276020098
-0.925481145325436,15.2445973933149,18,17.8789023163286,-0.837595223282915,16.0610240329616
-1.85748601907079,8.01039582564452,7,7.22163442203016,-1.70896352475807,8.86628791500714
0.299248402950788,24.9930907441112,24,29.6101279164835,0.334392695065971,25.2134558879932
0.390010341934805,25.481321089591,24,30.1422563075867,0.28306985972576,24.9297984936273
-0.512054094227213,19.0531875618369,20,22.7193198879922,-0.533309511022948,18.8791048136233
0.499646223269146,26.0258981985028,25,30.7306673489691,0.52127105113456,26.1545490204635
1.05426184917478,28.1237312466269,31,32.966446165842,1.21741790539768,28.6067619799193
-0.469043507029567,19.4325070288884,20,23.1832849033154,-0.396403505130937,20.0812456742564
0.15842103033408,24.1654370305967,25,28.6971197744587,-0.499865682390696,19.1780460212882
-0.397744780502419,20.0487859943842,20,23.9301373686299,-0.927293753542321,15.2203456104877
0.0702200714103453,23.6024185425784,22,28.0677061902419,-0.0842087719362135,22.5605075961172
-1.26892474848087,12.1955447627726,14,13.7187835907232,-1.41948527648423,10.9457943690611
-0.152782127375741,22.024169608732,22,26.265654962264,-0.274753254803561,21.0947719323477
0.354531591279142,25.2945924926411,25,29.9392766852983,0.659146960604189,26.7624676085153
-0.145430383020967,22.0796824364064,22,26.3299986025063,-0.212817304718832,21.5882450855683
-1.0572062030914,14.0370197734913,12,16.2688384028729,-1.11616665625305,13.488970252567
1.3821469888789,28.9576863898313,29,33.8648445367167,2.27152198452883,30.3811848462022
-2.55928148339542,4.57597455990182,5,1.26629500028619,-2.821259402723,3.86915214816833
0.622912366501043,26.5822601109473,29,31.3269773219654,0.864284437173246,27.5455209574127
0.0453615034267072,23.4374494604514,24,27.8819643529441,0.0707238982111818,23.6338328879298
0.714181349578467,26.9584145446791,26,31.7279559083332,0.762400168064734,27.173756850951
0.140566031532468,24.0542649257607,26,28.5733834096922,-0.0181547352946583,23.0313629638607
-1.03562465200609,14.2324835156536,15,16.5323561063686,-1.32571540057911,11.6928085579761
0.10258095638211,23.8130274526578,24,28.3039616495655,-0.317527127304283,20.7448681944101
1.20990891822684,28.5502659601178,27,33.4229942373474,1.3548310538381,28.9387665642086
1.25422930558715,28.6612059639881,28,33.5425918815089,2.49838910350215,30.599425224024
-1.58617257457991,9.77372840877063,11,10.1038573588471,-1.59634304988499,9.63686999198484
-0.0168485070295686,23.0124760969572,26,27.4006840797842,0.553921224025594,26.3048579280631
-0.93282606397209,15.1765133962354,13,17.7892101237099,-0.731227557756882,17.0589993473344
1.12298052746021,28.3194088638502,28,33.175364739776,1.31052479876547,28.8360553479014
-0.838776385636418,16.051787902567,14,18.9332421696285,-1.06414406778319,13.9578261763399
-0.297017830670732,20.8894309308384,20,24.9349508911243,-0.32231554578852,20.7052491824034
0.268598905350485,24.8203163149862,28,29.4207012129608,-0.240242426998,21.371699578626
-1.24857724000187,12.3654648321521,12,13.9599445814061,-1.53157036867941,10.1015110783961
0.0525716908776028,23.4855836221756,24,27.9362218746521,0.580274436315695,26.4232572378305
-0.919872058828858,15.2966327509976,17,17.9473702221674,-0.882941747407826,15.63537486878
1.03653805134052,28.0712790485958,30,32.9105563280208,0.618753820548053,26.5915444644321
-0.247516252518374,21.2884418441069,20,25.4062305247613,-0.508198635998732,19.1038547192514
-0.19131670890341,21.7294280907371,20,25.9228466566739,-0.290923197846701,20.9633519445523
-0.654991102306026,17.7594435451517,16,21.1124722924512,-0.564335106643544,18.5991063514173
1.21801962660944,28.5709000758322,29,33.445205271274,0.81855484461225,27.3826830231771
0.756684082040434,27.1237597958272,29,31.9038079013514,1.41945242816704,29.081606868569
-2.07749312600695,6.73637015101754,9,5.03495678977855,-1.84621190352349,7.9843393480349
-1.76231186795997,8.60214580429212,8,8.21219695358883,-1.61831761872109,9.48290806023537
0.787939968858583,27.24151881733,27,32.0289424622567,0.096834867915087,23.8040390742149
1.51056368473131,29.2229778742895,31,34.1576795553781,1.99719446517525,30.059001902671
0.56102658691157,26.3101030245232,24,31.0358261901675,0.597032688854653,26.4972124075118
0.219114648603735,24.5327795656442,25,29.1041035778324,0.436972492931278,25.7474210553831
1.49457742047598,29.1915904488224,31,34.1227549637736,2.2710264015943,30.3806645899745
-0.0901207915749789,22.4898257908617,23,26.8032073845394,-0.340848544499406,20.5510768661029
-1.60834077095356,9.6201607800539,7,9.86153028191202,-1.27785036899837,12.0883057608722
-0.500927476758001,19.1518228335459,16,22.8402785543699,-0.477632536202523,19.3749987164255
-0.318742259759103,20.7113001742439,20,24.723380783398,-0.245686214246109,21.3283422741814
-0.378701092097247,20.210530197795,21,24.1247209400268,-0.321636704451129,20.7108712694957
1.98555177919477,29.9792763150536,31,35.0357558099299,0.902318031785714,27.6761367517888
-0.270370629197569,21.1054286233553,21,25.1905225320256,-0.160058136948146,21.9958285026421
-1.07391173091495,13.8865213299789,12,16.0651139614311,-1.32398331895619,11.7069556436656
0.511385954640451,26.0813789933984,24,30.7903354500439,0.963394217681216,27.8770716293376
-0.121853126131278,22.2561427628659,20,26.5340623320745,-0.172217408118476,21.9029570487188
-0.201409797325409,21.6511929454135,19,25.8315189882113,0.0810079430819595,23.701237541955
0.360500900624354,25.3263765792249,24,29.9738731692456,0.341841428600372,25.2536969637448
0.479604966298181,25.9299389506499,22,30.6273495968415,1.01871165557371,28.0500637470398
-0.533932896060435,18.8582558175558,17,22.4796249439164,-0.684071478606197,17.4987361301868
0.601852989662086,26.4912352264107,26,31.2297073214337,0.170269614203499,24.2662930635143
1.25164241992172,28.6548514288383,32,33.5357290336052,0.872394412547976,27.5737342963284
0.416680515699373,25.6182644920373,25,30.2907094970806,0.310059099285525,25.0803634511245
-1.78722276278406,8.44471797798157,7,7.95075704599121,-1.45285587424919,10.6889413200124
-1.18608207718895,12.8974838865227,14,14.7066471565239,-1.29311427095487,11.961165800536
0.912630897107304,27.6804943996867,32,32.4950673837608,1.22219551335982,28.6189891739139
0.126127478270417,23.9633266827758,26,28.4719692176923,0.390348125427736,25.5100871141914
-0.285561201382845,20.982637226455,22,25.0453649268571,-0.391639902967106,20.1219700565912
1.12712560093082,28.3308309733208,28,33.1875838040764,1.58683633886009,29.4162396760523
-0.222321282126632,21.4877510291937,20,25.6402731257343,-0.400937197085255,20.0424125517177
-0.193846087794314,21.7098620243385,23,25.9000193803165,-0.0288901310193444,22.9561742159384
-2.81753936309943,3.93125057346177,2,0.0549200741258522,-3.38066920180412,3.29669086705001
0.716354390799654,26.9670163776942,26,31.7371094722574,0.985226480759669,27.9463455850068
1.13733541108051,28.3587844430962,29,33.2175005663945,1.57767807894449,29.3991619132801
0.300545571894351,25.0003140384411,22,29.6180343960657,0.258958507184519,24.7926409284699
0.105457927696596,23.8315242712718,22,28.3246643760484,0.343966944827503,25.2651371133593
1.26331680488057,28.6834120585077,30,33.5665869420923,1.61856336550195,29.4743667678151
0.918449862801103,27.6998252790421,31,32.5155963799628,1.23651464341018,28.655330177024
-1.28637080099311,12.0511990993429,10,13.5128335942965,-1.43876153573715,10.7968507593199
0.24575015895949,24.6888750552864,23,29.2761865367521,0.644123575597492,26.6995726919074
0.151819417062095,24.1244980562275,23,28.6515849727102,0.489859814169309,26.0060948711606
-0.019672615858412,22.9927734123631,23,27.3782726115146,-0.0124246313952947,23.0712825208781
1.54879993738711,29.2962583514006,32,34.239555541691,1.39756169091133,29.0341206793313
0.429651981680286,25.6838187333902,25,30.3616543515075,0.439381093440418,25.7594430288951
-0.625609221276288,18.0288864531426,19,21.4502328832719,-0.794417759739878,16.4666321202305
0.965512038766934,27.8525556868153,29,32.6778563226853,1.62566655245248,29.4871636144108
0.168633554515153,24.2283872643989,23,28.7670667061207,0.341531935411496,25.2520295994358
-0.578379861559806,18.4585167033356,16,21.9854126735476,-0.83893391749516,16.048448645508
1.04579144584934,28.0987674334059,30,32.9398412482177,2.05813230828358,30.1369127356354
1.00485389510438,27.9754175944225,29,32.8085068270783,1.26801280670594,28.7336816876454
0.686392827504513,26.8469844354334,30,31.6093203434906,0.354138584480025,25.3196218441272
-0.32688728266293,20.644051989649,19,24.6433198740668,-0.0565021276822607,22.7603980129308
0.777023835309584,27.2007550926235,29,31.985634003385,1.72985602416975,29.6661474209981
0.257683576482154,24.7578066484031,24,29.3520182170226,0.412997054129711,25.6264799830567
-0.509830753831341,19.0729244558652,19,22.7435412677985,-0.837948164861324,16.0577085518251
-0.829381803799124,16.1394635525507,15,19.0467915977207,-1.00907881384907,14.4615529422794
-1.75206522962682,8.66744923521593,6,8.32017129161739,-1.90917252250337,7.59883926011655
-0.413502492685401,19.914011010083,18,23.7675439042907,-0.670755700866896,17.6223855469877
-0.177720435442975,21.8341411971088,22,26.0448640908329,-0.283362391939215,21.0249325895908
0.352755811870427,25.2851084054092,26,29.928949688021,0.236358102011718,24.6617897891589
-0.71317424603569,17.2219727419591,15,20.4338191577153,-0.933472275661275,15.1626843554732
-0.729845412101896,17.0672129116028,16,20.2371882135764,-0.462329290915545,19.5096910748607
0.152380216919342,24.1279833067376,26,28.6554628816735,0.44127335519593,25.7688715163377
-0.867325500578027,15.7854956518375,16,18.5872176285446,-0.891871397988876,15.551681347672
-1.22092086444989,12.5990600548247,11,14.2893153305983,-1.49513805990959,10.3702174158771
-0.176376929147321,21.8444459918995,21,26.0568582402795,0.27768505900612,24.8993845722087
-0.506472316749746,19.1027119069526,19,22.7800801731764,-0.518838540736188,19.0088370503948
0.576501003867621,26.3794892840017,28,31.1101487686508,0.748198225915031,27.1193061720856
1.2159144347695,28.565558795556,30,33.4394544041199,0.19355169417355,24.4078216463
1.17682472470736,28.464521925764,28,33.3308447988876,0.80908934372252,27.3481683382631
1.16771148431407,28.4404519291463,29,33.3050165307401,0.433339031337003,25.7292414385035
0.403304085748382,25.5499452364957,27,30.2166906284092,-0.421665392552275,19.8639575521698
0.885595868410246,27.5893660306383,27,32.3983052770311,0.789996975375565,27.2776902243762
-1.86404830829157,7.97053502712557,6,7.15418598529272,-1.90915605009947,7.59893859895819
-0.590845190918828,18.3455786715619,16,21.8451312338431,-0.625854879038138,18.0372090110136
0.0574568686263095,23.5180639481637,23,27.9728051058127,0.226599558772031,24.604601178347
0.977327731671597,27.8899085557377,29,32.7175629131429,1.89553198676268,29.9199238242565
-1.37259684224639,11.3566426866855,9,12.5067766400873,-1.1807316068707,12.918497035197
0.0622863000899672,23.5500684965851,23,28.0088295856789,-0.407959039596466,19.9821255016889
-0.266617943087468,21.1356225792954,21,25.2261633802536,-0.0708362964792561,22.657413214535
-1.25433670635705,12.3171987255257,13,13.8915800127037,-1.41936369431322,10.9467388082348
-0.322444865559044,20.6807611477562,20,24.6870360008791,-0.262150682962228,21.1964654590642
0.594856116966932,26.4606324776343,27,31.1969813898157,0.747103725593237,27.1150823456584
-0.264895260356965,21.1494644599698,20,25.2424953131716,0.0961502049659108,23.7996153242567
1.40714595350404,29.011752181545,29,33.9241241407242,1.05906105174094,28.1710787178413
-0.581600800954709,18.429367447066,16,21.949233589701,-0.394058273585342,20.1013052555243
1.14455940269193,28.3784088470149,28,33.2385146022635,1.55351503852684,29.3534482336324
0.73102766326338,27.0246789594986,29,31.7984552731719,1.20702872509822,28.5799956666546
-0.417203721891227,19.8822335649171,20,23.729147205945,-0.310547978219711,20.8024534059123
0.287096097567587,24.9250703287376,22,29.5356230883805,0.233668126466521,24.646067148207
-1.74344586018184,8.72263453970995,7,8.41119408319487,-1.73097877640586,8.72079625259331
-0.332349425508252,20.5988150683453,19,24.5894058656796,-0.54607845747263,18.76416653291
-0.999469701179358,14.5623001862841,13,16.9743628870435,-0.90329759859892,15.4446766693063
-1.54581446062016,10.058246043835,9,10.5483250588282,-1.7403867413725,8.65910761986086
-1.0948448012749,13.699001936576,14,15.8102325500991,-1.5167840322076,10.2099152839391
-0.320081475977644,20.7002603215531,20,24.710244611363,-0.737897669668525,16.99660572378
0.939697827415084,27.7695715103825,27,32.5896784142083,0.498022603762861,26.0450403715048
0.883834470568904,27.5833529195244,26,32.3919210162979,1.04052463794197,28.1160146267831
0.689640643160588,26.860145803974,25,31.623338657145,0.52418663373258,26.16813594733
0.10607568034471,23.835491140762,23,28.3291033550543,0.136157260968277,24.0545697994604
-0.783420732600604,16.5683582441707,15,19.5996114038767,-0.609901032983466,18.183705620556
-1.06644486937984,13.9536994482721,12,16.156141168363,-0.991921068612238,14.6198244865368
-1.13274677898672,13.3627459530306,12,15.350148797867,-0.806533229325684,16.3528396101415
-0.402389131219168,20.0091504668605,17,23.8823636825959,-0.404988657541202,20.0076490874378
-1.19976511731844,12.7797376801149,12,14.5424317735898,-1.48457450629988,10.4491477741798
-0.292743745621213,20.9242627814637,21,24.9762366603261,-0.296229903272069,20.9199940145672
0.464037979183553,25.8543090334511,26,30.5458137652222,1.37732136142136,28.9893983867471
0.789556666940992,27.2475230714582,29,32.0353208722089,0.17856793779676,24.3170133674928
0.0615069312014642,23.5449107073996,25,28.0030254858887,0.168002833947228,24.2523849880247
0.352471700211355,25.2835897942274,24,29.9272959493706,0.125617532591773,23.9881006544317
0.876172149419503,27.5570860201851,30,32.3640333388312,1.36137490870445,28.9536015436063
-0.0294804434380886,22.924072034687,22,27.3000575316206,0.117918261491229,23.9392298020896
0.723504920672745,26.9952076318419,28,31.7671047241878,0.684637098987828,26.8673755196451
-0.634472710937323,17.9477655965759,18,21.3487159886452,-0.0943269673673977,22.4866535386605
0.0098007195906826,23.1966439171708,26,27.6097497439796,0.0102982177589956,23.228122944006
1.02128659856441,28.0254737037953,29,32.8617800780139,1.34352760177547,28.9129404196026
-0.470574668324751,19.4190962789922,17,23.1669370157534,-0.243370486709458,21.3468010230375
-0.458272275289884,19.526646117753,20,23.2979271131292,-0.471365574477097,19.4302453954031
0.143496731219096,24.0726099032848,25,28.5938200151823,0.334692037367977,25.2150775581453
-0.143758711510579,22.0922727925031,23,26.3445819998114,-0.506551851242764,19.1185324359611
1.91726965356754,29.8888460390535,34,34.9257505689348,1.50275188215073,29.2542292944329
0.939178410740832,27.7678821550951,27,32.5878837609195,1.12470793888408,28.3590573107793
0.0586678171530793,23.5260986996184,25,27.9818511956898,-0.794023829176587,16.4703314067068
-2.12143071137101,6.49804726067402,5,4.62173797599513,-2.16022587032034,6.18320708007905
1.22157372178345,28.5798945944225,30,33.4548917486137,0.288443023275577,24.9600224290049
-0.2219995900672,21.4902790358345,21,25.6432358424678,-0.00610361680778326,23.115146615847
-0.00801787645918848,23.0738543312379,22,27.4704447703953,1.2191584316009,28.6112223947541
0.0137627600861866,23.2237537761837,23,27.6404603550413,-0.0843943349433194,22.559157260644
0.492752477399621,25.9930682994725,25,30.6953366668325,1.0557092443812,28.1611878873494
1.123559998799,28.3210082027983,28,33.1770754894542,0.805329627998812,27.3343808789046
-0.378070333084949,20.2158658034038,20,24.1311296959104,-0.100092714663828,22.4443644545602
0.30053477611815,25.0002539517968,25,29.61796863065,0.25494519625244,24.7695670171993
-0.432195436222802,19.753057853645,19,23.5728279724508,-0.642293288336479,17.885749495911
-0.0674563981159152,22.65402837963,20,26.9915850858958,-0.318553060189622,20.7363871904982
-0.343182371341696,20.5087693056812,20,24.4819488987031,-0.794192854283231,16.4687441472246
-1.33624265424192,11.6455975576918,10,12.9284833955136,-1.26245002318269,12.2175311103995
-0.302342608882603,20.8459375451225,21,24.883359738388,-0.324732925693398,20.6852142505503
1.5679435830938,29.3320195591467,30,34.2796938471758,1.43294213037606,29.1104200568197
-0.435674680770909,19.7229743646928,19,23.5363686855715,-0.356390625833838,20.4207810016306
0.543017660763854,26.2282140678494,26,30.948023555737,0.569908122386472,26.3769918311203
0.102612247565058,23.8132288311872,23,28.3041870845553,0.318636608800138,25.1275642867752
0.62975672547766,26.6114956044746,28,31.3581971012785,1.059575801662,28.172595122765
1.25694832501316,28.6678691616361,32,33.5497897996995,2.35146249287523,30.4625026670507
0.325174287795751,25.1360971775806,24,29.7664683541169,0.215730557043447,24.5404135362229
-0.984026047187725,14.7039833869822,14,17.1632612796734,-1.23211372370652,12.4748135893486
1.82713192352042,29.7610316927072,30,34.7731648716046,1.22809320002922,28.6340124327807
0.909654765445653,27.6705689906146,28,32.4845273020964,1.11671683808717,28.3367486702294
0.906230199414616,27.6591156577103,26,32.4723650575388,1.42091330421438,29.0847436318272
-0.701629428210343,17.3289700177341,18,20.5694453846546,-0.874753726634103,15.712163129355
-1.14995174022858,13.2116041321309,11,15.1420162027864,-1.37574650122633,11.2896050000448
0.467382556075157,25.8706392955655,25,30.5634273143785,0.322388852669512,25.1481142230094
0.251020616799696,24.7193953847728,24,29.3097739824047,0.209859792036036,24.5055273832899
1.88954346187625,29.8505858177211,31,34.8797404742017,1.89301460080342,29.9163277056188
-0.666548157147552,17.6530649876018,17,20.978669977875,-0.545851475793508,18.7662133930658
0.826213883488433,27.3814118584361,28,32.1775169281263,0.563418304208959,26.3478243842205
-0.630322068729875,17.9857712763141,17,21.3962958212356,-0.935039621869454,15.1480642172459
-0.158888953628837,21.9778810452979,22,26.2119491112375,-0.0178292707129717,23.0336343309469
1.64112327562078,29.4632469294935,31,34.4281239645383,0.971943245859821,27.9043548923746
-0.857180281419265,15.8800910738746,16,18.7103356042227,-0.748460485763278,16.897719899201
-2.84061507078985,3.88944034358977,5,-0.0298854107631779,-2.39162492077902,5.1020175753409
-1.38981558669733,11.2217834900206,11,12.3083251823669,-1.1767323973407,12.9534288763057
1.10462478032328,28.2683144014463,27,33.1207407131676,0.801058743316585,27.3186647354555
-2.15206671332493,6.33551645125615,8,4.33972360393176,-2.05985005961288,6.72426531105046
1.30678070331771,28.7871459095555,28,33.6789561231186,1.36018969945171,28.9509209630998
-0.672764122928674,17.5957644424735,16,20.9064916406094,-0.720353439578063,17.160626381986
-0.128082388666667,22.2097544287826,23,26.4804864004204,-0.388478812574632,20.148950047085
-2.3951939659358,5.18080445471748,6,2.33351917165045,-1.54572342084195,9.99857441340357
1.29700033684027,28.7641556829274,30,33.6540105097115,1.17950230565476,28.507886570758
-0.863329104712266,15.8227530019218,16,18.635735236933,-0.658187124559072,17.738848276107
1.05931428293962,28.1385318773966,28,32.9822242977249,0.488759000939279,26.0008229381481
0.902793601423344,27.647587148121,29,32.4601233672767,0.623117568110055,26.610289929742
-0.697923568155725,17.3632827979016,16,20.6128839252289,-0.508198635998732,19.1038547192514
0.547178618143374,26.2472438738761,26,30.9684362797248,0.738744568507401,27.0826927676843
-0.926674566649231,15.2335306235295,18,17.8643315447278,-0.797816978067964,16.4347091850731
0.25497425380335,24.7422109466192,23,29.3348698967083,0.377152827137861,25.4413070101376
1.11370883178639,28.2937056134006,27,33.1478788492527,0.412997054129711,25.6264799830567
0.225363009758033,24.5696761577437,24,29.1448247846625,0.33207817441235,25.2009043582338
0.717977783137063,26.9734319465194,24,31.7439361465465,0.151387362672309,24.1497398743372
0.132220002715253,24.0018125499499,23,28.5149104647187,-0.0843943349433194,22.559157260644
0.162765607319911,24.1922736770435,26,28.7269495966067,0.100171116864591,23.8255650427201
1.09507201814275,28.2413890483146,29,33.0919774474243,0.800329551926159,27.3159756638877
1.61546674624656,29.4182063776365,30,34.3769658411006,1.64438521446279,29.5205131793924
0.423488051810698,25.6527531806918,27,30.3280437243677,0.0571068276106502,23.5438471467264
1.63524242628889,29.4530132647413,31,34.4164797060211,2.03898566195822,30.1128534732768
0.6154887392366,26.5503579198111,24,31.2928980675688,0.153829518258265,24.1649039573965
1.07290632685728,28.1780179206268,30,33.0243355946373,1.3156077119912,28.8480421283416
-1.11636594256225,13.5075328046965,13,15.5487446815122,-1.02755783908448,14.2917520519819
0.54264942993582,26.226526816166,25,30.9462134331197,0.305392772881658,25.0545539145435
0.540066136492892,26.2146754928386,25,30.9334978768552,0.0403314700560287,23.4318374239472
0.0367197942526606,23.3794517229666,23,27.8165200341613,0.462734295041167,25.8748047119925
-0.322822276474819,20.6776453634288,22,24.6833266781824,-0.402000495225823,20.0332944911876
-1.1287392299221,13.3980895651578,14,15.398697565785,-0.887229029984718,15.5951851958477
0.875236942864146,27.5538679007175,27,32.3606166931143,0.797169805180909,27.304303842866
0.484105517764809,25.951625504059,27,30.6507122175436,0.362775271297975,25.3655453385956
-0.105171346847802,22.3795387211062,23,26.6763389282675,-0.0791705303539531,22.5971118892622
-1.60601161123986,9.63620728042098,10,9.88693149130596,-1.41456238222062,10.9840851274883
-0.594247346663342,18.3146956025715,18,21.8067210708033,-0.947940839395261,15.027839388906
0.432535931027481,25.698300646149,25,30.3773169043166,0.765640474037978,27.1860879348382
1.12786533780162,28.3328649188501,27,33.1897599798027,0.856096361695472,27.5168345214483
-1.08497729802201,13.7872431735298,13,15.9303189936605,-0.860391314879009,15.8469427143839
-0.429621333066762,19.7752897865429,19,23.5997584691681,-0.0674474288106356,22.6818439685598
1.59830949845434,29.387509416777,30,34.3422302749559,1.73291037910755,29.6711567959548
1.01966859840969,28.0205775881716,30,32.8565679846791,0.867830796484647,27.5578825389364
1.17479383879048,28.4591749796936,29,33.325105831998,0.732166800621541,27.0570428009652
-0.176658835296716,21.8422843837014,22,26.0543424622033,-0.299499272493911,20.8932262558754
-1.93613972236027,7.54019738359334,5,6.42115570157079,-1.86596500160886,7.86213986297632
0.596558324858571,26.4680941798085,26,31.2049618954829,0.0754710497288258,23.6650064826449
0.86485153916925,27.5179520096867,28,32.3224855165163,0.942908105850792,27.8108600176718
0.704148404990487,26.9184901816661,27,31.68546258283,0.688214631084255,26.8819192933222
0.762794950547343,27.1470355216319,27,31.928547604824,1.08210687860079,28.2383045618488
-0.0551414829222031,22.7422991224678,24,27.0925988436928,0.194477060062792,24.4133971744586
0.388390531633195,25.4729096420165,24,30.1331267622378,0.523671850622419,26.1657393650263
0.583698998417755,26.4114590790154,22,31.1443706823267,0.716841283796136,26.9967207447972
-0.308555736436944,20.7950500829359,24,24.8229429181622,0.371765045076781,25.413016778888
0.282513822287816,24.8992571878959,25,29.5073249411804,0.00328453676860307,23.1799614241592
-0.712793595563029,17.2255029962524,18,20.4382981558704,-0.684680701764254,17.4930727997989
0.28956740504411,24.9389543723356,25,29.5508382099355,0.0756137384381599,23.6659419146992
-0.792271015513125,16.485802198184,17,19.4935397053892,-0.670909821122962,17.620955904633
-1.24331030775901,12.4097192330423,13,14.0225325400903,-1.05513942707821,14.0397150706112
0.750931283634598,27.1017347526458,28,31.8803944302756,0.572807200731003,26.3899706736218
0.486084330275217,25.9611354238217,26,30.6609546980885,0.179001428251774,24.3196545009933
1.33666269664026,28.8561486027841,31,33.7539820521307,0.826810425693924,27.4125571752218
-1.68673010903343,9.09172944701376,8,9.01458912886104,-1.44600525903894,10.7412864865702
-0.576794456087893,18.4728559152377,15,22.0032030047125,-0.636540780281137,17.9388086083263
-1.56777359790502,9.90263534562418,11,10.3059529669985,-1.86072076082287,7.89447029127237
0.686802477721506,26.8486465152491,26,31.6110907331664,0.293231406868429,24.9868525969545
-0.213605436881202,21.5560933408265,20,25.7203159161864,-0.286310972589581,21.0009444542698
-0.339835097476993,20.5366389430436,19,24.5152271839488,-0.892187396151412,15.5487206865796
0.618523095759817,26.563421967269,26,31.3068551326799,-0.18683809272255,21.7904384541672
1.49612168262538,29.1946420576677,30,34.1261468363972,1.26866126131154,28.7352720789286
0.0211647746178627,23.2742130929731,23,27.697577913506,-0.054481604979447,22.774840404997
0.942002221759848,27.7770569583604,27,32.5976306194823,0.291216545029316,24.975574943436
-0.491429562262028,19.2357446297064,18,22.9430207263907,-0.326818586602068,20.6679104454531
1.09901727703489,28.2525370848189,30,33.1038846725198,0.678594915079563,26.8427120062769
0.769085940681484,27.1708685002774,27,31.95387628095,1.15564168189117,28.4439559340237
-1.21673593468881,12.6346662439778,9,14.3393078744609,-1.25286283476322,12.2984527169226
-0.972655012068759,14.8085764866942,13,17.3023434820761,-1.07851129384853,13.8275987670166
1.31733005095634,28.8117181453312,29,33.7056461187446,1.59263330488242,29.4269797342045
-1.09220929173777,13.7225431459028,14,15.8422952702499,-1.2697986318526,12.1557504434984
0.930390052695754,27.7391804917417,29,32.5573953612015,1.03246110757448,28.0917811628565
-0.991630855841223,14.6341599713497,13,17.0702415225525,-0.937502704470739,15.1250947339578
1.35600026949026,28.899824749312,31,33.8015982674568,0.577789088259012,26.4122012448504
0.621667656117246,26.5769251021641,27,31.3212791056841,0.821956170129811,27.395016997749
1.26777326160297,28.6942356547374,31,33.578289781107,1.246660282811,28.6808041727604
1.31192011670958,28.7991460848516,30,33.6919868833154,0.553716056019346,26.3039259846763
-0.91214952958528,15.3683297015734,16,18.0415930147879,-0.985629116982076,14.6780015575303
-1.23442769739128,12.4846023667876,13,14.1282349967081,-1.07150178351244,13.8910671203862
-0.167916147550707,21.909165024173,22,26.1321316898158,-0.12359089859392,22.2704891801422
0.793900218853857,27.2636126932181,27,32.052412329618,0.318780836050659,25.1283552795306
-0.534100848131312,18.8567545427791,18,22.4777755979292,-0.0784848161681668,22.6020850275065
-2.2082535764235,6.0459936357989,4,3.83721569265719,-2.0566086020729,6.74233010680515
0.761982619795892,27.1439485483182,27,31.9252666582256,1.3972520268997,29.033442404373
-0.166860639531777,21.9172175904358,20,26.1414907716174,-0.25557653937222,21.2492566533167
-0.470206844933711,19.4223185225561,20,23.170865346312,-0.561000424419307,18.6293174950842
0.333317492104299,25.1804254442481,27,29.8148485239892,0.268867463210621,24.8493120132092
0.226875115548456,24.5785794471694,25,29.1546467237956,0.308269819368591,25.0704778714329
-0.27107701157758,21.09973884898,21,25.1838040033136,-0.234590162737273,21.4165869377214
0.82992942188124,27.3947443583174,28,32.1916736747238,0.179579277193156,24.3231738720646
1.0686676614481,28.1657557445841,30,33.0112553674251,0.448600539608055,25.8052453229476
0.952181723958671,27.8099407766104,27,32.6325687601861,1.1863956196455,28.5261082972642
1.07429345108,28.1820206827419,31,33.0286059557603,0.696655184548004,26.9160586641797
-0.153212431719282,22.0209132115723,22,26.2618783608287,0.169943757334731,24.2642951407975
-1.78666236303535,8.44823906081036,6,7.95662184841288,-1.61577968443722,9.50059740073342
0.813581926378861,27.3357583632033,28,32.1290375742141,0.489862473481887,26.0061076012246
0.470662949627057,25.8866129785107,26,30.5806519485447,0.800276118578583,27.3157785491022
1.177935194793,28.4674414640252,28,33.3339787395117,1.61562698563615,29.4690537169871
0.158328812161521,24.1648664863124,25,28.6964854279201,0.65607163701652,26.7496575307639
0.583803496032944,26.4119217816447,26,31.1448658787281,0.624673761374383,26.6169583598963
-0.970391601966681,14.8294218206624,14,17.3300258278561,-0.909612181944777,15.3855892628873
0.360208783526659,25.3248246466077,25,29.9721843591656,0.416421659799293,25.6438971867294
1.68013926774555,29.5298093855958,27,34.5041722256365,1.35657294980762,28.9427237644473
-0.0552448698450308,22.7415608598683,23,27.0917547355439,0.0892926424167572,23.7551905768973
1.39482974278481,28.9852672526163,29,33.89506225977,1.08315343683373,28.2413253467222
0.437679435952065,25.7240455517534,27,30.4051516067235,0.89593940717179,27.6545303955216
0.568380414625175,26.3431892473578,26,31.0712746147057,0.120546594401508,23.9559429891549
1.62399939470422,29.4332994528636,33,34.3940829738074,1.27572539905744,28.752539011413
-0.418720286020786,19.8691997346555,21,23.7133917874147,-0.228697759347669,21.46323938988
0.149487058162226,24.1099879427513,24,28.6354372985574,0.117604310931426,23.9372313604236
1.22332319479019,28.5843115238727,29,33.4596495117932,0.764956213300703,27.1834868057267
0.0798426725068576,23.6655336384113,24,28.1386094511671,0.263888383433306,24.8208889016582
-1.22790841306506,12.5397587865,12,14.205930906609,-1.29368720448996,11.9564119844483
-2.0094338286274,7.11666239716258,4,5.69275239531185,-2.07915885145544,6.6173894982804
0.666889886363904,26.7671755598747,25,31.5242787643391,0.2803794328506,24.9146182776867
-0.771839489674572,16.6763421051094,16,19.7381130704261,-0.368226372393794,20.3209534435662
-0.370690605215107,20.2781867305316,19,24.2059371839758,-0.331847087438201,20.6261224279157
-0.793262237053941,16.4765544478752,18,19.4816478097376,-0.9459139700142,15.0467132022882
1.32681394471485,28.8336106008202,32,33.7294504008597,1.77215373513283,29.734369708357
0.373158175882737,25.3932789918883,26,30.0466331103256,-0.00742033316677693,23.1060242776472
-0.391373545086313,20.1030388208507,23,23.9954716882255,0.231852952761439,24.635439758752
-0.0695409733172327,22.6390202428365,23,26.9743927601776,0.261685364780543,24.8082787163877
-0.879140864768355,15.6753940876336,14,18.4436386412467,-0.629691117944568,18.0019080684382
0.208100454769805,24.4673236454853,25,29.0317926858772,0.330104127347886,25.1901813551041
-1.39120999921677,11.2109187812344,9,12.2922905978434,-1.12011940032971,13.4536630959349
-0.416180047574602,19.8910270307179,18,23.7397746505406,-0.52098149239291,18.9896615845804
-0.945877084545486,15.0557019175412,17,17.6297528197836,-0.67460334199305,17.5866834840597
0.131881993984302,23.9996817205982,25,28.5125337963583,-0.196351487455651,21.7167310959475
1.28745582283426,28.7415240803459,30,33.6294777878939,1.60765672302503,29.4545642898793
-2.18008667709561,6.18968591710057,5,4.08662379968575,-2.49745214928404,4.70270959046523
-1.92159003902766,7.62594669941777,8,6.56787099973426,-2.12088147356067,6.39089248842763
-0.166337287636608,21.9212085318594,19,26.1461286870729,-0.0519060372834481,22.7932235683319
-0.135678777018796,22.1529579750268,21,26.4148228109302,0.154161892652195,24.1669657112546
1.19819030367086,28.5201861226192,30,33.3906409851384,1.69750018436276,29.6122691613226
1.1317080026864,28.3434088319276,26,33.201042761849,0.704553241664341,26.9477833695798
-0.000258389043621631,23.1275000940625,22,27.531347598704,0.237501359424297,24.6684624401726
1.11455056972237,28.2960479353107,29,33.1503830183649,0.647367633240063,26.7132212160242
0.631743891523416,26.6199519672141,27,31.3672255248101,1.01188549362858,28.0291654855585
-0.43236853035467,19.7515621092281,19,23.5710157100522,-0.583271736051509,18.4270417951806
-0.125857353859934,22.2263432235128,22,26.4996511690816,-0.179475060947799,21.8472184855888
1.94613891522402,29.9277256935462,33,34.9728218571727,3.39381202090241,31.1846636180729
-0.684208144292881,17.4901239384975,15,20.7732272155701,-0.149334992206102,22.0771969842407
0.294307590486603,24.9655118089771,26,29.5799309974619,-0.0702855732241375,22.6613869476633
0.103599916858717,23.8195828562051,21,28.3112996987502,0.2431128224139,24.7011311503268
1.92148862516565,29.894588267152,31,34.9326821616064,2.6338439265511,30.712873810732
-0.094787222861169,22.4557373458055,23,26.7640233804794,0.272294679989631,24.8688140394959
0.466301039096976,25.8653635393118,28,30.5577374600738,0.534515540183822,26.2160088577298
-1.20272112988548,12.7543910906873,12,14.5070066943027,-1.46238597336951,10.6164508611794
-1.62706280748493,9.49191980346824,10,9.65785500757418,-1.62428114787777,9.44143639876833
-1.10135560845743,13.6409315728941,16,15.7310607211812,-1.4086839259844,11.029943157424
-0.708607986152171,17.2643109253847,17,20.4875168432599,-0.694457748399218,17.4021159554166
0.631460057024747,26.6187449861199,24,31.3659369446979,0.632805996068048,26.6516646208178
0.790294526745058,27.2502605947282,30,32.0382289305227,0.515353948345972,26.126874636676
0.778271253742128,27.2054329340907,29,31.9906042849063,0.825639464412236,27.4083327785015
0.114637845520527,23.8902969795706,21,28.3903966287628,0.10017251572256,23.8255740578374
-0.5793059736494,18.4501378474767,19,21.9750150764806,-0.796871781201213,16.4435860975773
0.29527863548231,24.9709403066395,24,29.5858760030662,0.117604310931426,23.9372313604236
0.670032921550765,26.7801275992218,28,31.5380843648883,0.845011040634329,27.4776730362766
0.941958642409425,27.7769155399505,29,32.5974803800182,1.14864950468003,28.4249666333255
0.579589586882844,26.3932308571673,26,31.1248600681306,0.958564349824835,27.8615675928058
0.447126923119714,25.7710553329988,27,30.4559476184174,0.259402354852687,24.795188470717
1.25201803064459,28.6557750125622,30,33.5367263980446,2.18597929853452,30.288274835102
-0.87348482226922,15.7280900032055,17,18.5123949344851,-0.705539198942053,17.2988736610708
-0.250719501682458,21.2629171752883,17,25.3761919780866,-0.214607432823136,21.5742069830738
0.14554979450304,24.0854384577468,24,28.6081069194995,-0.224282223561326,21.4981035720629
1.5936071966487,29.3790142863913,30,34.3326355345805,0.652496128082296,26.7347221893478
-0.135911930740516,22.1512107939972,20,26.4128016903852,-0.0563329712004302,22.7616078217157
-1.58249070989931,9.79941801005304,10,10.1442282489666,-1.29825775417758,11.9185366107536
-1.35094536716623,11.528047449089,12,12.7574923871746,-1.23116463146853,12.4829201562298
1.07371440317735,28.1803503546787,28,33.0268239263532,2.15674504920983,30.2550344700103
0.521407718475886,26.1283173688203,26,30.8407788673147,0.495083879155239,26.0310492515323
-0.0843440724127132,22.531892537563,20,26.8515258664014,-0.224018833706689,21.5001806579831
0.0684706073286808,23.5908991540609,21,28.05475586236,-0.0266605856203162,22.9718323453342
2.03328355239912,30.0394339645742,32,35.1100052409951,1.24189257188818,28.6688614917089
0.487542971875768,25.9681355995393,27,30.6684931658461,0.48003584374303,25.95887933837
1.55694786583928,29.3115536292412,30,34.2567077053838,0.5604600459855,26.3344768756215
0.919165164119997,27.7021946758923,29,32.518112724953,1.2222765439648,28.6191961114716
-2.3461765244318,5.39110306979232,4,2.69987517512985,-2.56442236667699,4.48377407341291
-0.687586253492391,17.4589057627147,17,20.7337973714553,-0.642252302694991,17.8861277441195
1.0624527818869,28.1476921826946,29,32.9919913364356,0.439533519197061,25.7602030447729
0.491360145039366,25.9864150302144,26,30.6881744840707,0.766073162508087,27.1877319586085
-2.143114633498,6.382685158493,6,4.42157856938886,-2.16014913106303,6.18360630377062
1.67124623305977,29.5148389371582,29,34.4870200619437,1.67299534216495,29.5704575027108
0.342660573040669,25.2309401566521,26,29.8699342612745,0.114967746037168,23.9204309104775
-1.04094311506034,14.1842103573743,15,16.4673866473458,-1.39076689145376,11.1706202849089
-0.18941680071265,21.7441072116632,20,25.9399666937955,-0.567021654080673,18.5747473943644
-1.32522424511584,11.7343001068653,10,13.0570137464946,-1.4591976187002,10.6406605203569
0.906239651835927,27.659147318766,27,32.4723986777374,0.293043269793887,24.9858002858398
0.7771291796538,27.2011503323477,28,31.9860539562924,0.923095849793022,27.745694134589
-1.19080477504086,12.8567663458758,13,14.6499248389357,-1.2811990707483,12.0603322565544
0.37470434241809,25.4014058190842,25,30.0554657512194,0.489442939491895,26.0040989615427
-0.313637510184693,20.7533189347297,19,24.7733528554646,-0.00839976075667481,23.0992336251777
1.82223466204273,29.7537972512583,33,34.7646196844973,2.05454140407931,30.1324292805637
-1.01049882773122,14.4613976108554,13,16.8394807323926,-0.777897235362351,16.6217235743739
-0.89332050613868,15.5433796689853,14,18.2710833640585,-0.809561177372509,16.3243954142679
-1.33232446999985,11.6770808886269,9,12.9741514043072,-1.35627283636688,11.4452903865674
-0.421861377355973,19.8421800094224,21,23.6807177903635,-0.272033100174974,21.1167762139928
-0.304543324408284,20.8279299435343,22,24.8619867440407,-0.307499351501561,20.8275479727112
-0.0360447242684008,22.8778516578188,21,27.2473766888901,0.144545918155995,24.1071173506157
0.169952134618787,24.2364812955761,23,28.7760542098868,-0.149222454243903,22.0780482729061
-0.707630516306434,17.2733709570717,15,20.4990024080234,-1.03161284819572,14.2545887582613
-1.05191929791679,14.0847981017064,12,16.3333622758447,-0.729080964866852,17.0790701986068
-2.11714019906279,6.52105488611361,4,4.66164936589275,-1.3952034515753,11.1356591811103
-0.189851069300471,21.7407532910252,21,25.936055501491,-0.632710785060688,17.9741015340024
-1.30274140735237,11.9169005250321,11,13.3202912988789,-1.43237570682358,10.8460183716552
0.429749321500037,25.6843080799367,26,30.362183652201,0.223534211884753,24.5865510515086
-0.607721888463427,18.1921409682038,19,21.6540846441141,-0.564329994717783,18.599152684606
-1.39626876746059,11.1715739627345,8,12.2341649366363,-1.37201594326816,11.3193052054909
-1.22054580626248,12.6022483842278,10,14.2937941235281,-0.938765619456237,15.1133203273933
1.7549344082916,29.6511837103629,29,34.6443601586989,1.23659651563107,28.6555366533065
-2.34050295651686,5.41626250830394,6,2.74363647438235,-2.72219639239349,4.06733679911039
-0.624306101291051,18.0408006459,20,21.4651301437148,-0.697643061950235,17.3724552708718
-0.881052987495895,15.657583822943,15,18.4203845511315,-0.929764733949716,15.1972797831851
1.72698149563073,29.6067545609759,31,34.5928022119898,0.728489235180453,27.0426393802764
-1.11932749493359,13.4812940315599,13,15.5128103597743,-1.1312265363102,13.3547064829646
-0.466230653316187,19.457125084008,18,23.2132840520647,-0.30711895738748,20.8306766025855
0.233159993252997,24.615477661019,25,29.1953345821619,0.379645937903136,25.4543572594021
-1.17104964801514,13.0276224409279,11,14.8874896027987,-0.841013078745812,16.0289181035379
0.617278735368132,26.5580685870148,27,31.3011360655644,0.697688047077662,26.9202195250776
0.629630014245932,26.6109559021668,25,31.3576208602423,1.35513316151386,28.939453318399
1.2961768168393,28.7622106301773,32,33.651901151897,1.46892360218844,29.1856351313885
0.0726153093708302,23.6181678024561,25,28.0854070807657,0.193409252172564,24.4069630662387
1.4837977369383,29.1701709989488,28,34.0989686935699,1.53051543820583,29.3090363219388
0.595375345367629,26.4629096725876,27,31.1994169924598,0.734121846075051,27.0646815119819
-0.766798989330834,16.7233196670163,16,19.7982823103565,-0.76268353031552,16.7644337187589
0.584649259258649,26.4156652222237,30,31.1488721006069,0.818602575923279,27.3828563576533
-1.10626432784818,13.5972327098985,14,15.671406000395,-0.585658713618948,18.4052936442042
-1.08589478582883,13.7790268308638,11,15.9191485529156,-1.19248419847788,12.8161673337418
0.125856304675039,23.961609856721,24,28.4700528915178,-0.114884058130827,22.3352010041834
0.832854020586385,27.4052082001057,28,32.2027841450536,1.24103006603549,28.6666956518867
1.44721812832976,29.0959269811798,31,34.0167999060433,1.12653819126722,28.3641448424987
0.38946106282178,25.4784699740545,26,30.1391619338354,0.5153213851098,26.1267219663702
0.450870020681495,25.78958137238,22,30.4759553072142,0.160970429749927,24.2090912945821
-1.11878055525862,13.4861377684576,12,15.5194457630329,-1.36995187816271,11.3357632593168
-1.83932640545155,8.12131547521753,8,7.4088735321749,-2.12245534146721,6.38247172400821
0.575111817860994,26.3732969626729,26,31.103518619927,0.841532048200353,27.4653052221469
0.208435765756959,24.4693242206464,26,29.034004103858,0.444005293738027,25.7824585519336
0.75876984181652,27.1317181548878,27,31.9122671911695,0.545327218139385,26.2656855146646
0.627603205955477,26.6023152036674,25,31.3483947023218,0.970893815113921,27.9010166840411
0.443673052416873,25.7539108705314,25,30.4374267440898,-0.0234836469496414,22.9941052730301
0.392769321613495,25.495623158182,24,30.1577763817427,0.0965157208788735,23.8019772616469
0.640528308381188,26.6571633436648,28,31.4069442879169,0.751862854206484,27.1334197755231
1.11445071957938,28.2957701726483,28,33.1500860569251,1.29294544150434,28.7941845613465
0.0253201231577021,23.3024324859506,21,27.7294961100248,-0.02405799617363,22.9900819908025
-0.377201855779593,20.2232099818214,22,24.1399499478349,-0.451321180429659,19.6061251215494
0.313484072747666,25.0719687207437,25,29.696410289787,0.252917329691042,24.7578815175518
0.583263741442634,26.4095313772684,27,31.142307574757,0.542709958362116,26.253700489387
-0.922391478926584,15.2732558309416,13,17.9166197439853,-1.00954472033523,14.4572631521215
1.20500160014494,28.5377082012841,28,33.4094837746161,1.08306869007866,28.241080836756
-0.106206923046704,22.3719138197917,23,26.6675574088128,0.346102406954031,25.2766117124315
-0.224532339086951,21.4703639897176,22,25.6198922865793,-0.0291004096150137,22.9546962688848
1.36479383203535,28.9194364022887,29,33.8230133196419,0.755748659822664,27.148337022949
0.67528115893179,26.8016773878509,25,31.5610505242728,0.126360242327197,23.9928008997392
-0.429532908207112,19.7760531094869,21,23.6006829158378,-0.673782192949028,17.5943047564855
0.114750285448077,23.8910145202258,22,28.3911986709152,-0.332604262360616,20.6198217296833
-0.54357474520531,18.7719529797344,19,22.3732302663656,-0.728922987589212,17.0805471262022
-0.807520266255179,16.3435061794377,16,19.3103346155517,-0.566388407998073,18.5804906188378
-0.135582862296442,22.1536766618191,22,26.4156541599853,-0.0814164655943819,22.5808085329428
1.2351808069818,28.6140662234692,31,33.491718391598,1.53363562576013,29.3151134942536
1.93011264182661,29.906261385909,31,34.9467947450732,1.77233453860001,29.734656076614
-0.257647033418254,21.2075747511137,20,25.311011345129,0.147158740273661,24.1234200562086
-0.519774547565934,18.9845473428533,22,22.6350152372615,-0.433779212670459,19.7589893600254
0.198844599662039,24.4119048623771,24,28.9704998185106,0.0792442500216004,23.6897117169643
0.581291353186154,26.400787060275,25,31.1329484101159,0.38537207497419,25.4842338020688
0.115986507299294,23.8988998031247,22,28.4000118283746,0.165414158942847,24.2364739139373
0.36421969222571,25.3461022694597,29,29.9953346632115,1.41730659609437,29.0769921152673
-0.334193226854294,20.5835197441185,22,24.5711661029746,-0.317356775818556,20.7462760305458
-1.28346667274468,12.0751402117823,11,13.5470629384385,-1.01032459755059,14.4500834787389
0.219136135130845,24.5329067368696,22,29.1042439800696,0.674920070936144,26.8276499798572
1.07201426137407,28.1754410994388,29,33.0215866508306,1.21712073255656,28.6059997394318
1.11616403912232,28.3005328298883,28,33.1551781392458,1.52343825815509,29.2951909124823
0.366367954788522,25.3574710501055,26,30.0077005312583,0.0935319056617651,23.7826784526492
0.162680165978291,24.1917467098899,24,28.7263640037071,-0.0122658677494884,23.0723864574572
-0.375599081005295,20.2367566802719,20,24.1562161119114,0.0652501993492938,23.5977617860515
0.867950726018493,27.5287043758621,30,32.3339010399757,0.845682405050059,27.4800554649054
-0.219080296770056,21.5132007204167,21,25.6700924061937,-0.408768643261725,19.9751635214067
-0.366186223841637,20.3161306528262,21,24.251440150811,-0.291141001666296,20.96157460643
0.650966546963725,26.7010202826193,25,31.4537361513579,1.34833923579489,28.9239653107206
-0.841439805002716,16.0269341317167,15,18.9010200338722,-1.14928054069307,13.1946870534427
-1.30189921402791,11.9237821760781,9,13.3301796269941,-0.805928913536696,16.3585163025618
-1.15102779483313,13.2021837914007,12,15.1290153930564,-1.07652594932271,13.8455620813097
-0.606203408823801,18.2059706992816,18,21.6713258969845,-0.281068855984415,21.0435674762286
-0.513374625090641,19.0414586135565,19,22.7049218006926,-0.361111970597051,20.3810212694275
-1.06749804325687,13.9442152832446,13,16.1432989099952,-1.09188887783564,13.7068372806334
0.723039356133553,26.9933774181012,24,31.765157585466,0.664212115111537,26.7834939720273
0.853643531274019,27.4788208970965,27,32.2809408477707,0.645365894950791,26.7048038242583
0.220715313108661,24.5422477961581,23,29.1145559691908,0.322130072749107,25.146698875989
-1.82245098648901,8.22521173465537,8,7.58363431318608,-1.69891385698212,8.93324041252759
1.31661365131515,28.8100568260526,27,33.7038406926406,1.15224373143883,28.4347423510753
-0.211211612559754,21.5748087171948,22,25.7422167840194,-0.269547897891685,21.136853649984
-0.83966919459988,16.043456464672,16,18.9224423900061,-0.816350593915284,16.2606121584888
-0.410138361516998,19.9428545779492,19,23.8023757248219,-0.0773038575406525,22.6106449921052
-0.0813266185803004,22.5538076779287,23,26.8766819828371,0.179005733625917,24.3196807282231
-0.254768349354764,21.2305953033952,19,25.3381327753017,-0.272037755266158,21.11673858295
-1.48609331710598,10.4914454109847,10,11.2140935492359,-0.822359856689334,16.2041553109161
1.14251329215234,28.3728633784987,27,33.2325754808299,0.896148407527405,27.65524023895
-0.75198761876337,16.8612752903016,16,19.9746809347696,-0.670036413355314,17.6290572839675
1.31550758698121,28.807489778376,29,33.7010512396763,1.28177226572269,28.7672346695473
0.460270030656907,25.8358582486835,26,30.5259076633211,0.450518300500105,25.8147301547911
-0.288813844766556,20.9562270526671,20,25.0140990938886,-0.11192312416535,22.3571310832078
1.22103182380392,28.5785250437705,30,33.4534166550639,1.74005529947325,29.6828240436147
-1.65277441936498,9.31791284398872,8,9.37958040042327,-1.33829075049186,11.5904726619204
0.226823558903646,24.5782760460919,20,29.1543120446346,0.577743433303134,26.4119979367229
-0.349862565334541,20.4530264006863,20,24.4153347842486,-0.0794874940615679,22.5948124009756
-0.670049499978357,17.6207956927191,16,20.9380312661069,-0.413668677117058,19.9329786649855
0.148995517279508,24.1069268726801,23,28.6320301879218,-0.10474939075938,22.4101019191451
-0.265841731900251,21.1418609549618,19,25.2335245367559,0.0286456149218639,23.3530579169516
-1.40969248530142,11.0677106873163,11,12.0802751657368,-1.54394832247803,10.0114409646764
1.54762509687518,29.2940437669538,29,34.2370739555557,1.01890359003158,28.0506495542396
0.798883311647774,27.2819963313325,27,32.0719392964927,0.569290652969009,26.3742234594693
0.220975011345369,24.5437829008329,24,29.1162504618433,0.41348792309394,25.6289794153215
-0.0157648039873893,23.0200272194305,21,27.4092710360024,-0.157269524749369,22.0170370766263
0.73854305440171,27.0539306167385,30,31.8295656846454,0.728489235180453,27.0426393802764
-0.796001560196751,16.4509961013977,19,19.4487712691384,-0.469215656804043,19.449170207471
0.170250547654893,24.2383120179378,25,28.7780868254438,0.996450589672195,27.9814498125883
1.54683315936149,29.2925496488845,29,34.2353999617233,1.10555059146295,28.3053131516837
0.0240168142712088,23.2935899052107,24,27.7194964188195,0.0214922805301172,23.304529135547
-1.22588610992803,12.5569020782452,13,14.2300522460795,-1.06815046945888,13.9214574408114
0.801281117656452,27.2908138429278,28,32.0813047101669,0.800166205680744,27.3153730536876
0.431609438075179,25.693651880908,27,30.3722895487246,0.123740725783502,23.9762122297881
1.92772968060062,29.9030445496986,32,34.9429027326276,1.97458980035154,30.0290882564385
0.07528163872605,23.6356693178625,22,28.1050709404205,-0.261593558938177,21.2009461011301
0.241671802252985,24.6651749871853,27,29.2500915371544,-0.249837720786944,21.2951949004378
0.444272612925528,25.7568904336231,28,30.4406458797562,0.724266297090235,27.0260442471125
1.53317883346392,29.266621949805,29,34.2063841274443,1.90892775768182,29.9389325777284
-0.302328975950744,20.846049040053,20,24.8834920472033,0.0239689438816818,23.3213572276386
-1.38310822428286,11.2741629131884,10,12.3855306981322,-1.02294850511923,14.3340391816144
0.770066936261425,27.1745731935312,26,31.95781318069,1.13054162482768,28.375244725406
0.0145304658930184,23.2289986018123,23,27.6463999024616,-0.179509999295288,21.8469496099379
-1.94733269832578,7.47460702739692,9,6.30873959104378,-2.0777233525612,6.62529143082646
-1.67272800837366,9.18451089795212,11,9.16475565646601,-1.47927870828843,10.4888919022287
1.57241680980273,29.3402882483251,29,34.2889925400337,1.72062496797262,29.6509279788372
0.72025076286381,26.9823995616592,27,31.7534778399633,0.505487429836165,26.0804295600654
-1.09883621689952,13.6633875465378,13,15.7616904157672,-0.755417390191513,16.8325435339051
-0.791935819168034,16.4889293979521,19,19.4975605885215,-0.989760028005113,14.6397980572618
0.0269037276526389,23.3131665563144,24,27.7416324583341,-0.0098229744250248,23.0893583477727
1.56959110849362,29.3350688144703,28,34.283122140867,2.08312125229632,30.1677499497586
0.307439718880908,25.0385834251949,23,29.6599060744291,0.228624864847541,24.6165044870422
0.878851700741451,27.5662918820589,28,32.3738071597576,0.693732309084649,26.9042641760954
-0.654979114577046,17.7595537777831,17,21.1126108097586,-0.310661340216122,20.8015195718795
-0.381381764238792,20.1878387325933,21,24.097458295487,0.070216493262352,23.6304948372941
0.0653458352304626,23.5702898903657,24,28.0315791956717,-0.310097135001817,20.8061667869571
0.113812656734287,23.8850292701174,25,28.3845082214409,0.0795344364044065,23.6916090653551
-2.75270234650669,4.06120266698646,2,0.311640613284442,-2.12474849327916,6.37021900043069
-1.97709604457652,7.30178690963862,7,6.01181763792288,-1.54501991196787,10.0036721969494
0.684882494869867,26.8408514889022,28,31.6027875132123,0.992590993388188,27.9694173986971
-1.10953824781776,13.568127261074,13,15.6316363479458,-0.82230122583987,16.204706150637
-0.707215800850824,17.2772145684329,16,20.5038744579262,-1.39108180919338,11.1681359039374
0.00450707568926231,23.1603131154407,21,27.5685676349469,-0.148825506229454,22.0810505271203
0.127489880842949,23.9719472184409,23,28.4815905168939,0.118495435315032,23.9429026266787
-0.374647633180906,20.2447940540398,22,24.1658649914364,-0.388355938212472,20.1499980650351
-1.29174612138514,12.0069784079991,10,13.4495350504307,-1.15592185632472,13.1360884802595
-0.592804454409638,18.3277964905283,21,21.8230176452359,-0.56689154306963,18.5759275150707
-0.909647341843905,15.3915733206542,17,18.0721107185334,-0.841708066108041,16.0223899429641
-1.70613020498749,8.96428429624962,12,8.80731928159187,-1.69855393080736,8.93564462467416
0.384803046931295,25.4542417485236,25,30.1128605078435,0.305586506539016,25.0556273044392
1.16619167419688,28.4364185807144,27,33.3006901585534,1.246660282811,28.6808041727604
0.978832584444278,27.894637702007,28,32.7225908694834,1.17163452258448,28.4869538291014
-0.0247416829984475,22.9573193696006,21,27.3379222134772,-0.0262271008583808,22.9748741104162
-0.884176950346439,15.6284911981558,17,18.3823824465717,-1.10121929958247,13.6229049603446
0.138959223746056,24.0441907315841,25,28.5621575002936,0.441490902989013,25.769954563356
0.313275356037039,25.0708184931818,23,29.6951529708509,0.240920381478215,24.6883835930142
-0.127930793753268,22.2108853286797,20,26.4817931103685,-0.495681249741057,19.2152257502283
1.06644988228957,28.159321291949,27,33.0043926717552,0.734982395153276,27.0680397993835
-0.937079454086052,15.1371163101746,14,17.7372533021118,-0.959523929815987,14.9200892937954
1.97750113758134,29.9688869398258,34,35.0230225628596,1.34231202212673,28.9101478031173
-0.63612621910947,17.9326164452977,19,21.3297414801615,-0.875220380649624,15.707785724857
0.542842702407284,26.2274124645701,27,30.9471635824278,-0.00771176318670033,23.1040041629135
0.720514587055766,26.9834392911309,26,31.7545840876672,0.421713695551873,25.6707185000296
-1.01170808031046,14.4503494308732,14,16.8246938523673,-1.53531298911728,10.0742125208289
-0.326540855052146,20.6469173014481,19,24.6467332188237,-0.485378794435546,19.3065458504748
-0.610964776463987,18.1625903941354,18,21.6172300921215,-0.0843961622215121,22.5591439628401
-0.383454384748845,20.1702770634412,20,24.0763507882364,-0.314798197147551,20.7674073136253
0.79766999886483,27.2775275419057,27,32.0671927081775,0.553542793652428,26.3031388446133
-1.05965379446963,14.0149244696129,11,16.238974485273,-1.14051776547937,13.272224447517
-0.821639124658463,16.2117295474219,15,19.1402447380403,-0.513081034311988,19.0602928791451
0.324597148651774,25.1329448100637,24,29.7630263834108,0.530261137178004,26.1963395461506
-0.921455471518974,15.281939942291,13,17.928044670206,-1.21749601002604,12.6000470495587
0.735822714422226,27.0433643844355,27,31.8183287593199,1.38346065264956,29.0030473112966
1.18724011475627,28.4917908955153,31,33.360126158817,0.468669923693174,25.903780995783
0.310522739712411,25.0556315973282,25,29.6785496649863,0.0888897855419139,23.7525741881964
0.0131351923187811,23.2194643889076,24,27.6356023441399,0.202917339974102,24.4640769771356
0.82022500877829,27.3598302904789,27,32.1546002208285,1.23169403263262,28.6431467335773
1.10764959123449,28.276792157151,29,33.1298002262581,1.21300116414011,28.5954126545801
-1.54372088060874,10.07318338738,9,10.5715000340372,-1.55419192514437,9.9373640150183
-0.523338043175482,18.9528111563051,16,22.5960005737531,-0.172217408118476,21.9029570487188
0.879263761644202,27.5677056283039,27,32.3753081345982,1.21197706385055,28.592774823463
-1.06745873151425,13.9445692456611,13,16.1437782535929,-1.08798631224178,13.7420156139892
-2.29491860967743,5.62425333880206,7,3.10507570526073,-2.06207938624824,6.71186151752836
1.40633336838522,29.010013793273,32,33.9222152290414,1.67316078360098,29.57074275082
1.24691411797502,28.6431983539725,30,33.5231479082594,1.53730764152403,29.3222443913397
0.30504050240011,25.0252884200612,26,29.6453628994734,0.165945685908354,24.2397433346386
0.838137149178698,27.4240426125147,27,32.2227819242036,0.545800615264217,26.2678505468444
0.897812542608976,27.630815228646,28,32.4423145182975,0.376981882744085,25.4404112570981
0.539932495214978,26.2140616963145,28,30.9328392639979,0.826403365880293,27.4110891366023
0.462547522096486,25.847017369829,26,30.5379476523482,0.766515220283399,27.1894109531203
-0.347772295180369,20.4704862492996,18,24.4362073537463,-0.799830832266668,16.4157950896804
0.44145792859288,25.7428900919662,25,30.4255185036354,0.433468132582543,25.7298882904221
-0.620207370739569,18.0782536313768,16,21.5119397516069,-0.207247985575345,21.6318326040214
-0.472644469884141,19.4009566118239,18,23.1448180360985,-0.519347919085503,19.0042802041227
0.831554161455855,27.4005607845262,27,32.1978495635208,0.488987457408201,26.0019174333385
-1.40124381713353,11.132988992752,11,12.1770715610263,-1.53530356918011,10.0742811588935
-0.282401655786112,21.0082518542724,19,25.0756736981275,-0.186959527857862,21.789500051788
0.227160270127208,24.5802573176808,26,29.156497534012,-0.01311591970224,23.0664744349708
1.21309844842115,28.5583982669414,31,33.4317463135014,0.548953853764291,26.282250004351
-0.21823368609786,21.5198415587127,22,25.6778710041113,-0.366190873377765,20.3381584411747
1.29505851682053,28.7595670362717,29,33.6490345231103,1.50144002351813,29.2516067089684
-1.44010310530145,10.835314052095,10,11.7335299741462,-1.34815663838958,11.5106497751213
0.481620399174174,25.9396604836129,27,30.6378234205037,0.264198689767654,24.8226634215616
0.516448022025545,26.1051365143768,27,30.8158712814177,0.771805005478613,27.2094530615981
0.338076198420379,25.206200091249,24,29.8429616411976,0.319856904893896,25.1342540348603
0.566941356918355,26.3367306773443,26,31.0643561389404,0.500099519521377,26.0549082583815
1.59913563614688,29.3889982467014,31,34.3439126141596,1.40266064783816,29.0452628474832
-0.633156944577505,17.9598169012403,20,21.3638067084083,-1.16114044901052,13.0901457707589
-0.570752673192814,18.5274482934833,21,22.0708921507944,-0.70832135867452,17.2729295270475
-0.65422988594541,17.7664428132491,17,21.12126696357,-0.390395354421392,20.1325965515275
-0.627270784135667,18.0136904636313,17,21.4312274899771,-0.36281978747857,20.3666189537515
1.22123209899752,28.5790312814017,31,33.4539618976957,1.83037173039703,29.8243417893406
-0.642242623418652,17.8765368782091,16,21.2594560509978,-0.798019410259166,16.4328079914583
-0.331482147375751,20.6060052256231,18,24.5979783230411,-0.62586394699312,18.0371256012917
0.0797128445894424,23.6646848516163,24,28.1376565100673,0.186494701300749,24.3651770778109
-0.372903029688432,20.259523305082,19,24.183543658376,-0.192043176767749,21.7501588412796
1.58787238231995,29.3686056650501,32,34.3208900513,0.985759236421641,27.9480195987553
-0.0811771701844934,22.5548920496376,26,26.8779264362645,0.149554367167918,24.1383407456666
0.430816593529444,25.6896709503869,24,30.3679841144231,0.107503601560196,23.8726991023824
0.0433479016452098,23.4239653300592,21,27.8667556143381,-0.165290821233026,21.9559404000365
0.93541130195215,27.7556066497739,28,32.5748435724118,1.64611595103176,29.5235695973397
-0.330815881865145,20.6115269841378,21,24.6045608318948,-0.269953389017475,21.1335794833693
0.952373230734404,27.8105565746207,29,32.6332230915584,1.49326521329627,29.2351964907366
1.45069990626869,29.1030989721672,27,34.0247192625047,1.86523374384509,29.8761326969245
0.850522151072322,27.4678541681814,27,32.269297566099,0.396760658286124,25.5432538562129
0.612682374558774,26.5382455584133,26,31.2799558611984,0.815247654006747,27.3706557283836
0.0992835005538857,23.791781689717,25,28.2801729029469,0.262189386965732,24.8111656182128
0.00709559061324896,23.1780940071731,23,27.5887265331876,-0.25340090977804,21.2666881543083
-0.398760307630249,20.040125632965,18,23.9197018717482,-0.237272417258637,21.3953024521873
0.227176071490268,24.580350283657,25,29.1566000803688,-0.0209219962492146,23.0120313498873
1.5194485148688,29.2402295174137,29,34.1769113305553,1.74316055589601,29.6878725830713
-1.02750917170563,14.3062694438144,14,16.6315243344432,-0.997519792215717,14.5681176684242
-0.711697809381177,17.2356647268231,15,20.4511892296536,-0.349184779410499,20.4813034115119
-0.418239669824858,19.8733311268446,18,23.7183862716406,-0.075400342203357,22.6244291407594
0.22816139352614,24.5861451838044,23,29.1629918052841,-0.276588597709367,21.0799082802101
0.879842842613024,27.5696915378524,26,32.3774165788286,0.838668624460226,27.4550978661911
0.508704659514741,26.0687547342653,26,30.7767626550414,0.149009136075675,24.1349471364341
0.598620259905785,26.4771184329648,25,31.2146126273258,0.346706216727799,25.2798527313243
0.105544821768381,23.8320823605977,24,28.3252889061237,-0.106928112104926,22.3940383979657
0.0802387205989805,23.6681224485554,21,28.1415158351782,0.268907336527776,24.8495391976398
-0.307739112928026,20.8017469348176,22,24.830897229569,-0.0683077813729288,22.6756464597756
-0.733309614553469,17.0350206761291,19,20.1962172875851,-0.149658212528844,22.074751689763
0.851701718638835,27.4720020276057,26,32.2737013238817,1.10513985383996,28.3041509561659
-1.40914930697257,11.0718981836213,12,12.0864922975246,-1.70062654360453,8.92180612926448
0.562085617835384,26.314880354592,25,31.0409455510715,0.474387909221216,25.9315634269387
1.49108047148353,29.1846645528968,30,34.1150596637579,0.834602380371881,27.4405593862465
-0.545471208477114,18.7549502381088,18,22.3522493861004,-0.892115238670643,15.5493967404001
-0.504587740527674,19.1194133317244,20,22.8005582821733,-0.385130184206559,20.1774918321734
1.22123209899752,28.5790312814017,31,33.4539618976957,2.33625142560864,30.4474196279088
1.11244089160473,28.2901739496911,29,33.1441033833265,1.13139141961351,28.3775958501734
0.00946971001621789,23.1943758391727,23,27.607179671872,0.327002460471425,25.1732999140901
0.946173447011776,27.790567620257,30,32.6119845415044,0.892236116408553,27.6419312834186
0.926522695063596,27.7264791408007,28,32.543904591424,1.06388126199098,28.1852518900819
0.592473573178903,26.4501705039773,28,31.1857907816988,0.274119197910337,24.8791754824068
0.997293669004042,27.9521405738301,28,32.7837432435044,1.55163134988565,29.3498441014758
0.0337746912227895,23.3596095864607,22,27.7941130834504,0.192085275184549,24.398978398421
-0.745253001180904,16.9239534189581,17,20.0546796754863,-0.967689082706405,14.8442522366967
0.0839120508707748,23.6921000817739,22,28.1684278316828,0.309716794951379,25.0784733103225
-1.29178965252466,12.0066207854637,14,13.4490227430245,-1.31988031172274,11.7405174905285
-1.6666380781932,9.22507683693644,10,9.23021724320388,-2.01937944961996,6.95227227308885
0.966753037777083,27.8564973276843,28,32.6820458236097,0.579157647791248,26.4182920619608
1.25678502757622,28.6674694465465,28,33.549357957662,1.20312645651582,28.5698787974397
-1.30522530384253,11.8966217374246,11,13.2911383614931,-1.60633127273205,9.56666391055114
2.03328355239912,30.0394339645742,32,35.1100052409951,1.55898940543458,29.3638891754574
0.969137598165745,27.8640589287695,28,32.690083247166,1.09098038855497,28.2638294847488
-0.371963614114012,20.2674500882067,21,24.1930556702848,0.0936816037923859,23.7836476311389
1.1362968162038,28.355952560127,29,33.2144689364773,0.589018826989001,26.4619753936379
0.337295285499069,25.2019769785638,25,29.838356254815,0.315900884276168,25.1125439077306
0.421367414347994,25.6420297211244,28,30.3164377744816,0.110059383927441,23.8890710741092
-1.78154000949909,8.48046685979131,6,8.01026480217468,-1.66350689117862,9.17188170268148
0.281288132943376,24.8923372467609,24,29.4997365488147,0.448878039443263,25.8066186840876
-0.777130470364858,16.627016283951,16,19.6748808392423,-0.786743869525763,16.538686181377
-0.414704269189663,19.9036979833486,18,23.7550851860225,0.00985984999884099,23.2251192826898
0.444836368478329,25.7596907421823,25,30.4436712082305,0.327607736018001,25.1765974373495
0.265576299551831,24.80305817644,26,29.4017466396046,0.329803751734894,25.1885482769249
1.38761546214307,28.9696170599386,31,33.8779100960772,1.13037939077816,28.3747956737673
1.37959162379561,28.9520911878672,29,33.8587200671869,0.860279978329413,27.5315169362981
-0.425558493746305,19.8103357270154,17,23.6421883358597,-0.503597767543587,19.1448426076728
1.02115421284576,28.0250733663695,30,32.8613538932115,1.07754955103411,28.2251179723829
1.23506161799359,28.6137687143439,29,33.4913975844566,1.37044819099556,28.9740306380364
0.0941284360750321,23.7584697262998,23,28.2428537959381,0.499949221684512,26.0541947211732
-0.227825311821326,21.4444318791518,21,25.589482173214,-0.453322331467908,19.5886232255378
0.0532530499332033,23.4901202269435,23,27.9413329480724,0.0491972228394497,23.4911930515355
-2.07568346038484,6.74631138915609,8,5.052181454426,-2.10478167897225,6.47755442444374
0.379463024243561,25.426355689506,27,30.0825748232948,-0.0362087231345393,22.9046180319185
-0.0393482360760483,22.8545185054838,21,27.2207638151395,0.141814177477881,24.0900399930111
-1.8285403586124,8.1876294009629,7,7.52048954175537,-1.83537116416961,8.05189502095181
-0.117093505013593,22.2914734106762,19,26.5748343304507,-0.186422975523298,21.793645836063
0.334743268433904,25.1881579302449,26,29.8232839075635,-0.00791602750381232,23.1025880285861
-0.289190802321338,20.9531636362257,20,25.0104714178776,-0.219315390920468,21.5372227449487
-1.03365143786537,14.2504101631488,14,16.5564648033649,-1.2468272458359,12.349581453563
1.02906704284922,28.0489190137925,27,32.8867426198303,1.20904044972973,28.5851976690576
1.01851164103059,28.0170722623203,30,32.8528366170984,1.14849438909727,28.4245440498949
0.0114873896706185,23.2081933706738,22,27.6228352171807,0.540201365700891,26.2421887873464
-0.297082201941001,20.8889057931336,23,24.9343282393663,-0.500183758494828,19.1752177504135
-1.96839356268953,7.35207782105704,7,6.09832397382248,-1.63294653540055,9.38140899751466
1.15900659900128,28.4172757376711,31,33.2801627044576,1.43216477428824,29.1087688736178
-0.788655379880225,16.5195322879829,16,19.5368969628073,-0.436435581565624,19.7359060512032
1.90436951116343,29.8711584206838,33,34.9044428252742,1.31146601162645,28.8382789943979
1.4772620111824,29.1570834580508,30,34.0844532272395,1.20399047760031,28.5721218115189
-1.03514362477978,14.2368528200866,16,16.5382330851376,-0.783933489646394,16.565068901158
0.107712374922354,23.8459928478566,23,28.3408532423894,0.16080388294433,24.2080633084149
-1.30647128551721,11.8864592098713,12,13.2765206929823,-1.41563538932654,10.9757304031418
-1.17665590636754,12.978993875073,12,14.8199940063916,-1.40160604588966,11.0853527318227
-0.333875947471142,20.5861526490288,20,24.5743062381458,-0.399553342277476,20.0542735434972
-1.16053504812769,13.1191225961851,13,15.0142377655677,-1.06280318253235,13.9700074071852
0.658625808018723,26.7329538262269,28,31.4877933332569,0.661957992324836,26.7741477907767
-1.30932768575198,11.8631864574393,11,13.2430253609067,-1.52500153687885,10.1495604020808
-0.179670959219838,21.8191669441505,20,26.0274306479887,-0.737750020034893,16.9979873047162
-0.107497107094526,22.362407702375,23,26.6566074578021,0.115175988620065,23.9217589893991
-0.0941053429659665,22.4607244590729,22,26.7697576207908,-0.205842199934214,21.6428139853286
-0.211439776706155,21.5730259101661,22,25.7401308760726,-0.313084706086314,20.7815447609468
0.524995613329057,26.1450274214099,29,30.8587285313658,0.344278638878262,25.2668131482958
-0.302818409461204,20.8420458318258,21,24.8787413414654,0.226061692152995,24.6014369603354
-1.47591395080351,10.5667759348737,9,11.3285536955354,-1.37609404448054,11.2868410982763
-0.207464689252678,21.604055161224,20,25.7764251223706,-0.639479651018943,17.9117089866486
0.0496670533826357,23.4662207092478,25,27.9144019068201,0.44511921108329,25.7879899523901
0.316671861835201,25.0895134256842,28,29.7155852632765,0.468667291403081,25.9037681764103
1.05444585018216,28.124271434933,25,32.967021970419,1.95590833717332,30.0039387690534
0.320795260982002,25.1121433643508,26,29.7403090792006,0.834440539282694,27.4399796829235
0.0324793904205419,23.350870411547,23,27.7842414904569,-0.203215330746207,21.6633114127327
0.969403259366621,27.8649003657073,28,32.6909776597316,1.1758769297077,28.4982589732224
-0.0205357825315539,22.9867443465006,20,27.3714129046007,0.0867681228000446,23.7387827832456
0.533459019587118,26.1842480965141,25,30.9008420847628,0.734861681389754,27.0675688631671
0.074469775687876,23.6303437040539,24,28.0990880528106,0.274985193391645,24.8840884477314
1.00049683349393,27.962021889586,27,32.7942549259518,0.382879295431313,25.4712441481929
0.0557932670837193,23.5070150872955,25,27.9603631819718,0.114126288615106,23.915062481932
0.58518726644596,26.4180451161985,25,31.1514189602005,0.621889964910316,26.605023402917
1.21226728758603,28.5562813123191,30,33.4294678097419,0.844547229244201,27.4760263315723
0.345584589510746,25.2466736884772,24,29.8870814750127,0.626321004892745,26.6240074846424
-0.591763130933114,18.3372485210418,16,21.8347729003977,-1.07586979970046,13.8515012006154
1.64496728971195,29.4699074125054,30,34.4357091829041,1.80453310920916,29.7849582239108
0.891636313361221,27.6099161932712,27,32.4201242866177,0.0452084805947976,23.4645327027079
0.989060418635269,27.9266123163601,29,32.7565909674142,1.11678731982409,28.336946116895
-0.303829316878223,20.8337744309142,22,24.8689243051708,-0.202659634525946,21.6676437397324
-1.42112995401461,10.9798345930903,11,11.9495573176305,-1.21931403097697,12.5844278726491
0.317511187224399,25.0941256490718,26,29.7206250553127,0.0341347501291828,23.3901395807729
-0.00599504936576367,23.08786520542,23,27.4863572391171,0.31001601633774,25.0801255825327
1.51521848584751,29.2320331553278,32,34.1677709557378,0.871139107493039,27.5693802214853
0.428835831535833,25.6797142745906,26,30.3572146062802,0.861423162721369,27.5355197195655
0.702041980559538,26.9100641110661,25,31.6764925681267,1.14340763733452,28.4106542442005
-1.13125231272009,13.3759200294934,12,15.3682503329221,-0.720864973110568,17.1558484040957
0.447351892066314,25.7721703798944,23,30.4571520095535,0.208047549368207,24.4947277495575
0.47868244551921,25.9254837776379,27,30.6225491464797,0.664911793810425,26.7863914112983
-0.152145940819556,22.0289825992204,22,26.2712363765613,-0.545224729078991,18.7718645382471
0.893067184866766,27.6147681117106,31,32.4252758896213,1.72208808600692,29.6533482786903
0.128048533604504,23.9754796721411,22,28.4855325894644,0.0334442480536618,23.3854824168876
0.831699161464129,27.4010794690357,28,32.1984002999612,0.959405928864565,27.8642737831442
1.8261479070216,29.7595805351877,32,34.7714500524056,2.2407846497199,30.3485271561201
-0.844427316360315,15.9990580104009,15,18.8648616750074,-1.34463130154766,11.5391255902031
0.409276742416366,25.5805406265266,26,30.2498488551769,-0.0386032736935474,22.8876970700101
0.00222637832072998,23.1446218415338,23,27.5507719290236,-0.072867479856392,22.642745500625
-0.746788132053889,16.9096691498278,15,20.03645603272,-0.882191806577069,15.6424061848619
-0.579850950247668,18.4452063533635,17,21.9688946847488,-0.48939370824385,19.270995459347
0.314662819709363,25.0784612557492,23,29.7035068213065,0.245777059526592,24.7165936775635
-0.530248983784597,18.8911668163701,20,22.5201536044078,-0.630358164045413,17.9957670698349
-0.935556706542962,15.1512181867538,11,17.7558555788321,-1.12510856415826,13.409166166543
0.122628186145962,23.9411471196522,26,28.4472073955157,0.278736266771157,24.9053317087968
1.5818905310808,29.3576919796948,30,34.3085868092021,2.87758808292856,30.890970535627
0.50876875357066,26.0690568322745,27,30.7770874806053,0.3186312608847,25.1275349552383
0.649476581868949,26.6947839353586,28,31.4470837749757,0.899523253982405,27.6666846909936
1.15874127093649,28.4165664690585,29,33.2794023258045,0.697182238185175,26.9181823417692
0.548243103552776,26.2521016269756,24,30.9736462033659,0.0963511368642403,23.8009138061876
0.352058654452699,25.2813814108056,24,29.9248909835044,0.508772911155173,26.0959370886393
0.712716928987636,26.9526086362108,25,31.7217772553066,0.580263322248558,26.4232078480287
-1.78697482288208,8.4462757100011,6,7.95335173933576,-2.33982790124965,5.32063864329565
-0.348461226839077,20.4647334271616,20,24.4293308474605,-0.612989001431509,18.1553902428138
-1.09774136245936,13.6731520482124,13,15.7750036769391,-1.10016178168001,13.6324054656695
-0.118009372418528,22.2846825798723,24,26.5669998384188,-0.19336822235429,21.7398864072986
-0.115626297761358,22.3023446270714,22,26.5873741209634,-0.00300180690535116,23.1366052708839
-1.44184066754467,10.8221568565464,12,11.7137969880045,-1.37132761111327,11.3247916924496
-0.238664311218437,21.3587614573833,20,25.4889085410926,-0.385753512069204,20.1721819792297
-2.42626525945936,5.05430881814259,5,2.11244033803977,-2.21910590100955,5.88406666618898
0.912235201033041,27.6791762585477,28,32.4936675925812,1.24180557734407,28.6686431138829
-0.947125398792888,15.044158242838,15,17.6144960129663,-0.891863021573418,15.5517598292938
0.0225027018811645,23.2833075316494,23,27.7078663317373,0.196760697778668,24.4271403779357
-1.03915372802391,14.2004443744302,13,16.4892435742758,-1.33001881963238,11.6577137468515
1.50540879114429,29.2129056967627,31,34.1464632120773,1.33188578010594,28.8860724921957
0.695306312831602,26.8830175092994,25,31.6476956899172,1.7296848862291,29.6658663543914
1.01443096008533,28.0046797571961,29,32.8396461580364,0.558338638090592,26.3248850607675
0.697890445918559,26.8934124474591,26,31.6587641007053,0.154161892652195,24.1669657112546
-1.34456474331947,11.578946951625,10,12.8316254010907,-0.819147585767026,16.2343346711192
0.448125551700075,25.7760034323769,28,30.4612920262268,0.415635857896975,25.6399048816864
-0.645920773420284,17.8427816134098,19,21.2171158259663,-0.461562879128706,19.5164174973901
1.5221722465536,29.2454908258494,30,34.1827817297221,0.765589024387487,27.1858924085547
-1.47205692338236,10.5954344930198,8,11.371998947337,-1.77954878114103,8.40536622302749
1.2277379046193,28.5954265896115,28,33.4716253273145,0.898788147755728,27.6641947220366
0.543286689071801,26.2294464418581,26,30.9493456486053,0.388787486841442,25.5019896941654
1.71976124599564,29.5951001228245,30,34.5793254096576,1.89477548001192,29.9188439435193
-1.60531187070193,9.64103209734718,7,9.89456539601949,-1.40160604588966,11.0853527318227
0.964282405381319,27.8486458522693,26,32.6737007427175,0.992972201302836,27.9706076307077
0.456415506308702,25.8169249071561,25,30.5054749648558,0.0291760731832959,23.3566473626161
-2.1265047536882,6.47091441613648,6,4.57466668775719,-1.90826234943329,7.60432936079697
0.0251928014985905,23.3015689798893,21,27.7285196854025,-0.427715508648912,19.8115938262548
-0.248004656063332,21.2845527412058,20,25.4016546219118,-0.205010947968091,21.6493034090052
0.67845986968652,26.8146824658265,26,31.5749081088581,0.622326098028623,26.6068950727685
-0.376239869248297,20.2313418071559,20,24.1497147183812,-0.0501346172965525,22.8058497981392
-0.512654991268716,19.0478509889824,17,22.7127692643239,-0.781386443535164,16.5889767537981
-1.5057049475015,10.3475498187588,11,10.994385312025,-1.26970259682894,12.1565564368363
0.00167493832364543,23.140824425176,23,27.5464643927434,0.0653666380120882,23.5985305145146
-1.95659093443848,7.42060115697894,7,6.21606050983141,-1.92888746867943,7.4805160263293
0.59951087836401,26.4810114587013,26,31.2187755878152,0.720773550692892,27.0122734580751
0.166023624400355,24.2123436193461,27,28.7492479198552,-0.0148488979274111,23.0544116389139
-1.22356100968973,12.5766317695559,10,14.257796733032,-1.55381892834091,9.94005405488479
0.616147499007904,26.5531969817523,26,31.295931377473,0.71150008853036,26.9755120694865
-0.932394369656075,15.1805132210832,14,17.7944827825964,-0.697391564963636,17.374797610039
0.283149374355804,24.9028428126377,25,29.511256550768,0.503837905474524,26.0726280629283
-0.891098688147222,15.5640553978284,15,18.2981375585421,-0.918714270389191,15.300484966042
-1.00343298567676,14.5260132479919,16,16.925890365346,-0.805892758562552,16.3588559253704
0.657439444769944,26.7280212070839,26,31.4825334068152,0.971519280635106,27.9030066389896
-1.04093897425526,14.1842479156472,14,16.4674372239418,-0.985017600153217,14.6836595495421
-0.0536438801210357,22.7529878545212,21,27.1048186484823,0.0127921068579514,23.2451943298385
0.264442263103772,24.796572982061,24,29.3946224015458,0.0365709897588798,23.4065538155656
-1.144628193334,13.2582661611425,13,15.2063640217528,-1.05388697099156,14.0511209253251
0.121918813541344,23.9366442397077,23,28.4421789613548,0.223867565510219,24.5885159828599
-2.43683922272288,5.01250524760792,5,2.03921440671018,-2.15171979469317,6.22760059859279
-0.070348527061342,22.6332010125202,22,26.9677252612043,0.0288508130557256,23.3544465798005
1.79592678142934,29.714401611948,28,34.7182447974787,2.45066789478008,30.5566312759981
-0.567621715171048,18.5557058621185,17,22.105902381628,-0.577867156296922,18.4762355401121
1.00657119584275,27.9806831190001,30,32.8141094297089,0.647721274842648,26.7147068213646
-1.4649694676116,10.6482616944936,10,11.4519400536244,-1.31612967566084,11.7712581664341
-1.86145179420097,7.98629284270716,7,7.18085971940054,-1.61644734627331,9.49594149237294
0.934404292125247,27.752318251186,30,32.5713504598752,0.819553644737165,27.3863086443175
-0.609335269178673,18.1774418008102,18,21.6357547603201,-0.250509187982348,21.2898269338296
-0.0716288279128948,22.6239692697103,21,26.9571462316973,0.0659397480331307,23.6023132956084
-0.974926357740006,14.7876665875842,12,17.2745632111196,-1.0084629581563,14.4672240405602
0.194127372702341,24.3835156140264,22,28.9390764082037,-0.329458786349169,20.6459818696214
-0.795143792880618,16.4589994311314,16,19.4590678699466,-0.622436323710793,18.0686425253197
0.229126761962831,24.5918186128196,25,29.1692488728912,0.322239322238656,25.1472964296455
-0.869223399465659,15.7678048298393,14,18.5641680852234,-0.905860867674959,15.4206870687985
-0.712018416361606,17.2326917266369,16,20.4474179539903,-0.585795405377563,18.4040478309058
1.03751440517811,28.0741901722858,30,32.9136572081592,0.589063852407136,26.4621740281707
0.0471725023535376,23.449561336203,23,27.8956218805265,-0.318700151050107,20.7351709102131
0.897520685507681,27.6298302126013,30,32.4412686243754,0.875439675695585,27.5842772799459
-0.511873117753923,19.0547946219608,18,22.7212924224782,0.0056993847946938,23.1965688165683
-0.4641943514369,19.4749317869195,19,23.2349744488247,-0.725055739219522,17.1166943314423
-0.8882362993018,15.590697688361,17,18.3329830335241,-0.425791882225198,19.8282561703815
0.205389456157578,24.4511307788831,24,29.0138901428272,0.255841520376494,24.7747263571882
0.117783813928651,23.9103518053228,22,28.4128089943446,0.22917557889823,24.6197380853381
-0.0736711751969232,22.6092277440939,20,26.940249307836,0.518461859907113,26.1414271209106
0.803756489030717,27.2998972225481,29,32.0909521999749,1.0100131432242,28.0234114864981
0.0617544304973688,23.5465489291805,24,28.0048690532748,0.43665903422411,25.7458547882308
1.02190958541769,28.0273569950624,27,32.863784988578,0.548452363607104,26.279962422962
-1.59516171789752,9.711229339125,8,10.0054413619304,-1.35554654121539,11.4511278918525
-0.59940915312466,18.2677922592026,19,21.7483449591842,-0.708280837770989,17.2733074573275
-0.478590224481576,19.3487770175938,17,23.081150247307,-0.35726359444646,20.4134357277732
-0.782043833136467,16.5811995207084,14,19.6160960876625,-0.47466344056102,19.4011879415042
1.22489745487254,28.5882801548965,30,33.4639249696861,1.53143375210869,29.3108266280581
1.82713192352042,29.7610316927072,30,34.7731648716046,2.03470072114159,30.1074170128208
0.130444076997936,23.990611302827,24,28.502415801161,-0.131072776029413,22.2146141472704
-1.0531313136089,14.0738388189036,15,16.3185683337189,-1.23768421312983,12.4273032055845
0.149439855622439,24.1096940356606,25,28.6351101753133,-0.570397206015474,18.5441165477353
-1.48208060173432,10.5210881497613,12,11.2591793514439,-2.00022218089337,7.0620226475333
-1.2480523455563,12.3698702045903,12,13.9661790264961,-1.25696185191768,12.2638103072055
0.638984309878773,26.6506429798311,28,31.3999857225404,0.621735119596845,26.6043587182121
-0.895351666135814,15.5244815698168,16,18.2463457041822,-0.609852139989974,18.184153791052
0.0170421016615161,23.2461392080418,22,27.6658066339987,0.391098197375492,25.5139753264801
-1.08170931157156,13.8165279004525,14,15.9701143694297,-1.13989497005646,13.2777446779809
-1.59599229779157,9.70547030143554,10,9.99635847825117,-1.5676602717903,9.84059781352114
-1.43125593822639,10.9025095201419,10,11.8341368373034,-1.18122634941356,12.9141794953871
0.823115032977414,27.3702589547271,28,32.1656742015491,1.10560202590234,28.3054586576422
-1.05465724330067,14.0600462639149,12,16.2999443531596,-1.16192049111647,13.0832863836963
-0.100166175618333,22.4163255210359,23,26.7186873012925,-0.261758281851904,21.19962145753
0.28672864389296,24.9230036974111,24,29.5333579967546,0.503640005413285,26.0716913795543
-0.80283044671889,16.3872735630863,18,19.3667357694728,-1.26978861016739,12.1558345507976
-1.5843881383492,9.78617241575277,9,10.1234189205693,-1.46167492898789,10.6218462321115
-0.614721770787553,18.1283288146746,16,21.5744755016381,-0.681613223489155,17.5215827203809
1.24173727930699,28.6303828899269,30,33.5093178597926,0.96017915768556,27.8667584382482
-0.197600673320356,21.6807689088967,23,25.8660609135776,-0.489488874760508,19.2701522162124
0.561457441763705,26.3120471381133,28,31.0379095306737,0.578594518407658,26.4157866749931
-0.417834908130584,19.8768098776544,20,23.722591469934,-0.240289060252134,21.3713286883072
-1.70552217695016,8.96825944047198,10,8.81380159746948,-1.92450569154139,7.50671557268246
-0.604292299133029,18.2233696763897,17,21.6930107407151,-0.513398664992184,19.057456576426
-1.81078339151012,8.2975155639009,6,7.70488418345225,-1.97311588789628,7.21924450742595
-0.63897041452222,17.9065470221324,17,21.2970770733172,-0.548750136588584,18.7400641020076
-1.72841207493502,8.81944969347026,9,8.57038247668428,-1.51644123486659,10.212438979437
0.338577722419491,25.208910935008,22,29.8459176876999,0.727851163600362,27.0401357365978
0.601236082673705,26.4885442680983,26,31.2268301524749,0.777572091468821,27.2312003963969
1.29606127949933,28.7619376299858,31,33.6516051043796,0.808933580046616,27.3475980132822
-1.04559639034794,14.1420296493726,13,16.4105577322816,-0.738086824021668,16.9948357485582
1.76416912987338,29.6656238956063,31,34.6611812438883,1.83558033887783,29.8321769653622
-1.11277261385126,13.53940519583,14,15.5923614429144,-1.18508833409094,12.8805060973025
-0.189027407939561,21.7471138758066,22,25.943472712242,0.156112628687615,24.1790563927423
1.30056876996488,28.772567259254,32,33.6631346507525,0.809831836893121,27.350885909579
-0.245076295763994,21.3078565040354,22,25.4290685545983,-0.374149264889845,20.2708041617431
-1.70010622454721,9.00372207005333,10,8.87158164677096,-1.88126135658491,7.76830049408705
0.771747382067155,27.1809119899936,28,31.9645491102011,0.776885314600329,27.2286162337082
1.66166244746247,29.4985734795,31,34.4684164157066,1.38486284696253,29.0061544095845
-0.382226202381485,20.1806854778541,22,24.0888615908188,-0.243483847849726,21.3458979347221
-0.346184253181826,20.4837403377926,23,24.4520474542132,0.0659042315879619,23.6020789144288
0.476337452665315,25.9141438495051,25,30.610328896137,0.521890634314784,26.1574390641728
-0.630706771749014,17.9822500336907,17,21.3918888979581,-0.861638997577793,15.8352304527729
1.56846569774047,29.3329863778775,32,34.2807807459729,2.18664633189409,30.2890241823265
-0.102296578191586,22.4006809620508,22,26.7006813018183,-0.0335256312917391,22.9235472490302
1.68906913002447,29.5447240510211,30,34.5212893583434,1.05476624345445,28.1583999586255
-0.432895169608985,19.7470107077919,21,23.5655008635116,-0.886758847626712,15.5995921514416
-0.0478775454840591,22.7940506771262,24,27.1517393285269,-0.203212868365941,21.6633306128783
0.674700243488448,26.7992968548123,24,31.5585137600494,0.809888837105932,27.3510944622063
-0.831294947254235,16.1216080102593,15,19.0236817827025,-0.351933918240656,20.4582360947693
0.942463799867627,27.778554479759,28,32.5992215565,1.52471390441165,29.2976928130929
0.224567944507274,24.5649907924993,23,29.1396553169722,0.243113397157459,24.7011344893226
-0.249932357769983,21.2691932646779,22,25.3835793379657,-0.0152862985692214,23.0513648658244
0.685230265839078,26.8422643729869,26,31.6042925529196,0.970832668742573,27.9008220850973
-0.10311481141115,22.3946670121544,23,26.6937581040727,-0.697231634649813,17.3762870929582
-0.442600621650609,19.6629731581983,21,23.4635896885729,-0.672974246245116,17.6018025075263
-0.362295459935959,20.3488471936196,19,24.2906479987579,-0.19171189498735,21.7527259324348
0.776083750950153,27.1972263990815,26,31.9818846349719,0.711553467591155,26.9757245021371
0.550645052431934,26.2630470397424,27,30.9853838638009,0.367991248910443,25.3931296996606
0.417685599030123,25.6233683696297,27,30.2962358117127,0.619769326706499,26.5959129158602
0.88323613951187,27.5813081912912,29,32.3897500916243,0.687621713072721,26.8795119417054
-0.0679856145043321,22.6502200430891,24,26.987222992024,-0.580074088561814,18.4561556722438
-0.399467528990558,20.034092405227,19,23.9124309899446,-0.363280751923078,20.3627297155643
0.444391511743852,25.7574811388336,25,30.4412840625784,0.967290576790399,27.889531627053
0.581074129295787,26.399823141381,28,31.1319166511033,0.674474536024716,26.8258206920733
-2.6602820415227,4.28175237675464,5,0.729809021632816,-2.08137257867216,6.60521759651503
0.643374756589367,26.6691615694287,26,31.4197475890279,0.790497009192442,27.2795508361913
-1.0944643323906,13.7023991721492,17,15.8148606908418,-1.23519795328601,12.4484937053282
1.93452728133917,29.9122034846552,32,34.9539899052669,2.38973810028261,30.4996758414405
2.03328355239912,30.0394339645742,32,35.1100052409951,0.874800193155252,27.5820656359615
1.40549117169805,29.008210717986,33,33.9202354920332,1.75321258957115,29.7041237059658
-0.814827687738032,16.2753047298408,17,19.2223556802336,-0.579204460516594,18.46406936872
-1.11503427947984,13.5193398846247,15,15.5649066389166,-1.28718295123351,12.0104583664281
0.481972432836793,25.941356889441,26,30.6396509422039,0.250378790851855,24.7432281007905
-0.709118909778009,17.2595748153491,16,20.4815120468503,-0.329714452220859,20.6438569763082
0.205418076185354,24.4513018959296,25,29.0140793555587,0.805491564590756,27.334975644239
-1.36081586626792,11.4496552123822,11,12.6430341372757,-0.811801650025426,16.3033478228177
1.41295528667056,29.024143416542,29,33.9377365843692,1.48752915709417,29.2236119245787
-0.257710539116404,21.2070665275542,24,25.3104124497742,-0.401683619884052,20.036012193846
-1.13129034677913,13.3755846613817,13,15.3677896068609,-1.10539985132316,13.5853794218894
-0.107799839744617,22.3601761062115,22,26.6540366180479,0.0401846899211363,23.4308517473131
-0.168975436665687,21.9010788487577,21,26.1227320535491,0.416259747235034,25.6430747867667
1.1717132781087,28.4510457873526,27,33.3163822136828,1.0829921288941,28.240859928063
-0.336204780741951,20.5668183967098,21,24.5512435455788,0.104675460394757,23.8545481686328
-0.180660238963288,21.8115660561466,23,26.0185795191708,-0.351337431667106,20.463243464308
0.957659110841119,27.8275122484045,30,32.6512407350069,0.794520948467912,27.2944947698914
-0.627094327211757,18.0153045127283,20,21.4332464036966,-0.262018222982923,21.1975308768417
-0.255080320427678,21.2281021087237,20,25.3351960293128,-0.435807275671659,19.7413680107174
-0.777155403101353,16.62678381437,15,19.6745826952171,-0.613515223929762,18.150563056049
-0.915911906123912,15.3333915820072,14,17.995694688965,-1.09113599785215,13.713620560207
1.61634358587661,29.4197626575997,30,34.3787296401476,2.38986822003261,30.4998003419215
-0.242665151169423,21.3270182299161,22,25.4516005858538,-0.548531881124275,18.7420337693466
0.430034839431502,25.6857432136902,26,30.3637359374314,0.886269070826222,27.621545306874
0.225986199546847,24.5733467160714,27,29.1488742743085,0.343508506054165,25.2626712652392
0.564156170363213,26.324208483925,27,31.0509405948007,0.744939680959311,27.1067193785472
0.750303443289139,27.0993243535561,29,31.8778318928985,0.533226168928642,26.2100549937804
0.174368735856796,24.2635362259172,23,28.8060854931226,0.234523785335837,24.651071820188
-1.63674233791596,9.4261289813924,9,9.55290005616109,-1.92518156679454,7.50267069596074
1.40339198478693,29.0037105926574,30,33.9152953696653,0.418317490790138,25.6535187478832
0.67833831430133,26.8141857967593,27,31.5743789130916,0.8386662271303,27.4550893097705
-0.228312316469528,21.4405929484168,21,25.5849790203319,-0.390939070671584,20.1279547430782
-0.978816051646308,14.7518784344678,14,17.2269877079323,-1.14012681219336,13.2756895691201
-1.19889022572789,12.7872457414288,12,14.5529200766744,-1.75405056387402,8.57002243807099
0.162307660239198,24.1894488686606,24,28.7238104552901,-0.196891570044233,21.7125350493576
0.917209421630719,27.6957128244385,27,32.5112289245224,1.14089823818424,28.4037792615129
-0.340223958278304,20.5334033836258,20,24.5113646110747,-0.984166378849245,14.6915364680514
-0.964039378395923,14.8879681084487,11,17.4077100360269,-0.970497237995893,14.818194206757
-0.58003640129998,18.4435280542701,17,21.9668116520002,-0.204843669735124,21.6506089626997
0.26838482659117,24.8190952922588,22,29.4193603652975,-0.141975497875781,22.1327508205011
-1.02970394508273,14.286299848721,13,16.6047015965278,-1.18481051088354,12.8829267398506
-1.73673422510391,8.76576750379511,8,8.48219447832456,-1.6554033687579,9.22711496364054
-0.611007184944136,18.162203810259,17,21.6167478264781,-0.974263677785352,14.7832636416608
0.548373190272817,26.2526949791062,24,30.9742825479537,0.711766681893365,26.9765729350313
-0.706731030861592,17.2817072007407,20,20.50956876116,-0.492716738503559,19.2415351368344
-0.531997286773299,18.8755523888459,18,22.5009280674455,-0.334306006955321,20.6056529615365
-1.07334139144436,13.8916473408943,16,16.0720649668167,-0.805636749406455,16.3612607481189
-2.18530469246029,6.16284111976967,5,4.04002974932545,-1.94358654329953,7.39304011215245
1.12571606931455,28.3269516525985,27,33.1834334751614,0.25490851115096,24.7693557794192
-0.353765297368332,20.4203845365109,20,24.3762940419502,-0.616230162377048,18.1256492343733
0.758997604742807,27.1325863269747,28,31.9131899858023,1.16177598656625,28.4605197996138
-0.381710820945629,20.1850515826857,16,24.0941088672944,-0.165651809379521,21.9531842441413
-2.678776068743,4.23405924006531,5,0.640847956776069,-2.14881782191421,6.24281121328237
-0.00546986454681586,23.0914998483178,24,27.4904844650834,0.385219576651941,25.4834398814917
-1.30541354989996,11.895085937142,11,13.2889296238784,-1.42036877524966,10.9389333157611
-0.642351286906307,17.8755399814358,16,21.2582059823771,-0.454558810903831,19.5778026688632
0.189485342706606,24.3554830894118,24,28.9080311401254,-0.357090927683199,20.4148887935717
-0.720114550302272,17.1575794389724,16,20.3520704357848,-0.837753265250931,16.0595394075532
-0.156275608502422,21.9977092223769,21,26.2349605549885,-0.120499315766004,22.2935051275397
0.487821475656882,25.9694712170712,27,30.6699313978834,0.281146906010642,24.9189517715926
-0.972991950185019,14.8054741084707,12,17.2982225263459,-1.16548727679082,13.0519476071472
-0.0323818304296943,22.9036664453899,23,27.2768056908949,-0.156075700923949,22.0261062522303
-2.17270856690395,6.22781372195485,6,4.15280049409577,-2.37935129987711,5.15248287546327
0.324553620525103,25.1327069996288,26,29.7627667178363,0.162283642350324,24.2171925783051
-0.865749359492065,15.8001886737927,15,18.6063554122903,-0.776061880216293,16.6389464138494
-0.450574841860618,19.5937018397627,19,23.3794648704672,-0.202993365405284,21.6650420599011
1.43225691045287,29.0648529717709,30,33.9825306096436,1.4597754825626,29.1667353243107
-1.01070007368287,14.459558744278,15,16.8370198440657,-1.31987914920286,11.7405270096419
-0.0992112619590501,22.4233314625521,23,26.7267489361423,0.0546253073356365,23.5273581793579
0.258426076844459,24.7620751496926,24,29.3567107995945,-0.250134266552357,21.2928244291436
-0.26639028573108,21.1374525000978,20,25.2283227419698,-0.194175762716582,21.7336222523619
0.828553956204391,27.3898138267319,28,32.1864383728742,0.787352909782599,27.2678384491685
0.79866460670372,27.2811911624134,26,32.071084080771,1.13015787191361,28.3741824230669
0.880248437097601,27.5710818859724,29,32.3788927167292,0.684333449461498,26.8661390621545
-0.846410920866587,15.980550485397,17,18.8408449647402,-1.14927595480406,13.1947275664105
-0.420784781002876,19.8514445796382,19,23.6919229757197,-0.354685734079561,20.4351180114788
0.840989983617398,27.4341767294298,31,32.2335417561691,1.1346961126689,28.3867223011076
0.632317882057508,26.6223919221331,25,31.369830382775,0.515327993223506,26.1267529483481
-1.9363101658899,7.53919614130812,7,6.41944088237178,-1.75037246322755,8.59394392226763
-0.411989163737444,19.9269907588293,19,23.7832207370076,-0.321747598381551,20.7099529803695
1.32777464370784,28.8358178683885,28,33.731851763848,0.245777059526592,24.7165936775635
0.0263087021046008,23.3091346403447,22,27.7370741224516,-0.24983065542837,21.2952513737338
1.52666896811732,29.2541489939537,28,34.1924476015181,0.717953022557585,27.0011231146377
1.15181709490991,28.3979970431589,30,33.2594995532941,1.01523547810021,28.0394370168044
0.016835292846239,23.244728912213,22,27.6642101339825,-0.255877467671378,21.2468440341301
-0.209712491154833,21.586517037436,20,25.7559138659384,-0.500836727633447,19.1694107562517
0.320261103613208,25.1092158882159,23,29.7371112975098,0.753391688203927,27.1392947370875
-1.26957735886422,12.1901226609847,12,13.711065701191,-1.37201594326816,11.3193052054909
1.49345011427807,29.1893601228328,29,34.1202764372305,1.18638734629504,28.5260864935473
1.22957904960798,28.6000490810322,30,33.4766070835992,2.26940485958212,30.3789608901218
0.146461775618567,24.0911309483702,24,28.6144453954805,-0.170028594552732,21.9197223580447
1.20704471449705,28.5429432346699,27,33.4151153336912,2.09591551964365,30.1832961213356
-0.466334676030784,19.456215105623,19,23.2121754119072,-1.07155049682682,13.8906255944762
0.589750527889684,26.4381876213103,26,31.1729715712069,0.44190355165809,25.7720083867173
-0.44242456102648,19.6645003123162,21,23.4654430766761,-0.207978984109967,21.6261190458722
0.269862486849664,24.8275192603804,25,29.4286104033193,0.566720945266935,26.3626871673747
-0.13348148218665,22.1694122851233,22,26.433853564478,-0.632714843593148,17.9740641495698
-1.30965444283918,11.8605263756625,11,13.2391950523686,-1.27820996659593,12.085299686252
0.397603308691253,25.5206060783053,25,30.184877935201,0.962596594226297,27.8745157251336
1.03062548959985,28.0535956274574,30,32.8917227191256,0.418273007949093,25.6532931591189
-0.90964309530039,15.3916127733544,15,18.0721625060745,-0.942618127489652,15.0774150892793
0.141506762625782,24.060157684878,27,28.5799488321174,0.0815797794917818,23.7049715071007
1.94977555136636,29.9325553907071,34,34.9786922563395,2.30826232456285,30.419192816971
0.469129589057066,25.8791516895729,26,30.572606871506,1.01544489882723,28.0400781331368
-2.16978016086832,6.24300140809906,8,4.17916061553501,-2.24328685604889,5.76558395105022
0.881125507119311,27.5740867167879,28,32.3820829642563,0.681734444377514,26.855542939165
-0.0811939238671554,22.5547704927052,21,26.8777869356686,-0.0515713478636449,22.7956102305136
-1.07046086009603,13.9175498488197,17,16.1071762891102,-1.03162447241779,14.2544822769963
-0.265755141780475,21.1425567273127,21,25.2343454787533,-0.591112834106271,18.3555519667769
0.528680822514538,26.1621390683473,23,30.8771051753003,-0.0517438109164478,22.7943804635553
-1.62155727371999,9.52949503149414,7,9.7176568035943,-1.51711925487092,10.2074478162783
1.16964875421706,28.445585176146,30,33.310523368868,1.69906047197897,29.6149017493554
-1.46235126435175,10.6678312375754,11,11.4815070159238,-1.31586857082276,11.7734003852642
1.48634587073743,29.1752528442028,31,34.1046086973119,1.80933753803392,29.7923466438232
-1.12026390397624,13.4730032808749,14,15.5014509703203,-1.37132272565078,11.3248306401666
0.0713452501659006,23.6098200624353,25,28.07602558044,0.00258814600375057,23.1751673049739
1.21946376898036,28.5745583031298,30,33.4491445911266,0.358921145839235,25.3450903629173
-0.340320388569538,20.5326009382399,20,24.510406624187,0.115146163159366,23.9215687877903
-0.245234976047825,21.3065946222263,21,25.427584428596,-0.063265974483656,22.7119175966386
0.08933746921348,23.7274039165668,24,28.2080290945332,-0.0863506592475328,22.544911799186
-0.519647076183254,18.9856819617082,17,22.6364096524619,-0.993300235979965,14.607081869617
-0.0412436455464444,22.8411090757232,23,27.2054639819906,-0.0177401387732482,23.0342562855397
-1.04060281563459,14.1872971046929,12,16.4715431668665,-1.17074785558303,13.005805551227
-0.804761861335021,16.3692492113287,19,19.34351405571,-0.630186813584974,17.9973446468183
0.145694268391833,24.0863404953949,25,28.6091113672041,0.80129609442176,27.3195396623515
1.68650829859894,29.5404589579156,32,34.5163914569005,1.27693341752585,28.7554810836861
-0.117816649201721,22.2861118568979,23,26.5686488638473,-0.194072974640609,21.7344197427002
0.832272829550463,27.4031309099342,27,32.2005785035567,1.45325230564122,29.1531661878087
0.157286676561703,24.15841627555,21,28.6893134235672,0.473843509770072,25.9289238514736
-0.488033456602022,19.2656892790231,20,22.9796422606788,-0.697016246557407,17.3782930204418
0.295789145754031,24.9737926253216,25,29.5889994773462,0.307923577260149,25.068563347175
-1.3227637307361,11.7541791540287,10,13.0857607415305,-1.48611981800627,10.4375724138446
-1.45336273029331,10.7352394593029,12,11.583159670424,-1.50995470769303,10.2602835055262
1.14747960534542,28.3863056983871,29,33.2469733632834,0.89102756175327,27.6378108521416
-0.63263803799174,17.9645687843809,15,21.3697561463415,-0.86910285139867,15.7651799993975
0.209442914689388,24.4753302287071,26,29.0406425872935,0.752205181810773,27.1347359293976
-0.591077336187214,18.3434721641956,18,21.8425119922961,-0.313216588594528,20.7804570490468
-0.254045909547201,21.2363673599877,19,25.3449311622246,-0.329674513436533,20.6441889325506
-0.263473720997783,21.1608777282266,22,25.2559584440779,-0.0674501378890134,22.6818244590516
0.25697605564062,24.7537370125169,24,29.3475439108823,-0.0605094752089572,22.7316998295235
-1.62176230987169,9.52809363805029,10,9.71542830001541,-1.38401663196019,11.2239742675363
-0.165168868855593,21.930114374142,20,26.1564769477781,-0.0134007043514191,23.0644930572841
1.01236370875785,27.9983845353947,27,32.8329462779114,0.696498970672706,26.915429043281
-0.0525312430119413,22.760922565142,22,27.1138882680154,0.0626051006130961,23.580282322313
-1.48873708069664,10.4719527282842,11,11.1844134080141,-1.79184183719691,8.32670898327074
-0.513829696232832,19.0374155697419,19,22.6999579678655,-0.759208374855918,16.797012792743
-0.119324891324763,22.2749220952352,19,26.5557374542709,0.105397153813695,23.8591833998691
-1.77266825914849,8.53646992205516,9,8.10332373873192,-1.84848769013135,7.97020176744078
0.41732939081085,25.6215599924654,26,30.2942778121827,0.406118100400264,25.5913503385213
1.19877582810485,28.5216966042808,27,33.3922649285762,0.283252384043543,24.9308272243841
1.61715412989328,29.4212001947307,33,34.3803591038058,1.47965152379264,29.2076075939297
-0.513735023318094,19.0382567303809,17,22.7009907302768,-0.390585243549751,20.1309755514832
0.515776485322507,26.1019905415709,30,30.812490327705,0.638684399487403,26.6766051179053
0.282296979759657,24.89803341914,24,29.5059830291211,0.545941325869238,26.2684939091349
-0.457936847698554,19.5295720027838,18,23.3014870280002,-0.734394296080317,17.0293820910819
-0.703703695434138,17.3097570522603,15,20.5451108746988,-0.941765941928416,15.0853557926573
0.354904845801524,25.2965842903054,28,29.9414452890861,0.407573732127688,25.5988000608296
-0.900079511482728,15.4805064002464,18,18.1887468902332,-1.12665916615044,13.3953523602674
0.0635490640525797,23.5584195699222,24,28.0182258639201,0.186212068726257,24.3634645684687
-0.922075062258063,15.2761913806932,14,17.9204820110842,-1.27757341472221,12.0906213287115
-0.0538887095268389,22.7512411307153,24,27.1028218977333,-0.626867823041492,18.0278906738075
1.38154512653769,28.9563697135986,31,33.86340314247,2.08021830046566,30.1641999202837
-0.325085549272536,20.6589492515266,21,24.6610644078862,-0.100209895056665,22.4435034563903
-0.0511934891619839,22.7704554197246,22,27.12478273067,0.407690504063819,25.5993973096407
-0.7640856775811,16.7486020164885,17,19.8306429119902,-0.505402464444508,19.1287722772663
1.2998936136574,28.7709778379251,29,33.6614103343944,0.913616226750776,27.7141150118314
0.706916470921909,26.9295397214367,26,31.6972244818013,0.270030952337177,24.8559383491537
-0.780955358236777,16.5913503487589,16,19.6291242409665,-0.741320368520216,16.9645736715588
-0.923151728300626,15.2662030857799,12,17.9073396102845,-0.898478528540227,15.4897936231659
0.175049508571449,24.2676987724579,25,28.810704582012,-0.0837008471836237,22.5642029598177
-1.61717495206453,9.55948516688838,7,9.76531302542888,-1.73912143335574,8.66738758980743
-0.288434215712943,20.9593116194081,21,25.017751598933,-0.376903213873574,20.2474429123207
0.119038635847273,23.9183386726279,25,28.4217323164876,-0.000356031677593548,23.1548746457602
-0.105861156940665,22.3744602009193,23,26.6704901967079,0.106964643400971,23.8692428607527
-1.36411585482143,11.4235405901753,12,12.6048278192203,-1.17989616686559,12.9257897316991
-1.09749923578474,13.675311935896,12,15.7779481011964,-1.14834823787113,13.2029246794644
-0.405364275373891,19.9837216348193,21,23.8516948594576,-0.590774614346663,18.358638472771
-0.807922934509305,16.3397481552287,18,19.3054896934765,-0.553282643741341,18.6991326797468
-0.680895369434948,17.520723284435,15,20.8118539998806,-0.351631256859659,20.4607770347802
0.944450917354853,27.7849943842892,29,32.6060633279272,0.942907375425161,27.8108576358108
0.383393514574141,25.4468925194124,26,30.1048802667869,0.114959609278286,23.9203790138763
0.153076162916353,24.1323065170016,26,28.6602727943714,-0.0702566460104102,22.6615956338494
-0.339561349501924,20.5389163582215,20,24.517945792101,-0.371799158893643,20.2907178863904
-0.208461174328144,21.5962828315551,20,25.767336065426,0.310051245277388,25.0803200883419
0.102145349124346,23.8102235898855,24,28.3008227481795,0.317999320997036,25.1240681214057
0.951177641896989,27.8067103937936,30,32.629136276746,1.17523804490272,28.4965591662317
-0.727778783129947,17.0864124774813,13,20.2616121092955,-0.558630224334155,18.6507741244727
0.941967287607454,27.7769435947311,28,32.5975101847229,0.958376183878979,27.8609622531058
-0.946405874762652,15.0508117163392,14,17.6232900777057,-0.747534944321163,16.9063881617277
-1.2391506793147,12.4447474666195,13,14.072008759319,-1.39649827732487,11.1254714264818
-0.862630670323744,15.8292651015177,16,18.6442119597295,-1.02645838888289,14.3018344939669
-1.54946896690806,10.0322143169553,9,10.5078995265947,-1.23712361634783,12.4320791265718
-1.12853847870553,13.3998613904003,13,15.4011301856722,-0.861630934533176,15.8353061402129
-0.353881178666031,20.4194144752011,19,24.3751334446762,-0.321486240403902,20.7121171542664
-0.242488811017056,21.3284187066333,19,25.4532470589508,-0.322350031952134,20.7049635243186
0.0741060745875214,23.6279569600917,23,28.0964065398481,0.383494910168776,25.4744544418034
1.5626506523,29.322193033042,31,34.268652121614,2.10107778138251,30.1895228933101
1.02878917405751,28.0480844962692,28,32.8858539769482,0.459688955399176,25.8598840445382
0.713951893553025,26.9575053173087,26,31.7269883263119,0.996508699656257,27.9816306628387
0.892110631666561,27.611525230984,30,32.421832703497,1.36027436964419,28.9511125534339
-1.44845337192986,10.77220342154,9,11.6387763066726,-1.21317054024623,12.6372579835595
-0.709218753681248,17.2586492577208,17,20.4803384955633,-0.651896578379899,17.7970412718857
0.242867767312921,24.6721324659657,27,29.2577532803229,-0.0233608374790221,22.9949653528281
0.279354446567209,24.8814069726438,27,29.4877484709588,0.553542793652428,26.3031388446133
0.800656787083305,27.2885197554435,26,32.0788681019832,0.468536756137332,25.9031324294461
0.589984643199984,26.4392189359012,25,31.1740749394572,0.133649496070651,24.038799660279
0.800824945303308,27.289137771906,26,32.0795245148584,0.550512471987265,26.2893537063155
-1.9059372332072,7.71881599982021,8,6.72642475749534,-1.52420835510765,10.1553741216898
-0.0402209016288879,22.8483466519838,20,27.2137223851857,-0.18683809272255,21.7904384541672
1.3889553753557,28.9725314500542,27,33.8811030357511,1.56974897333439,29.3842663845211
-0.771078135046694,16.6834387998677,16,19.7472058673933,-1.24092036395507,12.3997569143501
1.35749300850408,28.9031648256487,28,33.8052439513224,0.938130633615025,27.7952486452795
-0.154599665067131,22.0104097018834,20,26.249695280636,-0.106765181720234,22.395240398707
0.451105110054601,25.79074304493,26,30.4772096904387,0.625373742092333,26.6199550081156
0.998105974921763,27.9546490954954,27,32.7864116982541,1.10188216676818,28.2949183945496
-0.991246475549653,14.6376866148589,15,17.0749431068798,-0.72295370219788,17.1363357960365
-1.76528438266499,8.58326193560304,9,8.18092137717925,-1.83090766004723,8.07981175003455
-2.30303815999649,5.58646343435891,4,3.03943931230897,-1.89777603581135,7.66775699371185
1.38748177736451,28.9693260952947,29,33.877591350467,1.45313745457543,29.1529265887926
-0.101506160353864,22.40648769185,21,26.7073651685107,0.0817503170155746,23.7060847935643
0.657587342269673,26.7286364027246,26,31.4831894384384,0.237192816404586,24.6666621835031
0.864691860610379,27.5173972228082,29,32.3218965132469,1.42002172544583,29.082829728238
0.0839350342904378,23.6922499156078,26,28.168595962264,-0.503107921255367,19.1492029386872
-0.497080679357584,19.1858433310371,18,22.8819476978118,-0.240489838501747,21.3697317265443
0.392291049122002,25.4931461263934,27,30.1550886673889,0.89854637771908,27.6633754460278
-0.016984890373891,23.011525421879,23,27.3996029037945,0.0447381837621736,23.4613845415542
-0.421005820195725,19.8495427549805,20,23.6896229419677,-0.902266642704787,15.4543269949975
0.393001628855706,25.4968259656016,26,30.1590814527297,0.373342200951043,25.4213105611937
-2.35110680864028,5.36937465090346,5,2.66207223371082,-2.23852364957486,5.7887121077125
0.566177764393047,26.3333004707758,29,31.0606814352045,0.0052314711731658,23.1933529417756
-1.52161386422652,10.2320063114859,8,10.8169370711531,-1.2759139740467,12.1045020847728
1.06931946907294,28.1676444093847,28,33.0132698641966,0.883255811643569,27.6112106134409
-0.0578188847669104,22.723165143245,22,27.070717617963,-0.1053286839793,22.4058328988657
0.167123048503564,24.2191056324442,25,28.7567587834362,0.65234372916546,26.7340846008069
0.464714621152698,25.8576164036999,26,30.5493814009313,0.204876163269289,24.4757937931289
-2.54041387761015,4.63748129381325,6,1.37644365354173,-2.3113877284564,5.44682224718607
0.629581388267445,26.610748773676,25,31.3573997078994,0.0546203462504436,23.5273251865159
-2.2095879063434,6.03926207618797,6,3.82553150538094,-2.3940721107921,5.09205654448257
-0.63007390664885,17.988042595752,16,21.3991382860724,-0.723326271945564,17.1328548280408
-1.00411893108158,14.5197360274931,12,16.9175012871968,-0.468895424552022,19.4519878498047
-1.16556927789222,13.0752657963719,12,14.9535271362385,-1.25768165016095,12.2577338192125
0.678828403888087,26.8161879614185,27,31.5765121839773,0.506090969109492,26.0832813990414
0.981573604212221,27.9032353600969,27,32.7317322618212,1.33649896635603,28.8967519650311
-0.197107750472637,21.6845917795745,22,25.8705242030803,0.529600943021254,26.1932811111063
-0.403575415133831,19.9990147859364,20,23.870141156015,-0.293460571499748,20.9426345583316
-0.0293984469665437,22.9246481753078,23,27.3007138981988,-0.207978984109967,21.6261190458722
-0.709718191597948,17.2540192769587,15,20.4744676657841,-0.826354811852399,16.1666225845659
-0.585542716220393,18.3936619164569,17,21.9048910091852,-0.561340872278488,18.6262343966931
-0.763917183383688,16.7501718877764,16,19.8326518077756,-0.654956078330839,17.7687465153291
0.827314366657858,27.3853652614868,27,32.1817147823354,0.396786068955334,25.5433849495053
1.10604408531599,28.2722952063719,30,33.1249945007508,0.783301187525819,27.2526983326331
1.07205280015677,28.1755524651442,27,33.0217054530025,0.38822940820411,25.4990916576978
-1.95105846967849,7.45284666796629,6,6.27140924422285,-1.46167492898789,10.6218462321115
0.851498374192914,27.4712872892987,28,32.2729424914774,0.816051115655575,27.3735808344527
0.250192327194275,24.7146069023858,25,29.3045055500701,0.591168702512035,26.4714515019119
-1.4415813026127,10.8241199941451,11,11.7167419787956,-1.58471077442728,9.7191098690074
-0.10439429450217,22.38525704723,23,26.6829237960792,0.401601613141255,25.5681806063511
-0.796404211711487,16.4472391282621,14,19.4439372536281,-0.661016711039138,17.7126508109089
0.117671182837909,23.9096345711217,23,28.4120075969442,0.0939251191490506,23.7852239870122
-0.709909358493396,17.2522470126707,19,20.4722202998826,-0.851882722268562,15.9268303786103
-0.00527110298832006,23.0928750947079,23,27.4920460136078,-0.46205002096007,19.5121423053025
1.54762509687518,29.2940437669538,29,34.2370739555557,1.87946518958292,29.8968409747894
0.351088717482625,25.2761927485806,26,29.9192400793043,-0.0450284705944516,22.8421661072704
-0.856558810150672,15.8858871994996,15,18.7178722182126,-0.891573740959437,15.5544702345551
0.734580266041054,27.0385302334433,28,31.8131874894873,1.00455633034314,28.0065881647631
0.0390306662737731,23.3949936254854,20,27.8340647725771,-0.221976340952108,21.5162778029917
-0.540528087242008,18.7992488022705,18,22.4068988789442,-0.360032342761692,20.3901203960895
-0.13235241130022,22.1778591520303,19,26.4436206553604,0.324998735238517,25.1623726327621
-1.12155351352898,13.4615898386778,14,15.485809070463,-1.05042001256696,14.0827137093754
0.380425963120555,25.4313929696906,25,30.0880466333868,0.179290217305541,24.3214135470958
-1.55490559521043,9.99358800594404,9,10.4478265981265,-1.43237375020945,10.8460334630304
0.41828789341063,25.6264248865646,26,30.2995450876671,0.426143469270639,25.6930826077369
-0.931066001310084,15.1928225180583,13,17.8107065152583,-0.941952384788749,15.0836184295805
-1.73313107840795,8.7889824779189,8,8.52035578716976,-1.91254979058338,7.57848901642003
0.02638307317291,23.3096386682666,22,27.7376439777308,0.448759779013589,25.8060334445889
0.584871904844126,26.4166502334761,25,31.1499262262482,0.488031421632434,25.9973358761154
0.682065575589021,26.8293916805099,29,31.5905795247839,0.18888468800044,24.3796441809988
-0.200845698866126,21.6555767132093,21,25.836640078177,0.0153177145678923,23.2624541537282
1.41374647740127,29.0258260255053,31,33.9395858004288,2.3026210126899,30.4134281369503
-0.670792274436442,17.6139477301425,17,20.9294041740447,-0.910384866716737,15.3783615420841
0.517177126602245,26.1085502008023,23,30.8195397718332,0.197985671556791,24.4345029160022
0.750848433616523,27.1014167507917,26,31.8800563591299,0.518643427978036,26.1422761499463
-0.739370837434229,16.9786693002529,16,20.1244418460251,-0.561472850158842,18.6250391273711
-0.829852045396271,16.1350747089395,15,19.0411119796917,-1.29345342183985,11.9583515936524
0.878704921974187,27.5657881723196,28,32.373272371444,0.903186939648278,27.6790707704201
0.903956298987317,27.6514914896815,27,32.4642691994549,0.52090446648192,26.1528383959309
1.16547114676832,28.4345044837759,28,33.298637160574,1.22426043146081,28.6242580153739
-0.0131081631487265,23.0385162345289,22,27.4302908839991,-0.0575124729545844,22.7531693364419
-0.300499774734767,20.8610024011686,21,24.9012343266151,-0.255877467671378,21.2468440341301
1.28188089739043,28.7282148754991,29,33.6150612742281,1.70043926210553,29.617225175778
-0.70882834085956,17.2622683388923,15,20.4849271612364,-0.966904183939996,14.8515378519552
0.027172504259067,23.3149872770368,25,27.7436907792525,0.951400662576454,27.8384515122534
-0.00509520072084485,23.0940920287394,21,27.4934277680451,-0.500178689473191,19.1752628254705
1.86774041845217,29.8198494314077,31,34.8429909817482,1.97659240413519,30.0317610998172
-2.06470112351715,6.80684740483373,9,5.15704206164379,-2.10472944123549,6.47783714171819
-0.219319642750808,21.5113227475373,22,25.6678925013291,-0.600357128209304,18.2710936042085
-0.790609087540746,16.5013067511406,16,19.513472854363,-1.0000436807469,14.544827519817
0.909036983627393,27.668505407416,27,32.4823359624961,0.24251979891605,24.6976851890611
-1.34838093954407,11.5484832759985,8,12.7872735935619,-1.28348687211113,12.0412470120359
0.0674866920102695,23.5844145140663,24,28.0474644096976,0.000175043664617617,23.1585379654172
1.7605764266832,29.6600199231459,31,34.6546494744881,3.36311147812385,31.1696994117952
-0.313915108447837,20.7510364829976,19,24.7706394180833,-0.444516737075771,19.6655396105067
-0.657481381379554,17.7365392623668,17,21.0836850278977,-0.923033129677053,15.2601333253403
-0.243008077654797,21.3242943792835,23,25.4483981570654,-0.906426028026693,15.4153985286873
0.237136704440829,24.6387355718777,24,29.2209667088212,0.0834529223821814,23.7171923770167
-0.761386595563607,16.7737475102746,16,19.8628136254437,-1.21817913583879,12.5941766580085
-1.67127279515421,9.19419249249924,11,9.18038969100975,-1.64659520664605,9.28741645191485
1.00728770623364,27.9828776733772,27,32.8164445604312,2.12825591828307,30.221877156631
0.202280263278167,24.4325196736952,26,28.9933072325023,0.293762169837252,24.989820507755
-1.00217846069661,14.5374960603668,15,16.9412333876159,-1.02287911601182,14.3346761232671
-0.431297644214653,19.7608143153228,18,23.582224982625,-0.212253827749424,21.5926610395673
1.1625166814245,28.4266429137201,29,33.2902061591419,1.35482594468252,28.9387549484627
0.0987576192491978,23.7883888980553,23,28.2763731001218,0.159982248565154,24.20299007831
0.442566129523958,25.7484061297182,26,30.4314789897433,0.13904656190002,24.0727043005765
-0.26612597739095,21.1395767645533,21,25.2308293419035,-0.527316100621512,18.9329047669593
0.220753519302496,24.5424736556952,23,29.114805282521,-0.225970322159981,21.4847843474739
-0.83498069902154,16.0872098338767,14,18.9791397410386,-0.974634472973582,14.7798260720437
1.10514897210769,28.2697852217928,29,33.122312356311,2.0770697213259,30.1603399686543
1.3903602939876,28.9755834682371,28,33.8844473186083,1.92392781161713,29.9599660219585
-1.47072753460571,10.6053268708216,11,11.3869827205285,-1.71775641657683,8.80798598576527
-0.0712159293359652,22.6269473080792,23,26.9605590982795,0.438905847289338,25.7570727884941
0.296962780270227,24.980345711402,24,29.5961749185606,0.197575626529866,24.4320391346036
0.748951395565462,27.0941291235522,26,31.8723086230293,0.828925155391606,27.420175551145
-0.0778226685280618,22.5792058658806,21,26.9058225958514,0.269164901939684,24.8510065511305
1.11368597674896,28.2936419895428,33,33.1478108308455,0.607244028449126,26.5417720776044
-0.214081755792799,21.5523665572628,21,25.7159538496535,-0.202878876034667,21.6659346429462
-0.961052577917696,14.9155183795717,17,17.4442333233495,-0.826301543850873,16.1671230366145
-1.48327645801545,10.5122469643186,8,11.2457383381964,-1.55327064741901,9.94400923638538
0.574344276610141,26.3698725376392,27,31.0998518455408,0.368110445047661,25.3937587403902
0.385272301708527,25.4566865949819,26,30.1155150499627,0.421467314737093,25.6694722975915
0.252566106227359,24.7283221468366,24,29.3195942194448,-0.196727647130207,21.7138087422421
0.184565265170476,24.3256676024063,25,28.8749930301045,0.436081813194274,25.7429695419668
-1.10417742512867,13.615802196542,13,15.6967638948911,-0.892427764837287,15.5464686659628
1.10265346199486,28.2627769225235,29,33.1148240478381,0.288827138212285,24.9621783204761
-0.923494422870903,15.2630241587827,13,17.9031562925659,-0.913291434197232,15.3511785153031
-1.32172594198616,11.7625714263818,13,13.0978904655197,-1.4625032872832,10.6155608926308
-2.11375049928576,6.53927345030795,6,4.69325082964158,-2.24684483614006,5.7483764345705
-0.416051078266384,19.892134643128,18,23.7411131436897,-0.6075088963521,18.2056269824774
0.337128924149834,25.2010769776307,27,29.8373747418436,-0.0729470286103311,22.6421706818785
-0.534471956461928,18.8534370544794,20,22.4736887683148,-0.489031732873541,19.2742025729289
-0.502750632593758,19.1356845452488,19,22.8205028385541,-0.573054051838438,18.5199883259151
1.50142874858947,29.2050972694903,31,34.1377737232754,1.25648258865414,28.7052512413889
0.260742572607769,24.7753769014693,24,29.3713317133041,0.259509316390506,24.7958022676609
1.92772968060062,29.9030445496986,32,34.9429027326276,2.70654734016682,30.7692653311178
-0.16165670827177,21.9568495125745,22,26.1875312995671,-0.329461317637498,20.6459608327764
-0.415347796390177,19.8981735852963,20,23.7484104071033,-0.755840005076959,16.8285830964256
1.12662363766808,28.3294500297487,28,33.1861063482995,1.30445306020565,28.821666484478
-0.320783749913152,20.6944684040819,20,24.7033517724849,-0.310097820795167,20.8061611390081
-0.0371965418704796,22.8697217219331,26,27.2381054005883,-0.139519911406548,22.151234218645
-0.0911604029459286,22.4822396619013,22,26.7944895634196,-0.0233533515630541,22.9950177772436
-1.17825817013133,12.9651163410765,12,14.8007149524567,-1.15074059698247,13.181792029012
-0.951991767212553,14.9991776336982,16,17.5550126133434,-0.891863021573418,15.5517598292938
-0.023623415256258,22.9651505956054,23,27.3468374030137,0.524797861682466,26.1709802158833
0.951679157278686,27.8083242542282,28,32.630851095945,1.12681482015817,28.3649130748002
-0.222919954178566,21.4830452503668,23,25.6347577624118,-0.334863671171935,20.6010074293479
-1.52285345923718,10.2230475228275,7,10.8031396999672,-1.40256671479658,11.0778195965428
0.431524749920386,25.6932267768697,28,30.3718298057762,0.500871852593367,26.0585735204789
-0.728262637736899,17.0819176905018,16,20.2558950182436,-0.451859764473011,19.6014159755755
0.741509048097555,27.0654226756619,29,31.8417862969527,1.18000192713789,28.5092109731944
-0.219732069466692,21.5080861823825,23,25.6641009176056,-0.247613978118955,21.3129590592429
1.51152162111058,29.2248444868148,31,34.1597591668625,1.66482487155022,29.5563196595002
-0.843871614050605,16.004243037815,15,18.8715886488531,-0.898612373987259,15.4885402771103
0.783896665552026,27.2264652717593,28,32.012950118569,0.882306848838337,27.6079503302359
2.04723356264796,30.0565607072557,33,35.1313129846557,2.5024552431421,30.6030005212677
-0.0225486389549809,22.9726720003462,26,27.355398585762,0.410242808900261,25.6124376217532
-0.844329833652058,15.9999675753301,15,18.8660417776796,-0.627357891619031,18.0233816964678
-1.65726754884699,9.28775043071572,8,9.3311206921871,-1.70818732985818,8.87144694036527
0.104632005786239,23.8262179865029,23,28.3187260357969,0.693686369033181,26.9040785639367
-0.874804144929176,15.7157964944773,16,18.4963608778357,-0.57225002682157,18.5272918716874
-2.04680031226814,6.90626274344217,5,5.32913531348345,-2.14303690780883,6.27320939529278
1.77921119471275,29.688896396141,33,34.6883593867156,1.53223880195506,29.3123949447498
-0.457036061537007,19.5374277075528,17,23.3110440791462,-0.170022338938332,21.9197702434443
0.73830697702339,27.0530146406544,25,31.8285915986998,0.518929782103474,26.1436149114839
-0.50719248554704,19.0963270445113,18,22.7722498409764,-0.523899184512958,18.9635332813472
0.805678308615274,27.3069357995793,26,32.0984276869954,1.28250053419843,28.7689993224741
-1.34587555038735,11.5684760455176,11,12.8163866886263,-1.08204862839567,13.7956192766329
0.27581151427022,24.8613385293921,23,29.4657315870336,0.92371245995394,27.7477392337184
0.602866001161398,26.4956509608731,24,31.2344284175568,0.157185973038228,24.1857017474438
-0.304716352465637,20.8265133326993,20,24.8603050718612,0.204594770014105,24.4741116640559
0.853340111618226,27.4777561762726,29,32.2798104468081,1.18522307278263,28.5230165701683
0.835959830304669,27.4162910269233,29,32.2145516153046,0.0234001529827036,23.3174949412907
-0.99117958158141,14.6383003870503,12,17.075761327736,-0.697637971925157,17.3725026780657
-0.282927844582619,21.0039887250864,18,25.0706303484908,-0.625989508598203,18.0359706323407
0.0859421239402278,23.7053254389377,25,28.183266282107,0.945214212411388,27.8183725106487
-0.989882666810654,14.6502016024025,15,17.0916247273715,-0.550558192794319,18.7237424549788
0.674537327711343,26.798629029638,27,31.5578020961846,0.245642531367989,24.7158136531619
-0.353778346706646,20.4202753008023,19,24.3761633516284,-0.191168416154,21.7569363125092
-0.703446837455393,17.3121364836952,16,20.5481250402107,-0.674736678869037,17.5854458588317
0.561021639665958,26.3100806973759,27,31.0358022637597,0.505671419746124,26.081299096757
0.755877069134384,27.1206767126073,28,31.9005306506179,0.529271018766265,26.1917520723456
0.069835721233553,23.5998889551137,22,28.0648626284658,-0.0571888929817293,22.7554849402379
0.679444640432049,26.818704281211,23,31.5791932219001,0.947715306484888,27.8265031848548
-0.641512521262583,17.8832344244975,18,21.2678539244317,-1.0729584902786,13.8778665567067
-0.298497328608131,20.8773572092467,19,24.9206335767281,-0.588461339495923,18.3797419819776
0.469372176226033,25.8803327334648,25,30.5738803847493,0.759643584824626,27.1632396532492
-0.784586969877098,16.5574810774984,19,19.5856450786755,-0.946922296391874,15.0373231736961
-0.0111380462025072,23.0522070185776,23,27.4458507476377,-0.0633823969953821,22.7110813306872
-0.334724813937345,20.5791075931104,20,24.5659035941342,-0.149113867917974,22.0788696170768
0.907195171249202,27.6623464824688,30,32.4757958164232,0.520936161420989,26.1529863169784
0.328991458107816,25.1569112402352,23,29.7891897164873,0.274119197910337,24.8791754824068
0.608668378474061,26.5208709694206,25,31.2613877089755,0.946803846739928,27.8235422175818
-0.29542854077551,20.9023911930242,20,24.9503157753731,-0.149512520929422,22.075853963099
0.622743595030179,26.5815370618589,25,31.3262050678424,0.822921039854613,27.398509261904
1.41985240524072,29.0387712862088,32,33.9538191682534,1.22841139117673,28.6348207572698
-0.539565987839833,18.8078636171679,20,22.4175215192665,-0.337076038286638,20.5825659780164
-1.38883097736542,11.2294602758486,12,12.3196506671569,-1.45407365719258,10.6796570043755
0.923167298649247,27.7154238645124,28,32.5321627827415,0.293788455631422,24.9899674608342
-0.749231023287971,16.8869345761903,18,20.0074419228293,-0.91022818331577,15.3798271186097
0.3021268435885,25.0091096249818,25,29.6276604780238,0.305127856096533,25.0530858724253
-1.10311283870766,13.6252799871699,13,15.7097018465109,-1.01557160586436,14.4018106986362
0.207512343636172,24.4638135878048,24,29.0279124963864,0.0956573150579026,23.7964293516571
-0.80562401233332,16.3612032423608,15,19.3331455296161,-0.737656852490461,16.9988590782386
0.0470266859707752,23.448586667167,22,27.894522950153,0.0181934063205854,23.282071279173
-0.0968089619844064,22.440938834194,23,26.7470045503344,-0.130290486317743,22.2204678798926
0.0652371590006111,23.5695723348552,25,28.0307720813273,0.205464517264936,24.4793097616564
-0.696829963998471,17.3734053352281,17,20.6256935174492,-0.667903485327879,17.6488365326831
-0.16294403884419,21.947056246294,20,26.1761577723923,-0.280898414712847,21.0449514600236
0.0721376558816612,23.6150291691063,22,28.0818799485302,-0.142428908045157,22.1293350718089
0.0863115639991615,23.7077302524482,25,28.185963996626,-0.0491582936644014,22.812802750233
-0.56989898908758,18.5351552376947,19,22.0804425933244,-0.906966602091034,15.4103403273842
1.20021290695915,28.5254004787316,29,33.3962473332792,1.5169941656601,29.2825097400213
0.302283920359175,25.009982757092,25,29.6286159691332,0.578941984873633,26.4173327067382
0.331946015427052,25.1729793373681,24,29.8067244578993,0.203293024466134,24.4663254678913
-0.805855030348118,16.3590472617434,15,19.3303669409385,-0.708091434649275,17.275073956419
-0.767106348155462,16.7204554682259,16,19.7946152907496,-0.274162780037182,21.0995510360091
0.915356633624542,27.6895618268845,28,32.5046966386223,1.29918217760469,28.8091132377269
-1.18722056575567,12.8876608015249,12,14.6929691282869,-1.31811250440153,11.7549993879284
-0.365737308131036,20.319908250651,18,24.2559685104973,-0.607120714643103,18.2091831280027
-1.086505240658,13.7735613550101,14,15.9117167698219,-0.661677390670357,17.7065320966412
-0.0851964319746453,22.5256947753004,22,26.8444095525893,0.0572760229029557,23.5449703850188
-0.112835405303618,22.3229977804714,21,26.6111898136989,-0.231646278042629,21.4399129700903
-1.68312564719018,9.11554892648142,7,9.05319971500432,-1.64329307623949,9.31009494401679
-1.26299196186347,12.2449159338378,14,13.7889944998367,-1.20188297795041,12.7346872881036
1.52666896811732,29.2541489939537,28,34.1924476015181,0.959014369658036,27.8630149279749
0.697640143171389,26.8924065893589,29,31.6576931174835,0.548953853764291,26.282250004351
0.106382053792271,23.8374578703482,25,28.3313040237017,0.13599399153959,24.0535439335311
-0.444692020665453,19.6448247890631,19,23.4415603758301,-0.487907477079826,19.2841610282454
-0.879382920567618,15.6731393545222,15,18.4406951735708,-0.895562476288011,15.5171035071618
-1.30942702146492,11.862377732118,11,13.2418608988255,-1.42596509044788,10.8955505089447
-1.07510498761841,13.8757995896258,16,16.0505722104199,-0.903243956991404,15.4451787621337
-0.568215920245314,18.5503447906227,19,22.0992615662162,-0.605017400848486,18.2284461682743
-0.142541901514096,22.1014297559236,19,26.3551862274029,-0.0938569854450114,22.4900941116976
0.828754408396285,27.3905327434512,29,32.1872017312412,1.76806365456778,29.7278797753493
0.988899100374241,27.9261102551005,29,32.7560570300055,1.23612587424524,28.6543495246488
0.0289928313758437,23.3273098465506,23,27.7576194728071,0.160924526365797,24.2088079749022
-0.330055800749795,20.617824226591,22,24.6120669477655,-0.534466051746908,18.8687120257878
0.00771241716029987,23.1823266591236,24,27.5935242131387,0.0788770803254782,23.687310477547
0.488797545594743,25.9741497374314,26,30.674969137388,0.0470215259157146,23.4766598386873
-0.0936481981463111,22.4640667703687,18,26.7736003321627,0.0609813789567077,23.5695366993817
-1.39876489612277,11.1522012720556,11,12.2055107866159,-1.3703512406603,11.3325774892815
1.33012625852626,28.841212817571,29,33.7377221630148,1.23605637487038,28.6541741804179
1.98183534484353,29.974489108981,30,35.0298854107632,2.18242144304275,30.2842711342426
0.482285568349654,25.942865439147,26,30.6412760487428,0.326512996982346,25.1706321995737
0.527820578995235,26.1581493483991,27,30.8728209079934,0.63604862196992,26.6654374335528
1.71662722279478,29.5900183181021,29,34.5734550104909,1.67875138535711,29.5803580535132
-0.367934587089674,20.3014114178596,20,24.2337925028252,0.00534841659108533,23.1941567766027
-0.554416977604088,18.6746262787001,15,22.2530439214037,-0.520812816986161,18.9911713783707
-1.7789280992188,8.49693006031417,8,8.03764218760884,-1.883876226939,7.75232760530159
0.775929507416571,27.1966471557448,27,31.9812691611259,1.31867767830725,28.8552560493947
-0.924480964010105,15.253873473986,13,17.8911129440121,-1.36943537190249,11.3398845034493
-1.25599682114039,12.303311155798,12,13.8718894627846,-1.09705679251295,13.6603184947502
1.77083185981306,29.6759700136548,29,34.6732531207252,1.89627726771732,29.9209870100235
0.367116518893861,25.3614279903335,25,30.0120039404271,0.41036167673029,25.6130442990851
0.854280320111416,27.4810545097724,27,32.2833122443129,1.82199046236487,29.8116613239128
-1.61551336612445,9.57087494413126,9,9.78339495322135,-1.46795783965414,10.5742451840955
-0.987440497231844,14.6726206905202,14,17.1214966405099,-0.464996386812193,19.4862688827769
1.67096315042186,29.5143604650502,31,34.4864723323553,1.74241539271325,29.6866623146162
1.16355295642691,28.4294027254793,29,33.2931656764659,1.25234555480693,28.6949801118242
0.205322501279487,24.4507304465002,24,29.0134474727571,0.141650978127953,24.0890187021667
1.88297470320875,29.8413865343502,32,34.8687220463303,1.48589557092098,29.2203021242363
-1.00899647447542,14.4751278511314,14,16.8578522624429,-1.14834687259626,13.2029367448203
1.17937470008301,28.4712217358571,27,33.3380369944978,0.800554364239562,27.3168048938932
0.202566821717494,24.4342367446108,23,28.9952065283303,0.44384331917443,25.7816538189661
-2.38021917478267,5.24368132093737,5,2.4431831341621,-2.44170982508778,4.90494736501186
0.445336169014329,25.7621723021056,23,30.4463520618844,0.53689746310345,26.2269911459328
0.646265555168548,26.6813170156724,26,31.4327170004448,0.488630265957525,26.0002061016092
1.06079764726651,28.1428645641478,28,32.9868437916877,0.999915056903245,27.9922159388744
-0.0805872665891716,22.5591713284888,24,26.8828371882392,-0.0244596455755551,22.9872675757745
-0.240896443505943,21.3410594235334,20,25.4681061090653,-0.318555242948058,20.7363691420911
0.842275175809809,27.438733823953,25,32.2383801706763,1.1928892980784,28.5431731182162
0.269400538294812,24.8248867600124,24,29.4257199096756,0.222056352547713,24.5778340337576
-0.0235112257886533,22.9659359506369,22,27.3477313871294,-0.229434638121736,21.4574131817137
-0.779511056224725,16.6048187713126,18,19.6464066645797,-1.12073794119286,13.4481423773732
1.86064372951233,29.8097193131298,33,34.8309191049113,2.15238880867499,30.2500138106197
-0.842746191711253,16.0147441233753,17,18.8852105913424,-0.683867492251548,17.500632268256
1.19659651395696,28.5160705822298,29,33.3862166691977,0.165409619463713,24.2364459861958
1.14275470997864,28.3735182110456,27,33.2332767574453,0.731788715441942,27.0555640860271
0.530563745544877,26.1708619421022,26,30.8864711909632,0.276797157096846,24.8943576190002
1.5621879268006,29.3213317622512,28,34.2676847963732,1.74322263147939,29.6879733693442
-0.436234814683228,19.7181274895458,21,23.5304926580593,-0.24551464959357,21.3297105843946
1.59021993740473,29.3728728654716,33,34.3257039419089,1.59351947088591,29.4286167942928
0.274064910023607,24.8514252097206,25,29.4548527857413,1.31146601162645,28.8382789943979
-0.973066645033314,14.8047863765779,14,17.2973089608934,-0.741170261514577,16.9659786907622
0.00736325958339085,23.1799309555069,24,27.5908087499787,0.0385663181105638,23.4199773864359
-1.2380674144438,12.4538808501124,10,14.0849002179939,-1.13068377230134,13.3595332370935
-0.586843517313761,18.3818718392263,16,21.8902426475844,-0.231349673276887,21.4422611256418
-1.26686783289052,12.212645668708,11,13.7431160123938,-1.20187253380914,12.7347776532841
0.903116125244685,27.6486705864083,31,32.4612738140821,1.42726198445632,29.0983289790686
1.91726965356754,29.8888460390535,34,34.9257505689348,1.29966624247472,28.8102685178034
0.323277541239816,25.1257317302047,26,29.7551499199298,0.253462663689123,24.7610257389736
-1.06530446456229,13.9639724296931,14,16.1700482554717,-0.959354075431402,14.9216679490209
0.585882842461976,26.4211204262361,28,31.1547099116967,0.690919174144916,26.8928848999414
0.8302172185576,27.3957752496905,27,32.1927682817368,0.495038149673445,26.0308312708088
0.106607931054246,23.8389075950011,21,28.3329261364446,-0.330188326208388,20.6399178458728
0.0428297697555501,23.4204927087793,24,27.8628381930987,0.0157553020392421,23.2654416613537
-0.710088932231449,17.250582188675,17,20.4701091112012,-0.570017663317411,18.5475620034708
-0.720787672550096,17.1513314341118,15,20.3441334127049,-1.07967622330119,13.8170634358675
-1.58155030736782,9.80598799683218,10,10.1545452419253,-1.70061872766651,8.92185828768132
0.643189357818957,26.668380969284,27,31.4189146606477,0.226896227581518,24.6063459101176
-0.225271974739108,21.4645432471613,21,25.6130677484311,0.23723418486075,24.6669035802685
0.749405066341214,27.0958730283723,25,31.8741626622727,1.02349099798436,28.0646216873096
0.452372707755684,25.7970029454609,24,30.4839687835521,0.165366785255366,24.2361824574556
-0.46112387565938,19.5017580390382,22,23.2676380269399,-0.425519790221271,19.8306120121798
0.971847325102598,27.8726322069939,27,32.6991965463411,1.64484775964655,29.52133046383
-1.04671433964108,14.1319034824019,15,16.3969067672194,-0.931084729425693,15.1849609257191
1.46924979470866,29.1409345244275,29,34.0665609866673,0.852522960037137,27.5042515668893
0.779982272103519,27.2118410198714,28,31.9974127972879,0.625506862995041,26.6205247057081
0.377132563613949,25.4141487789021,24,30.069312954893,0.197568640751679,24.4319971536778
0.816311499635671,27.3456662203153,25,32.1395592093129,1.20364804689784,28.5712330587479
-2.79159051377292,3.98098249442362,2,0.15430051652921,-2.63134869869619,4.29070066789314
1.13639158585076,28.3562110730974,31,33.2147456755852,1.47857262904975,29.2054071286313
0.550064018633941,26.2604013430135,25,30.9825468263385,0.151379804593888,24.1496929025869
0.22345454447134,24.5584248091705,20,29.1324101528074,0.721138946951119,27.0137160165664
-1.29628504466348,11.9697322935705,14,13.3961441043649,-1.54273927659551,10.0202117557902
-0.957377196759628,14.94943881507,13,17.4891728798256,-1.29367685772773,11.9564978230414
1.72803482303493,29.6084485963048,30,34.5947627541515,1.18638049466626,28.5260684365382
1.60659181803148,29.4023861488681,32,34.3590513601452,1.79630626413942,29.7722365038246
0.193940353793948,24.3823880731732,26,28.9378280076855,0.102928962961636,23.8433212068616
0.0702620569038701,23.602694828555,24,28.0680167604794,0.266263257765303,24.8344592641347
-2.7654868730315,4.03405339609693,3,0.258767670647716,-2.63722705625759,4.27493302837131
1.28940215340434,28.7461549282942,31,33.6344957590893,0.47985974639432,25.9580295433934
1.13341888430829,28.348091645008,28,33.2060545678874,1.17075279658695,28.4845989246609
0.199942102597354,24.4184957972243,21,28.9777927423165,0.074780207338209,23.6604761893091
0.550652968511543,26.2630830762065,29,30.9854225057759,0.521885492798657,26.1574150876304
-1.2238744140136,12.573971152736,12,14.254056291214,-1.17992252243477,12.9255596322282
1.64719965630361,29.4737650197428,31,34.440104801836,2.45401684496206,30.5596853547569
1.22717098026693,28.5940016928675,28,33.4700898407961,0.152172001865818,24.1546148412029
0.840430462768274,27.4321911461409,29,32.231433588718,1.01842635729895,28.0491928006363
0.840462279597986,27.432304081358,27,32.2315534963872,0.629438940453785,26.6373235991717
0.546908268534389,26.2460094537974,27,30.9671123135876,0.899573982613371,27.6668564616585
-1.25116126063606,12.3437935155666,8,13.9292624795937,-1.08767677484007,13.7448076386764
0.765557246354206,27.1575163460415,25,31.939686583534,0.923723872843245,27.7477770763053
-2.07209739641798,6.76603954017976,8,5.08635980729258,-2.09975821854118,6.50478681348115
-2.35000317192486,5.37422757169554,9,2.67051610367257,-3.47453616324656,3.24879371796153
-0.8149583025892,16.2740856382888,17,19.2207820617999,-1.1297611944514,13.3677397556162
-0.168691194331431,21.9032491055241,21,26.1252549782162,-0.168109447603193,21.9344050637565
0.0439336564171283,23.4278897243157,22,27.8711823522592,-0.125786740055426,22.2541161294974
0.153671262923615,24.1360015649924,25,28.6643835084366,0.10017251572256,23.8255740578374
1.20527540856866,28.5384103335299,28,33.4102390372934,1.28662480111268,28.778971514661
0.81807980714425,27.3520722270183,29,32.1463619028226,0.436481451881748,25.7449672831081
-0.514612300995331,19.0304612582641,18,22.6914189733342,-0.017739665123561,23.0342595905284
-0.0979511673561678,22.4325703263459,21,26.7373782540964,-0.0466101163275835,22.8309295551693
1.17973334688982,28.4721628143328,29,33.3390473407561,1.45221053867,29.1509920041924
1.17021599270521,28.4470865162357,29,33.3121341149885,1.21734437765184,28.6065734016978
-1.08153056876529,13.8181304852752,11,15.9722913162553,-1.18163315010997,12.9106300523922
1.56085480805926,29.3188484437083,31,34.2648960969773,1.44611706760903,29.1382351698275
-0.506970144677778,19.0982984246706,16,22.7746676203508,-0.368068987156616,20.3222842798039
-1.13934252835322,13.3046889945038,13,15.2703009593436,-0.786465574495034,16.5412988417003
1.38690054706378,28.9680606426985,29,33.8762051343083,2.05361349518485,30.131268580318
-0.397570900049024,20.0502684839848,18,23.9319235566616,-0.393485953744583,20.1061975572235
1.19512650861514,28.5122694518217,28,33.3821308290171,1.9736058283615,30.0277733341147
0.212819120324716,24.4954312919027,26,29.0628549348948,-0.015286918339616,23.0513605481169
-0.115173365490186,22.3056987196999,22,26.591242474368,0.0674902212610342,23.6125396664661
1.72803482303493,29.6084485963048,30,34.5947627541515,2.38727174180933,30.497313623372
0.270633261850759,24.8319096126984,27,29.4334307114376,0.240585839423185,24.6864366140377
0.0284473480007561,23.3236187945715,24,27.7534476845587,0.261378944451224,24.8065230862304
-1.22504964320383,12.5639975303071,13,14.2400320559003,-0.886812161098413,15.5990924437901
0.841161951608265,27.4347867997773,30,32.2341894893152,0.805083868996346,27.3334780900617
0.798632669456397,27.2810735715888,26,32.0709591806491,0.756222809240636,27.1501538505921
1.88546825306355,29.8448847978581,32,34.8729101062934,2.03696246909365,30.1102889654883
-1.17311664107808,13.009680467912,11,14.8625973897874,-0.958899687062558,14.925891320127
-1.1989912969788,12.786378232812,14,14.5517083404808,-0.952275877628851,14.9874911362021
1.18426728780929,28.4840336234049,29,33.3517941545064,0.783296685381725,27.2526814801446
0.221399453202827,24.5462911866584,24,29.1190190740937,-0.252472855622499,21.2741179489267
-1.27963254183397,12.1068015939899,12,13.5922868004649,-1.62752515751411,9.41893200177945
-0.944985049528969,15.0639522356996,13,17.6406547308137,-0.99378241512037,14.6026276668757
-2.41654885536321,5.09328289172152,4,2.18063047151299,-2.15473519244473,6.21183044381776
-0.169165936735198,21.8996241439501,21,26.1210408981192,0.123374204415281,23.9738886948567
-0.977519512985129,14.7638047191771,15,17.2428460841882,-1.23698010601397,12.4333019354069
0.165710424885338,24.2104163029644,23,28.7471069862056,0.159809381053961,24.2019223142948
-0.252928626706839,21.2452899505862,22,25.3554387787588,-0.479807107541758,19.3558006086738
0.160139382454202,24.1760613879247,23,28.7089309461104,0.274075201034636,24.8789257930039
-1.28989260623084,12.0222129727614,14,13.4713531793899,-1.22910080988315,12.5005598860963
-0.683256739692177,17.4989133866605,16,20.7843246627467,-1.06313396399177,13.9670020100872
-0.100148977357531,22.4164517352716,22,26.7188325440577,-0.214724914802174,21.573285220755
0.11004225474866,23.8609216571324,25,28.3575522677201,0.318341894343216,25.1259476952409
1.17850757547649,28.4689451733916,29,33.3355929742198,1.19306025520275,28.5436210664431
-0.340672226164028,20.5296728278006,20,24.5069108205519,-0.0388097278858675,22.8862369626198
-2.13635013355155,6.41850689089394,7,4.48373740647989,-2.05966108361783,6.72531752192102
-0.304232070713898,20.830477942223,22,24.8650113819545,-0.261763652812522,21.1995782642897
-1.20191710433104,12.7612820584229,14,14.5166403663715,-1.24110522637055,12.3981845730585
0.409832624594148,25.5833807460269,27,30.2529260223075,0.33165788405366,25.1986227223893
-0.13419397252659,22.1640791286368,22,26.4276860103614,-0.383010383478056,20.1955390539011
0.786085763544523,27.2346220508687,26,32.0216157185531,0.734489107857374,27.0661150500413
0.972272580258815,27.8739757921565,29,32.7006248151817,0.0209817364046884,23.3010567088792
0.170909462857452,24.2423529727764,23,28.7825731659929,0.67392291768114,26.8235548903521
0.266561215235686,24.8086860799686,24,29.4079284175458,0.402760216633166,25.5741322168283
-0.023084054387906,22.9689257466568,25,27.3511345998714,0.0470151399743866,23.4766171503715
0.623877803690043,26.5863942393935,29,31.3313926655497,0.696287709571633,26.9145774216138
-0.234535600915947,21.3914509517786,24,25.5273045273626,-0.414112483775364,19.9291538131694
0.715973840753791,26.9655111613054,28,31.7355077537348,0.625768252901664,26.6216431521026
1.04602838095495,28.0994682978586,29,32.9405880601908,1.40412201039494,29.0484470477803
-0.525315053540512,18.935189467688,18,22.5743276611676,-0.148790434362317,22.0813157545626
-0.139732939123954,22.1225439378659,22,26.3796302212454,0.0312466858673432,23.3706463636483
-0.719480052105523,17.1634685076525,17,20.3595506746531,-0.513272303777004,19.058584960651
-0.204123914520593,21.6300822232102,22,25.8068514140412,-0.356517599088188,20.4197128078776
0.48042915365711,25.9339163942419,27,30.6316350181282,-0.156770035794081,22.0208323230471
0.294822161298662,24.9683889519954,23,29.5830819665918,0.668170990157923,26.7998655550989
1.26912862553683,28.697518894253,29,33.5818406901307,0.967875847074447,27.8913995865847
0.215249139091794,24.5098680126052,24,29.078802774129,0.014736476681138,23.2584845725375
0.576302465083114,26.3786047358137,25,31.1092017107173,0.55451342664856,26.307547029491
0.593299258808849,26.4537985449323,26,31.1896716636433,0.354597344746888,25.3220690128264
0.530059749794179,26.1685284546289,26,30.8839657667859,0.396052442521989,25.5395991174459
0.59073988042323,26.4425444891102,27,31.177632739442,0.407918919280095,25.6005654154425
0.9159072325188,27.6913907923919,28,32.5066389638133,0.604286256402513,26.5289041481411
-1.4538762971961,10.7313786714828,11,11.5773455468889,-1.4463448020801,10.7386873967432
1.57039907900937,29.3365625803215,31,34.28480192908,1.51586661053235,29.2802835385088
0.650403770979407,26.6986656775341,26,31.4512245201016,1.02281280003861,28.0625595866141
0.655988379622727,26.7219812234768,29,31.4760922795336,0.694562675362523,26.9076178700703
-0.574628333636218,18.4924381957477,17,22.0274908127745,-0.697595119076443,17.3729017972465
1.91726965356754,29.8888460390535,34,34.9257505689348,1.62462138945289,29.4852856067201
-0.398780080273585,20.0399569779272,19,23.9194986301326,0.0810079430819595,23.701237541955
0.132908360299491,24.0061504263727,24,28.5197485085709,-0.445526333261321,19.6567335770605
0.495289403042687,26.0051714705874,26,30.7083637928172,0.874648411081373,27.5815405194233
-0.835894853944929,16.0786785701998,16,18.9680882257074,-0.533666648009514,18.8758959261367
-0.0714902766169661,22.6249686572584,23,26.9582915638801,0.0892855951203682,23.7551448139156
-0.294102023623615,20.9132011141346,18,24.9631284087195,-0.205388294498127,21.6463579016492
0.0621573635610278,23.549215394825,25,28.0078696243691,0.421112031696283,25.6676748319336
-0.52065861623883,18.9766770739108,19,22.6253420948464,-0.725334734782156,17.1140870556759
0.384792483332413,25.454186701036,28,30.1128007376355,-0.0683077813729288,22.6756464597756
-0.891913761316795,15.556470068337,14,18.2882134127963,-0.806537096834076,16.3528032801621
0.524140813769724,26.1410508320006,27,30.8544573309136,0.823456262612121,27.4004452044541
-1.13002769550593,13.3867206550958,13,15.383085951443,-0.888287800428876,15.5852620488492
1.17158011997561,28.4506938930911,27,33.3160046307945,1.06700723915883,28.1944114923542
-0.12100975990431,22.2624102406351,21,26.5412971546403,-0.234479123947902,21.4174674165772
-1.2737405858754,12.155574217388,12,13.6618557690145,-1.17009404820098,13.0115351402214
0.549230568544235,26.2566040478146,25,30.9784747277025,0.61876011613347,26.5915715578903
0.26843166524109,24.819362458801,22,29.419653752785,0.114598463115899,23.9180753081301
0.828378853850413,27.3891857231235,25,32.1857714405104,0.738462634396049,27.0815963147611
1.88197415252236,29.8399807167284,31,34.8670397071266,1.3418332502226,28.9090470781378
0.88197739334193,27.5770030426573,28,32.3851792553556,1.12627375037641,28.3634102835716
-0.226146655977234,21.4576568306421,22,25.6049927572028,-0.0655387250562913,22.6955813741014
0.976508859642519,27.887332507978,29,32.7148241780186,0.852156492573734,27.5029589346147
-0.0705898673132885,22.6314613566635,23,26.9657318666916,-0.0358396675987543,22.907223644347
1.54602238380084,29.2910188967144,31,34.2336851425243,2.81763541246454,30.8499592201752
0.507690273206763,26.0639714448057,25,30.7716193165424,0.38594432005949,25.4872121103255
-0.917588755534391,15.3178247467212,12,17.975234271398,-0.766213027205586,16.7313374128256
0.620131600655255,26.5703335829434,27,31.3142383591742,0.806289046627944,27.3379034515579
0.371836617714278,25.3863248532682,25,30.0390740260658,0.720733829946613,27.0121166163685
-1.57914192401017,9.82282960155808,10,10.1809777414201,-1.56057320682846,9.89142747399968
-1.26888955762253,12.1958371894355,11,13.7191997945126,-1.34413200140639,11.5431628995195
0.161030664373676,24.181566908543,24,28.7150505194241,0.321401934353912,25.1427149417891
0.494536516909594,26.0015822316125,26,30.7045007970392,1.0088725073755,28.0199015361688
-0.76141322952361,16.773499401384,16,19.8624962708264,-0.891863021573418,15.5517598292938
-0.196273086298098,21.6910627123482,21,25.878078403574,0.000720239545766545,23.1622973605508
-0.922189054921018,15.2751338031197,16,17.9190905951399,-0.547749995709005,18.7490889694731
-0.816565754503684,16.2590824414401,14,19.201412848443,-0.515403938813424,19.0395438244653
-0.611481174423682,18.1578828100667,18,21.6113571244406,-0.318248567007603,20.7389047485777
-1.41406349503166,11.0340602450937,10,12.0302756315371,-1.36944142243571,11.3398362192262
-1.88862545472113,7.8222794624792,6,6.90261428736054,-1.8614989124562,7.88966791600916
-0.504820941216435,19.1173472052474,19,22.7980252850453,-0.197054551482685,21.7112685579647
-0.40538947995613,19.9835060808517,21,23.8514348245047,-0.413528960142598,19.9341826457081
-0.178687185649221,21.8267214257047,20,26.0362264273105,-0.023648484056086,22.9929507512472
-0.922341349755745,15.2737208960025,16,17.9172316394728,-0.642116231843579,17.8873834930049
-1.47352638576671,10.5845085748312,11,11.3554421340269,-1.8224006283443,8.13318359417099
-2.43700555288291,5.01185278087215,4,2.03807075331724,-2.27705327075621,5.60469272325324
-0.1972840508252,21.6832245962424,21,25.8689280235035,-0.123595421301866,22.2704554789467
-0.169435031809221,21.8975690058244,23,26.1186516312536,-0.243036106143409,21.3494645458356
-0.885477903965056,15.6163777351948,14,18.3665530151476,-1.42566578972946,10.8978673353749
1.15876851543426,28.416639306183,32,33.2794804109629,1.34272051608082,28.9110865900106
1.29813548253234,28.7668343971993,29,33.6569157889935,1.46144257475405,29.1701907434287
1.00613709700939,27.9793528626751,28,32.8126939870581,1.1357067029697,28.3895079359332
-0.153895043092342,22.0157458136461,21,26.2558849818895,-0.313084706086314,20.7815447609468
1.63333201567534,29.4496773408131,31,34.4126866200445,1.48698177800863,29.222503407311
1.01548622978674,28.0078888041775,29,32.8430616611247,1.18148141198258,28.5131294057822
0.28856402505077,24.9333204507221,24,29.5446646236438,0.521555851304919,26.1558776523095
-1.08233574973815,13.8109120342829,13,15.9624851173441,-1.23187337416583,12.4768661841293
1.3550401017051,28.8976739584959,28,33.7992510146812,1.10480746829414,28.3032101541533
0.00865215430174487,23.1887718463046,21,27.6008290142764,0.144185187341767,24.1048641713101
1.0695952316653,28.168443121893,31,33.0141218089912,1.78164840732031,29.7493485162282
1.93011264182661,29.906261385909,31,34.9467947450732,1.10434078790687,28.3018887742409
0.527988640710987,26.1589290248449,27,30.8736581642245,0.146785199960002,24.121091221668
0.00125818280261121,23.1379535933012,21,27.5432076974148,-0.0569382972959728,22.7572779304577
0.308040555940184,25.041909053248,24,29.6635433749444,0.127854858157977,24.0022520851393
0.0861474480961257,23.7066620405492,24,28.1847656945633,-0.536529062402699,18.8501647854783
-0.533517803018414,18.8619659004071,18,22.4841949931352,-0.45972532172664,19.5325372965532
1.2327188577792,28.6079144433261,29,33.4850855258832,0.864284437173246,27.5455209574127
-0.915316191951217,15.3389225297178,14,18.0029628248594,-0.887758343777379,15.5902241934793
1.82127380399776,29.7523742101524,30,34.7629398962842,2.16267580708428,30.2618414529135
0.138115429531583,24.0388957933839,24,28.556256347758,0.0549752875896828,23.5296853817483
0.395602667612441,25.5102780724729,26,30.1736754635348,0.287960558111114,24.9573136380537
-0.223700195569333,21.4769100577112,20,25.6275663065658,0.0788496891816477,23.6871313188223
-0.15663688753756,21.9949698367918,23,26.2317819164127,-0.0132432422252323,23.0655886389602
0.764942340068816,27.1551854191522,26,31.9372093392215,1.29917290419614,28.8090911008149
0.570958189327263,26.3547389978565,24,31.0836453591495,-0.0106532717613238,23.0835929205102
-1.43694740972257,10.859243084221,9,11.769390075299,-1.30936157345173,11.8268777399083
-1.51566040815067,10.2751218064739,8,10.8832607737521,-1.31975176663633,11.7415700959887
1.1746711398276,28.4588516234172,30,33.3247587948435,1.66139947860586,29.5503628737755
0.432274079246839,25.6969871324149,26,30.3758964578434,0.37868556702401,25.4493332134751
-1.60459336057526,9.64598827308933,7,9.90240537724535,-1.94097577649636,7.40853053705785
-0.158426446054995,21.9813923446593,22,26.2160247784917,-0.180966578279579,21.8357355054895
-0.504030053805686,19.124353744871,18,22.8066146610473,-0.300630843363728,20.8839517281813
-1.10587509364007,13.6006951735008,12,15.6761351391206,-1.02810511120018,14.2867343090727
0.208837913466231,24.4717229135881,22,29.0366554869861,-0.524046203213906,18.9622160923597
0.570132410926207,26.3510418028478,28,31.079685557039,0.226388152313904,24.6033576455659
-0.0451869284739733,22.8131604531806,24,27.1735622190914,0.130325880474951,24.0178555798454
0.748609024530301,27.0928125990829,27,31.8709089415057,1.33579268785646,28.8951197356468
-0.517539517267349,19.0044349363601,16,22.6594523322495,-0.69414413666916,17.4050355022433
-0.946006668624977,15.0545035010486,15,17.6281690883841,-0.874545124369822,15.7141199429854
0.143600251397211,24.0732571977754,24,28.5945409791543,0.0756861350778531,23.6664164940767
-0.305662553222935,20.8187645893327,20,24.8511056527604,-0.435998960372467,19.7397018045047
0.397147645310833,25.5182552335775,26,30.1823282169813,0.723639804465204,27.0235771966691
-0.939113512011508,15.1182838811682,16,17.7124025231997,-1.11019730682554,13.5423792160211
0.300730810569407,25.0013449538292,23,29.6191627318041,0.20044770260118,24.4492805647373
-1.30967556149994,11.8603544672634,11,13.2389475051852,-0.886812161098413,15.5990924437901
-0.0227091865834297,22.9715487971028,25,27.3541201890486,-0.0680967529788331,22.6771668999802
-0.081208240665839,22.5546666156913,24,26.8776677245519,0.408847357286287,25.605311222593
0.0148682220843581,23.2313052549076,20,27.6490118964353,-0.34657413298236,20.5031824253355
-1.22801155777073,12.5388848422196,13,14.2047008819871,-1.37871602277686,11.2660058469082
1.35254600053474,28.8920784556123,30,33.7931455983266,1.15090508991211,28.4311050625313
0.604292178204422,26.5018612940434,27,31.2410677926058,0.433492585221661,25.7300108009572
0.209640364320319,24.4765071723444,25,29.0419433828108,-0.144804925412721,22.111420694508
-2.02330213632542,7.0381278317494,5,5.55713507086142,-1.94481286674273,7.38577094194464
-0.412917593941129,19.9190285657261,20,23.7736045204029,-0.716942791678822,17.1924764089359
-1.55754264221424,9.97489507164908,10,10.4187165175491,-1.86574612340489,7.86348761501908
1.25250247495493,28.6569657450219,28,33.5380123019011,0.82685312777115,27.41271114806
1.28977083014185,28.7470311974769,28,33.6354453894236,1.91232695775915,29.9437222058632
0.356767235580713,25.3065138376825,26,29.9522551293342,0.332498078816985,25.2031831551594
0.805738774057361,27.3071570596364,28,32.0986626785522,0.762185621864097,27.1729391817898
-0.842912533620903,16.0131920014854,14,18.8831973573257,-0.9237739531531,15.253213728343
-0.645438521167957,17.847208678744,14,21.2226702896375,-0.616088602769502,18.1269486340084
-2.44813778771217,4.96854589896399,5,1.96210650305302,-2.82935677919868,3.85482107869925
-0.391209713914237,20.104432045012,20,23.9971486051031,-0.360497802755884,20.3861980180875
1.52361235967404,29.248267460933,33,34.185880801132,1.86645475660929,29.8779191533832
-0.31896661668234,20.7094511570332,21,24.7211808569665,-0.255157649889435,21.2526143778259
0.594378187148354,26.458535526262,28,31.1947385090605,0.899827143319499,27.6677135684402
0.908570876195408,27.6669477169238,27,32.4806818441728,1.45222181050202,29.1510155392559
1.51532494678082,29.2322398205406,30,34.1680013511626,1.62503158018281,29.4860228625044
1.05913720931766,28.1380142873424,30,32.9816724652925,1.24598687863644,28.6791203849125
0.891817829088957,27.6105320316712,27,32.4207781605352,1.0265178291627,28.0738100622469
-0.0910211858542321,22.483255815376,21,26.7956573817057,-0.39844822139423,20.0637406903426
-0.387583532993949,20.1352453922589,17,24.0342249660007,-0.433379581699279,19.7624600488982
-0.686972901861575,17.464575075073,16,20.7409595901407,-0.56066939182192,18.6323150553432
-0.247991443721419,21.2846579622912,22,25.4017784291774,-0.696768375275548,17.3806013930207
0.12551275217476,23.9594343216252,25,28.4676244610395,-0.205005765616137,21.6493438574095
-0.114672769364077,22.3094047381241,21,26.5955164138169,-0.753288868007723,16.8524885578571
-1.06454800734129,13.9707886100389,12,16.1792738021325,-1.43433432047817,10.8309197028547
1.66994112669447,29.5126320233547,29,34.4844939456342,1.61857109887184,29.4743807426998
0.619206988608158,26.566361750563,28,31.3099955819569,0.594442895709138,26.4858507752846
0.437621172368872,25.7237545220189,26,30.4048370177642,0.619274295722445,26.5937838811435
0.186326687167889,24.3363540453021,27,28.8868366895886,0.488023020865993,25.9972956017899
1.20083223481639,28.5269952369305,27,33.3979621524782,0.772340963641279,27.2114786580535
0.238788081425136,24.6483734114159,26,29.2315851212229,-0.240657741758199,21.3683961191718
-0.231526848644278,21.4152292592987,20,25.5552183552305,-0.32749667529545,20.6622810353304
0.971290764731851,27.8708729973832,27,32.6973264788049,0.864987381116633,27.5479742295327
1.43045827691346,29.0610891262906,29,33.9783843700663,1.82199046236487,29.8116613239128
1.19987221551779,28.52452282573,32,33.3953036412641,0.941662205251471,27.806795032033
-1.33609351999677,11.6467946723832,9,12.9302208481692,-1.40790233740729,11.036051411715
1.01241553451747,27.9985424978625,29,32.8331143886363,0.655724425650365,26.7482091565571
0.43397197744384,25.70549928123,26,30.3851010416918,0.887108690002072,27.6244201799359
2.02946020548747,30.0347045576662,31,35.1041348418284,1.43215629567229,29.1087508579968
-0.83736819584246,16.0649290447704,15,18.9502731996105,-0.762851800170786,16.7628560168144
0.729184323309569,27.0174751537374,29,31.7907927363396,0.487452036584176,25.9945575864298
1.76740543119942,29.6706568734213,32,34.667051643055,2.0211274826069,30.0900688610296
0.854039537739937,27.4802100840552,29,32.28241572927,1.04051069811569,28.115972880436
0.612414177939183,26.5370865067207,26,31.2787173048076,0.537190054883662,26.2283387095312
0.160672996987378,24.179357991856,26,28.7125953114892,0.100456319118953,23.8274028824006
-0.0362599054953973,22.8763332806613,24,27.245645261869,-0.116816724258398,22.3208658162446
-0.772380585910467,16.6712982919465,16,19.7316498602767,-0.771515178876661,16.681605048971
-0.239340234490075,21.3534031529904,23,25.4826125213447,0.0241285716936252,23.3224408923729
-1.67306090654544,9.18229715073119,8,9.1611799054735,-2.15025680743701,6.23526469331403
-0.128984288987385,22.2030241844306,24,26.4727092665773,-0.0447028622614629,22.8444779423624
0.466385396491174,25.865775211019,25,30.55818146096,0.269206613244971,24.8512441540058
-1.19732913063209,12.8006496412126,14,14.5716386561327,-1.33041699025256,11.654470531832
-1.42559424515383,10.9456890236166,10,11.8986356258878,-0.989523442363273,14.6419852283336
0.607747231034881,26.516875456535,27,31.2571171849219,0.970431296890455,27.8995444576816
0.925239162563162,27.7222540721716,29,32.5394170843756,0.952472754710964,27.8419201624192
0.352985968147894,25.2863383703621,23,29.9302890642393,0.141813616985744,24.090036485692
-0.252259987014379,21.2506272870024,22,25.3617233782223,-0.266471742967807,21.1616704975961
-0.914095131505696,15.3502606872741,13,18.0178596442236,-1.00982474833538,14.4546850296021
-0.141322324238929,22.1106011498467,23,26.3658052466447,-0.184169452638544,21.8110446384702
1.63856273096308,29.4587977033038,30,34.4230599466677,2.09914964767482,30.1872002263807
-0.819943044840805,16.22756013303,15,19.1606998641795,-0.415715918849513,19.9153293303917
0.66728608786202,26.7688101736962,26,31.5260211974453,0.132804409331986,24.0334789617415
1.83826733590727,29.7773671827692,29,34.7924942285439,1.85647574269648,29.8632648694593
1.22257193608102,28.5824156571793,28,33.4576072660176,1.79368831627244,29.7681695154066
-0.760666871826446,16.780451938333,16,19.8713886794505,-0.597116916775529,18.3007182552652
-1.12869412439027,13.3984876542945,13,15.3992441305028,-1.14960499237078,13.1918209354127
-0.294009317286113,20.913956332163,20,24.9640234431413,-0.280338564256809,21.0494966249173
-0.236720459382973,21.3741607587355,21,25.506999094307,-0.775013892364618,16.6487799159023
-0.336404909791504,20.5651559613207,22,24.5492601254931,-0.250798117252958,21.2875165497722
-0.402506761572723,20.0081456394705,19,23.8811520746303,-0.605215698192171,18.2266304738147
0.353967773912329,25.2915826876367,27,29.9359995654936,0.710879468480328,26.9730414806927
-0.947367726239301,15.04191758963,15,17.6115342159763,-1.16056890738066,13.0951729839779
-0.794213334428063,16.4676807796488,15,19.4702350624082,-0.811802431077469,16.3033404852991
-0.00692670339280023,23.0814144831164,24,27.4790315550387,0.226395232983415,24.6033992985739
-1.00471868674329,14.514248312687,14,16.9101663865518,-0.966834065091239,14.852188758353
0.131830829051824,23.9993591290886,23,28.5121739780991,0.118094103216324,23.9403489230871
-0.0848982977843687,22.5278629616485,20,26.8468991785464,-0.24773219491787,21.3120152097993
1.87034881140985,29.8235571490831,31,34.8474143026698,1.20814853877757,28.582892461127
-0.218148004747522,21.5205134808499,24,25.6786579888653,0.0423013441799679,23.4450563378862
-0.600739629408566,18.2556936561169,20,21.7332789472867,-0.675008587433064,17.5829219369948
0.530019522635721,26.1683421618626,25,30.8837657440023,0.708185905096276,26.9623037337834
-2.41838632215333,5.08587155018673,4,2.16766891877389,-2.39355696723395,5.09415057973186
-0.381030721969396,20.1908116845898,18,24.1010308143288,-0.445212180096818,19.6594740805927
1.2351064914648,28.6138807273198,30,33.4915183688144,0.591166185436181,26.4714404171887
0.0321910103291851,23.348923737,23,27.7820423348505,-0.0604054408961174,22.7324457718806
-0.662625296377124,17.6891969597604,15,21.024145244902,-0.645124390080544,17.8596146015332
-0.648863841754687,17.8157557672534,17,21.1831979735499,-0.876174424838954,15.698836786663
-1.34089952374429,11.6082645247578,11,12.8742602632594,-1.30512063338146,11.8618256898784
-0.895484373294763,15.523246965875,12,18.2447292884796,-0.864103517832064,15.8120974120224
0.387061705535565,25.466001143548,27,30.1256275011203,0.62490129125866,26.6179326180922
1.34562215278793,28.8764789521927,29,33.7761335991217,1.79368831627244,29.7681695154066
-1.43516536991298,10.8727750082164,9,11.7896529052207,-1.64644196274016,9.2884680366649
1.23915030519083,28.6239563440896,29,33.5023848770395,0.951058986320758,27.8373453715365
-0.165701313738888,21.9260567296536,21,26.1517623392685,-0.156523496814829,22.022705189138
-0.182579346899693,21.796809277065,20,26.001391679604,0.169780138764803,24.2632917698329
-2.45129075720049,4.95641012095393,4,1.94079875939248,-2.63140516560771,4.29054830938155
1.2998548900195,28.7708866472896,30,33.6613114079255,1.28357166446486,28.7715927098778
0.287028388678386,24.9246895643212,24,29.5352057652784,-0.157820912044939,22.0128462303755
-1.0677916141164,13.941572103518,13,16.1397193300079,-1.08768485056656,13.7447347923356
-0.328400571484425,20.6315302620676,18,24.6284009807155,-0.386215486756586,20.1682457252959
-1.26356188589866,12.2401669521933,14,13.7822460017555,-1.44038716286126,10.7843618051032
0.854216339151835,27.4808301454828,27,32.2830740399112,0.896151999928383,27.6552524389639
1.72845196651965,29.6091190424722,31,34.5955387894086,3.40622102622749,31.1906364767068
0.734760543886511,27.0392319857239,25,31.8139338354728,0.0568989295635939,23.5424667948125
-0.0422151929438325,22.8342294948418,22,27.1976129702003,-0.17003130220821,21.9197016314646
-0.552957946794747,18.687740364088,18,22.2692506231108,-0.673152715015758,17.6001464006234
-0.0984182074480735,22.4291468545222,22,26.7334397744124,0.0336856264221696,23.3871106640355
0.548071479648807,26.2513187168308,23,30.9728065581373,0.503645101197273,26.0717155003754
-0.709153489052494,17.2592542651349,15,20.4811056107098,-0.444121691974963,19.6689844223284
0.43460021433429,25.7086458946935,26,30.3885033008897,0.425652612768079,25.6906083770806
-0.955484560185827,14.9669140160664,15,17.5123126475709,-0.856393010329815,15.8844797843132
-0.933474243242586,15.1705081775751,14,17.7812931131689,-0.959986659248782,14.9157888250147
-0.360968634452141,20.3599917340297,20,24.3039981592418,-0.233893733612257,21.4221084013047
0.431984472162936,25.6955340680614,27,30.3743250647648,0.738041574724884,27.0799583061962
-0.29176868496624,20.932199148758,22,24.9856396566204,-0.197054551482685,21.7112685579647
0.596527561236828,26.467959421106,24,31.2048177735948,0.564244464243765,26.3515461418154
0.194625691597474,24.3865192356555,26,28.9424018531346,0.518745616055149,26.1427539352504
-0.244164331071973,21.3151067933955,22,25.4375950671916,-0.221687575530766,21.5185521837505
-0.34208164969938,20.5179385513497,21,24.4928995735276,-0.444525511839075,19.6654630883901
0.997209109060311,27.9518793357254,28,32.78346535361,1.6442150189665,29.5202123740494
0.221618737263959,24.5475867605819,23,29.1204490598487,-0.0843961622215121,22.5591439628401
1.54602238380084,29.2910188967144,31,34.2336851425243,3.39291973870079,31.1842324717767
0.603841679808016,26.4999003924208,26,31.2389714749422,0.787185897591141,27.2672154119082
0.652814322240606,26.7087432705095,25,31.4619737495041,0.748414819818376,27.1201415699088
-0.141030307841175,22.1127962042472,23,26.3683464865204,0.334345360427088,25.2131994206832
-1.92550939827941,7.602793323605,8,6.52828516909382,-1.67610029822278,9.08650484419642
1.18351542202317,28.4820684247204,31,33.3496836436069,1.31957107006605,28.8573517307119
-0.840951751865237,16.031488298642,16,18.9069254897817,-1.11617938259988,13.4888565011813
-1.54184437862697,10.0865870460835,8,10.5922820680782,-1.80564298878426,8.23895617349584
-1.37687440945087,11.323019861925,13,12.4573986970663,-1.60807645890965,9.55443580074182
-0.714270966808201,17.2118005819614,15,20.4209116736565,-1.20357622975585,12.7200421235613
-1.73357894107933,8.78609465682105,8,8.51561072696643,-1.80474535198584,8.2446459866111
1.34528411864146,28.8757148698891,30,33.7753006707416,1.24721841550765,28.6821989806701
0.190232208711434,24.3599997221207,24,28.9130343129691,0.40210816772342,25.5707833920879
-0.679496327709726,17.5336413547928,18,20.8281546268694,-0.772579274801472,16.6716223176496
-0.0530730347823428,22.7570594920348,22,27.1094728340868,-0.0755782161460924,22.6231417682876
-0.171120901063228,21.8846866524183,21,26.103672636714,0.264745265307113,24.8257880584811
0.214074678042444,24.5028937870342,24,29.0710990878096,0.0782403044205689,23.6831446069692
-0.574657203784631,18.4921772728782,18,22.0271672481529,-0.508699064632231,19.0993928912312
1.0395836762276,28.0803515777748,28,32.9202206217665,0.825839380506663,27.4090543037635
1.22192511356633,28.5807823179942,30,33.4558479186735,0.203143036188901,24.4654278551256
-0.771607133477769,16.6785079615048,18,19.7408882461395,-0.379732280492285,20.2234158528492
0.999072970589907,27.9576329547342,29,32.7895858800385,1.44761852358593,29.1413848067073
-1.34876804615782,11.5453966179936,9,12.7827768847326,-1.20755173267031,12.6856986083681
1.81284509716357,29.7398400535626,30,34.7481595177248,1.15599383864955,28.4449092418276
-0.540180118820027,18.8023648473354,19,22.4107413630672,-0.561512890818811,18.6246764871385
-0.543342855395752,18.7740313671923,17,22.3757944881595,-0.704248812690546,17.3109036024763
-0.83521091583448,16.0850613447122,17,18.9763567245579,-0.772831832180136,16.6692528823499
0.00386079304710364,23.1558690304993,24,27.5635280930859,-0.318247912791318,20.7389101572684
-0.969237744348774,14.8400517272977,11,17.3441375558345,-0.776544294851287,16.6344196280159
0.404604875776158,25.5566210838046,26,30.22392712375,0.693324593081056,26.9026166235988
1.83826733590727,29.7773671827692,29,34.7924942285439,2.38105092324987,30.4913354152859
0.295138063265127,24.9701547066029,26,29.585015691509,0.0288138378213318,23.3541963667763
-1.51648051701928,10.2691737621225,9,10.8741187013384,-1.4105418922838,11.0154332364638
1.18433272009573,28.4842045850701,30,33.3519777630373,1.60762959673307,29.4545148054123
0.917440933174107,27.6964807013539,27,32.5120444103568,0.8421707847072,27.467578713032
0.575431968272155,26.3747246788406,28,31.1050473292024,0.281144717979294,24.9189394205994
-0.954235193884424,14.978452624527,17,17.5275869166798,-0.815946110193409,16.2644122076257
-0.948711757799726,15.0294916306965,16,17.5951065596218,-0.763217361411637,16.7594284451385
0.451993689514071,25.7951318777343,23,30.4819485786337,0.387878359741517,25.497268048672
1.58158592664073,29.3571346842559,34,34.3079588888002,1.39058998730716,29.0188055781513
-2.12235737151408,6.49308585110336,4,4.61313099940963,-2.44255702194885,4.90173798320578
0.411760544409539,25.5932211055212,24,30.2635865755845,-0.0381158118502597,22.8911437875815
0.041232757562145,23.4097816521534,23,27.8507534922653,0.371279589273209,25.4104618413411
0.60214066997883,26.4924896137153,26,31.2310484788876,0.274675599169548,24.8823324293268
0.908952287747251,27.6682224089168,31,32.4820354445989,1.20813924200315,28.5828684234442
1.1206890962259,28.3130763700657,27,33.1685916906156,1.42091853221548,29.0847548500961
0.335148306637454,25.1903530283531,25,29.8256783334751,1.15710949726848,28.4479274479913
-0.833116811640449,16.1046047835899,15,19.0016679499618,-1.02412893619791,14.3232052603371
-0.740050034181351,16.9723528435567,15,20.1163919483863,-0.718061731379572,17.182028668831
1.19141798270912,28.5026576216392,31,33.3718010829237,0.293192002194302,24.9866322065001
0.518696200310522,26.1156559360985,27,30.8271753156372,0.130371281149179,24.0181420102562
-0.48643968791463,19.2797305813058,19,22.9968074302622,-0.708499122554376,17.2712715365113
0.341825206041865,25.2264386082893,25,29.8650273675334,0.711553467591155,26.9757245021371
-1.8923252206526,7.80010125713878,7,6.86488837419967,-1.70753575290616,8.87577924512407
0.0436527184250689,23.4260077096869,24,27.8690594723367,0.236742483613836,24.6640338793233
0.936384312950071,27.7587812356555,28,32.5782158390526,0.711134158268339,26.9740555174275
0.219541239364005,24.5353040279665,26,29.1068906244032,0.459252451229763,25.8577423790766
-1.41602136255785,11.0190144665719,8,12.007897289946,-1.34950790750893,11.4997488009482
0.20800048456454,24.4667270948284,27,29.0311332478336,0.014736476681138,23.2584845725375
1.91606751920213,29.887206056775,32,34.9237721822136,2.34378099665633,30.4549082013865
1.10063815988148,28.2571057663845,29,33.1087652023236,1.84729455555456,29.8496727836303
-0.285514727070981,20.9830142798065,19,25.0458111880079,-0.503113731415987,19.1491512240161
-0.593387267564804,18.3225053149875,17,21.8164362637198,-0.477386651753048,19.377168590026
0.235645723464997,24.6300236183401,24,29.2113667318964,0.264564163353778,24.8247528867307
1.53114739987306,29.2627374801306,28,34.2020423418935,1.49536918526157,29.2394311984169
1.93919429613622,29.9184608460806,31,34.9615751236326,2.15355840751747,30.2513635345432
0.790855923030673,27.2523422426641,30,32.0404402331129,1.06299977682381,28.1826644678475
-0.448334630887783,19.6131825788577,21,23.4031337629951,-0.141279652305102,22.1379911932549
-1.45856639767752,10.6961729449311,10,11.5242829492802,-1.54418008480333,10.0097603553022
0.803728303366631,27.2997939058005,27,32.0908424686297,0.143849158603787,24.1027647611394
-1.12173435854009,13.4599897190639,13,15.483615764643,-1.2415458847758,12.3944370988474
1.63955572787469,29.4605243417473,28,34.4250248931284,0.950804377315178,27.8365208879126
-0.607905872214263,18.190464997052,17,21.6519949513397,-0.00308799417191983,23.1360096057182
1.67759420323558,29.5255370487284,29,34.4992743241936,1.23729982479471,28.657309741288
-0.473828045907211,19.3905780209539,19,23.1321593365046,-1.24083299059998,12.4005001114529
1.35430985129611,28.8960369435398,30,33.7974646404728,1.4869754944897,29.2224906792599
0.601199338175636,26.4883839437904,25,31.226658731009,0.8126509187225,27.3611881372275
1.07510303289456,28.1843545600861,28,33.0310959902905,1.10481056764581,28.3032189279914
0.654441805269332,26.7155354472546,26,31.4692179739437,0.276627684815171,24.8933977471844
0.0896111589669742,23.7291813558012,23,28.2100221715104,-0.0366695574748773,22.9013635791905
-0.836672637095439,16.0714200927078,18,18.9586841097355,-1.09208831166785,13.7050406918749
-0.383805067367809,20.1673041837567,19,24.072776965626,-0.322047223447815,20.7074716107315
1.06109950615896,28.1437455451113,31,32.9877831271197,1.21778842956946,28.607712086275
0.13844346581417,24.0409546483134,22,28.5585509917909,0.489721086853895,26.005430748691
0.709611508157335,26.9402724591843,28,31.7086481438676,0.578982115013619,26.4175112347195
0.906755379562057,27.6608743568395,26,32.474232586989,1.13084754999298,28.3760913294767
0.934875674150825,27.7538579186236,27,32.5729859700484,0.855507948869226,27.514765224377
0.64877477865408,26.6918437464009,24,31.4439472957029,1.32084147196528,28.8603289623165
-0.700951756710981,17.3352458601262,18,20.577392339608,-0.405732964569157,20.0012563602369
0.753880951136337,27.1130415276437,28,31.8924143560285,0.654686889691633,26.7438786047119
-1.23471336380138,12.4821892815742,10,14.1248327115737,-1.34172302232747,11.5626564714662
-0.0886290070006039,22.5007031778343,23,26.8157051671683,0.194591658003436,24.41408738808
-0.289747770137746,20.9486363185443,22,25.005109807169,-0.141864292838325,22.1335884418194
1.09283677834287,28.2350554616256,29,33.0852136310522,1.00019444699058,27.9930827497021
0.429777441537747,25.6844494377875,28,30.3623365508486,0.184108781237894,24.3507093393829
0.216413291897951,24.5167750499506,25,29.0864312423215,0.769809883605818,27.2019045367206
-1.2589284834932,12.2788136571655,10,13.8371335724924,-1.29888853087366,11.9133161751128
-0.343371074275897,20.5071969220008,20,24.4800708346655,-0.864390394044981,15.8094048416761
1.08432633953752,28.2108245659448,28,33.0593438811695,1.32418596339034,28.8681510631316
-0.568026308382758,18.552055607453,19,22.1013808432556,-0.288216130755829,20.9854265387059
0.460067208481991,25.8348634690612,25,30.5248342567407,0.849204994510615,27.4925332552206
-0.11761726691575,22.2875903490754,20,26.5703546221486,-0.317865784966814,20.7420690901772
-0.44475541873691,19.644274428169,17,23.44089220614,-0.332421369461648,20.6213438417681
1.4817374052566,29.1660535196362,30,34.0944004997279,1.79610200633436,29.7719195140917
-1.06901060968053,13.9305992449407,11,16.1248566860559,-0.860538140818438,15.8455643951068
-1.21509703203136,12.6486285811255,13,14.358896566321,-1.19390841252399,12.8038000700567
-0.917098761533212,15.3223732440015,16,17.9812132841767,-0.675419918963117,17.5791036478828
0.347587291105356,25.2574290623147,25,29.898800505402,0.772681106986281,27.21276371127
-0.128213845722721,22.2087736769829,24,26.4793531570128,-0.0550510554620358,22.770771915622
-0.829026145235782,16.1427829878698,12,19.0510869828393,-0.783787025573692,16.5664437602556
0.29739894288832,24.9827795577666,24,29.5988396927675,0.787967494385037,27.2701303822593
-0.0140099851405714,23.032243492757,25,27.4231603724562,0.06083895573161,23.5685935883934
-0.924052140723678,15.2578508994951,15,17.8963479611873,-0.508982765378638,19.0968630955249
-0.649231548401143,17.8123781360664,18,21.1789578354599,-0.759553459073369,16.7937780312693
-0.562654455238417,18.600489280531,20,22.1613507857697,-0.198015682217512,21.7037975234112
0.568023617570655,26.3415886481264,27,31.0695600932786,0.691071035993816,26.8934998815522
-0.0511247004202998,22.7709453949233,24,27.1253426350099,-0.304713388131261,20.850448530816
0.463944480099411,25.8538518742649,24,30.5453206165514,0.118060876893053,23.9401374692726
1.25058138564085,28.6522407810956,30,33.5329100143775,1.29870713966028,28.8079790246981
0.817409415847437,27.3496447836165,27,32.1437841560343,0.812252642789574,27.3597341677764
-0.930962417681788,15.1937824630995,15,17.8119715604223,-1.16009192314008,13.0993693209149
-2.12530824857899,6.47730508203911,6,4.58575386039647,-1.97715060784598,7.19570086205879
-1.13235405514788,13.366207212956,12,15.3549052771974,-1.0090713175454,14.461621967336
0.369226939954716,25.3725711881425,27,30.0241212540765,0.310010576405757,25.0800955471424
1.11373010326374,28.2937648277718,29,33.1479421536854,1.59495857043093,29.4312726440858
0.20666212264846,24.4587364755676,25,29.0222995505062,0.337883661267119,25.2323445513505
0.0459809062581824,23.4415936513424,23,27.8866377699594,0.341536715898501,25.2520553569003
1.20838837018739,28.5463808208098,29,33.4188137906641,1.3887815669066,29.0148176494168
1.05255944982217,28.1187291407834,28,32.9611144694939,1.64296934285731,29.5180094088593
1.19775502600793,28.5190627183617,31,33.3894332420973,0.76871899524694,27.1977717157571
0.247270237008812,24.6976899727225,23,29.285889267343,-0.566892313437907,18.5759205278688
-0.502354950566027,19.1391878531816,20,22.8247962610163,-0.172209850077393,21.9030149755465
-0.705302434538582,17.2949452222693,14,20.526344960624,-0.65865161687332,17.7345487141969
0.108412390027855,23.8504807764022,22,28.345873848589,0.0133227475054825,23.248823085768
-0.74825826210248,16.8959880336223,18,20.0189974721596,-0.988637215107954,14.6501790542797
1.04324683977415,28.0912310098143,30,32.9318112010761,1.77036583461806,29.7315355399911
-0.703771985865056,17.3091244234607,20,20.5443094649582,-0.563951144542865,18.6025863086232
-0.193404028665153,21.7132835175021,22,25.9040117893379,-0.135705526754816,22.1798928862693
-0.191875242683223,21.7251098494088,18,25.9178094181478,0.2409126019829,24.6883383231942
0.236904282360819,24.6373781444741,23,29.2194710198681,0.494668543938572,26.0290691567461
0.846771182637198,27.4546355433835,27,32.255263323254,1.07646655623889,28.2219765903154
-1.64520834464298,9.36886767002787,9,9.46129590779134,-1.50097717013088,10.3267857008391
-0.278082276558322,21.0432059267079,18,25.1170092326327,-0.194035929196267,21.7347071519563
0.739542516081247,27.0578064363854,25,31.8336873213808,0.418668708707892,25.6552996211004
0.13029196190315,23.9896512174819,24,28.501344727478,0.537028406635946,26.2275942608806
-1.26929288999394,12.1924859080421,11,13.7144297509626,-1.26971016034277,12.1564929571844
0.233702049578042,24.6186519588634,24,29.1988335786355,0.291216545029316,24.975574943436
-1.73460340610921,8.77949130909231,9,8.50475843609989,-1.80618638115411,8.23551298636656
0.00697070524992883,23.1772368390721,22,27.5877548905305,0.484921507413584,25.9824077357767
0.0645422975584694,23.5649831287036,26,28.025609822293,0.0284817084421235,23.351948555325
1.81769246653461,29.7470597137373,32,34.7566696738461,2.55454849842142,30.6478517727275
1.43789559974726,29.0766133146494,30,33.9954921623827,1.24251733458117,28.6704293110217
1.03312325926102,28.0610774103919,28,32.8996906283981,1.11066862924028,28.3197597806313
-0.780369656496737,16.5968122468914,15,19.6361333560271,-0.816331978303026,16.2607870489473
0.943460801669252,27.7817870103592,25,32.6026557759342,1.45325372068875,29.1531691396907
-1.1125393012202,13.5414760141687,14,15.5951940763896,-0.988695985534301,14.6496356347671
0.539650117345384,26.2127645481272,27,30.9314473862344,0.675734416123028,26.8309917587549
-0.874549142679887,15.7181725380452,15,18.4994601743813,-0.838360262291211,16.053837394953
-0.48129671837649,19.3249902568916,19,23.0521059995925,-0.186624412630517,21.7920895350001
-0.595081814073438,18.3071169418251,17,21.7972919906681,-0.732263193740117,17.0493144825778
-0.763016752331555,16.7585609788617,16,19.8433859920765,-0.85657263634932,15.8827932818337
-1.10375623039597,13.6195516036469,15,15.7018825114582,-1.09084724511972,13.7162225770395
-0.771649701411136,16.6781111760663,16,19.7403798414222,-0.963281003514678,14.8851814131053
1.17762527877637,28.4666269564855,31,33.3331043918623,1.65440881369186,29.5381514188145
-1.1431268100489,13.2714431248672,13,15.2245204822899,-1.36117253307201,11.4059679032883
0.087700361205418,23.7167649480227,24,28.1960979618755,0.160218165390089,24.2044470688111
0.979532631658341,27.8968355103277,28,32.7249276109232,0.92717771005418,27.7592120057876
-0.445575359239938,19.6371553503864,19,23.4322486183019,-0.941273335288032,15.0899463502862
-2.79697355502532,3.97042262880742,6,0.133325085158783,-2.38219596992973,5.14071149265407
0.293629367277849,24.9617178946329,25,29.5757757528313,0.642348187370598,26.6920874373006
-1.0304593831689,14.2794288457699,14,16.5954698073669,-0.655625562222183,17.7625529216187
1.37417359407079,28.9401853686227,30,33.8456942629757,0.533226168928642,26.2100549937804
-0.115383834852243,22.3041402450855,22,26.589445081072,-0.28806574918168,20.9866519563956
0.167052145555977,24.2186697052647,25,28.7562746095431,0.0238491281971576,23.32054375957
-0.172169471507243,21.8766680494328,22,26.094347065644,0.0611675683921689,23.5707694870772
-0.97800542541018,14.759334688753,13,17.236902755079,-0.776987481850784,16.6302608386081
-0.00582129989449514,23.0890678085264,21,27.4877228572396,0.0699314983277164,23.6286194388524
-0.927514791839128,15.2257400787382,16,17.8540723955462,-1.22246817064103,12.5573590374893
-0.290267660313779,20.9444092959201,23,25.0001034063892,-0.349343966455023,20.4799684865303
0.804095621105228,27.3011401379896,29,32.0922722808642,1.30954542294584,28.8337395914825
0.819338212253902,27.3566249826882,27,32.1511965123708,0.73742143175173,27.0775447516857
-0.568693443883225,18.5460358513024,16,22.0939235688066,-0.690289245702028,17.4409117367861
1.44676957798964,29.095001400478,29,34.0157781478235,1.26226268026316,28.7195393535399
-1.25015724038648,12.3522107273007,11,13.941182088536,-1.14416127229248,13.2399547032311
0.234885957872589,24.625580497603,24,29.2064701122954,0.0293368823528603,23.3577352565407
0.0586586728117117,23.5260380507249,24,27.9817829182469,-0.111753463284483,22.3583864950016
0.0555240079946966,23.5052256284995,24,27.9583478498534,0.186004935091039,24.3622092926793
0.561624929057708,26.3128026892776,27,31.0387191758987,0.590870572042812,26.470138430498
-0.577920492570034,18.462672055036,19,21.9905685994392,-0.625415585328347,18.0412495738076
0.324866118895488,25.1344141168829,27,29.764630697305,0.751859639402988,27.133407413679
0.518083187217803,26.1127895334016,24,30.8240952856904,0.366230665219068,25.3838316009042
-0.904100494154032,15.4431211361713,12,18.1397406829732,-0.67442820221853,17.5883090810622
0.411806446200769,25.5934552092149,24,30.263840170637,0.664212115111537,26.7834939720273
-0.152362617833569,22.0273435508775,23,26.269335703418,-0.56100786929852,18.6292500772505
-2.17787667328194,6.2010857519581,6,4.10641012349376,-2.1224327152909,6.38259271716159
-0.848217204869086,15.9636983616933,14,18.8189691649361,-0.841241713212135,16.026770481946
0.288157188672414,24.9310348553186,26,29.5421599133985,0.228765568936648,24.6173307780603
-1.38123278654249,11.288843699689,10,12.4071406562774,-2.1618460549455,6.17478380949525
1.06585966768172,28.1576067465461,28,33.0025641322224,0.888406538371104,27.6288599268028
-0.815491058317022,16.2691131618671,15,19.2143631608623,-1.05934724969785,14.0014236155102
0.400200644759041,25.5339898739201,23,30.1993920366254,0.572208667921037,26.38729366569
0.0349940018048345,23.3678292002813,23,27.8033962371666,0.459365153123842,25.8582954123199
0.18467196538032,24.3263153364319,24,28.8757109751058,-0.123800361833656,22.2689282590318
1.12534863178417,28.3259395825108,30,33.1823507592853,1.04081562493976,28.1168859450212
-2.86943567089931,3.84025214719778,2,-0.131312984655661,-2.85361445605626,3.8134376573431
1.56631060349398,29.3289928089235,29,34.2762917729587,1.57890579422519,29.4014591508459
-0.455590814256625,19.5500263834313,19,23.3263683891184,-0.731884682140612,17.0528542929719
-0.609811150084573,18.1731051501245,16,21.6303460208597,-0.716951060453435,17.1923992068915
0.915839643424655,27.6911663246556,28,32.506400582871,0.131202610958834,24.0233851907246
0.175644389521243,24.2713344582306,24,28.8147387227111,-0.0315727304894623,22.9373045553826
-0.880556922124879,15.6622041439233,15,18.4264178678547,-0.967162752175995,14.8491376545302
1.33258273659547,28.8468361736513,30,33.7438426894432,1.32668754490329,28.8739867953742
-0.341437848152205,20.5232994855725,20,24.4993011571096,-0.0497025206566657,22.8089275313619
0.984159715450381,27.9113279062316,29,32.7403371921362,1.01000918177767,28.0233993024332
0.517132591817637,26.1083417467905,28,30.8193157635831,0.796974507948922,27.3035813925111
-1.24655031570727,12.3824826178103,12,13.9840230666571,-1.1982243895701,12.7663664789632
-0.958277310741046,14.9411296983038,16,17.4781674448052,-1.139518845569,13.2810791087945
0.38424102602377,25.4513123859451,26,30.1096797470136,0.30464305217813,25.0503985462466
0.210359998818762,24.4807952677522,24,29.0466824764695,0.186216134936951,24.3634892087045
0.418148257718147,25.6257163964797,24,30.2987780237349,0.408671523724955,25.6044127003649
1.46087439247621,29.1239293093915,26,34.0477418253643,2.14369968389202,30.2399464274647
-0.569495354086484,18.5387986104572,16,22.0849569939679,-0.418410414720579,19.8920781584774
-0.0831581214904961,22.5405106290787,19,26.8614197682133,0.415987610030607,25.6416922851026
-0.34363141690579,20.5050273791566,18,24.4774794276311,-0.433815148325777,19.7586772424272
-1.18527745138288,12.9044291736621,10,14.7163156613796,-1.37610012537698,11.2867927433871
0.359561683497833,25.3213855230787,25,29.9684417492279,-0.385330183852548,20.1757882756315
-1.19180194737008,12.8481794462442,13,14.6379540240148,-0.914169204499916,15.3429709777652
-0.890597104873812,15.5687235441808,15,18.3042443292314,-0.783790260312752,16.5664133958367
0.665438544977638,26.7611830084287,28,31.517890706287,1.09203272337135,28.2668434210158
0.940839920159562,27.7732833252949,26,32.5936216419489,0.500415342253323,26.0564073379471
-1.85809343849001,8.00670130747706,6,7.21538643997517,-1.82051248922701,8.14505895760883
-0.367633727552901,20.3039450916089,22,24.2368306066226,-0.231811950154349,21.4386012197873
-1.76751471862887,8.56911071586537,7,8.15746872313757,-1.94476350092786,7.38606347741538
0.284152919410133,24.9085010216368,26,29.5174602073681,0.882088609777415,27.6072001630072
0.489336565272633,25.9767317735674,25,30.6777492717165,-0.0809730100936365,22.5840293857022
-0.464532710782549,19.4719738345512,21,23.2313718557179,-0.374256129590821,20.2698981613778
-0.479442176910415,19.3412917329296,19,23.0720119019662,-0.693411284345666,17.4118574380729
-0.591836839510744,18.3365795493902,21,21.8339409831422,-0.903247511086321,15.4451454952388
0.610126122043317,26.5271876352725,28,31.2681387412545,1.19875564495089,28.5585059976979
0.763411429562361,27.1493767758563,25,31.9310359365399,0.849202275425337,27.4925236382457
0.0446339103969064,23.4325792136697,24,27.8764716724002,-0.114348011635166,22.3391740981046
-1.08158425572275,13.817649125704,16,15.971637447716,-1.07226289460853,13.8841692982218
-0.693146414243921,17.4074897418736,19,20.6688085958361,-0.557859918827515,18.6577444496937
-0.0902288713497458,22.489037344827,24,26.80230137975,-0.332611506097787,20.6197614416039
0.515766729683156,26.1019448260982,26,30.8124411964953,0.244887814555052,24.7114361741291
0.622888892658186,26.5821595507327,25,31.3268699187915,0.251049111285349,24.7471001689867
-0.600201602417669,18.2605866157015,19,21.7393723936958,-1.07155348881713,13.8905984759886
-2.08184682948925,6.71249311085859,8,4.99358155137011,-1.8177017803835,8.16275666253961
0.466316572004701,25.8654393434313,26,30.5578192174144,0.231313403108429,24.6322780509278
-1.16863793241869,13.0485756545033,13,14.9165434359497,-0.955680094008371,14.9558248832573
-0.530161605197128,18.8919470018444,19,22.5211140772058,-0.567024821127062,18.5747186684073
1.37613194917771,28.944495431655,28,33.8504088033406,0.845479828886451,27.4793367410487
0.866809665325448,27.5247489769262,26,32.3297016877955,0.923167940321441,27.7459332924207
-0.0817508805757748,22.5507287708062,24,26.8731484026185,-0.492105463014008,19.2469568527304
1.08975709764379,28.2263083305753,29,33.0758736013124,0.841525663620132,27.4652824908256
1.44629772090907,29.094027324923,32,34.0147029229198,1.12005538719046,28.3460878580924
0.339009534241477,25.2112441197125,25,29.8484618014938,0.247650620850882,24.7274488132112
0.0120590514810915,23.2121049303768,23,27.6272663174889,0.157781624511889,24.1893873627951
-0.295972053886755,20.8979600800807,21,24.9450629546463,-0.277951826633627,21.0688592657018
0.100883272738995,23.8020952207646,24,28.2917221329825,0.515356362005574,26.1268859527771
-0.57852679723256,18.4571874546675,19,21.9837632707645,-0.272332677504455,21.1143542976624
0.453594408893079,25.8030300990026,27,30.4904759371909,0.303163857993843,25.0421930015811
0.132588082341879,24.0041323687398,22,28.517497814828,-0.39406152845615,20.1012774289409
0.322573345929558,25.1218795191675,26,29.7509430069277,-0.253172449614369,21.2685174845408
-0.0450979350372408,22.8137919692339,22,27.1742832537799,0.0173797079938936,23.2765242647925
-0.459591079102152,19.5151390258381,18,23.2839245902193,0.121245430877224,23.9603815650132
-0.927729831184175,15.2237463717065,15,17.851446681958,-0.591447656651694,18.3524962125503
0.585442365672394,26.4191731805377,28,31.1526261393677,0.269354148415607,24.8520845080628
0.736082664378277,27.0443751470864,30,31.8194037152355,0.515484539119833,26.1274868608808
-1.57917321544227,9.82261063771072,8,10.1806342142341,-1.89679663773093,7.67369742492534
-0.158019473143497,21.9844812759462,25,26.2196099578129,-0.0789119822570376,22.5989872548881
-1.07586657606203,13.8689585169916,14,16.0412917808769,-1.39746918928512,11.1178369160879
0.172601390896875,24.252720311728,24,28.7940815776589,0.36336332551661,25.3686608799348
1.0366266601287,28.0715433518302,28,32.9108378545737,0.989468301165718,27.9596526106493
0.557826487636543,26.2956415276887,25,31.0203273555699,0.930589138816677,27.7704728909471
-0.784430303704438,16.5589422887058,19,19.5875214408331,-0.419478442438012,19.8828551543966
-0.509733498944793,19.0737874902858,18,22.7446001944885,-0.0793429712111037,22.5958609319572
0.95341097122697,27.8138916509285,28,32.6367669015145,0.146170128790156,24.1172552050113
-1.63913573367614,9.409914356665,9,9.5269847917681,-1.32092398610095,11.7319737895704
0.581308628908511,26.4008637127788,25,31.1330304568445,0.78423660046512,27.2561983728268
-0.966740143706707,14.8630682121395,15,17.3746823312158,-0.786749956687981,16.538629034186
1.45544642188523,29.1128401884326,32,34.0354816374387,1.78002739781673,29.7467997715689
-0.16688034237473,21.917067319068,23,26.1413161325477,-0.148825506229454,22.0810505271203
-0.402932307635959,20.0045101278739,19,23.8767682295378,-0.701384165866689,17.3376027288561
-1.54445197988532,10.0679650947156,9,10.5634057606484,-1.39002608605654,11.176466148091
0.574076557108322,26.3686775745603,27,31.0985722760368,0.815313241898574,27.3708945853994
-1.44729192055015,10.7809635339794,10,11.6519439690137,-1.61763915368713,9.48763460062056
-0.448594119412948,19.610926888874,18,23.4003935638965,-0.506134976973164,19.1222467891301
-2.83709287272928,3.8956794451023,2,-0.0171521636928239,-2.33560925213984,5.3390866706977
0.457249510017719,25.8210265470677,27,30.5099019345685,0.41114621863696,25.6170470015069
0.720874949088343,26.9848590929457,29,31.7560947094048,0.796726629937882,27.3026642589962
-1.96083514667381,7.3959182996144,7,6.17366860977218,-1.89745125986952,7.66972657531832
-0.0106676380989668,23.0554734280205,23,27.4495624675852,0.521887883059967,26.1574262341998
-0.69814733963948,17.3612113591218,17,20.6102623302293,-0.133279584534666,22.1980864726114
-0.116811881356019,22.2935608166223,23,26.577242331939,-0.56083647976986,18.6308020773612
-1.08088939244315,13.8238799145114,11,15.9801006220417,-1.23212239105547,12.4747395739503
0.904279402681106,27.652575760031,29,32.4654205412405,0.411458856965958,25.6186413730918
-1.91681989049617,7.65418029229587,6,6.61611254004942,-1.89669290031477,7.67432679722047
1.78631061132173,29.6997744451304,30,34.7010926337859,1.51734240045888,29.283196840364
-0.301267532903387,20.8547276988477,22,24.8937899663305,-0.170602312814045,21.9153299457343
0.703067255152645,26.914167299697,25,31.6808607158807,0.610534283825129,26.5560492017288
0.68890467666914,26.857166606983,27,31.620165626359,-0.280301139832665,21.0498004113674
-0.863168087936648,15.8242542787667,16,18.6376895240722,-0.402847047651416,20.0260322573844
0.361246097567378,25.3303339768427,25,29.978179395592,-0.259174466479201,21.2203867973762
-0.899632195441625,15.4846662175326,15,18.1941975452685,-1.10494659678375,13.5894454826514
-1.08585053371658,13.77942306599,12,15.9196873020783,-1.14492966898495,13.2331546484444
0.621373162478139,26.5756620361918,25,31.3199299997023,-0.205507728896858,21.6454254894515
-0.675354681042732,17.5718671236026,17,20.8763675439965,-0.464108218450725,19.4940711749898
-0.494187671029753,19.2114009911977,16,22.9132341483267,-0.125374073359793,22.2571947575712
1.23378863083121,28.6105892053572,31,33.4879692907654,1.08754816715169,28.2539801129781
-0.51824568502535,18.9981528181992,21,22.6517340761015,-0.425161727010981,19.8337118348802
0.247015210311231,24.6962117776088,21,29.2842623041353,0.156448704882739,24.1811376809999
-0.504695094521699,19.1184622087416,17,22.7993922514054,-0.526569046075759,18.9396039201494
-0.161408512405256,21.9587368304454,23,26.1897229067807,0.280433020454525,24.9149209393785
-0.219027749782365,21.5136129865678,22,25.6705753343643,-0.21281271922943,21.5882810273521
-1.51036701831168,10.3135807970549,9,10.9423125968614,-1.37119110976801,11.325879941873
-0.14902670898581,22.0525556525137,24,26.2985653687745,0.112701209813071,23.9059633342186
1.05869528337833,28.1367221704177,31,32.9802948839919,0.111832807709625,23.9004140955926
-0.702791659807975,17.3182054394955,17,20.5558123591803,-0.66450683448887,17.6803200055834
0.0527427522115616,23.4867227733181,25,27.9375053190433,-0.233891266078188,21.4221279609294
-0.948057879764996,15.0355366082666,11,17.6030988029852,-0.668214168745068,17.645955914908
0.337167986238089,25.201288310741,25,29.8376052165523,0.0968372474017754,23.8040544448895
-2.76911080169988,4.02649782677113,3,0.243987292088236,-2.88216370465025,3.76758230896648
-0.39576072424196,20.065695734239,22,23.9505082193214,-0.349062723067916,20.4823268981277
-1.18916118333326,12.8709276461232,15,14.6696601920466,-1.64309425546562,9.31146166820413
0.00261452319216583,23.1472939331646,25,27.5538027779108,-0.00584738108337352,23.1169209306053
-0.22475987102791,21.4685736111774,24,25.6177932372657,-0.536315258021713,18.8520874910084
0.142647258128682,24.0672964867923,22,28.5879015296393,-0.312828551145119,20.783657225943
0.147751468082149,24.0991747553377,24,28.623400824997,-0.183626864201735,21.8152305447456
-1.27851718515918,12.1160233589686,10,13.6054495579503,-0.999862994198302,14.5464944731641
0.954475646073852,27.8173100943344,27,32.6403993711565,1.3824090154964,29.0007145037546
-2.48127521428793,4.84389228581902,3,1.74275265119876,-2.7380463604691,4.03262452797507
1.04935962231289,28.109306552338,27,32.9510720596023,0.354569189752223,25.3219188507123
0.720813424268374,26.9846167206295,27,31.7558368344938,0.615835505097248,26.5789699284105
-1.00196650496454,14.5394364221429,15,16.9438256667865,-0.946366553694074,15.0424983534618
0.206253441261305,24.4562948946703,26,29.0196000947183,-0.180998359810315,21.8354907196425
0.0953956690891992,23.7666695948731,23,28.2520422960891,0.153681345407412,24.1639846663988
-1.00408651136414,14.5200326856281,15,16.9178977765215,-0.577876614252226,18.4761495106346
-1.83191290294959,8.16685964651229,8,7.48555787122556,-1.74341461112137,8.63931475450148
0.895170503732784,27.6218890944337,28,32.4328367927763,0.0290116311484048,23.3555347708585
0.698350041373086,26.89525879831,26,31.66072997126,1.02707744730947,28.075506201965
0.202798417543631,24.4356242129167,25,28.9967411970059,0.0130377067085672,23.2468740088718
1.24866602485376,28.6475217728481,27,33.5278150285704,1.34906391289924,28.9256217401242
-1.27923568336702,12.1100822301693,11,13.5969699185482,-0.822063767036795,16.206937087583
-1.65342432350032,9.31354556747051,9,9.37256790219358,-1.56906893420088,9.83051805350715
-0.196168596199152,21.691872591383,23,25.8790237930671,-0.199658241709855,21.6910204948386
0.404390539234009,25.5555215543533,23,30.222735309599,0.221011675293299,24.5716663185065
1.89056822304298,29.8520162555294,29,34.8814552934007,2.88501880490343,30.8959366955597
-0.764549091115035,16.7442842774029,15,19.8251173946294,-1.0514306659782,14.0735010859
0.64831400935886,26.6899124070875,24,31.441886965825,0.461967980371675,25.8710536033648
1.33391599007006,28.8498830558759,30,33.7471596345313,1.16689761105383,28.4742811163663
1.66111079613629,29.4976330250272,31,34.4673417819413,2.10214276178286,30.1908042244058
-1.27216055975422,12.1686776687697,11,13.6805267714564,-0.981599074290054,14.7153010516558
-0.6871853931189,17.4626110392829,16,20.7384784451974,-0.724060921176469,17.125990487105
-0.307000927126405,20.8077983486315,20,24.8380840276078,-0.186089723418477,21.7962201555552
0.274951737366541,24.8564602807388,24,29.4603784823479,0.543041762008871,26.2552213249694
0.26906808225428,24.8229916261345,24,29.4236389597604,0.33253228917479,25.2033687800495
-0.396681416052663,20.0578505278943,21,23.9410580536155,-0.52118243517741,18.9878628669019
0.261002592244646,24.7768685305348,24,29.3729710452654,-0.204799596054124,21.6509529240263
1.83208038589771,29.7683105386739,31,34.7817718481901,1.57526140651864,29.3946328163792
-0.083254414686575,22.5398111144733,24,26.860616761376,-0.106732032395466,22.3954849397224
-0.539303870495447,18.8102102555021,19,22.4204147906777,-0.362859905625799,20.3662805010172
1.12230937470643,28.3175554449529,28,33.173382283534,0.655224842595774,26.7461244285334
-1.30373837038822,11.9087580932658,12,13.3085882106169,-1.40976174836327,11.0215240402568
1.05912940759471,28.13799148085,28,32.9816481500818,1.01516715361442,28.0392278242476
-2.12022512307418,6.50450620388987,5,4.63294263950852,-1.93810755825795,7.42557170530265
-0.893243453744333,15.5440966362996,16,18.272021697437,-0.578689835001607,18.4687516838049
-0.29485525667882,20.907063779876,20,24.9558543623925,-0.368764866772197,20.3163992943683
-1.69254913024535,9.05336905339179,7,8.95232312498618,-1.58509564901447,9.71638053083301
0.372797186175493,25.3913801579086,25,30.0445691851122,-0.151302066820983,22.0623081881306
0.0602068833553744,23.536301056606,24,27.9933356672954,-0.382840323632812,20.196986183676
-1.22293137003712,12.581978181478,10,14.2653120749741,-1.18071431373306,12.9186479651673
-0.182618960565858,21.796504508202,23,26.0010366500066,-0.618708778891114,18.1028910796734
-0.715367431737598,17.2016295013828,18,20.4080031975621,-0.745262471931328,16.9276683906237
1.53159972881071,29.2636030245364,31,34.2030096671343,1.18137418947767,28.5128455966605
-0.286066590328604,20.9785363815016,20,25.0405111654009,-0.363858378235577,20.3578550747064
1.30979472915569,28.7941901750855,32,33.6866045181138,1.31663210677389,28.8504514476582
-0.29313618835033,20.9210675068759,20,24.9724504967328,-0.047467389670798,22.8248344866753
-0.0274275616383169,22.9384874127096,23,27.3164779600974,0.315171691902689,25.1085349475376
-0.614447504368591,18.1308309077891,19,21.5775987268215,-0.875391464375681,15.7061809206993
0.203683927103554,24.4409270379537,23,29.0026062403125,-0.346359960920786,20.5049761971657
-0.212219097187556,21.5669349034097,21,25.7330037679933,-0.237870267593172,21.3905542456654
-0.406577593489119,19.9733426913,21,23.8391729528039,-0.534794197145982,18.8657626308379
0.85689791592404,27.4902229044215,28,32.2930461744391,1.12497081112647,28.3597885158642
-1.08937680730038,13.7478659443083,13,15.876763491923,-1.33799198094304,11.5928963204677
0.879590572502899,27.5688265234236,32,32.3764981907396,1.36300196042629,28.9572769089582
-0.431915175591638,19.7554794417277,19,23.5757618907954,-0.441406295072936,19.6926490344065
-0.580447731458757,18.4398053138805,18,21.962190920182,-0.158258377008775,22.0095203138531
-0.440330912066128,19.682653115152,20,23.4874696688994,-0.574991693958113,18.5023810311909
-0.422564456721173,19.83612765107,17,23.6733966139723,-0.267524030722271,21.1531855113169
1.1379232840084,28.3603861961075,27,33.2192153855935,0.975160278895785,27.914569175749
-0.799275284186952,16.4204492101141,17,19.409457597599,-0.87955236004566,15.6671560185248
0.777436312433943,27.2023024518069,30,31.9872781097969,0.984370918136129,27.9436556259443
1.36829780986372,28.9272080105259,28,33.8315056312037,0.632268225043016,26.649376853762
0.171056739842974,24.2432559209304,24,28.7835755875834,-0.263968538787669,21.1818366206749
0.179960777874787,24.2976676545601,23,28.843949518645,0.068228753582643,23.6174069426088
-0.688182852755825,17.4533908161985,15,20.7268294680098,-0.648525208877822,17.8282018062425
0.171605205234411,24.24661769042,21,28.7873075539827,0.0565752099448047,23.5403170492181
-0.218064928814791,21.5211649420944,19,25.6794209990501,-0.696393921081155,17.3840884557138
-1.32166922565774,11.7630302058819,11,13.0985534523002,-1.15695361541382,13.1269980161209
0.21148867597805,24.4875161468873,25,29.0541094452118,0.614167835887053,26.5717704263232
-1.37673740035105,11.3240955568046,12,12.4589794624361,-1.44555210384847,10.7447559977021
0.586878405988731,26.4255189249593,27,31.1594166145531,0.0887422854532232,23.7516160530338
-0.414519620084812,19.9052828599878,19,23.7569999636506,-0.842230180573624,16.0174856776087
-0.0807691642115971,22.5578519699926,24,26.8813231825527,-0.582799035494688,18.4313471078217
-1.44612048804091,10.7898048292188,11,11.6652286409336,-1.28804039262121,12.0033237159854
1.00644197489733,27.9802871870273,27,32.8136881412032,0.611183440969341,26.558861402026
-1.47244484463995,10.5925492792941,9,11.3676275512003,-1.52551361998523,10.1458083808519
0.169432809734981,24.2332943685485,25,28.7725156558336,0.115151270624583,23.9216013591754
0.142901389238265,24.0688864024427,24,28.5896725619446,-0.329975633446239,20.6416859847506
0.00317167948320496,23.1511283667583,21,27.5581517458843,0.0698903822813363,23.6283488459576
-1.53430265887204,10.140601524003,10,10.6759014369406,-1.85665737676289,7.91957653151487
-1.4450764636031,10.7976895186111,9,11.6770716972666,-1.68027270969042,9.05834012275705
-1.07408322397124,13.8849801815942,13,16.06302395517,-0.981646185474602,14.714864858797
-0.814854102242943,16.2750581905746,16,19.2220374471609,-0.985286455936343,14.6811719104338
-0.484564719921229,19.2962398217881,19,23.0169838956793,-0.635994301777894,17.9438459987265
0.564978510686875,26.3279087616715,27,31.0549050844716,0.379624135898918,25.454243247495
0.625399232244733,26.5929023299101,26,31.3383430381527,0.465283571030982,25.8872667002907
-0.528994808813251,18.9023631720727,20,22.5339359286643,-0.273891474208911,21.1017464206218
-0.117252578325296,22.2902942004204,24,26.5734739665451,-0.293723624645507,20.9404852903064
-0.599960756895557,18.2627767329814,18,21.7420996812445,-0.630526111704917,17.9942207676344
0.858696370663087,27.4965099448574,28,32.2997209956302,0.264900865330924,24.826677348818
1.12045720060005,28.3124347883039,30,33.167905524074,1.51486524232699,29.2783046446039
1.75006592407526,29.6435237641337,30,34.6354501793062,1.44728430031062,29.1406840563392
0.549550291974462,26.2580610567692,27,30.9800372025205,0.903077683649252,27.6787019700539
0.316098120312324,25.0863589028176,26,29.712138065211,0.480366080814776,25.9604726395928
-0.0153616487860399,23.0228350232464,24,27.4124636760824,0.274525074530571,24.8814785042458
0.0222891536274253,23.2818564943678,21,27.706224916383,0.0793899104033163,23.6906641471983
1.18676638163831,28.4905561276602,28,33.3587997855744,1.02774296538355,28.0775222329341
0.349521888231426,25.2678026800596,25,29.910101478893,0.044925291221641,23.4626371564555
-1.90111501322927,7.74755633344717,8,6.7754162064754,-2.05962375632602,6.72552537290463
-0.834352498941774,16.0930725279251,17,18.986733335494,-0.696343084204028,17.3845618545232
0.321481989159427,25.1159052321973,24,29.7444180492854,0.157188989989278,24.1857204189283
-0.578718132472538,18.4554564737615,17,21.9816153175192,-0.875488502858648,15.7052706850942
1.12396222132926,28.3221178468272,29,33.1782624660784,1.56695943333723,29.3790016002731
1.18600415247335,28.4885683017896,29,33.3566645835315,1.39086474169895,29.0194109146893
-0.595485630018585,18.3034489400396,18,21.7927279385996,-0.489355061619453,19.2713378882828
-0.0101685077050243,23.0589381986541,21,27.453499329089,-0.269697977380628,21.1356419004838
-1.32109883658302,11.7676448566157,12,13.1052215097909,-1.23528986024767,12.4477099568126
1.18703793907395,28.4912639963784,30,33.3595601642275,0.941838440697123,27.8073703009422
0.926747244069873,27.7272178061904,28,32.5446891467252,1.45367754573615,29.1540531025692
1.01609818691593,28.0097483653992,29,32.8450409139025,1.27619437383993,28.7536815476883
0.614638601613523,26.5466917347624,28,31.2889808957661,0.68494851981903,26.8686432918898
0.296685929939819,24.9788004263617,25,29.594482952826,0.667631227096666,26.7976366300955
0.268352269686759,24.8189095828635,23,29.4191564286803,-0.165487576248727,21.9544382394432
-0.52880852201539,18.9040258525637,18,22.5359823894165,-0.000397327105498054,23.1545897394056
0.106934683957679,23.841004355616,23,28.3352721435221,0.191379394929609,24.3947181906978
1.2261522769418,28.5914394775424,26,33.4673289481666,1.66222384725964,29.5517980622809
0.269094852812615,24.8231442468328,26,29.4238065474665,0.766365153720373,27.1888410514588
0.830128153962712,27.3954562469835,26,32.1924295628789,0.934091891646738,27.7820005408145
1.72347764531945,29.6011081225977,31,34.5862704425897,1.22770550093822,28.6330272270673
0.238779793986687,24.6483250736076,24,29.2315318702176,0.352155900736248,25.3090354895982
0.786875387551649,27.2375604423632,27,32.0247373303634,1.46815373492611,29.1840504067235
-0.997316011761822,14.5820316979071,15,17.0007044251211,-1.139518845569,13.2810791087945
-0.155555393778541,22.0031685594761,21,26.241294770331,-0.310851552705559,20.799952559005
-0.555967365869613,18.660685361774,18,22.2358111531864,-0.536646512057874,18.8491085297542
1.36802639926556,28.9266069119966,28,33.8308486652693,1.34931093259801,28.9261861247347
-2.22038756530153,5.98503802196946,7,3.73141268399328,-2.0777233525612,6.62529143082646
-0.0702925924566401,22.6336041699183,22,26.9681872115903,0.425693089539551,25.6908124426597
1.41575076040779,29.0300831522362,28,33.9442652941771,1.87770208230767,29.8942889112231
-1.72562513746383,8.83747658180083,8,8.59995227444513,-1.85747725468772,7.9145068682114
0.407902117669989,25.5735119494722,27,30.2422329124768,0.725292366458335,27.0300819412511
-0.719229136771078,17.165797254116,17,20.3625084074588,-0.711810749219406,17.2403775322241
-1.65464553416938,9.30534327031636,7,9.35939380908604,-1.34343079071389,11.5488346138376
-0.208083858046362,21.5992262877865,22,25.7707783417125,-0.0635489364694522,22.7098849675386
-0.751107777542472,16.8694657309063,19,19.9851398896078,-0.738226847443314,16.9935254862384
-1.72153090154644,8.86400508966758,7,8.64342658752534,-1.48730236407367,10.4287210886025
0.443317266717036,25.7521420817478,24,30.4355156628527,0.0633366217289687,23.5851195585225
-1.50036209823189,10.3865911298143,9,11.0541355643414,-1.44117590974836,10.7783062455506
1.50491031391418,29.2119292571256,29,34.1453763132802,1.70862097124792,29.6309559614534
-0.429563559349811,19.7757885179901,19,23.6003624753395,-1.00935122859609,14.4590446564273
-0.313305551963639,20.7560479566291,20,24.7765970305961,-0.387954337629026,20.153423014557
-1.39577222657082,11.1754309000897,11,12.2398670407599,-1.38899155383972,11.1846337774502
0.00207100518574027,23.1435520231606,22,27.5495584310299,0.13020850574994,24.0171150261706
-0.393882446837513,20.0816914933108,18,23.9697720245182,-0.39388209006025,20.1028114300958
1.44343684673176,29.0881126692833,31,34.0081755578187,1.69923052182705,29.6151884522833
1.68009557586392,29.5297361220589,30,34.5040882148025,1.06331447875838,28.1835884411256
1.88546825306355,29.8448847978581,32,34.8729101062934,1.31146601162645,28.8382789943979
-0.467569889591187,19.4454070949531,19,23.1990064184904,-0.616912638491426,18.1193841049503
-0.94443892086117,15.0690038426876,17,17.6473289837174,-0.867520264722019,15.7800308685894
-0.0635217094917599,22.6823043133008,21,27.0239622399232,-0.477386651753048,19.377168590026
0.531531875735764,26.1753416236189,25,30.8912807157744,0.627269051535921,26.628060095299
-0.340110763981562,20.5343452869762,20,24.5124890689135,-0.577876614252226,18.4761495106346
0.491410896128833,25.9866576782164,25,30.688435704934,0.352108962363171,25.3087846675316
-1.07667687205396,13.8616816468103,17,16.0314184671912,-0.829381745882585,16.1381848122635
1.19967112661797,28.5240046757691,30,33.3947465147115,1.10001993199907,28.2896288130987
-1.12046377312298,13.4712340381953,13,15.4990265632281,-0.975569230544916,14.7711611182956
1.55695945094948,29.311575297833,32,34.2567320205945,0.651792709199909,26.7317786261872
-1.8433183696444,8.09685449412555,6,7.36763973853952,-2.03799516969986,6.84673428983687
0.0262517932631126,23.3087489407719,20,27.7366380456806,0.112529727764805,23.9048678032694
1.3466573613713,28.878817463518,29,33.7786830131218,0.926581927120853,27.757241941971
-0.0880406701551148,22.5049903652318,22,26.8206302743171,-0.498066451304956,19.1940388976632
0.496443976275793,26.0106713624217,24,30.7142827693543,0.139582648691333,24.0760649003208
-0.45151142737143,19.5855526884037,21,23.3695611853658,-0.45901035851423,19.5388063596692
0.399217129560997,25.5289251870719,26,30.1939000036641,0.329237705545045,25.1854697696049
1.55416530561498,29.3063426931018,31,34.2508616214278,1.84731928674877,29.8497095380999
-1.62076916538514,9.53488310276462,10,9.72622361304754,-1.71918817377836,8.79851696454318
-0.196099136680754,21.6924109310535,21,25.8796522004195,-0.109980880959119,22.3714951484358
0.359208428627493,25.3195073509204,27,29.9663977427533,0.929890982467316,27.7681710425158
-0.644076727367659,17.8597077713351,18,21.2383500193033,-0.479800830893028,19.3558560424856
-0.872363666165559,15.7385377727382,14,18.5260186880602,-1.09706225626324,13.6602693529496
1.59764566043284,29.3863122843294,29,34.3408777188806,1.50867126604232,29.2660257928707
-1.17565196638558,12.9876938555651,12,14.8320763349124,-1.29244098195539,11.966754007873
1.40081543262671,28.9981755169352,29,33.909220889912,1.4185683808287,29.07970671456
0.841452816410786,27.435818456426,27,32.2352848342238,0.886096795488491,27.6209551740609
-0.428032293757302,19.7890032054915,19,23.6163645277598,-0.448801706743875,19.6281419110976
1.08300691478292,28.2070513338876,30,33.055316438761,1.3191787638632,28.8564316771832
1.49267133072001,29.1878180202553,29,34.1185629627383,2.84328887806431,30.8677160006554
-0.975296421149091,14.784260618679,14,17.2700369836787,-1.11773478527459,13.47495758039
-0.669556982735109,17.6253359722265,18,20.9437505442425,-0.614217891834416,18.1441164073754
0.626082470826725,26.5958222321875,29,31.3414612084305,0.430407884320795,25.7145371204085
-0.117074295640826,22.2916158022855,22,26.5749985945209,-0.341879968600966,20.5424581714213
-0.100015824879128,22.417428868098,20,26.7199569808069,0.69400780659632,26.9053771205452
-0.10805756667235,22.3582759549576,24,26.6518475194952,0.240322741622039,24.6849050856657
1.58152073937191,29.3570153999075,30,34.3078244919396,1.5453768856529,29.3378348545875
0.454345898287105,25.8067345363519,28,30.4944750871451,0.0634286473574078,23.5857279132987
0.69938513202618,26.8994144361586,25,31.6651545032239,1.02707336400152,28.0754938289214
-1.29267013366135,11.9993890430424,13,13.4386616307884,-1.5017492941077,10.3210530965948
-0.759585333925881,16.7905261629291,16,19.8842717897634,-0.76877220153241,16.7073352260053
0.125917489840167,23.9619972545417,25,28.4704853116706,-0.125379185045076,22.2571566273299
1.04163413793083,28.0864457466235,27,32.9267129360028,1.59495857043093,29.4312726440858
0.178601131347975,24.2893816908675,25,28.834759684904,0.229063513396321,24.6190801839528
1.40724746320567,29.0119692553227,29,33.9243625216666,1.06362760308347,28.1845075299695
-1.7503716478661,8.67827401888106,10,8.33804184025786,-1.65212016104339,9.24955964342543
0.0688039474388267,23.5930950977203,25,28.0572248125399,0.117071000774063,23.9338355771427
-1.09070558129582,13.7359836785285,14,15.8605926039416,-1.32014652571245,11.7383377864332
0.809299919028709,27.3201676721748,27,32.1124804324485,0.73854799917471,27.0819283295869
0.0933106710771465,23.7531744089212,23,28.2369192553208,0.354873997304218,25.3235443381786
-0.66712566208829,17.6477438228213,17,20.9719703292513,-0.266853425208389,21.1585933734753
-0.612047681579779,18.1527178094,19,21.6049129304025,-0.105181417493809,22.4069182999384
-0.634695452673174,17.9457251620041,16,21.3461606194403,-0.701648909073347,17.3351356882728
-0.460469854676464,19.5074683852988,19,23.2745888262774,-0.396402975677519,20.0812502050451
1.50477420739644,29.2116625699569,29,34.1450794713817,0.930720186682778,27.7709048051458
0.352812969875033,25.2854138809543,26,29.9292823397655,0.578297826333453,26.4144662078481
0.631014664971557,26.6168504092122,25,31.3639142487,0.790744480162764,27.2804713734479
-0.316956458571721,20.7260108955897,19,24.7408805426031,-0.277434486006836,21.07305321174
1.14332225897464,28.3750570974988,27,33.234924831821,1.36099825465137,28.9527499689658
0.687589827971125,26.8518394020492,26,31.6144916114022,1.22918311953121,28.6367802986698
-0.222639658737554,21.4852486575129,21,25.6373403079422,-0.188405504425288,21.7783212526992
0.366971473860818,25.3606614588822,28,30.0111703146129,1.03960962777377,28.1132733168536
0.95826240304366,27.8294423876137,27,32.653291885024,1.46025138436829,29.1677222490618
-0.15993558754036,21.9699317591171,22,26.2027211023156,-0.360502208004623,20.3861608917312
0.256672252022762,24.7519888777719,26,29.3456218438856,-0.00283063942160399,23.1377881593459
1.27523254536101,28.7122555613249,27,33.5977843572141,2.12161876689517,30.2140418234682
-0.460372003039135,19.5083226283368,19,23.275628572203,-0.337422687067423,20.5796747564883
0.452254268704034,25.7964183191011,28,30.4833375648018,0.616968636934072,26.5838560509997
-1.71477021452941,8.90793025748138,6,8.71530274352057,-1.72806997634497,8.73992787338482
-0.406432869384451,19.9745809487849,17,23.8406670047253,-0.329288355519547,20.6473982170617
0.648660261411408,26.6913638120334,26,31.4434353112779,0.719842338841577,27.0085950719496
0.695939289329999,26.8855658581363,24,31.6504092336481,0.451639519438541,25.8202686770929
0.412869366535968,25.5988738009553,26,30.2697096369242,0.359267731881396,25.346932327739
-0.548392326710964,18.7287433414708,20,22.3198980921851,-0.731034294938326,17.0608065537804
-0.616146421121447,18.1153295581867,18,21.5582469754578,-0.831305346880851,16.1201130702005
-0.358055026231696,20.384442038025,21,24.3332775052633,-0.451551910906953,19.6041078281426
0.528333550399105,26.1605287989323,25,30.8753760542047,0.534089022424715,26.2140400472355
2.03328355239912,30.0394339645742,32,35.1100052409951,2.74124167045582,30.7951525850065
0.534271932621027,26.1880007778653,26,30.9048703458625,0.871625489629164,27.5710678181675
1.07711020854533,28.1901335906669,29,33.0372621021964,1.44716373472321,29.1404312219188
-0.721251825967869,17.1470228364959,17,20.3386595552504,-1.2041476694495,12.7151020226028
-0.0343143946058154,22.8900538491632,23,27.2612891303872,-0.178484082577847,21.8548425822056
0.282875858065635,24.9012999157046,24,29.5095648079775,-0.04980618606959,22.8081892210746
0.216699923549154,24.5184747522691,22,29.0883083234023,-0.239956685098113,21.3739719848696
-0.575266731807048,18.486668030775,17,22.0203350022174,-0.806530892162208,16.3528615646112
-1.15879953313772,13.1342621455427,14,15.0351780101195,-1.51643373483968,10.2124942004528
-1.26142909610606,12.2579455190172,13,13.8075045879579,-1.00065702086085,14.5391695140593
-1.60784354361036,9.62358464593402,8,9.86695174708188,-1.59286378716039,9.66141413469411
0.60609202539648,26.5096881179145,25,31.2494346343104,0.945215353054263,27.8183762227384
0.544677411449426,26.235812710944,27,30.9561750372823,0.641324057219962,26.6877644974713
-0.196043315671629,21.6928435520632,21,25.8801571968926,-0.255743334835637,21.2479194573732
0.828915457297457,27.391110249697,25,32.1878149366545,1.33259340481805,28.8877134394567
-1.08370597381735,13.7986320988091,13,15.9457989474718,-0.974461688907498,14.7814278913135
-0.177705773412536,21.8342536972099,21,26.0449950471711,-0.0865125316479172,22.5437323194575
1.00694989393573,27.9818431842012,27,32.8153437984784,0.881826124277331,27.6062977168235
1.53114739987306,29.2627374801306,28,34.2020423418935,1.74077059142403,29.6839881560011
-0.0155535308086061,23.0214987373166,23,27.4109442615665,0.611177316918799,26.5588348792792
0.277363612734025,24.8701368351615,25,29.4753851183623,0.735032677542204,27.0682359499462
1.06268539420203,28.1483700824207,29,32.9927141908544,1.13593476359857,28.3901362308189
0.128206772332325,23.9764799886926,20,28.4866488522583,0.0907551099278975,23.7646825448559
0.378903058053215,25.4234246530341,25,30.0793907305622,0.476419081906534,25.9414014937514
0.106247103795097,23.8365916258765,24,28.3303347513774,-0.0677739883337419,22.6794920033659
-0.734078050921898,17.0278782661249,16,20.1871239484373,-0.771699973535636,16.6798714560484
0.720974917497593,26.985252883378,27,31.7565136864207,1.20204420662587,28.5670668575028
0.179497691743211,24.2948464316636,23,28.8408207080603,-0.0814164655943819,22.5808085329428
0.750667168715473,27.1007209249918,24,31.8793166170288,0.822249057885273,27.3960773868634
1.14162826335218,28.3704615724533,28,33.23000341804,2.03923714458803,30.113171942867
0.148052843654407,24.1010533667741,24,28.6254921428188,0.102762600232974,23.8422510652428
-2.11134623139994,6.55221767794737,8,4.71570222669505,-1.80565667503223,8.23886944002563
1.79943763469148,29.7197114506312,31,34.7244799889309,2.55467995960059,30.6479627611608
0.524743959613027,26.1438570025668,22,30.8574714254722,0.231474479962026,24.6332220788093
0.442301484648973,25.7470893170508,24,30.4300561242623,1.15627720381067,28.4456761132135
-0.28880809566267,20.9562737695503,22,25.0141544140277,-0.237762200873222,21.3914126360872
-0.549807429186073,18.716040076282,20,22.3042108855492,-0.563758901740872,18.6043285245743
0.085136623180518,23.7000800359331,22,28.1773815591816,0.126317230830043,23.9925287686337
1.26166062202645,28.6793785436997,28,33.5622269992524,1.23160193908589,28.6429134775511
1.1722369164181,28.4524291873316,27,33.317866637457,0.903082039980723,27.6787166757886
-0.727144297934252,17.0923062179069,14,20.2691078811574,-0.661195010653169,17.7109996044123
-1.0404824077624,14.1883893515851,11,16.4730138824123,-1.27746296963788,12.091544827344
0.673031631189014,26.7924524585754,27,31.5512198576001,1.17065997039277,28.4843508994536
-0.37465791653188,20.2447072023421,19,24.1657607337091,-0.386027733031478,20.1698455724137
0.550916522699317,26.2642827212984,27,30.9867088769575,0.0772249446363468,23.6764982033688
0.469981858139372,25.883299958946,23,30.5770798253376,0.780176569238143,27.2409865611598
-0.602337879004957,18.2411552042964,19,21.7151703082476,-0.630176207520123,17.9974422921408
0.567459491740758,26.3390569915342,26,31.0668481738003,0.34911180285796,25.2927498337147
0.95798597227849,27.828558119003,27,32.6523521736904,1.19808412376096,28.5567548391022
-1.65860654595493,9.2787756599068,10,9.31668887905581,-1.57665670374238,9.77635623848177
1.20620357062123,28.540789151955,28,33.4127979815369,1.45326832815092,29.1531996116028
-0.489290218475667,19.2546118547611,21,22.9660972185832,-0.524845243688003,18.9550561923159
0.209485873310701,24.4755863079712,23,29.0409256167083,0.488268214063874,25.998470975433
0.0378354827491738,23.3869583373726,24,27.824994673941,0.0268376238396803,23.3408142362362
-0.148465417007117,22.0567930882645,21,26.3034766167949,0.0105482951049752,23.229836064731
0.239807038207315,24.654314356609,22,29.2381295542472,0.52927380299952,26.1917649776494
1.5484382730227,29.2955768580186,28,34.2387918343469,1.27693269398053,28.7554793224583
0.353895935891303,25.2911991017395,23,29.9355818991686,-0.314943028004096,20.7662118373365
0.225425281776112,24.5700430134426,24,29.1452295254359,-0.181258183938744,21.8334893541706
-0.210585651059223,21.5796986862679,22,25.7479377393055,-0.532688772279912,18.8846813615437
1.04227184165053,28.088338787231,28,32.9287297603676,0.883093693121472,27.6106538242455
0.390342950110826,25.4830469368532,24,30.1441293321893,0.283809418748952,24.9339658588553
1.02301389930052,28.0306927662773,29,32.8673362852887,1.70787642234603,29.629710417128
-0.865475299587801,15.8027436263435,15,18.6096827137675,-0.963790090655423,14.8804529968639
-1.33790967469455,11.6322227304649,11,12.9090663113877,-1.15016200444173,13.186901246043
0.380159131239774,25.4299975164063,27,30.0865308515543,-0.0863993528393768,22.5445570066909
0.79174270505592,27.2556283380452,28,32.0439309626927,1.06880010819721,28.1996535816659
-0.190109820773894,21.7387545383462,24,25.9337245230368,-0.439148495984379,19.712307319682
1.70807811165917,29.576084506962,31,34.5573774805634,1.5357303233874,29.3191840936056
-0.810628080352952,16.314501043287,15,19.2729319037049,-0.946366553694074,15.0424983534618
-0.651479286858738,17.7917262554973,16,21.1530267192812,-0.278250001088967,21.0664415521553
-0.356175731125322,20.400196361055,21,24.3521361507111,-0.18129426936842,21.8332113734009
-1.81420198473729,8.27629038537138,9,7.66932278906594,-1.71845075618081,8.80339307601796
-0.188333540194728,21.7524699384571,21,25.949717810589,0.471117488683577,25.9156889313865
0.0263096186652313,23.309140852214,26,27.7370811456418,-0.264268182817354,21.1794239982149
-1.65224210641825,9.3214910495773,6,9.38532486398292,-1.37873382993467,11.2658644440781
0.307790951943038,25.0405276842798,25,29.6620325728401,0.424941857578802,25.687023993686
1.29738870709586,28.7650724659194,31,33.6550047967533,1.53053182496612,29.3090682813961
-0.27347959777773,21.0803716836328,17,25.1609295522976,-0.250844601723735,21.2871448107922
0.267375387357183,24.813335169258,26,29.4130345652378,0.0363873997697461,23.4053178086708
-1.0344186584866,14.2434388997934,14,16.547090653421,-1.14438197157349,13.2380013925723
0.0446059925009712,23.4323922940259,23,27.8762608532941,-0.0209219962492146,23.0120313498873
1.37404467329954,28.9399013661898,30,33.8453836468887,0.867420242545812,27.5564534063482
0.597559892185762,26.472479593209,27,31.2096518835231,0.102931095842039,23.8433349259768
1.36666402384116,28.9235874167253,29,33.8275488473719,0.947711600129447,27.8264911491466
-1.29095901299695,12.0134461243474,9,13.4587991860547,-1.41086245466691,11.0129312648946
1.10560188651204,28.2710554896514,29,33.1236697354756,0.368143536720509,25.3939333665515
-1.33753781848697,11.6352051698729,11,12.9133969516096,-1.34925756192727,11.5017678114759
1.81247152779799,29.7392823941628,30,34.7475025517904,1.27620304521574,28.7537026688371
-1.59391810284815,9.71985723075541,11,10.0190443658622,-1.60945801808045,9.54476364710087
-0.748523469547462,16.8935198257009,18,20.0158473164291,-0.776929399544429,16.6308058782472
1.72803482303493,29.6084485963048,30,34.5947627541515,1.37108866328266,28.975466581731
-0.550211954924756,18.7124077687772,15,22.2997246964538,-0.469396425260415,19.4475795311172
0.0909144231680743,23.7376406193899,22,28.2195067560776,-0.039819616686621,22.8790919516965
-1.27180323809423,12.1716424227827,8,13.6847500751153,-1.13950431304261,13.2812079520875
0.0996165649528755,23.793929858007,24,28.2825786426367,-0.149115570197551,22.0788567414758
0.582743528535637,26.4072264904987,28,31.1398407222762,0.503068436848463,26.068985230687
-1.04914667250554,14.1098823719704,13,16.3672092834799,-1.12666873752388,13.3952671150937
-0.30792997613623,20.8001819590668,21,24.8290384921146,-0.310851053149925,20.7999566746411
-0.368645130297711,20.2954263311851,19,24.2266152617551,-0.471769003043567,19.4266925914764
0.560971306536251,26.3098535363949,27,31.0355588311723,0.310771646434786,25.0842964049886
0.123701394715605,23.9479552484732,24,28.4548092988583,-0.489681110355815,19.2684487897689
-0.620290348178257,18.0774957262633,19,21.5109928175697,-0.47993889006698,19.3546367103307
1.01195688797311,27.9971443110892,30,32.8316263856871,1.07136661135579,28.2071433621143
0.809426131416413,27.3206280447249,27,32.1129693545029,0.425437123667573,25.6895218672151
-1.97857651340933,7.29325120129271,6,5.99712744866322,-1.64434952898395,9.30283512162101
-0.791165813394032,16.4961130061162,15,19.5067962393162,-1.06843583628344,13.9188685503533
-0.279184368369813,21.0342943492616,20,25.1064733510296,-0.327504550433967,20.6622156464941
1.03715367830863,28.0731149149018,28,32.9125118484061,0.441273968725175,25.768874571018
1.58870818091621,29.3701259347631,30,34.3226048704991,1.71759166131966,29.6459005937715
-0.890396009128574,15.5705951603342,15,18.3066925830528,-1.2135838391672,12.633699473822
1.5544799402593,29.3069325614201,33,34.2515232556117,2.50729739609512,30.6072438776537
0.999111037024652,27.9577503637435,28,32.78971077974,0.589018826989001,26.4619753936379
-2.4456095307918,4.97831868849122,3,1.97925866674584,-2.20773021213813,5.94071086515836
-0.63135266544949,17.9763374650858,20,21.3844885416731,-0.981305893643825,14.7180156368535
0.834449176112246,27.4109041553654,29,32.2088319978116,0.872576559609995,27.5743656877962
1.43611985709052,29.0729161435325,30,33.9914163092282,0.882832174298436,27.6097554841575
0.15914888814247,24.1699388858285,23,28.702124813697,0.120540995615575,23.9559074202797
-0.657766879188343,17.7339127663725,18,21.0803831569778,-0.545893509348992,18.7658343556977
-1.357981722537,11.4721210272012,9,12.6758712040268,-1.53294368716593,10.0914875935301
-1.04723085937069,14.1272259698463,12,16.3905999849692,-1.52447998617361,10.1533828829329
-0.260709337364303,21.1830493481718,21,25.2821036384038,-0.106729660008686,22.3955024405214
0.856836088649688,27.4900065915628,27,32.2928165192329,1.01822576948376,28.0485803247397
0.231644464775381,24.6065958684096,26,29.1855431626117,0.694419404533608,26.9070393944334
1.47773663328484,29.1580364496618,30,34.0855097357973,1.00472985945905,28.0071243887896
0.0225526690203742,23.2836470234775,24,27.7082503585646,-0.324955098934568,20.6833717754482
1.32103750321789,28.8202985916564,30,33.7149730251075,1.70848060048089,29.6307211981676
-0.934773825710604,15.1584694303436,15,17.7654188870382,-0.946366553694074,15.0424983534618
-0.811107303897016,16.3100283688127,16,19.2671625203525,-0.734810940917608,17.02548468511
1.41448059653652,29.0273861937556,29,33.9413006196278,1.35546032350671,28.9401968214273
-0.467280497899781,19.4479396617634,19,23.202092455411,-0.315066307811774,20.765194185302
0.0218777703634264,23.2790606140625,23,27.7030620800835,-0.238282255545917,21.3872813165157
0.0429315068170155,23.4211746653855,27,27.8636075211029,-0.305503606897381,20.8439560511882
1.06266519870369,28.1483112324773,28,32.992651438,1.0721243195539,28.2093513531147
0.769960940175784,27.1741730556357,25,31.9573879662341,0.445567092273872,25.7902126076666
1.01565489095874,28.0084014182277,28,32.8436072657484,1.34271543075394,28.9110749051505
-0.425744080635102,19.8087360343933,19,23.6402522070715,-0.512472258313642,19.0657281886534
-1.09531815930104,13.6947758697748,10,15.8044747220969,-1.28194302452533,12.0541237445444
0.271015925941024,24.8340883225343,26,29.4358226416013,0.207873700344955,24.4936909765821
0.8014646837896,27.2914881141075,26,32.0820208667399,0.832169317891579,27.4318357909781
1.24116105181504,28.6289527229245,29,33.5077748555209,1.52264578703481,29.2936352563949
-0.95444634863781,14.9765023301712,13,17.5250054631542,-1.12171647832375,13.4394109312346
0.103770075394039,23.8206771054853,21,28.3125244982086,0.212185709960492,24.5193669491673
1.01820418043281,28.0161401154297,28,32.8518443855085,0.720262780358831,27.0102562215245
-1.60662778464622,9.63196021364145,11,9.88021031214277,-1.69663928685664,8.9484413304565
0.240793676106737,24.6600625540563,28,29.2444609666585,0.128831142341637,24.0084201938404
0.0780030105487688,23.653499281802,26,28.125096879944,-0.0864003070609133,22.5445500539118
-0.572756883380307,18.5093479294787,19,22.0484569270216,-0.673557952369605,17.5963858090315
-0.266111917169035,21.139689759743,24,25.2309626716244,-0.328982711527195,20.6499379599412
-0.507595944502961,19.0927494350011,21,22.7678618936424,-0.385179518803561,20.1770716233588
0.263761844293621,24.7926792103189,22,29.3903445310185,0.0634268735309566,23.5857161874077
0.220147496220817,24.5388903385289,26,29.1108497397102,0.47443393679052,25.9317865428236
1.57469266880357,29.344482519969,30,34.2937119084728,0.885483077452813,27.6188521541548
0.772339043839718,27.1831415868488,28,31.9669183415323,0.523816299816124,26.1664119531118
-0.732453097832272,17.0429811490879,19,20.2063507615606,-0.776499287324923,16.6348419654435
0.0711217219413702,23.6083501266479,25,28.0743734526495,0.0778061788492413,23.6803034513274
-0.379400931304031,20.2046086036788,18,24.1176075763193,-0.625984058107946,18.0360207688956
0.468025058672767,25.87377129055,25,30.5668049217676,0.319686424720458,25.1333198299637
0.835198875538616,27.4135784162246,27,32.2116714538738,1.05457803048791,28.1578432422636
-0.0239942621340142,22.9625541733455,22,27.3438817487109,-0.411542346785048,19.9512946000035
-0.265899929630543,21.141393305487,21,25.2329727507765,-0.0175833418232656,23.0353503133481
0.498155416052102,26.0188143287244,25,30.7230453308278,1.23613034916383,28.6543608143287
0.0686404296240311,23.5920179541129,23,28.056013768419,-0.077840805478138,22.6067537958824
0.887931828771825,27.5973261898462,27,32.4067568453566,0.923905365692635,27.7483788155554
0.990210327936731,27.93018902128,29,32.7603948284227,0.731644003844393,27.0549979838175
-0.151188837500266,22.0362201781538,18,26.2796284833563,-0.296229903272069,20.9199940145672
-0.435197051077043,19.7271065283878,20,23.5413778236763,-0.780283219876215,16.5993312944288
0.644904760521268,26.6755987722455,27,31.4266160533025,0.720443993970056,27.0109720069347
-0.655960078876026,17.7505325943012,16,21.1012739658863,-0.597116916775529,18.3007182552652
-0.569833611829117,18.535745384972,18,22.0811738484922,-0.579071400498307,18.4652800728409
-0.168820925786511,21.9022586180903,25,26.1241035494005,-0.26723339287245,21.1555294828336
1.24056498396351,28.6274725331418,29,33.5061779630161,1.15540899862979,28.4433258860056
0.562684731193726,26.3175811053849,24,31.0438395181885,1.47745774026614,29.2031310769497
-0.65591277830547,17.7509676174176,19,21.1018206978933,-0.619497183500399,18.0956495374252
-0.734544195696664,17.0235453209093,17,20.1816069007232,-0.790881625719908,16.4998371704354
0.434883744274898,25.7100654721281,24,30.3900381548724,0.274863425969273,24.8833978322347
1.95937756922934,29.9452354689459,34,34.9941296008333,2.08063312302279,30.1647077245516
0.146232686267109,24.0897013447675,24,28.6128536257715,0.121243042672102,23.9603664003516
0.700279802120385,26.9030033388913,26,31.6689755041085,1.17076286673871,28.4846258301995
0.794983945818061,27.2676175923036,27,32.0566664237246,0.704190265336729,26.9463300307419
-2.40653353493993,5.13401308519489,5,2.25181943736161,-2.39352481343925,5.09428133303185
0.0576185376566836,23.5191370167351,24,27.9740133248795,0.17023481477887,24.2660797207105
0.99417146427516,27.9424818152901,28,32.7734692750968,1.00113985342269,27.9960143162925
1.16661808866383,28.4375507766778,29,33.3019045630012,1.97540771604469,30.0301804528236
1.81731771329899,29.7465026435124,32,34.7560127079118,0.823377261232361,27.4001595064193
1.03402308242078,28.0637686393311,30,32.9025569020999,0.322241813361881,25.1473100545642
0.313817342042419,25.0738049669171,25,29.6984174448428,0.503965687981405,26.0732327915502
0.310798874183898,25.0571565596277,24,29.6802170584657,-0.346191277066199,20.506388866535
1.07924014327003,28.1962547176392,29,33.0437938715966,1.55354011130777,29.3534961666107
1.48171665363926,29.1660120098576,30,34.0943544530527,2.00505052492467,30.0692675723608
0.388031641533268,25.4710445098938,27,30.1311022247058,0.827011444092458,27.4132819470547
0.985233177520601,27.9146815498663,29,32.7439033460158,0.664923952500847,26.7864417465352
-1.52014025074739,10.2426646713359,11,10.8333446506461,-1.34950790750893,11.4997488009482
1.00390355586681,27.9725002307629,28,32.8054028348694,2.07598728151189,30.1590106691144
0.262446664552393,24.7851472656495,22,29.3820687265199,-0.332611506097787,20.6197614416039
-0.241859528969255,21.3334153764457,25,25.4591210372027,-0.26913342356061,21.140199661446
0.842849937964919,27.4407701779025,27,32.2405422239697,0.887823116096561,27.6268647433083
-0.481592121080593,19.3223927227735,22,23.0489335683999,-0.542331138721855,18.7979418111054
0.234220835636255,24.6216887831823,29,29.2021808441346,0.0839240495901417,23.7202636401327
-1.48486325757012,10.5005248425134,10,11.2279094061687,-1.46167492898789,10.6218462321115
0.302652348375264,25.0120302993097,24,29.6308565883897,0.874601884815014,27.5813795398838
-1.14198002786667,13.2815129260207,10,15.2383912245277,-1.03592569268159,14.2151026068233
0.457315619663735,25.8213515561618,24,30.5102527102061,1.32624499353299,28.8729553351873
-0.660958971222942,17.7045376368938,15,21.0434439101158,-0.291605800999937,20.957781085351
-0.192338246262656,21.7215291966762,21,25.9136322547311,-0.527526370384701,18.9310189162745
0.402584881862029,25.5462511959073,23,30.2126860096229,0.783691109879596,27.254157648648
0.483534447838482,25.9488781468094,26,30.6477529535155,0.516261248044491,26.1311268068076
0.158021598055683,24.1629655119046,24,28.6943718228465,0.0631707696154092,23.5840230615446
-1.10937573180189,13.5695712833165,15,15.6336101568206,-0.891086474403965,15.5590358031025
-0.688458825689902,17.4508395710192,17,20.7236058432656,-0.577704985683354,18.4777106101651
-0.559629777844727,18.6277302367182,16,22.1950569696792,-0.886038171647611,15.6063472459035
-1.45010280101126,10.7597728010498,10,11.620082851745,-1.27721453155134,12.0936223486465
-1.53987637603204,10.1006596781172,11,10.6140876441875,-1.8957454018817,7.68007670392777
0.121590738774081,23.9345609617987,24,28.4398523842043,0.346499200161519,25.2787417180078
-0.0125645677171842,23.0422955312493,25,27.4345865554673,0.402108931218855,25.5707873143
-1.0862923377145,13.7754673820714,14,15.9143086396484,-1.32398331895619,11.7069556436656
0.788170156089272,27.2423742267488,30,32.0298511866511,0.567487035044657,26.3661289750466
1.11248053077714,28.2902844196908,31,33.1442214753475,0.579926161960784,26.4217093247308
0.691343656677619,26.8670323965756,28,31.6306729889419,0.70753070672639,26.9596881047405
0.348981693316068,25.2649076509951,27,29.9069478538488,-0.192047743086532,21.7501234537461
-1.36817104834938,11.3915143164642,10,12.5579194939143,-1.37758042618359,11.2750261552157
-0.703892926095121,17.3080040440714,19,20.5428901538193,-0.558761603045185,18.649585160484
-0.239954895171034,21.348528887997,19,25.4768846778093,-0.385439147870011,20.1748600819035
0.488992498526172,25.9750837414783,27,30.6759748122693,0.0841752365855117,23.7219007105761
0.80019627036325,27.2868267956099,26,32.0770699535583,1.53466151140019,29.3171080102873
0.405458987008171,25.5610007361382,25,30.2286741480395,0.275127554317326,24.8848957801667
-1.81758575366112,8.25531432559726,9,7.63415241899063,-1.84848377012405,7.97022610601096
-1.8048683351147,8.33431998970319,7,7.76648336934139,-1.97114584370957,7.23075806002924
-0.258404404142311,21.2015126098004,19,25.3038672760825,0.193888125779817,24.4098491571874
-0.012226946669635,23.0446421463819,21,27.437253632771,-0.0356589905750923,22.9084990395992
0.0956872292154149,23.7685551722264,21,28.2541550028127,0.0575522976314257,23.5468042141858
1.33091437159539,28.8430183146242,27,33.7396871094755,1.1211727665975,28.3492074927525
0.74533889988902,27.0802182218938,27,31.8575184645506,0.655671333615081,26.7479876485511
0.773414407894097,27.18719101073,29,31.9712213024595,0.914224310508236,27.7161485105529
-0.905816635218695,15.4271696680715,16,18.1188199022272,-1.13414766007212,13.3287450470597
-1.4600173946977,10.685300363036,9,11.5078792658877,-1.19704478771691,12.7765908089816
-0.328325539750493,20.6321513152906,21,24.6291410131245,-0.390592551536081,20.1309131638549
0.469599068578658,25.8814371551007,25,30.5750712555835,0.784039083663326,27.2554595568132
-0.688981431021218,17.4460080455366,16,20.7175005664858,-0.74095707873583,16.9679740737419
0.690724524810064,26.8645299360492,27,31.6280078796713,0.542591494894959,26.2531574064918
-1.20616672642042,12.7248876690936,10,14.4657378549338,-1.12992748395331,13.366260380237
-0.708532911629413,17.2650068190549,16,20.4883991064916,-0.494394410317545,19.2266493424734
0.0432294721034136,23.4231716981666,21,27.8658603516345,0.170107949087206,24.2653019069808
1.50864564700384,29.2192356263876,30,34.1535111848075,1.97156335460324,30.0250404568237
1.48536164581965,29.1732913377512,30,34.1024315040653,1.55310395360891,29.3526621918558
0.566710009989497,26.3356916533348,26,31.0632430730865,0.71065534731346,26.9721489701741
1.2033903163955,28.5335728522899,32,33.4050358305007,1.16016481063178,28.4561779244945
0.245481708067177,24.6873172661191,26,29.2744716854037,0.133098418699595,24.0353304192014
0.233895431282458,24.6197840971667,27,29.2000814727769,0.267271974362483,24.8402158281553
0.32456742489671,25.1327824189435,25,29.7628490684198,0.114965363862399,23.9204157168943
0.0216754294477146,23.2776851683557,22,27.7015060446343,0.302647321932657,25.0393254186562
1.66556229056669,29.5052088623151,30,34.4760016340724,2.0382707066251,30.111947716318
-0.340188865048213,20.5336954036753,22,24.5117132309991,-0.226634970467622,21.4795369392937
-0.891049556429907,15.5645126494959,16,18.2987357499248,-0.90351061795086,15.4426828036068
1.41990802310161,29.0388888768702,31,33.9539485111573,1.8817334841048,29.9001187233227
0.813472917155172,27.3353621875296,30,32.1286168497139,0.415987610030607,25.6416922851026
-0.13616573554812,22.149308593461,21,26.4106011656743,0.240878656156108,24.6881407852508
0.250519617825368,24.7164993813821,26,29.3065877685818,-0.0817910637169481,22.5780871118385
-0.324139275223935,20.6667684382866,20,24.6703760241836,-0.630186813584974,17.9973446468183
-1.0820913427018,13.8131029549193,15,15.9654616461888,-0.955333804905369,14.9590453345816
0.620072101148166,26.5700780860875,24,31.3139654389818,0.759124700467935,27.1612571789835
1.69858501454829,29.5604887409437,31,34.53941401976,2.23719149387153,30.344657175748
1.88175728028824,29.8396758414196,29,34.8666749148412,2.31204090534273,30.4230397615022
-0.525695384653636,18.9317982727875,18,22.5701560273264,-0.661374281384819,17.7093393527377
0.440172009102734,25.7364832647176,24,30.4185947921839,0.777040260036986,27.2291993859145
-0.367517460037234,20.304924146191,18,24.238004542336,-0.303083534195366,20.8638317299166
-1.40758011237666,11.0840027099405,10,12.1044577275489,-0.930020836811661,15.1948895447863
0.157828464608419,24.1617702292901,25,28.6930428039645,0.0912138313193666,23.7676578326804
-0.550909900542388,18.7061398424832,19,22.2919826091777,-0.87252366209962,15.733083707686
-0.901873808452405,15.4638220762339,15,18.1668807866692,-0.664367376217279,17.6816122522737
-2.1048686446084,6.58718236038653,5,4.77634149533159,-1.91094563315011,7.58815094622169
0.58154732704594,26.4019227042597,27,31.1341639640295,0.104567415347012,23.853854024224
-1.05115174509463,14.0917403465762,16,16.3427316533744,-1.31620648491048,11.7706280433592
0.657520673584384,26.7283590967358,26,31.4828937256992,1.01598493888077,28.0417308596848
-0.182589141097749,21.7967339257409,24,26.0013039019691,-0.189063951895561,21.7732278412146
-1.80347935477508,8.34297709298785,9,7.78096074509361,-1.79675936538383,8.29537465161248
0.779944486297106,27.2116996080571,27,31.9972625512135,0.626812768505608,26.626110026191
0.0014420259847934,23.1392200978166,25,27.5446444533698,0.313168860880757,25.0975121478952
0.44560064257328,25.7634850336028,24,30.4477701757443,0.268909830660229,24.8495534081193
-2.39847027859475,5.16721189022794,3,2.30979451982647,-1.90919921015064,7.59867831868978
1.40662555759761,29.0106390285579,30,33.9229017728307,1.06445060664752,28.1869220260216
0.233443127734548,24.617135865048,24,29.1971624297589,0.276630178300563,24.8934118709005
-0.776588954368412,16.6320652390234,15,19.6813558516772,-1.03642527049077,14.2105314432342
0.967732928364748,27.8596065678447,28,32.6853506632836,0.809434277933748,27.3494310347934
-0.550875845904652,18.7064456993016,19,22.2923604213641,-0.299910839870794,20.889853572877
-0.62874703640373,18.0001849373148,19,21.4143319651935,-0.704038905407165,17.3128603241356
-0.222469037431607,21.4865897561549,22,25.6389121138476,-0.202478038522529,21.6690592160318
-1.03983237414944,14.194286543745,13,16.4809538411028,-0.776984207145905,16.6302915682157
-1.81608358985063,8.26462224128618,6,7.64976213764307,-1.6076658300266,9.55731195180635
-0.813273382443355,16.2898117308175,15,19.2410787783894,-0.887223341785781,15.5952385096492
-0.517467057180502,19.0050794701951,17,22.6602441608453,-0.204677109164673,21.6519087969978
-0.120023291686357,22.2697372619658,23,26.5497539187369,-0.337808056378476,20.5764600501375
-0.42330105601713,19.8297849969378,19,23.6657233911769,-0.0727493859919329,22.6435987938006
-1.65886182675094,9.27706533700538,8,9.31393794594356,-1.1815416292212,12.9114285456443
-0.683809265259507,17.4938090893312,16,20.7778802541676,-0.597122408787455,18.3006680620389
0.523626404450591,26.1386564052336,24,30.8518853934717,0.714985072679398,26.9893610631206
0.327264733806422,25.1475034961617,25,29.7789209363414,-0.456136784707691,19.5639865674468
1.14803795096423,28.3878132276309,29,33.2485883431006,1.79487880615587,29.7700200659557
-0.00107586849322876,23.1218610688858,25,27.5249487803904,-0.221265062063767,21.5218793612876
0.854536975389419,27.481954404956,29,32.2842676500159,1.28821214589173,28.7828000020794
-0.310031709801559,20.7829396561147,21,24.8085559270847,-0.288635630736696,20.9820076718347
0.414917053479141,25.6092995649356,26,30.2810014362875,0.183880894242887,24.3493261580335
-0.777333829719932,16.6251201797017,17,19.6724490341369,-0.761919828487884,16.7715939792267
-1.05027058118269,14.0997119565546,15,16.3534884058174,-1.16169472998288,13.0852714288647
-1.33894318469282,11.6239366781399,12,12.897032032976,-1.71938079098023,8.7972435963554
0.253401898322454,24.7331453656682,22,29.3248995123373,-0.0519060372834481,22.7932235683319
0.0193149592397568,23.2616259416539,23,27.6833351853135,-0.063264069506876,22.7119312796309
-0.951561393743644,15.0031542957271,15,17.5602736517802,-0.783547152117469,16.5686954346643
0.528845471561879,26.162902369064,25,30.8779248004488,-0.075400342203357,22.6244291407594
0.771263439321245,27.1790874637394,27,31.9626102978969,1.31213918445484,28.8398682624578
-0.47067568851247,19.4182112404779,20,23.165857998497,-0.233708004400237,21.4235805667201
-0.0972894131193827,22.4374194460633,23,26.7429563916561,-0.390894306318649,20.1283369444956
-0.231487369701932,21.4155410173071,21,25.5555842481477,-0.370929561152139,20.2980813588524
0.628343210057472,26.6054717156098,28,31.3517651896998,0.17888250861267,24.3189300406625
1.97102414374678,29.9604764030718,32,35.0127332470704,1.8208860722339,29.8099837118166
0.40243107331592,25.5454609149391,26,30.2118292532903,-0.0386464157627416,22.8873919719348
0.687199101384687,26.8502551854181,26,31.6128042076585,1.47855889824466,29.2053791105633
0.733861143141184,27.0357298749903,26,31.8102091427562,1.18088640742122,28.5115541407685
0.938698319083401,27.7663200082123,28,32.5862242585975,0.560456527024836,26.3344609787898
-0.0679124228553086,22.6507468170866,23,26.9878263820519,0.0812936344005807,23.7031032275637
0.589492726992164,26.4370517328757,26,31.1717563066812,0.905798032442771,27.6878742838486
-0.597593418643157,18.2842975488941,21,21.7688931650287,-0.542001776597603,18.8009086720092
0.603007028865574,26.4962654036874,28,31.235085331208,0.344080289294858,25.2657466340783
-1.42773033332993,10.9293815713717,10,11.8742903750931,-1.55323526260191,9.94426453574656
-1.11712109699505,13.5008397130832,13,15.5395807384795,-1.03919431781709,14.1852048276042
-0.848370954896877,15.9622639612617,15,18.8171068449559,-0.983914794787537,14.6938647846339
0.506365090923599,26.0577165810261,25,30.764893092829,0.57590261800971,26.4037940980823
-1.11691403067571,13.5026748104023,11,15.5420934468768,-0.84955380952215,15.9487008987861
0.0265638175867312,23.3108635068289,23,27.739028759753,-0.283319912038817,21.0252779292418
0.454584232920677,25.8079089254387,27,30.4957428578938,0.860444712068219,27.5320939843283
-0.286422803407444,20.9756453845662,21,25.037089149145,-0.88537476484631,15.6125658542622
1.49985677510087,29.2020055629108,30,34.1343345877183,2.06048576504301,30.1398440027347
-0.559894680434938,18.6253453362646,18,22.1921067168387,-0.788018247632355,16.5267218242268
0.25827570182238,24.7612108638216,26,29.3557606758093,0.894907232839987,27.6510228586121
1.37121630150647,28.9336624017307,29,33.8385612292893,0.274271579595825,24.8800402086396
0.595194175825743,26.462115225285,25,31.1985672889949,0.652655314733913,26.7353880882829
1.30815570019255,28.7903618675121,31,33.6824475934393,1.32418596339034,28.8681510631316
-1.06439466663181,13.9721704928134,14,16.1811439664431,-1.19174030316726,12.8226298873475
1.25995575664548,28.6752201860185,31,33.5577328028285,0.657893658545158,26.7572510595385
-1.16175870674879,13.1084543793899,11,14.999476713315,-0.996613770296287,14.5764812588999
-1.83624868015854,8.14020460193387,11,7.44069202186929,-1.74430239585547,8.63351701066112
1.52070566696501,29.2426594906559,30,34.1796223119893,1.52524982196366,29.2987430706921
1.24916427937566,28.6487501396848,31,33.5291411796789,1.14430672733617,28.413113795593
-0.901634636867034,15.4660458573929,15,18.1697956362725,-0.667544366903146,17.6521660467803
-0.628271948484624,18.0045317307021,16,21.4197702882112,-0.379115744286815,20.2286545150756
1.4956404812538,29.1936916098003,30,34.1250903278394,0.868831624656677,27.5613642824119
-0.409338585684581,19.9497061569651,20,23.8106469893916,-0.39880277533874,20.0607038296755
1.44931235741907,29.1002434903353,28,34.0215657708234,0.882879586176587,27.609918363215
-0.0739631479803839,22.6071188013375,20,26.9378316075638,0.366103309113551,25.3831585012013
0.933415798429271,27.7490874591117,24,32.5679185926715,1.23512886461639,28.6518330841515
0.0906645804809548,23.736019522667,26,28.2176892930283,0.10954569516078,23.8857828187685
-0.451452940029034,19.5860616621124,20,23.3701797865278,-0.696708695740052,17.3811571640757
-1.39153340235437,11.2084001621821,11,12.2885725126131,-1.48026589987466,10.4814743408288
1.48502461875373,29.1726192642673,30,34.1016856010554,2.51844476666432,30.6169541144463
0.0198930455402349,23.2655612012735,26,27.6877884267682,0.012463937287209,23.2429495231562
-0.885340959334043,15.6176528007975,14,18.3682193983873,-0.413091121828639,19.9379551884312
-0.944103625195563,15.0721054759592,13,17.6514265643868,-0.5858569629189,18.403486779577
-0.690208435411663,17.4346628893419,17,20.7031623654086,-1.11591509729655,13.4912188516085
0.355797028368265,25.3013428780022,26,29.9466259776643,0.553494960353916,26.3029215155729
1.29801065815885,28.7665399707069,28,33.6565964437855,0.652648217127668,26.7353583999524
0.46042979897051,25.8366417469505,28,30.5267530771909,-0.0446351008145932,22.8449589919458
-0.176603517727029,21.8427085759046,23,26.0548361648409,0.005919784669233,23.1980832367402
-0.198076518692398,21.6770775188713,22,25.8617508132559,-0.186840723597144,21.7904181244873
0.22597631292745,24.5732884976243,26,29.1488100478474,-0.39844822139423,20.0637406903426
-0.178436618900811,21.8286448955005,21,26.0384657391906,-0.0390918608014298,22.8842413215055
-0.0795846093259666,22.5664412913372,22,26.8911789917395,0.612769304797812,26.565725077942
0.316064401245009,25.086173466414,26,29.7119354180252,0.387875749811669,25.4972544888418
0.0571491238009936,23.5160209864717,23,27.9705047672828,-0.218731970468838,21.5418109911683
0.605825109656916,26.5085281581671,26,31.2481946913415,0.899577584246064,27.6668686567494
-0.70694616881231,17.2797134312782,19,20.507041763156,-0.117198478017195,22.3180322736487
-0.871678882936568,15.7449194422207,14,18.5343389638506,-0.831094786665317,16.1220912148459
-0.338340586833501,20.5490689804981,20,24.5300637932398,-0.591557822200693,18.3514907334916
0.965834869740438,27.8535814759905,28,32.6789466047754,0.878706761784369,27.5955573825025
-0.154352702831506,22.0122801921646,21,26.2518650574019,0.269356652453027,24.8520987701418
-0.653145954183085,17.776407770181,16,21.1337861520459,-0.582495798823982,18.4341086899422
0.602865979995917,26.4956508686519,27,31.2344283189607,0.447961222279041,25.8020801399514
0.955419676694689,27.8203384711504,30,32.6436174165249,1.09232256099253,28.2676730417072
-0.545793005642191,18.7520642700466,19,22.3486875401462,-0.261593558938177,21.2009461011301
0.822431610805702,27.3677952070244,29,32.1630580252514,1.03678915244117,28.1048095467873
-1.38788071841308,11.2368732427041,10,12.3305836226049,-0.974000628122561,14.785702459865
1.95237654313784,29.9360004659659,32,34.9828828672932,2.30676310873909,30.4176633089777
0.150353730913591,24.1153825278397,25,28.6414412268241,0.46528660137014,25.8872814986453
-0.380997813661528,20.1910903605633,19,24.1013656816527,-0.117236475365417,22.3177502054912
-0.0757029010617454,22.5945446347116,23,26.9234144378132,0.167742672061369,24.2507872735089
1.02487999367057,28.0363221570858,29,32.8733297087329,1.50153804666383,29.251802774219
-1.732382902261,8.79380815258486,9,8.52828371459655,-1.65257958255645,9.24641662754814
-1.85225675063057,8.04224355360079,10,7.27546358097009,-1.95902201207423,7.3018698916016
0.864022832732293,27.5150719050571,26,32.3194277819883,0.205300685184169,24.4783308642343
-0.219495980265519,21.5099390048496,23,25.6662714985124,0.0549803712689404,23.5297191817172
0.517731196464451,26.1111429944896,26,30.8223259762503,0.117766260408251,23.9382622996613
1.55559732761308,29.3090260723943,31,34.2538717430545,1.36090818261593,28.9525462840878
0.285391510066528,24.9154784959018,26,29.5251094203396,0.878409794354786,27.5945333755917
-1.89044393903904,7.81137403807232,7,6.8840666753965,-2.12085891080072,6.39101327412614
0.600703000123611,26.4862178248145,26,31.2243426475237,0.191916134779419,24.3979577841754
-0.289559820224053,20.9501642062044,19,25.0069193060436,-0.379693944948627,20.2237416271049
-0.197668521908135,21.680242628569,20,25.8654464429825,-0.551604417841626,18.7142941987375
-0.527495103878092,18.9157460213262,17,22.5504060413765,-0.373566231474233,20.2757463955984
1.95937756922934,29.9452354689459,34,34.9941296008333,2.3103687837962,30.4213387956239
1.21634610733576,28.5666548567817,28,33.4406344350053,1.31118444772357,28.8376139826934
1.12557981058955,28.3265763804349,29,33.1830320050279,0.670192908107051,26.8082059462088
1.86509909565,29.8160863651071,32,34.838504323277,1.92912268552917,29.9671890492807
1.06938391484952,28.167831086324,30,33.0134689817391,1.08662281001341,28.2513195641662
0.467489474808907,25.8711606040545,25,30.5639895154805,0.363361513568866,25.3686512823515
-0.108816421672187,22.3526794385642,23,26.6453994886088,-0.112493096857341,22.3529126153068
0.941486162464147,27.7753819542726,27,32.5958511432097,0.772875298355413,27.2134971936732
-1.47142811522416,10.6001127000551,9,11.3790857374812,-0.887765871754804,15.5901536387992
-1.85465006433378,8.02765832126758,10,7.25081828238122,-1.96012449994547,7.29538511894889
-2.01243729968213,7.09960998370369,6,5.66331749626676,-2.23849761404194,5.78883881283767
0.787869046177308,27.2412552236519,26,32.0286624389382,0.383629493466703,25.475156055736
0.689510425310981,26.8596188184073,26,31.6227773907062,0.497615938445753,26.0431062565082
0.273451235314604,24.8479390089398,25,29.4510265835811,0.114128119504624,23.9150741663118
0.582813332692889,26.4075358275552,24,31.1401718007797,0.564627786711128,26.3532721018709
-1.58058666342918,9.81272394474854,10,10.1651196101196,-1.65282960180743,9.24470650120749
1.29681151125922,28.763709827436,31,33.6535269759621,1.16556535620745,28.4707074218168
-1.60572792101386,9.63816314290926,9,9.89002629302944,-1.71775434169164,8.8079997130888
-1.48691906631349,10.4853539136099,9,11.2048212108386,-1.34461877562526,11.5392268612026
-0.184371201422838,21.7830169726035,21,25.9853226988656,0.0943735788492491,23.7881263161249
-0.445120725439897,19.6411029400729,18,23.4370417038508,-0.33018109360474,20.6399779741707
-0.940364355824979,15.1067055261954,16,17.6971193283537,-0.527695076755911,18.9295057493905
1.26579605728906,28.6894388832,27,33.5731027528414,0.875135350714432,27.5832249276722
-0.685312821954625,17.4799169514357,16,20.760337802566,-0.421270851186961,19.8673680133677
-0.288461109071398,20.9590931236594,19,25.0174928803551,-0.445702893594871,19.6551932187382
0.436127562998237,25.7162891846101,25,30.396766847703,0.738278444219556,27.0808798495137
0.27029529581166,24.8299848663743,25,29.4313175190214,0.56914869478607,26.3735868017018
1.26548901444507,28.6886932203654,30,33.5722965096875,1.21197706385055,28.592774823463
-2.05843377472563,6.84155030273977,7,5.21713185035445,-1.73986448237872,8.66252456944268
0.427754705882076,25.6742730841161,27,30.3513284770534,0.846143493140219,27.4816908997342
-0.345720398622998,20.4876100077142,21,24.4566713810194,0.197276135915126,24.4302391568203
-0.795301453806487,16.4575284027911,16,19.4571754469272,-0.351722145791058,20.460014028854
0.459356421237886,25.8313759831848,25,30.5210709893818,0.845773643008344,27.4803791287665
0.306067673443469,25.0309833887075,25,29.6515929545543,0.271435705175956,24.8639309448072
-1.30764809743212,11.8768668643129,12,13.2627182880768,-1.24798963612268,12.3397235667253
0.445166932388283,25.7613321377032,23,30.4454444358817,0.310771646434786,25.0842964049886
-2.30465386927059,5.57898116798295,6,3.0264421736691,-1.91093379041193,7.5882223037234
-1.27458506822501,12.1485749680462,12,13.6518791908156,-1.15612840475023,13.1342683717975
0.262136787892298,24.7833715324342,23,29.3801174524653,0.283852562314843,24.9342088973636
0.123092694635046,23.9440944600282,24,28.4504984963871,-0.194365510808323,21.7321499563026
-0.210816037387236,21.5778991127891,24,25.745832415554,-0.448197700382098,19.6334170661284
0.194466709234538,24.3855610870168,26,28.9413410642762,0.283476896692413,24.9320924103974
1.56444482842464,29.3255291785548,30,34.2723997605132,2.10342084852821,30.1923404863854
0.044479349109407,23.431544330334,23,27.8753044595859,0.314830792675251,25.1066599744303
-0.57205352431368,18.5157011411699,18,22.056332510883,-0.855797635332604,15.8900698225561
-1.24533635139138,12.3926827319182,12,13.9984488441196,-1.57061510711863,9.81946323966831
0.399687847782369,25.5313496825379,28,30.196529130446,0.18670891898477,24.3664748161323
1.42058997586791,29.0403302260786,30,33.9555339874524,0.638375995168241,26.6752996973932
-0.874428398385984,15.7192976147536,14,18.5009276683591,-0.526569684762612,18.9395981934222
0.387103113417644,25.4662165311249,25,30.1258613202954,0.0608383304226426,23.5685894474637
0.59825676987426,26.4755287235111,26,31.2129126341975,0.630086872150487,26.6400864282675
1.27304336039224,28.7069795230648,29,33.5920751324361,1.41076326051175,29.0628666938317
-0.722709296834032,17.1334921616545,17,20.3214667501375,-0.909783824133629,15.3839836671278
1.01775505709791,28.0147780211657,27,32.8503945116229,0.985226480759669,27.9463455850068
0.145910516243699,24.0876904875974,26,28.6106145938225,0.388224574915747,25.4990665534116
-0.887332787535236,15.5991085774638,15,18.3439799159531,-0.772093248523249,16.6761820095272
-1.58998658509508,9.74717240770018,11,10.0620747431175,-1.68967121659115,8.99511846675987
0.627797400954464,26.6031437407147,28,31.3492794161791,0.248244687699515,24.730887556905
-1.00129391529441,14.545594269891,14,16.952051685273,-1.28242241205796,12.050124298331
-0.730125378705626,17.0646116371484,16,20.2338784650089,-1.2624316182178,12.2176861121655
0.490983411413386,25.9846134983795,24,30.6862350289532,0.6744657810983,26.8257847389914
-0.29182410259369,20.9317481839544,21,24.985105392808,-0.359919977914089,20.3910671616014
0.254395261971572,24.7388739572867,26,29.3312000499406,0.274522576187945,24.8814643303435
0.662683549532139,26.7497872275165,26,31.5057417720843,0.31257001465737,25.0942130227141
1.85523588843648,29.8019580106886,30,34.8216832380877,0.771953706082712,27.2100151527804
-1.76198634123619,8.60421546232392,7,8.21562330839325,-1.82995861679189,8.08575516064222
0.891353684204271,27.6089571051675,28,32.4191059645547,0.278884233523569,24.9061684385744
-0.640119346284629,17.8960120512049,17,21.2838726404958,-0.724171168055292,17.1249603259562
1.24049698611184,28.6273036265624,32,33.5059957445666,2.3026210126899,30.4134281369503
0.82987300876512,27.394542255303,29,32.1914590801899,1.36127181337351,28.9533684839728
0.157974542619351,24.1626743060206,24,28.6940480377121,0.207166506329272,24.4894721531896
0.830060622317504,27.3952143522386,26,32.1921727175406,1.38241529273174,29.0007284346812
0.134273939037179,24.0147497469508,24,28.5293381462105,0.714795731974609,26.9886096943517
0.220549183792446,24.5412656325502,22,29.1134718030009,-0.0129495090458436,23.0676320607426
0.780269434338932,27.2129155604816,28,31.9985544631769,1.15541429779946,28.4433402362613
1.31060165868111,28.7960728625049,28,33.6886490711095,1.65454680042273,29.5383931689848
-1.05351631609421,14.0703583152319,15,16.313869204988,-1.00907979120089,14.4615439429504
-1.34126360899869,11.6053496702025,8,12.8700234718453,-0.87835554653823,15.6783798406136
-0.141656720263075,22.1080870815485,20,26.3628945455011,-0.212232295474764,21.5928297607599
-0.916408703779693,15.3287793126873,15,17.9896331664466,-0.725055739219522,17.1166943314423
0.053278437207205,23.4902892195352,23,27.9415233313128,0.626963386563102,26.6267538222996
-0.0245915166050318,22.9583713082761,21,27.3391198372166,0.153829518258265,24.1649039573965
-0.0779177626099333,22.5785172953063,22,26.9050327575737,-0.344159164898772,20.5233986820433
-2.83709287272928,3.8956794451023,2,-0.0171521636928239,-2.88201223658685,3.76781777220893
-0.815191763038716,16.2719066366803,14,19.2179692913611,-0.941100348660134,15.0915584712099
0.909172015452445,27.6689565520138,27,32.4828150363133,0.255670500162863,24.7737422153605
-0.364500531508618,20.3303119169471,23,24.2684381248532,-0.293124002995923,20.9453840798021
-0.943331606286995,15.0792475668035,14,17.6608610273512,-0.91022818331577,15.3798271186097
0.498454055135459,26.0202340682147,27,30.7245729893634,0.513126188677874,26.1164205584076
-1.22198305367123,12.5900334312185,12,14.2766328106234,-0.959612647235873,14.9192647561147
0.111000679047203,23.8670557592505,23,28.3644123236637,0.26167760966044,24.8082342885743
0.231648556823655,24.6066198634766,25,29.185569617331,0.696238862945616,26.9143804926452
0.347278146470316,25.2557699223702,25,29.8969928548039,0.614172950957115,26.5717925239668
0.8837453139237,27.583048305308,27,32.3915976015691,0.704813848161469,26.9488265487509
1.10215939409187,28.2613875398282,29,33.1133396240639,0.756399155046529,27.1508293779283
1.21776208362623,28.5702471819322,29,33.4445022586645,1.42576708303352,29.0951368639101
-1.38138146318396,11.2876793113816,9,12.4054271513532,-1.1848699375275,12.8824089392542
0.419676725031461,25.6334672823487,27,30.3071692218931,-0.521395187282335,18.9859583181103
0.714118574343482,26.958165813539,29,31.7276912141919,1.29804265942152,28.8063917014772
-0.243261696493122,21.3222795887835,22,25.4460292603165,0.15467780345585,24.1701649839864
0.140426692499716,24.0533917680033,22,28.5724105164499,0.178996263383683,24.3196230378392
-1.06072281737755,14.0052787967881,12,16.2259325399143,-1.00845972322343,14.4672538313881
1.21306773082048,28.5583200578056,29,33.4316621333706,0.826245836090978,27.4105208759901
-0.400765296282119,20.0230168563434,21,23.8990812513608,-0.710766766550354,17.2501181606765
1.59913563614688,29.3889982467014,31,34.3439126141596,1.55065298650287,29.3479698363749
-0.233332245435394,21.4009655625392,18,25.5384754722342,-0.597808830731923,18.294394120292
0.50714386100506,26.0613932058098,26,30.768846858679,0.373804282063452,25.4237385546084
-2.00184278343554,7.15986906399111,7,5.76730156751376,-2.22044771494703,5.87742289698536
0.763893809937666,27.1512078775562,27,31.9329820454141,0.740581393295678,27.0898298025997
1.08078969732746,28.2007005818886,29,33.0485384135915,1.66320672516182,29.5535078780645
-0.729571184008729,17.0697607971203,17,20.2404298819814,-0.764905626602634,16.7435978743974
0.787382761677235,27.2394474425904,26,32.0267419713196,0.626267426791465,26.6237783584499
-0.175340449637052,21.8523906469896,20,26.0661036732891,-0.172541505907097,21.9004728448324
0.00642298871895653,23.1734766865604,23,27.5834923761081,0.349606599566813,25.2953995905355
0.823606155236682,27.3720285470645,28,32.1675532664245,0.999989740691768,27.9924476668517
-0.813752438008308,16.2853405160107,16,19.235308651218,-1.0401784373609,14.1762079825035
-0.487259835013277,19.2725059037181,18,22.9879759845462,-0.46264809137759,19.5068925740981
0.273121512825076,24.8460652298052,23,29.4489699574007,0.293762169837252,24.989820507755
-0.700894579759003,17.3357753444674,19,20.5780627724568,-1.17073417591998,13.0059254168552
1.54828006730788,29.2952786778823,31,34.2384576962512,2.3787126593345,30.4890808874911
0.630532520445927,26.6147986893526,26,31.3617237354258,0.373763725876894,25.4235254885348
1.36949893447421,28.9298664069423,30,33.8344113558211,2.38776556280689,30.497786953869
0.636516444054938,26.6402032914629,28,31.388843417297,0.448917775579522,25.8068153151756
-0.130038984179241,22.1951492737097,21,26.4636081012878,-0.168112049780884,21.9343851662395
0.806905602399726,27.311424521941,30,32.103194947334,0.351973278019288,25.3080595666012
1.98075129461295,29.9730898641331,32,35.0281705915642,2.99753815894247,30.9681621666925
-1.36295480462826,11.4327232334424,12,12.6182666689976,-1.07588882880361,13.8513289431651
-0.916010431386203,15.3324768530985,14,17.9944925807099,-0.797376810599293,16.4388430926339
1.91831236317943,29.8902671571769,32,34.9274653881338,1.13435603890142,28.3857843518599
-0.962052085054049,14.906297384951,11,17.4320114123613,-0.544894383077732,18.7748427391781
0.222543546706468,24.5530484006017,25,29.1264769437713,0.561384639305893,26.3386521036161
1.7717334673639,29.677365432212,32,34.6748825843834,2.74126757758467,30.7951716772522
0.854002327320498,27.4800795708551,28,32.2822771651788,0.293979511817181,24.9910354886
-1.93714454960534,7.53429578616557,5,6.41104752936208,-2.14303690780883,6.27320939529278
-0.288145872416158,20.9616540942348,19,25.0205252307336,0.031508134950044,23.3724125890283
0.163410536212183,24.1962502885943,25,28.7313684193288,0.0549509168777901,23.5295233460426
0.305263919846783,25.026527502132,25,29.6467184575196,0.70486239022902,26.9490208318259
1.49201718532085,29.1865218890151,30,34.1171229455492,1.01455231399072,28.0373447767224
0.0116796452196517,23.2095090302545,22,27.6243256633498,-0.0122658677494884,23.0723864574572
0.0202844754813197,23.2682249685865,22,27.6908026181576,0.325041516066142,25.1626061145901
-0.525662177124167,18.9320943805836,20,22.5705202907762,-0.272505456320498,21.1129573114112
-1.34368176398576,11.5860044866679,13,12.8418930904551,-1.18428108007984,12.8875403647753
0.52843751076342,26.1610109023774,27,30.8758937451293,0.175305386576385,24.2971087942857
0.402202487239572,25.5442862415023,25,30.2105557499593,0.136161780492082,24.0545981951504
-1.48308413635085,10.5136684236594,14,11.2478996987036,-1.75091226028975,8.59043050310655
-0.948472669047126,15.0317018915293,14,17.5980289252704,-1.01180750585508,14.4364349647827
-1.17904145047172,12.9583355190002,13,14.7912920415619,-1.46190931960699,10.6200674528721
0.559143235067895,26.3015966945298,27,31.0267100525884,0.645428646565727,26.7050679125294
-0.25905494651126,21.1963037086679,19,25.2977280551981,0.288850535261162,24.9623096187861
-1.2009215472265,12.7698178995746,14,14.5285708294165,-1.50300713753233,10.3117195352773
1.41620370313001,29.03104414949,28,33.9453218027349,1.75274394552548,29.7033691443693
0.571675290823884,26.3579475470693,25,31.0870816541105,0.396790794401496,25.5434093277255
-0.605216007360965,18.2149610557506,16,21.6825316870178,-0.53949239846764,18.823503603576
1.34849934053344,28.882973074906,30,33.7832141365527,1.10914023304187,28.3154523769727
-1.1417606573842,13.2834396937936,9,15.2410448374833,-1.22931039373132,12.4987678098214
0.46804220163318,25.8738548345357,25,30.5668950150641,1.07543928589726,28.2189940910442
-0.772980235790716,16.6657085019065,18,19.7244863356169,-0.842632055143567,16.013710874368
0.139689253729216,24.0487692223526,26,28.5672596911592,0.262094381030032,24.8106215342549
-0.821968077708878,16.208659223888,16,19.1362767959107,-0.56458208530151,18.5968677242075
0.669725879698445,26.7788638542349,26,31.5367374129691,0.588849099509376,26.4612265554872
-0.126198735115677,22.2237994412792,23,26.4967127857937,-0.569587415739074,18.5514673372869
0.509667640477287,26.0732919224845,26,30.7816410362498,0.818595484788585,27.3828306069125
0.404365982526302,25.5553955683652,26,30.2225987480734,-0.285752774022001,21.0054883462223
0.451311620182601,25.791763312983,29,30.4783113649307,0.716900257339899,26.9969543784151
-1.37525709969596,11.3357229967618,13,12.4760620315795,-1.43308322807042,10.8405623192124
-1.24621683974316,12.3852840049551,13,13.9879854767935,-0.984435188489452,14.6890488567628
0.222241719368279,24.5512663131952,23,29.1245101640354,-0.104742523498463,22.4101525175211
-0.89672934311201,15.511665438776,18,18.2295641864965,-1.06844004581488,13.9188303624275
-1.89504828686763,7.78380105806919,7,6.83714644290109,-1.96008974601986,7.29558948424603
0.830160619211559,27.3955725306695,31,32.1925530335722,0.894685558937015,27.6502691564421
0.559369859553157,26.3026209734381,29,31.0278078151117,0.175307813166826,24.2971236163013
0.890293843457059,27.6053584545938,27,32.4152850737524,0.40580300479872,25.5897365863504
-0.788764223467567,16.5185169522859,15,19.5355922224695,-0.670236132295505,17.6272048744186
0.796947824290341,27.2748654290022,28,32.0643650687184,1.25258599991363,28.6955780925232
0.612442249988821,26.537207836592,29,31.2788469580378,0.348416238058278,25.289023182387
1.03139009336277,28.0558876838512,27,32.8941636220696,0.848504911888846,27.4900564280929
-1.12052863538559,13.4706599038329,15,15.4982397983458,-1.44149873072083,10.7758285639281
-0.441056499955544,19.67636354838,19,23.4798387613736,-0.578689835001607,18.4687516838049
0.594121706176283,26.4574098493719,27,31.1935344712334,0.399062014146395,25.5551158045017
-0.480717057763981,19.330086580392,17,23.0583298192069,-0.0490110099159392,22.8138512687391
0.387364860916634,25.4675778750971,26,30.1273391402767,0.38262383670104,25.4699115294483
0.763591958483785,27.1500621482452,28,31.9317643578633,1.04024644982794,28.1151814256277
-0.0703720853262515,22.6330312085148,23,26.9675306933477,-0.181830348323019,21.829081077932
-0.968039388102509,14.8510938566522,14,17.3587932063239,-0.885367099119604,15.612637712599
0.390520905707845,25.4839701307159,25,30.1451312320043,0.228508774284865,24.6158226747673
0.76246977539049,27.1458000710421,27,31.9272345301793,1.33686027609782,28.8975865715267
-0.218420913261061,21.5183731982137,23,25.676151159739,-0.149768546356969,22.0739168644483
0.663605054222321,26.7536019328694,28,31.5098087450861,0.585708530657863,26.4473512610661
-1.18749472659181,12.8852959944016,13,14.689675695458,-1.13950431304261,13.2812079520875
-1.11375944797393,13.5306481636356,14,15.5803811904612,-1.36994509412046,11.3358173823995
-1.0180748802789,14.3922302823602,13,16.7468476259836,-1.20188297795041,12.7346872881036
1.72150018051709,29.5979137607521,31,34.5825772366695,2.28025516596099,30.3903194362018
-1.18767635033278,12.8837295272921,14,14.6874939735898,-0.684017350695398,17.4992392773457
-2.84061507078985,3.88944034358977,5,-0.0298854107631779,-3.00202518327479,3.6046217327977
-1.56097161983023,9.95063015966423,13,10.3808920757683,-1.38927269946764,11.1824136834905
-0.0362237687223972,22.8765882859258,22,27.2459360516293,0.374377207999822,25.4267477524423
-0.111375959084448,22.3337844628459,22,26.6236243555351,-0.288330634377267,20.9844934198388
1.12189038322731,28.3163978149274,28,33.1721440973555,1.43946471670106,29.1242306222813
0.989786396471705,27.9288708413091,28,32.7589929168648,0.955617586364678,27.8520763060788
1.04393065779278,28.0932579757308,29,32.9339708490509,1.26842712774007,28.7346979503414
0.62402229028218,26.5870126588052,27,31.3320531338964,0.670397214624656,26.8090479169856
0.349074772354496,25.265406570408,25,29.9074913502265,0.1683212717728,24.2543401784927
0.0517172473302813,23.4798916507052,23,27.9298084847841,0.618983939565574,26.5925347037444
1.04458104305984,28.0951846912011,29,32.9360237393957,0.88245610111857,27.6084632831214
1.71927832414398,29.5943179799068,28,34.5784216567017,0.805838341411613,27.3362490176098
0.255433725004409,24.7448580490564,23,29.3377808798354,0.0312485208046362,23.3706587606882
-1.43326677303253,10.8872071540039,9,11.8112509234941,-1.40288128983491,11.075353692369
0.510958718038108,26.0793693189246,26,30.7881749434611,0.696245319623801,26.9144065237127
0.68777960623892,26.8526086739241,25,31.6153109807909,0.825641440534552,27.4083399112125
0.781496875190068,27.2175055263996,27,32.0034310939327,0.50056135474805,26.0571002681261
-0.628010114686484,18.0069271873255,19,21.4227670894306,-1.01926836478331,14.3678343165888
-0.580029073925399,18.4435943671744,18,21.9668939579322,-0.578641690087834,18.4691896983827
-1.06895875836298,13.9310659077141,12,16.1254888565298,-0.844896528135558,15.9924413676716
0.517457164454699,26.1098607984045,24,30.8209481470836,0.247542292859251,24.7268215932575
-1.12219795569143,13.4558882703975,13,15.4779934333904,-1.30434853067589,11.8681962551475
-0.439630506893892,19.6887227992939,17,23.4948329497322,-0.734441891845484,17.0289368757447
0.521434977473428,26.1284445105143,26,30.8409154569573,0.566723384689852,26.3626981304245
0.113671126659499,23.8841254871555,25,28.3834978842928,0.488471614765063,25.9994458319866
-0.916798462868595,15.3251609695053,14,17.9848774911298,-1.10618954522273,13.5782966578774
1.36815013447304,28.9268809690326,30,33.8311481911692,1.08372677354289,28.2429790519487
-2.85666883396112,3.86163714622259,2,-0.0869826781355681,-2.72898996636823,4.05231092055046
1.12620897769264,28.3283087956978,28,33.1848853883181,0.508609032811563,26.0951645666025
-0.035353195137895,22.8827298811365,25,27.2529390438053,0.459813420672371,25.8604945830227
0.766700888733287,27.1618482406515,29,31.9442903172881,1.48795105119036,29.2244659570462
0.253715526307033,24.7349544781509,24,29.3268893202596,0.193892423355527,24.4098750533628
0.789329748179936,27.2466808288965,28,32.0344261550582,1.1346949002444,28.3867189576456
-0.59230420888737,18.3323374798258,18,21.8286654116786,-0.296175747782278,20.9204370523948
-1.03239967261332,14.2617870821282,12,16.5717599749541,-0.855923423373782,15.8888887748987
-1.08011348815129,13.8308389642706,13,15.9895514554384,-1.62645883672905,9.42632502560806
0.510984458292479,26.0794904183436,26,30.7883051335405,0.938704128289544,27.7971260847146
0.0806239279545342,23.6706397230549,24,28.144341766551,0.0958236068766809,23.7975043615303
0.718989877940252,26.9774271500192,26,31.7481871906326,0.563802156165481,26.3495539104873
0.39454217930749,25.5047967814783,23,30.1677292838204,0.146453584899659,24.1190232469759
-2.00110611289542,7.16407025101582,8,5.77454783528812,-1.56057104318677,9.89144302209637
0.4648658014615,25.8583551114837,27,30.5501782144365,0.0869250789491289,23.7398037381265
-0.931336769267282,15.1903132794562,17,17.8073996481251,-1.28933710255346,11.9925396399954
-0.281626641554111,21.0145289638001,21,25.0830988613219,-0.214775644948423,21.5728871745418
1.306492388507,28.7864710703092,30,33.678223532654,1.11571055994401,28.3339283644666
-0.000211106708228797,23.127826159255,24,27.5317175755609,0.170274167527714,24.266320977915
0.307360149503577,25.0381428938455,26,29.6594242408116,0.387828112779012,25.4970069868193
-0.0502880537330412,22.7769030648592,25,27.1321501474386,-0.0834198198468724,22.5662470551827
1.93919429613622,29.9184608460806,31,34.9615751236326,0.895112955203587,27.6517221952067
-0.404630282208237,19.9899979292724,19,23.8592658453742,-0.49453610627157,19.2253917106859
-1.1705743291948,13.0317504422393,14,14.8932148798356,-1.15682380447635,13.1281415395741
1.11789671606858,28.3053418583198,31,33.1603203057083,1.23134582538201,28.6422646895113
0.054535262772622,23.4986517766615,25,27.9509436079826,0.271699340662753,24.8654299969721
1.47305465144612,29.1486177994678,31,34.0750711427886,1.46974060784532,29.1873157245945
0.0892729212619289,23.7269846701873,22,28.2075589753443,0.184542231667766,24.3533395715428
-0.524901072030068,18.9388802683734,20,22.578867556346,-0.652752263888865,17.7891293443647
0.610573411847979,26.5291242624071,26,31.2702084405623,0.0839923001215683,23.720708480065
0.377393822601965,25.4155183702537,26,30.070801048456,0.193922024612052,24.4100534213183
0.437516533531623,25.7232318109979,22,30.4042719889242,0.491577471356822,26.0143115166502
0.329493665458404,25.159645056038,26,29.7921734199973,0.163413755886422,24.2241581592093
-0.170690681669917,21.8879752657044,24,26.1074968423592,-0.203328574416292,21.6624283794854
0.771272214492615,27.1791205541034,27,31.9626454611624,1.1717221836672,28.4871878538574
0.90291584288626,27.6479978241776,28,32.4605594424684,0.738886541135513,27.0832448050817
-0.0943953297444459,22.4586038112762,24,26.7673193446618,0.0652590150675158,23.597819989599
-1.2135948132194,12.6614354465574,13,14.3768567759418,-1.31928534774722,11.7453899940015
0.714275426337977,26.9587872750519,25,31.7283525587341,0.690200427236275,26.8899731803963
-1.17178657236315,13.0212240437043,12,14.8786140994449,-1.30359330658995,11.8744299264762
-0.63832113913314,17.9124994352693,15,21.3045366647849,-0.688267802004901,17.4597167074347
-0.65182798904789,17.7885216816764,18,21.1490020978884,-0.0550510554620358,22.770771915622
0.0170724829737667,23.2463463718553,23,27.6660411463177,0.303117175662518,25.0419338884289
0.176179082764649,24.2746009624028,25,28.8183629810116,0.49219407866992,26.0172583390826
1.21829727790688,28.5716037767278,28,33.4459630075004,1.16560867821568,28.4708236962404
1.35465813754735,28.8968178368193,30,33.7983167629499,2.31504885926871,30.4260939864498
0.406221092010858,25.5649060813513,25,30.232906787186,0.072791766885529,23.6474246847667
1.22807276488922,28.5962678797892,31,33.4725319462716,1.0403267530739,28.1154219626697
0.66436546395664,26.7567474998545,27,31.513162214371,0.117947617712339,23.9394166454726
0.548177771981337,26.2518036120521,28,30.9733265932716,0.830475015663684,27.4257501598646
0.435462355579261,25.7129614547644,23,30.3931691961848,0.35678469358223,25.3337249277845
1.50658233277194,29.2152027665342,33,34.1490204568155,1.12218138048197,28.3520208400005
-1.38624899671894,11.2496114710682,12,12.3493628937113,-1.53754425879975,10.057964477904
-0.403680248216729,19.9981188561442,19,23.8690606499116,-0.582503920630371,18.4340347272422
0.200890870131895,24.4241892410664,22,28.9840918481238,0.268907336527776,24.8495391976398
-1.54087649608136,10.0935061302602,7,10.6030049557021,-1.67272776193034,9.10931448196488
0.0428225350482251,23.4204442118392,23,27.8627834823995,0.37680377543771,25.4394778417736
-0.194030449956285,21.7084348377069,20,25.8983539718234,-0.349343215844835,20.4799747812875
-0.799010792777117,16.4229172540062,15,19.4126347734755,-0.57594653784004,18.4937011436512
-0.230909886891066,21.4201005651391,23,25.5609352797649,-0.324012414940375,20.6911881112971
-0.748708970999109,16.8917933871199,17,20.0136437919488,-0.719981668052917,17.164098739923
0.0996327084758459,23.794033966413,24,28.2826952313641,-0.0684764892582604,22.6744307913344
-1.62128533328191,9.53135394843877,7,9.7206126430257,-1.57738588832158,9.77116305809389
-0.211538821201451,21.5722519386444,21,25.7392252964359,-0.597760444223091,18.2948364096455
0.839526612685421,27.4289815723528,26,32.2280258524521,0.830475015663684,27.4257501598646
-0.436339978185725,19.7172173904882,18,23.5293892553335,-1.00527078302417,14.4966311826834
-0.161260704106299,21.9598606616358,24,26.1910278928517,-0.495186553863122,19.2196178632353
1.15774653749217,28.4139058662818,30,33.2765501199858,0.356255884336684,25.3309088458273
-0.715586959947953,17.1995929489799,14,20.4054182534499,-0.585603763323581,18.4057944511198
-0.640909084461073,17.8887693141305,16,21.2747932101923,-0.629344637288919,18.0050975259212
-0.763499227917961,16.7540659338933,17,19.8376346017553,-0.503551423515493,19.1452551652484
1.55737830895866,29.3123585725002,31,34.2576109956499,1.31698417010012,28.851278981545
-0.372305828306072,20.2645628493605,23,24.1895911960721,0.0518172063729913,23.508665583097
-0.501586604696318,19.1459894146219,20,22.8331310132713,-0.532309548903373,18.8880876945236
0.731096750188275,27.024948729216,26,31.7987422139417,-0.194362743729068,21.73217142777
0.185866474455942,24.3335632852855,25,28.8837439566249,-0.0332394521187328,22.9255643278877
-0.427524003679408,19.7933880157056,20,23.6216733468362,-0.5086947016265,19.0994317949232
1.29412124034836,28.7573493224453,28,33.6466299515867,0.738892444069545,27.0832677562304
0.718099752434293,26.9739136003987,26,31.7444486509353,0.438948190547096,25.7572840077739
-1.65136121625856,9.32741462233233,9,9.39483254799543,-1.40911264560274,11.0265937392906
0.416312193079187,25.6163930951477,26,30.2886830922131,0.290498712509107,24.9715528636111
0.692734110643582,26.8726476036801,24,31.6366529468351,1.0225343726026,28.0617126577675
1.93558119756195,29.9136187279385,30,34.9557047244659,2.3903421172132,30.5002536678416
-1.21145193016607,12.6797189931183,11,14.4024852068868,-1.19379393799089,12.8047938491757
-0.639135510492768,17.905033340252,18,21.2951799927853,-0.52765225169867,18.9298898646433
-1.69419341868241,9.04255035034657,9,8.93474344011385,-1.73985687711599,8.6625743344185
-1.9422762263069,7.50419726456958,5,6.35947458218557,-1.8770730914897,7.7939261968308
-1.16281180028801,13.099277328049,11,14.9867753771414,-1.08204762455728,13.7956283471111
0.159434680245898,24.1717058881188,23,28.7040891996012,0.278290257751717,24.9028090243161
1.93813803200295,29.91704683892,33,34.9598603044336,1.72986380357342,29.6661601964428
0.551486841009999,26.2668777918338,25,30.989491482002,0.295589442533651,25.0000289949638
0.533792039311893,26.185785734448,27,30.9024926652947,0.296097333102046,25.0028639068489
-0.341694789988952,20.5211601146891,20,24.4967465763063,-0.735453799067018,17.0194709095904
1.15321211522822,28.4017475374015,30,33.2635186114364,1.10607159986941,28.3067867603009
-0.610595189803102,18.1659592908866,18,21.6214326680221,-0.735286257833315,17.0210382516647
-1.07455717075319,13.8807213986415,14,16.0572480622262,-0.837598991189252,16.0609886377001
-0.761948823877955,16.7685099756951,16,19.8561140228978,-1.01510907025536,14.4060637919559
-1.59052734212962,9.74341181992753,10,10.0561537912203,-1.36080764239593,11.4088928350381
1.1365920509972,28.3567578301658,30,33.2153309864277,1.6070338937398,29.4534278164012
-0.143496142223325,22.0942492664366,22,26.3468710188427,0.254950438408719,24.7695972017675
-0.458151939417038,19.5276958296166,20,23.2992043164749,-0.405177274267084,20.0060292724509
-1.19154208712668,12.8504168173891,13,14.6410733879507,-0.822759885773191,16.2003970176214
-0.172925024900772,21.8708873076284,20,26.0876231968681,-0.226853622484519,21.4778102731316
0.563093582741403,26.3194233958107,25,31.0458135501565,0.553376381752166,26.3023827205117
0.199294372049469,24.4146065635054,22,28.9734893838281,-0.402806071068874,20.026383836671
0.456021158347952,25.8149845311242,25,30.5033805844889,0.383492314642239,25.4744409099886
0.0508220853991988,23.4739249195096,23,27.9230847391756,0.208040638215894,24.4946865364757
-0.512732903144553,19.047158980418,16,22.7119197792579,-0.632116686617723,17.9795736309582
1.31714054329578,28.8112787841869,31,33.7051686331492,1.66207067984555,29.551531481759
0.173798519156139,24.2600480881495,25,28.802214496833,1.11004158046688,28.3179932979044
0.800903429090574,27.2894261850747,28,32.0798308461878,0.178886584110727,24.3189548697006
0.736311566552141,27.0452649984258,26,31.8203500746405,0.868034476563007,27.5585913581785
1.01191798792685,27.9970256977358,28,32.8315001539281,0.638687311986206,26.6766174443822
0.0435369159918726,23.4252318417011,24,27.8681842837472,-0.120991538231694,22.2898434996322
1.79943763469148,29.7197114506312,31,34.7244799889309,1.30005904372994,28.81120562577
-0.0635727786620899,22.6819377521049,22,27.0235426276572,0.184064855436626,24.3504427455575
0.0797405682982392,23.6648661095577,26,28.1378600114349,0.286393861697746,24.9485105630922
0.722623350090988,26.9917414044402,25,31.7634170310831,-0.0257947217308048,22.9779072724415
0.282905065460596,24.9014646890722,25,29.5097454795902,0.158332554390996,24.1927948523877
0.198952836584984,24.4125551033836,25,28.9712193562575,0.22622713598283,24.6024103856336
-1.49146502313769,10.4518704171776,9,11.1538085924025,-1.615237881929,9.5043768546183
0.468773122988243,25.8774157983105,28,30.5707350271095,0.178711806021388,24.3178900079979
-1.85581899959539,8.0205403369653,5,7.23878658572299,-1.86481674361842,7.86921188134765
0.797063674095692,27.2752925929496,29,32.0648187950826,0.243450169938806,24.7030907366898
0.58194427065759,26.403683286417,27,31.136048395642,-0.100208202462879,22.443515893378
-1.75145882817728,8.67132411523279,6,8.32656920076834,-1.59390272495244,9.654080217297
1.63505858433322,29.4526924887751,29,34.4161149137357,1.6434446668282,29.5188502934272
-0.426711351050116,19.8003966856865,20,23.6301580436831,-0.269127034869942,21.1402512312666
0.430920761585629,25.6901941310418,26,30.3685499577851,0.503512893100335,26.0710896627427
1.16859397982968,28.4427914141276,28,33.3075261885106,1.67596904085788,29.5755784616732
-0.272729412564675,21.0864213546486,21,25.1680757072932,-0.488147558052259,19.2820347505633
-0.249542199282126,21.272303166761,23,25.3872395579906,0.236357592096644,24.6617868117526
1.93959914444159,29.9190024717429,31,34.962232089567,1.77295047943164,29.7356313127111
0.861020169467341,27.504618758488,31,32.3083299358566,0.567144275961675,26.364589333055
-0.605308901059344,18.2141153372354,18,21.6814776412855,-0.407827683754487,19.9832548488812
0.344207067450134,25.2392660078947,25,29.8790087946144,0.416541470236969,25.6445056696129
-0.460507133038271,19.5071429381337,16,23.2741927023835,-0.410481820810493,19.9604240195204
1.62693765421578,29.4384704479866,34,34.3999533729742,2.17967305678422,30.2811704861263
-0.223853123037163,21.4757072652758,21,25.6261563347426,-0.532314142132707,18.8880464386387
0.413002147965846,25.5995503744298,26,30.2704424702959,0.439502943293761,25.7600505965566
0.342514926994934,25.2301555242505,24,29.8690790040651,1.00018882535483,27.9930653105989
-0.841496639600507,16.0264037949058,15,18.9003323055293,-0.765107029433304,16.7417092383115
0.219641560950593,24.5358975912772,23,29.107545908434,-0.0306408456708534,22.9438632018351
0.820732479303929,27.3616634121742,26,32.1565467955448,1.06859608802056,28.1990574709465
1.2477736594883,28.6453204126262,27,33.5254385751875,1.08779263312531,28.2546826314992
-0.125103999955861,22.2319550082447,20,26.5061329528958,0.271438197536598,24.8639451179713
0.389271339636466,25.4774848980544,26,30.1380927760596,0.446062519378811,25.7926702814121
0.196989678924543,24.4007532695958,22,28.9581584034215,0.0465282165870081,23.4733616538259
-1.15431056220773,13.1734688357542,13,15.0893656785871,-1.33031230018777,11.655323198571
0.977766383712654,27.8912877166995,28,32.7190291964518,0.636310857515496,26.6665496223876
0.311190929634488,25.0593211412925,27,29.6825837329513,0.453391882076432,25.8289148624947
-1.09400694717243,13.7064837515142,13,15.8204246969243,-1.20894459195264,12.6736797029358
-0.112120020412287,22.3282863082295,22,26.6172865903591,0.0356945479669831,23.4006518575935
1.34357276172924,28.8718430056478,31,33.771080423117,0.702343936648069,26.9389304911396
-0.201447484022277,21.650900024172,23,25.8311767837774,-0.243003155077194,21.3497269938654
-0.499099012797328,19.167998711015,17,22.8600944280723,-0.638440499103812,17.9212929097254
-0.812597187564755,16.2961228955821,16,19.2492225609275,-0.825390439994505,16.1756828582643
-1.17616355521025,12.983260062951,14,14.8259191653334,-0.950745880973361,15.001728579735
-1.95813996802431,7.41158706444039,9,6.20058154666659,-2.21525747683864,5.90316579354218
-1.89844993488798,7.76346645766962,7,6.80252095545834,-1.76924705017659,8.47164388928572
0.121509573030555,23.9340454843974,20,28.4392766913085,-0.310851552705559,20.799952559005
0.106909672667067,23.8408438760146,25,28.3350925907596,-0.0652964771463061,22.6973237226648
0.687575417849022,26.8517809850687,27,31.6144293898861,1.07630672403328,28.221512721734
-1.49444968695361,10.4299342411346,11,11.1203472718672,-1.26363684684994,12.207538824982
1.01142895208559,27.9955341867676,27,32.8299128585942,0.888826198087656,27.6302944527527
0.367279709436149,25.3622903120121,26,30.0129417277715,0.578136449250148,26.413747841294
1.63124131458779,29.4460201196715,30,34.4085296953699,2.44332749075121,30.5499098172123
-0.963838582588888,14.8898198170266,13,17.410165494226,-0.809556543675867,16.3244389437446
-1.77161688732153,8.54312242454777,7,8.11436461301706,-1.33660271380564,11.6041711560056
1.24832864000732,28.6466896918736,29,33.5269167429581,1.66205049760977,29.5514963529275
-0.377430414278999,20.2212774607681,20,24.1376291371933,-0.340979620464713,20.5499818042162
0.294524248524079,24.9667233572034,22,29.5812578723918,0.0795702159179396,23.6918429790211
-1.6982591395254,9.01583888940142,9,8.89130348804254,-1.71177080489051,8.84764600313786
-0.256463087236438,21.2170466776471,20,25.3221720687613,-0.0391350891596201,22.8839355180195
0.115252736694953,23.8942202461297,22,28.3947817834859,-0.553800748135798,18.6944505579265
0.448262410899614,25.7766812433048,25,30.4620240923588,0.84216700412609,27.467565260282
1.37342136647024,28.9385278058161,27,33.8438814382396,0.895655490474787,27.6535659021119
-0.972469050475232,14.8102888198421,14,17.3046178959788,-1.1763750773357,12.9565526632551
0.18044224568592,24.3005998566482,24,28.8472012287299,0.479440633991969,25.9560065391331
-0.613850487549003,18.1362768940686,17,21.5843961644021,-0.288741111814463,20.9811479049263
-0.134467017372866,22.1620347430291,20,26.4253215987864,-0.40144364161751,20.0380701500289
-0.401916472136644,20.0131875628487,20,23.8872313295764,-0.383225105108128,20.1937117248573
0.0331887552046713,23.3556573064881,21,27.7896488798442,-0.239949653988818,21.3740278965642
-0.0134669722684585,23.0360209250607,21,27.42745445802,-0.117723669291476,22.3141330213081
-0.252101782487869,21.2518898724508,21,25.3632099501603,-0.33018109360474,20.6399779741707
-0.0163382401845963,23.0160322322196,22,27.4047281918341,-0.35945974298921,20.394944528331
-0.479744210389135,19.338637540941,20,23.0687712501305,-0.288037569173219,20.9868815773964
0.698198234289107,26.8946490184869,26,31.660080722009,0.755310836993086,27.1466587363129
-0.270344791929039,21.1056367000838,19,25.1907682165549,-0.0452835987649802,22.8403543512606
0.332954966245007,25.1784579693214,24,29.8127020171925,0.456324522991219,25.8433572534264
1.87686515025922,29.832783362391,30,34.8584327305411,1.69976291352492,29.6160857908112
0.781313735687553,27.2168209951955,27,32.0027038171942,1.5147299261678,29.2780371019545
-0.734844610884831,17.0207527769857,17,20.1780509850307,-0.607774071640726,18.203197522105
-1.1272609565627,13.4111397686652,13,15.4166121139365,-0.971185557261529,14.8118089181775
-0.0164416192912533,23.0153118596826,23,27.4039089919823,-0.0499828748330123,22.8069307233885
0.293683469058465,24.9620206071032,24,29.5761073060093,0.419080229843823,25.6573856303161
0.746890409920336,27.0861980746418,29,31.8638764414769,0.117653195193036,23.9375425606576
1.51869973939159,29.2387808984669,30,34.1752954378253,1.05827984207251,28.168776042257
-1.51550736973454,10.2762320653948,9,10.8849669563644,-1.45491386574011,10.6732549352684
0.625198784628022,26.5920453717847,28,31.3374278712401,0.76899833117606,27.198830345063
1.62779711415399,29.4399804530075,32,34.4016681921732,1.0119367195788,28.0293227780035
0.4748268276405,25.9068272404479,26,30.6024431703216,1.10008982303749,28.28982749089
0.0476069539038448,23.4524647418015,19,27.8988953185278,0.280729548334898,24.9165954994019
0.582994093098603,26.4083367827922,25,31.1410290443705,0.667812425857512,26.7983849946652
-0.0511940643432982,22.7704513226782,25,27.1247780488714,0.179400285354784,24.3220838863085
-0.928122595341936,15.2201050534108,16,17.8466507927671,-0.629162849726762,18.0067708432995
1.37731080280542,28.9470862695914,31,33.853243307727,0.813251244082027,27.3633787790647
-0.986204067749864,14.6839752296714,14,17.1366203253119,-1.29947708914112,11.9084466164464
1.20083223481639,28.5269952369305,27,33.3979621524782,1.23055502182694,28.640260503121
-0.890549977944921,15.569162155983,12,18.3048180835839,-0.903239887959966,15.44521684893
0.441386027771998,25.7425320368725,27,30.4251315804624,1.16103366814354,28.4585201261655
-0.224288094963835,21.4722856344765,22,25.6221451514205,-0.281062875783353,21.0436160374641
1.1026729638432,28.2628317516131,30,33.1148826283356,0.948551955739588,27.8292190564453
0.824039682475981,27.3735899823788,27,32.1692112904175,0.485705407993565,25.9861741574432
0.999372110870371,27.958555491271,30,32.7905672782219,1.51485921090882,29.2782927201531
-0.215539520693292,21.5409549741802,20,25.7025950227781,0.307192822188996,25.0645210066308
1.15735310018498,28.4128528875879,27,33.2754213635758,0.611177316918799,26.5588348792792
0.00985539338096481,23.1970184948839,23,27.6101741855472,-0.141443201262956,22.1367597064821
-1.0249185642733,14.329854434272,14,16.6631876275645,-0.644818300502666,17.86244090602
-1.10022559316679,13.6510013826804,11,15.7447979756807,-1.197923829575,12.7689711391018
