"Items","Difficulty","Discrimination"
"Item1",-0.659356431449456,1.53163811153234
"Item2",-1.16991260496899,1.94716523332303
"Item3",0.152360651833692,1.06196168609153
"Item4",-1.1519853505405,1.72784267226117
"Item5",-0.685009510090495,2.0222860924441
"Item6",0.547189072956945,0.935138294103291
"Item7",1.34557545060781,0.716694542493895
"Item8",-1.27331627737636,1.86500304912353
"Item9",1.30185598520862,0.958395897651305
"Item10",-0.969252919867179,1.39759989616261
"Item11",-1.24445541761588,2.04253047674855
"Item12",-0.455703557559739,1.5075711233046
"Item13",-1.96334372493753,2.58726271293931
"Item14",-1.3164635736598,1.75180292392406
"Item15",-2.09558998759753,3.2547843962973
"Item16",1.66051562003398,0.638940103509094
"Item17",-1.03397657715563,1.85709930827616
"Item18",-1.55959422155107,2.9724425943824
"Item19",-1.38736348392657,2.65315553950831
"Item20",-1.18598559244311,2.13182509283214
"Item21",0.116449697577205,1.09496497173592
"Item22",-1.57951238870505,2.20321550899679
"Item23",-0.460851385253298,1.35480631880636
"Item24",-0.348141134683114,1.40132963098058
"Item25",1.52851342425311,0.951447947183202
"Item26",2.18340396759795,0.628496251244551
"Item27",1.04902720579591,1.03209728218981
"Item28",-0.246751256862737,1.17929416624023
"Item29",-1.01192158746187,1.75466029886224
"Item30",-1.85409755246247,2.58637979965382
"Item31",-1.2197333907887,2.1205203442298
"Item32",1.59030189440557,0.695651018810875
"Item33",1.34297528059636,0.90298620126676
"Item34",0.601511987859123,0.730739424963334
"Item35",1.0808159355034,0.995569433587909
