"Items","Difficulty","Discrimination"
"Item1",-0.367821696702179,1.32565348096105
"Item2",-1.26994849502234,2.01567382251872
"Item3",-2.03720337590189,2.54333048219544
"Item4",-0.565022146071244,1.73844577485648
"Item5",1.57049214804123,0.605700218863127
"Item6",-1.94259799834615,2.94233528949921
"Item7",1.91428077389309,0.67329873176091
"Item8",0.712829965292919,1.15761267344733
"Item9",-1.73319472386937,2.75170169321048
"Item10",1.41312103657038,0.72150076020387
"Item11",-0.0164967254428917,1.16755518850927
"Item12",0.697793162390751,0.711987273596301
"Item13",-2.55485397930017,3.24322335483528
"Item14",0.495230875115682,1.13335385684517
"Item15",-0.792601008065104,1.52814960174276
"Item16",2.01639873518326,0.739302933480521
"Item17",1.03742089161156,0.305165762519506
"Item18",-1.83600890486276,2.47332407445265
"Item19",-1.82188473966627,2.67439996265438
"Item20",-0.91813308026186,1.77672811975719
"Item21",1.5359095966568,0.616097234840237
"Item22",-0.292780131397884,1.33298464438332
"Item23",-1.58105519412801,2.42439802179539
"Item24",-1.0208478544494,2.14634350332717
"Item25",2.17263035972446,0.440416126701942
"Item26",1.8897981391888,0.789844967618858
"Item27",1.81696139435971,0.304151445869
"Item28",-0.792770702369987,1.39352601044324
"Item29",0.23733963396753,0.979411665696058
"Item30",-1.52660880692736,2.13682855048049
"Item31",-0.143268403478618,1.17647853383267
"Item32",-1.66923326890776,2.92128342649617
"Item33",-1.30936191158763,1.97500838656428
"Item34",-1.61942072752843,1.84907369505595
"Item35",0.816262411819978,1.02653168529063
