"Items","Difficulty","Discrimination"
"Item1",1.88522764486155,0.949007028218236
"Item2",1.32089482824519,1.05801862247669
"Item3",1.45130781464234,1.05463876739679
"Item4",-1.05931173089633,0.836599835030081
"Item5",-1.32711361846548,0.866039840715983
"Item6",-0.306237657213829,1.23210105944385
"Item7",-0.145363102206381,0.864379932596777
"Item8",0.761600232635827,1.07441171134055
"Item9",2.37101035694275,0.876271716969477
"Item10",-1.33323305015379,1.01152493239984
"Item11",-1.03395931648876,1.41731860664479
"Item12",-0.30412615386063,1.28951110495123
"Item13",0.0120394475009401,1.04636450211241
"Item14",-1.04988563328865,1.28534985100722
"Item15",0.479092942858586,0.689978572325111
"Item16",-1.79988801449812,2.68752614401183
"Item17",0.222344247557117,0.737885617911884
"Item18",2.07909810193009,0.876891035911341
"Item19",0.414531195713659,0.861757186374352
"Item20",1.15954851456492,0.991308844042774
"Item21",1.71780616324414,0.915089895449056
"Item22",1.08180813288531,0.888660724634778
"Item23",1.66678869226149,0.991142218197118
"Item24",0.648346356190172,0.837773546036218
"Item25",-1.88683117468683,3.53584881090972
"Item26",0.124482656510261,1.12174455578615
"Item27",-0.0532752387850363,1.16614456922904
"Item28",1.47939506971936,1.17673155978116
"Item29",-0.255885635520716,0.988529695624694
"Item30",1.56748565488682,0.65538460596487
"Item31",2.034706197399,0.959343334258012
"Item32",-1.71243331392348,2.03572379848677
"Item33",-0.993893977252546,0.955158009795227
"Item34",0.760525484174348,1.34382716272978
"Item35",1.49783476013263,1.08800405963608
