"Items","Difficulty","Discrimination"
"Item1",0.17499872247779,1.43573142058238
"Item2",-0.148946214085649,0.742127293130429
"Item3",-1.86400394963447,2.72693175177917
"Item4",1.36914304887114,1.01585631231341
"Item5",-2.12099216448369,2.73151581021009
"Item6",-0.277037730195049,1.73265325243319
"Item7",0.200331762120934,1.35960923557001
"Item8",-2.22673949014244,3.16793786757461
"Item9",0.0889898712875528,1.35925269405109
"Item10",-1.39074889813817,2.11405320561366
"Item11",-0.183967223528969,0.921787416389128
"Item12",1.71888243567084,0.389511145707496
"Item13",0.231425213142159,1.09179920998426
"Item14",-1.06235071170119,1.93185432816889
"Item15",0.702095263560212,0.95808414141038
"Item16",0.988913692368559,0.934558261907238
"Item17",-1.65263760243559,1.75758752873163
"Item18",-1.3761380376624,2.4389004043026
"Item19",1.93936419914386,0.415532486944058
"Item20",-1.41738055472478,1.80771872318271
"Item21",-1.56261195791853,2.45349461686857
"Item22",0.561734537734586,0.924465551301022
"Item23",-2.05777147585174,2.69447723785465
"Item24",1.0399797881836,0.753597638804209
"Item25",-0.212802985626178,1.60048255057195
"Item26",1.02393839597086,0.372397962266494
"Item27",1.17911223273075,0.562015746316268
"Item28",-1.696527752877,2.46819942264386
"Item29",0.716885459477413,0.896878112358439
"Item30",-1.37362360641278,1.96378415701652
"Item31",1.01518225968351,0.679485007254874
"Item32",2.07616785732466,0.762010746792163
"Item33",1.21890790297969,0.874138982833976
"Item34",1.42114685019715,0.698015371548499
"Item35",1.25878580257107,0.501377895318243
