"Items","Difficulty","Discrimination"
"Item1",-2.10737978493046,3.82095236608188
"Item2",-1.4494827679404,2.9335826220432
"Item3",-0.749712338057008,2.29602913026332
"Item4",1.79096054837221,-0.15574991268053
"Item5",-0.0770761301660387,1.88086001958228
"Item6",-1.53609407204256,3.01187639338753
"Item7",0.522867352540485,0.83962643836738
"Item8",-1.52780341769834,3.03737682921329
"Item9",-0.869704527412502,2.45625229270338
"Item10",0.570713285106767,1.12452763581437
"Item11",-1.0156776765302,2.35925449791397
"Item12",-1.86965634490543,3.21174987588218
"Item13",0.422479834390117,0.891695752606914
"Item14",1.30190351714158,0.335743336773325
"Item15",-0.965565352660999,2.56746547958359
"Item16",-1.80602122507939,3.18493363364302
"Item17",-1.39447674103391,2.99431063154618
"Item18",0.62403831519899,0.825602075404563
"Item19",1.12147783895375,0.524018743929768
"Item20",1.43476700061058,0.0635144354224709
"Item21",0.0415819324306872,1.51839369773357
"Item22",0.973649522701603,0.608863576165632
"Item23",-1.08767620173526,2.45367403241765
"Item24",-1.51735241674136,3.11286105442069
"Item25",0.10383345328733,1.42005372782195
"Item26",-0.789257041610549,2.18983014605024
"Item27",0.10099249938914,1.54937871296925
"Item28",-0.0504825064662681,1.49535514515005
"Item29",0.621284640178944,0.710053404411169
"Item30",-2.39831567504393,4.09517566011493
