"Items","Difficulty","Discrimination"
"Item1",-2.07953158314718,3.58612944693306
"Item2",1.14744612719348,0.295216551620371
"Item3",1.22207064715619,-0.0881254942750003
"Item4",-0.279381047162906,1.60540558613989
"Item5",1.19657599241926,0.567881166813686
"Item6",0.17837400349143,1.24624983967873
"Item7",1.35757889718541,0.2423158216873
"Item8",-1.99509860395105,3.45375373309008
"Item9",1.41778108454954,-0.210021928542307
"Item10",1.3318516676446,0.406977640542148
"Item11",-1.69077685045272,3.24011107756628
"Item12",-0.945932555570271,2.22637981613488
"Item13",0.845999719327009,0.722238669496857
"Item14",1.38880379359313,0.28040856622225
"Item15",1.84984037214124,-0.480380306161181
"Item16",1.71774150677812,-0.453671984564938
"Item17",1.05484062264392,0.140950098691616
"Item18",-0.640117801363279,2.34603850745649
"Item19",0.50751815392629,0.965075719976654
"Item20",-0.336642049131392,1.72099611920125
"Item21",1.07067355880403,0.620081425691608
"Item22",0.115178534193124,1.67767649085427
"Item23",-2.8093739924236,4.33160307546505
"Item24",-1.61328172933334,3.04423279674974
"Item25",1.12319499027942,0.336574286395432
"Item26",0.534374627780974,1.04798158130456
"Item27",-2.27722200532367,4.04901342660578
"Item28",-1.41115624385092,2.89973974627377
"Item29",0.0415872332640627,1.46144096459773
"Item30",0.852454237502221,0.432862181831373
