"Items","Difficulty","Discrimination"
"Item1",-0.669138816065093,2.15515271724508
"Item2",1.01854527080131,0.157617346579579
"Item3",-0.822928970935677,2.52094998343645
"Item4",0.468759302561114,1.28882829746672
"Item5",1.20587951691061,0.00269061552727351
"Item6",0.365621716252685,1.31910701007564
"Item7",-0.6362710746508,2.3493287384951
"Item8",0.69197893231224,0.804878179049794
"Item9",1.86017412598273,-0.163728817806263
"Item10",-0.664104670546226,1.92025855009594
"Item11",0.371800381588455,1.01190564906598
"Item12",-0.701892273454722,2.19050113148148
"Item13",1.34292520710881,0.236228472285117
"Item14",-0.582294277509749,1.86643489518846
"Item15",-1.36172915283985,2.81679469811779
"Item16",-0.992171769852501,2.6311162631476
"Item17",-1.4121409135522,2.97160126596558
"Item18",0.583303064415899,0.790519416775376
"Item19",-0.188482756559725,1.78779621954146
"Item20",1.192154729029,0.526081824549986
"Item21",-1.03486305918046,2.3341367359378
"Item22",1.32139280364382,-0.0187842254823111
"Item23",-1.47873030414858,2.96374778767946
"Item24",-0.660940842053878,2.01696202211519
"Item25",-0.848032475760232,2.00566897635949
"Item26",0.877135233005433,0.43600680017908
"Item27",0.868863653750669,0.510231207974434
"Item28",-0.694233881159224,2.24822230961902
"Item29",1.56297441281359,-0.12469373015315
"Item30",0.146802592332222,1.4465984173871
