"Items","Difficulty","Discrimination"
"Item1",1.50057175842702,0.182754730045331
"Item2",-1.66099128817678,3.0182129900089
"Item3",-0.671098373925416,2.09294109934799
"Item4",0.639164467277248,1.01510678685509
"Item5",-2.22376347201378,3.74748464753327
"Item6",-1.39732746522513,2.86093675985447
"Item7",-1.55964064507145,2.95829521625016
"Item8",1.59871579865566,-0.426467598897946
"Item9",1.67691181513181,-0.133672254268302
"Item10",0.871120158445823,0.489712867267572
"Item11",1.0273042506819,0.440483205992296
"Item12",0.236012361586862,1.03256195454426
"Item13",1.13905726428057,0.423829820425269
"Item14",1.44260631634066,-0.0209057601359612
"Item15",0.464805726884907,0.871295385393263
"Item16",-0.723732465819203,2.21983742640781
"Item17",-2.19178406362985,3.81920301443422
"Item18",-2.39048995116521,3.71484582486268
"Item19",1.27560516008175,0.414016980370617
"Item20",1.64661145691846,-0.0657266799371595
"Item21",-1.65152932926058,3.12671825139872
"Item22",0.283650097900565,1.17063855546703
"Item23",-0.382636198560174,2.0426606403608
"Item24",-0.822139743743776,2.33541231268904
"Item25",1.45307145928008,0.0571031312108015
"Item26",1.87956800105858,-0.465908506533924
"Item27",1.78660369208084,-0.233834746132638
"Item28",-1.59989742041478,3.30067417455016
"Item29",0.326520837463117,1.28990970351167
"Item30",-1.68063440247092,2.98486315792075
