"Items","Difficulty","Discrimination"
"Item1",-0.944393705711338,1.10475160577086
"Item2",1.07430885511801,2.69956833071196
"Item3",-1.07962473517757,1.02138496841173
"Item4",0.832419742434337,2.58195671861297
"Item5",-0.869642761353789,1.20223976983654
"Item6",1.03744991366559,2.71324228134067
"Item7",-1.422349404633,0.894611628457715
"Item8",1.7830643649542,3.02240828653867
"Item9",-1.35988637196945,0.876732922273088
"Item10",1.08481466205889,2.79728107827593
