"Items","Difficulty","Discrimination"
"Item1",0.0701531248887349,1.79397466082266
"Item2",0.622024490522051,2.33214829788782
"Item3",2.6277528674024,3.28906143484912
"Item4",1.64382316295658,2.92073525067663
"Item5",-2.3907952947287,0.621329002120733
"Item6",0.719089029039882,2.5148200192034
"Item7",-1.60273893027024,0.668410459632225
"Item8",0.985999434809381,2.81249943901454
"Item9",-1.33509665714597,0.792983040508048
"Item10",0.872014956845349,2.66258452268696
