"Items","Difficulty","Discrimination"
"Item1",-1.08077160020381,1.05432762315232
"Item2",1.49968220980401,2.9787807678192
"Item3",0.651042567825736,2.36408407653617
"Item4",-1.50997746092186,0.663813223135168
"Item5",-0.169863724852591,1.69863761914771
"Item6",1.17660411756028,2.89284559663527
"Item7",-1.94309735593693,0.631013651790545
"Item8",2.11160401380011,3.05019316634052
"Item9",1.86034108500399,3.20198002344567
"Item10",-1.16489637892804,0.838686568778217
