"Items","Difficulty","Discrimination"
"Item1",2.22622790027666,3.2104772971069
"Item2",-1.11009010410314,1.48434828433017
"Item3",1.84210666078835,3.16915220190989
"Item4",-0.313016866158253,1.43953919210092
"Item5",-1.74244409883281,1.13651923593537
"Item6",0.147223062152563,1.77329414637354
"Item7",-1.36299182350052,0.648091215424978
"Item8",-0.784228290562063,0.87740526521799
"Item9",-1.14435793573096,0.979114979715594
"Item10",1.25702579382075,3.14465422480053
