"Items","Difficulty","Discrimination"
"Item1",-1.74838300112766,0.832774756606123
"Item2",0.501417482152652,2.30036195596946
"Item3",2.08475552500754,3.07605165955605
"Item4",-2.17267228432098,0.564741581846216
"Item5",0.353297138948316,2.22697638759957
"Item6",-0.540692082262979,1.55315116835771
"Item7",1.17121837186128,2.98461665926166
"Item8",-1.61005948426473,0.749168063691203
"Item9",0.325924471503596,2.33196591537815
"Item10",1.41531302146536,2.83641787272386
