"Items","Difficulty","Discrimination"
"Item1",0.706282067993081,2.4809216801125
"Item2",0.303326805314796,2.12281867977439
"Item3",0.63422236275334,2.49856035845783
"Item4",1.22252236048081,2.70945460495793
"Item5",1.63969439006693,3.23706294166744
"Item6",-1.12393726172561,0.815280166889623
"Item7",-1.15560833560919,1.00191236235224
"Item8",-2.14763801407671,0.322177393584442
"Item9",0.00921076011512714,1.92151432146119
"Item10",-0.452506807904178,1.57624935946105
