"Items","Difficulty","Discrimination"
"Item1",1.14510106367794,2.91457715628959
"Item2",1.00942382933144,2.72636012169072
"Item3",0.720428316998741,2.69399891989013
"Item4",0.746338593345654,2.53100627961784
"Item5",-1.55124960448219,0.842661202353345
"Item6",1.83211627472524,3.11629742961949
"Item7",-1.12763682936076,0.793680577847217
"Item8",-1.31297598210308,0.886781237584438
"Item9",1.75777156418837,2.98355698734016
"Item10",-1.77295651600233,0.739543829876602
