"Items","Difficulty","Discrimination"
"Item1",-2.48086501843613,0.0481836362639746
"Item2",-0.93965470081263,0.745236894448589
"Item3",-2.77491635011363,0.313440129097648
"Item4",-1.22251918354884,0.801013920233909
"Item5",0.316628266436584,2.42592242635638
"Item6",-0.912775661451675,0.780448417255007
"Item7",1.67497582257217,3.41832974916041
"Item8",1.371340014365,2.75320183649422
"Item9",1.22621490037124,2.60020744919443
"Item10",1.45716965318547,3.2679604229345
