"Items","Difficulty","Discrimination"
"Item1",1.51161677253366,3.07850949027765
"Item2",1.42015926096361,2.89332324602563
"Item3",1.51213378649663,3.01560572721675
"Item4",0.133938341375348,2.10309354934778
"Item5",1.28106665220964,3.00580408860458
"Item6",1.83336923088575,3.08019432824249
"Item7",0.230681672976294,2.03101978978619
"Item8",0.0529586246879646,1.88862040485869
"Item9",2.01634226995268,3.13919411111168
"Item10",0.903613811917785,2.78609328634709
