"Items","Difficulty","Discrimination"
"Item1",1.74243642702766,2.98400004864272
"Item2",-0.444684437808052,1.68404485253355
"Item3",-0.398807162047118,1.56352145268277
"Item4",1.20287645528352,3.06518250674128
"Item5",0.359277382454365,1.90784536154288
"Item6",1.36055560295001,2.89070954824677
"Item7",-0.163376512799041,1.78795261701254
"Item8",1.56228546527346,2.79025424296115
"Item9",0.0234474775956797,1.93538764057441
"Item10",0.368116339696095,2.43150463629332
