"Items","Difficulty","Discrimination"
"Item1",0.282285079190407,3
"Item2",-0.580789028310148,0.25
"Item3",0.268715425927641,0.25
"Item4",0.421106594735143,0.25
"Item5",-0.0053577106871247,3
"Item6",0.0248439292675232,0.25
"Item7",-0.100367920425076,0.25
"Item8",0.15108598762971,3
"Item9",0.116030093194263,0.25
"Item10",-0.722670363943547,0.25
"Item11",0.243973623065942,3
"Item12",-1.22503155011982,3
"Item13",0.00880994514090591,0.25
"Item14",0.126339071112678,3
"Item15",0.241577116163952,3
