"Items","Difficulty","Discrimination"
"Item1",0.227472771843432,3
"Item2",-0.112583982621134,0.25
"Item3",0.605208599898261,0.25
"Item4",0.833723232070123,0.25
"Item5",-0.219854458731976,3
"Item6",1.5834032427549,0.25
"Item7",0.0369552727414353,3
"Item8",-1.08597601017102,3
"Item9",0.0830029582340356,0.25
"Item10",0.347549696509549,0.25
"Item11",0.298012112205729,0.25
"Item12",0.247912738429291,3
"Item13",-0.101876926723305,3
"Item14",-0.377535005191913,0.25
"Item15",-0.604763495530848,0.25
