"Items","Difficulty","Discrimination"
"Item1",0.133008872397957,0.25
"Item2",-0.442404776019404,3
"Item3",0.899487458037241,3
"Item4",0.252620469296448,3
"Item5",-0.703388037120952,0.25
"Item6",0.288146584007923,0.25
"Item7",0.965915147555662,3
"Item8",0.34992491610937,3
"Item9",-0.16430503906091,3
"Item10",0.426875049677957,3
"Item11",0.0658486197934997,0.25
"Item12",-0.00121314970583282,0.25
"Item13",-0.131773751120123,0.25
"Item14",-0.048828453721285,0.25
"Item15",-0.798547870028608,3
