"Items","Est.Discrimination.2PL","Est.Difficulty.2PL"
"Item1",1.40890016059482,1.74817818011887
"Item2",2.03654469791575,1.09462156428992
"Item3",3.00483501925998,0.205182756525206
"Item4",1.48044574807983,-1.50077340563126
"Item5",1.90392462079717,-1.21370602070423
"Item6",2.27238941759536,-0.791883577255898
"Item7",2.51908462484587,-0.718107702711992
"Item8",1.98840788170392,1.20527221400949
"Item9",1.75879719628293,1.25144979947153
"Item10",1.60411422671904,-1.52517162860161
"Item11",2.77409677844951,-0.558179051701775
"Item12",2.77779928000023,0.490585592603875
"Item13",2.47866762539717,-0.700109151732886
"Item14",3.03759820665182,-0.269613603337249
"Item15",1.37648099661367,-1.67652523055954
"Item16",1.70515560232851,1.43287260055811
"Item17",2.08929220043823,-0.96335433315488
"Item18",3.05149127922364,-0.247025411458063
"Item19",1.90411318060838,1.12020119785593
"Item20",1.75540296649195,-1.15038201175124
"Item21",1.00292116837028,-1.92634631339032
"Item22",2.54222229903217,0.591542097029863
"Item23",1.82394995137226,-1.02413416014343
"Item24",2.65378109682075,-0.69900715990396
"Item25",1.3206056013391,-1.83538938435928
"Item26",1.36439812209937,1.61941917743015
"Item27",0.98336166542975,-2.27631341624135
"Item28",1.91144778363909,1.17659259198993
"Item29",0.875948988855729,-2.43188569742836
"Item30",2.81772451143393,0.393518044675618
