"Items","Est.Discrimination.2PL","Est.Difficulty.2PL"
"Item1",2.35540306092208,-0.890974867057039
"Item2",2.00170591784508,1.09679555732256
"Item3",1.34192950130539,1.58287724038502
"Item4",2.60949918262112,-0.647285259086515
"Item5",2.33702673974901,0.792857794708153
"Item6",1.30198716271805,-1.69017546955885
"Item7",0.922035143748383,2.20678893568325
"Item8",1.25114089796617,-1.78547623097037
"Item9",2.59433955825691,-0.596627009038174
"Item10",1.05974159402344,1.86420238276786
"Item11",0.853755684390529,-2.29375895225604
"Item12",2.61966115876448,-0.818057526234384
"Item13",2.14283213329257,-0.929401937634998
"Item14",1.70833789864558,-1.26302874934755
"Item15",1.54391016512346,1.28144369572878
"Item16",1.85660572208631,1.15331954429747
"Item17",2.25782857397958,0.844838676453479
"Item18",2.17671836767958,1.07689392116269
"Item19",2.12475726776706,0.994710794350641
"Item20",2.33222814392122,-0.878628478604628
"Item21",0.818915706996545,-2.1820864951856
"Item22",1.20769923064703,1.54871877521663
"Item23",3.15528980622254,0.0757357635162301
"Item24",0.841702777190876,2.41556382504127
"Item25",1.93844399012875,1.01228010788971
"Item26",2.27678776898991,0.900324086860101
"Item27",1.06127493512699,1.70300859179493
"Item28",1.7991247488867,1.29328751055949
"Item29",2.03626852854282,0.865208796535308
"Item30",1.46865378990567,-1.75480546930009
