"Items","Est.Discrimination.2PL","Est.Difficulty.2PL"
"Item1",0.866136866141674,-2.28546252282657
"Item2",2.15512956195177,-0.110909559114227
"Item3",1.37171889470829,2.04327861133275
"Item4",2.27796514163925,1.28747139906555
"Item5",0.946460013704229,1.72690197594923
"Item6",1.93787556490925,0.662709124858355
"Item7",2.16276842323355,1.32968064873484
"Item8",2.6437231930077,-0.283654844630615
"Item9",2.21881341826937,1.21652273591422
"Item10",1.90511396874077,-0.989693424460669
"Item11",1.7198344902919,0.868128292586098
"Item12",2.05865439788853,1.09547194605639
"Item13",2.73375224776708,-0.888422451256431
"Item14",1.04166800435477,-1.76195383932841
"Item15",2.19735561008126,1.53403794632147
"Item16",1.1256633380654,2.04140223345634
"Item17",3.02375758619951,-1.27954012373779
"Item18",0.705767409781323,-1.54529889122125
"Item19",2.32021040142705,-1.08914296212285
"Item20",1.17164279638809,2.50909410709719
"Item21",2.75986036688447,0.491941070097487
"Item22",1.08166542185483,-1.76290946492958
"Item23",2.50181167755691,1.00168880358882
"Item24",2.73407856075418,1.40404129418072
"Item25",2.27413840949402,-0.65319564908486
"Item26",1.16978100975093,-1.60230293138142
"Item27",1.11189320481891,1.77663613869386
"Item28",1.08158702844255,1.93399125502065
"Item29",3.00458798924464,1.34953531837564
"Item30",2.31307095955574,-0.285197242129367
