"Items","Est.Discrimination.2PL","Est.Difficulty.2PL"
"Item1",2.69797477234751,0.995839790309187
"Item2",1.12115528983634,-1.96365714671399
"Item3",3.761720639714,0.191177884709834
"Item4",3.363306615601,1.11318698681695
"Item5",2.33458492334478,0.0600122843004644
"Item6",2.74028469745712,-0.400166927108698
"Item7",1.72027150227876,1.59412870695519
"Item8",0.724858022781622,1.90638055533977
"Item9",1.45400784371462,-0.687833571681192
"Item10",1.16575651619239,-1.77938504610629
"Item11",0.845631063763779,-1.64451286783276
"Item12",2.72803685516907,-0.918753642430213
"Item13",2.8500846141134,-1.27380245194975
"Item14",0.763994024756356,-1.9358423518134
"Item15",0.826108473419914,-1.80007065366304
"Item16",2.82341363610649,0.195523937423741
"Item17",0.644360542826814,-1.58536262923486
"Item18",2.47002643967814,-0.206036045950651
"Item19",2.28353473565547,-1.15570091880739
"Item20",2.70004642575073,0.907033940997715
"Item21",2.29256458653156,1.41822370885205
"Item22",2.16095750363461,1.2121157984395
"Item23",1.00482069466666,-1.59978147643109
"Item24",2.17579342501163,0.29272274761831
"Item25",0.882815039468358,1.83321857937921
"Item26",2.96548733975531,-0.359400234302191
"Item27",2.25920971510514,-1.02906182441174
"Item28",3.06559895636782,-0.203614109793446
"Item29",2.15458494748556,0.29505621294259
"Item30",0.804238121521107,-1.65585298900797
