"Items","Est.Discrimination.2PL","Est.Difficulty.2PL"
"Item1",2.66649860055221,0.601046600662197
"Item2",0.816184657933822,-2.18068904290105
"Item3",1.97156925419111,1.13907293711224
"Item4",1.21377590233742,1.74600588464818
"Item5",2.06026935919433,1.20760372644593
"Item6",2.7759908233209,0.373348394415203
"Item7",2.80759646049531,0.377862623594206
"Item8",1.35173870504616,-1.5263901042051
"Item9",2.74156288889657,-0.316247960781265
"Item10",1.40938731510424,1.56150296241717
"Item11",1.88686612253583,1.29149169634552
"Item12",0.991154816470968,-2.10100406841495
"Item13",2.00755508036744,1.18518980426903
"Item14",1.70877466560719,-1.16028492778684
"Item15",2.94489023969225,0.170437069957187
"Item16",2.46823138005307,0.813653155630499
"Item17",1.95043820079288,-1.2836583673971
"Item18",0.965664102740856,2.42605576747291
"Item19",2.88432746382287,-0.0852772331100984
"Item20",2.01079184756695,-0.946412406157643
"Item21",2.97852633838799,-0.0913457560669149
"Item22",2.84959797696185,0.572204637357724
"Item23",2.95023668361256,-0.0910614906300298
"Item24",2.22076880172287,-0.708923007589573
"Item25",2.54130028451991,-0.757280677867752
"Item26",1.88390940475568,1.3463714865778
"Item27",2.23123811263652,-0.903085685031289
"Item28",1.75169275160275,-1.13280236103564
"Item29",2.62858143393348,-0.620450879217845
"Item30",2.7135990612835,-0.384694233909395
