"Items","Est.Discrimination.2PL","Est.Difficulty.2PL"
"Item1",2.6490723724286,0.96737872548715
"Item2",1.11517025439553,1.85559004399181
"Item3",1.02320558581851,1.61279131009264
"Item4",3.41862915060305,-0.397908509060018
"Item5",0.956820912458877,1.98103805859686
"Item6",2.9646355937108,-0.343766010598234
"Item7",3.2277361843142,-0.0556121147815023
"Item8",1.17910391878088,-2.48223255738057
"Item9",2.25298610296332,-1.45390127298891
"Item10",2.41036133549902,1.38152213086754
"Item11",2.0439294411773,-0.62525561142357
"Item12",2.05558102074882,-1.37887914395184
"Item13",1.15139586475523,1.48316524062915
"Item14",2.31395277672745,-0.0318126007385992
"Item15",2.26026688376589,0.675429692798833
"Item16",3.12589474507127,0.778453963911915
"Item17",0.928227114571681,1.45167310343479
"Item18",2.21324363711208,-1.35247368737128
"Item19",2.61226615560799,0.71259057686968
"Item20",2.32928963693727,-0.75963249845756
"Item21",1.01832105273098,2.3919837705912
"Item22",2.37686692275811,0.125740436953091
"Item23",2.21896896967328,-0.963840158581504
"Item24",2.92944659371311,-0.66980100910993
"Item25",2.62500894452289,0.94926189283121
"Item26",1.99581840227746,1.35575458645984
"Item27",0.96153651231585,-1.66022047713454
"Item28",1.73029461220678,-0.658070460754435
"Item29",1.82642977006958,0.711668560140123
"Item30",2.96116000159847,0.623229622459692
