"Items","Est.Discrimination.2PL","Est.Difficulty.2PL"
"Item1",1.45334486315648,1.66568733559765
"Item2",1.24840806984801,-1.75204219560803
"Item3",1.3147394303059,1.50232074373349
"Item4",1.22372980595446,1.80053401555234
"Item5",2.82035013743592,-0.310300850354856
"Item6",1.57546579472332,-1.40912180928761
"Item7",2.05845627571156,0.932431133067396
"Item8",2.50304499427043,-0.308070247308197
"Item9",3.07849737884155,-0.100255237462608
"Item10",2.89079610031259,0.0807670433307489
"Item11",2.09521081161097,0.921833867094621
"Item12",2.31398666219696,-0.71768816636295
"Item13",2.49427745970187,0.723937054673627
"Item14",2.51642085678046,0.784355375301163
"Item15",2.80240405230221,0.44503380187003
"Item16",1.35312198958697,1.56870080401287
"Item17",1.97240498078149,1.0977655127501
"Item18",1.57568261979202,-1.55702406316497
"Item19",2.11594224047187,0.965189784548294
"Item20",1.95718464912646,1.00361012517896
"Item21",1.50065743240675,1.45925485030283
"Item22",2.11562375014554,0.86953617290026
"Item23",1.37031912461844,1.64132027232973
"Item24",0.77570158572625,2.52947485928667
"Item25",2.45698551235117,-0.652108834847415
"Item26",1.8862028171055,-1.1524323837558
"Item27",1.54503274192097,1.52030306474313
"Item28",2.78165177186654,-0.22455374162401
"Item29",1.40377485850224,-1.59610884963176
"Item30",2.51195442477049,0.601454388097121
