"Items","Est.Discrimination.2PL","Est.Difficulty.2PL"
"Item1",2.99778581743453,1.10284597907925
"Item2",1.1319783676352,-2.22296195356424
"Item3",2.08490813233272,-1.05356602596799
"Item4",2.22017577051219,-0.704455457385946
"Item5",2.91564211842889,-0.817883821169376
"Item6",0.944641632511281,2.07291901079271
"Item7",0.953169101706506,2.03078307290068
"Item8",3.21348185354055,1.39371640660247
"Item9",1.20639597916353,1.49863410888614
"Item10",3.09500432483085,0.793732838802443
"Item11",2.3420488765768,0.295869165597349
"Item12",1.93652295795105,-0.629987733221452
"Item13",0.962127254635538,-1.97512701544033
"Item14",2.27532215255726,-1.12108459116801
"Item15",2.90459273598171,-0.0653497470490371
"Item16",0.998126191982826,-2.34573860921059
"Item17",3.53549160719315,-1.24654590573183
"Item18",2.29030122166106,0.574579388335872
"Item19",1.0410741405719,2.6257022528321
"Item20",0.98596059211736,1.41292770853049
"Item21",2.32491368129086,1.29984682228711
"Item22",1.95445661361902,-0.87188199140164
"Item23",1.7558172989739,0.495928969090653
"Item24",1.58807582879306,0.82940128548344
"Item25",0.938920519470621,1.69898492503423
"Item26",0.816714542663279,-1.53800973025003
"Item27",3.16782079090668,-1.22976875791577
"Item28",1.07950194488666,-1.72506757134627
"Item29",2.18822625869115,1.32463690160797
"Item30",1.13407175121086,-1.83153755777274
