"Items","Est.Discrimination.2PL","Est.Difficulty.2PL"
"Item1",0.94658500146117,-1.75734526988261
"Item2",0.924433643994059,0.599052330840413
"Item3",1.14725697305876,0.18482698891026
"Item4",1.10449977467774,0.921494773731567
"Item5",2.32042558994435,1.92840110848679
"Item6",1.09475283454896,-1.47928109145922
"Item7",0.986571712059136,0.371738446827756
"Item8",0.66745150254161,-2.21485004406019
"Item9",1.28215674468345,0.926858835347002
"Item10",0.836039976882122,1.56945540744568
"Item11",0.948847906957195,-1.65405314490565
"Item12",2.12634656044383,1.66698136164849
"Item13",2.68234648211127,2.11434084922993
"Item14",1.88777799530593,1.67180150962499
"Item15",1.10854510197738,-0.292766656257137
"Item16",1.17990985756615,-1.21347045423568
"Item17",1.00348825036864,-1.05866986656989
"Item18",1.15337852012391,-1.31944745971449
"Item19",1.28484928088413,-0.533852143969519
"Item20",0.890869453128383,1.38023105652523
