"Items","Est.Discrimination.2PL","Est.Difficulty.2PL"
"Item1",0.301251213322412,-2.28541657676243
"Item2",2.59664711238712,2.2932201624232
"Item3",0.976239108218088,0.139518607091272
"Item4",1.21828873657654,0.136496380437315
"Item5",1.88701136325478,1.13421865468149
"Item6",2.40708750478416,1.47800960034264
"Item7",0.894833546780484,-0.494936134854352
"Item8",0.907417226644935,-0.713052353802185
"Item9",1.8652606195156,1.24893458778594
"Item10",0.352871018270238,-2.39295131983463
"Item11",2.4400550873995,1.80938226538183
"Item12",0.752387201812111,-1.07284711653815
"Item13",0.551445767615235,-2.14561856648533
"Item14",2.94241218755131,1.94078281892796
"Item15",1.18831312558811,-0.359431669033435
"Item16",1.04462350941606,-0.566467568453685
"Item17",0.752843125234497,-1.11419315194187
"Item18",1.75477649797241,1.18249351469479
"Item19",1.26327862837053,0.234680507154056
"Item20",1.27333400628496,-0.31574322631633
