"Items","Est.Discrimination.2PL","Est.Difficulty.2PL"
"Item1",1.07563893885912,0.410971112597486
"Item2",1.08606587707416,-0.635910056107961
"Item3",1.02526878392899,-1.73812038543795
"Item4",0.841169301941897,-1.22566123409255
"Item5",1.21030046266521,-1.65205805308698
"Item6",1.08156279878809,1.10240822897044
"Item7",1.12843862040459,-0.514146295851866
"Item8",2.95206620248997,1.55423840882425
"Item9",0.959851519544563,-1.71633815317678
"Item10",0.941716547327734,1.11979388017639
"Item11",0.8444683870383,1.15129086674484
"Item12",0.995084831243157,1.24345987324773
"Item13",2.79474782081408,2.1344680109463
"Item14",1.12084762845084,-0.359598536310557
"Item15",0.890898202212544,0.883604931760363
"Item16",1.09002174377874,-1.43300388487695
"Item17",0.751453455804783,1.53094401079851
"Item18",1.11097113942277,-0.0693920024125275
"Item19",0.657572710736551,-1.31678955786212
"Item20",1.18536038956327,0.581129004008292
