"Items","Est.Discrimination.2PL","Est.Difficulty.2PL"
"Item1",1.44728903116709,0.256760052315752
"Item2",0.737944975243084,-1.64984270417154
"Item3",0.419923197832874,-2.17689738647406
"Item4",1.95766023361672,1.13373194918316
"Item5",2.41796486381772,1.91792827672128
"Item6",1.41024451183547,0.719393596837816
"Item7",2.07771491603526,1.55885680296599
"Item8",0.678809134006914,-1.39618364474936
"Item9",1.11455499082532,0.113541823337917
"Item10",1.7277151697889,0.973859448364388
"Item11",0.636105311049315,-1.75534865731718
"Item12",0.365764094308974,-2.98629190097763
"Item13",0.913817768468824,-0.762544536758029
"Item14",0.490169354554,-2.20248672744455
"Item15",1.2756761843418,-0.281485258295954
"Item16",0.842587301664576,-1.20562317583237
"Item17",1.08570811068333,-0.668638432686892
"Item18",0.569137684668209,-1.77382404358721
"Item19",0.738663636124184,-0.818694521447478
"Item20",1.43687048712693,0.359542947747496
