"Items","Est.Discrimination.2PL","Est.Difficulty.2PL"
"Item1",0.881982666632746,-1.93245488731952
"Item2",1.07725777866871,-1.66698234086299
"Item3",0.907685978761473,0.071880706431207
"Item4",0.709045316263571,-1.58276510088249
"Item5",0.655109958694758,0.96374586005883
"Item6",2.82820239004551,1.70686613864936
"Item7",0.929731633604614,0.54499435640477
"Item8",0.926667988228472,-2.58694067162856
"Item9",1.0700440280403,-0.360228500730843
"Item10",3.03994292177604,1.681224534675
"Item11",1.31152262386595,-1.45549779289306
"Item12",0.922657676503665,0.737954012248176
"Item13",1.26615420814837,-0.565821841816965
"Item14",0.862491723770572,-0.219928181020179
"Item15",0.74791358488527,-1.09063454898095
"Item16",2.1391894237913,1.73653357610161
"Item17",1.98918576027819,1.69127255624266
"Item18",1.11361886243725,0.330582203457224
"Item19",1.15531755092614,0.125639803925182
"Item20",1.08916735523802,1.04634394755076
