"Items","Est.Discrimination.2PL","Est.Difficulty.2PL"
"Item1",1.12816375572565,1.26513921126901
"Item2",1.18275500646914,-1.07302039248878
"Item3",0.741838882085823,0.426107188334581
"Item4",2.2590073591756,1.73044713178306
"Item5",1.03365584312774,0.998050467962637
"Item6",1.16268696846107,0.895038546276015
"Item7",0.700424390402038,0.986202202155885
"Item8",1.14739150115921,0.300800924419605
"Item9",0.983252174151421,1.40135806068697
"Item10",0.947528353540034,0.30026601167643
"Item11",1.14207779094325,0.0548104592459584
"Item12",1.10402822268617,0.491941431446121
"Item13",0.78757302982827,1.09178186127014
"Item14",2.22147580407063,1.49636561461416
"Item15",0.844321151698392,0.181446448105811
"Item16",0.939563037363048,1.32069395773996
"Item17",1.02160553346611,-1.6204983282589
"Item18",1.10002532084134,-1.22443617123024
"Item19",0.850966292857705,-0.231862777206636
"Item20",0.98019178123069,-0.620719390877631
