"Items","Est.Discrimination.2PL","Est.Difficulty.2PL"
"Item1",0.832545821130755,-0.858451625594718
"Item2",2.34720046026915,1.92601643973906
"Item3",0.618369915620483,-1.40643426153272
"Item4",1.69724182833621,0.777745550229411
"Item5",1.05276910974146,-0.195114570300867
"Item6",3.27713811995727,2.66226239044048
"Item7",2.47086340101633,1.73337370302272
"Item8",1.08263131659282,0.0454739158639009
"Item9",1.08651379445957,-0.223222221524717
"Item10",0.79469295134269,-1.05161100154804
"Item11",1.08675302977214,-0.0945888047895107
"Item12",0.434219079740592,-2.54439909776847
"Item13",2.67999964986187,2.22242609127981
"Item14",2.22562699481537,1.23160173782389
"Item15",2.07125674220933,1.16795373462046
"Item16",0.80958966795662,-1.39723093242215
"Item17",2.04300510443547,1.42747529399465
"Item18",1.70511916795508,0.854346938181576
"Item19",2.63559299590564,1.95758678179243
"Item20",2.59013186706121,1.65826421090814
