"Items","Est.Discrimination.2PL","Est.Difficulty.2PL"
"Item1",1.06651395856029,-0.324800923146299
"Item2",0.877222063161217,-0.810735516688195
"Item3",0.458254153038654,-1.31474289179548
"Item4",0.489364801267052,-1.94862069021651
"Item5",2.31733735506974,1.80741749601233
"Item6",1.09737919799431,-0.883373169150696
"Item7",0.929411278849695,-0.717255564109788
"Item8",2.10620151591045,1.93989841290719
"Item9",1.38665245879744,0.573065550999422
"Item10",1.67540027074857,1.17016868927072
"Item11",0.56352756224924,-1.23108956090091
"Item12",1.63570844619801,0.520974809853955
"Item13",1.07279605470151,-0.0014653186947695
"Item14",0.479365183477987,-2.00454090861707
"Item15",0.791466095333492,-1.28455010506058
"Item16",2.39275179945846,1.51560018320779
"Item17",0.777674495010234,-1.43624712490577
"Item18",0.764204904574184,-1.01276053061877
"Item19",0.894854426780975,-0.0220310278788423
"Item20",1.19365334983688,-0.0786070879475925
