"Items","Est.Discrimination.2PL","Est.Difficulty.2PL"
"Item1",0.229308523749022,-2.14321167110551
"Item2",0.557064546172295,-1.57184704696749
"Item3",0.611876646585312,-1.41599789524042
"Item4",1.12052000133344,-0.354858233203278
"Item5",1.40768918219777,0.487138125891455
"Item6",1.69018240162073,0.840078585282873
"Item7",2.41223233862949,1.65871532080348
"Item8",2.03343087515497,1.73974585607044
"Item9",2.01474492839806,1.3743920280187
"Item10",1.95771683025849,0.775014151168772
"Item11",0.813499982087863,-1.48040188142669
"Item12",0.741183522879014,-1.32805352736057
"Item13",2.3974553388243,1.84786190780891
"Item14",2.56544455232839,2.01972707259092
"Item15",1.24580399502276,0.0766531628280386
"Item16",2.35448596871452,1.64060564786529
"Item17",2.32314968916874,1.61286094736761
"Item18",0.893975024032526,-0.726639534572686
"Item19",0.839354463761535,-0.902915616461416
"Item20",1.39163748970216,0.532754636435637
