"Items","Est.Discrimination.2PL","Est.Difficulty.2PL"
"Item1",1.05945245474322,-2.29504153362159
"Item2",2.49765127849508,2.95269989599678
"Item3",1.23612831429654,-1.35138806258599
"Item4",1.19704140834066,-1.53418919643611
"Item5",0.964681925800175,-0.0878504676649118
"Item6",0.85012916207256,1.40086402601718
"Item7",0.953937169734009,0.897791662638641
"Item8",1.11063653819111,0.0866660328627681
"Item9",0.767889519546285,-1.94377200426677
"Item10",2.47943051278195,2.03093040883701
"Item11",3.19323709971764,1.73897504372456
"Item12",1.46507811741422,-1.02518048340553
"Item13",1.04977696566081,-0.0610128369643206
"Item14",3.67914259815833,2.03546679459215
"Item15",0.868582408063206,0.621003875353716
"Item16",0.790936248084017,0.657316570016257
"Item17",1.09776504654593,-0.140100216519797
"Item18",0.934634164342819,-1.14156591995235
"Item19",1.71030571845331,2.23687067249531
"Item20",0.957321572566832,1.1619095633749
