"Items","Est.Discrimination.2PL","Est.Difficulty.2PL"
"Item1",0.861124187359652,-0.961377348999537
"Item2",0.84484053987781,-1.44130388444341
"Item3",0.734980737322611,-1.60452403900078
"Item4",0.623997249593075,-1.49506342139233
"Item5",2.04377775653295,1.37380541576346
"Item6",1.79381463777314,0.960149836137037
"Item7",0.954422112834908,-0.666030338020636
"Item8",2.04476658060964,0.935581150932428
"Item9",1.74139681616716,0.733725680517825
"Item10",1.66783279731687,0.904411536707981
"Item11",2.24387005340725,1.68168651591442
"Item12",1.94557864385515,1.10001817281801
"Item13",1.97895976472105,1.41453157245836
"Item14",1.60215327476359,0.753426029846983
"Item15",2.41822582729924,1.46454033494471
"Item16",1.29022178342371,-0.161800164896157
"Item17",1.55832511399239,0.514968968172136
"Item18",1.10511665596003,-0.306846342844594
"Item19",1.84751355507805,1.27074446257228
"Item20",0.850158478700164,-1.1162548839772
