"Items","Difficulty","Discrimination"
"Item1",-0.013650297481103,1.79393916502488
"Item2",-1.51606511957685,2.88464243993231
"Item3",-0.24192473911721,2.03909564635095
"Item4",2.09399742060559,0.534846594830291
"Item5",-0.374873350882419,2.04574837123263
"Item6",-1.02988721526338,2.86886749440548
"Item7",-1.00324050717971,2.96618162468163
"Item8",0.730881698320236,1.23852513377129
"Item9",0.688496363373834,1.04528799628473
"Item10",1.01322334586828,1.09581090009693
"Item11",-1.80345137639541,2.97588811306778
"Item12",1.46585616023525,0.889836751737873
"Item13",-1.84582150135103,3.06441528854106
"Item14",0.529042797183502,1.46949425296463
"Item15",-0.722263389195026,2.7694984612336
"Item16",-1.19827539080264,2.59865169641065
"Item17",-2.02672288537742,3.47400464128544
"Item18",-1.83813652250647,2.81214548958835
"Item19",2.23722441917351,0.316761878328835
"Item20",1.14207723984604,0.909829148967211
"Item21",-0.807113109425796,2.62018131315817
"Item22",0.171762542174852,2.30534198526582
"Item23",1.1599851697831,0.865636190572339
"Item24",-0.336114456061458,2.10425343774494
"Item25",-0.86296492680269,2.79463960174927
