"Items","Difficulty","Discrimination"
"Item1",0.612351537522191,1.32948459594112
"Item2",1.45770384282366,0.463792343651386
"Item3",-2.04226215248671,2.81485297494163
"Item4",0.689930942485062,0.962652264369987
"Item5",1.8563196560389,0.385235682677619
"Item6",-0.617557862866453,2.5483493555741
"Item7",1.20624998695154,0.768056928694148
"Item8",-0.235176691128204,2.45494794127141
"Item9",2.32076925779291,1.04189012189865
"Item10",1.00272664502203,0.678369536736519
"Item11",0.248821599802351,1.9979656766502
"Item12",-0.454498983065343,2.29123213945239
"Item13",-1.29055383382892,2.95367568151494
"Item14",-1.85451156927552,3.17441074088336
"Item15",1.36813802709266,0.477890838684424
"Item16",1.33612488434451,1.14640957407772
"Item17",0.415395865184052,1.40699559070737
"Item18",-1.55576826571905,3.23036912759515
"Item19",0.553256118195933,1.88603023056384
"Item20",1.56320665453869,0.767707367303537
"Item21",1.08644349917831,0.867369509093848
"Item22",1.11993617682879,0.718580782974718
"Item23",0.517670840516873,1.21963611495642
"Item24",-1.12308957577784,2.74537836594732
"Item25",-0.965255683293424,3.04024833061601
