"Items","Difficulty","Discrimination"
"Item1",-1.46758597589904,3.09592638940842
"Item2",-0.0658481556154936,1.9882936567837
"Item3",1.19142937955021,0.701385343712108
"Item4",0.388908433036774,1.203262326312
"Item5",0.842611848590336,1.45841923238026
"Item6",0.91913038433067,1.32298978190386
"Item7",-2.15872346791759,2.69460101603489
"Item8",-0.729058037189823,2.41484396580808
"Item9",-0.616243101873911,2.97412156588137
"Item10",-1.11258472848507,2.89559861912206
"Item11",-1.92279826120362,3.04417121950073
"Item12",0.893780498503625,0.974060761473252
"Item13",-1.99252552129329,2.94481071436704
"Item14",-2.07012433111822,3.25654395882151
"Item15",-0.553943600315926,2.560580732874
"Item16",-0.0700927926851193,1.8300114302821
"Item17",-0.45184233835213,2.30156489856242
"Item18",-1.66080585276802,3.24386679815716
"Item19",-0.0549994222011226,2.52794467082106
"Item20",0.841630515686922,0.92265105861195
"Item21",-0.0267508721735571,1.83101004648821
"Item22",0.935290150557415,0.811930038729291
"Item23",-1.78032170242732,3.4015583169108
"Item24",1.90054900296367,0.881739006960115
"Item25",-1.89711234796612,3.06413521512225
