"Items","Est.Discrimination.2PL","Est.Difficulty.2PL"
"Item1",0.0822793938499185,2.49218393984364
"Item2",0.201932197439679,-0.480277987710846
"Item3",0.142828316295624,2.24249363687128
"Item4",1.87611597092246,0.470202219309873
"Item5",0.213586621252328,-0.302864021487368
"Item6",0.130404911489647,-1.91938185558024
"Item7",0.324667011432362,-0.328437090140268
"Item8",0.205570486797093,-0.235751722838656
"Item9",2.39526480195106,0.901674426451669
"Item10",2.13099704167158,0.0458575168522366
"Item11",0.232371991407587,-1.33555551990329
"Item12",0.129104230837795,0.155575580354627
"Item13",2.22434663770987,-0.692981679951544
"Item14",2.49424352546334,-1.06372183396385
"Item15",0.223008630116584,-0.145023841028088
"Item16",0.247250448768419,-0.806847751635893
"Item17",0.18482368760733,-0.152612221872082
"Item18",0.179950365546428,0.0225363325335831
"Item19",0.164553079871046,0.244787846044338
"Item20",2.30388001917195,-0.780646098670828
"Item21",2.07423155236764,-0.00672830670021094
"Item22",2.09726068785413,0.0586242422827294
"Item23",0.277685220287263,-0.381590218390903
"Item24",0.219089899587088,0.777834469513782
"Item25",2.38813947226687,-1.26822176816597
"Item26",0.350819288199665,0.106098161521371
"Item27",0.29894365130607,-0.382848890836967
"Item28",2.04496796640963,-0.36541789200291
"Item29",2.35728331437786,-0.480286739930378
"Item30",0.239601299547348,-1.05470244127924
"Item31",2.03556864048469,-0.336426389989148
"Item32",0.142387383690508,0.112974920063981
"Item33",0.32750653606401,0.0254436590325709
"Item34",0.17810413198933,1.31882751993344
"Item35",0.119543735332856,0.503762535237219
