"Items","Difficulty","Discrimination"
"Item1",-1.57787202675182,1.51442827356431
"Item2",0.538304764065019,3.46998395631202
"Item3",-1.75369969727404,1.74572671211353
"Item4",0.925399632492564,2.74387550554673
"Item5",1.51294282433054,3.30313437444489
"Item6",1.20993405544566,3.18659884481709
"Item7",-0.577121683672561,2.96580522201196
"Item8",-1.36957971144489,2.02914557258731
"Item9",-0.483712509298311,2.53568887836424
"Item10",-1.09131908915187,2.74694077455957
"Item11",-0.227230348365229,2.72854698945317
"Item12",-0.676879209610723,2.18544693073401
"Item13",-0.164517572628942,2.93291157362682
"Item14",1.70718323479924,3.22356372051183
"Item15",1.23887015106422,2.91763126556084
