"Items","Est.Discrimination.2PL","Est.Difficulty.2PL"
"Item1",3.38747708705874,2.22241319769496
"Item2",3.57787579373136,1.66834092272829
"Item3",1.68150602122353,-0.0126258902783587
"Item4",0.00646971180236732,10.1482411371404
"Item5",2.95785477536904,1.52648708475973
"Item6",2.86188391117249,1.74085848294766
"Item7",3.01631755082396,1.27342790978838
"Item8",1.26063631340804,-0.315477628240883
"Item9",3.44258096640353,2.14080792957795
"Item10",3.13872246303662,1.59396864108795
"Item11",2.61803319624856,0.803267884605353
"Item12",1.68525895021584,0.0273666343390625
"Item13",3.10600263720519,1.32187130745473
"Item14",2.41692122776122,0.871850382149716
"Item15",1.61377113565589,0.040301194910574
"Item16",2.72938907198005,1.25001412078628
"Item17",3.31516431190979,1.83150676062452
"Item18",0.884391756214799,-0.48315409710217
"Item19",1.43270315968258,-0.0238841683028804
"Item20",1.46608763023508,-0.214173165613547
"Item21",1.59867752735264,0.0683240884092687
"Item22",3.65456619627022,1.91395823977517
"Item23",0.0299628279812312,0.241135526099715
"Item24",-0.368243742894235,-1.76197694234439
"Item25",1.55037715575151,0.232402578359691
"Item26",3.05594275658569,1.56591577391157
"Item27",4.31733236035133,2.26038991602496
"Item28",4.99791713412121,2.16430421893323
"Item29",1.08210496790531,-0.576972469714315
"Item30",0.420778266789026,-1.04140326682599
"Item31",1.27691652372783,-0.164037100456407
"Item32",3.90890285381325,2.09292733182976
"Item33",-1.01613558392081,-2.67682416128957
"Item34",0.0740580109671162,-1.31002973012263
"Item35",-0.293595661696846,-1.59339664789568
"Item36",-0.391950368461122,-1.8739397214344
"Item37",1.07831988353449,-0.507788375458403
"Item38",3.99326147874888,1.89479517746758
"Item39",3.25116601142153,1.56621293926263
"Item40",0.316517007516336,-1.13515039562353
