"Items","Est.Discrimination.2PL","Est.Difficulty.2PL"
"Item1",0.278621097598154,-0.917182768511618
"Item2",0.642069238600047,-0.992512486482364
"Item3",-0.550105315533852,-2.16208861250429
"Item4",3.26289474515848,1.71540165746999
"Item5",2.13884420051411,0.826599219127944
"Item6",0.057588718831519,-0.625915093777629
"Item7",2.2920456851433,0.86565695169993
"Item8",2.58544540435367,1.18643541881074
"Item9",1.11626768818854,-0.451513479484162
"Item10",0.781730755077003,-0.867302548818831
"Item11",3.32651072042152,1.83403034451681
"Item12",3.47697649950503,1.85493656873593
"Item13",2.38213182728286,0.887643487821142
"Item14",2.85984819080215,1.31487253644811
"Item15",2.15746268050359,0.742866298012301
"Item16",0.800190382542127,-0.547373538262136
"Item17",2.12146823882497,0.327494007038306
"Item18",2.27828681880772,0.851606575009329
"Item19",0.169355841506194,-1.56916403149298
"Item20",-0.0811353011327384,-1.15627734501933
"Item21",0.281125707389332,-1.11629508133102
"Item22",3.00260312801743,1.5057976555005
"Item23",-0.065613397575131,-1.73497781540089
"Item24",-0.00924308727436264,1.20807208600737
"Item25",0.16699041849772,-1.45876998396943
"Item26",-0.579821777698941,-2.11602442987473
"Item27",3.33719088250211,2.36661069753161
"Item28",1.8390147302601,0.270190313304853
"Item29",1.15676877159543,-0.405563452219041
"Item30",2.26479720166613,0.690214776281163
"Item31",1.46773632923616,0.00580363638768883
"Item32",2.48294482183355,0.923792835887906
"Item33",2.31359075280905,0.792875036370187
"Item34",2.72019669398751,1.08840007024624
"Item35",3.43951203486096,1.73500249338399
"Item36",-1.2598142314963,-2.59071414982099
"Item37",0.731846398128974,-0.563815335898335
"Item38",1.79452750724835,0.256160070404503
"Item39",1.04718499881959,-0.443481464770518
"Item40",2.29685867009379,0.688313742422698
