"Items","Est.Discrimination.2PL","Est.Difficulty.2PL"
"Item1",0.171248398993726,-1.56680265553953
"Item2",2.43081412488947,0.936770983989539
"Item3",1.86693615522062,0.40527937045424
"Item4",0.385081966573251,-1.24789656032582
"Item5",2.31374493815129,0.629957660981
"Item6",3.22608162170151,1.34604504164835
"Item7",0.853008382100151,-0.72011888692665
"Item8",1.27538139434065,-0.418791580961566
"Item9",-1.29890153189449,-2.79104391347589
"Item10",-0.223610377825066,-1.64390122425547
"Item11",-0.424534389670823,-2.19527436803171
"Item12",3.21687357249552,1.36220120876343
"Item13",3.29662652695439,2.13233017569643
"Item14",1.96474341034781,0.414159611744656
"Item15",-0.298552664974568,-1.35041483746823
"Item16",0.589876913502168,-0.627222777068607
"Item17",1.19122775752411,-0.442148585217723
"Item18",2.92222928166175,1.36184231110097
"Item19",1.58572940580548,0.271697157595981
"Item20",2.34152294463191,0.778218966349082
"Item21",2.10111496259185,0.61359945034188
"Item22",1.81991148322432,0.325020929150721
"Item23",1.63462744275701,0.186509499394195
"Item24",0.274514119967581,-1.09720029625189
"Item25",-0.443954074496739,-2.01191848201853
"Item26",1.27675787708599,-0.170290424378225
"Item27",3.34139187499572,1.66493082813263
"Item28",2.68894923033757,1.5209020078719
"Item29",2.01197929851182,0.270620342450285
"Item30",2.50625312936344,1.06208701199925
"Item31",1.2238944814255,-0.418934870703384
"Item32",0.162434315037765,-1.34889059413236
"Item33",1.19379628119076,-0.470184847020948
"Item34",1.84847524976503,0.306016754701994
"Item35",1.29806719562777,-0.283524005023153
"Item36",-0.054959196623314,-3.87527215328703
"Item37",-0.0536414169526533,-1.83810075490343
"Item38",-0.148663056055194,-1.37385921122841
"Item39",2.31489039916503,0.568094373412475
"Item40",0.206987002986315,-1.26876508675713
