"Items","Est.Discrimination.2PL","Est.Difficulty.2PL"
"Item1",3.05217380834466,1.49303598729592
"Item2",0.665932489827432,-0.533170945552802
"Item3",-1.26931316168217,-2.62207594047053
"Item4",1.96097841686955,0.158794930682465
"Item5",3.55103549915294,2.206352795559
"Item6",-0.523582171544507,-2.02865326713533
"Item7",3.41080367314259,1.85727986488608
"Item8",2.19442697737218,0.551706557196342
"Item9",1.66410864214883,0.381926975926696
"Item10",-0.891931048220722,-2.19957545326237
"Item11",-0.330376024267526,-1.92220004919992
"Item12",-0.089877079240822,-2.03032272790256
"Item13",1.09306304669555,-0.0575596984596082
"Item14",2.10193455470211,0.361151951884897
"Item15",0.0216250093755504,-3.22031075090392
"Item16",3.18816157171722,1.75658982475015
"Item17",-0.280919193780797,-1.61662680918209
"Item18",1.72189113604547,0.00326280310186163
"Item19",-0.537705430803424,-2.43688021507321
"Item20",1.99780704667807,0.566709019150227
"Item21",1.2139880201704,-0.231725683330751
"Item22",-0.336568504547064,-1.45259082193794
"Item23",1.8466689037231,0.0756918147858205
"Item24",0.620486595417605,-0.738406978754484
"Item25",0.237578323183029,-1.64503847242322
"Item26",3.3294466474974,1.67099653924207
"Item27",3.37802928375037,1.72292198752104
"Item28",-0.661647692822718,-2.20003935976475
"Item29",3.11949979941487,1.48653033055305
"Item30",-0.0911209557436007,-1.83428942926733
"Item31",0.176708466646734,-1.1813528883437
"Item32",2.30587444495464,0.593743177745933
"Item33",3.35153802490285,2.25523678161894
"Item34",1.89020041879155,1.0374634973543
"Item35",2.69200158273125,1.08568960988035
"Item36",0.14458211299251,-1.20448656773911
"Item37",2.50187720744792,1.17375222105726
"Item38",3.31879859612766,1.68399991160767
"Item39",2.38176251287427,0.721167464840024
"Item40",-0.344251235594029,-1.6589653816654
