"Items","Est.Discrimination.2PL","Est.Difficulty.2PL"
"Item1",1.51644196817387,-0.0377123410798164
"Item2",2.97300155557104,1.59899184803954
"Item3",0.397459886200122,-1.19577767065384
"Item4",2.46370249619625,0.933154913541804
"Item5",2.20558996180708,0.977007014320242
"Item6",2.68731458795999,1.40137840314111
"Item7",3.50892186342916,1.95558855814259
"Item8",0.659506950975967,-0.562995324152922
"Item9",1.51595359585439,-0.0429876639215698
"Item10",1.30949865332378,-0.18935828343399
"Item11",2.68135757781374,1.00224310743779
"Item12",2.77560498765339,1.51638496934806
"Item13",1.12979825012158,-0.192485411714646
"Item14",3.24188929801328,1.98051452814955
"Item15",0.112393623704146,-1.71863484505269
"Item16",-0.0327502207179577,-1.17128238402727
"Item17",3.07540040639681,1.6277324495858
"Item18",1.12717198303968,-0.642124784907977
"Item19",0.845312609673599,-0.653673971324738
"Item20",1.84248068869622,0.442843879807236
"Item21",-0.177300957170779,-1.64814645603869
"Item22",3.37858050971305,1.9056876919656
"Item23",3.75040951639554,1.8583309565909
"Item24",0.549243442216727,-0.612297054418055
"Item25",0.729198543930659,-0.926045505746127
"Item26",3.17723236536405,1.37743100945326
"Item27",1.03878735871715,-0.362532852462267
"Item28",-0.349270189493697,-1.53739254540793
"Item29",0.303105378884973,-1.43459889582448
"Item30",0.378737908749526,-1.09548073362671
"Item31",3.34941962744533,1.50257294088931
"Item32",1.52975660673153,0.0628301050179053
"Item33",1.35408244167273,0.157370332591068
"Item34",-0.881559952836972,-2.52494876186285
"Item35",2.75839616423435,1.10849328441418
"Item36",1.07443730553893,-0.436696027569649
"Item37",1.67607723995234,0.141387195139237
"Item38",1.08993621680692,-0.781164904204533
"Item39",0.644682903954441,-0.80417190423446
"Item40",2.4686754001607,0.772944186816847
