"Items","Est.Discrimination.2PL","Est.Difficulty.2PL"
"Item1",1.34664147390738,-0.0464224637916324
"Item2",3.1719853525655,1.63668606191878
"Item3",0.33323132675576,-1.10613186262366
"Item4",3.01964695658775,1.28019474292692
"Item5",3.40215024046483,1.74063672025818
"Item6",3.60154495454847,1.9151769760097
"Item7",3.86921339667134,2.28938694988322
"Item8",1.66022839020574,0.194854242943821
"Item9",0.595939762130197,-0.756992648191247
"Item10",3.0126277615683,1.37721992786231
"Item11",3.39664232568843,1.75258220628561
"Item12",-0.308519021809769,-2.05174119290217
"Item13",1.75175879396384,-0.0298987168764497
"Item14",3.38355739296571,1.7912226375161
"Item15",-0.357214824910543,-1.81291949415854
"Item16",1.24114006464222,-0.146539497944299
"Item17",-0.443518438131933,-1.67767559079666
"Item18",0.197907973143393,-1.52945925451996
"Item19",0.0623977198693628,-1.10461286633818
"Item20",3.11081403134031,2.07417349055324
"Item21",3.0693756111851,1.52315463732443
"Item22",-0.335390632454721,-1.71887260128859
"Item23",3.81596327013423,2.50777854378864
"Item24",0.532772505440817,-0.926792333200548
"Item25",2.71811552427248,1.16661231666206
"Item26",0.899880672841928,-0.446789646463497
"Item27",-0.0137009783264958,-4.14861713036677
"Item28",3.15973045829371,1.47873051857987
"Item29",-0.844494431444025,-2.45654006829975
"Item30",2.71128603960529,1.42696090179999
"Item31",3.17902823831553,1.85952783207289
"Item32",2.7162359376794,1.31485120305127
"Item33",2.34141180800101,1.04588648213216
"Item34",3.12750876552294,1.31031619515603
"Item35",0.471960632113663,-1.03288267651067
"Item36",2.11901584534971,0.546646652881513
"Item37",0.278714228752796,-1.15290187713924
"Item38",-0.0962107588488188,-1.47751436414982
"Item39",0.798675269586361,-0.856017405422015
"Item40",1.87078032420581,0.367117396619611
