"Items","Est.Discrimination.2PL","Est.Difficulty.2PL"
"Item1",1.9522102436309,0.321698651597394
"Item2",0.232283413166696,-0.850680261771082
"Item3",0.0674574165294427,-1.1767877011291
"Item4",3.2635088782053,1.93965602367129
"Item5",-0.246003078397356,-1.87619933736312
"Item6",1.34491977364975,0.0918709195504912
"Item7",3.01316213433296,1.74792812386424
"Item8",1.30994154530925,-0.35724927668933
"Item9",2.68981289009644,1.36598079410177
"Item10",-0.80582820535197,-1.95983452468705
"Item11",2.21424688118524,0.661360152259347
"Item12",1.31438561728369,-0.251382570361262
"Item13",1.43386189067762,-0.0842189449727767
"Item14",1.84022239177286,0.285553908028499
"Item15",-0.517677020599555,-1.77764241069443
"Item16",3.00307846373023,1.70320035374757
"Item17",0.361212254151432,-1.42145666260794
"Item18",-0.310719354294764,-1.52836773938348
"Item19",1.35883129291253,-0.00974150556499411
"Item20",-0.321662188740582,-1.59741381715443
"Item21",0.166944052192172,-1.57218509313728
"Item22",1.46664191799121,-0.0304240779382409
"Item23",-0.447433292276314,-1.86536362828679
"Item24",-0.142990198395279,-2.05575541476732
"Item25",0.857416927649396,-0.870500773574715
"Item26",-0.955974284517564,-2.62265806459671
"Item27",0.454002019467558,-1.09881169686643
"Item28",4.12679008212274,1.91699900685919
"Item29",0.906734547252409,-0.45976634258583
"Item30",2.49629422608258,1.27074616412519
"Item31",1.69071198722094,0.351173237299273
"Item32",-0.0412650880152707,-2.46532519906498
"Item33",0.562920715749999,-1.07737582458412
"Item34",3.70089059124471,2.12891644959365
"Item35",2.13969638501725,0.748358581902135
"Item36",2.84876998039422,1.12532639316805
"Item37",0.662926408741736,-0.905281509091172
"Item38",2.22505836278012,0.689448004165348
"Item39",0.247568057770429,-1.2560435726196
"Item40",1.34502339037288,-0.258509439870951
