"Items","Difficulty","Discrimination"
"Item1",0.218924035989705,0.25
"Item2",-0.197416315833023,0.25
"Item3",0.769309991738738,3
"Item4",-2.01959194711864,3
"Item5",-1.2131087216565,0.25
"Item6",1.8047963243356,0.25
"Item7",-0.702101355558406,3
"Item8",-0.148870482393883,0.25
"Item9",-0.701936753436091,3
"Item10",-0.421746422286479,3
"Item11",-1.31602461114545,0.25
"Item12",-0.347046424242897,0.25
"Item13",1.86385564685104,0.25
"Item14",-0.139178184482819,0.25
"Item15",-0.734477369185033,0.25
