"Items","Difficulty","Discrimination"
"Item1",-0.0947096996132481,0.25
"Item2",0.165817797107176,0.25
"Item3",0.0878696591105089,3
"Item4",0.430465822099844,0.25
"Item5",-0.666223569473196,3
"Item6",-0.430986731382203,0.25
"Item7",-0.808651658173543,3
"Item8",0.245777816406669,0.25
"Item9",0.222553063005467,3
"Item10",-0.550441390004326,0.25
"Item11",0.155016974178108,0.25
"Item12",-0.308251126315054,0.25
"Item13",-0.340588043327314,0.25
"Item14",0.525728789700475,0.25
"Item15",0.199343214977089,3
"Item16",-0.22530882579436,3
"Item17",-0.265142298679473,0.25
"Item18",-0.0305377677205393,0.25
"Item19",0.98762118982689,3
"Item20",-0.063885148540036,0.25
"Item21",-0.922826462057584,0.25
"Item22",0.0234203567787079,3
"Item23",0.284947257822458,0.25
"Item24",-0.32422702799254,0.25
"Item25",-0.189254911876604,0.25
"Item26",0.306901799215995,0.25
"Item27",-0.251580223386873,0.25
"Item28",0.42423823875757,0.25
"Item29",0.180241425673368,0.25
"Item30",0.106087659048919,0.25
