"Items","Difficulty","Discrimination"
"Item1",-0.138706750659376,0.25
"Item2",0.789604090993139,3
"Item3",-0.17049905374892,3
"Item4",0.0718634956092644,3
"Item5",0.118086572710218,0.25
"Item6",0.567835459409908,0.25
"Item7",-0.715769893114656,3
"Item8",0.803570222332162,3
"Item9",0.378099501287232,3
"Item10",0.355237815420661,0.25
"Item11",0.178531453473732,3
"Item12",0.0454687127949049,0.25
"Item13",-0.818410736144543,0.25
"Item14",-0.848282120745206,0.25
"Item15",0.144569886000205,0.25
"Item16",0.427771704152274,0.25
"Item17",0.166067510708446,0.25
"Item18",0.432744827056008,0.25
"Item19",0.332441653705585,0.25
"Item20",-0.580824166099962,0.25
"Item21",0.357128792719109,0.25
"Item22",0.141631231846616,0.25
"Item23",0.191843987873536,0.25
"Item24",-0.137463886325378,0.25
"Item25",0.219659455006487,0.25
"Item26",0.54097078463054,3
"Item27",-0.205250751615507,0.25
"Item28",-0.370648495146296,0.25
"Item29",0.343989700090986,0.25
"Item30",-0.355499840390359,0.25
