"Items","Difficulty","Discrimination"
"Item1",-2.10412574350145,3.08701352943693
"Item2",-1.11344777996579,2.80336276215473
"Item3",1.01458929370647,0.851030416909522
"Item4",-0.758896593411456,2.64462441465635
"Item5",-1.22693365657473,2.80660973624964
"Item6",0.595769861875289,1.19945349607807
"Item7",-1.39696765064459,3.35965362406444
"Item8",-2.30369084651927,3.0884271698226
"Item9",2.15264901440354,0.0790021278209532
"Item10",0.529762475624789,1.32192632126377
"Item11",-0.713804002267087,2.30432717527406
"Item12",-1.81125668401456,3.23349740987161
"Item13",0.0421052108544806,1.7442487405771
"Item14",0.334659846492871,1.58350254243778
"Item15",0.64131188118223,1.22168980774414
"Item16",1.79559785900041,0.208861829715945
"Item17",-1.67511981894503,2.91127645039762
"Item18",0.215676569058816,1.55246562974581
"Item19",0.834483145502318,1.37076568180468
"Item20",-1.33539920146557,2.74617609603982
"Item21",1.15466638659275,0.813532648889152
"Item22",0.7872895920622,0.286370395383467
"Item23",0.388581279530635,1.56413881969263
"Item24",0.693772932653778,1.54400155204846
"Item25",-1.88308989241789,3.18265903229721
"Item26",-1.86877260600051,3.19326183946484
"Item27",-0.886046219319938,2.46805369858159
"Item28",-0.724973469901231,2.81918655423615
"Item29",2.21214732760658,1.0285575676927
"Item30",-0.678523642626022,2.72487008628134
"Item31",1.01845498482411,1.26544441637099
"Item32",0.790984537400885,0.993116850125732
"Item33",-0.188545691717756,2.51140233108182
"Item34",-0.575133919045643,2.71978141810606
"Item35",-0.242510340308178,2.0526577864674
