"Items","Difficulty","Discrimination"
"Item1",1.78926528346622,1.05874426476715
"Item2",0.732485872838081,1.39625349695361
"Item3",0.0651781432201311,1.8365681447622
"Item4",0.366437435789906,1.76790306229094
"Item5",2.52924253300906,0.358421402063188
"Item6",-0.431186429015759,2.58126704615822
"Item7",0.172226110594329,1.53926519882963
"Item8",-1.07199183415361,2.85318752648353
"Item9",2.27954578993077,0.75685178654015
"Item10",-1.04001661650393,2.47870919687543
"Item11",1.78354505753146,0.744025574768664
"Item12",-0.744985584912312,2.22453908202222
"Item13",0.382982310910824,1.54916818329265
"Item14",1.18188458275772,1.08150449442784
"Item15",1.04649043070349,0.899532710340337
"Item16",1.75498187758771,0.745261912844238
"Item17",-1.7111057156829,2.67075012379484
"Item18",0.878959402797643,0.675834848838662
"Item19",-0.0884870436346852,2.32071423755407
"Item20",1.90447567637588,1.03539963623143
"Item21",1.87219938514313,0.272327464614015
"Item22",0.126255470867006,1.8486785432819
"Item23",0.0963422933658757,1.4498937026801
"Item24",-0.673443576798928,2.84329828584449
"Item25",-0.474627477554205,2.46722627658879
"Item26",-0.130882816962396,2.38694097013447
"Item27",0.405748372722164,1.73874231778257
"Item28",-2.6194510310866,2.95078252980602
"Item29",1.86192078236015,0.841439392386972
"Item30",2.30376988295665,0.668552167435546
"Item31",0.0842372896501731,1.3658342561494
"Item32",2.2490504299857,0.16958559418075
"Item33",-0.99002196479408,2.97665238166212
"Item34",1.18553576030187,1.56102274451853
"Item35",-1.65765937894746,2.98090789520132
