"Items","Difficulty","Discrimination"
"Item1",1.25086911622915,1.26254480483077
"Item2",-2.08866540500077,2.86284359379205
"Item3",0.108876604215042,1.41618423580521
"Item4",1.665168133632,0.0574364341652448
"Item5",-2.18724491757108,3.10872187682627
"Item6",-1.89452611938029,3.16951444235609
"Item7",0.940524937112831,0.833239094945619
"Item8",1.1199792785514,0.897806059517581
"Item9",1.88169790616461,0.616646523237665
"Item10",-1.41420822382496,3.52713687100215
"Item11",1.35269947080277,0.264096362248397
"Item12",0.336577409377515,1.43121722045483
"Item13",-0.285177793371802,2.04823023536739
"Item14",-1.20913182173829,2.36744138474091
"Item15",-0.0618530462818211,1.90967137036595
"Item16",2.02871467571201,0.649950256488333
"Item17",2.13269448677772,0.433838109989548
"Item18",-1.3176210332735,2.75598885676425
"Item19",2.64872619417487,0.0914174694497558
"Item20",-1.65705152786886,3.11781959627949
"Item21",-1.44834339076318,2.700099188267
"Item22",1.14601343990536,0.939313223343422
"Item23",1.11986185458804,0.79340299915908
"Item24",-1.32730397009616,2.96919868267308
"Item25",-1.12709705193211,3.21900703372691
"Item26",-1.17521651968662,3.35054801260463
"Item27",1.04346899902972,0.821918778865567
"Item28",-1.05539082739355,2.64327077340265
"Item29",1.82327948788514,0.310170268123006
"Item30",-2.41208944386974,2.99574169534084
"Item31",-1.38877460460643,2.93402908037426
"Item32",0.265689930005915,1.41211801683179
"Item33",1.96213528326225,0.37654300013849
"Item34",1.87901886769729,0.732737786061764
"Item35",-1.2305213828991,2.77309774600246
