"Items","Est.Discrimination.2PL","Est.Difficulty.2PL"
"Item1",0.983038175702971,-0.943871250810198
"Item2",0.639247289193918,1.35144924416988
"Item3",1.26761062532925,0.368722633024204
"Item4",0.949450398604607,1.05651117388189
"Item5",2.10741821103519,1.70732005366664
"Item6",0.946964976454446,-0.548011789301786
"Item7",0.724185387876463,0.568831063682394
"Item8",0.897214756245535,1.36773375906512
"Item9",0.821447329191206,-0.155780718839683
"Item10",1.15069005621756,0.933872894280485
