"Items","Est.Discrimination.2PL","Est.Difficulty.2PL"
"Item1",1.04836549151259,-1.77959599193523
"Item2",1.29996967170925,-1.82959791634525
"Item3",1.03389970588104,-0.475986872148049
"Item4",3.08720008250347,1.53941107613994
"Item5",0.876103199139305,-1.33476312504997
"Item6",1.32136986372571,0.320592362040167
"Item7",1.08717294993177,-1.18934866808881
"Item8",1.85182823580638,2.00203777364951
"Item9",1.0833717448959,-1.0588360371168
"Item10",1.0863541207607,1.37027477884776
