"Items","Est.Discrimination.2PL","Est.Difficulty.2PL"
"Item1",2.27902347819477,1.8968755127276
"Item2",3.63804120800114,2.41234602493083
"Item3",2.48191091226284,2.13185416038783
"Item4",1.59020601778788,0.759526010801853
"Item5",2.31974639282638,1.30578734387557
"Item6",0.796811096406067,-1.50157321539661
"Item7",1.56833289005577,0.6228868573242
"Item8",2.50581641474508,1.80118995332618
"Item9",1.81739429939643,1.13658022771632
"Item10",2.28006024853031,1.72270570079542
