"Items","Est.Discrimination.2PL","Est.Difficulty.2PL"
"Item1",0.851340981355132,1.30903398629584
"Item2",0.920088315456001,-2.86403106051257
"Item3",1.18177025498271,-0.7412135775567
"Item4",1.07107795041073,-1.01101297323274
"Item5",1.11337234514607,-0.698358637352784
"Item6",2.03147921635523,2.06849427967791
"Item7",0.755154548844091,0.329702628786636
"Item8",1.15356159623797,-1.94768111267426
"Item9",0.927805015027765,1.04016265378887
"Item10",1.26954075925663,-1.49297681501659
