"Items","Est.Discrimination.2PL","Est.Difficulty.2PL"
"Item1",0.596056271775002,-1.33355781773031
"Item2",1.11047896270022,-0.228767274018482
"Item3",0.742197119476195,-1.43461932245787
"Item4",1.85708492207637,0.875602261168864
"Item5",1.8798783002028,1.00773770072221
"Item6",2.0433570254141,0.856079573120705
"Item7",3.02650762050499,2.30040472833329
"Item8",1.86851212327988,1.05821024832291
"Item9",0.781527938542076,-0.92751126480494
"Item10",0.785736411866598,-0.932491143670739
