"Items","Est.Discrimination.2PL","Est.Difficulty.2PL"
"Item1",1.03118824080339,0.825507549395813
"Item2",1.29346916402992,-1.8300842658944
"Item3",2.89587979768663,1.7231311247802
"Item4",1.18793925629758,1.12261667069871
"Item5",1.06311705679436,1.08540940526239
"Item6",0.838070841751152,-0.767396238422274
"Item7",0.672624511528625,-1.40218013420435
"Item8",0.983557470832444,-1.93091230453117
"Item9",1.14074776557095,0.840073884235409
"Item10",1.18398955104127,-0.289385687407833
