"Items","Est.Discrimination.2PL","Est.Difficulty.2PL"
"Item1",1.07084692598452,0.821460788305859
"Item2",0.896888692008241,1.47956135779938
"Item3",0.740265798023197,-0.403970998111953
"Item4",1.13626917268294,0.674523622756558
"Item5",1.03220709898367,-1.99297031591009
"Item6",0.80919144316316,0.756828374150481
"Item7",1.03766978535747,-1.56672078493449
"Item8",1.11232418332387,-0.912622667381046
"Item9",1.20581241844552,0.62630229477084
"Item10",1.1660757651751,-1.52546931339841
