"Items","Est.Discrimination.2PL","Est.Difficulty.2PL"
"Item1",1.0122607661414,-1.01837031875452
"Item2",2.70009407280664,2.10000850853553
"Item3",0.774023159392132,1.02958230020243
"Item4",1.00551627176446,1.27433036098736
"Item5",2.70665106483276,1.70531417282839
"Item6",1.1130845018219,-0.504463183197062
"Item7",1.26294131313378,1.10290704279749
"Item8",0.819181981703825,-2.31723950998119
"Item9",2.03016075951378,2.07366851938145
"Item10",0.977907025085585,0.0213710376869097
