"Items","Est.Discrimination.2PL","Est.Difficulty.2PL"
"Item1",0.731801382948605,-2.38593399963823
"Item2",1.02920708251906,1.87046562183919
"Item3",0.693210670825075,2.10057380170229
"Item4",0.929727744533414,1.9242096374038
"Item5",0.968093919725804,1.49110206954969
"Item6",0.95746754365748,-1.58717286860726
"Item7",2.04659723446598,-0.00585073897209918
"Item8",0.919444995960589,-1.80054490763858
"Item9",1.07731877786987,1.88125132082652
"Item10",0.893062490883676,1.71877124384601
"Item11",3.38884440524053,1.28856820712478
"Item12",1.97959058111366,0.201631167170757
"Item13",4.11300837316402,0.483305962648192
"Item14",0.895799057098269,-1.62751608224692
"Item15",1.07030851918406,-1.64117088111023
"Item16",2.92528497986583,-1.38976752626594
"Item17",2.27767935528566,-0.545315470362009
"Item18",2.48704828944554,-0.0721701493759784
"Item19",1.1290614543735,-1.80533514514813
"Item20",2.76084998543725,0.15633435864737
"Item21",0.957608494479764,1.6248358398599
"Item22",1.01877048971119,-1.76023662751036
"Item23",0.873855219809116,1.82130941661627
"Item24",3.49076513175426,0.883950266639406
"Item25",1.95453809600473,-0.658419822772048
"Item26",1.34339101949858,-1.39891901648603
"Item27",1.45750223729271,-0.881203358183332
"Item28",1.58794669053918,-0.556414150025796
"Item29",0.950305711663551,1.88996538724774
"Item30",0.871822771468729,-1.78436222046401
"Item31",1.22107917809466,-1.65007325957483
"Item32",3.35660100264327,1.27188983736845
"Item33",2.67988265254395,1.29161153697411
"Item34",1.20536905449612,1.73011719481291
"Item35",2.61822710516452,0.522151328731439
