"Items","Est.Discrimination.2PL","Est.Difficulty.2PL"
"Item1",2.55367453679159,1.16980000665451
"Item2",0.902998260181657,1.67395398167165
"Item3",2.27422070986154,-1.44837454022024
"Item4",2.0175423917739,0.572267463455408
"Item5",2.29014372946508,1.1509769395856
"Item6",0.868749177220976,-2.38870396798051
"Item7",0.847564785622025,1.7834855076764
"Item8",1.02135234755974,-1.60554586666203
"Item9",1.69088303566319,1.39708231836262
"Item10",2.75349333990401,-0.709415301298894
"Item11",4.10603253434168,-1.19256072079828
"Item12",3.26318773176818,1.27493800116845
"Item13",2.30690596882037,0.078806766666253
"Item14",0.929323297564842,-2.1472803488646
"Item15",2.71378992119535,1.4796255904233
"Item16",2.34896651383408,0.305215305347113
"Item17",2.84899226735671,-0.240587523554507
"Item18",0.852932176635219,2.23417314391223
"Item19",2.36697394157083,1.06957310354116
"Item20",0.708261219590494,1.57926449803371
"Item21",0.791860735807628,1.59682788197202
"Item22",2.92633539528447,-1.3396088719114
"Item23",2.15677178070115,-1.07477217188209
"Item24",1.00550155632195,3.38647260554472
"Item25",1.11717856576884,1.63244099204377
"Item26",1.21006608396634,1.92226927839153
"Item27",1.63386079008946,-0.498768313294862
"Item28",2.22834230933733,0.941565050373391
"Item29",3.10816875436875,-1.45088714102553
"Item30",1.13593972668591,2.03297718027955
"Item31",3.22840676713053,-0.94348279020451
"Item32",2.80384612365833,-1.32970081005472
"Item33",2.32499076840803,1.10915757607094
"Item34",1.08031660903384,1.90939713751753
"Item35",1.75952139436105,0.960202777130895
