"Items","Est.Discrimination.2PL","Est.Difficulty.2PL"
"Item1",1.52446284713819,-1.35707480079566
"Item2",3.11388783255703,-0.103621784374179
"Item3",2.99246870519131,-0.0579706752207952
"Item4",1.75960091285387,-1.28330829590474
"Item5",1.47193570731801,-1.49445487975657
"Item6",1.28125664520875,1.60816118590485
"Item7",1.67966139282751,-1.41603921891478
"Item8",1.33611882183217,-1.87188761409839
"Item9",1.86931420484467,-1.16330723644968
"Item10",0.896026292905584,2.26208995621086
"Item11",1.41069738584787,-1.57556939400547
"Item12",1.55121839557512,-1.60976403641645
"Item13",3.12651360323226,-0.281515167946018
"Item14",0.944193879599708,2.02687304628246
"Item15",3.03885760972214,-0.195590054427235
"Item16",1.92952972713267,-1.06231678179928
"Item17",2.09104515247716,0.798133283618976
"Item18",2.13327068375529,0.84352022931506
"Item19",2.72431592741877,0.290107305333048
"Item20",1.91739593803872,1.15453159784825
"Item21",1.3154742502573,1.62056005199253
"Item22",2.84316136103018,-0.406917792139232
"Item23",2.16138127039329,-1.06775506884713
"Item24",2.07289637565143,-1.05813552488825
"Item25",2.72793352889992,-0.545299642097036
"Item26",1.03258138029985,1.98813248086425
"Item27",2.77502979264532,-0.175046240391929
"Item28",2.54510541938438,-0.664075529091514
"Item29",1.95385837156039,1.15119651046354
"Item30",1.88021824085166,1.13588259555633
"Item31",0.980337645832801,-2.24488050795952
"Item32",1.3946516527616,-1.80559383445752
"Item33",1.10868602062622,1.84698269292577
"Item34",2.90001309380835,0.574840546646923
"Item35",2.22362840990519,0.779474035633364
