"Items","Est.Discrimination.2PL","Est.Difficulty.2PL"
"Item1",1.83167447052532,-1.24673318659604
"Item2",2.79549242780439,-0.442882559853379
"Item3",2.22807528999482,0.927885600504146
"Item4",2.84577517642564,-0.426041629663563
"Item5",1.64219619811828,1.3762406585563
"Item6",0.795566712667666,3.21019144932621
"Item7",0.762171366158409,2.98382720630439
"Item8",1.96258568332857,-1.15527792548228
"Item9",3.12221628163531,0.110442116331362
"Item10",3.08777130123366,0.242208614344732
"Item11",1.336181104689,1.72575544347133
"Item12",2.55639544141605,-0.694175089818759
"Item13",1.3815774262918,-1.532180203237
"Item14",3.15528877784394,-0.237785239507429
"Item15",0.928395211703737,2.09868267670945
"Item16",1.27276860116717,-1.75343963777622
"Item17",2.00351580541113,1.14482771299243
"Item18",1.02072281234807,1.93077542334653
"Item19",1.54461688641663,-1.46454957848106
"Item20",1.3693585277484,1.59235369446862
"Item21",1.01767058672517,-1.74850537564056
"Item22",1.2862982586938,1.69108960094145
"Item23",0.857294354643928,-2.29575473284967
"Item24",2.1947447547468,-0.908203914742566
"Item25",2.14194800064992,-0.949787570223538
"Item26",1.86543654107452,-1.17677054649527
"Item27",3.14235151110146,0.0624027761150084
"Item28",2.30213773394735,0.894227453780765
"Item29",2.13553018045657,1.08769930858962
"Item30",2.0157861605814,-1.15044014648424
"Item31",1.19349416201498,1.92706170340607
"Item32",1.45866731150248,1.45039108097603
"Item33",1.71778813661866,-1.27802774955569
"Item34",0.951279594865408,-2.39166368676402
"Item35",1.5918030451389,-1.36998556869064
