"Items","Est.Discrimination.2PL","Est.Difficulty.2PL"
"Item1",3.02649222007083,-0.0637555581944196
"Item2",1.88014504910085,-1.31003692038062
"Item3",1.43594381567326,1.46815498809498
"Item4",1.00501662860719,-2.65112354773788
"Item5",1.47604108663141,1.66752114184455
"Item6",1.28223498934757,-1.79819330253074
"Item7",1.09206559289367,-1.8904049005923
"Item8",1.57959748180613,-1.36408274050309
"Item9",1.65279528391631,1.34144322170377
"Item10",1.98672454393218,-0.994949870591932
"Item11",2.34727820787801,-0.794281096897285
"Item12",1.48489227252167,-1.50744427799986
"Item13",1.70746033543698,-1.39172642740683
"Item14",1.48423752805533,1.34762787847248
"Item15",2.16265091547046,0.960077375996882
"Item16",1.18300130570917,1.67341917759326
"Item17",0.979149005573018,-2.01616660676158
"Item18",2.64843921667461,0.549899387340407
"Item19",1.1983276415082,-1.72135013314915
"Item20",2.39522670900911,0.712789833928175
"Item21",2.16600317244703,-0.941550521071996
"Item22",2.3719419732299,-0.803835108574554
"Item23",1.68740751067361,1.4239547248318
"Item24",2.91606545756231,-0.251204747846057
"Item25",2.64085737475318,-0.516943743390008
"Item26",0.932902016121568,-2.40037714199061
"Item27",2.43586586432224,0.712563278894203
"Item28",1.25726502082757,-1.7817002058699
"Item29",1.56109763816758,1.32621012406622
"Item30",1.3260739197355,-1.59532678346303
"Item31",2.6358683260744,-0.0237465967014041
"Item32",0.846931436965862,-1.94598178559014
"Item33",0.985004773676417,-1.92934252302368
"Item34",2.94062508621953,0.0889529616948256
"Item35",2.50318023248247,-0.645986252982335
