"Items","Est.Discrimination.2PL","Est.Difficulty.2PL"
"Item1",2.67666935406022,1.35693128472847
"Item2",2.63822843047414,1.0520184753418
"Item3",3.1329763220147,0.992603832614184
"Item4",2.70744602973657,0.964068750221014
"Item5",2.42306388836027,-0.562140909920794
"Item6",1.40976196430245,2.10325130358471
"Item7",2.78248882971055,1.26739518881747
"Item8",2.93333794300898,-0.767036811550695
"Item9",2.47768894256093,-1.30381204128311
"Item10",2.06421882288502,0.368202882673156
"Item11",1.38906005589579,-1.58377346718632
"Item12",1.98343443475456,-0.790035736457143
"Item13",2.23398398205633,-0.96319700050378
"Item14",2.16900517462327,-1.35065273172494
"Item15",0.826104626771726,-2.25180007087123
"Item16",1.630167608666,0.413529423990373
"Item17",0.865885346147932,2.10196327481556
"Item18",1.19873748981359,1.60671231460604
"Item19",2.55815841418707,-1.02314519112534
"Item20",1.16155427770311,1.89515627695116
"Item21",1.03394326767841,1.75765875556714
"Item22",2.71037325598458,-0.435364929998164
"Item23",1.14050431550808,-2.1332127486033
"Item24",2.09901905968368,-1.32958601178812
"Item25",2.65519023916951,-1.49549801979546
"Item26",0.7407705975567,1.72386009375958
"Item27",2.15887159732001,1.17330851616139
"Item28",1.01903170803973,1.60252585745076
"Item29",2.43323985237874,0.396759747791888
"Item30",1.2715695738024,-2.25613444985476
"Item31",1.18440130886299,1.88881982753479
"Item32",2.2585710538354,1.33238237635796
"Item33",2.01933104572182,1.31994357092209
"Item34",1.62416415286949,1.09164958024319
"Item35",2.59101213925342,-1.33374909991678
