"Items","Est.Discrimination.2PL","Est.Difficulty.2PL"
"Item1",2.86805185955811,-0.33660898096422
"Item2",2.20597396510793,-0.847205119808449
"Item3",2.97581116964978,-0.0255817370561893
"Item4",2.22329930240293,0.875218856303571
"Item5",0.82015460038866,2.20887908092924
"Item6",1.0716506950476,1.91815082910155
"Item7",0.905767831074161,-2.05616233261109
"Item8",2.69375588557803,0.452597962370775
"Item9",2.44468503424261,0.678433483706676
"Item10",2.9426531063845,0.342122395909245
"Item11",0.893445243807403,2.28619702281518
"Item12",1.62910845298342,-1.56042668778312
"Item13",1.76549838374015,-1.17042339307993
"Item14",1.41182498563686,-1.80627882667246
"Item15",2.43719564504009,0.82144091633986
"Item16",0.876027289986239,-2.28683069710121
"Item17",1.15047359343097,-1.8983920457963
"Item18",3.0784932862989,0.0515032649079996
"Item19",1.063095121161,2.03344292516626
"Item20",1.49052461224965,1.42197019190879
"Item21",0.762852322393387,2.6114200860932
"Item22",2.45293908429215,0.805875150883316
"Item23",1.30129830775044,-1.59809427555014
"Item24",2.66810295749512,-0.49242850396749
"Item25",1.71230206805953,-1.34170467342072
"Item26",2.2331793518854,0.898290767691595
"Item27",1.48276853449527,1.50169095619968
"Item28",1.73695468172058,-1.35409982105836
"Item29",1.69082129268577,1.32302632895819
"Item30",1.27876928250969,1.66716175428816
"Item31",2.16603858099616,-1.04450426397083
"Item32",1.87449977390267,1.16037566310742
"Item33",2.55661731846893,-0.583061940315705
"Item34",1.84926625376562,1.24108691281166
"Item35",2.45239633650388,-0.704698148506682
