"Items","Est.Discrimination.2PL","Est.Difficulty.2PL"
"Item1",1.11160409147342,-0.942710182346456
"Item2",1.01585157177742,1.54309294342529
"Item3",1.20481092815344,0.254563373368437
"Item4",1.78382924290895,-1.79333041095443
"Item5",0.818942689360437,-0.546297016980238
"Item6",1.11556823176276,-1.04913024038051
"Item7",0.849726912920447,2.4464824958617
"Item8",0.918035887875438,-0.849558295412963
"Item9",1.24831310894339,0.66235127271622
"Item10",1.17823421740423,0.505136926505295
"Item11",3.01616302556819,-1.47137306800283
"Item12",0.956924841043002,1.25923296725506
"Item13",3.0825048928762,-2.73060944049923
"Item14",1.07405211072734,2.09392767718665
"Item15",1.20183195203061,1.70394360361977
