"Items","Est.Discrimination.2PL","Est.Difficulty.2PL"
"Item1",0.989658408571543,0.819843680354211
"Item2",1.65330934829671,-3.45825976458081
"Item3",1.1325381414379,1.32630957386781
"Item4",1.2064080920475,1.54640400644579
"Item5",1.10372455886658,-0.313999458664689
"Item6",2.12472294469733,-2.0555869328735
"Item7",1.07008433407935,-0.843677683789096
"Item8",0.948516585857461,-1.20958006437254
"Item9",0.785568353325772,0.0226184882696965
"Item10",1.01118559776494,0.806481177439431
"Item11",0.95389561875959,1.53719079546215
"Item12",1.10993518734502,0.844563004056099
"Item13",0.964962132339069,-1.27972263316077
"Item14",0.843130412441069,-0.235691209038707
"Item15",1.03442460724,1.93298292649371
