"Items","Est.Discrimination.2PL","Est.Difficulty.2PL"
"Item1",1.58481847007159,-0.114325467847797
"Item2",2.19535761766315,-0.990179323611589
"Item3",2.56883993023979,-0.897839745166359
"Item4",3.14409857101236,-1.34732238377555
"Item5",1.22509717900506,0.310199452079429
"Item6",3.38350474390066,-2.05988043314732
"Item7",3.27301583760179,-2.04561431630657
"Item8",1.74489269763674,-0.403205025267216
"Item9",0.877284067628134,0.836673626224503
"Item10",1.45283936480014,0.152844472193258
"Item11",-0.722755168959097,1.97489586004506
"Item12",3.46141523043423,-1.88253754296091
"Item13",2.61462794099094,-1.18150137383615
"Item14",2.49570070265821,-1.06403195000282
"Item15",-0.290075846086016,2.3538534897312
"Item16",2.68869461010524,-1.13470385872391
"Item17",3.35004754413857,-1.77874602390539
"Item18",-0.311316075376897,1.76294716422402
"Item19",0.8066554154578,0.755150269657344
"Item20",2.67777884256676,-1.21332201897694
"Item21",0.461248281612592,0.871445263108092
"Item22",-0.705164370981411,2.53008755032018
"Item23",2.07727162211842,-0.756202571446956
"Item24",2.0853556947598,-0.561883534824288
"Item25",0.539473736506221,1.002937129676
"Item26",0.248630921494443,1.14697678752065
"Item27",0.771268458781678,0.703837527319588
"Item28",2.09367423856061,-0.637348689847497
"Item29",-0.19040415034326,1.29899758970236
"Item30",3.07755586791705,-1.32392985810413
"Item31",0.510523429917069,0.729953388268224
"Item32",2.43798007082244,-1.15920391926279
"Item33",-0.609764648927496,2.28353974199524
"Item34",0.342362315685723,0.956707683899391
"Item35",1.47617958623145,0.283149937212304
"Item36",1.98113656707136,-0.369300112861134
"Item37",1.28587255184343,0.264184722091433
"Item38",2.10621053385322,-0.838874339561812
"Item39",1.61685691251893,0.075545898785699
"Item40",1.93333997632492,-0.59642209174601
