"Items","Est.Discrimination.2PL","Est.Difficulty.2PL"
"Item1",2.74674177835067,-0.951313217351907
"Item2",1.240071932993,0.389845377648515
"Item3",3.64878557867953,-1.75470735315869
"Item4",-0.432367523625747,1.74594704619309
"Item5",0.1773065609031,1.78344381583455
"Item6",-0.575161364951148,2.20287935604246
"Item7",1.34644452468195,0.336744712115596
"Item8",2.44050640656869,-0.86350484484154
"Item9",-0.395539909796912,1.98444860945735
"Item10",-0.454219844396,2.00996312429894
"Item11",4.44662029556164,-3.42364996939734
"Item12",2.78590298450702,-1.0791856260698
"Item13",0.638170299104583,1.17658188664232
"Item14",0.438283896138952,1.01903741145261
"Item15",-0.521711943834189,2.01071297263742
"Item16",1.15378184382247,0.0157645552226779
"Item17",3.20117986043206,-1.42264122062931
"Item18",5.12358866016454,-2.57700388047123
"Item19",0.813603169394151,0.938609922931914
"Item20",2.78541080268523,-1.56672731390992
"Item21",2.78067134056162,-1.26326162851563
"Item22",2.28282291770351,-1.03125670253801
"Item23",2.06468271466014,-0.774748486789243
"Item24",3.02479814723767,-0.979645632711098
"Item25",3.14420855621454,-1.57828091179525
"Item26",3.6604799045246,-2.22192183385565
"Item27",1.40136153934653,0.196361398492407
"Item28",0.106074973071344,1.2488075490832
"Item29",2.60227951817562,-1.54457091106346
"Item30",1.96945964815422,-0.580534813227841
"Item31",-0.794416259105335,1.86688233245035
"Item32",2.92829940030425,-1.06258710569654
"Item33",2.25052340673136,-0.820816911015055
"Item34",3.00934719176531,-1.27425426118695
"Item35",3.6548228705661,-2.01234756407451
"Item36",1.46443954411906,-0.0574110252359066
"Item37",-0.556292475678871,2.13959084230152
"Item38",0.774989003679077,0.790708831490477
"Item39",1.73482297895738,0.00428940097505585
"Item40",2.18260813591821,-0.784252232995111
