"Items","Est.Discrimination.2PL","Est.Difficulty.2PL"
"Item1",-0.727552626777505,1.75703657674878
"Item2",2.24343646757633,-0.739665015005485
"Item3",1.79410853683727,-0.261756133829602
"Item4",3.37847994130005,-1.90495489046275
"Item5",2.78266070141433,-1.36611413325947
"Item6",2.21642496926319,-0.842184843676185
"Item7",2.7345964203443,-1.03182366100584
"Item8",-0.247753819892872,1.89780880136551
"Item9",1.63544773176926,-0.27334120425989
"Item10",3.70560453217605,-2.12826932889173
"Item11",3.46689858106296,-1.66605834611828
"Item12",1.71194213093371,-0.309671245201929
"Item13",-1.25363607346376,2.64562382407401
"Item14",2.75843968403425,-1.49261350814237
"Item15",2.80384386212201,-1.4055129349352
"Item16",3.28890910733295,-1.77901140621466
"Item17",0.988650483997034,0.651653952144199
"Item18",3.14740506833052,-1.4895156152002
"Item19",2.72013095976974,-1.22190051806156
"Item20",-0.27726151521875,1.31285376496437
"Item21",-0.106645148129291,2.25251827486804
"Item22",0.9714459410002,0.652469138248871
"Item23",3.53976733784247,-2.50851144634902
"Item24",4.38793188838632,-2.58013958240529
"Item25",1.50541336699057,0.23079553046458
"Item26",-1.10674696825723,2.67367652870715
"Item27",1.08180240559212,0.234596176337665
"Item28",1.83514717917516,-0.432029830492046
"Item29",1.02292594742063,0.530531198568471
"Item30",-0.0884898509631502,1.71495620487596
"Item31",2.40606056768507,-0.809931985027351
"Item32",1.05406356019695,0.406322992599247
"Item33",0.585373180017433,0.904485375665634
"Item34",0.844372408483506,0.460558737883742
"Item35",-1.12042645700955,2.39900539680827
"Item36",1.17632079988598,0.0609630440658916
"Item37",2.36684534468764,-0.90070359529011
"Item38",2.88076300500204,-1.52660376767796
"Item39",1.62623499335721,-0.227681413080441
"Item40",0.805915102198778,0.690060790732239
