"Items","Difficulty","Discrimination"
"Item1",-0.395608171197032,2.84708473473213
"Item2",1.05990388449033,2.53359862838858
"Item3",-2.17523319942475,3.24424138124622
"Item4",-1.43224648939247,3.06060618201157
"Item5",0.715312767264628,2.28457464531778
"Item6",1.4599032542033,2.39029285661364
"Item7",-0.65203779763341,3.05889132304376
"Item8",1.65100038857282,1.64797517642017
"Item9",0.472286282646605,3.04612694247579
"Item10",1.87209106703306,1.94129876065666
"Item11",0.37924211193779,2.60171237802225
"Item12",1.72166778824748,2.30299983134166
"Item13",1.12171356535177,2.25926076750271
"Item14",1.50885686146653,2.07985216042356
"Item15",-0.744980932340191,2.91738093548292
