"Items","Difficulty","Discrimination"
"Item1",-0.372492293134687,1.29098417705745
"Item2",1.61625671495337,0.905653762098539
"Item3",1.16522877428191,0.764275944550105
"Item4",-1.36827143680261,1.81352336418342
"Item5",2.5140962845236,0.407864824775061
"Item6",-0.452243453002409,1.13682882348526
"Item7",-0.915241256937071,1.75415035720843
"Item8",0.472918979734001,0.856494424627878
"Item9",-0.698177411345883,1.41522154157745
"Item10",-1.09061431441621,2.25930341820812
"Item11",-1.47480777537372,1.977353505574
"Item12",1.25943428602073,0.196687976030789
"Item13",1.7985531379046,0.576393660468008
"Item14",1.45385686256064,0.774437770095
"Item15",-0.61156191888019,1.93018942730608
"Item16",-0.880421261976628,1.8485184026323
"Item17",-1.12700184159432,1.67828967767847
"Item18",0.537907238430085,0.574054267941059
"Item19",0.299058009373372,1.48790113419623
"Item20",-1.80915568455985,2.05385011575153
