"Items","Difficulty","Discrimination"
"Item1",1.60887828433171,0.616535940049404
"Item2",0.677012299383672,0.859716514540946
"Item3",0.944081153448431,0.853758916339758
"Item4",0.395244531402984,1.00608274662807
"Item5",-1.36472416187948,2.17874886754376
"Item6",-0.198370898775869,1.25931115363907
"Item7",0.17427228703633,1.38939973355296
"Item8",-1.0697835753873,1.8744697099286
"Item9",0.0665220942025474,1.32356864452863
"Item10",-0.593282403042099,1.70412504234327
"Item11",-1.71223927536251,2.67259124728342
"Item12",-1.52695657177667,1.98000094847925
"Item13",1.09048392685836,0.909610094840766
"Item14",2.07711334943061,0.922248519405773
"Item15",0.54773074667743,0.934848747530395
"Item16",0.646131535623324,0.956676344206936
"Item17",-1.13352687810266,2.00585754302705
"Item18",-1.3601040763073,2.09229544709509
"Item19",-0.423894913261917,1.30426450651652
"Item20",0.0980241026659991,1.29040672437219
