"Items","Difficulty","Discrimination"
"Item1",1.58338068704931,0.432401625052875
"Item2",0.718590421034402,0.850632514304019
"Item3",-0.126551083971763,1.07370389324623
"Item4",-1.83862036072549,2.48066113247813
"Item5",-1.22946845194987,1.74468691240767
"Item6",-0.306123906480403,1.63343957495771
"Item7",1.20435847024388,0.592877937514675
"Item8",-1.09036656022206,2.11165341513482
"Item9",-0.621596429231694,1.27640579833066
"Item10",-0.217113900602783,1.62155754828072
"Item11",0.404384973427157,1.08133719074131
"Item12",1.5923750357385,0.540811041521716
"Item13",-2.49424120822305,3.13181689552291
"Item14",-1.3925860609841,2.37886446270401
"Item15",1.65552830877547,0.422466029777821
"Item16",0.740176631895353,0.97168743143206
"Item17",-0.350833888221726,1.17959474590067
"Item18",0.606075836382414,1.23513410492568
"Item19",0.30942389588419,0.882971906765083
"Item20",-1.19881182606344,2.32556494483954
