"Items","Difficulty","Discrimination"
"Item1",-0.893297816720973,1.25867868224772
"Item2",1.34481220472476,1.29272945535448
"Item3",2.28570012417337,0.913430400208737
"Item4",-1.3633471620152,1.15788356368324
"Item5",-1.96806459383407,1.87292425772189
"Item6",1.24917333398737,1.00107323926494
"Item7",0.697742324910718,0.897915834334046
"Item8",1.29796411996349,0.936653950955663
"Item9",-1.10903326873243,1.21108130802312
"Item10",0.0648876925317998,1.07017133508272
"Item11",1.03852942223748,0.892123852971828
"Item12",-2.27424535582282,2.3669822470199
"Item13",1.31658525555034,1.12900765061509
"Item14",-1.154161115085,0.855816559142463
"Item15",-0.565696560218117,0.932987176741655
"Item16",-0.258074720896655,0.799988720202069
"Item17",1.38836078353091,0.967016086532265
"Item18",-0.192871089216729,0.907849172296226
"Item19",-1.96289111281885,2.14012672025033
"Item20",1.55700647314654,1.00144150270672
