"Items","Difficulty","Discrimination"
"Item1",-0.771858014127619,0.486031358011679
"Item2",1.19005498815246,0.800558407973425
"Item3",1.82086374451657,0.578792176736622
"Item4",-1.06866548058001,0.533222862106985
"Item5",-1.68449758781348,0.465595688356792
"Item6",-0.503436714994973,0.471411926742397
"Item7",1.07554454350712,0.459176258303209
"Item8",1.42533360856209,0.442424195316896
"Item9",-0.434295443862728,0.575200993326764
"Item10",2.00978263932805,2.99673175372489
