"Items","Difficulty","Discrimination"
"Item1",0.720843617523443,2.96863169414771
"Item2",-0.368471307519273,0.35677719722888
"Item3",-2.24986021835831,3.32980939023045
"Item4",-0.332474038108307,0.547150665194365
"Item5",1.29823511644515,0.516292303239737
"Item6",-1.26930101118468,0.472862183757001
"Item7",-1.16157569714505,3.39476990914297
"Item8",-0.752456333438291,0.53852697909664
"Item9",0.98021423328308,0.502591979270451
"Item10",-1.11735187816451,0.460916774629694
