"Items","Difficulty","Discrimination"
"Item1",1.16445592793864,0.304666542023714
"Item2",-1.13409432884819,0.486669428655001
"Item3",0.223824704809348,0.799607955263565
"Item4",1.31045022564358,2.93478830636319
"Item5",-1.6527281207395,0.593840475045297
"Item6",-2.07509573571683,0.405220619308271
"Item7",0.303176917179064,0.482138366652012
"Item8",0.710687710367872,0.51574671836068
"Item9",0.436695107253272,0.464333097169804
"Item10",-1.12670472544931,0.460578438570731
