"Items","Difficulty","Discrimination"
"Item1",-1.51888801375114,0.466677826450705
"Item2",1.92844940170149,3.31085855622949
"Item3",-0.290139684042472,3.31645680858286
"Item4",-0.577125433919304,0.5522334600623
"Item5",-1.86979034172128,3.31645431933086
"Item6",1.98450052597662,0.251902733735395
"Item7",0.457434993052411,0.474361372976332
"Item8",0.508099984551037,0.457645053348087
"Item9",0.222687485288563,2.82845751905985
"Item10",-0.544427373723445,0.478542222306306
