"Items","Difficulty","Discrimination"
"Item1",1.88878776515962,0.540482932189826
"Item2",-0.843753750967727,0.425699868488694
"Item3",1.52767315232374,2.552883554922
"Item4",0.00435365859121796,0.450384019299273
"Item5",0.921528370545167,3.1693253813989
"Item6",1.36948268445679,0.41025475308984
"Item7",2.19382174470278,0.532801633067562
"Item8",1.82303534526654,0.515314176609862
"Item9",1.01539998820554,0.3934672112302
"Item10",-1.5545368721257,0.429079416290069
