"Items","Difficulty","Discrimination"
"Item1",0.033942489300383,1
"Item2",0.283287725275142,1
"Item3",-0.298356148706254,3
"Item4",-0.188045964545741,1
"Item5",-0.244638648408921,1
"Item6",0.753916491208112,1
"Item7",0.836909624039668,1
"Item8",0.0699282328304578,1
"Item9",-0.306555685472233,3
"Item10",0.601417922828329,1
