"Items","Difficulty","Discrimination"
"Item1",0.403426854866177,1.85
"Item2",-0.0935845161166653,3
"Item3",0.189023090546631,1.85
"Item4",-0.157017246366286,3
"Item5",0.095167946892831,1.85
"Item6",-0.117878422162759,1.85
"Item7",-0.110387874614493,1.85
"Item8",-0.0845047650842937,3
"Item9",1.11090163176639,1.85
"Item10",0.506308232132868,1.85
