"Items","Difficulty","Discrimination"
"Item1",0.783356879799657,3
"Item2",-0.328012941023792,1.9
"Item3",-0.0852637436463006,1.9
"Item4",0.0946074662928021,1.9
"Item5",0.0956716689148199,1.9
"Item6",-0.400529988524809,1.9
"Item7",0.5699129624145,1.9
"Item8",0.508061378702585,1.9
"Item9",0.292585845542855,1.9
"Item10",-0.215790266164329,1.9
