"Items","Difficulty","Discrimination"
"Item1",0.238326487129057,1.1
"Item2",-0.181810018040289,1.1
"Item3",0.66915355387062,3
"Item4",0.817410366748665,1.1
"Item5",0.0790265858386532,1.1
"Item6",0.0271765694492411,3
"Item7",-0.00737621041410018,1.1
"Item8",-0.529126933975333,1.1
"Item9",-0.273833716024218,3
"Item10",-0.554543458958749,3
