"Items","Difficulty","Discrimination"
"Item1",-0.350687160932289,0.8
"Item2",-0.945904727782686,0.8
"Item3",-0.52510748464315,3
"Item4",-0.685657659339165,3
"Item5",0.720496033291062,0.8
"Item6",-0.0237357566179797,0.8
"Item7",0.372107967936564,0.8
"Item8",0.860582304961406,0.8
"Item9",0.0245950467546393,0.8
"Item10",-0.836427222688274,3
