"Items","Difficulty","Discrimination"
"Item1",-0.261272599618047,3
"Item2",-0.112517742330586,3
"Item3",0.36124172165249,3
"Item4",0.0888369965419685,3
"Item5",-0.265775226447505,1.4
"Item6",-0.37324176366567,1.4
"Item7",0.495480572157454,3
"Item8",0.302960566952201,1.4
"Item9",-0.338515297101515,1.4
"Item10",0.478590677914754,1.4
