"Items","Difficulty","Discrimination"
"Item1",-0.0365941106601791,3
"Item2",0.335326627742025,1.35
"Item3",-0.449761198897661,1.35
"Item4",-0.932618629366218,1.35
"Item5",-0.466910241967676,1.35
"Item6",0.127852469622107,1.35
"Item7",-0.168937301775583,1.35
"Item8",-0.117994936191364,1.35
"Item9",-0.0513019272075043,1.35
"Item10",-0.170555140647861,1.35
