"Items","Difficulty","Discrimination"
"Item1",0.434489171125935,3
"Item2",0.325927717316122,1
"Item3",-0.0168971443926377,1
"Item4",-0.278866929207489,1
"Item5",-0.750676338424476,3
"Item6",0.860515057929477,3
"Item7",0.891583364074943,1
"Item8",-0.483915676245908,1
"Item9",0.10377430658386,1
"Item10",-0.723868103892543,3
