"Items","Difficulty","Discrimination"
"Item1",0.41919153554971,0.85
"Item2",-0.27138547677981,0.85
"Item3",-1.13975435889201,3
"Item4",-0.170584479240487,0.85
"Item5",-0.418757792201513,3
"Item6",-0.198345898725846,0.85
"Item7",0.387655897195554,0.85
"Item8",0.445892558038537,0.85
"Item9",0.106232581987943,0.85
"Item10",0.82143536921837,3
