"Items","Difficulty","Discrimination"
"Item1",0.143299806259745,3
"Item2",-0.383040051495599,3
"Item3",0.161086070163058,3
"Item4",-0.154132958534569,0.9
"Item5",0.541653983522955,0.9
"Item6",-0.170527556709205,0.9
"Item7",0.134698579487251,3
"Item8",-0.734280766525683,3
"Item9",0.323753561688742,0.9
"Item10",0.0421059507749647,3
