"Items","Difficulty","Discrimination"
"Item1",0.261437287880949,3
"Item2",0.2469418060655,0.55
"Item3",-0.493376795754206,0.55
"Item4",-0.506789255602092,0.55
"Item5",-0.208914822528789,3
"Item6",-0.204587000023687,0.55
"Item7",0.423939672600163,0.55
"Item8",0.551642913631599,0.55
"Item9",0.705680996041324,0.55
"Item10",0.150676882326668,0.55
