"Items","Difficulty","Discrimination"
"Item1",-0.292889344523986,1.7
"Item2",-0.0945057344078604,1.7
"Item3",0.266019488626066,1.7
"Item4",0.0653828212869665,3
"Item5",1.02053531520213,1.7
"Item6",0.049751533345829,1.7
"Item7",-0.0828605923997544,3
"Item8",-0.97019493028684,1.7
"Item9",0.547721205467385,1.7
"Item10",0.00153390836304607,1.7
