"Items","Difficulty","Discrimination"
"Item1",-0.188045690795435,1
"Item2",-0.0238250596505163,1
"Item3",-0.201767267468083,3
"Item4",-0.154059666437366,3
"Item5",-0.23419094288847,1
"Item6",-0.680703859635703,1
"Item7",-0.25154444498318,1
"Item8",0.107894716659033,1
"Item9",0.373782560571001,1
"Item10",0.527530165563834,1
