"Items","Difficulty","Discrimination"
"Item1",0.780516833250398,0.5
"Item2",-0.439451835362604,0.5
"Item3",-0.247316843782773,0.5
"Item4",0.688831440586585,0.5
"Item5",-0.206847143177172,3
"Item6",0.218192589370346,3
"Item7",0.259263884097315,0.5
"Item8",0.479920723643515,0.5
"Item9",0.41733806016529,0.5
"Item10",-0.242361054107251,3
