"Items","Difficulty","Discrimination"
"Item1",0.664731759179061,3
"Item2",0.297973541280046,0.9
"Item3",-0.430086062934676,3
"Item4",0.423920676667969,3
"Item5",-0.243041830660467,0.9
"Item6",0.535008643896098,0.9
"Item7",0.774882056015626,3
"Item8",0.0621572008699647,0.9
"Item9",0.214959897850741,0.9
"Item10",0.19245053664519,0.9
