"Items","Difficulty","Discrimination"
"Item1",0.1781783738447,1.35
"Item2",-0.069388809278962,1.35
"Item3",0.114211765774166,1.35
"Item4",0.0275289761537145,3
"Item5",0.00764958401686779,1.35
"Item6",1.31815380110648,3
"Item7",0.312506150119036,3
"Item8",-0.295443299089034,3
"Item9",-0.485614226338641,3
"Item10",-0.475779552504193,1.35
