"Items","Difficulty","Discrimination"
"Item1",0.228955850087286,3
"Item2",0.308817873809168,3
"Item3",0.327273634069361,0.7
"Item4",0.55167305986051,0.7
"Item5",-0.0742985349962579,3
"Item6",-0.852722245889519,0.7
"Item7",0.173563414080833,3
"Item8",0.44849814619785,0.7
"Item9",-0.00715626750840339,3
"Item10",-0.544331774960173,3
