"Items","Difficulty","Discrimination"
"Item1",0.669547190536846,1.2
"Item2",-0.0297782871906985,3
"Item3",-0.16259753959803,1.2
"Item4",0.034847697077168,1.2
"Item5",1.27233492679817,1.2
"Item6",0.080597844185999,1.2
"Item7",-0.18397467064615,3
"Item8",0.269501848385471,1.2
"Item9",-0.540211082193399,3
"Item10",-0.531071578943109,1.2
