"Items","Difficulty","Discrimination"
"Item1",-0.665755831892661,1.55
"Item2",0.217847482660267,1.55
"Item3",0.259400830899947,1.55
"Item4",0.909946466420811,3
"Item5",0.0605013464173856,1.55
"Item6",0.72420924882053,1.55
"Item7",0.198421899769383,1.55
"Item8",0.671592654539439,3
"Item9",0.511452050018678,3
"Item10",-0.40640819573471,1.55
