"Items","Difficulty","Discrimination"
"Item1",-0.198121114994422,1.1
"Item2",-0.890083960344502,3
"Item3",-0.36544970139836,1.1
"Item4",0.570352198545185,1.1
"Item5",-1.0914132787294,1.1
"Item6",-0.987192315935457,1.1
"Item7",0.461883424902708,3
"Item8",-0.449811565453203,1.1
"Item9",0.0482416300964764,1.1
"Item10",0.0014841680609887,3
