"Items","Difficulty","Discrimination"
"Item1",-0.117362817640526,0.9
"Item2",-0.58719802935912,3
"Item3",0.323215265607805,0.9
"Item4",-0.19877958773221,0.9
"Item5",-0.141359714961406,0.9
"Item6",0.436456874478839,0.9
"Item7",-0.153258061346294,0.9
"Item8",0.380685558117443,0.9
"Item9",0.110281006960762,3
"Item10",-0.207611940617825,0.9
