"Items","Difficulty","Discrimination"
"Item1",-0.343592093422922,0.2
"Item2",-0.0791869380385405,3
"Item3",-0.0811626550204139,0.2
"Item4",0.00170232178082287,3
"Item5",-0.168677579755923,0.2
"Item6",0.849619577391976,0.2
"Item7",-0.00182166420165102,3
"Item8",0.780840172595108,3
"Item9",-0.634256836525214,3
"Item10",-0.548004556849477,0.2
