"Items","Difficulty","Discrimination"
"Item1",-0.18556016530256,3
"Item2",-1.15588561853665,0.8
"Item3",-0.469401243533222,0.8
"Item4",0.0745852208269233,3
"Item5",-0.628380647099689,0.8
"Item6",-0.194408769374153,0.8
"Item7",0.0606106917654015,0.8
"Item8",-0.81705525161263,3
"Item9",-0.376424539473376,0.8
"Item10",-0.318013079993994,0.8
