"Items","Difficulty","Discrimination"
"Item1",0.949806469434042,0.2
"Item2",0.320528011738073,0.2
"Item3",0.660833162049111,0.2
"Item4",-0.440289640587302,0.2
"Item5",-0.418509983548247,0.2
"Item6",-0.217538117456033,0.2
"Item7",-0.00480203470614817,0.2
"Item8",0.43150031459229,0.2
"Item9",0.396412950843458,0.2
"Item10",0.347696903264463,0.2
