"Items","Difficulty","Discrimination"
"Item1",0.503201159924344,0.35
"Item2",-0.0253771631648922,0.35
"Item3",-0.247933771200228,0.35
"Item4",0.74543551243106,0.35
"Item5",-0.154227548805984,3
"Item6",-0.316990548139608,0.35
"Item7",-0.926284962647573,0.35
"Item8",0.0888619015588145,0.35
"Item9",-0.257121019934688,0.35
"Item10",-0.491413879200221,0.35
