"Items","Difficulty","Discrimination"
"Item1",-0.555587910033119,0.35
"Item2",-0.00846842927407295,0.35
"Item3",0.782970679314269,0.35
"Item4",-0.249831023259189,0.35
"Item5",0.390997921732677,3
"Item6",0.453702843091412,0.35
"Item7",-0.810852064493129,0.35
"Item8",-0.33642004403237,0.35
"Item9",1.0581183678451,0.35
"Item10",0.212046668890076,0.35
