"Items","Difficulty","Discrimination"
"Item1",-0.0729022517070271,0.3
"Item2",-0.71398230068393,3
"Item3",0.371372101506426,0.3
"Item4",0.936311185062666,0.3
"Item5",0.176388713467831,0.3
"Item6",0.143863281875236,0.3
"Item7",0.0163195469727374,0.3
"Item8",-0.0911661093765112,3
"Item9",0.544478786366192,0.3
"Item10",0.301365967334865,0.3
