"Items","Difficulty","Discrimination"
"Item1",0.570379954951886,1.7
"Item2",0.0838345756890741,1.7
"Item3",-0.0248122911804691,1.7
"Item4",-0.81251615206479,1.7
"Item5",-0.0680800224838077,1.7
"Item6",0.282288354504253,1.7
"Item7",-0.377873376680201,3
"Item8",0.194503156374751,1.7
"Item9",0.134490801301202,1.7
"Item10",0.187227078885919,3
