"Items","Difficulty","Discrimination"
"Item1",0.353575068749082,3
"Item2",0.206484527131581,1.6
"Item3",-0.0574493430055773,3
"Item4",0.380905350449672,1.6
"Item5",-0.406464198097068,3
"Item6",-0.972429983719919,3
"Item7",-0.657765429075415,1.6
"Item8",0.631445505644439,1.6
"Item9",0.26621394243688,1.6
"Item10",0.730131623022903,3
