"Items","Difficulty","Discrimination"
"Item1",0.216783092457482,1.2
"Item2",0.204274306544933,1.2
"Item3",-0.0605420313701429,1.2
"Item4",-0.0696824442014565,3
"Item5",0.447879929348525,1.2
"Item6",0.793553936523175,1.2
"Item7",-0.171753686074189,3
"Item8",0.561004620200939,1.2
"Item9",1.36605250968512,1.2
"Item10",0.0985712974998964,3
