"Items","Difficulty","Discrimination"
"Item1",0.164295259154371,1.2
"Item2",0.445317073074536,1.2
"Item3",0.58420515800911,1.2
"Item4",0.497798747938643,1.2
"Item5",-0.816018521379504,3
"Item6",-0.133995379852794,1.2
"Item7",-0.228897815911843,3
"Item8",0.132922591071096,1.2
"Item9",-0.474620128949157,1.2
"Item10",0.233401164892203,3
