"Items","Difficulty","Discrimination"
"Item1",-0.117641904631786,1.95
"Item2",-0.341795838573335,3
"Item3",-0.0186513682363711,1.95
"Item4",-0.612851428658942,3
"Item5",-0.08708284267588,3
"Item6",1.13261083056433,1.95
"Item7",-0.0624307182047497,1.95
"Item8",0.262600803007297,1.95
"Item9",-0.00446440311358243,3
"Item10",0.549058092561913,3
