"Items","Difficulty","Discrimination"
"Item1",0.439492814056353,0.3
"Item2",-0.174635111092894,0.3
"Item3",0.119970647087113,3
"Item4",-0.720076823155633,0.3
"Item5",-0.350602236936291,0.3
"Item6",0.0815892028986105,0.3
"Item7",-0.658982605820374,3
"Item8",0.283103193153693,0.3
"Item9",0.0602962641548275,0.3
"Item10",0.122482690374657,0.3
