"Items","Difficulty","Discrimination"
"Item1",0.0592667353731348,1.9
"Item2",-0.891609635377241,1.9
"Item3",-0.232459348821109,1.9
"Item4",0.0351993481330304,1.9
"Item5",-0.849969350370569,1.9
"Item6",0.340663900975059,1.9
"Item7",0.511921019940542,1.9
"Item8",-0.120102065409658,3
"Item9",0.734610492350441,1.9
"Item10",-0.128063617665075,3
