"Items","Difficulty","Discrimination"
"Item1",-0.171807802171227,1.9
"Item2",-0.311418248543646,1.9
"Item3",-0.722758763569638,1.9
"Item4",0.106339953653606,3
"Item5",-0.625669555235673,1.9
"Item6",-0.777089620085966,1.9
"Item7",-0.463664193016518,1.9
"Item8",-0.235879177653979,1.9
"Item9",0.364307754156356,1.9
"Item10",-0.0979340922818524,3
