"Items","Difficulty","Discrimination"
"Item1",-0.0522538664287641,1.65
"Item2",0.07353216650674,1.65
"Item3",0.808919644077075,1.65
"Item4",-0.11564241702151,1.65
"Item5",-0.242857930981041,3
"Item6",0.601497397431819,1.65
"Item7",0.0933919160222912,1.65
"Item8",0.580716934470662,1.65
"Item9",0.381509179619765,1.65
"Item10",0.585610726117389,1.65
