"Items","Difficulty","Discrimination"
"Item1",1.05409840602234,1.9
"Item2",-0.898773097593814,1.9
"Item3",0.0763191982009546,1.9
"Item4",0.0477042132191169,3
"Item5",-0.135166799891735,1.9
"Item6",1.24246331483009,1.9
"Item7",-0.0994145383714241,1.9
"Item8",-0.0925650485141977,1.9
"Item9",0.280977620599328,3
"Item10",0.774547807894872,1.9
