"Items","Difficulty","Discrimination"
"Item1",1.02481353977662,3
"Item2",-0.308624379246416,3
"Item3",0.800341202235806,1.6
"Item4",-0.343365788764753,1.6
"Item5",-0.41242782407197,1.6
"Item6",0.241739872816783,1.6
"Item7",0.027784134878337,1.6
"Item8",-0.0533106473962616,1.6
"Item9",-0.514560242832629,1.6
"Item10",-0.11389097734008,3
