"Items","Difficulty","Discrimination"
"Item1",-0.691102363753551,3
"Item2",-0.275278576798879,0.5
"Item3",0.330797320210581,3
"Item4",0.34069195014875,0.5
"Item5",-0.0572670994752524,0.5
"Item6",-1.00945625016433,3
"Item7",0.625580868127543,0.5
"Item8",-0.280272637028443,0.5
"Item9",-0.383012847670287,0.5
"Item10",-0.821875683885231,0.5
