"Items","Difficulty","Discrimination"
"Item1",-0.24680916812098,0.3
"Item2",0.0845508217969411,0.3
"Item3",-0.725256912025335,0.3
"Item4",-0.142361083759355,3
"Item5",-0.278684923861753,0.3
"Item6",0.69042147371147,3
"Item7",-0.261419482856775,3
"Item8",0.44531677098396,0.3
"Item9",-0.365329729748981,0.3
"Item10",0.00329432194778999,0.3
