"Items","Difficulty","Discrimination"
"Item1",-0.591971474797335,0.3
"Item2",0.684298475003638,3
"Item3",0.84057005611588,0.3
"Item4",-0.474868251177537,3
"Item5",-0.336263558201745,0.3
"Item6",0.145011591979002,0.3
"Item7",-0.497513963265496,0.3
"Item8",0.98469263778446,3
"Item9",-0.305845267575104,0.3
"Item10",1.05637966065708,0.3
