"Items","Difficulty","Discrimination"
"Item1",-0.843442127987345,0.25
"Item2",0.827874953307066,0.25
"Item3",0.525724735750353,3
"Item4",0.0946358162295311,0.25
"Item5",0.338900535703086,0.25
"Item6",-0.432575422720224,0.25
"Item7",-0.16895026858519,3
"Item8",0.758753775347453,0.25
"Item9",-0.419501875536798,0.25
"Item10",-0.61561027699302,0.25
