"Items","Difficulty","Discrimination"
"Item1",-0.359367755409763,0.25
"Item2",-0.669453092471103,0.25
"Item3",-0.0439011149309517,0.25
"Item4",-0.656876852043223,0.25
"Item5",0.357635964397521,0.25
"Item6",0.769757416365213,0.25
"Item7",-0.577521622103602,0.25
"Item8",0.0330894734062013,3
"Item9",0.0886476230191527,0.25
"Item10",-0.00961442344789688,0.25
