"Items","Difficulty","Discrimination"
"Item1",-0.752677762110134,1.7
"Item2",-0.503659668310481,1.7
"Item3",0.879409884706105,1.7
"Item4",-0.0965644809098742,3
"Item5",-0.340050388111448,1.7
"Item6",-0.127019481788154,1.7
"Item7",0.735713583578197,1.7
"Item8",0.718794686460305,3
"Item9",0.0528874582937121,1.7
"Item10",-1.45795141465211,1.7
