"Items","Difficulty","Discrimination"
"Item1",-0.519086981674915,3
"Item2",0.55770481574814,0.25
"Item3",-0.703908607156263,3
"Item4",0.673807674420753,0.25
"Item5",0.278090136157631,0.25
"Item6",0.878600400271236,3
"Item7",-0.279502071767828,3
"Item8",0.282972627459738,0.25
"Item9",-0.224767533700088,0.25
"Item10",-0.0951798918028545,0.25
