"Items","Difficulty","Discrimination"
"Item1",0.363869794943761,3
"Item2",-0.218015449408526,1.35
"Item3",-0.110887789623671,1.35
"Item4",-0.0482239396711466,1.35
"Item5",0.109240970172897,1.35
"Item6",0.447665338745157,1.35
"Item7",0.268778812210042,3
"Item8",0.0350133162718112,1.35
"Item9",-0.12666214468586,3
"Item10",0.133220598308024,3
