"Items","Difficulty","Discrimination"
"Item1",0.01440279786869,3
"Item2",0.68507802978712,3
"Item3",-0.0259279060333925,1.3
"Item4",0.0988431879745429,3
"Item5",-1.09373707238247,1.3
"Item6",0.838553530505718,1.3
"Item7",-0.611792208792842,3
"Item8",-0.734607738296042,1.3
"Item9",1.04858941677007,1.3
"Item10",0.19166236599473,3
