"Items","Difficulty","Discrimination"
"Item1",-0.244245717060025,3
"Item2",0.280300031539929,3
"Item3",-0.587772954577546,3
"Item4",0.577723834973701,1.2
"Item5",-0.66207039017552,1.2
"Item6",-0.720154634604615,1.2
"Item7",-0.0181820876369612,1.2
"Item8",-0.102620679299838,1.2
"Item9",-0.115813037064527,1.2
"Item10",-0.133461353279276,1.2
