"Items","Difficulty","Discrimination"
"Item1",0.350587915513766,3
"Item2",-0.614789064771826,3
"Item3",0.381188893622429,3
"Item4",0.368860194605644,3
"Item5",-0.498538566805518,1.6
"Item6",-0.264739977616888,1.6
"Item7",-1.07390708999381,1.6
"Item8",-0.276947386061331,3
"Item9",0.644681366563557,1.6
"Item10",-0.409771741661046,3
