"Items","Difficulty","Discrimination"
"Item1",-0.0495185181385101,3
"Item2",-0.297944397522233,0.5
"Item3",0.287342982725432,0.5
"Item4",0.389788277331019,0.5
"Item5",0.382063578196614,3
"Item6",0.127239874029248,0.5
"Item7",0.213694219367578,0.5
"Item8",-0.349178508606357,0.5
"Item9",0.848108965657036,0.5
"Item10",0.0887175244657992,0.5
