"Items","Difficulty","Discrimination"
"Item1",0.0191559433802712,0.8
"Item2",-0.0861714545085071,0.8
"Item3",0.500249664367671,3
"Item4",-0.433856721616637,0.8
"Item5",-0.505214510727414,3
"Item6",-1.12451118418585,0.8
"Item7",0.358338458840292,0.8
"Item8",0.356958231284541,0.8
"Item9",0.11301781987262,3
"Item10",0.961935552689507,3
