"Items","Difficulty","Discrimination"
"Item1",-0.418792598507741,1.9
"Item2",0.574200126489,1.9
"Item3",-0.522953008396156,1.9
"Item4",0.734468617256268,1.9
"Item5",0.808705345164043,3
"Item6",0.262311539910689,3
"Item7",-0.0894031310268845,1.9
"Item8",0.720028388092625,1.9
"Item9",-0.22258944297789,3
"Item10",-0.0560242920216636,1.9
