"Items","Difficulty","Discrimination"
"Item1",-0.0904559042170561,0.2
"Item2",0.208020560547508,0.2
"Item3",0.252962380901056,3
"Item4",0.56535399776931,3
"Item5",-1.06476303955885,0.2
"Item6",0.125415130498821,0.2
"Item7",-0.0560842588319378,3
"Item8",-0.230967995103718,0.2
"Item9",0.102627306868582,0.2
"Item10",-0.346759269717172,3
