"Items","Difficulty","Discrimination"
"Item1",-0.449900176513293,0.55
"Item2",-0.0770515165384484,0.55
"Item3",-0.165896281893194,0.55
"Item4",-0.192595447520006,0.55
"Item5",0.468861646862367,0.55
"Item6",0.0827819871440777,0.55
"Item7",0.844108388313522,0.55
"Item8",-0.200599404353328,0.55
"Item9",0.459792115938824,0.55
"Item10",0.126669531388893,0.55
