"Items","Difficulty","Discrimination"
"Item1",-0.930331821689514,3
"Item2",-0.37761486305381,1.6
"Item3",-0.569457860274052,1.6
"Item4",-0.463394218505264,1.6
"Item5",-0.186981169008071,1.6
"Item6",0.218170922866063,1.6
"Item7",0.125455601622644,1.6
"Item8",-0.302186352973225,1.6
"Item9",-0.395188439903963,1.6
"Item10",-0.93402224962925,3
