"Items","Difficulty","Discrimination"
"Item1",0.330908284701228,3
"Item2",0.126554193311215,3
"Item3",-0.481446439414776,0.4
"Item4",-0.93021425903728,0.4
"Item5",0.15097743117137,3
"Item6",-0.443535738445563,3
"Item7",-0.855248886991481,3
"Item8",0.259386393446017,0.4
"Item9",0.241291076846864,0.4
"Item10",0.144575483248479,0.4
