"Items","Difficulty","Discrimination"
"Item1",-1.10138081500399,3
"Item2",-0.311656591760042,1.4
"Item3",0.0412053465082338,3
"Item4",0.37550344038422,1.4
"Item5",0.30465596166633,1.4
"Item6",-0.352843454306596,1.4
"Item7",0.339730226107914,3
"Item8",-0.122075520008302,3
"Item9",-0.385370599030103,3
"Item10",0.0610937859948718,3
