"Items","Difficulty","Discrimination"
"Item1",-0.311778428002322,1.3
"Item2",0.389671074878236,1.3
"Item3",0.476992813946222,1.3
"Item4",-0.540496269891589,1.3
"Item5",0.7451664600246,1.3
"Item6",-0.624655531910534,3
"Item7",0.429394828137735,1.3
"Item8",-0.405312383239044,1.3
"Item9",-0.459129172107167,1.3
"Item10",-0.112472443875161,1.3
