"Items","Difficulty","Discrimination"
"Item1",0.582499233756514,1.3
"Item2",-0.939084838518192,1.3
"Item3",-0.000250572397100051,1.3
"Item4",-0.609161616561747,1.3
"Item5",0.114679910018907,1.3
"Item6",-0.529671584482892,3
"Item7",0.342064771294939,1.3
"Item8",0.40660085898887,1.3
"Item9",0.152429069701819,1.3
"Item10",-0.697751021509743,1.3
