"Items","Difficulty","Discrimination"
"Item1",-0.0306136707817442,3
"Item2",-0.0736141721851688,1.6
"Item3",0.144516156095053,1.6
"Item4",1.27753121040493,1.6
"Item5",0.523387779497411,1.6
"Item6",0.00902194225929224,1.6
"Item7",-0.20538861941066,1.6
"Item8",-0.129646640594415,1.6
"Item9",0.0733784647883319,1.6
"Item10",0.275837622180476,3
