"Items","Difficulty","Discrimination"
"Item1",0.109994376250055,1
"Item2",0.38713592659816,1
"Item3",-0.491866392594486,3
"Item4",0.0974602864429977,1
"Item5",-0.135075602297361,1
"Item6",-0.417985211181655,1
"Item7",0.518718294092599,1
"Item8",0.874544687834727,1
"Item9",0.317417330001359,1
"Item10",-0.795538586401266,1
