"Items","Difficulty","Discrimination"
"Item1",0.0319538690855793,3
"Item2",1.20071181645487,3
"Item3",0.825254976913843,0.8
"Item4",-0.573043715320478,0.8
"Item5",0.325635311456657,0.8
"Item6",0.183626870053251,3
"Item7",0.59497157227406,0.8
"Item8",-0.46989336872347,0.8
"Item9",0.122155764186333,0.8
"Item10",-0.00119994309644283,0.8
