"Items","Difficulty","Discrimination"
"Item1",0.198330183066024,0.85
"Item2",-0.715693414357164,0.85
"Item3",0.330513749130066,0.85
"Item4",-0.398395249375801,3
"Item5",0.357264457740255,0.85
"Item6",0.727674320219811,0.85
"Item7",-0.0131990328537631,3
"Item8",0.280742382470997,0.85
"Item9",-0.606676106577967,3
"Item10",-0.239853639967206,0.85
