"Items","Difficulty","Discrimination"
"Item1",0.94021714106371,0.2
"Item2",-0.107406985838113,3
"Item3",-0.144051826647231,0.2
"Item4",-0.170614603686544,3
"Item5",-0.232258851047322,3
"Item6",-0.461167690949501,0.2
"Item7",0.250091513099033,0.2
"Item8",1.17000522671935,3
"Item9",-0.0770630166231516,3
"Item10",0.225928102764113,0.2
