"Items","Difficulty","Discrimination"
"Item1",-0.337570413185751,0.8
"Item2",-0.23437972161969,0.8
"Item3",0.23979169603384,0.8
"Item4",-0.318198369891714,0.8
"Item5",0.0998083185850054,0.8
"Item6",-0.191771583540989,3
"Item7",-0.174324022195504,0.8
"Item8",0.186897807105973,0.8
"Item9",-0.26484692295496,0.8
"Item10",-0.28479581862515,0.8
