"Items","Difficulty","Discrimination"
"Item1",-0.91537439849909,0.6
"Item2",0.292641416042944,0.6
"Item3",-0.472649981695641,3
"Item4",0.130831424528253,3
"Item5",-0.79354168768243,0.6
"Item6",-0.282273622743768,0.6
"Item7",-0.0816589167749076,0.6
"Item8",-0.78878212637128,0.6
"Item9",0.206965260431082,0.6
"Item10",-0.106478462208079,0.6
