"Items","Difficulty","Discrimination"
"Item1",0.730420255362395,0.5
"Item2",0.260880910037333,3
"Item3",-0.66524772926345,0.5
"Item4",0.08418208314543,0.5
"Item5",-0.481814024807048,0.5
"Item6",1.03817184459865,0.5
"Item7",0.311188136441816,0.5
"Item8",0.0170869179100767,3
"Item9",-0.471225064252334,0.5
"Item10",0.154112543997362,0.5
