"Items","Difficulty","Discrimination"
"Item1",0.964892983960909,0.4
"Item2",0.109155173096108,0.4
"Item3",0.520706519738918,3
"Item4",0.0426909142740976,3
"Item5",0.589494538757299,0.4
"Item6",-0.699618093503982,3
"Item7",0.253430738806033,0.4
"Item8",-0.343341561349249,0.4
"Item9",0.887024226854596,0.4
"Item10",0.0382352128276236,0.4
