"Items","Difficulty","Discrimination"
"Item1",0.878633804815375,1.4
"Item2",-0.474564778997742,1.4
"Item3",-0.1007683260208,1.4
"Item4",-0.105746362344822,1.4
"Item5",-0.339830883085491,1.4
"Item6",-0.234879237104301,3
"Item7",0.0966341293432794,3
"Item8",1.1259602155074,1.4
"Item9",0.0685725480270183,1.4
"Item10",0.240343930554018,1.4
