"Items","Difficulty","Discrimination"
"Item1",0.0776254985452733,3
"Item2",-0.135480988191338,0.7
"Item3",0.000905840816449649,0.7
"Item4",-0.108357941258067,3
"Item5",-0.164415425610702,0.7
"Item6",-0.573917079963859,0.7
"Item7",-0.410202325556718,0.7
"Item8",-0.133124123452424,3
"Item9",-0.187802590237801,3
"Item10",0.561994997952674,0.7
