"Items","Difficulty","Discrimination"
"Item1",0.723280494239454,1.7
"Item2",-0.337939479261369,3
"Item3",-0.299860388285509,1.7
"Item4",0.436099877086604,1.7
"Item5",0.647111283694359,1.7
"Item6",0.904260303082509,1.7
"Item7",0.519935294722764,1.7
"Item8",-0.59278484236129,1.7
"Item9",-0.287662841752743,1.7
"Item10",0.25642640678286,1.7
