"Items","Difficulty","Discrimination"
"Item1",0.268416484808694,1.4
"Item2",0.719862052841008,1.4
"Item3",0.79756022118158,3
"Item4",-0.550773856469047,1.4
"Item5",0.191629208167188,3
"Item6",0.302104649897716,3
"Item7",0.274364429169261,3
"Item8",-0.584993166172752,1.4
"Item9",0.438073186546141,3
"Item10",0.783663504709157,3
