"Items","Difficulty","Discrimination"
"Item1",-0.415853341169358,3
"Item2",0.199580949435739,3
"Item3",0.012091677665427,3
"Item4",-0.668081630566756,3
"Item5",-0.697488546019683,3
"Item6",0.0442060342887787,0.9
"Item7",0.660267162861706,0.9
"Item8",0.473339177609732,0.9
"Item9",-0.580237522553725,0.9
"Item10",0.316161248373709,0.9
