"Items","Difficulty","Discrimination"
"Item1",-0.230574781507372,1.1
"Item2",0.467972950938657,1.1
"Item3",-0.524384889740625,1.1
"Item4",1.30874768323197,3
"Item5",-0.206349800457601,3
"Item6",0.100485497098484,3
"Item7",0.613146812517299,1.1
"Item8",0.129282301207357,3
"Item9",0.303117516575434,3
"Item10",0.973769123499634,3
