"Items","Difficulty","Discrimination"
"Item1",0.353699014337277,3
"Item2",-0.985415124839957,3
"Item3",-0.0693921711678677,3
"Item4",0.144446423988093,1.05
"Item5",0.520332485943566,3
"Item6",0.353976180822048,1.05
"Item7",1.76099024667193,1.05
"Item8",-0.343567418762242,1.05
"Item9",0.889854676016943,1.05
"Item10",0.0408897890760571,1.05
