"Items","Difficulty","Discrimination"
"Item1",-0.444506054561655,1.3
"Item2",0.0915299207250981,1.3
"Item3",-0.0297221508733772,1.3
"Item4",0.265564112316098,1.3
"Item5",0.397390950961326,1.3
"Item6",-0.480661954919568,3
"Item7",0.458334774514574,1.3
"Item8",-0.374648822641034,3
"Item9",-0.35956144921615,1.3
"Item10",-0.616571289337718,1.3
