"Items","Difficulty","Discrimination"
"Item1",0.0750529779728644,0.2
"Item2",0.318488471097566,0.2
"Item3",-0.224615713602242,3
"Item4",0.0379991923834879,0.2
"Item5",0.359311225451365,3
"Item6",0.0660457843034405,0.2
"Item7",-0.063509518161071,0.2
"Item8",1.3957957963852,0.2
"Item9",-1.00671468239361,0.2
"Item10",-0.0452207934667652,0.2
