"Items","Difficulty","Discrimination"
"Item1",-0.0676914539518524,0.9
"Item2",0.626108397259712,0.9
"Item3",-0.384849368656423,3
"Item4",0.319686649623655,3
"Item5",-1.13841420144018,3
"Item6",-0.114502303157172,0.9
"Item7",-0.576206670739729,3
"Item8",-0.00154895838121204,3
"Item9",0.63464053451097,0.9
"Item10",-0.831459097494879,3
