"Items","Difficulty","Discrimination"
"Item1",-0.0437662594710869,1.35
"Item2",0.711689773245183,1.35
"Item3",-0.467682349081922,1.35
"Item4",-1.34452797529871,1.35
"Item5",0.137843335742723,1.35
"Item6",-0.811668328550889,3
"Item7",0.00726908891648351,1.35
"Item8",0.32495095799626,1.35
"Item9",0.591377057776615,1.35
"Item10",0.721762301502713,3
