"Items","Difficulty","Discrimination"
"Item1",0.17016494633683,3
"Item2",0.153425969122513,3
"Item3",0.514729690356326,1.3
"Item4",-0.0904375481098371,1.3
"Item5",-0.438484578570519,1.3
"Item6",0.21772830591419,1.3
"Item7",-0.0310805457256408,1.3
"Item8",0.139649374862678,1.3
"Item9",-0.220479287083343,3
"Item10",0.00978754910909231,1.3
