"Items","Difficulty","Discrimination"
"Item1",-0.435955183311236,0.4
"Item2",-0.0539200905377968,0.4
"Item3",-0.314910519548005,0.4
"Item4",-0.838268164889087,0.4
"Item5",-0.319258957420688,3
"Item6",-1.18753599382212,0.4
"Item7",-0.44392168981261,3
"Item8",-0.185871838052721,0.4
"Item9",-0.102313060118454,3
"Item10",-0.22103559531015,0.4
