"Items","Difficulty","Discrimination"
"Item1",0.115929000267688,3
"Item2",-0.451084066055836,1.05
"Item3",0.459665022026472,1.05
"Item4",0.933239832006278,3
"Item5",-0.453335656033114,3
"Item6",0.321189059673202,1.05
"Item7",-0.41452302860693,1.05
"Item8",-0.189247148278519,1.05
"Item9",-0.587328372943242,1.05
"Item10",-0.513725847392716,1.05
