"Items","Difficulty","Discrimination"
"Item1",0.147401766316353,0.3
"Item2",-0.617350473899221,0.3
"Item3",0.294830233427104,0.3
"Item4",-0.542538879317162,0.3
"Item5",-0.927790081553406,0.3
"Item6",0.482813089454121,0.3
"Item7",-0.149603601623934,0.3
"Item8",0.664420328712003,0.3
"Item9",0.823894211643291,0.3
"Item10",0.729293869925584,0.3
