"Items","Difficulty","Discrimination"
"Item1",0.622201125662725,1.55
"Item2",0.154402281476504,1.55
"Item3",-0.198810791495557,3
"Item4",0.0137271936257302,1.55
"Item5",-0.0334030861566025,3
"Item6",-0.108855043608707,3
"Item7",-1.20077056375331,1.55
"Item8",-0.172566900160625,1.55
"Item9",-0.58185826651582,3
"Item10",-0.364945978500984,3
