"Items","Difficulty","Discrimination"
"Item1",-0.318157161127013,1.5
"Item2",-0.742455028800296,1.5
"Item3",0.519596327154242,1.5
"Item4",0.455217331494572,3
"Item5",0.231052483827681,3
"Item6",-0.295917518474426,1.5
"Item7",-0.690992430774708,3
"Item8",0.657758339063458,1.5
"Item9",-0.366197456308237,1.5
"Item10",0.109729997616958,1.5
