"Items","Difficulty","Discrimination"
"Item1",-0.395697495309149,1.9
"Item2",-0.509444808168125,3
"Item3",-0.0141434930879503,1.9
"Item4",0.560072387132732,1.9
"Item5",-1.02723358438969,1.9
"Item6",-0.346870093094967,1.9
"Item7",-0.200769978132547,1.9
"Item8",0.63092376842219,3
"Item9",1.19079318401915,3
"Item10",0.572283080994705,1.9
