"Items","Difficulty","Discrimination"
"Item1",-0.0775221419283633,1.05
"Item2",-0.242162507997364,3
"Item3",-0.764796387106319,3
"Item4",0.0151766980388518,1.05
"Item5",0.296625606300237,1.05
"Item6",0.230484891664894,1.05
"Item7",1.46297286343635,1.05
"Item8",-0.308810891378335,1.05
"Item9",-0.285381069806857,1.05
"Item10",0.364910652463121,3
