"Items","Difficulty","Discrimination"
"Item1",-0.567777684851489,3
"Item2",0.37075490266214,3
"Item3",-0.424555676077065,3
"Item4",0.226773781873271,1.3
"Item5",-0.403074143304343,3
"Item6",-0.140329390039919,3
"Item7",-0.323989140689627,1.3
"Item8",0.634311386650001,1.3
"Item9",0.512148111532669,1.3
"Item10",0.217852971066273,1.3
