"Items","Difficulty","Discrimination"
"Item1",-1.00014669844768,1.35
"Item2",1.02002176595901,1.35
"Item3",0.0514514432131373,1.35
"Item4",0.64647324366468,1.35
"Item5",0.807226855707513,1.35
"Item6",0.396589060164024,3
"Item7",-0.4902500449192,1.35
"Item8",0.257645820210162,1.35
"Item9",-0.377974698451274,3
"Item10",0.836306409747172,1.35
