"Items","Difficulty","Discrimination"
"Item1",0.475532697707105,0.4
"Item2",-0.12677405681675,0.4
"Item3",-0.290210610378351,3
"Item4",-0.0117419501699993,0.4
"Item5",0.179539199517658,0.4
"Item6",-1.07422949411023,0.4
"Item7",-0.138904186297725,0.4
"Item8",-0.633645245608111,3
"Item9",-0.0226428065671216,0.4
"Item10",-0.629075359024637,0.4
