"Items","Difficulty","Discrimination"
"Item1",0.973604950361608,0.85
"Item2",-0.706779028884289,3
"Item3",-0.153498685006507,3
"Item4",-0.140988441513821,0.85
"Item5",-0.297806151356919,0.85
"Item6",-0.164084643322294,0.85
"Item7",-0.120832952671731,0.85
"Item8",-0.106708193833334,0.85
"Item9",0.491128530778993,0.85
"Item10",-0.0926855093061156,0.85
