"Items","Difficulty","Discrimination"
"Item1",0.0611055810428948,3
"Item2",-1.56135880352129,3
"Item3",-0.208644945285266,0.45
"Item4",-1.11128582821839,3
"Item5",1.04598004598558,0.45
"Item6",-0.458422862659824,0.45
"Item7",-0.586626483648138,0.45
"Item8",0.553457930364821,0.45
"Item9",-0.0780199305885206,0.45
"Item10",-0.0899080884471814,3
