"Items","Difficulty","Discrimination"
"Item1",0.577576898942456,1.95
"Item2",0.00260030379501476,1.95
"Item3",0.6146304188321,1.95
"Item4",0.0720636057076406,1.95
"Item5",0.54805612954479,1.95
"Item6",-0.263188342714548,1.95
"Item7",0.356856233605489,3
"Item8",0.124210519424782,1.95
"Item9",-0.183239448175739,3
"Item10",-0.0483112803557626,1.95
