"Items","Difficulty","Discrimination"
"Item1",0.425740416707932,3
"Item2",0.708803235638995,1.9
"Item3",0.420996271769544,1.9
"Item4",0.355300602222474,3
"Item5",1.19457418831899,3
"Item6",0.50986924737006,3
"Item7",-0.164662443183829,3
"Item8",1.53360407308475,3
"Item9",0.234699399488634,1.9
"Item10",-0.670906998012731,3
