"Items","Difficulty","Discrimination"
"Item1",0.596863618499431,1.5
"Item2",-0.0193235363517108,1.5
"Item3",-0.196721128454966,1.5
"Item4",0.7878875708329,1.5
"Item5",0.853390310971294,1.5
"Item6",-0.963272715144014,3
"Item7",0.468905593265326,1.5
"Item8",-0.655643697004115,3
"Item9",0.527386058629687,3
"Item10",0.16865658711701,1.5
