"Items","Difficulty","Discrimination"
"Item1",0.317351717270023,3
"Item2",0.412637928911792,0.6
"Item3",0.0727936517686575,3
"Item4",0.147486212100199,0.6
"Item5",-1.04708804680634,0.6
"Item6",-0.834815336433051,3
"Item7",0.75267733056935,0.6
"Item8",-0.100778782859195,0.6
"Item9",-0.123603281653751,0.6
"Item10",0.0307342963525458,3
