"Items","Difficulty","Discrimination"
"Item1",-0.390634713195529,1.2
"Item2",-0.286183260588984,3
"Item3",0.884978534855723,1.2
"Item4",-0.0317876053553183,1.2
"Item5",1.05911549492081,1.2
"Item6",0.0223483236118391,1.2
"Item7",-0.100144983437386,3
"Item8",1.35541054534931,1.2
"Item9",0.618507281719619,1.2
"Item10",0.463789324356562,1.2
