"Items","Difficulty","Discrimination"
"Item1",-0.237861404984606,0.8
"Item2",0.547397620707005,0.8
"Item3",-0.305884547842334,0.8
"Item4",-0.604645360251953,3
"Item5",0.320347907260127,0.8
"Item6",-0.429506532913612,0.8
"Item7",0.399407292796545,0.8
"Item8",0.46412127985637,3
"Item9",-0.95205080300519,0.8
"Item10",0.258468743277768,0.8
