"Items","Difficulty","Discrimination"
"Item1",0.235341707070643,1.8
"Item2",1.11634001654831,1.8
"Item3",-0.428987074466683,3
"Item4",-1.18099519606099,1.8
"Item5",0.612905832004578,1.8
"Item6",-0.773164228697769,1.8
"Item7",0.532281115898079,1.8
"Item8",-0.0287810597305956,3
"Item9",-0.290734929629639,1.8
"Item10",-0.189978673791866,1.8
