"Items","Difficulty","Discrimination"
"Item1",-0.352334374650099,1.3
"Item2",-0.105137576143327,3
"Item3",-0.500840926344715,1.3
"Item4",-0.184484403587471,1.3
"Item5",-0.427804635565039,1.3
"Item6",-0.131914198463313,1.3
"Item7",-0.226912351673064,3
"Item8",0.225429681999112,1.3
"Item9",-0.0302716768252552,1.3
"Item10",0.601453767866108,1.3
