"Items","Difficulty","Discrimination"
"Item1",0.119698201376207,3
"Item2",0.112804894583793,1.3
"Item3",-0.178784038973092,1.3
"Item4",-0.371123057924782,1.3
"Item5",0.0569145964975583,1.3
"Item6",0.0266668798419936,1.3
"Item7",-0.306153413302443,1.3
"Item8",-0.798410173155077,1.3
"Item9",-0.295158090142182,3
"Item10",1.23943342709324,1.3
