"Items","Difficulty","Discrimination"
"Item1",0.133324239905215,3
"Item2",0.0602959344719103,1.8
"Item3",0.199320503409485,1.8
"Item4",0.197036072883032,1.8
"Item5",-0.125036008099191,1.8
"Item6",-0.21686652906771,3
"Item7",0.15102772982495,1.8
"Item8",0.134854101648148,1.8
"Item9",-0.184602360534084,1.8
"Item10",-0.364028057482935,1.8
