"Items","Difficulty","Discrimination"
"Item1",0.309216672430623,0.55
"Item2",-0.4256139450373,0.55
"Item3",0.900295742569007,0.55
"Item4",0.458124064846579,3
"Item5",0.140108507524982,3
"Item6",0.965176937228306,0.55
"Item7",0.744991623844977,0.55
"Item8",0.230634253237478,0.55
"Item9",0.0580936736031352,0.55
"Item10",0.45374373915094,3
