"Items","Difficulty","Discrimination"
"Item1",-0.505217353615144,3
"Item2",0.352454498440337,2
"Item3",0.85058960401131,3
"Item4",-0.256535276920441,2
"Item5",-0.328079222050135,2
"Item6",-0.463644109323969,2
"Item7",0.969278402284379,3
"Item8",0.201738721501884,2
"Item9",-0.0211269481778039,2
"Item10",-0.0746737806580447,2
