"Items","Difficulty","Discrimination"
"Item1",-0.220867227730888,0.25
"Item2",0.137532916193394,0.25
"Item3",0.253076635137137,3
"Item4",-0.137404259356998,0.25
"Item5",-0.323691916363339,0.25
"Item6",-1.19398893358731,3
"Item7",0.348696993130614,0.25
"Item8",-0.30049111800609,0.25
"Item9",-0.0730929144520611,0.25
"Item10",0.439680904337993,0.25
