"Items","Difficulty","Discrimination"
"Item1",1.73911779431382,3
"Item2",-0.0723419172942803,1
"Item3",0.373772705207755,1
"Item4",0.226948998892485,3
"Item5",0.567729450415091,1
"Item6",-0.560035928785298,1
"Item7",0.365936010268005,1
"Item8",0.803403191127695,1
"Item9",0.620724240715839,1
"Item10",-0.316110212069133,1
