"Items","Difficulty","Discrimination"
"Item1",-0.781666241733965,1.6
"Item2",0.292027514730306,1.6
"Item3",0.18106995262225,1.6
"Item4",-0.510762424763787,1.6
"Item5",0.00987237984191263,1.6
"Item6",-0.524239849339613,1.6
"Item7",-0.102207043887157,1.6
"Item8",-0.660880722263258,1.6
"Item9",0.123105521075925,3
"Item10",-0.527984213748579,1.6
