"Items","Difficulty","Discrimination"
"Item1",0.739135035340218,0.25
"Item2",-0.596152708797901,0.25
"Item3",-0.32937613935547,0.25
"Item4",-0.266131232521732,3
"Item5",0.698295241976842,0.25
"Item6",-0.0990694465969848,3
"Item7",0.58239056544833,0.25
"Item8",0.469376791228378,0.25
"Item9",-0.891983705883238,3
"Item10",-0.288102215219575,0.25
