"Items","Difficulty","Discrimination"
"Item1",0.664675597399008,0.8
"Item2",0.31214925451481,3
"Item3",0.0530454792098825,3
"Item4",-0.586209171140768,0.8
"Item5",0.591903535533217,3
"Item6",0.0490039140647531,0.8
"Item7",-0.237921389420531,0.8
"Item8",0.486902164473742,0.8
"Item9",0.271803091586237,0.8
"Item10",-0.448759346437798,0.8
