"Items","Difficulty","Discrimination"
"Item1",-0.140459686944008,1.7
"Item2",0.131991314559906,3
"Item3",-0.617860023045654,3
"Item4",-0.585402512459277,3
"Item5",0.0840474672650575,3
"Item6",-0.432745271569397,1.7
"Item7",0.355499233934719,3
"Item8",0.168529365431913,3
"Item9",0.294239080063896,1.7
"Item10",-0.289076488084093,3
