"Items","Difficulty","Discrimination"
"Item1",-0.206305862148714,0.6
"Item2",0.124804885395505,0.6
"Item3",0.0554388809003138,0.6
"Item4",-0.232771604790926,0.6
"Item5",0.894962498548342,0.6
"Item6",0.958463518349392,3
"Item7",-0.208653342778445,0.6
"Item8",0.602149539321735,0.6
"Item9",-0.450844729974747,3
"Item10",-0.626951617414775,3
