"Items","Difficulty","Discrimination"
"Item1",1.4920300506998,1.2
"Item2",0.316725568962308,1.2
"Item3",0.417588484813825,1.2
"Item4",0.101630414001827,3
"Item5",-0.0537284623985853,1.2
"Item6",-0.380979278728886,3
"Item7",-0.0760706937105719,1.2
"Item8",-0.075792014872524,3
"Item9",-0.612101047363327,1.2
"Item10",0.240241823706195,1.2
