"Items","Difficulty","Discrimination"
"Item1",0.585696401117932,3
"Item2",0.0710385748800205,1.35
"Item3",-1.15655185171158,1.35
"Item4",-1.10946106288847,1.35
"Item5",0.590747838966125,1.35
"Item6",-0.0760795563532422,1.35
"Item7",0.0942078424145467,1.35
"Item8",-0.106622970993981,1.35
"Item9",0.459946107267371,3
"Item10",0.132445189424322,1.35
