"Items","Difficulty","Discrimination"
"Item1",-0.349283859605018,3
"Item2",-0.0965004691780439,1
"Item3",0.846956370276248,1
"Item4",0.154476237390339,1
"Item5",-0.167864405922781,3
"Item6",0.840770673421947,1
"Item7",0.13138262383938,1
"Item8",-0.308696081602825,1
"Item9",0.605039767919955,1
"Item10",0.288327546384888,1
