"Items","Difficulty","Discrimination"
"Item1",0.518162271202286,3
"Item2",0.215506334813333,0.7
"Item3",-0.163771437284902,3
"Item4",0.327338440314138,0.7
"Item5",0.404588101860141,0.7
"Item6",-0.340826286504234,3
"Item7",-0.027023781649431,0.7
"Item8",0.649366880304897,0.7
"Item9",-0.129447105814351,0.7
"Item10",-0.459678478792276,3
