"Items","Difficulty","Discrimination"
"Item1",-0.32632743103816,3
"Item2",-0.150984922399199,1.15
"Item3",0.938669416089039,3
"Item4",0.322035941577472,1.15
"Item5",0.538935224894083,3
"Item6",0.191640306563071,1.15
"Item7",-0.649026188263603,1.15
"Item8",0.156259907806076,1.15
"Item9",0.386390286505698,1.15
"Item10",0.20411475312327,3
