"Items","Difficulty","Discrimination"
"Item1",-0.505729823562518,1.9
"Item2",-0.319286402777766,1.9
"Item3",0.340343034730756,3
"Item4",0.631268316432226,1.9
"Item5",-0.045498647460633,1.9
"Item6",0.845055278433603,3
"Item7",0.12662628362344,1.9
"Item8",-1.00102581895037,3
"Item9",-0.345044215411049,3
"Item10",0.534253084066404,1.9
