"Items","Difficulty","Discrimination"
"Item1",-0.763486982536772,1.6
"Item2",0.717467377539577,3
"Item3",0.861978268125491,1.6
"Item4",-0.230500089408476,3
"Item5",0.360879136925542,1.6
"Item6",0.0184318719852443,3
"Item7",0.660777263468274,1.6
"Item8",0.286924364110632,1.6
"Item9",-0.0403148071958803,1.6
"Item10",-0.341383569315134,3
