"Items","Difficulty","Discrimination"
"Item1",0.575068322987888,1.1
"Item2",0.235746741856073,1.1
"Item3",0.428280364903081,1.1
"Item4",0.415885064984333,1.1
"Item5",-0.511996954897251,1.1
"Item6",0.228222807899489,1.1
"Item7",-0.485457550388538,3
"Item8",0.163379994689853,1.1
"Item9",-0.580652234472086,1.1
"Item10",0.481243777907492,3
