"Items","Difficulty","Discrimination"
"Item1",-0.596332620978205,1.7
"Item2",0.441518054576413,1.7
"Item3",0.204153314683435,1.7
"Item4",-0.118136994965419,1.7
"Item5",0.195639212268166,3
"Item6",-0.628519897100766,3
"Item7",0.808067701805073,3
"Item8",-0.779820371211063,1.7
"Item9",-0.337825065809499,1.7
"Item10",0.53367195524916,3
