"Items","Difficulty","Discrimination"
"Item1",0.687683455793597,1.1
"Item2",0.331869457778456,1.1
"Item3",0.331289949433589,1.1
"Item4",-0.559756818566571,1.1
"Item5",-0.482298977904173,3
"Item6",0.0414850159288085,3
"Item7",-0.189215588744935,1.1
"Item8",-0.493348608368712,1.1
"Item9",0.147519531427654,1.1
"Item10",0.974432221554439,1.1
