"Items","Difficulty","Discrimination"
"Item1",-0.300301482956688,1.1
"Item2",-0.527401742703001,3
"Item3",-0.0248580252097547,1.1
"Item4",0.194033344497425,3
"Item5",-0.892099599129503,3
"Item6",-0.0395605101023593,1.1
"Item7",-0.836249212139798,1.1
"Item8",-1.31430108222863,1.1
"Item9",-0.224290792403401,1.1
"Item10",-0.38102571213542,1.1
