"Items","Difficulty","Discrimination"
"Item1",0.299770827550814,3
"Item2",0.0326505631802625,3
"Item3",-0.0193557476333234,1.5
"Item4",0.078112488284075,1.5
"Item5",-1.00123111422577,1.5
"Item6",-0.10381783276268,3
"Item7",-0.0863801108336098,1.5
"Item8",0.365819717973497,3
"Item9",-0.100302829520756,1.5
"Item10",-0.838043659144537,3
