"Items","Difficulty","Discrimination"
"Item1",0.670870238726201,3
"Item2",-0.0105484046487983,1.9
"Item3",-0.241550938619812,3
"Item4",1.03887929440152,3
"Item5",0.708218226246346,1.9
"Item6",-0.0910396270869258,3
"Item7",-0.891609337589077,1.9
"Item8",-0.00885039270101163,3
"Item9",-0.629355505244279,1.9
"Item10",-0.485074575667292,3
