"Items","Difficulty","Discrimination"
"Item1",0.313294127006247,1.2
"Item2",-0.0695479464780558,1.2
"Item3",0.291384096921825,1.2
"Item4",0.132346714443976,1.2
"Item5",-0.360450379059888,1.2
"Item6",-0.2618020640595,1.2
"Item7",-0.0177847562797432,3
"Item8",-0.177200145523217,1.2
"Item9",1.002010792001,1.2
"Item10",-0.910072220720666,1.2
