"Items","Difficulty","Discrimination"
"Item1",-1.10581530128767,1.4
"Item2",-0.60673465052495,1.4
"Item3",-0.796474815127465,1.4
"Item4",0.027299451131167,1.4
"Item5",0.1321243721694,1.4
"Item6",0.126615462426131,1.4
"Item7",0.641110180260897,3
"Item8",-0.00302563392025084,1.4
"Item9",0.377967986807089,3
"Item10",-0.896897074188024,1.4
