"Items","Difficulty","Discrimination"
"Item1",-0.0981061126445048,3
"Item2",-0.579958866618515,3
"Item3",0.225530601888248,0.2
"Item4",-0.807535355805918,3
"Item5",-0.0570675371222968,3
"Item6",0.122774115715118,3
"Item7",0.629282311050988,3
"Item8",-1.36317393186282,0.2
"Item9",0.649599870819047,3
"Item10",-0.271338898095576,3
