"Items","Difficulty","Discrimination"
"Item1",1.05087024147993,3
"Item2",-0.0408690631586421,1.45
"Item3",-0.463599706251379,1.45
"Item4",-0.396894329287168,1.45
"Item5",0.599451002013994,1.45
"Item6",-0.772060340448948,3
"Item7",0.294162687711136,3
"Item8",0.827359877266374,1.45
"Item9",0.94711317518325,1.45
"Item10",0.0666146729006018,1.45
