"Items","Difficulty","Discrimination"
"Item1",0.45394286277842,0.8
"Item2",0.148826096344329,0.8
"Item3",0.640099013852052,0.8
"Item4",0.78182141215133,0.8
"Item5",-0.741927230147717,0.8
"Item6",0.419940493487466,0.8
"Item7",-0.205095609031438,0.8
"Item8",-0.34313071540155,3
"Item9",-0.41677341504492,0.8
"Item10",0.462231903438788,3
