"Items","Difficulty","Discrimination"
"Item1",-0.570529829827445,1.6
"Item2",0.261274294931723,1.6
"Item3",0.374617238987687,1.6
"Item4",0.429203959804997,1.6
"Item5",0.455616611409146,3
"Item6",0.149371822131446,1.6
"Item7",0.456358151582701,3
"Item8",-0.202171456618512,1.6
"Item9",-1.06599779624954,3
"Item10",-0.452208624812129,3
