"Items","Difficulty","Discrimination"
"Item1",0.840386411795872,0.6
"Item2",0.671821658601086,3
"Item3",-0.710120085582273,3
"Item4",0.312773418597143,3
"Item5",0.209449309838674,0.6
"Item6",-0.15031175124898,0.6
"Item7",-0.072035963152446,0.6
"Item8",0.162434314818491,0.6
"Item9",-0.302286948751752,0.6
"Item10",0.0747052154253874,3
