"Items","Difficulty","Discrimination"
"Item1",0.49416060107874,3
"Item2",-0.335677948066217,0.4
"Item3",0.220652944809379,0.4
"Item4",1.31937011676206,0.4
"Item5",0.176922649923985,0.4
"Item6",-0.441476001179547,3
"Item7",0.311357168776001,0.4
"Item8",-0.494353265833215,3
"Item9",0.280485339319727,0.4
"Item10",0.569375270834628,0.4
