"Items","Difficulty","Discrimination"
"Item1",0.849933994622495,1.2
"Item2",0.651875833625572,1.2
"Item3",-0.724155288592468,1.2
"Item4",0.662520732830081,1.2
"Item5",0.36554020741138,1.2
"Item6",0.344999101644157,3
"Item7",-0.314850540928214,1.2
"Item8",-0.00305937054722205,1.2
"Item9",-0.244342213993777,1.2
"Item10",0.885422099242446,3
