"Items","Difficulty","Discrimination"
"Item1",-0.327939547229727,3
"Item2",0.688127570110176,3
"Item3",0.151166091687838,1.55
"Item4",-0.117042877795139,1.55
"Item5",0.596760099873711,1.55
"Item6",0.511456295964975,3
"Item7",1.71780273040289,1.55
"Item8",-0.340333454018345,3
"Item9",-0.606137602702333,1.55
"Item10",-0.209770417269282,3
