"Items","Difficulty","Discrimination"
"Item1",-0.412366512100071,3
"Item2",1.08431683889521,3
"Item3",-0.605555613410873,3
"Item4",-0.185248166488379,1.5
"Item5",0.13052147721584,1.5
"Item6",0.288597142254881,3
"Item7",0.325617711181356,3
"Item8",-0.597535907368663,3
"Item9",-0.0320120143288039,3
"Item10",0.0243465429008306,1.5
