"Items","Difficulty","Discrimination"
"Item1",-0.401186252687817,1.85
"Item2",-0.395975528726384,1.85
"Item3",0.238044062427993,1.85
"Item4",-0.235243447924262,3
"Item5",-0.281190959994062,3
"Item6",0.32578675277177,1.85
"Item7",-0.0889473792374906,1.85
"Item8",0.325785562108116,1.85
"Item9",-0.131649714028372,1.85
"Item10",-0.542298977191136,1.85
