"Items","Difficulty","Discrimination"
"Item1",-0.672376719579903,0.3
"Item2",-0.468207023647845,0.3
"Item3",-0.1020504042067,0.3
"Item4",-0.108610688628494,3
"Item5",-0.410097596259645,0.3
"Item6",0.912422876744556,0.3
"Item7",-0.177604547656747,0.3
"Item8",-0.0882963096194295,0.3
"Item9",0.42181763137723,0.3
"Item10",-0.123413269160554,3
