"Items","Difficulty","Discrimination"
"Item1",0.261770255865382,1.6
"Item2",-0.564507053398792,1.6
"Item3",0.0672235432866829,1.6
"Item4",-0.183971498811154,1.6
"Item5",-0.0713594608280638,3
"Item6",-0.455491411313847,1.6
"Item7",0.820943459957681,1.6
"Item8",-0.251095921590826,3
"Item9",0.484092867684224,1.6
"Item10",-0.0844860713031419,1.6
