"Items","Difficulty","Discrimination"
"Item1",-0.904291744404744,3
"Item2",-0.345223988286431,3
"Item3",-0.776488347185273,3
"Item4",-0.570297596264264,1
"Item5",-0.138675349158234,1
"Item6",0.592550576050346,3
"Item7",-0.13186885637849,3
"Item8",-0.659537432200179,3
"Item9",-0.812305792796325,1
"Item10",0.182810511075251,1
