"Items","Difficulty","Discrimination"
"Item1",-0.504087659160961,0.55
"Item2",0.788150532972796,0.55
"Item3",0.552639883391598,0.55
"Item4",0.963083935870017,0.55
"Item5",0.0132698494726138,0.55
"Item6",1.19522737368163,0.55
"Item7",0.350801218696986,0.55
"Item8",-0.270054597755565,0.55
"Item9",0.0315291225898637,0.55
"Item10",-0.0375206326233746,3
