"Items","Difficulty","Discrimination"
"Item1",-0.0663459977609576,1.2
"Item2",-0.504780967802503,3
"Item3",0.694401945790972,3
"Item4",0.440907399859347,1.2
"Item5",-0.208237063913746,1.2
"Item6",-0.0699209320234203,1.2
"Item7",-0.529084020938356,3
"Item8",-0.339264460873601,1.2
"Item9",-0.0722995329123749,1.2
"Item10",0.133472927486327,1.2
