"Items","Difficulty","Discrimination"
"Item1",0.0445562200526763,0.3
"Item2",-0.244018263094059,0.3
"Item3",-0.257986102785612,0.3
"Item4",0.672131184123901,0.3
"Item5",-0.469109542204225,3
"Item6",-0.156163304086359,0.3
"Item7",0.964426457562102,0.3
"Item8",-0.0614127204680219,0.3
"Item9",0.574545905979346,0.3
"Item10",0.390152334934482,0.3
