"Items","Difficulty","Discrimination"
"Item1",0.37095167821553,3
"Item2",0.0722885958222268,3
"Item3",-0.0551484046118754,1
"Item4",-1.17415911112894,1
"Item5",0.496033560216838,1
"Item6",-0.479211359190253,1
"Item7",0.391939818937286,3
"Item8",0.0638591967677355,1
"Item9",0.303529748718524,1
"Item10",0.793685736212268,1
