"Items","Difficulty","Discrimination"
"Item1",-0.8710971469902,3
"Item2",0.418965494248852,1.65
"Item3",-0.0828359961791991,3
"Item4",-0.222407185664578,3
"Item5",-0.358595566839676,1.65
"Item6",-0.22951632278551,1.65
"Item7",-0.173452693009476,1.65
"Item8",-0.492761780227876,1.65
"Item9",-0.126671514858098,1.65
"Item10",-0.86044411823518,3
