"Items","Difficulty","Discrimination"
"Item1",0.28779313554466,0.2
"Item2",0.44317819825163,0.2
"Item3",0.0790304260193386,3
"Item4",-0.271451446214427,0.2
"Item5",-0.914746699759897,0.2
"Item6",-0.193060559132916,0.2
"Item7",-0.48346768894341,0.2
"Item8",-0.312372237595925,0.2
"Item9",0.9111637597838,0.2
"Item10",0.424559482570062,0.2
