"Items","Difficulty","Discrimination"
"Item1",-0.428271454948044,1.7
"Item2",-0.342282970652609,3
"Item3",-0.0907026055128004,1.7
"Item4",0.327356904912352,1.7
"Item5",-0.658289942734937,1.7
"Item6",-0.396576817956954,1.7
"Item7",0.350495193008638,1.7
"Item8",0.855612265156217,1.7
"Item9",-1.23227051073299,1.7
"Item10",-0.708722175428771,3
