"Items","Difficulty","Discrimination"
"Item1",-0.380094858553527,0.2
"Item2",0.576709503565288,0.2
"Item3",-1.08419827362514,0.2
"Item4",-0.651089513234852,0.2
"Item5",-1.20872986473533,0.2
"Item6",-0.559689440109043,0.2
"Item7",0.304297104682257,3
"Item8",0.493904391581159,3
"Item9",0.486811035658745,0.2
"Item10",1.14820503709548,0.2
