"Items","Difficulty","Discrimination"
"Item1",0.51581819095504,1.55
"Item2",-0.114347625252934,1.55
"Item3",0.298632459473783,1.55
"Item4",-0.126310252186607,1.55
"Item5",-0.276985141136971,1.55
"Item6",-0.776642436583815,1.55
"Item7",0.153708085597311,1.55
"Item8",0.685022447980758,1.55
"Item9",-0.953245509794476,1.55
"Item10",-0.734826666117582,1.55
