"Items","Difficulty","Discrimination"
"Item1",-0.0784369766392772,1.1
"Item2",-0.184064388112733,1.1
"Item3",-0.268277817213478,1.1
"Item4",-0.485507389535223,3
"Item5",-0.277270323647596,3
"Item6",-0.178588197085405,1.1
"Item7",0.159651503400411,3
"Item8",0.21699238238128,1.1
"Item9",-0.240188163793021,1.1
"Item10",-0.483801342652481,1.1
