"Items","Difficulty","Discrimination"
"Item1",-0.504082819588762,3
"Item2",-0.633974752953542,2
"Item3",0.665912307164927,3
"Item4",0.178373534643294,3
"Item5",-1.31916551647939,2
"Item6",0.185770194734556,2
"Item7",0.12649573025524,3
"Item8",-0.0957370270081399,2
"Item9",-0.327807753626148,2
"Item10",0.263395289481029,2
