"Items","Difficulty","Discrimination"
"Item1",-0.053406610939026,0.8
"Item2",-0.395004622528015,0.8
"Item3",-0.120010449544209,0.8
"Item4",-0.302050366841613,0.8
"Item5",0.731229470521748,0.8
"Item6",0.119161398761958,3
"Item7",-0.628629301337358,0.8
"Item8",0.587201373168048,0.8
"Item9",-0.761963329639253,0.8
"Item10",-0.240178028773183,3
