"Items","Difficulty","Discrimination"
"Item1",-0.468289382886271,1.4
"Item2",0.564007098558362,3
"Item3",0.912151814975703,3
"Item4",0.239227110730145,3
"Item5",0.100901510725178,1.4
"Item6",0.805334290471956,1.4
"Item7",0.664322668601536,1.4
"Item8",-0.187292321601876,3
"Item9",-0.360827451263247,3
"Item10",0.174937825061099,1.4
