"Items","Difficulty","Discrimination"
"Item1",0.109664470195237,3
"Item2",0.578445653492261,1.85
"Item3",0.720633240683777,3
"Item4",0.941439448415685,1.85
"Item5",0.170600190064152,3
"Item6",0.152644552848097,3
"Item7",-0.0791535219426018,1.85
"Item8",0.969542031532413,1.85
"Item9",-0.577738215313648,1.85
"Item10",0.126681685602007,1.85
