"Items","Difficulty","Discrimination"
"Item1",-0.0325796744158022,1.9
"Item2",-0.0861827234934261,1.9
"Item3",-0.227222896879775,1.9
"Item4",0.276680652667354,1.9
"Item5",-0.629484133100649,3
"Item6",0.0193585299360824,1.9
"Item7",-0.271494538920146,1.9
"Item8",-0.0455678012923078,3
"Item9",-0.0631949921746103,3
"Item10",1.10576272091961,1.9
