"Items","Difficulty","Discrimination"
"Item1",-0.288934648784594,0.4
"Item2",0.362063719286076,0.4
"Item3",0.231210259234484,3
"Item4",-0.467269553153794,0.4
"Item5",-0.548004484169193,0.4
"Item6",0.216849230232113,0.4
"Item7",-0.402569739362339,0.4
"Item8",-0.76877122310192,0.4
"Item9",0.384337879625523,0.4
"Item10",-0.0257280053411862,3
