"Items","Difficulty","Discrimination"
"Item1",0.260888935713348,1.7
"Item2",-0.115587339853701,1.7
"Item3",-0.0850378345818763,1.7
"Item4",-0.424357620022277,1.7
"Item5",-0.0771113571346459,1.7
"Item6",0.766698834795046,1.7
"Item7",0.999692177205988,3
"Item8",0.22704233113273,1.7
"Item9",0.391768642344344,1.7
"Item10",0.188531811357466,3
