"Items","Difficulty","Discrimination"
"Item1",-0.442164471031166,1.95
"Item2",-0.651581488824601,1.95
"Item3",-0.169748354393849,3
"Item4",-0.282458118144262,1.95
"Item5",-0.432806678101016,1.95
"Item6",-0.630393865331267,1.95
"Item7",0.495315840789276,1.95
"Item8",-0.0102274774118717,1.95
"Item9",0.675759572771785,1.95
"Item10",0.403668017726166,1.95
