"Items","Difficulty","Discrimination"
"Item1",0.974544235577418,1.3
"Item2",0.318845701835369,3
"Item3",0.413868145393947,1.3
"Item4",-0.0979075257634394,1.3
"Item5",0.48300683289642,1.3
"Item6",0.190852299792539,1.3
"Item7",0.322807159099166,3
"Item8",-0.431224614318745,3
"Item9",-0.161787031250859,1.3
"Item10",-0.252047594232819,1.3
