"Items","Difficulty","Discrimination"
"Item1",-0.34719901361247,3
"Item2",-0.443059735147437,3
"Item3",-0.439940800244138,1.05
"Item4",0.92978260387523,1.05
"Item5",0.659078425114868,1.05
"Item6",0.143288518469609,1.05
"Item7",-0.386156760858389,1.05
"Item8",0.272719335248615,1.05
"Item9",-0.657832996692908,1.05
"Item10",0.173235883237456,1.05
