"Items","Difficulty","Discrimination"
"Item1",-0.140317719609563,3
"Item2",0.871991888539261,1
"Item3",-0.0549353793502813,3
"Item4",-0.13737738219677,1
"Item5",-0.461234822654404,1
"Item6",-0.543864374242757,1
"Item7",-0.385931409232031,1
"Item8",0.447555744168371,1
"Item9",-0.329068999127751,1
"Item10",-0.491955133720184,1
