"Items","Difficulty","Discrimination"
"Item1",0.509541210974102,0.35
"Item2",-0.156287126772327,0.35
"Item3",0.308434139910149,0.35
"Item4",0.273974810128061,3
"Item5",0.0931290516621908,0.35
"Item6",-0.557751131534141,3
"Item7",0.323912106538842,0.35
"Item8",0.500494421714534,0.35
"Item9",-0.822421510478066,3
"Item10",-0.368991376063179,0.35
