"Items","Difficulty","Discrimination"
"Item1",-0.28800979786994,0.45
"Item2",0.597050951393509,0.45
"Item3",-0.81386747895112,3
"Item4",-0.0317198510158373,3
"Item5",0.367635067016741,0.45
"Item6",-0.209304908242013,0.45
"Item7",0.0547100906670823,0.45
"Item8",0.428183258370313,0.45
"Item9",-0.757910087485,0.45
"Item10",0.432186686078174,0.45
