"Items","Difficulty","Discrimination"
"Item1",-0.134394296973957,1.95
"Item2",-0.300698303194638,3
"Item3",-0.155657097828689,3
"Item4",0.296802116114177,1.95
"Item5",-0.542923258366083,1.95
"Item6",0.341455203779027,1.95
"Item7",-0.281577714954983,3
"Item8",0.0596037303166486,3
"Item9",-0.714942223205304,1.95
"Item10",-0.35353207606394,1.95
