"Items","Difficulty","Discrimination"
"Item1",-0.1545412630484,3
"Item2",-0.035601392780565,3
"Item3",0.230621816901131,1.65
"Item4",0.869462301789155,1.65
"Item5",-0.357706626671557,1.65
"Item6",0.152114119241096,1.65
"Item7",0.0950199333648026,3
"Item8",-0.321385189666934,3
"Item9",-0.310667563811656,1.65
"Item10",-0.863122262852245,1.65
