"Items","Difficulty","Discrimination"
"Item1",0.694469374522677,1
"Item2",-0.964136198052043,3
"Item3",0.461778871010183,1
"Item4",-0.382686685233804,1
"Item5",0.0153651068260584,1
"Item6",0.545739032205312,3
"Item7",-0.776113699314074,3
"Item8",0.26968282004898,3
"Item9",-0.628780515457598,1
"Item10",0.848968550611775,1
