"Items","Difficulty","Discrimination"
"Item1",0.315394194463709,3
"Item2",-1.14713675543039,0.65
"Item3",-0.24511558969507,3
"Item4",0.210002191493794,0.65
"Item5",-0.117763008229345,3
"Item6",-0.234082275072135,0.65
"Item7",-0.359180606598318,0.65
"Item8",0.36102456834356,0.65
"Item9",0.936126273681089,0.65
"Item10",-0.128235982052812,3
