"Items","Difficulty","Discrimination"
"Item1",0.128123526689401,1.7
"Item2",-0.42683477404594,3
"Item3",-0.570723024513799,1.7
"Item4",0.648394141962503,1.7
"Item5",-0.937977989656924,1.7
"Item6",0.0489477920767954,1.7
"Item7",-0.591479621126842,1.7
"Item8",-0.107018600112956,1.7
"Item9",-0.127317977148989,3
"Item10",0.164274479901923,1.7
