"Items","Difficulty","Discrimination"
"Item1",-0.283442836036071,1.9
"Item2",-0.65260701936653,1.9
"Item3",0.469036665450695,1.9
"Item4",-1.18966570139311,3
"Item5",0.921876117209776,1.9
"Item6",-0.70482694990371,1.9
"Item7",0.0946596931655033,3
"Item8",-0.471197210648447,3
"Item9",-0.839127187463652,1.9
"Item10",1.90627637107202,3
