"Items","Difficulty","Discrimination"
"Item1",-0.420197024301479,3
"Item2",0.715389096010133,1.1
"Item3",-0.0702341931719461,1.1
"Item4",-0.779041654377929,1.1
"Item5",1.40060007860425,1.1
"Item6",0.633506836514602,1.1
"Item7",0.399284301370616,1.1
"Item8",-0.65425544486341,1.1
"Item9",0.0205907260461159,3
"Item10",0.300772864191724,1.1
