"Items","Difficulty","Discrimination"
"Item1",-0.99047356667887,0.8
"Item2",0.707026789174088,0.8
"Item3",-0.815032788711492,3
"Item4",0.673739464622821,3
"Item5",-0.261649889194951,0.8
"Item6",1.18328471950294,0.8
"Item7",-0.540317238834759,3
"Item8",0.341119926977682,0.8
"Item9",0.542967855252106,3
"Item10",0.744263838839706,0.8
