"Items","Difficulty","Discrimination"
"Item1",-0.0416977843814496,1.85
"Item2",-0.0271740872151142,1.85
"Item3",-0.532049750842094,3
"Item4",0.754877618441291,1.85
"Item5",0.451558056399346,3
"Item6",-1.10684834055695,3
"Item7",0.106376806382125,1.85
"Item8",-0.0197774951187203,3
"Item9",0.00152720870174461,1.85
"Item10",-0.378044021291728,1.85
