"Items","Difficulty","Discrimination"
"Item1",0.161651851135717,3
"Item2",0.475302491294268,3
"Item3",-0.46479005342053,3
"Item4",-0.082254883228721,1.5
"Item5",-0.0717494126727789,1.5
"Item6",-0.951085037563375,3
"Item7",-0.272337514136623,3
"Item8",-0.878558243273163,1.5
"Item9",-0.461014145952081,1.5
"Item10",0.457669813764846,1.5
