"Items","Difficulty","Discrimination"
"Item1",0.406514511569197,1.6
"Item2",0.127549512782191,1.6
"Item3",-0.382830901468914,1.6
"Item4",0.185689243298132,3
"Item5",-0.335492540208592,1.6
"Item6",0.0141446689886533,3
"Item7",-0.0496952331954937,1.6
"Item8",-0.210466413066115,3
"Item9",0.818496767844773,1.6
"Item10",0.012202335991764,1.6
