"Items","Difficulty","Discrimination"
"Item1",-0.157796456822183,1.3
"Item2",0.890626265417913,1.3
"Item3",0.17478718737549,1.3
"Item4",-0.324221717551769,3
"Item5",0.527112853607405,1.3
"Item6",-0.0947130034346746,1.3
"Item7",0.218082961107707,3
"Item8",0.463786714715073,1.3
"Item9",-0.543172597087287,3
"Item10",0.367399019304869,3
