"Items","Difficulty","Discrimination"
"Item1",0.182096423009559,3
"Item2",0.0171956276980026,1.1
"Item3",0.120824977367924,1.1
"Item4",0.0381089651898731,1.1
"Item5",0.647914663594906,1.1
"Item6",-0.58186755540922,1.1
"Item7",0.099530618138915,3
"Item8",1.33614579504679,1.1
"Item9",-0.287361768021674,1.1
"Item10",0.736498711494086,1.1
