"Items","Difficulty","Discrimination"
"Item1",-0.151712180759174,0.35
"Item2",-0.586229901803074,0.35
"Item3",0.583761529598356,3
"Item4",0.192066728331313,3
"Item5",0.32135689446162,0.35
"Item6",-0.554176265289168,3
"Item7",0.111321252907038,3
"Item8",-0.764551144641195,0.35
"Item9",-0.2098408197424,3
"Item10",0.1270454363844,0.35
