"Items","Difficulty","Discrimination"
"Item1",0.0028628219199509,1.9
"Item2",-0.292842667118079,3
"Item3",0.502408429869907,1.9
"Item4",0.391859565216034,3
"Item5",0.784635326962219,1.9
"Item6",-0.427479298664698,1.9
"Item7",-0.698281600728557,3
"Item8",-0.27243758455717,1.9
"Item9",0.444430100878298,1.9
"Item10",0.454711138391867,1.9
