"Items","Difficulty","Discrimination"
"Item1",0.271514732230678,1.6
"Item2",-0.195189432866126,3
"Item3",-0.297407429645742,3
"Item4",0.284963624937516,1.6
"Item5",-0.909360225689493,1.6
"Item6",-0.247386565685457,1.6
"Item7",-0.953740808797463,1.6
"Item8",-0.836927535706502,1.6
"Item9",0.697932657463049,3
"Item10",0.875251898978941,1.6
