"Items","Difficulty","Discrimination"
"Item1",0.578880226416906,3
"Item2",0.169062343762929,1.3
"Item3",-0.376966493520167,3
"Item4",1.18052330689566,3
"Item5",0.42686090269859,3
"Item6",-0.661753827075126,1.3
"Item7",-0.598181244521379,1.3
"Item8",-0.237936778928299,3
"Item9",-0.0414940488444488,1.3
"Item10",-0.594803797710141,1.3
