"Items","Difficulty","Discrimination"
"Item1",0.00668171984265224,1.35
"Item2",0.110467844588042,1.35
"Item3",-0.772391807202631,1.35
"Item4",1.11834522164445,1.35
"Item5",0.910677899762098,1.35
"Item6",0.225569505580197,1.35
"Item7",-0.0422324823827311,3
"Item8",-0.109329803779683,3
"Item9",0.167238930012056,1.35
"Item10",-0.222362238684645,3
