"Items","Difficulty","Discrimination"
"Item1",0.308280032253386,3
"Item2",-0.375937873058557,0.85
"Item3",0.296905979509354,0.85
"Item4",-0.151507813864918,0.85
"Item5",0.941571330831909,0.85
"Item6",-0.0301694763441747,0.85
"Item7",1.3530611966347,0.85
"Item8",-0.9177588410469,3
"Item9",0.0390974464327077,0.85
"Item10",0.65942791544559,0.85
