"Items","Difficulty","Discrimination"
"Item1",0.255537793497303,3
"Item2",-0.795075932574599,3
"Item3",-0.325770450916037,1.5
"Item4",-0.537385488567759,1.5
"Item5",-0.794347788655352,1.5
"Item6",0.608254385948799,1.5
"Item7",-0.112543808195739,1.5
"Item8",0.26810416810286,1.5
"Item9",-0.422021898064066,1.5
"Item10",-0.0428453030502187,1.5
