"Items","Difficulty","Discrimination"
"Item1",0.20964533148171,3
"Item2",0.313718029529923,0.7
"Item3",0.122771207113951,3
"Item4",0.376525599348267,0.7
"Item5",-0.286508685029895,0.7
"Item6",0.564677346326398,0.7
"Item7",0.119959222703894,3
"Item8",-0.131128401984394,0.7
"Item9",-0.0165708032134742,0.7
"Item10",0.31336611519288,0.7
