"Items","Difficulty","Discrimination"
"Item1",-0.611114163388632,3
"Item2",0.0224266129008252,3
"Item3",0.0379382514656348,3
"Item4",-0.268360915884862,0.7
"Item5",-0.395365980617001,0.7
"Item6",-0.210495781588779,0.7
"Item7",-0.803205772907182,3
"Item8",-0.9637188608355,3
"Item9",0.898647324677545,0.7
"Item10",-0.159141476600476,3
