"Items","Difficulty","Discrimination"
"Item1",0.155926303177388,0.9
"Item2",-0.178049527675876,3
"Item3",-0.256090963705226,0.9
"Item4",0.91885612548162,3
"Item5",-0.770767952429992,3
"Item6",0.478427293689317,0.9
"Item7",0.394037660174027,3
"Item8",-0.184784187622298,0.9
"Item9",-1.18288751744218,0.9
"Item10",0.314289115644578,0.9
