"Items","Difficulty","Discrimination"
"Item1",-0.0423840362295066,0.65
"Item2",-0.648816782166809,3
"Item3",0.594898161141116,0.65
"Item4",0.00725799263388981,0.65
"Item5",-0.521404041691627,3
"Item6",0.219971484218056,0.65
"Item7",-0.609919484114622,0.65
"Item8",-0.339613953272736,3
"Item9",-0.690324805708493,0.65
"Item10",-0.4387741975244,0.65
