"Items","Difficulty","Discrimination"
"Item1",0.313848672331749,1.45
"Item2",-0.334333755877315,3
"Item3",-0.508995577042725,3
"Item4",0.0754593347441491,1.45
"Item5",-0.493316962384956,3
"Item6",-0.535241844192129,1.45
"Item7",-0.756159921079781,1.45
"Item8",-0.604702460830849,1.45
"Item9",-0.0599119637748121,1.45
"Item10",0.040266762425332,1.45
