"Items","Difficulty","Discrimination"
"Item1",-0.223145411598902,0.6
"Item2",0.028349396360477,0.6
"Item3",-0.212493488003826,0.6
"Item4",-0.0841272082043507,0.6
"Item5",0.0589728544734443,0.6
"Item6",0.077079650923965,0.6
"Item7",0.652812621520124,0.6
"Item8",-0.695718961738552,0.6
"Item9",0.393765331858991,0.6
"Item10",-0.644197391379413,3
