"Items","Difficulty","Discrimination"
"Item1",0.262509003771178,1.9
"Item2",-0.374591607616964,1.9
"Item3",0.300556993008276,3
"Item4",0.281413483427241,1.9
"Item5",-0.868381007890246,1.9
"Item6",0.0925592703575129,1.9
"Item7",-0.526177276160092,1.9
"Item8",0.270650162784905,1.9
"Item9",-0.0738389545103311,1.9
"Item10",0.356615023941733,1.9
