"Items","Difficulty","Discrimination"
"Item1",0.0971935225343387,1.8
"Item2",-0.454607049627892,3
"Item3",-0.151334883248702,1.8
"Item4",-0.695216871921405,1.8
"Item5",0.444347133034199,1.8
"Item6",-0.507053829032979,1.8
"Item7",0.110641961874891,1.8
"Item8",1.2239117232287,1.8
"Item9",-1.10329874308477,3
"Item10",-0.333963013240514,1.8
