"Items","Difficulty","Discrimination"
"Item1",-0.141053035109057,1.7
"Item2",-0.881633095891324,1.7
"Item3",-0.103258980361784,3
"Item4",0.514770259519216,1.7
"Item5",-0.323332663968022,1.7
"Item6",0.74153986873651,1.7
"Item7",0.79834964814704,1.7
"Item8",-0.153207822558818,3
"Item9",-0.020358185734203,3
"Item10",0.0763458320767469,3
