"Items","Difficulty","Discrimination"
"Item1",-0.492284335262456,2
"Item2",-0.904267698909844,2
"Item3",0.849161387825748,2
"Item4",0.765118168266463,2
"Item5",-0.472635437928782,2
"Item6",-0.0550309876324446,2
"Item7",-1.16842626466277,2
"Item8",0.134558431507492,2
"Item9",0.188533225028441,3
"Item10",0.0638311677101924,2
