"Items","Difficulty","Discrimination"
"Item1",-0.529366979918906,3
"Item2",0.788258481722541,1.5
"Item3",-0.588175434791423,3
"Item4",0.127813275300797,3
"Item5",-0.305042158446973,3
"Item6",-0.914556527058042,3
"Item7",-0.870825569518102,1.5
"Item8",0.222164947638074,1.5
"Item9",0.694554956016267,3
"Item10",-0.585469627188212,1.5
