"Items","Difficulty","Discrimination"
"Item1",-0.406190169423616,3
"Item2",-0.747358028570289,2
"Item3",0.0141680730741353,2
"Item4",-0.529341325952677,2
"Item5",-0.178335329560049,3
"Item6",-0.121453571548665,3
"Item7",0.412706711046882,2
"Item8",-0.0340856171240725,2
"Item9",-0.762456868140419,2
"Item10",0.360121541262228,2
