"Items","Difficulty","Discrimination"
"Item1",0.382538346988428,0.5
"Item2",0.293000935359063,3
"Item3",-0.0405708207278075,0.5
"Item4",0.689137762057621,0.5
"Item5",0.399029383855879,3
"Item6",0.716975377407966,3
"Item7",-0.611845751472051,0.5
"Item8",0.151527409437157,0.5
"Item9",0.483606004149767,0.5
"Item10",0.174625796071977,0.5
