"Items","Difficulty","Discrimination"
"Item1",0.373196789280094,3
"Item2",0.561588380053025,1.3
"Item3",-0.123566687538394,3
"Item4",0.0504052496213686,3
"Item5",-0.238028298424436,3
"Item6",0.522196999826047,3
"Item7",0.0488042330862298,3
"Item8",0.213283547566949,1.3
"Item9",-0.0868741567495124,1.3
"Item10",0.00699189078906926,1.3
