"Items","Difficulty","Discrimination"
"Item1",-0.126102253786446,1.35
"Item2",-0.111158065807784,3
"Item3",-0.684017978208432,1.35
"Item4",0.470458867088288,1.35
"Item5",0.24937480903517,1.35
"Item6",0.0821348713904203,1.35
"Item7",0.454268594310953,1.35
"Item8",0.306024911960464,1.35
"Item9",0.5612117462213,3
"Item10",0.239438840101118,3
