"Items","Difficulty","Discrimination"
"Item1",0.551622198887821,0.75
"Item2",0.460644655667786,0.75
"Item3",0.576841769367456,0.75
"Item4",-0.355011338789743,0.75
"Item5",-0.0380407486435144,3
"Item6",0.0110279044886696,0.75
"Item7",-0.273584713178609,0.75
"Item8",0.342836371529306,0.75
"Item9",-0.707079091019805,0.75
"Item10",-0.344639914780155,0.75
