"Items","Difficulty","Discrimination"
"Item1",0.663957606795297,1.8
"Item2",-0.301875699477029,1.8
"Item3",-0.0701676687412512,3
"Item4",-0.0207374643409348,3
"Item5",-0.162672949059339,3
"Item6",0.00556516639643623,3
"Item7",-0.650887617829241,1.8
"Item8",-0.68652923768868,1.8
"Item9",0.0115768760545978,1.8
"Item10",0.460235444694808,3
