"Items","Difficulty","Discrimination"
"Item1",-0.26883083972208,3
"Item2",-0.260332783502475,3
"Item3",-0.830017852563468,0.3
"Item4",-0.377176178009751,3
"Item5",-0.745302405480387,3
"Item6",-0.255154437652214,0.3
"Item7",-0.645454716624457,0.3
"Item8",0.752852950256749,0.3
"Item9",-0.444589266096995,3
"Item10",0.0598872679237197,0.3
