"Items","Difficulty","Discrimination"
"Item1",0.749436554976939,0.75
"Item2",0.130012372154114,0.75
"Item3",0.423089847125842,0.75
"Item4",-0.0687755549353756,0.75
"Item5",-0.72202283403057,3
"Item6",0.0717068713408965,0.75
"Item7",1.17962720565771,0.75
"Item8",0.175079426146234,0.75
"Item9",-0.191889295345492,0.75
"Item10",-1.08474007954774,0.75
