"Items","Difficulty","Discrimination"
"Item1",-0.0227129123643762,1.5
"Item2",-0.110296971020091,1.5
"Item3",0.467674220757552,1.5
"Item4",-0.98214292468326,1.5
"Item5",0.380140215882342,1.5
"Item6",0.187575761431469,1.5
"Item7",-0.564106361193707,1.5
"Item8",-0.420103239627446,1.5
"Item9",-0.239103980791787,1.5
"Item10",0.017635053450162,1.5
