"Items","Difficulty","Discrimination"
"Item1",0.723931940271581,3
"Item2",1.22092645413364,0.2
"Item3",-0.0736593752128919,3
"Item4",0.730837909488907,0.2
"Item5",0.171943553375852,0.2
"Item6",0.114772931170926,0.2
"Item7",-0.626707519495688,0.2
"Item8",-0.694577699231013,0.2
"Item9",0.365965091332413,0.2
"Item10",-0.0735155355852118,3
