"Items","Difficulty","Discrimination"
"Item1",0.801940602964641,1.85
"Item2",0.131786508221867,3
"Item3",1.18380146361292,3
"Item4",0.50133062832653,1.85
"Item5",1.0047100053473,1.85
"Item6",-0.878510595497073,3
"Item7",-0.482713207079146,3
"Item8",-0.549299736654332,1.85
"Item9",-0.26317793394855,1.85
"Item10",0.212214772337451,1.85
