"Items","Difficulty","Discrimination"
"Item1",1.1367181312955,1.2
"Item2",-0.182887608237929,3
"Item3",0.143184356739432,1.2
"Item4",0.105418580168074,1.2
"Item5",-0.751347833925973,1.2
"Item6",0.526996709976556,3
"Item7",-0.216702098088381,1.2
"Item8",-0.0249116227319141,3
"Item9",0.10976280979052,1.2
"Item10",0.137482136093884,3
