"Items","Difficulty","Discrimination"
"Item1",-0.229265395521321,3
"Item2",-0.973120301481427,1.55
"Item3",-0.528008826679672,1.55
"Item4",-0.559234508944813,3
"Item5",0.117440984244395,1.55
"Item6",0.851634413483106,1.55
"Item7",-0.230652761225169,1.55
"Item8",-0.938006134695689,3
"Item9",-0.290608380968167,3
"Item10",-0.211564059304692,1.55
