"Items","Difficulty","Discrimination"
"Item1",0.291418413735555,1.45
"Item2",0.343883704768735,1.45
"Item3",-0.163464252990481,1.45
"Item4",-0.0770980342762199,3
"Item5",0.826580583078507,1.45
"Item6",-0.562388919006944,1.45
"Item7",-0.194327609832933,1.45
"Item8",-0.604328447255604,1.45
"Item9",0.545638552122942,1.45
"Item10",0.729947190983714,3
