"Items","Difficulty","Discrimination"
"Item1",-0.914773078228529,1.85
"Item2",0.350656190130312,3
"Item3",0.241052341077346,3
"Item4",0.33727389713272,1.85
"Item5",0.0214098708165928,3
"Item6",-0.292750890469624,3
"Item7",-0.352439648669471,1.85
"Item8",-0.575326208822653,3
"Item9",0.53551252695843,1.85
"Item10",-0.166060244952251,1.85
