"Items","Difficulty","Discrimination"
"Item1",0.424561565563467,3
"Item2",0.232142905668285,3
"Item3",0.280338588202176,2
"Item4",-0.871636409739311,2
"Item5",0.510002130130582,3
"Item6",1.01073852769257,3
"Item7",0.13440898465652,3
"Item8",0.580828248145163,2
"Item9",-0.0389787122911232,2
"Item10",0.355454153904689,2
