"Items","Difficulty","Discrimination"
"Item1",-0.396413098011524,1.4
"Item2",-0.700585372583112,3
"Item3",0.167036130977422,3
"Item4",-0.0924751312806268,1.4
"Item5",-0.0997687963070816,1.4
"Item6",-0.0139667097073385,1.4
"Item7",-0.453714080935444,3
"Item8",-0.150392254897223,3
"Item9",-0.744988067330724,1.4
"Item10",-0.220060342335233,3
