"Items","Difficulty","Discrimination"
"Item1",0.588685586599263,0.65
"Item2",-1.57786354972452,0.65
"Item3",-0.819487690353335,0.65
"Item4",-0.288686782342326,0.65
"Item5",-0.861374335051595,0.65
"Item6",-0.551740010060249,0.65
"Item7",0.157377304389381,0.65
"Item8",-0.790188599267298,0.65
"Item9",0.325684428828627,3
"Item10",0.445313855413193,0.65
