"Items","Difficulty","Discrimination"
"Item1",0.129695089369401,0.8
"Item2",-0.203923886791146,3
"Item3",-1.05081952146628,0.8
"Item4",0.326013818712955,0.8
"Item5",0.492465900074052,3
"Item6",0.998860074091958,0.8
"Item7",-0.0720283415589252,3
"Item8",0.470957688530538,3
"Item9",0.657830221168587,3
"Item10",0.443487981743811,3
