"Items","Difficulty","Discrimination"
"Item1",0.678681765692961,1.2
"Item2",-0.83430204593844,1.2
"Item3",-0.651266686326091,1.2
"Item4",0.128315945634083,1.2
"Item5",0.0805523450896405,3
"Item6",0.0625215863660094,1.2
"Item7",-0.37169531215926,1.2
"Item8",-0.239392536674339,3
"Item9",-0.190198461469665,1.2
"Item10",0.0492915638705135,3
