"Items","Difficulty","Discrimination"
"Item1",0.247777019768465,0.2
"Item2",-0.74376064853615,0.2
"Item3",-0.0158952963873469,0.2
"Item4",0.509634186454412,0.2
"Item5",-0.0572289015819915,3
"Item6",-0.76751138581803,0.2
"Item7",0.0153166666427428,0.2
"Item8",-0.292971767219293,3
"Item9",-0.347005087935677,3
"Item10",0.292589429279957,3
