"Items","Difficulty","Discrimination"
"Item1",0.222177669491758,0.25
"Item2",0.513849622390035,3
"Item3",-0.102828455602467,0.25
"Item4",-0.140745168149856,0.25
"Item5",-0.0390270936755149,0.25
"Item6",-0.101578508786833,0.25
"Item7",0.283420290702442,0.25
"Item8",-0.494898715760798,0.25
"Item9",-0.0999917276833313,0.25
"Item10",0.0431075501785892,3
