"Items","Difficulty","Discrimination"
"Item1",0.336744162506143,1
"Item2",-0.148185932311502,1
"Item3",-0.189883085848181,1
"Item4",0.571898538197525,1
"Item5",1.42702031256839,3
"Item6",0.771685018410178,1
"Item7",0.177067589632709,3
"Item8",-0.000407806065921673,1
"Item9",-0.402921472016166,1
"Item10",-0.0919368424500699,1
