"Items","Difficulty","Discrimination"
"Item1",-0.554450930063208,0.5
"Item2",0.555340970327623,3
"Item3",-0.483638947953302,0.5
"Item4",-0.321034574376688,0.5
"Item5",0.25045785714747,0.5
"Item6",0.139203953373145,3
"Item7",-0.303964000014059,0.5
"Item8",-0.481446562380741,0.5
"Item9",0.320909588753557,3
"Item10",-0.18170112975244,0.5
