"Items","Difficulty","Discrimination"
"Item1",-1.46000601823518,3
"Item2",0.480187075423978,0.55
"Item3",-0.40092476562314,3
"Item4",-0.382358308540417,0.55
"Item5",-0.512335931895597,3
"Item6",0.11380894647437,0.55
"Item7",-0.686669072667993,3
"Item8",0.331719598478023,3
"Item9",-0.503045261725852,0.55
"Item10",0.373345728833575,3
