"Items","Difficulty","Discrimination"
"Item1",-0.896810607397792,1.7
"Item2",-0.668578636244864,1.7
"Item3",-0.567694722670284,1.7
"Item4",0.308291692180003,3
"Item5",-0.313316787256312,3
"Item6",-0.109397561769483,1.7
"Item7",-1.35415930071623,3
"Item8",-0.574893549696518,3
"Item9",0.0352055058019853,1.7
"Item10",-0.55529309021338,1.7
