"Items","Difficulty","Discrimination"
"Item1",-0.711513421964163,1.3
"Item2",-0.945313602112728,1.3
"Item3",-0.314309889132496,1.3
"Item4",0.108576168257443,1.3
"Item5",-0.967119892071753,1.3
"Item6",-0.759521895901787,1.3
"Item7",-0.203356313214409,1.3
"Item8",0.0900185858809715,3
"Item9",-0.433151985234031,1.3
"Item10",-0.109140425278486,1.3
