"Items","Difficulty","Discrimination"
"Item1",0.720555823484727,0.9
"Item2",-1.3571981346275,0.9
"Item3",-0.836508820233037,0.9
"Item4",0.418872911344927,3
"Item5",-0.141755891901098,0.9
"Item6",-0.347279919335956,0.9
"Item7",0.118783660637928,0.9
"Item8",-0.201577228633221,0.9
"Item9",-0.622990372440693,0.9
"Item10",0.0429302364942927,3
