"Items","Difficulty","Discrimination"
"Item1",-0.486276046373595,1.8
"Item2",-0.748684265308789,1.8
"Item3",-0.328250995084814,1.8
"Item4",-0.132838113834376,1.8
"Item5",-0.642064525893909,1.8
"Item6",-0.471982763435731,1.8
"Item7",0.55743155250027,1.8
"Item8",0.157366251304014,3
"Item9",0.605247330490431,1.8
"Item10",0.401841204387976,1.8
