"Items","Difficulty","Discrimination"
"Item1",-0.305057283794955,0.7
"Item2",-0.428063739722815,3
"Item3",0.565442691339784,0.7
"Item4",0.00122848653554604,0.7
"Item5",-0.100114553698798,0.7
"Item6",-0.939849522879205,0.7
"Item7",0.0947418893331996,3
"Item8",1.15736682990126,0.7
"Item9",-0.234210510227304,0.7
"Item10",-0.271471604868052,0.7
