"Items","Difficulty","Discrimination"
"Item1",-0.695107889895702,1.2
"Item2",0.574282137383177,1.2
"Item3",0.313381120094203,1.2
"Item4",0.00498240486752199,1.2
"Item5",-0.103658115324339,1.2
"Item6",-0.392118540756964,1.2
"Item7",0.165006251435428,3
"Item8",0.598894555887159,3
"Item9",0.173118278300849,1.2
"Item10",0.230686426988835,1.2
