"Items","Difficulty","Discrimination"
"Item1",0.393679053198341,0.6
"Item2",0.354296847302461,0.6
"Item3",0.550017605914127,0.6
"Item4",-0.218061954455333,3
"Item5",0.353854833643982,0.6
"Item6",0.681321447530878,0.6
"Item7",0.326529320212436,0.6
"Item8",-0.444036226581971,3
"Item9",0.247539824400424,0.6
"Item10",-0.592403309997487,3
