"Items","Difficulty","Discrimination"
"Item1",0.213372112686253,3
"Item2",-0.62424879216706,0.9
"Item3",0.673166172464452,0.9
"Item4",-0.343111578459027,3
"Item5",0.120998221741344,0.9
"Item6",-0.408714934624171,0.9
"Item7",-0.566345529225078,3
"Item8",-0.241795659863209,0.9
"Item9",0.167749446482276,0.9
"Item10",-0.16267796463496,0.9
