"Items","Difficulty","Discrimination"
"Item1",0.648555704124259,0.2
"Item2",-0.906698718204263,3
"Item3",-0.657300798459486,0.2
"Item4",-0.535451507300275,3
"Item5",0.64006254787482,0.2
"Item6",-0.675792517357793,0.2
"Item7",0.524287799662936,3
"Item8",0.892946958152306,0.2
"Item9",0.666556484984102,3
"Item10",-0.760782682527303,0.2
