"Items","Difficulty","Discrimination"
"Item1",0.657781318762503,3
"Item2",-0.552216425830123,3
"Item3",0.155038238609394,1.3
"Item4",0.412937674833569,1.3
"Item5",0.391977636072335,1.3
"Item6",-0.580868673655465,1.3
"Item7",-0.363890853443991,3
"Item8",0.655382558260519,1.3
"Item9",-0.00380283457902383,1.3
"Item10",-0.241101581016473,1.3
