"Items","Difficulty","Discrimination"
"Item1",0.155440454784171,3
"Item2",-0.139354613605648,1.5
"Item3",-0.295406900484232,1.5
"Item4",0.336923716651436,3
"Item5",0.378071340625527,1.5
"Item6",-0.0817225731415415,1.5
"Item7",-0.0955314838503693,3
"Item8",0.505767023973195,1.5
"Item9",-0.170371279296469,3
"Item10",-0.490087270940116,1.5
