"Items","Difficulty","Discrimination"
"Item1",0.477753695231551,0.75
"Item2",0.766596187962141,3
"Item3",-0.666175926722375,0.75
"Item4",-0.125490779203173,0.75
"Item5",-0.287670377355325,0.75
"Item6",-0.77196278816499,0.75
"Item7",0.283665982506366,0.75
"Item8",-0.284902897317675,3
"Item9",-0.615894709650912,0.75
"Item10",0.079171066537593,0.75
