"Items","Difficulty","Discrimination"
"Item1",-0.32518606501268,0.55
"Item2",0.0658501427307532,3
"Item3",-0.275152372646174,0.55
"Item4",0.528328447618032,0.55
"Item5",-0.576733320910511,0.55
"Item6",0.00576326536410322,3
"Item7",-0.0621724744057783,0.55
"Item8",0.248217259455392,0.55
"Item9",-0.455726295526814,0.55
"Item10",0.040113058579728,3
