"Items","Difficulty","Discrimination"
"Item1",1.39095233807337,0.2
"Item2",0.319848227197916,3
"Item3",-0.261554181775697,0.2
"Item4",-0.333170380614579,3
"Item5",0.467745565533333,0.2
"Item6",-0.270294469094629,0.2
"Item7",-0.245603735318271,0.2
"Item8",-0.36329057097151,0.2
"Item9",0.116569760212513,0.2
"Item10",0.421925272245226,3
