"Items","Difficulty","Discrimination"
"Item1",0.131166676628274,3
"Item2",0.504212945014962,0.6
"Item3",0.249128444894107,0.6
"Item4",0.280324496106526,0.6
"Item5",0.179871669289228,0.6
"Item6",-0.116898959730027,0.6
"Item7",-0.64938059645882,3
"Item8",0.211056397021067,0.6
"Item9",-1.02733013657389,0.6
"Item10",-0.341036532945731,3
