"Items","Difficulty","Discrimination"
"Item1",-0.122714032453712,3
"Item2",-0.0663572588470237,0.3
"Item3",0.374287480797384,0.3
"Item4",0.717281734828172,0.3
"Item5",0.92178902582796,0.3
"Item6",0.11438780349871,0.3
"Item7",0.449157293170208,0.3
"Item8",-0.00169733917438685,3
"Item9",-0.0393302696330777,3
"Item10",-0.688984360547765,0.3
