"Items","Difficulty","Discrimination"
"Item1",0.297668319222603,0.3
"Item2",-0.350069084762828,3
"Item3",0.438665096193816,0.3
"Item4",-1.20585781591822,3
"Item5",0.24543852678362,0.3
"Item6",0.143427545023549,0.3
"Item7",-0.431019540390764,3
"Item8",-0.92472447811137,0.3
"Item9",0.997115124350434,0.3
"Item10",-1.38302677644145,3
