"Items","Difficulty","Discrimination"
"Item1",0.138846229522142,0.3
"Item2",0.330548064294335,0.3
"Item3",-0.421243237089384,0.3
"Item4",0.188348934509291,0.3
"Item5",-0.302615441249211,0.3
"Item6",-0.049920035002906,0.3
"Item7",-0.0195512188896593,0.3
"Item8",0.516187191850031,0.3
"Item9",0.0211144437888061,0.3
"Item10",0.196518504615961,3
