"Items","Difficulty","Discrimination"
"Item1",-1.2355250469467,3.02254480265311
"Item2",-1.46682529896647,3.0192854195556
"Item3",-0.925143369328574,2.71538040534828
"Item4",-1.06883647695748,2.93514400726231
"Item5",-1.66390309015694,3.11883486737317
"Item6",0.827729303821772,1.17355177872194
"Item7",0.171436595315695,1.89989037990316
"Item8",2.35642815732423,0.705186571038315
"Item9",1.7004330191955,0.556891876429572
"Item10",-0.389306995677136,2.23561394330342
