"Items","Difficulty","Discrimination"
"Item1",-0.0158834299358035,1.84191219291336
"Item2",-1.46839639796578,2.94358751137356
"Item3",3.09050783277529,0.45763664879481
"Item4",-0.966975084612733,2.86204208710202
"Item5",1.25546033262642,0.805218936631341
"Item6",-1.23054514574568,3.0869176234511
"Item7",0.0567946476372294,1.69323380231825
"Item8",-1.27686144008228,2.80432452925607
"Item9",-1.30588191873833,2.72320714823664
"Item10",2.01849121518705,0.644056762230435
