"Items","Difficulty","Discrimination"
"Item1",-1.97686385316854,2.90273005511269
"Item2",1.5901030797464,0.282019155606982
"Item3",-2.3981338923637,2.94359873066778
"Item4",0.189825451540221,1.18527695685381
"Item5",1.06162078623535,1.16824518644405
"Item6",1.27040005595992,0.876748348002339
"Item7",1.33315246926603,1.26811911603835
"Item8",0.0642677559311349,1.8232528992561
"Item9",0.996362308297882,0.759751537627553
"Item10",1.01347081144318,1.02584670813406
