"Items","Difficulty","Discrimination"
"Item1",0.713552437224372,1.29487846939978
"Item2",1.19731615801856,1.04504021920446
"Item3",-1.50641664948906,3.06633782257518
"Item4",-0.373399013711281,2.23823109746281
"Item5",1.22728830819131,0.802817719307775
"Item6",2.24346926865578,0.556700992244218
"Item7",-0.389948696630148,2.19045311008415
"Item8",-1.32526843994881,3.11299981386503
"Item9",1.37846758916905,0.837157635920828
"Item10",-1.6984297730678,3.06115742236687
