"Items","Difficulty","Discrimination"
"Item1",0.451072885479102,1.29489757372974
"Item2",-0.867550499253408,2.51825710088112
"Item3",-0.506244402259938,2.50431508865682
"Item4",-2.1625100421263,3.25031098603697
"Item5",-0.947782654250166,2.75084837654829
"Item6",0.215495583524583,1.73779206875638
"Item7",0.0215748447403524,1.87121312928835
"Item8",0.44119393379167,1.51565317680217
"Item9",1.63087107266852,0.780506160091089
"Item10",0.819889853584937,0.937419679033842
