"Items","Difficulty","Discrimination"
"Item1",-1.12184469401147,2.92017194607817
"Item2",-0.666938098686499,2.6495140873869
"Item3",1.45455463581287,0.78239805685543
"Item4",1.23761448693133,0.895872029096982
"Item5",0.360908156820122,1.39677519778015
"Item6",0.613183939154024,1.28452905708186
"Item7",-1.30382581125887,2.90500011614649
"Item8",-0.879469761995369,2.57282261254335
"Item9",0.502633268844626,1.49589824448985
"Item10",1.13583836361164,0.925192496674682
