"Items","Difficulty","Discrimination"
"Item1",0.648476170232964,1.00984846226257
"Item2",-0.488804810009609,0.988263882698421
"Item3",-1.48906987043674,0.965618147507915
"Item4",-1.64027309220525,2.83924541865265
"Item5",2.62814022435788,1.02201858231898
"Item6",-2.10156945472446,2.71053851966556
"Item7",-0.198234934326437,0.876629586853331
"Item8",-0.565495789241061,1.14495715489071
"Item9",1.01612147994205,1.1701289728237
"Item10",1.33929708244134,1.0978137682499
