"Items","Difficulty","Discrimination"
"Item1",0.155371574490388,0.863686587523262
"Item2",-2.48185943931947,2.06315185820534
"Item3",-1.61433071152205,2.69860776620431
"Item4",-2.22901264705786,2.74509024495413
"Item5",-1.25068554775957,1.00404015731337
"Item6",-0.108605249683251,1.05178596720741
"Item7",1.54862595068134,0.880082115043296
"Item8",-1.18998234155768,0.852623216031105
"Item9",0.577365029903649,1.12033542135211
"Item10",1.19235673536988,0.818521967883346
