"Items","Difficulty","Discrimination"
"Item1",-1.67953127628916,0.341367500452855
"Item2",0.924025761881307,2.68459929022024
"Item3",-2.03399025389377,0.767244518719892
"Item4",0.806138923885848,3.21662066827178
"Item5",-0.198752394695535,1.64597960546049
"Item6",-1.57734455555878,0.677317258355063
"Item7",-1.67839465531625,0.914066903755561
"Item8",1.86803864112828,3.16002152883545
"Item9",0.454242589232842,2.36817581470306
"Item10",-0.744974763111794,0.830457462021853
"Item11",2.03421135457096,2.89582303314932
"Item12",1.10534527339723,2.73431737866528
"Item13",1.60872574579028,2.93863836936733
"Item14",-1.56437676404202,0.678214457231847
"Item15",-2.08424143770645,0.834395169289809
