"ID","Theta","Item1","Item2","Item3","Item4","Item5","Item6","Item7","Item8","Item9","Item10","Item11","Item12","Item13","Item14","Item15"
1,0.149505389857634,0,1,0,0,0,1,0,1,0,1,0,0,0,1,0
2,1.19297060247752,0,1,1,0,0,1,0,1,1,0,1,1,1,1,1
3,-1.07574031863312,0,0,0,0,0,1,0,0,0,0,0,0,0,1,0
4,0.19395260195456,0,0,0,0,0,1,0,0,0,1,1,0,1,0,0
5,0.575769393568371,1,0,0,1,0,0,0,1,1,1,1,0,1,1,0
6,-0.75872716488009,0,1,0,0,0,1,0,1,0,1,1,0,0,1,0
7,-0.46209153418946,0,0,0,0,0,1,0,1,0,1,0,0,0,1,0
8,-0.0050333283210253,0,0,0,0,0,0,0,1,0,0,0,1,1,0,1
9,0.264290563335976,0,0,0,0,0,1,0,1,1,1,0,1,1,1,0
10,-0.675386511588602,0,0,0,0,0,0,0,1,0,0,0,0,1,1,0
11,0.515860858887635,0,1,0,0,1,0,0,1,1,1,1,1,1,1,0
12,1.03897186370923,1,1,1,1,0,1,0,1,0,1,1,1,1,1,1
13,0.240296467250429,0,0,0,0,0,1,0,0,0,1,1,1,0,0,1
14,-0.471598576230838,0,1,0,0,0,1,0,0,0,1,1,0,1,1,0
15,-1.26813177595005,0,0,0,0,0,1,0,1,0,1,1,0,0,1,0
16,0.806303980792419,0,0,0,0,0,0,0,0,0,0,1,0,1,0,0
17,0.329471209810997,0,0,0,0,0,1,0,1,0,0,0,0,0,1,0
18,-0.594980891857427,0,0,0,0,0,1,0,1,0,1,0,0,1,0,0
19,-0.141891787587106,0,0,0,0,0,1,0,1,0,0,0,0,0,0,0
20,-0.98518047563019,0,0,0,0,0,0,0,0,0,1,1,0,1,1,0
21,0.199797483328123,1,1,0,0,0,1,0,0,0,1,0,0,1,0,0
22,0.0293482357170454,0,1,0,0,0,1,0,1,0,0,1,0,0,1,0
23,-0.812781876257188,0,1,0,0,0,0,0,1,0,1,1,0,1,0,0
24,-0.000604954230511269,0,1,0,0,0,1,0,1,0,0,0,0,1,0,0
25,0.0379882974423133,1,1,0,0,0,0,0,1,0,1,1,0,1,1,0
26,-0.2154071527494,0,0,0,0,0,0,0,1,0,0,1,0,1,1,0
27,1.84772329504429,1,1,1,1,1,1,1,1,1,1,1,1,1,0,1
28,0.197350676110607,0,0,0,0,0,1,0,1,1,0,1,0,1,1,0
29,0.0938329105093856,0,1,0,0,0,1,0,1,1,1,0,0,1,1,1
30,-1.69081210445045,0,0,0,0,0,1,0,0,0,1,1,0,0,0,0
31,-0.585911245343042,0,1,0,0,0,1,0,0,0,1,0,0,1,1,0
32,-0.234490159446112,0,1,0,0,0,1,0,1,0,0,0,0,0,1,0
33,-1.34394533513963,0,0,0,0,0,1,0,0,0,0,1,0,0,0,0
34,0.855447034508136,0,1,0,0,0,0,0,1,0,1,0,0,1,0,1
35,0.635978219157347,1,0,1,0,0,0,0,1,0,1,1,0,1,1,1
36,1.42524020485871,1,1,0,1,1,0,1,1,1,1,1,1,1,0,1
37,-0.667086003926284,0,0,0,0,0,0,0,0,0,0,0,0,1,0,0
38,-0.532441825379254,0,0,0,0,0,1,0,1,0,0,1,0,1,1,0
39,1.62366717052212,1,0,0,0,1,1,0,0,1,1,1,1,1,0,1
40,2.03806955724356,1,0,1,1,1,1,1,0,1,1,1,1,1,1,1
41,-0.52096337162812,0,1,0,0,0,0,0,1,0,0,1,0,0,1,0
42,-0.0838037930551699,0,1,0,0,0,1,0,0,0,1,0,0,0,0,0
43,0.744878149430054,1,1,1,0,0,0,1,1,1,1,1,1,1,0,0
44,0.476789532705146,1,1,0,0,0,1,0,1,0,1,0,1,1,0,0
45,0.99284425352575,1,0,1,0,0,1,1,1,0,0,0,1,1,0,1
46,0.808403792201818,1,0,0,0,0,0,1,1,1,1,1,1,0,1,0
47,0.885730378974533,1,1,1,0,0,0,0,1,1,0,1,0,0,0,0
48,0.0501196919217657,0,1,0,0,0,1,0,1,0,1,1,0,1,1,1
49,0.630431996797623,0,1,0,0,0,1,0,1,1,1,0,1,1,0,1
50,-0.61581867263611,0,0,0,0,0,1,0,1,0,0,1,0,1,1,0
51,0.479937386605936,0,0,0,0,0,0,0,0,0,1,1,0,1,0,0
52,-0.582811054712131,0,0,0,0,0,0,0,0,1,0,1,0,0,1,0
53,1.2034919029105,1,0,1,1,0,1,0,1,1,1,1,1,1,1,0
54,-1.28354882599602,0,0,0,0,0,1,0,0,0,1,0,0,1,0,0
55,-2.82005934464675,0,0,0,0,0,0,0,0,0,1,0,0,0,0,0
56,0.791045820755745,1,1,0,0,0,1,0,1,1,1,0,1,0,1,0
57,0.340859570163348,0,0,1,0,0,1,0,0,0,0,1,0,1,1,0
58,1.67295161121259,1,1,1,1,0,1,1,1,1,1,1,1,1,1,1
59,-0.751869607388057,0,0,0,0,0,0,0,0,0,0,1,0,0,1,0
60,-0.20816789833293,0,0,0,0,0,1,0,1,0,1,0,0,1,0,0
61,-0.772456646080371,0,1,0,0,0,1,0,1,0,1,0,0,0,1,0
62,0.111952236249044,0,1,0,0,0,0,0,1,0,1,1,0,0,0,0
63,0.0783362675792203,0,1,0,0,0,0,0,1,0,1,1,0,1,0,0
64,-0.360105879905297,0,0,0,0,0,1,0,1,0,0,0,0,1,1,0
65,1.66453707135799,1,1,1,1,0,1,1,1,1,1,1,1,1,1,1
66,0.0311005580366804,1,0,0,0,0,1,0,1,0,1,1,0,0,1,0
67,0.197310547480617,0,1,0,0,0,1,0,1,1,0,1,0,1,0,0
68,-1.29962096642519,0,1,0,0,0,1,0,1,0,0,0,0,0,0,0
69,1.18521040829926,1,1,1,1,0,0,0,0,1,1,0,1,1,1,1
70,0.2551682942639,0,1,0,0,0,0,0,0,0,1,1,0,0,0,0
71,0.0814959292973299,0,1,0,0,0,0,0,1,0,1,0,0,1,1,0
72,-1.33182882349747,0,1,0,0,0,1,0,0,0,0,1,0,1,0,0
73,-0.341848911694159,0,0,0,0,0,1,0,1,0,1,1,0,0,0,0
74,1.65414910340713,1,1,1,1,0,0,1,1,1,1,0,1,0,0,1
75,-0.864055321433153,0,1,0,0,0,0,0,0,0,0,1,0,0,1,0
76,1.1508338066985,1,0,1,0,0,1,1,1,1,1,1,1,1,0,1
77,-0.543246133156491,0,0,0,0,0,1,0,1,0,1,0,0,1,1,0
78,1.24227054273083,1,1,0,1,1,0,0,1,1,1,1,1,0,1,1
79,-0.822661806912951,0,1,0,0,0,1,0,0,0,1,1,0,1,1,0
80,1.50781147037833,1,1,1,1,1,0,1,1,1,1,1,1,1,0,1
81,-0.0451981564259642,0,1,0,0,0,0,0,1,0,1,1,0,0,0,0
82,-0.610630781627293,0,1,0,0,0,1,0,0,0,1,0,0,0,0,0
83,0.194249500299723,0,0,0,0,0,0,0,1,0,1,1,0,0,1,0
84,0.951182069893387,1,1,1,0,0,1,0,1,0,1,1,1,1,0,1
85,-0.838302338380514,0,1,0,0,0,1,0,1,0,0,0,0,0,0,0
86,0.899513710473677,1,0,0,1,0,1,0,0,1,1,1,0,1,0,0
87,0.189072205731211,1,1,0,0,0,1,0,1,0,1,1,1,1,0,0
88,-0.396943729359384,0,1,0,0,0,1,0,0,0,1,0,0,1,0,0
89,-0.902339460795671,0,0,0,0,0,1,0,1,0,0,0,0,1,0,0
90,-0.697104515215345,0,0,0,0,0,1,0,1,0,1,1,0,0,0,0
91,1.4207312745471,1,1,1,1,0,0,0,1,1,1,0,1,1,1,0
92,-0.160464482396773,0,0,0,0,0,1,0,1,0,0,1,0,1,0,0
93,0.540442755743415,0,1,0,0,0,0,0,1,1,0,1,1,1,1,0
94,-0.980646035455096,0,1,0,0,0,1,0,1,0,1,0,0,0,1,0
95,-0.144574663264255,0,1,0,0,0,1,0,1,0,1,0,0,1,1,0
96,-0.436628262720361,0,1,0,0,0,1,0,0,0,1,0,0,1,0,0
97,0.200832583629451,1,1,0,0,0,1,0,0,0,0,1,1,0,0,0
98,0.0573026602295825,1,0,1,0,0,1,0,0,0,1,1,0,1,1,1
99,0.300535729497836,0,0,0,0,0,1,0,1,0,1,1,0,1,0,0
100,-0.487698412665057,0,1,0,0,0,0,0,1,0,1,1,0,0,1,0
101,-2.51815349567956,0,1,0,0,0,1,0,0,0,1,1,0,0,1,0
102,-0.704355780179524,0,1,0,0,0,0,0,1,0,0,1,0,1,1,0
103,-1.23715058854428,0,0,0,0,0,0,0,0,0,0,0,0,0,0,0
104,1.49342986740346,1,1,1,1,1,1,1,1,1,1,0,1,1,1,1
105,-0.529267656580921,0,1,0,0,0,1,0,0,0,1,0,0,1,1,0
106,0.822155910470807,0,1,1,0,0,0,1,1,1,0,0,0,1,1,0
107,0.609930355090597,1,0,0,0,0,0,0,0,1,0,1,1,1,0,1
108,0.834537179459254,1,0,1,1,0,0,1,0,1,1,1,1,1,0,0
109,1.59267366506971,1,1,0,1,0,1,1,1,1,1,1,0,1,0,1
110,1.57813688443441,1,0,1,0,1,1,1,1,1,1,1,1,1,0,1
111,0.415564145614714,1,1,0,0,0,0,0,1,1,0,0,1,1,1,0
112,-1.60607488080145,0,0,0,0,0,1,0,0,0,1,0,0,1,0,0
113,-0.0516238494255851,0,0,1,0,0,0,0,1,0,0,0,0,1,0,0
114,0.909554046192135,0,0,0,0,0,0,1,1,1,0,1,0,1,0,0
115,-0.186618363306565,0,1,0,0,0,1,0,0,0,0,0,0,1,0,0
116,-0.734969754603858,0,0,0,0,0,0,0,1,0,1,0,0,0,0,0
117,0.992430017086566,1,1,0,0,0,1,1,1,1,0,1,1,0,0,1
118,-0.0491875901307526,1,1,0,0,0,0,0,1,1,1,1,0,1,1,0
119,-1.42006631766306,0,1,0,0,0,1,0,0,0,0,1,0,1,0,0
120,2.83749131491382,1,0,1,1,1,1,1,1,1,1,1,1,0,1,1
121,-0.671055307458484,0,0,0,0,0,1,0,1,0,1,1,0,1,0,0
122,-0.288817608382993,1,1,0,0,0,0,0,0,0,0,1,0,1,1,0
123,-0.711590098125427,0,1,0,0,0,0,0,1,0,0,0,0,1,1,0
124,-0.707273542105716,0,1,0,0,0,1,0,1,0,0,1,0,1,0,0
125,0.12763756876516,0,1,0,0,0,0,0,1,0,0,1,0,1,1,0
126,0.221958282622514,1,0,0,0,0,0,0,1,0,0,1,1,1,0,1
127,-0.502670068637286,0,1,0,0,0,1,0,0,0,1,0,0,1,0,0
128,1.24735805811166,0,0,1,1,0,1,1,1,1,1,1,1,1,0,1
129,0.579198253567038,1,1,0,0,0,0,0,1,1,1,1,1,0,0,1
130,0.210309470752027,0,0,0,0,0,1,0,1,1,1,1,0,1,0,0
131,-1.46135781348559,0,1,0,0,0,1,0,1,0,1,1,0,0,0,0
132,-0.34372667596437,0,1,0,0,0,1,0,0,0,0,1,0,0,0,0
133,-0.479570350095645,0,0,0,0,0,1,0,1,0,0,1,0,1,1,0
134,0.250491766066825,0,1,0,0,0,1,0,1,0,1,1,0,0,1,0
135,-0.312604941561984,0,1,0,0,0,1,0,0,0,1,1,0,1,1,0
136,0.000201932689546074,0,0,0,0,0,0,0,1,0,0,1,0,1,0,0
137,0.644783532601646,1,1,0,0,0,0,0,1,0,0,1,0,1,1,0
138,-0.992897331112938,0,0,0,0,0,1,0,0,0,0,0,0,1,1,0
139,-0.252611772379065,0,1,0,0,0,1,0,1,0,0,0,0,1,0,0
140,-0.613956194329678,0,1,0,0,0,1,0,1,0,1,0,0,1,1,0
141,-1.17452722264644,0,1,0,0,0,1,0,0,0,1,1,1,0,0,0
142,-0.488954969484547,0,0,0,0,0,1,0,1,0,0,1,0,0,1,0
143,1.67695386160746,1,1,1,1,1,1,0,1,1,1,1,1,1,0,1
144,1.53344286178297,1,1,1,1,1,1,1,1,1,1,1,1,1,1,1
145,-0.40099028760905,0,1,0,0,0,0,0,1,0,1,1,0,1,1,0
146,-1.53458673294268,0,1,0,0,0,0,0,1,0,1,0,0,0,1,0
147,-0.425286432441811,0,0,0,0,0,0,0,0,0,1,1,0,0,1,0
148,0.675654082806128,1,0,0,0,0,1,0,1,0,0,0,0,1,0,1
149,-0.670844155845386,1,0,0,0,0,0,0,1,0,1,0,0,1,1,0
150,-0.363660024606977,0,0,0,0,0,0,0,1,0,0,0,0,1,0,0
151,2.23836076234088,1,1,1,1,1,0,1,1,1,1,1,1,1,0,1
152,0.188375241475255,0,0,0,0,0,1,0,1,0,0,1,0,1,0,0
153,0.629773384329611,1,1,0,0,0,0,0,1,0,1,1,1,0,1,0
154,0.321298934207596,0,1,0,0,0,0,0,1,0,0,1,0,1,0,0
155,0.585226956210126,1,0,0,0,0,1,0,1,1,1,0,0,0,1,0
156,0.914560987940456,1,0,1,0,0,0,1,0,1,1,1,1,1,1,0
157,-1.31217351297501,0,0,0,0,0,0,0,1,0,0,1,0,1,0,0
158,-0.776826168437687,0,0,0,0,0,1,0,1,0,1,0,0,1,0,0
159,0.238456472742249,0,1,0,0,0,1,0,1,0,1,1,1,1,1,0
160,1.20392431939993,1,1,1,0,1,0,1,1,1,1,0,1,0,1,1
161,0.40250564042261,1,1,1,0,0,0,0,1,0,1,0,1,1,0,0
162,-1.22881606805175,0,0,0,0,0,0,0,1,0,0,1,0,0,1,0
163,-1.14007893739913,0,1,0,0,0,1,0,1,0,0,1,0,0,0,0
164,-0.558256194185407,0,0,0,0,0,1,0,1,0,1,1,0,1,1,0
165,0.600031344775615,1,0,0,0,0,1,0,1,0,1,1,0,0,0,0
166,-0.868315180530658,0,1,0,0,0,1,0,1,0,1,1,0,0,1,0
167,-0.783666335565083,0,1,0,0,0,0,0,1,0,0,1,0,1,0,0
168,0.326651304929568,0,0,0,0,0,1,0,0,1,0,0,0,0,1,0
169,0.0633455922917366,0,1,0,0,0,1,0,0,0,1,0,0,0,1,1
170,-0.044380454456184,1,0,0,0,0,1,0,1,0,1,0,0,0,0,0
171,1.04734286196914,1,0,0,1,0,0,1,1,1,1,1,1,1,1,1
172,-0.0564064072117232,0,0,0,0,0,1,0,0,0,1,0,0,0,0,0
173,0.970560443715236,1,1,1,1,0,1,0,1,1,0,1,1,1,1,1
174,-0.822259491948023,0,0,0,0,0,0,0,0,0,1,0,0,1,1,0
175,1.08228162007342,1,1,0,1,0,1,1,1,1,1,0,1,1,1,0
176,0.110170360338405,0,0,0,0,0,1,0,1,0,0,1,0,1,1,0
177,-0.610669221340165,0,0,0,0,0,1,0,1,0,0,1,0,0,0,0
178,-0.988882401653658,0,0,0,0,0,0,0,0,0,1,1,0,1,0,0
179,0.308169389380702,1,1,0,0,0,1,0,1,0,1,1,0,1,0,1
180,-0.485848716380131,0,0,0,0,0,0,0,0,0,1,1,0,0,1,0
181,0.31596037765162,0,1,1,0,0,1,0,0,0,0,0,0,0,0,0
182,0.202743247914297,0,1,0,0,0,0,0,1,0,0,0,0,0,0,0
183,-1.50119439256651,0,1,0,0,0,0,0,1,0,0,0,0,1,0,0
184,-0.542106806186317,0,0,0,0,0,1,0,1,0,1,1,0,0,1,0
185,-0.626067197366336,0,1,1,0,0,1,0,0,0,0,0,0,0,1,0
186,-0.160793819210043,0,0,0,0,0,0,0,1,0,1,1,0,1,0,0
187,-0.395849486330433,0,1,0,0,0,0,0,1,0,0,0,0,1,1,0
188,-0.0318242533423515,0,1,0,0,0,1,0,1,0,0,1,0,1,1,0
189,-0.144864555879342,0,1,0,0,0,0,0,0,0,1,1,0,1,1,0
190,1.1763912776606,1,1,1,0,0,1,0,1,1,0,1,1,1,1,1
191,-0.898270494454878,0,0,0,0,0,1,0,1,0,1,0,0,1,0,0
192,0.65470576045393,1,1,1,0,0,1,0,0,0,1,1,1,0,1,0
193,1.14996059387725,1,1,0,0,0,1,1,1,1,1,1,0,1,0,1
194,-1.16471520839644,0,1,0,0,0,0,0,1,0,1,1,0,0,0,0
195,1.37692512445496,1,1,1,1,0,1,1,1,1,1,1,1,1,0,1
196,-0.57264069614435,0,0,0,0,0,0,0,0,0,1,0,0,0,1,0
197,-2.16423156329664,0,1,0,0,0,0,0,0,0,0,0,0,0,1,0
198,0.728880895136526,1,1,1,0,0,0,0,1,0,1,1,0,0,1,0
199,0.654747321222218,1,0,1,1,0,1,0,1,1,0,1,0,1,0,1
200,0.527066831495057,0,0,0,0,0,1,1,1,0,0,1,1,0,0,1
201,-1.72181222148725,0,0,0,0,0,1,0,1,0,1,1,0,0,1,0
202,0.214895449327858,0,0,0,0,0,0,0,1,0,0,0,0,0,0,0
203,-0.233531684655218,0,0,0,0,0,0,0,1,0,0,0,0,1,0,0
204,-0.264927888724335,0,1,0,0,0,0,0,0,0,1,1,0,1,1,0
205,0.378794790437239,0,1,0,0,0,0,0,1,0,0,0,0,1,0,1
206,0.285590359966349,0,0,0,0,0,1,0,1,0,1,0,0,0,1,0
207,0.663970060232568,0,0,0,0,0,1,0,0,0,1,1,0,1,1,0
208,-0.955819204624619,0,1,0,0,0,1,0,1,0,1,0,0,1,0,0
209,0.189076775570126,0,0,0,0,0,1,0,1,0,1,0,0,0,0,0
210,1.63544864414423,1,1,1,1,0,0,1,1,1,1,1,1,0,1,1
211,0.841719792648347,0,1,0,1,0,1,0,0,0,1,1,1,0,0,1
212,0.269688504319713,0,1,0,0,0,1,0,1,0,1,1,0,1,1,0
213,0.641864475525783,1,1,0,0,0,0,0,0,0,1,1,0,1,0,1
214,-0.0678065470413392,0,1,0,0,0,0,0,0,0,1,1,0,0,0,0
215,-0.405439814671117,0,1,0,0,0,0,0,1,0,1,1,0,0,0,0
216,-1.05826076943119,0,0,0,0,0,1,0,1,0,0,0,0,0,1,0
217,0.88892721418269,0,1,1,0,0,1,0,1,1,1,1,0,0,1,0
218,0.509174489584702,0,0,0,0,0,0,0,0,1,1,1,0,0,0,1
219,0.238342814285698,1,0,0,0,0,1,0,0,0,0,1,0,0,1,0
220,-0.941174622490123,0,1,0,0,0,0,0,0,0,0,0,0,1,1,0
221,-1.08807981464807,0,1,0,0,0,0,0,1,0,1,0,0,1,0,0
222,0.421815119773635,1,0,1,1,0,0,0,0,1,1,1,0,1,1,0
223,-0.479205654521802,0,0,0,0,0,0,0,0,0,0,1,0,1,0,0
224,1.10090036756727,1,0,0,1,0,0,0,1,1,1,1,1,0,1,0
225,0.784496715625383,0,1,0,0,1,0,0,1,0,1,1,1,1,0,0
226,-0.288435443693915,0,0,0,0,0,1,0,1,0,0,1,0,1,0,0
227,1.4774262941322,1,1,1,0,1,1,0,1,1,1,1,1,1,1,1
228,0.154277205684237,1,1,0,0,0,0,0,1,0,1,0,0,0,1,0
229,-2.39239719353705,0,0,0,0,0,1,0,0,0,0,0,0,0,0,0
230,-0.444444596967718,0,1,0,0,0,0,0,1,0,1,1,0,0,0,0
231,0.720390040631732,0,1,0,0,0,0,0,1,1,0,1,0,1,0,0
232,0.774947748677051,1,1,0,0,0,1,0,1,0,1,1,0,1,1,0
233,1.06785175130908,0,0,0,0,0,0,0,1,1,0,1,0,1,0,1
234,0.0724014833594212,0,1,0,0,0,0,0,0,0,1,1,0,1,1,0
235,-2.44449375080039,0,0,0,0,0,1,0,1,0,0,1,0,1,1,0
236,0.280631875814647,1,1,0,0,0,1,1,1,1,1,1,0,1,0,0
237,0.0148778654346229,0,0,0,0,0,1,0,1,0,0,1,0,0,1,0
238,-1.67197186924035,0,0,0,0,0,1,0,1,0,1,0,0,0,1,0
239,-0.787287422494501,0,0,0,0,0,0,0,0,0,0,0,0,0,0,0
240,-0.848273054864403,0,1,0,0,0,0,0,1,0,1,1,0,0,1,0
241,0.909870983337827,1,1,1,0,1,1,0,1,1,1,1,1,0,1,1
242,1.34286735819091,1,1,0,0,1,1,1,1,1,1,0,1,0,1,1
243,-0.327300819174897,0,1,0,0,0,0,0,1,0,0,1,0,0,1,0
244,-0.0398687710554126,0,1,0,0,0,0,0,0,0,1,1,0,1,0,0
245,-0.997055472138434,0,0,0,0,0,1,0,0,0,1,1,0,1,1,0
246,-0.130731735737367,0,0,0,0,0,1,0,0,0,0,1,0,1,0,0
247,1.19854074571322,1,1,0,1,0,1,1,1,0,1,1,0,0,1,1
248,0.608325789062949,1,1,0,0,0,0,1,1,0,1,1,1,1,0,0
249,-0.120832854502396,0,1,0,0,0,0,0,0,0,1,0,0,1,1,0
250,0.307182191994335,1,0,0,0,0,0,0,1,0,1,1,1,0,1,0
251,-1.07729290351984,0,1,0,0,0,0,0,1,0,0,0,0,1,0,0
252,-0.519266751762959,0,1,0,0,0,0,0,1,0,0,0,0,0,1,0
253,1.79515499941968,1,1,1,1,1,0,1,0,1,0,1,1,0,1,1
254,-0.861884270756544,0,0,0,0,0,0,0,1,0,1,0,0,1,1,0
255,0.405126941650052,0,1,0,0,0,0,0,1,1,1,1,1,1,1,1
256,-1.03484060661823,0,1,0,0,0,1,0,0,0,1,0,0,0,1,0
257,-2.07611446237287,0,0,0,0,0,0,0,0,0,1,1,0,0,0,0
258,-1.16493826041087,0,1,0,0,0,0,0,1,0,0,0,0,0,0,0
259,1.65416906200328,1,1,1,1,1,1,1,1,1,0,0,1,1,1,1
260,1.24225957837836,1,0,0,1,0,0,1,1,1,1,1,1,1,1,1
261,-0.629281501509754,0,0,0,0,0,1,0,1,0,1,1,0,1,0,0
262,0.441399900750609,1,0,1,0,0,1,0,1,0,1,0,1,1,1,0
263,0.110175484459145,1,1,0,0,0,0,0,1,0,0,1,0,0,1,0
264,-0.680859703506755,0,0,0,0,0,1,0,1,0,1,0,0,1,0,0
265,-0.609847497233505,0,1,0,0,0,1,0,0,0,1,0,0,1,1,0
266,-0.00260745226902477,0,1,0,0,0,0,0,1,0,1,1,0,0,1,0
267,1.02317098801798,0,1,1,0,0,0,1,1,1,0,0,1,0,1,1
268,2.86911710198519,1,1,1,1,1,1,1,1,1,1,1,1,1,1,1
269,1.07301242202679,1,0,1,1,0,1,0,1,1,0,1,0,0,0,0
270,0.12593427994909,0,0,1,0,0,0,0,1,0,1,1,0,1,0,0
271,-1.50019194117824,0,0,0,0,0,1,0,0,0,1,1,0,1,0,0
272,-0.379060468355575,0,1,0,0,0,1,0,1,0,1,1,0,1,1,0
273,0.405132448661023,0,1,1,0,0,1,0,1,1,1,0,0,1,1,0
274,-0.403167878693053,0,1,0,0,0,1,0,0,0,0,0,0,0,0,0
275,0.104325493966231,0,1,0,0,0,1,0,1,0,1,1,0,1,1,0
276,0.980757347506219,1,1,1,0,0,1,1,1,0,1,1,1,0,0,0
277,0.0520233713391182,0,1,0,0,0,0,0,0,0,1,1,0,1,0,0
278,-0.696637013119295,0,0,0,0,0,1,0,1,0,1,0,0,0,1,0
279,-0.285812380574524,0,0,0,0,0,1,0,1,0,1,1,0,1,0,0
280,1.31045283669992,1,1,1,1,0,1,0,1,1,0,1,1,1,1,0
281,-0.0473563360852346,0,0,0,0,0,0,0,1,1,1,1,0,1,0,1
282,1.31885911332287,0,1,1,0,1,1,0,1,1,1,1,1,0,0,0
283,-0.96698032093241,0,0,0,0,0,1,0,1,0,1,1,0,1,1,0
284,-1.42762895573885,0,0,0,0,0,0,0,1,0,0,0,0,1,0,0
285,-0.135840702745337,0,0,0,0,0,0,0,0,0,1,0,0,0,1,1
286,0.167735993984813,0,0,0,0,0,1,0,1,0,0,1,0,1,1,1
287,-1.08396995177083,0,1,0,0,0,1,0,1,0,1,0,0,1,1,0
288,-0.868852766184429,0,0,0,0,0,1,0,0,0,0,1,0,1,1,0
289,-1.05000832731213,0,1,0,0,0,1,0,1,0,1,1,0,1,1,0
290,0.539972095969414,0,0,0,0,1,1,0,0,0,1,0,0,1,1,0
291,0.604200358890861,1,0,0,0,0,1,0,1,1,0,0,0,0,0,1
292,-0.892490164960548,0,1,0,0,0,0,0,1,0,1,0,0,0,0,0
293,-1.39647635867139,0,1,0,0,0,0,0,0,0,1,0,0,1,0,0
294,-1.26387404806744,0,1,0,0,0,1,0,1,0,0,0,0,0,1,0
295,-0.734118181808341,0,0,0,0,0,1,0,0,0,1,1,0,0,1,0
296,-0.313326010645455,0,1,0,0,0,1,0,1,0,1,0,0,1,0,0
297,-0.353689710031898,0,1,0,0,0,1,0,1,0,0,0,0,0,1,0
298,1.13557032863017,1,1,1,1,0,1,1,1,1,1,1,1,1,1,0
299,1.85770039956969,1,1,1,1,0,1,1,1,1,1,1,1,1,0,1
300,-1.33692856927077,0,0,0,0,0,0,0,1,0,1,1,0,1,1,0
301,-0.941109833276933,0,1,0,0,0,1,0,1,0,1,1,0,1,1,0
302,1.0041642351193,1,1,1,1,0,1,1,1,0,1,1,1,1,1,0
303,-0.401306682842431,0,1,0,0,0,1,0,1,0,1,0,0,0,1,0
304,-0.439566579584728,0,1,0,0,0,1,0,1,0,0,1,0,0,1,0
305,1.44794579695574,1,1,1,1,0,1,1,1,1,1,1,1,1,1,1
306,0.674927798204296,1,0,1,0,0,0,0,1,0,1,0,1,0,1,0
307,-0.585485934018256,0,0,0,0,0,1,0,1,0,1,0,0,1,0,0
308,-1.83401290086466,0,0,0,0,0,1,0,0,0,0,0,0,1,0,0
309,0.829419893266683,1,1,1,0,0,1,0,1,1,1,1,1,0,1,1
310,0.707915566920994,1,1,0,0,0,1,0,1,0,1,0,0,0,0,1
311,1.95882646649902,1,0,1,1,0,0,1,1,1,1,1,1,1,0,1
312,0.318222831211239,0,1,0,0,0,0,0,1,0,1,1,0,0,0,0
313,2.71735753004359,1,1,1,1,1,1,1,0,1,1,1,1,0,0,1
314,-0.930419725057622,0,1,0,0,0,1,0,1,0,1,1,0,0,1,0
315,-0.0841684262740906,0,0,0,0,0,1,0,1,0,0,1,0,0,1,0
316,0.744550086919645,1,0,1,1,0,1,1,1,1,1,1,0,0,0,1
317,0.252530553619202,0,1,1,0,0,1,0,0,0,1,1,0,0,1,1
318,0.165295582841088,0,1,0,0,0,1,0,1,0,0,1,1,0,0,0
319,-0.494795644564469,0,0,0,0,0,1,0,1,0,1,0,0,0,0,0
320,0.0497941826585077,0,1,0,0,0,0,0,1,0,1,1,0,1,1,0
321,-0.198302164836898,0,0,0,0,0,1,0,0,0,1,1,0,1,0,0
322,2.38610674138079,1,1,1,1,1,1,1,1,1,0,1,1,1,1,1
323,-0.80101657018331,0,1,0,0,0,1,0,1,0,1,0,0,0,1,0
324,-1.38282154006246,0,1,0,0,0,1,0,1,0,0,0,0,0,1,0
325,0.441840741052948,0,0,1,0,0,1,0,1,1,0,0,1,1,1,1
326,-1.50935709381027,0,0,0,0,0,0,0,1,0,1,0,0,1,0,0
327,-0.00806449914711608,0,1,0,0,0,0,0,0,0,1,1,0,1,0,0
328,0.188711354863962,0,1,0,0,0,0,0,1,0,1,1,0,1,0,0
329,0.169991556932471,0,1,0,0,0,0,0,1,1,1,1,1,0,0,0
330,-0.0208105689208204,0,0,0,0,0,1,0,1,0,0,1,0,1,1,0
331,1.67576137587613,1,0,1,0,1,0,1,1,1,0,0,1,1,0,1
332,-1.58394328022889,0,0,0,0,0,1,0,0,0,1,0,0,1,1,0
333,-0.885628556719531,0,1,0,0,0,0,0,1,0,1,0,0,0,1,0
334,-0.0732287838728142,0,0,0,0,0,0,0,0,1,0,1,0,1,0,0
335,-0.128002851556392,0,0,0,0,0,0,0,1,0,1,1,0,0,1,1
336,0.766401222651121,1,0,0,0,0,0,1,1,0,1,0,1,1,0,0
337,0.887486103184536,0,1,1,0,1,1,1,1,1,1,1,1,1,1,0
338,0.337469237113053,1,0,0,0,0,0,0,0,1,1,1,0,1,1,0
339,0.433964800146429,0,0,0,0,0,0,1,1,1,0,0,0,1,1,1
340,-0.376816248502522,0,0,0,0,0,1,0,1,0,0,1,0,1,1,0
341,-0.0209309442722383,0,1,0,0,0,1,0,1,0,1,1,0,1,1,0
342,-1.9570827498795,0,0,0,0,0,0,0,0,0,0,0,0,1,1,0
343,-0.550503117136582,0,1,0,0,0,1,0,1,0,1,1,0,0,1,0
344,0.0841239005691763,0,0,0,0,0,0,0,1,0,0,1,0,1,1,0
345,-0.710844739753588,0,1,0,0,0,1,0,1,0,0,1,0,1,0,0
346,-0.899624452766079,0,1,0,0,0,1,0,1,0,1,1,0,1,1,0
347,-0.240592816326882,0,1,0,0,0,1,0,1,0,0,1,0,1,0,0
348,-0.152345424608701,0,1,0,0,0,0,0,1,0,1,1,0,1,1,0
349,0.570233608067704,0,0,1,0,0,0,0,0,1,0,1,0,1,0,0
350,-0.441486448863471,0,0,0,0,0,0,0,0,0,1,1,0,1,1,0
351,1.28670351749841,0,1,1,1,0,0,1,1,0,1,1,1,0,1,1
352,-1.04671049580368,0,1,0,0,0,1,0,1,0,0,0,0,0,1,0
353,-1.10451831859463,0,0,0,0,0,0,0,0,0,0,0,0,0,0,0
354,2.11812066685048,1,1,1,1,1,1,1,1,1,1,1,1,1,1,1
355,-0.395888684263053,0,1,0,0,0,0,0,1,0,0,0,0,1,0,0
356,-0.43392424116045,0,1,0,0,0,1,0,1,0,0,1,0,1,1,0
357,-0.542860089488019,0,1,0,0,0,1,0,1,0,1,0,0,0,0,0
358,0.594395432689235,1,1,1,0,0,1,0,1,0,1,1,0,0,0,0
359,-0.95068026896039,0,1,0,0,0,1,0,0,0,0,0,0,1,0,0
360,-1.3704976071127,0,0,0,0,0,0,0,1,0,1,1,0,1,1,0
361,-1.25271231022187,0,1,0,0,0,0,0,1,0,0,1,0,1,1,0
362,-0.0358554935047734,0,1,0,0,0,0,0,1,0,0,0,0,1,1,0
363,1.17524596353182,0,1,1,0,1,0,1,1,0,1,1,1,1,1,1
364,0.613527015942158,1,1,1,1,0,1,0,0,0,1,1,0,1,0,0
365,0.871482139548114,1,1,0,0,0,0,1,1,0,0,1,1,1,1,1
366,1.0146680079776,1,1,1,0,0,0,0,1,0,0,1,1,0,1,1
367,0.2431945545596,0,1,0,0,0,1,0,0,0,0,0,0,1,1,0
368,0.550462969852993,0,0,0,0,0,1,0,1,1,0,1,1,0,0,0
369,0.266519058740132,1,0,0,0,0,1,0,1,0,1,1,0,1,1,0
370,1.23069472338623,1,0,1,1,0,1,1,1,1,1,1,1,1,0,1
371,1.40385002690896,1,1,1,0,0,1,0,1,0,1,1,0,1,1,0
372,-0.173252084370046,1,1,0,0,0,1,0,0,0,1,1,0,0,1,0
373,-0.725129812005349,0,1,0,0,0,0,0,0,0,1,0,0,0,1,0
374,0.68511994459731,1,0,0,0,0,1,0,1,0,0,0,0,0,1,0
375,1.1572300771538,1,1,0,1,0,1,0,1,0,1,1,1,1,1,1
376,-0.610328998097412,0,0,0,0,0,1,0,0,0,0,1,0,0,1,0
377,0.451103277666318,0,0,0,0,0,0,0,1,1,1,1,0,1,0,0
378,-1.70806659456795,0,1,0,0,0,1,0,0,0,0,1,0,0,1,0
379,-0.454189392221542,0,1,0,0,0,0,0,1,0,1,1,0,0,0,0
380,-1.69674772536934,0,0,0,0,0,1,0,1,0,0,0,0,0,0,0
381,0.622985805086567,0,0,0,0,0,1,1,1,1,1,1,1,1,0,1
382,0.566611867781387,0,0,0,0,0,1,0,1,0,1,0,1,1,0,1
383,-0.402426175943255,0,0,0,0,0,1,0,1,0,1,1,0,0,1,0
384,-0.0837986842612908,0,0,0,0,0,1,0,0,0,1,0,0,1,0,0
385,0.121336377179062,0,0,0,0,0,1,0,0,0,1,1,0,0,1,0
386,-0.288478670981321,0,0,0,0,0,1,0,1,0,0,0,0,1,0,0
387,-0.00983819028970432,0,1,0,0,0,1,0,0,0,0,1,0,1,0,0
388,-0.694237891465007,0,0,0,0,0,0,0,1,0,1,1,0,1,1,0
389,-1.40403433684492,0,1,0,0,0,1,0,0,0,0,0,0,0,1,0
390,0.508521468480057,1,1,1,0,0,0,0,1,0,1,1,0,0,0,1
391,2.51709819675365,1,1,1,1,1,0,1,1,1,1,1,1,1,0,1
392,-0.388891451839038,0,1,0,0,0,1,0,0,0,0,0,0,1,0,0
393,0.26195331909497,0,1,0,0,0,1,0,1,0,0,1,0,0,1,0
394,-0.435872801135562,0,0,0,0,0,0,0,1,0,1,1,0,0,0,0
395,-0.652487795821864,0,0,0,0,0,1,0,1,0,1,1,0,0,1,0
396,0.48189286711156,1,1,0,0,0,0,0,0,0,1,0,0,1,1,1
397,0.321600772151903,0,1,1,0,0,0,0,0,0,1,0,1,0,0,0
398,0.398744572937353,0,1,0,1,0,0,0,1,0,1,1,0,1,1,0
399,0.825806203351997,1,0,1,0,0,1,0,0,1,0,1,1,1,0,1
400,1.47815803874953,1,1,1,1,0,1,0,1,1,1,1,1,0,0,1
401,2.15792023216055,1,1,1,1,1,1,1,1,1,1,1,1,1,1,1
402,0.410334698746765,0,0,1,0,0,0,0,1,0,1,1,0,0,0,1
403,0.0389620329684423,0,1,0,0,0,1,0,1,0,0,0,1,1,0,0
404,-0.451144134066028,0,0,0,0,0,0,0,1,0,0,1,0,0,0,0
405,-0.0888069975052879,0,0,0,0,0,1,0,1,0,0,1,0,1,1,0
406,-0.436991518280491,0,1,0,0,0,0,0,1,0,1,0,0,1,1,0
407,0.790301514106554,1,1,1,1,0,1,0,1,1,0,1,1,0,1,0
408,-1.30572859466596,0,0,0,0,0,0,0,1,0,0,0,0,1,0,0
409,1.12672149244899,1,1,1,0,0,1,1,0,1,1,1,1,1,1,1
410,-0.36400737980162,0,1,0,0,0,1,0,1,0,1,0,0,1,0,0
411,-0.875030052618784,0,1,0,0,0,0,0,1,0,0,1,0,1,0,0
412,0.524110075625155,1,0,0,0,0,0,0,1,1,1,1,0,1,1,0
413,-0.658044595554488,0,0,0,0,0,0,0,1,0,1,0,0,0,1,0
414,-0.207136131688941,0,1,0,0,0,1,0,0,1,1,1,0,0,0,0
415,-0.188781242389939,0,1,0,0,0,0,0,1,1,0,1,0,1,1,0
416,0.945963181412792,1,1,0,0,1,0,1,0,1,0,0,1,0,1,0
417,0.147076718842666,0,1,0,0,0,1,0,1,1,0,1,0,1,1,0
418,-0.418777006795595,0,1,0,0,0,0,0,0,0,0,0,0,0,1,0
419,-1.03192756664214,0,0,0,0,0,0,0,0,0,1,0,0,1,0,0
420,1.4175746673701,1,0,1,1,0,1,0,1,0,1,1,1,1,1,1
421,0.831574578192456,1,1,1,0,0,1,1,0,0,1,1,1,0,0,0
422,0.408385372621933,0,0,0,0,0,0,0,1,0,1,0,1,0,0,0
423,1.56031172577378,1,1,0,1,0,1,1,1,1,1,1,1,0,1,1
424,-1.13494846439491,0,1,0,0,0,1,0,1,0,0,1,0,0,0,0
425,2.3159498108903,1,1,1,1,1,1,1,1,1,1,1,1,1,1,1
426,0.142180506094739,1,1,1,0,0,1,0,1,0,0,1,1,1,1,0
427,-0.469458795132884,0,0,0,0,0,1,0,0,0,0,1,0,0,0,0
428,0.934749104553395,1,1,1,0,0,0,0,1,0,1,1,1,1,0,0
429,0.54529233349208,1,0,1,0,1,1,0,1,1,0,0,1,1,0,1
430,0.199832310756276,0,0,0,0,0,0,0,1,0,1,1,0,0,0,0
431,-1.28298873414249,0,1,0,0,0,1,0,1,0,0,1,0,0,1,0
432,0.797267959334286,1,1,1,1,0,1,1,0,1,1,0,0,1,1,1
433,-0.882551891602141,0,1,0,0,0,1,0,0,0,1,1,0,1,1,0
434,1.11611676808456,1,0,1,1,0,0,1,1,1,0,1,1,0,0,1
435,0.583277778061774,1,0,0,0,0,1,0,1,0,0,1,0,1,1,0
436,-0.0893487124661644,0,1,0,0,0,0,0,1,0,0,1,0,0,1,0
437,-0.456790345285501,0,0,0,0,0,0,0,1,0,0,1,0,1,0,0
438,0.459555833159246,0,0,0,0,0,1,0,1,0,1,1,0,1,1,0
439,1.38302424314323,1,1,1,1,1,0,1,1,1,1,0,1,1,0,1
440,1.97355978127551,1,1,1,1,1,1,1,1,1,1,0,1,1,1,1
441,-0.625927330029847,0,1,0,0,0,1,0,1,0,1,1,0,1,1,0
442,-1.56114574768329,0,1,0,0,0,1,0,1,0,0,1,0,1,1,0
443,-1.14529911782977,0,1,0,0,0,1,0,1,0,0,1,0,0,1,0
444,0.989359777908531,1,1,1,1,0,1,0,1,1,1,1,1,0,0,1
445,0.296597174878002,0,1,0,0,0,0,0,1,0,0,1,1,1,0,0
446,-0.737756658934375,0,1,0,0,0,1,0,0,0,0,0,0,0,1,0
447,0.766394426979237,1,0,1,0,0,0,0,1,0,1,1,1,0,1,0
448,-0.224526241094825,0,1,0,0,0,1,0,0,0,0,0,0,0,1,0
449,2.6215545016523,1,0,1,1,1,1,1,0,1,1,1,1,1,0,1
450,0.655819821225953,1,0,1,0,0,0,0,1,0,1,1,0,0,1,1
451,0.184156103155943,1,1,0,0,0,1,0,1,1,1,1,1,0,1,0
452,0.228690059408139,0,1,0,0,0,0,0,0,0,1,0,0,1,1,0
453,0.777884111030335,1,0,1,0,0,0,0,1,1,1,1,1,0,0,1
454,-0.438617028228695,0,1,0,0,0,1,0,1,0,1,0,0,1,1,0
455,0.70805484639383,1,0,0,0,0,0,0,1,1,1,1,1,1,1,0
456,1.9992646295875,1,0,1,1,1,1,0,1,1,1,1,1,1,0,1
457,1.23148080276247,1,0,0,0,0,1,1,1,1,0,1,1,0,1,1
458,-0.93424022612584,0,0,0,0,0,1,0,1,0,0,1,0,1,1,0
459,-1.4936680573619,0,1,0,0,0,0,0,1,0,0,0,0,0,0,0
460,1.35552253948822,1,1,1,0,0,1,1,0,1,1,0,1,1,0,1
461,-0.234494772959876,0,0,0,0,0,0,0,1,0,0,1,0,1,1,0
462,0.58212729425958,0,1,1,0,0,1,0,1,0,1,0,0,1,1,1
463,-0.471876454225298,0,1,0,0,0,1,0,1,0,1,0,0,1,1,0
464,-1.39495684182574,0,1,0,0,0,1,0,0,0,0,0,0,0,0,0
465,0.616909067599025,1,1,0,0,0,0,0,1,0,1,1,1,0,1,0
466,0.341770888597754,0,0,1,0,0,1,0,1,1,1,1,0,1,1,1
467,-1.37607088682388,0,1,0,0,0,1,0,1,0,1,1,0,1,1,0
468,-1.30598849533636,0,0,0,0,0,1,0,0,0,1,1,0,1,0,0
469,1.17468284870334,1,1,1,1,1,1,1,1,0,1,0,1,1,0,1
470,-1.38376838963915,0,1,0,0,0,1,0,1,0,1,1,0,1,1,0
471,-0.000279855090819204,0,0,0,0,0,0,0,1,0,1,1,0,1,1,0
472,-0.946356711129446,0,1,0,0,0,1,0,1,0,1,0,0,0,0,0
473,0.677704788553571,1,1,0,0,0,1,0,1,1,0,1,0,1,0,1
474,-1.55300733890551,0,1,0,0,0,0,0,1,0,0,0,0,1,1,0
475,-1.23600660108341,0,1,0,0,0,0,0,1,0,1,1,0,0,0,0
476,1.05440706489914,1,1,0,1,0,1,1,1,1,1,0,1,0,1,1
477,-0.418814125510161,0,1,0,0,0,0,0,1,0,0,0,0,1,1,0
478,-2.65163988149904,0,1,0,0,0,1,0,0,0,0,0,0,1,1,0
479,2.05774337098471,1,1,1,1,1,1,1,1,1,1,0,1,0,0,1
480,-0.335234395327906,0,0,0,0,0,1,0,0,0,1,1,0,1,1,0
481,0.575479595189006,0,0,1,0,0,1,1,1,0,1,1,0,1,1,1
482,0.293313438606411,0,1,1,0,0,1,0,1,0,0,1,0,1,0,0
483,2.14491187967002,1,0,1,1,1,1,0,1,1,1,1,1,1,0,1
484,-0.842590301370296,0,0,0,0,0,0,0,0,0,1,0,0,0,0,0
485,-0.931422578171727,0,0,0,0,0,0,0,1,0,1,1,0,1,1,0
486,0.271622585300952,0,0,0,0,0,1,0,1,0,1,0,0,0,0,1
487,1.26405853470526,1,1,1,1,0,1,0,1,1,1,1,1,1,0,1
488,1.43428474635212,1,1,1,1,0,0,1,0,1,0,1,1,0,0,1
489,-1.03538847985348,0,0,0,0,0,0,0,1,0,1,1,0,1,0,0
490,-0.413695637225013,0,0,0,0,0,1,0,1,0,0,1,0,1,0,0
491,0.370612308839866,0,0,0,0,0,1,0,1,0,0,1,0,1,1,0
492,-0.308087218095272,0,1,0,0,0,0,0,0,1,1,0,0,1,1,0
493,-1.36021474653812,0,1,0,0,0,0,0,1,0,1,0,0,0,1,0
494,1.94366488056499,1,1,1,1,1,1,1,1,1,1,1,1,1,1,1
495,1.52375430480887,1,1,1,1,1,0,1,1,1,1,1,1,0,0,1
496,-0.618774832281358,0,1,0,0,0,0,0,1,0,1,0,0,0,1,0
497,-0.324709339568693,0,1,0,0,0,1,0,1,0,0,1,0,0,1,0
498,-0.759153994490108,0,1,0,0,0,1,0,1,0,0,0,0,1,0,0
499,-2.5055071914451,0,0,0,0,0,1,0,0,0,1,0,0,0,1,0
500,1.67342988314778,1,1,1,1,1,0,1,1,1,1,0,1,0,1,1
501,0.332448752018572,1,0,0,0,0,1,0,1,1,1,0,0,1,0,1
502,-0.200084480845382,0,1,0,0,0,0,0,1,0,1,0,0,1,1,0
503,0.144612260817713,0,0,0,0,0,1,0,1,0,0,1,0,1,0,1
504,0.308164695708662,1,0,0,0,0,1,0,0,0,0,0,0,0,1,0
505,0.247291048247444,0,1,0,0,0,0,0,0,0,1,1,0,0,0,0
506,1.17097354300453,1,0,1,1,1,1,0,1,1,1,1,1,1,0,1
507,-0.030843967432582,0,1,0,0,0,1,0,1,0,1,0,0,0,1,1
508,0.433250477967751,0,1,0,0,0,0,1,1,0,1,1,1,1,1,1
509,0.395928593817125,0,1,1,0,0,1,0,1,0,1,0,1,0,0,0
510,1.24831245173799,0,0,1,0,0,1,0,1,1,1,1,1,1,0,1
511,-0.75239646159386,0,0,0,0,0,1,0,1,0,0,0,0,1,0,0
512,-0.214825191514399,0,1,0,0,0,1,0,0,0,0,1,0,1,0,0
513,1.19744008067869,0,1,0,0,0,0,0,1,1,1,1,1,1,1,1
514,0.505595903464245,0,0,0,0,0,1,0,1,0,0,1,0,1,0,0
515,-0.190920247711492,0,1,0,0,0,1,0,1,0,1,0,0,0,0,0
516,0.796821318543815,1,1,1,0,0,1,0,1,0,1,1,0,1,0,1
517,-0.588837318844407,0,1,0,0,0,0,0,1,0,1,1,0,0,0,0
518,-0.0966635305464782,0,1,0,0,0,1,0,1,0,1,1,0,1,0,1
519,-0.149879031523474,0,1,0,0,0,1,0,1,0,1,1,0,0,1,0
520,1.41669949992123,1,0,1,1,1,1,1,1,1,1,1,1,0,1,1
521,1.3498385538446,0,1,1,1,0,1,1,1,0,1,1,1,1,1,1
522,1.82074151519633,1,1,1,1,1,0,1,1,1,1,1,1,0,1,1
523,-0.64196093199132,0,1,0,0,0,1,0,0,0,1,1,0,0,0,0
524,-0.302829256914609,0,1,0,0,0,1,0,1,0,1,0,0,0,1,0
525,-0.0173852238067869,1,1,0,0,0,0,0,1,0,1,0,0,0,1,0
526,0.875504944277945,1,1,1,0,0,1,0,0,1,0,1,1,0,1,1
527,0.787680380394507,1,1,1,1,0,1,0,1,0,1,1,0,1,0,1
528,1.26877071645906,1,1,1,0,1,1,1,1,1,1,1,1,1,1,1
529,-1.26730303137751,0,1,0,0,0,0,0,0,0,0,0,0,1,0,0
530,1.54338788768294,1,1,1,1,1,0,0,1,1,1,1,1,1,1,1
531,1.56249468964413,0,1,1,1,1,0,1,1,1,1,1,1,0,1,1
532,-2.281980920035,0,1,0,0,0,1,0,0,0,0,1,0,1,1,0
533,-0.553722047469136,0,0,0,0,0,1,0,1,0,0,0,0,1,0,0
534,1.31954393399776,1,1,1,0,0,1,1,0,1,0,1,1,1,1,0
535,-1.15624402584534,0,1,0,0,0,0,0,0,0,0,0,0,1,0,0
536,0.503732118109518,1,1,1,0,0,1,0,1,0,1,0,1,1,1,1
537,0.191539410917107,0,0,0,0,0,0,0,0,0,0,0,0,1,1,0
538,-0.583230835832035,0,0,0,0,0,1,0,1,0,0,0,0,1,1,0
539,0.710385288339524,1,1,1,0,0,1,0,1,1,0,1,1,0,0,1
540,-0.882872079948523,0,0,0,0,0,1,0,1,0,0,0,0,1,0,0
541,1.03587659807295,1,1,1,1,0,1,0,1,1,1,0,1,1,0,1
542,1.58722500512099,1,1,1,0,1,1,1,1,1,1,1,1,0,0,1
543,0.947960092511205,1,0,0,0,0,1,0,1,1,1,1,1,1,1,1
544,0.39424354568055,0,1,0,0,0,0,0,0,1,0,0,1,1,0,0
545,-1.06733886630876,0,1,0,0,0,0,0,0,0,0,1,0,1,0,0
546,0.599541216738041,1,1,0,0,1,1,0,1,0,1,0,1,1,0,0
547,-0.600419023982141,0,0,0,0,0,0,0,0,0,1,1,0,1,0,0
548,1.03107541819758,0,0,1,1,1,1,1,1,1,0,1,1,1,1,1
549,-0.777556399772017,0,0,0,0,0,1,0,1,0,0,0,0,0,0,0
550,-1.68065752474935,0,1,0,0,0,1,0,1,0,0,0,0,0,0,0
551,0.0602510709688105,1,0,0,0,0,1,0,1,0,1,0,0,0,1,1
552,-0.566995210374427,0,1,0,0,0,1,0,0,0,1,0,0,1,0,0
553,-0.11166463581909,0,0,0,0,0,1,0,1,0,0,1,1,0,1,0
554,0.356402902461312,1,1,1,0,0,1,0,1,0,0,1,0,0,0,0
555,0.360681860248492,0,0,0,0,0,1,0,1,0,0,1,0,0,1,0
556,2.50464968377143,1,0,1,1,1,0,1,1,1,1,1,1,0,0,1
557,-0.436503787546971,1,1,0,0,0,0,0,1,0,0,0,0,1,0,0
558,0.800466790698632,0,0,0,0,0,0,0,1,1,0,1,1,0,1,0
559,-0.37104433995276,0,0,0,0,1,1,0,1,1,0,0,0,1,1,0
560,0.00353902185364003,0,0,0,0,0,1,0,1,0,0,1,0,1,0,0
561,-0.667947311797899,0,1,0,0,0,1,0,1,0,0,1,0,1,1,0
562,-0.794356324787849,0,1,0,0,0,0,0,0,0,1,1,0,1,1,0
563,0.269683231543046,0,1,0,0,0,0,0,1,0,1,1,0,0,0,0
564,1.44783478097594,1,0,1,1,1,1,1,1,0,1,1,1,0,1,1
565,-0.0516289497759047,0,0,0,0,0,1,0,1,0,1,1,0,0,1,0
566,-1.25155189634392,0,0,0,0,0,0,0,1,0,1,0,0,0,1,0
567,0.0332147777544627,0,1,0,0,0,0,0,1,0,1,0,0,1,1,0
568,0.687064673489644,1,1,0,0,0,1,0,1,1,1,0,0,0,1,0
569,-0.658264180415467,0,0,0,0,0,0,0,1,0,1,0,0,0,1,0
570,-1.30438414341585,0,1,0,0,0,1,0,1,0,1,0,0,1,1,0
571,-0.0676905540903899,1,1,0,0,0,0,0,0,0,0,1,0,1,1,0
572,1.37133229178881,0,1,1,1,0,1,1,0,1,0,1,1,1,0,0
573,1.46961012376202,1,1,1,1,0,1,1,1,1,1,1,1,1,1,1
574,0.341888034559959,1,1,0,0,0,1,0,1,0,0,0,1,1,1,0
575,0.75321742156522,0,1,0,1,0,1,0,1,0,1,0,0,0,1,0
576,-1.57035599471814,0,0,0,0,0,0,0,1,0,1,0,0,1,1,0
577,-0.837846805849607,0,0,0,0,0,0,0,0,0,0,1,0,0,1,0
578,-1.88358931791082,0,0,0,0,0,0,0,1,0,1,0,0,0,1,0
579,0.146419462976693,0,1,0,0,0,0,0,1,0,0,0,0,0,0,0
580,-0.533798183697525,0,1,0,0,0,1,0,1,0,1,1,0,1,0,0
581,-1.31568705347059,0,0,0,0,0,0,0,1,0,0,0,0,1,0,0
582,0.830656140931613,1,1,0,0,0,1,1,1,1,1,1,0,0,0,0
583,0.492910305178504,0,1,0,0,0,0,0,1,0,0,1,1,0,0,0
584,0.838249899020812,0,1,0,0,0,1,0,0,1,1,1,1,1,0,0
585,-0.160789274935872,0,1,0,0,0,0,0,1,0,1,0,0,0,1,0
586,-1.55290231474672,0,0,0,0,0,0,0,1,0,1,0,0,0,0,0
587,-0.0218299880574767,0,1,0,0,0,0,0,1,0,1,0,0,1,0,0
588,-0.477161003565468,0,0,0,0,0,0,0,1,0,1,1,0,0,0,0
589,1.65160046176015,1,1,1,1,1,0,1,1,1,1,1,1,0,1,1
590,2.34605621397782,1,1,1,1,1,0,1,1,1,1,1,1,1,0,1
591,1.99711963209946,1,0,1,1,1,1,1,0,1,1,1,1,1,1,1
592,-0.898278087304049,0,0,0,0,0,0,0,0,0,0,0,0,0,1,0
593,-1.45224948276756,0,1,0,0,0,0,0,1,0,0,1,0,0,0,0
594,-1.7827329970216,0,1,0,0,0,0,0,1,0,0,1,0,0,0,0
595,-0.610624657369202,0,0,0,0,0,0,0,1,0,0,0,0,0,1,0
596,-0.245466059724039,1,0,0,0,0,1,0,1,0,0,0,0,0,0,0
597,-1.3975437556588,0,0,0,0,0,1,0,0,0,0,1,0,1,1,0
598,-0.0362486178730721,0,1,0,0,0,1,0,1,0,1,0,1,1,1,0
599,0.366050849204125,0,1,1,0,0,1,0,0,0,0,1,0,1,1,0
600,-0.918899725464691,0,0,0,0,0,0,0,1,0,0,0,0,0,1,0
601,-0.508474372466606,0,1,0,0,0,1,0,0,0,1,1,0,1,1,0
602,0.670435373402953,1,0,1,0,0,0,0,1,0,1,0,1,1,1,0
603,1.89179479329932,1,1,1,1,1,1,1,1,1,0,1,1,1,1,1
604,-0.867848718567547,0,0,0,0,0,1,0,1,0,1,0,0,1,0,0
605,-0.588193050428855,0,1,0,0,0,0,0,0,0,0,1,0,1,0,0
606,-1.61549028475473,0,0,0,0,0,0,0,1,0,0,0,0,0,1,0
607,0.165551795682524,0,1,0,0,0,1,0,1,0,1,0,0,0,1,0
608,0.030770209828794,0,0,0,0,0,0,0,0,0,1,0,0,1,0,0
609,-0.398696847306464,0,1,0,0,0,1,0,1,0,0,0,0,0,0,0
610,1.53240663810771,1,1,1,1,1,1,1,1,1,1,1,1,0,1,1
611,-1.36020197342784,0,0,0,0,0,0,0,0,0,0,1,0,1,1,0
612,0.456877668649109,0,1,1,0,0,1,0,1,1,1,1,1,1,1,0
613,1.06792030472406,1,1,1,0,0,1,0,0,1,0,1,1,1,1,0
614,-0.112353303640172,0,1,0,0,0,0,0,0,0,1,0,0,1,0,0
615,0.70721964308693,0,1,1,1,0,1,0,1,1,0,0,1,0,0,1
616,0.503363055349456,1,1,0,0,0,1,0,1,1,1,1,1,0,1,1
617,1.2300940177788,1,1,1,0,0,1,0,1,1,1,0,1,1,1,1
618,-0.569764251930092,0,1,0,0,0,0,0,1,0,1,1,0,0,0,0
619,1.42784483585422,1,0,1,1,0,1,1,1,1,1,1,1,0,0,1
620,0.283350156394765,0,1,0,1,0,1,0,1,0,1,0,0,0,1,0
621,0.125274402043331,0,0,0,0,0,0,0,1,0,1,1,1,1,0,0
622,-2.24290072453616,0,1,0,0,0,0,0,0,0,0,0,0,0,0,0
623,0.136163253985972,0,1,0,0,0,0,0,0,0,0,0,0,0,1,0
624,-0.453871398666799,0,1,0,0,0,1,0,1,0,1,0,0,1,1,0
625,-0.495114141655142,0,1,0,0,0,0,0,1,0,1,1,0,1,1,0
626,0.104321000935843,1,1,0,0,0,0,0,1,0,1,1,0,1,1,0
627,-0.888872407128027,0,0,0,0,0,1,0,1,0,0,0,0,1,0,0
628,0.276873759008952,0,1,0,0,0,1,0,1,0,1,1,0,1,1,0
629,0.865363578446465,1,0,0,1,0,1,0,1,0,0,1,1,1,0,1
630,-0.67083778147136,0,0,0,0,0,0,0,1,0,0,1,0,0,1,0
631,-1.92387368140521,0,1,0,0,0,1,0,1,0,1,1,0,1,1,0
632,0.674976495249294,1,1,1,0,0,1,0,1,1,1,1,1,0,1,1
633,0.678523075827383,1,0,1,0,0,1,0,1,1,1,1,1,0,1,0
634,-1.72828538860952,0,1,0,0,0,1,0,0,0,0,1,0,0,1,0
635,-2.01973780531973,0,0,0,0,0,0,0,0,0,0,0,0,1,1,0
636,-1.8175580940222,0,1,0,0,0,0,0,1,0,0,1,0,0,0,0
637,-0.444577101918993,0,1,0,0,0,0,0,0,0,1,0,0,1,1,0
638,1.44629663571466,1,1,1,0,1,0,1,1,1,1,1,1,1,0,1
639,1.05970652781937,1,0,1,0,0,0,0,1,0,0,1,0,1,0,1
640,-0.259713288552391,0,0,0,0,0,0,0,1,0,0,1,0,1,1,0
641,0.136167779501441,0,1,1,0,0,1,0,0,0,1,1,0,1,1,0
642,-1.17033054429791,0,1,0,0,0,0,0,1,0,0,0,0,1,1,0
643,-1.28735236974323,0,1,0,0,0,1,0,1,0,1,0,0,1,0,0
644,-1.0679903352772,0,0,0,0,0,1,0,1,0,1,1,0,0,0,0
645,0.826263494355483,1,1,1,0,0,0,1,1,1,0,1,0,1,0,0
646,-0.255420981480604,0,0,0,0,0,1,0,1,0,1,0,0,0,1,0
647,0.413256649637913,0,1,0,0,0,0,0,1,0,1,1,0,1,1,0
648,1.62623128391344,1,1,1,1,1,1,1,0,0,1,0,1,1,1,1
649,-1.76816707099765,0,1,0,0,0,1,0,0,0,1,1,0,0,1,0
650,0.515621320089012,1,0,0,0,0,1,0,0,1,0,1,1,0,1,1
651,-1.18034322800337,0,1,0,0,0,1,0,0,0,0,0,0,0,0,0
652,0.931033841915665,1,0,0,0,0,1,0,1,1,0,0,1,0,1,0
653,-0.35400472181208,0,0,0,0,0,1,0,1,0,0,1,0,0,0,0
654,-0.236057878893587,0,0,0,0,0,1,0,0,0,1,1,0,1,0,0
655,-0.454146585237699,0,1,0,0,0,1,0,0,0,1,1,0,1,1,0
656,-1.28289533105273,0,0,0,0,0,1,0,1,0,1,0,0,1,1,0
657,-0.86542463986815,0,0,0,0,0,1,0,1,0,0,1,0,0,0,0
658,1.34376304972542,1,0,1,1,1,1,0,1,1,1,0,1,1,1,1
659,-0.261914819319216,0,1,0,0,0,0,0,0,1,0,1,0,0,1,0
660,-0.903310082171745,0,1,0,0,0,0,0,1,0,1,0,0,1,0,0
661,0.331842482826549,0,0,0,0,0,1,0,1,0,0,0,0,1,0,1
662,-0.200747893783978,0,0,0,0,0,1,0,1,0,0,0,0,1,1,0
663,0.931361480718237,1,1,1,0,1,1,0,1,1,0,1,1,1,1,1
664,0.487928024739652,0,1,1,0,0,0,0,1,1,1,1,0,1,1,1
665,0.638472503446643,1,1,0,0,0,0,0,1,1,1,0,0,1,1,0
666,0.951239255998629,1,1,1,0,0,1,0,1,0,0,1,0,1,1,0
667,1.43154945707967,1,0,1,1,1,1,1,0,1,1,1,1,0,0,1
668,1.79391097058578,1,1,1,1,1,0,1,1,1,1,1,1,0,0,1
669,0.396549169168613,0,1,0,0,0,0,0,1,0,1,1,1,1,1,0
670,-0.123420248819259,0,1,0,0,0,0,0,1,0,0,1,0,1,0,0
671,-0.52444074078539,0,0,0,0,0,0,0,1,0,1,1,0,0,1,0
672,-0.0473957430956156,0,0,0,0,0,0,0,1,0,0,1,0,0,1,0
673,0.572687339640074,1,0,0,0,0,0,0,0,0,0,0,1,1,1,1
674,0.00564426172893278,0,1,0,0,0,1,0,1,0,0,1,0,0,0,0
675,0.00564934194341024,0,0,0,0,0,1,0,1,0,0,1,0,1,0,0
676,0.462498128037215,1,0,0,0,0,1,0,1,1,0,0,1,1,0,0
677,-0.264887414166261,0,1,0,0,0,0,0,1,0,0,0,0,1,0,0
678,1.50779561093191,1,1,1,1,0,1,0,0,1,1,1,1,1,1,1
679,-0.321563789878533,0,1,0,0,0,1,0,1,0,1,0,0,1,0,0
680,1.90985665525008,1,0,1,0,1,1,1,0,1,1,1,1,1,0,1
681,-1.43165898147158,0,1,0,0,0,1,0,0,0,0,0,0,0,0,0
682,-1.03095859478228,0,1,0,0,0,0,0,0,0,1,1,0,0,0,0
683,-1.37007716753739,0,0,0,0,0,1,0,0,0,0,0,0,0,0,0
684,0.0791419228750334,1,1,0,0,0,0,0,1,0,1,1,0,1,0,0
685,0.558449766087996,0,0,0,0,0,1,0,1,0,1,1,0,0,0,1
686,-1.07568051032978,0,1,0,0,0,0,0,0,0,1,0,0,0,0,0
687,-0.0788597030520966,0,1,0,0,0,0,0,1,0,0,1,0,0,0,0
688,0.622201959155658,1,0,1,0,0,1,0,1,0,0,1,0,1,1,0
689,-1.26858479579981,0,1,0,0,0,1,0,1,0,1,0,0,1,0,0
690,-0.398386279440271,0,0,0,0,0,0,0,1,0,0,1,0,0,0,0
691,1.53345928273704,1,1,1,0,0,0,1,1,1,1,0,1,1,1,1
692,0.47993168329276,1,1,0,0,0,1,0,1,0,1,1,0,0,0,0
693,0.458963872035312,0,1,0,0,0,1,0,1,1,1,0,1,1,1,0
694,-2.51137843997355,0,0,0,0,0,0,0,0,0,0,0,0,0,1,0
695,0.0443432291410457,0,1,0,0,0,0,0,0,0,0,1,0,0,0,0
696,-0.363654600111071,0,0,0,0,0,1,0,1,0,1,0,1,1,0,0
697,2.00195274663005,1,1,1,1,1,1,0,1,1,1,1,1,1,0,1
698,-1.24163698066109,0,0,0,0,0,0,0,1,0,0,1,0,1,0,0
699,0.610275902447784,0,1,0,0,0,0,0,1,1,0,1,1,1,0,1
700,0.945910025935573,1,0,1,0,0,0,0,1,1,1,1,1,0,0,1
701,-0.334935702399428,0,1,0,0,0,1,0,1,0,0,1,0,0,1,0
702,0.376463888935685,0,1,0,0,0,0,0,1,0,0,1,1,1,1,0
703,-0.219027358468824,0,0,0,0,0,0,0,0,0,0,0,0,0,0,0
704,-0.20020406687429,0,1,0,0,0,0,0,1,0,0,1,0,0,0,1
705,-0.231148658865441,0,1,0,0,0,1,0,0,1,1,0,0,1,1,0
706,0.0101261112117465,0,0,0,0,0,0,0,1,0,0,1,0,0,1,0
707,-0.250788850378944,0,1,0,0,0,1,0,0,0,1,1,0,1,0,0
708,-1.5346032556054,0,0,0,0,0,1,0,1,0,1,1,0,1,0,0
709,-0.720491042039781,0,1,0,0,0,1,0,1,0,0,1,0,0,0,0
710,-0.168355615889501,0,1,0,0,0,0,0,1,0,1,1,0,1,1,0
711,-1.97636477480086,0,0,0,0,0,0,0,1,0,1,1,0,0,0,0
712,0.0423654431203856,0,1,0,0,0,1,0,0,0,0,1,0,0,1,0
713,0.27491160548242,0,0,0,0,0,1,0,1,0,1,1,1,1,1,0
714,-0.308125686765401,0,0,0,0,0,1,0,1,0,0,0,0,0,1,0
715,0.717830709267573,1,0,0,0,0,1,0,1,1,1,1,0,1,0,1
716,-1.12194139625284,0,1,0,0,0,1,0,1,0,1,0,0,1,0,0
717,-0.952199685561073,0,0,0,0,0,0,0,0,0,1,0,0,1,0,0
718,-0.946025121520008,0,0,0,0,0,1,0,1,0,0,0,0,1,0,0
719,-0.418506537587481,0,0,0,0,0,1,0,0,0,1,1,0,0,0,0
720,0.172923127228242,0,1,0,0,0,1,0,0,0,0,1,0,1,1,0
721,-0.626684470370081,0,1,1,0,0,1,0,1,0,1,0,0,1,1,0
722,-2.99179661022498,0,0,0,0,0,1,0,0,0,0,1,0,0,1,0
723,-0.312263577116634,0,1,0,0,0,1,0,0,0,1,1,0,1,0,0
724,2.14816682890742,1,0,1,1,1,0,1,1,1,1,1,1,1,1,1
725,0.100522984457435,1,1,0,0,0,1,0,1,0,1,1,0,0,0,0
726,1.53621327322508,1,1,1,1,1,0,1,1,1,1,1,1,1,0,1
727,-1.43134491583501,0,0,0,0,0,1,0,0,0,1,0,0,0,1,0
728,-1.47840552463782,0,1,0,0,0,0,0,1,0,1,1,0,0,1,0
729,-0.102941134491181,0,1,0,0,0,0,0,1,0,1,0,0,0,0,0
730,0.471554331941586,1,1,0,0,0,0,0,1,0,1,0,0,1,1,0
731,-0.237706954266148,0,1,0,0,0,1,0,0,0,1,1,0,0,1,1
732,0.0966291406613128,0,0,0,0,0,1,0,1,0,1,0,0,1,0,0
733,-0.829364023741381,0,1,0,0,0,0,0,0,0,1,0,0,1,1,0
734,-0.133491887168709,0,1,1,0,0,0,0,1,0,1,0,0,1,0,0
735,-1.08390423480965,0,0,0,0,0,0,0,1,0,1,1,0,1,0,0
736,-0.548861466247487,0,1,0,0,0,1,0,1,0,1,1,0,1,1,0
737,0.855440579901952,1,1,1,1,0,1,0,1,0,1,1,1,0,1,0
738,0.751966842636281,0,1,1,0,0,1,0,1,1,1,1,1,1,1,0
739,0.75235421032945,1,0,0,0,0,0,0,1,1,1,0,1,0,0,0
740,-1.15146241700613,0,0,0,0,0,0,0,1,0,0,1,0,1,1,0
741,-2.34497936282187,0,1,0,0,0,1,0,0,0,0,0,0,0,1,0
742,0.65799321663724,0,1,0,1,0,1,1,1,1,1,0,1,1,0,1
743,1.51516508950319,1,0,1,1,1,0,1,1,1,1,0,1,1,1,1
744,-0.448923581697867,0,0,0,0,0,0,0,1,0,1,0,0,0,0,0
745,-1.34436807129255,1,0,0,0,0,1,0,1,0,0,0,0,0,0,0
746,-1.50197582999087,0,0,0,0,0,1,0,1,0,0,0,0,0,0,0
747,0.533471046977002,0,1,0,0,0,1,0,1,1,0,1,0,1,1,0
748,-0.766114990800687,0,1,0,0,0,0,0,0,0,0,0,0,1,0,0
749,-0.740663988512576,0,1,1,0,0,1,0,1,0,1,1,0,0,0,0
750,-1.55073467010524,0,0,0,0,0,1,0,0,0,0,0,0,0,0,0
751,1.24618940988241,1,1,1,1,0,1,0,0,1,1,1,1,0,1,1
752,-0.752777213385877,0,1,0,0,0,1,0,0,0,1,0,0,1,1,0
753,-0.215705939364524,0,1,0,0,0,0,0,1,0,1,1,0,0,1,0
754,-0.0446676024039921,0,1,0,0,0,0,0,1,0,1,1,0,1,0,0
755,1.24085421834514,1,0,1,1,0,1,0,1,1,1,1,1,0,0,1
756,0.485613776653705,0,1,0,0,0,0,0,1,0,1,1,0,1,0,0
757,-0.963103218381055,0,0,0,0,0,1,0,1,0,0,0,0,1,0,0
758,0.848740984047663,1,1,0,0,0,0,0,0,0,1,1,1,1,1,0
759,-2.24138861031231,0,0,0,0,0,0,0,0,0,0,0,0,1,0,0
760,-0.819246306307774,0,0,0,0,0,1,0,0,0,0,0,0,0,0,0
761,-0.772012553948356,0,0,0,0,0,0,0,1,0,1,0,0,1,1,0
762,-0.938086788703165,0,0,0,0,0,1,0,1,0,1,0,0,1,0,0
763,-0.0705548114002676,1,0,0,0,0,1,0,1,0,0,0,0,1,1,0
764,-0.735389871186923,0,1,0,0,0,0,0,1,0,1,1,0,1,0,0
765,-0.871960452479683,0,1,0,0,0,0,0,0,0,0,0,0,1,1,0
766,0.219322266954095,0,1,0,0,0,0,0,1,0,1,0,0,1,0,0
767,1.10150237108428,0,1,0,1,0,1,1,1,1,1,1,1,0,1,0
768,0.871549521426614,0,0,1,0,0,0,0,1,0,1,1,0,0,0,0
769,0.747771175130898,1,0,0,0,0,0,0,1,0,0,1,0,0,1,0
770,0.981809672813431,1,0,0,0,0,1,1,0,1,1,1,0,1,1,1
771,0.200709936498747,0,1,0,0,0,1,0,1,0,0,0,1,0,1,0
772,-0.919502540018177,0,1,0,0,0,0,0,1,0,0,0,0,1,0,0
773,2.00106081729167,1,1,1,1,1,1,1,1,1,1,0,1,0,0,1
774,0.280626585436119,0,0,0,0,0,0,0,1,1,1,1,0,1,0,0
775,-1.12186415389807,0,0,0,0,0,0,0,1,0,0,0,0,1,0,0
776,-0.00325319950626916,0,1,0,0,0,1,0,0,0,1,1,0,0,1,0
777,0.867902472177664,0,1,1,0,1,0,0,1,1,1,1,0,1,1,0
778,0.482263062559788,1,1,1,0,0,1,0,1,1,1,1,0,1,0,0
779,0.0233103903491571,0,0,0,0,0,1,0,0,0,0,0,0,1,0,0
780,1.42604510323687,1,1,1,1,1,0,1,1,1,0,1,1,1,1,1
781,-0.955768859269792,0,1,0,0,0,0,0,0,0,0,0,0,1,1,0
782,-0.560609428070329,0,1,0,0,0,0,0,0,0,1,1,0,0,0,0
783,1.1847818212147,1,1,0,1,0,1,1,1,1,1,1,1,0,0,1
784,0.464440547605012,1,1,1,0,0,1,0,0,0,0,1,1,0,1,0
785,-1.80967376727455,0,0,0,0,0,0,0,1,0,1,1,0,1,1,0
786,0.27457359895762,0,1,0,0,0,0,0,1,0,0,1,0,1,1,0
787,-0.370657266305398,0,0,0,0,0,1,0,1,0,1,0,0,1,1,0
788,-0.720069655203856,0,1,0,0,0,1,0,1,0,0,0,0,1,1,0
789,-1.72132466643525,0,1,0,0,0,0,0,1,0,1,0,0,1,1,0
790,-0.648214558933338,0,1,0,0,0,1,0,1,0,1,1,0,1,1,0
791,0.548901591302817,1,1,0,0,0,1,1,0,0,1,1,0,1,1,1
792,-0.593957462536031,0,1,0,0,0,1,0,1,0,1,0,0,0,1,0
793,-0.307223393211012,0,1,0,0,0,1,0,1,0,1,1,0,1,1,0
794,0.198345282430321,1,0,0,0,0,1,0,0,0,1,1,1,1,0,0
795,0.734921412983587,1,0,1,0,0,1,0,0,1,1,1,1,0,1,1
796,-1.53147578921264,0,0,0,0,0,0,0,1,0,1,0,0,1,1,0
797,1.07945191287516,1,0,1,0,0,1,0,1,1,1,1,1,1,0,1
798,-1.8653735085236,0,0,0,0,0,1,0,0,0,0,0,0,1,0,0
799,0.635533486588457,0,1,0,0,0,0,1,1,1,1,1,0,1,0,1
800,-0.633292974897233,0,0,0,0,0,0,0,1,0,0,0,0,0,1,0
801,-0.530052476437497,0,0,0,0,0,0,0,0,0,1,0,0,1,1,0
802,-0.471477613538994,0,0,0,0,0,1,0,0,0,1,1,0,0,1,0
803,-0.130485499769625,0,1,0,0,0,0,0,1,1,1,0,0,0,1,0
804,-2.38674830785619,0,1,0,0,0,1,0,0,0,1,0,0,1,0,0
805,-0.769780899253266,0,0,0,0,0,1,0,0,0,1,0,0,0,0,0
806,0.146964434763707,0,1,0,0,0,1,0,1,0,1,1,0,1,0,0
807,-0.0317066992308143,0,0,0,0,0,0,0,1,0,1,0,0,0,0,0
808,0.0341906512219513,0,1,0,0,0,1,0,1,1,1,1,0,1,1,0
809,-0.895947196588312,0,1,0,0,0,0,0,1,0,1,0,0,0,1,0
810,0.401258271026423,1,0,0,0,0,1,0,1,0,0,1,0,1,1,0
811,0.600025264085896,1,1,0,0,0,1,0,1,0,0,1,0,0,0,0
812,-0.946540863365984,0,1,0,0,0,0,0,0,0,0,0,0,1,1,0
813,2.07889302113091,1,1,1,1,1,0,1,1,1,1,1,1,1,1,1
814,-1.00003085686217,0,1,0,0,0,1,0,0,0,1,0,0,1,1,0
815,1.10526117752392,1,1,1,0,0,1,0,1,1,1,0,1,1,1,1
816,0.278114072253819,0,0,1,0,1,1,0,1,0,0,1,0,0,1,1
817,-0.0265433698157668,1,0,0,0,0,0,0,0,0,1,0,0,0,0,1
818,-1.82244434839068,0,1,0,0,0,0,0,0,0,1,0,0,0,0,0
819,-0.545000676201061,0,1,0,0,0,0,0,0,0,0,1,0,1,0,0
820,0.938593799460898,1,0,0,1,0,1,1,1,1,1,0,1,0,0,0
821,-0.886478080921045,0,1,0,0,0,1,0,1,0,1,1,0,1,0,0
822,1.55096320861927,1,0,1,1,0,0,1,1,1,1,1,1,1,0,1
823,-1.57925532163811,0,1,0,0,0,0,0,1,0,1,0,0,0,1,0
824,-0.959290435927932,1,1,0,0,0,1,0,1,0,1,0,0,0,0,0
825,0.838711935779026,1,0,0,0,0,1,0,1,1,1,0,1,0,1,1
826,-0.218819617552613,1,1,0,1,0,1,0,0,0,1,0,0,1,1,0
827,-0.425291982551532,0,1,0,0,0,1,0,1,0,1,0,0,0,1,0
828,-1.49428668566834,0,1,0,0,0,1,0,1,0,1,0,0,0,1,0
829,0.667894837766531,1,0,0,0,0,1,0,1,1,1,0,1,1,1,1
830,0.454108314593374,1,1,0,0,0,1,0,1,0,0,1,0,1,1,0
831,0.407641616454292,1,0,0,0,0,1,0,1,0,1,1,0,1,1,0
832,1.24155656385805,1,1,1,1,1,1,1,1,0,1,1,1,1,0,1
833,2.03969049830425,1,1,1,1,1,1,1,1,0,0,1,1,1,1,1
834,0.348772534643515,1,1,0,0,0,1,0,0,0,1,1,0,0,1,0
835,2.18009483463919,1,1,1,1,1,0,1,1,1,0,1,1,0,1,1
836,1.50958605372411,1,0,1,1,0,0,0,1,1,1,0,1,1,1,1
837,-0.300582161891161,0,1,0,0,0,0,0,0,0,0,0,0,1,0,0
838,0.0132634159872534,0,1,0,0,0,1,0,1,0,0,1,0,1,1,1
839,0.0451633126893594,0,0,0,0,0,1,0,0,0,0,0,0,0,0,0
840,0.671104912445773,0,0,1,0,0,0,0,1,0,1,0,0,1,1,0
841,-2.08079057532482,0,1,0,0,0,1,0,0,0,1,0,0,1,1,0
842,-1.56979149668286,0,1,0,0,0,0,0,0,0,0,1,0,1,0,0
843,0.76567725872108,0,0,1,0,0,1,0,1,1,0,1,1,1,1,1
844,-0.318480750386319,0,1,0,0,0,1,0,1,0,1,0,0,1,0,0
845,-0.831522425159513,0,0,0,0,0,0,0,0,0,0,1,0,0,1,0
846,0.274876141547728,1,1,0,0,0,1,0,1,0,1,0,0,1,0,0
847,-0.4975475283501,0,1,0,0,0,1,0,1,0,1,1,0,1,0,0
848,-1.62715778881642,0,0,0,0,0,0,0,0,0,0,1,0,1,0,0
849,-0.412992970356869,0,1,1,0,0,0,0,0,0,1,1,0,0,0,0
850,0.819290829346979,1,1,0,0,0,1,0,1,1,1,1,0,0,1,1
851,1.34243957303858,1,1,1,0,1,0,0,1,1,1,1,1,0,1,1
852,-1.95711727720447,0,0,0,0,0,0,0,1,0,0,0,0,1,1,0
853,0.346786997172052,0,1,0,0,0,1,0,1,0,1,1,0,0,0,0
854,0.104577654046507,0,0,0,0,0,1,1,1,0,1,1,0,0,1,0
855,0.149142110139963,0,0,0,0,0,0,0,1,0,0,1,0,1,1,0
856,-0.506289912938935,0,0,0,0,0,1,0,0,0,0,0,0,1,0,0
857,2.57059550995235,1,1,1,1,1,1,1,1,1,1,1,1,0,0,1
858,-0.701450520798727,0,0,0,0,0,0,0,1,0,1,0,0,1,0,0
859,-1.66340554888609,0,0,0,0,0,0,0,1,0,1,0,0,1,1,0
860,0.875511517628934,1,1,1,1,0,1,1,0,1,0,1,0,1,0,1
861,-0.66820365468905,0,1,0,0,0,0,0,1,0,0,1,0,1,0,0
862,1.06288430539386,0,0,1,1,0,0,0,1,1,1,1,1,1,1,1
863,-0.495438434365261,0,1,0,0,0,0,0,1,0,1,0,0,0,1,0
864,-0.405559937679099,0,0,0,0,0,1,0,1,0,1,0,0,1,0,0
865,0.931041660981702,1,0,0,0,1,0,0,0,0,0,1,0,1,0,0
866,-1.22433221365334,0,1,0,0,0,1,0,1,0,0,0,0,1,0,0
867,0.0286977426571641,0,0,0,0,0,0,0,1,0,1,1,0,1,0,0
868,-0.647766315154642,0,0,0,0,0,1,0,0,0,1,1,0,0,1,0
869,-1.66323125509529,0,0,0,0,0,1,0,0,0,0,0,0,0,1,0
870,-0.368124039573247,0,0,0,0,0,1,0,0,0,0,0,0,0,1,0
871,-1.23662259582337,0,1,0,0,0,0,0,0,0,0,1,0,0,0,0
872,-0.74098667366601,0,0,0,0,0,1,0,1,0,1,0,0,1,1,0
873,-1.66209228803739,0,1,0,0,0,0,0,1,0,0,1,0,0,1,0
874,-0.585273951011604,0,1,0,0,0,1,0,1,0,1,0,0,1,1,0
875,0.856384889371248,1,1,0,0,0,0,0,1,1,1,1,0,1,1,1
876,0.635182467207636,1,1,1,0,0,1,1,0,0,1,0,1,1,1,0
877,1.22751729966555,1,1,1,0,0,1,0,1,1,1,1,1,1,0,1
878,-1.29370692906336,0,1,0,0,0,0,0,1,0,0,1,0,0,1,0
879,0.645136716134125,1,1,0,0,0,1,0,1,1,1,0,0,1,1,1
880,-0.521708225402708,0,1,0,0,0,1,0,1,0,1,0,0,0,1,0
881,0.309640744666232,1,1,0,0,1,0,0,0,0,1,0,0,0,1,0
882,-1.13597623991809,0,0,0,0,0,0,0,1,0,1,0,0,0,1,0
883,-2.81811703463461,0,0,0,0,0,0,0,0,0,0,1,0,0,1,0
884,0.738562046929687,1,1,1,0,0,1,1,1,1,0,0,0,1,0,0
885,0.221297103789502,0,0,0,0,0,1,0,0,1,0,1,1,0,0,0
886,-0.688204941434375,0,1,0,0,0,0,0,1,0,0,1,0,0,0,0
887,1.58479213927255,0,0,1,1,1,1,1,1,1,1,1,1,1,0,1
888,1.35056341991056,1,0,1,1,0,1,0,0,1,1,1,1,0,0,1
889,0.236645922693389,0,0,0,0,0,1,0,1,0,1,0,0,0,0,0
890,-0.59702072331884,0,0,0,0,0,0,0,1,0,1,0,0,1,0,0
891,1.05560046723475,1,0,1,1,0,1,0,1,1,1,1,0,1,0,0
892,0.39905033221657,0,0,1,0,0,1,0,1,0,1,1,0,0,1,1
893,-0.68716410208898,0,0,0,0,0,1,0,0,0,0,0,0,0,1,0
894,0.388232962784416,0,1,0,0,0,1,0,1,1,1,1,0,1,0,0
895,0.513580169374154,0,1,1,0,0,1,0,1,1,0,1,0,0,1,0
896,-1.29810949572911,0,0,0,0,0,0,0,1,0,1,1,0,1,0,0
897,-1.41858932389071,0,0,0,0,0,0,0,0,0,0,0,0,1,1,0
898,-3.02491718128157,0,1,0,0,0,1,0,0,0,0,0,0,0,0,0
899,1.32024150881335,1,1,0,0,0,1,0,1,1,1,0,1,1,0,1
900,0.74804557518806,0,1,0,0,1,1,0,0,1,1,1,0,1,0,1
901,-0.63557315070605,0,1,0,0,0,0,0,1,0,1,0,0,1,0,0
902,1.40943547710359,1,0,1,1,0,1,0,1,1,1,1,1,0,1,1
903,1.69933943261777,1,1,1,1,1,1,1,0,1,1,1,1,0,1,1
904,1.1935460973721,1,1,1,1,0,1,1,0,1,1,1,1,0,1,1
905,-1.52248398990702,0,1,0,0,0,0,0,1,0,0,1,0,1,1,0
906,-0.18407168503037,0,0,0,0,0,0,0,1,0,1,0,0,0,1,0
907,1.34893545707165,1,1,1,0,0,0,1,1,1,0,1,1,1,0,1
908,-0.734538029078853,0,1,0,0,0,0,0,0,0,1,1,0,1,1,0
909,0.591322815632689,1,1,1,0,0,1,0,1,0,1,1,0,0,0,1
910,0.558159216188155,0,0,0,0,0,0,0,1,0,1,0,1,1,1,0
911,0.604194990037787,1,0,0,0,0,0,0,1,0,1,0,0,1,0,1
912,-0.468727291764287,1,0,0,0,0,0,0,0,0,1,0,0,0,1,0
913,-0.473821093422261,0,1,0,0,0,0,0,1,0,1,1,0,1,1,0
914,0.373692522472513,1,0,0,0,0,1,1,1,0,0,1,1,1,0,0
915,-0.414055348023122,0,0,0,0,0,1,0,1,0,1,0,0,1,0,0
916,1.14822117998639,0,0,0,0,1,1,1,1,1,1,1,1,1,0,1
917,-1.41778832708671,0,0,0,0,0,1,0,0,0,1,0,0,0,0,0
918,0.809148827110005,0,0,1,0,0,0,0,0,1,1,0,0,0,1,0
919,0.0938673330575145,0,1,0,0,0,1,0,1,0,1,0,0,0,1,0
920,0.622693488090132,1,1,0,0,0,1,0,1,0,1,0,0,1,0,0
921,-0.464806211435124,0,1,0,0,0,1,0,0,0,0,0,0,1,1,0
922,0.344032425057237,1,1,0,0,0,1,0,0,1,0,1,0,1,0,0
923,-0.962640043577645,0,1,0,0,0,1,0,1,0,0,0,0,1,1,0
924,-0.655193721809728,0,1,0,0,0,0,0,1,0,0,0,0,1,1,0
925,1.97352837017726,1,0,1,1,1,1,1,1,1,1,1,1,1,0,1
926,0.258743103035059,0,0,1,0,0,0,0,1,1,0,1,0,1,0,1
927,-0.537031817009399,0,1,0,0,0,0,0,1,0,0,0,0,0,0,0
928,-0.938644176280829,0,1,0,0,0,1,0,1,0,0,1,0,0,0,0
929,1.78432288138562,1,0,1,1,1,1,1,1,1,0,1,1,1,1,1
930,-0.405206984486546,0,0,0,0,0,0,0,0,0,0,0,1,1,1,0
931,1.69781097061996,0,0,1,1,1,0,1,1,1,1,1,1,1,1,1
932,-0.842078298009492,0,1,0,0,0,1,0,0,0,1,0,0,0,0,0
933,-1.38450180955003,0,0,0,0,0,0,0,0,0,0,0,0,1,1,0
934,0.317662820169517,0,0,0,0,0,1,0,1,1,1,1,1,1,0,0
935,-2.316524462789,0,0,0,0,0,1,0,0,0,1,0,0,1,1,0
936,-2.06315080842263,0,0,0,0,0,0,0,1,0,0,1,0,0,0,0
937,-1.40326610853193,0,1,0,0,0,1,0,0,0,1,0,0,0,1,0
938,-0.794511686424617,0,0,0,0,0,1,0,1,0,0,1,0,1,1,0
939,-0.236053265801527,0,1,0,0,0,0,0,1,0,1,1,0,1,1,0
940,-0.585614432762222,0,0,0,0,0,1,0,0,0,0,0,0,0,1,0
941,0.487734242048934,1,1,0,0,1,1,0,0,0,0,1,1,1,0,1
942,-0.283391056742804,0,1,0,0,0,1,0,1,0,1,1,0,1,0,0
943,0.319295784457123,0,1,1,0,0,1,0,0,0,1,1,0,1,1,1
944,-0.0608289081830735,1,1,0,0,0,1,0,0,0,1,1,0,1,1,0
945,1.25162805521461,1,1,1,0,1,1,0,0,1,1,1,1,0,0,1
946,-0.984597610261359,0,1,0,0,0,0,0,1,0,1,0,0,0,1,0
947,-1.92384131950713,0,0,0,0,0,0,0,1,0,1,0,0,1,0,0
948,0.738185291944029,1,1,1,0,0,0,0,1,0,1,0,1,1,1,0
949,1.21792259794034,1,1,1,0,1,1,1,1,1,1,1,1,1,0,1
950,0.0783015718576758,0,0,0,0,0,0,0,1,0,0,1,0,1,0,0
951,-1.77995405416926,0,0,0,0,0,1,0,0,0,1,0,0,0,1,0
952,-0.143885871976185,0,0,0,0,0,1,0,1,0,1,1,0,1,0,0
953,0.114951797694124,0,1,0,0,0,1,0,0,0,1,1,0,1,1,1
954,0.997398032932518,0,1,0,1,0,1,0,1,1,0,1,0,1,1,0
955,0.630566423915763,0,0,0,0,0,1,0,1,1,1,0,0,0,1,0
956,0.391627500127486,1,0,1,0,0,1,1,1,0,1,0,1,0,0,0
957,-0.0602955245657137,0,1,0,0,0,0,0,0,0,1,1,0,1,1,0
958,0.385453969512821,0,1,0,0,0,0,0,1,0,1,0,0,1,1,1
959,1.22941930307963,1,1,1,1,0,1,0,1,1,1,0,1,1,1,1
960,-0.456509441107238,0,0,0,0,0,1,0,1,0,1,0,0,0,0,0
961,1.3001177129086,1,1,1,0,1,1,1,1,1,1,1,1,0,1,1
962,0.596968040132623,0,1,0,0,0,1,0,1,0,1,1,1,0,1,0
963,0.772065882905901,1,1,0,0,0,0,0,1,1,0,1,1,1,1,0
964,-2.99478178370783,0,0,0,0,0,0,0,0,0,0,0,0,0,1,0
965,-0.293090633856105,0,0,0,0,0,0,0,0,0,1,1,0,0,1,0
966,1.19742968878368,1,1,1,0,0,1,0,1,1,1,1,1,1,1,1
967,-1.5869657465155,0,1,0,0,0,0,0,0,0,1,0,0,0,0,0
968,0.690155287672776,1,1,0,0,0,0,0,1,1,1,0,0,1,0,1
969,-0.001144546915877,1,1,0,0,0,0,0,1,0,1,0,0,0,0,1
970,0.258708108806674,0,0,0,0,0,1,0,1,0,1,0,0,1,0,0
971,-0.114630705533426,1,0,0,0,0,1,0,0,0,1,1,0,1,0,0
972,0.612875098473439,0,0,1,0,0,0,0,0,1,0,0,0,1,0,0
973,1.58408101909619,1,0,1,1,0,1,1,1,1,1,0,1,1,1,1
974,1.83071489032862,1,0,1,1,1,1,1,1,1,1,1,1,1,0,1
975,0.812391739211232,1,0,0,1,0,0,0,1,0,1,0,1,1,0,1
976,-0.205287834798866,0,1,0,0,0,0,0,1,0,1,1,0,0,1,0
977,0.638467019408327,0,1,0,0,0,1,0,1,1,0,1,1,1,1,0
978,-0.13875330696047,0,1,0,0,0,1,0,0,0,1,0,0,1,1,0
979,-0.315313541309254,0,1,0,0,0,0,0,1,0,1,1,0,1,1,0
980,-0.563317715217586,0,1,0,0,0,0,0,0,0,1,1,0,0,1,0
981,-0.393187608615549,0,1,0,0,0,1,0,1,0,0,0,0,0,0,0
982,-0.825902960612076,0,1,0,0,0,1,0,1,0,0,1,0,1,0,0
983,2.10599766006888,1,0,1,1,1,1,1,1,1,1,1,1,0,1,1
984,0.0262147061641124,0,1,0,0,0,1,0,1,1,1,1,0,1,0,1
985,-0.532068874192713,0,1,0,0,0,1,0,1,0,0,0,0,1,0,0
986,0.500597259614662,0,1,0,0,0,1,0,1,1,0,1,1,0,1,1
987,-0.933796494547803,0,0,0,0,0,1,0,0,0,1,1,0,0,1,0
988,-0.546006871439916,0,0,0,0,0,1,0,0,0,0,1,0,1,1,0
989,0.539640258001069,1,1,0,0,0,0,0,1,0,0,0,1,1,1,1
990,0.205247700791007,0,1,0,0,0,1,0,1,0,1,1,0,0,0,0
991,0.286267719585278,0,1,1,1,0,1,0,1,0,0,1,0,1,1,1
992,0.268971278782186,1,1,0,0,0,1,0,1,0,0,1,0,0,0,1
993,0.0208522663497633,0,1,0,0,0,0,0,1,0,1,1,0,0,1,1
994,0.930039152837639,0,1,1,1,1,0,0,1,1,1,1,1,1,0,1
995,-0.830950977220477,0,1,0,0,0,0,0,0,0,0,1,0,1,0,0
996,1.32480511562169,1,1,1,0,0,1,1,1,1,0,0,1,0,1,0
997,0.815334538435802,1,1,1,0,1,0,0,1,1,1,1,1,1,1,1
998,0.185994618728596,0,0,1,0,0,0,1,1,0,1,0,0,1,1,0
999,-1.41658010001859,0,1,0,0,0,1,0,1,0,1,1,0,0,0,0
1000,-0.152011390660266,0,1,0,0,0,1,0,1,0,1,0,0,1,1,0
1001,0.658310012970851,0,1,0,0,0,0,0,1,1,1,1,0,1,0,0
1002,0.902823329345347,1,0,0,0,0,0,0,1,0,1,1,1,1,0,1
1003,0.111743635319511,1,1,0,0,0,0,0,1,0,0,0,1,1,1,0
1004,0.588151302035449,1,1,0,0,0,1,1,1,1,1,0,1,1,0,0
1005,1.09970923134552,1,0,1,1,1,0,1,1,1,1,1,1,1,1,1
1006,1.0353284818388,0,0,0,0,0,1,0,1,1,1,1,1,1,0,1
1007,0.720117483905734,0,1,0,0,0,0,0,1,1,1,1,1,1,1,0
1008,-0.930921038068684,0,1,0,0,0,0,0,1,0,0,1,0,0,0,0
1009,-0.252907938162288,0,1,0,0,0,1,0,1,0,0,0,0,0,1,0
1010,-0.615774341375081,0,0,0,0,0,1,0,1,0,1,0,0,1,0,0
1011,0.0845297025306612,0,0,0,0,0,0,0,1,0,0,1,0,1,0,0
1012,-0.334816467997737,0,0,0,0,0,1,0,1,0,1,1,0,1,0,0
1013,-0.078262160104379,0,1,0,0,0,0,0,1,0,1,1,0,0,1,0
1014,0.459968426061929,0,1,1,1,0,1,1,0,0,0,1,1,1,1,1
1015,2.00322724704972,1,1,1,1,1,1,1,1,1,1,1,1,0,1,1
1016,-1.0390976061114,0,1,0,0,0,1,0,0,0,1,1,0,1,0,0
1017,-0.43586786343197,0,1,0,0,0,1,0,1,0,0,1,0,1,1,1
1018,-0.00532528801838968,0,0,0,0,0,0,0,0,0,1,1,0,1,1,0
1019,0.170864039310242,0,0,1,1,0,0,0,1,0,1,0,0,0,1,0
1020,0.619861225060612,0,1,1,0,0,0,0,1,1,0,0,1,1,1,1
1021,-0.519228025260051,0,0,0,0,0,1,0,0,0,0,1,0,1,1,0
1022,2.49820006665186,1,1,1,1,1,1,1,1,1,1,1,1,1,0,1
1023,0.738242486359353,0,0,0,0,0,0,0,0,1,1,0,0,1,1,0
1024,-0.317580257252009,0,0,0,0,0,1,0,1,0,1,1,0,0,1,0
1025,-0.930426618241154,0,0,0,0,0,1,0,1,0,0,0,0,0,1,0
1026,0.0182852480655664,1,1,0,0,0,1,0,0,0,0,1,0,1,0,0
1027,0.086000266583758,1,1,0,0,0,1,0,0,0,1,1,0,0,0,0
1028,-1.03582116162658,0,0,0,0,0,1,0,0,0,0,0,0,1,1,0
1029,-1.82032976026055,0,1,0,0,0,1,0,0,0,0,1,0,0,0,0
1030,0.207428143567122,0,1,0,0,0,0,0,1,0,0,0,0,1,1,0
1031,-1.18579173946561,0,0,0,0,0,1,0,0,0,0,1,0,1,1,0
1032,0.882930542488553,1,0,1,0,0,0,0,1,0,1,1,1,1,0,1
1033,1.11559158578551,1,0,0,0,1,1,0,1,1,0,1,1,1,1,1
1034,-0.883519637420301,0,0,0,0,0,1,0,1,0,0,0,0,1,1,0
1035,0.759827905173552,0,1,0,1,0,1,0,1,1,1,1,0,1,0,1
1036,2.06351868502612,1,1,1,0,1,0,1,0,1,1,1,1,1,0,1
1037,0.379416087658331,1,1,0,0,0,0,0,1,1,0,1,0,1,1,1
1038,-1.61748144455837,0,1,0,0,0,1,0,0,0,1,0,0,1,1,0
1039,-1.15125674016998,0,0,0,0,0,1,0,1,0,1,0,0,0,1,0
1040,1.09699645876941,0,1,0,0,1,1,1,1,1,1,1,1,1,1,0
1041,0.436542409913704,0,1,1,0,0,0,0,1,0,1,1,1,0,1,0
1042,0.648513401190852,1,1,0,0,0,0,0,0,1,1,1,0,0,0,1
1043,-0.670690445207814,0,0,0,0,0,1,0,1,0,0,0,0,1,0,0
1044,0.691033611985894,0,1,1,0,0,0,0,1,0,0,1,1,0,0,1
1045,1.56139365864541,1,1,0,1,1,1,1,1,1,1,1,1,0,1,1
1046,0.518989629412278,1,1,0,0,0,1,0,1,0,1,1,0,0,0,0
1047,-0.439338611202877,0,0,0,0,0,0,0,1,0,1,1,0,1,1,0
1048,-0.503440988545579,0,1,0,0,0,1,0,1,0,1,0,0,1,1,1
1049,-0.196362582952287,0,0,0,0,0,0,0,0,0,1,1,1,1,0,0
1050,-0.46177238934554,0,1,0,0,0,1,0,1,0,1,0,0,1,1,0
1051,0.046779055523195,0,1,0,0,0,1,0,0,0,1,1,0,1,0,0
1052,-1.15258627281457,0,1,0,0,0,0,0,0,0,0,0,0,0,0,0
1053,-0.576200344844899,0,0,0,0,0,1,0,0,0,1,0,0,1,0,0
1054,-0.856327764955562,0,1,0,0,0,1,0,0,0,1,0,0,1,1,0
1055,-1.54349364679553,0,0,0,0,0,1,0,1,0,0,1,0,0,0,0
1056,-1.44011611106774,0,0,0,0,0,1,0,1,0,0,1,0,0,0,0
1057,-1.75440106371154,0,0,0,0,0,1,0,0,0,1,0,0,0,0,0
1058,0.723554254765019,0,1,0,0,0,0,0,0,0,1,1,0,1,1,1
1059,0.690311047069806,0,0,0,1,0,1,0,1,0,1,1,0,1,1,0
1060,0.641204534368334,1,0,0,0,0,1,1,1,1,1,1,1,0,0,1
1061,-0.578634582287215,0,1,0,0,0,1,0,1,0,0,1,0,0,0,0
1062,0.569428449314365,0,1,1,1,0,0,0,0,0,0,0,1,1,1,0
1063,1.17089685773956,1,0,1,1,0,1,0,1,1,0,1,1,1,0,1
1064,-0.130199283435816,0,1,0,0,0,1,0,1,0,0,1,0,0,0,0
1065,-0.0680502689131286,1,1,0,0,0,0,0,1,0,0,1,0,0,1,0
1066,-2.2163252336674,0,0,0,0,0,1,0,1,0,0,1,0,0,0,0
1067,-0.0158837081906839,0,1,0,0,0,1,0,0,0,0,0,0,1,0,0
1068,-1.14507215940561,0,0,0,0,0,0,0,0,0,0,1,0,1,1,0
1069,-0.141679981602592,0,1,0,0,0,1,0,0,0,1,0,1,0,1,0
1070,1.33024825686853,1,1,1,1,1,1,1,1,1,1,1,0,0,1,1
1071,0.0498307523657212,0,0,0,0,0,1,0,1,1,0,1,0,1,1,0
1072,-0.838145543968584,0,1,0,0,0,1,0,1,0,0,0,0,1,0,0
1073,-0.26934910746472,0,1,0,0,0,0,0,1,0,1,1,0,1,0,0
1074,-2.86698859361926,0,0,0,0,0,1,0,0,0,1,0,0,0,0,0
1075,-1.26316309257816,0,1,0,0,0,1,0,0,0,1,1,0,1,0,0
1076,-1.6343416324375,0,1,0,0,0,0,0,1,0,1,1,0,0,0,0
1077,0.79069356736119,0,1,1,0,0,1,0,1,1,1,1,1,0,0,1
1078,-0.800120717497766,0,1,0,0,0,1,0,1,0,0,1,0,1,1,0
1079,-0.295656973729844,0,1,0,0,0,1,0,1,0,1,0,0,1,1,0
1080,0.172627394078106,0,1,0,0,0,1,0,1,0,0,0,0,0,0,1
1081,-0.974559173134749,0,0,0,0,0,0,0,0,0,0,0,0,0,1,0
1082,0.45919953448709,1,1,1,0,0,0,0,1,1,1,0,0,0,1,0
1083,0.418415784549367,1,0,0,0,0,1,0,1,0,0,1,1,1,0,1
1084,-0.229203787005929,0,1,0,0,0,0,0,1,0,1,0,0,1,0,0
1085,-0.213326006367557,0,0,0,0,0,1,0,1,0,1,1,0,1,1,0
1086,0.0893860732020647,0,1,0,0,0,1,0,1,0,1,0,0,0,1,0
1087,0.48899959578456,1,0,0,0,0,1,0,1,1,1,1,0,1,0,1
1088,2.27237220960054,1,1,1,1,1,0,1,1,1,0,1,1,0,1,1
1089,-0.102936635658908,0,1,0,0,0,1,0,1,0,0,0,0,1,1,1
1090,0.106792081427168,0,1,0,0,0,1,0,1,0,1,1,0,1,0,0
1091,0.0818221328597194,1,1,0,0,0,1,0,1,0,0,1,0,1,0,0
1092,0.7767268862441,1,1,0,0,0,1,0,1,0,1,1,1,1,0,1
1093,0.0602561668222566,1,1,0,0,0,1,0,1,0,1,1,0,0,1,0
1094,-0.236605518385524,0,0,0,0,0,0,0,0,0,1,1,0,1,0,0
1095,-0.63047083198628,0,1,0,0,0,0,0,1,0,0,0,0,0,1,0
1096,-0.000494320025789775,0,0,1,0,0,0,0,0,0,0,1,0,0,0,0
1097,0.569558742253475,1,1,0,1,0,1,0,1,0,1,1,1,0,1,1
1098,1.02359926666951,1,1,1,1,1,1,1,1,1,1,1,1,1,0,1
1099,-0.149216371021542,0,0,0,0,0,1,0,1,0,1,0,0,1,1,0
1100,0.7940112246587,0,1,0,0,0,1,0,1,0,1,1,1,1,1,1
1101,1.97584427346444,1,1,1,1,1,1,0,1,1,0,1,1,1,1,1
1102,1.60725292556451,1,1,1,1,1,0,1,1,0,1,1,1,1,0,1
1103,0.28906989561182,0,1,0,0,0,1,0,1,0,1,1,0,1,0,0
1104,-1.61654892956204,0,0,0,0,0,0,0,1,0,1,0,0,1,0,0
1105,-1.07236089421897,0,0,0,0,0,1,0,1,0,0,1,0,0,1,0
1106,0.0960476615211289,0,0,0,0,0,1,0,1,0,0,1,0,1,0,0
1107,-1.07836339659602,0,1,0,0,0,1,0,0,0,1,0,0,0,1,0
1108,0.433843224330257,0,0,0,0,0,1,0,1,0,1,1,0,1,0,0
1109,-0.215155528531943,1,1,0,0,0,1,0,1,0,0,1,0,1,0,0
1110,0.910862732038248,1,1,0,0,0,1,1,1,1,0,1,1,0,0,1
1111,0.575002125595963,1,0,0,0,0,1,0,1,0,1,1,0,0,0,0
1112,0.170869202876938,0,1,0,0,0,0,0,1,0,1,0,0,1,0,0
1113,1.28151563475666,1,0,1,1,0,0,1,1,1,1,1,0,0,1,1
1114,1.16542472671551,1,1,1,0,0,0,0,0,1,0,1,1,1,1,1
1115,-0.0733400030886388,0,1,0,0,0,0,0,1,0,1,1,0,1,1,0
1116,-0.960141357407564,0,1,0,0,0,1,0,0,0,1,1,0,1,1,0
1117,-0.647361044836117,0,1,0,0,0,0,0,1,0,1,1,0,1,1,0
1118,-1.56116089626092,0,1,0,0,0,0,0,1,0,0,0,0,0,1,0
1119,0.783553298711845,1,0,0,1,0,1,0,1,0,1,0,0,1,1,1
1120,0.373963930855171,0,0,0,0,0,0,0,1,0,1,0,0,1,1,1
1121,-2.12702505702045,0,1,0,0,0,1,0,1,0,1,0,0,0,1,0
1122,1.07684392289655,1,0,1,0,0,0,0,1,1,1,1,1,1,0,1
1123,-0.594345324398129,0,0,0,0,0,1,0,1,0,1,1,0,0,0,0
1124,-1.18033303501661,0,0,0,0,0,1,0,0,0,1,1,0,1,1,0
1125,-0.438576806687729,0,0,0,0,0,1,0,1,0,1,1,0,0,1,0
1126,-2.64102624063295,0,1,0,0,0,1,0,0,0,0,0,0,1,1,0
1127,-1.13078269092592,0,0,0,0,0,1,0,1,0,0,0,0,1,1,0
1128,-0.343381802182899,0,0,0,0,0,1,0,1,0,1,0,0,0,0,0
1129,1.41677961858661,1,0,1,1,1,0,1,1,1,1,1,1,0,1,1
1130,0.645088791887182,1,1,1,0,0,0,0,1,0,0,0,0,0,0,0
1131,-1.06849788380107,0,0,0,0,0,1,0,0,0,0,0,0,1,0,0
1132,-0.226360424940719,0,0,0,0,0,0,0,1,0,1,1,0,1,1,0
1133,1.4863479397324,0,1,1,1,0,0,1,1,1,1,0,1,1,0,1
1134,-0.446187624704869,0,0,0,0,0,1,0,1,0,1,0,0,1,1,0
1135,-0.293948782422499,0,1,0,0,0,0,0,1,0,0,1,0,0,0,0
1136,-1.18041207405033,0,0,0,0,0,1,0,0,0,1,1,0,0,1,0
1137,1.3485149483947,1,1,1,1,1,1,0,1,1,1,1,1,0,0,1
1138,1.40239922560191,1,1,0,1,0,1,0,1,0,1,1,1,1,1,1
1139,-1.97632899752507,0,0,0,0,0,1,0,0,0,0,0,0,1,1,0
1140,-2.46423409267665,0,1,0,0,0,1,0,1,0,0,0,0,1,1,0
1141,0.0243273034758072,0,1,0,0,0,1,0,1,0,1,0,0,1,0,0
1142,-1.28661841296895,0,1,0,0,0,1,0,1,0,1,0,0,1,0,0
1143,1.13891362857877,1,1,0,0,0,1,0,0,1,0,0,1,0,0,1
1144,0.950738260273558,1,1,0,1,0,1,0,1,1,1,1,1,1,0,0
1145,0.927605664708897,0,1,0,0,1,0,0,1,1,1,1,1,1,0,1
1146,1.18156001018734,0,0,0,1,0,1,0,1,0,1,1,1,0,0,1
1147,1.41849983195598,0,1,1,1,0,1,1,1,0,1,1,1,1,0,1
1148,1.71914812364544,1,1,1,1,1,0,1,1,1,1,1,1,1,1,1
1149,0.315395579598892,1,1,1,0,1,1,0,1,0,1,0,1,0,1,0
1150,1.21876696582733,1,1,1,0,0,1,1,1,1,1,0,1,1,0,1
1151,-0.341854285830257,0,0,0,0,0,0,0,0,0,0,1,0,1,0,0
1152,1.75099402710177,1,1,1,0,1,1,1,1,1,1,1,1,1,1,1
1153,0.165959930241728,0,1,0,0,0,0,0,0,0,1,1,0,1,1,0
1154,0.173172686263969,0,0,0,0,0,1,0,1,1,1,1,0,1,0,0
1155,0.970039905078591,1,0,0,0,0,1,1,1,1,0,1,1,1,1,1
1156,-0.182089495499535,0,0,0,0,0,0,0,0,0,0,1,0,1,0,1
1157,0.10984327592751,0,1,0,0,0,1,0,1,0,0,0,0,0,0,0
1158,-1.07806078936022,0,1,0,0,0,0,0,0,0,1,0,0,1,1,0
1159,0.0448761709276994,0,1,0,1,0,1,0,0,0,0,1,0,0,0,0
1160,-1.60713384930294,0,1,0,0,0,1,0,0,0,0,0,0,1,0,0
1161,1.97813898380098,1,1,1,1,1,1,0,1,1,1,1,1,0,0,1
1162,-0.898105565545928,0,1,0,0,0,0,0,0,0,0,0,0,0,0,0
1163,0.445909950510856,0,1,1,0,0,1,0,1,0,0,1,0,0,0,0
1164,0.433969722827093,0,1,0,0,0,1,0,1,0,0,1,0,1,0,0
1165,-0.766505763947279,0,0,0,0,0,1,0,1,0,1,0,0,1,0,0
1166,0.351016689892392,0,0,1,0,0,0,0,1,1,1,1,1,1,1,1
1167,-0.393538865259887,0,1,0,0,0,0,0,0,0,1,0,0,1,0,0
1168,1.79411601122149,1,1,1,1,1,1,1,0,1,1,0,1,1,0,1
1169,-0.123672941005897,0,1,0,0,0,1,0,1,0,1,1,0,0,1,0
1170,0.529346803934291,0,0,0,0,0,1,0,1,1,1,1,0,1,1,0
1171,-0.762743269888723,0,1,0,0,0,0,0,1,0,1,1,0,0,0,0
1172,1.83008501087255,1,0,1,1,0,1,1,1,1,0,1,1,0,1,1
1173,0.196437752282874,0,0,0,0,0,1,0,1,0,1,1,0,0,0,0
1174,0.684708900382104,0,1,0,0,0,1,0,1,0,1,1,0,1,1,0
1175,-1.06294133636335,0,1,0,0,0,1,0,0,0,0,0,0,1,0,0
1176,-0.714385877487659,0,1,0,0,0,1,0,1,0,1,0,0,1,0,0
1177,-1.04677806435725,0,1,0,0,0,0,0,0,0,0,0,0,1,0,0
1178,1.47743963482628,1,1,1,1,1,0,1,1,1,1,1,1,1,0,1
1179,0.430552884704212,0,0,1,0,0,0,0,1,1,0,1,0,0,1,0
1180,1.44020839692297,1,0,1,1,1,1,1,1,1,0,0,1,1,1,1
1181,0.425960500600145,0,1,1,0,0,0,1,0,1,1,0,0,1,1,1
1182,1.37061112948963,0,1,1,1,1,1,0,1,0,1,1,1,0,0,1
1183,1.15140009125918,1,0,1,1,0,0,0,1,1,1,1,1,1,0,1
1184,-1.17968083149758,0,1,0,0,0,0,0,0,0,1,0,0,1,1,0
1185,-0.608278133666999,0,1,0,0,0,1,0,0,0,1,0,0,0,1,0
1186,2.16346691152576,1,1,1,1,1,0,1,1,1,0,0,1,0,0,1
1187,-2.63037835290104,0,0,0,0,0,1,0,1,0,1,0,0,0,0,0
1188,0.506704957634185,0,0,0,0,0,1,0,0,0,1,1,0,0,0,0
1189,0.234454386343621,1,0,0,0,0,1,0,1,0,0,0,0,0,1,0
1190,-0.763129522430674,0,1,0,0,0,1,0,1,0,0,1,0,1,1,0
1191,-1.64607867455329,0,0,0,0,0,0,0,0,0,0,0,0,0,1,0
1192,0.0998348895233253,0,0,0,0,0,1,0,1,0,1,1,1,1,0,0
1193,0.95531814627044,0,1,1,0,0,1,0,0,1,0,1,1,1,1,0
1194,2.14596907972276,0,1,1,1,0,1,1,1,1,0,1,1,0,1,1
1195,-0.334513084560487,0,1,0,0,0,0,0,1,0,1,0,0,0,1,0
1196,-0.0539451453845471,0,1,0,0,0,1,0,1,0,1,0,0,1,0,0
1197,0.494753920033683,1,1,0,0,0,0,0,0,1,1,1,0,1,0,0
1198,0.780416758801604,0,1,0,1,0,1,0,1,1,0,1,0,1,1,1
1199,-0.0242442908296251,0,0,0,0,0,1,0,1,0,1,0,0,1,0,0
1200,1.28224630663733,1,1,1,1,1,0,0,1,1,0,1,1,0,0,1
1201,-0.34656512290694,0,0,0,0,0,1,0,1,1,1,0,0,0,1,1
1202,0.618679744845391,1,0,0,0,0,1,0,1,1,1,1,1,1,1,0
1203,-1.79374748242589,0,1,0,0,0,0,0,0,0,0,0,0,0,1,0
1204,-0.0932171955165921,0,0,0,0,0,1,0,1,0,0,1,0,0,1,0
1205,-0.221920150806261,0,0,0,0,0,0,0,1,0,1,1,0,0,1,0
1206,0.288396673189095,0,1,0,0,0,1,0,1,0,1,1,0,1,1,0
1207,1.16983549516462,1,1,1,0,1,1,0,1,0,1,1,0,0,0,0
1208,2.12768612231433,1,1,1,0,1,0,1,1,1,1,1,1,0,1,1
1209,2.38619454720589,1,1,1,1,1,1,1,1,1,1,0,1,0,1,1
1210,0.00745653641579131,0,1,1,0,0,0,0,1,1,0,1,0,1,1,0
1211,-0.664067930177829,0,0,0,0,0,0,0,1,0,0,0,0,0,1,0
1212,1.10630916149833,1,1,0,0,0,1,1,0,1,0,1,1,1,0,1
1213,-1.0013818114829,0,1,0,0,0,1,0,1,0,1,1,0,0,1,0
1214,-0.459281129186711,0,0,0,0,0,1,0,0,0,1,1,0,0,1,0
1215,0.334852973042289,0,0,0,1,0,1,0,1,1,1,1,1,1,1,1
1216,0.572721591570482,0,0,1,0,0,1,0,1,0,0,0,0,1,1,0
1217,-1.99657943259667,0,1,0,0,0,1,0,0,0,1,0,0,1,1,0
1218,-0.480337925557827,0,0,0,0,0,1,0,0,0,1,1,0,1,0,0
1219,0.130443460945501,1,1,0,0,0,1,0,1,0,1,1,0,0,0,0
1220,1.27593921512058,1,1,1,1,1,1,1,1,1,1,1,1,1,0,1
1221,1.20715717884776,0,0,1,1,0,0,1,0,1,1,0,1,1,0,1
1222,1.41837416126146,1,1,0,1,0,0,1,1,1,1,1,1,1,1,1
1223,0.276753363084962,0,0,0,0,0,1,0,1,0,0,0,0,0,1,0
1224,0.337170318779826,1,1,0,0,0,1,0,0,0,1,1,0,0,1,0
1225,0.096624047892816,1,1,0,0,0,1,0,1,0,1,1,0,0,0,0
1226,0.887069259514331,1,1,0,0,0,1,1,1,0,0,1,1,1,1,0
1227,0.624975769684811,1,1,0,0,1,1,0,0,0,0,1,1,0,0,0
1228,-0.262218592012815,1,0,0,0,0,0,0,1,1,1,0,0,1,0,0
1229,-0.321559064004478,0,0,0,0,0,1,0,1,0,0,0,0,1,1,0
1230,0.499854617478131,0,0,0,0,0,1,0,1,0,1,1,0,1,0,1
1231,0.526557809991229,0,1,1,0,0,1,0,1,0,1,1,0,1,1,0
1232,-0.868378660575752,0,1,0,0,0,0,0,0,0,1,0,0,1,0,0
1233,0.210314053409114,0,1,0,0,0,1,0,1,0,1,1,0,1,1,0
1234,0.604590616606412,0,1,0,0,0,0,0,1,1,0,0,1,1,1,0
1235,-1.04727432368231,0,0,0,0,0,1,0,1,0,0,1,0,1,1,0
1236,0.181468393849053,0,1,0,0,0,1,0,1,0,1,1,0,1,0,0
1237,0.774941695822206,1,1,1,0,0,1,0,1,1,1,1,0,1,1,1
1238,1.44112614793903,1,1,1,1,0,1,1,1,1,0,1,1,1,1,1
1239,0.469417601347419,0,1,0,1,0,1,0,1,1,1,1,1,1,0,0
1240,0.0402364451409599,1,1,0,0,0,0,0,1,0,0,1,0,0,0,0
1241,0.383218203936874,0,0,0,0,0,1,0,1,0,1,1,1,1,0,1
1242,-0.202818204112853,0,0,0,0,0,0,0,1,0,1,1,0,0,0,0
1243,0.326612775496784,0,0,0,0,0,1,0,1,1,0,1,0,1,1,0
1244,0.1123158494005,0,1,0,0,0,0,0,1,0,1,0,0,1,0,0
1245,-0.0932588453750547,0,1,0,0,0,1,0,1,0,1,0,0,1,1,0
1246,0.506378817391416,1,1,0,0,0,1,0,1,0,1,1,0,1,1,0
1247,1.66356223469399,1,1,1,1,1,1,1,1,1,0,1,1,1,0,1
1248,0.122802561921366,1,1,0,0,0,0,0,1,0,1,0,0,0,0,0
1249,-2.10040005689146,0,1,0,0,0,0,0,1,0,1,0,0,1,0,0
1250,0.198222549609225,0,1,0,0,0,0,0,1,0,0,1,0,0,0,1
1251,0.0884023796805153,0,0,0,0,0,0,0,1,0,1,1,0,1,0,0
1252,-0.0522034391044823,0,1,0,0,0,0,0,1,0,1,0,0,0,1,0
1253,0.165004793248891,0,1,0,1,0,1,0,1,0,0,1,0,1,1,0
1254,-2.15418483804422,0,1,0,0,0,0,0,0,0,0,0,0,0,0,0
1255,1.22794791432895,1,1,1,0,1,1,1,1,1,1,0,1,1,0,0
1256,-0.181764119249971,0,0,0,0,0,1,0,0,1,0,1,0,1,1,0
1257,0.291060259327192,0,0,1,0,0,0,0,1,0,0,1,0,0,1,0
1258,-1.116263130334,0,1,0,0,0,1,0,1,0,0,0,0,1,1,0
1259,1.28159389291377,1,1,1,1,0,1,1,1,1,1,0,0,1,0,1
1260,-1.84571827580105,0,1,0,0,0,1,0,1,0,1,0,0,1,0,0
1261,1.75153093104147,1,1,1,1,1,1,1,1,1,1,1,1,1,1,1
1262,1.68932863071968,1,1,0,0,1,1,1,1,1,0,1,1,1,0,1
1263,0.693461067110633,0,1,0,0,0,0,0,1,0,1,0,0,0,1,1
1264,0.288057766449844,0,1,0,0,0,0,0,1,1,1,1,0,1,1,0
1265,0.500638493547809,0,0,0,0,0,1,0,0,0,1,1,0,1,0,1
1266,-0.3321394549373,0,1,0,0,0,0,0,0,0,0,1,0,0,0,1
1267,-0.107377004879002,0,0,0,0,0,1,0,1,0,0,0,0,0,0,0
1268,-0.81573268876806,0,0,0,0,0,1,0,0,0,0,1,0,1,1,0
1269,-1.76819129317524,0,0,0,0,0,1,0,1,0,1,0,0,0,1,0
1270,0.300654145269483,0,0,1,0,0,1,0,1,0,1,1,0,1,0,0
1271,0.154314021922887,0,0,0,0,0,0,0,1,1,0,1,0,0,1,0
1272,0.762318769614178,1,1,1,0,0,0,1,1,1,1,1,1,1,1,1
1273,-1.12556069349576,0,1,0,0,0,1,0,1,0,0,0,0,0,1,0
1274,0.0915495008042289,0,1,0,0,0,1,0,1,0,1,0,0,0,1,0
1275,0.886536724540216,1,0,1,1,0,1,0,1,1,1,0,0,0,1,1
1276,-1.65304883365588,0,1,0,0,0,0,0,1,0,1,1,0,1,1,0
1277,1.00056482491682,1,1,0,1,0,0,0,1,1,1,1,0,1,0,1
1278,-0.434239446397288,0,0,0,0,0,0,0,1,0,0,1,0,1,1,0
1279,-1.15003729546861,0,0,0,0,0,1,0,1,0,1,0,0,1,0,0
1280,0.35713716610776,0,1,0,0,0,1,0,1,1,1,1,1,0,1,0
1281,1.2682148777006,1,1,1,1,0,1,1,1,1,1,1,1,1,1,1
1282,-0.035568442160757,0,0,0,0,0,0,0,0,0,1,1,0,0,0,0
1283,-1.0778504313194,0,0,0,0,0,1,0,1,0,1,0,0,1,1,0
1284,-1.69083331212504,0,0,0,0,0,1,0,0,0,0,0,0,0,1,0
1285,0.852893487101204,1,1,0,0,1,0,0,1,1,1,0,1,1,0,0
1286,1.58366964673233,1,1,1,1,0,1,1,1,1,1,1,1,0,1,1
1287,-1.10037807709611,0,0,0,0,0,1,0,0,0,1,0,0,0,1,0
1288,0.284027060844001,0,0,0,0,0,0,0,1,0,1,1,0,1,1,0
1289,-0.264036678897802,0,0,0,0,0,1,0,1,0,1,0,0,1,0,0
1290,0.563409197416368,0,1,0,0,1,1,0,1,0,1,1,0,1,1,0
1291,1.47937904132956,1,1,1,1,0,0,1,0,1,1,0,1,1,1,1
1292,0.622637544230485,1,1,0,0,0,0,0,1,0,1,1,1,0,0,1
1293,0.33488909022956,0,1,1,0,0,1,0,0,0,1,1,0,1,0,1
1294,-0.661093682479116,0,0,0,0,0,0,0,1,0,0,0,0,1,0,0
1295,0.461854078144127,0,0,0,0,0,0,0,1,0,0,0,0,1,1,1
1296,0.036461739713362,0,1,0,0,0,1,0,1,0,0,1,0,0,1,0
1297,-0.117446266483099,0,1,1,0,0,0,0,0,0,0,1,0,0,0,0
1298,1.466757670675,1,0,1,1,1,1,1,0,1,1,0,1,0,0,0
1299,1.2020802901619,1,1,0,0,1,1,0,1,1,0,1,1,1,1,1
1300,0.451108238074204,1,1,0,0,0,0,0,1,0,1,1,0,0,0,1
1301,0.30491216152073,1,1,1,0,0,1,0,0,1,1,1,0,1,1,0
1302,-0.126181409763131,0,1,0,0,0,1,0,0,0,1,1,0,1,0,0
1303,0.477110944370679,0,1,0,0,0,0,0,1,0,0,1,0,0,0,0
1304,-0.774835704806143,0,0,0,0,0,0,0,0,0,1,0,0,1,1,0
1305,-0.540068137577048,0,1,0,0,0,0,0,1,0,0,0,0,1,1,0
1306,-0.4887483622902,0,0,0,0,0,1,0,0,0,1,1,0,1,1,0
1307,1.06307000399838,1,1,1,0,0,1,1,0,1,0,0,1,0,1,1
1308,-0.572341838569292,0,0,0,0,0,0,0,1,0,0,1,0,1,0,0
1309,0.626779669606828,1,0,1,0,0,1,0,0,1,0,1,0,1,1,1
1310,-0.674659607530377,0,1,0,0,0,0,0,0,0,1,1,0,1,0,0
1311,0.390574589007798,1,1,0,0,0,1,0,1,0,1,0,1,1,0,1
1312,-1.17459974539498,0,0,0,0,0,1,0,0,0,1,0,0,1,0,0
1313,0.894542650976326,1,1,0,0,1,0,0,1,0,1,1,0,1,1,0
1314,-0.276493969060028,0,1,0,0,0,1,0,1,1,1,1,0,0,0,0
1315,0.888337034928917,1,1,1,0,0,1,1,1,0,1,1,1,0,0,1
1316,-1.32460521032359,0,1,0,0,0,0,0,1,0,1,1,0,1,1,0
1317,-1.41937437107763,0,0,0,0,0,0,0,1,0,0,0,0,1,0,0
1318,-0.451423793990375,0,1,0,0,0,0,0,0,0,0,1,0,0,0,0
1319,-0.551170835296073,0,0,0,0,0,0,0,0,0,1,1,0,0,0,1
1320,0.571921418681586,1,1,0,0,0,0,0,0,0,1,1,0,1,1,1
1321,0.557833195970548,1,1,1,0,0,1,0,0,0,0,1,1,1,0,1
1322,0.0286583605133305,0,0,0,0,0,0,0,0,0,1,1,0,1,0,0
1323,-1.52259185160556,0,0,0,0,0,0,0,1,0,0,0,0,0,1,0
1324,0.41667027139732,0,1,0,0,0,0,0,0,1,1,1,1,0,0,0
1325,-1.23654380447981,0,1,0,0,0,0,0,0,0,0,1,0,1,1,0
1326,-0.457151228523228,0,0,0,0,0,1,0,1,0,0,0,0,1,1,0
1327,-0.394286347166886,0,0,0,0,0,1,0,1,0,0,1,0,0,0,0
1328,0.341766140351416,0,0,1,0,0,1,0,1,0,0,1,0,1,0,0
1329,1.09574441020132,1,0,1,0,0,1,0,1,0,1,1,1,1,1,0
1330,0.0793566194861497,0,0,0,0,0,1,0,0,0,0,1,0,0,0,0
1331,0.357442945518092,1,0,0,0,0,1,0,1,0,1,1,0,1,0,0
1332,1.04070907851442,0,0,0,0,0,1,0,1,0,1,0,1,1,1,0
1333,-0.958767452721139,0,0,0,0,0,1,0,1,0,0,1,0,1,0,0
1334,0.373230599496291,0,1,0,0,0,1,0,1,0,0,1,1,1,1,0
1335,0.47928801940622,0,1,0,0,0,1,0,1,0,1,1,1,1,1,0
1336,0.459601417682514,1,1,0,0,0,1,0,1,1,0,1,0,0,0,1
1337,0.289110305499354,0,0,0,0,0,0,0,1,0,1,1,1,1,1,1
1338,0.887011795874081,1,1,0,0,1,0,0,1,1,1,1,1,1,0,0
1339,-1.84574612727754,0,1,0,0,0,0,0,1,0,1,0,0,1,0,0
1340,1.16613321168798,1,1,1,1,0,1,0,1,0,1,1,1,1,0,1
1341,-0.382434708275922,0,1,0,0,0,1,0,1,0,1,0,0,1,0,0
1342,-0.310622886343627,0,1,0,0,0,1,0,1,0,1,0,0,1,0,0
1343,-0.313202755601446,0,1,0,0,0,0,0,1,0,0,1,0,1,0,0
1344,-0.125318524819685,0,1,0,0,0,0,0,0,0,1,0,0,0,0,0
1345,-0.327259772217003,0,0,0,0,0,1,0,1,1,0,0,0,0,1,0
1346,0.0152727053741668,1,0,0,0,0,0,0,1,0,1,1,0,0,1,0
1347,1.14021905522695,1,1,1,1,0,1,1,1,1,1,1,0,1,1,1
1348,-1.02798373065189,0,1,0,0,0,1,0,1,0,1,0,0,1,0,0
1349,0.274315837814289,0,1,1,0,0,1,0,1,0,1,1,0,1,1,0
1350,0.072288168876019,1,1,0,0,0,1,0,1,1,1,1,0,0,1,0
1351,-0.0214654250079612,0,1,0,0,0,1,0,1,0,1,0,0,0,1,0
1352,-1.2070665085572,0,1,0,0,0,0,0,1,0,0,0,0,1,0,0
1353,-0.24237893270058,0,1,0,0,0,1,0,0,0,1,1,0,0,1,0
1354,-0.457273888355662,0,1,0,0,0,1,0,0,0,1,1,0,0,1,0
1355,-2.10531963648093,0,1,0,0,0,1,0,1,0,1,0,0,0,0,0
1356,-1.10901711920662,0,1,0,0,0,0,0,0,0,0,0,0,1,1,0
1357,1.25351382039492,1,0,0,0,0,1,0,1,1,1,1,1,1,0,1
1358,2.07791832575202,1,1,1,0,1,0,1,1,1,1,1,1,1,1,1
1359,-1.13898935533783,0,0,0,0,0,1,0,0,0,1,0,0,0,0,0
1360,-0.186613204896598,0,1,0,0,0,1,0,1,0,1,0,0,0,1,0
1361,0.197677021614094,0,1,1,0,0,0,0,1,0,1,0,0,0,0,0
1362,-0.86187692116672,0,1,0,0,0,1,0,1,0,0,0,0,0,0,0
1363,-0.0909339288876384,0,1,1,0,0,0,0,1,0,1,0,0,0,1,0
1364,-0.75551543376533,0,0,0,0,0,1,0,1,0,0,0,0,0,0,0
1365,1.00098205336333,1,0,1,1,1,1,1,1,0,1,1,1,1,0,0
1366,-0.529639536031679,0,0,0,0,0,1,0,0,0,0,0,0,0,0,0
1367,0.945066109753641,1,1,1,0,0,0,0,1,1,1,1,1,0,1,1
1368,-0.536987545280654,0,1,0,0,0,0,0,1,0,0,0,0,1,0,0
1369,0.670285082295505,1,1,1,0,0,1,0,1,0,0,0,0,1,1,0
1370,-1.26859614108792,0,1,0,0,0,1,0,0,0,0,1,0,0,0,0
1371,0.72518365507005,0,1,1,0,0,1,0,1,1,1,0,1,0,0,0
1372,-0.741519703084122,0,0,0,0,0,1,0,0,0,1,0,0,0,1,0
1373,1.37628480852023,1,0,1,0,1,1,1,1,1,1,1,1,1,1,1
1374,0.933743124896631,1,1,1,0,0,1,0,1,0,1,1,1,1,1,0
1375,1.39485289008947,1,0,1,0,0,1,0,1,1,1,1,1,1,0,1
1376,0.153733465642835,0,1,0,0,0,1,0,1,0,0,1,0,1,1,0
1377,-1.30504419345442,0,1,0,0,0,1,0,0,0,0,0,0,1,0,0
1378,1.65205326417099,1,1,1,1,1,1,1,0,1,1,1,1,1,0,1
1379,0.529351945454543,1,1,0,0,0,0,0,1,0,1,0,0,1,0,1
1380,-0.12767959715957,0,1,0,0,0,1,0,1,0,1,0,0,0,0,0
1381,-1.32628086553713,0,0,0,0,0,0,0,1,0,1,0,0,0,1,0
1382,0.474065244424902,1,1,0,1,1,0,0,0,0,1,1,0,0,0,0
1383,-0.273984636108748,0,0,0,0,0,1,0,1,0,1,0,0,0,0,0
1384,1.26949811443687,1,0,1,1,1,1,0,1,0,1,0,1,1,0,0
1385,-0.563653918489839,0,0,0,0,0,1,0,0,0,1,1,0,0,1,0
1386,-1.60647571178227,0,0,0,0,0,0,0,0,0,1,1,0,1,0,0
1387,-0.951305261856366,0,0,0,0,0,0,0,1,0,0,0,0,1,0,0
1388,-1.51630247289146,0,0,0,0,0,1,0,1,0,1,1,0,0,0,0
1389,-0.413296838393954,0,1,0,0,0,0,0,1,0,0,1,0,1,1,0
1390,0.652533474540327,1,1,1,1,0,1,0,1,1,1,1,0,1,0,0
1391,1.52547361628741,1,1,1,1,0,0,1,1,1,1,1,1,0,1,1
1392,-0.0611501337562371,0,0,0,0,0,0,0,1,0,0,1,0,1,0,0
1393,-1.03904747259022,0,1,0,0,0,0,0,1,0,1,1,0,1,0,0
1394,1.81776315530471,1,1,1,1,0,1,1,1,1,0,1,1,1,1,1
1395,0.162494348587933,0,1,0,0,0,1,0,1,0,1,1,0,1,0,0
1396,-0.725279542774712,0,1,0,0,0,0,0,0,0,0,1,0,1,1,0
1397,0.544921047841273,1,1,1,0,0,1,0,1,0,1,0,1,1,1,0
1398,-1.16605977705158,0,0,0,0,0,0,0,0,0,0,1,0,0,1,0
1399,1.847751306674,1,1,1,1,1,1,0,1,1,1,1,1,0,0,1
1400,0.356708600415691,0,0,0,0,0,1,0,1,1,1,1,0,1,0,0
1401,0.43888919842539,1,0,0,0,0,1,0,1,1,0,1,0,0,1,0
1402,-1.86534457088185,0,0,0,0,0,0,0,0,0,1,0,0,0,1,0
1403,-0.632592005509082,0,1,0,0,0,0,0,0,0,1,1,0,0,1,0
1404,-0.142225321230774,0,1,0,0,0,1,0,1,0,1,0,0,0,0,0
1405,-1.80448211205403,0,1,0,0,0,1,0,0,0,0,0,0,0,0,0
1406,-1.78080207810973,0,1,0,0,0,0,0,0,0,0,1,0,0,0,0
1407,0.186538319139803,0,0,0,0,0,1,0,0,0,1,1,0,0,0,0
1408,-0.566989247551763,0,0,0,0,0,1,0,1,0,0,0,0,0,0,0
1409,0.152300536480305,0,1,0,0,0,1,0,0,0,1,0,0,1,0,0
1410,1.03157231022773,1,0,1,0,0,1,0,1,1,1,1,1,1,1,1
1411,1.01124725904372,1,1,1,0,0,1,0,1,1,1,1,1,1,0,1
1412,-0.345838823867634,0,1,0,0,0,1,0,1,0,1,1,0,0,1,0
1413,-0.675694806033338,0,0,0,0,0,1,0,0,0,1,1,0,1,1,0
1414,0.111625086237877,0,1,0,0,0,0,0,1,0,1,1,0,0,0,0
1415,0.661404720294201,0,1,0,0,0,0,0,0,1,1,1,0,1,1,1
1416,-1.22743383139527,0,1,0,0,0,1,0,1,0,1,0,0,0,1,0
1417,-0.394164332128152,0,0,0,0,0,0,0,1,0,1,0,0,1,1,0
1418,0.221511534683693,0,0,0,0,0,0,0,0,0,1,0,0,1,1,0
1419,0.808743876615354,1,1,0,0,0,1,0,1,0,1,0,0,1,1,0
1420,0.0626940683996371,0,0,0,0,0,1,0,0,1,1,1,0,0,1,0
1421,1.99923155441349,1,1,1,1,1,1,1,1,1,1,1,1,1,1,1
1422,-0.629677836238643,0,1,0,0,0,0,0,1,0,1,1,0,0,0,0
1423,-1.30571668461064,0,1,0,0,0,1,0,0,0,0,1,0,1,0,0
1424,0.285858595949588,1,1,0,0,0,1,0,0,0,0,0,0,0,1,0
1425,0.212698916183979,0,0,1,0,0,1,0,0,0,1,1,0,0,0,0
1426,-0.324280446059917,0,0,0,0,0,0,0,0,0,0,1,0,1,1,0
1427,-0.36064726426496,0,0,0,0,0,0,0,0,0,0,1,0,0,0,0
1428,-1.4998290802465,0,1,0,0,0,1,0,1,0,1,0,0,0,1,0
1429,-0.247666781933986,0,0,0,0,0,1,0,1,0,1,1,0,1,0,0
1430,0.993017310338953,1,1,1,0,0,0,1,1,1,1,1,0,1,0,1
1431,-0.926667154696681,0,0,0,0,0,0,0,1,0,0,0,0,1,1,0
1432,1.04713821933853,0,1,1,1,1,0,1,1,0,1,0,0,0,1,1
1433,0.278673118457427,0,1,0,0,0,0,0,1,0,1,1,0,0,1,0
1434,0.34617779628175,0,1,0,0,0,0,0,1,0,0,1,0,1,1,0
1435,-1.84260411344999,0,0,0,0,0,0,0,0,0,0,0,0,0,0,0
1436,0.344377385306178,0,1,0,0,0,0,0,1,1,1,0,0,1,0,1
1437,-0.622946438102489,0,0,0,0,0,1,0,0,0,1,0,0,0,1,0
1438,-0.942701483779878,0,0,0,0,0,1,0,1,0,1,0,0,0,0,0
1439,-0.312600234385741,0,0,0,0,0,0,0,1,0,1,0,0,0,1,0
1440,0.615729737244885,1,1,0,0,0,1,0,1,1,1,1,0,1,0,0
1441,0.186241874042069,1,1,0,0,0,0,0,1,0,1,0,0,0,1,0
1442,0.276575694195451,1,1,0,1,0,0,0,0,0,0,1,0,1,0,0
1443,-1.23140137693875,0,1,0,0,0,1,0,1,0,0,0,0,0,1,0
1444,0.476795222719354,1,1,0,0,0,1,0,0,0,1,0,0,1,0,0
1445,-0.575054821442481,0,1,0,0,0,1,0,1,0,0,0,1,1,0,0
1446,-0.226189442334207,0,1,0,0,0,1,0,1,0,1,1,0,1,1,0
1447,-1.34841741938128,0,1,0,0,0,1,0,1,0,1,0,0,1,1,0
1448,-0.0683377902365136,1,1,0,0,0,0,0,1,0,1,1,0,1,0,0
1449,0.48870948173726,0,1,0,0,0,1,1,1,0,1,1,0,1,1,0
1450,0.135878238127722,0,1,1,0,0,1,0,1,0,1,1,0,0,1,0
1451,-0.141351601962504,0,1,0,0,0,0,0,0,1,1,0,0,1,0,0
1452,-1.3768237393217,0,0,0,0,0,1,0,1,0,0,0,0,0,1,0
1453,-1.10968569872131,0,1,0,0,0,1,0,1,0,0,0,0,1,1,0
1454,0.16337096271585,1,1,0,0,0,1,0,1,0,1,1,0,1,1,1
1455,-0.272473816099306,0,1,0,0,0,1,0,1,0,0,1,0,0,0,0
1456,0.923586677675634,0,0,1,1,0,1,1,1,1,0,1,0,1,1,1
1457,-0.370651833319549,0,0,0,0,0,0,0,1,0,1,0,0,1,0,0
1458,-1.02009090062989,0,0,0,0,0,1,0,0,0,1,0,0,0,0,0
1459,0.234419592580973,0,1,0,0,0,0,0,1,1,0,1,0,1,1,0
1460,0.597114723339773,0,0,1,0,0,0,0,1,1,1,0,0,1,0,1
1461,1.81864912896402,1,0,1,1,1,1,1,1,1,0,1,1,1,0,1
1462,0.390615945451668,0,0,0,0,0,1,0,0,0,1,1,0,0,1,1
1463,-0.98888969591606,0,0,0,0,0,0,0,0,0,0,0,0,0,0,0
1464,-2.63428719748728,0,1,0,0,0,0,0,0,0,1,0,0,1,1,0
1465,-1.01165216054612,0,0,0,0,0,0,0,1,0,1,0,0,1,0,0
1466,1.25676507072336,1,1,1,1,0,0,0,0,1,0,1,0,1,1,1
1467,-0.642354259958968,0,0,0,0,0,1,0,0,0,1,1,0,1,1,0
1468,1.42074520058831,1,1,1,0,0,0,0,1,1,1,1,0,0,0,1
1469,1.31887122945122,1,0,1,0,1,0,0,1,1,0,1,0,1,1,1
1470,-1.16606980887601,0,1,0,0,0,1,0,0,0,1,1,0,0,0,0
1471,-0.39834932426815,0,1,0,0,0,1,0,1,0,1,1,0,1,0,0
1472,0.97108127749322,1,0,1,1,0,1,0,1,0,0,1,1,1,1,1
1473,2.18319362860162,1,1,1,1,1,1,1,1,0,1,1,1,0,1,1
1474,-0.11516212457138,0,0,0,0,0,0,0,1,0,0,0,0,1,0,0
1475,1.36256648424524,1,0,1,1,0,0,0,1,1,1,0,1,1,0,0
1476,-1.60950390144891,0,0,0,0,0,1,0,1,0,1,1,0,0,1,0
1477,-0.805455368666801,0,1,0,0,0,0,0,1,0,1,0,0,1,0,0
1478,1.01968386822388,0,1,0,0,1,1,0,1,0,1,1,0,0,1,1
1479,-2.24999879030116,0,0,0,0,0,0,0,0,0,0,1,0,0,0,0
1480,-0.835406299753155,0,0,0,0,0,1,0,1,0,1,1,0,1,1,0
1481,-1.7109964884793,0,1,0,0,0,0,0,1,0,1,0,0,1,1,0
1482,-0.394158851423403,0,1,0,0,0,1,0,0,0,0,0,0,1,1,0
1483,-0.332371457060429,0,1,0,0,0,1,0,0,0,1,0,0,1,0,0
1484,0.667590477415039,0,1,0,0,0,0,0,1,0,0,1,1,0,0,1
1485,-2.16125737127668,0,0,0,0,0,0,0,0,0,1,1,0,0,1,0
1486,1.72941138036399,1,0,1,1,1,0,1,1,1,1,1,1,1,1,1
1487,1.16549177539262,1,1,1,0,0,1,1,1,1,0,1,0,1,1,1
1488,1.10024276132856,1,1,0,1,0,0,0,1,1,1,1,0,1,1,1
1489,-1.21807677678326,0,1,0,0,0,1,0,0,0,0,0,0,0,1,0
1490,-0.959626008591147,0,1,0,0,0,0,0,1,0,0,0,0,0,0,0
1491,-0.0386017710430572,0,1,0,0,0,1,0,0,0,1,1,0,1,1,0
1492,0.0380963326063566,1,1,0,0,0,1,0,0,1,0,1,0,1,1,0
1493,0.841256550919338,0,1,1,0,0,1,0,1,1,1,0,0,1,1,0
1494,-0.319383111979799,0,1,0,0,0,0,0,0,0,1,0,0,0,0,0
1495,0.186948129432044,0,1,1,1,0,0,0,1,0,1,1,0,1,1,1
1496,-0.368431020375311,0,0,0,0,0,1,0,0,0,0,1,0,1,0,0
1497,1.00471104625765,0,0,1,1,0,1,1,1,0,0,1,1,1,0,0
1498,0.0885251551203033,0,1,0,0,0,1,0,0,0,1,1,1,0,0,1
1499,0.84607081936504,1,0,1,0,0,1,0,1,1,1,1,1,0,1,1
1500,-0.52702133870284,0,0,0,0,0,1,0,1,0,1,0,0,1,0,0
1501,0.835452257734944,1,0,1,0,0,1,0,1,1,1,1,0,1,1,0
1502,-0.777220192107958,0,1,0,0,0,1,0,0,0,1,1,0,0,0,0
1503,-0.56913829903961,0,0,0,0,0,0,0,0,0,1,0,0,0,1,0
1504,-0.360101116366005,0,0,0,0,0,0,0,1,0,1,1,0,1,0,0
1505,-0.985653922522019,0,1,0,0,0,1,0,1,0,1,0,0,1,0,0
1506,0.992437354828836,0,1,1,1,1,0,0,1,1,1,0,1,0,1,1
1507,0.267075712370577,0,1,0,0,0,0,0,1,0,1,0,0,1,0,1
1508,0.930031320716985,1,1,1,0,0,1,1,1,1,0,1,0,0,1,1
1509,1.04565915010876,1,1,1,1,0,0,0,1,1,1,1,1,0,1,0
1510,-1.57886265600199,0,1,0,0,0,1,0,1,0,0,1,0,0,1,0
1511,0.0835532550751232,0,1,0,0,0,1,0,1,0,0,1,0,1,1,0
1512,-0.00835644615471454,0,0,0,0,0,0,0,0,0,1,0,0,0,1,0
1513,0.851902679306371,1,1,1,0,0,0,0,1,1,1,1,1,0,1,1
1514,-0.674878083036471,0,0,0,0,0,1,0,0,0,0,1,0,1,1,0
1515,-0.288430774469727,0,0,1,0,0,0,0,1,0,0,1,0,1,0,0
1516,0.0541900837877861,0,1,0,0,0,0,0,0,0,1,0,0,1,1,0
1517,-0.318485467963431,0,0,0,0,0,1,0,1,0,0,1,0,0,0,0
1518,0.725556828637526,0,0,0,0,0,0,0,1,0,1,1,0,1,0,0
1519,-1.21225861129518,0,0,0,0,0,1,0,1,0,1,0,0,1,1,0
1520,-1.49984470728038,0,1,0,0,0,0,0,0,0,0,0,0,1,1,0
1521,1.75250190290427,1,0,1,1,1,1,1,0,1,0,1,1,1,1,1
1522,-0.981753785278862,0,1,0,0,0,0,0,1,0,1,1,0,0,1,0
1523,-0.0233838323519689,0,0,0,0,0,1,0,1,1,0,1,0,0,1,0
1524,0.114262926870542,1,1,0,0,0,1,0,1,0,1,0,1,1,1,0
1525,0.416039054484022,1,0,0,0,0,0,0,1,1,0,1,0,1,1,1
1526,0.63619138883568,1,1,0,0,0,1,0,1,1,0,1,1,1,0,1
1527,0.910428829839389,0,1,0,1,0,0,0,1,1,1,1,0,1,0,1
1528,1.83378883495657,1,1,1,1,1,1,1,1,1,0,1,1,1,1,1
1529,0.579060411885018,0,0,0,0,0,0,0,1,0,0,1,0,1,0,0
1530,-1.50183435892009,0,0,0,0,0,0,0,1,0,1,0,0,0,1,0
1531,-2.27667785223102,0,0,0,0,0,1,0,0,0,1,0,0,1,0,0
1532,0.7747822506402,0,0,1,0,0,1,0,0,0,1,1,1,1,1,0
1533,0.536941809348236,0,0,1,0,0,0,0,1,0,1,1,0,1,1,0
1534,1.40241280196938,1,0,1,1,0,0,1,1,1,1,0,1,1,1,0
1535,-0.485658320603354,0,1,0,0,0,1,0,0,0,0,1,0,0,1,0
1536,-0.705459077145025,0,1,0,0,0,1,0,1,0,0,0,0,1,1,0
1537,1.14349281804172,1,0,0,1,1,1,0,1,1,0,1,1,1,0,0
1538,0.725231545696355,1,1,0,0,0,1,0,1,1,1,1,0,1,1,1
1539,0.115201677753581,0,0,0,0,0,0,0,1,0,0,1,1,1,1,0
1540,-1.6976727291652,0,1,0,0,0,0,0,1,0,1,1,0,1,0,0
1541,0.259751754486686,1,0,0,0,0,0,0,1,0,0,0,0,1,0,0
1542,0.80046060314471,1,0,1,0,0,0,1,1,1,0,1,1,0,1,1
1543,-1.31695466691168,0,1,0,0,0,0,0,1,0,1,1,0,0,1,0
1544,1.33102389259722,1,1,1,1,0,1,1,0,1,1,1,1,0,1,1
1545,-0.5978386025365,0,1,0,0,0,1,0,1,0,1,0,0,0,1,0
1546,0.196985441147701,0,1,0,0,0,1,0,0,0,1,0,0,1,0,0
1547,0.210277173755454,0,1,0,0,0,1,0,1,0,0,1,0,1,0,1
1548,1.00470262801198,0,1,1,0,0,0,0,1,1,1,1,0,0,0,1
1549,0.585232270957965,0,0,0,0,0,0,0,1,1,1,0,0,0,0,0
1550,-0.236348245223216,0,1,0,0,0,0,0,1,0,1,0,0,1,0,0
1551,1.41522997365141,1,1,1,1,1,0,1,1,1,1,1,1,0,1,1
1552,0.720861230914474,0,0,0,1,0,0,0,1,1,0,1,0,1,0,0
1553,-0.566514422784121,0,0,0,0,0,0,0,1,0,0,0,0,1,1,0
1554,-1.97378920519569,0,0,0,0,0,1,0,0,0,1,0,0,0,0,0
1555,-0.777549523714264,0,1,0,0,0,0,0,1,0,0,0,0,0,0,0
1556,-0.179280662041012,0,1,0,0,0,0,0,1,0,0,1,0,1,0,0
1557,1.61625959894258,1,1,1,1,1,1,0,1,1,1,1,1,1,1,1
1558,0.130564684204442,1,0,0,0,0,1,0,1,0,1,0,0,0,1,0
1559,0.822706438647886,0,0,1,0,0,0,0,1,0,0,1,1,1,1,1
1560,1.03206077979374,1,1,0,1,1,1,1,0,0,1,1,1,1,1,1
1561,-0.428675228577604,0,1,0,0,0,1,0,0,0,1,0,0,0,1,0
1562,0.281007593810419,0,0,0,0,0,0,0,1,1,1,0,0,1,0,1
1563,0.711634558955807,1,1,1,0,0,0,0,1,0,0,1,0,1,1,1
1564,0.826714663927613,1,1,0,0,0,1,0,1,1,1,0,0,0,1,1
1565,-1.61865289283165,0,1,0,0,0,0,0,1,0,0,1,0,0,1,0
1566,-0.14704365256455,0,1,0,0,0,0,0,0,0,1,0,0,1,0,0
1567,-0.348428476700767,0,1,0,0,0,0,0,1,0,1,1,0,1,0,0
1568,0.35743816102861,1,1,0,0,0,1,1,0,0,0,0,0,1,0,0
1569,0.509462720632149,1,0,0,0,1,1,1,0,0,1,1,1,0,0,0
1570,-0.139086702592452,1,1,0,0,0,1,0,1,0,0,0,0,1,1,0
1571,-0.721175222453048,0,1,0,0,0,0,0,0,0,1,1,0,1,0,0
1572,-0.319339327695133,0,0,0,0,0,0,0,1,1,0,0,0,1,1,0
1573,1.64590904367779,1,1,1,0,1,0,1,1,1,1,1,1,1,1,1
1574,-0.169953811379405,1,0,0,0,0,1,0,1,0,1,0,0,1,0,0
1575,0.487609978745013,1,1,1,0,0,1,0,1,0,1,1,0,1,1,0
1576,-0.641819120520533,0,1,0,0,0,1,0,1,0,1,1,0,1,0,0
1577,-0.120726075798519,0,0,0,0,0,1,0,1,0,1,1,1,1,1,0
1578,2.2737740805963,1,1,1,1,1,0,1,1,1,0,1,1,1,0,1
1579,-2.28052462234736,0,0,0,0,0,0,0,0,0,1,0,0,1,0,0
1580,-0.66997220276789,0,1,0,0,0,1,0,1,0,0,0,0,0,0,0
1581,0.20012458228934,0,1,0,0,0,1,0,0,0,1,1,0,1,0,1
1582,1.04565039747088,1,1,1,0,1,1,1,1,1,1,1,1,1,0,1
1583,1.9240914136805,1,1,1,0,1,1,0,1,1,1,1,1,0,1,1
1584,-1.57585918577107,0,1,0,0,0,1,0,1,0,1,0,0,0,0,0
1585,-0.635929744290878,0,1,0,0,0,0,0,1,0,0,1,0,1,1,0
1586,-1.24281418711034,0,1,0,0,0,1,0,1,0,1,0,0,0,0,0
1587,-1.69630074224425,0,1,0,0,0,0,0,1,0,0,0,0,1,0,0
1588,-0.958596079488354,0,0,0,0,0,0,0,1,0,1,0,0,1,0,0
1589,-2.37518122433187,0,1,0,0,0,0,0,0,0,0,1,0,1,0,0
1590,-0.508805939796942,0,0,0,0,0,1,0,1,0,1,0,0,1,0,0
1591,-0.984590324168441,0,1,0,0,0,1,0,0,0,0,1,0,1,1,0
1592,0.100416581338012,0,1,1,0,0,0,0,1,0,0,1,0,1,0,0
1593,0.121008863948981,0,1,0,0,0,0,0,1,0,1,1,0,1,1,0
1594,-1.67313153291613,0,0,0,0,0,1,0,0,0,0,0,0,0,1,0
1595,0.278447361890225,1,1,0,0,0,1,0,1,1,0,1,0,1,0,0
1596,-1.12140327462002,0,1,0,0,0,0,0,0,0,1,1,0,0,0,0
1597,0.262174831869907,0,0,1,0,0,0,0,1,0,1,1,0,1,1,0
1598,-1.34465339521108,0,0,0,0,0,1,0,0,0,0,1,0,0,0,0
1599,-0.65289009891979,0,0,0,0,0,0,0,0,0,1,1,0,1,0,0
1600,0.967039222367004,1,1,0,0,1,1,0,1,1,1,1,1,1,1,1
1601,0.861048349346864,0,0,1,0,1,1,0,1,1,0,0,1,1,0,0
1602,-0.597501735947975,0,0,0,0,0,0,0,1,0,1,1,0,1,1,0
1603,-0.690940204524797,0,0,0,0,0,0,0,1,0,0,0,0,0,0,0
1604,1.37869321136098,1,1,1,1,0,0,1,1,1,1,1,1,1,1,1
1605,0.922767477304774,1,1,0,1,0,1,0,1,0,1,0,1,0,1,1
1606,-0.133781314858614,0,1,0,0,0,0,0,1,0,1,0,1,1,1,0
1607,-0.31505816039574,0,0,0,0,0,0,0,1,0,0,0,0,0,1,0
1608,0.41912557779203,1,1,0,0,0,0,0,1,0,1,0,0,0,1,0
1609,0.826257185105467,0,1,1,0,0,0,0,1,1,1,1,0,0,1,1
1610,-0.418463887443549,0,1,0,0,0,1,0,1,0,0,1,0,1,1,0
1611,1.25352362864673,0,0,0,1,0,1,0,1,1,1,1,1,1,1,1
1612,0.247961493047201,1,0,0,0,0,1,0,0,0,1,1,0,1,0,0
1613,0.165547247197555,0,0,0,0,0,1,0,1,0,1,1,0,1,1,0
1614,1.11022371756428,1,1,0,0,1,1,1,1,1,1,1,1,0,0,1
1615,-0.783499483866634,0,0,0,0,0,1,0,1,0,1,1,0,1,0,0
1616,-0.512512803999062,0,1,1,0,0,1,0,0,0,0,0,0,0,1,0
1617,-0.527262456061871,0,0,0,0,0,0,0,0,0,0,1,0,0,1,0
1618,-0.416229919818458,0,1,0,0,0,1,0,1,0,0,1,0,1,0,0
1619,-0.588064190774019,0,1,1,0,0,0,0,1,0,1,1,0,1,1,0
1620,-2.551374810374,0,1,0,0,0,0,0,0,0,0,0,0,0,0,0
1621,1.25702460930665,1,1,1,1,0,1,1,1,1,1,1,1,0,1,1
1622,0.365744116673463,0,1,1,0,1,1,0,1,0,0,1,0,1,1,0
1623,0.343763911538238,1,1,0,0,0,1,1,0,0,1,0,0,1,1,0
1624,-0.780366708736171,0,1,0,0,0,0,0,0,0,0,1,0,0,1,0
1625,0.830594636274291,1,1,0,1,1,0,0,0,1,1,1,1,0,1,1
1626,-0.561421448779755,0,0,0,0,0,1,0,1,0,1,0,0,0,1,0
1627,-0.812041713873867,0,1,0,0,0,1,0,1,0,0,1,0,0,1,0
1628,-1.07952708942076,0,0,0,0,0,1,0,0,0,1,1,0,1,0,0
1629,1.79574390080763,1,0,1,0,1,1,1,1,1,1,1,1,1,1,1
1630,1.37840707293143,1,0,1,0,0,0,1,0,1,1,1,1,0,0,1
1631,0.23411952791466,0,1,0,0,0,0,0,1,0,0,0,0,0,1,0
1632,2.02258950238684,1,0,1,1,1,0,1,1,1,1,1,1,1,0,1
1633,-0.963096075033631,0,1,0,0,0,1,0,0,0,0,0,0,1,0,0
1634,-0.708384200297454,0,1,0,0,0,0,0,1,0,1,0,0,1,0,0
1635,0.379411267668041,1,0,0,0,0,1,0,1,0,0,1,0,1,1,1
1636,1.3723757824001,1,1,1,1,1,1,0,1,1,1,1,1,1,1,1
1637,0.431581202202338,1,1,0,0,0,0,0,1,1,1,0,0,1,1,1
1638,0.0866846400269884,0,1,0,0,0,1,0,0,0,0,1,1,0,0,0
1639,-0.47474593541791,0,0,0,0,0,0,0,1,0,1,1,0,1,1,1
1640,-0.947448576031793,0,1,0,0,0,1,0,1,0,1,0,0,0,0,0
1641,-1.23722815873564,0,1,0,0,0,0,0,1,0,1,0,0,0,1,0
1642,0.734595743754416,1,1,0,0,0,0,0,1,1,0,1,1,1,0,1
1643,-1.66468576739873,0,1,0,0,0,0,0,0,0,1,1,0,0,1,0
1644,1.46771153795566,1,1,1,1,1,1,1,1,1,0,0,1,1,0,1
1645,1.05044221896025,1,0,0,0,1,1,1,0,1,1,1,1,1,1,0
1646,-0.600618965236634,0,0,0,0,0,1,0,0,0,1,1,1,0,0,0
1647,1.13913040895689,0,0,1,1,0,0,1,1,0,1,1,1,1,1,1
1648,-0.37388533641132,1,0,0,0,0,1,0,0,0,1,1,0,1,1,0
1649,-0.293349776743182,0,0,0,0,0,0,0,1,0,1,0,0,1,0,1
1650,-0.895461636256277,0,0,0,0,0,0,0,0,0,0,1,0,0,0,0
1651,0.655410475080755,0,1,0,0,0,1,0,1,0,0,1,0,1,1,0
1652,-0.453743785626792,0,0,0,0,0,1,0,1,0,0,1,0,0,1,0
1653,-1.13905467501542,0,1,0,0,0,0,0,1,0,1,0,0,1,0,0
1654,-1.75269828210054,0,0,0,0,0,0,0,0,0,1,0,0,1,1,0
1655,0.865121037384815,1,0,0,0,0,1,0,1,1,1,1,0,0,1,1
1656,-0.0516584891919393,0,1,0,0,0,0,0,1,0,0,0,0,1,1,0
1657,-0.220999021040141,0,1,0,0,0,0,0,0,0,0,1,0,1,0,1
1658,-0.771522024145811,1,1,0,0,0,1,0,1,0,1,0,0,0,1,0
1659,0.0563691404760167,0,1,0,0,0,0,0,0,0,0,1,0,0,0,0
1660,-1.50285500868265,0,1,0,0,0,0,0,1,0,1,1,0,1,0,0
1661,-1.38919272469612,0,1,0,0,0,1,0,1,0,1,0,0,1,0,0
1662,1.10465319267124,1,0,0,0,0,0,0,1,1,1,1,0,1,1,1
1663,-0.999962015070431,0,0,0,0,0,0,0,1,0,1,0,0,1,1,0
1664,0.00593621759332033,1,1,0,0,0,1,0,1,0,1,0,0,0,1,0
1665,0.109598288414925,0,0,0,0,0,1,0,1,0,0,1,0,1,1,0
1666,1.45493717221197,1,1,1,1,1,1,0,1,1,1,1,1,1,1,1
1667,-0.479973080186919,0,1,0,0,0,1,0,1,0,1,0,0,0,0,0
1668,0.542822530265206,1,0,0,0,0,1,0,0,0,1,1,1,1,1,1
1669,2.2771426943552,1,1,1,1,0,1,1,1,1,1,1,1,0,1,1
1670,1.29953441032452,1,0,1,0,1,0,0,0,0,1,0,0,1,1,1
1671,1.11740239242818,1,0,1,1,1,1,0,1,1,0,1,1,1,1,1
1672,1.33761503645684,1,1,1,0,0,1,1,1,1,0,0,1,1,1,1
1673,-0.109880705642886,0,1,0,0,0,1,0,1,0,1,1,0,1,1,0
1674,0.11712296484467,0,1,0,0,0,0,0,0,0,1,1,0,1,0,0
1675,-0.0793939317955728,0,1,0,0,0,1,0,0,1,1,0,0,1,1,0
1676,1.46253250487795,0,0,1,0,1,1,0,1,1,1,1,1,0,1,1
1677,0.234414369359353,1,0,0,0,0,1,0,1,1,1,1,0,0,1,1
1678,-0.283395727595054,0,1,0,0,0,1,0,0,0,0,1,0,0,0,0
1679,0.349377520035372,0,0,1,0,0,1,0,1,1,0,0,1,1,0,0
1680,1.30523905311451,1,0,1,0,0,0,1,1,1,0,1,1,1,1,0
1681,-0.918455413809496,0,1,0,0,0,1,0,1,0,1,1,0,0,0,0
1682,1.37164053111723,1,1,1,0,1,0,1,1,1,0,1,1,0,0,1
1683,-1.24744358829364,0,1,0,0,0,0,0,0,0,1,1,0,1,0,0
1684,0.599884584954648,1,0,0,0,0,1,0,1,0,1,0,0,1,1,0
1685,-0.315921265174519,1,0,0,0,0,0,0,1,0,1,1,0,1,0,0
1686,-0.0659135878411916,0,1,0,0,0,0,0,1,1,0,0,0,0,1,0
1687,-0.322287223090522,0,1,0,0,0,1,0,0,0,1,0,0,1,1,0
1688,-0.111991781634273,0,1,0,0,0,0,0,1,1,1,1,0,1,0,0
1689,-0.946533830254168,0,1,0,0,0,1,0,0,0,1,0,0,0,1,0
1690,0.829427055476669,1,0,1,1,0,1,0,1,1,1,0,0,0,1,1
1691,-0.149179738847864,0,1,0,0,0,1,0,1,0,1,1,0,1,0,0
1692,-2.09749089542519,0,1,0,0,0,1,0,1,0,0,1,0,1,1,0
1693,0.293436425823447,0,1,0,0,0,0,0,1,0,1,1,0,0,0,1
1694,0.0108058798228421,0,1,0,0,0,0,0,1,1,1,1,0,1,1,0
1695,1.70025966970871,1,1,1,1,1,0,1,1,1,1,1,1,1,1,1
1696,0.498241776170483,1,1,0,0,0,1,0,1,1,0,1,1,1,1,0
1697,1.2192888038023,1,1,1,1,0,0,1,1,1,0,1,1,1,1,1
1698,-0.829822667098007,0,0,0,0,0,1,0,0,0,1,1,0,0,1,0
1699,0.442162636723306,0,1,1,0,0,0,0,1,1,0,1,0,1,1,0
1700,-0.175635097165833,0,1,0,0,0,1,0,0,0,0,1,0,1,1,0
1701,0.735341498606275,1,0,0,0,0,0,0,1,1,1,1,0,0,0,0
1702,1.40826037298647,1,0,1,1,1,1,1,0,1,1,1,1,1,0,1
1703,-0.0492169905286462,1,0,0,0,0,0,0,1,0,0,1,0,1,1,0
1704,0.708327563486193,1,0,0,0,0,1,0,1,1,1,1,1,0,0,1
1705,-1.29371730565044,0,1,0,0,0,0,0,1,0,1,1,0,1,0,0
1706,0.378986701485863,1,1,0,0,0,0,0,1,0,0,1,0,0,1,1
1707,1.10096704233219,1,1,1,0,0,1,0,1,1,0,1,1,0,0,0
1708,-0.310410050086385,0,0,0,0,0,1,0,1,0,0,1,0,0,0,0
1709,-0.365521372494833,0,1,0,0,0,0,0,1,0,0,0,0,0,0,0
1710,0.33416535305069,0,1,0,0,0,1,0,1,1,0,1,0,1,0,0
1711,-1.09193282176818,0,1,0,0,0,0,0,1,0,1,0,0,0,1,0
1712,-0.0890223223259577,0,1,0,0,0,0,0,1,0,1,0,0,0,0,0
1713,0.630560960706263,0,1,0,0,0,1,0,1,0,0,0,1,1,0,0
1714,-0.12105356783257,0,0,0,0,0,1,0,0,0,1,1,1,1,1,0
1715,0.393267414319916,1,1,0,0,0,0,0,1,0,1,1,0,1,0,0
1716,0.60536604322837,0,0,0,0,0,1,0,1,1,0,1,0,1,1,1
1717,-0.406187767633308,0,1,0,0,0,0,0,0,0,1,0,0,1,1,0
1718,0.588446275897017,1,1,1,0,0,0,0,1,1,0,1,0,1,0,0
1719,1.18651362622139,1,0,1,1,0,1,1,1,1,1,1,1,1,0,1
1720,0.130810319284286,0,1,0,0,0,0,0,0,0,1,1,0,1,0,0
1721,1.16198220509136,1,1,1,1,0,1,1,1,1,1,0,0,1,1,1
1722,1.72146600667047,1,1,1,1,1,0,1,0,1,1,1,1,1,0,1
1723,-0.348551285168369,0,1,0,0,0,0,0,1,0,0,1,0,0,1,0
1724,-0.849047185505092,0,1,0,0,0,0,0,0,0,0,1,0,1,1,0
1725,0.515205597914849,1,1,0,0,0,1,0,0,1,1,1,0,1,0,0
1726,-0.61102030891077,0,0,0,0,0,0,0,0,0,1,0,0,1,0,0
1727,-0.337515899832492,0,0,0,0,0,0,0,1,0,1,1,0,1,0,0
1728,-0.0866496960218458,0,0,0,0,0,1,0,0,0,1,0,0,0,0,1
1729,0.274196312306331,1,0,0,0,0,0,0,0,0,1,0,0,1,1,1
1730,1.43929189371504,1,1,0,1,1,1,1,0,1,1,1,1,0,1,1
1731,-0.474468092491454,0,0,0,0,0,1,0,1,0,1,0,0,1,1,0
1732,0.147259544957589,1,1,1,0,0,1,0,1,0,1,1,0,0,1,1
1733,-0.234084362575402,0,0,0,0,0,1,0,1,0,1,1,0,0,1,0
1734,1.53753100697801,1,1,1,0,0,0,1,1,1,1,1,1,1,0,1
1735,0.175418195345082,0,1,0,0,0,1,0,1,0,0,0,0,0,0,1
1736,0.677656189411384,0,0,1,0,0,1,0,0,1,0,1,0,0,1,1
1737,-2.46432738093739,0,1,0,0,0,1,0,0,0,0,1,0,1,1,0
1738,-0.868372128772744,0,1,0,0,0,1,0,0,0,0,0,0,0,1,0
1739,0.967497189442611,1,0,1,1,0,0,0,1,1,1,1,0,1,1,1
1740,-1.22742431840417,0,1,0,0,0,1,0,0,0,0,1,0,0,1,0
1741,-0.453548465775847,0,0,0,0,0,1,0,0,0,1,1,0,1,0,0
1742,-0.639360210788802,0,0,0,0,0,0,0,0,0,1,0,0,1,1,0
1743,-0.783998260863235,0,0,0,0,0,1,0,0,0,1,0,0,1,0,0
1744,1.63666880137667,1,1,1,1,0,1,1,1,1,1,1,1,1,1,0
1745,-0.132835880055605,0,0,0,0,0,1,0,1,0,1,1,0,1,0,0
1746,-0.0420844534225651,0,0,0,0,0,1,0,1,0,1,1,0,0,0,0
1747,-0.704716948287344,0,0,0,0,0,1,0,1,0,1,1,0,0,1,0
1748,-0.529591832966556,0,0,0,0,0,1,0,1,0,1,1,0,1,1,0
1749,-0.0611960137361334,0,1,0,0,0,0,0,1,0,1,1,0,0,1,0
1750,-0.200416185366971,0,1,0,0,0,1,0,0,0,1,0,0,1,0,0
1751,1.55421848813852,1,1,1,0,1,1,1,1,1,1,1,1,1,1,1
1752,-0.0182164410591218,0,0,0,0,0,1,0,0,0,1,0,0,0,0,0
1753,0.958651663098259,1,1,1,0,0,1,0,1,1,1,1,1,1,0,1
1754,0.834475701713172,0,1,1,0,0,0,0,1,1,1,1,1,1,1,1
1755,-1.01460626346376,0,1,0,0,0,0,0,1,0,0,1,0,0,1,0
1756,0.464893849382467,0,0,0,0,0,0,0,1,0,0,1,0,1,0,0
1757,-0.148887621620932,0,1,0,0,0,0,0,0,0,1,0,0,0,0,0
1758,-0.0699029979804871,0,0,0,0,0,1,0,1,1,0,1,0,1,1,0
1759,0.638865680459098,1,0,0,0,0,1,0,1,0,0,1,0,1,1,1
1760,0.295997706983929,0,0,0,0,0,1,0,1,0,1,0,0,0,1,0
1761,0.759056450511003,0,0,1,0,0,0,1,1,1,1,1,0,1,1,1
1762,-1.89546451847749,0,0,0,0,0,0,0,0,0,0,0,0,0,1,0
1763,1.29229273396071,1,1,1,0,0,1,1,1,1,1,0,1,0,1,1
1764,0.133046685995977,0,1,0,0,0,1,0,1,1,0,1,0,0,0,0
1765,-0.421147785596167,0,1,1,0,0,1,0,0,0,1,0,0,1,1,0
1766,-0.819589817773063,0,0,0,0,0,1,0,1,0,1,1,0,1,1,0
1767,0.329127972636078,1,0,0,0,0,1,0,1,0,1,1,0,1,0,1
1768,-0.157971227492581,0,1,0,0,0,0,0,1,0,1,1,0,0,1,0
1769,-0.426035675463039,0,0,0,0,0,0,0,1,1,0,0,0,0,1,0
1770,0.12079989349956,0,0,0,0,0,1,0,0,0,0,0,0,1,1,0
1771,-1.66193624222188,0,1,0,0,0,0,0,1,0,0,0,0,0,0,0
1772,0.791039692929343,1,1,1,1,0,0,1,1,0,0,1,0,0,1,0
1773,0.194212723908838,0,1,0,0,0,1,0,1,0,1,1,0,1,0,0
1774,-0.243229787302763,1,1,0,0,0,0,0,0,0,0,0,0,1,1,0
1775,0.111947736872336,0,1,0,0,0,0,0,1,0,1,1,0,1,1,0
1776,-3.02164894769584,0,1,0,0,0,0,0,0,0,0,0,0,1,0,0
1777,-0.196768140580237,1,1,1,0,0,1,0,1,0,0,1,0,1,1,0
1778,0.55410262235198,1,1,0,0,0,0,0,0,0,1,0,0,1,1,0
1779,-0.841144519607397,0,0,0,0,0,0,0,0,0,1,0,0,1,1,0
1780,1.2627841085254,1,0,1,0,0,0,1,1,1,0,1,1,1,1,1
1781,1.70696466064957,1,1,1,1,1,1,1,1,1,1,1,1,0,0,1
1782,-0.054264066896117,0,0,0,0,0,1,0,1,0,0,1,0,1,1,0
1783,1.87978759399151,1,1,1,0,1,1,1,0,1,1,1,1,1,1,1
1784,-1.0195440340185,0,1,0,0,0,1,0,1,0,1,1,0,0,0,0
1785,-0.296336293311449,0,1,0,0,0,1,0,1,0,1,1,0,1,1,0
1786,-0.386151291265636,0,1,0,0,0,1,0,0,0,0,0,0,0,1,0
1787,0.627571210928793,0,1,1,0,0,1,1,1,0,1,1,0,1,1,1
1788,-0.208054531439304,0,0,0,0,0,0,0,1,0,1,1,1,0,1,0
1789,-1.15251038392759,0,1,0,0,0,1,0,1,0,1,0,0,1,1,0
1790,0.927105877894318,1,1,0,0,0,0,1,1,1,1,0,0,0,0,0
1791,0.895513177089114,1,1,0,1,0,0,0,1,1,1,0,0,0,1,0
1792,0.33171801754033,0,0,0,0,0,0,0,1,0,1,0,0,1,0,1
1793,1.5614108742392,1,1,1,1,1,0,0,1,0,1,1,1,0,1,1
1794,1.09648230213087,1,0,1,1,1,1,0,1,0,1,1,1,1,0,1
1795,-0.147297157988249,1,1,0,0,0,0,1,1,0,1,1,0,0,1,0
1796,-1.29869658915494,0,0,0,0,0,1,0,1,0,1,0,0,0,1,0
1797,-0.464162134426491,0,0,0,0,0,0,0,1,0,0,0,0,0,0,0
1798,-0.756432109542746,0,1,0,0,0,0,0,1,0,1,1,0,0,0,0
1799,-0.769615851123433,0,1,0,0,0,1,0,1,0,1,1,0,1,1,0
1800,-0.0960102739792372,0,1,0,0,0,1,0,1,0,1,1,0,0,1,0
1801,-1.7284800300426,0,0,0,0,0,0,0,1,0,1,1,0,1,0,0
1802,-0.59701536251137,0,0,0,1,0,0,0,0,0,0,1,0,1,1,0
1803,-1.93962740914313,0,1,0,0,0,1,0,0,0,0,1,0,0,1,0
1804,-0.430792146597489,0,1,0,0,0,1,0,1,0,0,1,0,0,0,0
1805,0.871074302777007,0,1,1,0,0,1,0,1,1,1,1,0,1,0,0
1806,0.958658752832848,0,1,1,1,0,0,0,1,1,1,1,1,1,0,1
1807,-0.356753336190878,0,1,0,0,0,1,0,1,0,1,0,0,1,1,0
1808,1.13133363533954,1,0,1,0,0,1,0,1,0,1,0,1,1,0,1
1809,-1.68963646725925,0,1,0,0,0,0,0,1,0,1,0,0,1,0,0
1810,1.92226832037345,1,1,1,1,1,1,0,1,1,1,0,1,1,0,1
1811,2.63288365774131,1,1,1,1,1,1,1,0,1,1,1,1,0,0,1
1812,-0.632947917245892,0,1,0,0,0,1,0,1,0,1,1,0,1,0,0
1813,0.881964173233193,1,1,0,0,0,1,0,0,1,1,1,1,0,0,0
1814,0.132757269637788,0,1,0,0,0,1,0,1,0,1,1,0,1,0,0
1815,-1.09097099777105,0,1,0,0,0,1,0,0,0,1,1,0,0,1,0
1816,0.212400913138071,0,1,1,0,1,1,0,1,0,1,0,0,1,1,0
1817,0.218739195987847,0,0,0,0,0,1,0,1,0,1,0,0,0,0,1
1818,0.495350169386218,0,0,0,0,0,0,0,1,1,1,1,0,0,1,0
1819,1.32538979070383,1,0,1,1,0,0,1,1,1,1,1,1,0,1,1
1820,0.548523657747604,0,1,0,0,0,0,0,1,0,1,1,0,0,1,0
1821,1.64575649699439,1,0,1,0,1,0,1,1,1,1,1,1,1,0,0
1822,-1.63436096586203,0,0,0,0,0,0,0,0,0,0,0,0,0,0,0
1823,-1.20841483138415,0,0,0,0,0,1,0,1,0,0,1,0,0,1,0
1824,0.607929257394487,1,0,1,0,0,1,0,0,1,0,0,0,1,1,0
1825,1.05812305674134,0,1,1,1,1,1,1,1,1,1,0,1,1,0,0
1826,-0.534553264977013,0,0,0,0,0,1,0,0,0,1,0,0,1,0,0
1827,-0.141240147447298,0,1,0,0,0,0,0,0,0,0,0,0,1,1,0
1828,1.17096464760757,1,0,0,0,0,1,0,0,1,0,1,1,1,0,1
1829,0.237448544205893,0,1,0,0,0,1,0,1,0,0,1,0,1,0,0
1830,-0.619813250779768,0,1,0,0,0,1,0,1,0,0,1,0,1,0,0
1831,0.181804068594849,0,1,0,0,0,1,0,1,0,1,0,0,1,1,0
1832,1.63419228444394,1,1,1,1,1,1,0,0,1,1,1,1,1,0,1
1833,-0.0338260516685445,0,0,0,0,0,1,0,0,0,1,1,0,1,0,0
1834,0.448213056250805,0,1,0,0,0,0,0,0,1,1,1,0,0,1,0
1835,0.324621709301481,1,0,0,0,0,0,0,1,0,1,1,0,0,1,0
1836,1.34894660226173,1,1,1,1,0,1,0,1,1,1,1,1,0,0,1
1837,-1.1213948734318,0,1,0,0,0,0,0,1,0,0,0,0,1,1,0
1838,0.0132678942867206,0,1,0,0,0,1,0,1,0,0,1,0,0,0,0
1839,-0.0501935180351996,0,0,0,0,0,1,0,1,0,1,0,1,1,1,1
1840,-0.906579122871871,0,1,0,0,0,0,0,1,0,0,0,0,1,0,0
1841,0.000780134647171655,0,0,0,0,0,0,0,1,0,1,0,0,1,1,0
1842,-0.492088123352896,0,1,0,0,0,1,0,1,0,0,1,0,0,1,0
1843,0.0790355865354027,0,0,0,0,0,1,0,1,0,1,1,0,1,0,0
1844,-0.673085043887445,0,1,0,0,0,1,0,0,0,1,1,0,1,1,0
1845,-1.29803022222348,0,1,0,0,0,0,0,1,0,0,1,0,0,0,0
1846,0.172512672951042,1,0,1,0,0,0,0,1,0,1,1,0,1,1,1
1847,-0.756050294557127,0,1,0,0,0,1,0,1,0,1,1,0,1,1,0
1848,-1.46697383619605,0,0,0,0,0,0,0,1,0,1,1,0,1,0,0
1849,1.08352025552995,0,1,1,0,0,1,1,1,1,1,0,0,1,0,0
1850,-2.00346624163095,0,1,0,0,0,1,0,1,0,0,1,0,0,1,0
1851,-0.219031957707625,0,0,0,0,0,0,0,1,0,0,0,0,0,1,0
1852,0.693930011463127,1,1,0,0,0,1,1,1,0,1,0,0,1,0,1
1853,1.89570144958189,0,0,1,1,1,1,1,0,1,0,1,1,1,0,1
1854,-0.245501719788608,0,0,0,0,0,0,0,1,0,1,0,0,1,1,0
1855,0.164970181970271,0,1,0,0,0,1,0,0,1,0,1,0,0,1,1
1856,-1.6259372614713,0,0,0,0,0,1,0,1,0,1,0,0,0,0,0
1857,-0.0128696124099946,0,1,0,0,0,1,0,1,0,1,1,0,0,1,0
1858,0.242899094657962,1,0,0,0,0,1,0,0,0,0,0,0,1,1,0
1859,-0.238413595495723,0,1,0,0,0,1,0,1,0,1,0,0,0,1,0
1860,-0.533066436154052,0,1,0,0,0,1,0,0,0,0,0,0,1,0,0
1861,1.8597215277218,1,0,1,1,0,0,1,0,1,1,1,1,1,1,1
1862,-0.0158882009965056,0,1,0,0,0,1,0,1,0,1,1,0,1,0,1
1863,-1.52353514594097,0,1,0,0,0,0,0,0,0,1,0,0,0,1,0
1864,-1.70946636434465,0,1,0,0,0,1,0,0,0,1,0,0,0,0,0
1865,0.768795006720816,1,1,1,0,0,1,0,0,1,1,1,1,1,1,0
1866,-1.13432861449482,0,0,0,0,0,0,0,1,0,1,1,0,1,0,0
1867,-0.252606523142547,0,0,0,0,0,0,0,1,0,1,0,0,1,0,0
1868,-1.23077850800317,0,1,0,0,0,1,0,0,0,1,0,0,0,1,0
1869,-0.233789547883634,0,1,1,0,0,0,0,1,0,1,1,0,0,0,0
1870,-0.930980588527641,0,1,0,0,0,1,0,1,0,1,1,0,0,0,0
1871,-0.341810020693878,0,0,0,0,0,0,0,1,0,1,0,1,0,0,0
1872,1.15722133275684,1,0,1,0,0,1,0,0,1,0,0,1,1,1,1
1873,-1.0000382630627,0,1,0,0,0,1,0,1,0,1,1,0,1,1,0
1874,1.36002847216548,1,0,1,0,0,1,1,1,1,1,1,1,1,1,1
1875,0.644641460507812,1,1,0,0,0,0,0,0,1,1,1,1,0,1,0
1876,1.16543359131399,1,1,1,0,1,1,1,1,1,1,0,1,1,1,1
1877,2.83777545916855,1,1,1,1,1,0,1,0,1,1,1,1,1,0,1
1878,0.0752090963965777,0,0,0,0,0,1,0,0,0,1,1,1,0,1,0
1879,-1.95683889739515,0,0,0,0,0,1,0,0,0,1,1,0,1,1,0
1880,-0.109231688864551,0,0,0,0,0,1,0,1,0,0,1,0,1,0,1
1881,1.26325035877448,1,1,1,1,1,1,1,1,1,1,1,1,1,0,1
1882,-0.906845150654373,0,0,0,0,0,0,0,0,0,0,1,0,1,0,0
1883,0.407647147827856,0,1,1,0,0,1,0,1,1,0,0,0,0,0,0
1884,0.996934750972786,1,1,1,1,0,0,0,1,1,1,1,0,1,0,1
1885,-0.0214609420822654,1,0,0,0,0,1,0,0,0,1,1,0,1,1,0
1886,0.0129427638365388,0,1,0,0,0,0,0,1,0,0,0,0,1,0,0
1887,-0.613961611674792,0,1,0,0,0,0,0,1,0,0,0,0,1,0,0
1888,-0.03806149113707,0,0,0,1,0,0,0,0,0,0,1,0,1,1,0
1889,-0.74766792671534,0,1,0,0,0,1,0,0,0,0,0,0,1,1,0
1890,0.5914656254877,1,1,0,0,0,0,1,0,1,1,1,0,0,1,0
1891,-2.1424105075163,0,0,0,0,0,1,0,0,0,0,1,0,0,1,0
1892,2.34217735726327,1,1,1,1,1,1,0,0,1,1,1,1,0,0,1
1893,-1.56044444236465,0,1,0,0,0,1,0,0,0,0,0,0,0,1,0
1894,-0.768844592914393,0,1,0,0,0,1,0,0,0,0,1,0,1,0,0
1895,0.240852213346333,1,0,0,0,0,1,0,1,1,1,0,0,1,1,0
1896,0.635482925497603,0,1,0,1,1,1,0,1,0,1,0,1,1,1,1
1897,-0.324965827594002,0,0,0,0,0,1,0,1,0,0,1,0,1,0,0
1898,1.38441261435392,1,0,1,0,0,0,1,1,1,0,1,1,1,0,1
1899,0.748100026273987,0,1,0,0,0,1,0,1,0,1,1,1,0,1,1
1900,-1.21404429878827,0,1,0,0,0,0,0,0,0,1,0,0,1,0,0
1901,-0.826817793166837,0,1,0,0,0,0,0,0,0,1,0,0,1,0,0
1902,-0.12272872236939,0,0,0,0,0,1,0,1,0,1,0,0,1,1,0
1903,1.00531054384683,0,1,1,0,0,1,0,1,0,1,0,1,0,0,1
1904,-0.34687515582916,0,1,0,0,0,0,0,1,0,0,0,0,1,0,0
1905,-0.970164636709158,0,1,0,0,0,1,0,0,0,0,0,0,0,0,0
1906,-0.430915988979292,0,1,0,0,0,0,0,1,0,1,1,0,1,1,0
1907,-0.955255636626149,0,1,0,0,0,1,0,1,0,0,0,0,0,0,0
1908,0.240965800009163,1,1,0,0,0,1,0,1,0,1,1,0,0,1,0
1909,-0.37422857568495,0,0,0,0,0,0,0,1,0,0,1,0,1,1,1
1910,0.138832430724373,1,1,0,0,0,1,0,1,0,1,0,0,1,0,0
1911,0.714344026029907,1,0,0,1,0,1,0,0,1,0,1,1,1,0,1
1912,0.0783066781121269,0,1,0,0,0,0,0,1,0,1,1,0,1,0,0
1913,-0.255801652040362,0,1,0,0,0,1,0,1,0,0,1,0,1,0,0
1914,0.359721809251686,0,1,0,0,0,1,0,1,0,1,0,0,1,0,0
1915,0.529219359923177,1,1,0,1,0,1,0,1,0,0,1,1,0,1,0
1916,-0.460009433157347,0,0,0,0,0,0,0,1,0,0,0,0,0,1,0
1917,1.44711347334675,1,1,1,1,1,1,0,1,0,1,0,1,0,0,1
1918,-0.87587829015332,0,1,0,0,0,1,0,0,0,1,0,0,1,1,0
1919,-0.274830684142905,0,1,0,0,0,1,0,1,0,1,1,0,1,0,0
1920,0.319637902173823,0,1,0,0,0,0,0,0,0,1,1,0,1,1,0
1921,1.59268961234861,1,0,1,1,1,1,1,1,1,0,0,1,1,1,1
1922,1.37069880763591,1,1,0,0,1,1,1,1,1,0,1,1,0,0,1
1923,0.521339343475327,0,1,0,0,0,0,1,1,0,1,1,0,0,0,1
1924,0.588452320135158,0,1,0,1,0,0,0,1,1,0,1,0,0,0,1
1925,-1.01899751798517,0,1,0,0,0,1,0,0,0,1,1,0,0,0,0
1926,-1.57587672145651,0,0,0,0,0,1,0,1,0,1,0,0,1,0,0
1927,0.597800550942771,0,1,0,1,0,1,0,1,0,1,1,0,1,1,0
1928,1.27814543846669,1,1,0,1,0,1,1,1,1,0,1,1,1,1,1
1929,0.175704967461618,0,0,0,0,0,1,0,1,0,1,1,0,1,0,0
1930,1.41089425549079,1,1,1,0,0,0,1,1,1,1,1,0,1,1,0
1931,-2.65318362826021,0,0,0,0,0,1,0,1,0,0,0,0,1,1,0
1932,-1.15546935452183,0,0,0,0,0,0,0,0,0,1,0,0,1,0,0
1933,-0.762265821860917,0,1,0,0,0,1,0,0,0,0,0,0,1,1,0
1934,-0.59136676363703,0,0,0,0,0,0,0,1,0,0,1,0,1,1,0
1935,0.638922391821408,0,1,1,0,1,1,0,1,1,0,1,1,1,0,0
1936,0.299973920064079,0,1,0,0,0,1,1,0,1,1,1,0,1,0,1
1937,-0.848231216877702,0,1,0,0,0,1,0,1,0,1,0,0,0,0,0
1938,0.935250015030273,1,0,0,0,0,0,0,0,1,1,1,1,0,0,1
1939,-0.820156143569514,0,0,0,0,0,0,0,0,0,1,0,0,0,1,0
1940,0.280326582898264,1,1,0,0,0,0,0,1,1,1,1,0,0,0,1
1941,-0.806249164314301,0,0,0,0,0,0,0,1,0,1,0,0,1,0,0
1942,-0.165216606854846,0,1,0,0,0,1,0,1,0,1,0,0,0,0,0
1943,-0.247923147021324,1,1,0,0,0,1,0,1,0,0,1,0,0,0,0
1944,1.71069982592783,1,1,1,1,1,1,1,1,1,1,1,1,1,1,1
1945,1.54230996620714,1,0,1,1,0,1,1,1,1,1,0,1,1,1,1
1946,1.04988091359507,1,1,0,0,0,1,0,1,1,0,0,1,0,1,0
1947,0.791092699431379,1,1,1,0,0,1,0,0,1,1,1,1,0,0,1
1948,1.08799909521831,1,1,1,1,0,0,1,1,1,0,1,0,0,1,1
1949,1.72020503922902,1,1,1,1,1,1,1,1,1,1,1,1,1,1,1
1950,-0.731046014995404,0,0,0,0,0,1,0,1,0,1,0,0,0,1,0
1951,0.710803749172974,1,0,1,0,0,0,0,1,0,1,1,1,0,0,0
1952,0.582897733849872,0,1,0,0,0,0,1,1,0,1,0,1,1,1,0
1953,-1.70667008184784,0,0,0,0,0,0,0,0,0,1,1,0,1,1,0
1954,-1.31636314012888,0,0,0,0,0,1,0,0,0,1,1,0,0,0,0
1955,-1.1354209837297,0,1,0,0,0,1,0,0,0,1,0,0,1,0,0
1956,0.641465048523413,1,1,0,0,0,0,0,0,1,1,1,1,0,1,1
1957,-0.946999324320137,0,1,0,0,0,1,0,1,0,1,0,0,0,0,0
1958,-0.156722428515771,0,1,0,0,0,1,0,1,0,1,1,0,1,0,0
1959,0.0941210258604872,0,0,0,0,0,1,0,0,0,1,1,0,0,0,0
1960,-0.390531842257977,0,0,0,0,0,1,0,1,0,0,0,1,1,1,0
1961,-2.4583953352775,0,1,0,0,0,0,0,0,0,0,0,0,0,1,0
1962,-0.363965804331008,0,1,0,0,0,1,0,1,0,1,0,0,1,1,0
1963,1.72164844229644,0,1,1,1,1,1,1,1,1,1,1,1,1,0,1
1964,-0.0383440740066232,1,1,1,0,0,1,0,1,0,0,0,0,0,0,0
1965,-1.13953827627508,0,1,0,0,0,1,0,1,0,0,0,0,0,1,0
1966,1.21755271494722,1,1,0,0,1,0,0,1,1,0,1,1,1,0,1
1967,-2.05470090190868,0,1,0,0,0,0,0,0,0,1,1,0,1,0,0
1968,0.66482640041759,1,1,1,0,0,0,0,1,0,0,1,1,0,1,1
1969,0.0965852518908664,0,1,1,0,0,0,0,1,0,1,0,0,1,0,1
1970,0.459922164337515,0,0,0,0,0,0,1,0,0,0,1,1,1,1,0
1971,-0.0836266361803717,0,0,0,0,0,1,0,1,0,0,0,0,1,0,0
1972,-0.639219171973226,0,1,0,0,0,1,0,1,0,1,1,0,0,1,0
1973,-1.32488884294451,0,1,0,0,0,0,0,0,0,0,0,0,1,1,0
1974,-0.476877344550321,0,1,0,0,0,0,0,1,0,1,1,0,1,0,0
1975,0.837788017329973,1,1,1,0,0,1,0,0,1,1,1,1,1,1,1
1976,-0.861468470513623,0,0,0,0,0,1,0,0,0,1,1,0,0,1,0
1977,-0.523788367012396,0,0,0,0,0,1,0,1,0,1,0,0,0,1,0
1978,-1.16671170146172,0,1,0,0,0,1,0,1,0,1,1,0,1,1,0
1979,1.24296314533162,1,1,0,1,1,1,1,1,1,1,1,1,1,1,1
1980,-0.96368114381379,0,1,0,0,0,1,0,1,0,1,0,0,1,0,0
1981,-2.56846030452582,0,0,0,0,0,0,0,1,0,0,0,0,0,0,0
1982,0.116717487837862,0,1,0,0,0,0,0,1,0,1,1,0,1,0,0
1983,0.619068054346514,0,0,0,0,0,1,1,1,0,0,1,0,0,0,0
1984,-0.974099362923559,0,1,0,0,0,1,0,1,0,1,1,0,0,1,0
1985,1.89374451195235,1,1,1,0,1,1,1,1,1,1,1,1,1,0,1
1986,0.77677625773806,0,1,1,0,0,1,0,1,0,1,1,1,1,0,0
1987,0.125239683542054,0,1,0,0,0,0,0,1,0,0,1,0,1,1,1
1988,0.373927799049811,1,1,0,0,0,1,1,0,0,0,1,1,0,1,1
1989,1.40394828156146,1,1,1,1,0,0,1,1,1,1,0,1,0,0,1
1990,1.19297060247752,1,0,1,1,0,1,0,1,1,1,1,1,1,1,1
1991,0.242598423992293,0,0,0,0,0,1,0,0,1,0,1,0,1,1,0
1992,-0.75872716488009,0,0,0,0,0,1,0,0,0,1,1,0,0,1,0
1993,-0.499938326821739,0,1,0,0,0,0,0,1,0,0,1,0,0,0,0
1994,-0.0959738750979656,0,0,0,0,0,1,0,0,0,1,1,0,1,1,0
1995,-1.65303124799716,0,1,0,0,0,0,0,1,0,0,1,0,0,0,0
1996,0.99652633407569,0,0,0,1,0,1,0,1,1,1,0,1,1,1,1
1997,-0.98518047563019,0,1,0,0,0,0,0,0,0,1,0,0,1,1,0
1998,0.0293482357170454,0,1,0,0,0,1,0,1,0,1,1,0,0,0,0
1999,2.14277975660468,1,0,1,1,1,1,1,1,1,1,1,1,1,1,1
2000,-0.2154071527494,0,1,0,0,0,1,0,1,0,1,1,0,0,0,0
2001,-0.655456217798887,0,0,0,0,0,0,0,1,0,0,0,0,1,0,0
2002,-1.69081210445045,0,1,0,0,0,1,0,0,0,1,1,0,1,0,0
2003,2.15456373046127,1,0,1,0,1,1,1,1,1,1,1,1,1,1,1
2004,0.855447034508136,1,1,0,1,0,1,0,1,1,1,1,0,0,0,1
2005,1.42524020485871,1,1,1,0,0,1,0,1,1,1,1,1,1,1,1
2006,1.62366717052212,1,0,1,1,1,1,1,1,1,1,1,1,1,0,1
2007,0.564177378475734,1,0,0,0,1,1,1,1,0,0,1,1,1,1,1
2008,-0.163159971236851,0,0,0,0,0,1,0,0,1,1,1,0,0,0,0
2009,0.630431996797623,1,1,0,0,0,0,0,1,1,1,1,0,1,1,0
2010,0.479937386605936,0,1,1,0,0,0,0,1,1,1,1,1,1,1,0
2011,-1.28354882599602,0,0,0,0,0,0,0,1,0,1,0,0,1,1,0
2012,-0.175047316968608,0,1,0,0,0,1,0,1,0,1,0,0,1,0,0
2013,1.67295161121259,1,1,1,1,1,1,1,0,1,0,1,0,1,0,1
2014,-0.20816789833293,0,0,0,0,0,1,0,0,0,1,0,0,1,1,0
2015,0.111952236249044,1,1,0,0,0,0,0,1,0,1,1,0,1,1,0
2016,-1.61653016989124,0,1,0,0,0,0,0,1,0,0,0,0,0,0,0
2017,0.950788387350158,1,1,0,1,0,0,1,1,0,1,1,0,0,0,1
2018,-0.780852595350525,0,1,0,0,0,0,0,0,0,1,1,0,1,0,0
2019,0.5917617944992,0,1,1,0,0,1,0,1,1,1,0,1,0,1,0
2020,1.92412377225996,1,1,1,1,0,1,1,1,1,1,1,1,1,1,1
2021,-0.864055321433153,0,1,0,0,0,1,0,0,0,0,1,0,1,0,0
2022,-0.56345559623054,0,1,0,0,0,1,0,1,0,0,0,0,1,0,0
2023,-0.822661806912951,0,1,0,0,0,1,0,1,0,0,1,0,0,1,0
2024,-0.0451981564259642,0,1,0,0,0,1,0,1,0,0,0,0,1,1,0
2025,0.194249500299723,0,1,1,0,0,1,0,1,0,1,0,0,0,1,0
2026,-0.838302338380514,0,1,0,0,0,0,0,1,0,1,0,0,1,1,0
2027,0.189072205731211,1,1,0,0,0,0,0,1,0,1,1,0,0,1,0
2028,-0.697104515215345,0,1,0,0,0,0,0,1,0,1,0,0,1,1,0
2029,-0.85632130045001,0,1,0,0,0,0,0,0,0,1,1,0,1,1,0
2030,-0.594598221509164,0,1,0,0,0,0,0,1,0,0,0,0,1,0,0
2031,-0.436628262720361,0,1,0,0,0,0,0,1,0,1,1,0,0,0,0
2032,0.300535729497836,0,1,0,0,0,1,0,1,0,0,1,0,0,1,0
2033,-0.704355780179524,0,0,0,0,0,0,0,1,0,1,0,0,0,0,0
2034,1.49342986740346,1,0,0,1,1,1,1,1,1,1,1,1,1,0,1
2035,1.83356619238862,1,0,1,1,1,0,1,1,1,1,1,1,1,1,1
2036,0.834537179459254,1,0,1,0,0,1,1,0,1,1,1,0,0,0,1
2037,1.57813688443441,1,1,1,1,1,1,1,0,1,1,1,1,1,1,1
2038,-0.0516238494255851,0,1,0,0,0,0,1,0,0,1,1,0,0,1,0
2039,-1.11008716397602,0,0,0,0,0,0,0,0,0,0,0,0,0,1,0
2040,-0.0815699058559864,0,1,0,0,0,1,0,0,0,0,0,0,1,1,0
2041,-1.42006631766306,0,0,0,0,0,1,0,1,0,0,0,0,0,1,0
2042,-0.963950373173706,0,1,0,0,0,1,0,0,0,1,1,0,0,1,0
2043,0.906460476504572,0,1,1,1,0,1,0,1,1,1,1,1,1,0,1
2044,0.12763756876516,0,0,0,0,0,0,0,1,0,1,0,0,1,1,0
2045,0.579198253567038,1,0,1,0,0,0,0,1,0,0,1,0,1,0,0
2046,-0.277700158720193,0,1,0,0,0,1,0,1,0,1,0,0,0,0,0
2047,0.250491766066825,1,1,0,0,0,1,0,1,0,1,0,0,1,0,0
2048,0.644783532601646,1,1,1,0,0,1,0,1,0,1,1,0,0,1,1
2049,-0.992897331112938,0,1,0,0,0,0,0,1,0,1,1,0,0,0,0
2050,0.163080256208557,0,1,0,0,0,1,0,0,0,1,1,0,1,1,0
2051,-0.488954969484547,0,0,0,0,0,0,0,1,0,0,1,0,1,1,0
2052,0.396896041191904,1,0,0,0,0,1,0,0,0,1,1,0,0,0,0
2053,-1.53458673294268,0,1,0,0,0,0,0,0,0,1,0,0,0,1,0
2054,-0.583196391616941,0,0,0,0,0,1,0,0,0,1,0,0,1,1,0
2055,0.0446252899393472,0,0,0,0,0,0,0,1,1,0,1,0,0,1,0
2056,-1.75385450185955,0,1,0,0,0,0,0,1,0,1,1,0,0,1,0
2057,-0.189112208866084,0,1,0,0,0,0,0,0,0,0,1,0,1,0,0
2058,-1.31217351297501,0,1,0,0,0,1,0,1,0,1,0,0,0,0,0
2059,0.238456472742249,0,1,1,0,0,1,0,1,0,0,1,0,1,1,0
2060,1.25226597405342,1,1,0,1,0,0,0,1,1,1,1,1,1,1,1
2061,0.0307752808334569,0,1,0,0,0,1,0,0,0,0,1,0,1,1,0
2062,-0.558256194185407,0,1,0,0,0,1,0,1,0,0,1,0,1,1,0
2063,-0.868315180530658,0,1,0,0,0,1,0,1,0,1,0,0,1,1,0
2064,0.0633455922917366,1,1,0,0,0,0,0,1,0,1,1,0,1,1,1
2065,1.04734286196914,1,0,1,1,0,0,0,1,1,1,1,0,0,1,0
2066,-0.822259491948023,0,0,0,0,0,1,0,0,0,0,1,0,1,1,0
2067,0.110170360338405,0,0,0,0,0,1,0,1,0,1,0,1,1,1,0
2068,1.16112615493888,1,1,1,0,1,0,0,1,1,1,1,1,0,1,1
2069,1.33791426652367,1,0,1,1,0,1,0,1,1,1,1,1,0,1,1
2070,-0.626067197366336,0,1,0,0,0,1,0,1,0,0,1,0,1,1,0
2071,-0.395849486330433,0,0,0,0,0,1,0,0,0,1,1,0,0,1,0
2072,1.09082024753032,1,0,0,0,0,0,0,1,0,0,1,1,1,0,1
2073,0.789916488820179,1,0,0,0,0,0,0,0,0,1,1,1,1,1,0
2074,-2.16423156329664,0,0,0,0,0,0,0,0,0,1,1,0,1,1,0
2075,-0.934684117344864,0,1,0,0,0,0,0,0,0,0,1,0,0,1,0
2076,-0.233531684655218,1,1,0,0,0,0,0,1,0,0,1,0,0,0,0
2077,0.285590359966349,0,0,0,0,0,1,0,1,0,1,1,0,1,1,0
2078,-0.0813204682947064,0,1,0,0,0,1,0,1,0,0,1,0,1,1,0
2079,1.54515794557156,1,1,1,1,1,1,1,1,1,0,1,0,1,1,1
2080,-0.0678065470413392,0,1,0,0,0,1,0,0,0,0,1,0,1,1,0
2081,-0.7288292631156,0,0,0,0,0,0,0,1,0,1,1,0,1,0,0
2082,-0.941174622490123,0,0,0,0,0,0,0,1,0,1,0,0,0,1,0
2083,0.308048205989428,0,0,1,0,0,0,0,1,0,0,1,0,1,1,0
2084,-0.288435443693915,0,1,0,0,0,1,0,1,0,0,1,0,0,1,0
2085,-2.39239719353705,0,1,0,0,0,0,0,1,0,1,0,0,0,1,0
2086,1.43156196444986,1,1,1,1,0,1,1,1,1,1,1,1,0,0,1
2087,-0.0542324317795036,0,1,0,0,0,0,0,1,0,0,1,1,0,1,0
2088,-0.135301404694402,0,1,0,0,0,0,0,0,0,0,1,0,1,1,0
2089,1.74172884267226,1,0,0,1,1,0,1,1,1,0,1,1,1,1,1
2090,-0.327300819174897,0,0,0,0,0,0,0,1,0,0,0,0,1,0,0
2091,-0.130731735737367,0,1,1,0,0,1,0,1,0,1,1,0,0,1,0
2092,0.202858315227521,0,1,0,0,0,0,0,1,0,1,0,0,1,0,1
2093,-1.22950806707198,0,0,0,0,0,1,0,0,0,0,1,0,1,1,0
2094,-0.861884270756544,0,0,0,0,0,0,0,1,0,0,1,1,0,0,0
2095,-2.07611446237287,0,1,0,0,0,0,0,0,0,1,1,0,1,1,0
2096,0.691344859428081,0,0,0,1,0,1,1,1,1,1,1,0,1,0,1
2097,0.110175484459145,0,0,0,0,0,0,0,1,0,1,0,0,1,1,0
2098,-0.00260745226902477,0,0,0,0,0,0,0,0,0,1,1,0,1,1,0
2099,0.12593427994909,1,1,0,0,0,1,0,1,0,1,0,0,1,1,0
2100,0.0784549813645611,0,1,0,0,0,0,0,1,0,1,0,0,1,1,0
2101,1.97202593188202,1,1,1,1,1,1,1,1,1,0,1,1,1,0,1
2102,-0.696637013119295,0,1,0,0,0,1,0,1,0,1,1,0,0,0,0
2103,-0.0473563360852346,0,1,0,0,0,1,0,0,0,0,0,0,1,1,1
2104,0.233746105394459,0,0,0,0,0,1,0,1,0,0,1,0,1,1,0
2105,-0.50642382707423,0,1,0,0,0,1,0,1,0,1,1,0,0,1,0
2106,-1.05000832731213,0,1,0,0,0,0,0,1,0,1,1,0,1,1,0
2107,-1.39647635867139,0,1,0,0,0,0,0,0,0,0,0,0,1,0,0
2108,-0.834586924104611,0,0,0,0,0,0,0,1,0,0,0,0,0,0,0
2109,1.13557032863017,1,1,0,1,0,0,1,1,0,0,1,1,1,0,1
2110,-0.0675190220584635,0,1,0,0,0,1,0,0,0,0,0,0,1,0,0
2111,-0.401306682842431,0,0,0,0,0,1,0,1,0,0,1,0,0,0,0
2112,0.674927798204296,1,1,0,0,0,0,0,1,1,1,1,0,1,0,1
2113,-0.494659970595964,0,1,0,0,0,0,0,0,0,0,1,0,1,1,0
2114,-0.53286056330981,0,1,0,0,0,0,0,0,0,1,1,0,1,0,0
2115,0.737483381569851,0,0,0,0,0,0,1,1,1,1,1,1,0,0,1
2116,0.744550086919645,0,1,0,0,0,1,0,1,1,1,0,1,1,1,0
2117,0.221252172254391,1,1,1,0,0,0,0,1,0,1,0,0,0,1,1
2118,0.334474074914293,0,1,1,0,0,1,0,1,0,1,1,0,0,1,0
2119,0.941566607300528,0,0,1,0,0,1,1,0,1,1,1,1,1,1,0
2120,-1.41659233229037,0,0,0,0,0,1,0,0,0,1,0,0,0,1,0
2121,-0.0208105689208204,0,0,0,0,0,1,0,1,1,0,1,1,1,0,1
2122,-1.58394328022889,0,1,0,0,0,1,0,0,0,1,0,0,1,0,0
2123,-0.0732287838728142,0,1,0,0,0,0,0,0,0,0,1,1,1,0,1
2124,0.0122535669252286,0,0,0,0,0,1,0,1,0,1,0,0,0,1,0
2125,0.433964800146429,1,1,0,0,0,1,0,1,0,0,1,0,0,0,0
2126,0.471922710905558,1,0,0,0,0,1,0,1,0,1,1,1,1,1,0
2127,0.0841239005691763,0,1,0,0,0,1,0,1,1,1,1,0,1,0,0
2128,-0.899624452766079,0,0,0,0,0,1,0,0,0,0,0,0,0,0,0
2129,-0.441486448863471,0,0,0,0,0,0,0,0,0,1,1,0,1,1,0
2130,-1.04671049580368,0,0,0,0,0,0,0,1,0,0,0,0,0,1,0
2131,-0.395888684263053,0,1,0,0,0,1,0,1,0,0,1,0,0,1,0
2132,-0.748573077363809,0,0,0,0,0,1,0,1,0,1,1,0,1,0,0
2133,-0.396470046410965,0,1,0,0,0,0,0,1,0,0,1,0,1,1,0
2134,0.0317459990955924,0,0,0,0,0,0,0,1,0,0,1,0,1,0,0
2135,0.394201634172554,0,1,0,0,0,1,0,0,0,0,1,0,1,0,0
2136,0.357407029843702,0,1,0,0,0,0,0,1,0,1,1,0,1,1,0
2137,0.288512167033408,0,1,0,0,0,1,0,1,0,1,1,0,0,1,0
2138,-0.636280938342251,0,0,0,0,0,1,0,1,0,0,0,0,0,1,0
2139,-1.08242265200287,0,1,0,0,0,0,0,0,0,1,0,0,0,1,0
2140,1.1572300771538,1,1,1,1,0,1,0,1,1,1,0,1,1,1,1
2141,1.56212031496537,1,1,1,1,1,0,1,0,1,1,1,1,1,1,1
2142,1.58520635900892,1,1,1,1,0,1,0,1,1,1,1,1,1,0,1
2143,-0.974629178701747,0,0,0,0,0,1,0,1,0,1,0,0,0,1,1
2144,-0.402426175943255,0,1,0,0,0,1,0,1,0,0,1,0,0,1,0
2145,0.665238311400095,0,1,0,0,0,1,0,1,1,1,1,0,1,1,1
2146,-0.250907815195634,0,0,0,0,0,0,0,1,0,1,0,0,1,1,0
2147,-1.51800049132125,0,0,0,0,0,1,0,0,0,0,1,0,0,0,0
2148,0.546086564457302,1,1,0,0,0,1,0,1,1,1,1,0,0,0,0
2149,0.26195331909497,0,1,0,0,0,1,0,1,0,0,1,0,1,0,0
2150,0.661358719621702,1,1,1,1,1,0,0,1,1,0,1,0,0,0,0
2151,-0.888391794110779,0,1,0,0,0,1,0,0,0,0,0,0,0,0,0
2152,0.398744572937353,1,1,0,0,0,0,0,1,0,0,1,1,1,0,0
2153,1.47815803874953,1,1,1,1,0,1,1,1,1,1,1,1,1,1,1
2154,0.410334698746765,0,0,0,0,0,0,0,1,0,0,0,0,1,1,0
2155,-0.178697685123676,0,0,0,0,0,1,0,1,0,1,1,1,1,1,1
2156,-1.18171812707723,0,0,0,0,0,1,0,0,0,0,0,0,1,1,0
2157,0.790301514106554,1,0,1,1,0,1,0,0,1,1,1,1,1,1,1
2158,-0.391548222534706,0,1,0,0,0,1,0,1,0,1,0,0,1,1,0
2159,0.732124885345842,0,0,1,1,0,1,0,1,0,0,1,1,1,1,1
2160,0.999909547140137,1,1,1,0,0,1,1,1,1,1,1,1,1,1,0
2161,1.73101202380106,1,1,1,1,1,1,1,1,1,1,1,1,0,0,0
2162,0.945963181412792,1,1,0,1,0,0,1,1,1,1,1,0,1,1,0
2163,-0.418777006795595,0,1,0,0,0,0,0,1,0,0,0,0,1,1,0
2164,0.831574578192456,1,0,1,1,0,0,1,1,1,0,1,1,1,0,0
2165,0.144790046680881,0,0,1,0,0,1,0,1,0,1,1,0,1,1,0
2166,-1.15004714304854,0,1,0,0,0,0,0,0,0,0,0,0,1,0,0
2167,-0.469458795132884,0,1,0,0,0,0,0,0,0,1,0,0,0,0,0
2168,0.704305030152404,1,1,0,0,0,0,0,1,1,1,0,1,1,1,1
2169,-1.35073436123832,0,1,0,0,0,1,0,0,0,1,1,0,1,1,0
2170,-0.855084662738566,0,0,0,0,0,1,0,0,0,1,0,0,1,1,0
2171,-0.968025776979322,0,1,0,0,0,0,0,0,0,1,1,0,1,1,0
2172,0.550594300386357,0,0,1,0,0,1,0,0,0,1,1,0,1,0,1
2173,0.0233059006797481,0,0,0,0,0,1,1,0,0,1,1,0,0,1,0
2174,-0.625927330029847,0,0,0,0,0,1,0,0,0,1,1,0,0,1,0
2175,-0.107371879890856,1,1,0,0,0,1,0,1,0,0,1,0,1,1,0
2176,0.296597174878002,0,1,0,0,0,0,0,0,0,0,0,1,0,1,0
2177,0.766394426979237,0,1,1,0,0,1,0,1,1,1,1,1,1,1,1
2178,2.6215545016523,1,0,1,1,1,1,1,1,1,0,1,1,1,1,1
2179,-1.05376259090536,0,0,0,0,0,0,0,1,0,1,1,0,1,1,0
2180,-0.572347826869454,0,0,0,0,0,1,0,1,0,1,0,0,1,0,0
2181,-0.759160765564938,0,0,0,0,0,0,0,1,0,0,1,0,1,1,0
2182,-2.18404542108378,0,1,0,0,0,1,0,0,0,0,0,0,0,0,0
2183,1.35552253948822,0,1,1,0,1,0,1,1,1,1,1,1,1,1,1
2184,-0.471876454225298,0,1,0,0,0,0,0,0,0,1,0,0,0,0,0
2185,0.616909067599025,0,1,0,0,0,1,0,1,1,0,1,0,0,1,1
2186,-1.10135867445877,0,1,0,0,0,1,0,0,0,1,0,0,1,0,0
2187,-2.70747309017654,0,0,0,0,0,0,0,1,0,1,0,0,1,1,0
2188,0.196698138028792,0,1,0,0,0,1,0,1,1,1,0,0,0,1,1
2189,-0.330118789462706,0,1,0,0,0,1,0,1,0,1,0,0,0,0,0
2190,-1.55300733890551,0,1,0,0,0,0,0,1,0,0,0,0,1,0,0
2191,1.79571839981275,1,1,0,1,1,1,1,1,1,1,0,1,0,0,1
2192,0.439605251101471,0,1,0,0,0,1,0,0,0,1,1,0,1,0,1
2193,-1.8690610246777,0,0,0,0,0,1,0,0,0,1,0,0,1,0,0
2194,-0.026538893391253,0,0,0,0,0,0,0,1,0,1,0,0,1,1,0
2195,0.0467426362793384,0,1,0,0,0,0,0,1,0,0,1,0,1,1,0
2196,2.15174213390488,1,1,1,1,1,0,1,1,1,1,1,1,1,1,1
2197,-1.03538847985348,0,0,0,0,0,1,0,1,0,0,0,0,1,1,0
2198,-0.0545197082495698,0,1,0,0,0,0,0,1,0,0,1,0,0,1,0
2199,-0.308087218095272,0,0,0,0,0,0,0,1,0,1,0,0,1,1,0
2200,1.94366488056499,1,1,1,1,1,1,1,1,1,1,1,1,0,0,1
2201,-0.704349273805192,0,1,0,0,0,1,0,1,0,1,1,0,1,1,0
2202,0.524861998898298,0,1,1,0,0,0,0,0,1,1,1,0,0,0,0
2203,0.332448752018572,0,1,0,0,0,0,0,1,1,0,0,0,1,0,1
2204,-1.53515955162374,0,0,0,0,0,1,0,0,0,1,1,0,0,1,0
2205,1.17097354300453,1,1,0,0,0,1,1,1,0,0,1,1,1,1,1
2206,-0.0129775817016626,0,1,0,0,0,1,0,0,0,0,1,0,0,0,0
2207,-1.03655785821754,0,0,0,0,0,0,0,1,0,0,0,0,1,1,0
2208,1.26941133888522,1,1,1,1,1,1,1,0,1,1,1,1,1,1,1
2209,-1.22339051360374,0,1,0,0,0,1,0,0,0,0,1,0,0,1,0
2210,-0.588837318844407,0,0,0,0,0,0,0,0,0,1,1,0,1,0,0
2211,-0.149879031523474,0,0,0,0,0,0,0,0,0,1,1,0,0,1,0
2212,0.697059747391803,1,1,0,0,0,1,0,1,1,1,0,0,0,0,0
2213,-1.61854354825918,0,0,0,0,0,1,0,0,0,0,0,0,0,1,0
2214,0.918953277650189,1,1,0,0,0,1,0,0,1,0,0,1,0,1,0
2215,0.519182723491912,1,1,1,0,0,0,0,1,0,1,1,0,1,1,0
2216,1.26877071645906,1,1,1,1,0,0,1,1,1,1,0,1,1,1,1
2217,0.421541511863943,0,1,0,0,1,0,0,0,1,1,0,0,1,1,1
2218,1.56249468964413,1,1,0,1,1,1,1,1,1,0,1,1,1,0,1
2219,-0.828912716891532,0,1,0,0,0,1,0,1,0,1,0,0,1,1,0
2220,-1.15624402584534,0,1,0,0,0,1,0,1,0,0,1,0,1,1,0
2221,0.191539410917107,0,1,0,0,0,1,0,1,0,1,0,1,1,1,0
2222,0.684394647657596,0,1,0,0,0,1,1,1,0,1,1,0,0,1,0
2223,-0.422088346299607,0,0,0,0,0,1,0,0,0,0,1,0,1,1,0
2224,-1.99952156333477,0,1,0,0,0,1,0,0,0,1,1,0,0,0,0
2225,-1.75591803028273,0,1,0,0,0,1,0,0,0,1,0,0,1,1,0
2226,-1.23017777115139,0,1,0,0,0,1,0,0,0,0,0,0,0,0,0
2227,-0.777556399772017,0,0,0,0,0,0,0,1,0,0,1,0,1,0,0
2228,-0.388631953275199,0,0,0,0,0,1,0,1,0,0,0,0,1,1,0
2229,-0.11166463581909,1,0,0,0,0,0,0,1,0,0,1,0,1,0,0
2230,1.57613150530621,1,1,1,1,1,1,1,0,1,1,1,1,1,1,1
2231,0.0333208492421217,0,1,0,0,0,0,0,1,0,0,0,0,1,1,0
2232,-0.37104433995276,0,1,0,0,0,1,0,1,0,0,1,0,0,1,0
2233,-0.667947311797899,0,0,0,0,0,0,0,0,0,1,1,0,1,0,0
2234,-2.34671971205534,0,1,0,0,0,1,0,1,0,1,1,0,0,0,0
2235,-0.0516289497759047,1,1,0,0,0,1,0,0,0,1,1,0,0,0,0
2236,-2.16085070852329,0,1,0,0,0,0,0,1,0,0,1,0,0,0,0
2237,0.791085774212771,0,1,0,0,0,1,0,1,1,1,1,0,0,0,1
2238,-1.08273498787948,0,0,0,0,0,1,0,0,0,1,0,0,1,0,0
2239,-0.938019403814432,0,1,0,0,0,0,0,1,0,0,1,0,0,1,0
2240,0.418728908354242,0,1,0,0,0,1,0,0,1,0,0,1,1,0,0
2241,-1.1618373940158,0,1,0,0,0,1,0,1,0,1,0,0,1,0,0
2242,-1.9374945421098,0,0,0,0,0,0,0,1,0,1,0,0,0,1,0
2243,0.838249899020812,1,1,0,0,0,1,0,1,1,0,0,0,1,0,1
2244,-0.269727080293759,0,1,0,0,0,1,0,1,0,1,0,0,1,0,0
2245,0.973972954671439,1,1,0,0,0,1,1,0,1,1,1,1,1,1,1
2246,-0.0683764999658151,0,0,0,0,0,1,0,0,0,1,1,0,1,1,0
2247,-1.45224948276756,0,1,0,0,0,1,0,1,0,0,0,0,1,0,0
2248,-0.685170024068949,0,1,0,0,0,0,0,0,0,1,1,0,0,1,0
2249,0.117006317776957,0,1,0,0,0,0,0,0,0,1,0,0,1,0,0
2250,-0.253156709927009,1,0,0,0,0,0,0,0,0,0,1,0,1,1,0
2251,-0.508474372466606,0,1,0,0,0,1,0,0,0,1,0,0,1,1,0
2252,-0.49741757214107,0,0,0,0,0,0,0,0,0,0,0,0,1,1,0
2253,0.872500529989586,1,1,0,1,0,0,0,1,1,1,1,1,1,1,1
2254,0.776099667656702,1,1,0,0,0,1,1,1,1,0,1,1,1,0,0
2255,-0.398696847306464,0,0,0,0,0,1,0,1,1,1,0,0,0,0,0
2256,-1.36020197342784,0,0,0,0,0,0,0,1,0,0,1,0,0,1,0
2257,0.0607916362511685,0,0,0,0,0,1,0,1,0,0,1,0,1,0,0
2258,-0.112353303640172,0,0,1,0,0,1,0,1,0,0,0,0,1,1,0
2259,0.14947086435447,0,0,0,0,0,1,0,1,0,1,1,0,0,1,1
2260,-0.00048983521294395,1,0,0,0,0,0,0,1,0,0,1,0,1,0,0
2261,-1.52536888721036,0,1,0,0,0,1,0,0,0,1,0,0,0,0,0
2262,1.29821118050447,0,1,1,1,0,1,0,1,1,0,1,0,1,0,1
2263,-0.495114141655142,0,1,0,0,0,0,0,1,0,0,1,0,1,1,0
2264,-1.25359544586205,0,1,0,0,0,1,0,0,0,1,1,0,0,0,0
2265,0.276873759008952,1,0,0,0,0,1,0,0,1,1,1,1,1,1,0
2266,-0.67083778147136,0,0,0,0,0,0,0,1,0,1,0,0,1,0,0
2267,0.774789100357546,1,1,0,0,0,1,0,1,0,1,1,0,1,1,1
2268,-0.488292746069828,0,1,0,0,0,1,0,1,0,1,1,0,0,1,0
2269,1.28902242164461,1,1,1,1,0,1,1,1,1,1,1,1,0,1,1
2270,-0.444577101918993,0,0,0,0,0,1,0,0,0,1,1,0,1,1,0
2271,0.173214322243266,0,1,1,0,0,1,0,1,0,1,1,0,0,0,1
2272,1.66455499192544,1,1,1,0,1,1,1,0,1,1,1,1,0,1,1
2273,0.964067470070922,1,0,1,1,0,1,0,1,1,1,1,1,1,0,1
2274,0.533465868710677,1,1,0,1,0,1,0,0,1,1,1,1,0,1,1
2275,0.411354311533974,1,0,1,0,0,0,0,0,1,1,1,0,0,1,0
2276,0.116829031105043,0,1,0,0,0,1,0,0,0,1,1,0,0,0,0
2277,-0.657907971082035,0,1,0,0,0,1,0,0,0,0,0,0,1,0,0
2278,1.39668375111531,1,1,1,1,1,1,1,0,0,1,1,1,1,1,1
2279,-0.905979976519748,0,0,0,0,0,1,0,1,0,0,1,0,1,0,0
2280,-0.509085283636802,0,1,0,0,0,0,0,1,0,0,1,0,1,0,0
2281,1.23584803268646,1,0,1,0,0,1,1,1,1,0,1,1,0,1,0
2282,-0.903310082171745,0,1,0,0,0,0,0,1,0,0,1,0,0,0,0
2283,-0.200747893783978,0,0,0,0,0,1,0,1,0,1,1,0,1,1,0
2284,-0.993437036485,0,0,0,0,0,1,0,0,0,0,1,0,1,1,0
2285,-0.0179295299335958,0,1,0,0,0,1,0,1,0,0,1,0,0,1,0
2286,-0.35178674447654,0,0,0,0,0,0,0,1,0,0,0,0,1,1,0
2287,-1.47914636411172,0,0,0,0,0,1,0,0,0,1,0,0,0,0,0
2288,-1.06301401166958,0,1,0,0,0,1,0,0,0,1,0,0,0,0,0
2289,1.1513902179,1,0,1,0,0,1,0,1,1,1,1,1,0,0,0
2290,0.264671486633774,0,1,0,0,0,0,0,1,0,1,1,0,0,1,0
2291,-0.554474931209534,0,1,0,0,0,0,0,1,0,1,0,0,0,1,0
2292,-0.278152753808725,0,1,0,0,0,1,0,1,0,1,1,0,0,1,0
2293,0.751918558185122,1,1,1,0,1,1,0,1,0,1,1,0,1,1,0
2294,-1.07568051032978,0,1,0,0,0,0,0,0,0,0,1,0,1,1,0
2295,0.622201959155658,0,1,1,1,0,0,0,1,0,0,0,0,1,1,1
2296,-0.988014636941268,0,1,0,0,0,1,0,1,0,1,0,0,0,1,0
2297,-0.741370905427544,0,1,0,0,0,1,0,1,0,1,0,0,0,0,0
2298,-1.03656653830609,0,0,0,0,0,0,0,0,0,1,0,0,1,1,0
2299,0.886048587319085,1,1,1,0,1,0,0,1,1,1,1,1,0,0,1
2300,2.00195274663005,1,1,1,1,1,1,1,1,1,0,1,1,1,1,1
2301,-1.49442704870819,0,0,0,0,0,0,0,1,0,1,1,0,0,1,0
2302,1.57913417076954,1,0,1,0,0,1,1,1,1,1,1,1,0,1,1
2303,-0.141675456768939,0,1,0,0,0,1,0,1,0,1,1,0,0,0,0
2304,0.713603759406548,1,0,0,0,0,0,1,0,0,1,0,1,1,0,0
2305,0.106760464006122,0,1,0,0,0,0,0,1,0,1,0,1,1,1,0
2306,0.291653558770587,1,0,0,0,0,1,0,1,0,0,1,0,1,0,0
2307,-0.707691115874024,0,1,0,0,0,0,0,1,0,1,0,0,1,0,0
2308,-1.12194139625284,0,0,0,0,0,1,0,0,0,0,1,0,1,1,0
2309,-0.946025121520008,0,1,0,0,0,1,0,0,0,1,0,0,0,0,0
2310,0.172923127228242,0,1,0,0,0,1,0,1,0,1,1,0,0,1,0
2311,-1.35480136891304,0,0,0,0,0,1,0,1,0,0,0,0,1,1,0
2312,-0.312307113060194,0,1,0,0,0,0,0,1,0,1,1,0,0,0,0
2313,1.25225617244802,1,0,1,0,1,0,0,1,1,1,1,1,1,1,1
2314,-0.985187765950943,0,0,0,0,0,0,0,0,0,1,0,0,0,1,0
2315,-0.738294495087529,1,0,0,0,0,1,0,0,0,0,0,0,0,1,0
2316,1.21936060590901,1,1,1,0,0,1,1,1,1,1,1,0,1,0,1
2317,-0.269047564998563,0,0,0,0,0,0,0,0,0,1,1,0,1,0,0
2318,-1.08390423480965,0,0,0,0,0,1,0,0,0,0,1,0,1,0,0
2319,-0.0239190852528289,0,1,0,0,0,1,0,1,0,0,1,0,1,0,0
2320,0.456831315698815,1,0,1,0,0,0,0,1,0,1,1,1,1,1,0
2321,-1.15146241700613,0,1,0,0,0,0,0,0,0,0,0,0,0,0,0
2322,0.65799321663724,0,0,0,0,0,1,0,1,1,1,0,1,1,0,0
2323,-1.53136408453215,0,1,0,0,0,1,0,1,0,0,1,0,1,0,0
2324,0.638073957470825,1,1,1,0,0,0,0,1,1,1,0,0,1,0,1
2325,2.35061071151506,1,1,1,1,1,1,1,1,1,1,1,1,1,1,1
2326,-0.860941979920614,0,1,0,0,0,0,0,1,0,0,1,0,0,1,0
2327,1.02743015925663,1,0,0,0,1,0,1,1,0,1,1,1,1,1,1
2328,0.337053697944188,0,1,0,0,0,1,0,1,0,1,0,0,0,1,0
2329,1.24085421834514,1,1,1,0,0,1,0,1,1,1,1,1,0,1,1
2330,-1.30370095308977,0,1,0,0,0,0,0,0,0,1,0,0,1,1,0
2331,1.45399857426067,1,1,1,1,1,0,1,1,0,1,1,0,0,1,1
2332,0.488342401229601,1,1,1,0,0,1,0,1,0,1,0,0,1,0,0
2333,-0.0705548114002676,1,1,1,0,0,1,0,1,1,0,1,0,0,1,0
2334,0.219322266954095,0,1,0,0,0,0,0,1,0,1,0,0,1,1,0
2335,-1.46950060954651,0,1,0,0,0,0,0,1,0,0,0,0,1,0,0
2336,0.359022792377157,0,1,0,0,0,1,0,1,0,1,1,0,1,1,0
2337,0.91999675500257,1,1,0,0,0,0,0,0,1,0,0,1,0,1,1
2338,0.280626585436119,0,0,0,0,0,0,0,0,0,1,0,0,1,1,0
2339,0.0932910950415687,0,1,0,0,0,1,0,1,1,1,0,0,0,0,0
2340,0.479161248530615,1,1,0,0,0,1,0,1,0,1,0,0,1,1,0
2341,-0.415599475330096,0,1,0,0,0,1,0,1,0,1,0,0,1,1,0
2342,0.875932431721912,1,0,0,0,1,1,1,1,0,1,1,1,0,1,1
2343,-1.04003230711617,0,0,0,0,0,0,0,1,0,0,0,0,0,0,0
2344,0.996997741052515,1,1,0,0,0,1,0,1,1,1,1,1,1,1,1
2345,-0.0999089837847251,0,1,0,0,0,1,0,0,0,1,1,0,1,0,0
2346,0.448969358659517,0,1,0,0,0,1,0,1,1,0,1,0,0,1,1
2347,0.548901591302817,1,1,0,1,0,1,0,0,1,0,0,0,0,1,0
2348,0.194499879614763,1,0,0,0,0,1,0,1,1,0,1,0,0,1,0
2349,-0.629287694619198,0,0,0,0,0,0,0,0,0,1,1,0,0,0,0
2350,1.07945191287516,1,0,1,0,0,0,1,0,0,1,1,0,1,0,1
2351,0.769335918040125,1,1,1,0,0,0,0,1,0,1,1,0,0,0,0
2352,0.783170656654003,1,1,0,0,0,1,0,0,0,0,1,1,1,1,1
2353,-0.255675291867112,0,0,0,0,0,1,0,1,0,0,0,0,1,0,0
2354,-2.38674830785619,0,0,0,0,0,0,0,0,0,1,0,0,0,1,0
2355,-0.102614295091453,0,0,0,1,0,1,0,0,0,0,1,0,1,0,0
2356,-0.077398965978695,1,0,0,0,0,1,0,1,0,0,1,0,0,0,0
2357,0.151720138961137,0,1,0,0,0,0,0,1,0,1,1,0,0,1,0
2358,-0.678837786207865,0,0,0,0,0,0,0,1,0,1,0,0,0,0,0
2359,0.523737127596134,0,0,0,0,0,0,0,1,1,0,0,1,1,0,0
2360,0.728400440685183,1,0,1,0,0,1,1,1,0,1,1,0,0,0,1
2361,-1.01431972578538,0,1,0,0,0,1,0,1,0,0,0,0,0,1,0
2362,-0.886478080921045,0,1,0,0,0,1,0,1,0,1,0,0,0,0,0
2363,-1.0111737617017,0,1,0,0,0,1,0,1,1,1,1,0,1,1,0
2364,0.963618146546352,1,1,0,0,1,1,0,1,1,1,1,0,1,1,0
2365,-0.425291982551532,0,0,0,0,0,1,0,1,0,1,0,0,0,0,0
2366,-1.33122555453117,0,1,0,0,0,0,0,1,0,1,0,0,0,0,0
2367,0.407641616454292,0,0,0,0,0,1,0,1,0,0,1,0,0,1,0
2368,-0.224565992545442,0,0,1,0,0,1,0,0,0,0,0,0,0,0,1
2369,-0.181175721644568,0,1,0,0,0,1,0,0,0,1,1,0,1,0,0
2370,0.0918759750066868,0,1,0,1,0,1,0,1,0,1,0,0,1,0,0
2371,0.0132634159872534,0,0,0,0,0,1,0,1,0,1,0,1,1,0,0
2372,0.671104912445773,1,1,0,0,0,1,0,1,0,1,0,1,0,1,1
2373,-1.56979149668286,0,1,0,0,0,1,0,1,0,0,0,0,1,1,0
2374,-0.0965457713657649,0,1,0,0,0,1,0,1,0,1,1,0,1,0,0
2375,0.274876141547728,1,1,0,0,0,0,0,1,0,0,1,1,0,1,0
2376,-0.109553640365747,0,0,0,0,0,1,0,1,0,1,1,0,1,1,0
2377,0.819290829346979,1,1,1,0,0,0,0,0,1,1,1,1,1,1,0
2378,0.569564011374201,1,1,1,0,0,1,0,1,0,1,1,0,1,1,0
2379,-1.57685284107744,0,1,0,0,0,0,0,0,0,1,0,0,1,1,0
2380,0.167406295911504,0,1,0,0,0,1,0,1,0,1,0,0,1,1,0
2381,1.42525257642627,1,1,0,1,0,1,0,0,1,1,1,1,1,0,0
2382,-1.66340554888609,0,0,0,0,0,0,0,0,0,1,1,0,0,0,0
2383,-0.148846452934994,0,1,0,0,0,1,0,0,0,1,1,0,0,0,0
2384,-0.495438434365261,0,1,0,0,0,1,0,0,0,1,1,0,0,1,0
2385,-0.181389179996424,0,1,0,0,0,0,0,0,0,1,1,0,1,0,0
2386,2.85393883150487,1,1,1,1,1,0,1,1,1,1,1,1,1,0,1
2387,-0.368124039573247,0,1,0,0,0,1,0,0,0,1,1,0,1,1,0
2388,-0.481980530578278,0,0,0,0,0,1,0,1,0,1,1,0,0,0,0
2389,0.580261557921254,1,0,0,0,0,0,0,1,1,1,0,1,0,1,0
2390,0.879599029684836,0,0,0,0,1,0,0,1,1,1,0,1,1,1,1
2391,-0.790747692859279,0,0,0,0,0,1,0,1,0,0,1,0,1,1,0
2392,-1.28809729309379,0,0,0,0,0,0,0,0,0,1,1,0,0,0,0
2393,0.368352265606793,1,0,0,0,0,0,0,1,0,1,0,1,0,0,0
2394,2.1646404143234,1,1,1,1,1,0,1,1,1,0,1,1,1,0,1
2395,-2.81811703463461,0,0,0,0,0,1,0,0,0,0,0,0,0,1,0
2396,0.267373008323543,0,1,0,0,0,0,0,1,0,1,1,0,0,0,1
2397,0.629732309806219,1,0,1,0,0,0,0,1,0,0,0,0,0,0,0
2398,-0.436498842307269,0,1,0,0,0,0,0,0,0,1,0,0,1,1,0
2399,0.524488896120286,0,1,0,1,0,1,0,0,0,1,1,0,1,1,0
2400,0.00827343576890825,0,1,0,0,0,0,0,1,0,0,0,0,1,0,0
2401,0.39905033221657,0,1,0,0,0,0,0,1,0,1,1,0,1,0,0
2402,-0.127675087847518,0,1,1,0,0,0,0,1,0,0,0,0,0,1,0
2403,-0.184404878338586,0,0,0,0,0,1,0,0,0,0,0,0,1,1,0
2404,0.402466184616771,0,1,0,1,0,0,0,1,0,1,1,0,0,1,0
2405,-0.524155485303608,0,1,0,0,0,1,0,1,0,1,1,0,0,1,0
2406,-0.2725886407304,1,1,0,0,0,0,0,1,1,1,0,0,1,1,0
2407,1.60635898119786,1,0,1,1,0,1,1,0,1,0,0,1,1,1,1
2408,0.436947943440849,1,1,0,0,0,1,0,0,0,0,0,0,0,0,0
2409,-0.300242041066673,0,1,0,0,0,1,0,1,0,1,0,0,1,1,0
2410,-1.43416816509634,0,1,0,0,0,1,0,1,0,1,0,0,0,0,0
2411,-0.734538029078853,0,1,0,0,0,1,0,0,0,1,1,0,0,1,0
2412,0.133051208745488,0,0,0,0,0,1,0,0,0,1,0,1,0,1,0
2413,0.988424256212797,0,1,0,0,1,1,0,1,0,0,0,1,1,1,0
2414,-0.329770144785376,0,0,0,0,0,1,0,1,0,1,0,0,1,1,0
2415,0.0519151471004548,0,1,0,0,0,1,0,1,0,1,1,0,1,1,0
2416,1.14822117998639,1,1,1,1,0,0,1,1,1,0,1,0,1,1,1
2417,0.809148827110005,1,1,0,1,0,1,0,1,0,1,1,1,1,0,1
2418,0.622693488090132,0,1,1,0,0,0,0,0,1,1,0,0,0,1,1
2419,0.554054463140478,1,0,1,0,0,0,0,1,0,0,0,0,0,0,0
2420,-0.74406898233797,0,0,0,0,0,1,0,1,0,0,1,0,1,0,0
2421,1.95658665196803,1,1,1,1,0,1,1,0,1,1,1,1,0,1,1
2422,-0.841315514450631,0,1,0,0,0,1,0,1,0,1,0,0,0,1,0
2423,0.783891285471568,1,0,0,1,0,1,0,0,0,1,1,0,1,1,0
2424,-0.318779438515949,0,0,0,0,0,0,0,0,0,1,0,0,1,0,0
2425,0.317662820169517,0,0,0,0,0,1,0,0,0,0,0,0,1,0,1
2426,-2.06315080842263,0,1,0,0,0,1,0,0,0,0,0,0,0,0,0
2427,-0.794511686424617,0,0,0,0,0,1,0,1,0,0,0,0,1,0,0
2428,-0.242565340630953,1,1,0,0,0,0,0,0,0,0,1,0,1,1,0
2429,-0.480214091283312,0,0,0,0,0,1,0,0,0,0,1,0,1,0,1
2430,0.00264017151094339,0,1,0,0,0,0,0,1,0,1,1,0,0,1,1
2431,-0.0608289081830735,0,1,0,0,0,1,0,1,0,1,1,0,0,1,1
2432,-0.40831075662444,0,1,0,0,0,1,0,1,0,1,1,0,1,1,0
2433,-0.864650415100009,0,0,0,0,0,1,0,0,0,1,0,0,0,0,0
2434,1.30362090998542,1,0,1,0,0,1,1,1,1,1,1,1,1,1,1
2435,0.278071442704898,0,0,0,0,0,1,0,1,0,0,1,0,1,0,1
2436,0.575008117921248,0,0,1,1,0,1,1,1,0,1,1,0,1,0,0
2437,-0.157017377981921,0,1,0,0,0,0,0,1,0,1,0,0,1,1,0
2438,-1.2764981577958,0,0,0,0,0,0,0,1,0,0,0,0,0,0,0
2439,0.385453969512821,1,0,0,0,0,1,0,1,1,1,1,1,0,1,0
2440,1.22941930307963,1,0,1,1,0,1,1,1,1,0,1,1,0,0,1
2441,1.42106725382033,1,1,0,1,0,0,1,1,1,1,0,1,1,1,1
2442,0.596968040132623,1,1,0,0,0,0,0,1,0,1,1,1,1,0,0
2443,0.509130354547919,0,1,1,1,0,1,0,1,0,0,1,0,1,0,0
2444,0.959227698853088,1,0,1,0,0,1,0,1,0,0,0,1,0,1,0
2445,-0.344110339069793,0,0,0,0,0,1,0,1,0,0,1,0,0,0,0
2446,1.74419332085137,1,1,1,1,1,1,1,1,0,1,1,1,1,1,1
2447,0.934805888096742,0,1,0,0,1,1,0,1,1,1,1,1,0,0,1
2448,0.758628850455556,1,1,0,0,0,1,0,1,1,0,1,1,0,0,1
2449,1.58408101909619,1,0,1,1,1,0,1,1,0,1,1,1,1,1,1
2450,0.453830494533698,0,1,0,1,0,1,0,0,0,1,0,0,1,1,1
2451,0.132761805470505,0,0,0,0,0,1,0,1,0,1,1,1,0,1,0
2452,-2.23884217469104,0,1,0,0,0,0,0,1,0,1,0,0,1,1,0
2453,-1.29811989450492,0,0,0,0,0,1,0,1,0,0,0,0,1,1,0
2454,-0.563317715217586,0,1,0,0,0,0,0,1,0,0,0,0,0,0,0
2455,-0.801457710907353,0,0,0,0,0,0,0,1,0,0,0,0,1,0,0
2456,-0.815272256550013,0,1,0,0,0,0,0,1,0,1,1,0,0,1,0
2457,0.388666272768535,0,1,0,0,0,0,0,1,0,1,1,1,1,0,0
2458,0.151936948324466,0,0,0,0,0,0,0,1,0,0,1,0,0,1,1
2459,-2.1809408289523,0,1,0,0,0,0,0,1,0,1,0,0,1,0,0
2460,-0.575861720222626,0,1,0,0,0,1,0,0,0,0,0,0,1,0,0
2461,0.926280377526451,1,1,0,0,1,1,0,1,1,1,1,0,1,0,0
2462,0.0208522663497633,0,0,0,0,0,1,0,1,0,0,0,0,0,1,0
2463,-0.425679719825239,0,1,0,0,0,0,0,1,0,1,1,0,1,0,0
2464,1.32480511562169,1,0,1,0,0,1,1,0,1,1,0,1,0,0,1
2465,-0.0656261009233347,0,1,0,0,0,0,0,0,0,1,1,0,1,0,0
2466,-0.170494285491912,0,1,0,0,0,1,0,1,0,0,0,0,1,0,0
2467,0.658310012970851,1,1,1,0,0,1,0,1,1,0,0,1,1,1,1
2468,0.111743635319511,1,0,0,0,0,0,0,1,0,1,1,0,0,0,0
2469,1.36249182873204,0,0,1,1,0,1,1,1,1,0,1,1,1,0,1
2470,0.727979060513987,1,0,0,0,0,0,0,1,1,0,0,1,1,1,0
2471,-0.0611546273719227,1,1,0,0,0,1,0,1,0,1,1,0,1,1,0
2472,0.664775252118419,0,0,0,0,0,0,0,0,0,1,0,1,0,1,0
2473,1.31714016321216,1,1,1,1,0,1,1,1,1,1,1,1,0,0,1
2474,0.923323836052569,1,0,1,1,1,1,0,1,1,1,1,1,1,1,1
2475,2.38184454371488,1,1,1,1,1,0,1,1,1,1,1,1,1,0,1
2476,-1.0390976061114,0,1,0,0,0,0,0,0,0,0,0,0,0,1,0
2477,-0.326992837469596,0,0,0,0,0,1,0,1,0,1,0,0,0,0,0
2478,0.00354349399576787,0,1,0,0,0,1,0,1,1,1,0,0,1,1,0
2479,-0.675334434755402,0,1,0,0,0,1,0,1,0,0,0,0,1,1,0
2480,2.49820006665186,1,1,1,1,1,1,1,1,1,0,1,1,1,0,1
2481,0.738242486359353,0,1,0,0,1,1,0,1,1,1,0,0,1,1,1
2482,-0.532865725584277,0,1,0,0,0,1,0,1,0,1,1,0,1,0,0
2483,-0.0794307373928163,0,1,0,0,0,0,0,0,0,1,1,0,1,0,0
2484,-1.03600167659738,0,1,0,0,0,0,0,1,0,0,1,0,1,1,0
2485,0.958712812902352,1,1,1,1,1,1,0,1,0,0,0,1,1,0,1
2486,-0.343846565197929,0,1,0,0,0,0,0,1,0,0,0,0,0,1,0
2487,-0.3186551684046,0,1,0,0,0,1,0,1,0,1,0,0,0,1,0
2488,2.45087245101498,1,0,1,1,1,0,1,1,1,1,1,1,1,1,1
2489,0.8014068414503,1,1,0,0,0,1,0,1,1,0,0,1,1,1,0
2490,0.379416087658331,0,1,0,0,0,1,0,1,0,0,0,0,1,0,1
2491,-0.780859498226135,0,0,0,0,0,1,0,0,0,0,0,0,0,0,0
2492,1.09699645876941,1,0,1,1,0,1,0,1,1,0,1,1,0,0,0
2493,-0.329164424227394,0,1,0,0,0,1,0,1,0,1,0,0,1,0,0
2494,0.690987059505213,1,0,0,0,0,1,0,1,1,1,1,0,0,1,1
2495,-2.03482382675473,0,0,0,0,0,1,0,1,0,1,0,0,0,1,0
2496,1.32022937668843,1,1,1,1,1,1,0,1,1,1,1,0,0,1,0
2497,-0.196362582952287,0,1,0,0,0,1,0,0,0,1,0,0,1,1,0
2498,0.0243222310642867,0,1,0,0,0,0,0,0,0,1,1,0,0,1,0
2499,0.516232267128855,1,0,0,0,0,1,0,1,0,1,1,0,1,1,0
2500,0.6450832844699,1,1,1,0,0,0,0,0,0,0,1,1,1,1,0
2501,-0.359679565926886,0,1,0,0,0,1,0,0,0,0,0,0,1,0,0
2502,0.723554254765019,1,0,0,0,0,1,0,0,1,1,1,0,1,1,0
2503,-0.000858658183019625,0,1,0,0,0,0,0,1,0,1,0,0,0,0,0
2504,-1.66422336185621,0,1,0,0,0,1,0,1,0,1,0,0,0,0,0
2505,1.28826495461329,1,1,1,1,1,1,0,1,1,1,1,1,1,0,1
2506,-0.130199283435816,0,0,0,0,0,0,0,0,0,1,1,0,1,0,0
2507,-0.267116442973985,0,1,0,0,1,0,0,0,0,1,0,0,1,0,0
2508,0.245172372884784,0,1,0,0,0,0,0,0,1,1,0,0,0,1,0
2509,2.02034183108591,1,1,1,1,1,0,1,1,1,1,0,1,1,1,1
2510,1.33024825686853,1,1,1,0,0,1,0,1,0,1,0,1,1,1,1
2511,2.73365783694527,1,1,1,1,1,1,1,0,1,1,1,1,1,1,1
2512,-0.26934910746472,0,0,0,0,0,1,0,1,0,0,1,0,1,0,0
2513,0.923147301154524,1,1,1,0,0,0,0,1,1,0,1,1,0,1,1
2514,0.79069356736119,1,0,1,0,0,1,1,1,1,0,1,0,1,0,1
2515,1.03254953751954,1,0,0,0,1,0,0,0,1,1,0,1,0,1,1
2516,0.0959320035463244,0,0,1,0,0,0,0,1,0,1,0,0,1,0,0
2517,0.45919953448709,0,0,0,0,0,1,0,1,1,1,1,0,0,1,0
2518,-0.597363585797181,0,1,0,0,0,0,0,0,0,1,1,0,0,1,0
2519,0.146709419114126,0,1,0,0,0,1,0,0,1,1,1,0,0,0,0
2520,0.474507382462979,0,1,0,0,0,0,0,1,0,1,1,0,1,1,0
2521,2.27237220960054,1,1,1,1,1,1,1,1,1,1,1,1,1,0,1
2522,-0.102936635658908,1,0,0,0,0,1,0,1,0,0,1,0,1,1,0
2523,0.106792081427168,1,0,0,0,0,1,0,1,0,1,1,0,1,1,0
2524,-1.9615153198961,0,0,0,0,0,1,0,1,0,1,1,0,0,0,0
2525,-0.51316717314931,0,1,0,0,0,1,0,1,0,1,1,0,1,1,0
2526,0.713822029684605,0,1,0,0,0,0,0,1,1,1,0,1,0,0,0
2527,-0.245471306185792,1,0,0,0,0,1,0,1,0,0,1,0,0,1,1
2528,1.02359926666951,0,1,1,0,0,0,0,1,1,1,1,1,1,1,1
2529,1.58609606885162,1,0,1,1,1,1,1,0,1,1,1,1,1,1,1
2530,1.97584427346444,1,0,1,1,1,0,1,1,1,1,0,1,0,1,1
2531,-1.26812175790018,0,1,0,0,0,1,0,0,0,1,1,0,0,1,0
2532,-0.245797362309442,0,1,0,0,0,0,0,1,0,0,1,0,1,1,0
2533,-1.77076121255368,0,0,0,0,0,0,0,1,0,0,0,0,1,1,0
2534,-1.22287597160464,0,1,0,0,0,1,0,1,0,0,1,0,1,1,0
2535,0.433843224330257,1,0,1,0,0,1,1,1,0,1,0,0,0,0,0
2536,0.77749596531894,1,1,0,0,0,1,1,1,1,0,1,0,0,0,0
2537,-0.532729961492565,0,1,0,0,0,0,0,1,0,0,1,0,1,1,0
2538,-0.732220699503882,0,1,0,0,0,1,0,0,0,1,1,0,0,1,0
2539,0.390931043244735,1,1,0,0,0,1,0,1,0,1,1,0,1,0,0
2540,1.04008799191865,0,1,0,1,0,1,1,1,0,1,1,1,1,0,0
2541,1.95879589809433,1,1,1,1,1,1,1,0,1,1,1,1,1,1,1
2542,-0.0388888458286043,0,0,0,0,0,1,0,1,1,0,1,0,1,0,0
2543,1.69643867233136,1,0,1,1,1,1,1,1,1,0,0,1,1,0,1
2544,-1.10578282888295,0,1,0,0,0,0,0,1,0,0,1,0,0,0,0
2545,-0.00117868161746662,0,1,1,0,1,1,0,1,1,1,0,0,1,0,0
2546,-0.594345324398129,0,0,0,0,0,0,0,1,0,0,0,0,0,1,0
2547,0.735347369241713,0,0,0,0,1,1,1,1,0,1,1,0,1,0,1
2548,0.0395418187408315,0,0,0,0,0,0,0,1,0,1,1,0,0,1,0
2549,-0.626690655047553,0,1,0,0,0,0,0,1,0,1,1,0,0,1,0
2550,-0.299677464883077,0,0,0,0,0,1,0,1,0,1,0,1,1,0,1
2551,-0.19706060087055,0,0,0,0,0,1,0,1,0,1,0,0,1,1,0
2552,1.05560828743184,1,1,0,1,0,0,1,1,0,1,1,1,1,0,0
2553,0.954805155084482,0,1,1,0,0,1,0,1,0,1,1,1,1,1,1
2554,-0.0101993906679298,0,0,0,0,0,1,1,1,1,1,1,0,0,0,0
2555,-1.18041207405033,0,1,0,0,0,0,0,0,0,0,1,0,1,1,0
2556,0.842478123312355,1,1,0,1,0,0,0,0,1,1,0,0,1,1,0
2557,0.11437938909877,0,1,0,0,0,1,0,0,0,0,0,0,1,0,1
2558,1.24147861340747,1,0,1,1,1,0,1,1,1,0,1,1,1,1,1
2559,-0.15614617831841,0,1,0,0,0,1,0,0,0,0,1,0,1,1,0
2560,-0.34180526787893,0,1,0,0,0,1,0,1,0,1,1,0,1,0,0
2561,1.6554488536539,1,0,1,1,1,1,1,1,1,1,1,1,1,1,1
2562,1.67683404564888,1,1,1,0,1,0,1,1,1,1,1,1,1,1,1
2563,-1.3111156776142,0,1,0,0,0,0,0,0,0,0,1,0,1,1,0
2564,0.315395579598892,1,0,0,0,0,1,0,1,0,1,1,0,1,1,1
2565,1.10044133448393,1,1,1,0,0,1,1,1,1,0,1,1,0,1,1
2566,-1.16013563831206,0,0,0,0,0,1,0,1,0,1,1,0,0,1,0
2567,0.173172686263969,0,1,0,0,0,0,0,1,0,1,1,0,0,0,0
2568,2.55340319438333,1,0,1,1,1,0,1,1,1,1,1,1,1,1,1
2569,-0.55087685817946,0,0,0,0,0,0,0,0,0,0,1,0,0,1,0
2570,-1.07806078936022,0,1,0,0,0,1,0,0,0,0,0,0,0,1,0
2571,0.102647195231356,0,0,0,0,0,0,0,1,0,1,0,0,1,1,0
2572,-0.396240321547118,0,1,0,0,0,1,0,0,0,1,1,0,0,1,0
2573,1.09594989119225,1,1,1,0,0,1,1,1,1,1,1,1,1,1,1
2574,0.125528814939733,0,0,0,0,0,1,0,1,0,1,1,0,0,1,0
2575,1.69098867819662,1,0,1,0,1,1,1,0,1,1,1,1,1,0,1
2576,0.88658753809533,1,0,1,1,0,0,0,1,1,1,1,1,0,0,1
2577,1.79411601122149,1,0,1,1,1,0,1,1,1,0,1,1,0,0,1
2578,0.388274440368023,1,0,0,1,0,1,0,1,0,1,1,1,0,1,0
2579,-0.462410752004879,0,1,0,0,0,1,0,1,0,1,0,0,0,0,0
2580,1.89176793608197,1,0,1,1,1,1,1,1,1,1,1,1,0,1,1
2581,-0.714385877487659,0,1,0,0,0,0,0,1,0,1,1,0,1,0,0
2582,0.66437539896681,1,1,0,1,0,1,0,1,0,1,1,1,1,0,1
2583,-0.97410656556869,0,1,0,0,0,1,0,1,0,0,1,0,1,1,0
2584,1.44020839692297,1,1,1,0,1,1,1,1,1,1,1,1,1,0,1
2585,1.29313740507627,1,1,1,1,1,1,1,1,1,1,1,0,1,0,1
2586,-0.0653386220623588,1,1,0,0,0,1,0,1,1,1,1,0,0,0,0
2587,0.702008867109704,1,1,1,0,0,1,0,0,1,1,1,0,0,0,0
2588,-0.608278133666999,0,0,0,0,0,0,0,0,0,0,0,0,1,0,0
2589,-0.85154806887289,0,1,0,0,0,0,0,0,0,0,0,0,0,1,0
2590,-1.34303687287222,0,0,0,0,0,1,0,0,0,0,1,0,0,1,0
2591,0.566229401975228,1,1,0,1,0,1,0,1,0,0,1,0,1,0,0
2592,0.425011276735422,0,1,0,0,0,1,0,1,0,1,1,1,1,1,0
2593,-1.10639156756863,0,0,0,0,0,0,0,1,0,1,1,0,0,1,0
2594,1.43246837959055,1,0,1,1,1,1,1,1,1,1,0,1,1,1,1
2595,-1.07835430735742,0,0,0,0,0,1,0,1,0,1,1,0,0,0,0
2596,0.494753920033683,0,1,0,0,0,1,0,1,0,1,1,0,0,1,0
2597,-0.125855440840589,0,0,0,0,0,0,0,1,0,1,1,0,1,1,0
2598,-0.938464893062908,0,0,0,0,0,1,0,0,0,0,1,0,0,0,0
2599,-0.305554402574861,0,1,0,0,0,1,0,0,0,1,1,0,0,0,0
2600,0.618679744845391,1,0,0,0,0,1,1,1,0,0,1,0,1,0,0
2601,-0.0498680083594745,0,0,0,0,0,0,0,0,1,0,1,0,1,1,0
2602,-0.107411025675226,0,1,0,0,0,1,0,0,0,0,1,0,0,0,0
2603,0.379685431219462,1,0,1,0,0,1,0,1,0,0,1,0,1,1,1
2604,1.0999159066804,0,1,1,0,0,0,1,1,1,0,0,1,0,0,1
2605,-0.681408460022357,0,1,0,0,0,0,0,0,0,1,0,0,0,1,0
2606,-1.67311090427595,0,0,0,0,0,1,0,1,0,1,0,0,0,0,0
2607,-0.849465046411621,0,1,0,0,0,0,0,0,0,1,0,0,1,1,0
2608,0.572721591570482,0,1,0,0,0,1,0,1,1,1,1,0,1,1,0
2609,-0.518479001567085,0,1,0,0,0,0,0,1,0,1,1,0,1,1,0
2610,0.811992886242416,1,0,1,0,0,1,0,1,1,1,1,1,0,1,0
2611,-0.822609929579283,0,1,0,0,0,1,0,0,0,1,0,0,1,0,0
2612,0.259074650807424,1,0,0,0,0,1,0,0,0,1,1,0,1,0,0
2613,1.14328011819118,1,0,1,1,0,1,0,1,1,0,1,1,1,0,1
2614,-0.224277019474899,0,0,0,0,0,0,0,1,0,1,1,0,1,1,0
2615,0.130231687487506,1,1,0,0,0,0,1,0,0,1,1,0,1,0,0
2616,1.31817490799766,1,0,1,0,1,0,0,0,1,1,1,1,1,1,0
2617,-0.0423282016657578,0,0,0,0,0,0,0,1,0,1,1,0,0,0,0
2618,1.23209336542222,1,1,1,1,1,1,1,1,1,1,1,1,0,0,1
2619,0.0283668905398503,0,1,0,0,0,1,0,1,0,0,0,0,0,0,0
2620,-1.37006570853671,0,0,0,0,0,1,0,0,0,0,0,0,0,0,0
2621,0.980705747578586,1,1,1,1,1,1,1,1,1,1,1,1,1,1,1
2622,-1.24673607703369,0,0,0,0,0,1,0,0,0,1,0,0,0,0,0
2623,1.26332615246357,1,0,0,0,0,1,1,1,1,0,1,1,1,1,1
2624,-0.81250012593847,0,0,0,0,0,1,0,1,0,1,1,0,0,0,0
2625,-0.0818594456971138,0,0,0,0,0,0,0,1,0,0,0,0,1,0,0
2626,-0.400995784021105,0,1,0,0,0,0,0,1,0,0,1,0,0,1,0
2627,0.772782756373927,0,1,1,0,0,0,0,1,0,0,1,1,0,1,1
2628,0.439247197820941,0,1,0,0,0,0,0,0,0,0,1,0,1,1,0
2629,1.66356223469399,1,0,1,1,1,1,1,1,1,1,1,1,1,0,1
2630,0.000527037876580404,0,0,0,0,0,0,0,0,0,0,1,1,0,1,0
2631,0.198222549609225,0,1,0,1,0,1,0,1,0,1,1,0,0,0,0
2632,2.38000735829558,1,1,1,1,1,0,1,0,1,1,1,1,0,1,1
2633,-1.95463800291012,0,0,0,0,0,1,0,1,0,0,1,0,1,0,0
2634,-0.540400057299438,0,0,0,0,0,1,0,1,0,0,1,0,0,0,0
2635,0.0859951687576223,1,1,0,0,0,0,0,1,0,1,0,0,1,0,0
2636,0.114956903679771,0,1,0,0,0,0,0,1,1,1,1,0,1,0,1
2637,-1.116263130334,0,1,0,0,0,1,0,1,0,0,0,0,1,0,0
2638,1.01474538645154,1,1,0,0,0,1,1,1,1,1,0,0,0,1,0
2639,1.75153093104147,1,1,1,1,1,0,0,1,1,1,1,1,1,0,1
2640,0.673796653082478,0,1,0,0,0,1,0,1,0,1,1,0,0,0,0
2641,-0.780905600222632,0,0,0,0,0,0,0,0,0,0,0,0,0,1,0
2642,0.592102779504304,0,1,0,0,0,1,0,1,0,1,1,0,1,1,0
2643,1.10624703739366,1,0,1,0,0,0,0,1,1,1,1,0,0,1,1
2644,-0.107377004879002,0,1,0,0,0,0,0,1,0,0,1,0,0,0,0
2645,0.17566772094716,0,1,0,0,0,1,0,1,0,1,0,0,0,1,0
2646,2.33715735738134,1,1,1,1,1,1,1,1,1,0,1,1,1,1,1
2647,0.154314021922887,0,0,0,0,0,0,0,0,0,0,1,0,1,0,0
2648,-0.214857370476041,0,0,0,0,0,1,0,0,0,0,1,0,1,1,0
2649,-1.31062652273259,0,0,0,0,0,0,0,0,0,0,0,0,0,0,0
2650,0.203036071752006,1,0,0,0,0,1,0,1,0,1,1,0,1,0,0
2651,1.60829759612584,1,1,1,1,1,1,1,1,1,0,1,1,1,0,1
2652,0.104979278830257,0,1,0,0,0,0,0,1,1,0,1,0,1,0,0
2653,0.245425566036572,0,0,1,0,0,1,0,0,0,1,0,0,1,1,0
2654,-0.465251919324552,0,0,0,0,0,1,0,1,0,1,0,0,0,1,0
2655,1.19238640355125,1,1,1,0,1,1,0,0,1,1,1,1,0,0,1
2656,-1.10037807709611,0,0,0,0,0,0,0,1,0,1,1,0,0,1,0
2657,-0.731795699613783,0,1,0,0,0,1,0,1,0,0,0,0,1,1,0
2658,-1.06395122657852,0,0,0,0,0,0,0,0,0,0,1,0,1,1,0
2659,0.179536267840446,1,1,0,0,0,1,0,1,0,1,1,0,1,0,0
2660,1.82076506670231,1,1,1,1,1,1,1,1,1,0,1,1,1,1,0
2661,0.200129148472548,0,0,1,0,0,0,0,1,0,1,1,0,0,1,1
2662,0.469054664699233,0,0,0,0,0,1,0,1,0,1,1,0,0,1,0
2663,-0.913128516044151,0,1,0,0,0,0,0,0,0,1,0,0,1,0,0
2664,-0.997062842621175,0,0,0,0,0,0,0,0,0,1,0,0,0,0,0
2665,0.0397906258888302,1,1,0,0,0,1,1,1,0,1,0,0,0,1,0
2666,0.487739967279974,0,1,1,0,0,1,0,1,0,0,1,0,0,1,1
2667,-1.00591075857748,0,1,0,0,0,0,0,1,0,1,0,0,1,0,0
2668,0.30491216152073,0,0,0,0,0,0,0,0,0,0,1,0,1,1,0
2669,0.0893815688588721,0,1,0,0,0,1,0,1,1,0,1,0,1,1,0
2670,0.0381008087124816,0,0,0,0,0,1,0,0,0,1,1,0,1,0,0
2671,-0.540068137577048,0,1,0,0,0,1,0,0,0,1,0,0,1,1,0
2672,-0.4887483622902,0,1,0,0,0,0,0,0,0,1,0,0,0,1,0
2673,0.121013991451851,0,0,1,0,0,0,0,1,1,0,0,0,0,1,0
2674,-0.326690229808074,0,0,0,0,0,0,0,1,0,0,1,0,1,1,0
2675,-0.193585032421752,0,0,0,0,0,0,0,1,1,1,1,0,1,0,0
2676,-1.19370552852642,0,0,0,0,0,1,0,1,0,1,1,0,0,0,0
2677,-1.17459974539498,0,0,0,0,0,1,0,1,0,1,1,0,1,1,0
2678,-0.276493969060028,0,1,0,0,0,0,0,1,0,0,1,0,1,0,0
2679,-0.492455100238978,0,1,0,0,0,0,0,1,0,0,0,0,0,1,0
2680,2.31177869209996,1,1,1,1,1,1,1,1,1,0,1,1,1,0,1
2681,-0.551170835296073,0,1,0,0,0,1,0,1,0,1,0,0,1,1,0
2682,-0.564464527567945,0,0,0,0,0,1,0,1,0,0,0,0,1,0,0
2683,1.89155021264084,1,1,1,1,1,1,1,1,1,1,1,1,1,1,1
2684,0.0915033636702331,1,0,0,0,0,0,0,1,0,0,1,0,0,0,0
2685,0.46456860674134,0,0,1,0,0,0,0,1,0,1,0,0,1,1,0
2686,-0.448928545955457,0,0,0,0,0,1,0,1,0,1,0,0,1,0,0
2687,1.2988672702236,1,1,1,0,1,1,1,1,1,1,1,0,0,0,1
2688,0.357442945518092,0,0,0,0,0,0,0,0,0,1,1,0,1,0,0
2689,-1.79554686570245,0,1,0,0,0,0,0,0,0,0,0,0,0,0,0
2690,-0.132841006236846,0,1,0,0,0,0,0,0,0,1,0,0,1,1,0
2691,-2.05474274818323,0,1,0,0,0,1,0,0,0,0,0,0,1,1,0
2692,0.0941554766723367,0,1,0,0,0,1,0,1,0,0,1,0,1,1,0
2693,0.479525941995779,0,1,1,0,0,0,0,1,0,1,0,1,1,1,0
2694,1.16613321168798,1,1,0,1,0,0,1,1,0,0,1,1,1,0,1
2695,0.36296331054404,0,1,0,0,0,1,0,1,1,0,0,0,1,0,0
2696,0.513077443098787,0,1,0,0,0,1,1,1,1,1,1,0,0,0,1
2697,0.330157759678505,0,1,0,0,0,1,0,1,0,0,1,0,0,0,0
2698,-0.471108637263728,0,1,0,0,0,1,0,0,0,1,1,0,0,0,0
2699,1.14021905522695,1,1,1,0,0,1,0,1,1,1,1,1,1,0,1
2700,-1.02798373065189,0,0,0,0,0,0,0,1,0,1,1,0,1,1,0
2701,-0.966913913251227,0,1,0,0,0,0,0,0,0,0,0,0,0,0,0
2702,0.988471614359338,1,1,1,0,0,1,1,1,1,0,1,0,0,0,1
2703,2.05505007761456,1,1,1,1,1,0,1,1,1,0,1,1,1,0,0
2704,0.655547619657153,0,1,0,0,0,0,0,1,0,1,1,0,1,0,1
2705,-0.471840966523383,0,0,0,0,0,1,0,1,0,1,1,0,1,1,0
2706,0.861823413557756,0,1,0,0,0,1,0,0,0,0,1,0,0,0,0
2707,-1.5435103128353,0,0,0,0,0,1,0,1,0,0,0,0,1,1,0
2708,-0.845713343205964,0,1,0,0,0,0,0,1,0,0,1,0,0,1,0
2709,-0.156838974987777,1,0,0,0,0,1,0,1,0,0,0,0,1,0,0
2710,-0.0909339288876384,0,1,0,0,0,1,0,0,0,1,1,0,0,1,0
2711,-1.19750587573442,0,0,0,0,0,1,0,1,0,1,1,0,0,1,0
2712,-0.529639536031679,1,1,0,0,0,1,0,1,1,0,1,0,1,0,0
2713,-1.19312083710769,0,0,0,0,0,0,0,1,0,1,0,0,0,0,0
2714,-0.117332595874731,0,0,0,0,0,0,0,1,0,1,0,0,0,0,0
2715,-0.456148655922362,0,0,0,0,0,1,0,0,0,0,0,0,0,1,0
2716,0.72518365507005,1,0,1,0,0,1,0,1,0,1,1,0,0,1,1
2717,-0.741519703084122,0,0,0,0,0,0,0,1,0,1,0,0,0,0,0
2718,1.37628480852023,1,1,1,0,0,1,1,1,1,1,0,1,1,0,0
2719,-0.681728482301278,0,1,0,0,0,0,0,1,0,1,0,0,1,1,0
2720,-0.240336922285246,0,0,0,0,0,1,0,1,0,1,0,0,0,1,0
2721,1.65205326417099,1,1,1,1,1,1,1,1,1,1,0,1,1,1,1
2722,-1.79698334321955,0,1,0,0,0,0,0,0,0,1,0,0,0,0,0
2723,-1.32628086553713,0,0,0,0,0,1,0,0,0,0,0,0,1,0,0
2724,0.474065244424902,1,0,0,0,0,1,0,1,0,1,0,0,0,1,0
2725,-0.273984636108748,0,0,0,0,0,0,0,0,0,1,0,0,1,1,0
2726,1.26949811443687,1,1,1,0,0,0,0,1,0,0,1,1,1,1,0
2727,1.09140984369808,0,1,1,0,0,0,1,1,1,1,1,0,1,0,1
2728,0.479652740688345,1,1,0,0,0,0,0,1,1,1,1,0,1,1,0
2729,0.569856432514943,0,1,0,1,0,0,0,0,0,1,1,0,0,0,1
2730,-0.36338902033539,0,1,0,0,0,1,0,0,0,1,1,0,1,0,0
2731,-0.348856116779795,0,1,0,0,0,1,0,1,0,1,0,0,0,1,1
2732,-0.500306743460526,0,1,0,0,0,0,0,0,0,1,0,0,1,0,0
2733,0.181431562103841,0,1,0,0,0,0,0,1,0,1,0,0,0,1,0
2734,0.697054038380945,0,1,0,0,0,1,0,0,1,1,1,1,1,1,0
2735,0.681629813085684,1,0,0,1,0,0,0,1,1,1,0,1,0,1,0
2736,0.451697597291347,0,1,1,0,0,1,0,1,1,0,1,1,1,0,0
2737,0.0526023715585531,0,1,0,0,0,1,0,0,0,1,1,0,0,1,0
2738,1.06307895255579,1,0,0,0,0,0,0,1,1,1,1,0,0,1,1
2739,0.186286494568131,0,1,0,0,0,0,0,0,0,0,0,0,1,1,1
2740,-1.23538019343751,0,1,0,0,0,1,0,1,0,1,0,0,0,0,0
2741,-1.2758606708392,0,0,0,0,0,1,0,1,0,0,0,0,1,1,0
2742,0.112070786364475,0,1,0,0,0,0,0,1,0,0,1,0,1,0,0
2743,1.91061485724694,1,0,1,1,1,0,1,1,1,0,1,1,1,1,1
2744,-0.809256924917901,0,1,0,0,0,0,0,0,0,1,1,0,0,1,0
2745,-0.841772388987569,0,0,0,0,0,0,0,0,0,1,0,0,1,1,0
2746,-0.885621902630066,0,0,0,0,0,0,0,0,0,0,1,0,1,1,0
2747,-0.351404584280523,0,0,1,0,0,1,0,0,0,1,1,0,0,1,0
2748,-0.15647112187514,0,1,0,0,0,0,0,1,0,1,1,0,1,1,0
2749,1.03157231022773,1,1,0,0,0,1,0,1,1,0,1,1,0,1,1
2750,0.0841289967573079,1,0,0,0,0,0,0,1,0,0,1,0,1,1,0
2751,-0.345838823867634,0,1,0,0,0,0,0,1,0,0,0,0,0,0,0
2752,-0.131059636142708,0,1,1,0,0,0,0,1,0,0,0,0,1,0,0
2753,0.0780485372336008,0,0,0,0,0,0,0,1,0,1,0,1,1,0,0
2754,-2.14204801193876,0,0,0,0,0,0,0,0,0,0,0,0,0,0,0
2755,-0.179241268845609,0,1,1,0,0,0,0,0,0,1,1,0,0,1,0
2756,0.405479871257178,0,0,0,0,0,0,0,1,1,1,0,0,0,0,0
2757,-1.59561467678318,0,1,0,0,0,1,0,0,0,1,0,0,1,1,0
2758,0.506334925302194,0,1,0,0,0,1,0,1,1,1,1,0,1,1,0
2759,0.441800464812523,0,1,0,0,0,1,1,0,1,0,0,0,1,1,1
2760,-0.115280121432233,0,1,0,0,1,1,0,0,0,0,0,0,0,1,0
2761,0.8485791644454,1,0,1,0,0,0,0,1,1,1,0,0,0,0,1
2762,-0.789815559025016,0,1,0,0,0,1,0,0,0,0,0,0,1,0,0
2763,-0.780133663898524,0,0,0,0,0,0,0,1,0,0,1,0,1,0,0
2764,0.24795687856131,0,0,0,0,0,1,0,1,0,1,1,0,1,0,0
2765,-1.4998290802465,0,0,0,0,0,0,0,1,0,0,0,0,0,1,0
2766,1.03972354915846,1,0,1,1,0,1,1,1,1,1,1,1,0,0,1
2767,-0.875612461922072,0,0,0,0,0,1,0,1,0,1,1,0,0,1,0
2768,-2.2732808276742,0,1,0,0,0,1,0,1,0,0,0,0,0,0,0
2769,-0.451429419299154,0,0,0,0,0,1,0,1,0,1,0,0,0,0,0
2770,0.708472645860059,0,0,1,0,0,1,0,1,1,1,0,0,1,1,0
2771,-1.02016871839411,0,1,0,0,0,1,0,0,0,0,1,0,0,0,0
2772,1.85832208047464,1,1,1,1,1,1,1,1,1,1,1,1,1,1,1
2773,0.125563522925041,1,1,0,0,0,1,0,0,1,1,1,0,1,1,0
2774,-0.14942659287347,0,1,0,0,0,0,0,0,0,0,0,0,0,1,0
2775,-0.0567297111179692,0,1,0,0,0,1,0,1,0,1,1,0,0,0,0
2776,-0.0495130963131508,0,1,0,0,0,0,0,1,0,0,0,0,1,1,0
2777,0.61920711864072,0,1,0,0,0,1,0,1,1,1,0,1,1,0,1
2778,0.476795222719354,0,0,0,0,0,0,0,1,0,1,1,0,1,0,1
2779,-0.829667417045881,0,0,0,0,0,0,0,1,0,1,0,0,1,0,0
2780,-1.7283079761747,0,0,0,0,0,1,0,1,0,0,0,0,1,1,0
2781,-0.0683377902365136,0,0,0,0,0,0,0,1,0,0,0,0,1,1,0
2782,0.244876771631511,0,0,0,0,0,0,0,1,0,0,1,1,0,1,0
2783,-0.141351601962504,1,1,0,0,0,0,0,1,0,1,1,0,1,0,0
2784,0.914125380676023,1,1,0,1,0,0,1,1,1,1,1,1,1,1,0
2785,-0.886103224699585,0,0,0,0,0,1,0,0,0,1,0,0,1,1,0
2786,-0.0154909502203219,0,1,0,0,0,0,0,1,0,1,0,0,0,1,0
2787,-2.05739229075717,0,1,0,0,0,0,0,1,0,0,0,0,0,0,0
2788,0.208134459684158,1,0,0,0,0,1,1,1,0,1,1,1,0,1,0
2789,2.24235948258004,1,1,1,1,1,1,1,1,1,1,1,1,1,0,1
2790,-0.759485693833602,0,0,0,0,0,1,0,0,0,1,0,0,1,0,0
2791,1.16486080415042,1,0,1,1,0,0,1,1,1,0,1,1,0,1,0
2792,0.261621518338545,0,1,0,0,0,0,0,1,0,0,1,0,1,0,0
2793,0.0658353464646421,1,1,0,0,0,1,0,1,0,1,1,0,0,1,0
2794,-0.179571640941175,1,0,1,0,0,0,0,1,0,0,1,0,0,0,0
2795,1.42074520058831,1,0,1,0,0,0,1,1,1,1,1,1,1,1,1
2796,0.29660248107207,1,0,0,0,0,0,0,1,0,1,1,1,1,1,0
2797,0.819645219150966,0,1,1,0,0,0,1,1,0,1,0,1,0,1,1
2798,-2.0169908992886,0,1,0,0,0,1,0,0,0,1,0,0,0,0,0
2799,-1.4679131527846,0,1,0,0,0,1,0,1,0,1,1,0,0,1,0
2800,1.36256648424524,1,0,1,1,1,1,1,1,1,1,0,1,0,1,1
2801,-0.505679693619523,0,1,0,0,0,1,0,1,0,1,0,0,0,1,0
2802,0.714338237175753,0,1,1,0,0,0,0,1,0,1,1,1,1,1,0
2803,-0.0785335980972891,1,0,0,0,0,1,0,0,0,1,1,1,0,1,0
2804,-1.7109964884793,0,1,0,0,0,0,0,0,0,1,0,0,1,0,0
2805,-0.394158851423403,0,0,0,0,0,1,0,0,0,1,0,0,0,1,0
2806,-0.3680029224527,0,0,0,0,0,1,0,0,0,0,1,0,1,0,0
2807,-0.968018611664151,0,1,0,0,0,0,0,0,0,0,0,0,1,1,0
2808,1.72941138036399,1,0,1,1,0,0,1,1,1,1,1,1,1,1,1
2809,1.16549177539262,1,0,1,0,1,1,1,1,1,1,1,1,0,0,1
2810,-0.335239127475292,0,0,0,0,0,1,0,1,0,0,1,0,0,0,0
2811,1.11741078037297,1,0,1,0,0,1,0,0,1,1,1,1,0,0,1
2812,1.02268808956853,0,0,0,0,1,1,0,1,1,1,1,0,1,0,1
2813,1.49552096502665,1,1,1,0,0,0,0,1,1,0,1,1,1,0,1
2814,-0.926174714252201,0,0,0,0,0,1,0,0,0,1,0,0,0,0,0
2815,0.532026372553788,0,0,1,0,0,0,0,1,0,1,1,1,0,0,0
2816,-1.4159023551196,0,1,0,0,0,1,0,0,0,1,0,0,0,1,0
2817,1.75421800025048,1,1,1,1,1,1,0,1,1,1,0,1,1,0,1
2818,0.678739307689737,1,0,0,0,0,1,0,1,1,0,1,0,0,1,1
2819,-0.52702133870284,0,1,0,0,0,1,0,1,0,1,0,0,0,0,0
2820,0.835452257734944,1,1,1,0,0,1,0,1,1,0,0,1,1,0,0
2821,-0.777220192107958,0,0,0,0,0,1,0,0,0,0,1,0,1,1,0
2822,-0.629821669847381,0,0,0,0,0,1,0,1,0,0,1,0,0,1,0
2823,-0.444761247510418,0,1,0,0,0,1,0,0,0,1,1,0,0,0,0
2824,0.992437354828836,0,1,1,1,0,0,0,1,1,0,1,1,0,0,1
2825,0.267075712370577,1,0,0,0,1,1,0,1,0,1,1,0,1,1,0
2826,0.930031320716985,1,1,0,1,0,0,0,0,1,1,0,1,1,1,0
2827,-0.849212495767677,0,0,0,0,0,1,0,0,0,1,1,0,0,1,0
2828,0.752347483560049,1,1,0,0,1,1,0,1,0,1,1,1,1,1,0
2829,0.390925568714061,1,1,1,0,0,0,0,0,0,1,0,0,0,1,0
2830,-0.184076251445424,0,1,0,0,0,1,0,1,0,1,0,0,1,0,0
2831,0.0541900837877861,0,0,0,0,0,1,0,0,0,1,1,0,0,0,0
2832,-0.184113107527509,0,0,0,0,0,1,0,1,0,0,1,0,0,0,0
2833,0.518849380825174,1,1,1,0,0,1,0,1,0,1,0,1,0,1,1
2834,1.37839394587561,1,1,1,1,1,0,0,1,1,1,1,1,1,1,1
2835,-0.90993449477385,0,1,0,0,0,0,0,1,0,1,0,0,0,0,0
2836,0.324065723983931,0,0,0,1,0,1,0,0,0,1,0,0,1,0,0
2837,-0.365390327059735,0,1,0,0,0,1,0,0,0,0,0,0,1,0,0
2838,-1.0111812335318,0,1,0,0,0,0,0,1,0,1,1,0,1,0,0
2839,0.296559159401668,0,1,0,0,0,0,0,0,0,0,1,0,0,1,0
2840,0.512417994714431,1,0,0,0,0,0,0,1,1,1,0,1,1,1,0
2841,1.18026437766776,0,1,1,1,1,0,1,1,0,0,1,1,0,0,1
2842,0.16087350919218,0,1,0,0,0,0,0,1,1,1,1,1,1,0,0
2843,-1.36102236599415,0,0,0,0,0,1,0,1,0,0,1,0,1,1,0
2844,-1.07690076200965,0,0,0,0,0,1,0,1,0,0,1,0,1,1,0
2845,1.14349281804172,1,1,1,1,0,0,0,1,1,0,1,1,1,1,1
2846,-0.324703991059385,0,1,0,0,0,0,0,1,0,1,0,0,0,0,0
2847,0.594257545531989,0,1,0,0,0,1,0,0,0,1,1,0,0,0,0
2848,-0.387885797489462,0,1,0,0,0,1,0,0,0,1,1,0,0,1,0
2849,-1.37785543206324,0,1,0,0,0,1,0,0,0,0,0,0,0,1,0
2850,-1.11068941558759,0,1,0,0,0,1,0,1,0,0,1,0,0,0,0
2851,-0.594296210449657,0,0,0,0,0,1,0,1,0,1,0,0,1,1,0
2852,0.107337470963061,0,1,0,0,0,1,0,0,0,0,1,0,1,1,0
2853,0.196985441147701,0,0,0,0,0,0,0,1,0,1,1,0,1,1,0
2854,0.210277173755454,0,1,0,0,0,0,0,1,0,1,1,0,0,0,0
2855,-1.05030592717276,0,1,0,0,0,0,0,1,0,0,1,0,0,1,0
2856,-0.159918083444381,0,1,0,0,0,1,0,1,0,1,0,0,0,0,0
2857,1.41522997365141,1,1,1,1,0,1,1,1,1,1,1,1,0,0,1
2858,0.234159528410696,1,1,0,0,0,0,0,1,1,0,1,0,0,1,0
2859,-0.530382645312546,0,0,0,0,0,1,0,1,0,0,1,0,0,1,0
2860,0.913254458106954,1,1,0,1,0,1,1,0,1,1,1,1,1,1,1
2861,-1.97378920519569,0,0,0,0,0,1,0,0,0,0,0,0,1,0,0
2862,1.68078938297672,1,1,1,1,1,1,1,1,1,1,1,1,1,1,1
2863,0.130564684204442,0,0,0,0,0,0,0,1,0,1,1,0,1,1,0
2864,1.52377051028671,1,1,1,1,1,1,1,1,0,1,1,0,1,0,1
2865,-1.11733350459282,0,1,0,0,0,1,0,0,0,0,0,0,0,1,0
2866,1.01064153722957,1,1,1,1,0,1,0,1,1,0,1,1,0,0,0
2867,2.81614984549492,1,0,1,1,1,0,1,1,1,1,1,1,0,0,1
2868,1.62701797619015,1,0,1,0,1,1,1,1,1,0,1,1,1,1,1
2869,0.946883866081817,0,1,1,0,0,0,1,1,1,0,1,1,1,0,1
2870,-0.0364245055053694,0,0,0,0,0,0,0,1,1,1,0,0,1,0,0
2871,-0.120720959562481,0,0,0,0,0,1,0,1,0,1,1,0,1,1,0
2872,-1.50084666715895,0,0,0,0,0,1,0,0,0,1,1,0,1,1,0
2873,-0.680998449143319,0,1,0,0,0,1,0,0,0,1,1,0,1,1,0
2874,-0.721175222453048,0,1,0,0,0,0,0,1,0,1,0,0,1,0,0
2875,0.744817316960436,1,1,0,1,0,1,0,1,1,1,1,1,0,1,0
2876,1.02414840473751,1,1,1,1,1,1,0,1,1,1,0,1,1,0,1
2877,0.428394271176036,0,1,0,1,0,0,0,0,1,1,1,0,1,0,1
2878,-0.120726075798519,1,1,1,0,0,0,0,1,0,1,1,0,0,0,0
2879,2.30772012016762,1,0,1,1,1,1,1,1,1,0,1,1,1,1,1
2880,-1.68063668304045,0,1,0,0,0,0,0,1,0,0,1,0,1,1,0
2881,0.20012458228934,0,1,0,0,0,1,0,1,0,1,1,0,1,1,0
2882,0.988479895431281,0,0,1,0,0,0,0,1,0,1,1,0,1,0,0
2883,-1.33173470083961,0,0,0,0,0,1,0,0,0,1,0,0,0,1,0
2884,-0.0265847047775424,0,1,0,0,0,0,0,1,0,0,1,0,0,1,0
2885,-1.24281418711034,0,0,0,0,0,1,0,0,0,0,0,0,1,0,0
2886,-0.207141324516166,0,0,0,0,0,1,0,0,0,1,1,0,1,0,0
2887,0.054588619154114,0,0,0,1,0,0,0,0,0,0,1,0,1,1,0
2888,-0.958596079488354,0,1,0,0,0,1,0,1,0,0,1,0,1,0,0
2889,0.0338602869551808,0,0,0,0,0,0,0,1,0,1,1,0,0,0,0
2890,-0.984590324168441,0,0,0,0,0,0,0,0,0,1,0,0,1,1,0
2891,0.0284107675412548,0,1,0,0,0,0,0,1,0,1,0,0,1,1,0
2892,-0.388317124366115,0,0,0,0,0,1,0,1,0,1,0,0,0,1,0
2893,0.561081287417245,1,0,1,0,0,0,0,1,1,0,1,0,0,0,0
2894,0.734170010790395,0,0,0,1,0,1,0,1,1,1,1,1,0,1,1
2895,-0.707543039661987,0,0,0,0,0,1,0,1,0,1,1,0,0,0,0
2896,0.422128706894666,0,0,0,0,0,1,0,1,0,1,0,0,0,1,1
2897,0.967039222367004,0,1,1,0,0,1,0,1,1,1,0,1,1,1,1
2898,-0.0774357565977633,0,1,0,0,0,1,0,1,1,0,0,0,0,1,0
2899,-0.690940204524797,0,0,0,0,0,1,0,1,0,0,0,0,1,1,0
2900,-0.0152040468344547,0,1,0,0,0,0,0,1,0,1,1,0,0,1,1
2901,0.456596079275443,1,1,0,0,0,1,0,1,0,1,0,0,0,1,0
2902,0.610580190529576,1,1,0,0,0,1,0,0,0,1,0,1,0,1,0
2903,-1.05927348705238,0,1,0,0,0,1,0,1,0,0,1,0,1,1,0
2904,-1.43257800717968,0,1,0,0,0,1,0,1,0,1,0,0,0,1,0
2905,0.399360984024251,1,1,0,0,0,1,0,0,0,0,0,0,0,1,0
2906,-0.362919101661344,0,1,0,0,0,1,0,0,0,1,0,0,0,0,1
2907,0.165547247197555,1,0,0,0,0,0,0,1,0,1,1,0,1,0,0
2908,-1.14941753179083,0,0,0,0,0,1,0,0,0,0,1,0,1,0,0
2909,1.33701949021712,1,1,1,1,0,0,0,1,0,0,1,1,0,0,1
2910,0.891150372268886,1,1,1,0,0,1,0,1,1,1,1,1,1,0,1
2911,-0.588064190774019,0,0,0,0,0,1,0,0,0,1,0,0,0,0,0
2912,1.36030859288148,1,0,0,1,0,1,1,1,1,1,1,1,1,1,1
2913,1.13890505319732,1,0,1,0,0,0,0,1,1,1,1,1,0,1,1
2914,-0.220883341739806,0,0,0,0,0,1,0,1,0,0,1,0,0,1,0
2915,-0.0570891820374859,0,1,0,0,0,1,0,1,0,0,1,0,0,0,0
2916,-0.561421448779755,0,0,0,0,0,0,0,1,0,0,0,0,0,0,0
2917,-0.379640304999067,0,0,0,0,0,0,0,0,0,1,0,0,0,0,0
2918,-0.304529726239883,0,0,0,0,0,0,0,0,0,1,1,1,0,1,0
2919,-0.727930969152513,0,1,0,0,0,1,0,1,0,1,0,0,1,0,0
2920,2.02258950238684,1,0,1,1,1,1,1,1,1,0,1,1,0,0,1
2921,1.10090857907509,1,1,0,0,0,1,1,1,1,1,1,1,0,1,1
2922,-0.708384200297454,0,1,0,0,0,0,0,1,0,1,0,0,0,0,0
2923,0.644635949371621,0,1,1,1,0,1,0,1,1,1,0,1,1,1,1
2924,1.3723757824001,1,1,1,1,0,0,1,1,1,1,1,1,0,0,1
2925,-0.516269312952991,0,1,0,0,0,0,0,1,0,0,1,0,0,1,0
2926,0.349507991398411,0,1,0,0,0,0,0,1,0,1,0,0,1,0,0
2927,0.457187232791173,1,0,0,1,0,0,0,1,0,1,1,0,0,0,0
2928,0.485296761697897,1,1,1,0,0,1,0,0,0,0,1,0,1,1,1
2929,0.879538221660165,1,0,1,0,0,1,0,1,1,0,1,1,0,1,1
2930,0.233569913629884,1,1,0,0,0,1,0,1,0,1,1,0,0,1,1
2931,0.926231368345204,1,1,0,1,0,1,0,1,1,1,0,0,1,1,1
2932,1.26333611854695,1,1,1,0,1,0,1,1,1,1,1,1,1,1,1
2933,-0.76557201936595,0,1,0,0,0,0,0,1,0,0,1,0,0,1,0
2934,-0.605283570500245,0,0,0,0,0,0,0,1,0,0,0,0,0,0,0
2935,0.149510534586622,0,0,0,0,0,1,1,1,0,1,0,0,1,1,0
2936,-2.45245785441455,0,1,0,0,0,0,0,0,0,0,0,0,0,0,0
2937,-0.825861886905782,0,1,0,0,0,1,0,1,0,0,0,0,1,1,0
2938,0.586339413356884,0,0,1,0,0,1,0,1,1,1,1,0,1,0,0
2939,1.07850303287052,1,1,1,1,0,1,1,1,1,0,1,1,1,0,0
2940,-0.146463718361026,0,0,0,0,0,0,0,1,0,0,1,1,0,1,0
2941,2.38193126021107,1,0,1,1,1,1,1,1,1,0,1,1,1,1,1
2942,-0.123709312968023,0,1,0,0,0,1,0,1,0,0,0,0,1,1,0
2943,0.383573562834205,0,1,0,0,0,0,0,1,0,1,1,0,1,1,1
2944,-0.926836458021884,0,0,0,0,0,1,0,0,0,0,1,0,1,0,0
2945,1.29305279478467,1,1,1,1,1,0,1,1,1,1,1,1,0,1,1
2946,-1.16119033679862,0,1,0,0,0,0,0,0,0,0,0,0,0,0,0
2947,1.68811616146663,1,1,1,1,1,1,1,1,1,0,1,1,1,1,1
2948,0.669931624163125,0,0,1,0,0,0,0,1,1,1,1,1,0,1,1
2949,-2.02009006031169,0,0,0,0,0,1,0,0,0,0,0,0,0,0,0
2950,-2.27286436251228,0,1,0,0,0,0,0,0,0,0,0,0,0,1,0
2951,-0.109880705642886,0,0,0,0,0,0,0,0,0,1,0,0,0,0,0
2952,0.483040525897962,0,1,0,1,0,1,0,1,0,1,1,0,0,1,0
2953,0.701506885653587,1,0,1,0,0,1,0,0,1,1,1,1,0,0,0
2954,-0.607058404187094,0,1,0,0,0,1,0,1,0,0,0,0,1,1,0
2955,-0.285635963931653,0,1,0,0,0,0,0,1,0,1,1,0,0,0,0
2956,-1.14397630493789,0,1,0,0,0,0,0,0,0,1,0,0,1,0,0
2957,0.0540140455212768,1,0,0,0,0,1,0,0,0,0,0,0,1,1,1
2958,0.223645385290855,1,0,0,0,0,1,0,1,0,0,1,1,1,1,0
2959,-0.0149120704915329,0,1,0,0,0,0,0,1,0,0,0,0,0,1,0
2960,-0.667534672849166,0,1,0,0,0,1,0,0,0,0,0,0,1,0,0
2961,-1.4322368487253,0,0,0,0,0,0,0,0,0,1,1,0,1,1,0
2962,-0.391283452733208,0,1,0,0,0,0,0,1,0,1,0,0,0,1,0
2963,-0.401928585849696,0,1,0,0,0,0,0,1,0,0,1,0,0,1,0
2964,-0.160828551444644,0,0,0,0,0,1,0,1,0,1,1,0,0,0,0
2965,-0.852313164300582,0,1,0,0,0,0,0,0,0,1,0,0,0,1,0
2966,0.707178664217473,1,1,0,0,0,1,0,1,1,1,1,0,1,0,1
2967,0.00321389441355505,0,0,0,0,0,0,0,1,0,1,1,0,1,1,0
2968,-0.40173220348312,0,0,0,0,0,0,0,1,0,1,1,0,1,0,0
2969,-0.157317429712915,0,0,0,0,0,1,0,0,0,1,1,0,0,0,0
2970,0.533513326405171,0,0,0,0,0,0,1,1,0,1,1,1,0,0,0
2971,-1.02256420341669,1,0,0,0,0,0,0,0,0,0,0,0,0,1,0
2972,0.263955527811818,0,0,0,0,0,1,0,1,0,1,1,0,0,0,0
2973,-0.487974634194354,0,0,0,0,0,0,0,1,0,1,0,0,1,0,0
2974,0.242340616881766,0,0,0,0,0,1,0,1,1,1,0,1,1,0,0
2975,1.40826037298647,1,0,1,1,0,1,1,1,1,0,1,1,1,1,1
2976,-1.46231725943539,0,0,0,0,0,0,0,0,0,1,0,0,1,1,0
2977,1.92571915730652,1,1,1,1,1,0,1,1,1,1,1,1,0,1,1
2978,-2.84967191764064,0,0,0,0,0,1,0,1,0,0,0,0,1,0,0
2979,3.43863062483093,1,1,1,1,1,1,1,1,1,1,1,1,1,1,1
2980,0.288517448776818,0,1,0,0,0,1,0,1,0,1,1,0,1,0,1
2981,-0.365521372494833,0,1,0,0,0,0,0,1,0,1,1,0,0,1,0
2982,-0.794111455550999,0,1,0,0,0,1,0,1,0,1,1,0,1,1,0
2983,0.385098993645018,1,1,0,0,0,0,0,1,1,1,0,0,1,0,0
2984,-0.519222900689886,0,0,0,0,0,1,0,1,0,1,0,0,1,0,0
2985,0.752679951047599,0,1,1,0,0,1,0,1,1,0,0,1,1,0,1
2986,0.711076434048191,1,1,0,0,0,0,0,1,1,1,1,1,0,1,0
2987,0.595080152409477,1,0,1,1,1,1,0,1,1,1,1,1,1,1,1
2988,0.165842624303017,0,0,0,0,0,0,0,1,0,0,1,1,1,0,0
2989,0.691397896212321,0,1,0,0,0,1,0,1,1,1,1,1,0,0,0
2990,-0.0790678138972606,0,0,0,0,0,1,0,1,0,1,1,0,1,1,0
2991,0.80875094035655,1,0,1,1,0,0,0,1,1,0,1,0,0,0,1
2992,1.72146600667047,1,1,1,1,1,1,1,1,1,1,0,1,0,1,1
2993,-0.849047185505092,0,0,0,0,0,1,0,0,0,0,0,0,1,1,0
2994,0.515205597914849,1,1,1,0,0,1,0,1,1,1,1,0,1,1,1
2995,0.123742286463976,0,0,0,0,0,1,0,0,0,1,1,0,1,1,0
2996,-0.0866496960218458,0,1,0,0,0,1,0,0,0,1,1,0,1,1,0
2997,-1.17081886908355,0,0,0,0,0,1,0,0,0,0,0,0,0,0,0
2998,-0.474468092491454,0,1,0,0,0,1,0,0,0,0,1,0,1,1,0
2999,-0.834013382281326,0,1,0,0,0,1,0,1,0,1,1,0,0,1,0
3000,1.56767793537719,1,0,1,0,1,1,1,0,1,0,1,1,1,1,1
3001,-2.46432738093739,0,0,0,0,0,0,0,0,0,1,0,0,1,1,0
3002,1.33271394892332,1,1,1,0,1,1,1,1,1,1,1,1,1,1,1
3003,-0.141896917163068,1,0,0,0,0,0,0,0,0,1,1,0,1,1,0
3004,-0.453548465775847,0,0,0,0,0,1,0,0,0,1,0,0,0,1,0
3005,0.837794379946994,1,0,1,0,1,1,0,1,1,1,1,0,0,1,1
3006,-0.376390026475634,0,1,0,0,0,0,0,0,0,1,0,0,1,1,0
3007,1.11081664252294,1,0,1,0,0,1,1,1,1,0,0,1,1,1,0
3008,-0.316043065865564,0,1,0,0,0,0,0,1,1,1,0,0,0,0,0
3009,0.245542202664625,1,1,0,0,0,1,0,1,0,1,0,0,0,0,0
3010,-0.529591832966556,0,0,0,0,0,0,0,1,0,1,1,0,1,0,0
3011,-0.0611960137361334,0,0,0,0,0,1,0,0,0,0,0,0,1,1,0
3012,0.238122004084515,0,1,0,0,0,1,0,0,1,0,1,0,1,0,1
3013,-0.210015145335393,0,1,0,0,0,1,0,1,0,1,0,0,1,0,0
3014,2.34043241054526,1,1,1,1,1,0,1,1,1,0,1,1,1,1,1
3015,-1.48000345761169,0,0,0,0,0,0,0,1,0,1,1,0,1,0,0
3016,0.00773832536331221,0,0,0,0,0,1,0,1,0,1,1,1,0,0,0
3017,0.149137580055097,0,0,0,0,0,0,0,0,0,1,1,0,1,0,0
3018,-0.582556197737717,0,1,0,0,0,0,0,0,0,1,0,0,1,0,0
3019,-0.914672574796126,0,0,0,0,0,0,0,0,0,1,0,0,1,1,0
3020,0.332444002739822,0,1,0,0,0,1,0,1,1,1,0,0,1,0,0
3021,2.12740251593449,1,0,1,1,1,0,1,0,1,0,1,1,1,1,1
3022,-0.27653175933091,0,1,0,1,0,0,0,0,0,0,0,0,1,1,0
3023,0.295997706983929,0,0,0,0,0,1,0,1,1,1,1,0,1,0,0
3024,-0.184118262858223,0,0,0,0,0,1,0,0,0,1,0,0,0,0,0
3025,-0.632462885273612,0,0,0,0,0,1,0,1,0,1,1,0,1,1,0
3026,0.935256966015165,1,0,0,0,0,0,0,1,1,0,1,1,1,0,1
3027,0.575340576070746,1,1,0,0,0,0,0,1,1,0,1,0,0,1,1
3028,-0.172960885369988,0,1,0,0,0,0,0,1,0,1,1,0,0,0,0
3029,-0.3604236418035,0,0,0,0,0,1,0,1,0,1,1,0,0,1,0
3030,-0.421147785596167,0,0,0,0,0,1,0,1,0,0,1,0,1,1,0
3031,1.16111734746746,0,0,1,0,0,1,1,1,1,1,1,1,1,1,0
3032,0.273898477170864,1,1,0,0,0,1,0,1,0,1,1,0,1,0,0
3033,0.374312618594188,0,0,1,0,0,1,0,1,0,0,1,0,1,0,0
3034,1.03254086389845,1,0,0,1,1,1,0,0,1,1,1,1,1,1,1
3035,0.207101164877612,0,1,0,0,0,1,0,1,0,0,1,0,1,1,1
3036,-0.539730379756256,0,1,0,0,0,0,0,0,0,0,0,0,0,0,0
3037,-0.243229787302763,0,1,0,0,0,1,0,0,0,1,0,0,1,0,0
3038,-0.277694872995226,0,0,0,0,0,1,0,0,0,0,0,0,1,1,0
3039,2.15144483727115,1,1,1,1,1,0,1,1,1,1,1,1,1,0,1
3040,-0.841144519607397,0,1,0,0,0,0,0,0,0,1,1,0,1,1,0
3041,2.34050160274213,1,0,1,1,1,1,1,1,1,1,1,1,0,1,1
3042,-0.895090492742329,0,0,0,0,0,1,0,1,0,0,1,0,0,1,0
3043,0.74396623395645,1,1,0,0,0,1,1,1,0,0,0,1,1,1,0
3044,-0.296336293311449,0,1,0,0,0,0,0,0,0,1,1,0,1,0,0
3045,-0.272256503387623,0,1,0,0,0,1,0,1,0,1,0,0,1,1,0
3046,0.502753066004191,0,1,0,0,0,0,0,1,0,0,0,1,1,1,0
3047,0.951189123121898,1,1,1,0,0,1,1,1,1,0,1,1,1,1,1
3048,-1.03143915474615,0,1,0,0,0,1,0,1,0,0,0,0,0,0,0
3049,-1.14982731972136,0,1,0,0,0,0,0,1,0,1,1,0,1,0,0
3050,-1.03260833707626,0,0,0,0,0,0,0,1,0,1,0,0,1,0,0
3051,1.09648230213087,1,1,1,0,0,0,1,1,1,1,1,1,1,0,1
3052,-0.0214997208813875,0,1,0,0,0,1,0,1,0,1,0,0,1,1,0
3053,0.705506409100608,1,1,0,0,0,0,0,1,0,1,0,0,0,1,1
3054,-1.01412641855203,0,0,0,0,0,1,0,1,0,1,1,0,0,1,0
3055,-0.769615851123433,0,0,0,0,0,1,0,0,0,1,1,0,1,1,0
3056,1.45295367920649,1,1,1,1,0,0,1,1,0,1,1,1,1,1,1
3057,-0.59701536251137,0,0,0,0,0,0,0,0,0,1,0,0,0,0,0
3058,-0.310025575696305,0,1,0,0,0,0,0,1,0,0,1,0,1,1,0
3059,-0.337511141220947,0,1,0,0,0,0,0,1,0,0,0,0,1,0,0
3060,0.0359288150206305,0,1,0,0,0,1,1,1,0,1,0,0,1,0,0
3061,-0.0107319800430634,0,1,0,0,0,1,0,1,0,0,0,0,0,1,0
3062,0.537083413892088,1,1,1,0,0,1,0,1,0,1,1,1,1,1,1
3063,0.627437220622989,0,0,0,1,0,0,0,1,0,1,1,1,1,1,0
3064,-0.26154043456223,0,1,0,0,0,0,0,0,0,0,0,0,0,1,0
3065,0.000242637623178934,0,0,1,0,0,0,0,1,0,0,0,0,0,0,0
3066,0.0684209816838327,0,0,0,0,0,0,0,0,0,1,0,0,1,1,0
3067,-1.12517441544648,0,0,0,0,0,1,0,1,0,0,0,0,1,0,0
3068,1.30360904114853,1,0,1,1,0,1,0,1,1,1,1,1,1,1,0
3069,-1.16968102924703,0,1,0,0,0,0,0,1,0,1,0,0,1,1,0
3070,-1.07192715760663,0,1,0,0,0,0,0,1,0,1,0,0,0,0,0
3071,0.208097744628513,0,1,0,0,0,1,0,1,0,1,1,0,1,1,0
3072,0.632852182778821,0,1,1,0,0,1,0,1,1,1,1,1,1,1,0
3073,-0.419210819231787,0,0,0,0,0,0,0,0,0,1,0,0,1,1,0
3074,1.05812305674134,1,1,0,1,0,1,1,1,0,1,1,1,0,0,0
3075,0.962698702582555,0,1,1,0,0,0,0,1,1,1,1,0,1,1,1
3076,0.488994540823313,0,1,1,0,0,1,0,1,1,1,1,0,1,1,0
3077,2.14272929537575,1,1,1,1,0,1,1,1,1,1,1,1,1,0,1
3078,0.534638159583936,0,1,0,0,0,0,0,1,1,1,0,0,0,1,0
3079,-0.860934612622586,0,1,0,0,0,1,0,1,0,0,0,0,1,0,0
3080,1.36986468474985,1,1,1,1,0,1,1,1,1,1,0,0,1,1,1
3081,-1.19868189066706,0,0,0,0,0,1,0,0,0,0,0,0,0,1,0
3082,-0.530387795224685,1,0,0,0,0,1,0,0,0,1,1,0,1,1,0
3083,0.0132678942867206,0,1,0,0,0,1,0,0,0,1,0,1,1,1,0
3084,1.5520464580915,0,1,1,1,0,1,1,1,1,1,1,1,1,0,1
3085,-0.277388191898426,0,1,0,0,0,0,0,1,0,1,0,0,1,1,0
3086,-0.492088123352896,0,1,0,0,0,1,0,1,0,1,1,0,0,0,0
3087,1.75101754105852,1,0,1,1,1,1,1,1,1,1,1,1,0,0,1
3088,0.570199243646714,0,0,0,1,0,0,0,1,1,0,1,1,1,1,1
3089,0.536326600723413,1,1,1,0,0,1,0,1,0,1,1,0,1,0,1
3090,0.461540601473064,1,1,0,0,0,1,0,1,0,0,1,0,1,1,1
3091,-0.855546030237327,0,1,0,0,0,1,0,1,0,1,0,0,0,0,0
3092,-0.518150910352826,0,1,0,0,0,0,0,1,0,0,1,0,1,1,0
3093,-1.75589706300439,0,0,0,0,0,1,0,1,0,0,0,0,1,0,0
3094,0.394238698293972,1,1,0,0,0,1,0,1,0,0,0,0,1,1,1
3095,-1.61760943289578,0,1,0,0,0,1,0,0,0,1,0,0,1,0,0
3096,0.351708317138831,0,1,1,0,0,1,1,0,1,0,0,0,1,1,0
3097,-0.413347051336883,0,1,0,0,0,1,0,1,0,0,1,0,1,0,0
3098,0.127758901937877,0,1,0,0,0,0,0,1,0,1,0,0,1,1,0
3099,1.16006856245008,1,0,1,1,0,1,0,1,1,1,1,1,1,0,1
3100,0.319074507001899,0,0,1,0,0,1,0,1,0,1,0,1,0,1,0
3101,-0.569089540421468,0,0,0,0,0,0,0,1,0,1,1,0,0,0,0
3102,-0.228978853554663,0,1,0,0,0,1,0,1,0,0,1,0,0,0,0
3103,-1.52353514594097,0,0,0,0,0,0,0,0,0,0,1,0,1,1,0
3104,1.13549984285908,1,1,0,0,0,0,1,1,0,0,0,1,1,0,0
3105,-1.53553512078767,0,0,0,0,0,1,0,0,0,0,0,0,0,0,0
3106,0.425332391063726,1,1,0,0,0,1,0,0,1,0,1,0,1,1,1
3107,0.673851117238625,0,1,0,1,1,0,1,1,0,1,0,1,0,1,0
3108,-0.0471034772362248,0,0,0,0,0,1,0,1,0,1,0,0,1,1,0
3109,1.89151987945636,1,1,1,1,1,1,1,0,1,1,1,1,1,1,0
3110,0.413652518375272,1,0,0,0,0,0,1,0,1,1,1,1,0,0,1
3111,1.36002847216548,1,0,1,1,1,1,1,1,1,1,1,1,1,1,1
3112,0.927612545819641,1,1,0,0,0,1,1,0,1,1,1,1,1,1,0
3113,2.83777545916855,1,1,1,1,1,0,1,1,1,1,1,1,1,1,1
3114,1.07741557838899,1,1,1,1,0,1,1,1,1,1,0,1,0,0,1
3115,0.985307580437689,1,0,0,1,0,0,0,1,1,1,1,1,0,0,1
3116,-0.109231688864551,1,1,0,0,1,0,0,1,0,1,1,0,0,0,0
3117,1.99686778236852,1,1,1,0,1,1,1,1,1,0,1,1,1,1,1
3118,-0.604629545460918,0,0,0,0,0,1,0,0,0,1,0,0,1,1,0
3119,0.966855016274152,1,1,1,1,1,0,0,0,1,1,1,1,0,1,1
3120,0.0129427638365388,0,1,0,0,0,0,0,1,0,1,1,0,0,0,0
3121,1.17960202155141,1,0,1,0,1,1,1,1,1,1,1,1,1,1,1
3122,1.23124403746499,1,0,0,1,0,1,1,0,1,1,1,1,0,0,1
3123,-0.590979575612142,0,1,0,0,0,1,0,1,0,1,1,0,1,1,0
3124,-0.644333811188749,0,1,0,0,0,0,0,1,0,0,1,0,1,0,0
3125,-0.553348602291276,0,0,0,0,0,1,0,0,0,1,1,0,1,1,0
3126,0.970552319978761,1,0,1,0,0,1,0,0,1,1,1,1,1,1,1
3127,1.3541835122302,1,0,1,1,1,0,1,1,1,0,1,1,1,1,1
3128,-0.0442601516743696,0,0,0,0,0,0,0,0,0,1,1,1,1,0,0
3129,-0.0844857691479223,0,1,0,0,0,0,0,1,0,1,0,0,0,0,0
3130,1.38441261435392,1,1,1,1,0,0,1,1,1,1,1,1,1,1,0
3131,-0.477515229645053,0,0,0,0,0,0,0,1,0,1,0,0,1,0,0
3132,-0.157758601760823,0,1,0,0,0,1,0,0,0,0,1,0,1,1,0
3133,1.53160277471875,1,0,1,1,0,1,1,1,1,1,1,1,1,0,1
3134,-0.826817793166837,0,0,0,0,0,0,0,1,0,1,1,0,0,0,0
3135,2.21541066020975,1,0,1,1,1,0,1,0,1,1,1,1,1,0,1
3136,-1.89396806466749,0,1,0,0,0,0,0,0,0,1,0,0,1,0,0
3137,-0.934300655931513,0,0,0,0,0,1,0,0,0,1,1,0,0,1,0
3138,0.240965800009163,0,0,0,0,0,1,0,1,0,1,0,1,1,1,0
3139,-1.04628205158924,0,1,0,0,0,0,0,0,0,0,1,0,1,0,0
3140,0.186825675923076,1,0,1,0,0,0,0,0,0,1,1,0,1,0,0
3141,0.433848812558672,0,1,0,0,0,1,0,1,0,1,0,0,1,0,1
3142,0.533106221141401,0,1,1,0,0,0,1,1,0,0,0,0,1,1,0
3143,0.104572535773054,0,1,0,0,0,1,0,1,0,1,1,0,1,1,0
3144,0.242345237925957,0,1,0,0,0,1,0,0,0,1,1,1,1,0,0
3145,0.21005530183087,0,0,1,0,0,1,0,1,1,1,1,0,1,0,1
3146,-0.87587829015332,0,1,0,0,0,1,0,1,0,1,0,0,0,1,0
3147,1.40383801524429,1,1,1,1,0,1,1,0,1,1,1,1,0,0,1
3148,0.399365841143979,0,0,1,0,0,1,0,0,1,1,1,0,0,1,0
3149,-0.038707709592185,0,0,0,0,0,0,0,1,0,0,1,1,0,1,0
3150,0.318562722095886,1,0,0,0,0,0,0,1,0,1,0,0,1,1,0
3151,0.922708152126104,1,0,0,1,0,1,0,1,0,1,1,1,1,1,0
3152,-0.0332520009978886,0,1,0,0,0,1,0,1,0,1,0,0,1,1,0
3153,-1.00050395510836,0,0,0,0,0,0,0,1,1,1,0,0,1,0,0
3154,1.27814543846669,1,1,0,1,0,0,1,1,0,0,1,1,1,0,1
3155,1.41089425549079,1,0,1,1,0,1,1,1,1,1,1,1,0,0,1
3156,-0.887420764005504,0,1,0,0,0,0,0,1,0,0,1,0,0,1,0
3157,0.951810664024925,1,1,1,0,0,1,0,1,1,1,0,0,1,1,0
3158,0.0865761392520045,0,1,0,0,0,1,0,1,0,1,1,0,1,1,0
3159,0.638922391821408,0,1,0,0,0,1,0,0,1,1,1,0,1,0,0
3160,0.299973920064079,0,0,0,0,0,1,0,1,1,1,0,0,0,0,0
3161,-1.40404797027362,0,0,0,0,0,0,0,0,0,0,1,0,1,0,0
3162,-1.1251659812134,0,0,0,0,0,1,0,1,0,0,0,0,1,0,0
3163,-0.597358216650812,0,0,0,0,0,1,0,1,0,0,0,0,1,0,0
3164,-1.57077575906302,0,1,0,0,0,1,0,1,0,1,1,0,1,1,0
3165,1.10045062574366,1,1,1,1,0,1,1,1,1,1,1,1,0,1,0
3166,-0.664466961685903,0,1,0,0,0,1,0,1,0,1,0,0,0,0,0
3167,-0.77273984834856,0,0,0,0,0,0,0,1,0,1,1,0,1,1,0
3168,0.652083326674646,0,1,0,0,0,1,0,1,1,1,1,0,1,0,0
3169,-1.38917935923714,0,0,0,0,0,1,0,1,0,1,1,0,1,0,0
3170,-1.28893224680063,0,0,0,0,0,0,0,0,0,0,1,0,1,1,0
3171,-0.318992522233329,0,1,0,0,0,1,0,1,0,1,1,0,0,0,0
3172,0.582897733849872,0,1,0,0,0,0,0,1,0,1,1,1,1,0,0
3173,-1.10902540010577,0,1,0,0,0,0,0,1,0,1,1,0,1,0,0
3174,-0.534223339939312,0,0,0,0,0,0,0,1,0,1,0,0,1,0,0
3175,-1.07313480019565,0,1,0,0,0,0,0,0,0,1,0,0,0,1,0
3176,-0.942011474803137,0,0,0,0,0,0,0,1,0,1,0,0,0,1,0
3177,0.0941210258604872,0,1,0,0,0,1,1,1,0,1,1,1,1,0,0
3178,0.845250490053282,1,1,1,0,0,0,0,1,1,1,1,1,0,1,0
3179,-0.363965804331008,0,0,0,0,0,0,0,1,0,1,1,0,1,0,0
3180,1.62488314655281,1,1,1,0,1,1,1,1,1,1,1,1,1,1,0
3181,-0.0383440740066232,0,0,0,0,0,1,0,0,0,0,1,0,1,1,0
3182,-1.13953827627508,0,1,0,0,0,1,0,1,0,0,1,0,1,0,0
3183,0.560706731525322,1,0,0,0,1,0,1,0,0,1,0,1,1,1,0
3184,0.303087748060883,0,1,0,0,0,1,0,1,0,1,1,1,0,1,0
3185,0.0965852518908664,1,0,0,0,0,1,0,1,0,1,0,1,0,1,1
3186,0.170534164175765,1,1,1,0,0,1,0,1,0,1,1,0,1,0,0
3187,0.485893279255512,0,1,0,0,0,0,0,1,1,1,1,0,1,1,1
3188,0.37704009168923,1,0,0,0,0,1,0,0,0,0,0,1,0,1,1
3189,0.000531524489983199,1,0,0,0,0,0,0,0,0,0,1,0,1,1,1
3190,-0.0791045951245617,0,0,0,0,0,1,0,1,0,1,1,0,1,0,1
3191,-1.33261847932869,0,1,0,0,0,0,0,1,0,1,1,0,1,0,0
3192,-1.16671170146172,0,1,0,0,0,0,0,1,0,0,1,0,1,0,0
3193,1.24296314533162,0,1,1,1,1,0,1,1,0,1,1,1,1,0,0
3194,-0.96368114381379,0,1,0,0,0,1,0,1,0,1,1,0,1,1,0
3195,0.582121989123873,1,1,0,0,0,0,0,1,0,1,1,1,0,0,0
3196,0.68091188749071,1,1,1,0,0,1,1,1,1,0,0,1,1,0,1
3197,-0.506005709988828,0,1,0,0,0,1,0,1,0,0,1,0,0,1,0
3198,1.89374451195235,1,1,1,1,1,1,1,1,1,1,1,1,1,1,1
3199,0.376737588275448,0,0,0,0,0,1,0,1,0,1,1,0,1,0,1
3200,-0.0182113614859466,0,1,0,0,0,0,0,1,1,1,1,0,1,0,0
3201,-0.218481442931936,0,1,0,1,0,1,0,0,0,0,1,0,1,0,1
3202,0.790700513168333,0,1,0,0,0,1,0,0,1,0,1,1,1,1,1
3203,0.242598423992293,0,1,0,0,1,1,0,1,0,1,1,0,1,0,0
3204,-0.75872716488009,0,0,0,0,0,1,0,1,0,0,0,0,1,1,0
3205,0.215075479021189,1,0,0,0,0,0,0,1,0,1,1,0,1,1,0
3206,-0.15131231741128,0,1,0,0,0,1,0,1,0,1,1,0,0,1,0
3207,-0.0959738750979656,0,0,0,1,0,0,0,1,0,0,0,0,0,0,0
3208,-1.65303124799716,0,0,0,0,0,1,0,1,0,1,0,0,1,0,0
3209,-0.141891787587106,0,0,0,0,0,0,0,0,0,0,1,0,0,0,0
3210,0.0293482357170454,0,0,0,0,0,1,0,0,0,1,0,0,1,0,0
3211,0.0379882974423133,1,0,0,0,0,0,0,1,0,1,1,0,1,1,0
3212,-0.655456217798887,0,0,0,0,0,1,0,0,0,1,0,0,0,0,0
3213,-0.234490159446112,0,0,0,0,0,0,0,0,0,0,1,0,1,1,0
3214,-1.70040735599013,0,1,0,0,0,1,0,1,0,1,0,0,1,1,0
3215,1.63502626328119,1,1,1,1,1,0,1,1,1,1,0,1,1,1,1
3216,2.03806955724356,1,0,1,1,1,1,1,1,1,1,1,1,1,1,1
3217,0.744878149430054,0,0,1,1,0,0,1,1,0,0,1,0,1,1,0
3218,0.0729767326886263,1,0,0,0,0,1,0,1,0,1,1,0,1,1,0
3219,0.334858342580149,1,1,0,0,0,0,0,0,0,1,1,0,1,1,0
3220,1.46769836288805,0,1,1,1,0,1,1,1,1,0,1,1,1,1,1
3221,0.7288742840083,0,1,1,0,0,0,0,1,1,1,1,1,1,0,1
3222,0.304606963486177,0,1,0,0,0,1,0,1,0,0,1,0,1,1,1
3223,2.12424534937751,1,0,1,1,1,1,1,1,1,1,1,1,0,0,1
3224,0.0311005580366804,0,0,1,0,0,1,0,0,0,1,1,0,0,0,1
3225,-0.780852595350525,0,1,0,0,0,0,0,1,0,1,1,0,0,1,0
3226,0.5917617944992,1,1,1,0,0,0,1,1,0,1,0,0,1,1,1
3227,-0.341848911694159,0,0,0,0,0,1,0,0,0,1,1,0,0,1,0
3228,-0.365828076042885,0,1,0,0,0,0,0,1,0,1,1,0,1,1,0
3229,1.24227054273083,1,1,0,1,0,1,0,1,1,1,1,1,1,0,1
3230,1.50781147037833,1,0,1,1,0,1,1,1,1,0,0,1,0,1,0
3231,0.194249500299723,0,1,0,0,0,0,0,1,1,1,1,0,1,1,0
3232,-1.32489966255779,0,1,0,0,0,0,0,1,0,0,0,0,0,0,0
3233,0.462454797764981,1,1,0,0,0,0,0,0,1,0,1,1,1,1,0
3234,-0.160464482396773,0,1,0,0,0,0,0,0,0,1,1,0,0,1,0
3235,-0.0179244406841967,0,0,0,0,0,1,0,1,0,0,1,0,0,1,0
3236,-0.697368474994099,0,0,0,0,0,0,0,0,0,1,0,0,1,0,0
3237,-0.153983980742835,0,1,0,0,0,1,0,1,0,1,1,0,0,1,1
3238,0.288771343328481,0,1,1,1,0,0,0,1,0,1,0,0,1,1,0
3239,-0.529267656580921,0,1,0,0,0,1,0,0,0,0,1,0,1,0,0
3240,-0.970685241874147,0,0,0,0,0,0,0,1,0,1,1,0,1,1,0
3241,1.57813688443441,1,1,1,1,1,1,1,1,1,0,1,1,1,0,1
3242,-1.60607488080145,0,1,0,0,0,1,0,0,0,1,1,0,1,1,0
3243,0.181137902712588,0,0,0,0,0,1,0,1,0,1,1,0,0,1,0
3244,1.10894885881554,1,1,1,0,0,1,1,1,1,1,1,1,0,0,1
3245,0.0284056794834981,1,1,0,0,0,0,0,1,0,1,0,0,0,1,0
3246,0.221958282622514,1,1,0,0,0,1,0,1,1,1,1,0,0,1,0
3247,0.579198253567038,0,1,0,0,0,0,1,0,0,1,1,1,1,1,1
3248,-1.1157367864692,0,0,0,0,0,0,0,0,0,1,1,0,1,1,0
3249,1.22942886176052,1,1,1,0,0,0,1,0,0,1,1,1,0,1,1
3250,0.644783532601646,1,0,0,0,0,1,0,0,1,1,1,1,0,0,1
3251,0.425954943514599,0,1,0,0,0,1,0,1,1,1,0,0,1,0,0
3252,-1.17452722264644,0,1,0,0,0,0,0,0,0,0,1,0,0,1,0
3253,0.396896041191904,0,1,0,0,0,0,0,1,0,1,1,0,1,0,0
3254,-0.425286432441811,0,1,0,0,0,0,0,1,0,1,0,0,0,0,0
3255,-0.363660024606977,0,1,0,0,0,1,0,0,0,1,1,0,1,0,0
3256,2.34225610149526,1,1,1,1,1,0,1,1,1,1,1,1,1,1,1
3257,0.967962532169712,1,1,0,0,0,1,0,1,1,1,1,1,0,1,1
3258,0.825342786212882,0,1,1,0,0,1,0,1,0,1,1,1,0,1,1
3259,2.12735947541094,1,1,1,1,1,1,1,1,1,1,1,1,1,1,1
3260,-1.22881606805175,0,0,0,0,0,0,0,0,0,0,1,0,0,1,0
3261,1.14863679249595,1,1,1,1,0,1,0,0,1,1,1,0,0,1,1
3262,-0.783666335565083,0,1,0,0,0,0,0,1,0,1,0,0,0,1,0
3263,-2.83541286185635,0,0,0,0,0,0,0,0,0,0,0,0,0,0,0
3264,-0.515289446805245,0,1,0,0,0,1,0,1,0,1,0,0,0,0,0
3265,1.00531796486959,1,1,1,0,0,1,1,0,1,0,1,1,0,0,1
3266,-0.485848716380131,0,0,0,0,0,0,0,0,0,1,1,0,1,0,0
3267,-1.50119439256651,0,1,0,0,0,0,0,1,0,0,0,0,0,0,0
3268,-0.0318242533423515,0,1,0,0,0,1,0,1,0,0,1,0,1,1,0
3269,-0.898270494454878,0,1,0,0,0,0,0,1,0,0,0,0,1,1,0
3270,-0.305210886474559,0,0,0,0,0,0,0,1,0,0,1,0,1,1,0
3271,-2.16423156329664,0,0,0,0,0,1,0,1,0,0,0,0,1,1,0
3272,0.527066831495057,1,1,1,0,0,0,0,0,1,1,1,0,0,0,0
3273,0.181101067901547,0,1,0,0,0,1,0,0,0,1,0,1,1,0,0
3274,0.378794790437239,1,0,0,0,0,1,0,1,0,0,0,0,1,0,0
3275,-0.955819204624619,0,1,0,0,0,1,0,1,0,1,1,0,1,1,0
3276,0.841719792648347,1,1,1,0,0,0,0,0,1,1,1,1,1,0,0
3277,0.448207430477518,0,0,0,0,1,0,0,0,1,1,1,0,1,1,0
3278,0.0423705311506924,0,1,0,0,0,0,0,0,0,0,1,0,1,1,0
3279,-0.151353643895762,0,0,0,0,0,1,0,1,0,1,1,0,1,0,0
3280,0.111738526172011,0,1,0,0,0,1,0,1,1,0,0,0,1,0,0
3281,0.388547125611272,0,1,0,0,0,0,0,1,0,1,1,0,1,0,1
3282,-0.762694610455836,0,1,0,0,0,1,0,0,0,1,0,0,0,0,0
3283,-2.39239719353705,0,1,0,0,0,0,0,0,0,0,0,0,0,1,0
3284,1.43156196444986,1,1,1,1,0,0,1,0,1,1,1,1,0,1,1
3285,-0.371266409233311,0,0,0,0,0,1,0,1,0,0,0,0,1,0,0
3286,-1.67197186924035,0,1,0,0,0,0,0,0,0,1,1,0,1,1,0
3287,1.74172884267226,1,1,1,1,1,1,1,1,1,0,1,1,1,1,1
3288,-1.51526818863692,0,0,0,0,0,0,0,0,0,1,0,0,1,0,0
3289,0.0756029415721442,0,1,0,0,0,1,0,1,0,1,1,0,0,1,0
3290,0.0652604046879912,0,0,0,0,0,1,0,1,1,0,1,0,0,1,0
3291,0.81193255732517,1,1,1,0,0,1,0,1,1,0,1,1,0,0,1
3292,-1.03484060661823,0,1,0,0,0,0,0,0,0,0,1,0,1,1,0
3293,-0.212618757110003,1,1,0,0,0,1,0,0,0,1,1,0,1,1,0
3294,-0.379029243519529,0,0,0,0,0,0,0,0,0,0,1,0,1,1,0
3295,-0.554140440722952,0,1,0,0,0,0,0,1,0,0,1,0,1,1,1
3296,-0.00260745226902477,0,1,0,0,0,1,0,1,0,1,1,0,1,1,0
3297,0.204666380654668,1,0,0,0,0,1,0,0,0,0,0,0,0,1,1
3298,-1.50019194117824,0,1,0,0,0,1,0,0,0,0,0,0,0,1,0
3299,0.258738467382987,1,1,0,0,0,1,0,1,1,1,0,0,1,0,0
3300,-0.738510041755794,0,0,0,0,0,1,0,0,0,0,1,0,0,0,0
3301,0.61387331131694,1,1,0,1,0,0,0,1,0,1,1,1,0,0,0
3302,-0.659065610730104,0,0,0,0,0,1,0,0,0,1,0,0,0,1,0
3303,0.419170516623122,0,1,1,0,0,1,0,1,0,0,0,0,0,1,0
3304,0.167735993984813,0,1,0,0,0,1,0,1,0,1,1,0,1,1,1
3305,-0.868852766184429,0,1,0,0,0,0,0,0,0,1,1,0,1,1,0
3306,-1.60844085331677,0,1,0,0,0,0,0,0,0,1,0,0,0,0,0
3307,-1.65445756725767,0,1,0,0,0,1,0,0,0,0,1,0,0,0,0
3308,2.38548826132192,1,0,1,1,1,0,1,1,1,1,1,1,0,1,1
3309,-1.33692856927077,0,0,0,0,0,1,0,1,0,0,1,0,1,0,0
3310,0.456826321509295,0,0,0,0,0,1,0,1,0,1,0,1,0,0,0
3311,-0.729203428953974,0,0,0,0,0,0,0,0,0,1,1,0,0,1,0
3312,-0.1167915628293,0,1,0,0,0,1,0,0,0,1,1,0,1,1,0
3313,-0.494659970595964,0,1,0,0,0,1,0,1,0,1,1,1,1,1,0
3314,1.95882646649902,1,1,1,1,1,0,1,1,1,1,1,1,0,0,1
3315,0.645489970538208,0,0,0,0,0,0,0,1,0,1,0,1,0,1,1
3316,2.15498617585776,0,1,1,1,1,0,1,1,1,1,1,1,1,1,1
3317,0.330152407993577,0,1,0,0,0,0,0,1,0,1,0,0,1,0,1
3318,1.01467652025537,1,0,1,0,0,0,0,1,1,1,0,1,1,1,1
3319,0.545048690500422,0,1,1,0,0,1,0,1,0,1,1,1,0,1,1
3320,-0.0636340781278694,0,1,0,0,0,1,0,1,0,1,0,0,1,1,0
3321,-0.529921897478178,0,1,0,0,0,0,0,1,0,0,1,0,1,1,0
3322,-0.382563710838774,0,1,0,0,0,1,0,1,0,0,1,0,1,1,0
3323,-0.885628556719531,0,1,0,0,0,1,0,1,0,1,0,0,1,1,0
3324,0.0122535669252286,0,0,0,0,0,0,1,1,0,1,0,0,1,1,0
3325,-0.0209309442722383,0,1,0,0,0,0,0,1,0,1,0,0,1,0,0
3326,-1.28364230463505,0,1,0,0,0,0,0,0,0,1,1,0,0,0,0
3327,1.19853158160361,0,1,1,0,1,1,0,0,1,1,1,1,1,0,0
3328,1.8783116581784,1,1,1,1,0,0,1,1,1,0,1,1,1,0,1
3329,-0.29068228979359,0,0,0,0,0,0,0,1,0,1,0,0,1,1,0
3330,1.09542707762844,1,1,1,0,0,0,1,0,1,1,1,1,1,0,0
3331,0.497464413637915,0,1,0,0,1,0,0,0,0,1,0,0,1,0,0
3332,-1.2240886696306,0,0,0,0,0,1,0,0,0,0,0,0,1,0,0
3333,0.357407029843702,1,1,0,0,0,1,0,0,0,0,1,0,1,1,0
3334,0.288512167033408,0,0,0,0,0,0,0,1,0,1,1,0,1,1,0
3335,-1.1010439963243,0,0,0,0,0,0,0,1,0,1,0,0,1,1,0
3336,0.0233466281885847,0,1,0,0,0,1,0,1,0,0,0,0,0,0,0
3337,0.769727657263049,1,1,0,0,0,0,0,0,1,1,1,1,0,0,0
3338,0.451103277666318,0,1,0,0,0,1,0,1,1,1,1,1,1,1,1
3339,-0.454189392221542,1,1,0,0,0,1,0,1,0,1,0,0,0,1,0
3340,1.3324164674561,0,1,1,1,0,1,1,1,1,1,1,1,1,1,1
3341,2.72202400177197,1,1,1,1,1,0,1,1,1,1,1,1,0,1,1
3342,-0.288478670981321,0,0,0,0,0,1,0,1,0,1,1,0,0,1,0
3343,1.86786728992453,1,0,1,1,0,1,1,1,1,1,1,1,1,1,1
3344,1.05384042824587,0,0,1,0,0,1,1,1,0,1,0,1,0,1,1
3345,0.181679754778128,1,0,0,0,0,1,0,1,1,0,1,0,1,0,0
3346,-0.761825172835904,0,0,0,0,0,1,0,1,0,0,0,0,0,1,0
3347,1.47815803874953,1,1,1,1,1,1,1,1,1,1,1,1,1,1,1
3348,-0.537037682393243,0,0,0,0,0,1,0,1,0,1,1,0,1,1,0
3349,-0.775274696965854,0,1,0,0,0,0,0,0,0,1,1,0,1,1,0
3350,-0.436991518280491,1,0,0,0,0,0,0,1,0,1,1,0,1,1,0
3351,-1.36267877099977,0,0,0,0,0,0,0,1,0,0,0,0,0,0,0
3352,0.610925877373132,0,1,0,0,0,1,0,0,0,1,1,1,1,0,0
3353,0.999909547140137,1,1,1,0,1,0,0,1,1,0,0,0,0,1,1
3354,-0.207136131688941,1,1,0,0,0,1,0,1,0,1,0,0,0,1,0
3355,1.25829969083638,1,0,1,0,0,0,0,1,1,0,1,1,0,1,1
3356,-1.03192756664214,0,1,0,0,0,1,0,0,0,0,0,0,1,1,0
3357,0.831574578192456,1,1,1,0,0,1,1,1,1,1,1,1,0,1,0
3358,0.3377729153818,1,1,0,0,0,1,0,1,0,1,0,0,0,0,1
3359,-1.15004714304854,0,0,0,0,0,0,0,1,0,1,1,0,1,1,0
3360,0.934749104553395,1,0,1,1,0,1,1,1,0,1,0,1,0,0,1
3361,-0.696960411006085,0,0,0,0,0,0,0,0,0,1,0,0,0,0,0
3362,-0.55163376880168,0,1,0,0,0,1,0,1,0,0,1,0,0,1,0
3363,0.101993562321912,0,1,0,0,0,1,0,1,0,1,1,0,1,1,0
3364,-0.448888301072047,0,1,0,0,0,1,0,1,0,0,1,0,1,1,0
3365,-1.14529911782977,0,0,0,0,0,1,0,0,0,0,0,0,0,0,0
3366,0.296597174878002,1,0,0,0,0,0,0,1,0,0,1,0,1,1,0
3367,-1.11725582517139,0,0,0,0,0,0,0,1,0,0,0,0,1,1,0
3368,0.655819821225953,0,1,0,0,0,0,0,1,0,0,1,0,0,0,1
3369,0.228690059408139,0,0,0,0,0,0,0,1,0,1,1,0,1,0,0
3370,0.886530086138047,1,1,1,0,0,1,1,1,1,1,1,0,1,1,0
3371,-0.133090836276442,0,1,0,0,0,1,0,0,0,1,0,0,1,0,0
3372,0.182014833457857,0,1,0,0,0,0,0,1,1,1,1,0,1,1,0
3373,-1.39495684182574,0,1,0,0,0,1,0,0,0,1,0,0,0,1,0
3374,-1.10135867445877,0,1,0,0,0,1,0,1,0,1,0,0,1,0,0
3375,-0.59671854841072,0,1,0,0,0,0,0,1,0,0,1,0,1,1,0
3376,0.677704788553571,0,1,1,0,0,1,0,1,0,1,0,1,0,1,1
3377,0.85144189019754,1,1,1,1,0,1,0,0,1,0,1,1,1,1,1
3378,0.903254603949807,0,1,0,0,0,1,1,0,1,1,1,1,0,0,1
3379,0.800018976169899,1,1,0,0,0,0,0,0,1,1,0,0,0,1,0
3380,0.293313438606411,0,1,1,0,0,1,0,1,1,0,1,0,1,0,0
3381,-0.296515606520853,0,0,0,1,0,1,0,1,0,0,1,0,0,1,0
3382,-1.03538847985348,0,0,0,0,0,0,0,1,0,0,1,0,0,0,0
3383,1.09141905497743,1,1,1,1,1,1,0,1,1,1,1,0,1,1,1
3384,-1.36021474653812,0,1,0,0,0,0,0,0,0,1,0,0,1,0,0
3385,-0.0235938819189046,0,0,0,0,0,1,0,1,0,1,1,0,1,0,0
3386,-1.05826861192184,0,1,0,0,0,0,0,1,0,0,0,0,1,0,0
3387,0.975608636911518,1,1,0,0,0,1,0,1,1,1,1,0,0,1,1
3388,0.476830964357021,0,1,0,1,0,1,0,1,0,1,0,0,0,1,0
3389,0.446274025165678,0,1,0,0,0,0,0,0,0,1,0,0,1,1,1
3390,-1.85996834943107,0,1,0,0,0,1,0,1,0,0,0,0,1,1,0
3391,-1.03655785821754,0,0,0,0,0,1,0,1,0,1,0,0,1,1,0
3392,-1.22339051360374,0,0,0,0,0,0,0,1,0,1,0,0,0,1,0
3393,-0.588837318844407,0,1,0,0,0,0,0,1,0,0,1,0,1,1,0
3394,1.3498385538446,1,1,1,0,1,1,1,1,1,1,1,1,1,1,1
3395,-1.61854354825918,0,1,0,0,0,0,0,1,0,0,0,0,0,1,0
3396,0.872024935182601,0,1,0,0,0,1,0,1,1,0,1,1,1,0,0
3397,0.421541511863943,0,1,0,0,0,1,0,1,0,0,1,0,1,0,0
3398,-2.281980920035,0,1,0,0,0,1,0,1,0,1,0,0,1,0,0
3399,1.84615043346695,1,1,1,0,0,0,1,1,1,1,1,1,1,1,1
3400,-1.85790936703755,0,1,0,0,0,1,0,1,0,0,0,0,0,0,0
3401,0.710385288339524,1,1,1,0,0,1,0,1,1,0,1,1,1,0,1
3402,-0.882872079948523,0,0,0,0,0,1,0,0,0,0,1,0,1,0,0
3403,1.48023647467756,1,0,1,0,1,0,1,1,1,1,1,1,1,1,0
3404,-0.888446670668325,0,0,0,0,0,1,0,1,0,0,0,0,1,0,0
3405,-1.33613435839113,0,1,0,0,0,0,0,1,0,1,1,0,1,0,0
3406,0.0602510709688105,0,0,0,0,0,1,0,1,1,0,1,0,0,0,0
3407,0.356402902461312,0,1,1,0,0,0,0,1,0,0,1,0,1,1,0
3408,-1.01003386097909,0,1,0,0,0,1,0,0,0,1,1,0,1,1,0
3409,0.00353902185364003,0,1,0,0,0,1,0,0,0,1,1,0,1,0,0
3410,0.157931444971406,1,0,0,0,0,0,0,0,0,0,1,1,0,1,0
3411,-0.428083300158931,0,0,0,0,0,1,0,0,0,0,0,0,0,1,0
3412,-1.55111097219737,0,1,0,0,0,1,0,1,0,1,1,0,1,1,0
3413,-0.0676905540903899,1,0,0,0,0,0,0,0,0,1,1,0,0,1,0
3414,0.253538781785045,0,1,0,0,0,1,0,1,0,0,1,0,1,1,0
3415,-0.934691994861744,0,0,0,0,0,0,0,0,0,1,0,0,1,1,0
3416,-0.533798183697525,0,0,0,0,0,0,0,1,0,0,1,0,1,1,0
3417,0.830656140931613,1,1,0,0,0,1,0,1,1,1,1,1,1,0,0
3418,0.433565593659035,0,1,1,0,0,1,0,1,0,1,1,0,0,1,1
3419,0.973972954671439,1,0,1,0,0,0,1,1,1,1,0,1,0,0,1
3420,1.99711963209946,1,1,1,1,1,0,1,1,1,1,1,1,1,0,1
3421,0.196734769988509,0,1,0,0,0,0,0,0,0,0,1,1,1,1,0
3422,0.345877995224245,0,0,0,0,0,0,0,1,1,1,1,1,1,1,1
3423,-0.918899725464691,0,0,0,0,0,0,0,0,0,1,0,0,0,0,0
3424,1.20902186071427,1,1,1,1,0,1,0,1,1,0,0,1,1,1,1
3425,1.33621281092968,1,0,1,1,1,1,1,0,1,1,1,1,1,0,1
3426,-0.542243093696868,0,1,0,0,0,1,0,1,0,0,1,0,1,1,0
3427,0.456877668649109,0,1,0,0,0,1,0,1,0,0,1,0,1,0,0
3428,0.70721964308693,0,1,0,0,0,1,0,1,0,1,1,0,1,1,0
3429,-0.569764251930092,0,0,0,0,0,0,0,1,0,1,0,0,0,0,0
3430,0.20554068071647,1,0,0,0,1,0,0,1,0,0,1,0,1,1,1
3431,-0.453871398666799,0,1,0,0,0,1,0,0,0,0,0,0,1,1,0
3432,-0.888872407128027,0,1,0,0,0,1,0,1,0,0,0,0,1,0,0
3433,-0.499905239559478,0,0,0,0,0,0,0,1,0,0,1,0,0,1,0
3434,0.622687322055712,1,1,1,0,0,1,0,1,0,1,1,0,1,0,0
3435,-2.01973780531973,0,1,0,0,0,0,0,0,0,0,0,0,1,0,0
3436,0.545043500413904,1,0,1,0,0,1,0,0,0,0,1,0,1,1,0
3437,0.136167779501441,0,1,0,0,0,0,0,1,0,1,0,0,1,1,0
3438,-0.373309164582961,0,1,0,0,0,0,0,1,0,1,1,0,0,0,0
3439,-1.03903977585861,0,1,0,0,0,1,0,1,0,0,0,0,1,1,0
3440,0.0835893150219608,0,0,0,0,0,0,0,1,0,1,1,0,1,1,0
3441,0.655813525644617,1,0,1,0,0,1,0,1,0,1,1,1,1,1,1
3442,-0.0915817523835043,0,0,0,0,0,1,0,0,0,1,0,1,0,0,0
3443,-0.50564361079392,0,1,0,0,0,1,0,1,0,0,0,0,1,0,0
3444,1.1394624806541,0,1,1,0,0,1,1,1,1,1,1,1,0,1,1
3445,-0.200747893783978,1,0,0,0,0,0,0,0,0,1,1,0,1,0,0
3446,0.487928024739652,1,1,0,0,0,0,0,1,0,1,1,1,1,0,0
3447,0.319038899098705,0,1,0,0,0,1,0,1,1,0,0,1,1,1,0
3448,2.30355484821512,1,1,1,1,1,1,1,1,1,1,1,1,1,1,1
3449,-1.06301401166958,0,1,0,0,0,0,0,0,0,0,0,0,0,1,0
3450,0.81913691150964,1,1,1,0,0,0,0,1,0,1,1,1,0,1,1
3451,0.0292323188012772,1,1,0,0,0,1,0,1,0,1,1,0,1,0,0
3452,-1.07857384152623,0,1,0,0,0,1,0,0,0,0,1,0,0,1,0
3453,-1.05396837564441,0,1,0,0,0,1,0,0,0,1,0,0,0,1,0
3454,0.105263226762704,0,1,0,0,0,1,0,1,0,1,0,0,1,1,0
3455,-0.149431131343778,0,0,0,0,0,1,0,1,0,1,0,0,1,0,0
3456,-0.690260815430389,0,1,0,0,0,0,0,0,0,0,0,0,0,1,0
3457,0.619213293882732,0,0,0,0,0,1,0,1,0,0,0,0,1,0,1
3458,-1.25297611194837,0,0,0,0,0,0,0,0,0,0,1,0,0,1,0
3459,-0.25967611484927,0,1,0,0,0,1,0,1,0,1,1,0,1,1,0
3460,-0.579104066358413,0,0,0,0,0,1,0,1,0,0,0,0,0,0,0
3461,0.837736120395146,1,1,0,0,0,1,0,0,1,1,1,0,1,0,0
3462,-1.84571827580105,0,0,0,0,0,0,0,0,0,0,1,0,0,0,0
3463,-0.458877309410185,0,1,0,0,0,1,0,0,0,0,1,0,1,1,0
3464,0.693461067110633,0,1,0,0,0,0,0,1,0,1,1,0,0,1,1
3465,-0.497553275358353,0,1,0,0,0,1,0,1,0,1,0,0,1,1,0
3466,2.12456992369684,1,1,1,1,1,1,1,1,1,1,1,1,1,1,1
3467,0.734214706224104,1,1,1,0,0,1,0,1,0,1,1,0,0,1,0
3468,-0.944943181861479,0,0,0,0,0,1,0,0,0,1,1,0,0,1,0
3469,-1.00091671192315,0,0,0,0,0,1,0,0,0,0,0,0,0,1,0
3470,-1.12556069349576,0,0,0,0,0,1,0,1,0,0,0,0,0,1,0
3471,0.285559797546589,0,1,1,0,0,1,0,0,1,1,1,1,1,1,0
3472,-1.65304883365588,0,0,0,0,0,1,0,1,0,1,0,0,0,1,0
3473,1.38356547432874,1,1,1,1,1,1,1,1,1,1,1,1,1,0,1
3474,2.46505330855342,1,1,1,1,1,1,1,1,1,1,1,1,1,0,1
3475,1.2682148777006,1,0,0,0,0,1,0,1,0,1,0,1,1,1,1
3476,0.245425566036572,0,0,0,0,0,0,0,1,1,1,1,0,1,1,0
3477,-0.558920862796544,1,0,0,0,0,0,0,1,0,0,1,0,0,0,0
3478,0.629726120393418,0,0,0,0,0,1,0,0,1,0,0,1,1,0,0
3479,1.58366964673233,1,1,1,1,0,0,1,1,1,1,1,1,0,0,1
3480,0.00268612148461471,0,1,0,0,1,1,0,1,0,1,1,0,0,1,0
3481,0.762645246521707,1,1,0,0,0,1,0,1,0,1,1,1,0,1,0
3482,-1.06395122657852,0,1,0,0,0,0,0,1,0,1,1,0,1,1,0
3483,0.179536267840446,0,0,0,0,0,1,0,0,0,1,1,0,1,0,0
3484,1.82076506670231,1,1,1,0,1,1,1,1,1,0,1,1,0,1,1
3485,0.33488909022956,0,1,0,0,0,0,0,1,1,0,0,0,1,1,0
3486,-0.838138340217293,0,1,0,0,0,0,0,1,0,1,1,0,1,0,0
3487,0.477116641549801,1,0,0,0,0,0,0,1,0,0,1,1,1,1,0
3488,1.57574794621932,1,1,1,1,1,0,1,0,1,1,1,1,1,0,1
3489,0.0259714683257858,1,0,0,0,0,0,0,1,0,1,0,0,0,1,0
3490,-0.388582075119144,0,0,0,0,0,0,0,0,0,1,1,0,0,1,0
3491,-0.128371843054631,0,1,0,0,0,1,0,1,0,1,0,0,1,1,0
3492,-0.5321113133056,0,0,0,0,0,1,0,1,0,1,0,0,0,1,0
3493,-0.724494946314874,0,0,0,0,0,0,0,1,0,0,0,1,0,1,0
3494,2.3745219682756,1,0,1,1,1,1,1,1,1,1,1,1,1,0,1
3495,-0.352014912237828,0,0,0,0,0,0,0,0,0,0,1,0,1,0,0
3496,-0.203071610055458,0,0,0,0,0,0,0,0,0,1,1,0,1,1,0
3497,-0.658715508185623,0,0,0,0,0,0,0,1,0,1,0,0,1,0,0
3498,-1.67593117002109,0,0,0,0,0,0,0,0,0,1,0,0,1,0,0
3499,-0.572341838569292,0,0,0,0,0,1,0,0,0,0,1,1,0,0,0
3500,-0.153949272142795,0,1,0,0,0,1,0,0,0,1,1,0,0,1,0
3501,-0.111660122233226,0,0,0,0,0,0,0,1,0,0,0,0,0,0,0
3502,-1.87854100975108,0,1,0,0,0,1,0,0,0,1,1,0,0,0,0
3503,-0.444766189623008,0,1,0,0,0,0,0,1,0,0,0,0,0,0,0
3504,0.157050499140893,0,1,0,0,0,0,0,0,0,1,1,0,1,0,0
3505,0.4925432430448,0,1,0,0,0,1,0,0,0,1,1,1,1,0,1
3506,-1.32460521032359,0,1,0,0,0,0,0,1,0,1,1,0,1,0,0
3507,0.830601812241177,1,0,0,0,0,1,0,1,1,1,1,1,1,1,0
3508,-0.14663987532637,0,1,0,0,0,0,0,1,0,0,0,1,1,1,0
3509,0.497922770822664,1,1,0,0,0,1,0,1,1,1,1,1,1,1,0
3510,0.731419052375017,0,1,0,0,0,1,0,1,1,0,0,1,1,1,0
3511,-0.848642351100477,0,1,0,0,0,0,0,0,0,1,1,0,1,1,0
3512,-1.52259185160556,0,1,0,0,0,0,0,1,0,0,0,0,1,1,0
3513,1.13155647704326,1,1,1,1,0,0,1,1,0,0,1,1,1,0,0
3514,-0.448928545955457,0,1,0,0,0,1,0,1,0,0,0,0,0,0,0
3515,1.09574441020132,1,1,1,0,0,0,0,1,1,1,1,1,1,0,1
3516,0.0793566194861497,1,0,0,0,0,1,0,1,0,1,1,0,1,0,0
3517,-0.403520533033284,0,0,0,0,0,0,0,1,0,0,1,0,0,0,0
3518,-0.737380142244995,0,0,0,0,0,1,0,1,0,0,1,0,1,0,0
3519,0.373230599496291,0,1,0,0,1,1,0,1,0,0,0,0,1,0,0
3520,-0.492226652169225,0,1,0,0,0,0,0,0,0,0,1,0,0,1,0
3521,0.0941554766723367,0,1,0,0,0,0,0,1,0,1,0,0,1,1,0
3522,0.479525941995779,1,0,0,0,0,1,1,0,1,1,1,1,0,0,0
3523,-0.622250015598843,0,1,0,0,0,1,0,0,0,1,1,0,0,1,0
3524,0.416627662068512,0,0,1,0,0,1,0,1,0,1,0,1,1,0,1
3525,0.513077443098787,0,1,1,0,0,1,1,0,1,1,1,1,0,1,0
3526,1.30513134338167,1,1,1,1,0,0,0,1,1,1,1,1,0,1,0
3527,-0.471108637263728,1,0,0,0,0,0,0,1,1,1,0,0,0,0,0
3528,-0.721334232247793,0,1,0,0,0,0,0,1,0,1,0,0,0,0,0
3529,-1.02798373065189,0,1,0,0,0,1,0,0,0,0,0,0,1,0,0
3530,-0.966913913251227,0,1,0,0,0,1,0,1,0,1,1,0,1,1,0
3531,0.988471614359338,1,0,0,0,1,1,0,1,0,0,1,0,1,0,1
3532,-0.24237893270058,0,1,0,0,0,1,0,1,0,1,0,0,0,0,0
3533,-1.49441335132943,0,0,0,0,0,0,0,0,0,0,1,0,1,0,0
3534,1.72038710753314,1,0,1,1,0,1,1,1,1,1,1,1,1,1,1
3535,-0.63012484466031,0,1,1,0,0,0,0,1,0,0,1,0,0,1,0
3536,0.0866891309791496,0,0,0,0,0,0,0,1,0,0,0,0,1,1,0
3537,0.181143054235372,0,1,0,0,0,1,0,1,0,0,1,0,1,1,0
3538,-0.485255243594472,0,1,0,1,0,1,0,0,0,1,1,0,0,0,0
3539,0.121341493804273,1,0,0,0,0,0,0,1,0,1,1,0,1,1,0
3540,0.0844168718141548,0,0,0,0,0,1,0,0,0,0,1,1,1,0,0
3541,0.578672219145252,1,0,0,0,0,1,0,1,0,1,1,1,1,1,0
3542,0.945066109753641,0,1,0,1,0,0,1,1,0,1,1,1,1,0,1
3543,-0.0940815712356675,0,1,0,0,0,1,0,0,0,1,0,0,1,1,0
3544,-0.186206462664442,0,1,0,0,0,1,0,0,0,1,0,0,0,1,0
3545,0.0132289680275778,0,1,0,0,0,1,0,0,0,0,0,0,0,0,0
3546,-0.0549197436872195,0,1,0,0,0,1,0,1,0,0,1,0,0,0,0
3547,0.385493486608399,1,1,0,0,0,1,0,1,0,1,1,0,1,1,0
3548,0.153733465642835,0,1,0,0,0,0,0,1,0,1,1,0,1,0,0
3549,-0.589178525675773,0,0,0,0,0,1,0,1,0,0,0,0,0,1,0
3550,-2.00350402580772,0,1,0,0,0,0,0,0,0,0,0,0,1,0,0
3551,-2.03833060739965,0,1,0,0,0,0,0,0,0,1,0,0,0,1,0
3552,0.474065244424902,1,1,1,0,0,1,0,0,0,0,1,0,1,1,0
3553,-0.624927638894169,0,0,0,0,0,1,0,1,0,1,1,0,0,0,0
3554,-0.716676540093663,0,0,0,0,0,1,0,0,0,0,1,0,1,1,0
3555,-1.79717898932479,0,0,0,0,0,1,0,0,0,1,0,0,1,1,0
3556,3.36906132440904,1,1,1,1,1,1,1,1,1,1,0,1,1,1,1
3557,-1.07632035816884,0,0,0,0,0,1,0,0,0,1,0,0,0,0,0
3558,1.14522283141302,1,1,1,0,0,1,0,0,1,0,1,1,0,0,1
3559,0.0238842580777216,0,1,0,0,0,0,0,1,0,1,0,0,0,0,0
3560,1.35389482015459,1,0,1,0,0,1,0,1,1,1,1,1,0,1,1
3561,-0.471235258659341,0,1,0,0,0,1,0,1,0,1,0,0,0,1,0
3562,-0.204628400882209,0,1,0,0,0,0,0,1,0,1,1,0,0,1,0
3563,-0.86152141561981,0,0,0,0,0,0,0,1,0,1,1,0,1,1,0
3564,1.3241155448459,1,1,1,0,1,0,1,1,1,0,1,1,0,1,1
3565,0.544921047841273,0,1,1,0,0,0,0,1,0,0,1,0,0,0,0
3566,-0.152340280161499,0,1,0,0,0,1,0,0,0,0,0,0,0,1,0
3567,-1.13140869290934,0,0,0,0,0,1,0,0,0,1,1,0,1,0,0
3568,0.033646137059985,0,1,0,0,0,1,0,1,0,1,1,0,1,0,1
3569,-0.197270479102415,0,1,0,0,0,1,0,1,0,1,1,0,1,0,0
3570,-0.142225321230774,1,0,0,0,0,0,0,1,0,1,0,0,0,1,0
3571,0.619514457257737,0,1,0,0,0,0,0,0,1,0,0,0,1,0,1
3572,-0.427727011361528,1,1,0,0,0,1,0,1,0,0,0,0,1,1,0
3573,0.033540073478863,0,1,0,0,0,1,0,1,0,1,1,0,0,0,0
3574,-1.40934876132066,0,0,0,0,0,1,0,1,0,0,0,0,1,0,0
3575,0.882134023014556,0,1,1,0,0,1,0,0,0,0,0,0,0,1,0
3576,0.524483082422792,0,1,0,0,0,0,0,1,1,1,1,0,1,1,1
3577,-0.345838823867634,0,1,0,0,0,0,0,1,0,0,0,0,1,0,0
3578,-0.131059636142708,0,1,0,0,0,1,0,0,0,1,0,0,0,1,0
3579,2.15503203455172,1,0,1,1,1,0,1,1,1,0,1,1,1,1,1
3580,-0.518282218923512,0,1,0,0,0,1,0,1,0,1,0,0,1,1,0
3581,-0.394164332128152,0,1,0,0,0,1,0,1,0,0,1,0,0,1,0
3582,0.508396066096725,0,1,0,0,0,1,0,0,0,1,1,0,0,1,0
3583,0.0626940683996371,0,1,0,0,0,0,0,1,0,1,0,0,0,1,1
3584,0.506334925302194,0,1,0,0,0,1,0,1,1,1,1,1,1,1,1
3585,0.197027252093921,0,1,0,0,0,1,0,1,0,1,0,0,1,0,0
3586,0.8485791644454,1,0,0,1,0,1,1,1,1,1,0,1,1,0,0
3587,-0.326871710456481,0,1,0,0,0,1,0,1,0,0,0,0,1,0,0
3588,-1.4998290802465,0,0,0,0,0,0,0,0,0,0,1,0,0,1,0
3589,0.780077566087868,1,1,0,0,0,1,0,1,0,0,1,0,0,0,1
3590,-0.205620406720398,0,1,0,0,0,1,0,0,0,1,1,0,0,0,0
3591,0.57023890007057,0,1,0,1,0,1,0,1,0,1,0,0,0,0,0
3592,0.34617779628175,0,1,1,0,1,1,0,1,0,1,1,0,1,1,0
3593,1.52235877834225,1,0,1,1,1,1,1,0,1,1,1,1,1,1,1
3594,0.894488595153012,0,1,1,0,0,1,1,1,0,1,1,1,1,1,1
3595,0.768409573418443,0,1,1,0,0,1,0,0,1,1,1,1,1,0,0
3596,0.276575694195451,0,1,0,0,0,1,0,1,0,1,1,0,1,1,0
3597,0.0286926605313846,1,1,0,0,0,1,0,0,0,1,0,0,1,0,0
3598,0.0266168341286529,0,1,0,0,0,0,0,1,0,1,0,0,1,0,0
3599,0.413387240364523,0,1,0,0,0,0,0,1,0,0,1,0,0,1,0
3600,-0.419085285715791,0,1,0,0,0,1,0,0,0,1,0,0,0,0,0
3601,0.135878238127722,0,1,0,0,0,0,0,1,0,1,0,1,0,1,0
3602,1.7178725387893,1,0,1,1,1,0,1,0,1,1,0,1,1,0,1
3603,-1.31644932332321,0,0,0,0,0,1,0,1,0,0,0,0,0,0,0
3604,-0.272473816099306,0,1,0,0,0,0,0,1,0,0,1,0,1,0,0
3605,0.888493878678007,1,0,1,1,0,0,1,1,0,1,1,1,1,0,0
3606,-1.45505045049426,0,1,0,0,0,0,0,1,0,0,0,0,0,1,0
3607,2.24235948258004,1,0,1,1,1,1,1,1,1,1,1,1,0,0,1
3608,-0.759485693833602,0,1,0,0,0,0,0,1,0,1,1,0,1,0,0
3609,-0.98888969591606,0,1,0,0,0,1,0,1,0,0,1,0,1,1,0
3610,-0.992904674314592,0,1,0,0,0,1,0,1,0,0,0,0,1,0,0
3611,0.356826658943982,0,1,0,0,0,1,0,1,0,0,1,0,1,1,0
3612,-0.645532489183467,0,1,0,0,0,1,0,0,0,1,1,0,1,0,0
3613,-0.39834932426815,0,0,0,0,0,0,0,1,0,1,0,0,1,1,0
3614,2.18319362860162,1,1,1,1,1,0,1,1,1,0,1,1,1,0,1
3615,1.28876305235088,1,0,1,0,1,1,0,1,1,1,1,0,1,0,1
3616,-1.0314467760176,0,1,0,0,0,0,0,1,0,1,1,0,0,0,0
3617,0.0794680470100785,0,1,0,0,0,0,0,1,0,0,0,0,1,1,0
3618,-0.146459196263327,0,1,0,0,0,1,0,0,0,1,0,0,1,1,0
3619,-0.03084846344347,0,0,0,0,0,1,0,1,1,0,0,0,0,0,0
3620,-0.133786442780396,0,0,0,0,0,0,0,1,0,0,1,0,1,0,0
3621,-2.1521400489735,0,0,0,0,0,1,0,1,0,0,1,0,1,0,0
3622,0.000567747705704364,0,0,0,0,0,1,0,1,0,0,1,0,1,0,0
3623,1.16549177539262,1,1,1,0,0,1,1,1,1,1,1,1,1,0,1
3624,-1.05100452488147,0,1,0,0,0,0,0,1,0,0,1,0,0,1,0
3625,0.542484977306237,0,1,1,0,0,1,1,0,1,0,0,0,0,0,0
3626,-0.454507439970792,0,1,0,0,0,0,0,1,0,1,1,0,0,0,0
3627,0.0380963326063566,1,1,0,0,0,1,0,0,0,1,0,0,1,0,0
3628,-2.37575965054454,0,0,0,0,0,1,0,0,0,1,0,0,0,1,0
3629,-1.66195647555073,0,0,0,0,0,1,0,1,0,1,0,0,1,0,0
3630,-0.482345710602179,0,1,0,0,0,0,0,1,0,1,0,0,1,1,0
3631,0.0885251551203033,0,0,0,0,0,0,0,0,0,0,1,0,0,1,0
3632,-0.52702133870284,0,0,0,0,0,1,0,1,0,1,0,0,0,0,0
3633,1.05107331208109,1,1,1,0,0,1,1,1,1,1,1,1,1,0,1
3634,1.62703478816543,1,1,1,1,0,1,1,1,1,1,1,1,1,1,1
3635,-0.985653922522019,0,1,0,0,0,1,0,0,0,1,1,0,0,0,0
3636,1.78294021290369,1,1,1,1,0,1,1,1,1,0,1,1,1,1,1
3637,1.01563699662047,0,1,1,1,0,1,1,1,0,1,0,1,1,0,1
3638,-1.57886265600199,0,0,0,0,0,0,0,1,0,0,0,0,0,1,0
3639,0.130447976277729,0,1,0,0,0,0,0,1,0,1,1,1,0,1,0
3640,-0.674878083036471,0,1,0,0,0,0,0,0,0,0,0,0,0,0,0
3641,-0.318485467963431,0,1,0,0,0,1,0,1,0,0,1,0,0,1,0
3642,-1.21225861129518,0,1,0,0,0,0,0,1,0,0,1,0,0,1,0
3643,1.37839394587561,1,0,1,0,1,0,1,1,1,1,1,1,1,0,1
3644,0.675786902103506,0,1,0,1,1,1,0,0,0,1,0,0,1,0,1
3645,-2.01480263353647,0,0,0,0,0,1,0,1,0,1,0,0,0,0,0
3646,0.63619138883568,0,0,0,0,0,1,0,1,1,0,1,0,0,0,0
3647,1.3838707579153,1,1,1,1,0,1,1,1,1,0,1,1,1,1,0
3648,0.40250077358965,1,1,1,1,0,1,0,1,1,1,0,0,1,0,0
3649,-1.1446729229882,0,1,0,0,0,1,0,1,0,0,0,0,1,1,0
3650,-2.31078413571022,0,1,0,0,0,0,0,1,0,0,0,0,0,1,0
3651,-0.714606972866839,0,1,0,0,0,1,0,1,0,1,1,0,1,1,1
3652,-1.07690076200965,0,1,0,0,0,1,0,0,0,0,0,0,1,1,0
3653,-0.324703991059385,0,1,0,0,0,1,0,1,0,0,0,0,0,1,0
3654,1.89763858483209,1,0,1,1,1,1,1,1,1,1,0,0,1,1,1
3655,-0.0525239107698387,0,1,0,0,0,1,0,1,0,1,1,1,0,1,0
3656,-0.744768622825983,0,1,0,0,0,0,0,1,0,1,0,0,1,1,0
3657,0.107337470963061,0,0,0,0,0,1,0,1,1,1,1,0,1,1,0
3658,1.06257431926285,1,1,1,0,0,1,0,0,1,0,1,1,1,0,1
3659,1.00470262801198,0,0,1,0,0,1,0,1,1,0,1,0,1,0,1
3660,1.24806611113279,0,1,1,1,0,0,0,1,1,1,1,0,0,0,1
3661,0.84566058748353,1,1,1,0,0,1,1,1,1,0,0,0,1,0,1
3662,0.234159528410696,0,1,0,0,0,0,0,1,0,1,0,0,0,0,0
3663,0.123346395300284,1,0,0,0,0,1,0,1,0,1,0,0,1,1,0
3664,0.86495391013294,1,1,1,1,0,0,0,1,1,1,0,0,1,1,1
3665,0.991905522336743,1,1,0,1,0,1,1,1,1,0,1,1,1,1,0
3666,-0.888864889341656,0,0,0,0,0,1,0,1,0,0,0,0,0,0,0
3667,1.03206077979374,0,1,1,0,0,0,0,1,1,1,1,1,1,1,1
3668,-0.428675228577604,0,1,0,0,0,1,0,1,0,1,1,0,0,1,0
3669,2.81614984549492,1,1,1,1,1,1,1,1,1,0,1,1,1,0,1
3670,-1.13148140531489,0,0,0,0,0,1,0,0,0,1,1,0,0,1,0
3671,-0.14704365256455,0,0,1,0,0,0,0,1,0,1,1,0,0,1,0
3672,1.56251192696222,1,1,1,1,1,0,0,1,1,1,1,1,1,1,1
3673,-1.03489024903395,0,1,0,0,0,1,0,0,0,0,0,0,0,0,0
3674,1.70978432684352,1,1,1,1,1,1,1,1,1,1,1,1,0,0,1
3675,1.12510490840202,1,1,1,0,1,0,1,1,1,1,0,1,0,1,1
3676,0.436584713227539,0,1,0,0,0,0,0,0,0,0,0,0,0,0,1
3677,1.87998835379465,1,1,1,1,1,1,1,1,1,1,1,1,0,1,1
3678,-0.120726075798519,0,1,0,0,0,1,0,1,0,0,1,0,0,1,1
3679,-2.15100224237877,0,1,0,0,0,1,0,1,0,0,1,0,1,1,0
3680,-0.66997220276789,0,1,0,0,0,0,0,0,0,0,0,0,1,1,0
3681,-1.07901351918684,0,1,0,0,0,1,0,1,0,0,0,0,0,0,0
3682,-0.307791759451226,0,0,0,0,0,0,0,1,0,0,1,0,0,1,0
3683,-0.321216731320648,0,0,0,0,0,1,0,0,0,1,0,1,1,0,0
3684,0.999901160590066,1,1,0,1,0,1,1,1,1,1,0,0,1,0,0
3685,0.368961542249737,0,0,0,0,0,0,0,1,0,1,1,0,1,0,0
3686,-0.39428148988179,0,1,0,0,0,0,0,0,0,1,0,0,0,1,0
3687,-2.37518122433187,0,0,0,0,0,0,0,0,0,1,1,0,0,0,0
3688,-0.402778733127054,0,0,0,0,0,0,0,1,0,0,0,0,1,1,0
3689,-0.388317124366115,0,1,0,0,0,0,0,1,0,1,0,0,0,1,1
3690,0.758667583238069,1,1,0,0,0,1,0,1,0,1,1,1,0,1,1
3691,0.238008341779364,1,1,0,0,0,1,0,0,1,1,0,0,1,1,0
3692,-1.45969093166774,0,0,0,0,0,0,0,1,0,1,0,0,1,1,0
3693,-0.678430273993308,0,1,0,0,0,1,0,1,0,0,0,0,0,1,0
3694,0.223608072426378,0,1,0,0,0,0,0,1,0,0,1,0,1,0,0
3695,0.425326823401918,0,0,1,0,0,0,0,0,0,1,0,0,0,1,1
3696,0.490137244250495,1,0,0,0,0,0,0,1,0,1,1,0,1,0,0
3697,0.456596079275443,1,1,0,0,0,1,0,0,0,1,1,0,1,1,0
3698,0.971139805251264,1,1,1,1,0,0,0,1,0,1,1,0,1,1,1
3699,-1.05927348705238,0,0,0,0,0,1,0,0,0,1,1,0,1,0,0
3700,-0.228614836589002,0,1,0,0,0,1,0,1,0,1,0,0,0,1,0
3701,0.413261542707626,0,1,0,0,0,1,0,1,0,1,0,0,1,1,0
3702,0.513209267736024,0,0,1,0,0,0,0,1,1,0,1,0,1,0,0
3703,0.277126264209201,0,1,0,0,0,1,0,1,0,0,0,0,0,1,0
3704,0.446152471992755,0,1,0,0,0,0,0,1,0,1,0,0,0,1,0
3705,-0.0449547453395642,0,1,0,0,0,1,0,1,0,1,1,0,1,0,1
3706,2.03511882176459,1,1,1,1,1,1,1,1,1,0,0,1,0,0,1
3707,-1.09075334949194,0,1,0,0,0,0,0,0,0,1,1,0,0,0,0
3708,0.487933083584229,1,1,0,0,0,0,0,1,1,1,1,1,1,1,0
3709,0.343763911538238,1,1,0,0,0,0,0,1,0,1,1,0,1,0,0
3710,0.283056211037096,1,1,0,0,0,0,0,1,0,1,1,0,1,1,0
3711,-0.332144175501603,0,1,0,0,0,1,0,0,0,0,1,0,1,0,0
3712,0.981345280754013,1,0,1,0,1,1,1,1,1,0,1,0,1,1,1
3713,-0.286190904032729,0,1,0,0,0,0,0,0,0,1,0,0,0,1,0
3714,-0.67343851336668,0,1,0,0,0,1,0,1,0,1,0,0,1,1,0
3715,-0.800863878425248,0,1,0,0,0,0,0,1,0,0,1,0,1,0,0
3716,-1.15202909388676,0,0,0,0,0,0,0,1,0,0,1,0,0,1,0
3717,0.259079293498149,0,1,0,0,0,1,0,1,0,1,1,0,1,1,0
3718,-0.521429470560213,0,1,0,0,0,0,0,1,0,1,1,0,1,0,0
3719,0.0866846400269884,1,0,0,0,0,0,0,1,0,1,1,0,0,1,0
3720,-1.23016695535835,0,0,0,0,0,0,0,1,0,0,1,0,0,1,0
3721,1.57674154625259,1,0,1,0,0,1,1,1,1,0,1,0,1,1,0
3722,0.734595743754416,1,0,1,0,0,0,0,1,1,1,1,0,0,0,1
3723,0.879538221660165,1,0,1,0,0,0,0,1,0,1,0,1,0,1,0
3724,-0.479849292816124,0,1,0,0,0,1,0,1,0,1,1,0,0,1,0
3725,0.966581442418832,1,1,0,0,0,0,0,0,1,1,1,1,1,0,1
3726,0.304611668762549,0,0,0,0,0,0,0,0,0,1,0,0,0,0,1
3727,1.26333611854695,1,0,1,0,1,1,1,1,1,1,0,1,1,1,0
3728,-0.992549956062697,0,1,0,0,0,0,0,1,0,0,1,0,1,1,0
3729,-0.53355587003183,0,0,0,0,0,1,0,0,0,1,1,0,1,0,0
3730,0.0659580499146511,0,1,0,0,0,1,0,1,0,1,0,0,1,1,0
3731,-0.307829591359438,0,1,0,0,0,1,0,0,0,1,1,0,1,0,0
3732,-1.08652575544454,0,0,0,0,0,1,0,0,0,0,0,0,1,0,0
3733,-0.146463718361026,0,1,0,0,0,0,0,0,0,1,1,0,0,1,0
3734,0.315998613048271,0,1,0,0,0,1,0,1,0,1,0,0,1,1,0
3735,-0.995927154939503,0,1,0,0,0,0,0,1,0,1,0,0,0,0,0
3736,0.383573562834205,0,1,1,0,0,0,0,1,1,0,1,1,1,1,0
3737,-0.999962015070431,0,0,0,0,0,1,0,0,0,1,0,0,0,1,0
3738,0.283020834623251,0,1,0,0,0,1,0,1,0,1,0,1,1,0,1
3739,0.875137528363284,0,1,0,1,0,1,0,0,1,0,1,1,0,0,1
3740,1.16063843042363,1,1,1,0,0,1,1,1,0,1,1,1,1,0,0
3741,1.82224864471282,1,1,1,1,1,1,1,0,1,1,1,1,1,1,1
3742,1.29953441032452,1,1,1,0,1,1,1,1,1,1,1,1,1,0,1
3743,1.33761503645684,1,0,1,1,1,1,0,1,1,1,1,1,1,1,1
3744,-0.720760205138927,0,0,0,0,0,1,0,0,0,1,1,0,1,0,0
3745,1.86559733674543,1,1,1,1,1,1,1,1,1,0,1,1,1,1,1
3746,-0.607058404187094,0,0,0,0,0,1,0,1,0,0,1,0,0,0,0
3747,-0.285635963931653,0,1,0,0,0,1,0,1,0,1,1,1,0,1,0
3748,0.349377520035372,1,1,0,0,0,1,0,1,0,1,1,1,1,1,0
3749,0.848585584654925,0,1,1,0,0,0,1,1,1,0,1,0,1,0,1
3750,1.37164053111723,1,0,1,1,0,0,0,1,1,0,1,1,1,1,1
3751,0.226151270882918,0,1,0,0,0,0,0,1,0,0,1,1,1,1,0
3752,0.139375301291823,0,1,0,0,0,1,0,1,1,1,1,1,0,0,0
3753,-0.322287223090522,0,0,0,0,0,1,0,1,0,1,1,0,0,0,0
3754,-0.160828551444644,0,1,0,0,0,1,0,1,0,1,1,0,1,1,0
3755,0.506052742123415,0,1,0,0,0,0,1,0,0,0,1,0,1,0,0
3756,-2.09749089542519,0,1,0,0,0,1,0,0,0,1,1,0,0,1,0
3757,0.293436425823447,0,1,0,0,0,1,0,1,0,0,0,0,1,0,0
3758,0.864536973896483,1,1,1,1,0,1,0,1,1,1,1,1,1,1,0
3759,0.597407686306741,0,1,0,1,0,0,0,0,0,1,0,1,0,0,1
3760,-0.579917716418827,0,0,0,0,0,0,0,1,0,1,0,0,1,0,0
3761,0.163488393673656,0,1,0,0,0,1,0,1,0,1,1,1,1,0,1
3762,-0.786844260938813,0,0,0,0,0,0,0,0,0,0,0,0,0,0,0
3763,-0.00749075025572139,0,1,0,0,0,1,0,0,0,1,1,0,0,0,0
3764,0.236272274336073,1,0,0,0,0,1,0,1,0,1,1,0,1,1,0
3765,-1.16119914241789,0,1,0,0,0,0,0,0,0,0,0,0,0,0,0
3766,1.07300446782063,1,1,1,1,0,0,0,1,0,1,1,1,1,0,1
3767,0.831061231407736,0,0,1,0,0,0,0,1,1,0,0,0,1,1,0
3768,-1.7689997455069,0,0,0,0,0,1,0,1,0,0,0,0,0,0,0
3769,1.75555339270707,0,1,1,1,1,1,1,1,1,1,1,1,1,1,1
3770,1.64326242163416,1,1,1,1,1,0,1,0,1,1,1,1,1,0,1
3771,-0.16781032999311,1,1,0,0,0,0,0,0,0,1,1,0,1,1,0
3772,-1.12686030988769,0,1,0,0,0,0,0,0,0,1,1,0,0,1,0
3773,0.630560960706263,1,1,1,0,0,1,0,1,0,1,0,1,1,0,1
3774,0.711076434048191,0,1,0,0,0,1,0,1,0,1,1,1,1,0,0
3775,0.60536604322837,0,1,0,0,0,0,1,1,0,1,1,1,1,0,0
3776,0.165842624303017,0,1,1,0,0,0,0,0,0,0,1,0,1,1,0
3777,-0.563461547645669,0,1,0,0,0,0,0,1,0,1,1,0,1,1,0
3778,-0.0790678138972606,0,1,0,0,0,0,0,1,0,1,0,0,0,1,0
3779,-0.262213338652355,1,1,0,0,0,0,0,0,0,0,0,0,1,0,0
3780,0.0239970306370262,0,0,0,0,0,0,0,0,0,1,0,0,1,0,0
3781,0.515205597914849,0,0,0,0,0,1,0,1,0,1,1,1,0,1,1
3782,-0.337515899832492,0,0,0,0,0,0,0,1,0,0,1,0,1,0,0
3783,0.274196312306331,0,0,0,0,0,1,0,1,0,1,1,0,0,0,0
3784,-0.83860033861893,0,1,0,0,0,0,0,0,0,1,1,0,1,0,0
3785,0.678059363223963,0,0,0,0,0,0,0,1,1,1,1,1,0,1,0
3786,-1.72956409733811,0,0,0,0,0,0,0,1,0,1,0,0,0,1,0
3787,1.7940905901449,1,0,1,1,1,1,1,1,1,0,1,1,1,1,1
3788,0.111620587980042,0,1,0,0,0,1,0,1,0,0,1,0,1,1,0
3789,-1.57927091610362,0,0,0,0,0,1,0,0,0,0,0,0,0,0,0
3790,0.9636110047855,1,0,1,1,0,1,0,1,1,1,1,1,0,0,1
3791,-1.22742431840417,0,1,0,0,0,1,0,1,0,0,1,0,1,1,0
3792,0.334590442352797,1,0,1,0,0,1,0,1,0,1,1,0,1,1,0
3793,-0.783998260863235,0,0,0,0,0,1,0,1,0,1,1,0,0,0,0
3794,1.46708913233433,1,1,1,0,0,1,1,1,1,0,1,0,1,1,1
3795,-0.316043065865564,0,1,0,0,0,0,0,0,0,0,0,0,1,0,0
3796,-0.704716948287344,0,0,0,0,0,0,0,1,0,0,0,0,1,1,0
3797,-0.529591832966556,0,1,0,0,0,1,0,0,0,1,0,0,1,0,0
3798,-1.35045966816872,0,0,0,0,0,0,0,0,0,1,1,0,0,1,0
3799,1.55421848813852,1,1,1,1,1,1,0,1,1,0,1,1,1,1,1
3800,0.332748694567932,0,1,0,0,0,1,0,1,0,0,1,0,0,0,0
3801,0.379377137236292,0,0,0,0,0,0,0,1,0,1,1,0,0,0,0
3802,-0.189333285066557,0,0,0,0,0,0,0,1,0,1,1,0,1,1,0
3803,0.0630198214815231,1,1,0,0,0,0,0,0,0,1,0,0,0,1,0
3804,0.149137580055097,1,0,0,0,1,1,1,1,0,1,1,0,0,0,0
3805,1.29437756979297,1,0,1,1,1,0,1,0,1,1,1,1,1,0,1
3806,2.46260219480465,1,1,1,1,1,1,1,1,1,1,1,1,0,0,1
3807,0.551262047417007,0,1,0,0,0,0,0,0,0,1,1,0,0,0,1
3808,0.811939615053986,1,1,1,0,0,1,1,1,1,1,1,0,0,0,1
3809,-0.0956812009400922,0,1,0,0,0,1,0,1,0,1,0,0,1,1,0
3810,0.290595707068464,1,0,0,0,0,1,0,1,0,0,1,0,0,1,0
3811,-1.41827247596078,0,1,0,0,0,0,0,1,0,0,0,0,0,0,0
3812,0.759056450511003,0,0,1,0,1,1,0,1,1,1,0,1,1,1,1
3813,1.71737913115271,1,0,1,1,1,0,1,1,1,1,1,1,0,1,1
3814,-0.3604236418035,1,0,0,0,0,1,0,1,0,1,0,0,1,0,0
3815,-0.219360361983967,0,0,0,0,0,0,0,0,0,0,0,0,0,0,0
3816,2.7061972656297,1,1,1,1,1,0,1,1,1,0,1,1,1,0,1
3817,0.567038554423313,0,1,0,0,0,0,0,0,0,1,1,0,0,0,0
3818,0.664117284968922,0,0,1,0,0,1,0,1,1,0,1,1,0,0,0
3819,0.791039692929343,0,0,0,1,0,1,1,0,0,1,1,0,0,1,1
3820,-0.492220927494236,0,1,0,0,0,1,0,0,0,0,0,0,0,0,0
3821,0.324928819143416,0,1,0,0,0,0,0,1,1,1,1,0,0,0,0
3822,0.293992290843199,1,0,0,0,0,0,0,0,0,0,1,0,1,1,0
3823,-1.63391432017718,0,1,0,0,0,0,0,1,0,0,0,0,1,1,0
3824,1.11016048338017,1,1,1,1,1,0,0,1,1,1,0,1,1,1,1
3825,-0.123415724975551,0,1,0,0,0,0,0,1,0,1,0,1,1,1,0
3826,0.856434168320287,1,1,1,1,0,0,0,1,1,1,1,1,1,1,0
3827,-1.0195440340185,0,0,0,0,0,0,0,1,0,0,1,0,1,1,0
3828,-0.582805048545659,0,0,0,0,0,0,0,1,0,0,0,0,1,1,0
3829,0.526563646372363,0,0,0,0,0,1,0,1,1,0,1,0,0,1,0
3830,0.101998072647515,0,1,0,0,0,1,0,0,0,0,1,0,1,1,0
3831,0.674156649214734,1,0,1,0,0,1,1,1,1,1,0,1,0,1,0
3832,1.20274088859023,1,1,1,1,1,1,0,1,1,0,0,1,1,0,0
3833,-1.29221733766951,0,0,0,0,0,1,0,0,0,0,0,0,1,0,0
3834,-2.28046422578789,0,1,0,0,0,1,0,0,0,0,0,0,0,1,0
3835,-0.0214997208813875,0,0,0,0,0,1,0,1,0,0,0,0,0,0,0
3836,0.172881497940149,1,0,0,0,0,1,0,1,1,1,0,0,0,1,0
3837,-0.769615851123433,0,1,0,0,0,1,0,0,0,0,0,0,1,0,0
3838,-1.7284800300426,0,0,0,0,0,0,0,1,0,1,0,0,1,1,0
3839,-0.59701536251137,0,0,0,0,0,1,0,1,0,1,1,0,0,1,0
3840,-0.310025575696305,0,0,0,0,0,1,0,1,0,0,0,0,1,0,0
3841,-0.337511141220947,0,0,0,0,0,0,0,1,0,0,1,0,1,0,0
3842,0.871074302777007,1,1,0,0,0,0,0,1,1,1,1,1,0,0,0
3843,-0.356753336190878,0,1,0,0,0,0,0,1,0,0,0,0,0,1,0
3844,0.204703540197967,0,1,0,0,0,0,0,0,0,1,1,0,0,1,0
3845,0.229612802698988,0,1,1,0,0,1,0,0,0,1,0,0,0,1,1
3846,2.63288365774131,1,1,1,1,1,0,1,1,1,1,1,1,1,1,1
3847,-0.506749976743447,0,0,0,0,0,1,0,0,0,1,0,0,1,1,0
3848,-1.12517441544648,0,1,0,0,0,1,0,1,0,1,1,0,0,0,0
3849,-0.410377787915297,0,1,0,0,0,1,0,0,0,1,1,0,1,1,0
3850,-1.16968102924703,0,1,0,0,0,0,0,0,0,1,0,0,0,1,0
3851,-1.92205130370182,0,1,0,0,0,1,0,1,0,0,0,0,1,0,0
3852,1.01123977600009,1,1,1,0,0,1,1,1,1,1,0,1,0,0,0
3853,0.174835615772461,0,1,0,0,0,1,0,1,0,1,1,0,0,0,0
3854,-0.585145475104287,1,0,0,0,0,1,0,1,0,1,0,0,1,1,0
3855,-1.0472821025676,0,1,0,0,0,0,0,1,0,1,0,0,0,1,0
3856,-1.84280273741865,0,1,0,0,0,0,0,0,0,0,0,0,0,1,0
3857,0.488994540823313,1,1,0,0,0,0,0,1,1,0,1,0,1,1,0
3858,-0.619813250779768,0,1,0,0,0,1,0,1,0,0,1,0,0,1,0
3859,-1.18084234285423,0,0,0,0,0,1,0,1,0,0,0,0,1,0,0
3860,-0.0683422833334332,0,0,0,0,0,1,0,1,0,0,1,0,1,1,0
3861,-1.19868189066706,0,0,0,0,0,0,0,0,0,1,0,0,0,1,0
3862,-0.530387795224685,0,1,0,0,0,0,0,1,0,1,0,0,1,1,0
3863,1.67443910419411,1,0,1,1,1,1,1,1,1,1,1,1,1,1,1
3864,-0.266562250725551,0,1,0,0,0,0,0,0,0,1,1,0,1,1,0
3865,0.445196841764367,1,1,0,1,0,1,1,1,1,0,0,1,1,1,0
3866,-0.291694545558231,0,1,0,0,0,0,0,1,0,1,0,0,0,1,0
3867,0.0790355865354027,0,1,0,0,0,1,0,1,0,0,0,0,0,1,0
3868,0.570199243646714,0,0,0,1,0,1,0,1,0,1,1,0,0,0,1
3869,0.65866002971486,0,1,1,0,0,0,0,1,0,0,1,0,0,0,1
3870,-0.855546030237327,0,0,0,0,0,0,0,0,0,0,0,0,0,1,0
3871,-0.385064086160383,1,1,0,0,0,0,0,1,0,1,1,0,0,0,0
3872,-1.75589706300439,0,1,0,0,0,1,0,0,0,1,0,0,0,1,0
3873,0.394238698293972,0,1,0,0,0,1,0,1,0,1,1,0,0,1,0
3874,-0.13973813628426,0,1,0,0,0,1,0,0,0,0,1,0,1,0,0
3875,-1.7943020560309,0,0,0,0,0,1,0,1,0,1,0,0,0,1,0
3876,0.79327109140897,1,1,0,0,0,1,0,1,1,1,1,1,1,1,0
3877,-0.238413595495723,0,1,0,0,0,1,0,1,0,0,1,0,1,0,0
3878,0.302530053793833,0,0,0,1,0,1,0,1,0,0,0,0,1,1,0
3879,-0.228978853554663,0,0,0,0,0,1,0,0,1,0,1,0,1,1,0
3880,2.46514687261269,1,1,1,1,1,0,1,1,1,1,1,1,0,0,1
3881,0.158055270617637,0,0,1,0,0,0,0,1,0,0,1,0,1,1,1
3882,-1.53553512078767,0,0,0,0,0,0,0,0,0,1,0,0,1,0,0
3883,-0.252606523142547,0,0,0,0,0,0,0,1,0,0,1,0,0,1,0
3884,0.522132216689372,1,0,1,0,0,0,0,1,1,0,1,0,0,1,0
3885,1.89151987945636,1,1,1,0,1,0,1,1,1,0,1,1,1,1,1
3886,-0.266447931200256,0,0,0,0,0,1,0,1,0,1,1,1,1,1,0
3887,-0.4362303366432,0,1,0,0,0,0,0,1,0,0,0,0,0,1,0
3888,-0.797502147715132,0,0,0,0,0,0,0,0,0,1,0,0,0,1,0
3889,1.40827242727004,1,1,1,0,1,1,1,0,1,0,1,1,0,1,0
3890,-0.886471434901803,0,0,0,0,0,1,0,1,0,0,1,0,1,1,0
3891,-0.521423654225409,0,0,0,0,0,1,0,1,0,1,0,0,1,0,0
3892,0.566605922875581,1,1,1,0,0,1,1,1,0,1,0,1,0,1,1
3893,-0.604629545460918,0,1,0,0,0,0,0,0,0,0,0,0,0,0,0
3894,-0.304953324570415,0,1,0,0,0,0,0,1,0,0,0,0,1,1,0
3895,-0.0214609420822654,0,1,0,0,0,1,0,0,0,1,0,0,1,0,0
3896,0.386072026059031,0,0,0,0,0,1,0,1,0,1,0,0,1,0,1
3897,1.17960202155141,0,0,1,1,0,0,1,1,1,1,1,1,1,1,0
3898,1.23124403746499,1,1,1,0,1,0,0,0,1,0,1,0,1,1,1
3899,-0.590979575612142,0,0,0,0,0,0,0,1,0,0,1,0,1,1,0
3900,-0.644333811188749,0,0,0,0,0,1,0,0,0,1,1,0,1,1,0
3901,2.34217735726327,1,1,1,1,1,1,1,1,1,1,1,1,1,0,1
3902,-0.72075361818906,0,0,0,0,0,0,0,1,0,0,1,0,1,1,0
3903,-0.610186900814705,0,1,0,0,0,1,0,0,0,0,0,0,1,1,0
3904,0.160749462861708,0,1,0,0,0,1,0,1,0,1,1,0,0,1,0
3905,-0.219364952896676,0,1,0,0,0,1,0,1,0,1,1,0,1,0,0
3906,-0.92365007069705,0,0,0,0,0,1,0,0,0,1,1,0,1,0,0
3907,-0.477515229645053,0,1,0,0,0,1,0,0,0,0,0,1,1,1,0
3908,1.32566871585975,1,1,1,0,0,0,1,1,1,0,0,1,1,0,1
3909,0.918566920853664,1,0,0,1,0,0,0,0,1,1,1,1,1,0,0
3910,0.183786547140308,0,1,1,0,1,0,0,0,0,1,1,0,0,1,0
3911,-1.19869228148545,0,1,0,0,0,1,0,1,0,0,0,0,1,1,0
3912,-1.00882439291225,0,1,0,0,0,1,0,0,0,0,1,0,1,1,0
3913,1.02022326569544,1,0,1,0,0,0,0,1,0,1,1,1,1,1,1
3914,-0.37422857568495,0,1,0,0,0,1,0,0,0,1,1,0,1,0,0
3915,0.186825675923076,0,1,0,0,0,1,0,1,0,1,1,0,0,0,0
3916,1.486332602191,1,1,1,1,0,0,1,1,1,0,1,1,1,1,0
3917,-1.31964491674806,0,0,0,0,0,1,0,0,0,1,0,0,0,1,0
3918,1.01015615400038,1,0,1,0,0,0,1,1,1,1,1,1,1,0,0
3919,-0.460009433157347,0,0,0,0,0,0,0,1,0,1,0,0,0,1,0
3920,0.3537318564313,1,1,0,0,0,1,0,1,0,1,1,1,1,1,0
3921,0.319637902173823,0,0,0,0,0,1,0,1,0,0,1,0,0,0,0
3922,-0.0866104838772595,0,0,0,0,0,1,0,0,0,0,1,1,0,1,0
3923,0.318562722095886,0,1,0,0,0,1,0,0,1,1,1,0,1,1,0
3924,1.16959724702458,1,1,0,1,1,1,1,1,1,1,1,1,1,0,1
3925,0.207548211384756,1,1,0,0,0,1,0,1,0,0,1,0,0,1,0
3926,-0.506621793002316,0,0,0,0,0,0,0,1,0,0,1,0,1,1,0
3927,0.391317806269546,0,1,0,0,0,0,0,1,0,1,1,0,1,0,1
3928,-1.30987007174776,0,1,0,0,0,0,0,0,0,0,0,0,0,1,0
3929,1.38216709356789,1,1,1,0,1,1,1,1,1,0,1,1,1,1,0
3930,0.0317510982053453,0,1,0,0,0,1,0,1,0,0,1,0,1,1,0
3931,-0.448163661775871,0,0,0,0,0,1,0,0,0,1,0,1,1,1,0
3932,2.27384140041679,1,0,1,1,1,0,1,1,1,1,0,1,1,1,1
3933,0.382873801266946,1,1,0,0,0,0,0,1,1,0,1,0,0,1,0
3934,1.05439821280335,0,1,1,0,0,0,1,1,1,0,1,0,0,1,1
3935,0.0629809830806846,0,1,0,0,0,0,0,1,0,0,0,0,1,0,0
3936,-0.572773521864617,0,0,0,0,0,1,0,0,0,0,1,0,1,0,0
3937,0.078815789603798,0,1,0,0,0,0,0,1,0,1,1,0,1,0,0
3938,-0.247923147021324,0,0,0,0,0,1,0,1,0,0,0,0,0,1,0
3939,0.303210789894335,0,1,0,0,0,1,0,0,1,1,1,0,1,1,0
3940,1.30580394324888,1,0,0,1,0,0,1,1,0,1,1,1,1,0,1
3941,0.548145811005677,1,0,0,0,0,1,1,1,0,1,1,0,1,1,0
3942,0.0941210258604872,0,1,0,0,0,1,0,0,0,1,0,0,1,1,0
3943,0.608183860524371,1,0,1,0,0,0,0,1,0,1,1,1,0,1,1
3944,-0.791146861843208,0,1,0,0,0,0,0,0,0,1,1,0,1,1,0
3945,-1.0467858316193,0,1,0,0,0,1,0,0,0,1,0,0,0,0,0
3946,-0.313207457998377,0,1,0,0,0,0,0,1,0,1,0,0,0,0,0
3947,-1.01528734330279,0,1,0,0,0,1,0,1,0,0,0,0,1,0,0
3948,-1.17567157604766,0,0,0,0,0,1,0,1,0,1,1,0,1,0,0
3949,1.21755271494722,1,0,1,0,0,1,1,1,1,1,1,1,1,0,0
3950,-0.0335772828213399,0,1,0,0,0,0,0,1,0,0,0,0,1,0,0
3951,1.12671189516556,1,0,1,0,0,1,1,1,1,1,1,1,0,1,1
3952,0.79065365202567,0,0,0,0,0,1,0,0,1,0,1,1,0,1,1
3953,-0.0836266361803717,0,1,0,0,0,0,0,1,0,0,0,1,1,0,0
3954,0.60715263316086,1,0,1,0,0,1,0,0,1,1,1,0,1,0,0
3955,0.591715411425787,0,0,0,0,0,0,0,1,1,1,1,1,0,0,1
3956,-0.219407283950627,0,1,0,0,0,0,0,1,0,0,1,1,0,1,0
3957,-1.49230389817181,0,1,0,0,0,0,0,0,0,0,1,0,1,0,0
3958,-1.16671170146172,0,1,0,0,0,1,0,1,0,0,0,0,1,1,0
3959,1.24296314533162,1,1,1,0,1,1,1,1,1,1,1,1,1,0,1
3960,-0.18175895291891,0,0,0,0,0,1,0,1,0,0,1,0,1,1,0
3961,0.800175267154176,0,1,0,1,0,1,1,1,1,1,1,1,1,1,1
3962,-0.658395286306786,0,1,0,0,0,1,0,1,0,0,1,0,1,1,0
3963,-0.901908545700662,0,1,0,0,0,1,0,0,0,0,1,0,1,1,0
3964,-0.0126569278725295,0,1,0,0,0,1,0,1,0,0,1,0,0,1,0
3965,1.31703611177462,1,1,1,1,1,1,0,0,1,0,0,1,1,1,1
3966,-2.16387501618423,0,0,0,0,0,0,0,0,0,0,1,0,1,0,0
3967,-0.657901677900095,0,1,0,0,0,1,0,1,0,0,0,0,0,0,0
3968,-1.07574031863312,0,1,0,0,0,0,0,1,0,0,0,0,1,1,0
3969,1.14459668464477,1,0,1,1,1,0,1,1,1,1,1,1,1,1,1
3970,-1.00977918832281,0,1,0,0,0,0,0,1,0,1,1,0,1,1,0
3971,2.31135176464238,1,1,1,1,1,1,1,1,1,0,1,1,1,1,1
3972,0.240296467250429,1,0,0,0,0,0,0,1,0,0,0,1,1,1,0
3973,0.0995472738574242,1,1,0,0,1,0,0,1,0,1,1,0,1,1,0
3974,0.401263770629698,1,1,0,0,0,0,0,0,1,1,1,0,0,1,0
3975,-0.812781876257188,0,0,0,0,0,1,0,1,0,1,1,0,0,0,0
3976,-1.20290243561767,0,0,0,0,0,1,0,1,0,1,1,0,1,0,0
3977,0.0938329105093856,0,0,1,0,1,1,0,1,0,1,1,0,1,0,0
3978,0.607108901008159,1,1,1,0,0,0,0,1,0,1,1,1,1,0,1
3979,-0.677972951406242,0,1,0,0,0,1,0,1,0,0,1,0,1,0,0
3980,-0.532441825379254,0,1,0,0,0,1,0,1,0,1,0,0,1,0,0
3981,-0.0859578383830677,0,0,1,0,0,1,0,1,0,1,0,0,1,0,0
3982,-0.861112216399562,0,1,0,0,0,1,0,1,0,0,1,0,1,1,0
3983,0.808403792201818,1,0,1,0,0,1,0,1,1,0,1,1,1,0,1
3984,0.630431996797623,1,1,0,1,0,0,0,1,0,0,1,0,1,1,0
3985,-0.582811054712131,0,0,0,0,0,0,0,0,0,0,0,0,1,1,0
3986,-0.572634712423547,0,1,0,0,0,1,0,0,0,0,0,0,1,1,0
3987,0.7288742840083,1,0,1,0,0,0,0,1,1,1,1,1,1,0,1
3988,-0.20816789833293,0,1,0,0,0,1,0,0,0,0,0,0,1,1,0
3989,-0.886109877729764,0,1,0,0,0,1,0,0,0,0,0,0,1,1,0
3990,-0.476555951450036,0,1,0,0,0,1,0,0,0,0,1,0,1,1,0
3991,-1.48743662197012,0,0,0,0,0,1,0,0,0,0,0,0,0,0,0
3992,-1.81735669285683,0,0,0,0,0,1,0,0,0,1,0,0,1,0,0
3993,-1.59445463952142,0,1,0,0,0,0,0,0,0,0,0,0,0,1,0
3994,-0.543246133156491,0,0,0,0,0,0,0,0,0,1,1,0,0,1,0
3995,1.50781147037833,1,0,1,0,1,1,1,1,1,1,1,1,1,1,1
3996,0.194249500299723,0,1,0,0,0,0,0,0,0,1,1,0,1,1,0
3997,0.899513710473677,0,1,0,1,0,0,0,1,1,0,1,1,1,0,1
3998,0.248292154847751,0,0,0,0,0,0,0,0,0,1,1,0,0,1,0
3999,-0.317575526841029,0,1,0,0,0,1,0,1,0,1,0,0,1,0,0
4000,-0.980646035455096,0,1,0,0,0,0,0,1,0,0,0,0,1,1,0
4001,0.537317366493131,0,1,1,0,0,1,0,1,1,1,1,1,0,1,0
4002,1.1493310513031,1,0,1,0,1,1,1,1,1,1,1,1,0,0,1
4003,0.288771343328481,0,1,0,0,0,1,0,1,0,1,1,0,1,1,0
4004,1.49342986740346,1,1,1,1,1,1,1,1,1,1,1,1,1,1,1
4005,0.214781915397903,0,0,0,0,0,1,0,1,1,1,0,1,1,1,0
4006,0.376155962928057,0,0,0,0,0,1,0,1,0,1,1,0,1,0,0
4007,-1.11008716397602,0,1,0,0,0,0,0,1,0,1,1,0,0,0,0
4008,1.10894885881554,1,1,0,0,1,1,1,1,1,1,1,1,1,1,1
4009,0.0284056794834981,0,0,0,0,0,0,0,1,0,0,1,0,0,1,0
4010,0.221958282622514,1,1,0,0,0,1,0,1,0,1,0,0,1,1,1
4011,-1.01461477790123,0,0,0,0,0,0,0,1,0,1,0,0,1,0,0
4012,-0.34372667596437,0,0,0,0,0,1,0,0,0,0,1,0,1,1,0
4013,0.482988554406798,0,1,0,0,0,1,0,0,0,1,0,1,1,1,0
4014,0.86199074307014,0,1,0,1,0,1,0,1,0,1,1,1,1,1,0
4015,0.665180801643454,1,1,0,0,0,1,0,1,0,1,0,0,0,1,1
4016,1.67695386160746,1,1,1,1,1,0,0,1,1,1,0,1,1,1,1
4017,-0.425286432441811,0,1,0,0,0,0,0,1,0,1,0,0,1,0,0
4018,-0.670844155845386,0,1,0,0,0,0,0,1,0,1,1,0,0,1,0
4019,-0.156436566578453,0,0,0,0,0,1,0,0,0,0,1,0,1,1,0
4020,-0.408350138274731,0,0,0,0,0,1,0,0,0,1,0,0,1,0,0
4021,-0.776826168437687,0,1,0,0,0,0,0,1,0,0,0,0,1,0,0
4022,-0.627520815045036,0,0,0,0,0,1,0,1,0,1,0,0,0,1,0
4023,-1.14007893739913,0,0,0,0,0,0,0,0,0,0,0,0,0,0,0
4024,-0.868315180530658,0,0,0,0,0,1,0,1,0,1,0,0,0,1,0
4025,0.0633455922917366,0,1,0,0,0,0,0,0,0,1,0,0,1,0,0
4026,-0.0564064072117232,0,1,0,0,0,0,0,1,1,1,1,0,1,0,0
4027,-1.46984044932965,0,1,0,0,0,1,0,1,0,0,0,0,0,1,0
4028,0.800965716013297,1,1,1,1,1,1,0,1,1,1,1,1,1,1,1
4029,0.31596037765162,1,0,1,0,0,0,0,1,0,1,0,0,1,0,1
4030,0.2837330706145,0,1,0,0,0,0,0,1,0,1,1,1,0,1,0
4031,-1.37216261580098,0,1,0,0,0,1,0,1,0,1,1,0,1,0,0
4032,1.09082024753032,0,0,1,1,0,1,0,1,1,1,1,1,0,1,1
4033,0.035816169803085,0,1,0,0,0,1,0,1,0,0,1,0,1,1,0
4034,-0.57264069614435,0,1,0,0,0,0,0,1,0,1,1,0,1,1,0
4035,0.499860366990583,1,1,0,0,0,1,0,1,1,1,1,0,1,1,0
4036,1.67165607542504,1,0,1,1,1,1,1,1,1,1,1,1,1,1,1
4037,-0.264927888724335,0,1,0,0,0,1,0,0,1,0,1,0,0,1,0
4038,-0.186910271015995,0,1,0,0,0,1,0,1,0,1,1,0,1,0,0
4039,1.63544864414423,1,1,1,1,1,1,0,1,1,1,1,1,0,1,1
4040,1.29238761767896,1,0,0,1,0,1,0,1,1,1,1,1,1,1,1
4041,0.0423705311506924,0,1,0,0,0,1,0,1,0,1,0,0,1,1,0
4042,-0.151353643895762,0,1,0,0,0,0,0,1,0,0,1,0,1,0,0
4043,0.901961296064723,0,1,0,0,0,1,0,0,0,1,1,1,1,1,1
4044,0.421815119773635,0,1,0,0,1,0,0,1,1,1,1,0,0,0,1
4045,1.73119685357168,1,1,1,1,1,0,1,1,1,1,1,1,0,1,1
4046,-0.993429722029386,0,0,0,0,0,0,0,1,0,1,0,0,1,1,0
4047,-0.289151285769103,0,1,1,0,0,0,0,1,0,1,0,0,1,1,0
4048,-0.0542324317795036,0,1,0,0,0,0,0,0,0,1,1,0,1,1,0
4049,0.0148778654346229,0,0,0,0,0,0,0,1,0,1,0,0,1,1,0
4050,1.74172884267226,1,1,1,1,0,1,1,1,1,1,1,1,1,1,1
4051,0.00296977677671134,0,1,0,0,0,1,0,1,1,0,0,0,0,0,0
4052,-1.15069171175197,0,0,0,0,0,0,0,1,0,1,1,0,1,0,0
4053,0.929975487796844,1,1,0,1,0,1,0,1,0,0,1,1,0,1,1
4054,-0.433614008616415,0,1,0,0,0,0,0,0,0,0,1,0,1,0,0
4055,1.79515499941968,1,1,1,1,1,1,1,1,1,1,1,1,0,1,1
4056,-2.15219148187941,0,0,0,0,0,1,0,0,0,1,0,0,1,1,0
4057,1.65416906200328,1,1,1,0,1,1,1,1,1,1,1,1,1,1,1
4058,1.24086517697765,1,1,0,0,0,1,0,1,1,1,1,1,1,0,1
4059,-0.00260745226902477,0,0,0,0,0,1,0,1,0,1,0,0,0,1,0
4060,0.204666380654668,1,0,0,0,0,0,0,0,0,1,1,0,1,0,0
4061,-0.379060468355575,0,0,0,0,0,0,0,1,0,0,1,0,0,1,0
4062,0.104325493966231,0,1,0,0,0,1,0,1,0,1,1,0,0,0,0
4063,0.0520233713391182,1,1,0,1,0,1,0,0,0,0,1,0,1,0,0
4064,-0.659065610730104,0,1,0,0,0,1,0,1,0,1,0,0,1,1,0
4065,-1.65401471533581,0,1,0,0,0,1,0,0,0,0,1,0,0,1,0
4066,0.167735993984813,1,1,1,0,0,1,0,1,0,0,0,0,1,1,0
4067,-1.20199937162801,0,0,0,0,0,1,0,1,0,1,0,0,1,1,0
4068,-1.39647635867139,0,1,0,0,0,0,0,1,0,0,0,0,1,0,0
4069,-1.68048917632566,0,1,0,0,0,1,0,1,0,1,0,0,1,1,0
4070,1.13557032863017,1,1,1,0,0,1,1,1,1,1,1,1,1,1,1
4071,-0.117942979254114,0,0,0,0,0,0,0,1,0,0,0,0,0,1,0
4072,0.456826321509295,1,0,0,0,0,1,0,0,0,0,1,0,1,1,1
4073,1.44794579695574,1,0,0,0,0,1,1,1,1,1,1,1,0,1,1
4074,-0.278375999996902,0,0,0,0,0,0,0,0,0,1,1,0,0,1,0
4075,-0.273937101736188,0,0,0,0,0,1,0,1,1,1,0,0,0,0,0
4076,-0.199757381580981,0,1,0,0,0,1,0,1,0,1,1,0,1,1,0
4077,1.13446806054949,1,1,1,0,1,0,0,1,1,1,1,1,1,1,1
4078,-0.537413247593986,0,1,0,0,0,0,0,0,0,0,1,0,0,1,0
4079,-0.0884805948863376,1,1,0,0,0,1,0,0,0,1,1,0,1,0,1
4080,1.01467652025537,1,1,0,1,0,1,0,1,1,1,1,1,1,0,0
4081,-2.17974900527579,0,0,0,0,0,1,0,1,0,0,0,0,1,1,0
4082,-0.619562433951865,0,0,0,0,0,1,0,1,0,0,0,0,1,1,0
4083,0.169991556932471,0,0,0,0,0,1,0,1,0,1,0,1,1,1,0
4084,0.659157231257269,0,0,0,0,1,0,0,1,0,1,1,0,1,0,1
4085,-0.0732287838728142,0,0,0,0,0,0,0,0,1,0,0,0,1,1,0
4086,-0.0286190459045282,0,1,0,0,0,1,0,1,0,1,0,0,0,0,0
4087,-0.871910976228712,0,1,0,0,0,0,0,1,0,0,0,0,1,0,0
4088,-0.805296358243644,0,1,0,0,0,0,0,0,0,0,1,0,0,0,0
4089,-0.800515140631952,0,1,0,0,0,1,0,1,0,1,0,0,1,1,0
4090,-0.319681462542937,0,1,0,0,0,0,0,1,0,1,1,0,1,0,0
4091,-0.421498253301899,0,1,0,0,0,1,0,0,0,1,1,0,1,1,0
4092,-0.0358850183396139,0,0,0,0,0,1,0,1,0,0,1,0,0,1,0
4093,0.379107831690488,0,0,0,0,1,1,0,0,0,0,0,0,1,0,0
4094,0.236391116915945,0,0,0,0,0,1,0,1,0,1,0,0,1,1,1
4095,0.433570523499688,0,1,0,0,0,0,0,1,1,1,0,0,1,1,0
4096,-1.25271231022187,0,1,0,0,0,0,0,1,0,1,1,0,0,1,0
4097,0.542197229426188,1,0,0,0,0,1,0,0,1,1,0,0,0,0,0
4098,0.2431945545596,0,0,0,0,0,0,0,1,0,1,1,0,1,0,0
4099,-0.170279109919308,0,1,0,0,0,1,0,0,0,1,1,0,1,0,0
4100,0.964013374877069,0,0,1,0,1,0,0,1,1,1,1,0,1,0,1
4101,0.0819379290091463,0,1,0,0,0,0,0,1,0,1,0,0,1,0,0
4102,-1.21747462736528,0,0,0,0,0,1,0,0,0,0,0,0,0,1,0
4103,0.563745428537925,1,0,0,0,0,1,0,1,1,1,1,0,1,1,0
4104,-0.974629178701747,0,1,0,0,0,1,0,1,0,0,0,0,0,0,0
4105,2.39111961982047,1,0,1,1,1,1,1,1,1,1,1,1,1,1,1
4106,0.121336377179062,0,1,0,0,0,1,0,0,1,0,1,0,1,0,0
4107,0.0417197306617879,0,1,0,0,0,1,0,1,0,1,1,0,1,0,0
4108,-1.51800049132125,0,1,0,0,0,1,0,0,0,0,0,0,0,1,0
4109,0.26195331909497,0,1,0,0,0,0,0,1,0,1,1,0,1,1,1
4110,0.594252186187284,1,1,0,0,0,1,0,1,0,1,1,1,0,1,0
4111,-1.19305066461378,0,0,0,0,0,1,0,0,0,1,0,0,0,0,0
4112,-0.35473294447873,0,1,0,0,0,0,0,0,0,1,1,0,0,1,0
4113,0.515992696353319,1,0,0,0,0,0,0,1,0,1,1,1,1,1,0
4114,0.790301514106554,1,0,1,0,0,0,0,1,0,1,0,1,1,1,0
4115,0.732124885345842,0,0,0,0,0,0,0,0,0,1,0,1,0,0,0
4116,-0.658044595554488,0,0,0,0,0,0,0,1,0,0,1,0,0,1,0
4117,-1.88021846132212,0,1,0,0,0,0,0,0,0,1,1,0,1,1,0
4118,1.25289456706572,1,1,1,0,1,1,1,1,1,1,0,0,1,1,1
4119,1.2318563846965,1,1,1,1,0,1,0,1,1,1,1,1,0,1,1
4120,0.809311861583717,1,0,0,0,0,1,1,1,0,1,1,1,1,1,0
4121,-0.765194330932144,0,0,0,0,0,1,0,1,0,0,0,0,0,0,0
4122,-0.24092749343645,0,1,0,0,0,0,0,1,0,1,1,0,0,1,0
4123,0.583277778061774,0,1,0,0,1,1,1,0,1,1,1,1,1,1,0
4124,0.697474329107614,0,0,1,0,0,1,0,1,0,0,1,0,0,1,0
4125,-0.748142917422192,0,1,0,0,0,1,0,1,0,1,0,0,1,1,0
4126,1.257408395407,1,1,0,0,1,1,1,1,1,0,1,1,1,1,1
4127,0.228690059408139,0,1,0,0,1,1,0,1,0,0,0,0,0,1,0
4128,-0.133090836276442,0,0,0,0,0,0,0,1,0,0,1,0,1,0,0
4129,0.894973737296625,1,1,1,1,0,1,0,1,1,1,0,1,1,0,1
4130,0.341770888597754,1,1,0,0,0,0,0,1,0,0,1,0,0,0,0
4131,0.664832736168698,1,1,1,0,0,1,0,1,0,1,1,0,0,1,0
4132,-1.23600660108341,0,0,0,0,0,1,0,1,0,1,0,0,1,0,0
4133,0.00524661623100475,0,1,0,0,0,1,0,1,0,1,0,0,0,1,0
4134,0.78311836507598,1,0,0,1,0,1,0,1,1,1,1,1,1,1,0
4135,1.43428474635212,1,1,1,1,0,0,1,1,1,0,1,1,1,1,1
4136,1.43826576850649,1,1,1,1,0,1,1,1,1,1,0,0,0,0,1
4137,-1.75267471189941,0,0,0,0,0,0,0,0,0,1,0,0,1,1,0
4138,-0.130480983437232,0,0,0,0,0,0,0,0,0,1,0,0,0,1,0
4139,0.247291048247444,1,0,1,0,0,0,0,1,0,0,0,0,0,0,0
4140,1.09543632393976,1,1,1,1,0,1,0,1,1,0,1,1,0,1,1
4141,-1.6754412164276,0,1,0,0,0,0,0,0,0,1,0,0,0,1,0
4142,0.231189028041094,1,1,0,0,0,1,0,0,0,0,1,0,1,0,0
4143,0.697059747391803,1,1,1,0,0,1,0,1,0,1,1,1,0,1,1
4144,0.639264441538539,1,1,0,0,0,1,1,1,0,0,1,0,0,0,1
4145,1.54338788768294,1,1,1,1,0,1,1,1,1,1,1,1,1,0,1
4146,1.31954393399776,1,1,1,1,0,1,1,1,1,1,0,1,1,0,1
4147,-0.06119092589806,0,0,0,0,0,0,0,1,0,1,1,0,0,1,0
4148,-0.0698985025341437,0,0,0,0,0,1,0,1,0,0,1,0,1,1,0
4149,-1.06733886630876,0,0,0,0,0,1,0,1,0,0,0,0,1,1,0
4150,1.49242351787818,0,0,1,1,0,1,0,1,1,1,1,1,1,0,1
4151,1.12070966747898,1,1,0,1,0,1,1,1,1,1,1,1,1,1,1
4152,-0.37104433995276,0,1,0,0,0,0,0,0,0,0,1,0,0,0,0
4153,0.805398117899377,1,1,0,0,0,1,0,0,0,1,0,0,0,0,1
4154,0.0332147777544627,0,0,0,0,0,0,0,1,0,1,0,0,1,0,0
4155,0.791085774212771,1,0,1,0,0,0,0,1,0,1,1,0,1,0,1
4156,-0.905547643158245,0,1,0,0,0,0,0,0,0,1,1,0,1,0,0
4157,-1.41591456153117,0,1,0,0,0,1,0,1,0,0,1,0,1,1,0
4158,0.39088419057166,0,1,0,0,0,1,0,1,1,1,1,1,1,1,0
4159,-0.533798183697525,0,1,0,0,0,1,0,1,1,0,1,0,1,0,0
4160,1.17154313499106,0,1,1,1,0,0,0,1,1,1,0,1,0,1,1
4161,0.433565593659035,0,1,0,0,0,0,0,0,0,1,1,0,1,1,0
4162,-0.477161003565468,0,0,0,0,0,1,0,0,0,0,1,0,0,1,0
4163,1.54551421800737,1,0,1,1,1,1,1,0,1,1,0,1,0,1,1
4164,-0.685170024068949,0,0,0,0,0,1,0,0,0,1,1,0,0,1,0
4165,-0.0362486178730721,0,0,0,0,0,1,0,1,0,0,1,0,0,1,0
4166,0.296259410917768,0,1,0,0,0,0,0,0,0,1,0,0,1,1,0
4167,-0.871428194861363,0,0,0,0,0,0,0,0,0,0,1,0,1,1,0
4168,0.120467903348048,1,0,0,0,0,0,0,0,0,1,1,0,1,0,0
4169,-0.0701897316190491,0,1,0,0,0,0,0,1,0,1,0,0,1,1,0
4170,-0.815725606508692,0,1,0,0,0,0,0,0,0,1,1,0,1,1,0
4171,0.503363055349456,1,0,0,0,0,1,0,1,0,0,0,0,0,0,0
4172,0.390621433812318,1,1,0,0,0,1,0,0,0,1,1,0,0,1,0
4173,-2.24290072453616,0,1,0,0,0,0,0,0,0,1,0,0,1,1,0
4174,0.86063934318678,0,0,0,0,0,0,1,1,1,1,1,0,1,0,0
4175,-2.73059625279193,0,0,0,0,0,1,0,0,0,0,0,0,1,1,0
4176,0.209939602198088,0,0,0,0,0,1,0,0,0,0,0,0,1,0,0
4177,-0.0542273480021273,0,1,0,0,0,1,0,0,0,1,1,0,1,0,0
4178,-0.419524047356373,0,1,0,0,0,0,0,0,0,1,1,0,1,0,0
4179,-0.259713288552391,0,1,0,0,0,1,0,1,0,1,0,0,1,1,0
4180,0.147081261580246,0,0,0,0,0,0,0,1,0,1,1,0,1,1,0
4181,0.102540638590326,0,1,1,0,0,1,0,0,1,0,0,0,1,0,1
4182,-0.0388837631320952,1,0,0,0,0,1,0,0,0,1,0,0,0,0,0
4183,-0.35400472181208,0,1,0,0,0,1,0,1,0,1,0,0,1,1,0
4184,-0.86542463986815,0,0,0,0,0,1,0,0,0,1,1,0,1,1,0
4185,-0.261914819319216,0,1,0,0,0,0,0,1,0,0,1,0,1,1,0
4186,-0.266859503201431,0,1,0,0,0,0,0,1,0,1,0,0,1,1,0
4187,0.951239255998629,1,1,1,0,0,0,0,1,1,1,0,1,1,0,1
4188,0.396549169168613,0,1,0,0,0,0,0,1,0,1,1,1,0,1,0
4189,-1.06301401166958,0,0,0,0,0,0,0,0,0,0,0,0,0,1,0
4190,-1.22217884991884,0,1,0,0,0,0,0,1,0,0,1,0,1,0,0
4191,0.109271214538478,0,1,0,0,1,1,0,1,0,0,1,0,1,0,0
4192,1.90985665525008,1,0,1,1,1,1,1,1,1,1,1,1,0,0,1
4193,0.376160781471276,1,0,0,0,0,0,0,0,0,1,1,0,0,1,0
4194,-0.274282481829103,0,0,0,0,0,1,0,0,0,1,0,0,0,1,0
4195,0.0389209980580703,0,1,0,0,0,0,0,1,0,1,1,0,1,0,0
4196,1.53345928273704,1,1,1,1,1,1,1,1,0,1,1,0,1,1,1
4197,0.457238552600915,0,1,0,0,0,1,0,0,0,1,1,0,1,0,0
4198,-0.0818645491978107,0,1,0,0,0,0,0,1,0,1,0,0,0,1,1
4199,0.553630888583363,1,0,0,0,0,1,0,1,0,1,0,0,1,1,0
4200,0.376463888935685,0,1,1,1,0,1,0,1,0,1,1,0,0,0,1
4201,-0.231148658865441,0,1,0,0,0,1,0,1,0,1,1,0,1,1,0
4202,-0.250788850378944,0,0,0,0,0,0,0,1,0,1,0,0,1,0,1
4203,0.106760464006122,0,0,0,0,0,0,0,1,0,0,0,1,1,1,0
4204,-1.97636477480086,0,1,0,0,0,0,0,0,0,0,1,0,0,1,0
4205,-0.308125686765401,0,1,0,0,0,0,0,0,0,1,1,0,1,1,0
4206,-1.12194139625284,0,1,0,0,0,1,0,0,0,0,1,0,0,1,0
4207,-0.444170428510146,0,0,0,0,0,0,0,1,0,0,0,0,0,0,0
4208,-0.956275203174906,0,0,0,0,0,1,0,1,0,0,0,0,1,0,0
4209,-1.28660813702932,0,0,0,0,0,0,0,0,0,1,0,0,1,1,0
4210,0.684714579978288,1,0,1,0,0,1,0,1,0,0,1,1,0,1,0
4211,-0.985187765950943,0,1,0,0,0,1,0,1,0,1,1,0,1,0,0
4212,1.70836191291854,1,1,1,1,1,1,1,1,1,1,1,1,1,0,1
4213,1.21868577666597,0,0,1,1,0,0,1,0,1,1,1,1,1,0,1
4214,-0.133491887168709,0,0,0,0,0,0,0,1,0,1,1,0,1,1,0
4215,-0.548861466247487,0,0,0,0,0,1,0,1,0,0,0,0,1,1,0
4216,0.456831315698815,0,0,0,0,0,0,0,1,0,1,1,1,0,1,1
4217,-0.112564613009826,0,0,0,0,0,0,0,0,0,1,0,1,1,0,0
4218,1.07735082882618,1,1,0,1,0,0,0,1,1,1,1,1,0,0,1
4219,0.376034187400915,0,1,1,0,0,1,0,1,0,0,0,0,1,0,0
4220,0.533471046977002,0,0,0,0,0,1,0,1,0,1,1,1,0,0,1
4221,-1.55073467010524,0,1,0,0,0,0,0,0,0,1,1,0,0,0,0
4222,-0.215705939364524,0,0,0,0,0,0,0,1,0,0,1,0,1,0,0
4223,0.394207134650578,0,1,1,0,0,0,0,1,1,0,1,0,1,0,1
4224,0.938586832412689,0,1,0,0,0,0,1,1,0,1,1,1,1,0,0
4225,-0.772012553948356,0,1,0,0,0,1,0,0,0,1,1,0,1,0,0
4226,-1.06294921838681,0,1,0,0,0,0,0,0,0,0,0,0,1,0,0
4227,-0.959618917207079,0,1,0,0,0,1,0,0,0,0,1,0,0,1,0
4228,0.359022792377157,0,1,0,0,0,1,0,1,0,0,1,0,1,0,1
4229,-0.919502540018177,0,0,0,0,0,1,0,1,0,1,1,0,0,1,0
4230,-0.147002047510671,0,0,0,0,0,1,0,1,0,0,1,0,0,0,0
4231,0.321304289744696,0,0,0,0,0,1,0,1,0,1,1,0,0,1,0
4232,-1.19171784257699,0,0,0,0,0,0,0,0,0,0,0,0,1,0,0
4233,1.1847818212147,1,1,0,0,0,1,1,1,1,0,1,1,1,1,0
4234,0.515244226269054,0,0,1,0,0,0,0,0,1,1,1,1,1,1,1
4235,-0.0999089837847251,1,1,0,0,0,1,0,0,0,1,1,0,1,0,1
4236,0.36002786505052,0,1,0,0,0,1,0,1,0,1,1,0,0,1,0
4237,-0.655053264761503,0,1,0,0,0,1,0,1,0,1,1,0,0,1,0
4238,2.51310538542596,1,0,1,1,1,0,1,1,1,1,0,1,1,1,1
4239,-0.530052476437497,0,1,0,0,0,1,0,1,0,1,0,0,1,1,0
4240,-0.522036942969788,0,1,0,0,0,1,0,1,0,1,0,0,1,1,0
4241,-0.0317066992308143,1,0,0,0,0,0,0,0,0,0,1,0,1,1,1
4242,-2.45022555832596,0,0,0,0,0,0,0,0,0,1,0,0,0,0,0
4243,1.39516380521853,0,0,1,1,0,1,0,1,1,1,1,1,0,0,1
4244,1.10526117752392,1,1,0,0,1,1,1,1,1,1,1,1,1,1,1
4245,-0.360765170945934,0,0,0,0,0,1,0,1,1,1,0,0,1,0,0
4246,-0.445594619594321,0,1,0,0,0,0,0,0,0,1,0,0,0,0,0
4247,-1.0111737617017,0,1,0,0,0,1,0,0,0,0,1,0,1,0,0
4248,0.838711935779026,0,0,0,0,0,0,0,1,1,1,1,1,1,1,0
4249,-1.49428668566834,0,1,0,0,0,0,0,1,0,0,0,0,0,1,0
4250,1.19876249003698,1,1,1,1,0,0,0,0,1,1,1,1,1,0,1
4251,1.74122479533974,1,1,1,1,1,0,1,1,1,1,0,1,0,0,1
4252,1.45482460867428,1,0,1,1,1,0,1,1,1,1,0,1,1,0,1
4253,0.671104912445773,0,0,0,0,0,1,0,0,0,0,0,1,1,1,1
4254,0.63299631100271,1,1,0,0,0,1,0,1,1,1,1,1,1,0,1
4255,0.274876141547728,0,0,0,0,0,1,0,1,0,1,1,0,0,1,0
4256,-0.919940396490805,0,1,0,0,0,1,0,0,0,1,1,0,1,0,0
4257,-0.9389184333173,0,1,0,0,0,0,0,0,0,1,0,0,1,1,0
4258,0.149142110139963,0,1,0,0,0,1,0,1,0,0,0,0,1,1,0
4259,-0.701450520798727,0,0,0,0,0,0,0,1,0,1,0,0,0,0,0
4260,0.0564751712734623,1,1,0,0,0,0,0,1,1,0,0,0,0,0,0
4261,0.919397767333577,1,1,1,0,0,0,0,1,0,0,1,1,1,1,0
4262,0.277171840835208,0,1,0,0,0,1,0,1,0,1,0,0,1,0,0
4263,-1.66323125509529,0,1,0,0,0,0,0,0,0,1,0,0,0,0,0
4264,-0.481980530578278,0,0,0,0,0,0,0,1,0,1,0,0,1,0,0
4265,-0.710284621965849,0,0,0,0,0,0,0,1,0,1,0,0,0,1,0
4266,0.635182467207636,0,1,0,0,1,1,0,1,1,0,0,1,1,0,0
4267,0.146713956595846,0,1,0,0,0,0,1,0,1,1,1,0,1,0,0
4268,2.1646404143234,1,1,1,1,1,1,1,1,1,1,1,1,0,1,1
4269,0.267373008323543,0,0,0,0,0,1,0,1,0,1,0,0,0,1,0
4270,-1.47998831522455,0,1,0,0,0,1,0,1,0,1,0,0,1,0,0
4271,0.575346572052303,0,0,0,0,0,1,0,1,1,1,1,0,0,0,0
4272,0.00300615912395474,1,0,0,0,0,0,0,1,0,0,1,0,0,1,0
4273,0.0632345762851275,0,1,0,0,0,1,0,1,0,0,0,1,0,1,0
4274,-0.521297075498541,0,1,0,0,0,0,0,0,0,1,0,0,1,0,0
4275,-0.196109825686641,0,0,0,0,0,1,0,1,0,1,0,0,1,0,0
4276,-0.64468688638647,0,1,0,0,0,0,0,0,0,1,0,0,0,1,0
4277,0.74804557518806,1,1,0,0,0,1,0,0,0,1,1,1,0,1,1
4278,0.114551671231868,1,0,0,0,0,1,1,1,0,1,0,1,1,1,0
4279,-0.856483966077342,0,0,0,0,0,0,0,1,0,1,1,0,0,1,0
4280,0.30718688111037,1,1,0,0,0,1,0,1,0,1,1,0,0,0,0
4281,-1.06395913236127,0,1,0,0,0,1,0,1,0,0,1,0,1,1,0
4282,0.604194990037787,0,0,0,0,0,0,1,1,0,1,0,1,1,0,0
4283,-0.329770144785376,0,1,0,0,0,0,0,1,0,1,1,0,1,0,0
4284,0.149253984536566,0,1,0,0,0,1,0,1,0,1,1,0,1,1,0
4285,0.809148827110005,1,0,0,0,0,1,1,1,0,1,1,0,0,0,0
4286,0.823067903567369,0,0,0,0,0,1,0,1,0,1,0,0,0,0,0
4287,0.23598252772177,0,0,0,0,0,0,0,1,1,1,1,0,1,0,0
4288,1.95658665196803,1,1,1,0,0,0,1,1,1,1,1,1,0,1,1
4289,0.35975280156594,0,1,0,0,0,1,0,1,1,0,1,1,0,0,0
4290,0.619508299861767,1,1,1,0,0,1,0,1,1,1,1,0,1,1,0
4291,-2.316524462789,0,1,0,0,0,1,0,1,0,1,0,0,0,0,0
4292,-0.794511686424617,0,0,0,0,0,1,0,1,0,0,0,0,1,0,0
4293,-0.585614432762222,0,0,0,0,0,1,0,1,0,1,0,0,1,1,0
4294,-0.533428498671883,0,1,0,0,0,0,0,1,0,0,1,0,0,0,0
4295,-0.0608289081830735,0,1,0,0,0,1,1,1,0,1,1,0,1,0,0
4296,-0.892070589954429,0,0,0,0,0,1,0,0,0,1,0,0,1,1,0
4297,0.561033093093,1,1,0,0,0,0,0,0,1,0,1,0,0,0,1
4298,0.207216034565858,0,1,0,0,0,1,0,1,0,1,0,0,0,1,0
4299,0.213245832730959,0,1,0,0,0,1,0,0,0,1,0,0,0,1,0
4300,-1.2764981577958,0,0,0,0,0,0,0,1,0,1,0,0,1,0,0
4301,1.38301259232333,1,1,1,0,1,1,0,1,1,1,1,1,0,0,1
4302,1.3001177129086,1,1,0,1,0,0,1,0,1,1,1,1,0,1,1
4303,0.411234402295777,1,0,1,0,0,1,0,1,0,1,0,0,1,0,0
4304,1.19742968878368,1,1,1,0,1,1,1,1,1,1,1,1,0,1,1
4305,-0.542913692686965,0,0,0,0,0,1,0,0,0,1,0,0,0,1,0
4306,-0.55129979658056,0,1,0,0,0,1,0,0,0,1,0,0,1,0,0
4307,0.307487616157557,0,1,0,0,0,1,0,1,0,0,1,0,0,1,1
4308,1.67213082663803,1,0,1,1,1,0,0,0,1,1,1,1,1,1,1
4309,1.55423552670649,1,1,1,1,1,1,1,1,1,1,1,1,1,1,1
4310,-1.56126780210337,0,1,0,0,0,0,0,0,0,0,0,0,1,1,0
4311,2.10599766006888,1,1,1,1,1,1,1,1,1,1,0,1,1,0,1
4312,0.151936948324466,0,1,0,0,0,0,0,1,0,0,1,1,0,1,0
4313,0.40623077062507,0,1,0,0,0,0,0,1,1,1,1,0,0,1,0
4314,0.926280377526451,1,1,1,0,0,0,1,1,0,1,1,1,1,0,1
4315,-1.42692913332691,0,0,0,0,0,1,0,0,0,1,1,0,1,1,0
4316,-0.962573683224978,0,0,0,0,0,1,0,1,0,1,0,0,1,1,0
4317,-0.170494285491912,0,1,0,0,0,1,0,1,0,0,0,0,1,1,0
4318,0.261838370243454,0,1,0,0,0,0,0,1,1,1,0,0,1,0,1
4319,0.588151302035449,0,1,1,0,0,1,0,1,1,0,1,0,1,0,0
4320,-1.92548159544195,0,0,0,0,0,1,0,1,0,0,0,0,0,1,0
4321,-0.443811405193689,0,0,0,0,0,1,0,0,0,0,1,0,0,1,0
4322,-0.783218351978055,0,0,0,0,0,0,0,1,0,1,1,0,0,0,0
4323,0.823511473747618,1,1,1,1,0,0,1,1,1,1,1,0,1,0,1
4324,-0.43586786343197,0,0,0,0,0,1,0,1,0,1,1,0,0,1,0
4325,1.46146606708857,1,0,0,1,0,0,1,1,1,1,0,1,1,1,0
4326,0.567234639608645,0,1,1,0,0,0,0,0,0,1,1,1,1,1,0
4327,-0.532865725584277,0,1,0,0,0,1,0,1,0,0,1,0,0,0,0
4328,-0.75202254045158,0,1,0,0,0,0,0,0,0,0,0,0,0,0,0
4329,0.958712812902352,1,0,0,1,0,0,0,0,1,0,0,0,1,1,1
4330,-0.3186551684046,1,1,0,0,0,0,0,1,0,0,0,0,0,1,0
4331,-0.883519637420301,0,1,0,0,0,1,0,1,0,0,1,0,0,1,0
4332,0.794404454991811,1,0,1,0,0,1,0,0,0,1,1,0,0,1,1
4333,-0.780859498226135,0,1,0,0,0,1,0,0,0,1,1,0,1,1,0
4334,-1.41938660575444,0,1,0,0,0,0,0,1,0,1,1,0,1,0,0
4335,0.740944813782376,1,1,1,0,0,0,0,1,0,0,1,0,1,1,0
4336,-2.03482382675473,0,1,0,0,0,0,0,1,0,1,0,0,1,0,0
4337,-0.0808859903115579,0,1,0,0,0,1,0,1,1,1,0,0,0,1,0
4338,0.441078769777192,0,1,0,0,0,0,0,1,1,1,0,0,1,0,0
4339,1.08287502659204,1,1,1,1,0,1,0,1,1,1,0,1,0,0,1
4340,2.08111490958322,1,1,1,0,1,1,1,1,1,1,1,1,0,1,1
4341,1.95513232557361,1,1,0,1,1,0,0,1,1,0,0,1,0,1,1
4342,-0.000858658183019625,0,0,0,0,0,1,0,1,0,0,1,0,0,0,0
4343,-0.822252380170058,0,0,0,0,0,1,0,0,0,1,1,0,1,0,0
4344,1.24078599433163,1,0,1,1,0,0,0,1,1,1,1,1,1,1,1
4345,1.13603806372724,1,0,1,0,1,1,1,1,1,0,0,1,1,0,1
4346,-0.737817371000832,0,0,0,0,0,1,0,1,0,1,1,0,1,0,0
4347,-0.800120717497766,0,1,0,0,0,1,0,1,0,0,0,0,1,0,0
4348,0.45919953448709,0,0,0,0,0,1,0,1,1,1,1,1,1,1,0
4349,1.22819867728636,1,1,0,1,1,0,1,0,1,1,1,1,0,0,1
4350,0.989352464514363,1,1,0,1,0,0,1,1,1,0,1,1,1,1,1
4351,-0.550509035370095,0,0,0,0,0,1,0,1,0,0,0,0,1,0,0
4352,1.11665169326558,1,1,1,0,0,1,1,1,1,0,1,1,1,0,1
4353,0.996990369890082,1,0,0,1,0,1,0,1,0,1,1,1,1,1,1
4354,1.50209080269011,1,1,1,1,1,1,1,1,1,1,1,1,1,0,1
4355,0.433843224330257,1,1,0,0,0,0,0,0,0,0,0,0,1,1,0
4356,0.170869202876938,0,1,0,0,0,1,0,1,0,1,1,0,1,1,0
4357,1.04008799191865,1,0,1,1,0,0,0,1,1,0,1,1,1,1,1
4358,1.49254342768231,1,0,1,1,0,1,0,1,1,0,1,1,0,0,1
4359,1.07684392289655,1,1,0,1,0,1,1,1,1,1,1,1,1,1,0
4360,0.30547776888763,0,1,0,0,0,0,0,1,0,1,0,1,0,0,0
4361,-0.0495469929938875,0,0,0,0,0,0,0,0,0,1,1,0,0,1,1
4362,-1.03959772236717,0,0,0,0,0,0,0,1,0,1,1,0,0,1,0
4363,-0.930088201028959,0,0,0,0,0,0,0,1,0,1,0,0,1,0,0
4364,1.24147861340747,1,1,1,1,1,0,1,1,1,1,1,1,0,1,0
4365,0.0477222643106351,0,0,0,0,0,1,0,1,0,0,1,0,1,1,0
4366,-0.477198769679415,0,0,0,0,0,0,0,0,0,0,1,0,1,1,0
4367,1.10044133448393,1,1,1,1,0,1,1,0,1,1,0,0,1,0,1
4368,0.173172686263969,0,0,0,0,0,0,0,1,1,1,1,0,1,1,1
4369,1.45212986132624,1,1,1,0,1,0,1,1,1,1,1,1,0,0,1
4370,-0.396240321547118,0,1,0,0,0,1,0,0,0,1,1,0,0,1,0
4371,3.0183214922628,1,1,1,1,1,1,1,1,1,1,1,1,1,0,1
4372,-0.720016515273254,0,1,0,0,0,1,0,0,0,0,0,0,0,0,0
4373,-0.91467938646301,0,0,0,0,0,1,0,1,0,0,0,0,0,0,0
4374,0.388274440368023,1,0,0,0,0,1,0,1,1,1,1,1,1,0,0
4375,-0.0914660117871596,0,0,0,0,0,0,0,1,1,1,1,0,1,0,0
4376,-0.114877867062305,1,1,0,0,0,1,1,1,0,1,1,0,1,1,0
4377,0.947390773570697,0,1,1,0,0,1,1,1,1,0,0,1,0,1,1
4378,0.0780189352678096,0,0,0,0,0,0,0,1,0,0,1,1,0,1,0
4379,-0.726019466096326,0,1,0,0,0,0,0,1,0,0,1,0,0,0,0
4380,0.702008867109704,1,1,0,0,0,1,0,1,0,1,1,0,1,1,0
4381,-0.332103368921118,0,1,0,0,0,1,0,1,0,0,0,0,0,1,0
4382,2.06253312884498,1,0,1,1,1,1,1,0,1,1,1,1,1,1,1
4383,0.566229401975228,0,1,0,1,0,1,0,1,1,1,1,0,1,0,1
4384,0.489360977266012,1,1,0,0,0,0,0,0,0,1,1,0,1,1,0
4385,2.14596907972276,1,1,1,1,1,1,1,1,1,1,1,1,0,1,1
4386,-0.894433552541826,0,0,0,0,0,0,0,0,0,1,1,0,1,1,0
4387,2.55239415764909,1,1,1,1,1,1,1,1,1,0,1,1,0,0,1
4388,1.28224630663733,1,1,0,0,0,1,0,1,1,1,1,1,1,0,1
4389,1.24680725958748,1,0,1,1,1,1,0,0,1,0,1,1,0,1,1
4390,-0.0498680083594745,0,1,0,0,0,1,0,1,0,0,0,0,1,1,0
4391,-0.337396406189785,0,0,1,0,0,1,0,1,0,1,1,0,1,0,0
4392,2.38619454720589,1,1,1,1,1,1,1,0,1,1,0,1,1,1,1
4393,-0.681408460022357,0,0,0,0,0,0,0,1,0,0,1,0,1,1,0
4394,0.536702026934229,1,1,1,0,0,1,0,1,0,0,1,1,1,1,0
4395,-0.588399196052799,0,0,0,0,0,0,0,0,0,0,1,0,0,1,0
4396,-0.6268278658094,0,0,0,0,0,1,0,0,0,1,1,0,1,0,0
4397,-0.44780985221168,0,1,0,0,0,0,0,0,0,1,0,0,0,1,0
4398,0.518526343156124,1,1,0,0,0,1,1,0,0,1,1,1,1,0,0
4399,0.096624047892816,0,1,0,0,0,0,0,0,0,1,1,0,1,1,1
4400,0.624975769684811,1,0,0,0,0,0,0,1,1,0,0,1,1,1,1
4401,1.53122264673527,0,0,1,1,1,1,1,1,1,1,0,1,1,1,1
4402,0.0283668905398503,0,1,0,0,0,1,0,1,0,1,1,0,1,1,0
4403,-1.37006570853671,0,1,0,0,0,1,0,0,0,1,0,0,1,0,0
4404,-0.599593969500785,0,1,0,0,0,1,0,1,0,1,1,0,1,0,0
4405,-0.197722263897998,0,0,0,0,0,1,0,1,0,1,1,0,0,1,0
4406,0.532356865227226,0,1,0,0,0,1,0,0,1,1,1,0,1,0,0
4407,0.128620949128745,1,1,0,0,0,1,0,1,0,0,0,0,1,1,1
4408,0.363918710184991,0,0,1,0,0,1,0,0,0,0,1,0,1,0,0
4409,-0.149431131343778,0,1,0,0,0,0,0,1,0,0,1,0,0,0,0
4410,-1.1100788731806,0,0,0,0,0,1,0,1,0,0,0,0,0,1,0
4411,-1.78257895892135,0,0,0,0,0,1,0,0,0,1,1,0,1,0,0
4412,-0.521095052729603,0,0,0,0,0,1,0,0,0,1,0,0,1,1,0
4413,-0.181764119249971,0,1,0,0,0,1,0,1,1,1,0,0,1,1,0
4414,1.52454857566261,1,0,1,1,0,0,1,1,1,1,0,1,0,1,1
4415,1.01474538645154,1,1,1,0,0,0,1,1,1,0,0,1,1,1,1
4416,1.68932863071968,1,0,1,1,1,1,1,1,1,1,1,1,0,1,1
4417,-0.678424632446053,0,1,0,0,0,1,0,1,0,1,1,0,1,0,0
4418,0.959560422511687,1,1,1,0,0,0,0,1,1,1,1,1,1,1,1
4419,-0.81573268876806,0,0,0,0,0,0,0,1,0,0,0,0,0,0,0
4420,-0.944943181861479,0,1,0,0,0,0,0,1,0,1,0,0,1,0,0
4421,-0.768459151698659,0,0,0,0,0,0,0,1,0,1,1,0,0,1,0
4422,0.285559797546589,1,1,0,0,0,1,0,0,0,1,0,0,1,0,0
4423,-0.327255038796979,0,0,0,0,0,0,0,0,0,0,1,0,1,0,0
4424,-0.498153547074299,0,0,0,0,0,1,0,1,0,0,1,0,1,1,0
4425,0.0379832201963235,0,1,0,0,0,1,0,1,0,1,1,0,1,1,0
4426,-1.0778504313194,0,0,0,0,0,0,0,1,0,1,0,0,1,0,0
4427,-0.477155316576974,0,1,0,0,0,1,0,1,0,1,0,0,1,1,0
4428,0.00268612148461471,0,1,1,0,0,0,0,1,0,1,0,0,1,1,0
4429,-0.70108369016192,0,0,0,0,0,1,0,1,0,1,0,0,1,1,0
4430,0.563409197416368,0,1,1,0,0,1,0,1,0,0,0,0,1,1,1
4431,-0.697524810734799,0,1,0,0,0,1,0,1,0,1,0,0,1,1,0
4432,1.29463916965383,1,0,1,1,0,1,1,0,1,1,1,0,1,1,0
4433,1.57050828853474,1,1,1,1,1,1,0,1,0,0,1,1,1,0,1
4434,-0.0782672618915819,0,1,0,0,0,1,0,1,0,1,1,0,0,0,0
4435,-0.117446266483099,0,0,0,0,0,1,0,1,0,1,0,0,1,0,0
4436,-0.128371843054631,1,0,0,0,0,1,0,1,0,1,0,0,0,1,0
4437,-2.39047144760941,0,1,0,0,0,0,0,0,0,0,0,0,0,1,0
4438,0.25320190999182,1,1,0,0,0,0,0,1,0,1,1,0,0,1,0
4439,-0.203071610055458,0,1,0,0,0,0,0,1,0,0,1,0,1,0,0
4440,-1.67593117002109,0,1,0,0,0,0,0,1,0,1,1,0,0,0,0
4441,-1.74401348409898,0,0,0,0,0,1,0,0,0,0,0,0,1,0,0
4442,0.390574589007798,1,0,0,0,0,1,0,1,0,1,0,0,1,0,1
4443,-0.370691274909124,0,0,0,0,0,1,0,1,0,1,1,0,0,0,0
4444,0.501007035104736,1,0,0,0,0,1,0,0,0,0,1,0,0,0,0
4445,-0.0998004989474969,1,0,0,0,0,1,0,1,0,1,1,1,1,0,0
4446,0.497922770822664,0,1,0,0,0,1,0,1,0,1,0,1,1,1,0
4447,0.557833195970548,1,1,1,1,0,1,0,1,1,1,0,0,1,1,0
4448,0.704623000795945,0,1,1,1,0,0,0,1,0,0,1,1,0,0,0
4449,0.46456860674134,1,1,0,0,0,1,0,1,1,1,1,1,0,0,0
4450,1.09574441020132,1,0,0,0,0,0,0,1,1,0,1,1,1,1,0
4451,1.11686702282992,1,0,0,0,0,1,0,1,1,1,0,1,1,1,1
4452,-1.50767968181153,0,0,0,0,0,1,0,0,0,1,1,0,1,1,0
4453,-2.05474274818323,0,0,0,0,0,1,0,1,0,0,0,0,1,0,0
4454,0.168060569093974,1,1,0,0,0,1,0,1,0,0,0,0,1,1,0
4455,1.1263217448168,0,1,1,1,0,1,0,1,1,1,1,1,1,1,1
4456,-1.09201189090666,0,1,0,0,0,0,0,0,0,0,1,0,0,1,0
4457,-0.125318524819685,0,0,0,0,0,1,0,0,1,0,0,0,1,1,0
4458,-0.471108637263728,0,1,0,0,0,1,0,0,0,1,1,0,1,0,0
4459,-0.295961967136337,0,1,1,0,0,1,0,1,0,1,1,0,0,0,0
4460,-0.575731843953993,0,0,0,0,0,1,0,1,0,0,1,0,0,1,0
4461,0.988471614359338,0,1,0,0,1,1,0,1,1,1,1,1,1,0,1
4462,2.05505007761456,1,1,1,1,1,1,1,1,1,1,0,1,1,1,1
4463,-1.49441335132943,0,0,0,0,0,0,0,0,0,0,1,0,0,1,0
4464,-0.471840966523383,0,0,0,0,0,0,0,1,0,0,1,0,0,1,0
4465,0.0866891309791496,1,0,0,0,0,0,0,1,0,1,1,1,1,1,0
4466,-0.186613204896598,0,0,0,0,0,1,0,0,0,1,1,0,0,0,0
4467,-0.86187692116672,0,1,0,0,0,0,0,0,0,0,0,0,1,0,0
4468,-0.363394444936661,0,1,0,0,0,1,0,0,0,1,1,1,0,0,0
4469,-0.193877333463444,0,1,0,0,0,0,0,1,0,1,0,0,1,0,0
4470,0.658800810139564,0,1,0,0,0,1,1,1,0,1,0,1,0,1,1
4471,-0.456148655922362,0,0,0,0,0,1,0,1,0,0,1,0,1,1,0
4472,1.10504887838039,1,1,1,0,0,1,1,1,1,0,1,1,1,1,1
4473,1.37628480852023,1,1,1,0,1,1,1,1,1,1,1,1,1,1,1
4474,-0.619950222216694,0,1,0,0,0,0,0,1,0,1,1,0,1,0,0
4475,-2.0219873149527,0,0,0,0,0,0,0,1,0,0,0,0,0,0,0
4476,0.613221253803566,1,0,1,0,0,1,0,0,0,0,0,1,0,1,0
4477,-1.24672629823117,0,0,0,0,0,0,0,1,0,0,0,0,1,1,0
4478,0.218734611425116,0,1,0,0,0,1,0,0,0,1,1,0,1,0,1
4479,1.26949811443687,1,1,1,1,1,0,1,1,0,1,1,1,1,1,1
4480,1.6073836995879,1,0,1,0,0,0,1,1,1,1,1,1,0,0,1
4481,0.6270414418317,1,1,0,0,0,1,0,1,1,0,1,1,1,0,0
4482,1.14522283141302,1,1,1,0,1,0,0,1,0,0,1,1,1,0,1
4483,-1.19369517440307,0,0,0,0,0,1,0,1,0,0,1,0,1,1,0
4484,-1.12686878402933,0,0,0,0,0,0,0,0,0,1,0,0,0,0,0
4485,-1.03904747259022,0,0,0,0,0,1,0,0,0,0,0,0,0,1,0
4486,0.871014372362859,1,0,1,0,0,0,0,1,0,1,0,1,1,1,1
4487,0.673131348589314,1,1,1,0,0,1,0,1,0,1,1,1,1,1,1
4488,-0.152340280161499,0,0,0,0,0,1,0,1,0,1,0,0,1,0,0
4489,0.112070786364475,0,1,1,0,0,0,0,0,0,1,0,0,1,1,0
4490,-0.197270479102415,0,1,0,0,0,0,0,0,0,0,0,0,1,1,0
4491,-1.80448211205403,0,1,0,0,0,0,0,0,0,0,0,0,1,1,0
4492,-0.351404584280523,0,0,0,0,0,0,0,1,0,0,0,0,1,0,0
4493,-0.259339874778847,0,1,0,0,0,0,0,1,0,1,1,0,1,0,0
4494,0.806134109740802,0,1,0,0,0,1,0,1,1,0,0,1,1,0,1
4495,0.524483082422792,0,1,1,0,0,0,0,1,0,1,1,0,1,0,0
4496,-0.131059636142708,0,1,0,0,0,1,0,0,0,0,0,0,1,1,0
4497,-0.641108839968514,0,0,0,0,0,0,0,0,0,1,1,0,0,0,0
4498,-0.179241268845609,0,1,0,0,0,1,0,1,0,1,0,0,1,0,1
4499,2.2776634373748,1,1,1,1,1,1,1,1,1,0,0,1,1,1,1
4500,0.0626940683996371,1,1,0,0,0,1,0,0,1,1,0,1,1,1,0
4501,-0.629677836238643,0,1,0,0,0,1,0,0,0,0,1,0,1,1,0
4502,-0.115280121432233,0,0,0,0,0,1,0,1,0,0,0,0,1,0,0
4503,0.212698916183979,0,0,0,0,0,1,0,1,0,1,1,0,1,1,1
4504,0.473744299022957,1,1,1,0,0,1,0,1,1,1,1,1,1,1,0
4505,1.30995781111915,1,0,1,1,0,1,0,1,1,1,1,1,1,1,1
4506,0.780077566087868,0,0,1,1,0,0,0,1,1,1,0,0,1,0,0
4507,-2.2732808276742,0,1,0,0,0,0,0,0,0,0,0,0,0,0,0
4508,-0.412942779299433,0,0,0,0,0,1,0,0,0,0,0,0,1,0,0
4509,-1.29454832249018,0,0,0,0,0,1,0,0,0,0,0,0,0,1,0
4510,-0.942701483779878,0,0,0,0,0,1,0,1,0,1,0,0,1,0,0
4511,-0.0519493969608906,1,1,0,0,0,1,0,0,0,0,1,0,0,1,0
4512,-0.081896111541054,1,0,0,0,0,0,0,1,0,1,1,0,0,1,0
4513,-0.841614932304617,0,0,0,0,0,0,0,1,0,0,1,0,1,0,0
4514,0.431459614054203,1,0,0,0,0,1,0,1,0,1,1,0,0,0,0
4515,1.02002880896655,0,0,1,1,0,0,0,0,0,1,0,1,1,1,1
4516,1.51641990233268,1,1,1,1,1,0,1,1,1,1,0,1,1,1,1
4517,-0.28309246070325,0,0,0,0,0,0,0,1,0,1,0,0,1,0,0
4518,-1.3768237393217,0,0,0,0,0,1,0,1,0,0,1,0,1,1,0
4519,0.16337096271585,1,0,0,0,0,0,0,1,0,0,0,0,1,0,0
4520,1.67812536636715,1,1,1,1,1,0,1,0,1,1,1,1,0,1,1
4521,0.131143348767483,0,0,1,0,0,0,0,1,0,0,1,0,1,0,0
4522,0.234419592580973,0,0,1,0,0,1,0,1,0,0,1,0,1,1,1
4523,1.01172569991621,1,1,0,0,0,1,0,1,1,1,1,1,0,1,0
4524,-1.15195323160521,0,0,0,0,0,1,0,0,0,0,0,0,1,0,0
4525,-0.395844009526407,0,0,0,0,0,1,0,1,0,0,1,0,1,0,0
4526,1.25676507072336,1,1,1,0,0,0,1,1,0,1,0,1,1,1,1
4527,1.42074520058831,1,1,1,1,0,1,1,1,1,1,1,1,1,0,1
4528,-1.16606980887601,0,0,0,0,0,1,0,1,0,1,0,0,1,1,0
4529,0.97108127749322,0,1,1,1,1,1,0,1,0,1,1,1,1,1,1
4530,1.64369002078224,1,1,1,1,1,0,0,0,1,1,1,1,1,0,1
4531,0.614006158044599,1,1,0,0,0,0,1,1,1,1,1,0,1,1,0
4532,-0.805455368666801,0,0,0,0,0,1,0,1,0,1,1,0,1,0,0
4533,0.591755726581503,1,0,0,1,0,0,0,0,0,0,1,1,0,0,0
4534,-0.315615038256379,0,1,0,0,0,1,1,1,0,1,0,0,1,1,1
4535,-0.394158851423403,0,1,0,0,0,1,0,1,0,1,1,0,1,0,0
4536,-2.1521400489735,0,1,0,0,0,0,0,0,0,1,0,0,1,1,0
4537,-1.0092380308242,0,1,0,0,0,0,0,0,0,1,0,0,1,1,0
4538,-0.039873844560201,0,0,0,0,0,0,0,1,0,1,1,1,0,1,0
4539,0.293688104527578,0,1,0,0,0,1,1,0,1,1,1,0,1,1,0
4540,0.353611051098783,0,1,0,0,0,0,0,1,0,1,0,0,1,1,1
4541,-0.926174714252201,0,0,0,0,0,0,0,1,0,0,1,0,1,0,0
4542,0.532026372553788,1,0,0,0,0,1,0,1,0,1,1,0,0,1,1
4543,0.687894676958083,1,0,0,0,0,0,0,0,1,1,1,0,1,0,0
4544,0.261581103608848,1,0,0,0,0,0,1,1,0,1,1,0,1,0,0
4545,0.830229408958506,1,1,1,0,0,1,1,1,1,1,1,1,1,1,1
4546,1.71912845302769,1,0,1,1,1,0,1,0,1,1,1,1,1,1,1
4547,1.17153422742187,1,1,1,1,0,1,1,1,1,1,1,1,0,0,1
4548,0.992437354828836,1,1,1,0,1,1,0,0,1,1,0,1,0,1,1
4549,-1.50858998967338,0,1,0,0,0,1,0,1,0,0,0,0,0,0,0
4550,0.207802254951202,0,1,0,0,0,0,0,0,0,1,1,0,1,1,1
4551,1.34216096686727,1,1,1,0,0,1,1,1,1,0,1,1,0,1,1
4552,-0.253161323564346,1,0,0,0,0,1,0,1,0,0,1,0,1,1,0
4553,-0.641813611049571,0,1,0,0,0,0,0,1,0,1,1,0,1,1,0
4554,-0.184113107527509,0,0,0,0,0,0,0,0,0,0,1,0,1,0,0
4555,-1.49984470728038,0,1,0,0,0,1,0,1,0,1,0,0,0,0,0
4556,-0.427600702030056,0,0,0,0,0,1,0,0,0,0,0,0,0,0,0
4557,0.114262926870542,1,1,0,0,0,1,0,1,0,1,1,0,1,0,1
4558,-1.39504635655888,0,0,0,0,0,0,0,1,0,1,0,0,1,1,0
4559,-1.18535866155062,0,0,0,0,0,1,0,1,0,0,0,0,0,1,0
4560,0.16087350919218,0,1,0,0,0,1,0,1,0,1,0,0,0,1,0
4561,-1.07690076200965,0,1,0,0,0,1,0,0,0,0,1,0,1,0,0
4562,0.55438894347315,0,0,1,0,0,0,0,1,0,1,0,0,1,1,1
4563,-1.71086956189822,0,1,0,0,0,1,0,0,0,1,1,0,0,0,0
4564,0.0522768165302245,0,1,0,0,0,0,0,1,0,1,1,0,0,0,0
4565,-0.828858275538468,1,1,0,0,0,1,0,0,0,0,1,0,0,0,0
4566,-0.851955736425742,0,1,0,0,0,1,0,1,0,0,0,0,0,0,0
4567,0.720861230914474,0,0,0,1,0,1,0,1,0,0,1,0,0,0,1
4568,0.252826736823375,1,0,1,0,0,1,0,1,0,1,1,0,1,0,0
4569,0.955372240172815,1,1,1,0,0,1,1,1,1,1,1,1,1,1,0
4570,1.01064153722957,1,0,0,0,1,0,0,1,1,0,1,1,1,1,1
4571,1.62701797619015,1,0,1,1,0,1,0,1,1,0,1,1,0,1,0
4572,-2.83341805765258,0,1,0,0,0,1,0,0,0,0,0,0,0,1,0
4573,-1.27610462456548,0,0,0,0,0,0,0,1,0,0,0,0,1,1,0
4574,-0.1520165279162,0,1,0,0,0,1,0,0,0,0,1,0,1,0,0
4575,-0.231821143435944,0,1,0,0,0,1,0,0,0,0,1,0,1,0,0
4576,2.2737740805963,1,1,1,1,1,1,1,0,1,1,1,1,1,1,1
4577,0.200169154969565,0,1,0,0,0,0,0,1,0,0,1,1,1,0,0
4578,-1.07805278478388,0,0,0,0,0,1,0,0,0,0,0,0,1,1,0
4579,-0.482302503833927,0,1,0,0,0,0,0,0,0,0,1,0,0,1,0
4580,-0.775281566073404,0,0,0,0,0,1,0,1,0,0,1,0,1,1,0
4581,-1.38227546064249,0,0,0,0,0,0,0,1,0,0,0,0,0,1,0
4582,0.797602662109896,1,0,0,0,0,1,0,1,0,1,1,0,1,0,1
4583,-0.334546663720571,0,1,0,0,0,1,0,0,0,0,0,1,1,1,0
4584,0.223608072426378,0,0,0,1,0,1,0,0,0,1,1,0,0,1,1
4585,-0.0332880972169639,1,0,0,0,0,1,0,1,0,0,1,0,1,0,0
4586,-0.0152040468344547,1,1,0,0,0,0,0,1,1,0,0,0,1,1,0
4587,-0.133781314858614,0,1,0,0,0,0,0,1,1,0,1,1,1,1,0
4588,0.971139805251264,1,0,0,1,0,1,1,0,1,1,0,1,0,1,1
4589,0.41912557779203,1,1,0,0,0,1,0,1,1,1,0,1,1,1,0
4590,-1.02778365538308,0,0,0,0,0,1,0,1,0,0,1,0,0,1,0
4591,-0.146753669822238,0,1,0,0,0,0,0,1,0,1,1,0,0,1,0
4592,0.315697080745419,0,1,0,0,0,1,0,1,1,1,0,0,1,0,0
4593,0.446152471992755,0,0,1,0,0,1,0,1,0,1,1,0,0,1,0
4594,-0.0449547453395642,0,0,0,0,0,1,0,0,0,1,0,0,1,0,0
4595,0.745246419798083,0,0,1,0,0,1,0,1,0,0,0,0,1,1,0
4596,-0.441122407529541,0,0,0,0,0,1,0,1,0,1,1,0,0,1,0
4597,1.38217872149362,1,1,1,1,1,1,1,1,1,1,0,0,1,1,1
4598,0.0677278443383249,0,0,0,0,0,1,0,1,0,1,1,0,0,0,0
4599,-1.0630050796678,0,1,0,0,0,0,0,0,0,1,1,0,0,0,0
4600,-1.62731243947667,0,0,0,0,0,0,0,1,0,1,0,0,1,0,0
4601,1.79574390080763,1,1,1,1,1,0,1,1,1,1,1,1,1,0,1
4602,-0.878266987566074,0,0,0,0,0,0,0,1,0,0,0,0,0,0,0
4603,1.00037417542087,1,0,0,0,0,1,0,1,1,1,0,1,1,1,0
4604,-0.481937327558921,0,1,0,0,0,0,0,1,0,1,1,0,1,1,0
4605,-0.017389710799022,0,0,0,0,0,0,0,0,0,0,0,0,1,0,0
4606,-0.734543911172123,0,0,0,0,0,0,0,0,0,0,1,0,1,0,0
4607,0.349507991398411,1,0,0,1,0,1,0,1,0,1,1,0,0,0,0
4608,1.15210541931227,1,1,1,0,0,0,0,1,1,1,1,1,1,0,1
4609,0.485296761697897,0,0,0,0,0,1,0,1,0,1,1,1,0,1,1
4610,0.879538221660165,0,1,0,0,0,1,0,1,1,1,1,1,0,1,0
4611,-0.371740968688128,0,0,0,0,0,1,0,1,0,0,1,0,0,0,0
4612,-1.64496787428684,0,1,0,0,0,1,0,1,0,1,1,0,0,1,0
4613,1.26333611854695,1,0,1,0,1,1,1,1,1,1,1,1,1,1,0
4614,-0.895889510831434,0,1,0,0,0,1,0,0,0,0,0,0,0,0,0
4615,0.0155281471886339,0,0,0,0,0,0,0,0,0,1,0,0,1,1,0
4616,0.366168831655978,0,1,0,0,0,0,0,1,0,1,1,0,1,1,0
4617,0.322326087611044,1,0,0,0,0,1,0,1,0,0,1,0,1,1,0
4618,-1.32041707192542,0,0,0,0,0,0,0,1,0,0,0,0,0,1,0
4619,1.67917899433217,1,0,1,1,1,1,1,1,1,0,1,1,1,0,1
4620,-0.349119475957767,0,1,0,0,0,1,0,0,0,0,0,0,0,0,0
4621,-1.50285500868265,0,0,0,0,0,0,0,1,0,1,0,0,0,1,0
4622,-0.179033195391184,0,1,0,0,0,1,0,1,0,1,1,0,1,0,0
4623,-0.280926065505768,0,1,0,0,0,1,0,0,0,1,1,0,1,0,1
4624,0.875137528363284,0,0,0,0,0,1,1,0,0,1,1,0,1,0,1
4625,-0.278411173839014,1,0,0,0,0,0,0,1,0,0,1,0,0,1,0
4626,-1.94201671069708,0,1,0,0,0,1,0,0,0,0,1,0,1,1,0
4627,-2.27286436251228,0,1,0,0,0,1,0,1,0,0,0,0,0,1,0
4628,-0.399400948338937,0,1,0,0,0,1,0,1,0,0,1,0,1,1,0
4629,0.357101271459376,1,1,1,0,0,1,0,1,0,1,1,0,0,0,0
4630,0.614000749869798,1,1,1,0,0,1,0,0,0,1,1,0,1,1,0
4631,0.191870537738925,0,1,1,0,0,1,0,1,0,1,1,0,1,1,1
4632,-1.2033394733535,0,0,0,0,0,0,0,1,0,1,1,0,1,0,0
4633,-0.300012838355101,0,0,0,0,0,0,0,1,0,1,1,0,1,1,0
4634,0.226151270882918,0,0,0,0,0,0,0,1,0,1,1,0,1,1,0
4635,0.763234390032466,0,1,1,1,0,1,1,0,0,1,1,1,0,0,1
4636,0.0605767814294287,1,0,0,0,0,0,0,0,0,1,0,1,1,0,0
4637,-0.111991781634273,0,1,0,0,0,1,0,0,0,1,0,0,0,1,0
4638,0.829427055476669,1,1,1,0,0,1,0,1,1,1,0,0,1,0,1
4639,0.152261312249768,0,0,0,1,0,1,0,0,1,0,1,0,1,0,0
4640,0.658355008162497,1,0,0,0,0,1,0,1,0,0,1,1,1,1,1
4641,-0.42541245459088,0,1,0,0,0,1,0,0,0,0,0,0,1,0,0
4642,0.073302715958449,0,1,0,0,0,0,0,0,0,1,1,0,0,0,0
4643,-0.0997953946208597,0,1,0,0,0,1,0,1,0,1,1,0,0,0,0
4644,1.24077629547979,1,1,1,0,1,0,0,1,1,0,1,1,1,1,1
4645,1.01426548115344,0,1,1,0,0,1,0,0,1,1,1,0,0,1,0
4646,1.69052479761425,1,1,1,1,1,0,1,1,0,0,1,1,0,1,1
4647,1.41668729606149,1,1,1,1,1,0,0,1,1,0,1,1,1,0,1
4648,-2.84967191764064,0,1,0,0,0,0,0,0,0,1,0,0,1,0,0
4649,0.402818738539204,0,1,0,0,0,1,0,1,0,1,1,1,1,1,0
4650,-1.30003109948471,0,1,0,0,0,0,0,1,0,1,1,0,1,0,0
4651,-0.794111455550999,0,0,0,0,0,0,0,0,0,1,1,0,1,1,0
4652,-1.09193282176818,0,1,0,0,0,0,0,1,0,1,0,0,1,0,0
4653,-0.6520343433601,0,0,0,0,0,1,0,1,0,0,1,0,0,1,0
4654,0.787400558822761,0,0,0,0,0,1,0,1,0,1,1,0,1,1,0
4655,1.41994470810756,0,1,1,1,0,0,0,1,1,1,1,1,1,1,1
4656,-0.47478413715541,0,1,0,0,0,0,0,1,0,1,1,0,1,1,0
4657,1.18651362622139,1,1,1,0,0,1,1,1,1,0,1,0,1,1,0
4658,0.80875094035655,1,1,0,1,0,0,0,0,0,1,1,0,0,0,1
4659,-0.461453268063345,0,0,0,0,0,0,0,1,0,0,1,0,0,0,0
4660,0.515205597914849,0,0,0,0,0,0,0,1,1,1,0,0,1,0,0
4661,0.720804943136491,0,0,0,1,1,0,1,1,1,1,0,0,1,0,0
4662,-0.158300438188346,0,1,0,0,0,1,0,1,0,1,0,0,1,0,0
4663,-0.500273647210773,0,1,0,0,0,0,0,1,0,0,0,0,0,1,0
4664,-0.234084362575402,0,1,0,0,0,1,0,0,0,1,0,0,1,1,0
4665,-1.12086547507552,0,1,0,0,0,1,0,0,0,1,0,0,1,0,0
4666,-0.456557775664478,0,1,0,0,0,1,0,1,0,0,0,0,1,1,0
4667,0.302865709171891,1,0,0,0,0,1,0,1,0,1,1,0,0,1,0
4668,0.485575549373777,1,0,1,1,0,1,0,1,1,1,0,1,0,0,1
4669,-0.639360210788802,0,1,0,0,0,0,0,0,0,0,0,0,0,0,0
4670,0.53388819346076,0,0,0,0,1,1,0,1,0,0,1,0,1,0,0
4671,-1.36103516959294,0,0,0,0,0,1,0,0,0,1,1,0,1,1,0
4672,1.43305444278911,0,1,1,1,0,0,0,0,1,0,1,1,1,1,1
4673,-0.361030502467914,0,0,0,0,0,1,0,1,0,0,1,0,1,0,0
4674,-0.200416185366971,0,0,0,0,0,0,0,1,0,0,1,0,0,0,0
4675,-0.210015145335393,0,0,0,0,0,1,0,1,0,0,0,0,1,1,0
4676,0.379377137236292,0,1,0,0,0,0,0,1,0,0,1,0,0,0,0
4677,-0.189333285066557,1,0,0,0,0,1,0,1,0,0,0,0,1,1,0
4678,-0.945840154141515,0,0,0,0,0,1,0,0,0,1,1,0,0,1,0
4679,-0.582556197737717,0,0,0,0,0,1,0,0,0,1,1,0,0,0,0
4680,1.08235152319361,1,1,1,1,0,0,1,1,1,1,1,1,1,0,1
4681,0.551262047417007,1,1,0,0,0,0,0,0,0,1,1,1,0,0,0
4682,-0.655199278418249,0,1,0,0,0,1,0,1,0,0,0,0,0,1,0
4683,4.00392610530707,1,0,1,1,1,1,1,1,1,1,1,1,1,0,1
4684,-0.184118262858223,0,0,0,0,0,1,0,1,0,1,1,0,0,0,0
4685,-1.05489613546155,0,0,0,0,0,1,0,0,0,0,1,0,1,1,0
4686,0.759056450511003,0,1,1,0,0,1,0,0,0,1,0,0,1,1,0
4687,0.343804574178005,0,0,1,0,0,0,0,1,0,1,1,1,0,0,0
4688,-0.383484234019691,0,0,0,0,0,0,0,0,0,1,0,0,1,0,0
4689,0.178953263791439,0,1,0,0,0,1,0,1,0,1,0,0,1,1,0
4690,0.273898477170864,1,1,1,0,0,1,0,0,0,0,0,0,1,0,0
4691,0.196035269981543,0,1,0,0,0,0,0,1,0,0,1,0,0,1,0
4692,0.207101164877612,0,0,0,1,0,0,0,1,1,0,0,0,0,0,0
4693,0.194212723908838,0,0,0,0,1,0,0,1,0,1,1,0,0,0,0
4694,0.83023657568377,0,1,0,0,0,1,1,1,1,1,0,1,1,0,0
4695,0.482258021871978,0,0,0,0,0,1,0,1,1,1,1,0,1,0,0
4696,1.05504090882956,1,1,1,1,0,1,0,0,1,1,0,1,0,1,0
4697,1.11016048338017,1,0,1,0,1,1,1,1,1,0,1,1,1,1,1
4698,-0.054264066896117,1,1,0,0,0,1,0,1,0,1,1,0,1,0,0
4699,1.11021431584425,1,1,1,1,0,0,0,1,1,0,1,1,0,1,0
4700,-0.875450805450925,0,0,0,0,0,1,0,0,0,1,1,0,0,0,0
4701,0.502753066004191,1,0,0,0,0,0,0,1,1,0,0,1,1,1,1
4702,0.927105877894318,1,1,1,0,0,0,0,1,1,0,1,0,1,0,0
4703,0.307482934251739,0,0,0,0,0,1,1,1,0,1,1,0,1,0,1
4704,-1.03260833707626,0,1,0,0,0,0,0,1,0,0,0,0,1,1,0
4705,-0.645040052656746,0,1,0,0,0,1,0,0,0,1,1,0,1,1,0
4706,-0.39065866624845,0,1,0,0,0,0,0,1,0,0,1,0,1,1,0
4707,0.883410710687787,0,1,1,0,0,1,0,0,1,1,0,1,0,1,1
4708,1.45295367920649,1,0,1,0,0,0,1,1,1,1,1,0,1,1,1
4709,0.696328441616191,1,1,0,0,0,1,1,1,1,1,0,1,1,1,1
4710,-0.67452351290002,0,0,0,0,0,1,0,1,0,0,0,0,1,1,0
4711,0.430872552944886,1,0,0,0,0,1,0,1,0,1,1,1,1,0,0
4712,0.0516978433735865,0,1,0,0,0,1,0,1,0,1,0,0,1,0,0
4713,0.627437220622989,0,1,0,0,0,1,1,0,0,0,1,0,0,0,1
4714,2.63288365774131,1,1,1,1,1,1,1,1,1,1,1,1,1,1,1
4715,1.28223474601684,1,0,1,1,1,0,1,1,1,1,0,1,1,0,1
4716,-1.06243677016617,0,1,0,0,0,0,0,1,0,0,0,0,1,1,0
4717,0.351141982793417,0,1,0,0,0,1,0,1,1,0,1,1,1,1,0
4718,-2.10629279160412,0,0,0,0,0,0,0,0,0,0,1,0,1,0,0
4719,1.32538979070383,1,0,1,1,0,0,1,1,1,1,1,0,0,1,1
4720,-0.233494747967429,0,1,0,0,0,1,0,0,0,1,1,0,0,1,0
4721,-0.130527161696058,0,1,0,0,0,1,0,1,0,1,1,0,0,1,0
4722,0.607929257394487,0,0,0,0,0,0,0,0,1,0,1,0,1,1,1
4723,0.822551888726011,1,1,1,0,0,0,1,1,0,0,1,0,1,0,1
4724,0.269978005415048,0,1,0,0,0,1,0,0,0,0,0,1,1,0,0
4725,0.0860364875773768,1,1,0,0,0,1,0,1,0,0,0,0,1,1,0
4726,-1.44537501152231,0,0,0,0,0,0,0,0,0,0,1,0,1,1,0
4727,-0.860934612622586,0,1,0,0,0,1,0,1,0,0,1,0,1,0,0
4728,-1.45420951970718,0,0,0,0,0,0,0,1,0,1,0,0,0,1,0
4729,-0.530387795224685,0,1,0,0,0,0,0,1,0,1,0,0,1,1,0
4730,0.0132678942867206,0,0,0,0,0,1,0,0,0,0,0,0,1,1,0
4731,1.5520464580915,1,1,1,1,1,0,1,0,1,1,1,1,1,1,1
4732,0.0842373278491694,0,0,0,0,0,1,0,1,1,1,1,0,1,0,1
4733,0.0790355865354027,0,0,0,0,0,0,0,1,0,1,0,1,0,1,0
4734,-0.271913871884061,1,1,0,0,0,0,0,0,0,0,1,0,1,0,0
4735,-0.756050294557127,0,1,0,0,0,0,0,0,0,1,1,0,1,0,0
4736,2.18951073844346,1,1,1,1,1,1,1,1,1,1,1,1,1,1,1
4737,0.143959763376059,0,0,0,0,0,1,0,1,0,1,1,1,1,0,0
4738,1.89570144958189,1,1,1,1,1,1,1,1,1,1,1,1,0,0,1
4739,-1.61760943289578,0,1,0,0,0,0,0,0,0,1,1,0,1,1,0
4740,0.0963358488408535,0,1,0,0,0,1,0,1,0,0,0,1,1,0,0
4741,0.79327109140897,1,1,0,1,0,1,0,1,1,0,1,1,0,1,1
4742,0.0265016838938596,0,0,1,0,0,1,0,0,0,0,0,0,0,0,0
4743,1.83227375038954,1,1,1,1,0,0,1,1,1,1,1,1,0,1,1
4744,0.296254743869992,0,1,1,0,0,1,0,0,0,1,1,0,1,0,0
4745,-0.149175197525093,0,0,0,0,0,0,0,0,1,1,1,0,1,1,0
4746,-1.53553512078767,0,1,0,0,0,0,0,0,0,0,0,0,0,1,0
4747,-1.23077850800317,0,0,0,0,0,1,0,1,0,0,0,0,0,0,0
4748,-0.829316729839741,0,0,0,0,0,1,0,1,0,0,0,0,1,1,0
4749,-0.266447931200256,0,1,0,0,0,1,0,0,0,1,1,0,0,0,0
4750,-1.0000382630627,0,1,0,0,0,1,0,1,0,0,0,0,0,0,0
4751,0.644641460507812,0,1,1,0,0,1,0,1,0,0,1,0,0,0,1
4752,1.40827242727004,1,1,1,1,0,1,0,0,1,0,1,0,0,1,1
4753,1.07741557838899,1,1,0,0,0,1,0,1,1,1,0,1,1,0,0
4754,-0.376697961845656,0,1,0,0,0,1,0,1,0,1,0,0,0,0,0
4755,-0.0680547481057173,0,1,0,0,0,1,0,0,0,1,1,0,1,0,0
4756,0.407647147827856,0,1,0,0,0,1,0,1,1,1,0,0,1,0,0
4757,0.0129427638365388,0,1,0,0,0,1,0,0,0,1,1,0,0,1,0
4758,0.741793989985768,1,1,1,0,1,1,0,1,1,0,0,0,1,0,1
4759,-2.1424105075163,0,1,0,0,0,0,0,1,0,1,0,0,0,1,0
4760,0.532489511511145,0,1,1,0,0,0,0,1,0,0,0,0,0,0,0
4761,-0.705043797071403,0,0,0,0,0,1,0,1,0,1,0,0,1,0,0
4762,-0.623086573468507,0,1,0,0,0,1,0,0,0,1,1,0,1,0,0
4763,0.891584716213319,1,1,0,0,0,1,0,1,1,1,1,0,0,1,1
4764,2.65429062215671,1,0,1,1,1,1,1,1,1,1,1,1,1,1,1
4765,-0.934300655931513,0,0,0,0,0,0,0,1,0,1,0,0,1,1,0
4766,0.490142974179257,1,0,0,0,1,0,0,1,1,1,1,1,1,1,0
4767,-0.811877502910645,0,1,0,0,0,1,0,1,1,1,1,0,1,1,0
4768,-0.503690214346564,0,1,0,0,0,1,0,1,0,1,0,0,1,0,0
4769,0.464126026803155,1,0,1,0,0,1,0,1,1,1,1,1,1,1,0
4770,-0.038707709592185,0,1,0,0,0,0,0,1,0,0,1,1,1,1,0
4771,1.21732058080013,1,0,1,0,0,1,1,1,1,0,1,1,1,1,0
4772,-0.58241979579536,0,0,0,0,0,0,0,0,0,0,0,0,0,0,0
4773,-1.43167146728949,0,0,0,0,0,0,0,1,0,1,0,0,1,0,0
4774,0.288735599302268,0,0,0,0,0,1,0,1,0,0,1,1,0,1,1
4775,0.175672873444214,0,1,0,0,0,0,0,1,0,0,1,0,1,0,0
4776,0.713451981840654,0,1,1,0,0,1,0,1,0,1,1,0,0,1,0
4777,-1.31216292190244,0,0,0,0,0,0,0,0,0,0,0,0,1,0,0
4778,1.01859092846487,1,1,0,1,0,1,0,1,1,1,1,1,0,0,0
4779,-0.77273984834856,0,0,0,0,0,1,0,0,0,1,0,0,1,0,0
4780,-1.38917935923714,0,0,0,0,0,1,0,0,0,1,1,0,1,1,0
4781,1.18164332517933,1,1,1,0,0,1,0,1,1,0,1,1,0,0,1
4782,0.641465048523413,0,1,0,0,0,1,0,0,0,1,1,0,1,1,1
4783,1.62488314655281,1,1,1,1,1,1,1,1,1,1,1,1,1,1,1
4784,-1.30447495389157,0,1,0,0,0,0,0,0,0,1,0,0,1,1,0
4785,-0.359980186409252,0,1,0,0,0,0,0,0,0,1,0,0,0,0,0
4786,-0.0335772828213399,0,0,0,0,0,1,0,1,0,1,1,0,0,0,0
4787,-0.547816819625842,0,0,0,0,0,0,0,1,0,0,1,0,0,0,0
4788,0.170534164175765,0,1,1,0,0,1,0,0,0,1,1,0,0,0,0
4789,0.485893279255512,1,0,0,0,0,1,0,1,0,0,1,1,1,1,0
4790,-1.86438248015832,0,1,0,0,0,0,0,0,0,1,0,0,1,0,0
4791,-0.766499738697644,0,1,0,0,0,0,0,0,0,0,0,0,1,1,0
4792,0.312340842967321,1,0,0,0,0,1,0,0,1,1,0,0,1,1,1
4793,-0.0752413129672286,0,1,0,0,0,0,0,1,0,1,0,0,1,0,0
4794,-0.0449110161842836,0,0,0,0,0,1,0,1,0,0,0,0,1,0,0
4795,0.0126896425670389,0,1,0,0,0,1,0,1,0,1,1,0,1,0,0
4796,0.0540185368223756,1,0,0,0,0,1,0,0,0,0,1,0,1,1,0
4797,0.834076648488816,1,0,1,0,0,1,0,1,1,0,1,1,1,0,0
4798,-0.0182113614859466,1,1,0,0,0,1,0,1,0,0,0,0,0,1,0
4799,0.149505389857634,0,1,1,0,0,1,0,1,1,1,1,0,1,1,0
4800,0.19395260195456,0,1,0,0,0,1,0,1,0,0,0,0,1,1,0
4801,-0.46209153418946,0,1,0,0,0,0,0,1,0,1,1,0,0,1,0
4802,0.515860858887635,0,1,1,0,0,0,0,0,0,1,1,0,1,1,1
4803,-1.26813177595005,0,1,0,0,0,0,0,0,0,1,0,0,1,1,0
4804,-1.67665552558746,0,1,0,0,0,0,0,1,0,1,0,0,1,1,0
4805,-0.812781876257188,0,1,0,0,0,1,0,1,0,0,0,0,1,1,0
4806,0.623035593973749,0,1,0,0,1,1,0,1,1,1,1,1,1,1,0
4807,-0.18845485291708,0,0,0,0,0,1,0,0,0,0,0,0,1,0,0
4808,2.15456373046127,1,0,1,1,1,1,1,1,1,1,1,1,0,1,1
4809,-0.677972951406242,0,1,0,0,0,1,0,1,0,1,1,0,1,0,0
4810,0.783560227043504,1,1,1,0,0,1,0,1,1,1,1,0,0,0,1
4811,1.37236427111075,1,1,1,0,0,0,0,1,1,1,0,1,0,0,1
4812,0.885730378974533,1,1,0,0,0,0,0,1,1,1,1,1,1,1,1
4813,-0.61581867263611,0,1,0,0,0,1,0,1,0,0,0,0,1,1,0
4814,-1.08337906861117,0,1,0,0,0,0,0,0,0,1,1,0,0,1,0
4815,-1.40924973505524,0,0,0,0,0,1,0,1,0,0,1,0,0,0,0
4816,-0.772456646080371,0,1,0,0,0,0,0,1,0,0,1,0,1,1,0
4817,-1.61653016989124,0,1,0,0,0,0,0,1,0,0,0,0,0,1,0
4818,0.197310547480617,1,1,1,0,0,1,0,0,0,0,1,0,1,0,0
4819,0.0814959292973299,0,0,0,0,0,0,0,0,0,0,1,0,1,1,0
4820,-1.59445463952142,0,0,0,0,0,0,0,1,0,1,1,0,1,0,0
4821,-0.543246133156491,0,0,0,0,0,0,0,0,0,0,1,0,1,1,0
4822,-0.0451981564259642,0,1,0,0,0,0,0,1,0,0,1,0,1,1,0
4823,0.635834019323858,0,0,1,0,0,0,0,1,0,1,1,1,0,0,1
4824,-1.03212822798714,0,1,0,0,0,0,0,1,0,1,0,0,0,0,0
4825,-0.317575526841029,0,0,0,0,0,0,0,1,0,1,1,0,0,1,0
4826,-0.0179244406841967,0,1,0,0,0,1,0,1,0,1,1,0,1,1,0
4827,0.82311602940635,1,1,1,0,0,0,1,1,1,1,1,1,1,1,0
4828,0.418544211247083,0,1,0,0,1,1,0,1,1,1,1,0,1,1,0
4829,-1.90883169143052,0,0,0,0,0,0,0,1,0,0,1,0,1,1,0
4830,0.834537179459254,1,0,1,0,0,1,0,1,0,0,1,0,0,1,1
4831,-1.60607488080145,0,0,0,0,0,1,0,1,0,0,1,0,1,0,0
4832,-0.734969754603858,0,0,0,0,0,0,0,1,0,0,0,0,0,1,0
4833,-0.398701696009969,0,1,0,0,0,0,0,0,0,1,0,0,1,0,0
4834,0.906460476504572,0,1,0,0,0,1,1,0,1,1,1,1,1,1,1
4835,0.221958282622514,0,0,0,1,0,1,0,1,0,1,0,1,1,1,0
4836,-0.852482794951578,0,1,0,0,0,1,0,1,0,1,1,0,0,1,0
4837,-0.905605623773679,0,1,0,0,0,1,0,1,0,0,0,0,0,1,0
4838,-0.382439527354769,0,1,0,0,0,1,0,1,0,1,0,0,1,1,0
4839,0.163080256208557,1,0,0,0,0,0,0,1,1,0,1,0,1,0,0
4840,-0.163450687223181,0,1,0,0,0,1,0,1,0,1,1,0,0,1,0
4841,-0.425286432441811,0,0,0,0,0,0,0,0,0,0,1,0,1,0,0
4842,2.23836076234088,1,1,1,1,1,1,1,1,1,1,1,1,1,1,0
4843,1.67163549146098,1,1,1,1,1,1,1,0,1,0,1,1,0,0,1
4844,-0.852787205484018,0,1,0,0,0,0,0,0,0,1,0,0,0,1,0
4845,0.28907455850102,0,0,0,0,0,1,0,1,1,1,1,0,1,1,0
4846,0.0362113810543878,0,0,0,0,0,1,0,1,0,0,1,0,1,1,1
4847,0.326651304929568,0,1,0,0,0,0,0,1,1,0,1,1,1,1,0
4848,-1.83182843192622,0,1,0,0,0,0,0,0,0,0,0,0,0,1,0
4849,1.19179348965285,1,1,1,1,0,1,0,1,1,1,1,1,0,0,1
4850,-0.988882401653658,0,0,0,0,0,0,0,0,0,0,0,0,0,0,0
4851,1.33791426652367,1,0,1,0,1,1,0,1,0,1,1,1,0,0,0
4852,1.10097636878421,1,0,0,1,0,1,0,1,1,1,0,1,1,0,1
4853,-0.144864555879342,1,0,0,0,0,1,0,1,0,1,0,0,1,0,0
4854,-0.558540827579548,0,1,0,0,0,0,0,1,0,0,0,0,0,0,0
4855,-0.477476783687717,0,0,0,0,0,1,0,1,0,1,1,0,0,1,0
4856,0.728880895136526,1,1,1,0,0,1,0,1,1,0,0,1,0,1,1
4857,0.214895449327858,0,1,0,0,0,1,0,1,0,0,1,0,1,1,0
4858,0.378794790437239,1,0,0,0,0,1,0,1,0,1,1,1,0,0,1
4859,0.189076775570126,0,1,0,0,0,0,0,1,0,0,0,0,1,0,0
4860,1.54515794557156,1,0,1,1,0,1,1,1,1,1,1,1,1,0,1
4861,-0.963485876709014,0,1,0,0,0,1,0,1,0,0,0,0,0,0,0
4862,0.88892721418269,0,0,1,0,1,1,1,1,0,0,0,1,1,1,1
4863,0.111738526172011,0,1,0,0,0,1,0,1,0,1,0,0,1,1,0
4864,0.308048205989428,0,1,0,0,0,1,0,1,0,0,1,0,0,1,1
4865,-0.288435443693915,0,0,0,0,0,1,0,0,0,1,0,0,1,0,0
4866,-0.787005244410565,0,1,0,0,0,0,0,0,0,1,0,0,1,1,0
4867,-0.766341314435624,0,0,0,0,0,1,0,1,0,1,0,0,0,0,0
4868,0.280631875814647,1,1,0,1,0,1,0,1,0,1,1,0,0,1,0
4869,-0.848273054864403,0,0,0,0,0,0,0,0,0,1,0,0,1,1,0
4870,0.321641287695131,1,0,0,0,0,1,0,0,0,1,1,0,1,1,1
4871,-0.130731735737367,0,1,0,0,0,0,0,1,0,0,1,0,1,1,0
4872,0.307182191994335,0,1,1,0,0,1,0,1,0,0,1,0,0,1,1
4873,-1.48570453152457,0,1,0,0,0,1,0,0,0,1,1,0,1,1,0
4874,-3.46912943343435,0,0,0,0,0,0,0,0,0,1,0,0,1,1,0
4875,-0.212618757110003,0,1,0,0,0,1,0,0,0,0,0,0,1,0,0
4876,0.691344859428081,1,1,0,0,0,0,0,1,1,1,1,0,1,1,1
4877,-0.680859703506755,0,0,0,0,0,0,0,1,0,0,0,0,0,0,0
4878,1.02317098801798,0,1,0,0,0,1,0,0,1,0,0,1,0,0,0
4879,-0.291021441552655,0,1,0,0,0,1,0,1,0,1,1,0,1,1,0
4880,0.258738467382987,0,1,0,0,0,0,0,0,1,1,1,0,1,1,0
4881,0.0520233713391182,0,1,0,1,0,1,0,1,0,1,1,0,0,0,0
4882,1.31045283669992,1,0,0,1,1,1,1,1,1,1,1,0,1,0,1
4883,0.233746105394459,0,1,0,0,0,1,0,1,0,1,0,1,0,1,0
4884,0.914553266863153,1,0,0,1,0,0,0,1,0,1,0,0,1,0,0
4885,0.539972095969414,1,1,0,1,0,1,0,0,0,0,1,0,1,0,0
4886,1.36997670965121,1,1,1,1,1,1,0,1,1,1,1,1,1,0,1
4887,-0.353689710031898,0,0,0,0,0,1,0,0,1,0,0,0,0,1,0
4888,-1.33692856927077,0,0,0,0,0,1,0,1,0,0,0,0,1,1,0
4889,1.0041642351193,1,0,1,1,0,1,0,1,1,1,1,1,0,0,1
4890,1.44794579695574,1,1,1,1,1,0,1,1,1,1,1,0,0,0,1
4891,-1.83401290086466,0,0,0,0,0,0,0,1,0,1,0,0,0,0,0
4892,1.95882646649902,1,1,1,1,0,1,1,1,1,1,1,1,1,0,1
4893,-0.930419725057622,0,1,0,0,0,1,0,1,0,1,1,0,1,1,0
4894,-0.329891839643376,1,1,0,0,0,1,0,1,0,1,1,0,0,1,0
4895,0.421860602374385,0,1,0,0,0,1,0,0,0,1,1,0,1,1,0
4896,0.545048690500422,1,1,0,0,0,1,0,0,1,0,1,0,1,1,0
4897,-0.619562433951865,1,1,0,0,0,1,0,0,0,1,1,0,1,0,0
4898,0.427686573070964,1,1,0,0,0,1,0,1,0,0,1,0,1,0,0
4899,-0.885628556719531,0,0,0,0,0,1,0,0,0,1,1,0,0,1,0
4900,0.0122535669252286,0,0,0,0,0,1,0,1,0,1,1,1,0,0,1
4901,0.842021848416607,1,1,1,0,0,0,0,0,1,1,1,1,0,0,1
4902,-0.76557882795387,0,0,0,0,0,0,0,1,0,0,0,0,1,1,0
4903,0.154023732935025,0,0,0,0,0,1,0,1,0,0,1,0,0,1,0
4904,-0.47961401878303,0,1,0,0,0,0,0,1,0,1,1,0,0,1,0
4905,1.8783116581784,1,1,1,1,1,0,1,1,1,1,1,1,1,1,1
4906,-0.43392424116045,0,0,0,0,0,1,0,1,0,1,1,0,0,1,0
4907,-0.396470046410965,0,1,0,0,0,0,0,1,0,1,0,0,1,1,0
4908,1.17524596353182,1,1,1,1,1,1,1,1,1,0,1,1,0,1,1
4909,-0.0476435274414657,0,0,0,0,0,0,0,0,0,1,0,0,0,1,0
4910,-1.57884499493033,0,0,0,0,0,1,0,0,0,0,1,0,1,1,0
4911,-0.173252084370046,0,1,1,0,0,1,0,1,0,1,0,0,1,0,0
4912,0.109479618510612,0,1,0,0,0,1,0,0,0,1,0,0,0,0,0
4913,-0.0860738252654042,0,1,0,0,0,1,0,1,0,1,0,0,0,0,0
4914,2.39111961982047,1,1,1,0,1,1,1,1,1,1,0,1,1,1,1
4915,0.546052835777244,1,0,0,0,0,1,0,1,1,0,0,1,1,0,0
4916,0.370617744630612,0,1,1,0,0,1,0,1,1,1,0,0,0,0,0
4917,0.413381710995807,0,0,0,0,0,0,0,1,0,1,1,0,1,1,0
4918,-0.652487795821864,0,0,0,0,0,1,0,1,0,1,1,0,1,0,0
4919,-0.0869331315129623,1,1,0,0,0,0,0,1,0,0,0,0,0,1,1
4920,-0.35473294447873,0,1,0,0,0,0,0,1,0,0,0,0,0,1,0
4921,-0.0548070067630745,1,0,0,0,0,1,0,1,0,1,0,0,1,1,0
4922,1.12672149244899,1,0,1,1,0,1,0,1,0,1,1,1,1,0,0
4923,-1.4174796006578,0,1,0,0,0,0,0,0,0,1,0,0,0,1,0
4924,-0.933804347922516,0,0,0,0,0,1,0,1,0,1,0,0,1,1,0
4925,0.20219463477263,0,1,0,0,0,1,0,1,0,1,1,0,1,0,0
4926,-1.63393134087431,0,0,0,0,0,1,0,0,0,0,0,0,1,1,0
4927,0.221256762465873,0,0,0,0,0,1,0,0,0,0,0,0,1,1,1
4928,0.837728913128806,1,1,1,1,0,1,1,1,0,1,1,1,1,1,1
4929,-1.28298873414249,0,1,0,0,0,0,0,0,0,0,1,0,1,1,0
4930,0.13534106066416,0,1,0,0,0,1,0,1,0,1,0,0,1,1,0
4931,0.459555833159246,0,1,1,0,0,0,1,1,1,0,1,0,1,1,0
4932,-0.748142917422192,0,0,0,0,0,0,0,1,0,0,0,0,1,1,0
4933,0.296597174878002,0,1,0,0,0,1,0,1,0,1,1,0,1,1,0
4934,2.6215545016523,1,1,1,1,1,0,1,1,1,1,1,1,1,1,1
4935,0.777884111030335,1,1,0,0,0,0,0,1,0,0,1,0,1,1,0
4936,1.9992646295875,1,1,1,1,1,0,1,1,1,1,0,1,1,1,1
4937,-1.4936680573619,0,1,0,0,0,1,0,1,0,1,1,0,0,0,0
4938,-1.46951382804749,0,0,0,0,0,1,0,0,0,0,0,0,1,1,0
4939,0.616909067599025,1,1,1,0,0,1,1,1,0,1,1,0,0,1,0
4940,0.871853067454372,1,1,1,0,0,1,1,1,1,0,1,1,1,1,1
4941,-0.000279855090819204,0,1,0,0,0,1,0,1,0,1,1,0,1,0,1
4942,-1.63530697093964,0,0,0,0,0,0,0,1,0,1,0,0,0,1,0
4943,0.439653071597427,0,1,0,0,0,1,0,1,1,0,0,0,1,0,1
4944,-1.35542406925571,0,1,0,0,0,1,0,1,0,0,1,0,0,0,0
4945,0.158260649974777,1,0,0,0,0,0,0,1,0,0,0,0,0,1,0
4946,2.15174213390488,1,1,0,0,1,1,1,1,1,1,0,1,1,0,1
4947,0.370612308839866,0,1,0,0,0,0,0,1,0,1,0,0,1,1,0
4948,-1.11572843432381,0,0,0,0,0,0,0,0,0,1,0,0,1,0,0
4949,-0.207468299507477,0,1,0,0,0,1,0,1,1,1,1,0,1,1,0
4950,-0.24297440964587,0,1,0,0,0,0,0,0,0,0,1,0,1,0,0
4951,0.980765538950089,1,0,1,0,1,0,1,1,0,1,0,1,0,1,1
4952,0.395928593817125,1,0,0,0,0,0,0,0,0,1,1,0,1,0,0
4953,1.19744008067869,1,1,0,0,0,1,1,1,1,1,1,1,1,1,1
4954,0.955364237483915,1,1,1,0,0,1,1,1,1,1,1,1,1,0,1
4955,-0.149879031523474,1,1,0,0,0,0,0,1,0,1,0,0,0,0,0
4956,-0.731748130934472,1,0,0,0,0,0,0,1,0,1,1,0,0,0,0
4957,-0.0173852238067869,0,0,0,0,0,1,0,1,0,1,0,0,1,1,0
4958,-1.67711421028147,0,0,0,0,0,0,0,0,0,0,1,0,1,1,0
4959,1.04614607704448,1,0,1,1,0,0,0,1,1,1,0,1,1,1,0
4960,1.31954393399776,1,1,1,0,0,0,0,1,1,0,0,1,1,1,1
4961,1.58722500512099,1,1,1,1,0,1,1,1,1,1,1,1,1,1,1
4962,-0.600419023982141,0,0,0,0,0,0,0,1,0,1,1,0,1,0,0
4963,-1.68065752474935,0,1,0,0,0,1,0,1,0,0,0,0,0,0,0
4964,-0.99753451148138,0,0,0,0,0,1,0,1,0,0,1,0,0,0,0
4965,2.50464968377143,1,0,1,1,1,1,1,1,1,1,1,1,1,1,1
4966,0.293692784868928,0,1,1,0,0,1,0,1,0,1,1,0,0,1,0
4967,0.157931444971406,0,1,0,0,0,1,0,1,0,1,1,0,1,0,0
4968,-0.0516289497759047,0,1,0,0,0,1,0,1,0,1,1,0,1,1,0
4969,0.245135177916872,0,1,1,0,0,0,0,1,0,0,1,0,1,1,0
4970,-0.0676905540903899,0,0,0,0,0,0,0,1,0,1,1,0,1,0,0
4971,1.28307344888556,1,1,1,0,0,1,1,1,1,0,1,1,1,0,1
4972,-0.837846805849607,0,0,0,0,0,0,0,1,0,1,0,0,1,1,0
4973,-1.9374945421098,0,1,0,0,0,1,0,0,0,0,0,0,1,1,0
4974,0.670429011820596,1,1,0,0,0,1,0,0,1,0,1,0,0,1,0
4975,1.09595917899042,1,0,1,0,1,1,0,1,0,1,1,1,1,1,1
4976,-0.765963410114529,0,0,0,0,0,1,0,0,0,0,1,0,0,1,0
4977,-0.793613530652693,0,0,0,0,0,1,0,0,0,1,0,0,0,1,0
4978,0.582084370825091,0,1,0,0,0,0,0,1,0,1,1,1,1,1,0
4979,-0.277814834216158,0,1,0,0,0,1,0,1,0,1,0,0,1,0,0
4980,0.670435373402953,1,0,1,0,0,1,0,0,1,1,1,1,0,0,1
4981,-0.867848718567547,0,1,0,0,0,1,0,1,0,1,1,0,1,1,0
4982,0.120467903348048,0,1,0,0,0,1,1,1,0,1,1,0,1,0,0
4983,-1.36020197342784,0,1,0,0,0,1,0,0,0,1,1,0,1,1,0
4984,-0.815725606508692,0,0,0,0,0,1,0,1,0,1,1,0,1,0,0
4985,-1.24093453877114,0,0,0,0,0,0,0,1,0,0,0,0,0,0,0
4986,0.768570864880967,1,1,0,1,0,1,1,0,0,1,1,1,1,0,1
4987,-0.453871398666799,0,0,0,0,0,1,0,0,0,1,0,0,1,0,0
4988,-1.25359544586205,0,1,0,0,0,1,0,1,0,1,1,0,1,1,0
4989,0.865363578446465,1,1,1,0,0,1,0,0,1,1,1,1,1,1,1
4990,0.774789100357546,1,0,1,0,0,0,0,1,1,1,1,1,1,0,0
4991,1.46147908712474,1,0,1,1,1,1,1,0,1,1,1,1,0,0,1
4992,1.1202454550469,1,1,1,0,0,0,1,0,1,1,1,0,1,0,1
4993,1.66455499192544,1,1,1,1,1,1,1,1,1,0,0,1,1,0,1
4994,-0.373309164582961,0,1,0,0,0,0,0,1,0,1,1,0,0,0,0
4995,0.102540638590326,0,1,0,0,0,0,0,1,0,1,1,0,0,0,1
4996,-1.76816707099765,0,1,0,0,0,0,0,1,0,0,0,0,0,0,0
4997,2.24907476816371,1,1,1,1,1,1,1,1,1,1,1,1,1,0,1
4998,1.39668375111531,1,0,1,0,1,1,0,1,0,1,1,1,1,1,1
4999,-0.259708641037118,0,0,0,0,0,1,0,1,0,1,0,0,1,0,0
5000,1.23584803268646,1,1,1,0,0,1,0,1,1,1,0,1,1,1,1
