"Items","Difficulty","Discrimination"
"Item1",1.38187854105786,2.96932053974781
"Item2",-1.31782034817284,0.795166136027878
"Item3",0.144663689776034,2.13211757575429
"Item4",-0.482562047670256,1.33889946002438
"Item5",-0.146278347699758,1.91851018293999
"Item6",1.97788229501747,2.98505939668081
"Item7",-1.73237596181647,0.780183874831086
"Item8",-0.513235652452467,1.44317694529193
"Item9",0.135445183773697,2.02475504401832
"Item10",1.08732439371914,2.80692207071751
"Item11",0.558117834521128,2.51140483989141
"Item12",0.545169713212608,1.82171993648349
"Item13",-0.847911595173419,0.770456412419283
"Item14",-0.91925935662826,1.0113851642791
"Item15",-1.39249549898339,0.793307591961132
