"Items","Difficulty","Discrimination"
"Item1",-2.00412605332567,0.611061897714674
"Item2",1.19585371700451,2.74131142942218
"Item3",-0.687688099850445,1.26398194142729
"Item4",0.849424721831786,2.69408744984836
"Item5",1.86598841542148,3.00900085025802
"Item6",-2.41759670609257,0.570776859750612
"Item7",-0.708015142304913,1.19091949229234
"Item8",-1.07882468934037,1.00326068450274
"Item9",0.459685359867636,2.40529039024122
"Item10",-0.42846177049678,1.47276244095703
"Item11",-0.0758627444479565,1.76779278963598
"Item12",-1.10447367484725,0.908613258469561
"Item13",-0.0635521524003201,1.82710380306258
"Item14",1.75161207109363,3.08287354143345
"Item15",1.25107985431192,2.77565262557516
