"Items","Difficulty","Discrimination"
"Item1",0.670906093069335,2.7132055461703
"Item2",0.199042284622048,2.14702892479126
"Item3",-2.24483965957367,0.70710833042239
"Item4",1.60712785267207,2.86632142738718
"Item5",-1.79221017526242,0.496017852046632
"Item6",-1.2594571484027,0.921364501965997
"Item7",0.381089478009401,2.27959943224425
"Item8",0.104028470739227,1.85183578316554
"Item9",-1.50353580962839,0.800413171816867
"Item10",-1.42445168917374,0.794981612442417
"Item11",1.06151921763602,2.78262183281488
"Item12",0.103987425408258,2.04186939801105
"Item13",1.36622095195632,2.99821562550288
"Item14",0.0597547749281851,1.76739124362728
"Item15",-0.727068239867934,1.19779221358005
