"Items","Difficulty","Discrimination"
"Item1",1.94732921590962,2.56961886325695
"Item2",-0.821934584271274,1.07976240932621
"Item3",-1.63346128165317,0.640937490063222
"Item4",0.0311246910168323,1.99305083870006
"Item5",-1.62026327621905,0.277480598371516
"Item6",-1.09070938595621,1.09763979305083
"Item7",1.22620719853173,3.08682784249101
"Item8",1.1570825794934,3.06757376239168
"Item9",0.416391775374887,2.47797014675247
"Item10",-1.58386245894114,0.218299255241459
"Item11",-0.603933873912495,1.30847502788817
"Item12",-0.968484376693486,0.815568825590823
"Item13",2.03365626933915,3.19726930902106
"Item14",-1.78789127892803,0.844915121837843
"Item15",-1.35943576665074,0.25654820932767
