"Items","Difficulty","Discrimination"
"Item1",2.08546834269102,3.08810934206966
"Item2",0.151997261366902,2.53685245623952
"Item3",-1.86870529119443,0.482987189837805
"Item4",-1.39010152756753,0.824359976611953
"Item5",-1.75675423209755,0.817391065371493
"Item6",-1.78956102174266,0.822284387896057
"Item7",-2.08215332595342,0.708226205427009
"Item8",0.0355018601854131,1.83946753642226
"Item9",-1.53280657727135,0.919366485996559
"Item10",-1.22434760509323,0.797071971356844
"Item11",1.25079580726897,2.41144484811539
"Item12",-2.60579038045196,0.955503229311402
"Item13",-0.00851851660812898,2.23321065353152
"Item14",1.48541041482738,3.00427041838268
"Item15",-0.158279775481635,1.71450309755632
