"Items","Difficulty","Discrimination"
"Item1",-0.778874670363205,1.27614262952881
"Item2",-0.624091867746613,1.46818822283071
"Item3",0.509925958436468,2.05227533568639
"Item4",1.63853504651991,3.4726060084719
"Item5",-1.36587739936159,0.906584175135075
"Item6",0.475147037872305,2.46502717948735
"Item7",0.267698857620662,2.00130141698404
"Item8",-1.98304050834125,0.306787947396701
"Item9",-0.493697268218573,1.48810304117274
"Item10",0.490742858864175,2.32240649043915
"Item11",-0.850755896367713,0.813211414664136
"Item12",0.238676267686966,1.93066730951139
"Item13",-0.418092432607765,1.34666518996648
"Item14",0.253747836992829,2.31538743687685
"Item15",-0.0294615242984933,1.7988427982317
