"Items","Difficulty","Discrimination"
"Item1",-1.124547365315,0.865742176724321
"Item2",1.26088207180287,2.92768111793071
"Item3",2.09157105412636,3.07272323468053
"Item4",1.5492995102433,2.94338496141138
"Item5",0.889861639018291,2.64252418583963
"Item6",1.01286265395639,2.84132298535127
"Item7",-0.859468000398181,1.1468450803494
"Item8",-1.19939636122269,0.871617820182171
"Item9",-1.7232913576554,0.739565716311241
"Item10",1.10708744421654,2.69895585221565
"Item11",-0.750443554821148,1.05406196521415
"Item12",-1.91034087059018,0.529090681866264
"Item13",-1.83150815484026,0.800143773874692
"Item14",1.48980350258824,2.78758522239375
"Item15",1.04435842254154,2.8371678179085
