"Items","Est.Discrimination.2PL","Est.Difficulty.2PL"
"Item1",2.87130749054533,-0.240707512180428
"Item2",0.140565658268238,0.80137016430549
"Item3",0.368292529991979,-0.168424910414309
"Item4",3.37848315560628,-0.779519864581719
"Item5",2.32435919263635,0.752363185795053
"Item6",0.102251552443303,1.17788112238198
"Item7",2.41026302928818,0.250144444638995
"Item8",3.52303802050307,-0.362152129167655
"Item9",0.235834809631329,-1.31692966591174
"Item10",0.147811093721625,-0.790104720732244
