"Items","Est.Discrimination.2PL","Est.Difficulty.2PL"
"Item1",0.286999322054295,0.156510871160149
"Item2",0.172094879306836,-0.0468011680493664
"Item3",0.164318767626157,0.933049818349014
"Item4",3.25833356942964,0.834306430371594
"Item5",0.273424474398558,0.522350381652844
"Item6",0.13570713096128,-0.0888085100774495
"Item7",0.338244624191207,0.438382250546691
"Item8",0.308970055491134,0.305029889213336
"Item9",2.96665195293708,-0.0911094315740814
"Item10",3.14696621822348,0.0574322457821809
