"Items","Est.Discrimination.2PL","Est.Difficulty.2PL"
"Item1",2.22618643852484,-0.0122313653644984
"Item2",0.246664159865392,-1.29434131760437
"Item3",0.204975331336256,0.493256640178682
"Item4",1.67519645705489,0.194941486214987
"Item5",0.176678384686378,0.319471424503737
"Item6",0.133481587042841,0.060388522542909
"Item7",0.238395997753107,-0.853598979989436
"Item8",-0.0525543799790681,-2.82319834575685
"Item9",0.177408179156755,-1.18590143349865
"Item10",0.0625303244339692,-0.96095753747869
