"Items","Est.Discrimination.2PL","Est.Difficulty.2PL"
"Item1",4.91696789787307,-0.0478493089690938
"Item2",0.310948532473679,-0.0527943671432787
"Item3",0.295158595879323,-0.110854064818022
"Item4",0.188580138907854,0.685573411265805
"Item5",0.150445373563151,0.214675040565741
"Item6",0.330091545242425,0.0496287514016618
"Item7",0.169920242293189,0.403111607779304
"Item8",0.350163076436763,0.32957796780045
"Item9",2.45460482910688,-0.872457578306184
"Item10",0.262065354730742,0.108549911633588
