"Items","Est.Discrimination.2PL","Est.Difficulty.2PL"
"Item1",2.84861758390077,-0.0712703925818312
"Item2",0.280245374745005,-0.262100169344743
"Item3",2.79287730545102,0.674017280037217
"Item4",2.59542419218518,0.157678064290064
"Item5",0.340485119555178,-0.157227924896002
"Item6",2.99118290362969,0.285188873413043
"Item7",2.82990846431569,0.307733432133004
"Item8",2.77096829951412,-0.449149218455674
"Item9",0.157407287503111,-1.12793709564384
"Item10",0.362505567106519,-0.410763705731592
