"Items","Est.Discrimination.2PL","Est.Difficulty.2PL"
"Item1",3.13555688858665,2.33502815131901
"Item2",2.49014437736325,0.543643961326632
"Item3",1.38382331644888,-0.442542091551679
"Item4",1.43178911474567,-0.18895941272795
"Item5",1.22149016442207,-0.478690169543717
"Item6",1.47596605842221,-0.278909444213915
"Item7",1.10370312984563,-0.865916908029378
"Item8",1.12286809442049,-0.873388411806126
"Item9",3.17666053994601,1.71333362288815
"Item10",3.27908299253533,1.60027416550528
"Item11",0.662338915862125,-1.4165278866156
"Item12",3.5217563379599,1.93156077667627
"Item13",1.86894620633005,-0.0482292645503505
"Item14",1.32707901463291,-0.636534639167995
"Item15",3.5799702250029,2.09672230021568
"Item16",2.80702168149944,1.58362999807038
"Item17",2.88254697195855,1.21805135923925
"Item18",1.00227265272651,-1.03696299535831
"Item19",1.64419950852203,-0.0744827827128661
"Item20",2.64503695341653,0.627994772197664
"Item21",2.92045161553513,0.898593229981922
"Item22",1.92547821235713,0.125005067558648
"Item23",1.96873258774343,0.103966207993608
"Item24",2.53833771992369,0.824290057595812
"Item25",2.58803997476395,0.858788657899264
"Item26",0.932565067857441,-1.0802499759404
"Item27",1.26960974459443,-0.657289889426013
"Item28",0.7799397308521,-1.669539526311
"Item29",3.20151458236126,1.49390543706548
"Item30",3.09028102760968,1.00560975855625
"Item31",2.25470214719099,0.386286132329234
"Item32",0.897859664855146,-1.50263200387136
"Item33",0.558162603401891,-2.06189261494432
"Item34",1.08655261585577,-0.762518718171716
"Item35",2.87552146034731,1.10597843235016
"Item36",3.11330635009896,1.50101158099207
"Item37",3.26764067919843,1.21745301578181
"Item38",2.91373658787217,1.14157527019248
"Item39",2.75001678486001,0.699272811439722
"Item40",3.37544730363358,1.62482672573234
