"Items","Est.Discrimination.2PL","Est.Difficulty.2PL"
"Item1",2.99785336022727,1.26574779444762
"Item2",2.3105225036657,0.359477733386748
"Item3",3.08787792187162,2.21581005733927
"Item4",3.31137956464038,1.38230646483355
"Item5",3.18431944640187,1.63377035188531
"Item6",2.36355483084249,0.484738269292074
"Item7",1.64702385220683,-0.576038392732449
"Item8",1.79029475752189,-0.312307105864691
"Item9",2.62778929658664,0.864431471786749
"Item10",2.97041518273455,1.84059809973675
"Item11",0.921181660898857,-1.39084890627568
"Item12",2.96283704579229,1.70216621272875
"Item13",2.28551576589046,0.153142862535255
"Item14",0.946189367784529,-1.51509163134759
"Item15",2.92162785568032,1.39045413524594
"Item16",1.32967057410893,-0.446605388224294
"Item17",1.41965424181259,-0.534633561434688
"Item18",3.17165008531092,1.47001937164918
"Item19",2.36731233761424,0.412976102438074
"Item20",3.11879126178331,1.09971291670247
"Item21",0.705934303217005,-1.62674994854369
"Item22",0.573629803481574,-2.31545301984926
"Item23",0.632505211745046,-2.1274237018822
"Item24",2.76918760866338,0.827581890385839
"Item25",3.54286584580604,2.33624210907587
"Item26",1.23928011138882,-0.509125784670269
"Item27",2.85329440830945,1.04907035825341
"Item28",2.75489892042828,1.3900359538884
"Item29",2.58219845827466,0.858020178112319
"Item30",1.18056244317102,-0.839411067237253
"Item31",0.800034541018225,-1.59596969717738
"Item32",3.0750383032627,1.35939617777749
"Item33",0.982835016791668,-1.23933096791364
"Item34",3.07181732974883,1.70206711094408
"Item35",0.733138304539874,-1.62562330216412
"Item36",1.36280524020195,-0.499289393336731
"Item37",0.739107086610403,-1.86933410407353
"Item38",3.24890915589178,1.83128418386185
"Item39",0.756786230405092,-1.25231048479592
"Item40",3.01871640066338,1.01473461710745
