"Items","Est.Discrimination.2PL","Est.Difficulty.2PL"
"Item1",1.63324825579871,0.0251243250615325
"Item2",2.6242749763666,0.880366546960301
"Item3",1.79775350666896,-0.0848356746940405
"Item4",2.14050922412637,0.195220316570569
"Item5",0.833146206404952,-1.21351391951541
"Item6",2.23111148825211,0.381683183415013
"Item7",1.93219234437644,0.043658485438132
"Item8",2.84082704332512,0.780661087404123
"Item9",1.203917177744,-0.611143060785691
"Item10",3.19818738425666,1.79317568584351
"Item11",3.0144353087909,1.67841516419909
"Item12",2.74848347018077,0.966802284963643
"Item13",3.08582806800985,1.88501165054974
"Item14",1.05621262724575,-0.955690880342961
"Item15",1.18934131860051,-0.751232404849737
"Item16",0.955987396331423,-1.31695188426722
"Item17",0.896743270634896,-1.26516355627743
"Item18",0.700915203773534,-1.4383935501918
"Item19",0.887047445333726,-1.28328906470161
"Item20",2.56287816649525,0.973878242526044
"Item21",2.81964120463545,1.13080111936754
"Item22",1.14547185629216,-0.763600799021219
"Item23",1.10007725475799,-1.07258889017799
"Item24",1.57530780486029,-0.533081288903191
"Item25",3.02166347090285,1.23422555566237
"Item26",1.25958428108989,-0.641998966073007
"Item27",3.92689863667523,2.18140868091357
"Item28",2.10858215444887,0.0393472111401645
"Item29",3.08453648046882,2.54699865904944
"Item30",2.49362095164585,0.407695793243416
"Item31",0.838719356322916,-1.14643600407094
"Item32",2.79615275243057,0.867856605687199
"Item33",0.667544171546223,-1.87226841940209
"Item34",1.10794765333621,-0.98764200076407
"Item35",3.01629365358899,1.55094489539197
"Item36",1.48889907327852,-0.361967586562976
"Item37",2.79504381408796,1.0724272435605
"Item38",3.02162689698846,1.59258706873849
"Item39",2.80735128291004,1.22051656467047
"Item40",0.582609434647989,-2.1135921651447
