"Items","Difficulty","Discrimination"
"Item1",-2.7217062556652,0.443718900318818
"Item2",-0.815260105394341,1.14112079465189
"Item3",-1.97569999472249,0.707377806122097
"Item4",1.10892290354573,2.74861474173562
"Item5",0.72567706290711,2.53754034801511
"Item6",1.55388081378184,3.07445233952117
"Item7",-1.95276053469357,0.54054660676861
"Item8",0.382691212912079,2.19244852988086
"Item9",-0.741492632669612,1.298572584044
"Item10",-0.960106758431005,0.962427640444736
"Item11",-0.278688504947428,1.6686278041175
"Item12",-0.512558655985918,1.37849856290924
"Item13",-1.2469334534189,0.696037081921239
"Item14",1.55344140789426,2.82317837827807
"Item15",-1.25387249034565,0.912068916574123
"Item16",-2.43048954961704,0.621835429366761
"Item17",0.752662660254417,2.51730929698528
"Item18",-1.51184456336725,0.77383907884392
"Item19",0.772214215421563,2.60374284413941
"Item20",-1.67203225349425,0.640068325556279
