"Items","Difficulty","Discrimination"
"Item1",-1.04753623732409,0.887938643722012
"Item2",0.785781457251173,2.82718744091215
"Item3",-1.16147662361598,1.01565771628348
"Item4",1.00467944342753,2.61925646655888
"Item5",0.938497618207509,2.36241378917542
"Item6",-1.32243386102233,1.37505746201972
"Item7",-1.47335244190742,0.708957776942692
"Item8",0.543629888615642,2.18136370909643
"Item9",1.11031442207743,2.99904659458583
"Item10",-1.37559586151746,0.619913379910837
"Item11",-1.01394977852587,1.01621361662338
"Item12",-2.08471343752876,0.720659375897032
"Item13",1.64624521992544,2.89338493110315
"Item14",0.676042673305242,2.14155052412449
"Item15",1.23875161664553,2.8644545939344
"Item16",-1.02552789052157,1.1553486153835
"Item17",0.375503343876302,1.94946752065027
"Item18",0.182821144772399,2.03597706928778
"Item19",-1.47450434405631,0.898872763809751
"Item20",-0.375270885325399,1.57337619623516
