"Items","Difficulty","Discrimination"
"Item1",1.30639964787806,2.67012002334181
"Item2",1.70481004339131,3.22131642007227
"Item3",0.973453271969878,2.76932401461447
"Item4",2.15718103148291,2.90177938195576
"Item5",0.671723170327221,2.6845371766475
"Item6",-0.297444122218703,2.08115510361238
"Item7",0.19285230747865,2.18510265364076
"Item8",1.10292528916445,2.82011803213421
"Item9",1.96908827706439,2.64552192227942
"Item10",1.90547238928678,3.23349657615613
"Item11",0.391775898388383,1.745650744904
"Item12",-1.33745032295617,0.752333757979927
"Item13",0.338958744461177,2.20270868458281
"Item14",0.320647142768734,2.39026494705066
"Item15",0.088181346858697,1.46820182015424
"Item16",0.42753006945042,2.19340411500467
"Item17",0.454663791600568,1.8693355158951
"Item18",0.66537313311168,2.97313195353375
"Item19",-1.50674946462325,0.992086799913814
"Item20",-0.746792912632848,1.00242771666107
