"Items","Difficulty","Discrimination"
"Item1",1.10901823925496,2.95239302481523
"Item2",-1.17872044029043,1.05715736181719
"Item3",-0.0177396591453256,1.90992326802032
"Item4",1.9618251665308,3.16615949169899
"Item5",-2.0019137079638,0.390459126305076
"Item6",-1.22299280136277,0.856475309410418
"Item7",1.6732602238297,2.99734343436275
"Item8",-1.60385873815356,0.733396180577996
"Item9",0.712214823331122,2.58983891404729
"Item10",-1.94020110004844,0.952126785587905
"Item11",-0.319229071193106,1.67794470902463
"Item12",0.0692442206006569,2.02391629840224
"Item13",-0.453827999378387,1.17328754234069
"Item14",-0.388703619593562,1.11136296698488
"Item15",-1.45294719304455,0.743239100846429
"Item16",0.533719960547016,2.75631141302566
"Item17",1.20311146781464,2.47776310262355
"Item18",1.57691149257852,2.66679894507308
"Item19",1.25334163889072,2.4053167229182
"Item20",-2.01793638907723,0.669154101901626
