"Items","Difficulty","Discrimination"
"Item1",1.16607756211711,3.3666574185585
"Item2",-1.78980958546186,0.636646888753941
"Item3",1.55845090124698,3.1338602873862
"Item4",-0.0934561465981117,1.65953716718272
"Item5",1.00068497755265,2.56248017570738
"Item6",0.156725692110013,2.49697427291932
"Item7",1.58003167671736,3.1940947571721
"Item8",-0.976753617511167,0.974321619028332
"Item9",-0.765521671073424,1.22754557853616
"Item10",1.67570066317918,2.99724453580364
"Item11",0.819788722273419,2.71945909780491
"Item12",-2.24439455150036,0.548572534636294
"Item13",-1.67994366044509,0.0282818248336755
"Item14",0.444886819984796,2.67371214118922
"Item15",-1.67475426582528,0.806717081187511
"Item16",-0.488156800969648,1.518114545903
"Item17",-1.1442091999581,0.583412131733106
"Item18",-0.0603779394226729,1.80821534856479
"Item19",-1.37006068264008,0.86080492497777
"Item20",1.72111704439586,2.92303501387691
