"Items","Difficulty","Discrimination"
"Item1",1.24540608084186,2.99250145097642
"Item2",0.137931300379087,1.976942834992
"Item3",1.95771934512114,3.24275314083859
"Item4",-0.978461322286148,1.1009222194735
"Item5",1.95735355276307,3.05073524203596
"Item6",-1.04793141674655,0.960660637752448
"Item7",0.184899335668078,2.04785168866735
"Item8",-1.79881914530049,0.734305052887552
"Item9",-0.837072496011404,1.05073119672087
"Item10",1.92906839810238,3.04167971517846
"Item11",-0.761076649012493,1.04662216142424
"Item12",0.166220062280973,1.91960042713654
"Item13",-1.10742099750359,1.08449571749194
"Item14",-0.581784200302186,1.27897151421623
"Item15",-1.26575813214645,0.806533225130716
"Item16",0.823796954449293,2.6404812086491
"Item17",1.99917190233474,3.311274832084
"Item18",2.25762956874836,3.03996459899216
"Item19",1.3062717217885,2.98397697682773
"Item20",1.52516434175111,2.8863693443123
