"Items","Difficulty","Discrimination"
"Item1",-1.30488776012027,0.819942854374739
"Item2",-1.71121886404848,0.732582653922411
"Item3",-0.93284983571182,1.11064547732961
"Item4",0.131974122677122,1.94034573692988
"Item5",0.806966040345699,2.56079825416927
"Item6",1.70468596990499,3.04080694854404
"Item7",2.20634610575243,3.19123617939373
"Item8",0.187913940494013,2.199021692531
"Item9",-0.982894899588537,0.937933506195672
"Item10",-1.6629589000905,0.719765675906706
"Item11",-1.10188796661825,1.11016705044345
"Item12",-2.36344927679826,0.52520534861443
"Item13",1.84590602389444,3.13440246669081
"Item14",-1.02768675501753,0.881977360908124
"Item15",-0.549989075080621,1.50181484993161
"Item16",0.931229404203602,2.88608086762164
"Item17",-1.46003615462337,0.773494467912772
"Item18",1.67628283852357,3.0356721012575
"Item19",-1.11116440320835,0.802308732735414
"Item20",-0.193132298389056,1.7564288549961
