"Items","Difficulty","Discrimination"
"Item1",0.697572989400972,2.37937754397156
"Item2",0.362324317001282,2.19214186293044
"Item3",1.24130025374967,2.99338746898704
"Item4",-0.491177369879171,1.33205909132442
"Item5",-0.333889811349334,1.54043891515017
"Item6",-0.0736208235896984,1.76359006360984
"Item7",1.07456400081757,2.74679185291989
"Item8",2.294665854151,3.14645885904759
"Item9",-0.856764241786434,0.802290930949661
"Item10",1.60721648683132,2.97881864800762
"Item11",0.762926174179745,2.50787493591478
"Item12",2.23586926669256,3.21157546189109
"Item13",1.01802252073855,2.79025534894304
"Item14",1.6313175907453,3.04290361057552
"Item15",-0.0580097170825376,1.83400399508601
"Item16",1.03912642562323,2.84022747722418
"Item17",0.391887263863183,2.0913692217579
"Item18",1.27996340982726,2.98004679189822
"Item19",1.52149809736694,2.83212541385717
"Item20",-1.70510396067516,0.806176090639226
