"Items","Difficulty","Discrimination"
"Item1",0.155622666117918,1.97161156061407
"Item2",-1.49664251083492,0.838100909370494
"Item3",2.37981902097498,3.24802954250851
"Item4",0.570596773161752,2.34517237650093
"Item5",-1.80762161545588,0.696965324431963
"Item6",0.476142811653435,2.33627862402874
"Item7",-1.06569931162836,1.00770658695541
"Item8",1.05919230979525,2.77834709167043
"Item9",-1.39527928271426,0.683106370286185
"Item10",-2.25329031064653,0.748870633062853
"Item11",-1.62925482923544,0.676406786107324
"Item12",-0.80635772561405,0.980508260039812
"Item13",-2.3417388903109,0.740781919464663
"Item14",-2.36710606855597,0.619902036370771
"Item15",0.557756549325772,2.42255890423676
"Item16",-1.50837742851776,0.849338129673797
"Item17",0.469883359738065,2.18336684214141
"Item18",0.676184530781794,2.58323847525482
"Item19",1.23834859390177,2.81477796298056
"Item20",-1.21869416920785,0.895824756425784
