"Items","Est.Discrimination.2PL","Est.Difficulty.2PL"
"Item1",2.84113668485212,0.82160204372195
"Item2",1.98384232994773,0.365801892910958
"Item3",1.23944386628562,2.0168551713312
"Item4",1.92760666538959,-1.08280040569502
"Item5",3.09332444350711,-0.665790776558904
"Item6",2.75097065275056,1.35404981849992
"Item7",3.03842154559709,-0.213658673501189
"Item8",0.733324953450745,1.85246234463121
"Item9",2.78892669469743,0.849795939879954
"Item10",1.22657505405024,2.14749900323584
"Item11",1.00855249070705,1.8052885878631
"Item12",1.01421332498974,-2.44524267880401
"Item13",2.79856292501987,1.24578127949576
"Item14",2.75323874509241,0.347039994574461
"Item15",2.53296038753218,1.03180617876209
"Item16",2.27777871489694,-0.303059783228973
"Item17",0.907439471677674,-2.38661247191284
"Item18",3.29995200204144,0.351670668694735
"Item19",2.1525407015778,1.16049930091243
"Item20",3.04396752484039,1.24896430173055
"Item21",2.68953651363854,1.28759376165508
"Item22",1.11879116752872,-2.86763794263574
"Item23",1.16294009837573,-1.5739020813715
"Item24",0.706792331411827,-2.29163599966376
"Item25",4.03323069365449,-0.356310837388653
