"Items","Est.Discrimination.2PL","Est.Difficulty.2PL"
"Item1",2.72297252980188,0.568226740250733
"Item2",2.66453865983483,0.528042535393907
"Item3",1.97261469670587,1.16486290033503
"Item4",2.91129678185356,0.117149860665399
"Item5",1.49071118644024,-1.54240336582639
"Item6",2.16748984095891,1.09071947837094
"Item7",1.12196972987459,-1.89415615826723
"Item8",3.0418820982986,-0.206090250873965
"Item9",2.11511132125763,-1.03158329483271
"Item10",1.70255619372305,-1.20910318091356
"Item11",3.03793519083477,-0.202037188927187
"Item12",1.87804050460933,1.2303473799979
"Item13",1.95968321720965,1.20317534325579
"Item14",1.57597056776726,1.39885098817696
"Item15",3.14612360013687,-0.373324541832011
"Item16",0.966587405552971,-2.09195706498233
"Item17",1.34872196238908,1.54591751360961
"Item18",3.05350881693326,0.0812338053421411
"Item19",1.70255841807343,1.32106791815937
"Item20",1.89738448740772,-1.11837521012965
"Item21",0.992939324104531,1.82845597602832
"Item22",2.52272156546113,-0.641760223596149
"Item23",0.963191982606274,2.04111661893213
"Item24",1.69280141985064,1.34387608560047
"Item25",1.36006165144629,-1.66885333991373
