"Items","Est.Discrimination.2PL","Est.Difficulty.2PL"
"Item1",0.842607744157791,1.65103933803414
"Item2",2.42111994009214,0.805283147171444
"Item3",2.18037298421992,1.49207298285465
"Item4",1.90867666742832,1.12270434756996
"Item5",0.966953897364974,-1.8417258271435
"Item6",2.93647175693907,-1.32035435638907
"Item7",2.03812848530399,0.422592825983467
"Item8",3.16720420367633,-1.41240029322196
"Item9",1.98226159338897,0.177083602432081
"Item10",0.810115380379492,2.08739784436346
"Item11",2.15358432626793,1.07575895466812
"Item12",1.97702748036384,-1.20270019699612
"Item13",0.915053302879526,1.91004884603269
"Item14",2.74441651384859,1.21919866302907
"Item15",0.833047824153908,-2.00345393989522
"Item16",2.26661353874883,1.29436172260274
"Item17",1.29713259944802,-2.34297075583238
"Item18",2.93662697607951,-0.351092058717635
"Item19",0.979638926999326,1.61773766740827
"Item20",1.2544782109055,1.75616306924845
"Item21",2.72218154020806,-1.21356615234708
"Item22",1.69908809052281,-1.14151756138619
"Item23",2.50731344628522,-1.44857750677281
"Item24",1.03561877625845,1.80182047682363
"Item25",0.896824399226511,-1.69119382581247
