"Items","Est.Discrimination.2PL","Est.Difficulty.2PL"
"Item1",3.05128955383858,-0.05315126554257
"Item2",2.99969303658234,0.359769524093639
"Item3",1.41618774112041,-1.64897098906956
"Item4",1.24596908955822,1.80512812908643
"Item5",2.74609645172234,0.349893164994361
"Item6",3.13008429016739,0.216482652319647
"Item7",2.50650045757389,-0.603246742048946
"Item8",2.83943353771564,0.413977542355042
"Item9",1.82576564685971,-1.2759267130276
"Item10",1.46774688132927,1.71168495600152
"Item11",2.12992771060871,-0.972340066353436
"Item12",2.84287212111609,-0.0316915857962435
"Item13",2.13189716632575,1.12382760152213
"Item14",1.3903040004276,1.50184462391309
"Item15",2.90461794511303,-0.534750853697172
"Item16",1.89037133253192,1.23738866665652
"Item17",1.80571758820707,1.35303606472442
"Item18",2.60119003497983,-0.735771847367414
"Item19",2.61638345781641,-0.205561008926545
"Item20",1.2486442829606,1.87082230593924
"Item21",2.88260157477243,-0.223509657717871
"Item22",1.15261553141821,2.00569538840502
"Item23",1.06051370887771,1.88106461184362
"Item24",1.13929029850199,-1.84831659966434
"Item25",2.50187546841447,-0.787867195055518
