"Items","Est.Discrimination.2PL","Est.Difficulty.2PL"
"Item1",2.24817570196591,0.219443770076285
"Item2",2.39573262102006,-1.19846580498632
"Item3",2.3057226810389,0.815565775148853
"Item4",2.88699390789197,-0.232493165161903
"Item5",3.08686481626558,1.37199975608359
"Item6",2.22467110369927,0.516209927961235
"Item7",2.71862821192415,-0.262985295672249
"Item8",2.60613346216242,1.16147419311987
"Item9",2.86579317781335,0.560681705146083
"Item10",2.06180884784853,-0.25028406404736
"Item11",1.85143553613165,-1.45527758559441
"Item12",1.19356198484781,1.8941757718792
"Item13",2.54382501098656,1.16333576023534
"Item14",2.08004565565865,1.39514886404542
"Item15",1.0201524636274,1.9011870018859
"Item16",3.30952276125031,-0.239334365328389
"Item17",2.59573971584121,-0.666615313574228
"Item18",2.69798140466507,0.403895527814547
"Item19",3.23411496469324,-0.714072403941393
"Item20",2.33098333165752,0.379052643994
"Item21",3.50407241588173,0.985997110877459
"Item22",1.9293911815223,-1.11584036073336
"Item23",1.00579451716494,-2.04565756318473
"Item24",1.88840334106661,-1.42323560648594
"Item25",2.75484548604328,-0.926103194616866
