"Items","Est.Discrimination.2PL","Est.Difficulty.2PL"
"Item1",1.92260902644306,-1.0834145785428
"Item2",2.36344822180868,-0.611247289570451
"Item3",2.89260151293003,0.0671926243133859
"Item4",2.92139570040106,-1.30683812456851
"Item5",1.05740565519299,1.8800093381861
"Item6",2.44967976403541,-0.780853758179391
"Item7",0.987368554935278,-1.95486011193494
"Item8",0.909595380206879,-1.74173147759682
"Item9",2.56549465697044,0.174694576351157
"Item10",2.37849885280647,-0.780865747487126
"Item11",2.0833924181517,0.719498325319241
"Item12",0.708279866053439,-2.07240745105453
"Item13",2.41542177823202,1.07553797793015
"Item14",1.33888220552662,-1.18202409210115
"Item15",1.12441681046222,1.84462854677988
"Item16",1.35072760990776,-2.36726210592371
"Item17",2.20205066325422,-1.33443941751257
"Item18",0.974700971155277,-1.5935640629405
"Item19",1.14740763519692,2.02485732240728
"Item20",3.08203164604479,1.04426639145991
"Item21",1.85236924723791,0.446945999102354
"Item22",2.7382429497588,-1.16045922625258
"Item23",1.29989283291991,0.3648559002016
"Item24",2.40917003051248,0.159773920381672
"Item25",1.03434521679533,-1.8425616059312
