"Items","Est.Discrimination.2PL","Est.Difficulty.2PL"
"Item1",2.28947075459189,-0.872070429595611
"Item2",2.80602838802392,-0.202117791127501
"Item3",1.31745617627569,1.88579949611954
"Item4",2.78626435822937,0.131825474265355
"Item5",1.27509024807247,-1.67233304943134
"Item6",1.43515930015873,1.61644538136515
"Item7",1.72709662538241,-1.25797613745107
"Item8",2.15478317045119,1.04046638472744
"Item9",2.20580145153149,0.926957006244075
"Item10",0.98732131041773,2.14305413048143
"Item11",2.73757635555302,0.568696504301509
"Item12",2.89917285657412,-0.252910354041495
"Item13",1.2880780867217,1.63486231716888
"Item14",0.98455352360449,2.06500996811386
"Item15",3.07233457953172,-0.146540186302854
"Item16",1.59432708636552,-1.33620638229522
"Item17",2.68744951436331,-0.294654555784667
"Item18",2.04540892625745,-1.01085462435445
"Item19",1.45833271771505,-1.45659581344734
"Item20",1.04705844517086,1.91042978894867
"Item21",0.728615062435536,3.20512480016513
"Item22",2.4214809289137,-0.584998018399092
"Item23",1.10095052956258,-2.15949650075694
"Item24",1.4688056053044,-1.66239643947283
"Item25",2.95198881936734,-0.109172526094761
