"Items","Est.Discrimination.2PL","Est.Difficulty.2PL"
"Item1",1.06553430115616,1.76727056393087
"Item2",2.73794332337459,0.803893944777603
"Item3",0.904721015703744,-1.67157865719457
"Item4",2.34568353763975,-0.504283119080213
"Item5",3.19510019597661,0.440529354897403
"Item6",2.05553083139368,0.574908074078964
"Item7",3.49669507800477,-1.20545959899725
"Item8",2.580826674787,0.998820198273092
"Item9",2.06665680439897,0.991191873606124
"Item10",2.35343451762745,0.15844014583018
"Item11",2.4207420244809,1.28025602472979
"Item12",2.15726359985337,-0.442869547531698
"Item13",1.08640572553637,-1.45589138972596
"Item14",3.10732241494699,0.447777256227859
"Item15",2.18486026922846,0.392994271173467
"Item16",1.69411277268842,-1.31938138937195
"Item17",2.40813108743054,-1.20975379469533
"Item18",2.40383366686508,-0.387603129240531
"Item19",1.05246620109283,2.32602537517706
"Item20",3.05028335449851,0.954486469295695
"Item21",1.46483548544347,1.12963321213132
"Item22",1.8225486613141,1.10884163736216
"Item23",2.2683433003231,-1.17483372409891
"Item24",2.44898493861451,0.298370746050139
"Item25",1.76468510018056,-0.698788518221405
