"Items","Est.Discrimination.2PL","Est.Difficulty.2PL"
"Item1",1.27740467395055,1.63138362138874
"Item2",1.11551990006331,1.82142141920214
"Item3",1.41674719244172,1.66887822367362
"Item4",3.10621561923223,-0.0474839499575615
"Item5",1.84014717405488,-1.19072337240348
"Item6",2.7396833041709,0.550858134667379
"Item7",1.4828834864601,1.5598108644357
"Item8",1.19213245986037,-1.71351471396719
"Item9",2.12921339893043,-0.922664788309194
"Item10",2.48337317250569,-0.731994417341909
"Item11",1.48849341042586,-1.44626595698821
"Item12",3.03622655931131,0.309666595585379
"Item13",2.68576474037688,-0.726653995856879
"Item14",0.970941189802273,1.98814906457081
"Item15",1.16912645391107,-1.9541086942377
"Item16",1.84940737058568,1.2050468517721
"Item17",0.963132008794328,2.21613444345848
"Item18",2.58470962812227,0.492003113802629
"Item19",2.28348629758707,0.901546967978693
"Item20",2.53004808861635,-0.643690414694727
"Item21",2.47604217193329,-0.822640734421479
"Item22",2.13536508043507,0.880594052381065
"Item23",1.61938488679256,-1.44999666949321
"Item24",1.75323494274825,-1.31144940237434
"Item25",2.56028924191622,-0.507878781185984
