"Items","Est.Discrimination.2PL","Est.Difficulty.2PL"
"Item1",1.26193916992111,-0.519707585863391
"Item2",4.17165665550634,2.52210286882857
"Item3",1.02970636091956,-0.648028496159582
"Item4",0.830323211341725,-0.638218122056951
"Item5",3.56107946518402,1.81369557033036
"Item6",2.13318365865593,0.784763917571036
"Item7",3.63269143592447,1.79008313498267
"Item8",3.03919584536655,1.62050808926757
"Item9",2.13982146932748,0.572955355040519
"Item10",1.98977614565329,0.464213412922483
"Item11",-0.502537193455137,-1.7048357633595
"Item12",1.20909341067682,-0.137475220141771
"Item13",2.5373388864247,1.02650622030671
"Item14",2.18492007261302,0.557921123610283
"Item15",1.48353877985455,-0.17809882349658
