"Items","Est.Discrimination.2PL","Est.Difficulty.2PL"
"Item1",0.69385217441519,-0.698004753647004
"Item2",1.79012053034717,0.275117388289318
"Item3",1.37829983717163,-0.208452180536086
"Item4",0.192894005708843,-1.16824194751423
"Item5",2.74234193961401,1.3019114097425
"Item6",2.5430248770593,1.12104878003633
"Item7",2.92371488579768,1.39893568288484
"Item8",0.344425161069273,-1.2181260106433
"Item9",2.01997180826779,0.520033488204975
"Item10",1.28640477761019,-0.263539303044771
"Item11",2.39091121899954,1.06361265471082
"Item12",1.63966413640412,0.299949020039595
"Item13",0.833292746675972,-0.626678638500787
"Item14",-0.0459963595451383,-0.138045035303312
"Item15",3.30626008124304,1.49022993876507
