"Items","Est.Discrimination.2PL","Est.Difficulty.2PL"
"Item1",1.95008283286549,0.282497847023164
"Item2",1.68688565300718,0.107729619176832
"Item3",1.97164143648744,0.533105529420098
"Item4",2.16802777548651,0.514839592537922
"Item5",0.342928039189694,-1.12126294796694
"Item6",0.601627338319602,-0.994561168968073
"Item7",3.26522950126739,1.85117073543188
"Item8",2.62683095930049,1.83354447420239
"Item9",2.32547613490688,0.796413709647533
"Item10",1.41295219757037,0.0740387444197923
"Item11",2.3940549457461,0.800813666110461
"Item12",0.138997779132693,-1.67306913213594
"Item13",2.83784975460786,1.55102820913303
"Item14",0.092241157997653,-1.36657588093869
"Item15",3.07009611906956,1.20722133562086
