"Items","Est.Discrimination.2PL","Est.Difficulty.2PL"
"Item1",2.02085674963907,0.270537108786978
"Item2",4.55380531893486,2.22240108199651
"Item3",0.802016858726225,-0.755873432119387
"Item4",1.65967082603228,0.139983456867356
"Item5",2.77086309784262,1.20225483276953
"Item6",-0.411117662640411,-1.54082193821453
"Item7",0.991287149742725,-0.532725181545672
"Item8",-0.115778903920487,-2.97527423531681
"Item9",2.79045253799013,1.11530230864883
"Item10",0.37463355649087,-1.10935487188399
"Item11",2.15113020970192,0.572907420646611
"Item12",0.0658179635663579,1.09553161254486
"Item13",0.207601149158684,-1.22935554793737
"Item14",2.31085071829453,0.75274549801817
"Item15",1.5134880374346,0.169791450937212
