"Items","Est.Discrimination.2PL","Est.Difficulty.2PL"
"Item1",0.12465855071998,1.71361557154028
"Item2",0.271879154198253,0.450003388497946
"Item3",0.360609288059771,-0.171448843684446
"Item4",0.207839379848932,-0.623200012168346
"Item5",0.162920896959157,0.544072582285196
"Item6",0.0510829751620766,-0.47016151158216
"Item7",0.145259711695504,-0.166069204251376
"Item8",0.2334489469505,-0.243074111761436
"Item9",0.185144783621265,0.0872020906872826
"Item10",0.189515414764126,-0.575431110713272
"Item11",0.0350964271811617,1.71061088513295
"Item12",0.148972434754238,-0.0269713741542152
"Item13",1.96818296411214,-0.144695551127965
"Item14",2.2266747637968,-0.582025652174637
"Item15",2.42788603887472,1.16781418795104
"Item16",0.241652985935738,-0.26863617227068
"Item17",0.205651802378069,0.787855218300345
"Item18",0.126132022301897,0.924353236018569
"Item19",0.077101386181342,4.5665562427783
"Item20",0.100531865303795,-0.718296101721554
"Item21",0.0710499411966423,0.958646968364425
"Item22",0.149445051969003,-1.78666112161176
"Item23",0.155796226853954,0.983418385602952
"Item24",0.200486863051473,0.585025385619762
"Item25",2.32604796892311,-0.81981244864653
"Item26",0.147804213441976,-0.735331201111751
"Item27",0.215744747907016,0.0188228329366376
"Item28",0.200046396172357,-0.0605208381076207
"Item29",0.235627780325208,1.10732938676373
"Item30",0.257438493457051,-0.205208626451659
"Item31",0.1857986360221,0.499781231479977
"Item32",0.180030978408489,0.0448378478134094
"Item33",0.261678082866978,-0.622899871217644
"Item34",0.203463366318905,0.218558765787277
"Item35",0.318790578036937,-0.774904098832559
"Item36",0.249365663802444,0.195554644180156
"Item37",0.275168526299975,1.07346230307738
"Item38",2.09186058663763,0.824135489404407
"Item39",0.212373996170235,1.01314402008372
"Item40",0.0726161940449735,0.275788308168217
