"Items","Est.Discrimination.2PL","Est.Difficulty.2PL"
"Item1",2.27030317420841,-1.00816157601171
"Item2",2.32794041847383,-0.341269572112821
"Item3",2.85850751975759,-1.62297863476319
"Item4",0.378028174868335,0.307805507087957
"Item5",0.153686531568828,-1.87101680516638
"Item6",2.20619235891715,-0.630727229687942
"Item7",0.296741268196776,0.138433541713034
"Item8",0.115214607955702,1.7125097080927
"Item9",0.158624427032185,-0.685347264095993
"Item10",0.285934740952415,0.601321295793505
"Item11",0.175482185135975,0.921026668301147
"Item12",0.363501050311867,-0.0444090728439509
"Item13",0.260113531959848,-0.799406100667924
"Item14",1.85876615906358,-0.32879428146842
"Item15",0.170367897113042,-0.709842385627119
"Item16",2.17596967771123,0.413796120321556
"Item17",0.110399962269178,2.00709164440733
"Item18",0.0846115180759958,0.378944917459698
"Item19",2.405569533317,0.901295289644925
"Item20",2.61317900396316,-1.05160407560577
"Item21",0.327461695150288,-0.413308755708373
"Item22",2.15888133126873,-0.222829002086315
"Item23",0.30952647491875,-0.0256667859713798
"Item24",0.264656239165033,-0.183878548185837
"Item25",2.09347818283662,-0.844801821007582
"Item26",2.12416308684477,-0.382200716726537
"Item27",0.107591658400598,-1.30676293796145
"Item28",0.0764355916585723,-2.41732950345633
"Item29",0.256949814295339,0.1588005592038
"Item30",0.202594325102829,-0.159083573145539
"Item31",0.0930549624526679,1.12127400979698
"Item32",1.99631457340536,-0.897602512753458
"Item33",0.316285932197078,-0.675197652272477
"Item34",2.2428373214046,0.770006248039701
"Item35",0.197331447285445,1.04769183267465
"Item36",0.0822924234584381,2.09907091646677
"Item37",0.29308684959845,0.223722095778821
"Item38",0.275750973953631,-0.309793419118551
"Item39",0.167860764524395,-0.287573572596368
"Item40",0.263245167622059,0.139706124304044
