"Items","Difficulty","Discrimination"
"Item1",0.932406069580905,2.24200932005592
"Item2",0.282352460262686,1.79389051700396
"Item3",0.652776129917827,2.25354574291568
"Item4",0.709460028412857,2.11507069331847
"Item5",-1.5203196361671,-0.207814321810388
"Item6",-1.49437089557726,-0.149987088091628
"Item7",1.50444386402785,3.01479026772089
"Item8",0.979717370041318,2.56944625263415
"Item9",0.53178406172303,1.99366351659708
"Item10",1.81071330132229,3.42155774459861
