"Items","Difficulty","Discrimination"
"Item1",-2.64078968450632,-1.16935929841799
"Item2",-0.25585753040949,1.24103387852769
"Item3",0.0401704095051824,1.61039769010806
"Item4",-1.20898888083156,0.286758927465769
"Item5",1.0672625297159,2.53398430619891
"Item6",1.45664787163385,3.04090817377803
"Item7",0.0239476957829496,1.5414517954418
"Item8",-0.0243148923602287,1.40727997925255
"Item9",1.68569248853522,3.16572504226919
"Item10",-0.27834262658673,1.16273145120088
