"Items","Difficulty","Discrimination"
"Item1",1.28379120284129,2.87793747927718
"Item2",-0.0041156323420792,1.52890818348084
"Item3",1.55045046980393,2.73276881126532
"Item4",1.36043853643718,2.77557860737307
"Item5",-0.952759980561204,0.805753421124028
"Item6",1.15450250341963,2.74638808066124
"Item7",-0.254259348310265,1.24129883380135
"Item8",1.81009296550344,3.26616364569091
"Item9",-1.66989024018613,-0.165687955075229
"Item10",-0.792641831467374,0.594196730520243
