"Items","Difficulty","Discrimination"
"Item1",1.75788716678961,3.12009382490163
"Item2",0.224166032449531,1.93634985708951
"Item3",0.548577992380365,1.93930352680087
"Item4",1.5328286973639,3.13512914137554
"Item5",1.23290683969485,2.85811547889494
"Item6",-2.39733035367441,-1.04129011205647
"Item7",-0.82202063239035,0.787213708846002
"Item8",-1.75953737475739,-0.179597032955158
"Item9",2.44097210053818,3.7931489594368
"Item10",0.71450714043667,1.91888306983207
