"Items","Difficulty","Discrimination"
"Item1",0.394813058300628,1.98892045828463
"Item2",0.860955043261515,2.28668983145118
"Item3",0.175866803547538,1.70770371446368
"Item4",-1.45189801487768,-0.161137326442233
"Item5",-0.15629935518186,1.28876243319319
"Item6",0.825558864707642,2.47558185725258
"Item7",1.75787216828838,3.28029155559931
"Item8",1.74473718720358,3.36180157694065
"Item9",1.1888465565458,2.54982258267806
"Item10",-1.69969731370896,-0.0810687854242449
