"Items","Difficulty","Discrimination"
"Item1",1.79172250244885,3.27329289852236
"Item2",-1.06082207704442,0.453327533865561
"Item3",1.09206249116004,2.3780488577467
"Item4",-1.39621834925353,0.110840666104308
"Item5",-1.78658919158566,-0.387732605837683
"Item6",-1.08689076737509,0.688124255005504
"Item7",-1.15146779998158,0.248817174965742
"Item8",1.89503067029395,3.59301215056968
"Item9",-2.38490521465897,-0.881304440882929
"Item10",0.696341711258814,2.07069325844574
