"Items","Difficulty","Discrimination"
"Item1",1.70254431270763,3.34259090796284
"Item2",-2.64223071352683,-0.905883623656353
"Item3",-0.962765180912966,0.650143252756752
"Item4",-2.01929467425069,-0.688431047556723
"Item5",-0.420347157695759,0.987112414301455
"Item6",-1.46791764196227,-0.00416315815463033
"Item7",-0.792939790775504,0.590679745998895
"Item8",0.0220431836555994,1.69706178098653
"Item9",1.2032221210429,2.79438202651483
"Item10",2.01256457729351,3.62064015679713
