"Items","Difficulty","Discrimination"
"Item1",-1.16147268789063,0.305295289699283
"Item2",1.20177682181639,2.55002751691443
"Item3",-1.90811770951646,-0.40179490976285
"Item4",1.70429083808504,3.06829755425972
"Item5",-1.7282578347043,-0.45225361293115
"Item6",1.08232811001326,2.73002704898666
"Item7",-0.966689118316932,0.557703693205779
"Item8",1.27472975846648,2.79050077858212
"Item9",2.06086447627276,3.53735560136363
"Item10",-1.28026570561893,0.0156568728768754
