"Items","Difficulty","Discrimination"
"Item1",0.98812773343367,0.46541263159353
"Item2",1.7621554175842,-0.179840042460871
"Item3",1.43221854726875,0.00538061340600285
"Item4",0.40593503105461,0.854830899341976
"Item5",1.69390266270633,-0.184865889138181
"Item6",-1.90275261640375,3.1849114310848
"Item7",0.930497840101919,0.453171585924037
"Item8",-1.17777831052161,2.53863024312295
"Item9",-1.1835786247806,2.6463716881807
"Item10",-1.27164872124384,2.90750697230106
"Item11",0.0706654142901827,1.21113694156511
"Item12",0.619256869987204,0.94809484700987
"Item13",-0.681262018402789,2.2567990591416
"Item14",-0.615339807681269,2.0646660243031
"Item15",1.2656575891592,0.171598663251865
"Item16",1.30045714510869,0.166769394011009
"Item17",1.78167593240086,-0.271434065379439
"Item18",0.136214991371458,1.31772084616975
"Item19",1.6240612756414,-0.228062411807559
"Item20",0.184483363954966,1.10032754772899
"Item21",1.52850374809614,-0.0332056850679709
"Item22",1.55594836755441,-0.13867160055884
"Item23",0.0569229199693991,1.44937562019155
"Item24",1.10172182666403,0.453554804582711
"Item25",1.22064966018094,0.101689247678853
