"Items","Difficulty","Discrimination"
"Item1",1.245729938158,0.338071218721455
"Item2",1.64659662437325,-0.318799461865213
"Item3",0.456641887435254,1.2500098084094
"Item4",-1.05388078410132,2.534962619593
"Item5",1.53774988432853,-0.0153990127717316
"Item6",-2.17120917878597,3.77225110144273
"Item7",1.45478945219817,0.12886731313647
"Item8",-0.619845009219889,2.17552237133319
"Item9",-1.72922038137693,3.16261367686293
"Item10",-0.348992060466249,1.75057362560373
"Item11",-2.23024417435152,3.49217662188194
"Item12",-0.690505364265893,2.26685795248921
"Item13",-1.18072092037405,2.75657127004506
"Item14",-1.4211084276923,2.93023399752579
"Item15",1.4413038283342,0.0606878419668775
"Item16",0.391399252296679,0.863637386257504
"Item17",0.346537978545026,1.18317516906058
"Item18",1.66140544372568,-0.227317813156117
"Item19",1.82607171453088,-0.224928335861131
"Item20",-1.70382401338597,3.13886328569362
"Item21",0.236154048034465,1.07827563557017
"Item22",1.01187899294514,0.452065415124308
"Item23",1.81603539313126,-0.353656320337807
"Item24",-1.50842354266417,2.81070537897689
"Item25",1.64439808797121,-0.373088749202457
