"Items","Difficulty","Discrimination"
"Item1",1.0441418152199,0.623086309989769
"Item2",-0.908400085966179,2.49854772720218
"Item3",1.66387585822705,-0.160172473602811
"Item4",0.298376340007759,1.51781112313173
"Item5",2.59752675252842,-1.07958037076645
"Item6",-0.81308806019834,2.35168258612175
"Item7",-1.22635798933363,2.71076123386046
"Item8",-1.3699991982279,2.79699160572431
"Item9",3.06804369013568,-1.85615240256216
"Item10",-1.10065088528383,2.85106195981052
"Item11",1.87591576403107,-0.631220978637606
"Item12",-0.550393358410666,2.00694038092298
"Item13",1.46434841632057,0.083194224339045
"Item14",-1.59761918072222,3.34617020781462
"Item15",0.92462349451774,0.590126607395817
"Item16",0.187427438023687,1.04648519082146
"Item17",1.80878015069147,-0.22557410955165
"Item18",0.246076169077748,1.27508073089079
"Item19",1.6338360702672,-0.154000829723307
"Item20",1.74925389096486,-0.542243690187268
"Item21",-1.92960061657174,3.73637699893542
"Item22",-0.900939737728571,2.60789264668467
"Item23",-0.153097781644124,1.72359671593133
"Item24",-1.31301425355133,2.97429371508165
"Item25",1.56341740844171,-0.0341580909122708
