"Items","Difficulty","Discrimination"
"Item1",-0.416445132290679,1.95372718854967
"Item2",-0.340663660258459,1.61906751172135
"Item3",0.696641821922338,0.630914288738374
"Item4",0.667488471564896,0.898277943369983
"Item5",1.9637067358662,-0.483639852343293
"Item6",0.997802357814334,0.838617154820202
"Item7",-0.117655024456474,1.60783569627695
"Item8",-1.67587694288898,2.84298934226383
"Item9",-0.826950113776085,2.28762430779931
"Item10",-2.25023656757617,3.94193066782266
"Item11",-2.12073831963433,3.28347181880377
"Item12",-1.71535496986907,3.2304286227412
"Item13",1.50135985514939,0.0873457273891507
"Item14",-1.96696451952701,3.00400441566596
"Item15",1.47395386927405,-0.18897302237315
"Item16",1.23501387247436,0.104293786345307
"Item17",-0.773063699783791,2.01357452312785
"Item18",1.35571929677726,0.232149690259508
"Item19",1.30469244993271,0.233211771259593
"Item20",0.980512535463242,0.372450793054968
"Item21",-0.830387384480114,2.2626134472199
"Item22",-1.4674492047034,2.8256816474926
"Item23",1.90444771036526,-0.437371842876939
"Item24",-1.50870860282616,3.10744666509748
"Item25",0.701029195182581,0.769482970084962
