"Items","Difficulty","Discrimination"
"Item1",-0.00424844198312364,1.26133025337982
"Item2",-1.83609523274108,3.6084865043399
"Item3",-2.63061196428323,4.01336971348078
"Item4",-0.0461149720892799,1.41499908891433
"Item5",-1.39388023451258,2.89289547520387
"Item6",-2.22117914894952,3.82022563540723
"Item7",-0.155027632342528,1.61876837340752
"Item8",-0.211399081530881,1.62085727220506
"Item9",-0.214592338216348,1.49350377419646
"Item10",-0.298295179729282,1.69631672861496
"Item11",1.82782894477138,-0.475777717409568
"Item12",-0.557897002276109,2.02370973096715
"Item13",-0.818306548633614,2.15551132194274
"Item14",-0.943062514963664,2.22974976635169
"Item15",-0.986923549432745,2.50352915798991
"Item16",1.47373133392145,0.0763006842674839
"Item17",-1.56204938955527,2.8745136445043
"Item18",1.44500208133078,0.137065356695718
"Item19",-2.23696615911818,3.74041120351517
"Item20",0.0761179258893618,1.37752829851096
"Item21",1.42268157482154,0.0627142162132574
"Item22",-0.524695721842483,2.03704305620691
"Item23",0.961302139569543,0.176026442429544
"Item24",-1.84927473806837,3.38451979731539
"Item25",0.182518975270407,1.39592888126491
