"Items","Est.Discrimination.2PL","Est.Difficulty.2PL"
"Item1",2.64978707993358,-0.379885866980684
"Item2",3.11682455662032,0.30715722463573
"Item3",1.17535228325757,-2.46738426719845
"Item4",1.68078631416375,-1.83393186697345
"Item5",2.77063075959644,-0.670099255480498
"Item6",2.10417009310014,-1.68288126498051
"Item7",3.12963290156241,2.284799283125
"Item8",2.96443501050114,0.968265108252443
"Item9",3.10228369837304,1.57084435950861
"Item10",3.28154810396307,0.476489257441238
