"Items","Est.Discrimination.2PL","Est.Difficulty.2PL"
"Item1",2.14049832476556,-1.5308858505803
"Item2",3.41454452458413,0.378053020981363
"Item3",3.18732343627347,1.10246024285437
"Item4",3.57068084771654,2.31543061892658
"Item5",3.1906132240992,1.30876391050219
"Item6",3.05822785371664,0.115821185311477
"Item7",3.3583675885775,1.74605229848834
"Item8",2.75296703300354,-0.461875776373303
"Item9",2.85113225684603,0.722205096685638
"Item10",3.57358128605347,1.63392373431135
