"Items","Est.Discrimination.2PL","Est.Difficulty.2PL"
"Item1",2.85101178890773,-0.108050918939166
"Item2",3.26779392840834,1.37511189374172
"Item3",3.13552060519755,1.65370079545566
"Item4",2.23426030469508,-1.25580673796704
"Item5",2.29759698461187,-1.37040607194499
"Item6",1.5679859100491,-1.91644224604097
"Item7",3.16053386052491,0.582009499963323
"Item8",1.63119139640065,-1.93533191950884
"Item9",2.53926621114578,-0.529164490778326
"Item10",3.27376915842204,1.39735895742982
