"Items","Est.Discrimination.2PL","Est.Difficulty.2PL"
"Item1",2.85214377387529,-0.337299535573226
"Item2",2.39666461236784,-1.23678514732739
"Item3",3.17987480140041,0.238325278511679
"Item4",2.58007284918336,-1.05312468793679
"Item5",1.59616717634287,-1.9538919346503
"Item6",3.07674897945015,-0.051936105487837
"Item7",2.80710622893501,-0.325743657924069
"Item8",3.0558741722969,1.13975965765943
"Item9",2.87278011325032,0.337478004511169
"Item10",2.44998075823198,-0.958810514554028
