"Items","Difficulty","Discrimination"
"Item1",1.38305115424665,2.49812193484236
"Item2",-2.5063514879833,3.23851232920399
"Item3",-0.26482538181365,0.992762391782038
"Item4",-0.151418254001289,1.15379589387352
"Item5",-1.30729711136742,2.86402139214945
"Item6",1.83797794024076,2.82229590886936
"Item7",-1.17758867883911,2.31349194096265
"Item8",-1.91154988679108,3.16161771257408
"Item9",0.117944060520835,0.884938277354886
"Item10",-1.34871898640455,2.39183421631062
