"Items","Difficulty","Discrimination"
"Item1",-1.67659528260005,2.84844746884633
"Item2",0.0691060214420098,1.10844777106771
"Item3",2.04922766034,3.18640583596128
"Item4",1.86361226847889,3.00305634864735
"Item5",1.13484902120629,2.14649866896859
"Item6",1.07683056664942,2.17387186101163
"Item7",-1.93462933120647,3.27103046027397
"Item8",0.388962713283913,1.15295291000022
"Item9",-2.51340313348266,3.48183487218152
"Item10",-0.387046333402836,1.20180401481648
