"Items","Difficulty","Discrimination"
"Item1",1.26172302542644,1.0424449461423
"Item2",0.0807867215200181,1.25771786016034
"Item3",1.4885069703913,1.81545757019692
"Item4",-1.52145064253995,3.09091662974788
"Item5",0.239638447266462,0.977634315816118
"Item6",-1.26456159027497,2.12446521799285
"Item7",-1.57652072587691,3.00920961840018
"Item8",-0.954707990056788,0.669594646072432
"Item9",1.60699859726718,2.83787238766205
"Item10",2.30601354440939,3.11598534164848
