"Items","Difficulty","Discrimination"
"Item1",0.500112623763343,1.07998305319003
"Item2",0.448304293999292,1.20987142751517
"Item3",-1.79864641848478,2.80898193555811
"Item4",-0.0213293761433884,1.24880501509529
"Item5",-1.60654653832363,3.10023564749991
"Item6",-1.99421602607676,3.00443500089331
"Item7",-1.48691723014784,3.06196498450529
"Item8",0.231541993290995,1.4432475220389
"Item9",-2.14062620509801,3.3071784226927
"Item10",-1.30206067110644,2.36165637304347
