"Items","Difficulty","Discrimination"
"Item1",-2.1364607396547,3.6094320663438
"Item2",1.179921376453,2.40665305598699
"Item3",1.12105198454879,2.1140127216501
"Item4",-0.179903947758013,1.14134463643316
"Item5",0.0481809858306706,0.885353501675494
"Item6",0.688660126098197,1.81747946251239
"Item7",0.46678767035744,0.977202606960776
"Item8",-2.64411696539238,3.34387661838031
"Item9",0.58470436053668,1.42063905531502
"Item10",1.04912971419088,1.86619690664876
