"Items","Difficulty","Discrimination"
"Item1",-0.820151737684932,1.69225792246751
"Item2",-1.18568179448008,2.24077463795216
"Item3",0.729693971641036,1.70442791375098
"Item4",1.08997043817651,2.1802927481581
"Item5",1.71589232191692,3.07482578714959
"Item6",1.3641576814231,2.43483907829032
"Item7",-1.76406499124357,3.03371428152948
"Item8",1.99345161269185,3.0805524302373
"Item9",-2.71630796191445,3.26191863782941
"Item10",1.88504192555911,2.97415067192004
