"Items","Difficulty","Discrimination"
"Item1",-0.219488610293708,0.981810109438835
"Item2",-0.805569962697183,1.52160933180729
"Item3",1.17492337648559,2.21023111051482
"Item4",-1.03916666297886,1.93664533630599
"Item5",1.20277412663423,2.25127105681111
"Item6",-1.47286524232674,2.58945317844442
"Item7",0.512878578211517,1.43321593375563
"Item8",0.323265387710151,0.961857088094501
"Item9",0.165073778918941,1.08468864022232
"Item10",0.715861169298192,1.60497340270187
