"Items","Difficulty","Discrimination"
"Item1",1.62798512962945,3.13378587538761
"Item2",-1.94284142308686,3.28848194718371
"Item3",-0.594540336617822,1.58026845868847
"Item4",0.765528947170036,2.01216941429017
"Item5",0.527520302426513,2.24972805387867
"Item6",-1.4637956472853,1.17579018695723
"Item7",0.26244436425232,0.990769751320251
"Item8",1.6633051186956,2.90220649851237
"Item9",-2.44179188463741,3.06966501290325
"Item10",-0.461815661531365,1.15913607793229
