"Items","Difficulty","Discrimination"
"Item1",-1.01165728114487,1.94853172491472
"Item2",1.57291499679554,2.99113937783601
"Item3",1.82810668302466,3.00378375894286
"Item4",-0.260963198741915,1.06658207071797
"Item5",-0.0439771650930007,1.35879074236932
"Item6",1.18900953440734,1.15265161256997
"Item7",-1.9543525308014,3.03866992365824
"Item8",1.64004099481493,3.31419135107752
"Item9",0.999509130560588,2.11351012820117
"Item10",1.27206439814554,0.973591812389464
