"Items","Difficulty","Discrimination"
"Item1",0.12952660781194,0.980457792514355
"Item2",0.79878691690331,1.65496623005414
"Item3",1.96853852135096,3.24171276610552
"Item4",1.08009306935248,2.23697478409735
"Item5",-1.66314773349023,3.04285843135529
"Item6",1.27114159792288,2.41000899033422
"Item7",-0.795995938318247,1.55078252445726
"Item8",-0.873114546094296,1.68490506823632
"Item9",1.37419221727429,2.38223757165496
"Item10",-0.880272549676329,1.69920522621598
