"Items","Difficulty","Discrimination"
"Item1",1.45671137349733,2.68189566067838
"Item2",-2.02947669033809,3.26505892059131
"Item3",-1.50948496652036,2.67746769946287
"Item4",1.43908261708168,2.74003509650617
"Item5",-0.41091331462174,1.10429006623216
"Item6",0.927665454958188,1.86233441693412
"Item7",-1.70053812393951,2.9099154752701
"Item8",-1.39515220703961,2.60281876921892
"Item9",0.143837275326763,1.04676650032377
"Item10",-2.03838807156685,3.05871844096103
