"Items","Difficulty","Discrimination"
"Item1",-0.452458878510456,3.02414965237882
"Item2",1.63305002545267,2.98652414315279
"Item3",1.79194804077581,3.05681074006817
"Item4",-1.61238342964092,2.83504027476964
"Item5",0.836387634153051,0.555584398092624
"Item6",0.2848150622415,0.538071258354203
"Item7",0.663505983838432,2.8983423719469
"Item8",-2.07875159947116,0.59537167168263
"Item9",1.27443844213734,0.587297323345661
"Item10",0.946291846710572,0.676119366783536
"Item11",-0.676294920120528,3.19158544529542
"Item12",-1.64751655744517,0.351923256364914
"Item13",-0.602830343515877,0.528740731934259
"Item14",-0.751020369459042,3.05311543670624
"Item15",1.54911569884135,2.94160196298839
"Item16",-0.656321231140712,0.481030824474827
"Item17",0.163878101136398,0.431634507472985
"Item18",0.230875940255797,3.18726948424852
"Item19",-0.29434746488485,0.63631486757787
"Item20",0.901763328884219,0.559824635805681
"Item21",-1.63390069171165,0.621472006793357
"Item22",1.29531602093119,3.07922969211493
"Item23",1.52891101920772,0.561522984237302
"Item24",-0.412088670437025,0.535804277408076
"Item25",0.61152876213807,0.622704898982708
