"Items","Difficulty","Discrimination"
"Item1",1.25615652968095,3.07949232131279
"Item2",2.42206976521732,0.406189555689694
"Item3",-2.41007029904918,2.96005193662682
"Item4",-1.64288764916854,0.655318081323047
"Item5",-1.57213725602643,3.12496171700873
"Item6",1.41071103085365,0.464279957093515
"Item7",-1.96130683265256,2.74416815601231
"Item8",0.307174636611692,2.86360340973591
"Item9",2.32710778066409,0.641852436989683
"Item10",-1.72810345874126,0.380829612987676
"Item11",-1.68835139267841,0.555077088751584
"Item12",2.0927749642809,0.534604170173668
"Item13",-0.519468470175082,2.94404379992764
"Item14",1.18185214488168,0.384376117409859
"Item15",-0.202936214440889,0.343115384709107
"Item16",1.04539852042388,2.85291229883415
"Item17",0.984407259151394,0.577586614407767
"Item18",1.64394654926226,0.75096012840951
"Item19",1.24678069803302,0.55371199716392
"Item20",-0.619598471699804,0.575937809256341
"Item21",-0.711152650521193,0.803435913854413
"Item22",-0.560866792111713,0.40121607558827
"Item23",0.322143582074051,0.522128396110735
"Item24",-0.12035490371678,0.461457532806541
"Item25",1.3946614791259,0.502595692126468
