"Items","Difficulty","Discrimination"
"Item1",0.59763782722934,2.76912603416379
"Item2",0.546573013402615,0.534190267108951
"Item3",-0.488906197755635,0.603896383717841
"Item4",1.2224229406974,2.9962753221669
"Item5",1.45947015657325,0.712217629033047
"Item6",-0.00764521396011836,2.57503912929537
"Item7",-0.570326549078395,0.427136892311497
"Item8",-1.73991547220769,0.502435937512649
"Item9",0.229561596298497,3.14997635741414
"Item10",-1.27616182488288,0.62132217471797
"Item11",1.43333174720403,0.422295141905795
"Item12",1.93796857462088,0.48211266465529
"Item13",1.86763279275619,2.88869178732173
"Item14",-1.60770959010384,0.534862670750169
"Item15",0.125971345210875,3.24277429037988
"Item16",-1.58961572320408,0.540500471614814
"Item17",-1.82209422934502,3.2284710687618
"Item18",-2.1184378318197,0.593368673595863
"Item19",1.94465085613816,3.37718498967963
"Item20",1.36152321251877,0.366395632701958
"Item21",-1.77151122026975,0.317960540324972
"Item22",-1.28329649641406,3.07504779560308
"Item23",-2.18849061012451,2.93995486360558
"Item24",0.896229531580535,0.765074428292013
"Item25",1.72234917097031,0.46261848480439
