"Items","Difficulty","Discrimination"
"Item1",-0.295916871797696,0.365207397468288
"Item2",-1.00803545864156,0.380215528521521
"Item3",-1.30718434700382,0.491118798524997
"Item4",1.41633758156541,2.91869926122295
"Item5",1.55915040420919,0.41210980645455
"Item6",0.872537733326558,2.94278420763922
"Item7",-0.17035304581017,0.580874733779147
"Item8",-0.903136200956588,2.90281975646891
"Item9",1.38339358529083,0.386018972146552
"Item10",0.922265241624046,0.522960769518133
"Item11",1.57109186592539,0.346784563081446
"Item12",-1.50146318355012,0.36581021849373
"Item13",0.987957225034258,0.625785350090587
"Item14",0.674409797504582,2.92313362611041
"Item15",0.766566979023476,2.79169625431507
"Item16",-0.5684259221504,3.01117414752433
"Item17",-0.186318438871515,0.583901357176546
"Item18",1.77882767899712,3.15520599839562
"Item19",2.28457177679426,0.433874700039836
"Item20",-0.373877590411104,3.01234549150206
"Item21",0.900824147872598,0.531522363878432
"Item22",-1.55467623886082,0.469942731228882
"Item23",1.30934696224324,0.540246153020526
"Item24",1.30059314184902,0.434778952054562
"Item25",-0.366126713522346,0.359594772686239
