"Items","Difficulty","Discrimination"
"Item1",-0.919564922953389,0.460378175296376
"Item2",-1.44726025172768,2.98084799863497
"Item3",-1.38545392755132,0.67192166453013
"Item4",-1.30157846754813,2.99995698822878
"Item5",-0.351386304672799,0.387355508485521
"Item6",-1.59294492396229,2.86811809281774
"Item7",0.92730952415319,3.00216084025747
"Item8",1.76243751447141,0.442797141127883
"Item9",1.81257455540345,2.92347812089182
"Item10",-1.45943337046064,2.98090246601504
"Item11",0.881918629554789,0.450490029950611
"Item12",-0.114159237482644,0.746317478114027
"Item13",-0.209962494113018,0.764424993924178
"Item14",1.66743880443279,0.503898426651352
"Item15",0.994155011009877,0.529384535735327
"Item16",0.231799445764581,0.426124042496844
"Item17",0.6392482130234,3.02904642099266
"Item18",0.14377845533317,0.403654148405549
"Item19",-1.26384499871607,0.37358333746293
"Item20",1.21214920285748,3.05063613891415
"Item21",-1.82751767609893,0.320293707420989
"Item22",-1.08192797470891,0.581938484822362
"Item23",-0.165464304822277,0.501270080006658
"Item24",-0.875120374985914,2.90738015853011
"Item25",-0.448863113555023,3.11017330370143
