"Items","Difficulty","Discrimination"
"Item1",-0.648623653080763,0.47021191964082
"Item2",-1.84886964376012,0.423017091617035
"Item3",0.260653499232288,0.489580030782799
"Item4",1.30371757092012,3.05739468440299
"Item5",-0.477847856058262,2.9715410689433
"Item6",0.843147807718756,0.445048820647965
"Item7",-1.27987703345819,0.792121998115671
"Item8",1.40070309208682,0.491715760784783
"Item9",1.52308847015943,0.44369264544949
"Item10",2.22266495961878,0.585747322048493
"Item11",-1.45365129684415,0.622029011849945
"Item12",1.07457351348941,0.604856804021884
"Item13",1.45892560588018,0.47696640641578
"Item14",0.601738824553323,0.671335597459266
"Item15",-1.26619682881205,2.87339516903595
"Item16",1.10082578851097,0.595345099993514
"Item17",0.301697419959938,0.355678901288265
"Item18",-1.14348967059492,3.01031315552851
"Item19",-1.7374416337577,0.594891025861723
"Item20",-0.944056908613328,0.508816309185178
"Item21",-0.815038828787133,0.560676223610557
"Item22",-1.83336369120881,3.15558124243863
"Item23",1.72793511826626,0.333195999400649
"Item24",-1.43045791249575,0.439154121214047
"Item25",1.15666416449881,3.04805626168094
