"Items","Difficulty","Discrimination"
"Item1",1.56424661099214,0.561011701394709
"Item2",0.756478212642232,0.556979519974575
"Item3",1.8341448573197,3.03174960569235
"Item4",0.401821639187696,3.03019924880821
"Item5",-1.42008338628015,0.451090533278045
"Item6",1.29274053792773,0.47300715723815
"Item7",0.834521505761321,0.375813656547691
"Item8",-1.92276055954275,0.538320851551466
"Item9",0.0316317949427247,0.529370385518319
"Item10",-0.144711922303567,0.492472819195673
"Item11",-1.88434544639496,0.386068556387712
"Item12",1.16603340546488,0.602814233762084
"Item13",-1.84656146323677,0.416907924044326
"Item14",-0.963085859095666,2.7942901903664
"Item15",-1.91321032903963,2.99212442713636
"Item16",-0.310229683267852,0.505728961385123
"Item17",-1.31989358705027,0.50215520131699
"Item18",-0.677796884294177,0.367439527057092
"Item19",-1.37456814277242,0.397203191035309
"Item20",0.819826447386081,0.546261788327834
"Item21",-0.895909318531567,0.440309029170089
"Item22",1.19821061744548,0.515128637269582
"Item23",-0.550676054634677,0.477588255289162
"Item24",1.21844388164688,0.488310987028863
"Item25",-0.780159960712846,0.405294106926425
