"Items","Difficulty","Discrimination"
"Item1",-1.05681990429124,0.500428266041123
"Item2",1.46909899108141,2.97016496278706
"Item3",1.4884295880027,0.520843955108965
"Item4",2.04969168091626,0.595387062516559
"Item5",-0.199246043498982,0.612419290018057
"Item6",-1.70334089904348,2.86969394728407
"Item7",0.600232983556554,0.406754475751302
"Item8",0.362525539829263,3.04067283479224
"Item9",1.35535180357106,2.97859515593672
"Item10",-1.41165350486401,0.504874950151194
"Item11",-0.394593111468405,2.9350870223742
"Item12",-0.799078289555084,3.10735153850175
"Item13",-1.21133492881169,0.438139200408662
"Item14",0.167171689787249,0.513212767370123
"Item15",1.26494296703361,2.99913350870657
"Item16",-0.553196149984481,0.452667444247546
"Item17",-0.261065281614295,0.296865730387348
"Item18",-1.61236586171045,0.652802904373441
"Item19",-0.517218634780875,0.494665540913998
"Item20",-1.2620788939797,0.569892294746736
"Item21",-1.92517739769833,0.671260146624564
"Item22",-1.62162297616545,0.688910337801639
"Item23",0.784895943538406,0.469294900519351
"Item24",-2.24924427858023,0.406315837101285
"Item25",-1.53187963653792,2.98623976717868
