"Items","Est.Discrimination.2PL","Est.Difficulty.2PL"
"Item1",1.46761267699827,-0.107577635290181
"Item2",3.24259735215587,0.313833461866107
"Item3",1.37295417178617,0.298978122526043
"Item4",1.18228468645263,-0.191530130691181
"Item5",3.2848223948404,-0.593046746151628
"Item6",2.68125424785323,-0.699729440817841
"Item7",1.24178217295112,-0.232477331533805
"Item8",1.31196103500787,-0.441705502353107
"Item9",1.34653723148599,-0.18932269030052
"Item10",1.28145141434069,-0.257374432063176
