"Items","Est.Discrimination.2PL","Est.Difficulty.2PL"
"Item1",2.54875790677846,-1.27340745834141
"Item2",1.92111379048794,0.175013331324879
"Item3",0.548086101124707,0.906071092752333
"Item4",0.706864835707167,-0.0302297600668749
"Item5",2.43737220122001,-0.45465631332458
"Item6",0.56986725101002,-0.127472851796668
"Item7",0.563010778600703,-0.740228197560624
"Item8",0.503180246403493,0.0344433005964404
"Item9",1.50600208975678,-0.411203604154546
"Item10",0.916689090270729,-1.47342786793675
