"Items","Est.Discrimination.2PL","Est.Difficulty.2PL"
"Item1",0.435223585895232,0.667014831766175
"Item2",0.510699957280733,-0.182936161990768
"Item3",0.436630212884103,0.019207906986773
"Item4",3.01864969847029,-1.23909233044322
"Item5",2.08761421325409,0.214284320702169
"Item6",0.2508821562902,1.07493264225598
"Item7",2.22468752233948,0.921467773539933
"Item8",0.468301199992195,-0.197767815377775
"Item9",0.464913089326942,0.126729234516532
"Item10",1.85291198295399,-0.0336351771336064
