"Items","Est.Discrimination.2PL","Est.Difficulty.2PL"
"Item1",0.155600388431765,-1.03650560606668
"Item2",0.309138641070095,-1.16346535266838
"Item3",0.277335308456587,-0.308660242378881
"Item4",0.265356191797808,0.245435250995743
"Item5",3.4784437009763,0.594797049042678
"Item6",3.32966004106034,-0.26729056764197
"Item7",2.73960989088468,0.722684962201548
"Item8",0.191841281885954,0.0210607288347269
"Item9",0.265248282434965,0.785187293537277
"Item10",0.260276044380344,-0.0467693752329437
