"Items","Est.Discrimination.2PL","Est.Difficulty.2PL"
"Item1",1.43168298760279,-0.0834887254840183
"Item2",0.469061399648718,-0.541310753684882
"Item3",0.462267342443224,0.382364607935134
"Item4",0.458980615810864,0.421734069971402
"Item5",2.80914596250138,0.515910856025084
"Item6",0.439018590007613,0.305023226577027
"Item7",0.303170484680348,0.513314961025972
"Item8",0.591034701087904,-0.330655047461108
"Item9",0.552393789223035,0.633086776374697
"Item10",0.475581344948823,0.265734938617117
