"Items","Est.Discrimination.2PL","Est.Difficulty.2PL"
"Item1",0.738879306271017,0.1862266421625
"Item2",0.864351670731563,-0.288159717253499
"Item3",2.10480734590384,0.504950783310606
"Item4",0.759522898205356,-0.0497360146985585
"Item5",0.569338380724063,-0.7270795553046
"Item6",2.46777671972206,1.00473278865348
"Item7",1.9325647166391,0.0193694511665391
"Item8",0.794290567587772,0.146705423295475
"Item9",2.20853612584594,0.529562138944106
"Item10",0.835128882140711,-0.217891062802652
