"Items","Est.Discrimination.2PL","Est.Difficulty.2PL"
"Item1",1.57581228466973,0.104588864128059
"Item2",2.93604163980846,0.366795559765506
"Item3",1.67905434224741,-0.252787447655718
"Item4",1.61432631918032,0.364990026057721
"Item5",3.35195193623345,-1.23168097031731
"Item6",1.60489904931805,-0.840981183814037
"Item7",1.56891546721663,-0.272871649111877
"Item8",1.69206243712402,-0.353845367162285
"Item9",2.93704411527494,0.306235031321858
"Item10",1.63367391515615,0.248360578574443
