"Items","Est.Discrimination.2PL","Est.Difficulty.2PL"
"Item1",0.421141801774693,-0.597064905866114
"Item2",0.365461236859598,0.407340127219624
"Item3",0.411912234983816,-1.20415480673212
"Item4",0.434356438263717,-1.10610759644951
"Item5",0.36679802000086,0.908266365846595
"Item6",1.93039876002016,0.695339185972206
"Item7",1.8858206071496,-0.0928905694224445
"Item8",0.266219334498826,-0.0305754258164903
"Item9",2.04194534726716,0.732766842106376
"Item10",0.243804466050974,-1.22391339762363
