"Items","Est.Discrimination.2PL","Est.Difficulty.2PL"
"Item1",0.853434375024412,-0.302778188448348
"Item2",3.11966626366142,-0.539096801108473
"Item3",1.15972042107054,0.149400875303046
"Item4",1.2328773244665,0.511562160192163
"Item5",1.06377781074021,0.229006202943897
"Item6",1.15022872450058,-0.445908861087662
"Item7",0.919187626574995,-1.21298188029906
"Item8",3.20720983761227,1.41553832975332
"Item9",3.28259393279416,-0.691855890327482
"Item10",3.438768715258,-0.0621124874587285
