"Items","Est.Discrimination.2PL","Est.Difficulty.2PL"
"Item1",1.84531854052584,-0.365385505627513
"Item2",0.673082695463081,0.0130373646571321
"Item3",1.97731105511207,-0.382298562884913
"Item4",0.53470463361058,-1.19846728247589
"Item5",0.558356123137397,-0.33123750612217
"Item6",0.458663781992611,0.109869433938834
"Item7",0.498952439049265,0.246371093354757
"Item8",1.6050134764689,-0.011091657201493
"Item9",0.57810483534786,-0.510017631711126
"Item10",0.557196078623786,-0.316357453514764
