"Items","Est.Discrimination.2PL","Est.Difficulty.2PL"
"Item1",0.426501111063315,0.156095163123191
"Item2",1.98808175591716,0.545686806857625
"Item3",0.410791995381714,0.303803967436321
"Item4",0.368185102867622,0.676000428945814
"Item5",2.16576941656647,0.634194209422135
"Item6",3.03661193695086,1.01689840126967
"Item7",0.290842419023004,-1.48141633561059
"Item8",0.440808901863852,-0.0290809806024859
"Item9",0.284414970711096,0.57470420979632
"Item10",0.367167978563791,0.326254104101438
