"Items","Est.Discrimination.2PL","Est.Difficulty.2PL"
"Item1",2.99754779754448,0.25077306773907
"Item2",2.96388899555274,0.195330250337291
"Item3",2.92801841602754,-0.323943198330717
"Item4",0.690006951596552,-0.0255731445149942
"Item5",0.748097270364775,0.217032335428801
"Item6",0.842575867887283,-0.481244794656226
"Item7",0.738986419064998,0.298668565570971
"Item8",0.837658586225693,0.0332084436233705
"Item9",0.612469295570603,0.95800452489445
"Item10",2.82347602041485,0.34582659765482
