"Items","Est.Discrimination.2PL","Est.Difficulty.2PL"
"Item1",2.26903231311351,1.12995157203268
"Item2",2.25784267203364,-0.447855100567782
"Item3",0.526878030980006,-1.07516483313678
"Item4",0.696036227948687,-0.327323357657053
"Item5",0.713406837462651,-0.556242624405504
"Item6",0.656227600114197,-0.0814587229101277
"Item7",0.626646507703737,-0.098479867517267
"Item8",0.714009840833113,1.81827771880427
"Item9",2.06014889527953,-0.439454772196782
"Item10",2.27952886086884,0.990025578820436
