"Items","Est.Discrimination.2PL","Est.Difficulty.2PL"
"Item1",3.25206186696024,0.628809845827589
"Item2",3.86199788423665,0.717245540097523
"Item3",3.87650047970505,-1.08766545862944
"Item4",0.84058858021892,0.232066275347901
"Item5",0.854063355967249,0.0551314974498068
"Item6",0.769048816537227,-0.383944690100007
"Item7",0.64633040026156,0.0751903449420257
"Item8",0.696529005099337,0.192101008737376
"Item9",0.582934015167626,-0.415832586951039
"Item10",0.658830021288794,-0.340916367322271
