"Items","Est.Discrimination.2PL","Est.Difficulty.2PL"
"Item1",0.791531718456117,-0.33042003558618
"Item2",0.763094328148431,-1.41881167003908
"Item3",0.964174173733507,0.112225312294996
"Item4",0.822584451069974,1.08455577269281
"Item5",0.741029783045643,0.345512653322721
"Item6",2.02580125137959,0.438679948537202
"Item7",0.775693717476065,-0.647482507006416
"Item8",0.687986436424768,0.114782148654799
"Item9",1.94924662743067,-0.237490879200667
"Item10",1.85605352830538,0.630234631391098
