"Items","Est.Discrimination.2PL","Est.Difficulty.2PL"
"Item1",3.40599180910093,0.0775225973516316
"Item2",1.50906605955837,-1.32455269140813
"Item3",3.14952763868146,0.0876914479137529
"Item4",1.55163485821361,-0.560396814552433
"Item5",1.62058685199069,0.412279997647977
"Item6",1.53809933452275,-0.11289242746662
"Item7",1.54846403942282,-0.0268801545953607
"Item8",2.82527433247007,-0.195766014811444
"Item9",1.48468117747783,0.560028401975726
"Item10",1.55517663416326,-0.307354189637558
