"Items","Est.Discrimination.2PL","Est.Difficulty.2PL"
"Item1",2.77644518277736,-0.05108302879412
"Item2",2.76700000690315,-0.566437932773171
"Item3",0.548440880712659,0.661478419890773
"Item4",2.72787643182342,0.244230951009424
"Item5",0.63003080782509,-0.277974867567143
"Item6",0.685995244580223,-0.31095386870194
"Item7",0.807273622056858,-0.376306946917959
"Item8",0.767162805072231,1.07315519211974
"Item9",0.826721797267301,0.708638943928054
"Item10",0.848909382776608,0.256502412739426
