"Items","Est.Discrimination.2PL","Est.Difficulty.2PL"
"Item1",0.709017232567751,0.787832851767034
"Item2",0.656039813011156,0.363364007173402
"Item3",0.801499516953303,-0.558191135607815
"Item4",0.769442324859186,0.0771779564079318
"Item5",2.24931069478842,-0.180485913543168
"Item6",0.723444713594694,-0.246937832418898
"Item7",0.768508363945395,0.373331461374621
"Item8",0.599727278808729,-0.122356007742427
"Item9",1.96437463642139,-0.284926590140477
"Item10",0.712517853359099,-0.11825617261443
