"Items","Est.Discrimination.2PL","Est.Difficulty.2PL"
"Item1",0.291800880826895,-0.67387491708937
"Item2",0.355643668398785,-0.00020383972182939
"Item3",0.239167046761322,0.135482982143713
"Item4",3.3790231822338,0.42429570585999
"Item5",0.312572285082188,-0.578122396513813
"Item6",1.59476585910832,-0.100910567907161
"Item7",0.344623430937346,0.119243708721839
"Item8",0.226094213016649,-0.448391052365997
"Item9",0.499212757536068,0.0844738079858748
"Item10",0.307854408963791,0.212626882223064
