"Items","Est.Discrimination.2PL","Est.Difficulty.2PL"
"Item1",2.99804244974133,0.228333772161521
"Item2",1.48611981656439,0.0414648951775953
"Item3",1.5653994408868,0.285836331697127
"Item4",2.88315086274944,0.41874315418538
"Item5",2.90867368206579,-0.618756140155727
"Item6",1.46439835437096,0.632610926645951
"Item7",2.62614520859943,-0.406330511405211
"Item8",2.62369832953365,-0.740755669721337
"Item9",1.68941704359686,-0.437522215959905
"Item10",1.62722019938874,-0.53061799680454
