"Items","Est.Discrimination.2PL","Est.Difficulty.2PL"
"Item1",3.4574911305767,0.0592785508629489
"Item2",0.906096613041272,-0.48370903819227
"Item3",0.707236772135461,0.0497284779661067
"Item4",0.874058499058675,0.369333476940364
"Item5",0.700498947384503,0.16443669220475
"Item6",0.777039310292158,-0.258251564605176
"Item7",0.773775392425311,-0.371568336427788
"Item8",2.85139459192218,0.679500467708844
"Item9",1.05302308827011,0.242428054753431
"Item10",0.772577113053394,-0.348242731173813
