"Items","Est.Discrimination.2PL","Est.Difficulty.2PL"
"Item1",1.83372460216496,-0.505680396752582
"Item2",1.81119339289752,0.311318078589182
"Item3",1.6784249321052,0.415111039037688
"Item4",2.71541582349663,-0.330932000520304
"Item5",1.85131051991654,-0.0458528120245787
"Item6",1.81735533457455,-0.278218580685151
"Item7",1.78527667082376,-0.266264601497266
"Item8",2.75615258157181,-0.470450415755299
"Item9",3.5180528476729,0.34535377385337
"Item10",1.68258946725244,-0.230116670275282
