"Items","Est.Discrimination.2PL","Est.Difficulty.2PL"
"Item1",1.49053556088012,-0.343090401410899
"Item2",1.28992793169126,1.15415660510986
"Item3",1.32254170463431,-0.291716414306034
"Item4",2.93411266431181,-0.0413353483822222
"Item5",1.26598094114253,-0.583804319136613
"Item6",2.95335261477495,-0.399887882817514
"Item7",1.26609803411085,-0.56167139496619
"Item8",1.49416043335866,-0.135889159982464
"Item9",1.58415923194204,0.700225996591244
"Item10",3.83164048056405,0.200582309743786
