"Items","Est.Discrimination.2PL","Est.Difficulty.2PL"
"Item1",2.41128624260946,0.160557809851035
"Item2",0.525351213620713,-1.46929130427365
"Item3",0.503879179129144,-0.160281329331316
"Item4",1.88893684542917,0.621244053057835
"Item5",0.605996153516817,0.114121360307599
"Item6",0.631875854283692,0.656413225137098
"Item7",0.464882686148662,0.982285800849457
"Item8",2.65702285455994,-0.867659906886459
"Item9",0.510775346273899,-1.22139471923812
"Item10",0.525076024714366,0.645600837219831
