"Items","Est.Discrimination.2PL","Est.Difficulty.2PL"
"Item1",0.858113339577834,-0.363299444653245
"Item2",1.74186848901381,-0.436906966565173
"Item3",0.87368331095816,0.299943744505164
"Item4",2.09016189260331,-0.295985432797439
"Item5",0.995053277497553,-0.799819963972325
"Item6",2.00977453439639,0.193565452733146
"Item7",0.805766004460537,-0.209602445278711
"Item8",2.05240287768482,-0.602355668626138
"Item9",0.954514033026459,-0.80215185168339
"Item10",2.69051185590213,-1.09666485340677
