"Items","Est.Discrimination.2PL","Est.Difficulty.2PL"
"Item1",0.367264288227099,-0.689598148665285
"Item2",0.430531534242341,0.174543321224598
"Item3",2.47210720828451,0.0559820321755767
"Item4",0.428323498963448,-0.205046691172596
"Item5",0.597049711924478,-0.11642368158711
"Item6",0.530760565241157,-0.722667576191586
"Item7",1.76405776775623,0.357734012102929
"Item8",0.502837588233765,0.405570145127055
"Item9",0.386994432631102,0.841912614396261
"Item10",0.440063245743687,-0.238142301574856
