"Items","Est.Discrimination.2PL","Est.Difficulty.2PL"
"Item1",2.01216451319826,-0.216441357038853
"Item2",2.12255744718113,-0.00457909808116895
"Item3",3.02367234780148,0.202615284814085
"Item4",3.07222932702434,-0.814071205397592
"Item5",1.87318223349384,-0.168414212403736
"Item6",1.71570256308932,-0.0834259743003367
"Item7",2.07266148180895,-0.177573536796918
"Item8",3.14841320696579,0.349955138026445
"Item9",3.04097737344047,-0.570026998501885
"Item10",3.2236475164007,0.205540373210353
