"Items","Est.Discrimination.2PL","Est.Difficulty.2PL"
"Item1",0.106814032558277,-1.39337652478965
"Item2",0.282409638437348,0.69540183287418
"Item3",0.297606129914742,0.855831049992699
"Item4",0.102356920670146,-1.96539831361321
"Item5",0.0630315494040616,3.12294791939006
"Item6",0.190138592006873,1.08641134964932
"Item7",0.190175860116236,1.00050610396109
"Item8",2.45931932996612,-0.569793787197734
"Item9",0.268651281348667,0.288196640762033
"Item10",7.32350215698699,-0.245122351950868
