"Items","Est.Discrimination.2PL","Est.Difficulty.2PL"
"Item1",2.60434500227142,-0.933790438691412
"Item2",1.37144384045294,0.0816861360513551
"Item3",1.34939082170107,-0.992745549105961
"Item4",1.47743025473577,0.108673520046065
"Item5",1.81941286336339,-0.256975606800597
"Item6",1.49976639050786,-0.0543222363023728
"Item7",3.04008871417817,0.528914678691132
"Item8",1.35038826657664,0.0384924799585247
"Item9",1.61961072182119,-0.715582173277297
"Item10",3.40617498528849,-0.271050110409613
