"Items","Est.Discrimination.2PL","Est.Difficulty.2PL"
"Item1",1.63367795263522,-0.0546101287011426
"Item2",3.2210194617616,0.451024901888638
"Item3",2.73591918472997,-0.182271104820891
"Item4",1.62847993545792,-0.236759350431625
"Item5",2.98758692728374,0.160321522433972
"Item6",3.15747473410105,-0.269466563158337
"Item7",1.44603221200795,-0.57641905452384
"Item8",3.15382239805268,-0.575487769347124
"Item9",1.56799071057152,0.0291024707536406
"Item10",1.60191873823114,0.387482188734737
