"Items","Est.Discrimination.2PL","Est.Difficulty.2PL"
"Item1",1.38537830112177,-0.331848370737946
"Item2",1.40976280406416,0.237452819612044
"Item3",2.83117019249279,-0.820480432627978
"Item4",1.22650386571959,0.247481885598395
"Item5",2.99621359852986,-0.282484595836653
"Item6",1.01528058331934,0.20088092063716
"Item7",2.98198386496604,0.57159559763218
"Item8",3.05084481971648,-0.162030663290498
"Item9",1.42719097536641,-0.38616796227351
"Item10",1.19360645604543,-0.650069860841166
