"Items","Est.Discrimination.2PL","Est.Difficulty.2PL"
"Item1",3.12264186492595,-0.551239354981477
"Item2",3.28087991625603,0.0227146992793444
"Item3",1.82247771655954,-0.114542796470954
"Item4",2.92203397066781,0.634917661700297
"Item5",1.92970965900568,0.152889098037489
"Item6",1.86169620489493,0.527899806654469
"Item7",1.84109531449466,0.301227705870715
"Item8",2.23131438835756,0.167088685833089
"Item9",2.93801428763597,-0.189601921409566
"Item10",2.1225795527592,0.397853225592391
