"Items","Est.Discrimination.2PL","Est.Difficulty.2PL"
"Item1",1.53651084992146,0.401143819893885
"Item2",4.1534573163074,-0.536966570158823
"Item3",1.66956712242946,-0.33398961898472
"Item4",1.67065838616687,-0.184652789622393
"Item5",1.73440283169657,0.459074742338198
"Item6",1.64939600136954,0.900233296472086
"Item7",1.59896796040619,0.996542680445502
"Item8",1.49688972272277,0.375343237734209
"Item9",1.66355751430853,0.195516327701413
"Item10",2.08582737988568,0.320125112472318
