"Items","Est.Discrimination.2PL","Est.Difficulty.2PL"
"Item1",0.565695277086562,-0.643930471876539
"Item2",0.53488598295272,-0.392161450934512
"Item3",0.69500936235769,0.813983146996964
"Item4",0.49869246020613,0.529125177684023
"Item5",0.721012447613489,0.385988992115134
"Item6",2.30956314564057,1.64352293859295
"Item7",0.638579651982294,0.636896581637838
"Item8",0.471727531375407,0.40279462848249
"Item9",0.779643377862648,-0.785425413865807
"Item10",0.656922369408671,-0.498348006847668
