"Items","Est.Discrimination.2PL","Est.Difficulty.2PL"
"Item1",0.686352939897529,-0.572042986732432
"Item2",0.749815279648037,-0.650401869528105
"Item3",0.863192523471247,0.0497119148849506
"Item4",2.32328512609468,-0.906628237060277
"Item5",0.718158550952444,0.212487769274928
"Item6",0.639401747046235,-0.0949496649078054
"Item7",2.05886533342805,-0.344034486439494
"Item8",1.92924043189419,-0.483803911436797
"Item9",0.754848827918215,0.580560226380707
"Item10",0.693572432876142,-1.5561111598557
