"Items","Est.Discrimination.2PL","Est.Difficulty.2PL"
"Item1",0.412954143717022,-0.384079730737087
"Item2",2.30643127659822,-0.308768671490927
"Item3",2.04085172280681,0.726873073317732
"Item4",0.292888658624316,-0.474930412586632
"Item5",0.385328143654577,0.539225875444785
"Item6",0.326933396479954,-0.731447084946402
"Item7",0.452796351686411,0.194457088746565
"Item8",0.360521902542791,-0.252092139365227
"Item9",0.29337613251085,-0.264843869959095
"Item10",1.80442697991469,-0.704195128645543
