"Items","Est.Discrimination.2PL","Est.Difficulty.2PL"
"Item1",1.46281462463953,-0.301164809163289
"Item2",1.26312799027014,0.0396856884308417
"Item3",1.33713643500556,-0.649667517559398
"Item4",1.20055878188486,0.294688215432096
"Item5",1.34067185436392,-0.688636434523506
"Item6",1.32706304141007,0.605841380364694
"Item7",1.33730282533871,0.509339155158128
"Item8",2.73233552715471,0.488549136598734
"Item9",1.28423613508535,0.225364447645158
"Item10",3.05080131207562,-0.14490704368402
