"Items","Est.Discrimination.2PL","Est.Difficulty.2PL"
"Item1",0.928489683949742,-1.02189406699106
"Item2",0.950649794086323,0.517015381663672
"Item3",1.0757909076433,0.322722412670623
"Item4",3.09776669839214,-0.419536289167061
"Item5",0.993194592674853,1.1325106990302
"Item6",0.958301381657933,0.534800926031808
"Item7",3.0344133970383,-0.757161429105762
"Item8",2.91346897483328,-0.0776933306586948
"Item9",1.13715718384533,-1.2688762079387
"Item10",1.08181918898474,0.36833192414561
