"Items","Est.Discrimination.2PL","Est.Difficulty.2PL"
"Item1",2.05418735563935,0.168098366979712
"Item2",3.22694620582545,-0.445877017775068
"Item3",3.05833009600614,0.354397112094425
"Item4",2.07733434688942,-0.209828017717216
"Item5",1.73274442212795,-0.819115288192332
"Item6",1.99411864427376,0.461488984273311
"Item7",1.87064568471024,-0.242696557524667
"Item8",1.81634825989924,-1.09183384816522
"Item9",2.97302703196893,-0.623041726044833
"Item10",2.93187446919069,-0.0561592213804471
