"Items","Est.Discrimination.2PL","Est.Difficulty.2PL"
"Item1",0.328866030686619,0.0871500140858586
"Item2",0.269811813307938,0.5742764767245
"Item3",0.343401579445753,0.287500921417889
"Item4",1.75077585456877,1.00567305430968
"Item5",0.433738070382683,-0.231870307188838
"Item6",2.03860650696948,-0.745009274153164
"Item7",1.71614677702408,-0.913775569790375
"Item8",0.295047464902566,0.0413178614041049
"Item9",0.42261954862107,0.554599984552705
"Item10",0.318569354351336,-0.231863139553269
