"Items","Est.Discrimination.2PL","Est.Difficulty.2PL"
"Item1",1.29634684303065,-0.113367290959491
"Item2",2.61347513743864,-0.227285651240304
"Item3",3.0947810809948,-0.900722717717684
"Item4",1.35364499400254,0.0253955856209042
"Item5",2.92459744377147,0.719527126218157
"Item6",2.63360977347519,-0.456349600275544
"Item7",1.26052093209767,-0.140425734494639
"Item8",2.80711784017348,-0.0233613196571107
"Item9",1.1942476202722,-0.385457874777115
"Item10",1.41597083745041,-0.936625614560613
