"Items","Est.Discrimination.2PL","Est.Difficulty.2PL"
"Item1",0.647247118244171,0.0264219881771827
"Item2",1.85228667101228,0.085724566856674
"Item3",0.608707787460914,0.662720764299163
"Item4",0.599962661920989,0.559678809858892
"Item5",0.595144442071904,-0.438823570037696
"Item6",0.459353509049131,0.449144137627774
"Item7",0.540529221867767,0.412057575837406
"Item8",0.473412857176085,0.490955490352072
"Item9",1.84598642855559,1.06296806815403
"Item10",0.720005962107912,-0.305563904289909
