"Items","Est.Discrimination.2PL","Est.Difficulty.2PL"
"Item1",1.82819490453158,-1.44544317811423
"Item2",1.886628317893,-0.279775185009976
"Item3",1.73518118151702,-0.497332910305383
"Item4",1.74695216112617,0.198192402016452
"Item5",3.57389450308608,-0.485559991251988
"Item6",2.22551103997783,0.202976986666956
"Item7",1.77348862304528,-0.136711103582568
"Item8",2.08283901815208,0.763466124081688
"Item9",1.91825030537079,0.733995607334476
"Item10",2.61618385338663,-0.00134725322691423
