"Items","Est.Discrimination.2PL","Est.Difficulty.2PL"
"Item1",0.31244785177936,-0.235978852793807
"Item2",0.284994899570944,-1.46554255556478
"Item3",0.345540836086274,0.50151033854645
"Item4",0.264512228197606,-0.092243850099722
"Item5",0.324355315457559,-0.468777674407426
"Item6",4.0500867803928,-0.404357636210767
"Item7",0.426275915874949,-0.639928708050655
"Item8",0.139202598093562,0.866994650866584
"Item9",1.66505945556816,-0.0961943748602889
"Item10",0.32541711203753,-1.21221916518066
