"Items","Est.Discrimination.2PL","Est.Difficulty.2PL"
"Item1",3.01174136655482,0.278781431329885
"Item2",2.70259018014127,1.24581731633617
"Item3",1.32402038596944,-0.829777931887754
"Item4",1.5468467563769,0.312061352050403
"Item5",1.51966400377555,0.78704388978211
"Item6",2.79777969724617,-0.722857430927133
"Item7",1.27413063417536,-0.247949944060922
"Item8",1.37775042805427,-0.260781385667606
"Item9",3.02408547634754,-0.0364261614022614
"Item10",2.83696814350834,0.53514621995697
