"Items","Est.Discrimination.2PL","Est.Difficulty.2PL"
"Item1",0.08995156173469,-1.07145392484054
"Item2",0.2118784636542,-2.95596038976525e-05
"Item3",0.305122122903579,0.0401942047804106
"Item4",0.0995094824928011,0.726457206467694
"Item5",0.0804781757063577,2.59808525231531
"Item6",-0.0389208263738577,-7.24440488895356
"Item7",0.0932698493051937,2.19955868015067
"Item8",0.10680823746954,1.35445965308712
"Item9",2.15128020443072,0.347812643536316
"Item10",0.206168781169553,-1.22180388334967
