"Items","Est.Discrimination.2PL","Est.Difficulty.2PL"
"Item1",0.866000959845985,0.0600706252842653
"Item2",0.969552500285567,-0.21695277105061
"Item3",2.81631357197809,0.415321706830271
"Item4",3.78734148000983,-0.0355312523541626
"Item5",0.835233141015859,0.116897133898699
"Item6",0.839513587197524,0.31555278153425
"Item7",2.61548584279865,1.01246376846758
"Item8",3.24347547167366,0.236851025878053
"Item9",0.92063175549248,0.170702217345477
"Item10",0.873470339321202,-0.207537342745281
