"Items","Est.Discrimination.2PL","Est.Difficulty.2PL"
"Item1",0.510049429089248,0.409198498345216
"Item2",0.355531899771278,-0.313334863906163
"Item3",2.99341626369336,-0.253607564419272
"Item4",0.376119225943152,-0.297193426063556
"Item5",0.374092151189254,0.154855162335513
"Item6",0.412935786526602,-0.803037874858659
"Item7",0.45505047297375,-0.0460478790718598
"Item8",3.02445504814502,-0.67251849243507
"Item9",0.396071498107476,-0.125737298085068
"Item10",0.4564236580071,-0.51715011139127
