"Items","Est.Discrimination.2PL","Est.Difficulty.2PL"
"Item1",3.27367834110456,0.146472073508741
"Item2",2.73917645068568,-0.539383412552557
"Item3",1.02885084753452,0.165180420896789
"Item4",0.952345758635575,0.270530431571398
"Item5",1.00677580241894,0.402219795380341
"Item6",0.991113598522306,-0.621705984718782
"Item7",2.97324609753214,0.345524244339771
"Item8",1.03691872775975,-0.162063021003416
"Item9",1.09432973118818,0.686300536695093
"Item10",1.19198351104035,0.915357987604348
