"Items","Est.Discrimination.2PL","Est.Difficulty.2PL"
"Item1",1.64275108772691,-0.322047350597307
"Item2",1.65840194156413,0.26461582987798
"Item3",1.60695806193322,0.624453206169239
"Item4",2.92867550536541,1.28781796388194
"Item5",1.3309169102289,-0.325183815009078
"Item6",2.44007240046425,-0.556689729199612
"Item7",1.66429717470012,-0.863650847140796
"Item8",1.50461102656641,-0.604556402325107
"Item9",1.62545602860551,0.360749966522713
"Item10",1.96653741626724,0.377879828554717
