"Items","Est.Discrimination.2PL","Est.Difficulty.2PL"
"Item1",0.549032912161802,-0.304238701081083
"Item2",2.51381414352787,-0.809399721782402
"Item3",0.646416297328986,-0.359887679446745
"Item4",0.486432193995017,-0.155980059835638
"Item5",2.22432864146328,-0.860810192872868
"Item6",0.544858910302977,0.457698492830446
"Item7",0.537377976678458,-0.246182741964729
"Item8",0.68156658332945,-0.881679349835451
"Item9",0.336363477441684,1.61202199257276
"Item10",0.606824193893076,-0.372555963586185
