"Items","Est.Discrimination.2PL","Est.Difficulty.2PL"
"Item1",2.9512159557144,-0.263502276827599
"Item2",1.51097173402785,0.377911611899683
"Item3",1.46011881321067,-0.527527955108858
"Item4",1.5263552780518,-0.0136363509806196
"Item5",1.31126381152341,-0.24424695801986
"Item6",1.38406909283798,0.262810637984637
"Item7",3.42549269457771,-0.642458126016893
"Item8",3.19822561836603,0.262212988571908
"Item9",1.31784453184011,0.59074527395016
"Item10",3.27059068382277,0.427839864646955
