"Items","Est.Discrimination.2PL","Est.Difficulty.2PL"
"Item1",0.699451546777502,0.36973642624529
"Item2",0.594283091576611,-0.24076019997706
"Item3",0.500811457584601,0.743216636733325
"Item4",0.738531776763471,0.0302071649753467
"Item5",0.440639804909513,-0.495780947426601
"Item6",0.579304287161891,-0.441223583257009
"Item7",0.375655310959049,-0.220420396067775
"Item8",0.515588392978585,0.421713656788432
"Item9",0.45516873031655,-0.203100961164073
"Item10",0.4925174751645,0.569867558423259
