"Items","Est.Discrimination.2PL","Est.Difficulty.2PL"
"Item1",3.050420145629,0.0535030636279903
"Item2",3.16270777649213,-1.14464460257659
"Item3",0.536702087879086,-0.119556090844713
"Item4",3.05171440738659,-1.05364232552925
"Item5",0.485716927617439,-0.156729834176231
"Item6",0.389416134040049,-1.12330843480667
"Item7",2.48337421160341,-0.065582115398555
"Item8",0.387970898655625,0.0960776115176284
"Item9",0.378780180840682,-0.581254834328057
"Item10",0.50825399430649,0.275832379854853
