"Items","Est.Discrimination.2PL","Est.Difficulty.2PL"
"Item1",0.855847026251768,-1.06637021907984
"Item2",0.901991964476618,0.391046000769253
"Item3",2.4728568986226,1.45968500912132
"Item4",0.917221033785288,-0.907930994466714
"Item5",0.945629382639855,0.676254725844892
"Item6",2.36612224431721,0.777110995163186
"Item7",0.701203713727098,-0.609979348921487
"Item8",1.85637516994368,0.280804803582155
"Item9",0.850705066125871,0.292854307043661
"Item10",1.88644007037319,0.101820595246567
