"Items","Est.Discrimination.2PL","Est.Difficulty.2PL"
"Item1",1.17651586316696,-0.201651817929956
"Item2",1.19769598731208,-0.547875604669959
"Item3",1.2631919941574,0.324765710784217
"Item4",2.73413296834786,-0.0931732788015364
"Item5",1.27369728008527,0.335808024181835
"Item6",2.72372003264186,-0.0991967136626516
"Item7",1.24258185967015,0.103348973423561
"Item8",1.14559112962386,0.13560728149367
"Item9",1.13144440140371,0.321117990692836
"Item10",1.15371229673883,0.117331586851814
