"Items","Est.Discrimination.2PL","Est.Difficulty.2PL"
"Item1",1.70222649182046,0.137576113707259
"Item2",1.62116123509806,-0.318543888369075
"Item3",1.77585793636304,-0.195032333800285
"Item4",1.92802227861119,-0.566668820267966
"Item5",1.92858185556136,-0.0800122611387672
"Item6",1.77518669225812,-0.394495840579657
"Item7",1.77539654969918,0.396490561388849
"Item8",1.55578503233556,-0.186250296675598
"Item9",2.17078625697525,0.329324875415722
"Item10",1.73396527235364,0.708717590721388
