"Items","Est.Discrimination.2PL","Est.Difficulty.2PL"
"Item1",3.35208385466605,0.55838233681608
"Item2",1.29732355212708,0.09217016669939
"Item3",3.09175594764482,0.109345246675991
"Item4",1.13993228207106,0.170388145491508
"Item5",1.37044836334931,0.57334562129331
"Item6",1.34234760891445,0.42815338039371
"Item7",1.40307530169775,-0.165960613712706
"Item8",3.21677873845364,0.0658619575428224
"Item9",1.17280692879273,0.855281360705468
"Item10",3.61299488354851,0.584720780363884
