"Items","Est.Discrimination.2PL","Est.Difficulty.2PL"
"Item1",0.574717145871178,-0.908118898164278
"Item2",1.66494391090231,-0.0998412765301146
"Item3",2.02148940295174,-0.299058801296967
"Item4",0.767881706036062,0.313081970815926
"Item5",2.14699547218422,0.892828507104572
"Item6",2.27415217207745,-0.918219481524756
"Item7",0.665523150157375,1.0939941435034
"Item8",2.05038492574508,0.148556944480986
"Item9",0.863719685262384,-0.23709222724807
"Item10",1.79732233738,0.226768858276887
