"Items","Est.Discrimination.2PL","Est.Difficulty.2PL"
"Item1",0.506235542475418,-0.762168529848503
"Item2",0.392361834460702,1.09328033134555
"Item3",0.375281470838721,1.19725517902951
"Item4",0.29980559947778,1.74056118941268
"Item5",0.516866655753924,0.123337322659206
"Item6",0.350987578385856,2.00990559726759
"Item7",0.601442633839797,0.158541655404963
"Item8",0.516538445068508,-0.0906469578268519
"Item9",0.393749238893674,-0.105516031838172
"Item10",3.23314888708285,-0.0893169501460702
