"Items","Est.Discrimination.2PL","Est.Difficulty.2PL"
"Item1",0.914590246585334,-0.727723214600025
"Item2",0.850764594318791,-0.228478862021606
"Item3",1.02549212579471,0.753600399794413
"Item4",0.944065807610482,-0.881730506736865
"Item5",0.871809439409671,-0.484922415496851
"Item6",0.667191475600872,0.0465712953061521
"Item7",1.76448538525716,-0.928340313073779
"Item8",0.79064698738917,1.45775813635598
"Item9",1.73263181559633,0.063665429744432
"Item10",0.738042092686431,0.42847764908982
