"Items","Est.Discrimination.2PL","Est.Difficulty.2PL"
"Item1",3.07465491631801,-1.38678415894062
"Item2",0.412714878214154,-0.373536463867826
"Item3",0.260187916889966,-0.547601139320168
"Item4",1.61006689470069,0.129821164902678
"Item5",1.72561552616275,-0.780070467509652
"Item6",0.268721847205943,0.106294790008024
"Item7",0.462905721522925,-1.04306097040724
"Item8",0.413017899280551,0.30319396656626
"Item9",0.282258961493591,-0.578965185809482
"Item10",0.373380669498196,0.266308965024819
