"Items","Est.Discrimination.2PL","Est.Difficulty.2PL"
"Item1",0.47851963277665,-0.150420859813061
"Item2",2.56168912955972,-1.88274099818034
"Item3",1.79349426551328,0.143644277999034
"Item4",2.324988256465,0.673784441000992
"Item5",0.489318728444979,0.555158359340324
"Item6",2.17328265926519,0.63927499014179
"Item7",2.1800352453549,-0.198374566960378
"Item8",0.473768473859106,-0.330153751370991
"Item9",0.378973536930167,0.514426363465841
"Item10",1.89425856974593,0.0155811347084442
