"Items","Est.Discrimination.2PL","Est.Difficulty.2PL"
"Item1",0.0977148402512904,-1.15013644059392
"Item2",2.91084700440071,-0.316114119304724
"Item3",2.47704830335547,-1.12330479792468
"Item4",0.162660574176955,-0.47055366398327
"Item5",2.97380358410775,-0.369328991304544
"Item6",2.92681491501348,0.356273540720082
"Item7",0.164589280430596,-0.489616790828038
"Item8",3.01003654359318,-0.141320327405157
"Item9",2.80821773611468,-0.318981266590118
"Item10",0.207335163998905,1.23473487560555
