"Items","Est.Discrimination.2PL","Est.Difficulty.2PL"
"Item1",0.458093484368748,0.036798049182614
"Item2",0.957069696837032,1.13952755347586
"Item3",0.462582329325327,0.172877614403188
"Item4",0.417184669218567,-0.199781746749068
"Item5",0.42361667848465,-0.784360581334338
"Item6",0.596670529728164,0.276436856942768
"Item7",0.568359808346746,0.0758568501470872
"Item8",0.319214196636774,0.514774477976717
"Item9",0.35445404723934,-0.302521543121795
"Item10",0.343484047997862,-0.143691278027084
