"Items","Est.Discrimination.2PL","Est.Difficulty.2PL"
"Item1",0.63815109835803,-0.330151690279545
"Item2",0.437805601368522,0.229370548435698
"Item3",0.505165045892422,1.06201345053712
"Item4",0.520435434784229,0.0734372628144353
"Item5",0.408108517328238,0.728513186315279
"Item6",0.518504683242738,0.147563924029979
"Item7",0.646124989697825,-0.115559528015301
"Item8",0.523690330559334,0.0404993222616643
"Item9",3.09565337395396,0.167860087815906
"Item10",3.25725209967132,0.377467639958093
