"Items","Est.Discrimination.2PL","Est.Difficulty.2PL"
"Item1",2.54158531744769,-0.802483405387991
"Item2",0.838545704239208,0.802061649285028
"Item3",0.67593306053983,-0.352471710366409
"Item4",0.744778361222458,-0.337569614095124
"Item5",1.68927494750794,-0.437684706726591
"Item6",0.819245810615077,0.0130309214466707
"Item7",0.739236231052023,-0.168514814141824
"Item8",0.734750032904763,0.258212549954384
"Item9",0.797300441539255,0.27105974859632
"Item10",0.828358608724472,-0.175909473049061
