"Items","Est.Discrimination.2PL","Est.Difficulty.2PL"
"Item1",0.279766442034892,0.0146358434096545
"Item2",1.7938657741182,0.149331237920654
"Item3",1.79328556013567,0.250367114027441
"Item4",0.279428080573981,-0.423500923924641
"Item5",0.404087090097812,-0.443328378243769
"Item6",0.43522211920583,-0.0479271306728525
"Item7",0.28782484012354,0.255408245400116
"Item8",0.127064994258012,0.854247835304616
"Item9",1.84421714253232,-0.193699787323867
"Item10",1.7951586920417,0.0870675253149334
