"Items","Est.Discrimination.2PL","Est.Difficulty.2PL"
"Item1",0.700371346127656,0.882323392334146
"Item2",0.868879944278914,-0.145321043692991
"Item3",1.72400737013387,0.365842086108707
"Item4",0.681690328124181,-1.1013197631673
"Item5",2.14923435292463,0.923652028219603
"Item6",0.877729731370669,0.142679691325481
"Item7",0.653664603057705,-0.155001153102455
"Item8",0.809946376597597,0.219876033454206
"Item9",0.638862547978546,-0.164839259796844
"Item10",1.00404913417695,-0.0731751171606708
