"Items","Est.Discrimination.2PL","Est.Difficulty.2PL"
"Item1",0.525184998456058,-0.105980132297702
"Item2",3.4591232162391,0.00689490816395776
"Item3",0.484109289971426,0.454687795865399
"Item4",0.544270483795429,0.259151934435196
"Item5",2.84856446463806,-0.525706595727769
"Item6",0.537053749873123,-1.28144704909873
"Item7",2.87171411650515,-0.313375752826506
"Item8",0.54511040120738,0.57631423206035
"Item9",0.55491180982882,-0.51339951547789
"Item10",2.66386765275974,0.385460307033432
