"Items","Est.Discrimination.2PL","Est.Difficulty.2PL"
"Item1",0.90955813060896,-0.649452887779377
"Item2",0.870725872400461,0.380428653050909
"Item3",0.775277454317028,0.743986852712324
"Item4",2.05805984122228,0.865788283259376
"Item5",0.813665542090969,0.212993776885904
"Item6",0.755045144192487,0.44356450027792
"Item7",1.94272675713732,-0.216305034436163
"Item8",1.88809554777599,0.814334697942618
"Item9",0.87166451515241,0.137581558616842
"Item10",0.815616434018894,0.544255219497405
