"Items","Est.Discrimination.2PL","Est.Difficulty.2PL"
"Item1",0.992422699245914,1.38941033040781
"Item2",0.750562666644366,0.551792542042661
"Item3",1.80832816787565,-0.17079561884556
"Item4",0.682657871077093,0.000891960228290917
"Item5",1.93667066502169,-0.894681753892278
"Item6",0.784050929102414,0.0763634649946741
"Item7",2.08703365896486,-1.14991946010163
"Item8",1.87039742063221,-0.2153652582886
"Item9",0.865967104541891,-0.408871086582118
"Item10",2.01324241938648,0.720142184165661
