"Items","Est.Discrimination.2PL","Est.Difficulty.2PL"
"Item1",0.67417724844605,-0.473449861408739
"Item2",0.480251089310592,-0.898612928883811
"Item3",0.769707961829489,0.420775183474041
"Item4",1.662733221846,-0.432227430177202
"Item5",2.04457325081902,-0.671260393490334
"Item6",0.611076858110196,-0.434966725095356
"Item7",0.673445532311679,-1.1629987328684
"Item8",1.96055001266237,-0.538388956561089
"Item9",1.72333960549591,0.574992520722695
"Item10",0.827624189318997,-1.23534033541545
