"Items","Est.Discrimination.2PL","Est.Difficulty.2PL"
"Item1",1.68698683560392,0.0698974191421547
"Item2",0.623372790377021,-2.8484422879269
"Item3",2.29761191931606,0.519043449132609
"Item4",0.755904538426266,-0.0908315239989829
"Item5",0.810235062026788,0.652534453671436
"Item6",0.757380331217298,-0.372086556110373
"Item7",0.808416496739231,0.202304781857809
"Item8",0.857893360745663,-0.0935686521425275
"Item9",2.17829656266025,0.389997516624756
"Item10",0.778925691922087,0.0509213423917828
