"Items","Est.Discrimination.2PL","Est.Difficulty.2PL"
"Item1",0.0817825591655689,2.55675372492164
"Item2",0.202209084998163,-0.399835929263338
"Item3",3.19289666252825,-0.234426725275487
"Item4",0.0586618619803073,-1.09180976856544
"Item5",0.338743804693893,-0.328101453561923
"Item6",0.160127767403092,-0.477893398017142
"Item7",2.75332294320251,-0.350217894909496
"Item8",0.183701327721124,0.0218832115994645
"Item9",0.288675967777305,0.183758885483924
"Item10",2.17570272509275,0.970565438766786
