"Items","Est.Discrimination.2PL","Est.Difficulty.2PL"
"Item1",1.35539761511177,-0.644712890952375
"Item2",1.68452356455465,0.715508575917476
"Item3",1.43088935143128,0.0202750145911131
"Item4",1.35072366767928,-0.457794668447258
"Item5",1.57346736903677,0.21520246885159
"Item6",1.6597397543867,0.946218844467429
"Item7",1.42751428183466,0.395337966241045
"Item8",1.33478890480023,-0.303115886985146
"Item9",1.75212871367743,0.100215048489431
"Item10",1.63946946858998,0.0380675942697523
