"Items","Est.Discrimination.2PL","Est.Difficulty.2PL"
"Item1",0.506131159227671,-0.318437858003003
"Item2",0.506884624721912,0.369690129670353
"Item3",2.01256694388963,0.635511495818328
"Item4",0.539012026118721,0.0164881138082847
"Item5",0.723023044649913,-0.695652833883036
"Item6",0.493237471641192,-0.403645458439482
"Item7",2.5740169424685,-1.0957918350997
"Item8",0.473300185216674,-0.463830001235309
"Item9",2.16009172261555,-0.792747424720428
"Item10",1.85249533768885,-0.638026027968443
