"Items","Est.Discrimination.2PL","Est.Difficulty.2PL"
"Item1",1.92800557147869,-0.37299770912845
"Item2",0.736528219407389,0.0669616320213207
"Item3",1.76528347856638,-0.334543515772118
"Item4",2.02560210959564,-0.34821093717611
"Item5",2.07853929972314,-0.446226310778204
"Item6",0.601571720849765,0.252432441935243
"Item7",2.3027234552181,-1.39723156373744
"Item8",0.695139984248319,1.10473304325301
"Item9",0.517310812318165,-0.901183395048397
"Item10",1.06720746056257,0.0648111204089489
