"Items","Est.Discrimination.2PL","Est.Difficulty.2PL"
"Item1",3.02202672403847,1.16642748553972
"Item2",4.55736881268959,0.00243961000195106
"Item3",0.261417536593332,-1.2872942411394
"Item4",0.413606151516614,0.110613897259198
"Item5",0.3002415917858,-0.0681680326675226
"Item6",2.52216006852551,-0.274459635539146
"Item7",0.296732620551995,0.385891391741815
"Item8",0.280880282573844,-0.130670971337269
"Item9",0.269304146258295,-0.454207784313295
"Item10",0.548676728630136,0.0153357058638452
