"Items","Est.Discrimination.2PL","Est.Difficulty.2PL"
"Item1",0.353829042954748,0.396799579368807
"Item2",0.202617875416807,-0.558820031960098
"Item3",3.22804881001109,0.699714189301398
"Item4",0.262753786839081,-0.0308153183642699
"Item5",0.329527202071198,-1.10758234656194
"Item6",3.10794391729971,0.339012136290705
"Item7",0.140879979427031,-1.43124913678593
"Item8",0.23424014435358,-0.502344548183805
"Item9",3.04699481593227,0.331476190617795
"Item10",2.78573070496606,0.038378893216028
