"Items","Est.Discrimination.2PL","Est.Difficulty.2PL"
"Item1",1.75970689645645,0.119687157120832
"Item2",0.787902036275746,-0.149677313490184
"Item3",0.923912820739283,-0.970471082336486
"Item4",0.75735181765561,-0.304188413309539
"Item5",2.76367447675819,-0.875920471839951
"Item6",1.94690409938315,0.511473537600064
"Item7",0.792732273533274,0.492962676431676
"Item8",0.793762599592756,0.115287221260614
"Item9",0.658201475198946,-0.133211960870692
"Item10",0.826005389316501,0.506117318958495
