"Items","Est.Discrimination.2PL","Est.Difficulty.2PL"
"Item1",1.90494985350555,0.200122634660745
"Item2",0.381155370712448,1.07788407915114
"Item3",2.42210263829717,1.20298939727973
"Item4",0.220255387977386,0.165316335329825
"Item5",0.550444372346715,0.124100670924482
"Item6",0.384003999590707,0.682833327485487
"Item7",0.462838164266794,0.391155799002197
"Item8",2.75957404531467,0.773757965247306
"Item9",0.431378692885769,0.830806288811421
"Item10",0.390888688959942,0.660926672600264
