"Items","Est.Discrimination.2PL","Est.Difficulty.2PL"
"Item1",1.89233325907436,0.0666383725885508
"Item2",0.518795732172121,0.53564175020044
"Item3",0.661656193780995,0.756307771878921
"Item4",0.373216006729133,0.848327793704291
"Item5",0.432905238424536,0.552526407997913
"Item6",0.372536385634794,0.144212074011479
"Item7",1.7078823369734,0.222213318375567
"Item8",1.60656317647096,-0.804294048480481
"Item9",0.366313502565507,-0.542709240449379
"Item10",1.7550402284307,0.201756011249404
