"Items","Est.Discrimination.2PL","Est.Difficulty.2PL"
"Item1",3.42080544668154,0.549922183116007
"Item2",1.66102433803957,0.141410088317695
"Item3",1.53735556760119,-1.17579292338458
"Item4",1.99288480139621,0.166428890261046
"Item5",1.90333486654822,0.366584307062854
"Item6",3.6872293540613,0.231166414006705
"Item7",2.92503352795085,-0.39675210367697
"Item8",1.69833529413224,0.0508768138687817
"Item9",2.06975134609122,-0.710743104160664
"Item10",3.06734663969979,-0.410713775598048
