"Items","Est.Discrimination.2PL","Est.Difficulty.2PL"
"Item1",0.56698747376459,0.342836501206027
"Item2",3.96455317349959,-1.4780864277409
"Item3",0.706397808319888,0.704583313943322
"Item4",0.76625374714839,-0.504792264487089
"Item5",0.739331621677159,-0.223738821209276
"Item6",0.613726942672058,0.586698413028364
"Item7",0.7354726652925,-0.641584699780365
"Item8",0.647710004736081,1.03854540429579
"Item9",0.6977723411035,-0.967609637560211
"Item10",1.72507693527442,0.126956656855759
