"Items","Est.Discrimination.2PL","Est.Difficulty.2PL"
"Item1",1.27157740689835,-0.3631265044158
"Item2",1.19502471715316,-0.949465523665224
"Item3",1.04981029232523,-0.243703446375093
"Item4",1.1412582881787,0.532425179313131
"Item5",1.2949069096049,-0.401450356751888
"Item6",3.12171401003415,-0.476072867556757
"Item7",3.6346363437291,0.0106673550827434
"Item8",1.22556540688177,0.320686189045526
"Item9",1.21707905914016,0.383067794611706
"Item10",1.1226912877113,-0.738755986609419
