"Items","Est.Discrimination.2PL","Est.Difficulty.2PL"
"Item1",1.56934884195509,0.369716471041846
"Item2",1.74417874317012,-0.79804860608114
"Item3",1.45705923967126,-0.0598893813912034
"Item4",2.96444550819685,1.01882555367468
"Item5",1.71803174253496,-0.18914627099229
"Item6",3.07463985302958,0.308220651265052
"Item7",1.66850526972789,0.267287907419376
"Item8",3.17339194329657,0.356660627085038
"Item9",1.86039849791895,0.553589002316916
"Item10",1.47691956836078,0.207128605204805
