"Items","Est.Discrimination.2PL","Est.Difficulty.2PL"
"Item1",0.291871564003765,-0.167857808795932
"Item2",0.377311840260378,0.142635874722924
"Item3",0.171511940821539,-0.0233262200536612
"Item4",1.94094117352095,-0.604569600969213
"Item5",1.98457270082945,0.0995983133883101
"Item6",0.332348075408749,0.0494783940892454
"Item7",2.74382754889734,-1.01469786199159
"Item8",0.214780620095675,0.414809434289955
"Item9",0.269006176458374,-0.0150689945103487
"Item10",1.80165467346094,0.253283896131949
