"Items","Est.Discrimination.2PL","Est.Difficulty.2PL"
"Item1",0.177421056431721,0.979640038416426
"Item2",1.7043170124726,-0.330630426147122
"Item3",2.73763857320081,-1.06890543016232
"Item4",0.228307325608754,0.248611905323041
"Item5",0.35274344412661,0.000123647575738331
"Item6",0.334184603565182,0.0369970924268511
"Item7",1.756206134316,0.518847212084952
"Item8",0.373059483030016,0.12207059577076
"Item9",0.169360461748,1.87057433297732
"Item10",0.238912370758885,-0.629315404387896
