"Items","Est.Discrimination.2PL","Est.Difficulty.2PL"
"Item1",1.78322406496889,-0.423492141244487
"Item2",3.4059529764889,0.200165814213708
"Item3",1.81372511704118,-0.0271494329280448
"Item4",2.03209145950794,-0.020472439145862
"Item5",1.70240386494803,0.508662362048453
"Item6",3.09688479528662,-1.33558346055209
"Item7",2.94295878321525,0.424981337823251
"Item8",1.66566048436675,0.198415621495833
"Item9",1.98019612900438,-0.538846901710787
"Item10",1.87867179902666,0.279591805627149
