"Items","Est.Discrimination.2PL","Est.Difficulty.2PL"
"Item1",2.89625000969405,0.0696095445015451
"Item2",1.73392265833908,0.515050197239884
"Item3",1.53254451267461,0.290543345633303
"Item4",1.44713837595195,0.71825043633994
"Item5",1.5893652810887,0.364136272475346
"Item6",2.87720046085343,0.266987233937102
"Item7",1.58424912547063,1.2727628843745
"Item8",1.39967855180231,0.416729533086445
"Item9",2.89371637455531,-0.824054473340667
"Item10",2.92314621345869,0.373935031240097
