"Items","Est.Discrimination.2PL","Est.Difficulty.2PL"
"Item1",0.837997965796055,0.970536071554619
"Item2",0.72186896163425,-0.260278737411185
"Item3",0.761958379036679,0.575514563545715
"Item4",1.83928641262343,-0.0639811772906897
"Item5",1.91049016667532,0.482635990081157
"Item6",2.21297027104499,-0.776950029411426
"Item7",0.832887303503306,-0.132553908635202
"Item8",0.85611991585264,0.260781166398516
"Item9",0.683102557791313,-0.88048614214867
"Item10",0.837945523980676,0.115832184290966
