"Items","Est.Discrimination.2PL","Est.Difficulty.2PL"
"Item1",0.415106857339271,0.301714631208876
"Item2",0.657109594918154,-0.29427413776622
"Item3",0.482559958645188,0.21926103031406
"Item4",0.475237846790831,-0.18593264059648
"Item5",0.474690294260465,0.436725527820107
"Item6",0.413260571274483,-0.261868912909094
"Item7",1.76783135481822,-0.809601172275179
"Item8",0.313045137241228,-0.669446445251806
"Item9",0.544830387723511,-0.0544541029986258
"Item10",2.01514580593876,-0.020294838820157
