"Items","Est.Discrimination.2PL","Est.Difficulty.2PL"
"Item1",1.04835036652371,-0.11031358326579
"Item2",1.17714439688303,-0.610203884506799
"Item3",3.28314261721755,-0.013673072606149
"Item4",0.918837136850198,0.0480032544115579
"Item5",1.16484837654673,-0.619050739254784
"Item6",1.04484078996108,1.23306042581161
"Item7",1.04332220886415,0.128956168916621
"Item8",2.89421506794695,0.550447156774856
"Item9",1.08758505339068,-0.594194029765238
"Item10",1.23807224769704,0.0824513896368835
