"Items","Est.Discrimination.2PL","Est.Difficulty.2PL"
"Item1",0.339468975294827,0.742560863879774
"Item2",2.76909232063517,0.0690404601446138
"Item3",0.334513256701751,-0.990806611625775
"Item4",0.357870160325896,-1.02441761388907
"Item5",2.55858641645322,1.04867201916812
"Item6",0.502795423676761,0.533957865003075
"Item7",0.427416440613901,0.569090293983477
"Item8",0.443227077365713,0.598396835568987
"Item9",0.484174057843902,-0.139410713543393
"Item10",0.481598926581963,-0.510262794766066
