"Items","Est.Discrimination.2PL","Est.Difficulty.2PL"
"Item1",0.755816822319546,0.352605487783696
"Item2",0.766240417331907,0.657966214327753
"Item3",0.68741677571979,-0.408163161146899
"Item4",2.65963062652842,-1.49219380247287
"Item5",0.807568638506884,-0.497578931897365
"Item6",2.50174677329251,0.904321837683814
"Item7",0.697799972170236,-0.920181937224
"Item8",0.680803501584261,0.226955468155504
"Item9",1.76211808656678,0.219748882842396
"Item10",2.11591519645585,0.577537764846869
