"Items","Est.Discrimination.2PL","Est.Difficulty.2PL"
"Item1",2.4846197710832,1.01249929842218
"Item2",0.658466271500838,0.313296310064956
"Item3",0.742674861685644,-0.243553194885048
"Item4",2.39286607060615,0.985948590609249
"Item5",0.79067168972497,-0.0704903575380292
"Item6",0.837126584634214,0.207836283212033
"Item7",0.952654159638044,-0.497097266693324
"Item8",0.755256438676889,0.394355222506832
"Item9",2.08717538173816,-0.75479304404262
"Item10",0.782482588958065,0.519753247581213
