"Items","Est.Discrimination.2PL","Est.Difficulty.2PL"
"Item1",0.774781807092808,0.691329560377597
"Item2",2.43240895783345,-0.9463256085384
"Item3",0.380016017840843,0.0113523000809003
"Item4",0.463936835869098,0.491851312148136
"Item5",0.649214786504699,-0.647994906594005
"Item6",1.90493866491974,0.305540592974434
"Item7",0.642608442120289,0.349655761085022
"Item8",0.624037844780858,-0.448232895482449
"Item9",0.58225706542913,0.156642928532451
"Item10",0.776432641625512,0.550286006795691
