"Items","Est.Discrimination.2PL","Est.Difficulty.2PL"
"Item1",0.744801212292877,0.33352831645537
"Item2",3.63891811408498,0.0794669394198232
"Item3",0.813044519711947,1.30167690471878
"Item4",0.917718773322951,-0.143962772307103
"Item5",0.981306629390686,0.952996256639497
"Item6",2.77879312027982,0.0798404956542498
"Item7",0.883499640184302,0.674556237220338
"Item8",2.88636758642988,0.443033906096085
"Item9",2.96255434081593,0.493556625469204
"Item10",3.31055873996523,0.578794534979025
