"Items","Est.Discrimination.2PL","Est.Difficulty.2PL"
"Item1",1.98270506528977,0.061762403349516
"Item2",0.413090847604045,0.312738557494838
"Item3",0.461211969493846,0.48454097277743
"Item4",1.85942036555406,0.596612282232316
"Item5",0.553267696611248,0.553374401558245
"Item6",0.471084578351622,-0.484663748789081
"Item7",0.392267492171233,0.23268871980531
"Item8",0.395618240603306,0.54731663117691
"Item9",0.451435133599207,-0.269881478516644
"Item10",0.460875160644305,0.642182491375352
