"Items","Est.Discrimination.2PL","Est.Difficulty.2PL"
"Item1",1.19444177766286,0.295111265492763
"Item2",1.30571791228789,0.391828254112087
"Item3",1.10373241255557,-0.0258464384349388
"Item4",1.0504731124072,-0.91063006299898
"Item5",1.25884807380924,0.531573269930859
"Item6",1.31027761580659,-0.0976229216680163
"Item7",1.08777479967039,1.06815391062795
"Item8",1.21435631088963,-0.144316848296534
"Item9",2.78548989214198,0.610158153840354
"Item10",1.2580406432571,-0.00383261275213689
