"Items","Est.Discrimination.2PL","Est.Difficulty.2PL"
"Item1",2.00591357027887,-0.449863134661004
"Item2",0.458259946117527,-0.795756996807959
"Item3",0.428926514898431,-0.596730409851608
"Item4",0.52192848587229,-0.326770987628008
"Item5",0.504667899876595,-0.463842190413646
"Item6",0.37853561758111,-0.915579014120232
"Item7",0.41280408598574,-0.312917953898864
"Item8",0.460045501032981,1.04948197383086
"Item9",0.398009699403847,-1.06793355254822
"Item10",1.63236728377778,-0.0610040450340554
