"Items","Est.Discrimination.2PL","Est.Difficulty.2PL"
"Item1",0.333383383316687,1.50765439554571
"Item2",1.97219667007836,-0.688450304368421
"Item3",0.376099690362048,0.0884005858796263
"Item4",2.00976255511108,0.241711461825117
"Item5",1.93968330326448,-0.744464630128797
"Item6",1.75096077051761,0.362444890543511
"Item7",1.81947276757626,0.423472947203317
"Item8",1.65465691515741,-0.147802549293505
"Item9",0.270176384034867,1.09263055104106
"Item10",1.91249902549125,-0.163636663287129
