"Items","Est.Discrimination.2PL","Est.Difficulty.2PL"
"Item1",0.409906785075761,0.601545160489016
"Item2",0.564891590928964,1.01063123114311
"Item3",2.88054858875225,0.276997364277902
"Item4",0.416584013304007,-0.817266965847351
"Item5",0.467673159522774,-0.0722030661258279
"Item6",0.414662581768342,-0.759046405593596
"Item7",3.8261816970737,-0.134560677717366
"Item8",2.88936006368322,-0.554071693493494
"Item9",0.517741369712153,-0.578792036031338
"Item10",0.474414101274455,-0.356223479150341
