"Items","Est.Discrimination.2PL","Est.Difficulty.2PL"
"Item1",1.60056435739098,-0.460512522123918
"Item2",1.62874550939944,-0.624896676062292
"Item3",3.37473446789378,-0.505003038643181
"Item4",3.40240574348819,0.133040965156322
"Item5",1.54142135236771,0.188628846699823
"Item6",1.40710227476278,0.288800774117639
"Item7",1.34213446885473,0.166411531489254
"Item8",1.31580712743896,0.19280974179867
"Item9",2.58469346210554,0.0460591669889311
"Item10",1.41029937718069,-1.25661881465928
