"Items","Est.Discrimination.2PL","Est.Difficulty.2PL"
"Item1",0.633631722611907,-0.864008738755617
"Item2",1.50887884336845,0.179830078865828
"Item3",1.93463014243342,0.706230405654557
"Item4",1.85635217726456,-0.114309616836933
"Item5",1.87987324327675,-0.12373916141687
"Item6",0.639957889712087,-0.885816911528277
"Item7",0.665517186610003,-0.358239120069464
"Item8",1.79964488988239,-0.398531743637021
"Item9",0.687617072156073,-0.407319246629915
"Item10",0.755574843147265,0.517559445423793
