"Items","Est.Discrimination.2PL","Est.Difficulty.2PL"
"Item1",0.734366684119089,0.916555084586504
"Item2",3.12079527551168,0.577266809510169
"Item3",3.8487298851688,-0.703904402006934
"Item4",3.11079559420355,0.233371282335928
"Item5",0.689488971223654,0.142039223297847
"Item6",0.601651847083274,-0.17986273149884
"Item7",0.4387359928892,-0.276625523222168
"Item8",0.68445109874647,0.0522732386533145
"Item9",0.533946544385811,-0.652562910183975
"Item10",3.08309290392557,0.055393914468959
