"Items","Est.Discrimination.2PL","Est.Difficulty.2PL"
"Item1",2.35792718705764,1.1757282795392
"Item2",1.50626063019786,-0.559632219567652
"Item3",0.139341051867154,0.115236712313803
"Item4",0.180166750578518,0.851882172626907
"Item5",0.331277373495564,-0.149037750842263
"Item6",0.121970960538105,-1.02155414136704
"Item7",1.81040482170009,-0.338660804442153
"Item8",0.226011079573453,-0.448484516524334
"Item9",1.81039298535163,-0.174689670866886
"Item10",1.89533344344264,0.117992297206523
