"Items","Est.Discrimination.2PL","Est.Difficulty.2PL"
"Item1",3.39070819288463,0.201870833384857
"Item2",1.38490318012328,-0.230502290951799
"Item3",3.37735968056307,-0.10181120853517
"Item4",3.31167330763743,-0.392587442236348
"Item5",1.30603041819165,-0.909852327697996
"Item6",1.35995623339672,-0.313830559021297
"Item7",1.35261687330996,-0.686361301741107
"Item8",3.11898559336097,0.562096932713114
"Item9",1.43452977333916,-1.01288527790251
"Item10",1.40833826608337,-0.640888430625172
