"Items","Est.Discrimination.2PL","Est.Difficulty.2PL"
"Item1",1.19047863777201,-0.115722104401228
"Item2",1.45247904296826,-0.720748868033029
"Item3",1.16593185964227,-0.52756245040165
"Item4",3.52596336565738,0.518296732589282
"Item5",1.22789058796241,0.556310077627865
"Item6",1.20658119655886,0.672506061632156
"Item7",2.79311041128644,0.326401323108437
"Item8",1.20339904739982,0.522647349376978
"Item9",1.00812867338934,0.0678447130416245
"Item10",3.1000393937265,0.0737881471070781
