"Items","Est.Discrimination.2PL","Est.Difficulty.2PL"
"Item1",0.492104979393397,1.08683896076049
"Item2",2.1914250944619,0.171076023951146
"Item3",0.609089808388022,-1.36453642298784
"Item4",0.560218633889625,-0.650136299393237
"Item5",0.654902663855421,-0.202315003175938
"Item6",0.443979772887957,-0.473625152024814
"Item7",0.452862664845311,-0.634201987245329
"Item8",0.340923334008222,-1.08517058088506
"Item9",0.460797059389256,-0.10993783613731
"Item10",1.82829859126259,0.417713259391526
