"Items","Est.Discrimination.2PL","Est.Difficulty.2PL"
"Item1",0.740180072520158,0.105880082673945
"Item2",0.790243412999446,-0.390551075028726
"Item3",3.70961524955724,1.28277921087395
"Item4",0.879109736516815,0.752290153747255
"Item5",0.707151081049466,0.619708041381048
"Item6",3.33354991280147,-1.48846914547193
"Item7",2.01043131350254,-0.392153747726007
"Item8",0.625026910977557,-0.235259615938889
"Item9",0.912307686528126,-0.610351586576884
"Item10",3.26523081140948,-1.06390210046885
