"Items","Est.Discrimination.2PL","Est.Difficulty.2PL"
"Item1",1.25694556615109,-0.277826179367077
"Item2",1.58986904976009,0.943052990235039
"Item3",1.48366279830996,0.123830450594234
"Item4",1.32454590850268,0.848038831768139
"Item5",1.46929528719684,-0.27770587419294
"Item6",1.37227942008495,0.193180249150627
"Item7",1.35137624941702,-0.835401901110973
"Item8",2.75504886045323,-0.0317884328863714
"Item9",2.76975614304131,0.431209404769139
"Item10",1.55867208088958,-0.550833419314508
