"Items","Est.Discrimination.2PL","Est.Difficulty.2PL"
"Item1",0.626624064791212,-0.662633123648425
"Item2",0.801530177425452,-0.849162446686618
"Item3",0.830721399293601,-0.313405847530328
"Item4",2.79818681106697,1.28143857332758
"Item5",0.744741289879741,0.577669327927329
"Item6",0.75286303908892,0.875977810950511
"Item7",1.93727640360372,0.705862307342533
"Item8",2.83234156594977,1.20703223005139
"Item9",1.89875240751939,-0.213159900711381
"Item10",0.847435882603156,-0.645089393450092
