"Items","Est.Discrimination.2PL","Est.Difficulty.2PL"
"Item1",0.954533833330015,0.538959764759545
"Item2",3.05008683725424,-0.267151211963393
"Item3",0.91303239871492,0.0376161883900117
"Item4",3.16609053578742,0.367330375674852
"Item5",1.03422186373406,0.382949253840992
"Item6",0.856281901995991,-1.03412355634417
"Item7",2.73325914114964,-1.4232262496198
"Item8",0.908073087625641,-0.22213888274073
"Item9",0.882754646511627,0.847039689049423
"Item10",0.933666438092443,-0.566142087485528
