"Items","Est.Discrimination.2PL","Est.Difficulty.2PL"
"Item1",0.725736579496597,-0.811162539197646
"Item2",1.77545742853196,-0.408216726630876
"Item3",0.556437819528375,-0.0458820839044604
"Item4",0.691573197519496,0.406189383134094
"Item5",0.46678063732665,1.94737318627142
"Item6",0.794608703036769,0.328691366240465
"Item7",0.556192378905604,-0.370787636946848
"Item8",1.64611073450262,-0.656377840782801
"Item9",1.98071072532111,0.0651765220037325
"Item10",0.664947840418049,0.486898257569529
