"Items","Est.Discrimination.2PL","Est.Difficulty.2PL"
"Item1",0.935395130408886,0.0683314790853908
"Item2",0.937546018431832,0.999803911561173
"Item3",1.17922176324129,-0.277746576517335
"Item4",1.06842577703289,0.537023469771956
"Item5",3.14653030705131,0.228772910573394
"Item6",3.14987741405117,0.13886880923789
"Item7",0.993123048556642,0.275186642963706
"Item8",0.980149334969168,0.36258356608387
"Item9",2.61158020176527,0.25439970139027
"Item10",0.978853063973128,1.50476552847222
