"Items","Est.Discrimination.2PL","Est.Difficulty.2PL"
"Item1",2.86149659440679,-0.323827612244405
"Item2",0.694877103966382,-0.462824055868198
"Item3",3.22692294592926,0.0570283650029349
"Item4",0.728946792981228,-0.476512921836923
"Item5",3.09561949571619,0.243450689136016
"Item6",0.722164934553293,-0.652484280965333
"Item7",3.81248808394148,-0.210860782237998
"Item8",0.83258054672371,-0.094202676228907
"Item9",0.626131305231412,0.0974515281355172
"Item10",0.652544041447953,-0.242609764280736
