"Items","Est.Discrimination.2PL","Est.Difficulty.2PL"
"Item1",0.343180379885563,-0.420157041706573
"Item2",0.290754638872229,-0.633587848515327
"Item3",0.511298943687849,0.108232089182321
"Item4",0.434612246692595,0.599567374399599
"Item5",0.354938474505933,0.302377089199228
"Item6",0.330305217462309,0.211578732734534
"Item7",0.359777154950009,0.88996819134076
"Item8",1.7840146678827,-0.313287092271778
"Item9",3.13884720560479,-0.963795813762421
"Item10",0.395659117601779,0.399569416182699
