"Items","Est.Discrimination.2PL","Est.Difficulty.2PL"
"Item1",0.636876795489132,0.0465531994588124
"Item2",1.84672404003544,-0.584376528923
"Item3",0.858227564563178,0.0462140552533256
"Item4",0.731577044261915,-0.234788080096932
"Item5",0.778556774052325,-0.406091949409546
"Item6",0.72161532090114,0.974183210981909
"Item7",2.26751021145375,0.729225765203612
"Item8",0.712931640648152,0.929358871050987
"Item9",2.78000352268102,1.04967117814944
"Item10",0.68088020605299,-1.17589201573162
