"Items","Est.Discrimination.2PL","Est.Difficulty.2PL"
"Item1",0.397115405213712,-0.272553560974319
"Item2",0.558541813144493,0.392213618580491
"Item3",0.446991750935706,0.215168454235732
"Item4",0.369324509785563,-0.822823923357074
"Item5",0.539057897188223,0.221289464567666
"Item6",0.312672569898612,0.722944915362211
"Item7",2.22632214982273,0.674738740615954
"Item8",3.07720531908826,0.949758803861145
"Item9",2.10481449256244,-0.349123204176287
"Item10",2.15956790698669,-1.31857879763089
