"Items","Est.Discrimination.2PL","Est.Difficulty.2PL"
"Item1",0.283635745035291,0.114953130005374
"Item2",0.336923262333986,0.501309090395169
"Item3",0.447935086252652,0.822064260439287
"Item4",2.49647951559466,1.04819179915779
"Item5",0.308067213093986,0.854850099465764
"Item6",2.18632544812984,0.403970459247339
"Item7",0.378029221341599,0.240883637211769
"Item8",2.11168869251072,-0.81038217371227
"Item9",0.351377950200353,0.885820676689895
"Item10",0.292350553460002,0.517685147634114
