"Items","Est.Discrimination.2PL","Est.Difficulty.2PL"
"Item1",0.920500814688407,-0.064171179479682
"Item2",2.96012516203019,-0.540513735901036
"Item3",0.798583019004937,-0.100835487617187
"Item4",0.877030485138909,-0.125394180503304
"Item5",0.742366010505422,0.760362790441096
"Item6",0.750215648528062,-0.408725771424571
"Item7",0.760346474086626,0.898728204379403
"Item8",1.18593812150385,0.692197649259875
"Item9",2.86874676039073,-0.278900083051614
"Item10",0.627631124253122,0.597475248533183
