"Items","Est.Discrimination.2PL","Est.Difficulty.2PL"
"Item1",0.258146058465968,0.790207116252689
"Item2",0.143202700010381,-0.67436160970608
"Item3",0.202144443838666,-0.259678170547813
"Item4",2.0367322381188,-0.402797935091795
"Item5",0.181566704899349,1.18158348157606
"Item6",1.75772896187874,-0.171873101796257
"Item7",0.292571711163933,0.799227877923158
"Item8",0.0839636966383644,1.19424400309417
"Item9",3.28926777004522,-1.10011586567895
"Item10",0.195580798218164,-0.5577724273018
