"Items","Est.Discrimination.2PL","Est.Difficulty.2PL"
"Item1",0.919189990847674,0.00129086267349356
"Item2",2.89428991490446,-0.15444099990053
"Item3",0.902116313269449,-0.291727598747578
"Item4",2.98829587469906,0.897791013247953
"Item5",2.50240184876456,-0.844670542817006
"Item6",0.967028457002971,0.523400517835825
"Item7",2.77871219333573,0.430226245883728
"Item8",0.969275166144201,-0.276734683070026
"Item9",0.932184406132421,-1.07626032830602
"Item10",1.00681696591305,0.281966626235141
