"Items","Est.Discrimination.2PL","Est.Difficulty.2PL"
"Item1",0.984294953416166,-0.497653095800716
"Item2",1.051263072523,0.284059560633861
"Item3",0.994841799357362,-0.285329562572976
"Item4",0.956312125588954,0.415974507136441
"Item5",1.14784567800659,0.375657469290787
"Item6",2.96692751442091,-0.0799956950602031
"Item7",0.897063971667733,0.648468436099245
"Item8",3.24159139670406,-0.369999498515457
"Item9",2.66304323442441,-0.538707543992812
"Item10",0.970516699826195,-0.456624310188844
