"Items","Est.Discrimination.2PL","Est.Difficulty.2PL"
"Item1",0.513076910328293,-1.15369258435934
"Item2",0.642259516028717,-1.55195460892542
"Item3",0.609581957554915,0.80302244815462
"Item4",2.52334613390573,-1.54181111255121
"Item5",0.737757491519842,0.749115775114615
"Item6",2.13830735247873,0.92145594175117
"Item7",0.600810695934095,0.775301593077979
"Item8",0.609669487457588,-0.538215125236553
"Item9",0.732471714710002,0.226296622448759
"Item10",2.09508195948792,0.327734394226936
