"Items","Est.Discrimination.2PL","Est.Difficulty.2PL"
"Item1",3.2989562252023,-0.115527456905462
"Item2",1.00963083111338,-0.0139715581974709
"Item3",0.793320077637098,-0.235667990147209
"Item4",0.842283293715754,-0.876037553439324
"Item5",3.04179953595188,0.158038932532834
"Item6",2.99682262271414,0.472966137324533
"Item7",0.911825434998307,-0.232840920467357
"Item8",0.869391620160889,-0.300709224140523
"Item9",0.812620168869223,-0.242651937962667
"Item10",3.80195788046549,0.687596699154186
