"Items","Est.Discrimination.2PL","Est.Difficulty.2PL"
"Item1",1.12531141310988,-0.842993136891324
"Item2",2.57506227784387,0.333469556934894
"Item3",1.08593764087878,0.223541581958584
"Item4",2.77923117135106,0.329056687171521
"Item5",1.30946442144269,-0.00986341276743945
"Item6",1.11541408957633,-1.29044459678628
"Item7",4.29800459361855,-0.764290387779041
"Item8",1.04945827199284,-0.672043858997035
"Item9",2.91261447713053,0.279270552531716
"Item10",0.995248397978962,-0.234770284876116
