"Items","Est.Discrimination.2PL","Est.Difficulty.2PL"
"Item1",0.583333156077424,0.155168009642254
"Item2",0.515125577625259,0.547316845225465
"Item3",2.70107842361437,0.79148658937641
"Item4",0.75539494795542,1.24371834143608
"Item5",0.562901638437076,0.948746396290277
"Item6",0.819118249142749,-0.469202280866535
"Item7",0.537353132595473,0.788272119061267
"Item8",3.63187168879849,-1.33206076859496
"Item9",0.557588568963034,0.115186137136149
"Item10",0.612972465342099,-0.550297145392777
