"Items","Est.Discrimination.2PL","Est.Difficulty.2PL"
"Item1",2.17707795160649,0.312868011094316
"Item2",1.85599299185622,-0.477704467115316
"Item3",2.15360404382427,0.71392794488193
"Item4",2.780392939215,0.859818549795401
"Item5",0.610012869596334,1.42750396049872
"Item6",2.59063714287797,-0.839553799288473
"Item7",0.671339465874894,-0.760108281400512
"Item8",0.653642325810189,0.0274756234642098
"Item9",2.19143435787895,0.867956820653522
"Item10",1.89526475086239,0.383154781354834
