"Items","Est.Discrimination.2PL","Est.Difficulty.2PL"
"Item1",0.383459352765608,0.552900352312238
"Item2",0.617330325604181,0.765638962503556
"Item3",0.576949323489328,0.687297267363911
"Item4",0.413234771724251,-0.576662151523775
"Item5",3.20417443083961,-0.025396348347686
"Item6",0.469143740111075,0.650548640680073
"Item7",0.39759172979325,1.52366785871888
"Item8",0.405894637845922,0.648951054844456
"Item9",2.70924150463939,0.412806870695181
"Item10",0.483500554623521,-0.165750785945568
