"Items","Est.Discrimination.2PL","Est.Difficulty.2PL"
"Item1",0.196530727955908,-0.431843147991793
"Item2",0.297933987675293,0.632726163698382
"Item3",1.82027472103071,0.361154815059786
"Item4",0.128923315301949,-0.280557273180701
"Item5",0.0679988046031452,1.29634001572752
"Item6",0.197475123084672,-0.286474482875005
"Item7",1.91069882735383,0.575955309827409
"Item8",1.67947579264027,-0.449887871128522
"Item9",0.250594963811985,-0.568268014156755
"Item10",0.115051223360237,0.558176816451195
