"Items","Est.Discrimination.2PL","Est.Difficulty.2PL"
"Item1",0.708882657504594,-0.2086664350549
"Item2",0.492308672944747,-1.21612408472773
"Item3",0.597157644617123,0.158871020541468
"Item4",0.724160220383548,0.605197618819037
"Item5",0.871374861144212,0.202167781053883
"Item6",0.587052812501295,-0.853702742874772
"Item7",1.05500445687288,0.208634915429643
"Item8",0.53805453370882,-0.135650796982796
"Item9",0.36883961769414,-0.0899500178029168
"Item10",0.784737204282975,0.639886605184286
