"Items","Est.Discrimination.2PL","Est.Difficulty.2PL"
"Item1",2.94593965766888,0.0269997057363442
"Item2",0.548152638308632,-0.0621653630804651
"Item3",0.423244600849554,1.02966473735692
"Item4",0.340023686941526,0.0605877165013358
"Item5",4.53764923767203,0.479703218961183
"Item6",2.49113496813229,0.55583767259942
"Item7",0.492805730548211,0.482841475127078
"Item8",0.409309793976882,0.799425194517653
"Item9",0.37056180126865,0.133998417390108
"Item10",0.434394551037467,-0.550743208271033
