"Items","Est.Discrimination.2PL","Est.Difficulty.2PL"
"Item1",1.55017416966573,0.618389495868894
"Item2",1.76840219620043,0.0820023069902003
"Item3",1.5787978860508,-0.638533325942347
"Item4",1.61148854702915,-0.349968643695948
"Item5",1.98696118258391,0.0809884777791516
"Item6",1.90236874064283,-0.269336858145942
"Item7",1.81382159516953,-0.295940355535412
"Item8",1.9520905192582,0.188894720882836
"Item9",3.13975870389774,-0.45146099032132
"Item10",1.72965633039765,-0.440722666525858
