"Items","Est.Discrimination.2PL","Est.Difficulty.2PL"
"Item1",1.67081028869225,0.451875618836734
"Item2",1.90982755350175,-0.0505698308001223
"Item3",1.63413263924766,-0.288232417719014
"Item4",1.45303561039527,0.111450995291595
"Item5",1.51336556310036,0.105336106772292
"Item6",3.60941808749419,0.908531962942245
"Item7",1.6812743940079,-0.0965923612693242
"Item8",1.32611683483906,0.69808242518556
"Item9",1.55655576445914,-0.410023028894374
"Item10",1.49363838000384,-0.704700866481207
