"Items","Est.Discrimination.2PL","Est.Difficulty.2PL"
"Item1",2.18389624010855,-0.409151600469368
"Item2",0.453055311906045,-0.101999183223923
"Item3",2.00380705115723,-0.0639622438955928
"Item4",0.340499308784441,0.875465893288434
"Item5",0.331507642181911,-0.633963433891677
"Item6",0.41912153298132,-9.42924265558761e-05
"Item7",2.19060052671466,-0.208928449856244
"Item8",0.38272980679409,0.259811231790362
"Item9",1.85326305141609,0.424103821892041
"Item10",0.391009937603279,0.585566886896334
