"Items","Est.Discrimination.2PL","Est.Difficulty.2PL"
"Item1",3.0820184125221,0.933399106379015
"Item2",0.637226281274587,-0.372337198751475
"Item3",0.502888569349374,0.151479051887145
"Item4",0.455423301307657,-0.565160861348407
"Item5",0.585000992357631,0.147342122327608
"Item6",0.627590204980434,-0.511245263955654
"Item7",0.781062287342436,0.104136897292702
"Item8",2.68701544464873,-0.164090657859253
"Item9",0.534254898898596,0.103570602876844
"Item10",0.610947810751939,0.127675824936837
