"Items","Est.Discrimination.2PL","Est.Difficulty.2PL"
"Item1",0.639716621525778,0.849065510486495
"Item2",2.15459433360838,-0.986327688256339
"Item3",0.75442476353477,0.728120583655833
"Item4",1.74107098431775,0.399767331302589
"Item5",2.35852656403272,-1.1670402114998
"Item6",1.74121415094322,0.0892509785978631
"Item7",0.738361654355825,0.291206729145947
"Item8",2.01691481766949,-0.18247656119858
"Item9",2.45114178823319,0.799017326202197
"Item10",0.603228510762811,1.18018975444744
