"Items","Est.Discrimination.2PL","Est.Difficulty.2PL"
"Item1",0.825290370127043,0.902109044028842
"Item2",1.48158160756656,-0.127504570372937
"Item3",0.672138086714926,-0.629953865668141
"Item4",0.709884772240827,-0.0747898084931492
"Item5",0.881799849835864,-0.404504442378398
"Item6",3.6948951127502,-1.13790338957773
"Item7",0.866698612937294,-0.993527021230012
"Item8",0.682682687789984,-0.0189677157896939
"Item9",0.72491191767971,0.278679469943445
"Item10",0.728358209944202,-1.0086087851621
