"Items","Est.Discrimination.2PL","Est.Difficulty.2PL"
"Item1",0.389713329040963,-0.565972816189902
"Item2",0.310822616241113,0.210857417423006
"Item3",2.74909281378514,0.437660819443111
"Item4",0.237608034186253,0.392894972788279
"Item5",0.235161224690517,0.500598090147025
"Item6",3.98295449629762,-0.000129590963870556
"Item7",0.33075409612353,0.323117900333661
"Item8",0.249448500192435,0.276924828534052
"Item9",0.225249760416576,-0.0181503546112589
"Item10",0.1666830743205,1.23663784933496
