"Items","Est.Discrimination.2PL","Est.Difficulty.2PL"
"Item1",0.91250975363408,-0.0310593007252071
"Item2",0.916486823425005,0.473395717674838
"Item3",3.17060455841239,-0.54450256477639
"Item4",3.12258917172713,0.269431730654541
"Item5",1.05669203580045,1.14203594555996
"Item6",1.11637371308837,0.0583368663295086
"Item7",2.92970470459678,0.172529295975224
"Item8",0.850001922395559,-0.0599870659355257
"Item9",1.08966558755499,0.270362966937936
"Item10",1.02973438038854,0.524318035484662
