"Items","Difficulty","Discrimination"
"Item1",1.60988632024216,3.03954346478656
"Item2",-0.571047527966132,1.85182726809861
"Item3",-1.35746921680029,1.80589756143427
"Item4",0.722725182284908,1.07485342745397
"Item5",1.36311582401924,2.08127167735255
"Item6",-2.53317189835377,3.06612795868755
"Item7",1.55309143320831,3.05294463933903
"Item8",0.367394175451149,1.7554716172662
"Item9",0.713034788502559,1.58866870881979
"Item10",-0.104196912405486,0.963023956042471
"Item11",-0.949558453060607,1.397717088561
"Item12",2.22261473730571,2.98536486074404
"Item13",0.207023290411103,1.3187127938848
"Item14",-0.74345438608605,1.87445044937839
"Item15",1.15507071459445,2.04244442697231
"Item16",1.27422666461462,1.93350495708306
"Item17",0.103579922570168,1.42693068693841
"Item18",-0.68981338671392,1.70603471630243
"Item19",-1.66303394742149,2.86190814835855
"Item20",0.531223318514264,1.63535867520325
