"Items","Difficulty","Discrimination"
"Item1",1.71335480737609,2.66292643396483
"Item2",1.61667724080304,2.75509604172824
"Item3",0.916433035253198,1.95395772489205
"Item4",-2.0068596888211,3.76958148127922
"Item5",2.10959351869866,3.21953583719552
"Item6",-0.863916719353746,1.74761132783308
"Item7",-0.791498960527582,1.70856435470094
"Item8",-1.66421206343494,3.02314216242333
"Item9",-0.628435601829435,1.01372011071078
"Item10",-1.13877724516852,2.30080904700088
"Item11",2.16449979603171,3.37145779767077
"Item12",-1.59222224032849,2.34361968781706
"Item13",1.37936250445375,2.54597456766385
"Item14",0.764459417481372,1.85589138971488
"Item15",-0.697824111504663,1.48606034869019
"Item16",0.727135297100055,1.56068507082039
"Item17",0.836777526457015,1.77827890292642
"Item18",-2.57001079546215,3.42983758698853
"Item19",-0.552912637435666,1.42899094381951
"Item20",-1.12366601974675,2.16797923795198
