"Items","Difficulty","Discrimination"
"Item1",-0.469911894626983,1.96613531807531
"Item2",1.28227303692802,1.56322109199996
"Item3",-1.33690197811006,1.6047397507572
"Item4",-1.47134637454674,1.13337450522568
"Item5",1.7674345487489,3.04137963398348
"Item6",1.34553882425034,1.82021476655487
"Item7",-2.03739063497987,3.12896553372254
"Item8",-1.76260586572711,2.78133000675352
"Item9",-2.20610855001949,2.86258513050361
"Item10",-0.748266184280115,1.61364984405692
"Item11",0.30175086055305,1.04118395951715
"Item12",0.672663250445971,0.839190221870947
"Item13",1.34594241069301,1.16006461494204
"Item14",2.11463591824631,3.1969837398063
"Item15",0.227738242147843,1.36202298379063
"Item16",1.29642225371797,1.85170523440629
"Item17",0.781984026716786,1.78003519867028
"Item18",-1.66109011779267,2.95980970934365
"Item19",-2.69224500820258,2.68663205734017
"Item20",-1.7290880208383,3.06781952856642
