"Items","Difficulty","Discrimination"
"Item1",2.10856309467306,3.16267545473873
"Item2",0.500711577658977,1.11338037611362
"Item3",-1.29314137182419,2.33275385491987
"Item4",-1.31208044020016,2.51162240357935
"Item5",-1.58482073917891,2.66709507925616
"Item6",1.00073444766249,2.18775740149285
"Item7",1.35019955834231,2.76345396372883
"Item8",0.16573219408957,1.09336289253966
"Item9",1.83932941334496,2.75011680812225
"Item10",1.94201139053455,3.60513169698257
"Item11",1.58945896430062,2.76284224617616
"Item12",2.19155164605555,3.09798878692687
"Item13",-1.31826718210082,2.44365823967949
"Item14",1.82388312733205,3.04508906181475
"Item15",1.82077878681236,3.57145082243393
"Item16",0.317732233363984,1.11061103052286
"Item17",0.629427378319237,1.11475443670021
"Item18",1.92225149219716,3.26425689231168
"Item19",1.53369832626035,2.93736765552769
"Item20",-0.632505865050212,1.17680850174622
