"Items","Difficulty","Discrimination"
"Item1",-2.22352809487551,3.68290782387636
"Item2",0.607685324517666,1.51129975236275
"Item3",-1.68860292840768,2.56970567753538
"Item4",0.353721555284085,1.22559947994394
"Item5",1.66114051834804,3.06938100723375
"Item6",0.334519138471217,1.3300406382076
"Item7",-1.98735546521696,3.2775301509173
"Item8",-2.40381788367564,3.74444332773435
"Item9",-2.03439870172698,2.50212575664099
"Item10",-0.52390643141208,1.3577834165095
"Item11",-2.0699468139081,3.00163601037705
"Item12",0.705280732418028,1.67644498251483
"Item13",1.72445923218235,2.57784352309003
"Item14",-0.528542720718495,1.35539327614286
"Item15",-0.391644898809025,1.330847718491
"Item16",-1.75761874779969,3.17679369498062
"Item17",-1.20018644738696,2.20234582321361
"Item18",1.76661138571745,2.90332238519551
"Item19",-1.61590657997469,2.86768995772831
"Item20",1.93995115558097,2.7629818207205
