"Items","Est.Discrimination.2PL","Est.Difficulty.2PL"
"Item1",1.15393634909113,1.60270220618341
"Item2",0.815395977456504,2.17926438381746
"Item3",1.05573354675739,1.11759862328857
"Item4",0.859064477218109,1.4006620777153
"Item5",1.24552441697622,-0.384664140956503
"Item6",1.23434541309023,-1.20547513271145
"Item7",1.20474616542756,0.129953947545721
"Item8",1.24314440807754,1.37279808970125
"Item9",1.0019399634102,0.0808765994989769
"Item10",0.919185946437553,0.164734902098982
"Item11",1.23648449597574,0.196388940948852
"Item12",1.35206782699163,1.39150683752852
"Item13",2.57319946438954,-1.51384731642697
"Item14",0.930693087367187,0.727839266903341
"Item15",1.07282321030821,0.294258500325875
"Item16",0.756808433411047,0.185894572387893
"Item17",2.25787090552026,-1.56238156634308
"Item18",1.1025321291364,1.10294981999317
"Item19",1.10968193212234,0.0397819215602489
"Item20",0.847677167683078,-0.112157066459437
"Item21",1.61823941062258,-2.1370033793236
"Item22",3.18848597007679,-2.38044287062698
"Item23",0.798758536263488,-0.482230368416011
"Item24",0.965108834778878,-0.820301936610436
"Item25",3.08303019702322,-1.56911920781986
"Item26",2.77350387823057,-1.92976662101136
"Item27",0.952949212465242,-0.60505189221189
"Item28",1.18612027594846,-1.11847950587667
"Item29",2.32322410374842,-2.06223606328576
"Item30",3.21621958664113,-1.82939133645107
"Item31",0.737453515763319,-0.621405949900873
"Item32",1.02157323914609,-1.28411786504011
"Item33",1.12044730994434,-0.683380189112882
"Item34",1.09094640686584,0.811904688406188
"Item35",1.12782044087714,1.60214997880497
