"Items","Est.Discrimination.2PL","Est.Difficulty.2PL"
"Item1",1.17273205322615,-0.214907658222526
"Item2",0.917124390618593,1.50608579047603
"Item3",1.11665506738284,0.667891221696008
"Item4",0.90021646238713,1.43023302123815
"Item5",1.32845682272441,0.608826559226486
"Item6",0.816635475298609,-0.879803891495074
"Item7",2.22344588575881,-1.53258284916099
"Item8",0.987339945742148,1.19949786751143
"Item9",0.758652684946891,-0.994800585220536
"Item10",0.92230669672896,1.76410260687892
"Item11",0.944370744646813,-0.939135095611728
"Item12",0.94366116247047,-0.923733734305571
"Item13",0.903043351257235,2.26421980602387
"Item14",0.895677237577581,1.35490811895364
"Item15",1.17243228697833,-0.436858541686768
"Item16",0.930304404414406,-0.635251436056451
"Item17",2.98555810921825,-2.28160903854825
"Item18",1.07464973082799,-1.21824397405467
"Item19",1.26441596637054,1.6427628579335
"Item20",1.11151670835213,-1.42883706499314
"Item21",0.95030441377316,0.868002552884104
"Item22",0.853546735808509,0.280098217355193
"Item23",1.11252543979684,0.407676878544942
"Item24",1.04227065614845,-1.28016688962443
"Item25",0.913918543014279,1.03107038780472
"Item26",0.726529807047276,-1.42995519396803
"Item27",1.08286114979757,2.0926442700913
"Item28",0.917773870522136,-0.013610880731961
"Item29",1.23839915006697,-0.936564894151382
"Item30",0.736044795848193,-1.1781935410394
"Item31",0.871425778356848,-0.532351313551818
"Item32",0.871485744226389,1.49224564521807
"Item33",1.09273761571103,0.182813959027689
"Item34",0.750737313610376,-0.843675530726534
"Item35",0.796022003407878,1.79955772081734
