"Items","Est.Discrimination.2PL","Est.Difficulty.2PL"
"Item1",0.912288867109478,0.257724977991389
"Item2",1.08830847715699,0.804795220247717
"Item3",1.02461606801374,2.05213019400979
"Item4",2.69648683903827,-1.68227514605644
"Item5",1.14241065665057,-0.458284272630641
"Item6",0.794147673277292,1.0694298141921
"Item7",0.757039404400052,-1.15336084863283
"Item8",0.64845816660139,-0.9776258943289
"Item9",1.01636689626873,-1.35652479954301
"Item10",1.06859282391614,2.50238987589809
"Item11",0.942879523305472,0.842523517960899
"Item12",0.752607114127941,2.18387431160151
"Item13",0.994899528305589,-1.42656165300962
"Item14",1.0635642068298,0.133670677167672
"Item15",0.75637225309223,2.31387591099622
"Item16",1.2138885071633,-0.210410585043788
"Item17",0.79969482180041,-1.17551086462614
"Item18",0.893835953218064,2.1551970620693
"Item19",0.889803660773878,0.673324562305031
"Item20",0.980661612045157,0.523522289116605
"Item21",1.03569748474162,-0.760042941704826
"Item22",1.10070996550924,0.00466112979644886
"Item23",1.98223233286446,-2.19232176145873
"Item24",0.968941357128091,-1.00704536418212
"Item25",0.955723021342053,-1.00091162327288
"Item26",0.958531166267472,1.48745014366303
"Item27",0.873584539878742,1.54042068471317
"Item28",0.98470406333222,1.12921536470115
"Item29",0.917952902697489,1.22314539004883
"Item30",2.55946835038858,-1.67329377102991
"Item31",0.750541140266221,-0.528729890994519
"Item32",0.829740822692187,1.13533234303458
"Item33",1.11981405049405,1.86326721890197
"Item34",1.04639161657787,0.328990270016174
"Item35",1.14498318914928,0.843738493121024
