"Items","Est.Discrimination.2PL","Est.Difficulty.2PL"
"Item1",1.38628347476635,-0.084874387555035
"Item2",2.87796951359954,1.36627932375758
"Item3",0.552341572277207,-1.03117529662923
"Item4",-0.227648215916841,-1.3957959489113
"Item5",2.07706768010684,0.312843612440902
"Item6",2.55695587016051,1.10547360438928
"Item7",1.56828986288401,0.0715251165647969
"Item8",0.570118775729513,-0.694319386946853
"Item9",-0.0780379139675007,-3.05338754894844
"Item10",-0.374874986264088,-1.71325024357923
"Item11",2.40868108426371,0.771095061394129
"Item12",1.11609528539581,-0.34783823218465
"Item13",3.39584967039021,2.2088874241381
"Item14",2.01916408157312,0.629132972855663
"Item15",2.90016474930216,1.49403457342125
"Item16",0.242110728306678,-0.94934384514394
"Item17",0.0552494311124874,-0.101022175206241
"Item18",2.26674262442244,0.749170659050817
"Item19",0.4618057381085,-0.762369163277192
"Item20",2.80744991235924,1.51970919217061
"Item21",0.177242054466987,-1.16862408748668
"Item22",2.80033001587065,1.08176644855566
"Item23",0.0428678022252816,-0.335643195371519
"Item24",-0.0897452979676287,-2.45727983270614
"Item25",1.92286587404591,0.263687692875867
"Item26",0.854647587611131,-0.845494294084535
"Item27",1.52234498541277,-0.0664953908579559
"Item28",2.72571776181727,1.34848200190336
"Item29",0.470506694266989,-1.28587905504621
"Item30",2.64042680117394,1.61875328634028
