"Items","Est.Discrimination.2PL","Est.Difficulty.2PL"
"Item1",1.86006422311685,0.253670006241188
"Item2",3.07321508058168,1.69054138296377
"Item3",2.00674543715353,0.598565077898102
"Item4",0.253335640215352,-1.07470024321062
"Item5",0.720981302958143,-0.731644206772921
"Item6",3.59768555939011,1.92382252984195
"Item7",3.62169037019866,1.90655222437794
"Item8",2.17073502119717,0.641816745060278
"Item9",-0.0618524364030504,-2.04921480842386
"Item10",-0.131024076674812,-1.99809569727615
"Item11",0.287439343085091,-1.29478504549973
"Item12",0.882836177025205,-0.593934448905295
"Item13",1.26686688765372,-0.195687387679888
"Item14",0.4033262119095,-1.05308368006488
"Item15",-0.266245080180136,-2.25104802949262
"Item16",1.55061916841905,0.112151933090684
"Item17",3.79652552458597,2.23787814630413
"Item18",0.678389602668342,-0.882306765032679
"Item19",2.95340183952446,1.24538043707071
"Item20",3.16028206253365,1.39141314550031
"Item21",0.131400479253145,-1.23792153468438
"Item22",2.26637234506999,0.739153092247521
"Item23",2.22835355388443,0.651620639596118
"Item24",2.68902363145863,1.28569661906947
"Item25",2.09801265471772,0.565833974226356
"Item26",2.93824972613006,1.37079668940996
"Item27",0.767451219829902,-0.813587007671229
"Item28",3.4273588423087,1.70252181425412
"Item29",0.737108395238246,-0.712314002182685
"Item30",0.642011931780245,-1.10886061095717
