"Items","Est.Discrimination.2PL","Est.Difficulty.2PL"
"Item1",2.02709304783862,0.796088470698251
"Item2",1.55684996262434,0.282788580471904
"Item3",3.60571280026643,1.75346039198495
"Item4",0.0420934230754689,-0.322567372838785
"Item5",2.95195505351166,1.68964084557072
"Item6",2.11473120347673,0.644874072292075
"Item7",-0.294209058982794,-1.52002382170288
"Item8",3.06674132621121,1.36188897334078
"Item9",2.85392114387641,1.62895756859891
"Item10",2.4827544537533,1.04209747637374
"Item11",2.12976967994141,0.932110980489912
"Item12",3.83404865043661,1.93180090179243
"Item13",-0.281098968658816,-2.18644760904421
"Item14",3.62258712238019,1.94800323083554
"Item15",2.76726285056049,1.59157847390399
"Item16",0.0436135740907567,-3.43778632295527
"Item17",1.02214535815579,-0.534353059830708
"Item18",0.00477511349987521,-10.8915412839817
"Item19",0.123048135127255,-0.691767353801919
"Item20",-0.156208017389372,-2.04696884904017
"Item21",0.414241693165143,-1.09830716073481
"Item22",3.02745548207726,1.30620433079233
"Item23",1.58719522079781,0.0893790652446786
"Item24",1.81610651435096,0.0924696350325871
"Item25",1.29955693882443,0.119684076064273
"Item26",2.59549230647973,1.08934239577981
"Item27",-0.808164829691158,-2.13788778957722
"Item28",2.98979490455085,1.4576735468787
"Item29",0.999915655212481,-0.756330936148835
"Item30",2.13579158958023,0.922720650133672
