"Items","Est.Discrimination.2PL","Est.Difficulty.2PL"
"Item1",1.56527902719307,0.0111419800020178
"Item2",1.21127279786868,-0.357209458675836
"Item3",2.38084826825174,0.89956398265265
"Item4",0.182821986796932,-1.32556415907955
"Item5",-0.445017564240776,-1.86609994107018
"Item6",1.54469864193587,0.00971657254036985
"Item7",2.99362564011751,1.6318120027231
"Item8",2.82824400981827,1.39440538962111
"Item9",2.59802158486197,1.00666983877985
"Item10",3.04685431724302,1.5759547468519
"Item11",1.91480268741891,0.384484516673169
"Item12",1.34202145849103,-0.0482647629854816
"Item13",1.86105040981794,0.473070754446778
"Item14",1.32000456162443,-0.139684996814036
"Item15",-0.552509266889769,-1.84532505676735
"Item16",-0.460126326705133,-1.8567586152741
"Item17",0.887746486153468,-0.59499343422755
"Item18",0.506129414455009,-0.973379724227806
"Item19",-0.0859365305998768,-2.6038832107749
"Item20",0.188389798762293,-1.30440246548354
"Item21",1.95520088319573,0.644407735167355
"Item22",2.33227578100458,1.0154566571556
"Item23",-0.892407015861477,-2.2486500435018
"Item24",0.82119029848041,-0.651150006795806
"Item25",-0.222715994067095,-1.54532571866925
"Item26",2.42240685937758,1.28613680949723
"Item27",0.571584502803063,-1.04408721276277
"Item28",3.59129171296489,2.05914592957882
"Item29",2.85984291493186,1.39494805779157
"Item30",2.40135151219797,1.02649629985975
