"Items","Est.Discrimination.2PL","Est.Difficulty.2PL"
"Item1",2.85168017006769,1.80538131960392
"Item2",1.54908719177987,-0.0489944901436865
"Item3",1.59341935862811,0.403411233673077
"Item4",3.97763985847184,2.34858146816208
"Item5",3.26784202016761,1.94308283193956
"Item6",0.121957402811782,-1.57842377234573
"Item7",-0.0123015626315891,-1.03794685210828
"Item8",2.02780927885797,0.632362142596193
"Item9",1.08995774893746,-0.126474648442888
"Item10",1.51637964688829,-0.052504564706799
"Item11",2.12739282528067,0.844498610734693
"Item12",2.82116382919828,1.27352335747056
"Item13",0.67160143849663,-0.676258452045355
"Item14",-0.204502927422408,-1.72871188756781
"Item15",1.39729481901495,-0.38698167413823
"Item16",1.9661600735897,0.479815447767965
"Item17",0.558328555155397,-0.931678780976172
"Item18",2.48932178363265,1.00658346490928
"Item19",-0.513973367733234,-1.9556195997551
"Item20",2.65403771905045,1.34748614433703
"Item21",1.10666349060923,-0.307621651660673
"Item22",-0.156731303129135,-2.28858592417285
"Item23",0.380659025185899,-1.19065392440012
"Item24",0.823952667306241,-0.54311038983591
"Item25",1.69757490589551,0.334420567322903
"Item26",3.38161119452111,2.02597290922224
"Item27",1.75278447837891,0.253429152593041
"Item28",3.11892456015625,1.78273087051762
"Item29",2.92181516656508,1.25880805644816
"Item30",-0.134067598293487,-1.42485265262423
