"Items","Est.Discrimination.2PL","Est.Difficulty.2PL"
"Item1",0.313926182983846,-1.25723012103051
"Item2",2.06457486737604,0.657603355875101
"Item3",3.93085125067499,2.14726108812572
"Item4",0.645632418862932,-0.825046236000682
"Item5",2.00433084844911,0.671383368356048
"Item6",0.951095417113542,-0.572904638307078
"Item7",0.80512515033896,-0.93195260447197
"Item8",3.24717816271388,1.82558185444081
"Item9",2.83396935799137,1.75279161859727
"Item10",1.21018784993938,-0.231462884162945
"Item11",2.41222188155789,0.825085020085135
"Item12",1.25777549006834,-0.10955194201115
"Item13",1.03931694774069,-0.396727169335169
"Item14",2.53382345857195,1.25557311410053
"Item15",2.96556707379166,1.40325900349112
"Item16",1.69452509910899,0.435243404461734
"Item17",0.00390908198628483,-8.3830803035227
"Item18",-0.162609627804048,-1.07733540352265
"Item19",2.96494809033608,1.32509544805196
"Item20",0.951820427986272,-0.541176974129735
"Item21",-0.765915932932918,-2.20259720647007
"Item22",0.256919407663985,-1.18584672274529
"Item23",-0.91323804637908,-2.3999433010103
"Item24",0.131806453106904,-1.46137585401776
"Item25",0.320052774392502,-1.32749221564531
"Item26",1.53509441250125,-0.06344194995415
"Item27",1.29541846954097,-0.208795742536392
"Item28",0.612435413300769,-0.906410339549574
"Item29",2.81469404719685,1.12765309173238
"Item30",1.18715116393825,-0.0340931537305095
