"Items","Difficulty","Discrimination"
"Item1",-1.49978400719112,0.315418720770539
"Item2",-1.94152447325423,2.5386660262529
"Item3",0.903029860916118,2.91401898424339
"Item4",-1.77905113678924,0.721061142408099
"Item5",-0.790244028059615,3.0786983201068
"Item6",-0.865459649918317,0.53661873412631
"Item7",2.15823746263966,0.468204989141958
"Item8",-0.0864420845298655,0.5259739244628
"Item9",1.83386702057399,2.90848618715486
"Item10",-2.34060873747903,0.63966073626023
"Item11",2.13141196978986,0.592297418899756
"Item12",0.22702388665816,2.74533156626831
"Item13",-1.1453273152915,0.541911827695289
"Item14",-1.85376508970836,3.04208981138104
"Item15",-0.954279025055878,2.85889148807242
"Item16",0.0215726738663088,0.630418932704411
"Item17",1.48038432105488,0.661511279481669
"Item18",-0.434251543777575,0.318249087362637
"Item19",-1.27445114392654,0.386378680013806
"Item20",1.06765926379524,2.7926667294924
"Item21",0.366491080074883,2.25418910560375
"Item22",0.285417220628044,0.37374570031194
"Item23",-1.41464340318892,0.53634294201052
"Item24",-1.01406404241893,0.588299482921279
"Item25",-2.04122559805556,3.0878778320183
"Item26",0.513733494896514,3.00988362680824
"Item27",0.0397134847631009,0.472546983785855
"Item28",-2.20905633480343,0.458385640613057
"Item29",-0.193993534669354,2.76111361567581
"Item30",2.15870206557104,3.11044246456489
