"Items","Difficulty","Discrimination"
"Item1",0.280555161754315,2.95253358273001
"Item2",-1.25594663212948,0.474011455924865
"Item3",-1.34601527613995,3.01601011545706
"Item4",-0.900852361541934,0.455846716715489
"Item5",-2.72946881540449,0.554001039465408
"Item6",-1.10145469468213,0.518179201294976
"Item7",-2.10160674067174,2.79200878429584
"Item8",1.35326997408433,0.476201586576957
"Item9",-1.41829251957038,0.412796950498331
"Item10",0.954542898416849,0.665454198863175
"Item11",-0.147396200285781,0.556947993338751
"Item12",-0.98555985930072,0.531791094564392
"Item13",-2.29950461851078,0.534135900521735
"Item14",-1.91579745793894,0.618493335218143
"Item15",1.94336396726439,3.04954474046724
"Item16",-2.90761314165043,0.501750139235564
"Item17",1.16612891037838,0.477819024260098
"Item18",-0.948678649124996,0.489784859857735
"Item19",-0.916657842612532,3.12319401329091
"Item20",-0.960651655846949,0.547771529151013
"Item21",-0.888289066198744,3.0508242382369
"Item22",1.9856488534029,0.465290864414294
"Item23",-0.438509846177532,2.95151731272899
"Item24",-1.94146950128817,2.99918812345657
"Item25",-1.74876838778177,3.20392821669198
"Item26",-1.41590923115003,0.430566993106445
"Item27",-2.2132839140725,2.72708507477406
"Item28",-0.551011038865356,3.08268061327425
"Item29",-1.50613100209462,0.377546292902247
"Item30",-0.266845025892892,0.56137249679518
