"Items","Difficulty","Discrimination"
"Item1",1.18858354157264,0.385071900788251
"Item2",0.250210008681607,0.65173673015712
"Item3",0.610829043447271,3.09156964738931
"Item4",0.553223154662559,2.12044842801099
"Item5",-0.365623572315642,0.437313206254439
"Item6",1.63501813856916,0.48905601472977
"Item7",0.756390320714981,0.567361085498037
"Item8",1.52476127508453,0.359608967763466
"Item9",-0.958284259292329,0.500836547311044
"Item10",1.49974935540978,0.543921902100682
"Item11",-1.59298358843256,0.329987827593399
"Item12",-0.387744836072844,0.481585171578451
"Item13",2.38412729758481,0.420960854447172
"Item14",-1.82370926496113,0.328083255187766
"Item15",-1.65025553905389,0.552645131465004
"Item16",-0.447439746989016,0.497893533935605
"Item17",0.226347739960066,0.404495897659691
"Item18",0.405536302484996,3.01528036017695
"Item19",1.79558053107985,0.530513499055525
"Item20",-1.09664576401289,3.29160385464445
"Item21",2.03929274879459,0.672890170703607
"Item22",-1.55134028955629,0.294010676363203
"Item23",1.69831342292074,0.657085875194992
"Item24",-1.91334888066416,0.445491306834143
"Item25",0.608486146973765,3.11941868206949
"Item26",-1.85201519987439,3.40190590580804
"Item27",0.415793999314974,0.550827971904083
"Item28",0.278023711566449,0.448144536742018
"Item29",-0.393489725520313,0.364566671924134
"Item30",1.40119324535079,0.53321136463985
