"Items","Difficulty","Discrimination"
"Item1",1.29151538533908,0.286688431925086
"Item2",0.657472616133094,0.415247060093291
"Item3",-1.64957835912928,0.447988836971765
"Item4",-2.06198050881003,2.76160611597695
"Item5",0.686655544909474,3.30274234607355
"Item6",1.236983655389,0.515949636783013
"Item7",1.17710519239569,3.40786575852086
"Item8",0.232329832331262,0.623961925822239
"Item9",-0.854743517600302,0.564986514013624
"Item10",-2.04957223558197,2.95891671810949
"Item11",-0.525214741465677,0.735936148254658
"Item12",2.47601714312682,2.83207287225428
"Item13",-0.973257283637785,0.525466404338617
"Item14",-1.57254768496518,0.393442422599594
"Item15",-1.27074615605573,2.85380031372083
"Item16",0.836269143323954,0.663982805470728
"Item17",-0.180139746629056,0.614277309599991
"Item18",0.372841468936185,0.407485932844351
"Item19",-0.281657013880089,3.05581055915637
"Item20",1.84782763569217,0.510635715766503
"Item21",1.69509952948936,0.564918459529073
"Item22",-0.86246164353353,2.91922230351721
"Item23",-0.152553893524385,0.441824070637134
"Item24",0.985096269457863,0.444080419625474
"Item25",1.94657483073328,0.510408965363865
"Item26",1.34569013476587,0.521454400235013
"Item27",-2.15618318963123,0.636672871062004
"Item28",1.15980799197882,0.527307795072917
"Item29",1.46642109825139,3.23816937846943
"Item30",-0.735947666797419,0.577024588194071
