"Items","Difficulty","Discrimination"
"Item1",1.3712686098626,0.351604428934992
"Item2",-1.83019092213191,0.676726932227412
"Item3",-0.452493127372138,2.98729739357379
"Item4",-1.47922409545147,0.448987883799803
"Item5",-0.458583741166119,0.354249663194742
"Item6",0.937051889170125,0.544085902201979
"Item7",-1.04845826208082,2.91625694751462
"Item8",1.38459732810866,2.9753592749687
"Item9",-1.60047256992195,0.409871937810768
"Item10",-2.33469075678844,0.540995631516554
"Item11",-0.595649448141351,0.251522198478695
"Item12",-1.57302105462689,0.550963191606562
"Item13",0.715686297434588,2.9916701070273
"Item14",0.653310521680885,0.702633604582042
"Item15",-0.541889237575014,0.500414319051193
"Item16",-1.49013346263407,3.04678002800961
"Item17",0.926263501125456,0.542731340063518
"Item18",-1.76132241899681,0.341658347135906
"Item19",1.81451168274339,0.54705216349946
"Item20",1.24281383383551,0.528952876811527
"Item21",-0.166780905967339,0.575730378501595
"Item22",2.04296737961919,0.430466621566602
"Item23",0.0800758445368737,0.475777943359497
"Item24",0.256770459195569,0.628448888457911
"Item25",-1.09067658783006,0.617407387378061
"Item26",1.30248120404641,0.586600623582529
"Item27",-1.60354404375846,2.88933222800601
"Item28",0.308772443859616,3.12251075829019
"Item29",-1.08987325216846,0.42609168091756
"Item30",-1.77972436444953,0.639950315530401
