"Items","Difficulty","Discrimination"
"Item1",-0.522117925139536,1.39921616803
"Item2",1.62784493386987,0.591904116459125
"Item3",-1.81786118124372,2.24242756005555
"Item4",-1.4300552718319,1.71276601815507
"Item5",-1.00968794307521,1.7873241672269
"Item6",0.274542156948075,1.44265241287332
"Item7",-1.36527764767234,2.12782322645028
"Item8",0.433912611736074,1.46948227215762
"Item9",-0.550773919533886,1.85011726726076
"Item10",-1.82992712822495,2.83057715574779
