"Items","Difficulty","Discrimination"
"Item1",-1.55959722840141,2.04443314669669
"Item2",-1.77828891421434,2.62823757461249
"Item3",0.754413685524863,1.06697917759914
"Item4",0.83996661379072,0.82804223307188
"Item5",-0.640697523726923,0.841493565540103
"Item6",0.77077458819202,0.947118838119702
"Item7",-0.516729316229371,0.87626452995331
"Item8",0.584372067063278,1.10244970503272
"Item9",0.467668399892741,1.15049776394631
"Item10",0.926567380449546,0.90945038709031
