"Items","Difficulty","Discrimination"
"Item1",-0.0395457041606897,1.12162378272915
"Item2",-1.50670438532369,2.37901606881127
"Item3",0.456914169685777,0.951626596856088
"Item4",-0.49442988744457,1.26521620777789
"Item5",1.49467651533485,0.879190569835015
"Item6",1.25143207951647,0.842989916405525
"Item7",-0.0420408159395936,1.2154409268459
"Item8",-0.800769793827397,1.71220414635212
"Item9",0.433744563470776,0.964409386531855
"Item10",1.39750217112732,0.677299944007735
