"Items","Difficulty","Discrimination"
"Item1",0.00634621912546999,1.13058218299027
"Item2",-0.460460068523741,1.44453508246904
"Item3",1.36818974332116,0.786694402239234
"Item4",0.736670762726497,1.08535634906716
"Item5",1.51624674676392,0.688294370995079
"Item6",-0.333392669183117,1.20833870960137
"Item7",-0.217611531559586,1.20615583864381
"Item8",-0.621420060831784,1.58533377262357
"Item9",1.42254581597386,0.793584145251424
"Item10",1.61489295431809,0.617368032441453
