"Items","Difficulty","Discrimination"
"Item1",1.09217220727351,0.993314617473365
"Item2",0.801443302439355,0.913217367312804
"Item3",-1.51061931712784,2.82391632589704
"Item4",0.73745850598086,1.12098159803699
"Item5",-1.59879009995331,2.40087921361506
"Item6",0.88337938709874,1.03603488067424
"Item7",-1.78326884494182,2.88767838911788
"Item8",-0.673054488383939,1.00749095490731
"Item9",-2.04539912093453,2.00374081694405
"Item10",0.88271094358947,1.08301202648148
