"Items","Difficulty","Discrimination"
"Item1",-1.26714231264126,1.83898023699638
"Item2",1.19068853594785,0.842648455931503
"Item3",-0.580639898063474,1.81044261739177
"Item4",-0.649675138514092,1.14890754507658
"Item5",-0.306733460627648,1.27873981632253
"Item6",-1.59264526928113,2.40175726393654
"Item7",-0.193293524879746,1.71967986694055
"Item8",2.24430031321511,0.967416406249961
"Item9",-0.576737764517986,1.33647725674889
"Item10",1.61016848229559,0.298416707068521
