"Items","Difficulty","Discrimination"
"Item1",0.171992752886584,1.12977382751701
"Item2",-0.419804471834649,1.44507023620458
"Item3",-1.34274175051168,2.1125571771034
"Item4",-2.01642027724583,2.7297412969338
"Item5",1.0475616069804,0.792191046928937
"Item6",-1.06843952258798,1.76948411092058
"Item7",-1.62905679086226,2.20699005440524
"Item8",1.78420245057532,0.359203114669966
"Item9",2.97290022761017,0.295840922163878
"Item10",1.80888985752939,0.339390996546103
