"Items","Difficulty","Discrimination"
"Item1",1.36298231082549,0.665479809977206
"Item2",0.0789892968685092,1.58049216909613
"Item3",0.54782396305594,1.25303124591612
"Item4",-0.10672784117842,1.06535883062628
"Item5",-1.2462068749749,2.08760468433249
"Item6",0.099479640639862,1.25211176345073
"Item7",-1.12080098039863,1.83610338302902
"Item8",0.543252532235292,1.11983155728634
"Item9",0.59962144605508,0.763925405440306
"Item10",2.22282597002873,0.883079834980251
