"Items","Difficulty","Discrimination"
"Item1",-1.51156320538159,2.14690089955274
"Item2",1.2798805908051,1.11411459404997
"Item3",-0.507103408400974,0.919639166066269
"Item4",1.645907091219,0.991213208429611
"Item5",0.0895772461231893,0.858390115837382
"Item6",1.01338302425644,0.882708387310199
"Item7",-0.977065068726559,0.784697687495228
"Item8",2.16658374019275,0.883972343717611
"Item9",-1.87569435771985,2.97155618133835
"Item10",0.891634169717718,0.927489369892853
