"Items","Difficulty","Discrimination"
"Item1",1.44067779522811,0.872863116654711
"Item2",-0.139069139431535,1.53773869254987
"Item3",-2.10425546896607,2.74758542123044
"Item4",1.74430824246268,0.634503241510783
"Item5",1.19208407556871,0.710856564229102
"Item6",-0.0812994252900632,1.30889889358737
"Item7",-0.823612510453302,1.53492087789862
"Item8",-1.6574147403533,2.70022566348574
"Item9",0.100502167522141,1.18759560032058
"Item10",1.36118103303551,1.03876632171431
