"Items","Difficulty","Discrimination"
"Item1",1.72033826851162,0.737550431034794
"Item2",1.49688588674152,0.731818137597625
"Item3",-1.26095412333671,2.33561985805115
"Item4",-0.322779081318477,1.15373778799113
"Item5",-1.33564943327097,1.9472139706043
"Item6",-0.353542875243225,1.84490220171371
"Item7",-1.74659807221633,2.17078915727838
"Item8",-0.985924016032441,1.70838930484963
"Item9",1.19235908750237,0.843603860762451
"Item10",0.931873538148759,0.824771259488195
