"Items","Difficulty","Discrimination"
"Item1",1.58915340534626,0.52271350657317
"Item2",0.06381235589881,1.14338565002025
"Item3",1.21453611162256,0.569038788120196
"Item4",0.261076717216608,1.14790600900705
"Item5",2.2059317010957,0.473984283096789
"Item6",-0.158647567260456,1.14512490584625
"Item7",1.37089145759267,0.821531988199516
"Item8",0.230320011342404,1.07420691079808
"Item9",2.12009052856799,0.549164962797685
"Item10",0.00729590107680161,1.14369427121579
