"Items","Difficulty","Discrimination"
"Item1",-1.04650066900598,1.75756065106688
"Item2",0.0629572490195909,0.975738478465216
"Item3",1.15174017114264,0.837492249204026
"Item4",0.844774981893365,0.905923988219949
"Item5",-0.414131288585465,1.65983410038366
"Item6",-0.181146785168517,1.43105375700479
"Item7",-0.961243814486425,2.11141007544524
"Item8",-1.17613344224759,2.12293404495345
"Item9",-1.56663050317065,1.98191613606355
"Item10",-1.34587565036106,2.01914305370921
