"Items","Difficulty","Discrimination"
"Item1",-1.50146529093178,2.55285464632143
"Item2",-0.966692105227128,1.53898187634267
"Item3",2.24185098488646,-0.107218231291318
"Item4",1.09266491816268,0.856983193672668
"Item5",-1.67562571519192,2.56112970899573
"Item6",0.401694140548138,1.280622507806
"Item7",-1.17344302463652,2.14541279057167
"Item8",-1.34055796744472,2.27822349731212
"Item9",1.06817018519066,0.694980822864788
"Item10",1.93091581740859,0.787892725673913
