"Items","Difficulty","Discrimination"
"Item1",-1.72466411773473,2.30031150931327
"Item2",0.899984040666025,0.974000028150935
"Item3",1.29638944372859,0.708852199748928
"Item4",0.248563613175322,0.984238715039272
"Item5",1.9499584169145,0.673541233751229
"Item6",-0.504267412827891,1.44382190790846
"Item7",-1.16428771155636,1.76202220254306
"Item8",-1.18598389560154,1.99741319843094
"Item9",0.961175675028841,0.656512088807046
"Item10",2.09148462222686,0.51428388775071
