"Items","Difficulty","Discrimination"
"Item1",-0.182394081126462,1.05130992115422
"Item2",0.751775759698509,1.67521480220999
"Item3",-1.46420443195879,2.20529001246252
"Item4",-1.63782511900104,2.40310913952396
"Item5",1.10349287418528,0.681348014241717
"Item6",-0.631702409108796,1.47779277049255
"Item7",1.48257057577048,0.873273519737928
"Item8",-1.92988571666748,2.77258327037989
"Item9",-1.69194701601349,2.48446571430696
"Item10",1.35720645436201,0.462220800184993
