"Items","Est.Discrimination.2PL","Est.Difficulty.2PL"
"Item1",0.239484646479294,-0.887340262518697
"Item2",0.303496818313465,-0.366980799974329
"Item3",3.4266606794786,0.162367738313569
"Item4",2.65328480265673,0.805984741942192
"Item5",0.286438485182204,0.525036495835981
"Item6",0.272270329073844,0.992919701652208
"Item7",2.56258197258151,-1.53433747235153
"Item8",0.271189745109227,0.432896553709724
"Item9",0.236473488012182,-0.999064358968401
"Item10",0.198448883539526,-3.14444847725977
