"Items","Est.Discrimination.2PL","Est.Difficulty.2PL"
"Item1",0.237341342343171,-0.5374294674708
"Item2",0.242409763909317,-1.2854813679198
"Item3",0.235716331689821,-1.24361029829244
"Item4",0.256231680870265,-1.23437138676492
"Item5",0.199801774125318,-0.76984345387064
"Item6",0.241295960257809,0.559069504998897
"Item7",0.238341193207035,1.18859182360013
"Item8",0.278906945893144,0.907782318802822
"Item9",3.27878440199022,-0.806972498472485
"Item10",3.15472746275749,0.297165586208532
