"Items","Est.Discrimination.2PL","Est.Difficulty.2PL"
"Item1",3.16620330277324,-0.191135754490074
"Item2",0.234588247227691,0.176266726348812
"Item3",0.251013545588166,1.46895757543621
"Item4",0.24811951535158,-2.15922914817962
"Item5",0.212057221510559,-0.259085838467294
"Item6",0.293997567797303,-1.25812693873398
"Item7",2.75280803212757,1.62914979597071
"Item8",0.252796384699114,0.0192980513583103
"Item9",0.226591303878257,-1.12123404307917
"Item10",0.32681668474525,-0.304080052350354
