"Items","Est.Discrimination.2PL","Est.Difficulty.2PL"
"Item1",0.258038257524845,-0.876434641231055
"Item2",3.09407940821535,1.87092357555213
"Item3",0.221675856150747,-0.666057987168036
"Item4",0.22240698789649,-0.942742198266417
"Item5",2.72428795685674,-0.379975812365717
"Item6",2.97848282442849,0.0933241654658984
"Item7",0.222144247971446,0.244345745094789
"Item8",2.81284448962946,-0.458967107588735
"Item9",0.228874437030087,-1.52304936306872
"Item10",0.281037713747397,0.188626422754154
