"Items","Est.Discrimination.2PL","Est.Difficulty.2PL"
"Item1",1.35962612857268,-0.826851429689108
"Item2",1.43845335731359,0.0962571995731099
"Item3",0.46268075785347,1.16641041429331
"Item4",1.12848714817597,1.34564646148133
"Item5",0.885666577468652,-1.01833431994343
"Item6",0.83837102552791,-1.01398848212494
"Item7",1.26858370818316,-1.19642599867373
"Item8",0.223116687236365,-0.0653879718822866
"Item9",2.99972994341148,1.98364758923324
"Item10",1.28754552133051,-0.0207881479940934
"Item11",3.11694333126272,-1.85318373162639
"Item12",2.87328266963122,-1.81277868957373
"Item13",1.63909634387925,0.711369275606724
"Item14",3.15677199508673,1.55695685892171
"Item15",1.54100270033015,-0.625882535636709
"Item16",2.88436767050862,1.81431733085827
"Item17",3.01859049526114,-2.03290840176519
"Item18",2.48518052447902,-0.175548944632166
"Item19",2.3932792845465,0.724982567053799
"Item20",1.84783603653338,-0.744027687924728
"Item21",1.44766790919226,-0.954109078667397
"Item22",2.91259626235789,-1.73263241919187
"Item23",2.0309081021321,0.449943301386573
"Item24",2.92053950011555,1.65337838229073
"Item25",2.21949943207014,0.801837700277165
"Item26",2.16007463993414,0.533845087553179
"Item27",1.82423266004687,0.767345233178561
"Item28",0.743698464547906,-1.17842556864823
"Item29",1.207456740089,1.13335471998844
"Item30",2.7783074480417,-1.67351494507698
"Item31",2.88451381855837,-1.65396780955055
"Item32",1.31694831884309,-1.40068717223555
"Item33",3.12621516261058,-1.7493908363811
"Item34",3.0903871492111,1.69210230265993
"Item35",2.0377826676651,-1.45500224855276
"Item36",1.38968753408819,1.39318160430055
"Item37",1.86119515490482,0.365755043845612
"Item38",2.86381643440487,-1.52450609426705
"Item39",3.20940745753261,2.17699201470573
"Item40",1.60852986779115,0.52679500899508
