"Items","Difficulty","Discrimination"
"Item1",1.47721818581112,0.624580208587033
"Item2",-0.614792782539656,2.54644260910558
"Item3",-1.86013294595869,2.8694795090093
"Item4",-2.26898620592017,2.83368739654405
"Item5",-0.885847396698196,2.28654490210705
"Item6",1.86129916219914,0.371344599099094
"Item7",1.41598362352623,0.850150516436624
"Item8",-0.554508242040747,2.1531834448572
"Item9",-2.14996707436075,3.17227861733022
"Item10",-0.438630079712498,2.13561213906122
"Item11",1.19175814128613,0.921706975926369
"Item12",-2.01793370402968,3.34856719474819
"Item13",1.41829301334598,0.710280438375658
"Item14",1.03967353796891,1.19064103201649
"Item15",1.55421594037796,0.686169408550741
"Item16",-1.02193911978452,3.10571141262969
"Item17",-0.787693004132119,2.82655079045899
"Item18",2.09837739640659,0.561298449426088
"Item19",-1.02074728295597,2.90722641834004
"Item20",1.72940803496622,0.498720664255962
"Item21",-1.88607148234167,2.87115517098555
"Item22",0.156936037224444,1.53702896203882
"Item23",1.25756515843335,1.2336451438819
"Item24",1.09173482886746,0.988998804935907
"Item25",-1.30312715334397,2.96370342460257
"Item26",-0.728065061021435,2.89213748517735
"Item27",0.459010702699154,0.793900580457487
"Item28",1.10005967268392,1.02200843326994
"Item29",-0.163308423155244,1.90553569680699
"Item30",0.697647117141175,1.124589362654
"Item31",0.383109895634594,1.45089622464556
"Item32",0.669890272955026,1.0952008872633
"Item33",-1.25701674399264,3.02552694758323
"Item34",-0.430816002313085,2.33120145743787
"Item35",-1.83496991098988,3.50790173978341
"Item36",0.00250949501157759,2.29180809107804
"Item37",2.04316615723638,0.907798383520666
"Item38",1.07761184377691,1.07115467920207
"Item39",-1.38242641152714,2.66996703320181
"Item40",1.75340148725154,0.58520282826111
