"Items","Difficulty","Discrimination"
"Item1",-0.21719413055964,2.28051779951515
"Item2",-0.844021329965382,2.69919103484162
"Item3",-0.698615756613691,2.40748848348136
"Item4",1.93143720960453,0.618454542985638
"Item5",1.48250893133874,0.745369774520393
"Item6",-0.295143451000774,2.23276765381234
"Item7",-0.0142736862524304,1.38133926700382
"Item8",1.73524488198806,0.371247344466953
"Item9",0.571520522503482,1.13503172972931
"Item10",1.89978487590577,1.03949050439018
"Item11",1.4692847868374,0.916959700127512
"Item12",-0.12745372669648,1.77203379122211
"Item13",0.691990933691184,1.46387916870478
"Item14",0.751378478336389,0.437357729296027
"Item15",0.660641994168213,1.39513642371544
"Item16",0.499447700856427,1.88163660943887
"Item17",-0.164070134360586,1.77476647364728
"Item18",1.73292355497519,0.912729011874108
"Item19",1.24112751901139,0.976779583742054
"Item20",0.973368205989738,1.18496931292678
"Item21",-1.76810912909303,3.22956249891086
"Item22",0.150447542888609,1.64450430689604
"Item23",-1.87592359650055,3.20061450194152
"Item24",1.63772743346372,0.221232964211468
"Item25",-0.159667420260784,1.98134498489859
"Item26",2.37180572098118,0.660088413701475
"Item27",0.977777223539306,1.14936504587315
"Item28",0.0879833818201925,1.75331700179905
"Item29",-1.537106096775,2.90194685567182
"Item30",-1.07498316479728,2.71835601315155
"Item31",-1.27383115076669,2.94524686231333
"Item32",-0.998779457752293,3.21068778290258
"Item33",-0.320018835866631,2.1276781038404
"Item34",-1.07044757374614,2.79324500861695
"Item35",1.03221069365942,1.13915596187629
"Item36",0.973834608150203,1.19971518602874
"Item37",1.55158876867229,0.893517530797791
"Item38",-0.21185774138647,2.13194826164295
"Item39",-0.542657123167763,2.62015926291409
"Item40",-1.50839485935108,2.65593180294447
