"Items","Est.Discrimination.2PL","Est.Difficulty.2PL"
"Item1",0.262028677322189,0.497948815710235
"Item2",0.372787135894436,-0.0544820132525292
"Item3",2.28291247076153,-0.413507446813499
"Item4",1.96025735262165,-0.456257308206568
"Item5",0.264536869110709,0.477956755906886
"Item6",0.194827082346622,-0.248366969348317
"Item7",0.244408536359657,-0.0659125947739956
"Item8",0.253800287073426,0.900828797114631
"Item9",2.01975816108763,-0.618372068984606
"Item10",2.57143598187493,-1.07326429086738
"Item11",0.241924234447485,-0.100130918257652
"Item12",0.288113711393038,0.113977586947431
"Item13",1.98707752675771,-0.630838613692985
"Item14",1.88240013260296,-0.544647743405347
"Item15",0.215837007734087,-0.431016930994624
"Item16",2.15639380985201,0.0359802152150097
"Item17",2.24711438722353,-0.640629873994977
"Item18",2.82489155447582,1.08664284880292
"Item19",2.22967782979859,-0.181914113639343
"Item20",0.275860112061013,0.192662588742543
"Item21",2.3685669061906,0.73168274235701
"Item22",0.149939582810365,1.26485280887176
"Item23",0.223449450176716,0.109177423293817
"Item24",2.23158717864506,-0.660838923220234
"Item25",0.238154966686803,0.204887785678525
"Item26",0.127914816073252,-0.156803208039532
"Item27",0.213117806982082,0.399219707112891
"Item28",1.8415755991473,-0.000892017794757251
"Item29",0.164643634761766,1.64891008511
"Item30",0.212847882292206,0.190473790606834
"Item31",0.210092556051265,-0.616310898928601
"Item32",2.0501685293628,-0.00346075397578063
"Item33",2.38962220639483,0.379603467161243
"Item34",0.213022635779358,1.31892454562031
"Item35",0.112118799737355,0.35811650614173
"Item36",0.264305335207092,0.741682490909748
"Item37",0.175713757296048,0.229732867235667
"Item38",0.21761337250044,-0.576761750121611
"Item39",0.21766978300544,-0.204102503037948
"Item40",0.131350482597866,0.214307412004086
"Item41",0.0329930173804384,-3.15577710070612
"Item42",2.08858624461278,-0.175613141802548
"Item43",0.221953096867645,0.456835337263448
"Item44",2.00994980495676,0.318946564469293
"Item45",2.42105254152661,-0.691061946939973
"Item46",0.146132111489378,-0.688269382610598
"Item47",2.45475590471153,-0.191005044134634
"Item48",0.204882608538012,-0.671292991253631
"Item49",0.14985300284204,-0.214506609972791
"Item50",0.203520957211065,2.40890107776403
