"Items","Difficulty","Discrimination"
"Item1",1.33956649428535,2.35509698757643
"Item2",-2.05156215757637,3.14669383679066
"Item3",-0.949097316659921,3.05684558346606
"Item4",-1.5806185719788,3.38759186882517
"Item5",0.220115491009259,2.71599915099582
"Item6",1.29716539252521,2.11040132366812
"Item7",-0.621825193802575,2.82345056826356
"Item8",-1.22958233384803,3.06570189544612
"Item9",-0.621371132086452,2.94308600892342
"Item10",1.10558160173392,2.5008531501932
