"Items","Difficulty","Discrimination"
"Item1",0.809180449063253,2.42615020920887
"Item2",-0.952530496003402,2.99656482333115
"Item3",1.40651908392045,2.07226253602921
"Item4",-1.85871894199154,3.05399875543539
"Item5",1.21640047354825,2.26035011716675
"Item6",-1.50908070271393,3.03057388368246
"Item7",1.84830818199903,1.79452417628663
"Item8",1.55233514235027,2.01899291609267
"Item9",-1.09689002459756,3.13730577207096
"Item10",1.18058016650077,2.27126848143817
