"Items","Difficulty","Discrimination"
"Item1",-2.29133624181627,3.24927848415358
"Item2",1.14777781483887,2.41048083643473
"Item3",0.3969478224583,2.72912812363125
"Item4",-0.246900994121645,2.79704237508155
"Item5",-0.150435734815261,3.02010358400254
"Item6",-1.14737764151985,3.225447961526
"Item7",0.486695860073292,2.57877705259502
"Item8",1.61269912679455,2.08387086015903
"Item9",0.3401612123776,2.70424326567144
"Item10",0.751230176254507,2.60146481992678
