"Items","Est.Discrimination.2PL","Est.Difficulty.2PL"
"Item1",2.10981222249049,0.0487260910655248
"Item2",1.31928404689036,0.0407199076338499
"Item3",1.35010602706684,0.103658309547557
"Item4",2.08419737890327,0.0807033133551458
"Item5",1.58695245122872,0.116647379611484
"Item6",1.76660684297786,0.172610327880516
"Item7",1.9679252301201,0.0597932880643885
"Item8",2.49824875941766,0.102313199314574
"Item9",1.29042220581479,0.0738369024104471
"Item10",1.59446045616565,0.0188412007456396
