"Items","Est.Discrimination.2PL","Est.Difficulty.2PL"
"Item1",1.01377023331562,0.028109192290652
"Item2",1.23310592473879,-0.0447599262708892
"Item3",1.06626853527094,0.0414583131573395
"Item4",0.9168317909253,-0.1300912231983
"Item5",1.669129394339,-0.00247485579243417
"Item6",1.02692329921984,0.00430123043138957
"Item7",1.77180002181802,-0.146265065862412
"Item8",1.05784845199985,0.176352653641571
"Item9",1.86567543068967,-0.0444661285222859
"Item10",1.83229295372857,-0.00790245158552863
