"Items","Est.Discrimination.2PL","Est.Difficulty.2PL"
"Item1",0.265001871828857,-0.184302390541641
"Item2",0.454638473232214,0.138696935057546
"Item3",0.0315947993580145,3.80346732527711
"Item4",0.279966033055507,-0.11650231091831
"Item5",0.20050189798432,-0.18142160291485
"Item6",0.197930817120409,-0.122497304171022
"Item7",1.81054248063242,0.00129136297341671
"Item8",1.90243346927524,0.0349840633162841
"Item9",1.54000130614624,0.0829454331637432
"Item10",2.0093198575077,0.0639012406781215
