"Items","Est.Discrimination.2PL","Est.Difficulty.2PL"
"Item1",1.73082953248831,0.00195408722566892
"Item2",1.03124372672222,0.159741121397015
"Item3",1.31245825356797,0.0956188360007373
"Item4",1.2800949780127,0.0807570472792674
"Item5",1.74494362536967,-0.0359261359988871
"Item6",1.29894525831076,-0.134991381460616
"Item7",1.93555429924441,0.0179857749582398
"Item8",1.14655433785831,-0.0360324126404471
"Item9",1.99966023317252,0.0111947639755016
"Item10",1.13027790827529,0.0212353180017214
