"Items","Est.Discrimination.2PL","Est.Difficulty.2PL"
"Item1",0.559230571290757,-0.0756539827168996
"Item2",0.679398047508688,-0.0244714429811268
"Item3",1.7758346081821,0.119472710380584
"Item4",1.69153294126111,0.0865312198246628
"Item5",2.17928863780648,0.107961412667314
"Item6",1.93227885167258,0.0293445700622445
"Item7",1.82135840180132,0.0432533112166497
"Item8",1.99424037775739,0.0816173429870764
"Item9",0.574159906808544,0.0836908375365831
"Item10",0.720489629126562,0.0760611342857499
