"Items","Est.Discrimination.2PL","Est.Difficulty.2PL"
"Item1",1.22524470409105,0.0181764147628256
"Item2",1.75955077225616,-0.0285191082103377
"Item3",1.16790011616271,0.00556959875849753
"Item4",1.68431856909202,0.0761074081937765
"Item5",1.04576609230353,0.0617900432932657
"Item6",1.12097618531161,0.0502031883401922
"Item7",2.10917906558594,0.0539128633907385
"Item8",0.904348614348232,-0.00960539046244094
"Item9",1.95176409418951,0.0782627600641391
"Item10",1.16833930928147,0.101100128509016
