"Items","Est.Discrimination.2PL","Est.Difficulty.2PL"
"Item1",1.20233784333187,0.0666845634036393
"Item2",1.11142716644235,-0.00661519540016028
"Item3",1.18520302535322,0.054291198237845
"Item4",1.10504601959717,0.0203830547547418
"Item5",1.11172417866357,0.0382961358603422
"Item6",1.34490476890814,-0.060688710905331
"Item7",0.919123121057329,0.0120305818575956
"Item8",1.1981552308283,0.0111974141118081
"Item9",1.21790389613523,0.0408067821553935
"Item10",1.24694387190553,-0.00554600853139866
