"Items","Est.Discrimination.2PL","Est.Difficulty.2PL"
"Item1",1.2066355408293,-0.095046188542604
"Item2",1.12278740409485,-0.103242139716951
"Item3",1.2270978075849,-0.048034254420171
"Item4",2.06807007025263,-0.0651467374404515
"Item5",1.10875361743481,-0.0456302524889378
"Item6",1.24522010792752,0.0854107742928867
"Item7",1.45223857098575,0.0684041140033557
"Item8",1.39812893725608,0.0122052446049639
"Item9",1.30719225896735,0.0782418990317006
"Item10",1.12887070731294,-0.107368131108434
