"Items","Est.Discrimination.2PL","Est.Difficulty.2PL"
"Item1",0.980074316039062,-0.050777439885722
"Item2",1.95915839821386,-0.133239564261705
"Item3",0.87301751767363,0.05184350530594
"Item4",0.698716441903307,-0.210906480523489
"Item5",0.977784365636864,-0.2131994798497
"Item6",2.04386155882731,-0.0987399209952738
"Item7",0.711709603382699,0.0177389068789713
"Item8",1.85369142364701,-0.153090654585
"Item9",0.858732729225204,-0.131073947098579
"Item10",2.04836423232294,-0.0727704828528155
