"Items","Est.Discrimination.2PL","Est.Difficulty.2PL"
"Item1",0.439952061564149,0.228565150251201
"Item2",0.563860238570243,0.305568349543043
"Item3",0.437950097110875,-0.0858937887300018
"Item4",0.137597333377252,0.175025681189223
"Item5",1.98801020295551,0.00470910022486975
"Item6",1.58438173068152,0.107413105318385
"Item7",0.282684404511575,0.144299988442258
"Item8",0.424754954220806,-0.196512499614802
"Item9",2.45895575708025,0.01104118584309
"Item10",0.434661904666162,-0.22129713929972
