"Items","Est.Discrimination.2PL","Est.Difficulty.2PL"
"Item1",0.459073636049306,0.219648154799666
"Item2",1.88649143437562,0.00904207391348007
"Item3",0.515392860463981,0.14007735557217
"Item4",0.397903526473753,0.166979500491531
"Item5",1.69390203776455,0.0556638558676647
"Item6",0.420246482114502,0.0792888736925013
"Item7",1.81246264414535,0.043546803562165
"Item8",0.714467664448622,0.074622193106939
"Item9",0.452857702293234,-0.0557116046859324
"Item10",1.72264562580447,0.0516818301499832
