"Items","Est.Discrimination.2PL","Est.Difficulty.2PL"
"Item1",0.144982969335739,-0.388492327131242
"Item2",0.18176349798184,0.510674586811359
"Item3",0.327059972942359,0.276212637277045
"Item4",0.211404971200413,-0.459485586456634
"Item5",0.353577878353342,0.05823488718173
"Item6",0.0450284020444034,1.42284477520145
"Item7",0.179302823459452,0.0449832602923604
"Item8",0.12807096904518,-0.407917926639573
"Item9",0.352523827530483,0.163641561775044
"Item10",1.80912760500004,0.0407602589774824
