"Items","Est.Discrimination.2PL","Est.Difficulty.2PL"
"Item1",1.25449203564062,-0.0792863168116963
"Item2",1.26493507301574,0.0326530397904293
"Item3",1.50653675462486,0.0382855928072152
"Item4",1.81982707422634,0.0262428308679978
"Item5",1.2385847356545,-0.0088844363152894
"Item6",1.27609633610378,0.0407519843863143
"Item7",1.93144550499321,0.0458492690353168
"Item8",1.12389657353249,0.0566187967605757
"Item9",1.14962696231063,0.0296066912607534
"Item10",1.23112707669458,0.0539930556173257
