"Items","Est.Discrimination.2PL","Est.Difficulty.2PL"
"Item1",1.89745551509708,0.0867163634546805
"Item2",1.39332079757299,0.0188001803369013
"Item3",1.37669354758636,0.0661442618017154
"Item4",1.25062225578157,0.0251103179434606
"Item5",1.92739764625683,0.0132977391678866
"Item6",1.30422730339364,0.0728048143127864
"Item7",1.23886973037289,0.0881197885485546
"Item8",1.21657377895206,-0.101163068199498
"Item9",2.03773511362133,0.0511382049517707
"Item10",1.38246063731642,0.0346100748154836
