"Items","Est.Discrimination.2PL","Est.Difficulty.2PL"
"Item1",1.19600911062922,-0.0665178563462539
"Item2",1.87055504056629,0.0199499261216603
"Item3",1.37531893906809,0.0571088847880745
"Item4",2.26711322102628,0.0193624119728263
"Item5",1.86226245226878,-0.0167577673408554
"Item6",1.5707484180757,0.0463126346155969
"Item7",1.21613765052806,0.103342885657025
"Item8",1.43122261646613,-0.0206138615017898
"Item9",1.38354696146834,-0.083715835494875
"Item10",1.97442586371769,0.0587583999642819
