"Items","Est.Discrimination.2PL","Est.Difficulty.2PL"
"Item1",1.34909403240392,0.00394823914039235
"Item2",1.37019357424984,-0.0393078420860239
"Item3",1.20106411851874,0.016993803670001
"Item4",1.34246128968932,0.00793522686925438
"Item5",1.81096492767234,-0.050674302191942
"Item6",1.26795826340349,-0.0783010505386917
"Item7",2.08969419499528,-0.00290071399636059
"Item8",1.21050055532381,0.0593221128538635
"Item9",1.37448422445418,0.0352895113342373
"Item10",1.2546794591561,-0.024906936850974
