"Items","Est.Discrimination.2PL","Est.Difficulty.2PL"
"Item1",0.256767037914154,0.0949959695882016
"Item2",1.47079838767574,0.00405287148855974
"Item3",0.0528306361420148,0.303035684212845
"Item4",0.164780925998107,0.391154327261075
"Item5",0.0402738894014025,-1.88800334336788
"Item6",1.86139103931954,0.0888436012745231
"Item7",0.240629001872497,0.18549706819026
"Item8",0.166235303603523,0.266623459337687
"Item9",0.187569171805499,0.365809022955925
"Item10",0.18315077577388,-0.506875699349619
