"Items","Est.Discrimination.2PL","Est.Difficulty.2PL"
"Item1",1.3929103846092,-0.080985168734449
"Item2",1.46668680040773,0.0426397844390646
"Item3",1.29112356276817,-0.0521600714582123
"Item4",1.96879937155757,0.0502732317674677
"Item5",1.68491474102647,-0.0340933766942105
"Item6",1.77207246879507,-0.0057306065808868
"Item7",1.78933658669624,0.062662009972331
"Item8",1.72237435332057,0.0498478233582342
"Item9",1.17014773273521,-0.03391315126835
"Item10",1.7877422716449,-0.0364637305233974
