"Items","Est.Discrimination.2PL","Est.Difficulty.2PL"
"Item1",1.92326418004122,-0.00982546243350877
"Item2",0.568877464582206,0.211202030697804
"Item3",0.644031498439493,0.148828514372772
"Item4",0.666184786530966,-0.0669443370842438
"Item5",0.70453003761287,0.0811066509074163
"Item6",0.754196102884969,0.202297630931012
"Item7",1.71760589053951,0.0180962261570737
"Item8",0.740332984889363,0.0899309336246334
"Item9",1.54299471663502,0.034319518855544
"Item10",0.725817315508683,0.12842549693249
