"Items","Est.Discrimination.2PL","Est.Difficulty.2PL"
"Item1",1.18463184084678,0.0447266564248989
"Item2",1.15217607529123,0.0848230766325561
"Item3",1.27776944608295,0.0552338867358191
"Item4",1.10727671241554,0.0599770990720921
"Item5",1.29959214656968,-0.0222615467293063
"Item6",1.33492718253343,0.0779119300826491
"Item7",1.27784578020585,0.129043766514996
"Item8",1.50040108521007,0.065917855788686
"Item9",2.11654456977838,0.0671184516058251
"Item10",1.55236906291396,0.0905103425964466
