"Items","Est.Discrimination.2PL","Est.Difficulty.2PL"
"Item1",2.02281025466415,0.0254388114225498
"Item2",2.06803570933998,0.012362211311154
"Item3",0.254508719170377,-0.175571995121575
"Item4",1.73470791895547,0.00915272593784814
"Item5",0.316853212837251,-0.271636876067909
"Item6",0.385237666622519,-0.182682277853866
"Item7",1.72023571771358,0.00915845341157641
"Item8",2.1628346603795,0.0472883654876994
"Item9",0.25844572734956,0.314879027310008
"Item10",0.207257348550861,-0.370546839702913
