"Items","Est.Discrimination.2PL","Est.Difficulty.2PL"
"Item1",1.113224372597,-0.144043645986529
"Item2",1.91727229462235,-0.0341266811289304
"Item3",1.06746574553999,0.0642046587109679
"Item4",1.12944516723598,-0.0270658408642991
"Item5",1.15897235952459,-0.0703154282981015
"Item6",1.96648579523586,-0.040347316823808
"Item7",1.54017939677343,-0.0745022896594597
"Item8",1.09012292475736,0.00415081546687068
"Item9",1.20648057808508,0.123030664920419
"Item10",1.14969354635788,-0.0926458537665522
