"Items","Est.Discrimination.2PL","Est.Difficulty.2PL"
"Item1",0.78810451431557,-0.230509357796738
"Item2",0.802299658423694,0.0860847657375594
"Item3",2.0379088883516,0.0321633139737561
"Item4",0.814845903211291,0.0963336984494481
"Item5",2.00570607168571,-0.00679569786620799
"Item6",1.93017420546159,-0.0170382847079863
"Item7",2.2229245253135,0.0283794058331809
"Item8",0.84712171472893,0.0717393651552024
"Item9",1.77153355137093,0.054201438612148
"Item10",1.86120938190292,0.0229032378859347
