"Items","Est.Discrimination.2PL","Est.Difficulty.2PL"
"Item1",0.192765498730223,0.398046211108153
"Item2",0.186452291876497,-0.976494137051361
"Item3",0.16954052778658,-0.21396665639801
"Item4",0.193631491400091,0.25019925952621
"Item5",-0.00561397961372772,-19.967809767344
"Item6",2.62130424876528,-0.0378092091101397
"Item7",1.62249378778512,0.0733002362112634
"Item8",0.149498402883325,-0.51149468553537
"Item9",0.110883643391349,0.434261573071556
"Item10",1.544147601454,-0.0101151722965994
