"Items","Est.Discrimination.2PL","Est.Difficulty.2PL"
"Item1",2.06094803384076,-0.0293445450377469
"Item2",2.20468672396848,0.0466443004600106
"Item3",1.37781474688038,-0.0374898112556746
"Item4",1.21513437021798,-0.049332117877446
"Item5",1.32553037802488,0.0900328212005857
"Item6",1.55459273333953,0.0644231877225443
"Item7",1.81563767637381,0.097539431130789
"Item8",1.24032634608275,-0.0235565693295868
"Item9",1.28904518116027,-0.0147206305653299
"Item10",1.22912956475126,-0.0111044154210308
