"Items","Est.Discrimination.2PL","Est.Difficulty.2PL"
"Item1",0.332294933418617,0.049386841567
"Item2",0.477290069142048,0.114616384478419
"Item3",2.56723667206522,-0.00249541924910636
"Item4",0.458301293228132,-0.137748652539131
"Item5",0.52793091937918,-0.121436489776567
"Item6",0.503237823896721,0.193611899159896
"Item7",0.547243499454532,-0.0863777834496749
"Item8",0.56350455093101,-0.0155886887001761
"Item9",0.437634346630215,0.200638614943674
"Item10",0.367421069959846,0.123500625083457
