"Items","Est.Discrimination.2PL","Est.Difficulty.2PL"
"Item1",1.11843032616001,0.00466090766714255
"Item2",1.84890216512356,0.0172790135612865
"Item3",1.20668389077157,0.030002257368222
"Item4",1.15652329706075,0.0176933233943291
"Item5",1.78904452529925,-0.00300611086894758
"Item6",1.2303183061128,0.0969619257158486
"Item7",1.28982799094224,0.0574069798757733
"Item8",1.17612883029628,0.0434697064499824
"Item9",2.19521731508776,0.0131006259938563
"Item10",1.17091675420334,-0.0128137971713788
