"Items","Est.Discrimination.2PL","Est.Difficulty.2PL"
"Item1",0.767094994361425,-0.053563633987939
"Item2",1.87173089755718,-0.0760413847111969
"Item3",2.13625223862178,0.023148940119061
"Item4",1.79600807597214,0.0083902055633521
"Item5",0.817655271889975,0.0723058099596177
"Item6",0.6307465524896,0.0342190684586913
"Item7",0.544436015060874,-0.228279694995749
"Item8",0.610264927915221,-0.142745790892783
"Item9",1.99144318543393,-0.0676743956537751
"Item10",0.845242309168382,0.136106167921547
