"Items","Est.Discrimination.2PL","Est.Difficulty.2PL"
"Item1",1.22592610985847,0.0300299116115141
"Item2",1.0943718166776,0.117435648883252
"Item3",1.09611995937584,0.0402965757570104
"Item4",1.14964274796249,0.219817429448898
"Item5",1.70525255203061,0.115671326755268
"Item6",1.19513001908386,0.0645062509211654
"Item7",1.10147179270473,0.0718050580580714
"Item8",1.70468191209239,0.010704709686663
"Item9",1.20614002744651,0.0812374548417142
"Item10",0.927317721880263,-0.0171871410147012
