"Items","Est.Discrimination.2PL","Est.Difficulty.2PL"
"Item1",1.44557657112983,0.0420675806655095
"Item2",1.50778652658216,0.0525623987595685
"Item3",2.02639860258294,0.0637425419427184
"Item4",1.26307960968967,0.0652707642027224
"Item5",1.84085854198052,0.0691303748456346
"Item6",1.49841513547188,0.16502213690183
"Item7",1.69685800062284,0.046770831092807
"Item8",1.55134793096093,0.0409674142135872
"Item9",2.18092304946415,0.0156102690484742
"Item10",2.34081784763244,0.122057402926639
