"Items","Est.Discrimination.2PL","Est.Difficulty.2PL"
"Item1",0.278934183761508,-0.277786326198275
"Item2",1.45637526438896,0.100013596078359
"Item3",0.0184976333126992,-1.29761886955117
"Item4",0.136655896404783,0.912729472755737
"Item5",0.0946915352733503,1.44137684295027
"Item6",0.132872117059363,0.241924626253222
"Item7",1.69376354436011,0.0820620589578972
"Item8",0.152320574297062,-0.607862046882129
"Item9",0.196140088220632,2.59913847599411e-05
"Item10",2.3075014383286,0.0412180978011733
