"Items","Est.Discrimination.2PL","Est.Difficulty.2PL"
"Item1",1.34844658766283,-0.119723421930622
"Item2",1.30086776896594,-0.0371594953212368
"Item3",2.0704953701035,0.0147095081802954
"Item4",1.40794737452829,-0.0239742038827498
"Item5",2.15768558547909,-0.0199599562677591
"Item6",1.46562411124441,0.108742554857165
"Item7",1.45215149074047,-0.0160062745071664
"Item8",2.07509113220369,0.027394922070938
"Item9",1.37181947436245,-0.0517631246171211
"Item10",1.35081063052598,0.0744631107913352
