"Items","Est.Discrimination.2PL","Est.Difficulty.2PL"
"Item1",0.642247629869151,0.00759668803267276
"Item2",0.756752347763124,0.0248653015952299
"Item3",1.82117772363747,0.119969456913849
"Item4",0.592077270509612,0.110265906199809
"Item5",1.94886037694847,0.0502764253687754
"Item6",0.64295235663848,0.0484513270458688
"Item7",0.517877732424864,0.181236114184877
"Item8",0.6309192296917,0.215486028767531
"Item9",0.553889380833863,-0.0767967858724695
"Item10",2.08286214724603,0.000754908400446853
