"Items","Est.Discrimination.2PL","Est.Difficulty.2PL"
"Item1",0.344179318116181,0.347075065211822
"Item2",0.208514353803933,-0.25216968889182
"Item3",0.140950670697069,-0.142819832965068
"Item4",0.277755254968256,0.529124991963748
"Item5",0.355125978354491,-0.267221071319895
"Item6",0.325344913281065,0.302877226656211
"Item7",0.451993905763983,0.139181072193175
"Item8",0.269301888394476,0.0604582559138229
"Item9",2.44146047819012,0.0638080304272548
"Item10",1.73230118942119,0.0451088800418806
