"Items","Difficulty","Discrimination"
"Item1",-0.661478917957235,0.619269099558973
"Item2",-0.451643766521987,1.02895824585929
"Item3",-2.19899103253188,0.697151604556015
"Item4",-2.26746507273015,0.328011847914578
"Item5",-0.278601964602347,1.09513807214217
"Item6",-2.34545413763711,0.339946827759643
"Item7",0.815611412253692,1.93452485645067
"Item8",-1.85237474751151,0.262955935831536
"Item9",1.7942353983915,1.91200177612471
"Item10",1.72418072378236,2.47883948295464
"Item11",-1.09513603907508,0.964187792413133
"Item12",0.245295077944387,1.14499952296362
"Item13",0.382695717461014,1.22902326998633
"Item14",-0.522744492462612,0.900771489133753
"Item15",-1.40149652854426,0.379331155980221
"Item16",1.14735225264321,1.87393099581562
"Item17",0.688326439163287,1.26432026173687
"Item18",-0.488217845991009,1.24958056894191
"Item19",0.0938086164975128,1.34614568455063
"Item20",-1.11381402260399,0.618486547518802
"Item21",1.15590512348039,2.10918843092711
"Item22",-1.36262480066237,0.462130202420149
"Item23",1.69667647085155,2.49063007889191
"Item24",-0.919667234349391,1.2143398014581
"Item25",0.115057195334805,1.20811640205973
