"Items","Difficulty","Discrimination"
"Item1",-1.85380359956108,0.665558608974265
"Item2",1.36894098403271,2.07243300751661
"Item3",0.701592679675809,1.82003042679904
"Item4",1.02395351460531,1.8988515609436
"Item5",0.567898559962486,1.68293284036484
"Item6",-0.596948333150056,1.09191585491588
"Item7",-0.0173218928025067,1.23425477984561
"Item8",0.501038825252467,1.55734893148666
"Item9",-0.245708200380538,1.06363468540061
"Item10",1.93582449137418,2.7798615291012
"Item11",1.1202992823391,1.84694596026974
"Item12",-0.63911797745156,0.941193029766131
"Item13",-0.266662659801819,0.964543497316064
"Item14",0.498171228176722,1.36983257584973
"Item15",-0.157209643072882,1.04011821614127
"Item16",-1.33372613362738,0.615306820947294
"Item17",2.22695451040359,2.83556703041635
"Item18",-2.23894455300671,0.415862437676652
"Item19",0.494329271974515,1.57888648447094
"Item20",0.0313440072439596,1.37937975927663
"Item21",-1.67431552348142,0.601857292235809
"Item22",0.951284458430688,1.70583089341356
"Item23",0.240011123316545,1.53130876946047
"Item24",-0.0790366780839105,1.3422142143078
"Item25",1.74013869713724,2.50551564989128
