"Items","Difficulty","Discrimination"
"Item1",0.481720324168069,1.53502318959614
"Item2",-1.3333840890914,0.64579544987629
"Item3",1.69114036805837,2.17610450526183
"Item4",-0.729407009915248,0.814214515460497
"Item5",-1.33719860204194,0.464669280330192
"Item6",0.754810868909744,1.52621289564403
"Item7",0.61229368457489,1.61582256773919
"Item8",-1.343034933141,0.342386893304991
"Item9",0.69875968930583,1.93536630107355
"Item10",0.617629336800722,1.69333712661754
"Item11",-0.496876021722811,0.801314084091372
"Item12",1.97206061419752,2.77113069976057
"Item13",1.14238996450161,2.06883077298833
"Item14",-2.01870423458529,0.653282910189592
"Item15",1.91972360116852,3.09364773226369
"Item16",1.48473269595403,1.80563662983525
"Item17",0.698088690615431,1.79935707541637
"Item18",-1.44677965153927,1.22800728682742
"Item19",1.35055201526153,2.15216203537285
"Item20",-1.36323889467351,0.792384665822295
"Item21",-1.11656836854142,0.532881955197869
"Item22",1.82901518989652,2.67394253134236
"Item23",-1.11356384058103,0.931319346516286
"Item24",-2.96964295047253,0.185375301206422
"Item25",-0.381912224673166,1.08344113738967
