"Items","Difficulty","Discrimination"
"Item1",-0.601121236185508,1.18149574118551
"Item2",0.618397553655867,1.00768001221607
"Item3",1.40357482588108,1.00732652812642
"Item4",1.81192889140376,2.64215347511026
"Item5",1.24854596722753,1.1991565602914
"Item6",-1.10592051590298,0.910595721100551
"Item7",-0.0826735401400953,1.10421706552315
"Item8",0.55522124458842,0.744233994944544
"Item9",-0.38040266137109,0.85944942400788
"Item10",-1.82737381476529,1.12752395422218
"Item11",0.490399568188611,0.950013105539807
"Item12",2.16715928726284,2.67882235232358
"Item13",-1.69107633242384,1.15634346028691
"Item14",-0.316505253057708,1.07760958369063
"Item15",0.753727412324997,1.30693347910968
"Item16",1.84144183781099,2.85920516211611
"Item17",-0.795468823642906,1.11565041379856
"Item18",-1.0875143862094,1.02604148898711
"Item19",-1.22199904527841,0.963317352094603
"Item20",1.64872207719514,2.08182804969919
"Item21",1.69621643530659,1.52429083861992
"Item22",0.470717457753777,0.948196380297764
"Item23",-1.37952139308358,0.878298646327622
"Item24",-0.185790504995737,1.17216592587397
"Item25",1.08976897401858,0.79200051079546
