"Items","Difficulty","Discrimination"
"Item1",1.25099597444831,2.4037028960906
"Item2",0.780428589912255,1.33160358407382
"Item3",0.474495078017774,1.24316691522715
"Item4",1.44709075753605,2.03381007442959
"Item5",0.0364709375105295,1.07510003480744
"Item6",1.20383715573716,2.07648774384395
"Item7",0.363150605675365,1.2074219098421
"Item8",-1.64226701608882,0.38052365464762
"Item9",2.33749607063861,2.93211001914134
"Item10",-0.861305935501439,0.962924268591497
"Item11",1.30285393511941,2.35202766170578
"Item12",0.980280246531772,1.79721845414113
"Item13",0.848932342401616,1.74482798277901
"Item14",-0.00748483515087045,1.25975776625011
"Item15",-0.290521818039256,0.985209488209527
"Item16",-0.30499548269098,1.16770851812206
"Item17",-1.18533647587044,0.855436715763364
"Item18",-1.29062953165409,0.606311426130852
"Item19",0.605049072100182,1.8203001576892
"Item20",1.60388489512618,2.49891324789594
"Item21",-1.77027241214975,0.750131066885003
"Item22",-0.731945525087506,1.04820343132187
"Item23",-0.981928412338036,0.432872206659645
"Item24",2.01971427706827,2.6393320064116
"Item25",-0.947917291980046,1.00226221541472
