"Items","Difficulty","Discrimination"
"Item1",-0.742983240836064,0.789673767295414
"Item2",0.991460598223244,1.82695123647127
"Item3",-0.552403663602785,0.884282047765894
"Item4",0.504074012216947,1.72546215010053
"Item5",-1.93475852450991,0.665370769091879
"Item6",-2.42637675785053,0.430073916865936
"Item7",1.62879241902834,2.69921433041948
"Item8",1.38025200554653,2.0028403867536
"Item9",1.40735592046318,1.79603244754992
"Item10",2.0639473336683,2.40015504998859
"Item11",-0.0321482012404136,1.37737588363184
"Item12",2.16773009677719,3.20269554897323
"Item13",0.903656138930983,1.45377712100768
"Item14",1.63970165716205,1.93979509054912
"Item15",-0.252114260595866,1.32808930605525
"Item16",1.6713084470481,2.13251480991388
"Item17",-0.682677247761583,0.598005205545145
"Item18",-1.51365246988035,0.619218267242728
"Item19",-1.11300880916144,0.80930916886411
"Item20",0.969016286659908,1.59250756652674
"Item21",2.14597746511106,3.46827237972223
"Item22",-0.59652012527212,0.687033991599472
"Item23",1.83758403295901,2.43225613307113
"Item24",-0.847857645322607,0.542275540303866
"Item25",0.991773046241113,1.76416689668349
