"Items","Difficulty","Discrimination"
"Item1",0.143519382457431,1.25503428262504
"Item2",0.480697182187568,1.58179557032937
"Item3",2.28221716718039,3.14101546211203
"Item4",-1.14136577396362,0.905730506287718
"Item5",-0.726304328126493,0.964367294515879
"Item6",-1.81055944616898,0.523927236935002
"Item7",1.28956076519733,1.97504382640089
"Item8",1.38648225209869,2.18678405527994
"Item9",-1.54386401257773,0.655190702409568
"Item10",-1.32587578752329,0.726187877156127
"Item11",1.27248720382863,2.08882486469356
"Item12",0.279206749387761,1.32670659152487
"Item13",-0.51709649364092,1.02859396789801
"Item14",0.688604229326499,1.58701182677933
"Item15",0.384417570920427,1.42113428621942
"Item16",1.98415056396875,2.65497215228138
"Item17",1.57249062260887,2.18486744023809
"Item18",2.43632982336288,3.03920361613802
"Item19",1.21851498946295,1.94493261876501
"Item20",1.06468015329109,1.88731080762532
"Item21",0.463844095063928,1.50485815439704
"Item22",-0.347443424452469,0.981119269706789
"Item23",1.47322655994916,2.12501377431016
"Item24",-2.57003216972487,0.21246889186488
"Item25",0.666359070150901,1.35772450500078
