"Items","Difficulty","Discrimination"
"Item1",-1.34559691697222,1.00889351218454
"Item2",-0.609705775741495,1.02575146333057
"Item3",2.11248320925632,2.81034804870932
"Item4",0.153031488548482,1.05080752463442
"Item5",-1.0354006910232,0.66111501447303
"Item6",-0.990299936368372,1.22376538777319
"Item7",0.0588554985012702,1.03422671472779
"Item8",0.447332429344226,0.913830401221107
"Item9",1.51490545704805,1.60054593070865
"Item10",1.15554489472557,0.991656615294988
"Item11",0.807859883587999,1.02287312545203
"Item12",-1.24403660763496,1.00134604830506
"Item13",0.187861929444694,0.724439894994063
"Item14",0.727495679198718,1.0065230851029
"Item15",-0.12194952995209,0.881730489833454
"Item16",0.598191070341486,0.903125529229356
"Item17",1.18409659951539,0.874435752081828
"Item18",1.76028730192888,3.38209904231839
"Item19",0.460932012304838,1.20785323690924
"Item20",0.412244077893049,0.831640324297254
"Item21",-0.739848605063208,0.954079296821616
"Item22",-1.97512661736821,1.10728240056277
"Item23",-0.694024049429275,0.9204017660697
"Item24",1.07979235117988,1.21327430006179
"Item25",-0.14791625110522,1.05104139957902
