"Est.Theta","Est.ExpScore","SimSum.Score","Scaled.Weighted.Score","True.Theta","True.ExpScore"
-0.958097379408576,14.3711416116025,15,18.6190781499729,-1.07373788664231,13.0541242163632
1.88894512716138,35.0066490273322,36,38.4153617632405,1.88994195789867,35.0388991768268
0.791178749361425,29.8763052337839,29,34.4952775789281,0.792630009775829,29.9221757330364
-0.22385669239006,21.9189517743356,24,27.2726070814723,-0.155314603933449,22.5644917227064
-1.4821932766693,8.6779922533765,7,11.2611355283959,-2.0931382116629,4.04770824079445
0.900740207196383,30.5476410266023,30,35.0318119685053,0.424650400019853,27.3783599237594
-0.741066938337246,16.7706681846422,15,21.5330261230464,-1.2016620840561,11.6102728708533
0.352336797992614,26.8005744689346,27,31.9112034844665,0.140313854403874,25.1300743325666
0.546391572291409,28.2357926524335,28,33.1444460116563,1.04287032115758,31.4004821792979
-2.16899052716062,3.5302714240065,4,3.89456718002314,-2.08738339169394,4.08031511976056
-0.210071736808417,22.045642064112,23,27.4028884048585,-0.745565681471228,16.7290896834261
-0.225689215104207,21.9020735194985,20,27.2552080234276,-0.342110372999329,20.8293367370949
1.35010181650257,32.9071942950127,34,36.8538566959007,1.24370920718837,32.4428377390763
0.153595462299175,25.2156061613916,24,30.4859863688482,-0.0555665865480902,23.4546413090016
0.975359178018287,30.9827069305365,32,35.374895201346,0.573999870490671,28.4630714089553
0.305265074571626,26.4353269067439,26,31.5889457120732,0.339782714898902,26.7315665937443
0.783252581224843,29.8262267793832,31,34.454894198006,0.862230038567823,30.3538427482309
0.657313754691594,29.0031404473387,30,33.7836366796998,0.434934931819231,27.455270814027
0.319306720228507,26.5449586346704,26,31.6860486395912,0.547567302716257,28.2761919314545
-0.547479115442461,18.7947359902937,18,23.8861169325323,-0.446540665595517,19.8174804796354
0.00946162898339769,23.9991788453031,25,29.3418461892472,0.225652972291507,25.8287455214154
-0.117143471830382,22.8872144536472,23,28.254129581596,-0.171128511517113,22.4210889632007
0.534124318870953,28.1485209747975,28,33.0708923618816,0.369441859083799,26.9600399976074
1.85625556909017,34.8985286146562,37,38.3355679641088,1.72503299239548,34.4739451709691
-0.165307584984605,22.4537306082107,22,27.818734419434,-0.43277621594837,19.952692899126
0.602246599316163,28.6271159102311,29,33.4720826464726,1.02635722753807,31.3091742246672
-2.88522585006654,0.949222766919722,0,0,-2.46736080735252,2.26661462862483
0.590949983134853,28.5487737116045,30,33.4067720894014,0.828092852364984,30.1441075302706
-0.0104704419701697,23.8267701741004,23,29.1758872823014,-0.461151763639123,19.6733175317836
0.0237055530813824,24.1217722765681,23,29.4592664277421,-0.195201492367091,22.2015808668923
-0.456212455817189,19.7068304857099,19,24.9081679132784,-0.377185959407911,20.4930178031369
-0.142438575574306,22.6602749788404,23,28.0269984709888,-0.110502429856758,22.9674561244885
1.43509602965836,33.2868661727655,34,37.1392422121048,1.91805737377023,35.1294017903346
0.402053629389107,27.1792325023316,28,32.2415882282422,0.153150620898394,25.2364186574014
-0.885349239098299,15.1873671495689,14,19.6235442197964,-0.786178841593965,16.2871204603325
-0.396305690584386,20.2916626594984,21,25.5494794552927,-0.455767999974659,19.7265137783586
1.31274615435606,32.7339876804482,33,36.7230506950817,1.73573821035215,34.5124571587412
0.492342715602788,27.8477261938381,29,32.8159937647117,0.362699778158903,26.9083313202886
-1.37800366283648,9.72626295757667,10,12.6660110731427,-1.19159763010478,11.7226455976334
0.9485434040787,30.8284095158701,31,35.2536221851052,1.63110220467355,34.1244991283908
0.529699413452966,28.1169247439282,28,33.0442184298577,0.603276188892321,28.6674515506926
0.534125590811401,28.1485300482679,29,33.0709000184326,0.510604701026863,28.0111538448954
0.541347020288566,28.1999622706847,28,33.1142693832318,0.45846654723162,27.6300323350735
-1.61941805423722,7.4042087648547,6,9.51428706992321,-1.55508953084701,7.97083175407878
0.204959870276029,25.6358248623256,25,30.8707801972548,-0.0978460679893583,23.080360276776
0.691446942469942,29.2313057079605,29,33.9711612091647,0.858240496551478,30.329528683119
2.39251937701308,36.4171249980761,39,39.4632136251102,1.32792812774301,32.8437300037062
0.861746272785946,30.3131631972707,29,34.8454224870252,1.39223831695315,33.1361272336199
-0.291964036520932,21.2858166297639,22,26.6131084186111,-0.148011568351925,22.6305048500649
-0.794960811642435,16.1859081554634,17,20.8341428564759,-1.00761995307302,13.8064302524525
1.44691405506461,33.338104759976,35,37.1776236085156,0.862304305246414,30.3542948681976
0.178182948122814,25.4176534879102,26,30.6716476719792,0.750606927918227,29.6538405724532
1.39576983455484,33.1136527157288,34,37.0092643768873,1.98649005733259,35.3429837817451
1.18596113115885,32.1161767873911,32,36.2530269873075,1.05796131687993,31.4831682924313
-0.00244178036268331,23.8963367873357,24,29.2429680775783,-0.570616013630284,18.5717739075058
-1.94547732232486,4.88927741449989,5,5.91014314879427,-1.85556325831569,5.54495679792369
-0.251206366979183,21.6661544736344,21,27.0109654704646,-0.483479506116825,19.4517390747279
1.52637376505685,33.6730540101128,35,37.4278171626223,1.58934592595661,33.9623124070472
-1.31338316871105,10.4067636648443,10,13.5644066483181,-1.54165615932951,8.09478331292115
0.478083788016582,27.7438243277529,28,32.727439920756,0.330856042054937,26.6622968342041
-0.152272371678883,22.5716196806742,21,27.9377859705717,-0.0696237382406428,23.3306921347243
0.802464393159872,29.9472568121891,30,34.552405782275,0.718413626737175,29.4443519956806
0.0345630088035755,24.2148740359451,23,29.5481161297134,-0.243720678137808,21.7546662365697
-0.540228477938264,18.8681621740652,21,23.9693421327715,-0.915754597306529,14.8469272187886
-1.65380454474778,7.10532638761689,8,9.09718295147053,-1.81358102813616,5.84522083675536
-0.504197307842915,19.2305479062585,18,24.3776965427378,-0.769999615265357,16.4637921607282
0.587155818513981,28.5223695826986,30,33.3847285668642,0.850588843129521,30.2827500450561
0.784004030417478,29.8309832880089,31,34.4587320572612,0.640718234291934,28.9248180651607
-1.94159936518049,4.91525292961802,4,5.94839028549769,-1.90306394551751,5.21906788804477
0.98892512124008,31.0598929514761,32,35.435398174776,0.639612646618236,28.9172834869672
-1.36793290780615,9.83090864324318,9,12.8048249738875,-1.45754500277557,8.90021160433156
-0.655937256821281,17.6758683438243,16,22.5987883566575,-0.531127227462177,18.9736100088442
0.892785584703027,30.5002069720625,32,34.9941913880695,0.380763445090643,27.0465681799469
-1.20946225991147,11.5393708419361,11,15.0384974309734,-1.23973187245253,11.188041644282
-0.449069471886305,19.7771249942743,20,24.9858453005167,-0.415109881194153,20.1253969170641
0.257969482116702,26.0618879720146,26,31.2557222293543,0.440126980663998,27.4939761476278
0.762569826403592,29.6945886695146,30,34.3484958119752,1.23433315375012,32.3969157177967
-0.277874918427149,21.4177855935205,21,26.7517289368661,-0.470259420658204,19.5831217095496
0.212775237318555,25.6991316461865,25,30.9283042520706,0.440713472551651,27.4983431138443
-0.597533754812799,18.283174462442,17,23.3018953574321,-0.912202651121426,14.8869144148199
-0.351679469556929,20.7205509759443,20,26.0125037381862,-0.138077713684533,22.7200840812473
0.143043879445024,25.1284003954527,25,30.4054780805689,0.150086109190421,25.2110708688817
-0.0726496854427589,23.2825452688724,22,28.645588501117,-0.0639063027079955,23.3811649173872
1.47145831333046,33.4433323286031,35,37.2563537272454,1.62133927534471,34.0869636010127
-0.0108773777940926,23.8232398540063,24,29.1724788886764,-0.126952207944893,22.8201166012555
-0.58187852181293,18.4440527547482,18,23.4864393022272,-0.535474780842954,18.9296197667962
0.731165776067712,29.4920540000717,30,34.1840926424197,0.31685744782298,26.5532032086738
1.12127906288128,31.7826090981105,33,35.9968348063991,0.683261217441883,29.2117326767808
0.0731687988233553,24.5434775430968,24,29.8595066018293,-0.0254122883490749,23.7188704269998
0.479333153366646,27.752953455243,27,32.7352310412661,0.268299458977097,26.1704184811065
1.50245131634863,33.5739436507928,34,37.3539084471633,0.881002282211923,30.4675493394685
-0.856496892934798,15.5082795312672,16,20.0148690804993,-0.565135912022076,18.6278459872346
-1.17460850301293,11.927214550245,13,15.5375811363906,-1.33502778211532,10.1561629033817
0.550837346851965,28.2673032935145,30,33.1709596643101,0.119820578073562,24.9593993260888
-1.10844162866746,12.6706329418769,12,16.4864518577083,-1.20616547692212,11.5600856507203
0.595565498925198,28.5808317095217,29,33.4335143628379,0.571758382586133,28.4473103526193
1.83696890703349,34.8336799145352,37,38.2877048546736,1.76159534146507,34.6043979157392
-0.624901525983465,17.999994487688,18,22.9752946829032,-0.730483507654787,16.8919147384071
1.67217422796374,34.246132874222,35,37.8534545632648,1.22554046127636,32.3536125163548
-0.2282006800795,21.8789279860204,22,27.2313320897419,-0.427227070067079,20.0070416028606
0.519498910874724,28.043852705506,29,32.9824395453166,0.30424403264547,26.4544194843789
0.303951456831676,26.425041456937,26,31.5798190249302,-0.140192624357818,22.7010333900458
0.142697660210901,25.1255339532275,25,30.4028279179905,0.328152420770503,26.6412713163046
0.502576183320249,27.9219048972679,27,32.8790552225999,0.27551329734828,26.2277099425942
-1.14674493152006,12.239332571195,12,15.9371894870781,-0.651004630840807,17.7377217868105
0.0914591986663264,24.6978207320482,26,30.004593814309,-0.174571930729926,22.3897801223692
0.787868524717866,29.855415688735,30,34.4784384189449,0.833054119016067,30.1748265251715
0.750707850518277,29.6184638654283,31,34.2868035153486,0.859885556477694,30.3395607399219
0.358868960433562,26.8507456614484,26,31.9551929530715,0.599291657101374,28.6397968815997
-0.748577701794244,16.689698948856,16,21.4367228144742,-0.663057769845192,17.6108001416144
-0.687446812316805,17.343551311753,17,22.2099044111449,-0.811631346033234,16.0076350021477
-0.65968709116449,17.6364912866056,18,22.5528577438185,-0.601329563731405,18.2556666645736
0.196698824165086,25.5687252293156,25,30.8096834426947,0.689198197468455,29.2513037059805
-0.0624574714337662,23.3724124595116,22,28.7338372166713,-0.377364248976249,20.4912993269904
1.27106179125551,32.5360260332461,33,36.5730469071696,0.850979538730491,30.2851432271274
-1.71020515392231,6.63290332182758,6,8.43177247486922,-1.95281199407004,4.89273670786818
-0.532205158459531,18.9492159254934,18,24.0610248524638,-0.617999735703052,18.0827755201128
-1.30145722367297,10.5345537027657,10,13.7320130482004,-1.58185272951965,7.72783895840994
0.731724254331216,29.4956838029861,29,34.1870466157156,0.348288430086366,26.7973531686628
-0.548389427973001,18.7855053901304,18,23.8756430810628,-0.581499798681758,18.4601162590023
1.73776956237403,34.4873454832993,35,38.0319119397022,1.29041444194999,32.6677170129513
-0.0630296233044182,23.3673744948106,23,28.7288971681308,-0.122037805847271,22.8642051125645
1.11427867484146,31.7457450104211,32,35.9684117485049,1.02050157388288,31.2765868682157
1.48076107596093,33.4828000373495,35,37.2858516324941,1.02220492497751,31.2860775055119
1.10691271077181,31.7067935193345,33,35.9383549431679,0.584056116972178,28.5335844512614
0.143929422855657,25.1357305926925,25,30.4122540763071,-0.071901628275668,23.3105606103258
-1.29759239459357,10.5761020835397,9,13.7864342363805,-1.24415893807861,11.1392618152331
-0.429193135123181,19.9719209691484,19,25.2002579954067,-0.49116751164308,19.3750822945984
2.12264857301511,35.7175754006732,38,38.9408312240665,1.95119429276995,35.2339946198575
-2.48202643213979,2.06710551035895,1,1.7222927636765,-2.41937836325711,2.458204127843
0.89495619703773,30.5131707478176,31,35.0044774017774,0.998887017079621,31.1553490657664
-0.900804437345443,15.0147376778353,15,19.4121833528582,-1.11540185398964,12.5810156138137
0.257012624517702,26.0542670159314,26,31.2488818259045,0.14358414117681,25.1572079915622
0.712863816412735,29.3725405691515,29,34.08667575488,0.85022281348189,30.2805074985334
1.20380762662119,32.2059959067724,32,36.321712319467,0.983479259557531,31.0680097376579
1.10080071868096,31.6743464808947,31,35.9132981065122,1.34538388871422,32.924252691002
-0.776374443809751,16.3885466983979,15,21.0772071732143,-0.814089277138819,15.9805478559636
0.693941869066583,29.247835216446,29,33.9847026363059,0.544102680748532,28.2515323262778
-0.55517663815763,18.7165982889864,18,23.7973750501866,-0.238516776266871,21.8028906515102
1.56644100351458,33.8357815109605,34,37.5489602193694,1.26458720980336,32.5441565133862
0.516650366854832,28.0233885194565,27,32.9651153215157,0.00149206301154849,23.952707693422
1.50502482372732,33.5846765048048,34,37.361916960302,1.31368113959783,32.7773623466364
0.844266526139307,30.2064577991401,31,34.7602472141079,0.643329334336112,28.9425969819188
-0.865321514800974,15.4103252950402,15,19.8956438636609,-0.483608334249026,19.4504560700359
0.338841904618912,26.6965260168823,28,31.8197636852545,0.686316394563137,29.232110341809
1.54031938704193,33.730153749138,34,37.470353658198,1.50592357807099,33.6251321292949
1.57320148087972,33.8628395166248,35,37.5690800776643,1.93506901419988,35.1833746595799
-0.269242179820188,21.498387397952,21,26.836094040114,-0.42034382774077,20.0743279267374
0.551117921342916,28.2692898421277,29,33.1726304060834,0.257670467617755,26.085737068235
0.241503747178333,25.9303856830491,26,31.1374604302858,0.457921983180428,27.6260072376571
-0.667666391473548,17.5525466710552,17,22.4548071383929,-0.62429940901976,18.0171971545696
0.768697896130134,29.7337366001894,31,34.3801749498532,0.0415344490779213,24.2973680434408
0.940951355986544,30.7843078506881,31,35.2188790485312,0.703689440261525,29.3474070740425
0.212895097308607,25.700101235409,25,30.9291843780807,0.371993745173318,26.9795766812134
-0.0486286289754663,23.49393192609,24,28.8527372249949,0.0560073287520522,24.4209436785651
-0.307382000928523,21.1407954639194,19,26.4600776057829,-0.0220715844067144,23.7480042492654
-1.03428983156096,13.5095800757832,13,17.5451835884098,-0.859269956251398,15.4797747394697
-1.57640678218312,7.78963739879673,7,10.0479409422618,-1.34751073565288,10.0241991339376
0.307275967999989,26.4510622614116,27,31.6029027691102,0.262488304440402,26.1241602406992
-0.14173337205161,22.6666233930929,23,28.0333763643437,-0.609424174082254,18.1718314587922
-0.154286781530764,22.5534292869401,23,27.9194476319517,-0.311441417025497,21.120579740731
-0.115969178373074,22.8977112339123,21,28.2645924117017,-0.417653494771702,20.1005884168682
0.150075205659986,25.1865453727759,24,30.4591827339763,0.432730628363445,27.4388134595457
1.31838712398291,32.7603956784349,33,36.7430201101125,1.28050233698923,32.6205274401667
-2.03112418448786,4.33707460687887,3,5.09373641911908,-2.54654597541983,1.97447766943817
0.594466914483683,28.5732074466508,28,33.4271564467288,-0.037041089288513,23.6172403064397
-1.10354439789232,12.7259195878213,12,16.5566148935902,-1.1733729984424,11.9268198842334
-0.303841054284946,21.1741578520376,21,26.4953474671156,-0.345485041201562,20.7971302522789
-0.0847932589469708,23.1751358492787,22,28.5397562099952,-0.0559708015921613,23.4510839886147
0.9058092236271,30.5777616057033,31,35.0556787265377,0.679702369982267,29.1879572011187
-0.782902156821004,16.3174918331864,14,20.9920813166422,-0.993867447389033,13.9627669113252
-1.49893135455536,8.51585121954055,8,11.0413534283298,-1.44463084711699,9.02819510982043
0.957912740962582,30.8825812585197,32,35.2962492794246,0.691613073458094,29.2673663697477
0.285440306621914,26.2795726800098,26,31.450430476266,0.0767592110390505,24.5971995947465
-0.112007567590837,22.933098056583,23,28.2998369780687,-0.642716756016114,17.8247121300579
-0.125027381621961,22.8166530890441,23,28.1836983587607,0.409848171402089,27.2671010029306
0.427455076245541,27.3698271262274,27,32.4064931893248,0.131581625153698,25.0574844217223
0.328544379725125,26.616769852545,27,31.7494780476585,0.362352590370205,26.9056649099375
-0.476278045107056,19.5085317987039,19,24.688183616936,-0.256821690688094,21.6329465983619
0.260129788159831,26.0790843546751,26,31.2711513709114,-0.133987725218517,22.7568941965474
-0.245083100752741,21.722920216658,24,27.0699119981834,-0.150546484593358,22.6076065363582
-0.0232570886082503,23.7156428779792,24,29.0684016681373,0.381586460836565,27.0528434314236
0.732996509243399,29.5039489786735,28,34.1937718709503,1.52228957542231,33.692692194466
1.43996634836803,33.308027325761,36,37.155097095684,1.16908031009898,32.0700003720377
0.400885051134815,27.1704172989023,27,32.2339388754252,0.361734684871366,26.900918500661
-2.48202643213979,2.06710551035895,1,1.7222927636765,-2.53961565012719,1.99884563071517
-1.19987382213141,11.6457457537075,11,15.175663421756,-1.43620399128855,9.11230135810619
0.156001942586192,25.2354532686361,25,30.5042774777015,0.0560080517296324,24.4209498383412
0.614631441972663,28.7125352509195,28,33.5431345121388,0.559140523248383,28.3582887364263
-0.218210268181778,21.9709036363868,21,27.3260994296864,-0.556558090893658,18.7154144335765
1.69726949709821,34.3395938509665,36,37.9226388682771,2.3281408135996,36.279730209793
0.586115318578094,28.5151205621734,28,33.3786739231425,0.893855118260055,30.5447359698237
0.154646415610353,25.2242756619291,26,30.4939776304061,-0.171950599631428,22.4136169500799
-0.61961482111436,18.0548898224774,17,23.0387804713597,-0.659286585647282,17.6505636304309
0.791528551508713,29.8785106183742,31,34.4970548312573,0.643648966868766,28.9447718337444
1.00948705954926,31.175771593683,31,35.5260295115812,0.476121469209108,27.7600317182096
1.07931352930265,31.5593617148677,32,35.8243609349218,0.764458115735975,29.7429270327105
-0.121974548081854,22.8439944007157,22,28.2110095189946,-0.218346782985972,21.9891425024013
-2.19190032284092,3.40569890604922,3,3.70931389777074,-2.49149436742863,2.17439796650216
0.302612920270885,26.4145557650646,28,31.5705117017382,-0.134127962342416,22.7556327460968
-0.124610992318064,22.8203836530034,23,28.1874263212674,0.367567376280863,26.9456770719011
0.455253464052883,27.5761519526373,28,32.5839794070188,0.422673045029722,27.3635358095864
-0.514997531408884,19.1223574477206,19,24.25620329767,-0.254790015268546,21.651852045549
-0.417473611988127,20.0862256390459,20,25.3254921669083,-0.452881187995043,19.7550011970542
0.496030412880465,27.8744946510283,28,32.8387657037212,0.609342100472007,28.7094539966745
-0.00960229709425287,23.8343002660338,24,29.1831559435454,0.17644770588573,25.4282988359924
-1.78565669972326,6.03493262869216,6,7.5784085030611,-1.75005475166854,6.3225108845784
0.659260443098525,29.0162545343888,29,33.7944456667956,0.513942448213377,28.0352636233362
-1.65022413241422,7.13606240233155,6,9.1402124572898,-1.56331389478315,7.8955973241003
-1.43378470870212,9.15693970458893,9,11.9063520662646,-1.42290831984367,9.24593808188694
0.471619281045571,27.696510773251,27,32.6870282671134,0.397496910495934,27.1737583643893
-2.06890912004649,4.10610579611842,3,4.75085270399204,-2.19719722615718,3.48621332065385
0.306446210060658,26.4445707768163,26,31.5971457182978,-0.0068778573584314,23.8801551009911
1.53189054827616,33.6957015180524,35,37.4446922103765,1.67044636074259,34.2734217949874
-0.824902126164427,15.8574350117991,15,20.4382277230006,-1.45755967976451,8.90006678314609
-0.859938154532877,15.470102692988,14,19.968425400083,-0.706954559674493,17.1444722212606
0.222135018227108,25.7747265169802,25,30.9968431851321,0.672727315223078,29.1412394197846
2.39251937701308,36.4171249980761,39,39.4632136251102,2.36617162790998,36.3718807214837
-0.393223223743262,20.3214697960402,19,25.5818605752519,-0.490618653200659,19.3805611269206
-0.592939470235738,18.3304703681322,17,23.3562249315385,-0.905117039548992,14.9666125356505
0.785474900188125,29.8402882568683,30,34.4662385722522,0.595881563213465,28.6160885867531
0.85337026182885,30.2621552148892,31,34.8047343378863,0.76411124489426,29.7407037588106
-0.8389102515394,15.7029387116518,16,20.2512120018012,-0.908985349236036,14.923114044337
-0.385259938206247,20.3983473804924,21,25.6652386537209,-0.540590937119192,18.8777736100563
0.107009376775372,24.828355800624,27,30.126724657235,0.651557766680795,28.9984795456477
0.206734544051863,25.6502150186211,25,30.8838660307124,0.528079470583275,28.13699246579
1.2274755148539,32.3236542112208,32,36.411500457967,0.908681741593999,30.6331055101778
0.363696748091902,26.8877448939002,26,31.9875911344498,0.333083505640807,26.6796033930036
-0.0795369129945265,23.2216729285667,24,28.585657844566,0.490162079043957,27.8627287365802
0.203812215882078,25.626514353279,25,30.8623104076492,0.357600428423789,26.8691324347713
0.465794929782055,27.6537716787356,29,32.6504766728841,0.663764273071962,29.0809737857582
1.34506102265947,32.8840507452735,34,36.8364017184137,1.26611982531914,32.5515433835699
0.43436664680373,27.4213470791314,28,32.450911583691,0.546205101564841,28.2665009407302
-0.149559066434041,22.5961051995866,23,27.9624525485189,0.124621997109373,24.999486173116
0.452533621951468,27.5560694193488,27,32.5667503739727,0.182175739574658,25.475253294357
-0.798032984618813,16.1523185049688,15,20.7937642481211,-0.815045005828705,15.9700109072742
-0.44953904721177,19.7725086189338,17,24.9807489988369,-0.528124987669343,19.0039519760057
-1.30551796421354,10.4909700801834,10,13.6748878253522,-0.973345163147034,14.1957840904001
-1.82461381083841,5.74097597503264,6,7.15434399667813,-1.59094390466847,7.64650355133413
-0.139147887460985,22.6898879691344,23,28.0567370805024,-0.333469812423452,20.9116538321368
-1.48036004467492,8.69586080721139,8,11.2853134649373,-1.11412159842005,12.5955261568218
0.621139137159695,28.7572221290399,28,33.5802395471684,0.043346095544358,24.3128658010323
0.932161388198671,30.7330169900425,31,35.1784268099666,1.21092416049225,32.2811158238416
0.472895465352538,27.705861392267,26,32.6950191952148,0.631299935724524,28.8605056015669
0.483596481506462,27.7840691536958,28,32.7617710329855,0.61517830548335,28.7497540247617
1.38803968160722,33.0791102183713,33,36.9833005621446,1.58978945415466,33.9640578467771
-0.582947248426288,18.4330957728882,18,23.4738939402039,-0.522900722443966,19.0566810352329
0.13325658962635,25.0472457459672,24,30.3303512120821,0.339656312652377,26.7305873523963
-0.421636748405797,20.0456675696969,19,25.2811055626209,-0.680255524148738,17.4288646760716
-0.0183046358332033,23.75873267395,24,29.1101275894197,-0.116181672971712,22.9166636427555
0.0689876169867909,24.5080731229032,25,29.8261205454955,0.299289932105193,26.4154956450005
-0.900759536952924,15.0152398829249,15,19.412799088058,-0.905274325425691,14.9648444435175
-0.723706615827026,16.9571480164794,16,21.7542320742404,-0.549983437538702,18.7823689771172
-0.172465675154915,22.3888129082937,21,27.7529706544566,-0.0716542257230224,23.3127477267449
-0.233760832159587,21.8276284145943,23,27.1783468259907,-0.140518261221514,22.6980991259265
-1.04313253873903,13.4094275218721,12,17.4194643956544,-1.29535284013621,10.58082537738
0.334755882410584,26.6649162506978,27,31.7919276259499,0.952844433373607,30.8920799956072
0.734833596293816,29.5158742917818,28,34.2034727943947,0.592692958053156,28.5938863882764
-1.1955616043609,11.6936693336551,10,15.2373891735343,-1.58187291313151,7.72765770316257
-1.13899267175517,12.3264393617113,11,16.0483937370189,-1.08456867003312,12.9309910267993
-0.381355547396033,20.4359739905858,20,25.7059740328135,-0.427103115695805,20.0082545613599
-1.64614415428792,7.17119583156139,7,9.18935967179337,-1.68475268125151,6.84323146097949
0.357558389606868,26.840689769456,27,31.946381368525,0.502475898426629,27.9522904882908
1.27154753741448,32.5383616504916,34,36.5748199198791,0.973940046062211,31.0135530604471
-0.718410160588854,17.0138522231243,18,21.8213305357472,-0.862413200846011,15.4447436495382
-0.0902966495583468,23.1263381201513,22,28.4915459905417,-0.159324726346475,22.5281868215465
0.974617725842866,30.9784714380424,30,35.3715720460781,0.983006035923485,31.0653151561542
-1.35674755091143,9.94776724639775,9,12.9595501904924,-1.2721625435602,10.8324422882292
-0.926168915069865,14.730452492214,15,19.0628407618735,-0.760258913567106,16.5697754150191
1.14400071868496,31.9012299930105,33,36.0881438743488,0.782978843290206,29.8610620631275
-1.71923850341786,6.55927868704702,8,8.32737864350474,-1.59914650551093,7.57364548159361
-0.352431971747574,20.7133654457908,20,26.0047979652919,-0.743660932580458,16.7496928426093
0.541964985399477,28.2043558702445,27,33.1179713279358,0.651167214440852,28.9958321165152
0.972234957785268,30.9648482016625,32,35.3608810808323,0.391743001970846,27.1301176847157
0.180477180155669,25.4364229079846,25,30.6888337720923,0.222564896880069,25.8038085278968
-0.619409742908079,18.057017423938,17,23.0412393543281,-0.606312823415786,18.2040814245315
0.546272598870234,28.2349485362637,28,33.1437354366449,0.171580472936163,25.3883312597738
-1.05250115433124,13.3033237513838,12,17.2860759095302,-0.939890038757175,14.5746361031201
-1.59574787610499,7.61473200577999,7,9.80634840454882,-1.55691072453303,7.9541290701366
0.324826067316245,26.5878945838216,26,31.7239897015691,0.335705258064455,26.6999549134375
-0.786016015092639,16.2835535012272,16,20.9513823071208,-0.806648176063686,16.0624992175519
0.0613974719032519,24.4436879513057,25,29.765305037143,0.198359493242833,25.6074373641113
-0.254130988886847,21.6390074883409,20,26.9827356995665,-0.592937487376845,18.3423512035939
-0.437407242139184,19.8915628808885,18,25.1119581921562,-0.617521457965564,18.0877488584377
1.18847290623002,32.1288757102416,32,36.2627454965636,1.37493685862251,33.0586084422653
-1.13051453798948,12.4218184677441,12,16.1699996857518,-0.683304362753322,17.3965082260712
0.954639435750152,30.8636874986039,30,35.281388150095,0.853943046310634,30.3032797117079
-0.900480370902617,15.0183622323765,15,19.4166271745627,-0.746722826244026,16.7165675826494
-0.215465014730918,21.9961329106412,21,27.35204274483,-0.43793422650763,19.9020915873756
0.354879631134805,26.8201200693856,26,31.9283486814243,0.411716647320581,27.2811816863164
0.402261649401035,27.1808012750786,27,32.2429493157535,0.122660515555714,24.9831171443129
0.98758905560644,31.0523170954857,33,35.429464536071,0.979290518080359,31.0441335458858
-0.422528126279034,20.0369769521987,20,25.2715874866228,-0.817377393772254,15.9442856389802
-0.315994327947085,21.0595102057808,19,26.3739829799263,-0.406484445294444,20.2093798529364
-1.36319784499753,9.88029791081503,9,12.8702552296078,-1.1532384292096,12.1533100406193
0.423323737621089,27.3389619027716,26,32.3798505200021,0.372131620522136,26.980631674947
-0.35087805453592,20.7282018342653,20,26.020706582055,-0.386617796349833,20.4019812960783
-0.0899468561540991,23.1294419206155,22,28.494614827818,0.323740849782054,26.6069178295569
0.281228896255714,26.246340159445,26,31.4207902773312,0.309350698512036,26.494468250478
0.485689486951023,27.7993241818152,28,32.7747741391672,0.49148657126735,27.8723848199947
0.165419641020095,25.3129747563838,26,30.5756091595434,-0.0715417546157406,23.3137419564934
-2.48056077313524,2.07272035328146,1,1.73064592279038,-2.23000054982087,3.31994327946427
0.744239213833557,29.5767582986338,30,34.2529537786635,1.2251586031218,32.3517266597261
-1.22796804799733,11.334838259043,10,14.7741574244893,-1.13703564025826,12.3361724853017
1.17944706100393,32.0831552283961,33,36.2277438024417,0.979224959447592,31.0437594062288
0.977688953703652,30.9960042271551,32,35.3853261040105,0.71248806052438,29.4054230207462
1.13915657014994,31.8760724961455,32,36.0687977987744,1.11379687132456,31.78285199321
-0.922040955789874,14.7767948960538,14,19.1198955109727,-0.702542170923035,17.191633906018
-0.289929047127066,21.3049103297011,20,26.6332020923107,0.0145682727744578,24.0657038760203
0.9860115091232,31.043364684836,32,35.4224514042223,1.44288633834343,33.358298820281
0.267716709165783,26.1393727448158,26,31.3251789918471,0.509864721949554,28.0058039723637
-0.564361081328629,18.6231152404435,17,23.6909683376176,-0.757033613214187,16.6048038843314
0.169969473030309,25.3503409165239,25,30.6099281855286,-0.0413561027323347,23.5794435133099
1.56141349074164,33.8155853189347,35,37.5339384278986,1.44965445621776,33.3874574379242
-0.606872364751866,18.1868237433266,17,23.1910210150624,-0.694625867920908,17.2760869116564
-2.88522585006654,0.949222766919722,0,0,-2.52538593106138,2.04960132344267
0.497171650288203,27.8827701306026,29,32.8458021579734,0.404681448712734,27.2281101935025
-0.0559630419633846,23.4295407849881,22,28.7897956548025,0.185113078880769,25.4992972553292
1.66609428229745,34.2232668130072,35,37.836519713416,1.08144888267729,31.6104265723167
0.327067805587333,26.6053080686266,27,31.7393633408743,0.574439062799754,28.4661577166677
2.04630666353532,35.4968552849021,37,38.77739783325,2.94832241004216,37.5351681227679
1.70553572118581,34.3700575329613,35,37.9451784350073,1.41403769252026,33.2326152969046
0.458355586581738,27.5990293263815,27,32.6035940201723,0.145071301163178,25.1695376383941
0.327913716963758,26.6118751651002,27,31.7451590509886,0.233270330973785,25.890145077319
0.618930156999224,28.7420688096265,28,33.5676622594068,0.889981989564535,30.521533081109
-0.310573789185696,21.110693913094,20,26.4282218090442,-0.736228249998362,16.8299805029232
1.87606435757421,34.9643132348738,37,38.3841179956528,2.22214357418719,36.0107274923387
-0.953763949121693,14.4199904026278,14,18.679552284035,-1.01238955624672,13.7521839739842
0.849962652971138,30.2413386302122,31,34.788114673689,0.298076619376601,26.4059520530869
-0.178143422865616,22.3372293243098,21,27.7006103208302,-0.076794403823407,23.2672757233889
0.253515743889897,26.0263938869505,26,31.2238496903763,0.0369481879367245,24.2580975986213
0.783087796124389,29.8251834803604,30,34.4540523349349,0.794887595824937,29.9364271833833
-2.68075597668422,1.41425389266009,1,0.739503239039199,-2.53556236826505,2.01320427881887
0.826851178720208,30.0991604532045,30,34.6743729975182,1.01372333837578,31.2387283213165
-0.037847788274846,23.588337234165,24,28.9447673088172,0.185118237684162,25.4993394628697
-0.673677799336692,17.4891668501161,15,22.3806561443423,-0.973064230473008,14.1989710915468
-0.517208812115026,19.1001605572309,18,24.231232489113,-0.367473049443664,20.5864994460184
-1.79673696643352,5.95032004133563,6,7.45664921473045,-1.56430501114696,7.8865644465359
0.945332300639341,30.8097789528566,31,35.2389494917544,0.648677931434034,28.9789464254006
0.551441768315697,28.271582462381,30,33.1745584478969,0.663617687913573,29.0799860047003
1.87334409748798,34.9553281413677,37,38.377486984629,2.20248356572907,35.9587944172037
0.0351017112558839,24.2194855629229,25,29.552509821328,0.347292911561568,26.7896643845817
1.25099480369687,32.4389394890405,33,36.499277137503,0.653734222146495,29.0132239729602
-1.25275444596995,11.0626434487637,10,14.421121424111,-1.0255937174113,13.6019584184
-0.493578532251209,19.3365625850154,21,24.4963935625547,-0.813699210641412,15.9848476279614
-0.250476492261953,21.67292587312,21,27.0180029343073,-0.440481392917499,19.8770735252281
-0.243387890841692,21.7386185273753,22,27.0861934821473,-0.355933807076062,20.6972084761511
-0.331378152417236,20.9138134814596,20,26.2190925077222,-0.645810182349787,17.7922701700243
-1.72158339839866,6.54025844496457,6,8.30037871343253,-1.83630073074265,5.68126721457523
1.36535481035052,32.9767928518616,33,36.906306293551,1.35270382601984,32.9577610699653
0.0961998425245928,24.7376827074098,24,30.0419450915621,-0.0142806493510431,23.8158397094081
0.93278621317508,30.73667111945,32,35.1813103837459,1.02159760126857,31.2826947168846
-0.910569998623478,14.9054210620882,13,19.2780364621806,-0.608645116907923,18.1799096349944
-0.204164781200307,22.0997819135471,21,27.4583916791949,-0.0637944634609324,23.382151410544
-0.0569494639706887,23.420870465121,23,28.7813099278138,-0.463068992055212,19.6543520306989
0.0559271004815617,24.397192396745,25,29.7213061047025,-0.158970563307904,22.5313947955689
-0.63868884899203,17.8563971784933,16,22.8088386437663,-0.651468020281819,17.7328512077843
-0.130039598411884,22.7717132550984,23,28.1387522726137,-0.10143107091081,23.0484197841151
-0.577576263270386,18.4881232321432,18,23.5368636198138,-0.547479416355262,18.8078319189371
2.10364251814218,35.6636235598606,37,38.9008431188766,1.81042642475665,34.7739325878596
1.24413976955657,32.4055052657065,33,36.4738409352266,0.986901072094746,31.0874723965647
-0.679829108098231,17.4241895553627,16,22.3045291406444,-0.538083094632464,18.9031982820498
-1.13207087819426,12.4043009888362,11,16.1476777910086,-1.69497764635763,6.75963521414329
0.447044743602375,27.5154718329407,27,32.5318907328184,0.525843637349786,28.1209454634082
-0.0423509618490022,23.5489392102565,25,28.9063965965424,-0.0206821686588807,23.7601129563365
-0.26489050433176,21.5389438499682,22,26.8784581719141,-0.338171988166627,20.8668828406359
-0.490805745574754,19.3641871157545,19,24.5272649731181,-0.502381318526779,19.2629342124118
-1.25864203968319,10.9983077931238,11,14.3374670617309,-1.08428314009594,12.9342361286242
-1.10794528614432,12.6762351035995,12,16.4935639598563,-1.19160152591666,11.7226020449733
1.53659628313065,33.7149581423462,35,37.4590367441342,1.41254312059733,33.2260419207456
1.53768259341302,33.7193954884118,35,37.4623416813916,1.78867793434198,34.6990790534708
0.264331953287312,26.1124964249994,26,31.3011061836128,0.372690637220627,26.9849085775025
-1.86917920154708,5.41657744161133,5,6.68302023884601,-1.76428570498018,6.21312589853848
-0.1738334910175,22.3763933932371,21,27.740372585324,-0.0459426198102805,23.5392177364623
-0.89392926729468,15.0915899725379,14,19.5063512635544,-0.839257080787118,15.7022463538506
1.13237995993767,31.8407591906279,33,36.0416246803652,1.09761423684795,31.6970029212589
0.805592611157493,29.9668502916546,30,34.5681639373799,0.5044317045762,27.966472023095
-0.59495967881158,18.3096818698688,18,23.3323526345128,-0.605448024428388,18.2130395328106
-0.514688515275589,19.1254581236425,18,24.2596902550278,-0.64055730767846,17.8473400721464
-0.196903481407788,22.1662138188371,22,27.5263566447713,-0.106498343092345,23.0032185951783
0.26451221667519,26.1139286080663,25,31.302389479609,0.412460414691113,27.2867837243876
-0.964818943293185,14.2953278246112,13,18.5251327410755,-1.08428835034577,12.9341769125998
-2.49648377637354,2.01235648541412,1,1.6407977326522,-2.76356904464727,1.32622218033892
-1.00654712172952,13.8237010242116,14,17.9383053421224,-1.02973645319155,13.5548149817778
-0.143600405229341,22.6498132047039,22,28.0164850808717,-0.1195699494969,22.8863222768345
1.75560118190739,34.5512117021331,36,38.0791130153041,1.78530333978197,34.6873707392596
0.524152706410545,28.0772311145992,27,33.0106750983479,0.266028130864036,26.1523494613792
-0.259322413588378,21.5907648145444,22,26.9325051670028,0.12906752207076,25.0365477608341
0.33266672486939,26.6487354528069,26,31.7776682781923,0.544315040785345,28.2530449027611
-1.39966612223948,9.50305109107994,9,12.3690835077891,-1.60431858699381,7.52796315728159
1.83336102577791,34.8214607411384,36,38.2786855569099,2.59700713367687,36.8855485258828
-0.472555751925755,19.5454107467737,19,24.729190981738,-0.481026540653515,19.476158300625
0.495891100993315,27.8734841773411,29,32.837906407493,0.92930244710872,30.7548169284703
1.47838340997279,33.4727342187761,34,37.2783301035055,0.995292881600009,31.1350439046322
1.61933608292377,34.0444658455883,35,37.7039733592868,1.75939872305348,34.5966463209392
2.07429659201341,35.5790276206935,37,38.8381958903863,1.66773359450439,34.2632730803612
-2.17494329728279,3.49764425265227,3,3.84604221666147,-2.2530230376643,3.20625773434017
-0.434635830499579,19.9186979173857,20,25.141798698013,-0.0640892657080983,23.3795510006174
-0.251110175024155,21.6670469717482,21,27.0118931287854,-0.593423524693848,18.3373371846751
-0.668759275627102,17.5410329238624,17,22.4413443721877,-0.328234768501523,20.9614262186156
-0.741445746763784,16.7665886418407,18,21.5281776714379,-1.0751923277867,13.0375846177528
0.912723559874897,30.6187138654711,31,35.0881005848842,0.957520825282622,30.91913191766
-1.45727105732305,8.92274188087907,8,11.5915816066334,-1.44462545858855,9.02824874254988
0.21226658625507,25.6950165489177,25,30.9245685509546,0.218266698531187,25.7690557791729
-0.120068202185414,22.8610559822803,23,28.2280392822871,0.13666492661516,25.0997657206035
-1.15838760544979,12.1087209151892,11,15.7701843027609,-1.16921517283572,11.9735161507537
-0.689976371180043,17.3167325508273,17,22.1783975823486,-1.05317218138111,13.288095046064
-0.276988130941872,21.4260743456937,21,26.7604151651176,0.199542827308465,25.6170746067625
-0.283775980676985,21.3625758735732,20,26.6938104798149,-0.640810993295695,17.8446826194629
0.355738229924026,26.82671540718,27,31.9341317773638,0.0596300081809915,24.4517922101672
-0.232495440042884,21.8393102580485,21,27.1904206327679,-0.333350172440799,20.9127921625298
0.682333334795533,29.1707543493635,28,33.9215055158604,1.12848567923146,31.860069527183
0.0573485272110298,24.4092812355506,24,29.7327523877248,-0.106660421407147,23.0017717677763
0.312575685198457,26.4924767302799,27,31.639604864949,0.216080081088728,25.751356565375
0.26358905913588,26.1065931981249,26,31.2958160430908,0.253715466556493,26.0541465218826
-0.915202972357057,14.8534982158755,14,19.2142379984527,-0.839259665360409,15.7022176879352
1.55209471850785,33.7779826044017,35,37.5059599181383,1.98265275156151,35.3312538158481
-0.327161799880799,20.9538097518907,22,26.2616857928113,-0.389712156694509,20.3720582171416
-0.718458754418465,17.0133323787881,16,21.8207157537195,-0.507001244365481,19.2166143268352
-0.0476791455397412,23.5022579565091,24,28.8608657095525,-0.234995685585517,21.835480585737
-1.49529873552748,8.55088545980622,8,11.0889021490637,-1.64731694094969,7.15591506621004
-1.17909137013021,11.877157116987,11,15.4733244340161,-1.19102737786318,11.7290210956438
0.27190876269791,26.1726142199282,25,31.3549252780508,0.342416683182919,26.7519613849311
1.10123032807361,31.6766309265394,32,35.9150628144778,1.09326473342854,31.6737890564992
-2.02784627960241,4.35746955950447,4,5.12398311449006,-2.08612804276971,4.08745020028106
-0.838551034403702,15.7069067907931,15,20.2560215945939,-0.750309092912205,16.6777319229578
-0.635131922992992,17.8935032782949,16,22.851904908537,-0.654490510803984,17.701064858934
-0.981981653913858,14.10152650319,14,18.2844927572803,-1.30786782171647,10.4460454025922
0.190377997945436,25.5172585380863,26,30.7627325740988,0.271158203923985,26.1931398812169
-0.2989041813806,21.2206163815065,21,26.5443977161645,-0.254348582310446,21.6559583006555
2.18656482128224,35.8942950251623,38,39.0720378890801,2.36624507317687,36.372056521211
2.02083729990947,35.4208007853779,37,38.7211663121937,1.357840664779,32.9811852397347
-0.733845786303774,16.8483504163322,19,21.6252748346459,-0.897886988224826,15.0478349965472
-0.772639314750325,16.4291477849359,17,21.1257974863397,-0.764362797473036,16.5251587107246
0.587992736258716,28.5281977650614,28,33.3895956033429,0.342265199567725,26.7507889986089
-0.0436525325098096,23.537542423647,23,28.8952873576907,0.325832320371312,26.6232114293107
-1.84810247667431,5.56844606074811,5,6.90409625037195,-1.65010146843085,7.1322978405499
-1.22773629533572,11.33739304838,12,14.7774641931638,-1.35116973232023,9.98567584087749
-0.257142980379501,21.611026304484,21,26.9536114607315,-0.470541259330851,19.5803264656996
-0.175706330790185,22.3593807458182,21,27.7231066411488,-0.0976791034265559,23.0818470654087
-1.35624064536957,9.95307858504038,9,12.9665754221972,-1.49892342563361,8.49776278288641
0.187228883435892,25.491576438973,27,30.7392750477799,-0.129576132362134,22.7965519817641
-2.48056077313524,2.07272035328146,1,1.73064592279038,-2.53041659470705,2.03154657232879
-1.6017359850237,7.56110562949768,7,9.73208513306457,-1.5983287121148,7.58088688748581
1.78427941333072,34.6524303026762,36,38.1538864629825,1.57164763814644,33.8922607390473
0.182089908649984,25.4496082947473,25,30.7009007110461,0.364339713643406,26.9209212493023
1.07881360645946,31.5566694681597,31,35.8222759007054,1.46291573106422,33.4442320116656
1.11133111827655,31.7301782145741,32,35.9564026801207,1.21625714206222,32.307641723985
-0.925934152937127,14.7330887911559,15,19.0660875697362,-1.11848696105327,12.5460576195875
1.42118415552117,33.2260692270129,34,37.0936614166165,1.84079321803432,34.8767193360829
-0.722432339489629,16.9707986237642,17,21.7703920229087,-0.813467823202688,15.9873980531061
1.09383167160788,31.637209155961,31,35.884597752507,1.02105302896474,31.2796604504928
0.83368465457482,30.1413793416912,31,34.7081896519881,0.939786427763808,30.816166759335
1.49795612650308,33.5551552085416,34,37.3398862544149,2.06784463372541,35.5849958333574
0.128435407621418,25.0071757040782,23,30.2931841358834,0.0184209868443514,24.0989145718304
-1.61526093646029,7.44090015985331,7,9.56529102898538,-1.62823363391523,7.31933043208318
0.450004115073291,27.5373718414192,28,32.5507005344523,0.656999017286678,29.0353125222279
-0.777181133852918,16.3797725368046,16,21.0667016015878,-1.13218367461229,12.3910221664231
0.509447296194786,27.9715274314209,27,32.9211669010378,0.0480612937783281,24.3531629683914
1.13065991891126,31.8317736912297,32,36.034707232705,1.4230126549109,33.2719596854858
-0.455388424032618,19.7149477209735,17,24.9171458646812,-0.703064499571327,17.1860543399135
1.74353764828193,34.5080832960997,35,38.0472404247154,1.83877286781476,34.869942695675
1.21473862737409,32.2605423275982,33,36.3633641251209,1.50507197300222,33.6215974902096
0.316202511011501,26.5207714700915,27,31.6646534582467,0.42627564202349,27.3905353804492
-0.390545997139137,20.347336080375,19,25.6099362820852,-0.722865293876587,16.9738838794651
0.136390859926815,25.0732623549493,23,30.3544570268587,-0.0598541151324364,23.4168879606191
-1.53543799573253,8.16861231835335,9,10.5682458087303,-1.82430886518231,5.76737174592334
-0.842937320639341,15.6584317298939,15,20.1972438360585,-0.869927332911501,15.3609048367458
-0.306237040354137,21.1515868339784,21,26.471490201008,-0.31379597413732,21.0983118131998
-0.51351329505149,19.1372475486103,19,24.2729457009963,-0.203748648678268,22.1232904042926
-1.02837217927476,13.5766004512894,14,17.6292107294247,-0.570481102192682,18.573155507783
1.38865943080668,33.0818856317769,34,36.9853872428475,0.672096540754146,29.1370067791673
0.507948846308706,27.9607183678589,27,32.9119989242276,0.479135534344641,27.7821290271101
-1.36452705609702,9.86642156935468,9,12.8518775238271,-1.59138882442188,7.64253878726451
1.42356744631831,33.2365215631128,33,37.1015008497229,1.31402305149096,32.7789619388201
1.15137716457198,31.939401822233,34,36.1174785330741,0.986909341279009,31.0875193845184
1.20920588235367,32.2329778572698,34,36.3423214645317,1.30320877158196,32.7282050838586
-0.24855321328861,21.690762449584,21,27.036532669461,-0.301045551805957,21.2187168247996
-1.91896184142576,5.06862151589634,5,6.17386975799732,-2.19362990266264,3.50460036487444
-0.538845883459007,18.8821442756189,17,23.9851718949832,-0.60390974804542,18.228967734957
0.884806441138202,30.4524216487229,31,34.9562486379288,0.432688206886636,27.4384965951246
-1.5845632765395,7.71556117127743,7,9.94573646125903,-1.59759897421014,7.58735278632195
-1.55201585152826,8.01388228203263,7,10.3563250410654,-1.48152266145827,8.66556582669723
-2.03112418448786,4.33707460687887,3,5.09373641911908,-2.42946398526731,2.41702562595263
-0.383564416801302,20.4146924700519,20,25.6829400873001,-0.232350629855431,21.8599411136003
-0.454525567842543,19.7234451919312,19,24.9265420850068,-0.688610138460238,17.3401260654242
0.931517170262381,30.729248134955,31,35.1754524415759,1.05211316341902,31.4512110434837
-0.249329451076857,21.683564737982,23,27.0290565833232,-0.338478570429451,20.8639616303685
0.217250485400114,25.7353065413001,26,30.9611230455739,0.241106373234966,25.9531396611834
0.0228776845861306,24.1146610997976,24,29.4524685790842,-0.0948475498905295,23.1070509855285
-0.326403078047292,20.961001821969,21,26.2693389858639,-0.124697615358695,22.840350666671
1.5265819365712,33.6739100084571,35,37.428455072713,0.983417553769173,31.0676584198084
0.0616194354811453,24.4455729132949,23,29.7670873459722,0.064555689626005,24.4936825609317
-0.260530303513337,21.5795301231395,20,26.9207958532299,0.0508265739925432,24.3767694006667
-0.12370217436205,22.8285245461508,22,28.195559877611,-0.0762720922841229,23.2718992864911
0.100695519619149,24.7754306954488,25,30.0772703012731,0.013866160486386,24.0596475893347
1.57553863022877,33.872167136382,35,37.5760144358035,1.91665921998701,35.1249396249816
0.0222638730234653,24.1093874955773,23,29.447426285583,-0.364874986999186,20.6114586512779
0.800556683405173,29.93529233053,30,34.5427794718907,0.273123884085427,26.2087497860359
0.0271239810929161,24.1511172885231,23,29.4873012511255,0.115527442444158,24.9235050135914
0.248774755997243,25.9885490982276,26,31.1898274439385,0.308406132421308,26.4870661921033
-0.281174308882452,21.386928173446,21,26.7193706908817,-0.483932856776135,19.4472239052646
-0.342151982448484,20.8113915342969,20,26.109768334189,-0.457429712709288,19.7101041581405
-1.729574478329,6.47572218303234,6,8.20867282336116,-1.96246148532825,4.83114191842482
1.51158885975395,33.6119743753713,35,37.3822804608762,1.90380374043282,35.0837237138869
-1.87612397041354,5.36713777867535,7,6.61089493669279,-1.90433660684963,5.21053219131265
-0.68045361079351,17.4175859164039,18,22.2967863230238,-0.973125903460877,14.1982714581977
2.04012783913226,35.4785176123755,37,38.7638364736276,2.77381969378374,37.2307511463874
1.76121999018976,34.5711877115657,36,38.0938729879028,2.36032248572179,36.3578535504312
-0.628426855851716,17.9633373452921,16,22.9328553268293,-0.472683371798537,19.5590731454773
1.91993328285359,35.1070936073876,36,38.4894930522747,1.37328313237855,33.0511551413903
0.265430869084572,26.1212258212641,25,31.3089272028597,0.28196830813995,26.2788500543295
-1.64621791905512,7.17055959998561,6,9.18847002906184,-1.39235876105825,9.55720984357671
-1.2523673761678,11.0668775473734,12,14.426624085544,-1.12895004019456,12.4275985506135
0.849584249812704,30.2390246995881,29,34.7862667388085,0.726528739729999,29.4974789935192
1.07062778433828,31.5124758647149,32,35.7880322179414,1.48912635035075,33.55506229009
-1.10026546460815,12.7629512056085,12,16.6035798825355,-0.774049672201172,16.4196406358981
0.992801317168807,31.0818399989315,32,35.4525819307695,0.998736244256622,31.1544981050709
-0.602074122797936,18.2363653107012,18,23.2480628399959,-0.602500980629574,18.2435479757909
0.647336978565856,28.9357386984067,29,33.7280226024619,0.711934371947346,29.4017796018088
-0.740532233262006,16.7764258849851,16,21.5398683629786,-0.807830740204987,16.049485615761
-1.62345154675203,7.36872356094106,6,9.46491856604843,-1.79049948913766,6.01538247860613
1.48366459197586,33.4950719451428,34,37.2950201591842,1.37504783302874,33.0591083264916
0.751162359284047,29.6213891271989,28,34.2891764015193,1.26074692039609,32.5256167448483
-0.248064118497981,21.6952968095089,19,27.0412414664886,-0.576789000675216,18.5084930273205
-0.486188037092658,19.4101389008323,19,24.5785645448348,-0.520089822989474,19.0850152016413
0.462230276215621,27.627562517863,26,32.6280397283635,0.447528055408312,27.5490067655732
-0.999850973565351,13.899472012766,13,18.0328618669557,-0.798487144668892,16.1521995693869
0.339642436135276,26.7027132433338,27,31.8252091497074,0.408918906411911,27.2600942148336
-0.553799288328925,18.7305938952599,18,23.8132833282539,-0.37767177726784,20.4883349448956
0.166525264399024,25.3220599905111,26,30.5839573086136,0.0721045696743177,24.5577613908519
0.56381535295842,28.3589300478799,27,33.2479245672875,0.361614229816536,26.8999931000506
1.10341985155971,31.6882648777528,32,35.9240485620359,0.916127661456804,30.6772140433338
-0.112274582666093,22.9307141861609,22,28.2974640373709,-0.101478188596031,23.0479997777593
-0.328825129154128,20.9380372344584,19,26.2448957483464,-0.243727187215774,21.754605872985
-1.13140986226504,12.4117406314096,12,16.1571585443204,-1.14726220980132,12.2206994908634
-0.826582407598109,15.8389298621539,15,20.4158540852908,-0.792337906683759,16.2196613346081
-0.952889052044934,14.4298498600201,13,18.6917526938564,-1.1782118279355,11.8725274282687
-0.800041179229661,16.1303475300026,16,20.7673392205043,-0.56040405402942,18.6761821656186
0.473182260771223,27.7079620518036,28,32.6968140997017,1.04855397965985,31.4317087719941
1.34973958676429,32.9055335769552,33,36.8526044077981,0.743558820873091,29.6082676427966
-0.300444848970263,21.2061249054788,21,26.5291058868672,-0.317115867038146,21.0668885848348
0.873988792201835,30.3873088411593,31,34.9044766463476,0.877247080264952,30.4448957824666
0.729942948947054,29.484102754132,29,34.1776208614709,0.74935090026888,29.6457310569316
-1.2014345686695,11.6284130433977,11,15.1533281833096,-0.973803614933203,14.1905830694019
-0.00696915248988685,23.8571279953042,24,29.2051797920965,-0.295171861478729,21.274035003637
-2.21726796185903,3.27090688999298,3,3.5089343926463,-2.58562787843947,1.84136912001507
1.55621297158091,33.7946273613379,34,37.5183461387563,1.828908707201,34.8367301508784
-0.175534871047198,22.3609386309709,22,27.7246881400218,-0.0872356460602828,23.1747065634603
-0.561933140875074,18.6478544962462,19,23.719152685911,-0.547144011257319,18.8112410308361
0.293309150965528,26.3415300029614,27,31.5056095799568,0.552441374784118,28.3108189193551
0.702974982520681,29.3075129895916,29,34.033543430173,0.837300096581828,30.2010524470786
-0.713119172526999,17.0704088992564,16,21.8881767824305,-0.876937673185078,15.2825695245314
1.72834393512819,34.4532950376082,35,38.0067390020562,1.82742292137134,34.8317093084965
0.437479558614126,27.4445035563785,28,32.470854493435,0.0373626507937247,24.2616486804169
0.672827441353074,29.1073099810957,28,33.8693921623941,0.51493381032062,28.0424178648794
0.292008343000224,26.3313000324407,25,31.4965060201523,0.0415732497355516,24.2977000515242
-0.664001568459449,17.5911276776441,15,22.4998940176061,-0.810673564276175,16.0181854898625
1.760649662502,34.5691633100901,36,38.0923772606708,2.59691961926701,36.8853678085142
-0.219128029323434,21.9624649964143,23,27.3174169893147,-0.553150725456035,18.7501318975642
-0.277760970459536,21.41885077468,22,26.7528453317877,-0.275463173987906,21.4589732306396
0.300705084978949,26.3996014131221,27,31.5572327371811,0.066983578699083,24.5143076680469
1.30281981450514,32.6872981736999,34,36.6877212948394,1.04811948675909,31.4293252474062
0.061048028687743,24.4407201484395,24,29.7624986309446,0.0989266481508885,24.7842558407402
2.21030191346401,35.9581136303152,38,39.1195198589715,2.67946830677855,37.0514106315766
-0.150311817564593,22.5893140320822,24,27.9556132425229,-0.122254418934701,22.8622630815661
0.0516082504123606,24.3604299959885,25,29.6864693274637,-0.162096623387536,22.5030683718497
-0.107996118695066,22.9688903803821,23,28.3354418341886,0.00452954281365845,23.9789939168553
-0.301834793555123,21.1930456762722,21,26.5152980242963,-0.430074138918976,19.9791688147021
-0.825115390250516,15.8550867174346,15,20.4353889225323,-0.796073428425606,16.1786928988054
-0.957650352721,14.3761818123232,17,18.6253199313552,-1.11466809982736,12.5893317952017
-0.605616488448459,18.1997979284366,17,23.2059660334305,-0.593426414694786,18.3373073687211
0.617384732129302,28.7314580743984,29,33.5588522560583,0.294645322361294,26.3789395914082
0.892692304577233,30.4996495248261,31,34.993749013459,0.976835085267656,31.030111053992
-1.55268155386914,8.00770791558625,8,10.347854028764,-1.65124376162668,7.12262611564159
-1.75839286567036,6.24658375765438,5,7.88188802023652,-1.84121491247989,5.64625939979171
0.403391741447935,27.1893215261389,28,32.2503404990375,0.505085730975606,27.9712116937835
-0.362199293223126,20.6199553260323,20,25.9044638234127,-0.347331665279656,20.7794932958824
-1.28403790703348,10.722325282004,10,13.9776806968441,-0.92082526716504,14.7898029593707
-0.562075304241779,18.6464064658558,17,23.7175035027507,-0.531537778358816,18.9694585236653
1.07520949046192,31.5372371987625,31,35.807222769521,1.0474468596489,31.4256341927045
-0.757860926618047,16.5893827328046,15,21.3171966284727,-0.581706645799882,18.4579903845318
-1.16732340038449,12.0086614399434,11,15.6420318868168,-1.42183852440616,9.25673994530936
0.162551916607152,25.2893944543091,26,30.5539305262136,0.457388337964353,27.6220619607787
0.153526425848899,25.2150365637671,26,30.4854612539933,-0.193131722154112,22.2205116409294
0.00435144024089654,23.9550719962441,23,29.2994815275658,0.217077309626822,25.7594300957002
-1.16774078504056,12.0039919091715,11,15.6360468121958,-1.01703160544789,13.6993781637774
0.3217461587944,26.5639463983405,25,31.7028335880432,0.538785304129693,28.2136117113098
-0.140305851074717,22.6794704965703,23,28.0462788673728,0.0620444465989888,24.472333495195
1.33205961903762,32.8240291629416,32,36.7911002378855,1.11128519284387,31.7695811222176
-0.346139851848792,20.7733995060303,20,26.0691241089777,-0.595521488624649,18.315685283338
-0.210274238513567,22.043784477035,20,27.4009822194976,-0.308476139158152,21.1486019609739
-0.821697118237584,15.892711594188,16,20.4808586650139,-0.68576398883484,17.3703824486545
-0.540831797299649,18.862058909942,19,23.9624305142357,-0.481074121450815,19.4756848145207
0.0294688759171269,24.1712295605197,24,29.5064995752945,0.27611525368842,26.2324839599318
-0.298130498902346,21.2278912237577,19,26.5520715852955,-0.0509006470322274,23.495674820623
0.452041526202222,27.5524334936955,28,32.5636300050764,0.299165001499221,26.4145131691067
-0.083769042828496,23.1842091269524,24,28.548711348884,-0.387377705702767,20.3946354003025
0.948194689616635,30.8263878990135,32,35.2520303505087,0.814779255759663,30.0612733861578
1.22152408182985,32.2942241913248,33,36.3890612079943,1.2051021302099,32.2520596092809
0.429825164911798,27.3875105721957,27,32.4217466377379,0.263364374664336,26.1311400621721
1.07386762080748,31.5299919596269,32,35.8016086354109,0.426794466064487,27.3944204473751
-0.190153503118177,22.2278482886423,21,27.5892756886107,-0.779155757990756,16.3639063931934
-0.121457010997208,22.8486271916539,22,28.2156346581358,0.19304362597065,25.5640972265174
-1.44222751960591,9.07236157289093,8,11.7928339571051,-1.66038305819609,7.04559471294352
0.374990000466159,26.9740235275681,27,32.0630017814002,0.568706976816499,28.4258285734222
0.139891584140689,25.1022899027271,26,30.3813285720413,0.42941825859814,27.4140554439782
-0.146329736114033,22.6252235365961,21,27.9917592060115,-0.0324907315652438,23.6570483596826
0.546651856347955,28.2376392110741,28,33.1460003821961,0.507810967522801,27.990946827213
0.767595595148405,29.726703781913,30,34.3744862110994,0.380781791549947,27.0467080882574
0.970508664474834,30.9549670036768,32,35.3531246012193,1.28010582577818,32.61863375414
0.625608122348284,28.7878308340893,30,33.6056291317274,0.513943343282757,28.035270084065
1.82656501944124,34.7983680951494,36,38.2616395627873,1.88894525808272,35.0356607929274
-0.44839315181573,19.7837726982757,20,24.993182893503,-0.375239725424322,20.5117709781719
-0.363126512760766,20.611073943363,20,25.8949085665726,-0.258029609945124,21.6217013512697
-0.0158358400654354,23.7801899847633,23,29.1308829473911,-0.0093293519750468,23.8588717146748
1.48950734853982,33.5196999285903,34,37.3134152596511,1.19113689517609,32.181945265444
-0.905863210479373,14.958131452614,14,19.3427487747942,-1.00206953336755,13.8695413343433
0.886558020938338,30.462929075241,32,34.9645955611059,1.1376828015558,31.9080768987946
-1.15461447003424,12.1510204471046,12,15.8243044659059,-0.969856902917639,14.235350144178
0.717172526906918,29.4007747498553,30,34.1097171024752,0.953007686197299,30.893025571858
-0.973523847818068,14.1970689041547,13,18.4032138414321,-0.944566510087885,14.5217694817132
-0.116705551746205,22.8911293360318,23,28.258032243377,0.1429336709165,25.1518132757551
-0.645483749940515,17.7853961581384,17,22.7263302704089,-0.709171570995459,17.1207517253669
0.142106581728259,25.1206395165901,25,30.398302207772,0.00451444780071565,23.9788633424685
-0.0684575884639719,23.3195392221084,23,28.6819491131153,0.29822796371662,26.4071427170867
-0.651940717685445,17.7177850752294,16,22.647636585614,-0.490994052980219,19.3768139022388
0.338840372607135,26.6965141743142,25,31.8197532614709,0.260656453208507,26.1095585553418
-0.425141143137654,20.0114874334806,19,25.2436566173813,-0.567744180199968,18.6011707405569
-0.287994781180994,21.3230487748961,21,26.6522787050137,-0.80392962356397,16.0924007099925
-1.87954835740844,5.34286825932382,5,6.57546189256429,-1.69149844388155,6.78799344014424
-1.12241030685835,12.5130950732551,12,16.2862196993617,-1.23415196601335,11.2496247575655
0.491302721274092,27.8401693615342,28,32.8095620297447,0.632017015313096,28.8654122485428
1.10217704226599,31.6816630680532,32,35.9189497797653,1.4716705451385,33.4814548577265
0.904387574873011,30.5693223839081,30,35.0489934487594,0.70351503828969,29.3462545509056
-0.0500570425473908,23.4814019248363,24,28.8405001541045,-0.0458541762416157,23.5399939202217
0.55037528066839,28.2640311876718,28,33.1682075326875,0.640642263226724,28.9243004492074
0.929053576605988,30.7148231437712,32,35.1640658302201,0.163942227949893,25.3254812562467
0.432109454824443,27.4045376457264,27,32.4364264934887,0.122460699662922,24.9814490672147
0.198371304862864,25.5823249325333,24,30.8220770212526,-0.140553286760519,22.6977835003562
-1.7788328067788,6.08744408686076,5,7.65384874351819,-1.70363123864871,6.68948852057208
0.362038073260564,26.8750409306732,27,31.9764710144096,0.377549738493996,27.0220453055425
1.22886763548731,32.3305232270911,32,36.4167359519524,2.29490630453824,36.1973435335117
0.952131258382406,30.8491869544795,31,35.2699781011105,0.549655588625631,28.2910370204232
1.1208690550685,31.7804541318923,33,35.9951738914918,0.977648595441959,31.034759004923
-0.0610935793246749,23.3844186482818,22,28.7456066228381,-0.235532683568435,21.8305124065951
0.777244167075724,29.7881287992522,30,34.4241375748769,0.721876569348789,29.4670491366099
-0.320927616221274,21.0128582733938,20,26.3244672391293,-0.222394264850216,21.9518518253924
2.11521295782641,35.6965458856604,37,38.9252411290743,1.7138369123426,34.4333844092922
0.570097188602152,28.4030886696181,28,33.2849474393413,0.813732060172789,30.0547332782845
0.741542921083084,29.5593341845174,30,34.2388009782353,0.657547732733863,29.0390215542638
-0.527887728259198,18.9927463200893,19,24.1101816394567,-0.352997536810498,20.7253191781217
-0.785797586012266,16.2859351010062,16,20.9542391706573,-0.968585444601318,14.2497685061441
-0.703746720097446,17.1703737137593,16,22.0061372986342,-0.409280912436767,20.1821757582894
-0.268621889731913,21.5041713649738,20,26.8421393267593,-0.122569143919504,22.8594412263398
0.994701261090156,31.0925801001657,32,35.460987891901,1.6593506095022,34.2318003536544
-0.303590823769462,21.1765142215805,21,26.4978370967363,-0.0483970138554008,23.5176701326205
-0.230798512796616,21.8549694966617,22,27.2065977950778,-0.227314698218451,21.9064615591225
0.418401119031042,27.3021172055046,29,32.3480149719526,0.308780931010993,26.4900035951337
-1.69301156721696,6.77458684593537,8,8.63213818030475,-1.77837939394339,6.10621098473362
-0.0122116797961398,23.8116613721864,23,29.1612974253114,0.397531495082768,27.1740203720354
0.239688171793159,25.9158390981879,26,31.1243486166282,0.272665654370363,26.2051118574137
-0.753063736810005,16.6412548590861,17,21.3790311015836,-0.710094885138397,17.1108681661936
-2.22447275553802,3.23322825265954,2,3.45293868646688,-2.4297571856984,2.41583572970623
-0.204326975260971,22.0982965148451,21,27.4568702397614,-0.227818464217998,21.9018108681135
-2.56291536063287,1.77559344949633,2,1.28706415168128,-2.28645579797448,3.04556108095179
-1.13203402439805,12.4047157551725,12,16.1482063775627,-0.977049814616,14.1537494990324
-2.09081364890198,3.97564774670665,3,4.55696463516665,-1.98598000613641,4.68326189789329
-0.924257434722966,14.7519151534232,13,19.0892698086008,-0.877579788512333,15.2753888141499
-0.427577001792196,19.9877078560923,18,25.2175800974311,-0.956796982820722,14.3833593805594
-0.627147530789725,17.9766447912963,17,22.9482660878697,-0.475741907785208,19.5287025521663
1.80277903623566,34.7167574252333,36,38.2013892007963,2.20030168782448,35.9529904229823
0.721730526449965,29.430576852486,29,34.1340196351547,0.863434488641443,30.3611729571566
-1.50539086767279,8.45376701439867,8,10.9570103293964,-1.41390279123062,9.33709392720852
0.444888374761997,27.4994972854513,28,32.5181627654129,0.452063236915318,27.5826451603547
0.601342758510543,28.6208627928158,30,33.4668748126332,0.643926903673613,28.9466627091874
1.25331911862743,32.4502447835203,34,36.5078743214435,1.52146211456733,33.6892931158447
1.45596114259637,33.3770778134727,34,37.2067972245912,1.09404562177729,31.6779611268684
1.23671888783516,32.3691562367467,34,36.446168557224,1.16394928745163,32.0437456725957
-1.50892611480089,8.4199050155087,7,10.9109633933938,-1.42330602460643,9.2419242599051
0.896624663446011,30.5231251768412,31,35.0123734891342,1.31346523773674,32.7763521029842
1.27629709831973,32.5611630598927,32,36.5921248261145,1.37916293635702,33.0776204554643
-0.746627148066417,16.7107434679915,15,21.4617675420716,-0.526312877090018,19.022251814493
-1.51591700859989,8.35318681937082,7,10.8201445783054,-1.60428155836017,7.5282895030578
2.48626650555164,36.6332679350705,39,39.626869589502,2.89840291321123,37.4515366143095
1.2424676667323,32.3973290354902,32,36.4676180995996,1.00792726482341,31.206238759653
0.591063657838506,28.5495640802662,30,33.4074316842313,-0.166064004749003,22.4670830602226
0.287424810117819,26.2952149219574,26,31.4643713527341,0.757595777082431,29.698869364265
0.254525334205562,26.0344447287506,26,31.2310821746162,0.770589864431463,29.7821633393749
-0.225229334343617,21.906310009128,23,27.2595761733001,-0.0505292760096627,23.4989384318007
-0.149014857857224,22.6010140589569,24,27.9673952104137,-0.113558559578644,22.9401335046537
-1.06673626150908,13.1421447934239,14,17.0830588130448,-1.26477376666315,10.9130939419808
0.601159126897366,28.6195920391065,28,33.4658163721808,0.267612343732588,26.1649538302297
-0.860651518128768,15.4621852790107,16,19.9587898041698,-0.581454925078227,18.4605774293621
-0.906827981142486,14.9473304954839,16,19.3294929153789,-1.01624425767522,13.7083353112941
0.363993270640181,26.8900151299958,27,31.9895778887742,0.590479201363221,28.5784528546782
1.66023391531846,34.2011437134494,35,37.8201318467749,1.26588896789265,32.5504311441698
1.26556566005471,32.5095513445135,34,36.5529439909987,0.820946644041079,30.0997178364163
1.01474912989193,31.205211679552,31,35.5490171383057,1.03421288118422,31.3527198606927
-2.4936523786036,2.02298785726361,3,1.65662953482494,-3.13338372381393,0.667331669884291
-0.980929980675747,14.1134101839851,12,18.2992686826701,-1.25061757026312,11.0682272675162
-0.859741264131009,15.4722877133115,14,19.9710843723698,-0.766728489039053,16.4994158570269
-0.168767393163296,22.4223691520092,23,27.7869825154202,-0.185439305150181,22.2907736161455
0.495618709048873,27.8715082564535,27,32.836226033899,0.381084012331552,27.0490126501932
-0.151360768909953,22.5798482507881,22,27.9460777017817,0.020025930120763,24.1127382801464
0.218085761351705,25.7420522126292,25,30.9672387420566,-0.0582811895932327,23.4307434814073
0.672024221689026,29.1019357194777,29,33.8649737098402,0.789212257751963,29.9005686449446
1.50800245253222,33.5970733695391,34,37.3711656380213,1.77422334986335,34.6487498604739
1.3402402243878,32.8618506810078,33,36.8196517075768,1.32267393598979,32.8193219756596
-0.0556222849606957,23.4325353629311,23,28.7927258928353,-0.519798381578844,19.0879515020295
-2.22447275553802,3.23322825265954,2,3.45293868646688,-2.43240398962301,2.40511264719626
0.228697097137343,25.8275806224574,25,31.0446669606333,0.29791421768772,26.4046743252156
-0.334179032352359,20.8872174649426,22,26.1907389730517,-0.75355856272482,16.6425087006488
0.977020820541608,30.9921925933605,32,35.3823364425368,0.538779438309663,28.2135698300952
1.34907428145626,32.9024823902385,33,36.8503035230582,1.36904229202906,33.0320067097908
0.362238809421591,26.8765788243368,26,31.9778173985179,0.568496569424156,28.4243462188028
-0.0532440081381421,23.4534276563433,22,28.8131609561876,-0.333572951526385,20.9106724696365
0.183362843508984,25.4600105925667,26,30.7104170429803,0.535000855426155,28.1865686216594
0.346349257654226,26.7544755230074,26,31.8707261259356,0.276110875088751,26.2324492376767
0.823458618254818,30.0781440809936,30,34.657525987079,0.818277187509197,30.0830930989051
0.313041669528553,26.4961142535057,25,31.6428262777562,0.357763278541685,26.870385454972
-2.06517221615285,4.12861242897795,3,4.78428897157118,-1.85085423220158,5.57805445617743
1.07078627194647,31.5133334825619,32,35.788697063922,1.13670828947967,31.9030025211787
0.0182881950336759,24.075207079114,24,29.4147233585897,-0.262817430764378,21.5770908925674
1.04287882535457,31.361112643811,31,35.6704944506303,0.866589492497578,30.3803515809337
-1.42616863047366,9.23360491377184,9,12.0090977508825,-1.63746507860947,7.23993937561966
0.0101414796591798,24.0050417802867,22,29.3474727884819,0.252205048820042,26.0420705140592
-0.574475439038213,18.5198491462479,17,23.5731289436827,-0.510525542277602,19.1812334093525
0.505296903615498,27.941571354908,28,32.8957520355931,0.773825822981655,29.8028200606369
1.14549095537846,31.9089550164157,33,36.0940823615056,0.81418483672016,30.0575614704663
-0.633295867532985,17.9126407816751,17,22.8741018814495,-0.92061409292994,14.7921828796569
-0.578126876034142,18.4824863768866,17,23.5304171918437,-0.308704081952139,21.1464487252689
0.205242121182399,25.6381141076155,25,30.8728623451557,0.187369668505449,25.5177530237119
1.25303371284608,32.448857439455,33,36.5068194069823,1.57112221728318,33.8901690175223
0.393813179041252,27.1169825845351,27,32.1875286138989,1.26659846322372,32.5538488952041
1.225228585263,32.3125553458708,33,36.4030395262765,0.911591834685836,30.6503659946363
0.294266803205358,26.349058176958,26,31.5123070100241,0.491113583601379,27.8696661417862
-1.41236177342608,9.37346631004506,10,12.1961713629966,-2.10967558995423,3.95493345954631
-0.643200261561987,17.8092737026064,17,22.7540927438423,-0.466115905757714,19.6241880882233
0.911923782802884,30.6139848108074,30,35.0843582205529,0.784943462040177,29.8735273415139
0.107957809713083,24.8362968962846,25,30.134137566232,-0.323066265376492,21.0104916180514
1.24037246993105,32.3870724100237,33,36.4598105073312,1.2445246269804,32.446819132965
1.42086087351671,33.2246502364269,34,37.092597049496,1.7585978260251,34.5938173432303
0.0432773098635443,24.2893814995296,24,29.6190209077169,-0.126473049525936,22.8244179158807
1.36442315961768,32.972560336891,33,36.9031184468557,1.21662533257322,32.3094699224824
-0.739388171196683,16.7887421571196,16,21.5545019456136,-0.49935637570081,19.2932257217247
0.107354276123656,24.8312438673455,24,30.1294208535432,-0.00146579453169862,23.9270882854262
-0.602547916776393,18.2314767935149,18,23.2424372883909,-0.323271434122874,21.0085453236089
-1.01140987036992,13.7686612781055,12,17.8695536987135,-0.844391471808943,15.6452661801396
1.50070693363832,33.5666589177438,34,37.3484721370449,1.91747764965875,35.1275521039186
0.336081955164514,26.6751802173401,26,31.8009691480456,0.193219067169676,25.5655288186362
-0.357543786060577,20.6645117061012,20,25.952360210024,-0.282651888480733,21.3916376775357
2.07540984735605,35.5822657333274,37,38.8405927568856,2.11140966184846,35.7094938544489
-0.584411435013019,18.4180783055374,18,23.4566938741191,-0.699167582102545,17.2276600184689
-0.922583094158604,14.7707102037451,14,19.1124066677531,-0.737135204809641,16.820192983153
-1.06663046345801,13.1433424315737,13,17.0845690652106,-1.30169811194636,10.5123984642755
0.830102685580435,30.1192679582889,31,34.6904832085733,0.948987790804463,30.8697168154162
0.579699325855847,28.4703448719565,30,33.3412489588026,0.481339636575792,27.7982703456202
0.860972365075868,30.3084598019671,30,34.8416728024772,0.365310998410169,26.9283741395943
-0.748543421457559,16.6900689002422,16,21.437163176662,-0.96438278362751,14.2974136454877
-0.324025270794066,20.983531345423,21,26.2933014137592,-0.496544224617982,19.3213602243288
0.149181396587176,25.1791614244052,24,30.4523682796485,0.581531747480207,28.5159143191635
-0.333360080759811,20.8949961213878,20,26.1990341862113,-0.169636106124514,22.4346491832332
-1.0524351441355,13.3040712974067,12,17.2870164028203,-0.957381625605002,14.3767380495765
-0.217691891215468,21.9756690656804,23,27.3310014361649,-0.352773447041562,20.7274635258059
-0.498788370542317,19.2845933255591,19,24.4382511809809,-0.447069439349349,19.812274666378
-0.0879662584983621,23.1470105134975,23,28.5119793540795,-0.234864971437872,21.8366898091656
-0.267955963250865,21.5103797521194,21,26.8486269069957,-0.409911636526825,20.176036861887
1.04564676855381,31.3763190039053,33,35.6823204560438,0.562019920691464,28.3786481449685
0.0655792570007432,24.4791792650846,25,29.7988447516942,-0.246836001716575,21.7257628684714
-1.13626693147088,12.3570912150481,11,16.0874921896538,-0.904484598108144,14.9737214927635
1.18825896374706,32.1277948042295,32,36.2619183744535,0.623895644427969,28.80974420826
-1.80592956380448,5.8807314265976,6,7.35632482539503,-1.83810472812865,5.66839720036625
1.64441435722708,34.141016072871,35,37.7755750130177,1.37395700910608,33.0541932118986
-0.267763060893939,21.5121779507326,21,26.8505057194033,-0.289791480504428,21.3246255831452
-0.00469122479966161,23.8768621674613,24,29.224205286934,0.216072360514858,25.7512940492066
0.386071100520067,27.0583113104359,26,32.1364858103483,0.603853217430815,28.6714521893644
1.62677397685472,34.0732599600329,35,37.72533434844,1.99075413853822,35.3559845059257
0.580812493027128,28.4781228176122,28,33.3477533176201,0.567658111038039,28.418437739632
-1.74989620121151,6.31355868550885,5,7.97759457005617,-2.54694131340493,1.973094552079
0.0832493925626992,24.628649764407,24,29.9396627242618,0.426974132101025,27.3957656349658
-1.19416899972795,11.7091566795612,12,15.2573277073923,-1.01764242687907,13.6924290736724
-1.14329267340493,12.2781101252931,12,15.9867117231448,-1.19104797256074,11.7287908286974
-0.72316835271355,16.9629147537271,18,21.7610594375272,-0.601550919180674,18.2533770223886
-1.81678808353435,5.79923771595605,5,7.23862680638511,-2.08576528901338,4.08951348721461
1.29982128843856,32.6731390622357,32,36.6770013260277,0.832682976962809,30.1725312975464
0.0308303744550591,24.1829007892535,23,29.5176344847996,-0.511806717672638,19.1683616407908
-0.493228826993438,19.3400479281685,18,24.5002898807096,-0.577415174145927,18.5020668934427
-0.38359529992515,20.4143948254498,19,25.6826178244417,-0.623843540608864,18.0219471260331
-0.0606705813765297,23.3881413125096,22,28.7492548873766,0.0461397773472258,24.3367480657583
-0.26147953330911,21.5706985843232,21,26.9115881154541,-0.465618720672915,19.6291121045887
0.903159237584719,30.5620254601847,30,35.0432119707216,1.31268473967674,32.7726988902536
1.62791453614008,34.0776635154791,35,37.7286005829169,1.61162759568092,34.0493930334635
-1.12106261475916,12.5282830884268,12,16.3055434642455,-1.3930643036142,9.54995653426073
1.52706695262536,33.6759039576312,35,37.4299409826974,2.36100108303668,36.3594836290275
-0.208794262959077,22.0573581769132,21,27.4149082553936,0.0376279711797578,24.2639216940315
0.287864641686167,26.2986802311984,26,31.4674588419116,-0.0483946354824583,23.5176910200692
1.13880875602492,31.8742634204484,35,36.0674062291932,1.44239701698357,33.3561859062906
-2.48202643213979,2.06710551035895,1,1.7222927636765,-2.54701733027681,1.97282868769195
1.23032462472934,32.3377062087677,33,36.4222099948217,1.47399159032285,33.4912889122875
0.410398116202971,27.2420594505339,29,32.2960486703183,0.260764475677227,26.1104198639643
-0.874474628736854,15.3085372663529,13,19.77154539622,-0.851322190499874,15.568244890321
0.538637609574582,28.1806846978151,28,33.0980211865699,0.516889813257699,28.0565244619642
0.274442953240561,26.1926851883094,28,31.3728710661625,0.745412645402987,29.6202702353747
0.0565564562782064,24.4025455321582,25,29.7263752756092,-0.0561099832120954,23.4498590179141
-0.559678387897174,18.6708118941148,17,23.7452909791724,-0.632064300461488,17.9361828625323
1.48949805788513,33.5196608380288,36,37.3133860672685,1.04431620500258,31.4084357480345
-0.692467277843606,17.2903032835117,16,22.1473306405079,-0.836266280453253,15.7354062066297
0.690154281416316,29.2227335714051,30,33.9641363614211,1.0060060252543,31.1954455945177
-1.06529019044919,13.158514800519,12,17.1036995584758,-0.983311275455338,14.0826732581443
0.489036892570256,27.8236936725964,27,32.7955345293131,0.447109914383741,27.5459021508345
1.19329663009744,32.1532104079403,32,36.2813619159206,1.30219682693833,32.7234382015528
-0.578087030172146,18.4828943291189,16,23.5308837654693,-0.614421326180658,18.1199667586094
-1.55779091963279,7.96041937840242,8,10.2829385235457,-1.45647025965067,8.91082026374268
1.0051688543844,31.1515469122434,30,35.5071026694374,1.42122883481665,33.2641573688247
1.76611311770985,34.588526142414,36,38.1066828194494,1.40653399183219,33.1995507008238
-0.551261305684734,18.756366883226,18,23.8425633382674,-0.605871211317879,18.2086562213596
-0.412058516889569,20.138904266521,21,25.3830618636563,-0.411941107699292,20.1562758288976
-0.677146090400601,17.4525459272785,17,22.3377645688453,-0.557537879483266,18.7054243420438
0.0194178490158903,24.0849232139609,25,29.424023334624,-0.122569143919504,22.8594412263398
1.65029010040778,34.1634185984536,35,37.7921790494422,1.79746702805953,34.7294547547626
0.559513618417724,28.3286183471645,28,33.2224848798238,0.418218336983216,27.3300956830686
-1.12503341795375,12.4835408782637,13,16.2486057607813,-1.0078714563903,13.8035701157077
-1.24495183516864,11.1480991597856,10,14.5321123040145,-1.36648236604546,9.82525714586182
0.0632717061382434,24.4596003663339,25,29.7803473622192,0.180329468338171,25.4601284939935
0.261265011601279,26.0881156234167,25,31.2792512101116,0.219958850217228,25.7827436049248
-1.11650564929562,12.5796567855152,11,16.3708753021224,-1.10366798547798,12.7140840713932
-0.616221513358641,18.0900761165448,18,23.0794295086965,-0.807309815971149,16.0552186452742
0.219001263159636,25.7494435661845,24,30.9739383251422,0.136678399434538,25.099877692765
-0.249359362728162,21.6832873491798,20,27.0287684300971,-0.519752800726037,19.0884107087367
-0.937538342191774,14.6026736964055,15,18.9053111010283,-1.10366798547798,12.7140840713932
-0.405728636142274,20.20037320587,19,25.4501210822346,-0.32565205263174,20.9859535545661
-0.927500053509269,14.7155025741768,15,19.0444262388045,-0.869762828400004,15.3627417030571
-0.135420882388514,22.7233948509975,22,28.0903496202193,-0.230524020905847,21.8768223647324
0.045587839071387,24.3091040896593,23,29.6377602234043,0.0137019421112424,24.058230894016
-1.20776354365952,11.5581974044887,11,15.0627890713165,-1.18842373583297,11.7581413533971
0.580933514274898,28.4789681817092,28,33.3484601752596,0.705560190345262,29.3597635385963
-0.494533807082307,19.3270398742013,19,24.4857460358907,-0.708762355752404,17.1251312549391
1.02321284062921,31.2523810886419,32,35.5858163435,0.904720609589506,30.6095666547055
0.997230557064524,31.1068600898622,31,35.4721612141796,1.0488769996257,31.4334803940841
-1.189525847317,11.7608307754083,11,15.323820819919,-1.43576798543319,9.11666562933948
-1.21183770802427,11.5130583310911,11,15.0045355249982,-1.11182027592066,12.621614860479
1.04342640011752,31.3641227801432,33,35.6728357558673,0.584444301944419,28.5362998665637
1.86854529068255,34.9394397349363,36,38.3657612532081,2.41739032625946,36.4924935390575
-0.218426753813672,21.9689132854859,21,27.3240518001392,-0.0618580258165031,23.3992270956735
-0.612940017952988,18.1240668222339,17,23.1186649259559,-0.70675779284071,17.1465767150603
-1.23056630752074,11.3062075659971,12,14.737090962513,-1.02091496394666,13.6551962724981
-1.78375166586689,6.04956138830593,6,7.59943444746955,-2.11406297658022,3.9305491554852
1.16470923522221,32.0079750810746,33,36.1701179929594,1.18743551214587,32.1632628729851
-0.696728587842613,17.2450428801777,17,22.0940875398409,-0.643163938950654,17.8200243343913
-0.409959539723567,20.1593002284669,18,25.4053267151854,-0.257437168034735,21.6272172284627
-0.53805645038906,18.8901250097416,19,23.9942046068901,-0.423834209822874,20.040225860814
0.863747878641643,30.3253188912606,31,34.8551113630804,0.850447784725645,30.2818858773971
-1.21703864479575,11.4555069145159,12,14.9302073134295,-1.22571032051747,11.3429985003263
0.416611529427132,27.2887042742001,26,32.3364170573447,0.424657474072755,27.3784129362157
1.56305123091242,33.8221713012648,34,37.5388374403784,1.37533110826963,33.06038418335
0.080800404514079,24.6079821520173,24,29.9202330931521,0.273734120569979,26.213593589158
0.100607546823831,24.7746925377356,25,30.0765799417202,0.217943035743544,25.7664367722358
1.04368511503634,31.3655446651837,31,35.6739416533818,0.98372348738746,31.0694001123394
0.329719769061467,26.6258891570683,26,31.7575230749622,0.344994719437,26.7719034395188
-0.0393162095973546,23.575495649306,25,28.9322662376975,-0.00720545428952945,23.8773118403423
0.723183887149761,29.4400653422904,29,34.1417532035101,0.495720397463045,27.9032144638305
-0.831552149574175,15.7841544658273,15,20.3495853869615,-0.537925252396893,18.9047978102198
-0.142694017982779,22.6579751185037,20,28.0246875877893,-0.502557422623649,19.2611698230045
-0.989428253846109,14.0173546538407,12,18.1797601717255,-0.968306229224297,14.2529345710613
0.158440016537039,25.2555450850661,25,30.5227821676828,-0.232487406913739,21.8586766926597
-0.302175883606969,21.1898352650054,21,26.5119078534055,0.00874068277083275,24.0153986451618
1.19548038163182,32.1642041468425,33,36.2897693004691,0.95692553129876,30.9156922053046
0.770991747949085,29.7483589948495,29,34.3919995171763,0.804154121373649,29.994748496085
0.293828330292545,26.3456116368938,25,31.5092409921726,0.429104499735578,27.4117085499466
0.200659536386161,25.6009191570558,25,30.8390134942514,-0.126949079403686,22.8201446874345
1.39136750085488,33.0940007810258,34,36.9944948388127,1.42391792826723,33.2759159627583
0.919787939711611,30.6603959777987,31,35.121067686557,1.1116957606388,31.7717517704274
-0.0882247112499549,23.1447184992676,23,28.5097145565516,-0.214240253495299,22.0269341795078
0.497605490120304,27.8859149763005,27,32.8484757165632,0.592703431737765,28.5939593697596
0.698742650079292,29.279584798338,29,34.0106962786591,1.37502461661916,33.059003751027
-1.23596843552783,11.2467516914829,11,14.6600665203552,-1.14788256107172,12.2137010147359
0.0278129764358416,24.1570282818149,24,29.4929449828924,-0.182959816773917,22.3133891242409
0.0608076516932415,24.4386784570511,24,29.760567810742,0.387108312339447,27.0948936822155
-0.178438340052634,22.3345477271991,22,27.6978858123069,-0.414746632795002,20.128938197505
-0.276062800305056,21.4347211507888,22,26.7694740578728,-0.0921939612700065,23.1306527534485
-0.115784167130778,22.8993647012915,24,28.2662401870474,-0.41737500522871,20.1033055350509
0.927211322693793,30.7040235352548,31,35.1555384258367,1.80258846221214,34.7470761104826
0.829428638178139,30.1151024298268,31,34.6871464319044,0.817527216615733,30.0784182478256
-0.285516783583224,21.346271526506,21,26.6766858407771,-0.377897445826609,20.4861594665158
-0.488090318113086,19.3912169463913,19,24.5574485488783,-0.336603395155854,20.8818247798555
0.323759893627645,26.5796075586159,26,31.7166705828961,0.234756323464992,25.9021041780923
-1.14404617219787,12.2696446132177,12,15.9759028940633,-1.3023558397422,10.5053162839573
-1.39303093215835,9.57114256720662,8,12.4597839788042,-1.36486388974027,9.84215085264766
0.28987347632838,26.3145002177698,26,31.4815498096176,0.275374262856474,26.2266071369806
1.14999628145494,31.9322685443134,32,36.1119984554403,1.1320096064927,31.8784947777231
-1.12820001087097,12.4478766617523,12,16.2031943548147,-1.03803548069392,13.4603652921395
0.865661099292095,30.3369257045164,30,34.8643600573328,0.7433652332292,29.6070136088493
-0.183816050463696,22.2856114402828,22,27.6481224607886,0.0433053183372739,24.3125170634074
1.15586168648323,31.9625278521242,33,36.1352393148717,0.832842585323215,30.1735184076936
-0.381895480878899,20.430773246721,22,25.7003464503842,-0.46621337524643,19.623222680966
0.344334133184213,26.7389370012085,27,31.8570698287502,0.595807660094197,28.6155743701536
-0.971837146719936,14.2161141975852,14,18.4268592002237,-0.824819712641231,15.8621004044241
1.0050043543467,31.1506229191959,33,35.50638054307,1.10843078393049,31.7544754886835
-0.423041103696654,20.0319745406385,20,25.2661076468938,-0.599216443427277,18.2775159685404
0.0610989869738695,24.4411529540338,24,29.7629079167596,-0.0623305066291971,23.3950615751906
-1.29897770284741,10.561201984381,9,13.7669217654262,-1.24919754722371,11.0838317822554
-0.455349526335421,19.7153308369807,20,24.9175695519313,-0.292745842083571,21.2968559917967
1.18621612352412,32.1174668273355,32,36.2540143713424,1.11196837861071,31.7731927954524
0.540249542868028,28.1921564665148,27,33.1076912756455,0.554959567555923,28.3286794310694
-1.41358504086614,9.36102960043816,11,12.1795554661449,-1.46609739485198,8.81606902899583
-0.268922044448999,21.5013726632957,22,26.8392143258255,-0.262560302282686,21.5794882178881
1.36865019793625,32.9917445726547,34,36.9175657993903,1.57223674589727,33.8946051715919
0.165192868506686,25.3111108920453,25,30.5738962086199,-0.0142737004276607,23.8159001458325
-1.15415422096242,12.1561821014163,11,15.8309062946705,-1.0815692834435,12.965082612239
1.28405153366449,32.5982501888966,33,36.6202559643248,1.03351923539998,31.3488827497925
-0.257127640907172,21.6111688668234,21,26.9537599163147,-0.295266677891977,21.2731427661562
-0.564915489045662,18.6174634659437,18,23.6845270041504,-0.525104266716047,19.0344512099537
-0.34236820975059,20.8093326861928,21,26.1075670323997,-0.358762206175567,20.6701074284529
-0.878147126983937,15.2676448787133,17,19.7216310411328,-0.702549934455305,17.1915509817509
0.894530876773047,30.5106317599788,31,35.0024631135875,0.576313003152041,28.4793194132074
-1.03570249146194,13.4935804351717,14,17.5251118577017,-1.13315962784371,12.379986238532
0.722401257376216,29.4349566755296,29,34.1375896351341,0.847081264630728,30.2612421614339
-0.665824851118109,17.5719387898402,17,22.4774741531468,-0.708805564081367,17.1246688538064
1.11637601908176,31.7568053921187,33,35.976941900433,0.854776486153757,30.3083751235663
0.172025587206472,25.3672087019843,25,30.6254069331918,0.0459787772889781,24.3353722675728
-1.19542308132661,11.6952096351068,11,15.2393723716627,-1.05604771004108,13.2553722548736
-1.98677821828576,4.61792546124724,4,5.50968539281605,-1.8701378059053,5.44343294808084
0.870652479862604,30.3671508426151,29,34.8884321493106,1.02105615447832,31.2796778680402
0.606686864380297,28.6577973571873,29,33.4976224792389,0.595180604945192,28.6112106259011
0.278309533778406,26.2232735086971,24,31.4001991949923,0.154907044096863,25.2509354730816
-0.965918851342295,14.2829168212095,14,18.5097432400008,-1.27317328549798,10.8214272103162
0.0715057536061929,24.5294010074737,24,29.8462372564061,0.0970602617163162,24.7685556115722
-1.18126375509539,11.8529166393495,10,15.4421911709645,-1.4713037915547,8.76508859032246
-0.586796968604074,18.3935959480073,17,23.4286394836128,-0.420314133880043,20.0746178881617
0.687480056219007,29.2049825556904,28,33.949584401485,0.699675040204486,29.3208529953335
-0.00365444107972372,23.885839727884,23,29.2328562413043,-0.0988589352125068,23.0713393971357
-0.112373911340312,22.9298273495615,23,28.2965812171754,-0.10160601351683,23.0468603205141
0.983650174724223,31.0299495976916,32,35.4119395961843,0.916033209498479,30.6766556557405
-0.646805619944062,17.7715660168987,18,22.710242995731,-0.836472832136511,15.7331168562384
0.862057312583148,30.3150529838767,31,34.8469289586795,0.876424321225867,30.4399262585835
-0.0261940275695527,23.6900604763613,23,29.043600044723,0.0875867048762338,24.6887240674074
-0.293322416018777,21.2730652298056,21,26.5996821235391,-0.624540652413281,18.0146832100202
0.143818984085823,25.1348165360559,24,30.4114092151257,-0.037593447818193,23.6124045805608
-0.0400097832930405,23.5694283644987,25,28.9263579303037,0.150075353703378,25.2109818620629
0.763396697461741,29.6998780950592,30,34.3527779507138,1.34607952081417,32.9274436182748
-0.101257369707833,23.0289273128308,22,28.3950660605376,0.19868022172918,25.610049799321
-0.410714446786658,20.1519662084326,19,25.3973222736522,-0.292218827376934,21.3018113988573
0.162550797779338,25.2893852502517,25,30.5539220612149,-0.0506488125926739,23.4978879808695
-0.158048176782506,22.5194362734652,23,27.8851474271548,-0.457955904480372,19.7049061745639
0.458065699613704,27.5968927389226,28,32.60176269886,0.773877705842022,29.8031509744027
-0.561290733689609,18.6543970293946,18,23.7266033063074,-0.475641042336042,19.5297045902585
-0.897585638122134,15.0507296802563,14,19.4562992414556,-0.706280672931202,17.1516791626496
-0.21394446326263,22.010098739965,21,27.3663942630066,-0.06945378737113,23.3321936092917
-0.650081763834929,17.7372643253515,18,22.6703212278746,-0.540767138262734,18.8759864989204
0.37639478992453,26.9847293062842,27,32.072345520421,0.590625805872167,28.5794754157837
1.0485477858036,31.3922307090862,31,35.6946907199042,1.11829182086773,31.8065527366899
0.263458963914776,26.1055592672641,25,31.2948893925509,0.870858495532183,30.4062500624619
-0.603383385518039,18.2228547811251,16,23.2325137161376,-0.858633577014122,15.4868642244695
-0.463358781909122,19.6363479853221,20,24.8301222826193,-0.389429148450771,20.3747961202271
0.825008837297095,30.0877520771543,30,34.665228981019,0.733069846740462,29.5401444285236
-0.324978270607948,20.9745036027252,20,26.2837016054634,0.099218523302725,24.786710307048
-0.949379162753021,14.4693938179689,13,18.7406671852767,-1.24320648647439,11.1497503924366
0.342540897211159,26.7250993924864,26,31.8449030336355,0.176991333071586,25.4327589101332
0.834468767680056,30.1462140932886,30,34.7120599504998,0.480791033708314,27.7942541668913
0.176185270204375,25.4012985785103,24,30.6566639715874,-0.216551760629295,22.0056671071469
-0.727123384225382,16.9205207774963,17,21.710849634159,-0.50809227303243,19.205665590709
-1.73355519774764,6.44373615497795,6,8.16316668721879,-1.95072872771497,4.9061059212649
0.209631348571101,25.6736854678448,26,30.9051963118355,0.0167089603498101,24.0841613826181
-0.374791089282759,20.4991377095941,19,25.7742485356259,-0.70342469617245,17.1822061632302
1.98246532409432,35.3038668602633,37,38.6347699732853,1.72544638110456,34.4754372324823
0.165835361859187,25.3163912443122,27,30.5787487542728,0.0303174295042736,24.2012267160642
0.990337389074854,31.0678947385074,31,35.4416642927707,1.11234205714659,31.7751676376012
-1.04373589354979,13.4025939611915,14,17.4108797369952,-0.660491342734011,17.6378658026422
0.817540125412621,30.0413904967957,30,34.6280426048077,0.514314393748814,28.0379481587015
-2.23614427011089,3.17275926980749,2,3.3630904963287,-1.95157025421198,4.9007024249199
-1.46269985396067,8.86909361023879,8,11.5192815452137,-1.8499816041492,5.58420372746323
0.209829604368624,25.6752909273154,26,30.9066547967675,0.260798994469243,26.1106950899165
-1.2494212451722,11.0991226238112,10,14.4685184685146,-1.11302877548486,12.6079139929985
1.77077217191383,34.6049854328788,35,38.1188420784463,1.26073286792385,32.5255488238104
0.136435567056481,25.07363326616,24,30.3548005488893,0.15921733464438,25.2865251603638
0.690869731568826,29.2274786680271,30,33.9680251538028,1.30850847264486,32.7531214965138
1.05616688728832,31.4338952462002,31,35.7270613357714,1.02161542617498,31.2827940182776
0.67460691180975,29.1192088019577,30,33.8791725473886,0.985825621974929,31.0813594933847
-0.490151162339,19.3707050519706,18,24.5345455040395,-0.71588002707566,17.0488782692931
0.110118703507361,24.8543809418128,24,30.1510115736173,0.174495561852466,25.4122763325793
-0.204457684356689,22.0970994119003,22,27.4556440350026,-0.367052045205378,20.5905452800785
-0.883167797285313,15.2116939820311,16,19.6532814279755,-1.02561624993463,13.6017020140057
0.644751099475369,28.9182164316911,29,33.7135483262205,0.00625818354051456,23.9939431659487
-0.0897895927102396,23.1308372578533,23,28.4959943405362,-0.203570554042294,22.1249236194861
0.576307854459488,28.4466235565741,29,33.3214032628064,0.140985106870863,25.1356460392983
-0.959013268377002,14.3608142595422,14,18.6062872689682,-0.700608829442151,17.2122782626593
-0.664059279423814,17.5905204738847,17,22.4991847209077,-0.365175831835374,20.6085694647788
-0.471506318644551,19.5558003896392,20,24.7407358558834,-0.642712997062761,17.8247515321286
0.977875920765551,30.9970706016118,33,35.3861624694272,0.698205401038448,29.3111185911918
-0.859987243931198,15.4695579020654,15,19.9677624235368,-0.833550040715115,15.7655017374332
1.44648145593403,33.3362357498092,33,37.1762241130349,1.47140561501379,33.4803314595766
0.236963003533859,25.8939874320604,26,31.1046410099978,0.211415331736178,25.7135546810651
0.23380986373122,25.8686781732299,26,31.0817981811289,0.265323795227984,26.1467433319094
0.0769331460344114,24.575313761735,25,29.8894943722416,0.0596358909229255,24.4518422767813
-0.399316581882955,20.26252114731,19,25.5177925561945,-0.54376521710998,18.8455630784325
-0.220215164847975,21.9524662121786,23,27.3071261057918,0.00237059154086591,23.9603128212732
-1.22883035869811,11.3253338663329,10,14.7618543979506,-1.40642197160987,9.41320252063011
0.381238663461774,27.0215988214141,28,32.1045015989335,0.427509103017803,27.3997704646156
0.374419863425894,26.9696768818021,27,32.0592072876705,0.289750703845082,26.3403491007421
2.14536543260343,35.7812101695464,38,38.9880348675997,2.28401401472358,36.1699583558159
-0.0310932649673626,23.6473373683282,24,29.0021326567141,-0.501740163599006,19.2693571168636
0.450395143983064,27.5402635296843,27,32.5531833010056,0.336384593431579,26.7052250287246
-1.21115999019165,11.5205636248845,11,15.0142240456922,-1.19025787198852,11.7376256776461
0.47673465283534,27.7339607417596,29,32.7190197033711,0.185622422385102,25.5034641803398
-0.196880713796154,22.1664219046214,22,27.5265692904752,0.0227319674357968,24.1360312406042
-1.1941142420413,11.7097657528424,11,15.2581117412466,-1.09796089513072,12.7788620643801
-1.01196991318006,13.7623216443021,14,17.8616311197608,-1.45597445968312,8.91571685353453
-0.913700522712036,14.8703407069749,15,19.234938400013,-0.940978441947796,14.5623348220713
0.64381899471223,28.9118950757148,30,33.7083248996991,0.672107891662085,29.1370829578001
1.21661445482704,32.2698672365926,32,36.3704801391746,1.24858057188914,32.4665934667982
0.907765216990287,30.5893621791455,32,35.0648661163338,0.657418125845846,29.0381455671352
-0.133801052909957,22.7379468293593,22,28.1049354326347,-0.455904280156226,19.7251683148059
-1.49384367236494,8.56494275846044,8,11.1079714884834,-1.41433409937028,9.33271650068145
0.941819658838609,30.7893611027803,31,35.2228618131145,0.884357512178854,30.4877510008036
0.0507289748220208,24.3529396766737,23,29.6793661042562,0.131862252577729,25.059820367127
0.585801131901857,28.5129309871118,29,33.3768448744599,0.758076642617483,29.7019616604589
-0.314158331187928,21.0768555863534,20,26.3923738833486,-0.142977901297506,22.6759271251639
-1.7504190417871,6.30942337304096,5,7.97168980551289,-2.00829955807054,4.54580146543187
0.549294933926898,28.2563781103423,27,33.1617696378064,0.595805150897271,28.6155569108979
0.373788909645709,26.9648654468111,27,32.0550064747222,0.432361307200936,27.4360546556384
0.139941472214375,25.1027033323527,26,30.3817111113393,0.0646472890196818,24.4944609786648
-0.669042795059169,17.5380453513933,16,22.4378505109551,-0.486225946826304,19.4243758388311
-0.245593245693659,21.7181946209218,22,27.0650091627462,-0.130056056577297,22.7922400805638
-0.123891041908366,22.8268329014514,23,28.1938699448254,-0.249260332304602,21.7032528732423
1.15826283290748,31.9748852062249,33,36.1447262657607,1.03875280478802,31.3777959671952
0.170416256967629,25.3540071792963,25,30.6132932505866,0.306089839893562,26.4689037846544
-0.80357210665151,16.091689525876,17,20.7208186586736,-1.13340310886025,12.3772332357974
0.5095159929536,27.9720228066505,28,32.9215869988529,-0.00892214993298784,23.8624080026892
-1.73612185590936,6.4231695818243,5,8.13388792780419,-1.49569435919513,8.52874211607066
1.34407358653918,32.8795088480591,34,36.8329753725347,1.08617557958262,31.6358261228066
-0.620663527710517,18.0440077539559,17,23.0262020502927,-0.884986675819262,15.1924924898688
-0.574133200282866,18.5233488156393,18,23.577127571114,-0.587495050703022,18.3984421736318
0.26338447614229,26.1049672546172,27,31.2943587935497,0.643058554960738,28.9407542788313
-1.21556701164987,11.4717831359054,11,14.9512346001711,-1.45644559028878,8.91106386289805
1.53324746035637,33.7012600103647,35,37.4488331774219,1.56530251002987,33.8669538424687
-1.22216869375825,11.3988206957631,11,14.8569348267925,-1.4644320458123,8.83241480939797
1.2960057096376,32.655084651091,34,36.6633281647139,1.36536716153276,33.0153717134701
-0.274569809603094,21.4486677375379,22,26.7840798025064,-0.257479368418526,21.6268243560883
0.187438151635046,25.49328393163,27,30.7408352351913,0.543475774566464,28.2470662294005
0.240332378921632,25.9210016119839,25,31.1290026206447,-0.303760235888907,21.1931184997852
-0.327507128773252,20.9505357926649,22,26.2582013294279,-0.862183579323202,15.4473035535285
-0.170174468380712,22.4096061375152,22,27.7740508202507,-0.184858083337981,22.2960763589824
0.465766624516908,27.653563718524,29,32.6502987102987,1.03692321411932,31.3676981855378
-0.578302959687132,18.4806835246784,19,23.528355218272,-0.35266079732773,20.7285414338325
0.263930581529829,26.1093072166909,27,31.2982483145252,0.634128488719304,28.8798504309739
-1.49534081646548,8.55047912318825,8,11.088350856417,-1.23995668019515,11.1855628703401
-0.314801513651687,21.070780227071,20,26.3859335094057,-0.353171145175647,20.7236577969342
1.39833087610639,33.1250607671038,35,37.0178359923459,0.949362159001841,30.8718897456041
-0.521942156615288,19.0525948931483,22,24.1776716925012,-0.584738517253521,18.4268139315643
1.87784598361654,34.9701896041828,36,38.3884547541845,1.66753841211372,34.2625422072388
-0.593674872570172,18.3229044316175,16,23.34753806804,-0.907931629573312,14.9349657804582
-0.458904438146458,19.6802983704106,18,24.8788075839246,-0.517582215687886,19.110270623213
-0.839831858315341,15.6927567331626,14,20.2388692153385,-0.751421868058671,16.6656735034412
1.40942081808777,33.1742540016266,33,37.0547799119701,2.4387706244285,36.5416830754387
-0.118753620032952,22.8728160894344,23,28.2397716441138,-0.507152974276574,19.2150919086624
0.663170886479884,29.0425606751126,28,33.8161165254858,0.627785934632621,28.836436858344
-0.21398852431498,22.0096941345981,23,27.36597857976,0.0320241365425134,24.2158754802575
-0.533848925726929,18.9326269809635,18,24.0422766489279,-0.634671190498028,17.9089387254337
0.860651137522651,30.3065069840711,30,34.8401158319395,0.528681594926451,28.1413113343776
0.0371280666692433,24.2368254304261,25,29.5690245175415,0.217948238682904,25.7664788755344
-1.17628267239578,11.9085145943421,11,15.5135822056392,-0.782662324775011,16.325586131529
-0.475560951465399,19.5156397886223,19,24.6960906849938,-0.517590096792769,19.1101912802575
0.0380290622033472,24.2445320441618,24,29.5763613041655,0.166144935892185,25.3436218936164
1.15797597097601,31.9734098054947,33,36.1435937031625,1.22036230936744,32.328002314872
-0.318019625246578,21.0403658458372,19,26.3536725414967,-0.206614331242733,22.0969995549953
0.116194384901411,24.9051612410602,24,30.1983405728126,-0.0671945165355605,23.3521469053011
0.869121571015913,30.3578890436424,31,34.8810576969487,0.203823011625821,25.6519012052477
1.45774793756653,33.3847492502728,35,37.2125377335723,1.23925674747931,32.421063137556
0.685156285459158,29.1895389738027,29,33.9369184975359,0.880272366055555,30.4631496750008
0.326248064168065,26.5989421433242,26,31.7337440715367,-0.211559306368917,22.0515831311252
-1.55980057443384,7.94186836052664,7,10.2574544579534,-1.35724111250905,9.92191514728024
-0.199779356312827,22.1399190749566,23,27.4994735217712,-0.220705483796488,21.9674162006642
-1.50453776698499,8.46195069021209,7,10.9681341033349,-1.76541612198098,6.20449879254375
-0.565923407795902,18.6071859177527,19,23.6728112779069,-0.668939836266667,17.548684571211
-0.846992285217393,15.613575815696,15,20.1428107879021,-1.31413137389511,10.3788692059685
0.480556125883243,27.7618850369186,27,32.7428516039808,0.174664322220613,25.4136618621349
-0.639045530935914,17.8526739422699,16,22.8045153212244,-0.504690176034358,19.2397938776003
-0.897458486875965,15.0521510485676,15,19.458040907647,-0.903635895523767,14.9832601099914
-1.50656893645118,8.44247384623785,9,10.9416569188533,-1.40585289808363,9.41900637186967
1.63606578179149,34.1090429223232,35,37.7518713412273,1.17377077462584,32.0939303255332
1.19057773942564,32.1395027088063,33,36.270876439603,1.06108420423213,31.5001889343925
-0.183653963046032,22.2870874717035,22,27.6496246583842,-0.367785832051152,20.5834932897295
-0.0739719791619298,23.2708673873051,25,28.634100969015,-0.161226934342477,22.5109514203354
-0.333742043506132,20.8913683496324,22,26.1951657652179,-0.788178292969593,16.2652330338118
1.01899526593685,31.2289041805475,31,35.5675057475537,1.10281167887204,31.7246646395294
-0.703427696459791,17.1737713982253,16,22.0101423145922,-0.617981579111715,18.0829643342003
-1.35184176860135,9.99922541979164,9,13.0275870836364,-1.27835423683263,10.7650328988811
0.410234392257984,27.2408287732979,27,32.2949828434273,0.483874129016552,27.8168125768887
-2.05591817222575,4.18466377346375,3,4.86753959871633,-2.61993638564664,1.73053274456153
0.174923431071478,25.3909623740432,24,30.6471903089453,-0.336300085409828,20.8847132254899
1.22147420478866,32.2939771063353,33,36.3888727603016,1.34501123145063,32.9225427126494
-1.68366202493751,6.85248840219459,6,8.74200940957383,-1.28463168793891,10.696857747924
1.48583574731341,33.50423406398,34,37.3018642684253,1.07382771678291,31.569325073377
-0.829743898618063,15.8040920112958,17,20.3737136964337,-0.832734867660014,15.774529958637
-0.80698518269444,16.0542889221474,16,20.6757802314087,-0.669750346772946,17.5401163958535
-0.300345333633905,21.2070611357344,21,26.5300940453566,-0.279004883198881,21.4258158123935
1.45960357126138,33.3927072783769,34,37.2184920036507,1.18742641196894,32.1632168893884
-0.500544518403786,19.2670561973983,18,24.4186118630762,-0.523290861957982,19.0527463690378
0.198105905703266,25.5801673628713,26,30.8201111591511,0.0698160759892809,24.5383508820035
0.904280792214729,30.5686882356035,30,35.0484910423472,1.37418395725653,33.0552160863789
1.52581767010347,33.6707668117423,35,37.4261126534009,1.54621718844165,33.7902174625262
-0.564882741060257,18.6177973351405,18,23.6849075412003,-0.703385483856778,17.182625110407
-0.00792977624081134,23.8488020004775,23,29.1971489737347,0.195699434710983,25.5857595653764
-0.0334425859814632,23.6268291808481,26,28.9822057960725,-0.0953838875795192,23.1022785224679
0.522625253320575,28.0662832730942,29,33.0014169882493,0.663612902125242,29.0799537539334
0.580313312570963,28.474635421876,29,33.3448371315728,0.583619477998798,28.5305295160046
-2.03736840226841,4.29838257698861,4,5.03633910550587,-2.54396084453836,1.98354040366931
-0.563413396322157,18.6327738658216,17,23.7019741193702,-0.6767204995058,17.4663422243736
-0.0676822022195639,23.3263769831791,22,28.6886647650328,-0.19489867108985,22.2043512461903
0.256601511469399,26.0509918841873,25,31.2459416409557,0.20657909951505,25.6743002409584
-0.86704725751524,15.391148409286,15,19.8722797541167,-1.10400396983811,12.7102715825466
-0.887301838430328,15.1655838986729,15,19.5969062687371,-1.10857594049837,12.6584050986482
-0.281457341769832,21.3842797816729,20,26.7165919384235,-0.147906014083025,22.6314579902312
0.487843801913047,27.815011837808,28,32.7881401180168,0.645837123893595,28.9596516506717
0.360772686463018,26.8653437092118,27,31.9679799353486,0.27355025794344,26.212134274995
-0.657447453560638,17.6600153156933,16,22.5803017810558,-0.525659884804673,19.0288435346531
1.22950096886225,32.3336463389202,33,36.4191161232391,1.65078723499241,34.1994762339082
-1.11092814845528,12.6425722175614,13,16.4508194052167,-1.11950351145556,12.5345417025138
0.495177990377312,27.8683108095382,28,32.8335066437741,0.409991990524944,27.2681851864723
-0.0491019949065216,23.4897801368739,22,28.8486830781251,-0.138052363211717,22.7203123654721
-0.183575544167924,22.2878015609645,22,27.6503513793348,-0.279769797612043,21.4186503104738
0.22216136192079,25.7749389408602,26,30.9970355512443,0.111149842598981,24.8868549291341
-0.242331573781665,21.7483966877527,22,27.0963305284807,-0.063909705079808,23.3811349058212
0.428745023180166,27.3794536617882,27,32.4147978538505,0.454735149245408,27.6024337486498
0.0928372599090461,24.709414276978,24,30.0154622098929,0.10647186911188,24.8476348390624
-0.493062037419789,19.3417101045627,19,24.5021479187108,-0.620858747121627,18.0530302777259
1.49387477195063,33.5380510107346,34,37.3271178623153,2.1399353062599,35.7891492374714
-1.13063368409962,12.4204772786306,12,16.1682908544372,-0.8179363907684,15.9381179094617
-1.42461550232991,9.24928163968869,9,12.0300898503684,-1.0132804616863,13.742050178438
-0.646171262672284,17.778203736012,17,22.7179646511644,-0.467042364226219,19.6150105908919
-0.276727633204042,21.4285088096797,21,26.76296591452,-0.265065031695665,21.5561280666803
-0.553314499408024,18.735518496556,18,23.8188795585141,-0.517419699858944,19.1119067052973
-0.456035183888023,19.7085769006451,19,24.9100996904461,-0.330731699706042,20.9376960193417
0.850440243036972,30.244258425172,30,34.7904463094746,0.870334951862959,30.4030771258463
0.775166224107342,29.7749257177399,29,34.4134717421392,0.767008669884251,29.759262714018
-0.0933826057881436,23.0989425461338,23,28.4644448298809,-0.0302340100803746,23.6767717861978
-0.948743498592605,14.4765537563829,14,18.7495206125965,-1.24885052755272,11.0876463137715
0.718022710065709,29.4063387211179,30,34.1142557495306,0.455326814755156,27.6068127474123
0.708295990265537,29.3425426313762,30,34.0621764453689,1.05183544802437,31.4496907696243
0.209917604549792,25.6760035109455,24,30.9073021219397,0.298281110633144,26.4075608216945
0.904806653520402,30.5718108040717,32,35.0509648352457,0.647047325871186,28.9678745477936
-1.26121421428677,10.9702412873417,10,14.3009472023243,-1.42146003032811,9.26056338924342
-1.18836486081429,11.7737602555941,11,15.340450377054,-1.16268184235454,12.0469718069997
-0.000626582295047612,23.9120426330441,24,29.2580908331542,-0.2604610279086,21.5990541867569
1.03050120390059,31.2928194596248,32,35.6173331450111,0.595758991970453,28.6152357286311
-0.343773516042096,20.795948654843,20,26.0932533893703,-0.475319842160929,19.532895310451
-0.644663745587512,17.7939726031743,17,22.7363038695753,-0.840757115484548,15.685606334688
0.270044872476151,26.1578404106868,27,31.3417086469232,0.150625507103771,25.2155342515891
-0.803875069799443,16.0883709487385,16,20.7168236039722,-1.02064764581549,13.6582377855993
-0.480915517144247,19.4625258025223,19,24.6369667723604,-0.434483468427691,19.9359532619253
-0.112994197330132,22.9242886939592,22,28.2910670367459,-0.235539761326019,21.8304469198524
-0.48521214606897,19.4198417036379,19,24.5893880237586,-0.417788469644,20.0992714343663
0.520264912285242,28.0493513768776,29,32.9870928181109,0.73329223748703,29.541592543204
0.234657851693581,25.8754874362083,26,31.0879456537861,0.350865850457518,26.8172460952327
-0.165543322546705,22.45159471425,21,27.8165730176838,-0.344921257158694,20.8025130016165
-0.718378059830151,17.014195624699,18,21.8217366481811,-0.495931315831983,19.327488807255
0.603310189299923,28.6344708825553,29,33.4782070119618,0.617245525014545,28.76400220711
-0.27089712411716,21.4829507432485,23,26.8199542301218,0.0122307751376243,24.0455362598902
-0.158960700264774,22.5111841632701,23,27.8768147027273,-0.134694770409116,22.7505337367521
0.411916687786222,27.2534703530968,29,32.3059292409423,0.306122252378461,26.4691580423722
1.64858809567851,34.1569378415593,35,37.7873760816716,1.03699007659898,31.3680673971174
0.190235493789471,25.5160969530987,26,30.7616720203003,-0.061471360325738,23.4026356322784
0.779962864686192,29.80538198064,31,34.438069806867,0.700142266592775,29.3239462696908
0.826628241413437,30.0977805390193,30,34.6732671096694,0.89801325840713,30.5695917212089
-1.37428330833261,9.76485777835738,8,12.7172363343288,-1.49079172074861,8.57591731548229
0.539162969584146,28.184424469063,28,33.1011739543087,0.260801021849728,26.1107112545648
-0.460501827508536,19.6645441114709,19,24.8613632281817,-0.531269891544195,18.9721674536656
0.391607204218173,27.1002835399359,27,32.1730097959099,0.00859837530899553,24.0141691436054
-0.423783867931997,20.0247299341753,20,25.2581701495126,-0.461327048841614,19.671584057583
-1.05255653420632,13.302696591321,14,17.2852868669027,-0.865939461350634,15.4054159343561
-1.08596375081752,12.9245919275181,13,16.8082881709335,-1.42324146390076,9.24257576825951
0.841704823294824,30.1907366546907,31,34.7476792274527,1.32853227056248,32.846531437126
0.700037667357662,29.2881364902828,29,34.0176939179765,0.789014313654112,29.8993160631614
-0.320163060753385,21.020092660293,20,26.3321506645627,0.201896424733647,25.6362313125828
-1.66789222022141,6.98525747984202,7,8.92878640936642,-1.6203059191894,7.38801767261274
1.01524853527071,31.2080012004355,32,35.5511944760613,1.91747404236256,35.1275405922105
-0.590185260072035,18.3587903158085,17,23.3887261933939,-0.241886904606526,21.7716678054732
0.386002294151132,27.0577890729958,27,32.1360310767535,0.0714642845183508,24.5523319834022
0.59871921182501,28.602697274014,28,33.4517408435483,0.665559784478947,29.0930673750084
0.0747564166084466,24.5569089718613,25,29.8721620506259,0.136781102290858,25.1007312371091
0.805975661699551,29.9692473293636,30,34.5700912350039,0.814273241145166,30.0581135951868
0.80476472321468,29.9616679401152,30,34.5639967589654,1.20588589571754,32.2559771313592
0.639889352755058,28.8852141984576,29,33.6862683546905,0.0871611159044593,24.6851322808628
-0.073238556201786,23.2773451729008,22,28.6404737346795,-0.576796266262025,18.5084184713749
0.300093406706807,26.3948046174005,26,31.5529720559997,0.407299328183242,27.2478761443723
-1.31515320273651,10.3878521290327,10,13.5395738707617,-1.24562063947814,11.1231718015447
-0.502095318557067,19.2515616445283,18,24.4012519839981,-0.463652837966754,19.6485742817939
0.838592081725691,30.1716051530581,30,34.7323783059588,1.05368372091492,31.4598040090669
-1.16363026879031,12.0499951760423,11,15.6949929795836,-1.35842217425042,9.90953539828006
0.62175276881361,28.7614287804089,28,33.5837301629814,0.330839216064626,26.662166047602
0.641357361595364,28.8951872831623,29,33.6945147507562,1.17239951774584,32.0869413616553
1.3673645791667,32.9859150879881,34,36.9131762018634,1.52086226814901,33.6868279296387
-0.158579221346196,22.5146341971165,22,27.8802987268657,-0.0208043275832341,23.7590485389598
-2.88522585006654,0.949222766919722,0,0,-2.97100469826976,0.897913399286756
0.475318949597311,27.7236044035528,27,32.7101762846321,0.487052672812966,27.8400384535424
-0.10103189948104,23.0309341273785,22,28.3970569561781,-0.073639284112603,23.2951949051047
0.837093690759255,30.1623845528005,31,34.7250013026156,0.754804183206116,29.6809025003167
0.393098536420737,27.1115744023711,27,32.1828273074412,0.342202826297306,26.7503062498662
-0.0583704891998947,23.408375875397,23,28.7690769219736,-0.043049910193617,23.564594168209
-0.386269470707289,20.3886114228924,19,25.6546904951945,0.232233384115497,25.881796222925
1.17848201176131,32.078252319371,34,36.2239884080777,1.30152741059415,32.7202832067286
0.72337947552854,29.4413417473943,29,34.1427933886606,0.593645560841411,28.6005227618773
0.938112148528271,30.7677676923308,30,35.2058394584974,0.799345149691021,29.9645171842501
-2.38776556922517,2.45232428078421,2,2.29417045822101,-2.11099469328985,3.94759207509944
0.235423480411,25.8816336366463,27,31.0934933788245,-0.0326734689409489,23.6554507056547
-0.892471797023898,15.1078699496611,15,19.5262842988739,-1.02037214802025,13.6613723407625
0.183351424673694,25.4599172985733,25,30.7103317089311,0.105604042692844,24.8403527251445
0.39232406667887,27.1057117337242,26,32.1777300702132,0.380902403682179,27.0476278396618
0.867750178313598,30.3495858595275,30,34.8744450983893,0.523006898891774,28.1005629863605
0.86414108053476,30.3277052710771,31,34.857013124131,0.235205166711116,25.9057152150545
0.379112705662379,27.0054255690982,27,32.0904002842657,0.0513090638110876,24.3808862895519
0.813967022288414,30.0191466103376,30,34.6101856251638,0.692451865062386,29.2729411768651
-0.809952663430314,16.0217451046889,16,20.6365657130067,-0.549380479901267,18.7885022262056
-1.02612632314911,13.6020344399347,13,17.6610772868854,-1.05169969300662,13.3048522728544
1.30460129485794,32.6956982117468,33,36.6940797166971,1.27929732911831,32.6147710528296
-0.805512629507441,16.0704291577164,14,20.6952203028595,-0.969686765537684,14.2372796098624
0.173945240851135,25.3829466762925,26,30.6398413464304,0.294334289518077,26.3764893598432
-2.23505328980234,3.17838167286077,2,3.37144365544258,-2.42970821177268,2.41603445239112
0.971210194332552,30.9589836624042,32,35.3562777869585,1.0894120126061,31.6531770315376
-0.674314034783784,17.4824519276701,16,22.3727939894059,-0.692040410295026,17.3036244869675
-0.236027691831316,21.8066909431476,21,27.1566948803473,-0.298028122315,21.2471464966629
1.89529052198099,35.0273779470673,36,38.4306597906434,1.47250086981729,33.4849745172112
1.90894039024924,35.0716871495451,36,38.463360970667,2.17517504248516,35.8855631302766
0.176583385144169,25.4045587934883,25,30.6596514745886,0.306693622021055,26.4736396201293
0.0728174739910039,24.5405044147086,25,29.8567044782388,0.0954701687881045,24.7551724698527
0.485475614891453,27.7977659840839,28,32.7734462191473,0.739955544607307,29.5849059670177
-1.30312074692457,10.5166903955642,10,13.7086042847639,-1.23856055152194,11.2009598058017
-0.822087257634256,15.8884188932571,15,20.4756724516562,-0.97957756447559,14.125060583969
0.913919545966034,30.6257818516587,30,35.0936930873373,0.576363665568002,28.4796750869875
-0.713023831125563,17.07142720845,18,21.8893796425951,-1.00349274823753,13.8533604050184
1.00856029914852,31.1705775283766,32,35.5219722463817,0.827649849895963,30.141360632918
0.411260574360878,27.2485410203145,29,32.3016613932763,0.256542379649595,26.0767309399533
0.0921421333465694,24.7035668379433,24,30.0099810345759,0.316139912664146,26.5475960363215
-0.0157453062270743,23.7809765610413,22,29.1316435041539,0.00122826370542505,23.950423693186
0.522829874132841,28.0677502945245,29,33.0026577491464,0.440567107770648,27.4972533931727
-2.79177480369404,1.138269110454,1,0.308201415452471,-2.94452202440717,0.943459889391206
0.822516443609891,30.0723008294333,31,34.6528403908382,1.47484788977469,33.4949133480762
-1.10067159538321,12.7583638395259,13,16.597763349379,-0.820230158823063,15.912800502549
0.525996679925858,28.0904377997902,30,33.0218396287946,0.606118335570596,28.6871462899656
0.591600219847973,28.553294183825,29,33.410544415092,0.375548054496367,27.006755501132
0.528434364033096,28.1078802602684,27,33.0365786193764,0.285095027025159,26.3035791174243
-0.703561777407246,17.1723434412596,16,22.0084591470024,-0.90151711037807,15.0070670987977
0.658428147257799,29.010649177357,29,33.7898260413416,0.562061034990725,28.3789386615195
-0.246288491675346,21.711753306748,23,27.058324999445,-0.256464315496983,21.6362728843046
0.272227034111501,26.175135956139,26,31.3571806164485,0.335954404206254,26.7018878837143
-1.91730343349937,5.07997477784351,4,6.19053672470675,-1.98480531874813,4.69057354255119
-0.153957948178568,22.5563993879686,22,27.9224426718688,-0.199427605452232,22.1628936639246
0.456004683793143,27.5816947297079,28,32.5887328622793,0.58468552215389,28.5379869970246
0.587488381864375,28.5246857768947,28,33.3866628824277,0.669160446347163,29.1172878627548
0.43435342991228,27.4212486975216,28,32.4508268264921,-0.241738624562314,21.7730421800864
1.42005498371876,33.2211116930745,34,37.089942728399,0.911783125640502,30.6514996213021
0.794642579868422,29.8981259838156,30,34.5128579057673,1.05731048206145,31.4796171646389
0.526487450552107,28.0939509350164,29,33.0248088301955,0.514688806836506,28.0406500652136
0.502440930755124,27.9209266334265,30,32.8782244345106,0.0646542588933333,24.4945202082356
-1.02448978647914,13.6205673067312,12,17.6842899088051,-0.598263086978967,18.2873686219137
1.11852209625107,31.7681088125889,33,35.9856574149194,0.863704525827845,30.3628157344126
0.896237450903699,30.5208157834428,32,35.0105417926917,1.35715449521428,32.9780606009809
-0.140066580324463,22.6816233389654,21,28.0484404360477,0.122073702505596,24.9782180902245
0.0708372242530555,24.523740353562,24,29.8408994513392,0.361576624568091,26.8997041875028
-0.424833414535067,20.014490321087,19,25.2469482342861,-0.423292145845638,20.0455243794096
-0.3733009960238,20.5134584507905,21,25.789709172661,-0.586810530176509,18.4054899992693
-0.451070898161238,19.7574444235116,19,24.9641138852702,-0.976474841186853,14.1602743213507
0.194175102431759,25.5481891893254,26,30.7909585216837,0.303371927464369,26.447572552971
0.475828131945518,27.7273299567865,28,32.7133578870125,0.55898744131272,28.3572055986328
-1.32505311984262,10.2823468874994,10,13.4008969485981,-1.2561208761806,11.0078248736055
1.50427562290876,33.5815537200892,35,37.3595869598998,2.11370259838022,35.7159506584961
0.17933739482391,25.4270999583321,25,30.6802985643278,0.352913621231118,26.8330371950939
-1.60592809976673,7.52371142198142,6,9.68024702436418,-1.29218382406764,10.6150690285138
-1.42851486266752,9.20995015164303,11,11.9774112642412,-1.51257713015147,8.36758452723597
-0.778541933503401,16.3649671426523,15,21.0489707235846,-0.651457443904306,17.7329623816621
1.04857319039611,31.3923699337448,32,35.6947989382334,0.715694176362095,29.4265003935967
0.000563447704326491,23.9223347673331,26,29.2679965029208,-0.0093293519750468,23.8588717146748
-0.378565954917239,20.4628306448988,20,25.7350202912599,-0.431688305443815,19.9633552844699
1.72973812836759,34.4583443778279,36,38.0104722466474,2.20264300316374,35.9592182172611
-0.672765786407517,17.4987900571966,15,22.391921440739,-1.11202415053204,12.6193033872156
0.155334301150705,25.2299485474966,25,30.4992054983958,0.108451702603247,24.8642407024425
1.00594725091093,31.1559179883773,32,35.5105185813039,1.21991175875642,32.3257701701203
1.3960216612616,33.1147752618725,34,37.0101078901033,1.24303745806747,32.439556351019
-1.27587391578341,10.8107662828728,9,14.0931431652491,-1.39344034632289,9.54609185964709
-1.25824649508392,11.0026260135784,11,14.3430845076367,-1.23785992818398,11.2086891357732
-0.23213404108826,21.8426458654239,23,27.1938672836655,-0.309378991118294,21.1400724426873
0.526707977436693,28.0955293090188,29,33.0261427315249,1.46621960887695,33.4583031955779
0.475508586687373,27.7249920221728,28,32.7113613430655,0.400592996210167,27.1971996173709
-0.0550912939356029,23.4372011449388,24,28.7972908301969,-0.291993735420224,21.3039276628652
1.92205524333137,35.1138997336367,37,38.4945165628216,1.99471605133675,35.3680321277444
-1.09708168157487,12.7989186936733,13,16.6491715003448,-0.632062037871241,17.9362064985451
-0.455523332179552,19.713618931386,19,24.9156763220306,-0.738940954894973,16.8006982170313
0.978652003802709,31.0014958354773,33,35.3896329927854,1.22725162339219,32.3620579528656
-0.0490832418952195,23.4899446260513,23,28.8488437097672,0.0535411096471662,24.3999237146279
-0.118679606462463,22.8734780791336,24,28.2404319309953,0.295233103084695,26.383569212124
-0.0684678932536954,23.3194483390357,23,28.6818598424429,-0.0352740133943629,23.6327054010211
2.07350536698458,35.5767247988645,37,38.836491381165,2.60156557799763,36.8949477387086
-1.17350036466309,11.9395956905289,12,15.5534671287258,-1.33453472160388,10.1613921383582
-0.225864014589496,21.9004630988989,21,27.25354738993,-0.490788484841434,19.3788659299128
-1.90185064409374,5.18654390410847,6,6.34681176220034,-1.58267946191652,7.72041711290722
-0.457016995785467,19.6989032670859,19,24.8993980695651,-0.478673258903513,19.4995674137934
0.758512770349005,29.6686038007121,30,34.3274509355445,0.742981755305829,29.6045291289921
-0.0305362172702045,23.6521980452236,23,29.0068535112495,0.0164203487345236,24.0816735787296
1.95817850420815,35.2283687142959,36,38.5790177276323,1.29163724882452,32.6735186863894
-0.527813015814543,18.9934990815996,19,24.1110311910756,-0.417601701139684,20.1010937654477
-0.189380972307101,22.2348949871804,22,27.5964608110818,-0.085639859373828,23.1888718831579
-0.550985158648068,18.7591698730228,19,23.845746553286,-0.695845530206145,17.2630887003845
1.77242352170169,34.6108076286816,37,38.1231429723583,2.11337681862528,35.7150338560554
-0.910947531185128,14.9011913999037,14,19.2728413716818,-1.06902095416148,13.1077720776939
0.00978239514812417,24.0019452321568,24,29.3445012015289,0.333097631847917,26.6797131022525
-0.765293155699243,16.5088803861561,15,21.2211106338514,-0.936408550906666,14.6139722148412
1.32796865468883,32.8050446714069,33,36.7767616535654,1.16346001135053,32.0412379057646
0.270870122843731,26.1643828367186,27,31.3475622385582,0.270462634541188,26.1876135955683
0.94014686780008,30.7796238254456,30,35.2151868694662,0.712343170751995,29.4044697042096
1.69119083838269,34.3170906763154,35,37.9059857396321,0.925090011923178,30.7300660605805
-0.62118119430559,18.0386347658856,17,23.0199902954782,-0.420307795473884,20.0746797825431
1.50649010182314,33.5907798125289,35,37.3664705274585,1.26588896789265,32.5504311441698
0.885077994304374,30.4540512983355,31,34.9575433433828,0.695948195779714,29.2961538648364
1.35291615513544,32.9200847346486,34,36.863575691831,1.66832931657395,34.265503237758
0.288437937426314,26.3031962340739,26,31.4714819746953,0.217224880580758,25.760624593494
-0.442390989392542,19.8427089074364,19,25.0581724469873,-0.506824412156077,19.2183885219207
1.53707472902844,33.7169128618252,34,37.4604926432646,0.740113806016212,29.5859329417557
0.478108292795009,27.7440034310359,27,32.7275927933749,0.184810524044341,25.4968217308197
1.25316225125296,32.4494822879862,32,36.5072945353813,1.52792133607093,33.7157794026165
-0.484000030304155,19.431889052889,18,24.602822703168,-0.679557049827743,17.4362730385229
0.596996908275861,28.5907600110947,29,33.4417916461603,0.55651926472421,28.3397316218414
0.43695650521086,27.4406147133043,27,32.4675062657723,0.271057789215006,26.1923421726069
2.0559536835035,35.5253422384717,37,38.7984693951754,3.10287062137245,37.777705305743
0.308159458616633,26.4579719241524,27,31.6090294332437,0.171006379014221,25.3836128589159
-0.041035345306014,23.5604546952945,22,28.9176171496569,0.0120699987004177,24.0441485973119
-0.0638316738011506,23.36031083626,22,28.7219693612239,0.397532355761701,27.1740268923642
-0.374216616797316,20.5046595002448,21,25.7802106731834,-0.519755518256908,19.0883833310165
1.17472177094858,32.0591218429132,33,36.2093317833532,1.48895540130229,33.5543453517751
0.237155385988732,25.8955307257589,27,31.1060333205925,0.57461984034508,28.4674279040394
0.91332952836836,30.6222955665098,31,35.0909347028125,1.95206457589111,35.2367117245284
0.326813755046655,26.6033353798984,26,31.7376221436046,0.559559731072759,28.3612544777573
0.0864470980957297,24.6556125632139,25,29.9649904865082,0.289750703845082,26.3403491007421
1.9518974997025,35.2086532670732,37,38.5644616021361,2.00762724071952,35.4070814817999
0.732554629856718,29.5010789153064,29,34.1914367044245,0.865823948317465,30.3757009911082
-0.249548988190917,21.6815287838731,21,27.0269415587647,-0.339515104284569,20.8540832751006
-1.66087848610661,7.04486269128225,7,9.01244330421369,-1.7667564417465,6.19428148080689
-1.322346368008,10.3111476221653,10,13.4387761289088,-1.09455647123568,12.8175194198168
0.313425445328524,26.4991095748137,27,31.6454786847446,0.935902653784494,30.7934814739574
-0.426396070470116,19.9992386554619,20,25.230227025093,-0.771408605268147,16.448437749037
1.81509644994337,34.759172271233,36,38.232704521419,1.84927187532371,34.9050628998809
-1.23289293730015,11.2805887767633,13,14.7039104586563,-0.849882220089289,15.5842572219229
-2.01426826825047,4.44256705410156,4,5.2501226868328,-2.42694772317861,2.42725413630019
-1.21390232418189,11.4902024237519,11,14.9750244383369,-1.0655074992034,13.1477392570651
0.88752424233945,30.4687210328821,31,34.9691956873366,1.3791678519229,33.0776425401973
0.157241162713053,25.2456674987673,26,30.5136863487107,-0.155997665818951,22.5583105987796
1.07365421233322,31.5288391749797,31,35.8007152925291,0.691813570177001,29.268699127251
1.42002088963798,33.2209619523004,34,37.0898304020435,1.83692672800931,34.8637427148608
-0.357911946440303,20.6609903703709,21,25.9485773822569,-0.555669836066937,18.7244684978873
1.76235230862318,34.5752047624505,35,38.0968409347478,1.88571224173411,35.0251421243811
0.00973287533447029,24.0015181748781,24,29.3440913537488,-0.176510680364718,22.3721391355579
-0.493735379431957,19.3349992408613,19,24.4946457524793,-0.298314838205292,21.2444461701535
0.186551357384525,25.486047447009,26,30.7342224574563,0.35330429590667,26.8360484284192
1.8480761907063,34.8711232987703,36,38.3153414485402,1.52739740947578,33.7136350504506
-0.36751726099524,20.5689842779653,19,25.8495887249943,-0.565933475247544,18.6196915482297
-0.826301304108954,15.842026204506,15,20.4195982224601,-0.821543643156775,15.8982964822268
0.246575968575142,25.9709758709534,25,31.174015549009,0.297618524414634,26.4023477052122
0.859005807039008,30.2964993952289,30,34.8321356694771,0.404337606257011,27.2255125235021
-0.459458234537148,19.6748374315231,19,24.8727617094426,-0.114007667044498,22.9361164060652
0.221981836375225,25.7734912881924,27,30.9957245652151,0.384089942196429,27.0719193259185
1.59113423372382,33.9340620226327,34,37.6220094310703,1.95043305896055,35.2316167335409
0.899926562177021,30.5427985603934,31,35.0279733130747,1.29133904896113,32.6721042626834
0.88660335954946,30.4632009222788,30,34.9648114836491,0.706598522138072,29.3666168698009
0.503443924175273,27.9281797908765,28,32.8843836132747,0.148473790444753,25.1977247301272
-0.943918151096957,14.5308872295485,13,18.8166734969851,-1.01219344754147,13.7544146050989
-2.88522585006654,0.949222766919722,0,0,-2.53863148836129,2.00232475512433
-0.396832814874473,20.286562675199,20,25.5439360693018,-0.47330323685537,19.5529203821364
0.901028844629742,30.5493583602161,31,35.0331732030084,0.517502363424017,28.0609396728919
-0.827885391202851,15.8245748641177,16,20.3984931787039,-0.957385440870436,14.3766948386117
-0.146314837540065,22.6253578143583,23,27.9918942843014,0.241816790364741,25.9588423324384
0.813805431202669,30.0181396660281,30,34.6093770340501,0.761355357470493,29.7230258176441
0.463929829633618,27.6400634012432,28,32.638743498941,0.657065056606813,29.0357589655981
-0.0516641751436626,23.4672981351761,22,28.8267198161953,-0.153530539124999,22.5806304605564
0.273754266461666,26.1872325502655,25,31.3679968732117,0.314281284514871,26.5330648888339
-0.094241896603978,23.0913099890103,24,28.4568897557394,-0.709410351490591,17.1181959809633
0.723056786273551,29.4392358183805,30,34.1410771782851,1.1326184908029,31.8816744980311
0.276704131403346,26.2105784303043,27,31.3888603285484,0.435479048460061,27.4593309159282
2.04364506298265,35.4889649537998,37,38.7715623861195,1.89953018581744,35.0699468693468
1.67011202539592,34.2383869304193,35,37.8477182132206,1.49607509564544,33.5841391270306
0.427273212522533,27.3684695169175,29,32.4053218132492,0.5527659303124,28.3131219895894
0.852139016926727,30.2546380606064,31,34.7987337305821,0.764486513905257,29.7431090337079
0.963278930703446,30.9134813138114,32,35.3205399772472,0.904720609589506,30.6095666547055
1.04997646366229,31.4000571513335,33,35.7007736374177,0.391906447574057,27.1313587111393
-0.789613833110667,16.2443056295272,14,20.904284104383,-0.71625867557958,17.044817119523
0.665382540952708,29.0574169249041,29,33.8283483258143,0.412505970104621,27.2871267923777
-2.25352149206839,3.08403750223477,2,3.23130327453922,-2.16726609379523,3.64235919769766
0.888218520206574,30.4728809803523,30,34.9724992300888,0.52561936592171,28.119334955318
-0.133189782225343,22.743436574868,24,28.1104360469318,-0.0416231579633872,23.577102755772
1.21118553157202,32.2428510113665,34,36.3498599339919,1.37396573090573,33.0542325244547
0.210304961030768,25.6791398855719,25,30.9101510934822,0.692857718642991,29.2756377508093
0.0881129825215756,24.6696486461302,25,29.9781664765367,0.665601396581151,29.0933475271551
-0.792384165431134,16.2140593704319,17,20.8679647068813,-0.7992386482707,16.1439475225242
-0.998761705207267,13.9117952453546,13,18.0482303466348,-1.28057229993148,10.7409244882484
-1.10279403025297,12.7343930927009,11,16.567363527617,-1.26628812641267,10.8965457914605
1.24148413860733,32.3925159673789,34,36.4639544683326,0.630919146919792,28.8578993620902
-2.20255103120822,3.34870280352328,3,3.62457387504099,-2.41313781083318,2.48392474923622
-1.44170402009278,9.07759325898921,8,11.7998609041314,-1.20109751235157,11.6165688421333
1.89478378541202,35.0257256200205,36,38.429440360398,2.07140524678938,35.5953021950933
0.132572625024476,25.0415648991509,23,30.3250848793534,0.338978232701337,26.7253334533016
0.108578507753371,24.8414926363078,24,30.1389866752609,0.0368348869533719,24.2571267699003
0.228694042098637,25.8275560435959,26,31.0446447395254,0.851174224004707,30.2863355730038
-0.973517468190055,14.1971409447804,13,18.4033032950011,-0.964390892713681,14.2973217334347
0.458576578680622,27.6006579560003,29,32.6049898827641,0.122066722365104,24.9781598105519
-1.6327536351923,7.28731939397863,7,9.35151138922286,-1.4967052169385,8.51903617234774
-0.834215506578763,15.7547733246628,16,20.3140132018941,-0.825052669835579,15.859525442166
0.448993461065966,27.5298958018815,27,32.5442807415011,0.469745473462132,27.7131940731745
-0.0394699159088101,23.5741511516203,25,28.9309570745767,-0.0297107139558069,23.6813435081137
-0.40450748921747,20.2122182132728,18,25.4630288205647,0.00167062455059604,23.9542535976938
-0.0247418546952819,23.702712420161,23,29.0558685485988,-0.229674243404663,21.8846729419157
0.218990389001731,25.7493557867098,25,30.9738587702845,0.0576290224471816,24.4347571733411
-0.180310237996158,22.3175220055329,22,27.6805818015357,-0.263416656428415,21.5715033637522
-1.53631818810489,8.16035023410993,8,10.5569474437625,-1.48882091923026,8.59492851081767
-1.72776102552537,6.49032948202731,6,8.22944252851828,-2.31961239993575,2.89132451893722
-1.11286142316099,12.6207600656224,11,16.423111725447,-0.907720554221771,14.9373396013785
1.23636458713265,32.3674167599209,32,36.444843810902,0.935909593260134,30.793522051434
0.299962865655333,26.3937807715402,27,31.5520625594181,0.559122550411139,28.3581615727086
-0.330070411517627,20.9262238970653,22,26.2323146668442,-0.412250762097168,20.1532596386888
0.0934130624037612,24.7142570027854,23,30.0200008029709,-0.037016601672159,23.6174546702694
-0.547377441463064,18.7957668016028,19,23.8872864242506,-0.439731821686268,19.8844377997825
0.741071056732507,29.5562824498248,30,34.2363215415657,0.807154493484721,30.0135716648902
-0.019528593378167,23.7480891001036,23,29.0998265905471,-0.394657067411268,20.3241820441868
0.036777246710752,24.2338241527343,23,29.5661667526784,-0.0971310680999398,23.0867267323598
0.6733805208683,29.1110093665525,30,33.8724332488649,0.757591904199225,29.6988444558801
1.74249830265967,34.5043521417836,35,38.0444826616876,2.265694390698,36.1234664797541
0.135023412437906,25.0619148057277,27,30.3439454103475,0.528391201072453,28.1392285636203
-0.197580196428102,22.1600283483273,22,27.5200349377165,-0.0116234458378284,23.8389412349601
-0.452296324666624,19.7453884903726,20,24.9507954306196,-0.477916567180764,19.5070908635425
-0.0475479620913293,23.5034081291132,24,28.8619884110381,0.201303929359062,25.6314102181385
0.110228914042121,24.8553029410436,24,30.1518716117318,-0.137598223623688,22.7244016782333
0.510367657230569,27.9781629657091,27,32.9267936094051,0.352738746285795,26.8316891525871
1.81263751392678,34.7507313389863,36,38.2264728414038,1.1955115466109,32.2039723117423
-0.282874102038318,21.3710197094895,21,26.7026754880346,-0.220144751207319,21.9725824781952
-0.472135321697901,19.5495735142699,20,24.7338170242801,-0.528891448508377,18.9962085645697
-0.0322856477326494,23.6369302916747,25,28.9920223205711,-0.00703112876633687,23.8788248699382
1.07340304549234,31.5274822469679,33,35.7996637211788,1.11375123275329,31.7826110296651
-1.14726624908925,12.2334787380925,12,15.9297112503957,-1.36895228227278,9.7995046672118
1.18015472202241,32.0867487076023,33,36.2304959978508,2.58731775691087,36.8654783481173
-1.76457898613066,6.19812635375348,6,7.81254477636256,-1.66867616568132,6.97623406261124
0.701077991119174,29.2950023641848,31,34.0233109586937,1.02986455484907,31.328640447404
-0.184628093511443,22.2782156639509,23,27.6405944336059,-0.292216307459369,21.3018350913105
0.224142171529486,25.7909057922679,24,31.011491072763,0.0370837870878282,24.2592594482711
-1.64953296591168,7.14200600030211,7,9.14852968278917,-1.61011364583442,7.47701545719429
-1.09527819888082,12.8192971693197,11,16.6749924148456,-1.02500133009578,13.6086993254957
-0.200971473023587,22.1290131637805,22,27.4883164931664,-0.496090122757117,19.3259009833618
-1.77686488832025,6.10264486750632,5,7.67566893189257,-1.79126807291438,6.009657184596
0.651863804551778,28.9663611426389,29,33.7533019995738,0.90847025559156,30.6318500574841
0.233700705242783,25.8678014950195,24,31.0810066115413,-0.0591881378865799,23.4227551432138
-1.22950413038032,11.3179092318396,11,14.7522423207384,-0.968820637292188,14.2471015528868
-0.143658673887261,22.6492884321114,24,28.0159576196137,-0.412560827189315,20.1502391628895
-0.149964028762107,22.592451887419,23,27.9587735385227,-0.615032833670006,18.1136142626841
1.35551234020074,32.9319563720952,34,36.8725246290743,1.31403988700715,32.7790406929743
-0.668572340146914,17.5430026033173,17,22.4436477171203,-0.7357664266301,16.8349633239808
-0.0848427982542444,23.1746969268177,25,28.5393229318202,-0.188287914048486,22.2647721262472
-1.83065090426811,5.69629806709153,5,7.08963481717794,-2.47045562320787,2.25463351960925
0.0524162814627363,24.3673116560869,24,29.6929937795399,-0.189635158854547,22.2524676007823
-1.74532561020108,6.34978744757905,5,8.02929953797076,-1.45091584625441,8.96577025536672
-1.58346962645299,7.7254668894125,10,9.95941333229908,-1.49781963012727,8.50834423926729
1.36116926521277,32.9577588973375,33,36.8919684866615,0.918020890752424,30.688400434737
-0.442829403127183,19.8384077215264,20,25.0534333198215,-0.273811929282063,21.474420750475
0.895120842727062,30.5141534585529,30,35.0052569953456,0.767393684311095,29.7617267822776
0.62500549441638,28.783707096453,27,33.6022097599194,0.928306755820304,30.7489717889485
1.99322892328413,35.3369559048999,37,38.6592114409814,2.31834163550274,36.2556205354005
0.315810941233663,26.5177184727078,27,31.6619517573361,0.556441988276784,28.3391842142278
1.29844329600961,32.6666235333813,34,36.6720674375302,1.65034243633987,34.1977924301925
-1.29385283425885,10.6163655809652,10,13.8391386633913,-1.12433029154267,12.4798817816443
0.152249332172061,25.2044973687692,24,30.4757433725908,0.415545193516653,27.3100003636987
1.08921152248062,31.6125062533329,31,35.8654941638835,1.21543301082101,32.303548138606
-0.119939617575492,22.8622064753101,22,28.229187270312,-0.562267377995199,18.657157042432
-0.621159811063906,18.0388567253059,16,23.0202469202241,-0.517422721393031,19.1118762876351
0.078758179617277,24.5907354282418,26,29.90400925422,0.241812168789323,25.9588052385931
-0.501879496955728,19.2537184417487,18,24.4036688774622,-0.689490617340737,17.3307605854614
-0.120372610700601,22.8583321655584,22,28.2253212152152,-0.132515394447246,22.7701350342229
-1.80030341757051,5.92325640885957,5,7.41765192262324,-1.99604780814631,4.62091399562222
-0.561229867909421,18.6550168413382,18,23.7273090814433,-0.915606212270488,14.848598173742
-2.27893246129441,2.95713055155025,3,3.04288301211767,-2.28489384019207,3.05295299337515
0.603705659151384,28.6372047244187,29,33.4804831248588,0.366703543407904,26.9390545881377
-0.373933030705817,20.5073849655095,19,25.7831531043888,-0.0483939974206308,23.5176966236807
-2.05684350099562,4.17903879315216,3,4.85918643960245,-2.42223939310193,2.446473907256
0.276655965371891,26.2101974329991,27,31.3885199643886,-0.0822946974258435,23.2185453702958
-0.463698106487606,19.6329974352534,19,24.8264082145396,-0.446706602661892,19.8158469100441
-0.207771552838924,22.0667347860475,23,27.4245244943367,-0.409169310907161,20.1832618637127
-1.51315208207424,8.37953540535424,7,10.8560258139521,-1.28431159143118,10.7003299438174
0.553727845719145,28.2877569101306,29,33.1881573059931,-0.0506914743889666,23.4975130734531
0.043804571169432,24.2938833825696,24,29.6232994385579,-0.0722260238713269,23.3076926209748
-0.911823715123224,14.8913741397803,14,19.2607819585076,-0.969166432208644,14.2431803196196
0.185271539468703,25.4756000018797,27,30.7246727714705,0.442465188421057,27.51137997472
0.0720080638068716,24.5336534710946,24,29.8502465253196,-0.00935882062315193,23.858615782313
1.68365892311176,34.2890878705609,35,37.8852585119347,1.73578580747806,34.5126278014029
1.09562846586073,31.6467984141949,32,35.8920106978796,0.836322463550303,30.1950191932496
-0.268639762558182,21.5040047218305,21,26.8419651710464,-0.764807108964343,16.520325132231
-0.159541549027122,22.5059303626626,23,27.8715083480889,-0.311767713778368,21.1174947339527
-0.263901325469371,21.5481558247859,20,26.8880727242437,-0.272634774356945,21.4854287029382
0.84535031295967,30.2131025831648,31,34.7655578014237,0.961557906947008,30.9424286004998
-1.06808579863543,13.1268684255537,12,17.06379264514,-1.26477231946295,10.9131097607037
-0.0881963579866612,23.1449699501556,22,28.5099630302689,-0.257479368418526,21.6268243560883
-1.37725864764419,9.73398571290686,8,12.6762638543144,-1.52817207385436,8.22052426839143
1.89613472705537,35.0301294862097,37,38.4326904508727,1.2211211883484,32.3317606212951
0.187907176084068,25.4971104327962,26,30.7443313154178,0.00368322437346141,23.9716722382485
-0.289633081534995,21.3076863702067,22,26.6361224606864,-0.143507880458477,22.6711477394982
-0.829598318353994,15.8056967935494,17,20.3756554298725,-1.02057460387996,13.6590688436666
-0.763060284838019,16.5330832440808,17,21.2500143057635,-0.824819712641231,15.8621004044241
1.13348510737434,31.8465277240673,32,36.0460648700445,1.29096623205095,32.6703355504324
0.301624371847787,26.4068084517003,28,31.5636331046927,0.495883845007,27.9044035268401
1.0596888342222,31.4530935356754,33,35.7419670924966,1.04838399794266,31.4307763641652
-1.31796602568714,10.3578288563785,9,13.5001348714412,-1.47034481675307,8.77446489078389
1.06939520698265,31.5058034022947,32,35.7828591369995,1.1032912728582,31.7272128652741
0.597689947623662,28.5955645989803,31,33.4457964540156,0.544135728296864,28.251767723381
0.691330510544746,29.2305338246937,31,33.9705287173602,0.784943462040177,29.8735273415139
0.484898393856061,27.7935598414652,29,32.769861385532,0.939522562840109,30.8146270649535
0.365749987817496,26.9034595496016,28,32.0013407601676,0.382367956505178,27.0588002365239
0.121152683927079,24.9465304804464,25,30.236839978812,0.358674309169793,26.8773937703607
-0.212039067835757,22.0275909480724,22,27.3843599246743,0.225111634110184,25.8243759781953
0.528943988051791,28.1115244287453,29,33.0396570551952,0.618137239240631,28.7701440366193
-0.374789481365593,20.4991531660916,20,25.774265226181,-0.220040883860585,21.9735393652505
0.0172047874947248,24.0658856757727,25,29.4057983430412,0.0270774259991665,24.1733973296611
-0.0110213339862288,23.8219908808507,26,29.1712729534314,-0.298697624739025,21.2408406919147
-1.2919844413392,10.6365049162122,10,13.865488373247,-1.38066761026658,9.67783166361638
0.400093592573322,27.1644445682354,28,32.2287549375846,0.668850019228092,29.1152013822353
-0.463767608669396,19.6323111151754,19,24.8256473875819,-0.640989861178001,17.8428087809995
-0.390271861920062,20.349983500447,19,25.6128085645273,-0.432048247524352,19.9598279623453
1.99975991850191,35.3569231890585,37,38.6739626686605,1.94748416048751,35.2223942139526
-0.0162588241710972,23.7765147412796,25,29.1273290095812,-0.185179918196587,22.293140223373
-0.527604035910615,18.9956045534239,18,24.1134072931001,-0.587667023275188,18.3966712978786
0.477633134942268,27.7405302116199,29,32.7246281066087,0.364575702989357,26.9227323060834
-0.762623629579616,16.5378145514536,17,21.2556629874976,-0.94886388863888,14.4731603542597
0.793414409313909,29.8903934625627,29,34.5066291513815,0.565075706521215,28.4002258763278
0.466847189560817,27.6615009272434,28,32.657090247595,0.282128282554329,26.2801159580974
-1.71823907099054,6.5673968595653,5,8.33889883818442,-1.7873284086377,6.0390477346803
-1.12065514550561,12.5328756184361,12,16.3113857298892,-1.02541745378293,13.6039641710055
-2.06312297481587,4.14098574019504,3,4.80266906923947,-2.07176677156515,4.16964685929478
-0.323747790073893,20.9861594481986,20,26.2960955225799,-0.392766376485101,20.3424959667349
1.80371572419404,34.7199945188989,36,38.2037793404274,1.71194080528145,34.4264864819008
-1.99127261995714,4.58897215465386,4,5.4668668296171,-2.01233035561806,4.52127025570967
-1.29976016562898,10.5527896717948,10,13.7559033814551,-1.01267632155402,13.7489221403518
0.0626624657557959,24.4544288523877,26,29.77545950106,0.23857984041259,25.9328472727191
-0.439960376922743,19.866544673028,21,25.0844241759649,-0.0894700517174317,23.1548617932159
0.686114620410747,29.1959101059625,30,33.9421443445171,0.940362675253549,30.8195284701321
1.63313578940334,34.0977819543451,35,37.743521121071,1.7982629363859,34.732197036306
-0.150304120998685,22.5893834760808,20,27.9556831868429,-0.372772502048453,20.5355285558618
1.53628638461738,33.713691722518,35,37.4580934795159,1.06150584865368,31.5024846530662
0.199833897431869,25.5942116520087,28,30.8329051454885,0.698847969533899,29.3153756209704
-0.683345241684872,17.3869925428095,17,22.2609008888433,-0.624296064994012,18.0172320005565
-0.0975416051844918,23.0619836706569,21,28.4278427168524,-0.199093559148917,22.1659532862448
-1.1055308406858,12.7034906803626,13,16.5281575575137,-1.36486388974027,9.84215085264766
0.540378258163259,28.1930721505893,29,33.1084630151065,0.447184697737616,27.5464574418404
-1.42197778094273,9.2759387039309,9,12.0657716281125,-1.37437073110732,9.74313135534112
-0.25531135034301,21.6280448246116,21,26.9713284667568,-0.297983260346758,21.2475689922578
-0.330044482627009,20.9264699140167,22,26.2325767215274,-0.3616483023271,20.6424301570142
0.18788346224514,25.496916979604,24,30.744154577293,-0.137559415117621,22.7247511066404
0.417962940343695,27.2988339659687,28,32.3451764356357,0.229712131982749,25.8614842498868
-0.739551083655219,16.7869885894267,16,21.5524186620399,-0.81141470613219,16.0100216328318
-1.021237386027,13.6573969593113,14,17.7304008404967,-0.958150640823977,14.3680279543045
0.0848551151355994,24.6421924076774,24,29.9523869601396,0.348027302118954,26.7953366551463
2.32800831861453,36.2606874637161,38,39.3455751831055,2.0317323111179,35.479126484964
-0.114330400394246,22.9123542308646,23,28.2791817430189,-0.103220056681008,23.0324689206948
-1.41649175779796,9.33151265216054,10,12.1401049702922,-1.25098061494876,11.0642390297683
-1.21236382746745,11.5072328302306,12,14.9970146978933,-1.03020539059835,13.5494783500091
1.30092242358958,32.6783416323703,33,36.6809405531065,1.14768436774339,31.9599864227388
-0.603691323213612,18.2196762929066,16,23.2288548852492,-0.646469692695336,17.7853494783965
-0.905885591615014,14.9578809072682,14,19.3424413099839,-0.92485150381073,14.744412696639
-0.0720728143015886,23.2876385661191,22,28.6505973375548,-0.137297501318715,22.7271092573387
-0.519276063742948,19.0793953871172,18,24.2078586226073,-0.688554889824586,17.3407136487604
0.801194895120839,29.9392962855798,29,34.5460012722197,1.32334433155935,32.822440667577
0.88341783739147,30.4440846137549,32,34.9496243255914,0.698257875355376,29.3114662852395
-0.145933576122309,22.6287938564525,23,27.9953505991412,-0.320860943221464,21.0314046728689
1.05569059623391,31.431295992402,32,35.7250427606057,1.39872301897942,33.1649670767309
0.298163310736964,26.3796616821374,26,31.5395174676327,-0.103908998508632,23.0263240922941
0.218966318208598,25.749161478859,26,30.9736826675872,0.190257212353986,25.5413490314551
0.0912425157618099,24.6959973420926,25,30.0028840945074,-0.134124753727495,22.7556616085374
2.32800831861453,36.2606874637161,38,39.3455751831055,2.37169128361386,36.3850696512193
0.0717410883889387,24.5313933885517,24,29.8481157654646,0.469693962434756,27.7128151645892
0.25418218354875,26.0317086426865,27,31.2286244116,-0.111089675134076,22.9622077965844
1.7565122221053,34.5544554508142,36,38.0815098818033,1.34733609818711,32.9332041668709
-1.55349859777191,8.0001339907563,8,10.3374613385817,-1.39990078021083,9.47982985525013
-0.0891683059010818,23.1363490937409,23,28.5014430206161,-0.176110250910213,22.3757834831397
0.91094357832984,30.6081860884984,31,35.0797687908701,1.4662265472958,33.4583327154853
0.469190043320001,27.6786977823103,28,32.671799573155,1.00601345849487,31.1954873758905
0.800980292389418,29.9379500780674,31,34.5449180765233,0.640863525238625,28.9258079282681
0.850270287778589,30.2432194712965,31,34.7896166601312,1.0975190923451,31.6964957569121
1.03065976753694,31.29369737,31,35.6180170514616,1.21031401945014,32.2780755644298
-0.126689272037065,22.8017593962315,22,28.1688102862854,0.353602168072066,26.8383440591004
-0.0635358855022799,23.3629160297549,23,28.724524645442,-0.382055984369166,20.4460442344552
0.772600250436012,29.7586023532001,31,34.4002803041249,0.859509824047895,30.3372701953172
-1.75449349168141,6.27726030746499,5,7.92574405597221,-2.29433975237943,3.00842360711476
-0.180065380801305,22.3197495879351,23,27.6828463681021,-0.148271491617818,22.6281576607448
0.260134256861784,26.0791199125784,28,31.2711832660486,0.340054741106859,26.7336738291951
0.889485000252637,30.48046541964,31,34.9785214122482,1.4243164571378,33.2776569256839
-0.140709132851573,22.6758416399237,21,28.0426349395836,-0.088058635054012,23.1673986665327
1.49765019954955,33.5538746266405,35,37.3389303973554,1.36794637247686,33.0270501492562
1.29448752884899,32.6478893941848,33,36.6578777117509,0.746964079765111,29.6303063352998
0.0756402121368444,24.5643831608374,25,29.8792019865915,-0.0952190687929551,23.1037451960939
0.720450306033377,29.4222130519372,29,34.1272011605318,0.649274103132237,28.9829923014222
0.899016203920466,30.5373779696131,31,35.0236758439924,1.81118007013635,34.7765078272752
-0.250281517796311,21.6747345115571,21,27.0198823668209,-0.455779818652978,19.726397097473
-1.47672379821161,8.73136719382719,8,11.3333321713056,-1.36648497920376,9.82522988160055
2.30276618094582,36.1977005629734,38,39.2983715395723,1.68450285696807,34.3257281070841
-0.81015548304012,16.0195199389046,15,20.6338836038616,-0.640419315769416,17.8487854988377
-0.969906297558875,14.2379126954443,15,18.4539144353849,-1.102752646349,12.7244712538599
0.182079067612115,25.4495196839254,26,30.7008196336182,-0.335765192365354,20.8898064355123
-0.612762306119073,18.1259065993357,17,23.1207876665092,-0.828714604924772,15.8190295719598
-2.23614427011089,3.17275926980749,2,3.3630904963287,-2.53877304196489,2.00182406090964
-0.650697362166445,17.7308149729805,17,22.6628117177405,-0.605636285404752,18.2110896256436
0.205996636925202,25.6442326628263,26,30.8784266408019,0.342422835124716,26.7520089956084
1.46911033855737,33.433334886114,33,37.2488790205722,2.54489630993019,36.7761282743312
0.767657818187959,29.7271008779269,31,34.3748074431427,1.04818192510105,31.4296678061694
1.7527747988729,34.5411365176053,35,38.0716679971017,1.63869766541259,34.1535404560384
0.699605508036343,29.2852833158528,29,34.0153594098719,0.452055595450498,27.5825885350702
0.300010470238012,26.3941541444976,26,31.5523942351338,0.254721335684859,26.0621850495419
0.48982709588245,27.8294413527961,28,32.8004288851716,0.943835904204353,30.8397677452573
-2.88522585006654,0.949222766919722,0,0,-2.47387549580408,2.2414471769492
-1.00029430587301,13.8944562450903,14,18.0266058301075,-1.45753360512197,8.90032406856661
1.05573498571305,31.431538268145,33,35.7252309163615,1.431011506773,33.306839206287
-0.980284953141423,14.1206983672093,13,18.3083293617465,-0.998783397836816,13.9068973827525
-0.211996859052367,22.0279783352204,23,27.3847576759516,-0.177415442489391,22.3639033166222
-0.0452721178083164,23.5233551507946,25,28.8814519960033,-0.525340106336421,19.0320710783773
-0.745547166105291,16.722390355547,16,21.4756238567589,-0.897105619640592,15.056606654847
0.784898202146229,29.8366408066907,29,34.4632963078571,0.406765364870069,27.2438462012957
0.212728298842351,25.6987519336824,26,30.9279595679734,0.424655558570132,27.3783985815884
-0.275932419075644,21.4359393244988,22,26.7707500770909,-0.316675182626538,21.0710614587554
0.0804925525935471,24.6053830138906,26,29.9177887005487,0.077010682542391,24.5993286976906
0.0365295391554766,24.2317048166889,25,29.5641485840554,-0.15896167287239,22.5314753202097
-1.54297543766392,8.09803031372593,8,10.4716618212774,-1.40720346311034,9.40523552318248
0.779454677209133,29.8021587883872,29,34.4354674887103,0.587075134879826,28.5546902407543
-2.66639369874247,1.45439357823103,1,0.80104584811532,-2.48538635600262,2.19747412715574
-0.57183868752707,18.5468021822012,17,23.6039155955296,-0.617921721343271,18.0835867994791
-0.66387639785102,17.5924446179264,17,22.5014323503076,-1.02208964405873,13.6418306282703
0.829595255158111,30.116132239075,30,34.6879713878015,0.537968542346579,28.2077790880674
-1.09932772767225,12.7735438584872,13,16.6170093385003,-1.0660106071028,13.1420158375483
0.918283152677117,30.6515306976209,31,35.1140587283016,1.3352354922104,32.8775444274334
0.161870769264319,25.2837903595638,24,30.5487759588815,0.352913621231118,26.8330371950939
-0.830955090933585,15.7907384910203,14,20.357554267243,-0.916704675430006,14.836227501078
-1.81891414927921,5.78337049777004,6,7.21568424033557,-1.58848682705529,7.66842555302713
0.895475161027226,30.5162679602235,31,35.0069343865674,1.11474422277178,31.7878523746328
0.320826869230949,26.5567929954977,27,31.6965112043275,0.540844411757845,28.2283067548451
0.610437284023305,28.6836628613777,28,33.5191368810278,0.389921705985009,27.1162833544854
-1.89384886100119,5.2422864518539,5,6.42842639053837,-2.25319004686474,3.20544206909943
-0.0486901588962006,23.4933922921287,22,28.8522103147417,0.230294188194761,25.8661750322709
-0.119649315537003,22.8648037617586,22,28.2317787346622,-0.339410497749584,20.8550803302976
0.623474689586112,28.7732266635615,28,33.5935177513504,0.20170584797522,25.6346807068396
1.13749222310029,31.8674124417403,33,36.0621358691802,0.836525157320316,30.1962703324295
0.257353127274691,26.0569792693405,27,31.2513164711186,0.169432621647707,25.37067382546
1.01447555985293,31.2036832702057,31,35.547824092452,1.04268618144564,31.3994687798704
1.50410051436503,33.5808236311651,34,37.3590422049299,1.52792366441314,33.7157889305827
-1.08748844016267,12.9073511915238,12,16.786476360525,-1.08500309389353,12.9260538353597
0.433069579551019,27.4116896499248,29,32.4425904112943,0.392333648178518,27.1346020257314
-0.10413105082991,23.0033388565766,23,28.3696685446429,-0.166910394168556,22.4594009375472
-0.558381663556072,18.6840073679509,19,23.760307757916,-0.648766258360986,17.7612386661446
2.47437706526355,36.6065676769212,39,39.6065729550248,2.41155500984548,36.4789509251772
0.530401500685777,28.1219421480685,27,33.0484557606183,0.715271763510793,29.4237253276263
-0.487709492403573,19.3950059142078,19,24.5616777602901,-0.46353459443143,19.6497445070814
-0.415227332520575,20.1080881343064,19,25.349395744157,-0.716112285148819,17.046387267955
0.435235920835457,27.4278164583258,27,32.4564845170554,0.263327326471802,26.1308449357365
-1.00692712407811,13.8194003286092,13,17.9329352295759,-1.04281643696481,13.4059519085469
-0.583555341202182,18.4268597077385,17,23.4667523261918,-0.817191088954446,15.9463410544196
1.08834496206509,31.6078656040944,31,35.8619042515306,0.88510165695377,30.4922264672318
-0.0444789820483093,23.5303036922636,22,28.8882290185071,-0.0765386013616231,23.2695402014312
0.0476837630122201,24.3269830203548,23,29.6547371068942,0.0256029727219072,24.1607240197923
0.532423035607778,28.1363801915666,28,33.0606457510089,0.268621534241361,26.1729794984316
0.369816155460484,26.9345433281879,27,32.0285187121362,0.442996936202853,27.5153355650194
-1.94703796628584,4.87884818778018,4,5.8947822672344,-2.1312323536018,3.83603880817874
-0.0860793027031109,23.1637394204699,24,28.528504216979,0.206290633777509,25.6719568191206
0.50891499831494,27.9676885078045,29,32.9179111426069,1.08618474046303,31.6358752818388
0.35946777030873,26.8553385811916,27,31.9592166670832,0.26588950239352,26.1512461643903
1.33150714124642,32.8214680953051,33,36.7891661991118,1.589255286728,33.961955649231
1.04911458011031,31.3953364293496,32,35.6971046943657,0.786051676630169,29.8805532407947
0.643769876730637,28.9115618892633,31,33.7080495584388,0.462859112742533,27.6624662151966
-0.496015342863338,19.3122654545058,19,24.4692208451671,-0.0646066705043934,23.3749865226383
0.233845734274474,25.8689662509715,27,31.082058287297,0.110471127323391,24.8811681217011
0.232730369289615,25.8600070302205,25,31.0739678815035,0.00240422374796711,23.9606039255831
0.731096209402209,29.4916017838467,32,34.1837246044695,0.615519264780478,28.7521050146692
-0.536132341544863,18.9095682973941,18,24.0162027811426,-0.216445188773551,22.0066479253914
-1.05984299685016,13.2201863776453,14,17.1814169040388,-0.901344261197897,15.0090088678308
1.10184091156049,31.6798767230609,32,35.9175700056787,1.05794573240651,31.4830832750825
-0.946630638037835,14.5003485099704,14,18.7789363856715,-0.795542001633252,16.1845236633035
-2.05494622157324,4.19057703054488,4,4.87632050517531,-1.77696489023589,6.11687828113613
-0.249607618957211,21.6809850298651,20,27.0263766624024,0.103713013168028,24.8244779154686
-0.917224792165552,14.8308273371304,14,19.1863654630955,-0.869221914398694,15.3687811374062
-0.183507368715338,22.288422360118,23,27.6509831455118,-0.222943085970782,21.9467921241708
-0.176405705172757,22.3530254583778,23,27.7166541482472,-0.366783370452509,20.5931269692286
0.201018976655452,25.6038386712177,24,30.8416718123508,-0.099293936326568,23.0674643730926
-0.19423657123026,22.1905792800658,23,27.551245769657,-0.251352572248829,21.6838140006155
0.151322831624115,25.1968487022713,25,30.4686886872539,0.320822097007759,26.5841580928284
-0.911664955417077,14.8931530755528,14,19.2629673228603,-1.03322531451568,13.5151099378085
-0.056018632885701,23.429052223687,23,28.7893175619876,0.0928847832084376,24.7333983945758
-1.68485433340358,6.84252027383438,7,8.72796213951469,-1.9479427809763,4.92402431644164
-0.459137268803148,19.678002560976,19,24.8762659815606,-0.900548050625111,15.0179526466202
-1.2424239295601,11.1758315579856,11,14.568100847641,-1.1373365736336,12.332771850431
-1.13542308966048,12.3665829899869,11,16.0995960914796,-0.939842615817999,14.5751720429395
-1.5756367003876,7.79665489523699,7,10.0576144278453,-1.52157818299126,8.28249167954153
1.60828637549235,34.0014408765569,35,37.6720432066396,1.14232463263659,31.9322070593465
0.0848384489227033,24.642051879424,23,29.9522549535542,-0.134483877901389,22.7524310208755
-1.41343112145237,9.36259398794374,9,12.1816457474859,-1.4713037915547,8.76508859032246
-1.16273125067193,12.0600614568296,12,15.7078861710446,-0.722253345377233,16.9804601128916
0.206729568281089,25.6501746841068,25,30.8838293604634,0.0195543789660678,24.1086773857359
0.151671545836818,25.1997277602226,24,30.4713443678594,0.551932733980746,28.3072088934883
-0.595561548507325,18.3034858694943,18,23.3252351447885,-0.498849704460901,19.2982966327463
-0.555452503080861,18.7137944147288,18,23.794187295705,-0.669438225155923,17.5434161964334
-0.594134157777957,18.3181783294859,21,23.3421109504175,-0.423331252440492,20.0451421532331
-1.35780462417074,9.93669554692876,11,12.9449038132046,-1.77718930023054,6.11518498502928
-2.3858481682371,2.46066602131043,2,2.30653946361047,-1.99002726434232,4.65812982758909
0.128873816320292,25.0108219745923,25,30.2965682524879,0.192754767984573,25.5617399767393
-1.0934694782581,12.8397378755844,12,16.7008846205917,-1.21501618252985,11.4616294821731
0.40280404908486,27.1848911413565,27,32.246497441311,0.679333699396815,29.1854918747771
1.22621676882885,32.3174383800565,33,36.4067622074335,1.43068272027736,33.305408952393
0.0738481445540861,24.5492256831754,24,29.8649233428756,-0.0637530257442238,23.3825169096259
-0.312176178922135,21.0955715283446,20,26.4122062468652,-0.556190988997957,18.7191566525336
-0.963222203796483,14.3133424930891,13,18.5474655803565,-0.998556628529734,13.9094749802979
0.44898243413739,27.5298142158512,27,32.544210674644,0.202039817026844,25.6373979421425
1.81938210409324,34.7738525332792,36,38.243542124695,1.54174714272459,33.7721102408006
-0.689094099874004,17.3260888841034,16,22.189391511463,-0.900548050625111,15.0179526466202
1.1949622253102,32.1615968609171,33,36.2877755651958,1.44999039135729,33.3889014998295
1.76049236234758,34.5686048384876,35,38.0919646315789,2.19628805406665,35.9422925748371
0.199289501251226,25.5897879445025,26,30.8288758782226,0.285095027025159,26.3035791174243
-0.434974110242567,19.9153870319969,20,25.1381589992734,-0.977056770038775,14.1536705665664
0.0187775918833775,24.0794167696516,23,29.4187531148272,0.155635867838255,25.256956782346
-1.02456604051481,13.6197037859435,14,17.6832084786817,-0.905348581415846,14.9640096956499
0.00681131925885902,23.9763118205741,23,29.3198902810542,-0.294714756275983,21.2783360960197
-2.07090461525771,4.09411732307596,4,4.73304063591785,-2.41001302007307,2.49687283986572
-0.0126695533864771,23.8076871188922,23,29.1574584331793,-0.124692037657882,22.8404007085993
0.826203824376348,30.0951530805975,30,34.671161312684,0.509643143628682,28.0042016799766
-0.886046730063178,15.1795868288216,16,19.6140310329824,-0.964842397392803,14.2922040522375
1.77011820641796,34.6026780549024,35,38.1171375692249,2.29131791869332,36.1883427769011
0.303659296901481,26.422753205874,26,31.5777881790416,0.683426562106584,29.2128362852916
0.798481941805372,29.9222668566907,29,34.532296221013,0.99424882324246,31.1291376859526
0.612586135997189,28.6984625106971,29,33.5314401341168,0.649869989874988,28.9870350909466
-1.74565049162785,6.34720762138089,5,8.02561918466481,-1.63080551180651,7.2971481017311
1.09320690959292,31.6338725475491,33,35.8820180375135,0.615301495923294,28.7506034933966
-0.509846051763221,19.1740080120811,19,24.314249825562,-0.0487985896685743,23.5141431946962
0.625698300302218,28.7884478145952,29,33.6061406945277,0.453138859888009,27.590614023831
-0.645477950423653,17.7854568232147,19,22.7264008250622,-0.56777651868488,18.6008398675024
-0.157172667431964,22.5273517038905,21,27.8931379647873,-0.568158522497279,18.5969311116363
-0.0993263179920958,23.0461106985655,22,28.4121086969364,0.115665365957197,24.9246589220618
-1.79741753771854,5.94514918931068,6,7.44920023280137,-1.62243354079082,7.36953743750836
0.357344257283799,26.8390462676868,27,31.944940980142,0.449157329629728,27.5610986943426
-1.29124091353908,10.6445235171376,10,13.875977370596,-1.35257193892699,9.97093215335239
0.555618439153109,28.3011207153996,29,33.1993884790975,1.05248618643331,31.4532526667115
1.56649035528654,33.8359794496815,35,37.5491074267475,1.27928578733114,32.6147158965333
-1.18930518770337,11.7632879140059,13,15.3269813675635,-1.13248354410748,12.3876311233851
1.45110885452504,33.3562021964575,34,37.1911727324585,1.57160308758109,33.8920834085135
0.227358818399462,25.816811211214,25,31.0349289709326,-0.0646102959363696,23.3749545372029
1.00299567604622,31.1393333182501,31,35.497556175521,0.65736556436779,29.0377902990207
0.925500636232892,30.693985444035,31,35.1476103571851,1.05277016158192,31.4548066187384
0.423977364638936,27.3438486105949,26,32.3840702936393,0.32267669925065,26.5986226970586
0.216060612707437,25.7256938179865,25,30.9524057974085,0.0923451240567156,24.7288512122305
1.58260376182211,33.9002815691735,36,37.5969107475719,1.79826540991686,34.7322055566146
1.40219387864906,33.1422344682772,34,37.030736714653,1.22578413770043,32.3548157161052
-0.463097254830522,19.6389301092635,19,24.8329843077063,-0.52008388908027,19.0850749890845
1.14218443316662,31.8918056921441,34,36.0808977958041,1.81605619937858,34.7931397688102
-1.42013554400942,9.29458096074071,10,12.0907149972071,-1.50319733800382,8.45687220597592
-2.20673590805407,3.32646746905907,3,3.59151911744827,-2.00706657885777,4.5533230979521
0.440745216408323,27.4687644180694,27,32.4917341563509,0.636729879143871,28.8976188077218
1.19275815257482,32.1504973444851,32,36.279286833278,0.5497092745561,28.2914184775551
0.35818749277035,26.8455174566694,26,31.9506120127504,0.757591904199225,29.6988444558801
0.593445981758433,28.5661186325139,29,33.4212438562859,0.435645679163597,27.4605741041322
-0.602068427520072,18.2364240690065,21,23.2481304531283,-0.150154758051519,22.6111461173604
-0.0517133928828434,23.4668661113069,24,28.8262975953342,-0.366940343827685,20.5916186409265
1.32499378610356,32.7912098643988,33,36.7663094717211,1.35996129709883,32.9908336423851
0.478917049589144,27.7499135180557,28,32.7326368768618,1.05268053445991,31.4543161941258
-0.899928592377439,15.0245331920072,13,19.4241923766158,-0.40690031032905,20.2053357722095
0.799212005919555,29.9268518812073,30,34.535986763633,1.02215941809863,31.2858240733895
-0.540380152956357,18.8666279184037,17,23.9676047758959,-0.565652031905097,18.6225693190651
-0.208269496032265,22.0621697783219,22,27.4198432065808,-0.501903567821334,19.2677203051618
-1.71901977615067,6.56105477667673,7,8.32989922250792,-1.63005236808219,7.30363881328983
-0.137490890074318,22.704789133262,22,28.0716900126018,-0.0439471918446417,23.5567249488771
-0.522888619751228,19.0430752714787,19,24.1669439100954,-0.70357419969973,17.1806088106496
-1.68569237961858,6.83551979909773,6,8.71809490411982,-1.54782164565342,8.03772973209549
-0.861279796532061,15.4552112212177,14,19.9503012227599,-0.949053666865453,14.4710131045704
-1.06779865823614,13.1301187010954,13,17.0678921643009,-1.20503624517212,11.5726645137481
-0.499229743621698,19.2801866255683,18,24.4333171494195,-0.47904057234834,19.495914732172
0.0382756467743493,24.2466408307543,22,29.5783685632062,0.0558564607613862,24.4196582526497
-0.568279819815211,18.5831451255955,18,23.6453943173795,-0.531694758236563,18.967871000437
-0.0141284371222578,23.7950207873481,24,29.145219734703,-0.294712240542646,21.2783597660394
-0.320162205230275,21.0201007545461,21,26.3321592602103,-0.0228038008639489,23.7416210717688
0.641836320653932,28.8984396430064,28,33.6972035366621,0.927989918964915,30.7471111427203
0.51300480841823,27.9971613526634,28,32.9428977747866,0.756876366111376,29.6942416394274
-0.545280372164422,18.8170202764536,18,23.911392178516,-0.435599523980909,19.9250055541398
-0.280715897798343,21.3912171631575,21,26.72387027618,-0.198931320098161,22.1674391759761
-0.825194253428199,15.8542183086854,16,20.4343390929474,-1.14155340830516,12.2851369852943
0.37334416280325,26.9614732477144,27,32.0520444202915,0.757152691182947,29.6960193451184
-1.12658457961904,12.4660688437596,12,16.2263614363916,-1.05755695602862,13.2381982300064
1.63328736469776,34.0983650180915,35,37.7439534967404,1.85198086854269,34.9140864614786
0.325475136241055,26.592937962915,28,31.7284431250623,0.185102344891431,25.4992094333202
0.975772086858188,30.9850648845449,31,35.3767451039916,0.820484415733329,30.0968408644104
0.134926317063129,25.0611088859738,24,30.3431987121266,-0.0850702964169194,23.193926192079
-0.375529850790365,20.4920354076407,20,25.766578321895,-0.49398271567418,19.346965280539
-1.40437746198841,9.45485424762809,8,12.304818017189,-1.60428155836017,7.5282895030578
-0.416125256614775,20.0993506350694,20,25.3398444184617,0.040726521875706,24.2904539332177
-1.81728255762302,5.79554477185934,5,7.23328790155375,-1.5798402629527,7.74592672093174
0.583768741117063,28.4987595908436,28,33.3650042264702,1.0611441717848,31.5005154728101
0.00527973641520872,23.9630891607343,24,29.3071867193512,-0.392373361725329,20.346301540534
-0.916915574452316,14.8342950882154,13,19.190629509295,-0.977749761789385,14.1458060212332
-0.477106342167147,19.5003195608856,20,24.6790461584421,-0.541390379273186,18.8696644944777
1.54494641069209,33.7489895949455,35,37.4843785933689,1.56418197179406,33.8624740993758
0.384364274203064,27.0453523792785,27,32.1251998589222,0.289411453972609,26.337671830782
-0.536179710036759,18.9090897775109,20,24.0156615194814,-0.484078137235699,19.4457768401013
0.498272362524539,27.8907478974087,28,32.8525839106513,0.286940626715196,26.3181628272745
-0.348028505245784,20.7553911282226,19,26.0498412364645,-0.475319842160929,19.532895310451
-1.38735253641532,9.62961151998543,9,12.5375811773813,-1.3934411871719,9.54608321900697
0.588144793691333,28.5292564323682,29,33.3904795987574,0.766827149711232,29.7581008273959
1.36535147316053,32.9767776952135,34,36.9062948782725,1.47432518659893,33.4927011486075
0.608955406961322,28.6734481957501,29,33.5106423355983,0.429254803826873,27.412832851249
-0.350088410218138,20.7357385740307,20,26.0287851095103,-0.412861095256396,20.1473138519768
-0.601781519583152,18.2393839660588,18,23.2515362788953,-0.69590323889357,17.2624735646754
-1.5123269315973,8.38740857026241,7,10.8667436674243,-1.31286871121536,10.3923959034709
1.68774982587198,34.3043138466907,36,37.8965291186435,1.84222314972988,34.8815103008438
1.82578312699919,34.7957048685471,37,38.2596736211347,2.13669307104027,35.7801687771492
2.71922067515152,37.117411880853,40,40,2.88933080464704,37.4360479293509
-0.966526014518504,14.2760652157188,13,18.5012460909208,-0.631021199227924,17.9470777342836
0.0689802274833481,24.508010511889,24,29.8260614690526,0.0920186358350719,24.7260998481434
-1.25500585386144,11.0380264867292,11,14.3891220947925,-1.37900053316371,9.69509709868534
1.0353319949051,31.3195303931467,31,35.6381353615597,1.04144699389423,31.3926461969328
-0.2434168056937,21.7383508266652,20,27.0859159089914,-0.475869974926582,19.5274302356231
-1.27381861412969,10.8330739634835,11,14.1222417149289,-1.24381270300038,11.1430742348
-0.682828006734931,17.3924668764473,18,22.2673239220712,-0.380551750121615,20.4605605554594
0.539914149087038,28.1897702202343,28,33.1056800522558,1.19005501667188,32.1764888855994
0.533645355006164,28.1451038919713,29,33.0680087549274,0.380376238218589,27.0436151442325
2.25685089401923,36.0804939605915,38,39.2107490435503,2.19488755440738,35.9385532348437
-1.0473387208178,13.3617891925469,12,17.3596010993009,-0.903795363378825,14.9814679487873
-0.186970969285804,22.2568683524856,21,27.6188546992398,-0.580813735342073,18.4671662662552
0.398658545231797,27.1536101858049,27,32.2193490784945,0.857268345166653,30.3235960490634
0.326442310403666,26.6004507928729,26,31.7350758703578,0.481760086693458,27.8013477192343
0.467188354345112,27.6640061776234,28,32.6592335643592,0.414434559548907,27.3016448321021
-0.6101658444413,18.1527748033805,17,23.1517775961686,-0.689133272433345,17.3345619017682
0.174077034833174,25.3840268021466,24,30.6408317390591,0.372925447667802,26.986704779302
0.816688558715917,30.0360929433908,30,34.6237907273286,1.36620099921668,33.0191493035998
-1.0438571920485,13.4012201444889,12,17.4091537777015,-1.16824491000951,11.9844189115878
-1.47060753920536,8.79128036944573,10,11.4142836278934,-1.59838410767181,7.58039621293539
-1.30450336215419,10.5018528681098,10,13.6891556128897,-1.35940472154382,9.89924234737525
1.06212010177994,31.4663239226295,33,35.7522356254605,1.4759078807938,33.4993972386054
0.13192646397736,25.0361968990991,26,30.3201076702922,-0.00666944859227122,23.881963770723
1.77469678016481,34.6188125716394,36,38.1290560771155,1.1320729504714,31.8788256266682
-1.57992867789517,7.75759566159247,7,10.0037529293308,-1.3635273408799,9.85611292281587
0.0776158652862275,24.5810837983004,24,29.8949260033757,-0.110503762326838,22.9674442169087
0.025915514300337,24.1407467631757,25,29.4773969096568,-0.510566815005511,19.1808188308266
-0.671365360511198,17.513561505326,16,22.4092088343839,-0.858859662295218,15.4843456679974
-1.41288462252154,9.36814954346537,11,12.1890684202276,-1.36747797965169,9.81487225820363
0.256703323858371,26.0518030169734,26,31.2466698473395,0.147485597806911,25.1895414519904
-1.37051812908764,9.80399357715758,9,12.7691453053629,-1.12731876117327,12.446056562859
-1.11690057795605,12.5752034008358,11,16.3652138403205,-1.00268807108584,13.8625091595678
0.285281482274985,26.2783203078682,27,31.4493140311997,0.261135363517831,26.1133768594202
0.693434718705981,29.2444768534863,29,33.9819518494141,0.933234252587906,30.7778668209898
-0.950486364478699,14.4569213360871,16,18.7252423572318,-1.13248006385581,12.3876704786109
0.397768439151759,27.1468869047532,26,32.213510758866,0.586903260972214,28.5534894634005
1.10687672741151,31.7066028289274,32,35.9382077357898,0.847719611613925,30.2651594022624
0.97779047406665,30.9965832665824,30,35.3857802515001,1.72661834439231,34.4796651071277
-0.180303227138574,22.3175857887344,22,27.6806466461214,-0.345074665406013,20.8010484188622
1.14630093997977,31.9131509509598,33,36.097307516868,0.654544195138818,29.0187072182088
0.794684168238199,29.8983877369846,30,34.5130687337516,0.702826893648856,29.3417060251764
0.709195964410433,29.3484583209214,30,34.067009306618,1.09036715798407,31.6582913945169
-1.48602242263472,8.64073928635939,10,11.2107013522693,-1.48349655132055,8.6464247856571
0.717946540848456,29.4058403321045,29,34.1138492300477,0.758291273747797,29.7033416412447
-0.392309363829557,20.3303014617475,20,25.5914491512587,-0.273514119821329,21.4772060096696
0.392919420149688,27.1102186681113,26,32.1816486565885,0.420425914697669,27.3466748083796
0.118867678533213,24.9274737419714,24,30.2191117044692,-0.0189433323641439,23.7752600630329
1.26277465105251,32.4960736178577,34,36.5427061364517,1.28975464436675,32.6645847574866
-2.88522585006654,0.949222766919722,0,0,-2.36400632108952,2.69283325764398
-0.487518866911169,19.396902344185,18,24.5637943681458,-0.729810390825529,16.8991647284382
0.234950933987133,25.8778403921719,25,31.0900696212229,0.235499355589533,25.9080817226228
-1.60714473109623,7.51288177980032,7,9.66522605788183,-1.67078992283069,6.95863717344704
1.39474832353333,33.1090974357173,34,37.0058412504803,1.93052642969766,35.1690199640996
1.43450777878661,33.284305965718,33,37.1373236393275,0.733829602614604,29.5450909688843
0.414263791386099,27.2710932900353,27,32.3211822518886,0.381977526300569,27.0558244825553
1.22022464505351,32.287784537414,33,36.3841494893781,2.17414608882154,35.8827787267925
-1.14836843560658,12.2211040215651,11,15.9139005562605,-0.940974683823886,14.5623772999692
-0.504420776183041,19.2283130592537,19,24.3751905732802,-0.706484931005358,17.1494948634487
0.914471060280951,30.629039616912,30,35.0962704569089,0.672579823402868,29.140249832103
-1.52794736806321,8.23913559903998,7,10.6646066130088,-1.56390479207182,7.89021110843421
-1.20999152271031,11.5335068363882,12,15.0309298182973,-1.11242813957464,12.6147232262813
-1.29923600830808,10.5584246281734,10,13.7632841659031,-1.51078915454299,8.38455632158947
2.12610120770672,35.7273063931471,37,38.9480467624097,2.77157775351369,37.2266142403797
-0.952642154951627,14.4326320345389,14,18.6951951137656,-1.00636938309049,13.8206514228512
0.228697103271664,25.8275806718102,26,31.0446670052518,0.653336362699128,29.0105298176722
0.0724282734680441,24.537210386573,24,29.8535995888852,0.187208272951315,25.5164334893964
-0.936995709496608,14.6087767371178,13,18.9128422334403,-0.749479306241391,16.6867212607895
1.71015320625324,34.3870055360193,35,37.9577157493578,1.81044670542866,34.7740019040844
0.096784253352154,24.742592701863,26,30.0465424345346,0.136496107218608,25.0983626275248
-0.293880425840083,21.267825648565,22,26.5941635831066,-0.24900570163997,21.7056178497034
-0.597716988887835,18.2812867165846,17,23.2997255623152,-0.342733159056109,20.8233955149395
-1.60357491849742,7.54468707025537,7,9.70933017511,-1.98451896156644,4.6923571033632
-1.34152693826387,10.1078198304473,10,13.1709784784706,-1.4358748534617,9.11559580223368
0.800235463862536,29.9332765915275,30,34.5411573757174,0.581748232830311,28.5174304771616
-0.0639252918076151,23.3594862383419,23,28.7211605131319,0.260062941270135,26.1048256501475
-0.74720203514229,16.7045422285566,17,21.4543886265324,-0.901510796192633,15.0071380327158
0.119347819367605,24.9314792161011,23,30.2228388705659,0.330909013637515,26.6627085712053
1.52359471189388,33.6616159576068,34,37.4192925669209,1.19442914975886,32.198527678573
-0.827678568048946,15.8268537344759,15,20.4012495318528,-0.824595846206029,15.8645747453556
-0.215781030381713,21.9932296588929,23,27.349058458656,-0.1139738814238,22.936418623276
-0.323861088669403,20.9850863886849,20,26.294954711362,-0.185729373864582,22.2881268713722
1.11491757889595,31.7491157106271,32,35.9710115632146,1.32962846056986,32.8516118422769
0.916815729280313,30.6428785320152,31,35.1072168313531,0.802951980609171,29.9871984331012
0.577538624247817,28.4552362938282,30,33.3286103364107,0.0714618752261945,24.552311551412
-0.52978474259806,18.9736270646467,17,24.0885982591166,-0.932218213198492,14.6612922453073
-0.398375129634231,20.2716359993898,20,25.527706618078,-0.0614275420981589,23.4030218756345
0.993153664378812,31.0838326294623,31,35.4541416605568,1.3232536299955,32.8220187978272
0.86184826098739,30.313782882185,31,34.8459164858018,0.602423693512443,28.6615390930624
0.606888935920847,28.6591921326701,28,33.4987830109805,0.306502527971519,26.4721408650285
-1.55384652051346,7.99691015970043,8,10.3330371907546,-1.73562876748487,6.43487500146069
-1.31909727796399,10.345764535427,10,13.4842816811874,-1.51994770696562,8.29786261193814
-0.0874379346699824,23.1516952866405,24,28.5166079432232,-0.361644900310969,20.6424627958157
1.95329310133416,35.2130407191331,37,38.5677008135685,2.37215161210488,36.3861674783621
-0.136902418474902,22.7100795390784,22,28.0769969558514,0.0140246706976723,24.0610149765634
-1.37903012637182,9.71562767907996,10,12.6518893934372,-1.45800922785249,8.89563169003099
0.287940830983028,26.2992804488596,26,31.4679935848651,0.362650332104202,26.9079515951723
-0.788108478979759,16.2607317581498,16,20.923999938697,-0.580853547629849,18.4667571968133
-0.239649872339902,21.7732078500189,22,27.1220373066784,-0.460330165446679,19.6814414195687
0.391006737417502,27.0957355232784,29,32.1690543274715,0.009256074751081,24.0198510796718
-1.81809033518974,5.78951532546767,6,7.22457011533541,-1.96622424083649,4.80726971267209
1.12303014907185,31.7918068692231,33,36.0039230259476,1.14607276735762,31.9516428580049
-0.0531693045661603,23.454083672054,22,28.81380237852,0.241331283267761,25.9549452142637
0.495224994244327,27.8686518549768,27,32.8337967105717,1.0896142312963,31.6542600583686
-0.532120138294307,18.9500737156893,18,24.0619940684713,-0.227856109455952,21.9014633066936
1.32148169573325,32.7748444771871,33,36.753942110653,0.749571803306117,29.6471576878466
-1.30063222620795,10.5434172460597,10,13.7436257347565,-1.12895651642681,12.427525279921
-0.662559368522578,17.6062981763179,16,22.517612114244,-0.220376395157153,21.9704483380074
0.0207712679594964,24.0965596941194,23,29.4351573967571,-0.19077318982125,22.24207025972
0.619620449092663,28.7468058085789,28,33.5715945326617,0.789156609468788,29.9002165179974
0.804792256124931,29.9618403243894,30,34.5641353835242,0.87365459260997,30.4231806110318
1.41543747146847,33.2008030202686,33,37.0747059730259,1.69580153315594,34.3674333137999
0.532851220321883,28.1394366844264,28,33.0632257058008,0.602640374244256,28.6630420976802
-0.150166634878112,22.5906239506749,22,27.9569325705413,-0.352955092291154,20.7257253467959
0.295671605102931,26.360096651998,26,31.5221245790679,0.163937678586519,25.3254437760508
0.044162636170497,24.2969402224706,23,29.6262042515378,0.185108158705178,25.4992570000917
-0.958470943120587,14.3669295158813,15,18.6138615262079,-0.92490998187454,14.7437532316032
0.878298977945427,30.4132977107287,30,34.9251505343996,1.72479801902819,34.4730968958239
-0.555042120606233,18.7179654276179,18,23.7989292803876,-0.54362239447195,18.847013057983
0.527212188353198,28.0991375155666,28,33.0291918450849,0.514264793390854,28.0375901907452
0.779541921800358,29.8027121991809,31,34.4359143127349,0.362297724512969,26.9052435062926
-0.910808340521751,14.9027508436264,14,19.2747568019807,-1.04453141403282,13.3864333460855
-0.106327363830151,22.9837681605042,23,28.3502288079409,-0.099293936326568,23.0674643730926
0.000796137558583054,23.924346800266,23,29.2699325816563,0.330796724830192,26.6618357641681
-0.0441691780200213,23.5330174125751,23,28.8908753162261,0.176874266967141,25.4317985332368
-1.2682064307568,10.8940723058999,11,14.2017582971721,-1.18344766104257,11.8138460170108
-0.732455663208675,16.8632861240809,17,21.6429947940184,-0.358235947798683,20.6751516272293
-0.700208968530006,17.2080333511519,17,22.0505125821024,-0.155524328334997,22.5625940213057
0.729918056864987,29.4839408467205,29,34.1774890658532,0.621281936736772,28.7917831811729
0.424596100374504,27.3484732625185,27,32.3880632226364,0.6178333980383,28.7680515681198
-0.412555326627579,20.1340748314657,20,25.3777878748836,-0.387501611357804,20.3934374693806
-0.838386370598025,15.708725635079,16,20.2582260523992,-0.804213325662663,16.0892812358082
-1.66442739619793,7.01466001619462,6,8.9700683416132,-2.05101832800891,4.2902758973978
-0.76825649240732,16.4767367143343,17,21.1827031617366,-0.839292763309524,15.701850591768
-0.179025160191635,22.3292112910151,22,27.6924632367656,-0.239266719159046,21.7959452948531
1.16103279718823,31.9891190157213,33,36.1556507970681,0.739961439128029,29.5849442186484
-0.403076700823269,20.2260912031439,20,25.4781405194454,-0.325313600169749,20.9891663786915
1.59260548558161,33.9398699452541,36,37.6263237149631,2.36100108303668,36.3594836290275
1.65323860267529,34.1746292895179,36,37.8004867399942,2.02415831560626,35.4566092858475
-1.16520602378399,12.0323556418684,11,15.6723952294191,-1.1995463011601,11.6338723448579
-0.661536416220683,17.6170544654344,17,22.5301710885087,-1.33505783615713,10.1558442011444
2.25473106322897,36.0749993809151,38,39.2066476678298,2.60768083092849,36.9075139984002
0.223274587546439,25.7839137382306,27,31.0051617415091,0.0672983331080916,24.5169804267223
0.0850351342745158,24.6437102695527,24,29.9538127393737,0.0552028611759957,24.414088781311
0.106205012221327,24.8216191207952,26,30.1204345381144,0.549652784974662,28.2910170992607
-0.456831947346709,19.7007267433909,22,24.901415552585,-0.422970893548358,20.0486641120963
0.334668491278872,26.6642396514017,27,31.7913315115965,0.00183497720605124,23.9556764172801
0.80116106102664,29.9390840535242,30,34.5458305068883,0.599163351861852,28.6389055301626
0.207743517541248,25.6583925344463,26,30.8912996759619,0.0576290224471816,24.4347571733411
0.217105516158829,25.734135575932,26,30.960061303327,1.1032956955292,31.7272363608959
0.50548560390191,27.9429344974922,28,32.8969089988959,0.365309227450223,26.9283605531519
-0.360164426789284,20.6394378582609,20,25.9254151473261,-0.730518553795945,16.8915372245664
0.407166348385212,27.2177519476325,28,32.2749900525491,0.256642699017428,26.0775319875125
-1.56049062172441,7.93550494239475,8,10.2487104907398,-1.4913473173259,8.57056269036981
-0.575519464125293,18.5091707741246,19,23.5609259349209,-0.8272477814839,15.8352548953976
1.36284360865111,32.9653788879876,34,36.8977089956425,1.9180268845613,35.1293045276127
2.23632518801823,36.0269779862965,38,39.1708248782252,2.14042313066344,35.7904988164524
-1.10883801927558,12.6661591311117,13,16.4807718198515,-1.28028833505513,10.7440097543286
-0.576485650304284,18.4992853669654,19,23.5496261710452,-0.78593389000485,16.2898010657952
0.0400267220663948,24.2616115365599,24,29.5926144235007,0.423108905299247,27.3668044477718
0.111277561198161,24.8640741169855,25,30.1600520370642,0.270982895493523,26.1917471877852
-0.941781336077141,14.554937469043,13,18.8463802226534,-0.884513340683388,15.1977935402038
1.14453599498357,31.9040055107738,32,36.0902776192294,1.02189152759298,31.2843320315908
-1.07410370387886,13.0587584853422,13,16.9778426797667,-0.978003177698634,14.1429299642345
0.0471592556907221,24.3225098511798,24,29.6504905756427,0.254675214625274,26.0618165293419
0.530101910179478,28.1198013410711,31,33.0466478651939,0.867297742631737,30.3846524063453
0.47268749386483,27.7043379265152,29,32.6937174053236,0.373200882913099,26.9888115352782
0.359351068526889,26.8544435525773,26,31.9584326037372,0.509827343188193,28.0055336872836
-0.219171278591995,21.9620672745944,23,27.3170077154546,-0.285307798560545,21.3667252941279
0.0242391876736394,24.1263551392295,25,29.4636465007862,0.26020824157054,26.1059844251774
-0.979184776720053,14.1331284194105,13,18.3237801399487,-0.824082361992614,15.8702496501173
-2.88522585006654,0.949222766919722,0,0,-3.28691011581909,0.512006145154145
-1.58295237882766,7.73015473068187,7,9.96588480404963,-1.51221754795496,8.37099591836784
-0.785106168943143,16.2934729273847,14,20.9632803867249,-0.708949048382506,17.1231332889237
-0.164810606577779,22.4582330125287,22,27.8232900746063,0.0330402499349294,24.2245933417341
-1.03585443469181,13.491859533675,12,17.5229526896499,-0.721925279577013,16.983985136281
-0.6461636480456,17.7782834050557,17,22.7180573230143,-0.827444823823938,15.8330756383305
0.260875554051783,26.0850177053824,26,31.2764730484102,0.469748115311277,27.7132135060608
-0.570633555328065,18.55911355154,21,23.6179710387297,-0.874429507623725,15.3106092164479
1.12889582070395,31.8225486617971,32,36.0276040188373,0.976245078644784,31.0267387435175
0.0676484513914218,24.4967241188252,25,29.8154102153071,0.60578107336696,28.6848105806438
0.148134010994028,25.1705060275046,24,30.444378363411,0.663615917938625,29.0799740770922
-0.0880838414156352,23.1459677836011,22,28.5109490282543,0.161844930585912,25.3081966851043
0.053547173446707,24.376940178381,24,29.7021199942266,0.270985094561662,26.1917646582626
-0.509314200028471,19.1793357638719,19,24.3202326336595,0.0301070113443545,24.1994201750943
-0.909799890270845,14.9140481233655,15,19.2886315839049,-0.672831008742137,17.5075297106566
-0.45073519822616,19.7607462978619,18,24.9677607152592,-0.115891492685411,22.9192608235919
0.0259827073753647,24.1413234815849,24,29.4779477937369,-0.0201563392588754,23.7646942836087
0.124085568668337,24.9709702749065,24,30.2595598876025,0.35498583663191,26.8490042447625
0.669724826949237,29.086539160342,29,33.8523119335453,0.225629671317687,25.8285574585651
0.0431854295866786,24.2885969311607,23,29.6182751981644,-0.0375939238647347,23.612400412595
0.0974387324076852,24.7480903244466,25,30.0516891045202,0.069326592995116,24.5341974503641
0.920302715327338,30.6634270488845,32,35.1234637348633,1.15945809732887,32.0206986807383
0.380629759858721,27.0169679609819,28,32.1004646842025,-0.248670739183329,21.7087286792964
-0.389155935544649,20.3607581643323,21,25.6244959501461,-0.216998168410892,22.0015583425248
0.320180306621176,26.5517603278562,26,31.6920623647187,-0.0136234347906735,23.8215551253938
-0.436819789868866,19.8973165739636,20,25.118287569641,-0.559265224787515,18.6878043273822
0.84490924176051,30.2103987997308,31,34.7633970118506,0.12940810332855,25.03938498796
-0.562826739014967,18.6387514997794,19,23.7087841271581,-0.617335473216113,18.0896826008794
0.483845949299302,27.7858881335187,27,32.7633217948801,0.824490562157909,30.1217523520252
0.468780791920432,27.6756950469637,29,32.6692317069112,0.0535384326654154,24.3999008898819
-0.100099621156902,23.0392306016931,22,28.4052861627176,-0.330950499242843,20.9356157814611
-0.205372367983784,22.0887210445236,20,27.4470605862073,-0.347204777479296,20.7807054972272
0.83531269920209,30.1514154495626,31,34.716223204344,1.04200937026782,31.395743072456
0.213189352689553,25.7024814013698,26,30.9313448135588,-0.041508477997324,23.5781079553277
-0.254506659463928,21.6355188223914,20,26.9791060140131,-0.412372360908609,20.1520751270244
-0.108131699977828,22.9676813023764,24,28.3342398035627,0.432408655222052,27.4364083653437
-0.571195573741504,18.5533726836456,18,23.6114174461401,-0.58663922340783,18.4072535299274
0.440387924225787,27.4661116537391,28,32.4894518187955,0.30354097371061,26.4488999121542
1.50894808886262,33.6010055756841,35,37.3740989322732,1.69354770062887,34.3591380611804
0.865499106714265,30.3359434135075,31,34.8635774368823,0.77396282073233,29.8036938260318
-1.12490077825432,12.485035073077,11,16.2505078200696,-1.01261734776468,13.7495929452978
-0.498184848951742,19.2906179385206,18,24.4449957528819,-0.519978025950294,19.0861416000329
1.273363856677,32.5470890267202,34,36.5814443522061,1.2917262215726,32.6739406523812
1.34931301697329,32.9035774082946,35,36.8511292847337,1.4820332663499,33.5252498314548
1.59105647823598,33.9337549258874,34,37.6217813033458,1.77425020765434,34.6488438086585
-0.555437694704314,18.7139449324371,18,23.7943584267896,-0.443364685233367,19.8487302548723
-2.43693798772421,2.24526866091093,2,1.98702113409424,-2.19850557412264,3.47948477428126
1.07738831938902,31.5489895809796,32,35.8163274705092,0.618271162493031,28.7710662336353
0.0337588655674913,24.2079888468365,25,29.5415549109461,0.272879469479954,26.2068094294393
1.09800005158327,31.6594400135655,33,35.9017808992688,0.649730709711559,28.9860902488367
0.136922104103986,25.0776694608923,25,30.3585384311238,0.419687766530382,27.3411328860362
0.468694275487143,27.6750601973205,28,32.6686887706266,0.750197709341989,29.6511990301252
-2.12661823812664,3.767764761467,4,4.24782242075056,-1.99132079103503,4.65011684683123
1.5670087207434,33.8380581271277,35,37.5506533217227,1.14642035124019,31.9534430438676
-1.28801230006318,10.6793697812235,10,13.9215439826978,-1.33427297243735,10.1641686759221
0.214491871805166,25.7130143130458,25,30.9409034028064,0.417921396759929,27.3278645067146
-1.45579635026864,8.93734700929081,9,11.611251754208,-1.51204903892384,8.37259489694131
-0.512379798635551,19.1486142675878,17,24.285721821663,-0.544048010953504,18.8426918709603
0.634004073116155,28.8451621632225,29,33.6531284677548,1.18300661230595,32.1408536850101
0.0731113741648512,24.5429916018568,23,29.8590486292848,-0.145147199158612,22.6563598139324
-0.633801918646078,17.9073672407852,16,22.8679862577283,-0.504513333392906,19.2415668704784
0.654787806168037,28.9861058622896,29,33.7695906677539,0.654144095759409,29.0159989460501
-0.353877114121285,20.6995615753709,20,25.9899897053502,-0.303797974501166,21.192762499783
-0.158774077799856,22.5128719921689,23,27.8785192119486,-0.374835997034228,20.5156597876009
-0.568841265011671,18.5774144282209,16,23.6388563423365,-0.637821530503542,17.8759846477384
1.47162032820393,33.4440216361832,34,37.2568690560493,1.2654039671619,32.5480939658211
0.950961074625158,30.8424148853552,31,35.2646480315571,1.44917786857465,33.3854082398881
0.451489609220888,27.5483546834304,29,32.5601291608356,0.611982853606529,28.727702460441
-1.20915137139575,11.5428157352636,13,15.0429428286441,-1.49794758463145,8.50711717342578
-0.193127562480966,22.2007061355285,22,27.5615841768972,-0.11039328922442,22.9684314415603
-0.157403463074663,22.5252652793169,22,27.8910319535028,-0.736515546252554,16.8268803914141
1.0818910847737,31.573230395501,33,35.8350997163342,1.48290281946463,33.5289117604444
2.5248182079055,36.7184601413185,39,39.6917985845475,2.5367547596349,36.7587009884775
-0.0934215219165087,23.0985969174462,24,28.4641027526975,0.199018811845248,25.6128074195303
2.06965648682778,35.5655062685037,37,38.8281882113392,1.93613684634255,35.1867429732635
-1.21473780109474,11.4809570695413,10,14.9630842034509,-1.18735059390362,11.7701491246526
1.46276866624679,33.4062599875649,35,37.2286306450178,1.89065591966255,35.0412176429176
-0.519952800905992,19.0725947319796,18,24.200200737579,-0.273046114890933,21.4815825440465
0.139211561373386,25.0966537955224,25,30.3761130666839,0.767402931276232,29.7617859562898
-0.0446579177365203,23.5287362008488,23,28.8867003597918,-0.220853037593652,21.9660565877877
0.378967889641137,27.0043233874712,25,32.0894390555992,0.462809149409991,27.6620976295105
-0.882424914920436,15.2199761190325,15,19.6634028422474,-0.964472415076032,14.2963977177509
-1.03753413859808,13.4728352120414,13,17.499079801837,-1.20109751235157,11.6165688421333
-1.50816412243673,8.42719670791359,8,10.9208816010583,-1.51257713015147,8.36758452723597
0.00871737155672636,23.9927591385285,23,29.3356839831802,0.570902803724814,28.4412901075483
1.80053573924298,34.7089970306294,36,38.1956591237721,2.5403204218856,36.7663445943554
-0.725235185784531,16.9407665328804,18,21.7348333202315,-0.313940502138004,21.0969444643549
-0.145205403290758,22.635355362005,22,28.0019496842165,0.185327366623616,25.5010504227971
0.979209076031071,31.0046710868152,30,35.392122988955,1.2151804540051,32.3022932416469
0.176211600170122,25.4015142112963,25,30.6568615766698,0.636583758887129,28.8966213377142
-0.812582951003331,15.9928791064924,15,20.6017637002364,-1.21534931612617,11.4579284280123
0.757090572617159,29.6594821554725,30,34.3200600907144,0.225522744590514,25.8276944305772
0.969898774143949,30.951473760048,32,35.3503820713089,0.921612359440377,30.7095890045893
-0.424112769677852,20.0215214452759,18,25.2546542383734,-0.414389734804971,20.1324171859789
1.39664921135767,33.1175718833149,35,37.0122092839785,1.60466948576124,34.0223318550301
-1.17216608545152,11.9545072256742,11,15.5725960462095,-1.23384349598155,11.2530324314122
-2.09962811986398,3.92385550516811,3,4.47996071872038,-2.19572163462447,3.49381166442391
0.0476183476219171,24.3264251750017,23,29.6542075600637,0.106032931473971,24.8439518659269
-0.420117451496273,20.0604747695524,19,25.2973168331058,-0.463652237473309,19.6485802248296
0.168655685265111,25.3395569838553,25,30.6000278952119,0.540685572969511,28.2271736621879
1.14816516241318,31.9228005529692,32,36.1047234975058,1.89087400547294,35.0419256269157
-1.46879651070291,8.80906635182374,8,11.4382970906651,-1.76266466038719,6.22551318379677
0.565916476651281,28.3737140150705,30,33.2603245674411,0.350106684985299,26.811388765743
-0.499370195891941,19.2787842119613,19,24.4317467875718,-0.514462891305858,19.1416586855992
-1.60142651586303,7.56387097374922,9,9.7359168675137,-1.63160430337797,7.29026862254259
2.03433153280082,35.4612495534484,37,38.751068081528,2.08761347518272,35.6419214486755
0.635574307583359,28.8558592439067,28,33.6619829465579,0.706120855927184,29.3634645537245
0.237583386436264,25.8989637776467,25,31.1091302694471,-0.137003420641763,22.7297568196205
1.23470121642749,32.359245339568,34,36.4386200416238,1.4212459692228,33.2642323550809
0.125890470650412,24.9859992642346,26,30.2735222454838,0.345722832993692,26.7775321398366
1.46320707070804,33.4081351137733,35,37.2300332471834,1.60451605025059,34.0217337701147
0.313925644765204,26.503012925819,28,31.6489348042101,0.36457312760327,26.9227125426457
-1.98914025368882,4.60269512160947,4,5.48716346409429,-1.74530777926919,6.35931991106007
-0.363547427384924,20.6070414108774,21,25.8905691764698,-0.276306575626645,21.451080347807
-1.52800000175231,8.23863874394177,8,10.6639282213865,-1.80139890355201,5.93457328676212
1.01088208708164,31.1835849673962,31,35.532131906989,0.631767290822591,28.863703687096
-0.10374185039732,23.0068056587427,24,28.3731107855041,-0.126805048809377,22.8214376818881
0.195427067518944,25.5583788654653,27,30.8002510784587,-0.0439491027872369,23.5567081876476
1.27608994474011,32.5601699285461,33,36.5913712530676,1.5412744525475,33.7701924736967
1.20555668256313,32.2147476411817,32,36.3283982169115,1.24513727940241,32.4498091884314
0.247110911953104,25.9752525157918,26,31.1778643525647,0.423369330095004,27.3687571711634
0.511338079993937,27.985156555308,28,32.9327227964232,0.935686502642137,30.7922174862738
-0.933647744786207,14.6464218424573,16,18.9592804219084,-0.590525958444793,18.3672171570408
-1.28216777070653,10.7425605211941,10,14.0041123331756,-1.31258710052754,10.3954138101769
-0.686058710166265,17.3582593383002,15,22.2271757825695,-0.710057807168828,17.1112651186236
-0.200829167838122,22.1303152116225,23,27.4896487400749,-0.0169127696472138,23.792938862095
0.407337651558478,27.2190411850475,27,32.276107350724,0.718270567526737,29.4434134989888
0.125865698789988,24.9857930531602,24,30.2733307159038,0.0527401306846088,24.3930935144917
0.0269091314300803,24.1492738149639,24,29.485540899371,0.218280674425708,25.769168862505
-0.224980495941887,21.908602119823,22,27.2619392556051,-0.327939228726372,20.9642338117393
-0.275726667833084,21.4378616018979,20,26.7727635291883,-0.180767571379465,22.3333717216265
0.434406218452399,27.4216416325309,29,32.4511653443137,0.69952722259526,29.3198742196274
-0.87352405346723,15.3191168976299,15,19.7844536926895,-0.78593389000485,16.2898010657952
-1.03406617883002,13.512113129348,12,17.5483609054601,-0.99545720146699,13.9447013471019
0.0977854337379378,24.751002161758,26,30.0544146806456,0.375661658618974,27.0076235816645
-0.932502789942401,14.6592920050726,15,18.9751505514191,-1.05326473962027,13.2870417281161
0.693508644388764,29.2449664432111,29,33.9823528804456,0.857787016551709,30.326761669546
-1.64883262685386,7.1480318721127,7,9.15696083833079,-1.70456231636722,6.68197395530589
0.880480942930735,30.4264312862171,32,34.9355931971383,0.94086171726417,30.822438908408
0.551908075693502,28.2748830234529,28,33.1773339295767,0.566037426156429,28.4070106850869
0.425194759175249,27.3529467425652,28,32.3919251173351,0.287507084148814,26.3226369625685
-0.166304116311715,22.4447006140998,21,27.8095955043317,-0.0616539383354168,23.4010262154688
-2.1849768644186,3.44306146948126,3,3.76487070041779,-2.6114738154492,1.75735125168075
0.0160198871813054,24.0556876515189,23,29.3960307698337,0.129281192920162,25.0383277908729
-0.0387729541321784,23.5802471338794,23,28.9368923679785,0.203943039190769,25.652877114438
-0.987376112202303,14.0405553477848,15,18.2086412340396,-1.15294088023095,12.1566636138327
-2.88522585006654,0.949222766919722,0,0,-2.43191139927461,2.40710577807039
-0.878029947371769,15.2689500972107,15,19.7232247460989,-0.900856354551768,15.01448963904
-1.09834263594646,12.7846723783741,14,16.631115980445,-1.11413733750094,12.5953477556174
-1.34931513195017,10.0257761093249,9,13.0626691417334,-1.35199052788321,9.97704417595753
0.767666315773325,29.7271551069794,30,34.3748513116492,0.703002616643138,29.3428676731964
1.27094886862435,32.5354829686364,33,36.5726346450334,1.10209408149301,31.7208504874494
-0.25653758202839,21.6166523050236,20,26.9594694891081,-0.595270546689118,18.3182758877468
-0.107830669642186,22.9703657494896,23,28.3369085361206,-0.040811507572557,23.5842163776609
0.153859049847716,25.217780820218,25,30.487991108578,-0.352776014480371,20.7274389584118
-1.78581044067841,6.033753094343,5,7.57671283234687,-1.95267518296655,4.89361390389954
0.014640234895362,24.0438089919425,26,29.3846492620149,-0.0485158750378226,23.5166262469425
-0.856021558866671,15.5135506258697,14,20.0212792318958,-0.709409623891788,17.1182037689698
-0.878594578729615,15.2626606141909,15,19.7155448124119,-0.767311071476383,16.4930737187677
-0.762367258062348,16.5405921564252,16,21.2589789157686,-0.84758964492302,15.6097397647224
1.32850640787133,32.8075428585345,33,36.7786487572207,1.45906441482027,33.4277923563687
-0.612426166889343,18.129386224596,18,23.1248022127329,-0.730697564288547,16.8896088785157
0.32734945657272,26.6074948528568,25,31.7412933883578,0.252200567340291,26.0420346744873
1.8692295086049,34.941708071947,36,38.3674353048192,1.74864319513647,34.5585337520529
0.0284141038068716,24.1621844584588,25,29.4978671102764,-0.0430424165605403,23.5646598794344
-1.71619537910175,6.58401861945286,7,8.36247897652007,-1.48349868738453,8.6464040866021
-0.0697112769279405,23.3084803838996,24,28.6710844336445,-0.0118306232721366,23.8371406844438
1.72550553516533,34.4430014975225,36,37.9991280562814,2.02756664269967,35.466755648602
-2.089793266701,3.98166937218602,4,4.56591654853311,-1.91618459598193,5.13154712482141
0.559796516078506,28.3306135596641,29,33.2241600570444,0.824717352965496,30.123161032755
0.774167322126573,29.7685737779981,29,34.4083391854007,0.455503573302451,27.608120753303
0.176567045794932,25.4044249968938,25,30.6595288760205,-0.406855689438506,20.2057697126605
-0.0646771219100971,23.3528632448287,24,28.7146631903199,-0.137108206077518,22.7288134775117
0.2153350979159,25.7198306184303,26,30.9470874849916,-0.143668101802238,22.6697027150367
0.523888856571222,28.0753405260745,29,33.009076513679,0.121955277244719,24.9772292983608
0.907111776929825,30.5854881376288,31,35.0617982479068,1.27929335017101,32.6147520381411
-0.837627889673992,15.7171027854906,14,20.2683783492619,-1.02901698207338,13.5630026722818
0.274731973849139,26.1949730897899,25,31.3749160101266,0.328855612488092,26.6467419412927
0.329983313759164,26.6279333242971,27,31.759326129554,0.275814782642613,26.2301011013806
0.128207400818001,25.0052791570606,25,30.2914237847264,0.171595529636966,25.3884549968758
1.37819207824411,33.0348681798494,35,36.9500244311158,1.93056369458954,35.1691378924079
1.00627068080287,31.1577336418765,31,35.5119373795276,1.17900836996763,32.1205722422533
1.964996949608,35.2496822982135,38,38.5947550300025,2.43665667526956,36.536849453129
-0.501928334193293,19.2532304032462,17,24.4031219972549,-0.98708877290132,14.0397758848974
0.0802037434302332,24.6029444270608,24,29.9154951090322,0.137795313997837,25.1091586675711
-1.24393111391412,11.1592942967678,10,14.5466421196371,-1.10730884594865,12.6727771746427
-1.51164704331712,8.3938991081534,7,10.875578038663,-1.69256538439992,6.77928754170136
-1.01709968233092,13.7042471287266,13,17.7890216844268,-1.05719809662704,13.2422817104454
0.933670201227457,30.7418387595509,31,35.1853878845303,0.589990472568727,28.5750434913149
0.141011866357733,25.1115722449684,25,30.3899161258666,0.137843134479874,25.1095559572268
-0.440538671559302,19.8608752420236,19,25.0781817831165,-0.470737011671011,19.5783848706509
-0.695629043144698,17.2567270368512,17,22.1078373628308,-0.804836226840974,16.0824312633693
-0.265983870373514,21.5287586308577,20,26.8678243875204,-0.516842155774391,19.117720278175
-1.38167027634016,9.68829925465366,10,12.6155905223671,-1.35950237853364,9.89821959712996
-0.853223644300676,15.5445665122207,16,20.0589859175956,-0.943706127088682,14.5314983759031
0.0803181602671691,24.603910542035,26,29.9164038021914,0.140586296486571,25.1323358717682
-0.804270346354295,16.0840408126738,14,20.7116104276066,-0.718381466628868,17.0220407642778
-0.735330920075211,16.8323872222624,16,21.6063299881268,-0.472891168862339,19.5570106912362
0.897540073607617,30.5285828975242,30,35.0167018778696,1.17844897247709,32.117730763811
-0.680827029716427,17.4136366884038,18,22.2921552923199,-0.586469624140633,18.4089993862053
0.0395035368281136,24.2571394166216,24,29.5883595819474,0.00412588402661702,23.9755020040516
0.895296140611421,30.5151996523182,31,35.006086930294,0.761300891410357,29.7226761878427
-1.27675818703359,10.8011738526839,12,14.0806275560173,-1.13679239018938,12.3389213953573
0.522218550453003,28.0633670408342,28,32.9989503782934,0.584058685792161,28.5336024221495
-0.7379013325735,16.8047424750237,19,21.5735073815253,-0.589611537667298,18.3766409309408
-1.22858449589876,11.3280435216289,11,14.7653621067991,-1.13685080734414,12.3382612280232
-0.0700293243024302,23.3056742541702,22,28.6683269158419,-0.447782492283955,19.8052532584846
0.00324299298319956,23.9454961257774,25,29.2902755447364,0.0485808963917805,24.3576001559386
1.43910255124038,33.304278829307,34,37.1522889305627,0.978196679335691,31.0378892515997
-1.11985236120347,12.5419243554125,12,16.3228957187773,-1.16246386475073,12.0494242174285
0.463230987665498,27.6349242235699,27,32.6343435889855,0.353257082810928,26.8356845442428
-0.002056479608393,23.8996712618931,24,29.2461794303202,0.0303179740606575,24.2012313911972
-0.639513508470863,17.8477883060866,17,22.7988416869861,-0.517779259557449,19.1082868256862
-0.578819449055445,18.4753948045886,19,23.5223058177292,-0.694609273431214,17.2762637290056
-0.0782211158758784,23.2333116167031,22,28.5971261598758,-0.126762233428887,22.8218220350476
-0.609446444736511,18.1602152197611,18,23.1603558700059,-0.552222846543869,18.759579388033
-0.289864664029169,21.3055142375623,21,26.6338374205509,-0.235384632163428,21.8318822180597
-0.878666916883402,15.2618547829446,15,19.714560774163,-0.977056770038775,14.1536705665664
-0.648747045100981,17.7512432932952,16,22.6865943096223,-0.727313225976261,16.9260484411117
-0.135096761484732,22.726307161313,23,28.0932692857938,-0.265404051982844,21.5529649499577
0.577215921907516,28.4529785395273,28,33.3267212297268,0.698670553083244,29.3142003681058
0.144231556739136,25.1382310652315,25,30.4145651313089,-0.00146791948713424,23.9270698722968
-2.18854140857394,3.4237946179739,3,3.73622090682672,-2.41367521362163,2.48170258157159
-1.04036437729206,13.4407797709151,12,17.4588397687828,-0.727306607858878,16.9261196631517
-0.828394377107565,15.8189661552372,15,20.3917088302543,-0.917141433456326,14.8313082140007
0.294211822682586,26.3486260424533,26,31.5119226039746,0.414673372246298,27.3034417847059
-2.88522585006654,0.949222766919722,0,0,-2.91796691017419,0.991635370460799
1.81934576485768,34.773728222578,36,38.243450355137,1.69580952545416,34.3674627082965
-1.8941753891327,5.24000425488923,4,6.42508670422338,-1.93660088874195,4.9974449255039
-0.0919889493120525,23.111317654846,22,28.4766901035116,0.0806255256072191,24.6299160800854
2.43717885992615,36.5217078860937,39,39.5422212173132,2.16960155880534,35.8704589984465
1.61193898411235,34.0156962411143,36,37.6826241634941,1.65880756149313,34.2297557493678
0.183352589008428,25.4599268114194,25,30.7103404101426,-0.161805754319277,22.5057050830853
-0.494728027025178,19.3251034326871,19,24.4835805153119,-0.224707183469265,21.9305232698276
-0.884127135029317,15.2009969416291,18,19.6402067838345,-1.07025545914345,13.0937303756411
-0.339177470355493,20.8397008019743,20,26.14002154202,-0.746483362779647,16.7191592940499
-1.61666063368736,7.42853276738099,6,9.54810420072256,-1.81434982722416,5.8396159065024
-0.595303101748021,18.3061466183979,18,23.3282917418564,-0.327905591680537,20.9645533444138
0.207160310123556,25.6536661042402,24,30.8870034222168,-0.313516999906948,21.1009509678842
0.626426105517865,28.7934263629381,29,33.610268293085,0.498480010305779,27.9232791684116
-1.04058344816598,13.4382985617941,15,17.4557242628289,-0.965960739123296,14.2795269242317
-1.33786527987288,10.1464977122411,10,13.2219882359499,-1.40670667334649,9.41029966217423
1.15766920004365,31.9718317327197,32,36.1423822880848,1.18301085233337,32.140875167087
-0.577921666577828,18.4845873087637,17,23.5328199694574,-0.478076110933202,19.5055047401679
0.658793254602964,29.0131083826799,29,33.791852867389,0.782328919634563,29.8569355815335
0.426073339184739,27.3595099581606,26,32.3975901409407,0.639846289560685,28.9188760932921
0.116414881083149,24.9070023129626,25,30.2000550362081,-0.16407015802885,22.4851727801764
0.308560854962308,26.4611104447605,25,31.6118118721399,0.535002895607151,28.186583212673
-0.678992764980315,17.4330312505066,18,22.3148943570046,-1.30909800203871,10.4328368769371
0.684690948462129,29.1864442812953,29,33.9343797952637,0.727039707618164,29.5008169137767
0.863900408221098,30.3262446672369,31,34.855849148461,0.823903365344362,30.118104272828
0.758945780945287,29.6713797237368,31,34.329699794332,0.185072677397024,25.4989667019126
0.0681756394669007,24.5011924224565,24,29.8196275442485,-0.257646099001018,21.6252721007476
-0.347723652490474,20.7582985797214,20,26.0529552095842,-0.260687185320182,21.5969468787025
0.515958231006098,28.0184123081407,27,32.9609011367818,0.355755868235403,26.8549343522628
0.753615363827245,29.6371653030167,30,34.3019704995767,0.860161046196673,30.3412398896581
1.48384947367269,33.4958526128145,34,37.2956033533177,1.99475310872679,35.3681446696291
0.533608551749942,28.1448412957248,28,33.0677871438753,0.493599217347258,27.8877755543292
-1.19185603243256,11.7348908667133,11,15.2904481579003,-1.33567990975064,10.1492485989114
-0.818394624695751,15.9290327178747,15,20.5247241588446,-0.683321110808509,17.3963303985767
-0.351191148242978,20.7252130393593,20,26.0175023940407,-0.230706974721894,21.8751319214766
0.649988956700177,28.9536864547824,29,33.7428413195471,0.603161995096381,28.6666596984147
-1.1750342075251,11.9224589431862,14,15.531478556493,-1.36748938885197,9.81475328549033
-0.269423884267243,21.4966928828125,21,26.8343227452115,-0.152380584629728,22.5910287771104
1.31061619851277,32.7239928624716,34,36.7154902504792,0.733820634505387,29.5450325912789
1.79500222976173,34.689807441935,35,38.1814893069365,1.59179391756987,33.971939986344
-0.474451047053313,19.52663827846,19,24.7083224485828,-0.180082830656281,22.3396107304184
0.683695513784464,29.1798218542815,31,33.9289464525494,0.601944998341977,28.6582180916546
1.94642969675439,35.1914262410492,37,38.5517435401475,1.93687073097732,35.1890565634258
0.292154478602229,26.3324495321773,26,31.4975290923054,0.592273067952967,28.5909602701471
-0.378623948257019,20.4622725427039,20,25.7344169362625,-0.294593575195384,21.2794762446141
-1.52453109076364,8.27142453252623,8,10.7086779937867,-1.72338663450788,6.53140810124203
-0.852048957537324,15.5575827686748,14,20.0748041585779,-1.05598677696106,13.2560656376385
0.362394026763154,26.8777679040814,27,31.9788583631162,0.399887067054073,27.1918573816811
-1.11511046209758,12.5953911293816,12,16.3908750415349,-1.1785888371959,11.868299734553
-0.168915654745773,22.4210245643722,21,27.7856204239685,-0.4672492618031,19.6129606993313
-0.228989047431115,21.8716591025983,22,27.2238299541883,0.0092537030367949,24.0198305921297
-0.186089153206786,22.2649047156829,23,27.6270406572833,0.0514268469882159,24.381891195408
0.808468575014759,29.9848357299147,31,34.5826219980068,0.692636365398384,29.2741671014045
-0.435864034369713,19.9066753404626,21,25.128580405153,-0.275326132267764,21.4602555420886
-0.242123852188571,21.7503191950734,22,27.0983232034373,-0.620855835048072,18.0530605889837
0.841678819271624,30.1905769591698,31,34.7475515367015,0.907453610914321,30.6258128728736
0.704283721046527,29.3161372913479,29,34.0405953164709,0.668669215192137,29.1139859955802
-0.245001147128519,21.72367931018,20,27.0706994896278,-0.0988095445105603,23.0717793436737
-0.364943115275372,20.5936665918366,20,25.8761726182644,-0.369661599293721,20.5654594070939
-1.51448937770027,8.36678520305759,9,10.8386651292958,-1.59968752346452,7.56885760938032
1.86687023454985,34.9338823924361,36,38.3616598774875,2.2593383729165,36.1072081716175
1.32611441597393,32.7964243562296,34,36.7702493168824,1.60308524873077,34.0161537588548
0.847919310283703,30.2288381025063,32,34.7781303387773,0.86249090374595,30.355430760971
1.04437350849294,31.3693270227618,33,35.6768832815328,0.732714763453655,29.5378319399121
1.12797334396632,31.817720956107,31,36.0238861643112,0.999551458578254,31.159098298513
-0.731320395367795,16.8754791364249,16,21.6574568389386,-0.702693172470272,17.1900209845365
-1.1880274991231,11.7775179760878,11,15.3452828719731,-1.15377006076464,12.147318646676
-0.0521446948695751,23.4630799674191,26,28.8225970956099,-0.177373957469547,22.3642809893886
1.05543690343966,31.4299112307636,32,35.7239673101102,0.804504562058508,29.9969485502479
1.52399995240779,33.6632850819725,35,37.4205366185013,1.72433696169006,34.4714320667916
-1.72605347552738,6.50410423188366,5,8.2490216105673,-1.68421127493417,6.84767938564315
0.829796342141397,30.1173749770209,30,34.6889668877626,0.764469494293642,29.7429999570548
-0.695005139526795,17.2633551213051,16,22.1156357255591,-0.703427733793769,17.1821737088571
-1.30188001055914,10.5300125591463,10,13.726062782908,-1.35186347336143,9.9783800688359
1.88927442430541,35.0077268170835,37,38.4161571730552,2.1178165459921,35.7275115802637
1.50113509117397,33.5684476809646,34,37.3498070714427,1.69407583792746,34.3610829466477
-0.260272528137908,21.5819280338601,21,26.9232954371673,-0.375414762325488,20.5100848347854
-1.08774285966276,12.904474470168,13,16.7828364036436,-1.24538621836189,11.1257517124665
0.227492730053034,25.817889051029,27,31.0359037311283,0.108290042136789,24.8628851570549
1.28043865294149,32.5809924308807,33,36.607168121383,1.06208318114301,31.5056271307442
-0.289715070456773,21.3069173697586,21,26.6353135064007,-0.457671024127147,19.7077204701432
1.33621675562002,32.8432724332539,34,36.8056293607497,1.48949453426719,33.556606143725
0.181790182776488,25.4471583233613,24,30.6986589432702,0.442467811340459,27.5113994883378
-1.29966502921776,10.5538123470532,10,13.757242951512,-1.43485731982401,9.12578506597747
1.2133766438726,32.2537652577393,33,36.3581915906713,0.994711649375989,31.1317563173083
0.354563930246236,26.8176944603121,26,31.9262215082623,0.426746524717425,27.3940614864666
0.412079285639252,27.2546917373305,26,32.3069866278712,0.472332479051013,27.732213208156
0.410572947412508,27.2433735290258,27,32.2971866843317,-0.00720957245593667,23.8772760964775
0.354566832361533,26.8177167593346,28,31.9262410644185,0.692496148917023,29.2732354339702
1.20651514207137,32.2195396213346,33,36.3320585608393,1.20520799705621,32.2525888754952
-0.425832724351923,20.0047377991717,19,25.2362569139652,-0.481437249816211,19.4720710167168
-1.25906349387523,10.993707357434,10,14.3314820857766,-1.40527539541748,9.42489823034703
-0.636879631115675,17.8752762877088,17,22.8307548345513,-0.746648611592947,16.7173708265658
0.12495635060227,24.9782221443489,23,30.266297935893,-0.0536410693747376,23.4715813739836
-0.106834970520872,22.9792433251991,23,28.3457323899287,-0.35579550394708,20.6985330830479
-0.00477136290756732,23.8761681352328,25,29.2235363941577,0.00224488686335518,23.9592247565502
-2.88522585006654,0.949222766919722,0,0,-3.28748461678801,0.51151679776191
0.234812310819189,25.8767275121007,27,31.0890650656442,0.0280490867382223,24.1817460062702
0.576968672384798,28.4512484586796,28,33.3252735582493,0.370315145318264,26.966727859604
0.117708461938588,24.9178007157687,25,30.2101087635709,0.78959731996129,29.9030049333451
0.689722694574579,29.2198703456918,31,33.9617896009924,0.836672077430625,30.1971771211234
0.413157312079863,27.2627875080329,27,32.3139944093152,0.54687555153523,28.2712714005229
0.0128793693467786,24.0286411389038,24,29.3701095874647,0.00437449899955566,23.977652734707
0.937658306923496,30.7651213875767,32,35.2037527467174,0.915493890369186,30.6734667147365
-1.34268171585177,10.0956357788025,9,13.1549030333665,-1.54633232159085,8.05148608084147
-1.09955791368723,12.7709436009184,12,16.6137128980655,-1.22166626822044,11.3878155613435
0.205984102154324,25.6441310280634,25,30.8783342216162,0.169099700165042,25.3679357786588
1.53738920004585,33.7181973348978,34,37.4614493147068,1.52650039905967,33.7099620728361
-0.738074906128899,16.8028749522285,17,21.5712894196013,-0.618576571378596,18.0767763127722
0.0790174274985593,24.5929253922978,24,29.9060698479402,-0.22541286698427,21.924013071255
0.918992715729849,30.6557119136218,31,35.1173646141573,0.713394946142322,29.4113884031821
-0.619844693413769,18.052504827418,17,23.0360239691563,-0.593439083381445,18.3371766663652
0.397234648036231,27.1428538493975,27,32.2100080051351,0.227557899736854,25.8441151799676
0.025186209463967,24.134486400371,24,29.4714162942356,-0.476246641418571,19.5236878463324
0.317003166571735,26.5270126461107,26,31.670175706061,0.0767212324813685,24.5968780322249
2.04835477930502,35.5029178486518,37,38.7818817991597,2.43042463363343,36.5225615465582
0.602501334440534,28.6288777929155,28,33.4735498491707,0.158717051291509,25.2823969047141
-0.9052998426902,14.964437759117,14,19.3504873572421,-1.28093803702476,10.7369512847333
-1.60108268380863,7.56694415681525,8,9.74017486899775,-1.52625248170095,8.23853171203543
0.928139223725516,30.7094644116376,31,35.1598348318534,1.39258526994387,33.1376732163091
-1.31013893045716,10.4414631945362,9,13.6099512628669,-1.42371518930987,9.23779582910542
1.54270416112524,33.7398685500637,35,37.4775875962344,1.34669395992955,32.9302609622121
-1.33188948204359,10.2097611597486,10,13.3053530265099,-1.26482986867539,10.9124807215612
0.850519584447024,30.2447434152793,30,34.7908335876678,0.715320566843667,29.424045973825
0.083029853943042,24.6267976586541,25,29.9379221012872,-0.284461946081111,21.3746614209685
-1.37087995565388,9.80022939990297,9,12.7641540697414,-1.4982993534393,8.50374435305842
0.646169169999783,28.9278281403153,29,33.721488923275,0.498792160437408,27.9255472658165
-0.403662044819552,20.2204164003813,19,25.471959796758,-0.265928478790211,21.5480713610576
1.07349374443699,31.5279722703063,32,35.8000434755896,1.4985876995308,33.5946217233405
-0.994091305523238,13.9646241631597,14,18.114082307831,-1.03768956963294,13.4643021779351
-0.849216697313302,15.5889523112571,15,20.1129121841577,-0.844230741887796,15.6470509408335
-0.21000833835144,22.0462236089406,22,27.4034851392964,-0.605439502039342,18.2131278003797
0.614125696941821,28.7090567186786,29,33.5402442840884,0.654598364694643,29.0190738518936
-1.04319559675115,13.408713329526,13,17.4185672314356,-1.12310322319018,12.4937742956466
0.765305172967712,29.7120779661891,30,34.3626523451256,0.339160648492687,26.726746979405
0.915465694779537,30.6349123964042,31,35.1009161792181,0.912408308993719,30.6552037447626
0.313620628766826,26.5006327926631,27,31.6468274267819,0.502225411796748,27.9504733476934
-1.70862579526747,6.64583310506334,6,8.45008637372391,-1.94960243251614,4.91334443434318
-0.291228313770137,21.2927209678779,21,26.6203758176623,-0.284718236516712,21.3722570035902
-0.632387415475456,17.9221056058872,17,22.8850761717673,-0.589757284203694,18.3751390933755
-0.501264124002092,19.2598673218335,18,24.4105584784691,-0.608933868338584,18.1769157595875
0.776152963771166,29.7811971324634,32,34.4185384192701,1.91468580649382,35.1186347236296
-2.11228053551485,3.85021532409543,3,4.37045259681595,-1.77519397637438,6.13025320494792
-0.14670205207464,22.6218677503701,25,27.9883832110828,0.248925965677212,26.0158318196763
-0.0376231816138791,23.5903009820738,24,28.9466785022657,-0.0991317235080625,23.0689094325517
-0.462155546696159,19.6482261050583,20,24.8432862083677,-0.423333888359452,20.0451163897096
0.332729688851908,26.6492233040228,28,31.778098299588,0.778330785143689,29.8315201847962
0.399857562282097,27.1626630032556,28,32.2272084797321,0.499581371888668,27.931280355919
0.762411236580723,29.6935739294598,32,34.3476742468271,0.774556622416452,29.807480353338
-0.48406867251645,19.431206932398,20,24.6020621547004,0.0294205552213108,24.1935258416253
-0.808167873970398,16.0413214582546,16,20.6601575000571,-0.814389081892084,15.9772427683825
-1.4322613513372,9.17224630916358,8,11.9268772593542,-1.27104647607059,10.8446101694427
0.994931181229133,31.0938790287986,31,35.4620043847463,0.874322102781179,30.4272186429244
0.542515853563069,28.208271407297,29,33.121270086251,0.647036662638674,28.967802115623
0.538113269354365,28.1769513168045,29,33.0948734777841,0.44710492471778,27.5458651003134
-0.24505624558173,21.7231689639608,21,27.0701700534216,-0.0414548472507574,23.5785780314611
0.418467878932196,27.3026173811565,27,32.3484473766629,0.364791093021103,26.9243851335045
-0.660067760595291,17.6324912849426,18,22.548189748387,-0.735815866968375,16.8344299222669
-0.532148680689182,18.9497857467497,18,24.0616686952304,-0.925479571122249,14.7373295921468
-0.53421059099676,18.9289758817836,19,24.038149196623,-0.389605737234529,20.3730877769374
-0.118261673531896,22.8772158857058,24,28.2441598409803,0.0560207074294366,24.4210576648121
-1.75396248278628,6.28144567903487,5,7.93172501889324,-1.87590598386192,5.40363108994703
0.0364420453045991,24.2309561995517,24,29.5634356681741,-0.192297175242687,22.2281415923067
-0.0651615128452569,23.3485954226466,23,28.7104755688001,-0.105993100698421,23.0077283325969
1.53464702923908,33.7069883260309,34,37.453100347488,2.5403204218856,36.7663445943554
-0.521933242327685,19.0526845403828,18,24.1777727039438,-0.833021663371885,15.7713538322788
1.3726577903854,33.0098871534712,34,36.9312243791238,0.870014354416436,30.4011337017064
-0.458829634906886,19.681035927181,19,24.8796240685536,-0.709825505979021,17.1137520060947
0.645127281626852,28.9207668334212,29,33.7156555090695,0.866831664306189,30.3818223460886
-0.751692526059303,16.6560689128094,16,21.3966788417013,-0.639709654328147,17.8562179947647
-0.614469864865798,18.1082246373255,18,23.1003822888135,-0.584408298611486,18.4302110249074
0.741057844907749,29.5561969932753,29,34.2362521080493,0.811594850472653,30.04137446738
0.634841660316298,28.8508691385872,29,33.6578527177309,0.85809710926052,30.3286538451336
0.586261592744024,28.5161398430879,29,33.3795253360362,0.669027997240799,29.1163976680791
-0.421665004224589,20.0453921215123,19,25.280803926623,-0.225298043199614,21.9250724517766
-0.312957753011656,21.0881929913233,20,26.4043890262502,-0.54456774467392,18.8374143288133
-0.0244964852340753,23.7048496619022,23,29.0579404958014,0.0762116905641012,24.5925634082476
-0.55458080006435,18.7226535084692,18,23.804258500886,-0.828250060962587,15.8241687643286
-0.264454341326249,21.5430060417891,21,26.8826982536884,-0.429959703176861,19.9802896108647
2.11326231314574,35.6910125385798,37,38.9211397533537,1.52701621933371,33.7120744503879
-0.787637571460154,16.2658688734469,15,20.9301646487043,-0.750300683837341,16.6778230318918
-1.08527224355512,12.9324118825615,12,16.8181796734279,-1.19019026581571,11.7383817236669
-0.160273555439311,22.4993081347163,22,27.8648185140993,-0.345494466998708,20.7970402515515
2.21030191346401,35.9581136303152,38,39.1195198589715,2.29132558441641,36.1883620269065
1.20722726448001,32.2230982313026,33,36.3347765712557,0.904545923403727,30.6085274107603
1.37147366081077,33.0045311625763,33,36.9271925751203,0.94086413118962,30.8224529845778
-0.926613492774202,14.7254597909139,13,19.0566914936623,-1.07025120570264,13.0937787545105
-0.462362069058041,19.646187668025,19,24.8410274334836,-0.419876826992385,20.0788878975939
-1.53803951316339,8.14420782125555,7,10.5348670990731,-1.77444900280501,6.13588624606387
-0.0616277787497313,23.3797167015158,22,28.7409979828016,0.0346685640084406,24.2385582027195
0.219221005706387,25.7512173239168,27,30.9755458410027,-0.204154383481011,22.1195693148175
-1.2759655462627,10.8097721444778,10,14.0918461607215,-1.17916831843095,11.861802257203
0.106734479146576,24.8260536804784,24,30.1245752965357,0.0596066277534758,24.4515932240495
1.08017284402029,31.5639875931886,32,35.8279432010404,1.20126584853794,32.2328578269038
-0.401919252404252,20.2373095229345,20,25.4903557998221,-0.921883228855785,14.7778786227697
-1.55096655919695,8.02362056356402,8,10.3696833397587,-1.18404039520085,11.8072072608599
0.590012156330365,28.5422515213896,28,33.4013285116182,0.457756934772402,27.6247871166591
0.893199145458338,30.5026780961567,32,34.9961523317036,1.32128711187645,32.8128663470341
0.367391100730658,26.9160109426162,26,32.0123180417903,0.859753214635238,30.3387540087661
-1.26765342525087,10.9000895556382,12,14.2095982805681,-1.44171528233598,9.05724200161844
-0.572775156271171,18.5372321438437,16,23.5929867911736,-0.0670725177837044,23.3532240061525
-1.75624125950302,6.26349791625787,6,7.9060730465647,-1.57187513031008,7.81781065232772
-1.60352935318329,7.54509360743674,7,9.70989370951998,-1.9354084246549,5.00520859614296
0.532634423218553,28.1378892030736,28,33.0619195199711,0.713244570405336,29.4103994361794
-1.34875479754251,10.0316686760403,9,13.0704530429173,-1.13835997848723,12.3212082445254
-0.541131732162902,18.8590242900746,18,23.958993554377,-0.230853618345836,21.8737769119665
1.41564219120801,33.2017046379411,34,37.0753825236135,1.17211184014804,32.0854744096019
-0.857635760770724,15.4956481810384,15,19.9995058372343,-0.504751763549621,19.2391763886635
1.47717880061772,33.4676288604428,34,37.2745147859438,1.41267511531521,33.2266227028188
-2.23614427011089,3.17275926980749,2,3.3630904963287,-2.4041657053432,2.52122604700102
0.156564010083005,25.2400866020943,26,30.5085458724646,0.0116350481322537,24.0403942101368
0.0566027375904379,24.4029391487572,25,29.7267479765242,-0.209175139865449,22.0734879803715
-2.18830372457848,3.42507730358047,4,3.73812821589572,-2.05197746653046,4.28465017369005
-0.554237937752593,18.7261373332645,18,23.8082183509238,-0.715741613958153,17.0503626866802
1.76580081546254,34.5874211225992,36,38.1058664525541,1.21990788884294,32.3257509949246
-0.894424561232406,15.0860565629027,15,19.4995750185769,-0.682913241090659,17.4006608129508
0.186149746085658,25.4827694831362,25,30.7312265154909,0.513767683211989,28.0340020983386
1.75074135320286,34.5338767852472,36,38.0663031837575,1.74802161072018,34.5563231223617
-0.777082661213801,16.3808437008807,15,21.0679842319298,-0.511808773195135,19.1683409850448
-0.339020686784307,20.8411922784061,20,26.1416146693874,-0.746219819011922,16.7220114181069
-1.69480058545898,6.75974943152679,7,8.61118801331874,-1.95074841603878,4.905979453837
1.1528580311541,31.9470451693952,32,36.1233495645685,1.11317249355243,31.7795548263821
-0.946000482079335,14.5074440685944,15,18.7877060439995,-0.994044697619845,13.9607527778983
-1.5330659127355,8.19090431298681,8,10.5987202480022,-1.3532882917385,9.96340410873641
0.0878834891758284,24.6677154544073,23,29.976352108614,0.335656229217435,26.6995745077273
-1.33206649676518,10.2078846747924,10,13.30288153938,-1.63141713956454,7.29188011656233
-0.353722718462344,20.701036626586,20,25.991572395251,-0.164613569424754,22.480243522529
0.961342542956169,30.9023416340465,31,35.3117850353489,0.782710057178562,29.8593556602844
1.01949303036373,31.2316778754939,32,35.569669571387,0.460600704582928,27.6457979745006
1.98887155404717,35.3235879058309,37,38.6493365307383,1.62324680461624,34.0943158230675
0.668430916928156,29.0778677242486,29,33.8451784672231,0.584300705077129,28.5352954399847
0.274340590882652,26.1918748257197,27,31.3721467231578,-0.0202040344026219,23.7642787646227
0.286095591770881,26.2847390131023,27,31.4550356229604,0.131761986568496,25.0589857756899
0.975883008402373,30.9856982198349,32,35.377241961875,1.04257673672481,31.3988664077657
-1.5364836712711,8.15879748043128,8,10.5548238407866,-1.65639530205655,7.07912929317041
0.712949602760814,29.3731032993162,31,34.0871351532734,0.795298983570692,29.9390223446701
0.638952128696003,28.8788434278669,29,33.6809994311205,0.897164379110119,30.5645220383288
-0.52085545568591,19.0635215212292,21,24.1899816333552,-0.298862868822947,21.2392841303795
-0.10804299553267,22.9684723503048,24,28.3350262463417,-0.232611030946389,21.8575338217916
-0.494825716793094,19.3241293865493,19,24.482491196066,-0.390012243575993,20.3691548356679
1.41463656978561,33.1972746335186,34,37.0720582694913,1.15810649775639,32.013750695094
1.07344887056814,31.5277298313943,31,35.7998555927089,1.0887342334063,31.6495460989853
-1.04192019359151,13.4231585313452,13,17.4367114063378,-0.92046229102029,14.7938936292026
0.29271344409984,26.3368457771764,26,31.5014414838317,0.452775878299697,27.5879252344795
-1.00185131058925,13.876839680694,13,18.0046294750034,-0.950581362863134,14.4537261339179
-0.29233025318155,21.2823793587706,20,26.6094897808084,-0.549760536724707,18.784636449969
0.667808270384418,29.0736929850695,28,33.8417435761668,0.185660669389287,25.5037770497192
0.0500334330416593,24.3470131357838,26,29.6737445836541,0.00642590577789462,23.9953932252042
-0.756617419921706,16.6028355133,16,21.3332390672283,-0.869274991899652,15.368188544336
-2.22447275553802,3.23322825265954,2,3.45293868646688,-1.93385085665199,5.01536210267377
0.771089170958253,29.7489796490493,29,34.392501318889,0.419802449482639,27.341994019343
-0.946191426941395,14.50529408609,15,18.7850489035644,-0.811641438081846,16.0075238191
1.43860577876344,33.302122152516,35,37.1506731949387,2.40262564081395,36.4581294651097
-0.00255162213140433,23.8953861249617,23,29.242052450907,-0.0877741028799015,23.1699254175653
0.0976993900829512,24.7502795369737,25,30.0537383043249,-0.241037007182094,21.7795445390188
2.12806689342525,35.7328369809616,37,38.9521481381303,2.4864705201162,36.6490301486265
-0.378725012340665,20.4612999238844,18,25.7333654289833,-0.510852993692299,19.1779440573776
-1.52582586509832,8.25917777431297,8,10.6919657853675,-1.52214655343736,8.27713798562228
-1.81952225232667,5.77883745467474,5,7.20912830877056,-1.83651219060644,5.67975750480244
-0.638126195837214,17.8622695977992,17,22.8156567844531,-0.814127128952981,15.9801305862588
-0.362651968027634,20.6156196770403,20,25.899799544117,-0.552646098855361,18.7552702629076
2.02425854189368,35.4310887744944,38,38.7287708236515,1.72418588565611,34.4708864405731
-0.619690495989295,18.0541046918957,19,23.0378730593952,-0.846606766875064,15.6206606619112
-0.931810443728643,14.6670735217599,14,18.9847443578485,-1.14217734358863,12.2780914695664
0.295359920830552,26.3576480290258,25,31.5199470718286,0.409370638679849,27.2635006646997
0.489242140618417,27.8251867666516,28,32.7968060293901,0.389353629632802,27.111966289396
0.666884981881465,29.0675001845569,29,33.8366475637116,0.576361595361845,28.4796605533359
-0.417540603996258,20.0855733942189,19,25.3247787844904,-0.387345019017061,20.3949514106579
2.04364506298265,35.4889649537998,37,38.7715623861195,1.87388246867355,34.9864674083502
0.763939669217073,29.7033502309228,31,34.3555885590704,1.0617852123616,31.5040053889887
0.0684917764224341,24.5038715702302,24,29.8221559096861,-0.565930642495666,18.6197205145506
0.433908913792177,27.4179395744117,27,32.4479758273054,-0.333700285237452,20.9094608561109
0.103069381498627,24.795341534074,24,30.0958855199289,-0.0830538027743028,23.2118141107228
0.952326484428208,30.8503163376373,31,35.2708669185416,1.10262900119755,31.7236938294433
0.656193748897767,28.9955898537387,29,33.7774115609504,0.866770223211658,30.3814492183644
0.858270656313859,30.2920250677037,30,34.828567157779,0.781988247854672,29.8547720411037
-0.0265540943177137,23.6869226070699,23,29.0405564563446,-0.0874035321903838,23.1732159211717
1.58246279246589,33.8997218195492,35,37.5964947750255,1.47484939458035,33.4949197157075
-1.17764362556884,11.8933180083464,12,15.4940746056962,-1.1785888371959,11.868299734553
-0.641168449311661,17.8305050970172,18,22.7787657595674,-0.656253608030246,17.6825089252009
-2.32322972898489,2.74402388998002,2,2.72669929462297,-1.90311429394439,5.21873001226643
0.147947858256034,25.1689673893196,26,30.4429577907375,0.225812395405605,25.8300321899195
0.507440050091793,27.9570465686283,27,32.9088839593556,0.686176457058709,29.2311776409702
1.2147716655265,32.2607066533414,32,36.3634895365662,0.789452629118392,29.9020895315906
0.0328582148022876,24.2002753937155,24,29.534202598484,0.0976385231779166,24.7734209701688
-0.487699759688209,19.3951027424715,21,24.5617858331839,-0.549996368355834,18.7822374325421
0.243594588120961,25.9471262765747,26,31.1525424645623,0.811540138392237,30.0410322878929
0.674534448324472,29.1187244590752,29,33.8787744958554,0.964323030327347,30.9583547870174
0.231784299108053,25.8524049562736,25,31.067101228541,0.239336869132408,25.938929371547
0.108287951852267,24.8390605764016,25,30.136716971934,0.0294211263204543,24.1935307459278
-1.02490543666337,13.6158603578312,15,17.6783949969337,-0.95699235350648,14.3811467724587
-0.377922664375432,20.4690207460157,20,25.741711597892,-0.527979524886727,19.0054213442675
-0.949022146243027,14.4734152156301,15,18.745639854891,-1.11437423973638,12.5926625266375
1.64834770256717,34.1560219337039,36,37.7866972675461,0.603026975663182,28.6657233811325
0.345178442168919,26.7454488810634,26,31.8627936831474,0.0536083026923655,24.4004966166214
-1.53307834927046,8.19078733997483,7,10.5985603763051,-1.61327743928213,7.44930652157428
1.68654660363952,34.2998396279848,35,37.8932173475324,2.0306129194624,35.4758054605336
0.455244586576586,27.5760864409438,27,32.5839232200092,0.494247382734002,27.8924946839363
-1.01961927115875,13.6757191168916,13,17.7533310515001,-0.817195475215627,15.946292663913
0.586258922850864,28.5161212391082,29,33.3795097962073,0.079973686634503,24.6244029585519
-1.37756035181059,9.73085791354081,10,12.6721115299683,-1.52157818299126,8.28249167954153
0.918090490573249,30.6503951254221,30,35.113160829219,0.631769862108061,28.8637212803082
-0.090565017611794,23.1239566205733,23,28.4891910959543,-0.103090754511798,23.0336220646403
-0.0967989772467682,23.0685861666533,23,28.4343848885128,-0.36410064527893,20.6188939150839
0.0266745754595691,24.1472611217211,25,29.4836188333309,0.104000863168344,24.8268949577003
0.380721186967736,27.0176633572384,28,32.1010709255851,0.715320566843667,29.424045973825
0.196484387013756,25.5669809885238,25,30.8080935062009,0.299300961825176,26.4155823824786
-0.706074845624912,17.1455686648943,16,21.9768897477923,-0.417781096187558,20.0993433803688
0.59635577253876,28.5863138833919,29,33.4380851607485,0.573652775784425,28.4606318569708
-0.995850747731918,13.9447240693533,13,18.089282617501,-1.13237709601775,12.3888348638173
0.868364941393727,30.3533087339226,31,34.8774101356142,0.827647401394537,30.1413454488596
0.0711896691272983,24.5267247618852,24,29.843713772525,0.137630085680508,25.107785914306
-0.341401285896934,20.8185384275689,21,26.1174085951292,-0.213831897406929,22.0306898440799
1.29405577871902,32.6458419545866,34,36.6563266313271,0.987212701236401,31.0892430133805
-0.391533783421636,20.3377948890372,20,25.5995827351805,-0.136572323294457,22.7336375313055
0.38944863970921,27.0839292278893,28,32.1587837596885,0.364228273110726,26.9200659622262
-1.9153090949041,5.09364921367134,4,6.21060664151076,-1.91823774353518,5.11794717395928
0.168748522927601,25.3403191741746,24,30.6007277439274,0.192376529957811,25.5586529915035
-1.20277698899091,11.6135103513149,11,15.1341197825217,-1.27094023549905,10.8457687237765
0.442759212068965,27.4837102855413,27,32.5045897344575,0.574110895940735,28.4638516691035
-0.654569005005188,17.6902248449475,17,22.6155241049982,-0.764044651398178,16.5286193884923
-1.25950856922261,10.9888498044059,10,14.3251621576596,-1.12834291860927,12.4344676834138
1.52789301725056,33.6792986064539,35,37.4324706180007,1.35887028284997,32.9858713580905
1.32932424360188,32.8113406335119,33,36.7815173952317,1.47432518659893,33.4927011486075
1.59816966776895,33.9617868716597,35,37.642601682208,1.1779514706545,32.1152028848789
1.3057289387181,32.7010106009462,34,36.6981004356618,1.03352789901545,31.3489306846527
0.151188282853151,25.1957377522092,24,30.4676638662638,0.0511475721911276,24.3795084133694
-0.4724233764907,19.5467214822641,19,24.7306476489015,-0.621203310558328,18.049443577046
0.113099406001429,24.879305661975,23,30.1742521246339,0.16959384292744,25.3719996511797
1.50096057901892,33.567718658758,35,37.3492630141415,1.01781860675022,31.2616192442037
1.67365280963028,34.2516804717354,35,37.8575626658535,1.6839213190828,34.3235734087468
0.827290121902315,30.101876906591,32,34.6765499008638,1.07010705161867,31.5491927330508
1.52992046913687,33.6876228700265,34,37.43867324356,1.58937422708455,33.962423796645
0.0984486828031846,24.7565717110938,23,30.0596272347066,0.153409376034551,25.2385577807443
0.406264854668391,27.2109657921774,28,32.2691082359221,0.016296957067672,24.0806098906495
1.33536209483497,32.8393202034967,33,36.8026457363868,1.40012457065623,33.171184967518
-0.040836880765745,23.5621914649021,23,28.9193090547953,0.292255135758184,26.3601032587212
0.758094134082852,29.665919448237,30,34.3252761088368,0.898023522261832,30.5696530046716
0.0866004528975644,24.656904971466,24,29.9662039551569,0.195119236920099,25.5810287653703
0.347548061401338,26.7637137588978,28,31.87884228519,0.166577236213897,25.3471806255365
0.680259564559143,29.1569385141263,29,33.9101645998164,0.990793790462357,31.1095676290884
0.0434273869722753,24.2906629660021,26,29.620238862404,-0.345769610425995,20.7944129784251
1.20621828607878,32.2180557313034,32,36.3309251319637,1.09356956331055,31.6754179057551
0.526699218227863,28.0954666197751,29,33.0260897532774,0.384974364026699,27.0786539285799
0.432254644648362,27.4056193507245,28,32.4373588376098,0.216927396802971,25.7582165806503
-0.193723383350308,22.1952658141706,22,27.5560306511092,0.00448324691249822,23.9785934477542
-0.775011393326769,16.4033679055233,15,21.094949117133,-0.499304418600948,19.2937457608757
-0.453445797842699,19.7340756645029,19,24.9382936137859,-0.1695093052214,22.4358010567653
1.60959743580015,34.0065614218126,34,37.6758440856273,1.83772576477092,34.8664270589876
1.4704444542574,33.4390171996009,34,37.2531276036708,1.63175175623446,34.1269881919221
0.733743773007399,29.508801108852,29,34.1977193100964,0.873297361601385,30.4210189806714
-0.674557009411576,17.4798871881133,18,22.3697907633799,-0.409752153929225,20.1775892321921
-1.47466291377,8.75152840881114,7,11.3605833890065,-1.51169359939835,8.37596831834705
-0.837955128076198,15.7134887322976,15,20.2639986463704,-1.00672266991348,13.8166340210118
-0.402494581728663,20.2317337536157,19,25.4842850447832,-0.522703390637732,19.0586709942786
0.574775105174067,28.4358908651062,29,33.3124198373096,0.570567730941552,28.4389317452697
0.37534347609583,26.9767178895029,26,32.0653536338582,0.149973071874052,25.2101354154735
1.0384511028133,31.3367379982402,32,35.6515298804337,0.976004860713371,31.0253654041163
0.765041613027882,29.71039387229,30,34.3612894475324,0.763547927492726,29.7370923255837
0.788124001986771,29.8570291754571,28,34.4797393749671,0.953453611570292,30.8956079748057
-0.470617403861438,19.5645982116261,19,24.7505092152112,-0.335889244567017,20.8886252909935
-1.73696269244273,6.41644170728561,5,8.12430684494102,-1.32744297952039,10.2367436283298
-1.68926518835819,6.80572951375036,7,8.67608639193256,-1.61327743928213,7.44930652157428
0.95842297217177,30.885523268967,31,35.2985627646228,0.672104275611285,29.1370586896719
-0.172787636136781,22.3858899841401,21,27.7500061903555,-0.0205267850685263,23.7614668191089
-1.17206597514778,11.9556261945096,12,15.5740313232081,-0.889910850542494,15.1373164350352
0.183520618262164,25.4612996051113,26,30.7115960495143,0.204032580603218,25.653605124005
0.764738762135571,29.7084584383487,31,34.3597230739886,0.520641794722675,28.0835499251041
0.645878106415072,28.9258558348819,29,33.7198596936234,0.389336398879413,27.1118353301516
0.797284978602646,29.9147458153073,31,34.526241519796,0.5819664264801,28.5189584475128
1.30076570242403,32.6776013780677,34,36.6803800780523,1.05184299193083,31.4497320698257
-0.358901543034878,20.6515233171275,21,25.9384052074306,-0.254293039785944,21.6564749267773
-1.05201905832797,13.308783367497,14,17.2929444603435,-1.09900625525226,12.7669942429563
0.351837231315927,26.7967322803692,28,31.9078319749059,0.924711288243093,30.7278379766417
1.08626149557369,31.5966986145225,32,35.8532642116322,1.2065533234193,32.2593116965859
-0.096249330945204,23.0734720365242,24,28.4392251630497,-0.285137329856836,21.3683248538611
-0.993592922462268,13.9702607104677,13,18.121105298797,-0.949045680261447,14.4711034701809
0.143098611571061,25.1288535081869,26,30.4058969823383,0.0881238455335903,24.6932566345213
-0.563970132904969,18.6271000669198,18,23.6955092868166,-0.57147617546407,18.5629637483344
2.05559789984704,35.5242947368682,37,38.7976944677272,1.96774836700919,35.2854189354071
0.990379767646761,31.0681347540637,32,35.4418522287038,1.15936984076176,32.0202451632773
-0.914261169870651,14.864056306186,14,19.2272151511697,-1.01648225604028,13.7056277837355
-1.48986972857855,8.6034050565245,8,11.1601201016308,-1.2967045462184,10.566233102679
-0.245188937887668,21.7219398770059,21,27.0688949538725,-0.41494338899947,20.1270200852803
-1.8744321883019,5.37915431242885,5,6.62843221687769,-1.71597730589396,6.59036230900951
-1.76360969242154,6.20570215551135,5,7.82339128328283,-1.93120983456674,5.03261162148753
-0.670457222079179,17.523136956331,17,22.4204122224659,-0.761595212047737,16.5552530993094
1.64771022151883,34.1535924347013,35,37.784896645002,1.35279347396001,32.9581705081769
0.886380627995969,30.4618653761963,30,34.9637506730498,1.15776603344528,32.0119996315564
-0.553803012165456,18.7305560646926,19,23.8132403354844,-0.574159675567917,18.5354623789811
-1.0197523358114,13.6742124361597,14,17.7514456696428,-0.78876974237883,16.2587563514007
0.570111689040726,28.403190456316,30,33.2850327258539,0.190146837702309,25.5404475029773
-0.417885341394898,20.0822167673741,21,25.3211073037137,-0.472737707291576,19.5585338608404
0.917651939832002,30.6478098129511,33,35.1111165270699,0.603161995096381,28.6666596984147
-0.120599187964712,22.8563046257018,23,28.2232977900066,-0.0950957183833515,23.1048428107705
-0.398095656527269,20.2743412784421,18,25.5306485648339,-0.549329086163986,18.7890249450258
0.836379998243786,30.1579901656291,30,34.721484951141,0.808156754780998,30.019852872975
0.0183100023787528,24.0753946742898,23,29.4149029475836,-0.116316627906685,22.9154556934337
-0.660869898607209,17.6240610114932,16,22.5383502647134,-0.833543694858724,15.7655720259395
-0.060662180061021,23.3882152451892,23,28.749327337759,-0.13428752710446,22.7541973814476
0.309508564324518,26.4685187381481,26,31.6183785992778,0.61551641642623,28.7520853761883
-0.989970034198921,14.0112289537357,13,18.1721330157108,-1.18229281988205,11.8267830964196
-0.817226503568033,15.9418728565748,16,20.5402246051902,-0.876740429737934,15.2847750927524
0.533968704529505,28.1474108512099,29,33.0699555812958,0.646866742521304,28.9666478489718
0.865436231524619,30.3355621278968,30,34.8632736502385,1.31269137335694,32.7727299473787
0.0609559823020016,24.4399383510966,25,29.7617593035333,0.364700020198855,26.9236862894044
-2.23505328980234,3.17838167286077,2,3.37144365544258,-2.11210064226126,3.9414436477697
1.85111532008607,34.8813225965687,37,38.3228691410379,2.17138690129568,35.8753031482442
-0.148509207404792,22.6055744555682,23,27.971986263203,0.232230904883132,25.8817762581136
-0.0957063850879939,23.0782976098219,21,28.4440049064609,-0.166759248706598,22.460772918142
0.643324975201293,28.908543594086,30,33.7055551637234,0.691629934644829,29.2674784558049
-1.10871883705071,12.6675042464913,12,16.4824796428979,-1.02561173757849,13.6017533614807
-0.0844843760758014,23.1778724403917,22,28.5424574629538,0.0895103398166475,24.7049528801122
-1.60305323737956,7.54934241153362,6,9.7157830117782,-1.59877795577955,7.5769083028319
1.23070006523789,32.3395561247344,33,36.4236196636265,1.27134088266816,32.5766558303133
0.735248621626735,29.5185668787827,30,34.2056627281138,0.390096317687993,27.1176101126349
0.889926255957899,30.4831067065938,31,34.9806183827112,1.88673399684876,35.0284687770629
0.498790022911394,27.8944984999851,28,32.8557716988558,1.12819653656491,31.8585560026965
-1.89856565446685,5.2093816146421,4,6.38026004353752,-2.1328471644578,3.82722441814885
-0.384658683208529,20.4041445130214,21,25.6715178767789,-0.0639114548582258,23.3811194714032
0.106445109700359,24.8236301525819,25,30.1223124085256,0.39966877301539,27.1902051023767
1.20943001598441,32.2340962679293,34,36.3431754812249,1.56255650378925,33.8559700626953
0.590329404397486,28.5444581625846,28,33.4031703364879,0.258443245965544,26.0919045107427
1.17859550549147,32.0788290664566,32,36.2244301882996,1.36549427459227,33.0159477086481
-1.86155679108909,5.47118273786453,5,6.76259342446997,-1.90179212586712,5.22760796585207
-0.720752590250317,16.9887849804673,17,21.7916778832451,-0.940926590467985,14.5629208950372
-0.658113656916072,17.6530195749543,17,22.5721417939971,-0.897341189979712,15.0539622679049
1.12256980363552,31.7893897634408,32,36.0020604286787,1.49906302668222,33.5966029224546
0.449396705167208,27.5328790673586,27,32.5468426847921,0.925791821437771,30.7341936690378
0.650095020648616,28.9544037903482,29,33.7434334459224,0.399976889769557,27.1925372130718
-0.965345957196305,14.2893813398909,14,18.5177595290729,-0.918391219231602,14.8172297522234
-0.816521610074578,15.9496193683584,15,20.5495743819117,-0.651057712663194,17.737163892573
0.226183778996457,25.8073513113675,26,31.0263723532989,0.142763787376801,25.1504041515997
0.553236958402107,28.2842851821736,29,33.1852389242882,0.905152617651345,30.6121363315435
1.41294609989479,33.1898215316391,34,37.0664649678883,2.16832620143926,35.8669951899632
0.058644171213385,24.4202958099618,23,29.7431774874731,0.367282802120751,26.9434956580352
-0.0213553799652479,23.7321963301204,22,29.0844384056645,-0.122215543751474,22.8626116231759
-0.720272793258545,16.9939208910087,15,21.7977545155539,-0.372396333154198,20.5391492548288
0.498530575113108,27.8926188285744,27,32.8541741327701,0.11621743350219,24.9292771830776
-0.944212196882542,14.5275771880207,13,18.8125840900597,-1.04849656031781,13.3413058646213
-0.149969161540482,22.5924055801386,23,27.958726902548,-0.0740905819780385,23.2912029521876
-0.668506077236942,17.5437007669194,16,22.4444641262039,-0.251796046178189,21.679692240398
1.43173584870939,33.2722293706229,33,37.1282726317225,1.26073286792385,32.5255488238104
-0.632458658594902,17.9213634488493,18,22.8842157417486,-0.818330190979067,15.9337723742366
0.268016653212639,26.1417528521927,25,31.3273098598396,0.702817361771675,29.341643010125
-0.0547479939753529,23.4402173251225,23,28.8002414319914,-0.0429450733254132,23.5655134638165
0.325306461765143,26.5916274510246,28,31.7272859774037,0.166719659808596,25.348352958779
0.887451855237081,30.4682872170589,30,34.968851161651,1.24974329051546,32.4722531738516
0.315426765645406,26.5147226932789,28,31.6593004466378,0.270454877422316,26.1875519577042
-0.0811867780221256,23.2070732225826,24,28.5712653805791,-0.364134045157471,20.618573243212
0.0212923439138343,24.1010385854216,24,29.439441743392,-0.230853618345836,21.8737769119665
-0.879038500690939,15.2577152431651,15,19.7095055827787,-0.939402271564802,14.5801483327555
0.57331300848026,28.4256459267449,28,33.3038421924811,0.662898048008197,29.0751356140303
-0.685161986606741,17.3677574913755,17,22.2383263888363,-0.502019404268073,19.2665599258468
1.91066067710031,35.0772442462298,36,38.4674623463875,1.91776422734644,35.128466553857
-0.659673391536146,17.6366352307965,17,22.5530257186625,-0.650569200252741,17.7422978409763
0.721796862760586,29.4310100887766,29,34.1343727847752,0.630574105583821,28.8555373845864
-0.0354593306581811,23.6092132000608,23,28.9650780335744,-0.662587368542879,17.615762664074
-0.313974686107276,21.0785900519462,20,26.3942123225561,-0.297009836483551,21.2567350466684
-0.0269618086493376,23.6833691127577,23,29.0371093382409,-0.0505292760096627,23.4989384318007
-1.34077840611276,10.1157211320088,11,13.181401616209,-1.45754044839919,8.90025654369209
-1.24846772809465,11.1095654553982,10,14.4820819454491,-1.32902614212607,10.2198997612977
-0.450893124564585,19.7591930098871,20,24.9660451952484,0.119337079748501,24.9553592724241
1.27668446839407,32.5630198489513,34,36.5935336919516,1.28645112380764,32.6488828683232
0.250684766806659,26.0038033152974,28,31.2035457281327,0.263192713074131,26.1297725709781
1.66569812820217,34.2217738830003,36,37.8354139151219,2.54605094921025,36.7785924788668
0.446925150046619,27.5145862484709,27,32.5311298585292,0.38078438782854,27.0467278871439
-0.105771146206026,22.9887255826589,22,28.3551542934568,0.338249253465765,26.7196836784152
0.668273555566463,29.0768127614869,30,33.8443105011166,0.876685801872032,30.4415058607382
0.203692055614897,25.6255393265486,25,30.8614232789679,-0.177210126260671,22.3657724391808
0.504250344965101,27.9340091495589,29,32.8893328259046,0.35862666578216,26.8770273231296
-0.0696736786873505,23.3088120963102,23,28.6714103821174,0.24181035000806,25.958790640613
0.187914000974533,25.4971661087291,25,30.744382180543,0.840346337696499,30.2198315586363
-0.693652937733137,17.2777160079291,16,22.1325284555173,-0.682655160257833,17.4034006110464
1.11926221991941,31.7720037832905,33,35.9886601504087,0.994851239914802,31.1325459736271
1.37505226786523,33.0207058810605,34,36.9393672323776,1.47216417605828,33.483547529245
1.16990285356845,32.034543164054,32,36.1904926546839,1.06895132787406,31.5429302726832
0.339085163937744,26.6984063425277,27,31.8214186935518,-0.0894706178992376,23.1548567631279
0.13674052712386,25.0761632154146,24,30.3571435686574,0.261138137346632,26.1133989730037
-0.282320803270909,21.376198903177,21,26.7081117843369,-0.339366903000691,20.8554958438024
-0.323999266406236,20.9837776496496,22,26.29356328613,-0.507890199667799,19.2076937332971
0.201470552410377,25.6075060428531,25,30.8450107308937,0.599130561115515,28.6386777205432
-1.16248853109705,12.06277947389,13,15.71136716745,-1.31414369670064,10.3787372320598
0.110696775027252,24.8592166170792,25,30.1555219873001,0.140142190849652,25.1286492542612
0.653963370287275,28.9805415409588,29,33.7650011760061,0.924460325574815,30.7263612712333
1.4759507959872,33.4624204271428,34,37.2706221489864,1.03327556262691,31.3475344363319
-1.35598906415286,9.95571513724665,9,12.9700625214016,-1.59878660907908,7.57683168238132
-1.14347199097511,12.2760954122409,13,15.9841394414471,-1.26595966514845,10.9001342556537
-0.0797684452588618,23.2196244998517,23,28.5836389278912,-0.206104251786214,22.1016807500555
1.15297823180351,31.9476652818239,33,36.1238258463428,1.2592894366502,32.5185690557779
0.960128278027823,30.8953500908944,32,35.3062890511504,0.365143379938014,26.9270881638616
-0.422413825072952,20.0380914795043,19,25.2728082710961,-0.491360854945397,19.3731520698424
-0.311272792857177,21.1040979909549,21,26.421237286968,-0.265104119364292,21.555763387587
-0.148253665004471,22.6078789173416,22,27.9743059426107,0.0949386392970352,24.7506973499467
1.79324977939547,34.6837161303261,36,38.1769911905985,1.45822625228321,33.4242093159312
-0.136567717268214,22.7130881449112,23,28.0800145359489,0.177505319687954,25.4369750732064
-1.77706334887959,6.10111073683103,5,7.67346710641823,-1.94965231397395,4.91302369691163
-0.105461752578868,22.9914827949853,25,28.3578933802004,-0.338725405340907,20.8616095208326
-1.34805089207989,10.039073313919,9,13.0802332706857,-1.6468373686353,7.15998844577411
1.46450257670967,33.4136732312324,34,37.2341755550728,1.05738241643556,31.4800097236716
-0.629636519585851,17.9507495368905,16,22.9182735182102,-0.889487335298415,15.1420640054718
0.273144794260037,26.1824059621425,27,31.3636816298177,0.499119762548108,27.9279273108167
-2.05633811910646,4.18211039870093,3,4.86374784807753,-2.32697937469422,2.85774958465074
0.262370557499223,26.0969072857712,26,31.2871339718731,0.64064517169825,28.9243202659286
-1.05390952935278,13.2873745460394,12,17.2660076781926,-0.962023700052153,14.3241492251153
-0.614207417597633,18.110942934334,18,23.1035198264306,-0.840227717820971,15.6914796518539
-1.20662156705009,11.5708584170197,11,15.0791216186224,-1.41292815027892,9.34699002491251
-0.304579324064166,21.1672047377886,19,26.4880000064627,0.230778366334409,25.8700763030605
1.44254049925972,33.3191861630981,33,37.1634557209352,1.28939996408336,32.6629004601279
1.3214797877482,32.7748355770105,33,36.7539353837849,1.04881678297519,31.4331501574318
2.43009426251027,36.5053158414755,39,39.5298166717668,1.95207427661234,35.2367420025348
-0.184093815672788,22.2830818480216,22,27.6455478489563,-0.443499879657823,19.8474006484783
2.30276618094582,36.1977005629734,38,39.2983715395723,1.74899118216092,34.5597709644749
-1.18454535262649,11.816320882405,11,15.3951686687613,-1.08925702009224,12.8777161357759
-1.55461551259674,7.98978765527684,7,10.3232617042073,-1.64791150336339,7.15086737056585
-0.222016939881435,21.9358879860147,21,27.2900558640042,-0.173877721059662,22.3960945393461
-0.14566065058667,22.631253320762,22,27.9978243237944,-0.29835768893834,21.244042577452
0.253214411683396,26.0239903968249,26,31.2216901602299,0.24199858863657,25.9603014407574
-2.02006583186631,4.40611029694041,4,5.19609611421467,-1.98480531874813,4.69057354255119
0.181584574407829,25.4454775309686,25,30.6971208863942,0.0698143121366693,24.5383359162093
-1.20829658915341,11.5522888564052,11,15.0551660802098,-1.12739625772183,12.4451795922414
2.31357560411309,36.2247976803102,38,39.3186681740495,1.52961906211043,33.7227230584968
-0.662242393633671,17.6096315182757,16,22.5215044252619,-1.05375681721573,13.2814418874801
-1.78722766367696,6.02288717771657,6,7.56108997655492,-1.75646859673572,6.27303276352332
-0.958207141670575,14.3699040111807,14,18.6175454332065,-1.09304562344907,12.8346786576991
0.835731883781718,30.1539981277216,30,34.7182902244578,1.02215587722372,31.2858043536439
0.608974886586397,28.6735825156307,28,33.5107540516902,0.528842855365233,28.142467816098
-0.0683526588165777,23.3204646339148,23,28.68285809092,0.0140196016659858,24.0609712495753
0.686567227426062,29.1989180601681,28,33.944611278973,1.04288493600923,31.4005626064453
-1.46920364395648,8.80506611307496,8,11.4328969470631,-1.5914199727456,7.64226127382321
-0.111491359129638,22.9377061865416,21,28.3044234292172,-0.17651824901924,22.3720702485967
-0.276645683260083,21.4292746303924,21,26.7637682728609,-0.504010173293902,19.2466109176296
0.453261822339162,27.5614484737605,28,32.5713661041195,0.443719268212941,27.5207074968407
0.0970331047815841,24.7446831850479,25,30.0484995771144,-0.0639165440538636,23.3810745806631
1.02618323582912,31.2688820378446,32,35.5986802982335,1.10684682474207,31.7460821476996
0.543615234646835,28.2160828726592,29,33.1278500076956,0.452376550475752,27.5849667427382
-0.0979400863710907,23.0584403227647,25,28.4243311312433,-0.178075466292414,22.3578939843833
-0.862063267838004,15.4465131991802,15,19.9397128985526,-0.935620838737379,14.6228696945083
-0.071398127350331,23.2935944483913,22,28.6564533459683,-0.313513748021914,21.1009817301437
-0.556358248174949,18.7045867401969,18,23.7837173591068,-0.708945320020341,17.1231731905993
1.08701985644906,31.6007648404384,33,35.856410544281,1.57160308758109,33.8920834085135
-0.536164814539948,18.909240253659,18,24.0158317262559,-0.730004932209403,16.8970695160133
-0.85966397635872,15.4731454010771,16,19.9721280741605,-0.634170264903377,17.9141755791411
-1.20271643675454,11.6141824549694,11,15.1349861615835,-1.15961905478359,12.081439903133
0.198512469499086,25.5834724555692,26,30.8231225279101,-0.0353982133537739,23.6316186818187
0.325487071056207,26.5930306869993,25,31.7285249962582,0.493836280269994,27.8895017019038
-0.436679809661925,19.8986874320773,19,25.1197954284513,-0.589898979185752,18.3736789368864
0.222995067432756,25.7816605775663,26,31.0031218433721,-0.0272857153709483,23.7025203463397
-0.168278153126661,22.4268056905202,22,27.791476363139,0.235756653149914,25.9101512731923
0.837388547978047,30.1641995817139,30,34.7264535617898,1.25991236226266,32.521581991473
0.496069474218186,27.8747779645364,28,32.839006626136,0.406537081892864,27.2421230353805
-1.88687371806332,5.2911911168385,4,6.49995513477571,-1.78833396440458,6.03153586363617
0.541928526691721,28.2040966901471,29,33.1177529614041,0.443226765128681,27.5170449595307
1.67039825258566,34.2394626431557,36,37.8485148680554,2.68820090014798,37.0684680954116
-0.261447965555647,21.5709923253002,21,26.9118944128544,-0.596347201323485,18.307159535101
0.340543523749776,26.7096754042607,26,31.8313354308185,0.0928099164670537,24.7327676104248
-0.906982018033557,14.9456058370742,14,19.3273760553834,-0.440053419151331,19.8812784266185
-0.986293590284898,14.0527925552929,14,18.2238705350113,-0.778936436599894,16.3663019496973
0.116240526783134,24.9055465214631,25,30.1986993664569,0.0722606238665834,24.5590845196955
0.572354662773752,28.4189270874673,28,33.2982154841138,0.0484390421113257,24.3563888482288
0.289807271694797,26.3139790272185,27,31.4810856908395,0.509688004979953,28.0045260968864
0.38823181706457,27.0747038321133,27,32.1507558807872,0.101133145217683,24.8028054611965
-0.941186941483274,14.5616263346868,13,18.8546403159119,-0.695845530206145,17.2630887003845
-1.09606962052633,12.8103541111493,13,16.663661878547,-1.16784919460311,11.9888661530438
-0.638816058356134,17.8550693475585,17,22.807296844575,-0.811417237145574,16.0099937504779
-0.61384296972806,18.1147173251338,18,23.1078759996099,-0.291728551297887,21.3064206895598
-0.0658242423724636,23.3427553688492,22,28.7047442689549,-0.0953838875795192,23.1022785224679
-0.297007280740301,21.2384498619178,20,26.5632060879765,-0.219852020952987,21.9752792102807
-0.568668980550074,18.5791730531822,19,23.6408628047898,-0.41471617683089,20.1292350924965
-1.16274691783959,12.0598860173598,13,15.7076614789701,-1.04944304333297,13.3305341557276
-0.609442105746524,18.1602600907334,19,23.1604075983967,-0.961105710344857,14.3345510127791
0.0567558871242306,24.404241626633,25,29.7279812094691,0.424069179838484,27.3740037815073
-0.28694532134642,21.3328858580294,20,26.6626197869883,-0.517006731086884,19.1160637685429
-0.25030399495355,21.674526012095,22,27.0196657120721,-0.0697405385114659,23.3296601911908
0.509758934598393,27.9737745505073,28,32.9230724999178,0.326303253212016,26.6268784805636
-0.546881572887901,18.8007936359459,18,23.8929890910381,-0.355947703813263,20.6970753762868
0.0355164196072609,24.223035143439,23,29.5558912665207,-0.0588624495348496,23.4256240189048
-0.655505152824195,17.6804028987308,16,22.6040749908757,-0.34518932278731,20.7999537460823
-1.05490920963821,13.2760539017557,13,17.2517605753088,-1.26677489604518,10.8912286064058
0.741865336634289,29.561418958053,30,34.2404946778151,0.716021818161387,29.4286524533358
-1.1171997185915,12.571830298509,13,16.3609254709592,-1.08062075988886,12.9758650414418
0.596808050724466,28.589450464408,29,33.4406999978202,0.538963140528744,28.2148813890901
-0.64895916626531,17.7490220681054,18,22.6840089008666,-0.839940432766617,15.694666587833
-1.15669581850342,12.1276835274469,13,15.7944501006428,-1.28421972355937,10.7013265490319
0.802309751561494,29.9462873952525,30,34.5516259224283,0.931971061205362,30.770466945021
0.504734655716788,27.9375090997748,28,32.8923039439344,0.757858520212535,29.700559077415
1.12287117215778,31.7909722127674,32,36.0032798589241,1.53952906883901,33.7631062454453
-0.332816550325118,20.9001577265106,21,26.2045374045389,-0.0162125684933799,23.7990326742552
2.12150324667288,35.7143426555928,38,38.9384343575673,1.58810146794749,33.957412400143
0.0758772169142287,24.5663871481075,23,29.8810892446396,-0.0527863547226184,23.4790979195784
1.60902120571768,34.0043113854752,35,37.6741739540821,2.41147289033577,36.4787599809323
-0.613469609455629,18.1185835621068,17,23.1123377676727,-0.76382299912052,16.5310302582808
-1.90489757907446,5.16541876117202,4,6.31585854204055,-2.0243974646946,4.44835957224951
-0.803027500663288,16.0976543534164,14,20.7279987868694,-0.950408396087256,14.4556835384069
0.601499382126585,28.6219465624785,28,33.4677774807516,0.478355817317924,27.7764153117243
0.837937479259375,30.1675778427281,31,34.7291564362345,0.98741530766968,31.090394016363
0.194499020048634,25.550825948753,25,30.7933634248704,0.0954298001056698,24.7548326184364
1.65065362766398,34.1648019109771,35,37.7932042012738,2.06998326438495,35.5911890223911
-1.02379425437762,13.6284436302959,12,17.6941531928918,-1.01678160868026,13.7022222425435
0.974516209315236,30.977891396008,30,35.3711169213661,0.903935565953481,30.6048954871273
-1.56730261422157,7.8728617743141,7,10.162568005818,-1.90528551358611,5.20417442833162
0.467755126170567,27.6681673161074,28,32.6627932026346,0.568040109820553,28.4211299006026
-0.810683575987737,16.0137256214565,17,20.6268989063511,-0.948850439215021,14.4733125261364
-0.916418049093718,14.8398742851872,14,19.1974893599559,-1.04453499877766,13.3863925473989
-0.366902313011767,20.5748824320646,19,25.8559431755221,-0.412370397869524,20.1520942496215
0.310700263929637,26.4778306210467,26,31.6266305684761,0.443405404307108,27.5183735093695
-0.923864920887939,14.7563216725744,13,19.0946948815009,-0.719432795417153,17.0107551913198
1.9190078251133,35.104122357516,37,38.487300032878,1.46589105712545,33.456905205521
0.170831607643829,25.3574150198272,25,30.616420768204,0.108281942062906,24.8628172350238
0.446089367158003,27.5083960910775,29,32.5258108702191,-0.145294883471445,22.6550272569576
-0.507471921285062,19.1977836296046,20,24.3409419087417,-0.659989091624297,17.6431599894516
0.111529437844471,24.8661804529175,24,30.1620161578435,0.00394755977064221,23.9739592522833
-0.0727734347667207,23.2814525566167,22,28.6445137950842,0.129114520532159,25.036939301717
0.235945024551157,25.8858194731778,25,31.0972710145777,0.284962510003155,26.3025316108011
-0.00685971288455821,23.858076391946,24,29.2060944219422,0.392608117781377,27.1366855155473
1.45537984595946,33.374580244426,35,37.2049281604384,1.36695737379068,33.0225742646934
0.917266505384572,30.6455371173701,30,35.1093193185376,0.798844784589714,29.9613673049247
0.610328394360489,28.6829125182958,29,33.5185129737345,0.449881639368005,27.5664716660959
1.60382031857793,33.9839664303385,36,37.6590706923796,1.5571284689934,33.8342020671263
-1.27595089195064,10.8099311331348,12,14.0920535869032,-1.35360728030142,9.96005280893172
-0.775640170956305,16.3965315350489,15,21.0867661547275,-0.788624573853401,16.2603461183072
0.597100815703494,28.5914804611641,29,33.4423922023259,0.557494088458463,28.3466354065638
2.05559789984704,35.5242947368682,37,38.7976944677272,2.42355531335011,36.5067464159898
1.22173975344687,32.2952925185884,32,36.3898759932269,1.71475480096631,34.4367206342679
0.120246733306447,24.9389765821837,25,30.2298139924792,-0.424745866254625,20.0313126958934
-0.434477756258184,19.9202449390403,19,25.1434992352912,-0.504934987875352,19.2373392726908
0.046611574103755,24.3178382937841,25,29.6460550291188,-0.251085376396762,21.6862971387366
0.109220159176651,24.846862710219,24,30.1439976181549,-0.0557794870887906,23.4527677147474
0.864571540059136,30.3303171973123,31,34.8590945011034,1.00685168876364,31.2001978328838
-0.87308001925939,15.3240581905,15,19.7904818312149,-0.915701914672168,14.8475204793372
0.99790921971847,31.1106882604956,32,35.4751559301718,0.870169774540907,30.4020758823239
1.0691160074672,31.5042913212547,31,35.7816867331449,1.13725576043846,31.9058536164294
-0.112016177469117,22.9330211916448,24,28.2997604685794,0.336107338695296,26.703074317822
1.40201721781152,33.1414499776474,34,37.03014749112,0.920957412092438,30.7057281474703
1.54515267668146,33.7498280058455,34,37.4850027858213,1.61205446306421,34.0510492924163
-0.110208053450392,22.9491592352725,22,28.3158194515119,-0.025563389486782,23.7175520367082
0.999065648287872,31.1172080331014,32,35.4802556388823,0.998190005739171,31.1514145272416
-0.163422743474864,22.4708031667002,21,27.8360051736757,-0.0983155353472382,23.0761793855563
-0.746238489898945,16.7149353017536,16,21.4667549368095,-0.493557195569557,19.3512167984326
-0.1491984424975,22.5993581749446,21,27.9657280171053,-0.13251992406097,22.7700943071852
-0.726127864082211,16.9311964048837,15,21.7234975059724,-0.481842006669015,19.4680424503193
1.94712202006352,35.1936108042566,37,38.5533562798108,0.698664084723575,29.3141575180599
-1.19109385242027,11.7433739958414,10,15.3013634069493,-0.896562623416315,15.0627016120241
0.180500386464207,25.4366126888543,25,30.6890074909749,0.440133013768407,27.4940210749342
-0.0411195439138125,23.5597178408969,26,28.916899299479,0.147984269395549,25.1936713028554
0.230593052034655,25.8428292313233,26,31.0584495202647,0.0804952471877912,24.6288142991202
0.140381821105081,25.1063522792848,24,30.3850871961538,0.143626407759637,25.1575584933675
0.208526966001043,25.6647402830127,26,30.8970686708555,0.544288699837212,28.252857291894
-1.38212898698979,9.683554988638,8,12.6092872380495,-1.68476787121408,6.84310669910538
-0.674948842832063,17.4757507497769,19,22.3649467741711,-0.498849704460901,19.2982966327463
0.412299685656625,27.2563471854375,27,32.308419735784,0.686771767343503,29.2351450155992
0.160581278214839,25.2731777364641,25,30.539012065352,0.048718783295608,24.3587775367889
-0.360481999381435,20.6363980705181,19,25.9221470439237,-0.628660956680912,17.9717162583195
-0.0348923427492241,23.6141667851799,23,28.9698953722325,-0.022590802899202,23.7434780429048
0.980587459040045,31.0125234807071,32,35.3982799625214,0.695330922855942,29.2920585956605
-0.32846277329061,20.9414739172873,21,26.2485548738112,-0.0876566194036666,23.170968655706
1.44940088712622,33.3488392448381,34,37.1856607117363,1.01362939710957,31.2382025969975
-0.0735366237811748,23.2747127222319,23,28.6378841328434,-0.339523031272702,20.8540077179194
-0.284375716216663,21.3569596605094,21,26.6879127557902,-0.339978221319764,20.8496687169937
0.134781083493921,25.059903358497,25,30.342081734058,0.487047984189152,27.8400042165179
-1.24775904928172,11.1173289463184,10,14.4921640297455,-1.16856883443123,11.9807787593813
-1.09735306748677,12.7958524337773,11,16.6452856891773,-1.01696674779823,13.7001160167529
0.513521915117435,28.0008841006821,28,32.9460523873134,0.486277757482423,27.8343789792582
-0.877506834633771,15.2747764868148,16,19.7303384982099,-0.969917316550631,14.2346650075793
1.55042229250886,33.7712109410672,35,37.5009200428862,1.08097499054879,31.6078761717428
-0.474437277573201,19.526774701937,18,24.708474145169,-0.552389249859773,18.7578853087558
-0.21133610201065,22.0340420937825,23,27.3909829800009,-0.176515183335512,22.3720981512797
1.41241256266345,33.1874676142117,33,37.0646982939788,1.8558175812273,34.9268396409571
1.23099516242374,32.3410098723247,32,36.4247274093443,1.41368528335201,33.2310658961284
0.542784526232236,28.2101807680873,28,33.1228785523352,0.803362419723106,29.989776735866
-1.13117875250064,12.4143419008083,11,16.1604732494277,-1.25974768536455,10.9680827136455
-1.0939830105047,12.8339340429747,13,16.6935336858528,-1.48882091923026,8.59492851081767
0.0219023497817489,24.10628099711,23,29.4444556250554,-0.121997554476246,22.864565970826
-1.53809512138028,8.14368666672248,7,10.5341541145886,-1.08165717543566,12.9640835235606
1.36238277016877,32.9632823742081,33,36.8961296644765,0.9011805549236,30.588486698388
-0.269834086280181,21.4928671573405,21,26.830323303983,-0.19492655127481,22.204096192327
0.567307985829354,28.3834972540978,28,33.2685274408177,0.760622412342749,29.7183200628173
-1.96715181170835,4.74567590936699,4,5.69841585973918,-2.19712119035867,3.48660460459545
-2.20985777799902,3.30993885136585,3,3.56694946741725,-2.59567502919258,1.80833026180746
-0.967465005716662,14.2654682614637,13,18.4881023436991,-0.663305055587509,17.6081910915037
1.37196057595316,33.006734020281,34,36.928850854016,1.4141376895368,33.2330548812139
1.32935862524826,32.8115002498632,33,36.7816379567342,1.22149242055315,32.3335984990035
2.057837984296,35.5308860633765,37,38.802570770896,1.62868715141877,34.115235677985
-2.88522585006654,0.949222766919722,0,0,-2.80321793598274,1.23092980214841
1.17725822495057,32.0720308817686,31,36.219222543341,0.920332627992197,30.7020437979275
0.108538646827649,24.8411589987886,24,30.1386753210495,-0.0432249127527656,23.563059541397
-1.1252259076642,12.4813725145288,12,16.2458454350283,-1.08165284355892,12.9641327648822
0.518474961607726,28.0364994996439,28,32.9762157408194,0.507357436930128,27.9876641428257
-0.547872787853937,18.7907444673729,18,23.8815881106562,-0.34518458015264,20.7999990263495
0.863067206372931,30.32118664348,31,34.8518180170697,1.32163566180629,32.814489357525
0.155706694836712,25.2330190907668,25,30.5020347687636,0.531513249997101,28.1616066681177
0.236802551388497,25.8927002044091,26,31.1034796625288,0.119826489793931,24.9594487199247
-0.525441031419629,19.0173886184273,19,24.1379834922673,-0.311550260627373,21.1195506998128
-0.12231961226685,22.8409051506799,22,28.2079249619556,-0.147856433793657,22.6319056836294
-0.731812190817366,16.8701976470767,15,21.6511929369964,-0.606128771041214,18.2059881596173
-0.630369841133945,17.943116209962,19,22.9094289229084,-0.595848669950216,18.3123073038855
-0.282523194134099,21.3743045025122,21,26.7061234515414,0.0459787772889781,24.3353722675728
1.48623645282784,33.5059236651359,34,37.3031263042211,2.13716618721836,35.7814803948284
-0.144472567224995,22.641957554296,22,28.008588187509,-0.332966983876984,20.9164377931685
0.215276072720826,25.7193535461816,26,30.9466547053285,0.347425158243223,26.7906859455354
-1.97484307554969,4.69535637970171,4,5.62411671196182,-2.22956716626038,3.32210707075376
0.540203510865442,28.1918289809021,28,33.1074152656556,0.692493807336565,29.27321987481
-0.344965911040754,20.7845880916417,23,26.0810989209323,-0.16431717415969,22.4829322012154
0.912267883520206,30.6160197188677,32,35.0859686085034,1.34768413956466,32.9347989055798
0.158816272260461,25.2586443316513,25,30.5256355248094,0.206682456062161,25.6751398277962
-1.28721862301045,10.6879426232377,10,13.9327504518982,-1.40458581529541,9.43193622646153
-0.0639154017976506,23.3595733516893,22,28.7212459636927,-0.195303913943226,22.2006438039684
-0.129342778893355,22.7779647156143,25,28.1450087614719,-0.256313067536536,21.6376805306142
-0.525495850591959,19.016836707795,18,24.1373610198349,-0.440763494799085,19.8743015307319
-0.756220165875189,16.6071321866469,18,21.3383619694276,-0.411626247991753,20.159342429657
-0.00146578414627934,23.9047825409656,23,29.2511012768543,-0.423789005345079,20.0406677551748
0.299488215087695,26.3900576276993,26,31.5487549984597,0.00204243385075809,23.9574722962814
-1.03316656418178,13.5223019688029,12,17.5611400207092,-1.17203932448598,11.9417938518031
-0.143488542659907,22.6508206250247,22,28.0174976360403,-0.187407519605952,22.2728103730402
0.229669086956508,25.8353993025994,26,31.0517347537514,0.56540418124827,28.402543554832
-0.297082782057325,21.2377402290986,19,26.5624578737621,-0.0459343850376051,23.5392900059279
-1.35415697064078,9.97492518012069,9,12.9954650741897,-1.36394255957727,9.85177432303632
-0.0252886892492799,23.6979487852803,22,29.0512499044031,-0.309247719034864,21.1413127481179
0.779125984278964,29.8000735977047,29,34.4337838488245,0.757642649353954,29.6991708186072
-1.6144728523543,7.44786948579112,7,9.57497406387782,-1.90114080040713,5.2319854039401
1.53780079355295,33.7198781297338,35,37.4627011414989,1.74568590933729,34.5480084729277
0.0561270209973359,24.3988929783584,23,29.7229165747641,0.0200277507173703,24.1127539576367
-0.964670654009807,14.2970009691177,14,18.5272071999669,-1.24920731161803,11.0837244560474
-0.442617476809313,19.8404869586266,20,25.0557243376663,-0.614418417318314,18.1199969736169
-1.92957582443282,4.99634102125842,5,6.06767956552982,-1.80031052576964,5.94260575238817
-0.725920016654154,16.9334248974095,15,21.726137351264,-0.422757475252075,20.0507497671751
-1.03023150773733,13.555543142932,14,17.6028188406094,-0.862608033008644,15.4425714915848
0.464029492669463,27.6407961851823,29,32.6393708194278,0.380477931226018,27.0443907498469
-0.738200747817979,16.8015209303126,17,21.5696812650202,-0.344771844433593,20.8039393758568
0.0636201039429041,24.4625572987857,24,29.7831417313204,0.347556005732122,26.7916966477187
-0.0304227708093293,23.6531878593579,23,29.007814756551,0.0711015748156164,24.5492558580217
-0.335327350047344,20.8763072866744,20,26.1791007639583,-0.437718409817081,19.9042104162043
-0.237584777271121,21.792301530132,20,27.1418055419836,-0.177414883089855,22.363908409332
-0.893885809363648,15.09207546,14,19.5069457653369,-1.1328528412153,12.3834551666057
-0.522745936110636,19.044510580682,18,24.1685615554995,-0.770264179508254,16.4609095418897
0.35812499561108,26.8450379109487,28,31.9501918000772,0.177790492812359,25.4393140033288
-0.104776492118507,22.9975887613264,22,28.3639582829881,-0.470376521450192,19.5819603472827
-0.24832942918645,21.6928372114903,21,27.0386873369108,-0.143550575162226,22.6707626853919
0.197144264717326,25.5723480587198,25,30.8129854963284,0.176702846547882,25.4303921825378
0.120672653945918,24.9425282167962,24,30.2331176336817,-0.392527061391027,20.344813315705
-0.0223000653405428,23.7239744326674,24,29.0764742828645,0.101527674749465,24.8061208678584
1.40340537392793,33.1476120144993,35,37.0347755374011,0.925343923423394,30.7315595957009
-1.10007095185028,12.7651483437275,13,16.6063656002357,-0.965500154326612,14.2847481286603
-1.38018922732853,9.70362503400988,8,12.6359490196338,-1.47453802201065,8.73351250133538
-0.0237160337719396,23.7116466276368,25,29.0645288068343,-0.0170709159152928,23.7915623543079
-0.00684519407693931,23.8582022087471,23,29.2062157569409,-0.0897501231817941,23.1523734774363
-0.267803545387839,21.5118005701561,21,26.850111430116,-0.137880699834028,22.7218581737489
0.543935351151691,28.2183566876514,30,33.1297650673594,0.549285628194489,28.2884080747943
-1.21252371755372,11.5054625968181,10,14.9947291668528,-0.733029413715171,16.8644802476094
-1.99222234209797,4.58286823633414,4,5.45783784626205,-1.71648895563234,6.58627836420141
0.138391982166909,25.0898593922529,26,30.3698244344074,-0.0978164621752915,23.0806239161385
0.269424274225376,26.1529191514748,26,31.3373047523878,0.6664156858122,29.0988285693911
0.149503032156513,25.1818187710487,24,30.4548208635896,0.0413772890149025,24.2960232227594
-0.000693614326216125,23.911462791515,23,29.2575326616468,-0.523119745032113,19.0544721917364
-0.464212628741138,19.6279162814795,21,24.820775091798,-0.83722957354278,15.7247284367331
-0.620323423213363,18.0475372997199,16,23.0302821557644,-0.429172550024486,19.9879980056003
0.604803396666236,28.6447906435617,27,33.4867980415808,0.893081523562127,30.5401054872912
-1.69055875843806,6.79496543317826,7,8.66090001054419,-1.69150711676313,6.78792263827999
1.68184431328814,34.2823214981348,35,37.8802494399618,2.09021553571953,35.649360646783
1.02733762685615,31.2752873488673,31,35.6036725177039,1.54755997671085,33.7956468136679
-0.489294928175103,19.3792288870741,18,24.544064604905,-0.520262728278285,19.0832730345542
-0.581103412288247,18.4519971218797,18,23.4955331709632,-0.833528664101677,15.7657385104481
-0.968740195184033,14.2510756234681,15,18.4702473182322,-1.10700181523267,12.6762599669484
-0.313493558563605,21.0831337065289,21,26.3990278541946,-0.0328221903335831,23.6541503884696
0.445201487275147,27.5018177328504,28,32.5201572705583,-0.0800463140517507,23.23847420125
0.542137119386126,28.2055794910817,30,33.1190022416482,0.712865788915218,29.4079079988874
-0.904851530728194,14.9694557141791,13,19.3566444234089,-1.03768956963294,13.4643021779351
-1.2393449698418,11.2096392595513,11,14.6119531412393,-1.49730345771198,8.51329542949716
1.66074311865829,34.2030692079618,36,37.8215583019197,2.25825146144142,36.1044212846181
-1.87593871201182,5.36845279446212,4,6.61281432386912,-1.839468553255,5.65868180607749
-0.266868867953684,21.5205121728821,21,26.859212090591,-0.260693027544598,21.5968924397612
-0.956668047281483,14.3872563936222,14,18.6390330041487,-0.785941795777178,16.2897145524591
-0.30379393468493,21.1746015805003,20,26.4958163045769,-0.241036522953104,21.7795490262514
0.77662446866248,29.7841927550033,29,34.4209582983326,0.637575670167243,28.9033911263938
0.196243664984951,25.5650227953304,26,30.8063084394058,0.614861832437437,28.7475715375363
1.01729432366486,31.2194201208974,32,35.5601059860698,0.719387319013969,29.4507378290922
-0.854726688356721,15.5279070441258,15,20.0387351024874,-1.03346372941845,13.512396586885
0.666748413459552,29.0665839410613,29,33.8358935221426,0.507518847647712,27.9888325180919
-1.76510832037615,6.19399183514995,7,7.80662441201755,-1.64007678323976,7.21759411008615
-0.00553224445664629,23.8695777532212,23,29.2171839467247,-0.00867840598480821,23.8645245637765
1.26543653574737,32.5089283044059,33,36.5524707793603,1.7241964972178,34.4709247670106
0.162129183112521,25.2859165895119,26,30.5507317448448,0.227894279666614,25.8468281770421
-0.455309793959771,19.715722169264,19,24.9180023206396,-0.409170269502372,20.1832525348268
-0.53144518453659,18.9568826747924,17,24.0696867122411,-0.476050612762977,19.5256355545153
-0.933856675757992,14.6440730826122,15,18.9563838360301,-1.11488835023835,12.5868354597613
-0.184034140561982,22.2836253222918,21,27.6461010143323,-0.129361328437482,22.7984817114995
-0.376781262887056,20.4800010520725,20,25.7535777673731,-0.450376205517098,19.779699927379
-0.543452710579465,18.8355317651378,19,23.9323769740259,-0.666520911348169,17.5742427952498
-0.285823230825808,21.3434005134815,20,26.6736694227004,-0.143215317177082,22.6737861805327
-1.53527480353963,8.17014472563353,8,10.5703411536554,-1.66654671712946,6.99399518049091
0.173435298833712,25.3787669712582,24,30.6360085536573,0.350485968619506,26.8143153343533
0.62972643707516,28.8159808845687,30,33.6289607801378,0.754564999178888,29.6793619078971
1.4048582539004,33.1540557384727,33,37.0396146533712,1.49125188615227,33.5639700646755
-1.18552504608061,11.8054006951893,12,15.3811322990105,-1.10768429790988,12.6685183975618
0.400054053449441,27.1641461372474,26,32.228495895184,0.676771192126026,29.1683439639068
0.310189972905983,26.4738437358029,26,31.6230977723403,0.538351603954859,28.2105148534115
-0.326763655219029,20.9575840375324,21,26.2657022917133,-0.342564686700835,20.8250028058426
1.11670709703086,31.7585501052106,32,35.978287300302,1.20544978321643,32.2537975240791
0.766359634363559,29.718813498153,29,34.3681026671373,0.601444876428623,28.6547476528403
-0.146253722836503,22.6259086227409,21,27.992448369933,-0.211310274361758,22.0538718266994
0.714445047981706,29.3829090882546,30,34.0951392645708,0.187666115859811,25.5201765280913
-1.82632980792083,5.72825297499695,6,7.13592344367693,-1.87660575227027,5.39881699598701
0.323387947109742,26.5767157574865,25,31.7141161049665,0.0618970526133149,24.4710799401244
0.320147802587822,26.5515072931429,26,31.6918386660219,0.555009612339306,28.3290341741151
2.26892778545979,36.1116558055059,38,39.2340198018608,1.87638522227918,34.9946740635014
-0.356523989125117,20.6742637571252,19,25.9628342256787,-0.297728896180819,21.2499644093962
-0.0625504746451027,23.3715935943709,23,28.7330343247093,-0.284329106570192,21.3759076005468
0.579041383960449,28.465745828242,28,33.3374023239855,0.686036265665821,29.2302431838578
1.4917860050182,33.5292806105711,35,37.3205695176406,1.85515296918716,34.924632724783
0.872594520900995,30.3788890318149,30,34.8977759667769,0.306270713914069,26.4703226010467
-0.477933968175739,19.492111860291,20,24.6699116038217,-0.451938855293104,19.7642947078319
-1.83773546191939,5.64416389696328,5,7.01404258583658,-1.61975379465329,7.39281888028089
0.303512875538711,26.4216063136446,26,31.5767702471949,-0.0973110826225432,23.0851239783151
0.496527994406093,27.8781032745397,29,32.8418342382584,0.543470578032359,28.247029203947
-0.605282265186615,18.2032498398208,16,23.2099415133369,-0.611742614974239,18.1477791158814
-0.237191068376641,21.7959404807995,19,27.145571604001,-0.543901876899296,18.8441756035161
-0.192907613835405,22.2027142163352,23,27.5636337817319,-0.325460619423462,20.9877708093966
-0.0891769447395245,23.1362724595977,23,28.5013672716313,0.201518956044256,25.6331599861677
-0.079942071661237,23.2180882927322,22,28.5821247600608,0.198801318612082,25.6110360990563
-0.943943319242704,14.5306039191915,13,18.8163234879783,-0.8510694077106,15.5710561831969
-1.28916573426568,10.6669157691912,9,13.9052613667293,-1.00786300400741,13.8036662381402
1.34964760406454,32.9051118046382,33,36.8522863586378,0.639616925856728,28.9173126576056
0.152445404280974,25.2061157347522,25,30.4772358355246,0.325395750046182,26.6198113765499
0.122626267939642,24.9588127291681,24,30.248260165547,0.110907230779536,24.8848222754623
1.33354828320769,32.8309257392058,33,36.7963078828441,1.21991175875642,32.3257701701203
0.236661704578376,25.8915702012584,27,31.1024601256701,0.559989513208754,28.3642944480407
-0.273682873219288,21.4569501681051,20,26.7927504684998,-0.190628276228783,22.2433944098319
0.13995028129238,25.1027763337576,25,30.3817786577457,0.144963182012325,25.1686414487559
-0.510675380899864,19.1656985368035,19,24.3049169340015,-0.779487859508648,16.360278712492
-1.45916190117586,8.90403530234568,9,11.5663797013955,-1.4892785982859,8.59051112820575
-1.30034487361961,10.5465051846198,9,13.7476710577749,-1.27021796529625,10.8536463307651
-0.609445532211624,18.1602246564967,17,23.1603667489178,-0.71187852732076,17.0917674072833
-0.364062095642864,20.6021100039188,20,25.885261756677,-0.397450574895226,20.2971039747499
-1.01407173793403,13.7385279862771,13,17.8318898440091,-1.03789100126201,13.4620096434163
0.582495505062339,28.4898748905741,28,33.3575784319706,0.851220823054165,30.2866209494658
1.10138425508006,31.6774492942667,31,35.9156949730115,1.02482247155595,31.3006437327244
-0.089824382405773,23.1305285877289,23,28.4956891767324,-0.36987325678618,20.5634238710891
-0.504251111053745,19.230009849135,18,24.377093224924,-0.265806553484532,21.5492091486453
-0.372621780608133,20.5199840536118,21,25.796751884386,-0.347645838109726,20.7764917037693
0.662601801763134,29.0387354294188,30,33.8129662510168,0.356025330770875,26.8570091038659
0.246220079067517,25.9681302401555,27,31.1714543140079,0.620240714515525,28.7846219063616
1.58654772242741,33.9159219486519,35,37.6085326626565,1.66834970188786,34.2655795376457
-0.462590875370897,19.6439291297437,19,24.8385246100056,0.0203972968914824,24.1159360143985
-0.0554066363550023,23.4344303371108,23,28.7945799975407,0.389960984192413,27.1165818113981
-0.270967556227637,21.4822936215295,19,26.819266990954,-0.452146930099474,19.7622428588206
-0.724035290780689,16.9536262731224,17,21.7500622132903,-0.217147424379893,22.0001844672735
-0.177895718671797,22.3394814585512,22,27.7028983007589,0.498794880829889,27.9255670309778
-0.377236673072217,20.4756204407415,22,25.7488442300941,-0.556012011150372,18.7209809830738
-1.94417027435468,4.89802269541726,4,5.9230217881136,-1.9833768567324,4.69947524421887
0.410130260639016,27.2400459963623,28,32.294304900167,0.703338712726045,29.3450892147429
-1.68849601670676,6.81213544825087,6,8.68512223962645,-1.47580395250912,8.72117261642837
1.38414164217854,33.0616295075677,35,36.9701555743765,0.973242186279728,31.0095576478605
-0.228417575957287,21.8769283272213,19,27.2292684480413,-0.366942932864405,20.5915937627589
0.67970398502811,29.1532347765945,28,33.9071236330463,0.853534317182288,30.3007800267503
-0.766970626127505,16.4906878823855,17,21.199375870674,-0.821742108232076,15.896104542963
0.357772872550721,26.8423358261155,26,31.9478239250369,0.420578263918088,27.3478184213543
0.436270643367618,27.4355141395522,26,32.4631141857058,0.273682807553445,26.2131863283384
-0.240751397994132,21.7630187530198,21,27.1114830189047,-0.475420514279503,19.5318952941527
1.31696393590624,32.7537415908899,33,36.7379892623773,0.877260565119783,30.4449772135052
0.117876705555301,24.9192048361303,25,30.2114157923486,-0.478880958399746,19.4975020359778
0.627184018499509,28.7986090524855,29,33.6145645513822,0.220812461462463,25.7896454839818
-0.0569619489790646,23.4207607105645,22,28.78120249382,-0.333015153835498,20.9159795297716
0.86527162896965,30.3345638900387,29,34.8624782977975,0.911917610292623,30.652296531553
1.43351791880434,33.2799957650932,34,37.1340934813394,1.73595790796507,34.5132447635018
-0.393667659320797,20.317173840851,19,25.5771954890935,-0.268709826300745,21.5221055955842
-0.57516866003312,18.512759224249,19,23.5650271046767,-0.660554966891873,17.6371950855202
1.00511497311889,31.1512442717945,32,35.5068661491514,1.09403505534432,31.6779046861032
0.76492917340454,29.7096753374405,29,34.3607079363416,0.722479742757865,29.4709984955824
0.865427858254263,30.3355113500271,31,34.8632331931123,1.05305897696855,31.4563867948493
0.156134583291593,25.2365467522518,27,30.5052848920543,0.239083516616621,25.9368940710996
1.49447738783274,33.5405791877524,35,37.3290053546433,1.22111617901843,32.3317358185293
1.46401057612829,33.4115705160715,34,37.2326028414692,1.76643054392985,34.6214224124643
-0.905205034003055,14.9654989839087,16,19.3517895286942,-0.977056770038775,14.1536705665664
0.832742800720349,30.1355693414871,30,34.703538037118,0.495853261770929,27.9041810434793
-0.723175980062156,16.9628330437427,17,21.7609627049278,-0.791583933893768,16.2279254278923
0.0777105943570792,24.581884310581,24,29.8956794845032,0.119336606804164,24.9553553202587
1.43896023344945,33.3036610415921,33,37.1518261028371,1.71335000569094,34.4316138684763
-1.18126375509539,11.8529166393495,10,15.4421911709645,-1.06093253410946,13.1997892181172
0.21768128575786,25.7387859173908,27,30.9642776472028,0.233235027968355,25.8898608883163
-0.134394115451415,22.7326197210699,23,28.0995967851151,0.190516360430157,25.5434655958301
-1.34471299681667,10.0742198971806,11,13.1266394705017,-1.34002522942081,10.103233343812
-1.51650175021732,8.34762098380873,7,10.8125626078185,-1.2865343390045,10.6762283574656
0.315910721682264,26.5184964847959,27,31.6626402704353,0.381242670436575,27.0502223767803
-1.70040455927529,6.71341529848937,6,8.54571606553615,-1.66932618762408,6.97081913555897
-1.17455496751864,11.92781263279,12,15.5383485894589,-1.12242121976332,12.5014966907748
1.12195111683948,31.7861402440075,32,35.9995562312729,0.803210754052375,29.9888240645854
1.05126358304725,31.4071026593374,31,35.706248687266,1.82747804710923,34.8318956775523
1.06775526041724,31.4969183556908,31,35.7759694885259,1.40566598616436,33.1957158724244
0.00313696077051468,23.9445799518303,24,29.289394603538,0.110429421414612,24.880818637817
-0.526927697887259,19.0024176996863,18,24.1210952542685,-0.561981622871452,18.6600754363409
0.0997633100440895,24.7676077294883,24,30.0699530448034,0.098895695556339,24.7839955380669
-1.72964217691902,6.47517730711311,6,8.20789793511668,-1.72627523532172,6.50853253512915
-0.0574270999535916,23.4166713350885,23,28.7771992932673,0.0806664211925344,24.6302619301821
0.150274719298663,25.1881933057988,25,30.4607033462242,0.676616871941426,29.1673105932907
0.754232737264009,29.6411327771378,29,34.3051872105913,0.700146344679759,29.3239732655425
-0.762166728789383,16.5427646121718,15,21.2615722885307,-0.203902614310256,22.1218783986697
-0.629042998916741,17.956926340509,19,22.9254293098552,-0.685989574028482,17.3679853130308
-0.706346079313002,17.1426776687741,17,21.9734799969887,-0.706070087858681,17.153930978768
-1.34266501714568,10.0958119194099,9,13.1551354533687,-1.36598533385954,9.83044360946034
-0.663785667551078,17.5933991739531,16,22.5025473497188,-0.549761350149641,18.7846281756482
1.08604462274104,31.5955354453316,31,35.8523641324776,1.04293223215127,31.4008228776978
0.190491714287769,25.5181854270219,26,30.7635788168084,-0.0551258528064059,23.4585195519682
0.345022658048793,26.7442475269481,25,31.8617377934445,0.961336493012682,30.9411522603244
1.5728198197426,33.8613150039459,34,37.5679466487887,1.93079369515699,35.1698656887909
2.0559536835035,35.5253422384717,37,38.7984693951754,2.13671616257919,35.7802328029446
1.17972161806673,32.0845495983739,33,36.2288117547981,1.74864319513647,34.5585337520529
1.34609892666204,32.8888218353795,33,36.8400006723185,1.73596858703958,34.513283044621
-1.35849691443387,9.92944769413798,10,12.9353144090628,-1.33971779515679,10.1064856919723
-0.371477763654817,20.5309723119076,20,25.8086076122919,-0.601554421732315,18.2533407916035
0.505691824382193,27.9444240758993,28,32.8981732232605,0.55022078165967,28.2950524540762
-0.481621358516797,19.4555176758899,19,24.6291589736847,-0.52814654015223,19.0037342613224
0.513385053300755,27.9998988884336,28,32.9452175623422,0.679149268895183,29.1842584086472
-0.555627906574279,18.7120114958926,20,23.7921601554956,-0.640990654018785,17.8428004748783
0.942664241374987,30.7942739941408,31,35.2267334964175,1.1153632839486,31.7911184389717
-0.178363650279839,22.3352268804562,21,27.6985758571692,-0.265362664473734,21.5533511186943
1.0837329923885,31.5831282740057,32,35.8427618454214,1.24554384425096,32.45179281606
-0.0782110078437973,23.2334010091741,22,28.5972142260603,-0.0506955374708137,23.4974773672777
0.0177468701114503,24.0705500081436,23,29.4102646778022,0.0194045810554547,24.1073872419598
-1.25439244114388,11.0447317189215,10,14.3978393346386,-1.19105278828535,11.7287369848005
0.382067474676611,27.0279003495985,26,32.1099940142523,0.092667130007126,24.731564533554
-0.0202055728802543,23.7422004538653,24,29.0941258748502,-0.0463410626088062,23.535720747767
0.664365938922803,29.0505901124064,29,33.8227281123681,0.367441639348702,26.9447132603075
-0.657826676227712,17.6560333121267,17,22.5756572410081,-0.475425537399388,19.5318453966697
1.59579696791949,33.9524503017939,35,37.6356677845382,1.47346282816297,33.4890498590839
0.996717552094435,31.1039653860137,33,35.4698965598486,0.786061020530798,29.880612462443
-0.867087966388875,15.3906959604861,15,19.8717284239838,-1.14614730314716,12.2332791178365
-0.192096957872023,22.2101142660618,23,27.5711856386237,-0.390128710261798,20.3680279339681
-0.00709082822575033,23.8560735258243,23,29.2041628315012,0.330691717418822,26.6610195213314
1.40548434187606,33.1568307533555,34,37.0416984823459,1.58194695169718,33.9331222073469
1.04384826961114,31.3664412473209,31,35.6746389687678,1.17296640094044,32.0898313244079
0.787622503485757,29.8538617217801,32,34.4771854035975,0.764321524730457,29.7420515977563
-0.796571496795986,16.1683010237374,16,20.8129801597898,-0.665855530220244,17.5812697491652
1.16864319817102,32.0281068287116,34,36.1855577473414,1.3077334563827,32.7494828510808
0.269190479353277,26.1510649062011,27,31.3356452670849,0.355489495430857,26.8528831802068
0.803782419033799,29.955516096031,30,34.559049298501,0.291767366499108,26.3562572938353
0.399576912902368,27.160544433153,27,32.2253693845998,0.176034872276393,25.4249112989922
1.18710525362768,32.1219635318809,33,36.2574559035422,1.19113138173264,32.1819174677776
1.01370643123354,31.1993849583607,31,35.5444686941913,1.72786019437353,34.4841416444206
0.825669569758115,30.0918448142161,31,34.6685096811312,1.2864456932851,32.6488570304081
-1.09699209671894,12.7999308857931,11,16.6504541942059,-1.0061379861954,13.8232827150725
0.975484469585562,30.9834224769042,32,35.3754565847725,0.880995961373684,30.4675112472779
-0.289302624467237,21.310785652289,21,26.639382558561,-0.340324551056716,20.8463670160222
-0.91676688275396,14.8359625462636,13,19.1926797804271,-1.18907786504776,11.7508235736251
1.47299258998141,33.4498572823371,35,37.261231598601,1.42421569463028,33.2772167883398
-0.0470554994633917,23.5077254944238,25,28.8662022653016,-0.287847665399359,21.3428837317272
0.446196671203597,27.5091909496676,27,32.5264939180157,0.417160901266551,27.3221490096115
1.83631873254417,34.8314799644562,36,38.2860810304834,1.70502448237823,34.4012543578554
-1.26752527708041,10.9014841047211,10,14.2114151609624,-1.19017611631824,11.7385399603568
0.704763405468323,29.3192969153567,28,34.0431784674886,1.0216146348766,31.2827896100274
1.18876553570763,32.1303539466034,32,36.2638766312959,1.15404854694332,31.9928568137511
1.74275864374445,34.5052869717913,36,38.0451736171376,2.42628077848324,36.5130295341903
-0.87547691456508,15.2973799663697,15,19.757929835132,-1.01672917100056,13.7028187946706
0.892261587519731,30.4970751716471,30,34.9917060012142,0.639663417901225,28.9176295799405
0.810444622752609,29.9971777790446,31,34.5925397034025,1.11108985132162,31.7685481782867
-1.70099334411377,6.70855975161325,7,8.5388506862887,-1.77721622550481,6.11498184286874
-0.215051331154914,21.9999330583397,22,27.3559485152733,0.209467556610254,25.6977527899498
1.16828193819757,32.0262600532094,32,36.1841416556432,0.754753993916912,29.6805792449734
0.0951149927130917,24.7285658552153,27,30.033406794613,0.251466697395297,26.0361649660896
-2.73050414790992,1.28323616536656,1,0.536786374889805,-3.28748461678801,0.51151679776191
0.236494270434364,25.8902268177976,27,31.1012480210217,0.325543254543641,26.6209602179936
-0.835942109187044,15.735716422969,16,20.2909310112397,-0.897592742601584,15.0511383483467
-1.32490216417576,10.2839521928688,9,13.4030087331194,-1.50445887820411,8.44482709918368
0.0651624344175464,24.4756436608411,25,29.7955053410455,0.133874956333424,25.0765680565202
-0.498526796252501,19.287204613284,18,24.4411746645033,-0.440490769443567,19.87698139333
0.322798319895858,26.5721307105598,27,31.7100654359425,0.510626061017302,28.011308247053
1.52558566108624,33.6698123331037,34,37.4254013236099,0.833828536274851,30.17961424301
-0.2013037903675,22.1259723646956,21,27.4852049366444,-0.311659126906321,21.1185214121546
0.727193888925818,29.4662096724726,30,34.1630522171624,0.828757636853295,30.1482284082726
0.106450322929976,24.8236738163808,25,30.1223531797298,0.140842505303396,25.1344624797927
-0.00841964195306593,23.8445553052608,23,29.19305196053,0.0504069653790593,24.3731885698472
0.113446604797946,24.8822074297896,24,30.1769565847468,-0.14757734253183,22.6344256694183
0.434759409432452,27.4242704139446,27,32.4534299689443,0.243984138882015,25.9762314296773
0.507421552552308,27.9569130632702,28,32.9087706942167,0.874062743697664,30.4256498509933
-1.54770021184707,8.053982890669,7,10.41131440994,-1.70301391920736,6.69447430937269
0.416147817730806,27.2852271797351,27,32.3334097351432,0.199347981080022,25.6154880131044
1.50591563827469,33.5883876672645,34,37.3646858366439,1.23284629604905,32.3896093122587
1.08566510709118,31.5934996124623,32,35.8507887172546,0.810789529637809,30.0363368487969
0.175060599634822,25.3920861830415,24,30.6482204898849,0.158833718512802,25.2833596830376
-0.490172547376202,19.3704921340716,20,24.5343076959948,-0.766771179945405,16.4989511483048
0.402070656846836,27.17936091898,28,32.2416996465465,0.166283947999503,25.3447663073118
-0.274984706087601,21.4447926219348,21,26.7800222191949,0.0378047926039961,24.2654364333885
-0.228501040574461,21.8761587979864,23,27.2284742589546,-0.370279023143944,20.5595212077815
1.05658018145156,31.4361501347225,32,35.7288123834577,0.362189173048951,26.9044097378604
-0.172150749833556,22.3916717078374,22,27.7558697952662,-0.171816561147469,22.414835350906
0.0602147070547616,24.4336415250402,25,29.755803840235,-0.25819701725669,21.6201425533776
0.322552400726478,26.5702180993541,26,31.7083755691591,0.275667677312831,26.2289344026402
1.45487845385144,33.3724252684481,35,37.203315420775,1.41126829468777,33.2204301679782
1.70010481125568,34.3500607618148,35,37.9303837498298,2.36642518344714,36.372487600955
1.54377016646818,33.7442064462429,35,37.4808174381025,1.09422440676103,31.6789160565505
0.166476368411307,25.321658267437,25,30.5835882289246,0.15899651036482,25.2847030371385
-1.50395814639527,8.46751364258839,8,10.9756945755933,-1.61325161058634,7.44953243019517
1.66789771362069,34.2300584542912,36,37.8415500299223,1.74548926654971,34.5473078952622
0.619423851227312,28.7454568488109,29,33.5704747867317,0.798848111132711,29.9613882487676
1.1819254556651,32.0957338554223,32,36.2373767158975,1.1148280640488,31.7882947772419
1.56766553805204,33.8406910390274,35,37.5526113408757,1.32715474212816,32.8401422582865
0.361667042723187,26.8721980511669,27,31.9739819877753,0.347556593527856,26.7917011879022
0.819414455176411,30.0530423109216,30,34.6373925070959,0.171596107166301,25.3884597430433
1.55276380011028,33.7806897429557,34,37.507974613156,1.3408029562973,32.9032051626449
0.32349193617106,26.5775242898679,27,31.7148303461177,0.367705971242232,26.9467393899452
-0.907908916027425,14.9352269937886,14,19.3146357479964,-0.86588017073395,15.406077433614
-0.702895666468705,17.179436927046,19,22.0168199144815,-0.715412794922572,17.0538888710794
-0.254843426285884,21.6323911247288,21,26.9758515257188,-0.306165087990765,21.1704250588641
0.232033040871126,25.8544039434942,27,31.0689069936014,0.423423406601434,27.369162623108
-0.437980864061221,19.8859436504659,18,25.1057756830868,-0.654238363765243,17.703717760613
-0.304557380866996,21.167411422567,20,26.4882184376387,-0.0559387597936928,23.4513659893264
1.38052906420393,33.0453916422746,33,36.9579417517231,1.1776236703053,32.1135368712377
-0.390651053986309,20.3463214522448,21,25.6088354124158,-0.286682656633788,21.3538217379075
-0.389177365843126,20.3605512809107,21,25.6242715785204,-0.150595104380313,22.6071671886068
0.649361679062384,28.9494432855158,30,33.7393385529528,1.13169045725931,31.8768276552966
-1.273160363501,10.8402219969196,10,14.1315636339993,-1.25946878108331,10.9711370731604
0.270644295989844,26.1625927173994,27,31.3459607138819,0.501697430473329,27.9466424956716
-0.223042179066589,21.9264510070732,22,27.280334515148,-0.227430091316788,21.9053963254643
-0.436645111110155,19.8990272338537,20,25.1201691797717,-0.01932711203522,23.7719175844554
-0.761864653547236,16.5460369488029,17,21.2654784417038,-0.87753036984233,15.2759414908327
0.33961599054316,26.7025088781295,26,31.8250293012525,0.389527785515594,27.1132898800517
0.316849865554608,26.5258177963647,26,31.6691185735349,0.350293458237218,26.8128299688728
-0.233167971646274,21.8331020944228,21,27.1840047601474,0.0369847691233125,24.2584110405602
-0.162123967227046,22.4825620813078,21,27.8478947144865,-0.111376323674938,22.9596456501319
0.931231026535445,30.7275736872215,31,35.1741308875752,0.547392745679069,28.2749504239221
-0.400656490013204,20.2495441396689,21,25.50367288469,-0.284715723849167,21.3722805773147
2.06719477223793,35.558316562018,37,38.8228674053732,1.55664236101707,33.8322489764038
0.484405833852854,27.7899697946134,27,32.7668013014468,0.554954631519055,28.3286444414818
-0.129299350071293,22.7783542938742,23,28.1453986085835,0.109022018277995,24.8690223347293
0.723995328398563,29.4453599768638,30,34.1460677529794,0.876421864448686,30.439911416154
-1.10582566498265,12.7001621915621,12,16.5239336618865,-1.11459760309445,12.5901308240284
-0.031347328904976,23.6451202044414,23,28.9999790121405,-0.0712027619863402,23.3167384166714
-1.08123300264398,12.978096987973,12,16.8759448727725,-1.35197784462024,9.97717752798576
-0.157027359252775,22.5286652417354,23,27.8944637563317,-0.556227385185208,18.7187856513875
1.86349202906148,34.9226565422872,37,38.3533750325901,1.71545345699358,34.4392587093693
-0.311271356119099,21.1041115496205,20,26.4212516459949,-0.158918183510134,22.5318692199072
0.181978260567012,25.448695707368,26,30.7000656977655,0.430000883437252,27.418412642106
-0.0860178090939752,23.1642844467452,22,28.5290424359262,-0.30870229074526,21.1464656462527
-1.49835825266274,8.52137268152968,8,11.048849403336,-1.29022063727213,10.636305584497
-0.237245301214941,21.795439244221,22,27.1450528863739,-0.609760150364301,18.1683470358638
-0.76149688412425,16.5500205699805,16,21.2702333161005,-0.708994994879918,17.1226415566182
-1.12149998401348,12.5233538144226,12,16.2992723917021,-1.46408176715788,8.83585526519194
0.773215617021884,29.7625189410196,30,34.4034459246683,0.764108342611088,29.7406851549161
-0.33463451881516,20.8828903166031,20,26.1861235678414,-0.669565196513708,17.5420738737627
-0.185126789666119,22.2736729087104,21,27.6359695001685,-0.263405052471763,21.5716115747878
1.25581978847491,32.4623902714037,33,36.5171083624123,1.50643914464739,33.6272710967813
-0.013137287303359,23.8036267370654,23,29.1535357087971,-0.287850141223227,21.3428604828972
0.0351814579903782,24.2201681668557,25,29.5531601232036,-0.22335431010418,21.9430004510455
0.878987442791017,30.4174433452619,29,34.9284471377138,0.849777541195499,30.2777788652681
0.74399637370321,29.575189973796,31,34.2516801611953,1.34151594265083,32.9064849710754
-0.731392562171153,16.8747041702145,16,21.6565377624839,-0.846204411924471,15.625130582973
0.849801141791725,30.2403510481104,30,34.7873259907425,1.3449061826968,32.9220606136891
1.74753197587707,34.5223998126643,36,38.0578214477347,2.13995881028522,35.7892142716501
0.654297309625346,28.9827956444607,29,33.7668604587096,0.418091868797154,27.3291454475888
0.0447422112191199,24.3018874239539,24,29.6309047820303,0.517495824359262,28.0608925460788
-0.796234922798247,16.1719808725999,15,20.8174036770131,-1.01678160868026,13.7022222425435
-0.522693744190967,19.0450355829134,19,24.1691532362918,-0.746648611592947,16.7173708265658
-0.0850611474432909,23.1727622619542,22,28.5374130678272,-0.301590966527116,21.2135753972968
0.527957648031756,28.1044706666496,28,33.0336980575939,0.688664195982633,29.2477491989702
0.670930091681305,29.094611647633,29,33.8589512061549,0.695953679567029,29.2961902411959
-2.02945159037083,4.34747419991785,4,5.10916022341744,-2.03344734354184,4.39419505057071
0.331345068180588,26.6384924447004,27,31.7686380106201,-0.0904860161760365,23.1458344533694
0.325140253073652,26.5903360157191,26,31.7261456289099,0.544330082009257,28.2531520314445
1.68723758074375,34.3024094615614,35,37.895119526868,1.55431841331978,33.8229034713257
-1.30039271505368,10.5459910474913,10,13.7469975311881,-1.27317328549798,10.8214272103162
0.211382653236035,25.6878636394922,26,30.9180739542419,0.751535716275544,29.6598339447191
0.753122166344624,29.6339949397991,30,34.2993998272759,1.05738241643556,31.4800097236716
-1.3446062905975,10.0753443914374,11,13.1281237665886,-1.37554364992716,9.73095056801781
0.0173110494883098,24.0668000622387,24,29.406673969814,0.129984227707314,25.0441837231217
0.992280700305003,31.0788950321376,31,35.4502766299708,0.949446622347784,30.8723799299415
-0.251431861881459,21.664062169566,21,27.0087906301975,-0.387348220218684,20.3949204620206
0.294010077949036,26.3470402998547,26,31.5105119600505,0.478401773790314,27.7767521300222
0.671847038122005,29.1007499210898,29,33.8639987202035,0.328587978793178,26.6446599991477
1.43136870124289,33.2706282548237,34,37.127072521151,0.976011185242592,31.0254015641924
0.85915560786004,30.2974109092053,31,34.832862601857,0.928876821680595,30.752318717396
-1.15437279114717,12.153730803493,12,15.8277711110785,-0.995249778382212,13.9470585568745
-1.16214708342037,12.0666032756801,11,15.7162641246248,-0.978517543381058,14.1370921517244
-0.94449325888435,14.5244131907253,15,18.8086749194509,-0.999666386397891,13.8968604671538
0.797615019429697,29.9168200706545,31,34.5279114823639,0.925849763435356,30.734534376299
1.57924270170213,33.8869223071233,34,37.586982205359,2.09270491974774,35.6564660988666
-0.200638449080449,22.1320601481254,22,27.4914340549421,-0.357839155259175,20.6789543738571
-0.0886212674050191,23.141201432442,22,28.5062389068733,-0.47779124219278,19.5083367410254
0.218383050985592,25.7444526512483,25,30.9694146906245,0.115703349145942,24.9249766918061
0.0232835311013911,24.1181474336951,23,29.4558015037816,-0.395188230876224,20.3190351209321
0.92499355508557,30.6910081510788,30,35.1452585323501,0.813732060172789,30.0547332782845
-1.56722471412701,7.87357634532105,7,10.1635512969565,-1.69220199404493,6.78225174874414
-0.0904671765986393,23.1248248829493,22,28.4900496808161,-0.00634214038215059,23.8848040865864
0.580361320407472,28.4749708508044,30,33.3451176318586,1.0658681067751,31.5262027397552
1.24165135848952,32.3933344871893,33,36.4645775367332,1.00720580377144,31.2021871143017
-2.06890912004649,4.10610579611842,3,4.75085270399204,-2.11402231314655,3.93077471715348
-2.76757330467469,1.19343688181195,1,0.395823911474445,-2.47306888066765,2.24455229088369
-2.06797445943233,4.11172819988724,3,4.75920586310592,-2.06623819382525,4.20157137198789
-1.32761733270683,10.2550948798158,11,13.3650385099063,-0.850132368581919,15.5814759649594
-0.0374242987500748,23.5920397204414,25,28.9483706010881,0.0436587234332376,24.3155393384732
-1.60785692657067,7.50654706530447,6,9.65643793633297,-1.58886646617456,7.66503548724035
0.126369491249063,24.9899865079248,25,30.2772253581129,0.546757472189335,28.2704313326733
0.524283851789202,28.0781707416574,27,33.0114695672303,0.749760289434618,29.6483748380131
0.0459084765934881,24.3118399620624,25,29.6403587209887,-0.583725059251819,18.4372386324479
0.842876663134159,30.1979308643345,31,34.7534311145832,0.957187739295702,30.9172074302352
0.811330150707916,30.0027045155973,31,34.5969798315954,0.457869265161743,27.625617528608
0.563793137348137,28.3587736590165,29,33.2477933696017,0.28213281034617,26.2801517861991
-0.981931399881526,14.1020943851973,13,18.2851989098519,-0.917393507679566,14.8284688988608
-2.18446757904927,3.44581955021005,3,3.76897207613834,-2.80102575473911,1.23602245554571
0.294723682252808,26.3526488067261,26,31.5155008643516,0.517656366167996,28.0620495264923
-0.451174792393756,19.7564224724929,20,24.9629850965391,-0.378092398250466,20.4842799780613
-0.222836726999032,21.9283423387455,23,27.2822830891033,-0.377505401410632,20.4899387388554
0.0211746541309753,24.1000270468637,23,29.4384741984414,-0.270795881362498,21.5026174224737
0.175197088154252,25.3932043698859,25,30.6492454801993,0.141165745982483,25.1371452243071
-0.414968966265345,20.1106018000948,19,25.3521430669707,-0.394300816231786,20.327633621865
-0.162919526137766,22.4753597172234,22,27.8406129109414,-0.566128864060873,18.6176935347043
-0.639678757366949,17.8460629522291,17,22.7968379001377,-0.486225946826304,19.4243758388311
-0.0122832613952424,23.8110400925657,24,29.1606973247039,0.0808258052782469,24.6316097852417
-0.349583032921761,20.7405612248502,20,26.033953419176,-0.348198312453888,20.7712127178222
0.871027547410985,30.3694187963945,31,34.8902376911803,1.34501283045519,32.922550050699
-0.567253192857907,18.5936212950598,19,23.6573437804581,-0.599386578954352,18.2757573491486
-0.577697351002827,18.4868836910803,18,23.5354461327762,-0.549190314721547,18.7904363274692
-2.10539733311944,3.89017461409865,4,4.4298775433503,-2.28877671981246,3.03459834056854
-0.0987493471382534,23.0512430561403,24,28.4171970643663,-0.260312013228193,21.6004426143664
-1.16948383212842,11.9844955537328,12,15.6110534038792,-1.16375152782225,12.034938560902
1.56855185191322,33.8442421976889,35,37.5552521353516,1.60112749562579,34.0085104506886
-1.23764777295806,11.2282887860954,10,14.636134133774,-1.2264704815097,11.3345803281933
0.660289563301771,29.0231823720314,29,33.800154254694,0.227690813884078,25.8451872066246
-0.328824700831333,20.9380412970016,19,26.2449000740828,-0.29259470150379,21.2982772109136
-0.257344327437099,21.6091549638428,21,26.9516626966397,-0.0413470619270475,23.5795227534876
-0.673677799336692,17.4891668501161,15,22.3806561443423,-0.700456213068823,17.2139073885481
-0.249197566716162,21.6847877536593,23,27.0303270275535,-0.133995335976874,22.7568257380843
0.0349571225176975,24.2182478930252,24,29.5513306822083,0.531174970715052,28.1591834479392
-1.73964046367462,6.39504773404309,6,8.09382940045666,-1.49135463968782,8.57049213466932
0.377998129897852,26.9969410180648,26,32.0829999727725,0.330646424619443,26.6606674417748
-0.241942597169638,21.7519966577251,21,27.1000617843753,-0.460021428592923,19.6844936420073
-0.722192473644877,16.9733675973358,17,21.77343273931,-0.722614378500384,16.9765804585337
0.692534753321524,29.2385152062953,30,33.9770681516832,0.844077849955644,30.2427936496498
-0.822756043476489,15.8810593112072,15,20.4667800807175,-0.782661483084013,16.3255953340397
1.00210863415408,31.1343437158392,32,35.4936553940797,1.38170351783103,33.0890258148391
-0.399013057202594,20.2654600605648,20,25.5209894644189,-0.549510154333821,18.7871832863738
-0.472030070983644,19.5506155384673,19,24.7349749288684,-0.347771135790923,20.7752945384009
-0.00121327351619841,23.9069672439495,23,29.2532047511463,-0.284288918213687,21.376284601887
1.1450640511165,31.9067427380019,33,36.0923818061164,1.42234600063839,33.2690448011667
0.107903621066396,24.8358432459129,25,30.1337141416185,0.0583485020220225,24.4408835113442
-1.99531529944568,4.56302405534466,4,5.4284793939769,-2.41079580750372,2.4936248988832
0.315479295242072,26.5151323414109,26,31.6596630057726,0.391715888731082,27.1299118088147
0.813011963419887,30.0131939924608,32,34.6054052896968,0.555903900839783,28.3353720070756
-0.308581453968739,21.1294867157164,21,26.4481135041075,-0.560408158405719,18.6761402712432
-0.313934928710755,21.0789655350906,19,26.3946103005193,-0.162107420620986,22.5029704914632
1.50462689463517,33.5830180557811,35,37.3606795557412,1.25392060839772,32.4925538299841
0.706666005012284,29.3318217571508,29,34.0534160533063,0.944628362072858,30.8443800856069
0.472356476402254,27.7019128285344,29,32.6916450604332,0.972836328024125,31.0072332898594
-0.893918481558634,15.0917104650405,14,19.5064988126152,-1.24875785556934,11.0886650655364
0.44716351799291,27.5163513080662,28,32.5326463388171,0.784887546969694,29.8731727421837
-0.584706958281898,18.4150464103045,19,23.4532205479346,-1.15286737155687,12.1574921324795
1.38724357157503,33.0755434640225,34,36.9806187751913,1.91747404236256,35.1275405922105
-0.442102347679924,19.8455403960161,19,25.0612919041239,-0.311085941164488,21.1239402937407
1.19772636895106,32.1754963691738,33,36.2984030126007,0.983484465048074,31.0680393742147
0.450014280876756,27.5374470242527,27,32.5507650880964,0.93927084021601,30.8131580120563
1.00301483211367,31.1394410435031,31,35.4976403882861,0.547185246328774,28.2734744940606
-1.37521216619909,9.75521482759029,9,12.7044408118957,-1.73362154166354,6.45062817796379
-0.855746917975971,15.5165959416203,16,20.0249823646584,-0.586807483546613,18.4055213638888
-1.74487287027411,6.3533837649754,5,8.0344296173239,-1.90314017216311,5.2185563560841
0.295155838069224,26.3560445828239,27,31.5185210733631,-0.183198830549288,22.311209748142
-1.88867016145384,5.27856767933135,4,6.48149862678242,-1.72580351631327,6.51226405392583
-0.30075755803049,21.2031827976836,22,26.5260003957333,-0.342464140919884,20.8259620133296
0.24493124894363,25.9578220002485,27,31.1621743850376,-0.217480300104552,21.997120197995
-0.114822437019519,22.9079584288238,22,28.2748028226383,-0.364098057222795,20.6189187628502
-0.06075955237488,23.3873583452768,23,28.7484876068232,-0.108410196537958,22.9861478617494
1.68184431328814,34.2823214981348,35,37.8802494399618,2.28936702879403,36.1834406688569
0.571336949252283,28.4117888267909,27,33.2922363890194,0.973689188264958,31.0121170211856
-0.518309790244616,19.0891031210609,19,24.2187875707775,-0.352305607766291,20.7319398914289
0.637651929517646,28.8700006507817,30,33.6736845492626,0.562980498809106,28.3854342519871
-0.988266000985803,14.0304950279953,13,18.1961190085777,-0.876747015577857,15.2847014515639
0.91550409541097,30.6351390676121,30,35.1010954767382,1.01686000433246,31.2562658496692
-0.332463059411533,20.9035141976937,21,26.2081155251067,-0.43973365701671,19.8844197703899
-1.05634320645382,13.2598153839617,12,17.2313202387556,-0.764752359443723,16.5209207743064
-0.184079234572975,22.2832146421097,21,27.6456830119476,-0.450200564575076,19.781430997083
-1.34924601860757,10.0265028302347,9,13.063629158871,-1.14753122381107,12.2176645263864
0.067160185075116,24.4925850666021,24,29.8115030851332,0.276120518263024,26.2325257078883
1.55209471850785,33.7779826044017,35,37.5059599181383,1.21458042503728,32.2993110659318
1.23393724634507,32.35548956253,32,36.4357591187647,0.866776763513464,30.3814889377751
-1.09204694468959,12.855816281959,12,16.721245790069,-1.04806656333532,13.346199600724
0.21940482175658,25.7527009808336,28,30.9768903760328,0.205995156586375,25.6695562024312
-1.56557062928274,7.88875895989128,7,10.1844398285345,-1.82422019603252,5.76801200624686
-0.873107622088547,15.3237510338988,15,19.7901071293788,-1.15896980996882,12.0887489838972
1.24008165131037,32.3856477480887,34,36.4587258974329,0.893827672163324,30.5445717200099
-1.3105065962617,10.4375283308705,10,13.6047878471593,-1.32343361853778,10.2794576387469
-0.739666746669096,16.7857435583329,16,21.5509394889969,-0.869433750021115,15.3664160225384
0.491410656959293,27.8409538032178,28,32.8102297442482,0.171742232139887,25.3896605772625
-0.509053394957591,19.1819480162279,18,24.3231657461414,-0.341948421421719,20.8308815366303
0.137194030493657,25.0799250227856,24,30.3606270721835,0.164232967780128,25.3278764185665
-0.281605250798025,21.3828956850087,22,26.7151396154885,-0.381783929713107,20.4486701297432
-0.569700352326315,18.568643692184,18,23.6288482297471,-0.631855990492654,17.9383588880285
1.96751933512327,35.2575435917795,37,38.600559923344,2.58748275084505,36.8658211523948
1.30638531293496,32.7041011451168,34,36.700439356828,1.45741216375308,33.4207273817034
0.327141800559469,26.6058826001225,26,31.7398704325768,0.152707254516235,25.232752942858
0.146552224132449,25.157428878987,25,30.4323024162275,0.0586051822710607,24.4430688131154
1.45560766307857,33.3755591785525,33,37.2056607573941,1.31470439556581,32.7821485168004
1.0489152554997,31.3942443548887,31,35.6962558797255,0.526226170415556,28.1236920932651
0.342344930936567,26.723586633681,26,31.8435726246819,0.241449591616788,25.9558949242625
-0.28645485111361,21.3374822662159,22,26.6674505327257,-0.550134323017281,18.7808339922876
1.24028348855624,32.3866365344773,34,36.4594786739384,1.47104398784937,33.4787977291997
0.0986451192664335,24.7582210406881,25,30.061170662498,0.0277621097989991,24.1792804990275
0.585368082159314,28.509912535709,29,33.374323248815,0.730426865599961,29.5229220379207
-0.332835371021515,20.8999790104026,20,26.2043468757463,-0.292929374850715,21.2951300968079
-1.01528448430572,13.7247983024871,12,17.8147234790875,-1.11468746430106,12.5891123142075
-0.220281027230409,21.9518603548364,22,27.3065024368536,-0.14757734253183,22.6344256694183
0.764590766703414,29.7075125331294,30,34.3589575116121,1.27269002607226,32.5831319606425
0.0670138154793649,24.4913441662648,24,29.8103316108914,-0.0506976445987843,23.4974588499184
0.0954552929631156,24.7314259982023,24,30.0360857093495,0.336682785226694,26.7075379015759
1.48315734606248,33.4929296270105,35,37.2934197170518,1.47044858427906,33.476271747661
-0.925675440752379,14.7359939373097,15,19.0696653287788,-0.609279206806945,18.1733348031346
-2.66868070346848,1.44793116115242,2,0.791153135785241,-2.69518390569765,1.5068925611618
-0.849612874755899,15.5845654961169,16,20.1075842623267,-0.870274375436718,15.3570295362862
0.583154766110077,28.4944758905595,29,33.3614241540718,0.721640010460594,29.4654999101578
0.378929136420466,27.0040284295811,27,32.0891818131892,0.328720522318865,26.6456910909761
0.0560483034229256,24.3982233961855,24,29.7222824837684,-0.358235947798683,20.6751516272293
0.108966488205123,24.8447398301805,26,30.1420168142226,0.115417305008692,24.9225835358908
1.29982128843856,32.6731390622357,32,36.6770013260277,1.03285738750368,31.3452201086535
0.968956623553854,30.946075114508,32,35.3461431810222,0.924532439138395,30.7267856202361
-0.708125664225048,17.1237037662125,17,21.9510963508272,-0.760733248824472,16.5646211737618
0.132155903966172,25.0381031047542,23,30.3218752036371,0.0412543687722571,24.2949713489996
-0.546172632535997,18.8079790911312,19,23.9011392861801,-0.493518955172137,19.3515988432974
-1.45730156476442,8.92243988605988,8,11.5911748235487,-1.35360132736566,9.96011534548458
0.775676569088843,29.778169709262,29,34.4160926643239,0.912826690048588,30.6576818818362
1.30413447437218,32.6934979347262,33,36.6924143077032,1.43114026632272,33.3073992428277
1.03321685301901,31.3078441372921,31,35.6290357532707,0.904724678083652,30.6095908578247
1.72871874175831,34.4546529085015,36,38.0077429601004,1.82686938119801,34.8298375353523
-1.37543611808139,9.75289056502335,10,12.7013563637498,-1.12310322319018,12.4937742956466
-0.243172438785337,21.7406131668074,21,27.0882616022311,-0.406677711840548,20.207500495405
-0.461952322524195,19.6502318608978,19,24.8455086388701,-0.0111810461936318,23.8427857100483
1.32110888630414,32.773105237563,33,36.7526275505962,2.19932613074712,35.9503927258066
0.434630287361304,27.4233094095518,29,32.452602109508,0.686171651708374,29.2311456115789
-0.444900965265832,19.8180762411273,20,25.0310235363151,-0.389877429277006,20.3704592148244
0.751288969148933,29.6222038807493,29,34.289837273865,0.722574975227155,29.4716219340443
-0.172660316011717,22.3870458914964,21,27.7511785607207,-0.0648865141077093,23.3725175017174
-1.02435565265118,13.6220862701492,14,17.6861921493648,-0.760492048067731,16.5672422059987
0.0999164909793465,24.7688933573784,25,30.0711556937322,-0.00195221630027759,23.9228730563054
1.08047218294488,31.565598462384,32,35.8291905683618,0.238630850214767,25.9332571442424
-0.723752215041279,16.9566594425161,15,21.7536536042995,-0.788174993984621,16.2652691565523
0.0233012815925699,24.1182999057994,22,29.4559472577229,0.099217905874007,24.7867051151366
-0.623519250035554,18.0143564842537,17,22.9919121206212,-0.336603653613201,20.881822318434
1.09148257032606,31.6246572762354,33,35.8748922377768,0.746822052197597,29.6293878991695
-0.0614488717626794,23.3812914941471,23,28.7425416074353,-0.0325332553621509,23.6566765859375
-0.469125440911118,19.5793591026681,18,24.7669012886073,-0.634225935895413,17.913593616466
-0.769667426403295,16.4614229403867,15,21.1643969361822,-0.95015206103663,14.4585843167026
-0.300161203235344,21.2087933460997,21,26.531922252715,-0.339560503527005,20.8536505435832
-0.348936449374047,20.7467303261276,21,26.040563520452,-0.387345019017061,20.3949514106579
0.151145762043159,25.1953866538469,26,30.4673399799826,0.454779719991089,27.6027636604063
1.39960621521809,33.1307350287094,35,37.0220988426158,1.6487512024307,34.1917648389665
1.61406109091067,34.023963412927,35,37.688759685105,2.29132558441641,36.1883620269065
-0.0776928056551617,23.2379834976935,23,28.6017283640364,-0.682241752793674,17.4077889033489
-0.760819358608266,16.5573583540977,16,21.2789907863914,-0.498521802121666,19.3015779379094
0.263469052763749,26.1056394500366,27,31.2949612566494,0.146092221828172,25.1779984286156
2.71922067515152,37.117411880853,40,40,2.9208041967066,37.4893978725835
-1.10509929984696,12.7083628366601,11,16.5343400248989,-1.24320135292271,11.149806933124
0.290493745468273,26.3193826243934,27,31.485897218653,0.299124456836375,26.4141943092575
-1.39459789267016,9.5550397453883,9,12.4383441281791,-1.65682640755422,7.07549824602473
0.366609870482955,26.9100370158759,28,32.0070938372681,0.391755819066048,27.130215006551
0.00226961616714177,23.9370845763725,24,29.2821864473622,-0.220405349577218,21.9701815706709
0.275084270515761,26.1977615657189,25,31.3774081758894,0.700767991815922,29.3280877686044
-0.762043972878648,16.5440944420098,17,21.2631597217796,-0.956793223400494,14.3834019561858
1.49224067785372,33.531190677031,34,37.3219957212091,1.54770625629964,33.7962379930997
1.15918457310713,31.9796242571748,32,36.1483638719017,0.998015397344306,31.1504286409984
-2.26866385196038,3.0080074217954,2,3.11840813045372,-2.20171061623292,3.46303607978187
2.30149404590694,36.1944992568653,38,39.2959746730731,1.64077420836301,34.1614557180537
-1.45964054440358,8.8993035145884,9,11.5600035199473,-1.28497766259649,10.6931053494315
0.135196024109157,25.0633474707782,26,30.3452727502812,0.409986476816371,27.2681436224124
-0.0488685296845617,23.4918278790615,23,28.8506827331214,-0.0273271610777964,23.7021585356189
0.395036861225059,27.1262394437237,27,32.1955738156151,0.306652188097335,26.4733146618096
1.00833175551914,31.1692962296589,32,35.5209713056148,1.49820289868209,33.5930174094219
-0.353716466820308,20.7010963515555,21,25.9916364769499,-0.442740531166328,19.8548679458721
-0.233632393175876,21.8288143247013,21,27.1795727450627,-0.316550388163042,21.0722430502472
-0.855413494385677,15.5202928207139,14,20.0294775483669,-0.869430297410088,15.3664545712859
-1.21610270080412,11.4658576679482,11,14.9435800588035,-1.19525937417405,11.6817280993738
-1.47869352257256,8.71212316256651,8,11.3073107316819,-1.68258869029261,6.8610227322931
-0.25692717886047,21.6130318693268,20,26.9556998662561,-0.203994257325343,22.1210379197066
0.354346288873475,26.8160220953527,27,31.9247548134396,0.201186706111556,25.6304562672515
-1.67783473147228,6.90134845269778,6,8.81081468359736,-1.89010278633082,5.30657206200983
0.0118125902220081,24.0194482406698,25,29.3612937899251,0.0372643692019458,24.2608066516219
0.504005064472628,27.9322363103719,28,32.8878277452935,0.304142384037867,26.453621549659
-1.33411610907421,10.18616836296,9,13.2742738722776,-1.55785332696294,7.9454937618537
-0.344611234874975,20.7879676857975,20,26.0847151537763,0.0119601919659024,24.0432008172517
-0.386775855162016,20.3837267386792,21,25.6493971097859,0.00871321663341994,24.0151613484347
0.161197709046161,25.2782515740157,25,30.5436805468087,0.0852670459756786,24.6691414836556
-0.922895443745203,14.7672043244522,13,19.1080914195958,-0.976129438836333,14.1641938006196
1.24837634090222,32.4261846005907,33,36.4895753608572,1.14240991438622,31.9326497664502
-1.12417132784425,12.493252832813,12,16.2609680227431,-1.22709115782683,11.3277082815249
0.186357430965799,25.4844646684613,25,30.732775893547,0.377589106003089,27.0223458936517
-0.711463959421384,17.0880835455864,15,21.9090510581422,-0.475924654416147,19.5268869922883
1.28868313052562,32.6203191493917,33,36.636986382745,0.98584067168519,31.0814450622684
-0.866615317863937,15.3959488654746,14,19.8781290793872,-0.434483468427691,19.9359532619253
-0.884904567486792,15.1923268111639,14,19.6296078876504,-0.589409939538768,18.3787181714924
0.935493678472139,30.7524905758125,31,35.1937910744838,0.468126604539367,27.7012819589721
-0.296313434738579,21.2449705708518,21,26.5700804942422,-0.487331092185228,19.4133583874612
0.497827187478954,27.8875218033164,28,32.8498416521903,0.863704525827845,30.3628157344126
0.265829812235887,26.1243940362334,25,31.3117652110772,0.35789042373524,26.871363695886
-0.682963607103103,17.3910317877446,17,22.2656402066559,-0.634049222575517,17.9154408721702
0.351622234595105,26.7950785044251,27,31.9063806715926,0.423061034684233,27.3664454808006
0.0418103149518777,24.2768522130256,25,29.607109839838,-0.188290064795564,22.2647524869206
0.874543234227825,30.3906552924763,31,34.9071394484454,1.09811332060002,31.6996628047778
0.842611157479795,30.19630125071,29,34.7521283016186,0.944120571714683,30.8414248293863
1.41784828313708,33.2114134117917,34,37.0826671222038,0.739955544607307,29.5849059670177
-0.553548421220717,18.7331423582092,19,23.8161794463417,-0.23883786238851,21.7999171937989
-1.08895932415432,12.8907206289791,13,16.7654313993964,-1.12861697792366,12.4313668334272
-0.0461357263585597,23.515787426259,26,28.8740692444407,0.0454420667030657,24.3307854243491
-0.10608169441492,22.9859578423373,24,28.352404486898,-0.12498169717988,22.83780184338
0.998808363283078,31.1157578645724,30,35.479121395624,1.27087357008844,32.5744113989181
1.86523061611967,34.9284369059143,36,38.3576410365528,1.85427722853215,34.9217232974358
-0.0737474845474156,23.2728503249124,22,28.6360519089103,0.0171111133673692,24.0876275526343
0.164839438215303,25.3082057391493,26,30.5712260751849,-0.122241112427737,22.8623823835845
-0.608331617128064,18.1717419887765,18,23.1736423804308,-0.804432674496659,16.0868692075687
0.819430797586202,30.0531438537166,30,34.6374739773277,0.623439226658193,28.8066093603121
0.0457905217729583,24.3108335310505,24,29.6394028530002,-0.0922667179836468,23.1300058677468
0.841376274233499,30.1887188129138,30,34.7460657467174,1.25540843745588,32.4997718026527
0.37195515365516,26.9508751174557,27,32.0427882500451,0.119827130446173,24.9594540727217
0.239812883855815,25.9168386000067,28,31.1252497258409,0.646187641315761,28.962033782105
-1.04049831062118,13.4392628343591,13,17.4569350555391,-1.17779885672554,11.8771587954792
0.397281243484524,27.1432059352082,27,32.2103138121896,0.623750137971633,28.808744888562
1.7334508905191,34.4717692334433,36,38.0203973555242,1.60163997267443,34.0105121430695
0.468255829505368,27.6718425649695,29,32.6659368342296,0.108328305775035,24.8632060091054
0.834437837616874,30.1460234198531,29,34.7119073220497,1.03359579702816,31.3493063488289
1.02035289828557,31.2364674828482,31,35.573405735713,0.0166603746371983,24.0837425932065
0.888417659820574,30.4740738903329,30,34.9734464954165,1.33470923576782,32.8751143075423
1.50527408242645,33.585715131532,34,37.3626918877503,1.2803893903268,32.6199880684633
1.64198606790666,34.1317335442998,35,37.7686940587171,2.3740756262267,36.390752516626
-0.0571558823072974,23.4190558108091,24,28.7795335892953,0.143626407759637,25.1575584933675
-0.868479124167141,15.3752320281947,14,19.8528823956895,-1.13843208541615,12.3203935658279
-2.37450741720757,2.51041348651252,2,2.3803009716914,-2.42694772317861,2.42725413630019
1.25691581997343,32.4677078396915,33,36.5211505589636,1.07331319387508,31.5665436171726
-0.248757512633752,21.6888682228575,23,27.0345653585631,-0.300867851139208,21.2203917707957
-1.99410493186015,4.57078341241732,4,5.43995982056112,-1.91722863939441,5.12462821979202
-0.29999053865409,21.2103987955285,20,26.5336165809155,-0.284632527210099,21.3730611145923
-0.368177712867226,20.5626484944556,20,25.8427614674315,0.0135161960514215,24.0566283997871
0.60913389580026,28.6746789028592,29,33.5116659200484,0.45293907233733,27.5891341458249
0.830937572889248,30.1244254129846,30,34.6946140848696,0.115526642961051,24.9234983247369
1.38619447220697,33.0708406021056,33,36.9770825248249,1.61104317619747,34.0471247380178
-0.249583276090093,21.6812107917946,22,27.02661120371,-0.195743639023567,22.196620422108
0.826818273802152,30.0989567919093,30,34.6742097821095,1.20156476685625,32.2343556035928
0.712352934724718,29.3691888588523,30,34.0839393653658,0.279985669444759,26.2631550805406
0.135106445169056,25.0626039815924,25,30.3445839278532,0.127126335822946,25.0203708034027
0.305637662700779,26.4382433130615,25,31.5915330332017,-0.13672080707167,22.732300941895
0.759530400232216,29.6751266049738,29,34.3327350022448,0.79288921500441,29.9238128673234
1.13322874824198,31.8451899390196,34,36.0450351902964,0.659792671996293,29.0541859883654
-2.88522585006654,0.949222766919722,0,0,-2.94470274145482,0.943140740252502
-2.40606837133941,2.37370680568426,2,2.177584107542,-2.26045595061376,3.17008146857867
-0.829460903487032,15.807211515454,16,20.3774881432932,-0.618225520347592,18.0804274472555
0.636496688270412,28.8621391767713,28,33.6671799572259,0.699311695741545,29.3184469785417
0.794406273798989,29.8966385895782,30,34.5116598639443,1.24892649639961,32.4682777252549
1.77941869679267,34.635403406932,37,38.141310708598,2.16832620143926,35.8669951899632
0.561975531577665,28.3459731412126,27,33.2370528403581,0.584066260960504,28.5336554162041
-1.04150889162903,13.427816947746,13,17.4425618914447,-0.817929300711794,15.938196143434
-0.0249284145602908,23.7010873269309,24,29.0542930024659,0.541764581878305,28.2348693109293
-0.920284597145873,14.7965040103749,14,19.144147938024,-0.817191088954446,15.9463410544196
-2.28089280263197,2.94748069068768,2,3.02855994031554,-2.42434802987945,2.43785330445523
-0.259540049012187,21.5887408488786,22,26.9303960227673,-0.576934749200439,18.506997392758
0.108279950960945,24.8389936028607,24,30.1366544667686,-0.556607575966042,18.714909951187
0.350511667357123,26.7865337371163,28,31.8988808972104,0.596443587347372,28.6199985669563
-2.01782112228304,4.42020411747697,4,5.21698464579267,-2.06598394409353,4.2030433158362
0.902172048472511,30.5561575519512,30,35.0385619911783,1.28488110769046,32.6414092924622
-1.58258857594439,7.73345300185221,7,9.97043759702107,-1.52065796678838,8.29116445805258
0.755075445089259,29.6465463343744,29,34.3095758352936,0.804325703160264,29.9958257308553
0.394660800662702,27.1233951163411,28,32.1931020244304,0.232943054023818,25.8875103673491
-0.814566184394021,15.9711017608849,14,20.5754961564141,-0.699169918801468,17.2276350855032
-1.54801789484182,8.05102668276266,8,10.4072622146139,-1.88723432064969,5.32608003997703
-0.384926187678746,20.401565437477,19,25.6687244652361,-0.0825118166737939,23.2166202420309
-1.24258141608007,11.1741032002756,11,14.5658583818649,-1.04800379776564,13.3469139288289
0.525340204945443,28.0857373002988,29,33.0178664434599,0.0202428461634369,24.1146061250638
-0.39272564602216,20.3262787527144,19,25.5870820052822,0.0597664272820999,24.4529532178835
0.970977956501607,30.9576541418252,31,35.3552341099091,1.53914541542279,33.761547569187
-0.874370014432103,15.3097016908323,15,19.7729662308715,-1.01384109723615,13.7356729232385
-1.27772207958121,10.7907212906609,10,14.0669875975753,-1.25430680822216,11.0277225407425
-0.66993473124423,17.5286448972416,17,22.4268555062283,-0.483428526371926,19.4522467696911
-2.2610064058356,3.04630609121984,2,3.17527221520039,-3.28748461678801,0.51151679776191
-0.663930016980058,17.5918804886719,16,22.5007733901229,-0.997892357372501,13.9170252862241
0.175648477866927,25.3969020358145,26,30.6526346981772,0.0597998531090476,24.4532376843118
0.668862099909192,29.0807579979593,29,33.8475563030791,0.957497026888127,30.9189944284157
-0.424846684058691,20.0143608397584,19,25.2468063094075,-0.314108422797735,21.0953557307794
-0.561578018816081,18.6514713681136,16,23.7232717258432,-0.549378019573469,18.7885272500678
0.762067728860433,29.6913757082122,29,34.3458944253803,1.49067318215304,33.5615459927192
-0.713707399825163,17.064125601051,16,21.8807541850911,-0.911475647008875,14.8950960313344
-1.2264067232551,11.3520532984507,12,14.7964371335038,-1.10640512470411,12.6830288173165
-0.346586300989331,20.769143490088,21,26.0645678909086,-0.1222415967978,22.8623780408803
1.14109928613754,31.886170322429,34,36.076564236271,1.96695222613463,35.2829582452137
0.473586102688066,27.7109195971813,27,32.6993409857282,0.0167089603498101,24.0841613826181
0.407538288787631,27.2205510793634,27,32.2774158241141,0.0902014333010296,24.7107809808552
1.14039130686286,31.8824917252299,32,36.0737351449592,1.33479573014635,32.8755137711577
-1.67535774511313,6.92218856460203,7,8.84013715436989,-1.61961645446962,7.39401352756443
0.966840822251693,30.9339409919191,31,35.3366138094546,0.412332191589994,27.2858180702292
-1.28874168823864,10.6714936837966,10,13.9112469869963,-1.17331744420934,11.9274435407973
0.928291116500701,30.710354792815,31,35.1605378714722,1.15301319858637,31.9875178278893
1.20081025006948,32.1909768157871,33,36.3102357415199,1.59808293906791,33.9966052159809
1.15479071269775,31.9570105278251,33,36.1310027864916,1.52040473792937,33.6849469912608
0.917292771939508,30.645692012004,31,35.1094418096409,0.2970881750433,26.3981741005927
1.59888943582154,33.9646164185008,34,37.6447029320467,1.394382901102,33.1456778995182
-1.31556389797237,10.3834662059181,10,13.533813637429,-1.18345790666285,11.8137312560501
1.96710336280819,35.2562480351464,37,38.5996032519018,2.08544042659719,35.6356992622466
-1.31229088789361,10.4184410599068,10,13.5797365301196,-1.19577190728571,11.6760038628728
-0.91296878018983,14.8785421108746,15,19.2450164040424,-0.897044686319621,15.0572906414919
-0.780692157446745,16.3415618361174,15,21.0209305830479,-0.958334972821777,14.3659400432201
-0.319438469737021,21.0269474302592,21,26.339429236522,-0.348378945696602,20.7694865505044
2.06719477223793,35.558316562018,37,38.8228674053732,1.58195522957215,33.9331549416477
-0.414778060668959,20.1124590098944,21,25.3541727780933,-0.432447185141638,19.955918038878
1.47559283231787,33.4609014218662,35,37.269486831829,1.64810713202098,34.1893233632439
1.89110232286997,35.0137054403359,37,38.4205694081991,1.4969427454229,33.5877608444841
0.115737058518797,24.9013423053316,24,30.1947839314215,-0.530618911649878,18.97874933255
0.79589109917362,29.9059815940818,30,34.5191845683094,0.916593662095002,30.6799685524058
-0.385787515793076,20.393259772636,21,25.6597270231179,-0.470731345459049,19.5784410733893
0.698310831595299,29.2767320605052,30,34.0083616043511,1.10654577489485,31.7444860095783
0.410580243171614,27.2434283639053,27,32.297234171304,0.182746315184716,25.479925635414
0.933695449475914,30.7419863196086,31,35.1855043087382,0.374754196490166,27.0006883422704
-0.772566404959399,16.4299399093153,14,21.1267451095014,-0.689135501311196,17.3345381930154
-0.149159107223476,22.5997129755934,23,27.9660852489422,-0.127196647433761,22.8179220937679
0.951026125825511,30.8427914635308,31,35.2649444459009,0.809957957387571,30.0311327807914
1.40269644779029,33.1444657414716,34,37.0324125620016,1.37418803490929,33.0552344633835
-0.349110765971311,20.7450672729663,20,26.0387817121469,-0.209051249645642,22.0746258407612
1.69129729445709,34.317485517505,35,37.9062779613,2.14152813944369,35.7935542919229
-1.62732893510582,7.33471856986452,7,9.41757116081329,-1.44335993341744,9.0408499722179
0.775147259246053,29.7748051518848,29,34.4133743290496,0.656699866746129,29.0332900075009
-0.555723222737178,18.7110425965678,19,23.7910584985092,-0.320329215123034,21.0364450453739
-0.732827564841599,16.8592909452994,17,21.6382553708106,-0.801694929207948,16.1169645028859
1.23371814764552,32.3544121282635,33,36.4349383561366,0.874066745007338,30.4256740554903
1.7611422498994,34.5709118121311,35,38.0936691408003,1.93265847889504,35.1757625075018
-1.56967573831208,7.85111328448993,7,10.1326334683083,-1.51951225953605,8.3019709177919
0.658747478111799,29.0128000756277,29,33.7915987743889,1.15461690893165,31.9957862869734
0.0474590075746109,24.3250663189387,26,29.6529175950384,0.162176767599557,25.3109322541048
-1.21695979625509,11.456378810235,10,14.931333845349,-0.978325064830747,14.1392767248002
-0.144803296986512,22.6389781428971,22,28.005592576291,-0.513994323426617,19.1463709237466
0.668365539851631,29.0774294409872,29,33.8448178744929,0.618134333710218,28.770124028463
0.955581243325774,30.8691271877014,31,35.2856674809224,0.328113063788189,26.6409650880833
-0.615388791574997,18.0987050634729,19,23.0893929102799,-0.774699576555049,16.4125511154818
0.911016244385572,30.6086160745674,31,35.0801091274923,0.382212464654469,27.0576151739137
-2.7811576335637,1.1621415229377,1,0.346223401442037,-2.92637819522237,0.976098582083552
1.79549106267462,34.6915053642822,36,38.1827431148581,1.5801328564149,33.9259443379788
0.595753940390044,28.5821391202932,30,33.4346044871462,0.344662528062641,26.7693349097618
-0.418813381173998,20.0731789243993,19,25.3112198448165,-0.364272438935354,20.6172444921864
0.208486756824382,25.6644145366641,25,30.8967726525663,0.169546713785935,25.3716120853064
-0.215593355018231,21.9949538725976,21,27.3508308334906,-0.589409939538768,18.3787181714924
1.2758776341729,32.5591519451145,34,36.5905988080755,1.46325542149456,33.445680098579
-1.58064868230203,7.75105569385212,8,9.99472995524937,-1.20097612226216,11.6179226770638
-0.986154377768053,14.0543661932542,14,18.2258287383953,-0.699034208891033,17.2290831030419
-1.45537085331719,8.94156354382008,8,11.6169295628314,-1.42851913409655,9.18940443218735
1.28813686695278,32.6177194808403,33,36.6350159369235,1.64824345424699,34.1898402030882
-0.491157206603707,19.3606869320762,19,24.5233547184178,-0.621376511090055,18.047640511922
0.312925207490641,26.4952051975393,27,31.6420212456805,0.432856386713782,27.4397527710319
-0.873260508855593,15.3220497220803,14,19.7880316562816,-0.685526929191537,17.3729013335454
0.297389458793852,26.3735872628727,28,31.534118556302,0.182746881142859,25.4799302695074
0.0245098552204071,24.1286793606216,23,29.4658676181493,0.325266800708692,26.6188070005857
0.248559528603618,25.9868295504981,27,31.188280626245,-0.032672968395859,23.6554550819824
-0.364483732351284,20.5980694441622,20,25.8809124909598,-0.81413756366949,15.9800155556423
-0.508604648415569,19.1864422080933,20,24.3282114605238,-0.580813735342073,18.4671662662552
0.482072985447316,27.7729564736008,28,32.752295227976,0.187752690978672,25.5208842486401
0.201794658684647,25.6101378542856,26,30.8474065951224,0.201010102993727,25.62901901834
1.16809845135675,32.0253219106047,32,36.1834222753207,0.833419071009593,30.1770830310862
-0.712834677548995,17.0734474077731,16,21.8917658932668,-0.813624321470398,15.9856730962328
0.562977021607455,28.3530274491063,29,33.2429723680448,0.956854910998547,30.9152840727458
-0.900425496702475,15.0189759585724,14,19.4173795972282,-0.85319413774523,15.5474213373385
-0.242440131722855,21.7473919167423,21,27.0952890338684,-0.466396615025971,19.6214076637826
0.545259815445365,28.2277610266769,28,33.137684331643,1.15405315072932,31.992880546753
2.5248182079055,36.7184601413185,39,39.6917985845475,2.32208281977032,36.2648431161728
-1.29583236420316,10.5950446437324,11,13.8112339505988,-1.11384452252376,12.5986668418478
0.896816513382671,30.5242692194159,31,35.0132808492842,0.916140662840163,30.6772909035309
0.763530756199362,29.7007354482161,30,34.3534719801277,0.856844091952724,30.3210060376843
-2.43693798772421,2.24526866091093,2,1.98702113409424,-2.40706716864958,2.50912170279023
1.60524862481808,33.989560313205,35,37.6632236933738,2.25679310352285,36.1006789437453
-1.15664065991547,12.1283018765702,11,15.7952412691606,-1.1963535997872,11.6695081119532
-0.552108334050478,18.7477677060118,20,23.8327962291478,-1.10269291418251,12.7251491205227
1.71487023094346,34.4042680611862,35,37.9704841414574,1.45718004385998,33.4197342564176
-0.892679898191054,15.1055457148843,15,19.5234388513454,-0.979573668963497,14.1251048012406
-0.432156841440814,19.9429504050234,20,25.168448781693,-0.668402442606313,17.5543643295208
0.75111834082651,29.6211058495837,30,34.2889466228571,0.481521047278694,27.7995982006502
0.66365461171637,29.0458113325407,29,33.8187933468823,0.176294554201182,25.427042191895
0.184096807270891,25.4660064674417,24,30.7159008092476,-0.192539646424672,22.2259249509636
1.39714756211647,33.1197919725107,35,37.0138774005911,1.28488287715865,32.6414177195209
-1.47915116724802,8.70765557271057,8,11.3012683426502,-1.56557690096188,7.87498325220471
-0.182934238709351,22.2936407650655,21,27.6562932078864,-0.442859902105033,19.8536941897802
0.701330383341484,29.2966675598423,29,34.024673119802,0.621421281406828,28.7927412945958
1.1121714017448,31.7346186820005,31,35.9598287041241,0.666416301660474,29.0988327138957
0.15415874614105,25.2202531582526,25,30.4902700968381,0.241600324011959,25.9571048590907
-1.22347218812837,11.3844303500898,11,14.8383241253334,-1.26596126816762,10.9001167414795
0.0744471881204173,24.5542933741243,25,29.8696980074656,0.239512426016502,25.9403395983538
0.231319753068605,25.8486712183639,25,31.0637280900811,0.0277956665885083,24.1795688064766
1.42918357386097,33.2610915040282,33,37.1199236645038,1.77425020765434,34.6488438086585
-1.4976579979011,8.52812209534064,7,11.0580113309521,-1.3871554877233,9.61079385650803
0.6311953892715,28.826008457619,27,33.6372676728098,0.727402028471874,29.5031832723135
-0.245283406384711,21.7210648174101,21,27.0679871029616,-0.312109794212629,21.114260186642
1.28128694184115,32.5850478555887,33,36.610244030309,1.93406316202614,35.1801997418782
-0.506367619239332,19.2088365466708,18,24.3533446828027,-0.614419297318594,18.119987832859
-0.280299639415216,21.3951112828597,20,26.727955046314,-0.602324863952338,18.2453702534462
1.14926503995224,31.9284888032758,33,36.1090943729698,0.557494088458463,28.3466354065638
0.0623443353763331,24.4517280352878,24,29.772906486547,-0.140186208164146,22.7010912027272
-0.282661991202673,21.3730052841591,24,26.7047597401903,-0.577079862468305,18.505508206919
-1.30375384183111,10.5098952881102,10,13.6996979867357,-1.19018094279396,11.7384859848425
0.607120680732975,28.6607915633437,30,33.5001137732005,0.17836883374317,25.4440567621335
-0.849462165271915,15.5862343251336,15,20.1096111534067,-0.84294141478152,15.6613653771406
1.00758814537596,31.1651261390893,31,35.5177134605982,0.581922111709889,28.5186481315846
-1.49900361819365,8.51515515927358,7,11.0404083933575,-1.27873634256485,10.7608782332173
0.687893400418726,29.2077277728926,28,33.9518353252799,0.943042405821194,30.8351473062535
1.02837279378314,31.2810275643176,31,35.6081457581796,1.39285439698332,33.1388721851363
0.489782708400582,27.8291185443347,29,32.8001540233932,0.412073732595771,27.2838714525665
0.999652552779604,31.1205152942372,32,35.4828422586136,1.07974235772844,31.6012390570475
-0.813514844774693,15.9826475607687,16,20.5894238187722,-0.893984629956715,15.0916305469814
0.673548848007032,29.112135060564,28,33.8733585685111,0.137336827197351,25.1053492807874
1.21299309289309,32.2518557619109,33,36.356734060577,2.40257171024387,36.4580033481936
-1.35661716094661,9.9491333410209,9,12.9613571636792,-1.16720169975221,11.9961437857909
-0.381113601704131,20.4383041884728,19,25.7084951788079,-0.556401353119542,18.7170122651693
-0.601353467849064,18.2437994743046,17,23.2566165568847,-1.04382416404732,13.3944827108938
-2.00368167608191,4.50960917068194,4,5.34941994969016,-1.75668768284344,6.27134786190207
1.2385646115702,32.3782120563189,32,36.4530645420347,0.851174224004707,30.2863355730038
-0.617664853609256,18.0751143078993,17,23.0621490124634,-0.549382440922359,18.788482280751
0.917995204866932,30.6498334566143,31,35.1127167076447,1.20622598782009,32.257676448607
0.421057745329473,27.3220106114183,28,32.365208062981,0.10903125288413,24.8690997524085
-0.499333142476461,19.2791541957174,21,24.4321610852761,-0.53769399213483,18.9071411889192
0.540457972002447,28.1936392107393,28,33.1089409240899,-0.0330033416254408,23.6525664522189
0.841787825149308,30.1912463697768,32,34.7480867865614,1.06178607568898,31.504010088189
0.203595003554048,25.6247517797262,27,30.8607067089474,0.00437493884485065,23.9776565396049
-0.659970738270613,17.6335108222631,17,22.5493795864728,-0.778933161935099,16.3663377164116
1.78935792743495,34.6701643521251,36,38.1669835115514,1.68213689827549,34.3169568275776
-0.788023810333676,16.2616554527079,16,20.9251084462532,-0.74360185937627,16.7503316388666
-1.62900484714553,7.32005312587895,8,9.39713989784981,-1.25002635201136,11.0747231858803
-0.385838607064481,20.392767040021,19,25.6591931775977,-0.188126456109077,22.2662464293881
0.260923580083607,26.0853997489433,27,31.2768156732171,0.615295308158432,28.7505608263814
0.996025410316055,31.1000585563737,32,35.466839836814,1.26717586005612,32.5566292128122
2.26649295993277,36.1053925622836,38,39.2293411688062,2.79916538875458,37.2771088086526
-0.641674442224755,17.8252190054414,18,22.7726239154205,-0.908152784729343,14.9324785077521
-0.277284275837036,21.423306526566,22,26.7575148858625,-0.322888980287772,21.0121733060942
0.112457360695493,24.8739388336798,25,30.169249539353,0.0802533540707417,24.6267684627952
0.441356437887928,27.4733016081526,27,32.4956373755034,0.795052417580828,29.9374669968185
0.733420453195935,29.5067019526383,31,34.1960116072674,0.859743408637311,30.3386942309495
1.76121763444066,34.5711793512371,35,38.0938668109145,1.98038250168953,35.3243004586879
-0.0290873904291357,23.6648365636468,23,29.0191248112317,-0.164149358774859,22.4844544003772
1.2266803012519,32.319727898888,32,36.4085075462362,1.27121996385169,32.576075137144
-0.629021566055535,17.957149371748,19,22.9256876708998,-0.683528384272432,17.3941295334629
-0.97593198231126,14.1698726696401,12,18.3694370856944,-1.21952610358259,11.4115551419542
0.953773846462031,30.858685532211,31,35.2774526887689,0.443719268212941,27.5207074968407
-0.472795321574687,19.5430384743793,19,24.7265544511576,-0.481069220081836,19.4757335893599
-0.841097046003121,15.6787753828799,16,20.2219172263609,-0.74346575851716,16.751803342425
-0.664591041793266,17.5849250410306,18,22.4926480422968,-0.7393098149041,16.7967147545219
-0.432071614716195,19.9437838708996,19,25.1693642999771,-0.203733613867615,22.1234282840111
-0.0331084517753095,23.629746815931,24,28.9850415775337,0.257240939765809,26.0823083387475
0.921988505900407,30.6733472610599,30,35.1313044094883,1.10235534474253,31.722239332492
-0.191492675482742,22.2156293623467,21,27.5768126310407,-0.251693408772868,21.6806462245061
0.351728089614917,26.7958927687301,25,31.9070952541015,0.217940554949191,25.7664166970909
1.02733235991814,31.2752581339898,31,35.6036497496281,1.38692315763162,33.1124016405929
0.441396446700092,27.4735985597393,27,32.49589281685,0.10845000814872,24.8642264945597
-0.00552069909947011,23.8696777642989,22,29.217280357678,-0.0715057117049965,23.3140605644254
0.374244881531231,26.9683426495245,28,32.0580424438208,0.256652136770764,26.0776073462774
-0.445694886142441,19.8102808308486,20,25.0224276943827,-0.722106273685414,16.9820404216212
1.10589382184142,31.701392474584,31,35.9341852626512,0.972641910386804,31.0061196678637
-2.42917541512618,2.27707326081806,2,2.03422477762741,-2.59926588465715,1.79663899815584
-0.481340251199871,19.4583089067258,20,24.6322688884453,-0.517172777928983,19.114392359002
-0.241953817965255,21.751892814975,21,27.0999541609793,-0.377352597659196,20.4914116331069
-0.313236987927438,21.0855564431953,20,26.4015952663232,-0.38170372668114,20.4494442155561
-0.44791206334204,19.7885005860116,21,24.9984005594897,-0.192419299884708,22.2270251627033
0.303129412053546,26.4186024194412,26,31.574103951737,0.618661323580587,28.7737525573664
-1.0447114122845,13.3915453479971,14,17.3969981247011,-1.16726922603564,11.9953847675653
0.0449307505657279,24.3034965942624,26,29.6324335501306,-0.206766021761749,22.0956073046006
-0.487022804259194,19.401836873338,21,24.569301270529,-0.476248641971025,19.5236679685554
0.584340102149556,28.5027448929727,29,33.3683345369903,0.525382825108587,28.117636168284
-1.4320763659663,9.17410598291376,9,11.9293705731722,-1.34091787095572,10.0937929145898
-1.83053931623404,5.6971217751678,5,7.09082843518164,-1.98186181657574,4.70892905974478
-0.0611916471794384,23.3835555222227,24,28.7447606804786,0.0561883912186577,24.4224862909376
0.360304236592964,26.8617525646177,25,31.9648348335613,0.0350739757538566,24.2420340800496
1.29373718340708,32.6443307737731,34,36.6551817673834,1.16388359602542,32.0434090162302
-0.523650002856095,19.035415130921,19,24.1583095907877,-0.729947891416233,16.8976838584215
-1.57929118763143,7.76338912060533,7,10.0117448766824,-1.41234561834399,9.35290764459469
0.700829158353616,29.2933604502734,29,34.0219677842972,0.853717827386443,30.3019023969537
-0.542849607575245,18.8416379350723,17,23.9392967372374,-0.552046297068521,18.7613766613858
0.293152394459072,26.3402974774096,26,31.5045129178534,0.294838138478027,26.3804584051717
0.358983288985382,26.8516226527143,27,31.9559613005171,0.380601473574015,27.0453329574533
-0.606751620093751,18.1880713562088,19,23.1924583496479,-0.854129393981133,15.5370143047934
0.50530115718183,27.9416020832612,28,32.8957781166847,0.440883240639336,27.4996069957095
1.27413611952325,32.5507968439911,33,36.5842584068623,2.28929739754824,36.1832655893814
0.0263164556732329,24.1441878747164,24,29.4806837168333,0.0511499406656045,24.3795286221086
-0.323975110722689,20.9840064419633,22,26.293806537831,-0.423333888359452,20.0451163897096
1.44108891966199,33.3128958043669,34,37.158744048072,1.3989429008463,33.1659429277989
0.878814476719415,30.4164019631921,30,34.9276190632398,0.507978646212077,27.992160333532
0.103127436733943,24.7958282894209,24,30.0963404488575,0.576844824141356,28.4830526356278
0.355411958771897,26.8242094081094,27,31.931934536542,0.595756125435824,28.6152157825325
0.651278860267908,28.9624079134486,28,33.7500396985953,0.526360785534727,28.1246585350974
0.860558337806748,30.305942770567,30,34.8396659738732,0.953224759843337,30.8942827497559
-0.678944713785744,17.4335391712049,17,22.3154897374945,-0.510572601453317,19.1807607063665
-0.694132659422341,17.2726218626534,17,22.1265367958806,-0.467656689637277,19.6089236131569
0.795278288838027,29.9021264605736,31,34.5160799210269,0.386877449365434,27.0931374268969
1.26487270540783,32.5062071895055,34,36.5504039717826,0.847309809420007,30.2626447889543
-0.565161545866431,18.6149547786879,18,23.6816675512031,-0.483783738056221,19.4487091323018
-1.97977655649183,4.66325364245683,4,5.57668813945185,-1.99030394994185,4.6564150619156
-0.191372341394338,22.2167275039841,24,27.5779329262741,-0.08975188518118,23.1523578222052
2.03406996704096,35.4604688080603,37,38.750490824194,2.28929739754824,36.1832655893814
-1.11569041991281,12.5888503009539,14,16.38256161782,-1.2270765892952,11.3278695674719
1.637642473476,34.1150941299426,35,37.7563580422868,2.06687692774997,35.5821906936544
-0.830156929080062,15.7995387334929,16,20.3682040844424,-0.824535264104397,15.8652443212712
-0.784890921161606,16.2958192761335,16,20.9660944470669,-0.95265407417975,14.4302668053409
-0.652704482559414,17.7097785803777,16,22.6383096837257,-0.409599659349723,20.1790735121222
0.405417939674947,27.2045882491455,27,32.2635795104664,-0.0193707017114719,23.7715379226509
-1.73259319501755,6.45145619655903,5,8.17415318001496,-1.70379280527025,6.68818408794796
0.209327880946671,25.6712278014949,26,30.9029634930569,-0.0556946855360643,23.4535140095856
1.72393537436243,34.4372993459429,35,37.9949117138438,1.61294182729567,34.0544908550537
-1.22223804466482,11.39805493958,11,14.8559445918173,-1.01740358789435,13.6951462739911
0.896053367990033,30.519717715935,33,35.009670824186,0.549048147431988,28.2867203033158
0.504546497343842,27.9361494299343,29,32.891149751138,0.768130295088726,29.7664396885192
-0.191189201419947,22.2183987278487,21,27.5796377842103,-0.182535918813235,22.3172539563769
0.751120971852967,29.6211227815421,30,34.288960357144,0.475361962008146,27.7544590291637
0.572025021780661,28.4166153407157,29,33.2962792653163,0.447337014185576,27.5475883885899
1.5570112185712,33.7978486951687,34,37.5207430052556,1.58211761240712,33.9337970388799
-1.89725457513589,5.21851444877626,4,6.3936318846717,-1.94826841821355,4.92192755931534
-1.4578791047013,8.91672388313973,8,11.583475004013,-1.51204742890758,8.37261017532675
-1.7246090343527,6.51577202306289,6,8.26560071926903,-1.52938596971176,8.20915059235843
1.48970375348551,33.5205262524954,35,37.3140323450867,1.29199850901711,32.6752318712877
0.332302847179382,26.6459158646577,27,31.7751827994457,0.244192315668423,25.9779009879625
-0.987510108564389,14.0390405401469,12,18.2067558509888,-1.05256204970121,13.295038421975
-0.997959277898979,13.9208728753919,14,18.0595493985867,-1.16752650695028,11.9924929383751
1.08535248170356,31.5918222637711,32,35.8494906601369,0.598655945864245,28.6353800034024
0.61252160863983,28.6980183113636,30,33.5310709339848,0.313765261209701,26.5290287411727
1.07812667916568,31.5529688780072,32,35.8194097459335,0.686042644741217,29.2302857054955
-1.15054096710256,12.1967187155063,11,15.8827361770649,-1.21678618664277,11.4419690942426
1.60343467000023,33.9824552011215,35,37.6579486848007,1.66009363722168,34.2345967454066
1.11883702040923,31.7697663357471,33,35.9869352735917,0.781436860350377,29.8512694780023
-0.224573235217429,21.9123531552574,24,27.2658060393049,-0.218185080106254,21.9906314449263
0.0595847036144503,24.4282887970035,25,29.7507403104545,0.0254769755146428,24.1596407864857
-1.08894556222603,12.8908762201669,13,16.7656283137541,-1.04182957066077,13.4171837128862
-1.1327101018329,12.397107268464,12,16.1385094699142,-1.00381517683042,13.8496944511613
1.03566503678755,31.3213691855612,32,35.6395669367077,1.7267411704224,34.4801080204995
-2.03112418448786,4.33707460687887,3,5.09373641911908,-2.03093735670645,4.40917359359082
-2.22447275553802,3.23322825265954,2,3.45293868646688,-2.48527492840896,2.19789675979982
0.0148818004554194,24.0458891932126,26,29.3866427311428,0.0896765449769765,24.7063546272183
-0.544582229284861,18.8240926960729,18,23.9194107480968,-0.457825931329929,19.7061901932892
0.153033188005653,25.2109666446113,26,30.4817088939894,-0.164556892677081,22.4807576691556
0.447316412532999,27.5174833649834,28,32.5336189236033,0.842688975283923,30.2342524619737
0.751365448982948,29.6226960147485,30,34.2902364526032,1.11444289733248,31.7862621994212
0.680868597450933,29.1609974468008,30,33.9134968591114,0.639671824832823,28.9176868867262
-0.690935616707937,17.306557051538,16,22.166438613912,-0.751808320228471,16.661484868173
0.466201476849633,27.6567583273682,27,32.6530323893939,0.32100496334818,26.5855847654348
-0.601860132867733,18.2385729759932,17,23.2506031320724,-0.748809094797718,16.6939802969984
-0.783760337314657,16.3081412171198,16,20.9808705780984,-0.653383023540626,17.7127154212606
0.879597290479939,30.4211143024965,31,34.9313660011272,0.840401929848139,30.2201739836741
0.699459923368059,29.2843220097162,29,34.0145728161218,0.814735780783723,30.0610019411835
1.05100561200603,31.4056909774327,32,35.7051517407963,0.846305248745154,30.2564783097323
0.539091142381371,28.1839132191086,28,33.1007429707956,0.84730252533026,30.2626000876046
-0.69684284154745,17.243828555055,16,22.0926583363675,-0.683318990117162,17.396352915704
1.22023098804754,32.2878159836715,33,36.3841734759033,0.840624322496965,30.2215437304727
0.0236368820808288,24.1211824764611,24,29.4587026769349,0.301891840628593,26.4359473385871
0.398460730461119,27.1521162283687,27,32.2180518652562,0.606810777806882,28.6919406511809
-0.126848642002718,22.8003307783494,23,28.1673818068029,-0.377655832095326,20.4884886531725
-0.346404324068698,20.7708783494017,19,26.0664251953628,-0.141087532707603,22.6929688709834
0.133109061314721,25.0460205160451,25,30.3292154658719,0.161700914862317,25.3070093693528
-0.0229722598652688,23.7181227502118,24,29.0708047065509,0.700346145299668,29.3252958259579
0.977489377780042,30.9948658148772,31,35.3844332160182,0.586899370003968,28.5534622785013
0.971070117489068,30.9581817677593,31,35.3556483014708,1.41325461791774,33.2291719705279
0.802532106804813,29.9476812708818,30,34.5527472375162,0.276384503227667,26.2346190020221
0.504956634384604,27.9391130193723,28,32.8936654177471,0.746387466165057,29.6265771919937
1.74671266578568,34.5194661724685,36,38.0556533317989,1.61038147515648,34.0445554733367
1.70900763367899,34.3828054264357,35,37.9546088567205,1.5648906779591,33.8653077698475
0.0132652160272329,24.0319654392138,24,29.3732968484905,0.326152562348692,26.6257051537342
0.134951823050532,25.0613205954881,25,30.3433948664529,-0.103630079375121,23.0288119773635
0.487718802043516,27.8141019872587,29,32.7873650828373,0.83616290430307,30.1940342095766
1.58855936967935,33.923884604238,35,37.6144486839292,1.25090449344959,32.4779015015002
-0.794220740845389,16.1939957458815,16,20.84386135856,-0.918138871807121,14.8200725954097
-0.181043974566823,22.3108459529414,22,27.6737938726752,-0.510850621873561,19.1779678842762
0.243877730608937,25.9493923513748,25,31.1545834231488,0.543669554304404,28.2484468544948
1.0270017732506,31.2734242471608,31,35.6022205137727,0.853719036847589,30.3019097937954
-0.270608134256904,21.4856468419211,22,26.8227737393524,-0.559219908691534,18.6882667059092
0.109363906001037,24.8480656001033,25,30.1451199420173,0.331188509890502,26.6648809017769
-0.736335297424448,16.8215876107826,19,21.5935097645686,-0.897592742601584,15.0511383483467
-0.632258084308983,17.9234528374946,18,22.8866380652986,-0.682245397678404,17.4077502156217
0.19148356010909,25.5262683512591,26,30.7709574060246,0.217231191733871,25.7606756771354
0.879231252231974,30.4189110919944,29,34.9296142084766,0.46584443794463,27.6844753587109
-1.68294450108841,6.85849190769114,6,8.75046801649165,-1.94960243251614,4.91334443434318
-1.99406639007872,4.57103062631042,4,5.44032557015008,-2.007336769025,4.55167412291572
-0.274931233519728,21.4452920788654,20,26.7805452235344,-0.155131147213661,22.5661516492831
-0.242823817920234,21.7438404196303,22,27.091607449019,0.087879772429558,24.6911971588092
-0.537737818713492,18.8933456329065,18,23.9978492128453,-0.411842703212146,20.1572342787048
0.279446835283656,26.2322625221865,26,31.408225228242,0.19918591857546,25.6141682920176
0.57510004937901,28.4381668303492,28,33.3143250764032,0.372316015367161,26.9820425381202
-1.48235851804217,8.67638270371448,9,11.2589572326722,-1.59154570828309,7.64114111672428
0.96547066944267,30.9260755541139,32,35.3304353552115,1.05340422739759,31.4582753930193
0.0436887771789035,24.2928947666201,25,29.6223599261551,-0.0111810461936318,23.8427857100483
0.819554396573401,30.0539118021283,31,34.638090114165,0.804161910319891,29.9947973991969
-1.18304270798705,11.8330748012918,12,15.416699158338,-1.33400168731265,10.1670467427598
0.938667396210364,30.7710043882145,31,35.2083915388367,1.8255246562627,34.8252876378648
-0.685233172984111,17.3670035763832,16,22.2374413938849,-0.546926745338008,18.8134491600539
1.1724356597853,32.0474703380975,31,36.2004022903606,1.4763432871777,33.5012381936551
-0.543453502631751,18.8355237451628,18,23.9323678847262,-1.04899789448689,13.3356002791121
-0.375277981675462,20.4944569997957,19,25.7691937411393,-0.297882013469714,21.2485224828157
1.88894512716138,35.0066490273322,36,38.4153617632405,2.25209853692609,36.0886082924098
0.794255422521121,29.8956889831874,29,34.5108949671217,0.85400239738752,30.3036426424753
0.513080529707029,27.9977065368227,27,32.9433597780658,0.325269817494587,26.6188304986383
-0.739012619928223,16.7927842260973,17,21.5593037511966,-0.883711021736548,15.2067778918353
1.19448333622295,32.1591864499331,33,36.2859322828758,1.46449525490136,33.450962835752
0.719576894552779,29.4165039176443,29,34.1225460150152,0.414434559548907,27.3016448321021
0.529234923688711,28.113604455365,29,33.0414140307797,0.814475490443409,30.0593766349246
-0.343929928473496,20.7944586569505,21,26.0916595196326,-0.394609467682152,20.3246432407337
-0.782741646587528,16.3192404934243,15,20.9941776218782,-0.81141470613219,16.0100216328318
0.488248787223379,27.817959315682,27,32.7906507211726,0.273138550619043,26.2088662152187
0.438030877283421,27.4486016422959,29,32.4743824667811,0.839345246807957,30.2136635101951
-1.26361137276695,10.9441069952889,10,14.2669275208721,-1.42930867847743,9.18146528645352
0.000962028396089283,23.9257811492987,23,29.2713127035252,-0.155126595926794,22.5661928285063
0.418347268383686,27.3017137381412,26,32.3476661675037,0.267608070807478,26.1649198433474
-1.02177821098017,13.6512729442526,14,17.7227352570587,-1.10857064334244,12.6584651779305
-0.680214549750567,17.4201139547097,17,22.2997505986036,-0.761595212047737,16.5552530993094
-2.06757852327926,4.11411131561866,4,4.76274635661829,-2.06746169338656,4.19449275744906
0.221099975147219,25.7663788634136,27,30.9892827242807,0.379861233034915,27.0396867620341
0.418869188808214,27.3056237723435,28,32.3510462858387,0.370486033704905,26.9680363046098
1.10241566910183,31.6829310238903,31,35.9199291175361,0.96974122597563,30.9894900793545
1.77077217191383,34.6049854328788,35,38.1188420784463,1.85428665189051,34.9217546128579
1.47945094704484,33.4772554570772,34,37.2817086643379,1.70193745462,34.3899562354594
0.284885301137561,26.2751959994663,25,31.4465286341542,-0.137292977059728,22.7271499901692
0.0708758900918569,24.5240677811323,25,29.8412082318181,-0.0991856308544155,23.0684292106716
-0.252934898589626,21.6501125441846,20,26.9942868100052,-0.593608615318142,18.3354275602674
0.481269552506755,27.7670931710429,27,32.7472943674453,1.05636643785842,31.474463823289
-0.688681420207487,17.3304644119981,16,22.1945321117612,-0.703108160664785,17.1855879072981
1.45487845385144,33.3724252684481,35,37.203315420775,2.40552706948162,36.46490805794
0.435921470501605,27.4329168802714,28,32.4608774480555,0.331373890086449,26.6663216081166
0.245760746098859,25.9644569672921,24,31.1681478157643,0.161513763098124,25.3054663423223
-0.456316307229711,19.7058073371524,20,24.9070361232102,-0.265364815748037,21.5533310462066
0.00712770561400742,23.979042551378,23,29.3225131006817,-0.0231243902462147,23.7388258775647
0.363872560154656,26.8890909778355,26,31.9887691506829,0.478032272663537,27.7740438443392
-0.403716356401251,20.2198898090553,19,25.4713862040807,-0.400114080616003,20.2712647396807
1.76197165326977,34.573854657185,36,38.0958434337242,2.1668049239945,35.8628597699416
0.420880143668866,27.3206813600988,28,32.3640595546429,0.147444894205854,25.1892043276733
-0.296317365302282,21.2449336353482,22,26.570041559449,-0.332958566558319,20.9165178704059
0.828904702014164,30.111863551459,30,34.6845517052898,0.507190478995242,27.9864555280586
0.810779286053992,29.9992667713541,30,34.5942180524166,0.640728664071185,28.9248891252307
-1.85391473008863,5.52628999050176,4,6.84280289491067,-1.60428765300845,7.52823578817375
-1.38212898698979,9.683554988638,8,12.6092872380495,-1.17745875904596,11.8809732212927
0.122585929514514,24.9584765867587,24,30.2479476772064,0.0135498946829058,24.0569191357489
-0.765440585587062,16.5072818167661,18,21.2192011099784,-0.986492391447069,14.0465492444414
0.180723527029238,25.4384374546003,25,30.6906777649162,0.367550828643511,26.9455502319332
1.23815174274028,32.3761872330873,34,36.4515227492657,1.16367359829996,32.0423327281406
1.71389223495678,34.4006931803935,36,37.9678400765456,1.77478941349218,34.6507296016694
-0.192291466908278,22.2083388470401,23,27.5693739722414,-0.414389734804971,20.1324171859789
-0.860585669583697,15.462916162351,16,19.9596793524503,-1.11437096462577,12.5926996487219
0.0544503326770951,24.3846274085194,24,29.7094040845821,0.399663910084754,27.1901682929637
0.221005843996294,25.7656195453781,25,30.9885949119775,-0.12679993564509,22.821483582943
-0.849169257929037,15.5894775751333,15,20.1135501065761,-0.636879501890076,17.8858422134465
-0.706417397584484,17.1419174701216,17,21.9725833556073,-0.712708347330307,17.0828774558942
0.924588002508863,30.6886263821498,30,35.1433770043583,0.480932126172578,27.7952871572862
1.91503169835054,35.0913368414755,36,38.4778634341766,1.4077851753505,33.2050747418081
-0.793584167572032,16.2009510600055,16,20.8522181008616,-0.562265165694009,18.6571796375206
0.153922138353956,25.2183012874916,25,30.4884708877255,0.0505667873518928,24.3745525018361
1.46649410576105,33.4221781070919,34,37.2405362303417,1.07505745481987,31.5759695241921
-0.761851120078551,16.5461835484483,16,21.2656534303821,-0.750510837567114,16.675546034722
-0.0284478800798909,23.6704135217866,23,29.0245380483372,0.466069415402899,27.6861328785263
-0.949882790477952,14.4637207187075,16,18.7336515788092,-0.943709834480746,14.5314564564004
-1.49752240820344,8.52942934883818,8,11.0597857070445,-1.36516546298697,9.8390019008106
0.447054848819625,27.5155466595713,28,32.5319550212866,0.623391968575074,28.80628473568
0.446017663289849,27.5078649223875,28,32.5253544109635,0.856853975550141,30.3210663824907
-0.386002675713566,20.3911846844663,20,25.6574787370517,-0.555253912208846,18.7287071553354
-0.696902767202886,17.2431916290423,15,22.0919086897569,-1.27186534529831,10.8356819723542
-0.139762587000813,22.6843583182726,23,28.0511862706104,-0.0512232790242236,23.4928392501634
-0.0764324427673173,23.2491261701841,22,28.6127018775267,-0.0901590926161134,23.1487396082832
-2.51108466992783,1.95823568380749,2,1.5601463079294,-1.73856845003055,6.4118562213036
-2.02963393665502,4.34633970742955,4,5.10747771045769,-2.40715929557123,2.50873801795289
-1.88867016145384,5.27856767933135,4,6.48149862678242,-1.54878057931702,8.02888098717643
-0.06488154068561,23.3510622438387,24,28.7128961082834,0.104126569944145,24.8279504349962
0.708205593397431,29.3419482914496,29,34.0616908541933,0.598179834871071,28.6320711664122
-0.490313970645447,19.3690840321,19,24.5327349506952,-0.833134336629745,15.7701059702033
-1.62032442880362,7.39622493753938,6,9.50318317760451,-1.49680106707875,8.51811622134139
-0.487696537965246,19.3951347944937,19,24.5618216073303,-0.203440735999826,22.1261140636305
1.13577910987037,31.8584898380724,33,36.0552707002496,0.860109426740993,30.3409252805393
-0.781821960776244,16.3292584622151,16,21.0061859100319,-0.546679546390944,18.8159613180775
-0.168949253234029,22.4207198512749,22,27.7853117353913,0.121746732238199,24.9754879622425
-1.6243509134863,7.36082671379192,6,9.45392660426052,-1.48871114735234,8.5959882134652
-0.0255765085029643,23.6954412077213,24,29.0488183490624,-0.273602179608749,21.4763824561502
-1.50568119435733,8.45098304412371,8,10.9532257609674,-1.41147637061177,9.36174178736344
0.0633566067898645,24.4603209665055,24,29.7810283712991,0.46136574274924,27.6514461186535
0.76371226894554,29.7018961934442,31,34.3544115819243,0.785608958997968,29.8777469673849
-1.04830250933254,13.3508737992043,13,17.3458787889116,-0.995720606281167,13.9417079010857
-0.758662143131309,16.5807123523353,16,21.3068549896214,-0.706336444563038,17.1510827643666
1.08299203071033,31.5791478233906,34,35.8396807042706,1.66623137307688,34.2576455695603
0.236730176396647,25.8921195523319,25,31.1029557780641,0.222141906263188,25.8003907253269
-0.469328482650902,19.5773506898039,18,24.7646713419999,0.190516360430157,25.5434655958301
1.01143954241812,31.1867054867369,30,35.5345687898444,1.20156850743376,32.2343743446265
-0.527723033856904,18.9944056666351,19,24.1120543219932,-0.246807464295618,21.7260277480298
0.509006162715685,27.9683460469666,28,32.918468821012,0.603286647943263,28.6675240746317
1.27968640497297,32.5773944152991,34,36.6044389476166,1.66832152955761,34.2654740915887
0.691955073712498,29.234673840121,30,33.9739209529057,0.715697670371515,29.4265233452604
0.132179731379238,25.0383010567887,25,30.3220587488005,0.306242049270405,26.4700977554215
-1.26865366643933,10.8892068073916,11,14.1954184244416,-1.63995712083566,7.2186168056343
1.09458646866666,31.6412386235337,31,35.88771290673,0.929599209370167,30.7565584276738
0.297372613859622,26.3734550178786,25,31.534001006485,0.348032838775363,26.7953794130502
0.0660952611996445,24.4835555354455,23,29.802977634966,-0.348070144308072,20.77243746258
-1.63942211902566,7.22933355958285,6,9.27059711338185,-1.48155238488322,8.6652773953262
-0.77040200059802,16.4534477911609,15,21.1548612596966,-0.799509521710476,16.1409727407229
-0.933177426153172,14.6517088251193,15,18.9658001565308,-0.897586041451301,15.0512135768482
-1.65371918146806,7.10605814855232,8,9.09820776156147,-1.82859141014043,5.73651140373246
0.887341311234218,30.4676246943378,31,34.9683249956841,1.21663037029758,32.3094949337726
0.596970816904468,28.5905790991558,29,33.4416408388784,0.865994190502432,30.3767353581524
-0.488705058268576,19.3850997293827,19,24.5506196115691,-0.309045809270869,21.1432203718901
-0.52354376968299,19.0364840350244,19,24.1595145403624,-0.535298443934424,18.9314052097214
-1.33471299951068,10.1798479562278,9,13.2659458810856,-1.39838036158667,9.49540140855047
-0.719574391092332,17.0013955207135,16,21.8065970998928,-0.42630447452515,20.0160685764127
1.34120927033234,32.8663184291369,33,36.8230231585853,1.38820165951668,33.1181157480004
-0.896910739457021,15.0582737166907,14,19.4655428308898,-0.850857932049714,15.5734079620975
-0.350612659408189,20.7307350846448,21,26.0234221557851,-0.814678112806512,15.9740562172699
1.18493800551453,32.1109987034484,33,36.2490634723393,2.10868391347846,35.7018059132462
-1.39779441079303,9.52223371913107,9,12.3946464273039,-1.46442451796453,8.83248873959246
-1.02534476833091,13.610885188876,13,17.6721637305909,-0.847779283223814,15.6076323872351
-0.777829424134003,16.3727198656033,16,21.0582559668641,-0.964471517302474,14.2964078936133
-0.906854419066903,14.9470344890656,14,19.3291295987926,-0.876571194131637,15.2866674089563
1.31622536734382,32.7502861641661,34,36.7353765367264,1.42162578315579,33.265894349494
0.705985737491888,29.3273448949125,29,34.049757129772,-0.141209990547043,22.6918651793458
0.239916409028919,25.9176682669206,25,31.1259976975495,0.367556258643935,26.9455918537396
0.661736540528145,29.0329173532121,28,33.8081741697592,1.61099668010426,34.0469442374684
0.0710076237392309,24.525183290571,24,29.8422601874608,0.333049745239525,26.6793411951258
0.0256547496058309,24.1385085103796,25,29.4752588190071,0.270309949076927,26.1864003296248
0.112744390877758,24.8763382402244,26,30.1714862086215,0.0513052874953469,24.3808540700898
-1.19201432637566,11.7331292318871,10,15.2881812919156,-1.00207457685052,13.8694839957964
0.923624146242087,30.682963633467,31,35.1389031702749,1.31471128192008,32.7821807167561
-0.142037976195819,22.663881424103,22,28.0306218336245,-0.555858046215437,18.7225502712697
0.750802815331856,29.6190751235372,30,34.2872993646498,-0.0458156676770478,23.5403318666131
-1.2130242311616,11.4999216196148,11,14.9875748807043,-1.39334600397453,9.54706135710172
-0.0231339593158045,23.7167149327257,23,29.0694405323192,0.00380526315758392,23.9727281322877
-1.90008878316997,5.19878458869765,5,6.36474141003512,-2.06383892467071,4.21547491310347
0.420430458868306,27.3173152863652,27,32.3611509783901,0.208720876496297,25.6916923785889
-0.109111092825354,22.9589459817616,23,28.3255539145168,0.258114842692906,26.0892837720056
-0.300274172383506,21.2077305973585,21,26.5308006201158,-0.166393248213888,22.4640949469998
-2.03112418448786,4.33707460687887,3,5.09373641911908,-2.3984465510738,2.54520154445246
0.456811915535755,27.5876488465664,29,32.5938382346863,0.746328040032936,29.6261928023119
0.0696213004776847,24.5134417780091,26,29.831185667253,0.035024678183493,24.2416114398524
1.13669988473746,31.8632867257789,33,36.0589616489452,0.75004934817724,29.650241209863
0.113507094835447,24.8827129522362,25,30.1774277075287,0.490672614760429,27.8664513951842
-1.02142928001552,13.655224063116,13,17.7276810502154,-1.17745765700821,11.8809855818566
1.47415828301316,33.4548105872433,34,37.2649342405395,1.59864377183283,33.998799990987
1.18594660519623,32.1161032927768,33,36.2529707344668,1.47441440661352,33.493078799645
-1.56230503411357,7.91878850678076,8,10.2257347028123,-1.50453434369561,8.44410691626725
-0.63079032285719,17.9387385092725,19,22.9043558491336,-0.751656267467406,16.6631329765397
-0.141191267012868,22.6715027134599,22,28.0382773963714,-0.392419733319063,20.3458525464482
1.696130564402,34.3353840782257,36,37.919523714054,1.87385638746736,34.9863818174239
-0.576001715228635,18.504237067106,19,23.5552866896195,-0.565465205664432,18.6244794810722
-0.46044019072294,19.6651521487204,18,24.8620366434487,-0.0554150026265329,23.4559752283658
-1.61501158387755,7.44310481150354,7,9.56835429388771,-2.17063616325186,3.62456501260437
1.25004445163702,32.4343125085664,33,36.4957579827295,0.901681429849864,30.5914717421515
0.0862458777206953,24.6539166718388,23,29.9633981005768,-0.174159614839346,22.3935306264643
0.85540359902728,30.2745586542687,30,34.8146330246172,1.30789503170133,32.7502415788667
-0.433289034720134,19.9318761855991,20,25.1562821666507,-0.709360552768588,17.1187290080499
-1.33660066782345,10.1598711021225,10,13.2396180426773,-1.39926039064077,9.48638676942168
-1.17190300112008,11.957447862481,12,15.5763678874751,-0.918217006259286,14.8191923766797
-1.23214195476506,11.288855980456,10,14.7146192157446,-1.39192810557939,9.56163865219668
-0.481082175396928,19.4608712325979,19,24.6351235459032,-0.435399606236632,19.9269668816229
-1.39669776525745,9.53348214443358,9,12.4096321755354,-1.72627215704735,6.50855688048332
-0.445711286245166,19.8101197802722,18,25.0222500862624,-0.478681657813059,19.499483897094
-0.0712554830051425,23.2948535142315,25,28.6576911455422,-0.239546222644877,21.7933563887055
0.141969509910173,25.1195043577155,24,30.3972524642846,-0.171301216278664,22.4195193795248
0.91960422222429,30.6593140172735,31,35.1202123596336,0.732499525274448,29.5364299947811
1.23024658509317,32.3373216303622,34,36.4219169328515,1.33558986041858,32.8791803650086
0.292911114128963,26.3384002303639,26,31.5028247266035,0.159744021476178,25.290870571904
-0.316246029814351,21.0571315688425,20,26.3714601524917,-0.352955768739189,20.7257188736325
-0.191539649568361,22.2152006775721,21,27.5763752866859,0.0688366288209613,24.5300393209789
-1.16759497224749,12.0056231603164,11,15.6381376804822,-1.08017434575943,12.9809399090845
-0.89444214041989,15.0858601597643,14,19.4993344910343,-1.09865291688492,12.7710055191672
0.379761388126285,27.0103618629441,29,32.0947049123729,0.125103467796356,25.0035026178098
-1.064626210469,13.1660315750243,12,17.113175742685,-1.36924013314046,9.79650565719997
-0.251987638550282,21.658904710565,21,27.0034290678093,-0.0621251811085892,23.3968718494213
0.109566005608409,24.8497567010184,24,30.1466977030171,0.179818921528481,25.4559444322316
0.145517237128527,25.1488686845468,26,30.4243948273777,0.0277954203036915,24.1795666904994
-0.929582990613091,14.6921035617228,13,19.0155959303181,-1.12834291860927,12.4344676834138
0.588118362310031,28.5290724148401,29,33.3903259445339,0.171155902140377,25.3848418545703
0.504403647135008,27.935117091936,27,32.8902733932573,-0.0344667538744365,23.639767787874
-0.0592487756148195,23.4006508927236,24,28.7615110508434,0.14595351302791,25.1768490537402
-0.102302437836722,23.0196239596616,23,28.3858347120468,0.162179475199263,25.3109545735693
-0.785293959070694,16.2914257766158,14,20.9608250650379,-0.82708405615628,15.8370655925434
-1.18652904058737,11.7942121319804,11,15.3667486608851,-1.24562462864827,11.1231279006816
-0.562150105308775,18.645644539803,18,23.7166357092375,-0.473306521058043,19.5528877800374
0.634076838805265,28.8456580483642,29,33.6535389916161,0.384266868583465,27.0732667531533
-0.0302105994023571,23.6550389569498,25,29.0096123392388,-0.265109969468796,21.5557088070902
-2.72160696323461,1.30576985791311,1,0.571877694544509,-2.25778260965637,3.18306310041917
-1.12387512233862,12.4965900093214,12,16.265215489105,-1.00259946247166,13.8635165683412
-0.408748428315432,20.1710628533611,20,25.4181608433955,-0.158800009540515,22.5329395425281
-0.0474523989052126,23.5042459681966,22,28.862806211109,-0.0439491027872369,23.5567081876476
1.32499378610356,32.7912098643988,33,36.7663094717211,1.5801392635125,33.925969703627
-0.810446316610923,16.0163289621487,16,20.63003716514,-0.921673567976209,14.7802418758166
0.397593365385014,27.1455642306454,28,32.2123620474706,0.478470427407003,27.7772552851298
0.869729387065558,30.3615671588514,30,34.8839864943288,0.915264545732442,30.6721103351389
0.395772478738629,27.1318020428732,26,32.2004072532182,0.0456150363494169,24.3322637397732
0.565642165819653,28.371784700285,29,33.2587066488307,0.59852639304439,28.6344797200001
0.121722757865901,24.951282698083,25,30.2412591934709,0.10647186911188,24.8476348390624
-1.61606462413599,7.43379729876415,6,9.55542086140507,-1.83924897838582,5.66024514340734
-1.25499166412066,11.0381815795658,12,14.3893237355922,-0.983325189658548,14.0825152714707
0.668099953300662,29.075648825529,28,33.8433528495769,1.06461870965639,31.5194157774599
-1.51406304733029,8.37084868393548,7,10.8441984581344,-1.43538315281115,9.12051869969341
-0.619370670608421,18.0574227671087,17,23.0417077979913,-0.568120205891895,18.5973231982604
-1.71325698673259,6.60796732683772,6,8.39643639799899,-1.62836142984584,7.31822703070564
-0.0504755121442785,23.4777301602633,23,28.8369132362401,-0.313693656966825,21.0992797797819
-1.60305323737956,7.54934241153362,6,9.7157830117782,-1.45753360512197,8.90032406856661
1.61514816256231,34.0281941042195,35,37.6918993055945,1.67094985009491,34.2753034649092
-1.0992985316853,12.7738736698365,12,16.6174274435013,-0.917093297826012,14.8318503914148
0.574997536626074,28.4374488496683,28,33.3137240586431,-0.257283272175817,21.628649911132
-0.116812137478046,22.8901765333884,24,28.2570824633366,-0.32619000081728,20.9808463289317
0.0164781916606544,24.0596325395881,24,29.3998095455891,0.121630620226127,24.9745183857396
0.103067991965836,24.7953298836382,23,30.0958746311656,0.452623194174999,27.5867941045901
0.213768672887514,25.7071666936088,26,30.935597097002,-0.220518193229896,21.9691418815145
-1.18509082448556,11.8102404654074,12,15.3873534197074,-1.31363245493143,10.3842131148639
-0.852865616322052,15.5485340340469,15,20.0638078904793,-0.758131433678192,16.5928845832849
1.03253794835697,31.3040901809788,32,35.6261121950268,1.48132602011577,33.5222699422204
-1.28272660540738,10.7365123101061,10,13.9962129166593,-0.900537794439361,15.0180678454375
-0.93514312580603,14.6296096058828,14,18.9385445615308,-0.983136544642299,14.0846571971327
-0.440708043883092,19.8592145755625,19,25.0763530878418,-0.377322903681014,20.4916978492276
-0.499857434903004,19.273918658453,18,24.4262980760513,-0.409484765721632,20.1801917641199
0.636956987148172,28.8652720487155,29,33.6697722635152,0.595868520524981,28.6159978372312
-0.232315203811905,21.8409738280004,20,27.1921396322254,0.0987697529585372,24.7829363703813
0.221686324434406,25.7711081531154,25,30.9935662812724,-0.0800490053795685,23.2384503538251
0.176914995202249,25.4072740631582,26,30.6621393777182,0.563149323286668,28.3866266270338
0.289265261905248,26.3097116263656,26,31.4772853023162,0.57114035989351,28.4429618959196
0.421710849595954,27.326897914723,28,32.3694304392061,0.216076959014766,25.7513312848773
-0.403269638882214,20.2242208140546,19,25.476103500637,-0.427417789536191,20.0051752226507
-1.28038391703241,10.7618755644188,10,14.0293342850289,-1.2502662850022,11.07208679937
-0.259934220772434,21.5850748166995,22,26.9265753406959,-0.366940980147369,20.5916125265044
0.77179202686195,29.7534564289097,29,34.3961205806702,1.05361736052183,31.459441090834
0.613065898994712,28.7017647281859,28,33.5341846613929,1.3143271009098,32.7803841128998
0.814552022436358,30.0227912912314,31,34.6131121874183,1.21626735075107,32.3076924192943
-0.175533812912885,22.3609482449622,22,27.7246978994755,-0.01918309071001,23.7731719623473
1.66645848223005,34.2246389939763,36,37.8375360612183,1.6668724412867,34.260047751355
-0.87075845462529,15.3498858809212,14,19.8219823337446,-0.788575495244505,16.260883573079
-1.71133790570657,6.62364034142675,6,8.41864870163899,-1.60387393843394,7.53188267030399
-0.278328187566412,21.4135481125461,21,26.7472873258779,-0.540564092711033,18.8780458691949
1.0479116438475,31.388743805642,32,35.6919802655249,1.08618474046303,31.6358752818388
-0.958532878431121,14.3662311516155,15,18.6129965791839,-1.13816068874639,12.3234599073637
0.233641386595132,25.8673250786669,26,31.0805764369331,0.39823820311218,27.1793735000229
-0.501357434081626,19.2589350329313,18,24.4095139577517,0.212080291227999,25.7189469799641
0.952572128287381,30.8517372149327,30,35.2719851065938,0.501454819673105,27.9448819024568
-1.18322764475059,11.8310125249973,12,15.4140492060403,-1.04275384189653,13.4066643200471
0.429026247636959,27.3815516923887,28,32.4166074837162,0.449286179161446,27.5620546252943
-2.17165470846794,3.51564656974165,3,3.87281592877656,-2.00738861640613,4.55135774336236
1.59888943582154,33.9646164185008,34,37.6447029320467,1.82598690892911,34.8268521189995
-1.31218985308146,10.4195214818793,10,13.5811547455731,-1.51257713015147,8.36758452723597
0.0120521197803985,24.0215126209316,23,29.3632737257803,0.168843691647289,25.3658300852712
0.860260475269272,30.3041316061285,32,34.8382218562978,1.1623104678849,32.0353430747974
1.07813709212147,31.5530249852316,32,35.8194532034319,0.893457728198847,30.5423575683645
-0.866436633874583,15.3979345855545,15,19.8805485296693,-0.615477425075367,18.1089949462169
-1.26275514500585,10.9534392506145,11,14.2790771098009,-1.50455006823229,8.44395685880968
-1.07566999202302,13.0410346652286,11,16.9554626868386,-1.35895852266003,9.90391601046894
-0.666629978670045,17.5634618607602,17,22.4675668582377,-0.478076110933202,19.5055047401679
0.27481518664681,26.1956317622874,26,31.3755047098717,0.656208471751218,29.0299671239136
-0.672094168812848,17.5058749642274,17,22.4002137843583,-0.565651489647881,18.6225748634165
-0.954690156180594,14.4095516592116,17,18.6666330456477,-0.900752112834932,15.0156605497569
-0.773264372337236,16.4223562366333,16,21.1176721335432,-1.02873993815208,13.5661554468257
1.25335625179517,32.4504252686449,33,36.5080115574144,0.991138907185167,31.1115241719386
-0.0924219339061202,23.1074734416451,22,28.4728867795318,-0.400549617239,20.2670375249348
0.321210016866952,26.5597747377924,26,31.6991467210032,0.468089064134442,27.701005629579
1.60828637549235,34.0014408765569,35,37.6720432066396,1.48083738373157,33.5202103613919
0.393868861115945,27.1174039037887,27,32.1878948331716,0.138703509440867,25.1167028686879
1.21325178775382,32.2531437135237,32,36.357717168147,1.90151955779051,35.0763647910809
-1.02856407372847,13.5744272307214,12,17.6264873273911,-0.774644546702959,16.4131514612411
-0.471486724119714,19.5559943479547,19,24.7409513477476,-0.514833317657636,19.1379329257867
-0.110749629041639,22.9443263631738,23,28.3110111900967,-0.116136824732919,22.917065058576
0.737915667406756,29.5358566875871,30,34.2197212389956,0.213615192081985,25.7313891946982
1.33486562992479,32.8370234446694,34,36.800911767667,1.58296581394148,33.9371499374273
0.414215815762707,27.2707332382364,27,32.3208706984937,0.6097218390619,28.712079496796
-0.860115931569602,15.4681297084473,15,19.9660243722134,-0.423192326029778,20.0464999932183
-0.681134095696349,17.4103888592197,17,22.288346454014,-0.407208867048328,20.2023348812491
-0.131702012078185,22.7567941709286,22,28.123815753954,-0.0254065014987523,23.7189209173956
0.641087508905652,28.8933545293503,28,33.6929994760143,0.804384993982127,29.9961979514614
-1.33345315869003,10.1931903053843,11,13.2835252289726,-1.12248304601863,12.5007965979802
-1.1775522526291,11.8943381539101,13,15.4953842836273,-1.05346381486823,13.2847762466399
0.674911141966464,29.1212420780487,29,33.8808435158705,0.973760551778317,31.0125255633813
0.182986295662662,25.4569339400172,24,30.707602759444,0.404651254718863,27.2278820973789
-1.2883588505599,10.6756273720499,11,13.9166514157626,-1.47656122663371,8.7137962091633
0.712142665719397,29.3678091136767,30,34.0828128499882,1.15496058407402,31.997557188672
-1.56376936501171,7.90531386632818,8,10.2072085045314,-1.39382166992118,9.54217378024383
0.0784593219455584,24.5882106494978,24,29.9016334390371,0.23857984041259,25.9328472727191
1.42021553438516,33.2218167873603,35,37.0904716433643,0.957446563324059,30.9187028817857
-0.126982232518875,22.7991332029719,22,28.166184293386,-0.0847799740398818,23.19650220673
-1.33818432655976,10.1431250064236,10,13.2175414748181,-1.68199061438716,6.86594593601005
0.222709182910125,25.7793558901149,27,31.0010351455818,0.0410972588479525,24.2936268457562
-0.974053200676574,14.191091155336,13,18.3957908731697,-1.03014407549059,13.5501761344554
0.223682067399733,25.7871979702466,26,31.0081348602367,0.322630919072879,26.5982657635364
-0.517547709441655,19.0967573254022,18,24.227402621059,-0.979375833868152,14.1273503732171
1.00263713347203,31.1373168192303,32,35.4959797663574,0.516723783525692,28.0553275303527
-0.151594912899254,22.5777349509968,24,27.9439484043136,-0.0142737004276607,23.8159001458325
-0.780735068822617,16.3410946061319,17,21.0203707048025,-1.1782722444864,11.8718499074401
0.8635065203655,30.3238538170166,30,34.8539437566685,1.21542866952842,32.3035265693379
-1.19922899857227,11.6529087384767,12,15.1848921189847,-1.12348939194379,12.4894019666281
-0.221863402540863,21.9373010140734,22,27.2915112034102,-0.173756508911202,22.3971969404751
-1.33654763390297,10.1604321123455,11,13.2403575245111,-1.03408495678744,13.5053264927141
-2.13650905945121,3.71150305164699,3,4.16413634444402,-2.17450398904732,3.6042095195692
0.170891215535164,25.3579040482515,24,30.6168695419144,0.788072627166004,29.8933553483965
1.20943458839067,32.2341190823561,32,36.343192902089,1.24475640269021,32.4479504474993
0.493659078291125,27.8572863462811,28,32.8241285777451,0.918320803959062,30.690171439219
0.425624039618545,27.3561538701915,28,32.3946934771676,0.535217673539435,28.1881191928942
0.299666739631054,26.3914580447518,28,31.5499991430914,0.750252411075098,29.6515521665021
0.745716856334969,29.5862971663729,29,34.260699069397,0.618137239240631,28.7701440366193
-2.14353558457824,3.67183954505538,4,4.10513780924518,-2.46790951038128,2.26448707485433
0.245560152798328,25.9628526423476,26,31.1667035628438,-0.384305885979799,20.4243197767747
-0.530089815612911,18.9705512797775,18,24.085125025416,-0.700614237809313,17.2122205288464
0.406257849532922,27.2109130501424,27,32.2690625178226,0.338601309050723,26.7224123926937
0.0410673713856859,24.2705047980998,23,29.601073709579,-0.166061267990197,22.4671078970677
-1.51404645083591,8.37100689442994,8,10.8444138874668,-1.53845535822835,8.1245118044812
-0.675443791025275,17.4705250494286,16,22.3588265742859,-0.122243725530275,22.8623589553516
-1.2232233275262,11.3871773135594,10,14.8418770157165,-1.29191904851287,10.6179321947326
1.75827398619851,34.5607229032327,35,38.0861408984227,1.75612764724846,34.5850828908043
0.0835756831556888,24.6314022366892,25,29.9422493213344,-0.403983127047025,20.2336931584966
0.910976390519317,30.6083802498176,31,35.0799224711838,1.11196510847516,31.7731755112921
0.848847112148133,30.2345157795153,31,34.7826655545795,1.31355062900907,32.7767516801855
-0.190150338628624,22.227877156842,22,27.5893051274242,-0.442919223105228,19.8531108793562
-0.513903936658699,19.1333292455328,20,24.2685406299212,-0.546676760717517,18.8159896263277
0.661092160131038,29.0285829229819,29,33.8046036170263,0.628140628995177,28.8388681080154
-0.436528493285421,19.9001692420003,19,25.1214252580177,-0.795385086521075,16.1862451647871
-0.667464944682742,17.5546685244294,18,22.4572877998332,-0.61224311023314,18.1425844324364
1.92026043225854,35.1081435271734,36,38.490267979723,1.48115834363945,33.5215632646959
-0.726722647187554,16.9248185240115,16,21.7159416867873,-1.00207457685052,13.8694839957964
0.277131171480452,26.2139560632622,25,31.3918775637726,0.499538648948248,27.9309700523057
1.05787380118263,31.4432045407688,32,35.734289961919,0.686720221889698,29.2348015427831
0.123933414007157,24.9697029255995,24,30.2583821707061,-0.0511877556665575,23.4931514729896
0.691348953728436,29.2306560963636,29,33.9706289093104,0.832907465173609,30.173919638197
2.293380166252,36.1740195547576,38,39.2806461880599,2.42837580631534,36.5178518368096
0.795107609358482,29.9010525142994,30,34.5152149882065,0.863493635783231,30.361532800553
-0.548262407389616,18.7867935440327,17,23.8771048861933,-0.952881645547904,14.4276907559601
0.144604910858101,25.1413206228127,26,30.4174203876448,-0.128875847911707,22.8028426894792
0.660853376873654,29.0269764046029,30,33.8032801184731,0.340167120396579,26.7345443058114
-2.03076182973274,4.33932632706735,4,5.09707610543408,-1.45752739407654,8.90038535527335
0.87539620889037,30.3958016598688,30,34.9112340371123,0.853717827386443,30.3019023969537
-0.263950027378664,21.5477023359347,22,26.8875994867034,0.0716767653062244,24.5541338671279
-0.729838021310229,16.8913940565595,15,21.6763280783087,-0.478724945695918,19.4990534494817
-0.690005088880919,17.3164279621393,17,22.1780396459015,-0.586641671778137,18.4072283256808
-0.124853040802441,22.818215116191,22,28.1852593548358,0.103128146208939,24.8195661939565
0.661184411208871,29.0292035329478,30,33.8051148791792,0.328110533318337,26.6409453988872
0.0649771833911606,24.4740721669038,25,29.794020924424,0.163812262859417,25.3244105094729
0.667060893883487,29.0686802969653,30,33.8376187346342,0.127272764775864,25.0215914204652
-0.820194183485789,15.9092446036312,16,20.5008292933772,-0.87419222346098,15.3132611672742
0.945971309299065,30.8134890584085,31,35.2418719364657,1.06467044223548,31.5196968965951
0.0366436460185338,24.2326811114788,23,29.5650782928225,-0.0805342583274202,23.2341503113065
-0.435469076276676,19.9105419766746,20,25.132832118883,-0.716433705987586,17.0429396943326
-0.360960491611874,20.631817434691,20,25.917221763898,-0.478919753576053,19.497116239132
0.297751580040826,26.3764299804886,27,31.5366452735592,0.707018972598134,29.3693909780191
-1.24188649120712,11.1817303983024,11,14.5757538883153,-1.11842604316721,12.5467477685493
-1.93130005498584,4.98466117957347,5,6.05050748849914,-1.8535696170015,5.55895150810731
0.833466010043283,30.1400308488747,31,34.7071100784823,1.20656383295941,32.2593641930171
1.00624295026307,31.1575779826048,31,35.51181574568,1.09482158856532,31.6821050086686
0.973766844491757,30.9736086837231,31,35.3677563406779,1.58125604210925,33.9303894452901
-0.645159336905526,17.7887894670815,17,22.7302766036916,-0.513986362169024,19.1464509814825
0.729146488325175,29.478921277931,29,34.1734027701304,0.924040486345726,30.7238904100744
0.0879751262300221,24.6684873973259,24,29.9770766178994,0.0199125791476943,24.1117621777477
-0.138589326939666,22.6949117951437,23,28.0617792154896,-0.0376958642468151,23.6115078733588
0.630173172177639,28.8190311868882,30,33.6314879036337,0.449830701805213,27.5660938608853
-0.361766042866903,20.6241043918661,21,25.9089267755285,-0.164270280673001,22.4833575640171
-0.678409334398281,17.4391978392536,16,22.3221223369098,-0.56896838426045,18.5886428108678
-0.563858231453754,18.6282405550469,19,23.6968088560103,-0.873351820671964,15.3226527050851
0.689705118738722,29.2197537316019,31,33.9616940178668,0.109023707548317,24.8690364966263
0.759302698310538,29.6736673736008,32,34.331552968256,0.394962857480747,27.1545509959399
-0.712570920865922,17.0762641929518,18,21.89509290136,-0.560081736811832,18.6794719628837
-1.68202115880692,6.86622274155659,6,8.76135851467969,-2.13791398861006,3.79964999256864
-1.08535439003693,12.9314829045588,11,16.8170046622024,-1.16267558192124,12.0470422400873
-1.12219793366852,12.5154882762977,12,16.2892648585511,-1.15313384139183,12.1544887939981
-0.514490277628967,19.127447085895,18,24.2619268459003,-0.519752800726037,19.0884107087367
0.403556343853249,27.1905622128422,27,32.2514166207146,0.338593415853328,26.7223512180241
-0.700504375389169,17.204890265686,16,22.0468103505154,-0.571666825769879,18.5610106911724
0.0179615879673999,24.0723973354616,23,29.4120333931731,-0.182665722234432,22.3160705395856
1.29272872602098,32.6395454792749,33,36.6515562390118,1.02579746977137,31.3060638464393
0.0750264249388759,24.5591926252113,25,29.8743132081976,0.0612537475607433,24.465608115235
-0.401426307824153,20.2420861010789,20,25.4955555871045,-0.177255422489305,22.3653600883182
-0.542230884305783,18.8479010349223,18,23.9463931802612,-0.366747736551587,20.5934693590334
-1.3383728882207,10.1411319194661,9,13.2149135641516,-1.37303467100444,9.75701602930606
-0.720186285589612,16.994846820896,17,21.7988499760205,-0.814835024959375,15.9723261719012
-0.511295035644068,19.1594884772301,19,24.297940634431,-0.352780874735849,20.7273924513863
-0.790547003882885,16.2341197954134,16,20.8920553205336,-1.00356067326109,13.8525881152184
1.46581303004694,33.4192707344083,33,37.2383619374177,1.11354307330533,31.7815119024439
-0.0169829267069355,23.7702220858448,25,29.1212430199291,-0.00372283287669598,23.9075242584851
1.55407840822721,33.7860054262653,34,37.5119304313224,1.63188845266314,34.1275118777398
2.30276618094582,36.1977005629734,38,39.2983715395723,1.96896600500559,35.2891799477428
-0.813293848463727,15.9850741594712,15,20.5923506520791,-1.03432765408492,13.5025643792268
0.802531138450395,29.9476752009186,32,34.5527423545678,0.593475259039597,28.5993365562786
-1.25078163295409,11.0842294340738,10,14.4491710369119,-1.25001527581001,11.0748448965891
-1.14384516575831,12.2719028094624,11,15.978786304239,-1.3532882917385,9.96340410873641
1.20932558027831,32.2335751598238,32,36.3427775662253,0.525992678256332,28.1220156484694
-0.250355283122376,21.6740502550559,21,27.0191713404857,0.0721212778387111,24.5579030565122
0.448333215174281,27.5250101166364,28,32.5400845774462,0.539010347228542,28.2152184084549
1.13120159653804,31.8346043901067,33,36.0368865754142,1.21627799623665,32.3077452833581
-0.0409556980234271,23.5611517030324,22,28.9182961642446,-0.291994404747091,21.3039213702064
0.872403489230519,30.3777349287033,31,34.8968573976564,0.242184102453688,25.9617902751776
1.05650302806926,31.4357292346202,31,35.7284855375051,0.457508884098069,27.6229532434741
1.40184631725907,33.140690985516,33,37.0295774121354,1.23864396833043,32.4180617421353
0.50451747920054,27.9359397291988,28,32.8909717370042,0.650077721870436,28.9884441763333
-0.502501508144944,19.2475020216333,18,24.3967024030356,-0.0197934032646372,23.7678559875869
-1.09806028639278,12.7878622406299,11,16.6351590732246,-1.11870075854786,12.5436355121078
-0.203950717159493,22.1017422436526,20,27.4603994554502,-0.155270475843956,22.564891003816
0.845317185181417,30.2128995305136,30,34.7653955323178,0.903925201491469,30.6048338030386
-0.36683886419145,20.5754909284276,20,25.8565986792206,0.0720012980120297,24.5568857522497
0.928861658756137,30.7136985965889,30,35.1631779861906,0.668803942744568,29.1148916606301
0.773847419416583,29.7665388556446,30,34.4066947321115,1.0175702756916,31.2602327010522
0.667732254725185,29.0731832271181,30,33.8413241315432,0.827797832397979,30.1422782903233
-0.941660071284472,14.5563021320118,16,18.8480655168273,-0.727296060366281,16.9262331715668
-0.314697018396865,21.0717673422245,20,26.3869800187542,-0.380243368139011,20.4635357283417
-0.980552838910534,14.1176715642657,12,18.3045665562176,-0.840756246814922,15.6856159725935
-1.226739475426,11.3483837423683,11,14.7916884700249,-0.920457754024624,14.7939447587876
0.918129138287488,30.6506229289802,32,35.1133409558722,1.54621507005014,33.7902088934981
2.08567753794791,35.612023338784,37,38.8626234627727,1.27277780812269,32.5835531449518
-0.699482354665747,17.2157632178812,17,22.0596165275224,-0.847413223256162,15.6117001897456
-0.617766687235099,18.0740584305363,17,23.0609292689493,-0.469784652743232,19.5878298442055
1.70920918703653,34.3835446182849,35,37.9551556564443,1.90138567098118,35.0759331151394
-0.480283314737969,19.4688014759784,19,24.6439572179421,-0.520403784325056,19.0818517040418
1.5369240709477,33.7162974020009,34,37.4600342451577,2.89858117140627,37.4518400494581
-0.249998868119941,21.677356275235,21,27.022606548769,-0.774260758272698,16.417338130521
-0.743910340571008,16.7400355756361,17,21.4966103414937,-0.64317020574683,17.8199586351227
-0.0966276534069626,23.0701091645481,23,28.4358937608077,0.208391043533803,25.689014811736
-0.183675590256549,22.2868905296854,22,27.6494242294877,-0.0855971027005577,23.1892513343737
-1.56816517440949,7.86495236788739,8,10.1516831778514,-1.5116878825256,8.37602258365324
-1.23629674510995,11.2431414539625,12,14.6553872988097,-0.940220449960065,14.570901939736
-0.106060491403423,22.9861468203796,24,28.3525922487635,-0.328210802495818,20.9616539018509
-0.753873548975664,16.6325032531696,16,21.3686030642492,-0.556612162356489,18.7148631941891
1.30107875364574,32.6790799694138,34,36.6814995689731,1.17794002084498,32.1151446978504
2.17411324860576,35.8604301738244,38,39.0468649514341,2.32806991185573,36.279556307492
0.430369293753598,27.3915679480677,27,32.4252453558142,0.51770306640482,28.0623860669787
1.57424608961676,33.8670102585083,34,37.5721807933134,1.80051068479032,34.7399340526361
-0.598715573450039,18.270996982156,19,23.2878966672905,-0.386960798124278,20.3986657723936
0.261287293312638,26.0882928490426,25,31.2794101350388,0.190001642743374,25.5392615156613
0.815248122409491,30.027126700362,30,34.6165930351581,0.534966518615136,28.1863230488885
-1.13816480744355,12.3357476569416,11,16.060268894457,-1.15426452139726,12.1417466759088
-0.502995778846485,19.242561380485,18,24.3911647810837,-0.422885437321997,20.0494992593697
1.56434282558284,33.8273605538572,35,37.5426972138356,1.21517941839642,32.3022880955498
-0.361104993002045,20.6304339876809,19,25.9157340861287,-0.50805785520442,19.2060110401455
1.08344416889035,31.5815769145833,33,35.8415610188327,1.21663392728904,32.3095125934753
-0.748220068282104,16.6935583312411,16,21.4413165746805,-0.763439034497194,16.5352062120555
1.10045409716798,31.672502908528,31,35.9118739047785,1.01618563649122,31.2524980246008
-0.91066062432685,14.9044057662126,15,19.2767894549617,-1.11437096462577,12.5926996487219
-0.42219761311963,20.0401996117805,21,25.2751172766726,-0.669568176465693,17.5420423694992
-0.295669113185552,21.2510247028218,22,26.5764616891269,-0.313516243074998,21.1009581273837
0.278791976868218,26.2270870976954,26,31.4036045115043,0.268118832853328,26.1689820843616
-1.02764469610549,13.5848391977984,13,17.6395344486102,-0.73670767297538,16.8248070739309
0.31319901624042,26.4973423763019,25,31.6439138302396,0.0666079422271754,24.511117593233
-0.330094965197681,20.9259909266091,22,26.2320665072227,0.115956159562117,24.9270916236013
-0.504253900993725,19.2299819481894,19,24.3770619396408,-0.582007640259681,18.4548966548989
-0.50749891298195,19.1975134225631,18,24.3406386547627,-0.593560635754388,18.335922587933
1.28687446545338,32.6117084320335,33,36.6304594364909,1.10677201279603,31.7456855281958
-0.290477744554482,21.2997631487265,21,26.6277865953387,-0.449959092181,19.7838107294419
1.20482070500209,32.211066145031,34,36.3255858761131,1.13664604162227,31.9026782908098
0.484279081086679,27.7890458290439,28,32.7660136810323,0.27117422587421,26.1932671592154
0.779976702681254,29.8054697367374,30,34.4381406557883,0.726988012343441,29.5004792510147
-0.303090957714427,21.1812208551595,20,26.5028093268449,-0.502189307100388,19.2648578648303
0.378882199128591,27.0036711752068,26,32.0888702369646,0.59638838902749,28.619614599292
0.719218929488271,29.4141633303208,28,34.1206373342057,0.618070154743933,28.7696820702697
0.0603054002108837,24.4344120016294,26,29.7565326149674,-0.14785689617946,22.6319015084689
0.222771881405132,25.7798613599032,26,31.0014928183141,0.108290042136789,24.8628851570549
0.101608731226069,24.7830920301615,25,30.0844345485419,0.213906734156703,25.7337517636713
1.85358087946575,34.8895825848797,36,38.328965424332,1.92004018243288,35.1357230081651
0.528779759650747,28.110350170054,29,33.0386651265933,0.528510867266987,28.1400868689858
-0.551239122256616,18.7565920619657,18,23.8428190710894,-0.547134091984813,18.8113418463167
-0.791049962567888,16.2286288210502,17,20.8854620807315,-0.82790608063826,15.8279738050196
0.462458716819029,27.6292433070708,28,32.6294791129596,0.24099195656175,25.9522210827041
-0.460655511892871,19.6630279886205,19,24.8596840352576,-0.912225902302477,14.8866527326209
1.3788394369751,33.0377847476828,33,36.9522188486525,2.06537388414613,35.5778302898331
0.885844564376398,30.4586503673957,32,34.9611968837663,0.896426718308479,30.5601146637643
-0.140322871992006,22.6793173451676,24,28.0461250890963,0.446745672636088,27.5431972910841
0.314828669225313,26.5100579176034,26,31.6551715675791,0.736326508391354,29.5613342357889
0.505071106935207,27.9399400870991,28,32.8943674431824,0.601590082637217,28.6557553485273
0.813432480282266,30.0158153228999,29,34.6075104745315,0.824936044496013,30.1245192459431
0.584593575443036,28.5045125616879,28,33.36981156963,0.322509345639331,26.5973178645673
-0.41967232953259,20.0648116775375,18,25.3020636053965,-0.57086132113505,18.5692616092224
-0.318210757116607,21.0385585755755,21,26.3517545341496,-0.437309570497077,19.9082239006991
-0.696659638423459,17.2457756763606,16,22.0949499886501,-0.624492058489387,18.0151896123669
-0.927947566915046,14.7104759434616,14,19.0382337326434,-0.935582308894239,14.6233048773829
-1.00799743145746,13.8072866771952,13,17.9178075545762,-0.972709745638205,14.202992375093
-1.35719052844463,9.94312683132025,9,12.9534118710894,-1.21499458807111,11.4618694048359
1.40020703434474,33.1334066654179,35,37.0241058022297,1.64190360835342,34.1657563145279
-0.446088428744103,19.8064159813411,18,25.0181652679445,-0.624292318453036,18.0172710408566
1.63451434691444,34.1030828029277,35,37.7474519163465,2.29734801970848,36.2034562786513
-0.589780738782823,18.3629476732659,19,23.3934954486585,-0.345342897225145,20.7984874612589
-0.787710078879819,16.2650779337845,15,20.9292155328624,-0.709412341832289,17.1181746769143
0.273274196232594,26.1834308225721,25,31.3645979669965,0.268286314769034,26.1703139572606
-1.97890412676304,4.66892076798059,5,5.58506226282609,-1.87342228729225,5.42074308074823
-0.632842845249262,17.9173609932486,17,22.8795751828839,-0.17392249125719,22.3956873536582
-1.53576631049901,8.16552992140022,8,10.5640308733299,-1.65049581246432,7.12895785376071
-0.110288722520759,22.9484394127222,22,28.3151033451705,-0.390136153215909,20.3679559165151
1.05454327072374,31.4250318087823,31,35.7201775308331,0.719597165918984,29.4521136759083
1.56672838288041,33.8369340385351,35,37.5498173512584,1.32795940100573,32.8438750446945
-0.403583813429223,20.2211748970336,21,25.4727859773438,-0.366783370452509,20.5931269692286
-0.498126301358607,19.2912023250719,19,24.4456499149972,-0.434814987222845,19.9327016929418
-0.360452513514379,20.6366803195552,20,25.9224505057354,0.0457298062736711,24.3332445991221
-0.724192354734038,16.9519432164956,18,21.7480693129965,-0.811255792287303,16.0117722365431
0.693576373943509,29.2454149821089,30,33.9827202815377,0.417865440083552,27.3274440244787
1.29670595295207,32.6584011562854,33,36.6658401958179,1.27864734877819,32.6116642962842
0.414862741347407,27.2755877562033,27,32.3250710442703,0.573441952765398,28.4591499014937
0.0325962840440534,24.1980317500822,26,29.532063643643,0.182833020701129,25.4806355744109
-1.81252500027651,5.8311415529167,6,7.28473109494441,-2.36809091178753,2.67503321680003
0.210479292208401,25.6805512871653,26,30.9114330683273,0.174544882850144,25.4126812679117
0.17095571486602,25.3584331956537,24,30.6173551242366,0.085516951269152,24.6712518537269
-0.755579255968538,16.6140632151812,17,21.3466249012268,-0.932218213198492,14.6612922453073
1.28526568021281,32.6040414050238,34,36.6246469327063,1.32299743744945,32.8208270712822
0.100633256469997,24.7749082630361,25,30.0767816998273,0.187369668505449,25.5177530237119
0.626500943133818,28.7939381927235,29,33.6106926078145,0.758073086403111,29.7019387943404
-1.87628748647343,5.36597727036356,5,6.60920102369426,-2.04927419236137,4.30051830105959
-1.039881152972,13.4462527989627,12,17.4657115270655,-1.36610109775316,9.82923550412969
0.268213524377783,26.1433149196851,27,31.328708265797,0.505079159845717,27.97116408005
0.636228277207196,28.8603120106922,29,33.6656679612325,0.666206346477885,29.0974196965942
0.845764393430076,30.2156403384418,32,34.7675857747601,1.06108517853217,31.5001942397924
-0.71952261798766,17.0019495592955,17,21.807252480935,-0.565597646567901,18.6231253813732
0.807920925990052,29.9814129644297,30,34.579871021642,1.11498130217925,31.7891033074315
-0.575683799569727,18.5074896131989,18,23.5590044407969,-0.511070750971169,19.1757564268683
-0.143549798449674,22.6502689668964,21,28.0169431704381,-0.211458235371975,22.0525120298437
0.403832133203123,27.1926407850601,26,32.2532194025765,0.435517651040427,27.4596189272442
0.432513871878313,27.4075505063642,27,32.4390232680696,0.0669702013628336,24.5141940678593
-1.12602673018333,12.4723519643335,11,16.2343613609442,-1.10393842762323,12.7110152947897
-0.520801426862731,19.0640646754676,18,24.1905934557116,-0.479046903627498,19.4958517682108
1.04628527462115,31.3798233866898,31,35.6850452506316,1.16847688354386,32.0669169079453
-1.19105941813021,11.7437572882194,12,15.301856557734,-1.3792592882634,9.69241618389167
0.26331380104789,26.10440552977,26,31.293855331366,0.412511500799979,27.2871684424244
1.57946451134831,33.8878048027225,35,37.5876381195015,1.63885375406094,34.154135790861
-1.20023527127051,11.641731117865,11,15.1704905942556,-0.803252192758084,16.0998485413838
1.48309799719352,33.4926789271527,35,37.2932324257876,1.73578841710953,34.5126371571634
0.42119074008837,27.3230059416577,27,32.3660680254751,0.0925541690662665,24.7306127204073
-0.900017889511675,15.0235345538481,16,19.4229681609279,-1.13216802538228,12.3911991381248
-0.484131834687146,19.4305792559816,19,24.6013622971024,-0.523458718895854,19.0510533333617
-1.01253227694407,13.7559556004859,13,17.8536747949471,-1.19926096523505,11.6370559756302
0.528450559622468,28.1079960826553,29,33.0366764659527,0.166317439455642,25.3450420171558
-1.12135618947648,12.524974389935,11,16.3013341531339,-1.32247053894955,10.2897299464451
1.13455573539544,31.8521125268268,32,36.0503631234113,0.795098490711033,29.9377576430903
-1.06954045930366,13.1104030494717,13,17.0430221965729,-1.03389803244902,13.5074538550946
-0.912341715089801,14.8855695277458,15,19.2536507536225,-0.964925415912653,14.2912630339734
-0.893707807626363,15.0940639556096,16,19.5093807211804,-0.804208815463313,16.0893308299347
-2.23505328980234,3.17838167286077,2,3.37144365544258,-1.98480531874813,4.69057354255119
0.524303370474633,28.0783105840101,27,33.0115878042625,0.924719211540366,30.7278845952806
0.849327083708835,30.2374518672198,30,34.7850105944749,0.538157872941111,28.2091313151804
-0.877494972756814,15.2749085966379,15,19.730499790276,-0.969685487203663,14.2372941068585
-1.84858786710631,5.56491745436126,6,6.89896798208992,-1.7667677484019,6.19419534380662
0.0590373266627357,24.4236372645679,26,29.7463393579542,-0.0408085656521305,23.5842421588226
-0.742715670947954,16.7529090664196,16,21.5119169231336,-0.961172687942632,14.3337921212045
-1.98888867148175,4.60431584924987,4,5.48956033059352,-2.0440548856216,4.33126414354718
1.04802589943953,31.389370171375,33,35.6924671702524,0.586565332547347,28.5511282892166
1.25817653735258,32.4738200836585,34,36.525796328518,1.36590264245902,33.0177978630893
0.64133292669147,28.8950213387162,29,33.6943775551305,1.15362397794766,31.9906678356171
0.815409320312784,30.0281304392723,30,34.617398871264,0.707021219560385,29.3694058017949
0.666445719290767,29.0645529377022,29,33.8342220004247,0.873239277696015,30.420667471315
1.95727028969095,35.2255227804737,37,38.5769164777935,2.37419053946274,36.3910261829289
0.618430545753679,28.7386393670659,30,33.5648150991086,0.715694176362095,29.4265003935967
0.25813558346929,26.0632106337308,25,31.2569092564326,0.130095678972933,25.0451119377225
-0.0870127447637046,23.1554650439858,24,28.5203319498376,-0.455596108111168,19.7282107464754
-0.656137675144472,17.6737649194329,17,22.5963358851725,-0.227977674359809,21.9003409280425
-0.525024432051059,19.0215825605383,19,24.1427133268448,-0.662266754175432,17.6191445777674
0.842300534287187,30.1943944257138,32,34.7506038023373,0.736137600418004,29.5601060365163
0.0857731391910558,24.6499320034814,25,29.959656277198,-0.0643228334160161,23.3774905789035
-1.0326718266164,13.5279052241722,12,17.5681669677356,-0.685950113133433,17.3684046484485
-2.1966655016509,3.38012652206631,3,3.67129191178117,-1.91698429887931,5.12624687531956
-1.94761008890671,4.87502839104893,4,5.88915555886706,-2.47316427126594,2.24418491699928
-0.130968651319264,22.7633764545781,21,28.1304066740046,-0.287125040443241,21.3496687239219
0.548931306019376,28.2538013721642,28,33.1596017349777,0.232229177575279,25.8817623484047
-1.60644206330191,7.51913520536843,7,9.67390015875829,-1.75671126989205,6.27116648396245
-0.106915497778606,22.9785254418463,22,28.3450189508274,-0.0743445023971145,23.2889566782175
1.38701130702039,33.0745025380087,35,36.9798360893441,2.17263031221299,35.8786736082067
0.679843810782681,29.1541670107039,28,33.9078890751766,0.679685662910182,29.1878454893293
-1.93712704299247,4.94531711519687,5,5.99263711314882,-1.9833113699664,4.69988361202747
1.14302303010793,31.8961582302272,32,36.0842445168833,0.9074423548485,30.6257460116214
-0.808797870119073,16.0344123803364,16,20.6518322039575,-0.810520929841402,16.0198666044774
0.029925531170819,24.1751446895773,23,29.5102352823241,-0.208515736442571,22.0795437697874
0.489927809992539,27.8301737745368,28,32.801052511085,0.100987578608352,24.8015820983638
1.5452709167,33.7503085683335,35,37.4853605590567,2.17866801155337,35.8950016061853
-1.36992017970327,9.81021573589625,9,12.7773950859078,-1.38800518437393,9.60203254568818
1.10218237381941,31.6816913994482,32,35.9189716625269,1.05738241643556,31.4800097236716
-0.41823601061077,20.0788020250161,20,25.3173718721772,-0.601487341053608,18.2540346744943
-0.243754582952559,21.7352234430611,22,27.0826730057737,-0.443321902285469,19.8491510038229
0.457428357740136,27.5921943536343,29,32.5977352018018,0.14852439735674,25.1981437390532
-1.45046296823329,8.99028038513454,8,11.6824969558083,-1.53879259150275,8.12137612782954
-0.22249098511143,21.9315248941143,21,27.2855616838774,-0.284630062993719,21.3730842331854
0.974523989349582,30.9779358504908,31,35.3711518023886,0.540521593852614,28.2260038167207
0.279251410540492,26.23071818526,27,31.4068464922966,0.2332378234154,25.8898833917757
0.150797127843971,25.1925077655804,25,30.4646840827874,-0.0597267646089241,23.4180099891954
-2.04586046011027,4.24609562916863,4,4.95874483925574,-2.47752945466343,2.22741996311054
0.386820198905905,27.0639960167823,27,32.1414352630734,0.726494578442247,29.4972558028903
-1.03193937732601,13.5362006841586,12,17.5785691124377,-1.195185745703,11.6825504808902
0.280748678334457,26.2425475049233,26,31.4174056657926,0.133907001889197,25.0768346210057
-0.35147818046621,20.7224727879475,20,26.0145643918615,-0.514176081829231,19.1445431211162
-0.901194691641431,15.0103725713266,16,19.4068312471607,-0.973564340893965,14.193297601285
0.555420442978797,28.2997216955314,27,33.1982129136867,0.432679116819875,27.4384286967578
-0.194029469336819,22.1924706558641,20,27.5531769283902,0.185076990989743,25.4990019947082
1.63023743852453,34.0866222158636,35,37.7352450409143,1.69119089167634,34.3504510264167
1.30920461556853,32.7173619002441,34,36.7104735943503,1.70563139884924,34.4034729745749
0.16885459501305,25.3411899896213,27,30.6015273120309,-0.24195537747626,21.7710331264218
-1.11753230826468,12.5680801634836,12,16.3561575210085,-1.09916526149009,12.7651891648007
0.144872076147601,25.1435312245543,25,30.4194631694553,0.266183899621136,26.1535891075236
-0.123705863520491,22.8284915040255,24,28.1955268698648,0.189859451036593,25.5381000042946
0.973915606407337,30.9744590185544,31,35.3684236123327,0.798620386214768,29.9599544136495
0.687932928034776,29.2079902657557,28,33.9520505461472,0.679510579305742,29.1866747385702
-0.901829940927107,15.0032665028509,16,19.3981176156209,-0.807453195782371,16.0536407556137
1.36269878488867,32.9647200981272,35,36.8972127267379,1.34041474953575,32.9014187638748
1.15209463209216,31.9431057896518,33,36.1203237525045,1.22104718620722,32.3313942057968
1.84814727056646,34.8713620665789,36,38.3155176748427,2.47570825409138,36.6250954636925
0.856647623480139,30.2821406510172,31,34.8206824270776,1.18891560449868,32.1707384964502
-0.183168642913954,22.2915065915975,25,27.6541216638954,-0.198599725132131,22.1704759277749
0.745993729593922,29.5880837220162,29,34.2621494906353,1.07504944786306,31.5759262768805
0.594893767535709,28.5761702991362,30,33.4296273435234,0.807201839289601,30.0138684570415
0.898264107778997,30.5328977118355,30,35.0201234520465,0.880985863562378,30.4674503930917
0.468390293715568,27.6728294233926,29,32.6667808891658,0.372703364049645,26.9850059366202
0.420540623881669,27.3181399731874,27,32.3618636049452,0.827649849895963,30.141360632918
-0.506861425026005,19.2038945389447,19,24.347799591882,-0.60149269566541,18.2539792869149
-0.628558293533982,17.9619698337455,18,22.9312713998376,-0.496250711297496,19.3242952646168
-0.349405784480377,20.742252480841,19,26.0357657051468,-0.773725810673201,16.4231730231727
-1.64084775200394,7.21697718560184,6,9.2533405585387,-1.95154078164727,4.90089160005384
0.22666949234768,25.8112621138229,26,31.0299100402063,0.423716129484024,27.3713572310984
0.0174932271840709,24.0683676382997,24,29.4081750354714,-0.297279807261924,21.2541931763359
0.235714401481038,25.8839686201135,25,31.0956007169969,0.0453204255476419,24.3297457513651
0.475597135884048,27.7256399190187,26,32.7119146458712,0.275709049472603,26.2292625332211
1.14177860992474,31.8896985957674,32,36.0792775134357,1.0205163253759,31.2766690995867
-1.29004178461893,10.6574605115069,9,13.8928972748679,-1.48937316918514,8.58959853990805
-0.840174142830419,15.6889746066775,15,20.2342838978466,-0.650396078397888,17.744117047365
1.71403746922765,34.4012241962992,35,37.9682328325123,2.46627257488752,36.6039749934413
0.347353033729944,26.7622111229611,26,31.8775223129303,0.429419036048599,27.4140612588806
-1.11723981469856,12.5713781847186,12,16.3603506636287,-1.03042354594287,13.546995670809
0.225424852415635,25.80123937312,25,31.0208426605844,0.137047259017714,25.1029430866766
-0.125171985613017,22.8153574352512,21,28.1824034966072,-0.0614731598943437,23.4026197695673
-0.0269261032411149,23.6836803251012,23,29.0374112509007,-0.0368751597494787,23.618692819239
-0.736686281678662,16.8178128953752,18,21.5890281463862,-0.481200862032178,19.4744235587504
1.12796876075009,31.817696963738,32,36.0238676866495,0.870858495532183,30.4062500624619
1.19114278911182,32.1423533093526,31,36.273057197898,1.31306261658614,32.7744678069548
0.943407988685427,30.7985984415749,30,35.2301410761743,0.669705874347478,29.1209530998999
0.214466385600432,25.712808262062,25,30.9407164426245,0.836114028989352,30.193732478059
0.0611225580043078,24.4413531483411,23,29.7630972299915,-0.0229848827837899,23.7400422639254
0.72304140476618,29.439135427408,31,34.1409953631035,1.20629006671963,32.2579965886171
-0.137507209587803,22.7046424072815,22,28.0715428142126,-0.1823783839301,22.3186901434393
0.552802606674756,28.2812126569001,28,33.1826558832148,0.502228149137959,27.9504932066351
-0.178363163789344,22.3352313040628,23,27.6985803516648,-0.177061339026541,22.3671268762937
-0.386259007359117,20.3887123466628,20,25.6547998547466,-0.179752411303583,22.3426209194101
0.660647455408528,29.0255908302797,29,33.8021385948704,0.804377020349758,29.9961478946343
1.23061139795454,32.3391192699509,33,36.4232867771226,1.23423672071193,32.3964420468261
0.988997734862042,31.0603045282323,32,35.4357205044747,0.499769983222391,27.9326502023459
0.136482817502316,25.0740252721318,26,30.355163603476,-0.169503486708267,22.4358539118153
-1.1205347271384,12.5342328809759,13,16.3131122620995,-1.56571911285882,7.87368908302342
0.520777713189492,28.0530314410592,28,32.9902066855214,0.740127320289717,29.5860206334747
0.0391620410042989,24.2542199780218,22,29.5855816403142,0.164691512597947,25.331653526549
0.558421549524884,28.3209138519161,28,33.2160153291653,0.294542700392378,26.3781311941951
-0.427221634676374,19.9911781515888,19,25.2213867633794,-0.411803879569967,20.1576124091693
-2.05316058708247,4.2014536689093,3,4.89247085451584,-1.59721689919404,7.59073977394771
0.159669942300847,25.2656746642476,27,30.5321070236776,-0.355371959987779,20.7025892653646
0.783122359145034,29.8254023155063,30,34.454228920121,0.614855695261641,28.7475292106522
1.87326848160265,34.9550781586702,37,38.3773024967408,1.74499666706066,34.5455525282182
0.74372711514133,29.5734508077056,31,34.2502677454844,0.874059216954734,30.4256285171752
-0.411866125322861,20.1407742904913,19,25.3851038162043,-0.47091625738783,19.5766068939646
-0.427202740087516,19.9913626539712,19,25.2215891381654,-0.295183495871846,21.2739255234578
-0.543235906435614,18.8377269530043,18,23.9348647797779,-0.450374263342781,19.7797190694418
1.35621116914035,32.9351487140385,34,36.8749307303457,0.640201800816542,28.9212990648089
0.176806975370813,25.4063896143863,24,30.6613290131725,0.244661158827632,25.9816606241066
0.35085298927777,26.7891602751535,25,31.9011864242075,0.39434327220221,27.1498517944776
0.606340039933982,28.655403136363,28,33.4956302500766,0.668801647934999,29.1148762349645
-0.626073339883282,17.9878142698403,18,22.9611972447882,-0.581880084972983,18.4562077509677
-0.338465663544276,20.8464716502035,21,26.1472532384237,-0.242078618608582,21.7698907663784
0.608324718736844,28.6690986883073,28,33.5070245571493,0.63773798697721,28.904498634297
0.584715117228005,28.5053600954436,30,33.3705197284172,0.784887546969694,29.8731727421837
-0.0350819440191141,23.6125103910971,24,28.9682846271875,0.176037292342448,25.4249311583605
-0.222756086578987,21.9290846614138,22,27.2830478444042,-0.584152673016092,18.4328404998158
1.27276623906316,32.5442185395075,33,36.5792656560573,1.82468526828066,34.8224455681308
-1.32034427738139,10.3324727332849,9,13.4668119697648,-1.4418455983877,9.05594251057275
-1.36492721771832,9.86224589185364,9,12.8463464542755,-1.47237866324542,8.754586581142
-1.39901637404995,9.50970791897346,9,12.3779554217091,-1.29636514636262,10.5698962885289
1.19880223678816,32.1809002199738,33,36.3025339505099,1.63980412576915,34.1577593089905
-0.390784322031707,20.3450343176247,21,25.6074388237415,-0.51679478899702,19.1181970256321
-0.00901935402972984,23.8393555206642,23,29.1880346473216,0.0487599458422266,24.3591290038301
-2.06591590620489,4.12412748825478,3,4.77762641610712,-2.3232413888488,2.87475384273882
-1.05220386841381,13.3066904340226,12,17.290311478354,-1.0341458334835,13.5046336618079
-1.2202328790553,11.4202015660392,12,14.8845788999649,-1.26597654604515,10.8999498198538
1.31844307189984,32.7606571444944,33,36.7432177802268,1.83695762220426,34.8638465286839
1.32712458771771,32.8011218263301,33,36.773798209608,1.35238913731629,32.956323650013
-1.53598081863608,8.16351639555206,8,10.5612773877665,-1.28389408810907,10.7048594205481
2.05026775457924,35.5085732579287,37,38.786064849629,1.96896600500559,35.2891799477428
-0.61186310622852,18.1352140453074,17,23.131525190013,-0.615605829994315,18.1076606923141
-0.502306299790069,19.2494530775875,18,24.3988889970312,-0.863131839714314,15.4367311928741
0.0471196179926604,24.3221717794053,23,29.6501696068029,0.258242572545865,26.0903031235384
0.771768445217212,29.7533062537101,31,34.3959991779113,0.672568424545869,29.1401733491936
-0.384701458454521,20.4037321202414,21,25.6710712269017,-0.375181928821319,20.5123277177644
-0.0488758402183126,23.4917637598412,23,28.850620121737,-0.257647975043688,21.6252546344466
1.56242616519733,33.8196584661611,35,37.5369683029149,2.13201394806084,35.7671754227442
0.536097411586298,28.1625900233244,27,33.0827620456033,0.510624137300792,28.0112943413947
-0.578307444037296,18.4806376098308,17,23.5283027029261,-0.734089286927177,16.853053030416
-1.73814360454152,6.4070008511371,5,8.11085956146609,-1.76201613586684,6.23047413541578
0.334507642617663,26.6629942709473,27,31.7902342436688,0.0640003221816983,24.4889625520701
-0.444397647646479,19.8230172714821,18,25.0364708845816,-0.455145694388299,19.7326569346179
0.834437837616874,30.1460234198531,29,34.7119073220497,0.0554546556951991,24.4162345088545
-1.180993924639,11.8559269117451,12,15.4460580097879,-1.31498757375893,10.3697013018012
-1.43444977647152,9.15026153162186,10,11.8973952536131,-1.27908734903299,10.7570622649982
-0.468466855709128,19.5858727102328,19,24.7741324767832,-0.243567222580996,21.7560893136025
0.410051191810064,27.2394515991928,26,32.2937900974513,0.336680782831514,26.7075223712107
-0.195961170277893,22.1748250265674,22,27.5351552925435,0.0535411096471662,24.3999237146279
0.225141890534489,25.7989601584028,25,31.0187802997076,0.513896465818555,28.0349317129639
-0.482479737186302,19.4469929634378,20,24.6196594380129,-0.520391914611151,19.0819713099439
-0.583684985628228,18.4255300315358,19,23.4652294214986,-0.7272902132071,16.9262960964887
-0.646651687486401,17.7731768407259,17,22.7121169738686,-0.442421178423552,19.8580078789063
-0.0363124259420318,23.6017584785801,23,28.9578268173604,-0.487008808934176,19.4165717021941
1.06407420435337,31.4769443421772,32,35.7604763091058,1.44877169909284,33.383661336902
0.956949622144859,30.8770256177651,31,35.2918801006795,1.16323386188225,32.0400785369189
0.791943700414243,29.8811274760226,30,34.4991635488399,0.640722431560354,28.9248466619913
0.0921751169763033,24.7038443263124,26,30.0102411659312,0.282201391171532,26.2806944543784
-0.383307575111411,20.4171677468901,21,25.6856199787155,-0.560030573157124,18.6799941437646
-0.789716314079105,16.2431871412862,16,20.9029413958353,-0.890569394357297,15.129933464378
-1.23175203973219,11.2931491017856,12,14.7201797049767,-1.37898928035334,9.69521369587134
1.2059691246881,32.2168100496325,33,36.329973626141,1.03327650710478,31.3475396627724
0.638315956820749,28.874517443572,29,33.6774211271108,0.375192448995417,27.0040379732233
-0.173880611114133,22.3759654679062,22,27.7399384121583,-0.700448908623401,17.2139853590052
1.02313339100704,31.2519393540023,32,35.5854719063152,1.01636655096891,31.2535089720434
0.385980070634751,27.0576203944097,27,32.1358841998767,0.540818146707433,28.2281193959451
2.07402858948315,35.5782477422571,37,38.8376186330523,1.71313682278375,34.4308384971413
-0.420166537812366,20.0599964764779,19,25.2967933002178,-0.147686919972294,22.6334362901581
-0.393920721569198,20.3147274634593,18,25.5745386284207,-0.944214795356625,14.5257466729963
-2.48056077313524,2.07272035328146,1,1.73064592279038,-2.94191432567138,0.94807807154806
-0.141236768537488,22.6710931963811,23,28.037866088645,-0.364309093020508,20.6168925586037
-0.835308553575781,15.7427099996832,14,20.2994026910974,-1.10661385455709,12.6806609416265
1.42751172050905,33.2537862094821,35,37.1144468136386,1.1538471252923,31.9918184000987
-0.248547198072808,21.690818219944,21,27.0365905896824,0.0371252859585469,24.2596150123432
0.853899796456705,30.2653866873321,30,34.8073135367782,1.10842742649603,31.754457706048
1.22852091429879,32.3288129654478,32,36.4154324737627,0.705698016369907,29.3606734386342
-0.117699458864758,22.882243400226,22,28.2491732887721,-0.129690872497053,22.7955211459709
0.127211477813233,24.9969935148396,25,30.2837318779188,-0.00163158828611698,23.9256516180846
0.027832491834718,24.1571956897704,24,29.4931048052711,0.412076348416968,27.2838911549759
-0.248301639027166,21.6930948523983,21,27.0389548898538,-0.316820108611899,21.0696892024074
-0.419280333819843,20.0686304827882,21,25.3062427944603,-0.30886804940801,21.1448997378257
0.423356526318452,27.3392070716996,28,32.3800622427945,0.699120067570233,29.3171778694996
0.72493380954166,29.4514808761091,30,34.1510548789841,0.30354156535155,26.448904557603
-0.937528013468164,14.6027898686046,15,18.9054544637893,-0.869967061450734,15.3604612163557
-0.991217031440758,13.9971287914824,14,18.1545741573118,-1.01695920445204,13.7002018335141
-1.72414695656158,6.51950756499284,6,8.27090765429508,-1.59953332432772,7.5702220104965
-0.399688000740795,20.2589244776416,20,25.5138797552844,-0.155306312772642,22.56456674341
-0.54272595430622,18.842889728675,18,23.9407151834461,-0.254803697270343,21.6517247659849
1.49782051593888,33.5545875852725,34,37.3394625688869,1.38767935006725,33.115781900052
-0.483886913314148,19.4330131021276,19,24.6040759597799,-0.764378310577787,16.5249899568581
-0.224308277204851,21.914793297697,20,27.2683212145348,-0.325460619423462,20.9877708093966
0.674608344607166,29.1192183785439,28,33.8791804177425,0.284966882806863,26.3025661772769
0.23400757852826,25.8702659838512,26,31.0832317903649,0.284197131811345,26.2964805527489
-0.849952099802617,15.5808090043472,14,20.1030215710757,-1.18989104819139,11.7417280500639
0.0940084267069193,24.7192633425735,24,30.0246919722781,-0.0167896945053409,23.7940100669891
-0.381312584221395,20.4363877844756,22,25.7064217484864,-0.224743280354105,21.93019029351
0.588316465349604,28.5304515707601,30,33.3914775177912,0.854940003076872,30.3093745517979
-0.0345273623548596,23.6173550733499,21,28.9729955373901,0.0431886298600277,24.3115190888979
0.814134258184333,30.020188640597,31,34.6110223693769,0.44694971040007,27.5447125258846
1.28653337344064,32.6100835030489,33,36.6292276192146,1.33383360423009,32.8710691077283
-0.826128022748885,15.8439347880664,14,20.4219060049545,-0.99524275918257,13.9471383243289
-0.609087323678436,18.1639288026202,19,23.1646367927993,-0.568120205891895,18.5973231982604
0.473326276362796,27.7090168112008,28,32.6977152961371,0.103012970342796,24.8185988405575
0.159674934366752,25.2657157702507,26,30.5321448578907,0.308780931010993,26.4900035951337
-0.2236250339895,21.9210848281606,20,27.2748052442025,-0.416894975582786,20.107988461732
-1.20678557200257,11.5690398750521,11,15.0767759088138,-0.969690561015698,14.2372365670874
-2.11145196188068,3.8550125179982,3,4.37758697899999,-2.17761952924211,3.58786502251377
0.658336150906272,29.0100294617539,28,33.7893152636368,0.873241946468598,30.4206836223054
0.96008113928836,30.8950785787149,30,35.306075599965,0.857005203235068,30.3219896708669
0.626534546413115,28.794168006574,29,33.6108831251094,0.372506955820348,26.9835033774888
-0.231566367412422,21.8478846519666,22,27.1992796849777,-0.0191918143477928,23.7730959838338
0.862973006286806,30.320614652353,31,34.8513621215857,0.216929325948979,25.7582321971027
1.49021214331148,33.5226647062209,34,37.3156292746069,1.55760792395759,33.8361278379285
-2.2220968663762,3.24562374694618,2,3.47135923946809,-1.75671968127377,6.27110180370147
-1.61605555139871,7.43387745704501,6,9.55553225873791,-1.73725195552919,6.42215713658348
0.149094376514576,25.1784424187285,26,30.4517046409033,0.208720876496297,25.6916923785889
-1.00543365249795,13.8363023350205,14,17.9540381555791,-0.846778789423616,15.6187494705264
1.86784892984911,34.9371301313465,36,38.3640567439868,1.64132064947866,34.16353687539
-0.531835345694383,18.9529468922904,19,24.0652403046843,-0.860059930307126,15.470972798753
-0.289278851612618,21.3110086013349,20,26.6396170630858,-0.517778556399531,19.1082939051593
2.5248182079055,36.7184601413185,39,39.6917985845475,3.27057730526288,38.0149408853564
-0.780643999239797,16.342086188546,16,21.0215589048701,-0.672474297052911,17.5113045617139
-1.19240403800178,11.7287924565201,11,15.282600495645,-1.15961905478359,12.081439903133
1.57920863259318,33.8867867483547,36,37.5868814508169,1.99075413853822,35.3559845059257
-0.602960617034891,18.2272180268155,19,23.2375358879566,-0.611589209686431,18.149371154428
-0.282704155523458,21.3726105924014,20,26.7043454443226,-0.400506983816363,20.2674513393938
0.204119777531424,25.6290098461675,26,30.8645808083298,0.640240567492683,28.9215632526425
1.97250536750241,35.2730461057747,37,38.6120077974482,2.3263907298872,36.275435431805
-1.83599600732367,5.6569348086919,5,7.03256814041792,-1.49582073202753,8.52752833088258
-0.0264074507424432,23.6882005991581,23,29.0417960889282,0.183000076199084,25.4820033565102
-0.240284145117145,21.7673412174453,21,27.1159608501135,-0.550327190478092,18.7788718084106
0.566297747445061,28.3763952157641,29,33.2625728725633,0.999611284916651,31.1594358099723
0.526702391381897,28.0954893299165,28,33.026108945472,0.538636564617272,28.2125496963638
0.284537020089203,26.2724490627314,26,31.4440794518191,0.34466072724556,26.7693209848221
-1.99127261995714,4.58897215465386,4,5.4668668296171,-1.53003337941434,8.2030889964747
-1.39939110974952,9.50586836804845,9,12.3728383712559,-1.239327298477,11.1925030154576
-0.670574772779355,17.5218976489542,17,22.418962351643,-0.94338088599954,14.5351758002155
-0.43112900293586,19.9530006023023,21,25.1794868684721,-0.132153527817696,22.7733885140564
-0.947525184993131,14.490274977942,13,18.766484500555,-0.803937628500807,16.092312694061
-1.10605795329555,12.6975397857614,12,16.5206056532281,-1.37313236034263,9.75600046903589
0.463946727046953,27.6401876435788,28,32.6388498610478,0.457874915414022,27.6256592975527
-0.464737658076642,19.622730530934,18,24.8150251538617,-0.823847769814532,15.8728420698987
-0.311362727170269,21.1032492592253,20,26.4203384423103,-0.145327145419568,22.6547361498297
0.454254914802079,27.5687815968727,27,32.5776574540015,0.59882971107417,28.6365874411525
-0.94176189903529,14.555156206749,13,18.8466503557541,-0.685941263996504,17.3684986840396
1.40942081808777,33.1742540016266,33,37.0547799119701,1.73688476612021,34.5165662851998
-0.310283314778705,21.1134344935069,21,26.4311234067813,-0.427415162483749,20.0052009317218
1.03948801922,31.3424517393327,31,35.6559763551169,0.48415101901421,27.8188370828299
0.466012600714965,27.6553708353288,27,32.6518451205271,1.01206537134253,31.2294456733023
0.591045350030166,28.5494367907255,28,33.4073254568901,0.501655126219831,27.9463355127635
-0.786125677370838,16.2823577676363,15,20.9499479094815,-0.85105869136155,15.57117536026
0.619163721874389,28.7436717757626,28,33.5689929686137,0.260275788553814,26.1065230945717
0.363184808126988,26.88382476412,26,31.9841601897026,0.33656209156635,26.7066017934181
-2.04761972609565,4.23531148331059,4,4.9427370744452,-1.79122564394661,6.00997313730138
-0.266359453273447,21.5252591781786,22,26.864169978571,-0.0879210219045384,23.1686207473336
0.389757966416775,27.0862736934858,26,32.1608235493769,0.220479341496092,25.7869522788874
0.0484077472626764,24.3331562381631,23,29.6605965083465,-0.0225575363160447,23.7437680593292
1.13000566573682,31.8283535015839,32,36.0320738699025,0.999566864030605,31.1591852097732
-0.89164123693011,15.1171454204515,15,19.5376387393602,-0.570806784735311,18.5698201568866
0.180964460430486,25.4404075719955,25,30.6924809749012,0.0852269465078485,24.6688028415149
-0.819503581849142,15.9168395433415,16,20.5100014493648,-1.20502697818381,11.5727677573596
-1.68195112676277,6.86680933738245,6,8.76218477418178,-1.33506361225775,10.155782950148
-0.479387499738909,19.4776918299473,19,24.6538580048444,-0.59551660551445,18.3157356962378
-0.0603008930125523,23.3913944526917,23,28.7524426309725,0.0379201217283393,24.2664243567561
0.762534883725654,29.6943650951379,30,34.3483148010274,0.57360953274122,28.4603278966835
-0.0535670704691098,23.4505904974427,24,28.8103867455308,-0.449384668744872,19.7894710064612
-0.0882978527222661,23.144069834986,24,28.5090735625319,-0.115625509765982,22.9216412483832
-0.832054459220307,15.7786145686272,16,20.3428795431534,-1.01404204058537,13.7333871491623
1.1656198285573,32.01263911949,32,36.1736955793359,0.79839390257264,29.9585282250413
0.809912753468623,29.9938570641773,32,34.5898715767446,1.04121320713546,31.3913584917128
0.132636039395981,25.0420916560192,24,30.325573241369,0.0354756326144491,24.24547735387
-0.261657813060917,21.5690396253317,22,26.9098581849606,-0.0354360239416638,23.6312878408168
-0.573994369687877,18.5247683620763,18,23.5787494053418,-0.953166630373465,14.4244647028735
-1.65436673419964,7.10050839047302,7,9.09043503838275,-1.76421744753585,6.21364711501729
-0.0248500917661069,23.701769594898,25,29.0549544795336,-0.0669304990109068,23.3544778129395
1.60840464627948,34.001902973624,36,37.6723862206856,1.74649100660813,34.5508758678343
1.00375711287282,31.1436144086838,31,35.500902700897,1.05668168629338,31.4761850131233
0.315106135419749,26.5122221085697,26,31.6570872058233,0.773625554268522,29.8015426450028
-0.0311633448703588,23.6467258114826,22,29.0015386365516,0.111480237375588,24.8896228003784
0.349490902491696,26.7786767014763,27,31.8919830500612,1.06612029228665,31.5275720607709
1.05486946579511,31.4268131911184,32,35.7215611532429,0.602093331445104,28.6592472479691
0.504333901536354,27.9346130370555,29,32.8898454887688,0.460283509787892,27.6434556517037
-0.204576877372748,22.0960077415597,21,27.4545257822852,-0.377499822000557,20.4899925206622
0.502522558975361,27.921517046346,28,32.8787258439387,0.730746167619751,29.525003913573
1.31909663897888,32.7637108567968,34,36.745526338762,0.999362645338699,31.1580330295162
0.175148049718,25.3928026266385,24,30.648877224924,0.0195548522503831,24.1086814618368
-1.61495326999142,7.44362045636321,6,9.56907073689335,-1.93383852527656,5.01544254654889
0.130999144532344,25.0284912326134,25,30.3129614552078,0.458631517122186,27.6312515154667
0.75812401317433,29.6661110559074,30,34.3254313517787,0.650442046399912,28.9909151202282
-1.92740221658007,5.0110895673679,4,6.08935833831139,-1.5411518803344,8.09946202218921
-0.0807645851955063,23.2108098627342,23,28.5749496657445,0.172184619750322,25.3932957062883
0.907848499992365,30.5898558392299,32,35.0652570271988,0.284077413212225,26.2955339103205
-0.505125963500925,19.2212596383605,18,24.3672804424744,-0.188157538626889,22.2659626141454
1.17828940470565,32.0772734494695,34,36.2232385954993,1.49558928972316,33.582110424944
-0.0950362575484721,23.0842525356315,22,28.4499021846972,-0.152951491281284,22.5858668408755
0.125062253565008,24.979103967178,24,30.2671171695546,-0.336600842035404,20.881849094517
0.790066113214865,29.8692877929962,30,34.4896217783636,0.648872929069764,28.9802698896575
-0.0701498737573017,23.3046105815499,24,28.6672816004217,-0.406460463875428,20.2096130447334
-0.935728667946094,14.6230255626929,15,18.9304224661721,-1.34651631658129,10.034681249681
-1.27212577167255,10.8514602458289,10,14.146217633923,-1.43688883743522,9.10544877459671
-0.0583603209372153,23.4084652992913,23,28.7691644922929,-0.140179290678074,22.7011535321549
1.07352224395136,31.5281262406627,32,35.8001627974766,1.72596859619381,34.47732152222
-1.69257522494555,6.77820905220443,7,8.63725151809138,-1.10394647341694,12.7109239983325
-0.21861661724589,21.9671675985463,22,27.3222557614521,0.206979738723162,25.6775545543281
-1.73790196698322,6.40893186384451,5,8.1136102946709,-1.8011514033191,5.93639917631106
-0.0437940938754176,23.5363026324067,25,28.8940785863855,-0.31211155279123,21.1142435575469
0.109297770126665,24.8475121742712,25,30.1446035885228,-0.0227740698771947,23.741880280968
-0.0617252151875018,23.3788590034916,25,28.7401572251679,-0.0506955374708137,23.4974773672777
-0.250836964604582,21.6695817700331,22,27.0145276340823,-0.25190858035105,21.678646237085
-0.494663386407112,19.3257479356097,19,24.4843012753287,-0.529093429607345,18.994167669651
-0.947070318634119,14.4953973835858,14,18.7728165428294,-1.13161403606976,12.3974642660892
-0.805251356119029,16.07329227587,17,20.6986681878959,-1.14717161555153,12.2217215888316
0.00144359051400117,23.9299445080236,24,29.2753182822762,0.0354773881224921,24.245492402374
-1.29282480961318,10.6274447723103,10,13.8536353735392,-1.3345388766252,10.1613480663109
0.915198877864404,30.6333372988613,33,35.0996702461293,1.0060060252543,31.1954455945177
-0.0589137423699219,23.4035979093709,23,28.7643976037386,-0.151060937329441,22.6029574365318
-0.311994962293223,21.0972820885988,20,26.4140182368205,-0.382058246190973,20.4460224022565
0.562421398362597,28.3491141366736,30,33.2396887071265,0.380208804450237,27.0423380712352
0.0752826224218635,24.5613592961021,24,29.876354019806,0.184663989879131,25.4956226893072
1.08725631928754,31.6020323576213,33,35.8573912570313,0.911534089720359,30.6500237635139
-1.35009556904041,10.0175715634697,9,13.0518299245316,-1.32863008448977,10.2241123692508
1.13315345592014,31.8447969953501,33,36.0447327399765,1.51104587476499,33.6463524901978
-0.814757946639987,15.9689955080545,15,20.5729550807113,-0.565651489647881,18.6225748634165
1.13323746784014,31.8452354446802,33,36.0450702160242,0.903935565953481,30.6048954871273
0.18720001716879,25.4913408995986,26,30.7390598216878,0.115951054007273,24.9270489138002
-1.39148723818939,9.58701976173737,9,12.4809175436613,-1.28553498997757,10.6870617536198
0.22042379349456,25.7609238327951,25,30.9843410332812,0.246354898336756,25.9952375569066
-0.361134694327673,20.6301496218445,21,25.9154282876798,-0.154980131450081,22.5675179849649
0.450002452067787,27.5373595423644,28,32.5506899741984,0.361730349890724,26.9008851977479
-1.17658824672577,11.905102130471,12,15.5092020571181,-1.01679010547083,13.7021255795346
-0.338818742856633,20.8431132638796,22,26.143666465825,0.14852097481715,25.1981154017423
1.23999724091334,32.3852341921226,33,36.458411047382,0.907883126049592,30.6283638923732
-0.802740100690138,16.100801785589,15,20.7317871781996,-0.853898350362129,15.5395854348894
0.12035868946283,24.9399102000342,26,30.230682457511,0.067257712862935,24.5166355113748
-0.0541716256881788,23.4452805483182,23,28.8051938852583,-0.281940900288924,21.3983035331063
-0.362389208635886,20.61813641576,20,25.9025071229434,-0.490745075136295,19.3792992383132
1.55725944567644,33.7988500912628,35,37.5214880849593,1.92963176622211,35.1661878699234
-0.197191474923342,22.1635815738948,22,27.5236665872293,0.0595991211367511,24.4515293364479
-0.55944139898434,18.6732239027394,18,23.7480362879233,-1.11923395158901,12.5375952528394
-0.267975355743643,21.510198973648,21,26.8484380179142,-0.0508982490441798,23.4956958952585
-0.467816541416446,19.592303210501,19,24.7812700682321,-0.490863004856625,19.3781220697098
0.295236340893867,26.3566770951926,25,31.5190835961916,0.063989969631085,24.4888745593552
-1.16687014878791,12.0137326674859,11,15.648531371311,-1.44898399436729,8.98493026546126
0.965360733679328,30.9254442024832,30,35.3299393671793,1.43760785791246,33.3354718076842
1.93936707527667,35.1690858344765,37,38.5352515141903,2.48641754745947,36.6489127435751
0.806600101707856,29.9731539018461,31,34.5732320001505,0.228111518237175,25.848580100085
-1.76876584403899,6.16547478275855,7,7.76577353473269,-1.81489152085069,5.83566910252344
0.216648911984239,25.7304470500381,26,30.9567165721166,-0.0503659589065228,23.5003735551488
0.91330550973227,30.6221536219159,30,35.0908223899265,1.04388778669009,31.4060797824849
0.806766426336001,29.9741942352167,31,34.5740683445598,0.869379189361264,30.3972824114129
0.323685106574366,26.5790261383951,26,31.7161570022503,0.458631517122186,27.6312515154667
1.28077005922266,32.5825770355731,34,36.6083700206702,1.0257901060993,31.3060229224198
1.48141509831776,33.4855662338356,34,37.2879184400719,1.18300661230595,32.1408536850101
0.234545355825854,25.8745842206021,25,31.0871302970241,0.192499615383034,25.5596575943459
0.520091716588205,28.0481082686553,29,32.9860408956948,0.552476538252055,28.3110684581016
1.57602680711273,33.8741137434363,35,37.577461490427,1.60360594123169,34.018185005351
0.98432204544136,31.0337683958322,31,35.4149322650536,1.31355218448399,32.7767589586302
1.03833533779739,31.3360998868258,32,35.6510332622268,1.12325619713346,31.8326555763284
-0.821924459479935,15.8902102091301,17,20.4778366721952,-0.683383581433936,17.3956670897852
-1.04952180230423,13.3370648797811,13,17.3285157764745,-1.3597708252426,9.89540845938974
-0.180388654729626,22.3168085793591,23,27.6798564939407,-0.31368639821391,21.0993484497712
-0.375047294968682,20.496674775995,20,25.7715888559458,-0.372817914345453,20.5350914261802
0.568167280433903,28.3895355939908,28,33.2735892532937,0.438215637224096,27.4797371635673
-0.418791605468431,20.0733910191535,20,25.3114519089277,-0.556612824304871,18.7148564458004
-1.45924450323734,8.90321860965447,8,11.5652792320152,-1.78714207716045,6.04044047230777
0.612601725054319,28.6985698220727,28,33.531529326231,0.751369360206371,29.6587606748706
-0.395404181150658,20.3003829999858,19,25.5589559312169,-0.407254039119767,20.2018955333482
-1.04391261362423,13.4005924446751,16,17.4083651717633,-1.29079788636643,10.6300594547232
-1.87445352538686,5.37900264854313,4,6.62821090166727,-1.96572600947498,4.81042597187573
-0.0634820770375249,23.3633899313641,22,28.7249894437251,0.414828450619957,27.3046085837932
0.953543395295611,30.8573534244396,30,35.2764045314746,1.8274654550376,34.8318531068654
-0.460937076474517,19.6602501188479,21,24.8566071930231,-0.556233280177419,18.7187255609226
0.343193918901273,26.7301395680517,27,31.849335222933,0.44072579180567,27.4984348306392
0.487105124067921,27.8096344352041,28,32.7835592105352,0.811590127865008,30.0413449317046
0.228134521404216,25.8230540644021,25,31.0405743277221,0.235643523535816,25.9092413475805
-0.175438744192245,22.3618120083946,22,27.7255747187687,0.112900606112244,24.9015186494361
0.0219064148913427,24.1063159296419,23,29.4444890318198,-0.131820448637817,22.7763828822875
-0.506575325196197,19.2067579194246,20,24.3510124887736,-0.754668580433688,16.6304689206834
-0.325543749653239,20.9691456644777,20,26.2780028139114,-0.709171570995459,17.1207517253669
0.193143006691369,25.5397857920014,23,30.7832927057833,0.0928823656067334,24.7333780254794
-0.510902083064939,19.1634267126175,20,24.3023649346634,-0.343078632190066,20.8200993202863
0.566393985091466,28.3770719122129,28,33.2631402860932,0.53197044201298,28.1648811305539
0.184759359411648,25.4714177089777,26,30.7208489730899,0.654185675856975,29.0162804258848
-1.14672403176685,12.2395672632227,11,15.9374892916388,-1.6101049686347,7.47709155607063
-0.887411950736305,15.1643552479515,15,19.5954035142782,-0.749960313460174,16.6815106219884
0.890038279219684,30.4837771601448,30,34.9811506478735,1.18749863384481,32.1635818227956
-1.10951612147234,12.6585062448175,13,16.471054723196,-1.31363245493143,10.3842131148639
1.16307711725371,31.9996091525837,32,36.1636999820642,1.44253783397928,33.3567940275627
-2.10483148102544,3.89347046438224,3,4.43477865597217,-1.87594971300243,5.40333016140442
0.257672098821465,26.0595197200536,27,31.2535967118852,0.519512272791306,28.0754186519884
-0.226491160222572,21.894684588228,21,27.2475879581778,-0.498895590734639,19.2978374234112
1.23773229239249,32.374129620335,34,36.4499559269797,1.15976194854796,32.0222598755407
0.59834112484929,28.600077571504,29,33.449557711189,0.510483823969422,28.0102800498376
-1.20841140875613,11.5510162451445,11,15.0535241175244,-1.2400614671782,11.1844075310965
0.895842300849592,30.5184585511635,32,35.0086720476983,0.850768650391828,30.2838515056586
-1.38495154884533,9.65438776946438,8,12.570524059444,-1.59909784528665,7.57407621921729
1.51066888237052,33.6081551670944,35,37.3794318861793,1.7630547463368,34.609541955082
1.11299653648043,31.7389769874796,32,35.9631910202363,0.846899140676799,30.2601243056768
-0.776245106300019,16.389953291738,18,21.0788911691208,-0.924159499000538,14.7522160850982
-0.733886123467048,16.847916937052,18,21.6247604687723,-1.02641560262026,13.5926058554795
0.923145001404574,30.6801475011008,30,35.1366780707922,0.209304397198764,25.6964286406644
0.24572789397411,25.9641942270587,26,31.1679112954783,0.0186147396230881,24.1005837489492
-0.293415356836602,21.2721925948898,21,26.5987630953134,-0.654096022278011,17.705215276748
-0.747894664312697,16.6970695689637,15,21.4454956419854,-0.792375132475731,16.2192532697634
-0.126647842656681,22.8021307654969,22,28.1691816080849,0.397649259091944,27.1749125075977
0.548613474829708,28.2515488155498,28,33.1577064505768,0.601101953633955,28.6523675831816
0.546418248554925,28.235981914319,28,33.1446053295767,0.606170962550051,28.6875107250847
0.274559629140008,26.1936088291727,26,31.3736966408847,0.66023828246098,29.0571941124286
1.35980287517893,32.9515346379867,34,36.887278895075,1.26071633750557,32.525468925154
0.491575362604278,27.8421507606586,27,32.81124856229,0.634618589898771,28.8831996627361
-0.686987119962325,17.3484228054589,17,22.2156255235573,-0.412682120252246,20.1490575179517
-0.525143407370956,19.0203848821551,20,24.1413626664951,-0.510239501469455,19.1841064973397
-0.978768618368204,14.137829985135,16,18.329623521317,-1.01377119488057,13.7364680734487
-0.0635536949747395,23.3627591766845,23,28.7243708037505,-0.110535467945241,22.9671608792778
0.959133638332346,30.8896196093985,33,35.3017837061187,0.573604245201747,28.4602907295552
1.94178503975607,35.1767455923053,37,38.5409059368715,2.25467433377477,36.0952356652634
1.66252548995356,34.2098041923912,35,37.8265475542088,1.93145999124384,35.1719734598542
1.21105864343248,32.2422185274695,34,36.349377056616,0.750611935875662,29.6538728958602
-1.14696242767293,12.236890263806,11,15.9340695304074,-1.36712084674144,9.81859673733457
-0.132842149996862,22.7465582020673,21,28.1135633915243,0.254172170437705,26.0577966785087
-0.715817646407652,17.0415753882442,16,21.854107202933,-0.584408298611486,18.4302110249074
-0.376026095777346,20.4872637399965,20,25.7614241412709,-0.549987102825738,18.7823316903858
1.87430878308991,34.9585162971932,36,38.3798398503656,1.43508625690958,33.3245403387313
-0.534568100752266,18.9253663209615,18,24.0340683063586,-0.722379986067243,16.9790992825905
0.335427843721639,26.6701179588071,27,31.796510157635,0.686359544892406,29.2323979312199
-1.24589411901551,11.1377675652937,11,14.5187010868163,-1.20991789778494,11.5183138943172
1.25531546388709,32.4599422868257,33,36.5152473672691,1.28635706305418,32.6484353239405
-0.240192598803711,21.7681880284676,22,27.1168380223056,-0.323621222816484,21.0052268520876
-0.152269963420845,22.5716414215131,22,27.9378078813775,0.0256451897599626,24.1610869625402
0.594961807129617,28.5766425185413,28,33.4300211365598,0.0808258052782469,24.6316097852417
0.545383266637957,28.2286373073329,28,33.1384221298983,0.733829602614604,29.5450909688843
1.76807341433041,34.5954572896464,37,38.1118033096698,1.41355915580971,33.2305112812953
-0.0441860823823491,23.5328693454206,23,28.8907309341369,-0.0321716302301433,23.6598380303118
-0.968859555011399,14.2497283596695,12,18.4685757493147,-0.897045412326703,15.0572824919862
-0.802741617997549,16.1007851695509,16,20.7317671789541,-0.528608402015771,18.9990683526973
0.305413405938371,26.4364880077766,27,31.5899758229116,0.111127107037227,24.8866644522555
0.442226513200344,27.4797583349399,29,32.5011910344383,0.432268956227916,27.4353647352395
0.395740369473598,27.1315592727477,26,32.2001963226486,0.870168753344862,30.4020696919351
0.33559888351371,26.6714417805176,27,31.7976762856234,-0.00896320498918285,23.8620514847138
-0.481460131334686,19.4571185972167,19,24.6309427076317,-0.713078198743466,17.0789144756562
2.07540984735605,35.5822657333274,37,38.8405927568856,1.99552596189148,35.3704911858023
0.354318004925893,26.8158047500854,27,31.9245641922465,0.222434840836955,25.8027577157191
0.0966136995190456,24.7411598664141,23,30.0452009139952,0.251125931062544,26.0334389045563
0.0953809764985549,24.7308014117007,25,30.0355007203102,0.510422034911381,28.0098333719235
-0.701473258262161,17.1945795198752,17,22.0346636318305,-0.873351820671964,15.3226527050851
-0.22813993053252,21.879488041302,22,27.2319100399721,0.0376279711797578,24.2639216940315
-1.44825732821859,9.01222266955939,8,11.7120092415091,-1.3635273408799,9.85611292281587
0.482880115417543,27.7788447369203,28,32.7573165361247,-0.270076908584551,21.5093354528524
0.281458508338763,26.2481533517049,26,31.4224082525863,0.0692111649283479,24.5332179140461
-0.740545377286006,16.7762843608618,18,21.5397001902634,-0.628527206491868,17.97311191389
0.738148813093756,29.5373670154459,29,34.2209490031267,0.7390426598,29.5789805590331
-1.22542743055311,11.3628548939314,11,14.8104136579521,-1.20986518048044,11.5189004436209
-0.161757737477603,22.4858771054051,23,27.8512456972353,-0.0978529121212935,23.0802993295666
-0.295712814159281,21.2506141175986,21,26.5760289631922,-0.496410982082389,19.3226926414241
-0.303372053288865,21.1785742008317,21,26.5000134159948,-0.24888993095718,21.7066930566896
-0.368372052032603,20.5607839443015,22,25.8407520213451,-0.55519934638721,18.7292631903939
-0.386782452910323,20.3836630906498,20,25.6493281310082,-0.228355307216429,21.8968540939587
1.38190936878174,33.0516000946191,34,36.9626120249022,1.39391576749582,33.1435986603656
-0.351191024090487,20.7252142245739,22,26.0175036647309,-0.394609467682152,20.3246432407337
-1.28121186304591,10.7529091872033,11,14.0176267539726,-1.21975702583909,11.4089929392714
1.25907694772722,32.4781826471195,33,36.5291118769272,0.904724678083652,30.6095908578247
-0.0509427999555961,23.4736295365725,22,28.832906837109,-0.189634597258207,22.2524727308585
0.542152697364967,28.2056902231013,27,33.1190955328305,0.612139555431069,28.7287846149014
-0.0506198303360156,23.4764637726493,22,28.8356760077493,-0.258145572173232,21.6206215874141
0.508729867177,27.9663531370233,28,32.9167785433031,0.298572156737791,26.4098503260399
0.74951023770097,29.6107526983774,30,34.2805475894048,1.37469025204335,33.0574974793177
0.195284591614044,25.5572194781747,26,30.7991939179979,0.0599639567791507,24.4546342272278
0.0889355665119495,24.6765767527331,24,29.9846677942291,0.0296221891012297,24.1952573173508
-1.03494817301601,13.5021237863936,13,17.5358301686707,-0.995725072206992,13.9416571479408
-0.0984781368031622,23.0536552817136,21,28.4195883045202,-0.605480663070378,18.2127014876045
-0.713397104070261,17.0674402410371,17,21.8846699617047,-0.410185841169422,20.173367634982
-0.255884344556131,21.6227218082691,21,26.9657880689423,-0.422392809992016,20.0543131850463
-1.49842469712324,8.52073242244069,8,11.0479802255695,-1.38075636757686,9.67691288500271
0.254283360886957,26.0325154071521,26,31.2293491312908,0.426620625970399,27.3931187861582
-1.48394623228433,8.66092637902673,10,11.2380358103219,-1.22097386543751,11.3954943381972
1.30135474184567,32.6803832739599,34,36.6824863193062,1.35177667115078,32.9535252519702
0.958550245879498,30.8862570039823,30,35.2991397211659,0.475060915084024,27.7522496802957
0.00592605298069437,23.9686697459108,23,29.3125489134522,0.0970931932206549,24.7688327129254
-0.356780927010345,20.671807001377,20,25.9601958980868,-0.286974920552872,21.3510780793255
-0.600184479699911,18.2558549329456,17,23.2704842187727,-0.982436310661232,14.092607553992
0.905209645186941,30.5742031689452,33,35.0528600134185,0.422523580874682,27.3624148033525
0.533738770595191,28.1457704057405,29,33.0685712340212,0.749285598878763,29.6453092983295
-0.0677061375010771,23.3261659316915,23,28.6884575060451,-0.129525821166876,22.7970039717612
0.89561919655213,30.5171274200736,32,35.0076161541698,0.440404879766223,27.4960454905372
-2.23614427011089,3.17275926980749,2,3.3630904963287,-2.35638611328473,2.7262498114429
-1.04711406103365,13.3643335958979,13,17.362799490538,-1.14780426133112,12.2145843106156
-0.650479777419977,17.7330946552293,17,22.6654662644828,-0.816805376810723,15.9505961357441
-0.811213934009842,16.0079056859284,17,20.6198825972279,-0.789702965745461,16.2485349765051
-0.887049026168908,15.1684047237163,14,19.6003562871228,-0.662675354095487,17.6148345122474
1.71458353305017,34.4032203190616,35,37.9697092140091,1.70441352554272,34.3990201025476
0.0571977520192082,24.4079991802898,24,29.7315386961854,0.00939142376278158,24.0210202394846
-1.24798375725197,11.1148671036441,10,14.4889670767235,-1.11116571187375,12.629036473956
-0.506155036968267,19.2109638329714,19,24.3557313329048,-0.611694962006395,18.1482736663542
0.169450122569903,25.3460785021199,25,30.6060154463778,0.556901984156418,28.3424424336725
0.66468415449943,29.0527273925164,30,33.8244877504208,0.912159130522461,30.6537275501184
-1.85391473008863,5.52628999050176,4,6.84280289491067,-1.8030360593695,5.92250606655529
0.625470709005018,28.7868906276966,29,33.6048495532514,0.375318239360758,27.0049993028411
-0.229693635172027,21.8651613343067,22,27.2171221126093,-0.190812581597823,22.241710307562
-1.7101416703518,6.63342271407938,6,8.43250826039349,-1.63020510891146,7.30232212598842
0.815301507043429,30.0274591224344,31,34.6168599172652,0.562647202124235,28.383079974691
-0.400390714617317,20.2521185876196,22,25.5064744697341,-0.214043082788227,22.0287476184685
0.0632358438767162,24.4592959773301,25,29.7800596919935,0.192376529957811,25.5586529915035
-2.48202643213979,2.06710551035895,1,1.7222927636765,-2.41301374084274,2.48443797424672
-0.392360251509618,20.3298097395741,20,25.5909153555449,-0.27113364738416,21.4994608879087
-0.273057231872315,21.4627913178255,21,26.7988639778487,-0.172002746238605,22.4131429286852
-0.718574702610616,17.0120919644324,17,21.8192487795582,-0.935403863420728,14.6253203343807
0.632249617479317,28.833200701322,29,33.643224382711,1.65723235401204,34.2238210043411
1.83029005841678,34.8110379782083,37,38.2709920409648,1.48425529796881,33.534603437139
2.09608832841167,35.6419977806333,37,38.8848222765855,2.25822798209411,36.1043610611665
0.369228670431917,26.9300553462194,27,32.0245962218253,0.577658347878075,28.4887615771101
0.827864283016664,30.1054292285767,31,34.6793964282918,1.28561379639799,32.6448979262731
0.264818450196348,26.1163614059303,27,31.3045692376627,-0.0667856237545853,23.3557567864798
-1.27341751564973,10.8374293416327,11,14.1279217879887,-1.45185616944122,8.95645314684843
0.596625397522923,28.5881838303989,28,33.4396440847024,0.528513643947767,28.1401067841832
1.51614286015727,33.6308478019018,34,37.3963551379678,1.91743054365578,35.1274017757803
-1.07055164375423,13.0989580158712,13,17.0285818270171,-1.08859441565232,12.8852444005585
-0.448083846862385,19.7868124669407,19,24.9965376458293,-0.656651829213385,17.6783163564103
-0.274589280479246,21.4484858905011,21,26.7838894045679,-0.460018737095331,19.6845202492925
-0.618145333176038,18.0701320823103,17,23.0563933047009,-0.803100208557051,16.101519311638
0.0580984657878469,24.4156571650773,23,29.7387875590946,-0.0977099361825583,23.0815725106157
0.895940342936752,30.5190434594189,32,35.0091360039433,0.303841367455127,26.4512584157664
0.73446457916888,29.513479725071,31,34.2015251183707,0.58059289313002,28.5093373051044
-1.36790355085648,9.83121448647891,10,12.8052303184973,-1.25948401185912,10.9709702686747
1.91550874536474,35.0928725231414,37,38.4789968630521,1.50589125252018,33.6249979948042
-0.879306843503144,15.2547256504702,15,19.7058544886914,-0.859276963102535,15.4796966752908
0.301285630064746,26.4041530628047,25,31.5612750929454,0.0119557017217024,24.0431620597495
-0.490113186798828,19.3710831479726,19,24.5349677960243,-0.743462624423268,16.7518372317296
-0.162525613652741,22.4789260884998,22,27.8442188429733,0.657364926384316,29.0377859867736
-0.0816352912839637,23.203103147607,23,28.5673504137708,-0.698486572163672,17.23492574269
-0.631305486284903,17.9333742662803,20,22.8981388185993,-0.611400892510428,18.1513254003265
0.396639398195183,27.1383554306536,27,32.2061005868774,0.754940252601898,29.6817788440996
-0.00717130332241488,23.8553760899865,23,29.2034901844029,0.13812183965952,25.111871302797
0.361433278087803,26.8704067092889,28,31.972413505414,0.426443279399577,27.391790774905
0.489966370833038,27.8304541916058,29,32.8012912708359,0.803589084274364,29.9912003635212
-0.880201504153831,15.2447571705879,15,19.693679006036,-0.756996558196877,16.605206134466
1.16670505302481,32.0181943503048,32,36.1779563135198,1.0654313937172,31.5238309925501
-1.13940763651347,12.3217740396462,11,16.0424413064941,-1.09468405936659,12.8160704525104
0.968211374680517,30.9418027385804,32,35.3427882342283,1.25478196226575,32.4967333536432
0.35938291684873,26.8546878130032,27,31.9586465829413,0.320409961081461,26.5809423673736
0.468977125878848,27.6771356416235,28,32.670463696015,0.374929954371757,27.0020317551772
-0.46888692971896,19.5817182044693,18,24.7695204411365,-0.430246688668315,19.977478768972
0.942859773431026,30.7954110680993,30,35.2276295220301,0.316597026214501,26.5511683181997
0.263783696032119,26.1081399839229,25,31.2972022793913,0.131867941618543,25.0598677206145
0.747884777963053,29.6002792584701,30,34.272048697796,0.432545958887221,27.4374340430761
-0.0911340114936154,23.118906774948,23,28.4841970277315,-0.169085245290542,22.439652970317
-0.407014517776564,20.1878955832889,21,25.4365188945751,-0.682242370723182,17.4077823444921
-0.288059431669404,21.3224426797965,19,26.6516414464593,0.0511481135866114,24.3795130327661
0.7736399631011,29.7652190343738,31,34.4056281179375,0.957950004335506,30.9216110769838
-0.615165536123032,18.101018123263,18,23.0920633323766,-0.904230582585198,14.9765765350716
0.423710254392807,27.34185177298,28,32.3823460555942,-0.0293836205009062,23.6842007793564
-0.506611140076634,19.2063994865497,19,24.350610317979,-0.679195727993568,17.4401047596362
1.52009402230675,33.6471796192676,34,37.4085315557897,1.42920537104341,33.2989786992403
1.44879549416119,33.3462275653705,34,37.183705420294,1.19420010889596,32.1973751103857
2.2826939055031,36.1468847870597,38,39.2603495535828,2.92367282230068,37.4942070310881
1.12243377017044,31.7886753773221,33,36.0015099116673,1.48325793734892,33.5304066834371
-0.340207891362382,20.8298967584736,20,26.1295473998763,-0.434326468842437,19.93749301329
-1.71524816108036,6.59173224122866,6,8.37341848153061,-1.90089565880681,5.23363363760197
-0.20074220961064,22.131110826926,21,27.4904627793494,0.375312791960878,27.0049576730682
-0.115308419187778,22.903616126956,22,28.2704765472828,-0.076678496422558,23.2683018077729
0.820076869500755,30.0571574962941,31,34.6406940542329,0.702632957255479,29.3404238570545
-1.09355206510117,12.8388044804949,13,16.6997024556594,-0.821596493880529,15.8977127850687
0.0390844718548386,24.2535568000273,25,29.5849505667808,-0.166786648015384,22.4605242128564
-1.28191317289267,10.7453164332597,10,14.007711515838,-1.41277601362614,9.34853529262376
0.399391178293935,27.1591422264363,28,32.2241520893977,0.560367072924145,28.3669645494799
-1.10916611961813,12.6624562080678,11,16.4760702413986,-0.979384238181151,14.1272549789347
0.200388170165593,25.5987147796788,25,30.837006169338,-0.138297086266145,22.7181085362821
-0.512232592034,19.1500901590313,18,24.2873804220878,-0.605434122299198,18.2131835189717
-0.134847304635991,22.7285484178546,21,28.0955160037877,0.0618358797421973,24.4705596613305
-1.21845862238466,11.4398082610148,10,14.9099214063468,-1.23409976929214,11.250201352187
0.324696604627381,26.5868884889514,26,31.7231012144589,0.17778991548491,25.4393092684313
0.51936211803841,28.0428705565638,30,32.9816083220973,0.504701268760512,27.9684256926993
-2.23505328980234,3.17838167286077,2,3.37144365544258,-1.7873284086377,6.0390477346803
-0.408617755834628,20.1723317219698,20,25.4195450221577,-0.0116234458378284,23.8389412349601
-0.77288993607839,16.4264248035478,16,21.1225398590161,-1.16921144682118,11.9735580155088
1.05020597912095,31.4013138655034,33,35.7017502902326,1.15279504833264,31.9863924707947
0.666324368200782,29.06373861856,28,33.8335517880576,0.589326089743195,28.5704075403767
-1.34711790609055,10.0488915955593,9,13.0931996567707,-1.39276273270666,9.55305645938459
0.78985119998736,29.8679318628619,31,34.4885288327074,0.719327511928062,29.4503456816356
-0.942796629343799,14.543510964513,15,18.8322676387748,-0.915423722136512,14.8506531293105
0.525297462982508,28.0854312117891,28,33.0176076982392,0.706850734094864,29.3682810193396
0.849476435413428,30.2383653309358,31,34.7857401392165,0.483670953518756,27.8153268896089
0.237361561989384,25.8971845564762,25,31.1075252793981,-0.11627941037543,22.9157888231728
0.862667146947193,30.3187572497867,31,34.8498816674814,1.22059737487099,32.3291666485906
-0.0169416483209157,23.7705808419757,23,29.1215900286392,-0.0351507208787003,23.6337841423274
0.418087634978883,27.2997683527473,26,32.3459842907556,1.28085989049942,32.6222346746395
-0.56920545764938,18.5736965468053,17,23.6346142151376,-0.251567779121211,21.6818138771562
-1.4964038428056,8.54021829627585,7,11.0744281161702,-1.64157959620036,7.2047594168891
