"Items","Difficulty","Discrimination"
"Item1",-0.344104864290072,2.64382591598122
"Item2",-1.77667870225439,1.89331997304259
"Item3",1.21779474527471,3.10780677414056
"Item4",-2.28352308053614,1.43569376217291
"Item5",-0.0449444967988467,2.81713079586557
"Item6",-1.05626874710253,2.44225224424803
"Item7",1.31123298636216,3.06606389413414
"Item8",1.43707581192444,3.14885867767862
"Item9",1.25716306480948,3.00033651069244
"Item10",0.186524862835997,2.93159662091249
