"Items","Difficulty","Discrimination"
"Item1",0.984941032761139,3.07875138645515
"Item2",-0.713159544149493,2.6382207151699
"Item3",2.59416512265997,3.30466083927659
"Item4",-0.487610295040715,2.75830402847414
"Item5",1.3591477001108,3.1012582253256
"Item6",1.65433016821566,3.1379945440983
"Item7",0.637719084775668,3.02097745893544
"Item8",-1.83605805613355,1.78960771764137
"Item9",-0.434423034635434,2.77740007049277
"Item10",-1.91456075569662,1.54706872935824
