"Items","Difficulty","Discrimination"
"Item1",0.961915825430659,2.91852932525124
"Item2",-0.125208269530805,2.87356100037736
"Item3",-1.54608499509902,2.0609180437706
"Item4",-0.445033470617732,2.78921235155106
"Item5",0.288109106963317,2.83336454235004
"Item6",-1.9259262812432,1.89325605671219
"Item7",1.52226485500155,3.10851952721552
"Item8",-0.481527541648915,2.64931076803647
"Item9",-1.507408488824,2.10591196228566
"Item10",-0.742414952098579,2.68010608222986
