"Items","Est.Discrimination.2PL","Est.Difficulty.2PL"
"Item1",0.439138422382115,1.23425877298304
"Item2",0.539995892885261,-2.11946727850499
"Item3",2.54240312688998,2.22095383033358
"Item4",0.590517832080092,-1.55076440804302
"Item5",0.422086739280071,1.99150940526284
"Item6",2.80574256898094,1.93232162145625
"Item7",2.64836879533617,-0.139221115476286
"Item8",0.590621207136981,-2.29958345521598
"Item9",0.568639392536562,2.12876484928159
"Item10",0.444583974377689,-0.0941906008660162
"Item11",2.93475342133916,-1.75301012184975
"Item12",0.311058605405687,-1.06454320249456
"Item13",2.82468672250404,-0.206801389307674
"Item14",0.783935303854123,-0.147264222408796
"Item15",3.34848445632103,-0.137673063139545
"Item16",0.260394481143466,-1.55982957588548
"Item17",0.610395284354561,-1.83110837185527
"Item18",0.429910106653187,0.674628422498833
"Item19",2.68699452556774,1.98096535909385
"Item20",0.452244152722456,-1.389247082785
