"Items","Difficulty","Discrimination"
"Item1",-0.381192679905839,2.73024728894479
"Item2",1.60598744090346,2.80000155792739
"Item3",-0.978481815215468,2.83541000015685
"Item4",-0.501230950060829,2.47143125059725
"Item5",-1.83743310672343,1.93297508372246
"Item6",1.35128274743859,2.74046482603478
"Item7",2.02823857830973,3.41264507776171
"Item8",-0.432490173893691,2.60833509252615
"Item9",1.94886978027034,3.5534314543792
"Item10",1.84779063754502,2.89497004881224
"Item11",-0.0927844944601267,2.45845108540108
"Item12",0.804118686102695,3.24857719371279
"Item13",-1.40376144026912,1.86359507358378
"Item14",1.60225822448307,3.0245512806786
"Item15",-0.836030609118579,2.34205729390481
"Item16",1.71203345770749,3.08690844384315
"Item17",1.07049874195311,3.51869641530545
"Item18",1.84442199229292,3.38095628752312
"Item19",1.34447795376611,3.35872680633753
"Item20",1.25630807919387,2.7544966724969
