"Items","Difficulty","Discrimination"
"Item1",2.28315848897795,3.10973079829047
"Item2",0.350282195731251,2.21258364767665
"Item3",0.649946724742193,3.41454404284363
"Item4",1.16875896100103,3.27388626187018
"Item5",1.66910050528828,3.11464338490826
"Item6",-0.260155778356563,3.11714618811156
"Item7",-1.37189239417538,2.08642173267034
"Item8",-1.8268992748887,1.70408841859594
"Item9",-1.62865452636302,2.44813341405571
"Item10",1.46501883814714,3.20838015108422
"Item11",-0.514818522475708,2.33942758419827
"Item12",-0.332992536504969,2.54705602817696
"Item13",-1.13159842208052,2.00636555407658
"Item14",-0.0945428410465401,3.15215305829803
"Item15",0.760009700708075,3.0638779195795
"Item16",-0.332869147388833,2.68755519997834
"Item17",-2.12486329079424,1.73393676189495
"Item18",-0.290359045547134,2.60081444670044
"Item19",1.06642364397471,3.5775478786918
"Item20",-0.192271708620213,2.84776448590552
