"Items","Difficulty","Discrimination"
"Item1",2.01945536143947,0.61294483873863
"Item2",0.0800708597680907,0.955055134191031
"Item3",1.02858150044416,0.61961906489448
"Item4",1.58551491666481,0.503439246575312
"Item5",-0.641518263543892,0.766927989021364
"Item6",-1.0938750288623,1.99666592512466
"Item7",1.92948307643106,0.33631849551428
"Item8",1.71349931111113,0.192392446820142
"Item9",-0.683558182488048,1.75633693696739
"Item10",-0.437523663452327,1.60083962455396
"Item11",0.694373913946072,0.736680293115695
"Item12",1.27852834946271,0.805234073604848
"Item13",-0.386934120700089,1.46066098205304
"Item14",0.915258798765292,0.459816468596056
"Item15",-1.06039839513543,1.63594836839775
"Item16",-1.38629487091288,2.1966498145379
"Item17",-1.96628359630169,2.95788398265491
"Item18",1.5496213968284,0.977700840871156
"Item19",0.235257619470722,0.671791427254523
"Item20",-0.782155849372416,1.66853126860266
"Item21",-1.22009147131577,1.96943094054734
"Item22",0.46717996091437,0.931207955901582
"Item23",-1.73481487859968,2.67216431296329
"Item24",-1.5280635092451,2.34040873260186
"Item25",1.2188315364174,0.984756987125796
