"Items","Est.Discrimination.2PL","Est.Difficulty.2PL"
"Item1",2.86322593375899,-1.89442194803786
"Item2",1.20674006468272,1.26032135180324
"Item3",0.976197977484186,-1.07431112689258
"Item4",1.02895399501974,0.97525360055562
"Item5",1.13149532335738,0.889911088961174
"Item6",0.974837672258648,2.03427349764392
"Item7",1.08712479774356,-0.0420151470717006
"Item8",1.04187781360801,1.03075239021321
"Item9",2.08520692941902,-1.61416916893743
"Item10",3.23421600365678,-2.21596769215385
"Item11",0.768085826913916,1.27319433493855
"Item12",0.736142398802094,-0.661858622818919
"Item13",1.19551115367984,-1.12433266318156
"Item14",1.16716961172826,-0.329380956282467
"Item15",1.22290552069218,-1.06702672942031
"Item16",0.851791551753427,1.06300472779698
"Item17",2.14322944953354,-1.82151077349046
"Item18",1.27742955454716,0.358548747882817
"Item19",1.07585487891986,1.34217744850782
"Item20",2.35574517599823,-1.58194687341924
