"Items","Est.Discrimination.2PL","Est.Difficulty.2PL"
"Item1",1.03722726455225,0.0254209082266593
"Item2",0.923592094922514,-0.336872062604255
"Item3",1.29540975218954,2.25324059639666
"Item4",1.11230453053442,-1.15610446619047
"Item5",2.96989477040176,-1.67421005192959
"Item6",1.04617848076213,1.7071718407848
"Item7",0.949440473007292,0.211308033388022
"Item8",0.978814464652865,1.03645953048095
"Item9",1.57679885261645,-1.80435335557498
"Item10",0.859204696190299,2.34183978647887
"Item11",1.01585593008381,-1.19051422193315
"Item12",0.594794112768079,0.370832370683975
"Item13",1.07846122318009,0.684846609598449
"Item14",0.976833227740857,0.915873509632841
"Item15",1.04643827250643,-1.32673430587786
"Item16",0.843897638733075,0.322313658014557
"Item17",1.00486900313936,-0.95166119031288
"Item18",1.08712181585211,-1.47144942455964
"Item19",1.19770374872199,-1.36827776017441
"Item20",0.907143473355956,1.03865532450516
