"Items","Est.Discrimination.2PL","Est.Difficulty.2PL"
"Item1",0.333959421645968,0.295614460361621
"Item2",2.79716339746643,0.113570348626882
"Item3",0.267037031389078,-0.167639882572322
"Item4",0.230876005375436,0.210741214924837
"Item5",3.71993869902938,0.0530231059824924
"Item6",0.16043569513646,-0.602634089326767
"Item7",3.09075232001242,0.0642969116263834
"Item8",0.215924425456847,0.56292414959372
"Item9",3.18466724288901,0.0466101670934951
"Item10",3.14903764444143,0.0754430341287089
