"Items","Est.Discrimination.2PL","Est.Difficulty.2PL"
"Item1",0.205596131213681,0.413053220604797
"Item2",0.225497997417037,-0.233579366554245
"Item3",0.343878917837887,0.071756920099639
"Item4",0.278118398524965,-0.073316558216511
"Item5",0.127022068348932,0.665132414996958
"Item6",5.91523956470577,0.0571916141128112
"Item7",0.151088921831807,0.239746944298377
"Item8",0.229645433906398,-0.476902881353807
"Item9",0.133475039197265,0.360276883858
"Item10",0.171191742795359,0.588844667409583
