"Items","Est.Discrimination.2PL","Est.Difficulty.2PL"
"Item1",2.5854097792718,0.0807510323867449
"Item2",2.70042512398922,0.0528899609240542
"Item3",0.160486986522288,0.10044647237121
"Item4",2.91194622652937,-0.0355974781956382
"Item5",3.22191476707283,0.0276482604433584
"Item6",0.298019177105327,0.233332164090494
"Item7",0.0872909011750978,0.367164287853731
"Item8",3.24555976168632,0.0929095006208659
"Item9",0.238520635943963,0.255128167160665
"Item10",0.290697183303796,0.0703189443764187
