"Items","Difficulty","Discrimination"
"Item1",-1.59954677459939,3.07678979264837
"Item2",-1.36980161226688,1.97241990792715
"Item3",1.96772932347322,3.04957445129906
"Item4",-2.21448980662856,3.19528379218287
"Item5",0.289797092784772,1.42615565171553
"Item6",-0.562609362995388,1.28283678439946
"Item7",1.40043780936054,1.96648954079238
"Item8",-0.958154903517902,2.05904529087756
"Item9",-1.40848328744274,1.34790266530319
"Item10",1.04997111574731,0.587565299974003
"Item11",1.24732902972653,1.84753657952395
"Item12",-1.49793825387106,1.68898566336623
"Item13",-0.140076105660828,2.5334465656723
"Item14",-1.78878215785087,3.20800626198519
"Item15",0.174493491329114,1.82161056571785
"Item16",1.39667794864505,0.878437724718525
"Item17",1.52528550393971,2.87456764197247
"Item18",-1.4341202140121,0.671299640598448
"Item19",-0.739533014004193,1.25438269430514
"Item20",-0.714374843424518,1.50581724817842
"Item21",1.37948379704313,1.60987525716773
"Item22",0.155192210779359,1.39009033546309
"Item23",0.754365887098233,2.14020317156822
"Item24",0.779078038171616,1.36957777019493
"Item25",-0.0453651218794557,1.71168467243113
"Item26",-0.498707153698071,0.666085668615484
"Item27",-0.323668949503014,1.68877027348166
"Item28",0.00437042375941236,1.19932532530268
"Item29",-0.94956023159944,1.13915810980468
"Item30",-2.18170156267041,2.91382619303084
"Item31",2.22088692524283,3.01347538618778
"Item32",1.93998576618216,2.93138486584075
"Item33",-0.663656428224918,1.35649046130428
"Item34",-0.0851939039637989,1.02176474612027
"Item35",2.03674930864443,3.12755804625611
"Item36",1.75521390479865,3.04064766262551
"Item37",-1.9483182767467,2.95030014210519
"Item38",-0.507934126835227,1.33352045977826
"Item39",-2.01029146810757,2.84155301359277
"Item40",1.95059152484248,3.04919699303756
