"Items","Difficulty","Discrimination"
"Item1",0.46757660903136,1.26503707208449
"Item2",-0.692908487653095,1.46792323167622
"Item3",-0.807287822333837,2.0437035616883
"Item4",-2.14200089127272,2.85061076829776
"Item5",0.501811563305517,1.59839349388144
"Item6",1.43075384590191,2.61329775123849
"Item7",1.56313652303882,2.80684318550733
"Item8",1.76251998057379,3.3785197066141
"Item9",-1.7946803249423,2.98509396278877
"Item10",-0.863650309862265,2.17850316650241
"Item11",0.384051911199763,1.49906637689015
"Item12",1.32598236010706,2.39501892848776
"Item13",1.37397985011596,2.27091674713496
"Item14",-0.885242760911909,1.72210358733629
"Item15",-0.571776650267588,1.52524876547338
"Item16",-0.900104841842028,2.1014155104227
"Item17",1.41660814486426,2.65594679727479
"Item18",-0.0298450834883537,0.601928098375424
"Item19",1.81096573333483,3.07781905700425
"Item20",1.42364967442563,2.81660836454472
"Item21",-0.417833900158738,1.00216270378413
"Item22",-1.02981569626357,2.01040989825111
"Item23",1.74802851886728,2.92113519897091
"Item24",-0.828462382816758,1.28609456304415
"Item25",-0.964640643814225,2.1097035295322
"Item26",1.36977245805817,2.58503397778658
"Item27",1.73842736892642,3.10209628474722
"Item28",0.0327139169473416,1.32983867368627
"Item29",0.463419641438488,1.07635078420996
"Item30",1.1966775637242,1.91249142487168
"Item31",1.28132036774705,2.3995780100799
"Item32",0.921781061160199,1.56862824081924
"Item33",1.42223450453888,2.28693781311947
"Item34",1.90149182583136,3.35446102561744
"Item35",1.35105800906768,2.77489061746062
"Item36",-0.386593974994927,0.73326110601965
"Item37",0.865798644983407,1.39401733959742
"Item38",-2.21543163717755,3.50278009286244
"Item39",1.58826617910883,2.48674730871164
"Item40",-0.165772871476584,0.919515523582958
