"Items","Difficulty","Discrimination"
"Item1",2.13848031419758,2.81511359767157
"Item2",-2.61336493317999,3.07671878036272
"Item3",1.545136079834,3.11010178457952
"Item4",0.86358874605258,0.355447379398658
"Item5",0.42037179501714,1.71447878818374
"Item6",-0.0274880149292836,1.8170786422801
"Item7",-1.40843036507373,1.39548618895605
"Item8",-0.383801172530219,1.05299004419067
"Item9",-1.11791804090049,1.26614686616739
"Item10",1.22940081771977,2.26046615627956
"Item11",2.00125856888595,3.00649740169592
"Item12",-0.880540726425402,1.26943948994083
"Item13",1.003658951991,1.66004319134393
"Item14",2.73754209806418,3.07302590227712
"Item15",0.327967383487768,0.705730069966118
"Item16",-0.311409560084759,1.77336508764754
"Item17",0.282194452436645,0.993538881935913
"Item18",2.18187690453417,3.02500568977226
"Item19",1.62326207384563,2.98305615274283
"Item20",1.54501114951429,3.08293169753713
"Item21",-0.0300508086318195,1.36211484952276
"Item22",-1.96243808568373,2.81693701915447
"Item23",-1.53354513029705,2.81852682086007
"Item24",-0.466189412641141,1.77967416041938
"Item25",1.9931564066729,3.23337549175667
"Item26",0.355463568669239,1.13633146351842
"Item27",2.74558237244719,3.0254531983232
"Item28",1.04879076360305,1.47099367343767
"Item29",0.750013857445085,1.86496249342319
"Item30",-0.9830611221122,1.09257344448601
"Item31",-0.878309065968187,1.85786083992542
"Item32",-0.766745970571653,1.82708272845018
"Item33",-0.399017094056468,1.05304071559695
"Item34",-1.84024183020696,3.09999828874957
"Item35",-2.0509005497927,3.10742167167071
"Item36",1.86841753797611,3.10591342752791
"Item37",1.2599511773391,2.7376153759663
"Item38",0.733113764770151,1.22205725402699
"Item39",-1.70582475217695,2.6375348459153
"Item40",-0.320760444038636,1.07838333539193
