"Items","Difficulty","Discrimination"
"Item1",2.16571159768293,3.69871350183
"Item2",-1.62546688643938,2.59326322875364
"Item3",-1.32684329018579,2.74070534474558
"Item4",1.74633410448537,2.84437736900063
"Item5",-0.202469670530938,1.22191798580909
"Item6",-2.24755275496234,3.43696295974128
"Item7",-1.74775292600355,3.06124809643488
"Item8",1.2120165606213,1.89616436242167
"Item9",-0.92424654517116,1.8977728726914
"Item10",-1.38547630764675,2.6408912513473
"Item11",1.29486587813235,2.19817605228525
"Item12",-1.20588425153755,2.38528592094924
"Item13",0.834150630223076,1.71223096344783
"Item14",-2.37582345259153,3.31284148413268
"Item15",1.8126805891638,3.47175943407974
"Item16",1.14370188975549,2.2275769358516
"Item17",0.485277033136192,1.39325514890591
"Item18",-0.905940986463844,2.05689729852415
"Item19",-0.304620534101828,1.28960774477021
"Item20",1.00963038613488,2.33721362709195
"Item21",-2.17510062883975,3.75466850219818
"Item22",2.12409553547209,3.2946930726172
"Item23",-0.107639157079152,1.17345683623319
"Item24",-0.106923821917219,0.81405233754346
"Item25",1.84357225812049,3.55781833565921
"Item26",-0.924040175647549,1.98730130037054
"Item27",1.42511001086224,3.04283162290563
"Item28",-0.513588584699679,1.21727483747974
"Item29",0.783460754400106,1.87482567056167
"Item30",-0.787123781838742,1.37443807396333
"Item31",-2.27305763051112,3.13019542867892
"Item32",1.49359061623893,2.56561555827901
"Item33",-0.970510352439631,1.9843063160544
"Item34",-0.0724535367728904,0.896158441254019
"Item35",0.834458451861223,1.87455991119811
"Item36",-1.60136295432385,2.90710960224788
"Item37",2.00496857892886,3.05023116686365
"Item38",-2.10880577008725,3.16731326567035
"Item39",0.576193370540873,1.55432167448255
"Item40",0.635857849401491,1.3111230816076
