"Items","Difficulty","Discrimination"
"Item1",-0.210422696106473,1.48777252217832
"Item2",0.906623315252207,1.91392042857679
"Item3",1.85116699779401,3.20040135923694
"Item4",1.75153590978236,3.05367503502602
"Item5",1.34984074501542,2.50001435441213
"Item6",-1.24700701324173,2.65548224584356
"Item7",1.20013153250484,1.94759762728864
"Item8",-0.0885181264679653,0.675398472360588
"Item9",-1.67564405243653,3.21223365227002
"Item10",0.262027064497292,0.693742522443836
"Item11",-0.354080047062652,1.06197579079779
"Item12",-1.25739810962231,2.61496460862842
"Item13",-1.46756111948887,2.11132377679573
"Item14",-1.25113464402903,2.19148561544626
"Item15",0.667434614745069,1.44310318230882
"Item16",0.281417471929869,1.21182454331095
"Item17",-1.53281857338852,2.90651545651863
"Item18",-0.748290533488373,1.843173944966
"Item19",0.291082270159536,0.89234072140109
"Item20",-0.946197062537372,2.45459748263061
"Item21",1.48100727599938,2.04147725693877
"Item22",1.50136143823048,2.32345962274193
"Item23",-1.53388454982104,2.88158084136344
"Item24",-0.312942717744795,1.1051068289917
"Item25",0.186577055471456,1.09456889399101
"Item26",-0.471564668255288,1.05644696074979
"Item27",-1.40136727227198,2.55631782715812
"Item28",-1.10889336059335,2.50960440562015
"Item29",-0.0814275646686469,1.17423256037317
"Item30",1.60356707945054,2.87846093243791
"Item31",2.17785645833987,3.86248481168307
"Item32",0.602140876959961,1.29257615850581
"Item33",1.66410637100993,2.79559660079099
"Item34",-0.907109309556927,1.8557145838967
"Item35",1.54272608922684,3.17804233938048
"Item36",-2.51339396021487,3.43907832170795
"Item37",-1.87402170848809,3.23696038464308
"Item38",-1.07197270658904,1.89743040708574
"Item39",1.85523522598248,3.33414944386557
"Item40",0.960310692623424,1.88623705009059
