"Est.Theta","Est.ExpScore","SimSum.Score","Scaled.Weighted.Score","True.Theta","True.ExpScore"
-0.268195741297477,10.7125377177275,10,9.4318635024113,-0.300905191578157,10.4251785738857
0.638276649545072,21.4686589074773,21,21.7124467278289,0.559939355929301,20.6738248789154
-0.3321548575312,10.0625144594191,11,8.7002533506486,-0.26302942994649,10.816365969961
-1.02968496045547,4.90787362141722,4,3.1553502027435,-1.06021542395912,4.79216095562099
0.028388828757185,14.0334578134115,15,13.2264648573621,-0.013803873498397,13.5951012942935
0.275484099794989,17.1066549762791,17,16.7553739858187,0.327861248144331,17.8490102441384
1.78012265876914,27.6515752435453,28,28.5375425808411,2.37181435542881,28.3750848243694
1.32566200039669,26.3754171207133,27,27.1225196266938,0.688719438891971,22.0632416777596
0.172357512371334,15.8030552720105,16,15.2602993393695,0.31433519919989,17.6774633542012
-0.416298858216401,9.24654787814266,10,7.79044891826628,-0.478281468988624,8.71380311990825
1.15272069117129,25.568311356935,25,26.2474292437595,1.32327003846342,26.3862551947232
1.11679501495539,25.3699783972619,26,26.0319841779167,0.93568543664876,24.2280884360407
0.00335042192561599,13.7348444340476,15,12.8832735292617,0.119618096497658,15.2156943652972
2.02813064177537,28.0346642835505,29,29,2.66395347398094,28.5586116736513
-1.17123431101261,4.2967524527975,5,2.5319598730298,-0.90504639801363,5.5768115208315
-1.06325316918242,4.75220941240569,5,2.99578292498312,-1.28547745779105,3.9103567786033
-0.70920699006509,6.80361054733376,5,5.13645835490452,-0.87779983776835,5.73269451167577
1.78012265876914,27.6515752435453,28,28.5375425808411,0.86964899384381,23.7155838566979
-0.208253200246584,11.3439300977334,10,10.1473186427929,-0.164727322798414,11.8707889759308
-1.08280622348082,4.66475830257306,4,2.90636339801673,-1.12922217422076,4.49357264622525
0.0958442092982551,14.8524351398973,14,14.1679777241879,0.152458880214647,15.6257152769659
-0.993680669928297,5.0829492556785,5,3.33540719616571,-0.694612358666481,6.93688388103223
-0.174222827686478,11.7116577666788,12,10.5658134215363,-0.220041391081817,11.2706118449652
0.405597451858487,18.7470586627478,18,18.6294383772355,0.367403472330668,18.3483026589612
-0.460061422168033,8.84082031791828,9,7.342084331068,-0.367049130684886,9.76302853615814
0.477104842804752,19.6239229292974,20,19.6269004259979,0.387617301334322,18.6017844105688
-0.710970733366827,6.79095334949133,8,5.12300296771902,-0.851266605616887,5.89009088144032
-0.600080739851028,7.63609430743469,9,6.02823546466062,-0.84700990059765,5.91586393107735
1.17689796524731,25.6954494470166,26,26.3853875025687,1.14683065867409,25.5667717460042
-0.259050859936063,10.8074964413327,11,9.53918515592907,-0.432225123852088,9.13801636298531
0.0719055909490004,14.5595021398713,15,13.831212228105,0.115815482429811,15.1684573686248
-0.356211983714002,9.82456604971008,11,8.43388803134245,-0.0137993902868166,13.5951543302825
-0.384534580220174,9.54916399870275,9,8.12665646102698,-0.145842827337783,12.0796708647448
-0.629971634605001,7.39848596124362,7,5.77233918793375,-0.477793134867054,8.71822219474495
0.258571882159456,16.892044468414,17,16.5095420068428,0.577517303784068,20.8728818592258
-0.558595458969386,7.977558031847,8,6.39787476049235,-0.564831967581375,7.95853794150522
0.897062677107949,23.8850519178333,25,24.4062276255506,0.795293743977708,23.0807829992313
0.0337757178549195,14.098100327455,13,13.3007707034694,-0.225440597418093,11.2129688552141
-0.245716833747037,10.9468425926128,9,9.69686059041813,-0.122356741569251,12.3422426343599
0.550729754981289,20.493324586964,20,20.6122317474464,0.636932113860155,21.5243501226569
-0.955216654160105,5.27973055055642,5,3.53851251643195,-0.609102253330639,7.59461472382124
0.146065316325944,15.474201565816,15,14.882563665216,0.0618295031316134,14.5039650603024
1.26151873383633,26.1027373705551,27,26.8268762612904,1.79885809464949,27.6925471095561
2.02813064177537,28.0346642835505,29,29,2.42083193457118,28.4110967621451
0.544797949841833,20.4247956187014,20,20.5347114345089,0.750628704733638,22.6696711068228
0.127769171525822,15.2466372216953,16,14.6210772781926,0.00394122568966342,13.8058259089416
-0.0980602729641968,12.5583860621986,12,11.5333143367547,-0.142680477848419,12.1148457758499
1.19333515404674,25.7790683919778,26,26.4760719343454,1.33470288346612,26.4315030673074
0.76987512921958,22.7896798538436,23,23.1916860586982,0.770806977090007,22.8581648703269
0.839745734975109,23.4137737187046,23,23.8851789770712,0.796034053834089,23.0874086396182
-0.782288192960719,6.30054881394643,8,4.60404575887868,-0.630874400347237,7.42142562944955
-1.11487990672492,4.52622230946014,4,2.76505175159043,-0.999498545177248,5.0793273257813
0.0441948578544272,14.2235189726446,14,13.4449472010392,-0.0014633651128926,13.7414770139847
0.000374526220073468,13.6995591539442,15,12.8427292472152,0.0192629100485441,13.9890423304684
0.00572561480518184,13.7630389218559,13,12.9156716749064,-0.0189414823760803,13.5343917854425
1.71447721055607,27.5217609868629,28,28.3877863616056,2.20398046052259,28.2313139790769
0.736026554288633,22.4677626412945,23,22.8325406598644,0.840864803461732,23.4771737477571
-1.68838496690722,2.77811169980178,2,1.0324144364777,-1.42933253807253,3.46384495241075
-0.95758375337817,5.26732086827263,5,3.52568170205684,-0.833296758781704,5.99988510648012
-0.993604538751483,5.0833286434261,5,3.33579804434917,-1.14564821110092,4.42651532795519
-0.721035157977922,6.71921694046181,8,5.04680109124948,-0.576931623361421,7.85752542614585
1.42517601599606,26.7441404021423,27,27.5235989605962,1.45073954555205,26.8444984009088
0.299619167577905,17.4129046129395,17,17.1059391186043,0.547560877430377,20.53202767345
-0.0650399872482726,12.9354510693126,13,11.9654644765101,0.0507346199094478,14.3689403649304
0.103307698281206,14.9442440237993,16,14.2735155574634,0.145111486357506,15.5336778330668
-1.31649249136654,3.77682653507101,4,2.00899167423353,-1.14278612679459,4.43809357170507
0.01937372287052,13.9255886180541,13,13.1024796062174,-0.0376996722809815,13.3138956137814
-1.42265433397424,3.45069388799434,3,1.68540936772405,-1.45765229616464,3.38412644766538
-0.352668565286515,9.85938403509572,10,8.47281225254518,-0.621203761046197,7.49787501674698
-1.09752071310345,4.60045776302645,5,2.84072146726776,-0.977002577171753,5.19200003880149
-1.66937361395714,2.82078757837907,2,1.07319572932968,-1.79066281549663,2.59395682190848
0.0951503036313867,14.8439106319207,16,14.1581781979986,0.284551332759116,17.2989386226773
-1.5527839791303,3.0993665738475,2,1.34165200106726,-1.62287998227897,2.96206515282805
0.0903358901133159,14.7848200493865,15,14.090248259253,-0.0558227215164667,13.1026255492971
-0.273533845515555,10.6573382120171,10,9.36952649756132,-0.364622395965562,9.78683681231386
-0.131664374875144,12.1807986514379,13,11.1012925244536,-0.30870410157416,10.3457008469394
-0.0629007187798262,12.9600833395517,13,11.9937162794743,0.0464657170466408,14.3171370752433
0.431181505199325,19.063765175408,20,18.9900906086945,0.419796368082713,19.0020156664013
0.0726702836530698,14.5688220986086,15,13.8419271340462,0.665965576491705,21.8299243564197
-0.369226932261015,9.69736879216538,11,8.29184503622777,-0.615431149629374,7.54387297775137
0.00687254677418417,13.7766635239182,14,12.9313280919274,0.0586085587837916,14.4647090493374
-0.383873103663307,9.55553671079448,8,8.13375239367489,-0.192419363657823,11.5681361136034
-1.07642400189066,4.6930482779788,5,2.93527214534573,-1.11338378381199,4.55964910078723
-0.475073632170101,8.7047190985958,10,7.19232118297174,-0.352653526283707,9.90481036577544
0.0788354801346257,14.6440544625111,14,13.9284192490149,-0.158927485633057,11.9347272668126
1.0407619701975,24.9110303022911,24,25.5320632810883,0.827943479475985,23.3671448267806
-1.31649249136654,3.77682653507101,4,2.00899167423353,-1.0560575284979,4.81106780351478
-1.50108643139316,3.23328948901476,3,1.47204212222331,-1.85085057801407,2.47375875779019
-0.507036206393197,8.42034059396356,8,6.88046919807681,-0.308476825218392,10.3480117633578
1.03445615397597,24.8704699625506,24,25.487778060641,1.21172825947107,25.8962637522313
0.280681331965076,17.1726148782234,18,16.8309026594159,0.124071774239157,15.271085264303
-2.31581939207973,1.67074951598489,0,0,-3.22224265215945,0.753913601407401
-0.537348177551954,8.15759661445351,9,6.59365935321655,-0.615076305812291,7.54670932690152
0.031822934019191,14.074650996768,15,13.2738155370785,0.33304975557311,17.9147303774236
1.56768631779432,27.1745725387196,27,27.9969617658654,1.81603313002524,27.7230135323114
-0.208928241757019,11.3367029945296,13,10.1391060617936,0.0825546045934343,14.7576430354903
0.388406376464588,18.5327264383207,19,18.3851328240664,0.465849181900283,19.5658645744466
1.13306955429762,25.4612444016834,25,26.1311633180817,1.08911081182783,25.2432458788176
1.0604991571238,25.0354628247318,24,25.6678137912297,1.34535902116431,26.4728993377779
1.37471703688502,26.5649501164395,27,27.3283911260661,2.08903636253306,28.1106919707876
0.403932646384337,18.726352232906,18,18.6058442911271,0.378003321672228,18.4814009183578
-1.10524214510614,4.56722338664698,5,2.80682966367338,-1.60488576616769,3.00484238010057
0.982301588532253,24.5196669644928,25,25.1040033282987,1.04788419341397,24.9933947879784
0.729249540311192,22.4017912842223,22,22.7588274944068,0.676198919992447,21.935536664967
0.624047437867144,21.3150121091035,22,21.5395347938689,0.608511611218816,21.2169723780627
-0.728396454099771,6.66727485648907,8,4.99168760881671,-1.31422983565681,3.81500720413566
0.808064177744225,23.1375618112228,22,23.5787229956519,0.73699937266083,22.5397865768312
-0.693559783209236,6.91701888350568,8,5.25715644139311,-0.25109253269972,10.9414173155198
1.09620312286384,25.2510530419934,26,25.9026385185123,0.885309924137047,23.841439421153
1.61231307898042,27.2893233720622,27,28.1249096170658,1.44355310797068,26.8212116375326
0.821887525487126,23.2594610912158,23,23.7140644403693,0.859750680011987,23.6346388749069
0.133018211812448,15.3118082667534,15,14.6959700515463,0.811139635785909,23.2212570873353
0.17897171566347,15.886087669193,15,15.3556437751792,0.108652980443924,15.0796279229591
-1.0274354610359,4.91856195317652,6,3.16632489978709,-0.915606294370674,5.51793123946087
-1.12270823945199,4.49330702599458,5,2.73154054764881,-0.900545295828635,5.60216767398986
1.32236677051654,26.362113475898,25,27.1080848120494,1.04233288039228,24.9585089668804
0.172467387458721,15.804433671682,16,15.261882234185,0.101130402364703,14.9865422255192
1.65043794529598,27.3807447921965,28,28.2276305069644,1.29585927678497,26.2741623859682
0.58928214186472,20.9314460512897,21,21.1071892063395,0.587710071533997,20.9870300157791
0.750354367114266,22.6055751053168,23,22.9864035938655,0.863650984866438,23.6666639803649
1.45449151314379,26.8414013799082,26,27.6298986954437,1.77819018920681,27.6547377227714
-0.711116026674718,6.78991181692658,8,5.1218958915648,-1.52623456088234,3.20056462723455
1.47558191347278,26.9084332873709,27,27.703343186188,1.05164690598517,25.0168706822529
-1.03198347480664,4.89698622789587,6,3.14417351142418,-1.18404049792047,4.27538298452532
-0.815260944854262,6.08783966487205,7,4.3803840606885,-1.22166130827838,4.13447699648431
0.531954278463766,20.2754474288737,19,20.3656772752767,0.682405132882411,21.999046996905
1.409597283114,26.6904469966349,27,27.4650298864351,0.813733213496178,23.2439807448601
-0.709752003344164,6.79969662499502,8,5.13229728232925,-0.365006206993379,9.78306880008158
1.79977109139419,27.6877853604338,28,28.5797992019167,1.98770099331314,27.985637860087
-0.641424421054703,7.30934433804325,7,5.67661732484542,-0.811646108650944,6.13564923055747
1.50931917342155,27.0107834502698,28,27.8158342133801,1.49743217111669,26.989074998757
-0.438414161048235,9.03986413993654,9,7.56169298718415,-0.53554930233275,8.20772441692407
0.232485320431888,16.561354641814,16,16.1304931747334,0.343122145161794,18.0421549538977
-1.33183181909116,3.72717864988879,4,1.95948520953738,-1.08069334719502,4.70060280728967
0.399459764544728,18.6706651686844,17,18.5423826772107,0.182865115910249,16.0082219358919
-0.9040830793046,5.55772944169278,5,3.82672235775749,-0.671807214095116,7.10636928031445
-0.416421483784505,9.24539268823148,10,7.78916836870533,-0.148563440594913,12.0494543236555
0.367703340827181,18.273250313316,19,18.0891303105138,0.478842613780499,19.7226840318786
-0.124813954241162,12.2572639499497,13,11.1887137510235,0.051304605158097,14.3758634868441
1.49390245619525,26.9647411222295,27,27.7651730878056,2.13991498919335,28.1666184212468
-0.408805724905903,9.31732871654837,10,7.86895297295539,-0.565125447432552,7.95607424098905
-1.49817725789958,3.24103649235477,3,1.47960995653126,-1.79865851175432,2.57766066208174
0.127850731324214,15.2476491178404,15,14.6222401609004,0.137186936279978,15.4346005339494
2.02813064177537,28.0346642835505,29,29,1.77677610913422,27.6521039224112
1.00712232697179,24.6900638653892,24,25.2905866492853,0.965616760597126,24.4449277791175
-0.23721318465761,11.0362562713747,10,9.7981488352933,-0.253795969926859,10.9130226163169
0.577754245833633,20.8017977636641,21,20.960841881574,0.505070581069575,20.0357630079483
0.349963735011244,18.0499391830919,19,17.8341819858476,0.440131114820349,19.2524264982801
-1.3188175693115,3.7692424793681,4,2.00142383992558,-1.91956666390754,2.34311719696325
-0.135684516406009,12.1360472652672,12,11.0501464373552,-0.161668612738046,11.9044849902669
-1.01553055061316,4.97567681986754,5,3.2250093773011,-0.892978326596989,5.64514597212916
1.25622659995133,26.0789048667348,26,26.8010492955105,1.40507846831935,26.6915930873199
0.673125983891686,21.8363724321822,22,22.1255856240255,0.795633351827663,23.0838231925173
-0.49412589254559,8.53431319125026,8,7.0052765229858,-0.502347158615108,8.49817243664982
-1.14912047922427,4.38475796782942,5,2.62120531262791,-1.51334891355184,3.23408296565612
0.261052456863088,16.9235160630148,16,16.5456003362327,0.437233903493267,19.2168807996992
0.660815797911485,21.7078989028416,22,21.9813533940388,0.347434600558816,18.0966412828661
-0.553174622897252,8.02316362961313,8,6.44741123014567,-0.76764716267313,6.42344798446458
-0.364433807136727,9.74408637805511,10,8.34398669413945,-0.257770079075914,10.8713597687965
-0.0899813531897246,12.6500922320482,12,11.6383578491863,-0.29441088045643,10.4916423613456
-1.03574211875532,4.87925600935845,4,3.125977368975,-1.14627511402934,4.42398516628066
-1.01881609886735,4.95982128061306,4,3.20871147334869,-0.470922659997425,8.78057671840625
-0.526732939829748,8.24882775588628,8,6.69310153002718,-0.612045505085187,7.57097688065867
0.802441900629155,23.0873701580668,23,23.522953899725,0.400597924713762,18.7637644789932
-0.105525763734847,12.4739616215334,12,11.4366493991495,-0.224891906576978,11.2188190881917
-0.687214634628493,6.96358007420544,6,5.30678245939169,-0.432185165820051,9.1383908262096
1.409597283114,26.6904469966349,27,27.4650298864351,1.16849041908627,25.6806374148731
-0.174328671989746,11.7105037639349,12,10.5644982857295,-0.326339920566722,10.1673456656573
-0.320966204625329,10.1744171957396,11,8.82580052889231,-0.462900950629189,8.85380635062139
-1.67576018067112,2.80637136270911,2,1.05940915844794,-2.66533249335602,1.26255401710662
0.852422650187044,23.5211513388766,23,24.0041036585982,1.26083491533066,26.1232380131049
-0.685225671143386,6.97824318469793,7,5.32241942332246,-0.857200858363262,5.85440295125322
-1.49817725789958,3.24103649235477,3,1.47960995653126,-2.00802148062162,2.18435414126134
0.487654675284829,19.7508459264276,19,19.77098854741,0.37492995989747,18.4428482277233
-0.76990480332095,6.38271335737261,5,4.6906723281887,-0.695486759410056,6.93047205789908
0.096759102955507,14.8636774005483,14,14.1809014324138,-0.0434811830051645,13.2463080796067
2.02813064177537,28.0346642835505,29,29,1.58024055300212,27.2189536631841
0.498632726909027,19.8821442929487,20,19.919960638035,0.366826108026359,18.341042506117
0.601518317745794,21.0677402474671,20,21.260925430429,0.853246484782551,23.5808573378982
0.622091719948346,21.2937394532658,22,21.515582142816,0.470515575680104,19.6223085387402
-0.358008081758597,9.80694796621422,10,8.41419907497417,-0.424390020869363,9.21165111319104
1.10193106822721,25.2845253636326,26,25.9390567268757,0.900428422427367,23.9603769272227
1.58585494193831,27.2223371276109,27,28.0500994935271,1.7339537431517,27.5693821961976
0.41088041192981,18.8126916923428,19,18.7042128378132,0.246771852897621,16.8183173001542
1.43194324955295,26.7670247715823,27,27.5485846287514,1.70333517389408,27.506551500403
-0.525144474109175,8.26255245096226,9,6.70807490409978,-0.648821142440452,7.28158510643121
0.99871891879127,24.6330819904367,25,25.2282281639357,0.82759328589889,23.3641368129777
0.54816145210876,20.4636887302906,22,20.5787107731997,0.554765735630064,20.6147200829054
0.080910086116612,14.6694068050944,15,13.9575656957656,0.478472344167694,19.7182303716451
-1.49817725789958,3.24103649235477,3,1.47960995653126,-1.0215448209862,4.97226013902152
0.248245961133322,16.7610766840393,17,16.3594571184364,0.392959847862789,18.6685331131089
0.871574932942976,23.6799818658405,23,24.1797922503315,0.646899780187638,21.6302368303833
-0.0039030323521258,13.6489179060491,14,12.7845441217673,-0.12898686563005,12.2678065187887
0.00551783848738597,13.760571411578,15,12.9128362200602,0.256682387186053,16.9443684414614
0.398405307791431,18.6575259123292,18,18.5274072124421,0.680375242103939,21.9783195316914
1.49390245619525,26.9647411222295,27,27.7651730878056,1.71491155581193,27.5306817370279
0.333099282381226,17.8369823136138,17,17.5908882027905,0.10134177476507,14.9891547951778
0.595803866074672,21.0042604927766,22,21.1893365768884,0.502072493098534,20.0002220870148
-1.1072962994761,4.55843998480405,4,2.79787664727179,-1.58098591637791,3.0627723050581
0.665155384122852,21.7533671755296,21,22.0324129176152,0.14065218001612,15.4779001670359
0.513855312196475,20.0628284936025,21,20.1248240413145,0.311318802953055,17.6391698540414
0.352289029954264,18.0792550091334,19,17.8676614303379,0.377695224003085,18.4775375570875
0.666468011932431,21.7670820652992,21,22.0478113229348,0.79884486534261,23.1125088605778
-0.551551674592931,8.03686136669124,9,6.4622972826722,-0.462769996403083,8.85500561677805
-0.826570122746573,6.01689912421477,6,4.3059823948739,-0.389995920073832,9.53977948015807
-0.0161108102574845,13.5049018902953,15,12.619101759143,0.11393846826852,15.1451601529016
-0.468615815523511,8.7630698195569,9,7.2564889844855,-0.774504526082923,6.37753601059546
0.156453647435106,15.6038916650501,15,15.031552797117,0.510201137576217,20.0964296056116
0.627217314702342,21.3494123747043,22,21.5782624283522,0.865759303906031,23.6839049258868
-1.04516797236974,4.83519011703368,5,3.08078154701534,-0.414714285839505,9.30315974259885
0.598934108088176,21.0390706617063,20,21.2285966843248,0.601742635942888,21.1425985037472
0.435463251601737,19.1164724178027,18,19.0500701573494,0.423721627289246,19.0505164850505
1.76874715879188,27.6300730199637,28,28.5125569126859,1.3799405033749,26.602222476829
-0.828388519261511,6.00558798269652,7,4.29412823931984,-1.09410045225579,4.64203436659259
-1.31649249136654,3.77682653507101,4,2.00899167423353,-0.915984427517206,5.51583853335709
0.359670489649506,18.1722301224768,20,17.9738208855713,0.392220666699553,18.6593045463447
-1.49290251443819,3.25514238209168,3,1.493396527413,-2.06843739816406,2.08150056412795
-0.311863937284593,10.2660250167174,10,8.92870717985134,-0.208350203611668,11.3960058180633
0.0806053513329331,14.6656817088628,13,13.9532831317257,-0.192594010531444,11.5662412064002
-1.94706978786527,2.25931379531461,1,0.543814011627413,-2.47670423884484,1.48673171955507
0.0716471806335414,14.5563532466437,14,13.8275920281145,0.106142085677396,15.0485334888309
-1.31604004657777,3.77830480142797,4,2.0104670024571,-1.70180046482724,2.78237100951646
-0.326950936119128,10.1144643784869,9,8.75851577462127,-0.442421229921326,9.04282350935962
-0.67156817514747,7.07980413279478,7,5.43083964810272,-0.440177042311588,9.06371411321616
0.682879764861859,21.9370462518616,23,22.2385210973885,0.71583725775699,22.3340440958003
0.225960741583515,16.4787575017674,17,16.0357726029027,0.204364383698132,16.2800124829813
-0.0840356434819287,12.7178116373492,13,11.7159520688818,0.213620919242758,16.3973033820398
0.910182288562642,23.9878263746171,24,24.5195366546899,0.703467823685316,22.2115110340973
-1.11110157036893,4.54223290789811,5,2.7813611672691,-0.907338773736387,5.5639574340175
-1.2383428116761,4.04468570311241,4,2.27744794597111,-1.08506687004846,4.68137923142946
-1.67576018067112,2.80637136270911,2,1.05940915844794,-2.10669548948684,2.01856083873266
-0.550205441303421,8.04823891613885,9,6.47466455522296,-0.592788239041415,7.72690357690421
0.0987359645539043,14.8879806038716,14,14.2088392700644,0.0765018220017529,14.6833652104396
-0.048273197021788,13.1291653734214,14,12.1877035494029,-0.174167236456552,11.7671287257197
-0.393851525933132,9.4597088617457,10,8.02711737405621,-0.239719834671436,11.061335576979
-0.313435780580208,10.2501690593817,11,8.91088738189443,-0.162104964069735,11.8996747316133
-0.818976464909687,6.06441995286649,5,4.3558111366093,-0.499173500176348,8.52636602321961
0.429331781095083,19.040967792798,18,18.9641440326391,0.477834852803199,19.7105604039783
0.725388829015947,22.3639841156982,21,22.7165668546428,0.750397913617322,22.6674889078991
0.67323743933612,21.8375284418997,22,22.1268828693422,0.47537379307182,19.6809251307856
1.1875373415163,25.7498302400962,26,26.4443672760294,1.53913588261398,27.1088711795182
1.57147378933048,27.1846511731843,27,28.0081608631389,1.68568906673355,27.4688658310107
0.0972226099456873,14.8693742777205,16,14.1874503325563,0.032715493072444,14.1508544423768
-0.772996320475262,6.36208384414173,7,4.66891036604132,-0.880806832380218,5.71520756801856
0.547730661356178,20.4587125153654,20,20.5730817129344,0.528842923884374,20.3151748327178
0.760524115280469,22.7020162695274,23,23.0939767464806,0.773960052195407,22.887207755316
0.0199716230114634,13.932730534505,14,13.1106881518386,-0.246982012577101,10.9846729799012
-0.664055602761206,7.13631952438709,7,5.49125836844969,-0.736947810847025,6.63381142660876
0.198236963489931,16.128541436644,16,15.6339698057613,0.323230564718524,17.7903141838298
1.14245441834178,25.5128000653826,26,26.1871593085672,1.32913445566646,26.4095736473029
-1.50108643139316,3.23328948901476,3,1.47204212222331,-2.08719304493791,2.05043817404557
0.333284666286559,17.8393262022232,19,17.5935668535267,0.303367324370453,17.5381708671852
-1.50373367614717,3.22626011687175,3,1.46517766260612,-2.02837376212435,2.14921975870948
2.02813064177537,28.0346642835505,29,29,1.35960304362879,26.5270839612629
1.24146325686744,26.0112989718712,26,26.7277873250147,0.93323715628998,24.2099309161907
-1.94706978786527,2.25931379531461,1,0.543814011627413,-2.47743808250116,1.48580251152535
-1.49817725789958,3.24103649235477,3,1.47960995653126,-1.08866442067638,4.66565230667237
-0.505007055977306,8.43817303303298,9,6.89998119690002,-0.320590200364445,10.2252842402982
-0.684508493835641,6.98353833657663,7,5.32806727504775,-0.514593368085768,8.39008152831213
-1.16824733870888,4.3084903847326,3,2.54385211482722,-0.874186430273601,5.75380185044886
0.763042858874063,22.7257245862075,22,23.1204088166418,1.06468264139656,25.097148330335
-1.94706978786527,2.25931379531461,1,0.543814011627413,-3.21621919833772,0.758324469895493
-1.96393140410669,2.22895757299868,1,0.515595146820531,-2.09454979260452,2.03836324819734
0.605024421013572,21.1065379532788,21,21.3046665671593,0.414676353965784,18.938641043305
1.76874715879188,27.6300730199637,28,28.5125569126859,1.15307034168404,25.5999845579089
-0.0908770279585534,12.6399075571305,13,11.6266899246834,-0.22585308615289,11.2085719795948
-1.39626565641418,3.52810258138429,3,1.76185279915058,-1.32317501502142,3.78600935516568
-0.862449852399299,5.79854896662781,6,4.07757928394593,-0.62036800727908,7.50451776349143
0.693195485182938,22.0424296905346,23,22.3566558298569,0.754808236252809,22.7090871378845
0.6056666986523,21.1136327735276,21,21.312664327022,0.608717579458201,21.2192285337311
-0.357405087600921,9.81286049343535,10,8.4208060562739,-0.42363558777506,9.21876340111014
-0.0330327010991216,13.3065389905295,14,12.3913046999789,0.0200303570286448,13.9982498595719
0.578464464640157,20.8098194943438,21,20.9698998193134,0.257850769500042,16.959232002798
0.909543357083315,23.9828647773991,24,24.5140691670257,0.606761043648346,21.197780302836
-1.17123431101261,4.2967524527975,5,2.5319598730298,-1.62045825315988,2.96778132734969
0.561429340312373,20.6161995845713,20,20.7511614307933,0.397957194709893,18.730866910664
0.28543396573578,17.2329296499623,17,16.8999558309628,0.233238507119416,16.6462991071931
1.60909756844894,27.2813411450824,28,28.1159761499634,1.04213113446197,24.9572354997232
0.72608935136404,22.3708562822076,23,22.7242494256713,0.550039663437344,20.5605272415808
-1.67576018067112,2.80637136270911,2,1.05940915844794,-1.41279648683389,3.511533717666
1.20135498828366,25.8190565570512,27,26.5194272652307,1.28528755802287,26.2295348230688
-1.41785579843054,3.46460157449706,3,1.69912611117111,-1.44182434649175,3.42838295562376
0.464634805036415,19.4730022880274,19,19.4554690613884,0.590332533439333,21.0162436998788
-0.310172364650716,10.2831057078673,10,8.94790719735651,-0.252129203032149,10.9305239056602
-0.866242083583367,5.77606127440284,6,4.05410766325248,-0.320708716810467,10.2240879236223
0.215857668653709,16.3509791267578,15,15.8892059305313,0.137961223855212,15.4442721751857
1.08526693826993,25.1862973653909,25,25.832153637635,0.827135481718333,23.3602023978948
-1.19011242555231,4.22361907063841,3,2.45794373512653,-1.18938330513483,4.25495011697542
0.166291035863138,15.7270010358975,16,15.172956543604,0.478193600333658,19.7148769995568
-1.45726856758794,3.35250176210275,3,1.58879087615021,-1.02209277870232,4.96964038349895
-0.367732371443473,9.71192009290432,10,8.30808221316152,-0.199587517397964,11.4905053991486
-0.860152235872227,5.81222816399837,6,4.09186169812544,-0.666318660237258,7.14780784559556
-1.728134723083,2.69113141576889,2,0.949582515785587,-1.49619531688556,3.27938249656112
-1.49817725789958,3.24103649235477,3,1.47960995653126,-2.6753142839249,1.2514851642251
-0.516606927488845,8.33664170534343,8,6.78896518853367,-0.771139311150751,6.40001804286403
-0.161287284651713,11.8531707667056,11,10.7271660659984,0.0900349993879389,14.8496513789402
1.07677064109175,25.135213272878,25,25.7765211857474,1.10308122845367,25.3243041929934
-1.05509723367788,4.78937875769347,6,3.03383827640328,-0.65142021716147,7.26155339984764
1.37471703688502,26.5649501164395,27,27.3283911260661,1.46621355174123,26.8936860897516
-1.50108643139316,3.23328948901476,3,1.47204212222331,-1.32765239114798,3.77161039360135
1.38094868457861,26.587919726666,27,27.3533767942212,0.958216245609792,24.392194038195
-0.194816358604881,11.4883335250313,12,10.3115149433367,-0.559265153326164,8.00539776641918
-0.561335584410346,7.95459128190871,8,6.37294333526426,-0.630818511458647,7.42186524991418
0.456647528482558,19.3758499164044,21,19.3450570857378,0.676920192898794,21.9429387298236
1.00030495852835,24.6438918507197,25,25.2400607941383,1.21626369725567,25.91800798951
1.65043794529598,27.3807447921965,28,28.2276305069644,1.45825707909731,26.8685559820563
-0.049901826385264,13.1102833964877,13,12.166035384693,-0.137593040847318,12.1715511368571
-0.968677667412174,5.2096892232557,5,3.46613347762346,-0.953174518230824,5.31523127579422
1.65043794529598,27.3807447921965,28,28.2276305069644,1.24867527059845,26.0687447921099
-0.0872467429588904,12.681214468009,12,11.6740156498053,-0.143554439565801,12.105119062582
0.599026599492328,21.0400978438392,21,21.2297550586238,0.858920725274106,23.6278023758374
1.48629148864396,26.9415618540327,27,27.7397045914013,1.37909857292436,26.5991629061179
-1.04944405470547,4.81538528628916,5,3.06048199859344,-1.4716512374855,3.34559662165568
-0.404601284477414,9.35720912306455,10,7.91322124976512,-0.555532041289777,8.03695745640807
-1.07917594453188,4.68081995596494,4,2.92277423239034,-0.698988270376291,6.90486032772021
1.13015978939267,25.4451009888196,26,26.1136252156864,1.1326270464756,25.4899097174231
-0.13745861927002,12.1163270623943,12,11.0276124907733,-0.410031773371253,9.34767134944224
-0.0766064248402462,12.8026980591705,12,11.8132460642154,-0.166908642199488,11.8467909633364
0.932681900117084,24.1597196965895,25,24.7087870640247,0.586937452760665,20.978411015616
-1.95566501610693,2.24379295020179,1,0.529381717702266,-2.29440221615542,1.73233320888001
0.170611940325142,15.781161133235,16,15.2351565823616,0.00150744154207405,13.776830268575
-1.41785579843054,3.46460157449706,3,1.69912611117111,-1.12860731593553,4.49611154733354
-0.896539588417093,5.60038204950085,6,3.87107237660147,-0.631921062977805,7.41319734016055
-0.00733186199821747,13.6083912676594,14,12.7379837836796,0.0596403179012278,14.4772788055646
-1.22676006747819,4.0866547796373,4,2.31970456704666,-0.92485070487726,5.4670788640985
-0.48048611847964,8.65604318538562,10,7.13883916911356,-0.291996632044876,10.5164150139395
-1.78686052369535,2.56784805817986,2,0.832833761858691,-1.5813794327991,3.06180792811804
-1.17819083798157,4.26959289202973,5,2.50445655870101,-1.16416456942872,4.35266661335597
0.817177343755792,23.2181654328002,24,23.6682315681798,0.884835568631107,23.8376670785646
0.639109648860814,21.477591669152,21,21.7224945070829,0.733346902273664,22.5046292588134
0.770376501707957,22.7943526186722,23,23.1968923165104,1.09909214031407,25.3013416773938
-0.989289304866934,5.10489747309722,5,3.35802310515713,-0.414236690370914,9.3076929855495
0.631793399140437,21.39889986522,21,21.6339610198747,0.771237778989231,22.86213954166
0.26718083124467,17.001279145883,16,16.6346847080252,0.176000234635427,15.9216521624829
-1.09874432031741,4.59516806126254,5,2.83532547797665,-1.29736026803165,3.87054762225544
-0.245164349704456,10.9526389138595,12,9.70342405063109,-0.166498167907043,11.8513047835193
1.49390245619525,26.9647411222295,27,27.7651730878056,1.39172882249709,26.6446063582676
-0.81535879218641,6.08722149325129,7,4.37973531551083,-0.721538602098506,6.74238128261523
1.4125538479858,26.7007466658328,27,27.4762591972402,1.35308113772123,26.5024361302661
-0.858509669780996,5.82203266821568,5,4.10210074075961,-1.22611938410458,4.11822785512474
1.76874715879188,27.6300730199637,28,28.5125569126859,2.1070130711876,28.1309391229824
1.60335847998575,27.2669863425849,27,28.0999239489106,1.91570996267678,27.8841225244835
0.133713078525474,15.3204427188784,16,14.7058921287523,0.276230248923094,17.1930784534174
1.54235386144997,27.1054727698821,28,27.9203576161336,1.64810571188199,27.3848126942465
1.07626315353662,25.1321403756931,25,25.7731738641743,1.23253583522443,25.9946956256192
-1.42265433397424,3.45069388799434,3,1.68540936772405,-0.59887611734341,7.67728703642645
-0.894730707324689,5.61067382436399,5,3.88177891170822,-0.792709140750172,6.25755012687574
-0.138215353753548,12.1079208714986,12,11.018007659471,-0.242103664791127,11.0361369102581
-2.31581939207973,1.67074951598489,0,0,-2.10664875986584,2.01863671189598
-1.19372742873345,4.2098187526545,4,2.44399228987788,-0.794792370715636,6.24399501888796
-0.520059350339705,8.30661595052223,8,6.75617096092631,-0.688760152574479,6.97996194873713
0.565019376762351,20.6572119082406,20,20.7975128756385,0.284546669105389,17.2988792991756
-1.13769290191382,4.43125487942372,4,2.66843326001659,-1.16727387637566,4.34044270328977
0.143897245867503,15.4471775791614,16,14.8515150492605,0.0947386701614247,14.9076233748926
1.78012265876914,27.6515752435453,28,28.5375425808411,2.49085577585024,28.4585545222286
0.23578229374177,16.6031126970718,17,16.1783737848663,0.531787812452051,20.3494814309753
-0.455038963661087,8.8867096634364,9,7.39265373219091,-0.514222255726378,8.39334072858486
0.680503952410903,21.9126161781902,22,22.2111226783801,0.590628034449723,21.0195315039306
0.261510566939147,16.9293285240122,16,16.5522596113591,0.311700611273933,17.6440176227964
0.691368003754273,22.0238426984195,23,22.3358261519062,0.59313149849634,21.0473527930818
-0.193417724421942,11.5034240603161,11,10.3286848683975,-0.234836479892295,11.1130592877765
-0.517205282912063,8.33143145000264,10,6.78327333502453,-0.442548524517124,9.04163959998804
-0.915794763727342,5.49235584004545,5,3.7588144433418,-0.535301428156537,8.20986193901531
0.766069831456942,22.7541234420031,23,23.1520635647445,0.804158553029328,23.1597171005406
-0.0865967348570214,12.6886181274663,13,11.6824989456517,-0.106393445978869,12.5224635791225
0.199224586891907,16.1409929511055,16,15.6482602404119,0.369742432996082,18.3777035710387
-1.29613957516235,3.84412970109043,4,2.07623396346427,-0.950332064403453,5.33020412384823
-0.559255981135594,7.97201648210214,7,6.3918582486517,-0.463539652098258,8.84795892655457
-1.94706978786527,2.25931379531461,1,0.543814011627413,-2.25778955659857,1.78536904358868
0.737470566288248,22.4817543586642,21,22.8481695020242,0.742231274428061,22.5898894176965
-0.08771991364039,12.6758264546388,13,11.6678420924951,-0.0595669117624639,13.0591958230557
-1.20367702979041,4.17216825396936,3,2.40595494273317,-1.04925620627203,4.84222915468427
0.237481160431489,16.6246347380018,17,16.2030496234014,0.20872016453391,16.3351871740667
-0.679622736517964,7.01972355111766,6,5.36667722326032,-0.862806855394434,5.82094715541402
-0.64118366889574,7.31120731378148,9,5.67861625161762,-0.574708313859714,7.87599992274794
-0.395778433544857,9.44127931474853,10,8.00662622382028,-0.230487334746561,11.1592415160577
-0.125042463804418,12.2547090799751,12,11.1857922321826,-0.111373643594483,12.4660870724557
0.831700529237706,23.344696868579,23,23.8086108663074,0.807161430000768,23.1862552679454
-1.67576018067112,2.80637136270911,2,1.05940915844794,-1.74583358978267,2.68728688219627
-0.186060111447229,11.5829934867658,12,10.4192517423193,-0.108247274954835,12.5014619640769
0.820797310259822,23.2499249303319,23,23.7034820452111,0.867007810423919,23.6940914489311
-1.95566501610693,2.24379295020179,1,0.529381717702266,-1.23271354635262,4.09436173692097
-0.258074710935297,10.8176619337949,11,9.55068034179236,-0.39698076910483,9.47250560818396
0.906982591171655,23.9629345576453,23,24.4921040891453,0.739891733136163,22.5675225307664
1.59853689122792,27.2548185120474,28,28.0863303722644,1.22173407667514,25.9440191981146
0.103685687043877,14.9488995303315,14,14.2788670827935,-0.0274672624116417,13.4339465381166
1.39163445079696,26.626746185587,27,27.3956334152968,1.3407152648023,26.4549509743239
-0.229263133546803,11.1202322237215,12,9.89335498292536,-0.475096640841761,8.74265443725567
-0.307651029093254,10.3085975444793,11,8.97656927903716,-0.338036928721394,10.0501089002992
-0.283333932295382,10.5564431844829,11,9.25568104301674,-0.279601355332032,10.6441540511072
-0.11723881148483,12.342122788252,12,11.285773049212,-0.0953839411794739,12.647578294814
0.152096754724302,15.5494588128655,15,14.9690230555334,0.210895453735734,16.3627537391918
1.15765605000632,25.5946713212844,25,26.2760412095675,1.27455369570857,26.1834080469876
-0.983115679382897,5.13597664796992,5,3.39006402035949,-0.621162538111996,7.49820253179885
0.830694032844886,23.3360040469418,23,23.7989718666058,0.636724507414111,21.5221339830169
-0.63298399414526,7.37493706246033,5,5.74703705258428,-0.606710943586883,7.61387144282572
0.19792291112931,16.1245824296691,16,15.6294260361029,0.457548852750744,19.4651311494094
-0.552474696254553,8.02906855978621,8,6.45382799479649,-0.767696216755823,6.42311815987121
1.27276259281573,26.15267949021,25,26.8810008231016,1.18329663441075,25.7561991297949
0.365718457311093,18.2483050001837,17,18.0606600166924,0.463458061193836,19.5368890992051
1.60335847998575,27.2669863425849,27,28.0999239489106,1.57260431033314,27.1990770544764
-0.328274157919847,10.1012388686982,11,8.74367960704878,-0.203991469530784,11.4429567208398
-1.42750577122962,3.43670742096631,3,1.67162279684232,-1.51848187002084,3.22067932522056
0.806837675370037,23.126642675756,23,23.566592596013,0.649223757137933,21.6547785234482
0.350178199196573,18.0526435276615,17,17.8372705477302,0.430204189973558,19.1304478269653
0.394185561377536,18.6049028149184,19,18.4674231403073,0.612433493979132,21.2598617133929
-1.96393140410669,2.22895757299868,1,0.515595146820531,-1.47462967984808,3.33747154596276
1.29881054682749,26.2648302114467,26,27.0025724672762,0.860165894904423,23.6380562083855
1.04614662936397,24.9453553189149,25,25.5695267587578,1.64021850002284,27.3664931784967
0.527861560026178,20.2275850219595,21,20.3114801521352,0.640467561474544,21.5620229861423
-1.67576018067112,2.80637136270911,2,1.05940915844794,-0.911240698027357,5.54217026420969
-1.03198347480664,4.89698622789587,6,3.14417351142418,-1.38533349304734,3.59268454804873
-1.96393140410669,2.22895757299868,1,0.515595146820531,-2.370434291621,1.62624956257647
-0.33280797908214,10.0560063828075,10,8.69295715882259,-0.528890872463122,8.26530540517303
-0.83614179723541,5.9576548076937,7,4.24392092223243,-0.606325576832046,7.61697904674042
-0.404818885991849,9.35514220861026,9,7.9109262817592,-0.403792185892112,9.40721237802786
-1.12270823945199,4.49330702599458,5,2.73154054764881,-1.26604615944559,3.97671732672577
-0.913219360443045,5.50664361747629,4,3.77364914518555,-0.881179910859883,5.71304289621947
-0.874633699601152,5.72669612478798,6,4.00261625852734,-0.999438334369597,5.0796242359598
0.51732620577016,20.1037930381283,19,20.1712470265518,0.54114823403176,20.4580597991359
-0.805725204112783,6.14845285696888,6,4.44403039307768,-0.384407916310852,9.59383018652754
1.07125637234508,25.1016924119844,26,25.74000163719,1.07408088328342,25.1540204415789
-0.653372221968097,7.21748013787184,9,5.57813249374543,-1.15928574309278,4.37194889553395
-1.20170228090183,4.17960244977688,3,2.4134625483033,-1.36569092316838,3.65228416151436
-1.11303183188549,4.53404332991871,4,2.77301801315484,-0.999490177765736,5.07936858549135
-1.02179661680219,4.94549914976841,6,3.19399413104447,-0.757750838539492,6.49039915101894
2.02813064177537,28.0346642835505,29,29,2.58726935404448,28.5170587536433
-2.31581939207973,1.67074951598489,0,0,-1.69200881887735,2.80399916362427
-1.96393140410669,2.22895757299868,1,0.515595146820531,-1.69218300415549,2.8036128314965
-1.0731368178302,4.70771487447905,4,2.9502663420288,-1.29536628193631,3.87718763120515
-0.467017888210582,8.77755395951166,9,7.27242644330833,-0.394955459908793,9.49197910964478
0.393168788947771,18.5922130684727,18,18.4529566921025,0.523405808599929,20.2516537959257
-0.425985963908315,9.15560438162701,9,7.6897045592658,-0.306203350837627,10.3711454531814
-0.883874794863623,5.67296229503223,6,3.9466206129526,-0.788569349731332,6.28459352656368
-0.632960204398319,7.37512275079984,7,5.74723652372765,-0.773574490462545,6.3837398677498
0.0710468225201912,14.5490386212769,14,13.819182591415,-0.0162159583031997,13.5665815225224
-0.224682561666517,11.1687840868155,10,9.94843321293007,-0.113718992779952,12.4395849393296
-1.94706978786527,2.25931379531461,1,0.543814011627413,-1.73360143580222,2.71335128077077
-1.28560395964482,3.87962806595448,4,2.11175907494648,-0.948854117372755,5.33801254867506
-1.78686052369535,2.56784805817986,2,0.832833761858691,-2.25312691581449,1.79221675556017
-0.274937585985343,10.6428509051763,11,9.35317200810551,-0.327908059665084,10.1515792919417
1.1036140353016,25.294302462232,26,25.9496923467023,0.881707628925705,23.8127299364478
-1.03675922380177,4.87447374073272,4,3.12107053543489,-1.36485389720677,3.65485365858087
-0.179302085833925,11.6563513656921,12,10.5027968722881,-0.334087909236082,10.0895941292981
-0.0412829864388882,13.2103677930557,14,12.2809011717717,-0.15304274908885,11.9997954403873
1.04614662936397,24.9453553189149,25,25.5695267587578,1.05240549854005,25.0215870364878
-0.109612517700497,12.4278761026058,12,11.3838981018178,-0.0226638066255245,13.49049136796
0.6571752279095,21.6696054338537,21,21.9383391519536,0.760776931554164,22.7650384843269
-1.72478150293364,2.69835503100555,2,0.956446975402783,-1.29734847953474,3.87058683096693
1.78012265876914,27.6515752435453,28,28.5375425808411,2.13000740826376,28.1560574915609
0.21970775664677,16.3996544760229,18,15.9450430915421,0.335502598224005,17.9457808746442
0.693243286324316,22.0429153908657,22,22.357200097675,1.00792441009853,24.7355118918586
1.50673557894539,27.003151429342,27,27.8074297088811,2.09267983808429,28.1148398340201
-0.139246702278277,12.0964692928749,12,11.0049239561899,-0.105855776377463,12.528558269627
-0.888742146117309,5.64492356083666,6,3.91742342930474,-1.2046073927854,4.19750158177262
-1.52942787370318,3.15900978575175,2,1.39961899685717,-1.33922770740235,3.73473605637105
-0.30773241656237,10.307774071798,10,8.9756432608089,-0.233157681061679,11.1308729095616
-1.67576018067112,2.80637136270911,2,1.05940915844794,-1.34010934149232,3.73194804384748
-0.355234153711061,9.83416631888891,11,8.44461869604566,-0.374665421286174,9.68855188654907
-1.25553534566438,3.98351183042779,4,2.21594540082828,-1.63856236297083,2.92535107722867
0.726099759211866,22.3709583434332,23,22.7243635195167,0.990027700342214,24.6148324165705
0.617313663951718,21.2416122526262,21,21.4568749425459,0.596195983884638,21.0813286924234
-0.307081671973591,10.3143593946493,10,8.98304889500807,-0.246435310059977,10.9904334731076
1.71447721055607,27.5217609868629,28,28.3877863616056,1.69578790710217,27.490568388288
-1.68838496690722,2.77811169980178,2,1.0324144364777,-2.22311006526701,1.83681550022656
0.58530333196366,20.8868331121292,21,21.0568416828791,0.538450369646768,20.4268387599332
-0.882665825486464,5.67995475095242,6,3.95390429729358,-0.897665320077933,5.61847311537634
0.451505049939819,19.3131081521179,20,19.2737292230009,0.452060544267918,19.3982967747381
-0.0485054974858529,13.1264712718408,13,12.1846118391768,-0.0623304577505958,13.0271890863067
-1.51827595017878,3.18798292497847,2,1.42783786166405,-1.2002245216937,4.21392420693471
0.707529769840859,22.1869839296435,22,22.5185577534062,0.589859426572299,21.0109781209027
-0.931062360753644,5.40866317620703,5,3.67199650431609,-0.859807549453806,5.83881547163313
-2.02265203188019,2.12608417004804,1,0.420200798083321,-1.44366536407957,3.42319681063225
0.941110361984407,24.2227050773028,24,24.7780495651524,0.968937643765828,24.468405063439
0.978598345279297,24.4936983861721,24,25.0755392496018,0.745676448751958,22.6227159278302
0.213861350654024,16.3257499427815,17,15.8602624441432,0.335801336959515,17.9495617618603
2.02813064177537,28.0346642835505,29,29,2.07017059650436,28.0888468643794
0.579294821411235,20.8191924901586,20,20.9804830765949,0.718473659598146,22.3599444262479
-0.712836161227256,6.77759424715275,6,5.10880476490364,-0.568750095136127,7.92570179882565
1.34345588419016,26.445990870876,26,27.1991237764256,1.0417656497833,24.9549274649824
1.33305838372793,26.405010211784,27,27.1546349843093,1.60501951090731,27.2817167662955
-1.17123431101261,4.2967524527975,5,2.5319598730298,-0.807099991885635,6.16464385445847
0.0203089932632465,13.9367611895055,14,13.1153208027676,-0.12931469841943,12.264132310149
2.02813064177537,28.0346642835505,29,29,2.41444972686232,28.4065435331907
-1.45726856758794,3.35250176210275,3,1.58879087615021,-1.30756159014351,3.83682659996563
0.194664616885022,16.0835200227792,17,15.5822965300988,0.340167052981774,18.004793350134
0.12054721684261,15.1571296242009,15,14.518209473082,-0.103384774374664,12.5565885402187
-0.448464650525418,8.94704510689062,8,7.45919850481209,-0.732599021041878,6.66425004930114
0.515099211429067,20.0775195315093,21,20.1414736391605,0.666816710378455,21.8387504722889
1.43572937424655,26.7797136529199,27,27.562445057837,1.07096724405106,25.1352713096313
-1.94706978786527,2.25931379531461,1,0.543814011627413,-2.01099826319453,2.17918381745947
0.00388190134924972,13.7411508627256,13,12.8905201029456,-0.0692869151417372,12.9468031314124
-1.10919731329104,4.5503329911268,4,2.78961464408984,-1.02063905555406,4.97659491029184
0.110435589691073,15.0321279157474,16,14.3745355684094,0.208715587049255,16.3351291738078
-0.64133434590756,7.3100412979587,6,5.67736513770423,-0.583579695766043,7.80251712048507
0.863349586618468,23.6122683933515,23,24.1049244770633,0.739898405319869,22.5675864056749
0.275072318778136,17.1014289098847,19,16.7493892234957,-0.0202058784265598,13.5194716863647
1.78012265876914,27.6515752435453,28,28.5375425808411,2.92094793845385,28.6718515010519
-0.875841705433331,5.71963464624919,6,3.99525441124193,-1.06931198850121,4.75117186984327
0.0344937650315224,14.1067273013337,14,13.3106875829834,0.199185852286324,16.2144607309725
-0.286921608328365,10.5196513473683,12,9.21419814181427,-0.122689428919097,12.3385017354903
-0.488245609950026,8.58662751442139,8,7.06264321961225,-0.423194663677962,9.22292192721908
-0.969940463709922,5.20318408849673,6,3.45941607164715,-1.60532108607068,3.00379912960766
-0.231590682884499,11.0956082049031,11,9.86543029684453,-0.145190829062091,12.0869184695619
1.17026838182897,25.6610831406293,26,26.3481063890459,0.615126671163087,21.2892274354832
0.623037121195676,21.304027365979,22,21.5271665400373,0.390267903922077,18.6349143001318
1.11273583384059,25.3468424642563,26,26.006831009936,1.27207490747427,26.1726378443371
0.256482958550324,16.8655443177703,17,16.4791775134483,0.270985112116828,17.1263420506213
0.275451638683593,17.1062429999454,16,16.7549022036163,0.32066735410071,17.757808662912
-0.95839743460064,5.26306429244688,7,3.52128136371734,-0.611743453972834,7.57339948109587
-0.262209167205978,10.7746449671334,10,9.50204472900448,-0.281903724761327,10.6203575396347
-0.332505210405423,10.0590230116687,10,8.696339020681,-0.369395472018131,9.74004486359149
-1.08365674394791,4.66100669656197,5,2.90253103961609,-1.42941366445214,3.46361310187073
-0.378802475663295,9.60448239815943,9,8.18827409099039,-0.12224557639855,12.3434927670035
-0.338600670168194,9.99840153339978,10,8.6284028274293,-0.364882684591832,9.7842813615688
0.292678858288273,17.3248610921774,17,17.0051849315226,0.147980130444518,15.5695923207342
-1.2597732714751,3.9686342979759,4,2.20100451454458,-0.753554066262984,6.51903882948969
-0.03920537648994,13.234552230163,14,12.3086620926527,-0.345186432450239,9.97887057221076
-1.22903833820572,4.07835079364983,4,2.31133974956549,-0.581454838255559,7.82006075045403
0.560228817353274,20.6024604728417,22,20.735631517327,0.516752572799475,20.1736103642539
-1.31423404125741,3.78421354242287,4,2.01636472620927,-1.69611867711564,2.79489910725496
-1.3021755570878,3.8239967126892,4,2.05610370111122,-1.76336997590698,2.65037394437398
-1.68249001872224,2.79126808053255,2,1.0449768645228,-1.99294798645385,2.21070273142136
-0.415225779618256,9.25666110469659,9,7.80166056545543,-0.362375866140226,9.80891068679986
-0.733379554265667,6.63236634679516,7,4.95467690125712,-0.486959813285562,8.63555773272518
0.218270945967143,16.3814865851954,17,15.9242027472432,0.131753312657417,15.366784986438
0.955527565423587,24.3286833674642,24,24.8944887148118,0.697787995393233,22.1546884579028
-0.476064891928412,8.69578874313252,8,7.18250589876542,-0.404140077359109,9.40388580540592
1.09985232839835,25.2724129623591,25,25.9258795208206,0.937012550790976,24.2379041211943
0.24891527097411,16.7695635173531,17,16.3691841838405,-0.195775889321766,11.5317485402219
2.02813064177537,28.0346642835505,29,29,2.33047914789429,28.3427663429029
-0.256108339567092,10.8381566219547,12,9.57385943876478,-0.128872602820459,12.2690872680016
-0.325768371571988,10.126293244366,11,8.77178728649894,-0.417372958839957,9.27795220853496
-1.66937361395714,2.82078757837907,2,1.07319572932968,-2.08973298949949,2.04626236410814
0.573767234515463,20.7566830336666,22,20.9098922060841,0.517501603273094,20.1824136858111
-0.195302413842864,11.4830918704056,12,10.305551495522,-0.152675122051314,12.0038668061574
0.364621638444607,18.2345158759812,18,18.0449213809521,0.285223802649501,17.3074925983779
1.21903872859368,25.9053882969874,25,26.613008234968,0.568706367925068,20.7734481240904
0.219884716713471,16.4018922890368,17,15.947610026338,0.375664263851457,18.4520623661793
1.76874715879188,27.6300730199637,28,28.5125569126859,1.11856824884948,25.4120842176922
-1.2896544409915,3.86592637875142,4,2.09804233149942,-1.52052843747771,3.21535430843024
0.0773958418098406,14.6264723600862,14,13.9082057995737,-0.00232791995149006,13.7311969830877
0.938264449722837,24.2015229930633,24,24.7547614576377,1.06518838707373,25.1002301070446
-0.708464569150175,6.80894604678535,7,5.14213124822331,-0.699035104764268,6.90451845522044
-1.94706978786527,2.25931379531461,1,0.543814011627413,-2.09198432040579,2.04256713672766
-0.636392703373242,7.34837789918415,7,5.71851337833971,-0.885261497476381,5.68943178999311
-0.405119161667917,9.35229052230611,9,7.90776006849664,-0.372970149525597,9.70509696925982
0.433377061674889,19.0908032319934,17,19.020860755775,0.308745619039564,17.606493662563
0.486294229048634,19.7345189979872,19,19.7524579427861,0.404102312011961,18.8073759322138
0.584545111141484,20.8783152707695,20,21.0472275504438,0.555774991583751,20.626268230276
-0.0633838671092872,12.9545180562787,12,11.9873330149927,-0.0110211835479668,13.6280400826842
1.03366806296266,24.8653731282337,24,25.4822118992805,1.11136212576573,25.3715095101671
0.0127444810960526,13.8465194079401,15,13.011605860993,0.162072109119212,15.746378083256
1.07896838600237,25.1484926799483,26,25.7909854262985,1.59807675647099,27.2643947455805
-1.3188175693115,3.7692424793681,4,2.00142383992558,-1.73655101635297,2.70704214636831
1.2729534396615,26.1535191083863,27,26.8819108027343,0.904555271765702,23.9924086325439
0.100812511379804,14.9135260426893,16,14.2382047028987,0.254424176103087,16.9156421554383
-0.910437072611837,5.52213471761725,7,3.78973763545492,-0.939325538480113,5.3887383359607
-1.05509723367788,4.78937875769347,6,3.03383827640328,-1.1949387119366,4.23385475938777
-0.77537978247506,6.34623237698527,7,4.65219427233077,-0.876358794399719,5.74109991787835
1.80334567329303,27.6942490263466,28,28.5873670362246,1.06613250242983,25.1059765920501
2.02813064177537,28.0346642835505,29,29,1.82744112390535,27.7427860755768
1.11188321033083,25.34196374725,26,26.0015263145504,0.59067401900275,21.0200430640852
-0.540738844033795,8.12863528176161,9,6.56212395964331,-0.40645486746044,9.3817720702823
-0.452132306091522,8.91334812748499,10,7.42202583610511,-0.321051011854583,10.2206332485869
-1.94706978786527,2.25931379531461,1,0.543814011627413,-1.6853845591577,2.81873436607483
0.403219744673268,18.7174819430185,17,18.5957364455243,0.15888224327714,15.7063102192094
0.18811479807434,16.0010468358952,14,15.4876268461926,0.279091270637712,17.2294785834337
0.845027244080864,23.4587278501618,23,23.9349819167915,0.916764889665015,24.0860924631397
-0.248251792536298,10.9202704116619,9,9.66677634854668,-0.134975572500547,12.2007822953602
0.980198254897668,24.5049350777759,25,25.0878566868148,1.22543737980376,25.9614952523177
-0.310141077630576,10.2834217947452,12,8.9482625404466,-0.0349925793981218,13.3456029175296
-0.342577789922354,9.95897339215322,9,8.58424556874923,-0.0948076171353061,12.6541461529916
0.163536453261119,15.6925009587208,16,15.1333322859722,0.211482113339765,16.3701895792966
-1.27934134024275,3.9009473437234,4,2.13311348013617,-0.979368499134846,5.17998435814826
-0.888668760947613,5.64534495812344,7,3.91786212643992,-1.43738287429844,3.44093683471054
-0.953554197566957,5.28846996401068,5,3.54755029882982,-0.651018319921648,7.26464726813272
0.485939569120927,19.7302606801648,20,19.7476246574768,0.586932128335427,20.9783515994377
0.773474949784397,22.8231678475544,23,23.2289929419423,1.0136333210033,24.7733259788006
0.310976530170427,17.5569066614665,17,17.2706773445127,0.284964965331605,17.3042001514432
-0.425057805410781,9.16429043451357,9,7.69932070464628,-0.134000511914989,12.2116812949691
0.219195441553427,16.3931760849549,17,15.9376118359988,0.304228250437716,17.5491097310953
-0.113750142709292,12.3813109210682,13,11.3306097114695,0.176869768744417,15.9326111297915
1.60335847998575,27.2669863425849,27,28.0999239489106,1.80154787939273,27.6973747772754
0.834033510491081,23.3648025754518,23,23.8309020439653,0.740275639423226,22.5711969829872
0.145945332620088,15.4727056316747,14,14.8808449725726,-0.0946937973885554,12.6554434722047
1.32669262725223,26.3795628581437,27,27.1270181978737,1.76162563017831,27.6234995256958
0.770995080693152,22.8001138829765,23,23.2033110712039,0.642664364970568,21.5853676215995
-0.628341661596638,7.41125859958005,8,5.78606723607195,-0.722435653390785,6.73600618640852
-0.834367861489098,5.96857969310602,6,4.25536028663481,-0.78212878387658,6.32694958425039
0.777344210309242,22.8590012471419,23,23.2689011683405,1.11445561310679,25.3889848397218
0.250108978958238,16.7847005818937,17,16.3865328329967,0.206874259961407,16.3118010470631
0.326965002013293,17.7593917918072,18,17.5022053071933,0.296939492697626,17.4564763294627
0.213837171611369,16.3254444127722,19,15.859911924029,0.203370488483733,16.2674275320734
1.02659861857668,24.8193766326878,25,25.4319671813938,0.504424003445127,20.0281037000772
2.02813064177537,28.0346642835505,29,29,2.22653412863799,28.2526895226299
-0.134869447446273,12.1451131428551,13,11.0605067224108,-0.0802595807998298,12.820539872258
0.217080372853533,16.3664347640692,15,15.9069362373392,0.180265811574359,15.9754300469023
-0.261094504686113,10.786232487572,11,9.51514363858341,-0.3622628335583,9.81002216959545
1.58585494193831,27.2223371276109,27,28.0500994935271,1.74701134617476,27.5952257400139
0.510824213861357,20.0269826405123,21,20.0841946251478,0.695392852199659,22.1306221270785
-0.676927093531247,7.03977183136093,7,5.38807981480228,-0.936244457935505,5.4052834564128
0.688060825424754,21.9901158198434,23,22.2980228852498,0.672222371111178,21.8946283577353
-0.0091096503500945,13.5874023634568,14,12.7138712643311,0.230234254491797,16.6081365286498
-0.0752942027707159,12.8177226554162,13,11.83047003686,-0.0249911885201121,13.4630791456645
-0.34353059690454,9.94954229436134,11,8.57368662069869,-0.372399605439697,9.71066938761213
0.978715976412207,24.4945254561744,25,25.0764459158416,0.598958256702373,21.1118780041727
2.02813064177537,28.0346642835505,29,29,1.75959678707124,27.6196148299952
-0.804103053685505,6.15883678289598,6,4.45494096125382,-0.979189794080506,5.18089056500188
0.175595049282097,15.8436840171163,15,15.306954148567,0.287510624415539,17.336579852954
-0.719802837935526,6.72795584365498,8,5.05607866917562,-0.465491341920243,8.83010879989984
-0.776743488773319,6.33718373629482,7,4.64265422407212,-0.565594805408575,7.95213548429125
0.528374544368131,20.2335912010347,20,20.3182819444956,0.631566657784061,21.466935824651
0.82728386288568,23.3064671016386,23,23.7662142048476,0.698935036476504,22.1661919345197
-0.582053151946024,7.78282607382271,8,6.1868021425279,-0.746919775999128,6.56461367799835
-0.0291049462938352,13.3524488314652,13,12.4440179447146,0.0921569286205717,14.8757927469184
-0.312942197788742,10.2551464353095,10,8.91648086478389,-0.214494799199809,11.3300036954916
0.49662025832312,19.8581359567488,20,19.8927270153636,0.319941787520346,17.7486054214395
0.449341616321312,19.2866691076122,19,19.2436667127546,0.617640976809543,21.3165788019902
0.0119111921355867,13.8365957517934,13,13.0002012522552,-0.025391667159826,13.458365092195
0.197564410758745,16.1200633543084,16,15.6242394318014,-0.143260100548643,12.1083944155584
-0.955886906008122,5.27621265989503,6,3.53487494036351,-0.811639043514414,6.13569415945113
0.414764888376803,18.860875703117,17,18.7590966913958,0.562689742942034,20.7051513850205
0.467342828762287,19.5058564659995,20,19.4927973749432,0.565508113591265,20.7371834434487
-0.211278038584446,11.3115662257638,10,10.1105455669158,0.00614837584299726,13.8321471329331
1.02210973528276,24.7899112904454,25,25.3997682859745,0.893288549163246,23.9045195108883
0.0830977975432747,14.696161001588,14,13.9883235818046,-0.0946988974604921,12.6553853399846
0.449719449938913,19.291288403989,20,19.2489193094055,0.347820577630426,18.1015157720571
-0.904970614475404,5.55273931454392,6,3.82153590694815,-0.862814238384032,5.82090325959514
1.76874715879188,27.6300730199637,28,28.5125569126859,1.49157298397712,26.9715552240298
1.59853689122792,27.2548185120474,28,28.0863303722644,1.20978854038018,25.8869144562422
0.700030758844385,22.1116345310584,23,22.4341867437667,0.55557196513221,20.6239458570888
1.21789683165903,25.8998892751699,25,26.6070481480892,0.828108812839517,23.3685644926119
0.0676792050990007,14.5080374396656,13,13.7720445229499,0.208762859464386,16.3357281534551
1.76874715879188,27.6300730199637,28,28.5125569126859,1.54047571578131,27.1125813457204
1.76874715879188,27.6300730199637,28,28.5125569126859,1.38769105196386,26.6301840554097
-1.04427674233041,4.83933242948848,5,3.08502836458123,-0.933304806252502,5.42113458588096
-0.724385286115641,6.69552285682731,8,5.0216538847304,-0.94988157274437,5.33258251693702
0.0128726191409536,13.8480457101251,14,13.013359952377,-0.103057249113378,12.5603064122235
1.50931917342155,27.0107834502698,28,27.8158342133801,1.81101572438696,27.7142009211901
1.06063039110675,25.036277509076,24,25.6687020414573,0.872811131078662,23.7412139009164
-0.577849438088997,7.81740813985453,8,6.22423342192174,-0.481661141352668,8.68326664406316
0.0923172154037142,14.809126807942,14,14.1181912923992,-0.235388726108125,11.1072030225721
-0.33806546425121,10.0037150169959,10,8.6343553412141,-0.618374307626533,7.52038708838794
0.593057540766336,20.9736454229447,20,21.1548015055617,0.550033774123373,20.5604595914484
2.02813064177537,28.0346642835505,29,29,1.58811549181275,27.2391851060574
1.10183293845157,25.2839544785379,25,25.9384356855383,1.34607957443251,26.4756717361842
-0.53903148800859,8.14320775425654,7,6.57798965794082,-0.73032229745216,6.68024892900781
1.53589537440122,27.0873757599844,27,27.9003432742916,1.47389663586929,26.9176327540305
0.495915251164524,19.8497188206595,18,19.883178435148,0.504840359432105,20.0330361725273
0.970080292999947,24.4334235400874,25,25.009442819821,1.0942346125621,25.2731833086754
0.940736401293273,24.2199266446411,25,24.7749951755272,0.746386592123631,22.6294659608488
0.645369161424658,21.5444945950757,22,21.7977306392352,0.662894731901849,21.7980170747858
0.654137349688661,21.6375477174491,21,21.9023211629184,0.925281348857987,24.1504836810772
1.12085412264291,25.3929644901462,26,26.0569698460719,0.72761856190588,22.4491933831378
0.507454409540221,19.9870534965395,20,20.0389291840377,0.649714960183891,21.6599586267839
0.626625305510568,21.3429951874029,23,21.5710386033597,0.565885340146722,20.7414654859346
1.76874715879188,27.6300730199637,28,28.5125569126859,1.69460232173821,27.4880393797133
2.02813064177537,28.0346642835505,29,29,1.51243884221617,27.0331609572853
-0.0631529984601377,12.957177227081,13,11.9903830140239,0.364695927619912,18.3142473540183
-0.644816466461107,7.28314602898331,7,5.64851428938644,-0.176074812240229,11.7462428595763
0.155058513657771,15.5864553098831,17,15.0115233014907,-0.0856391692123123,12.7588758017805
-0.71785354917484,6.74180456445898,7,5.07078405360152,-0.817928346569472,6.09586100763047
-0.385255251243744,9.54222426164255,11,8.11892988316767,-0.437940980286468,9.08456371530096
0.208591392017945,16.2591821548698,17,15.7838872147949,0.14264319902162,15.5027963136455
0.431517936253205,19.0679098197854,19,18.9948075473017,0.540810999221237,20.4541604312601
0.241831532150953,16.6797614605204,18,16.2662489869296,0.463777460323681,19.5407616116057
-0.567861377981529,7.9001277703185,8,6.3138607411351,-0.799234071084466,6.21521374973976
0.0529168254187305,14.3288961351913,16,13.566091602697,0.175995693603032,15.9215949355687
0.927964569431095,24.1241339220189,24,24.6696351025827,1.08617731872259,25.2259966282244
1.10867494640812,25.3235465670568,25,25.981499157571,1.75858910958333,27.6176805834452
0.0966448830658955,14.8622736773856,15,14.1792877657896,0.103712996150151,15.0184750932794
-0.116808411632369,12.3469538118236,13,11.2912999306248,-0.101056593101398,12.5830295078684
-0.298852131300891,10.3978630347402,11,9.07700409378613,-0.0762538315152988,12.8665585690307
-0.87948684630885,5.69839487573294,5,3.97311688938335,-0.781739350653278,6.32952172272798
-1.68892979339346,2.77689917890335,2,1.03125709894148,-2.13081154038462,1.97972558897541
-0.224618915392995,11.1694595676884,12,9.94919966248293,-0.0455645784814441,13.2219959406299
-0.346175236599005,9.92339506672216,10,8.544419269818,-0.308822493555661,10.3444971772708
0.645033471728172,21.540916638437,21,21.7937078251892,0.378442811374454,18.4869112880969
-0.646858005941008,7.26742319049484,9,5.63165470193804,-0.750100746325371,6.5427156806729
0.00423997189525678,13.7454004514114,14,12.8954032453633,0.094772354629765,14.9080388521396
1.18540238936174,25.7389936343512,25,26.4326154499574,1.14705287078112,25.5679603049886
-0.13401598357963,12.1546100624605,12,11.0713601684026,0.17993538586774,15.9712626608167
1.27166882150591,26.1478623444601,27,26.8757800272936,2.17406638544629,28.2018605367211
-0.270508584429905,10.6886005018585,11,9.40482663120151,-0.342510289587094,10.0054984456472
0.0837243598200759,14.7038271253043,14,13.9971368750674,0.201010039632013,16.2375462247672
-0.272472878021244,10.6682957541196,10,9.38189797847176,-0.230861326774462,11.1552658926953
-0.662290548945353,7.14966439952528,7,5.50553394229351,-0.640776924139244,7.34393747258793
-0.566514162354589,7.91134449759894,7,6.32602416381365,-0.584730444130901,7.79303108891782
-1.20483299351813,4.16782526627231,4,2.40156975187375,-1.4506338350879,3.40365878939991
-0.6751916192428,7.0527105066703,8,5.40189665561103,-0.593175842303113,7.72373573148339
2.02813064177537,28.0346642835505,29,29,1.2255248863866,25.9619069082549
-1.24713929552813,4.01322102510187,3,2.24580063246242,-1.48266074408839,3.31568801105075
-0.00254285136087004,13.6650108559163,14,12.8030338874448,-0.18713069059528,11.6256003259716
0.439197400193929,19.1623641276274,19,19.1022839612152,0.395491370806373,18.7001223515441
0.760201484005544,22.6989743288756,24,23.0905849602605,0.540682421937692,20.4526734744771
0.33191820509019,17.8220480629301,18,17.5738205476316,0.38933456086128,18.6232515092841
-1.50666153885187,3.21850781888315,3,1.45760982829817,-1.41246363181885,3.51250254337689
-0.961373903096178,5.24753364503005,6,3.50522916266455,-1.33921672442353,3.73477080628504
0.430801117815614,19.059078350108,20,18.984756535454,0.491472601064807,19.8740462400291
-1.95566501610693,2.24379295020179,1,0.529381717702266,-1.99000827296377,2.21587426592669
-1.36751668101717,3.61509749287028,3,1.84803865974737,-2.2943401239904,1.7324220607094
-0.754016023756413,6.48997079007432,6,4.8039490040356,-0.496128140309019,8.55348959953286
0.387305499207601,18.5189641111156,18,18.369439685947,0.603414044018183,21.1610039063298
1.09354918784778,25.2354410860859,25,25.885648969887,1.27456514765376,26.1834577017208
0.684471437998191,21.9533799067792,23,22.2568367801799,0.609494928386698,21.2277398413249
-0.505432520496893,8.43443148480709,9,6.89588676527231,-0.666361664175743,7.14748219105323
1.4864349273575,26.942001478121,27,27.7401874196504,1.40506481251153,26.6915455640451
0.636779576573498,21.4525875369804,21,21.6943678704164,0.400015595563213,18.7565124624721
0.663214616446819,21.7330566336681,20,22.0096066706664,0.794846258402991,23.0767750996882
0.833925945547857,23.3638769163164,24,23.8298758572707,1.0062449588306,24.7243252581913
-0.398206566839484,9.41809086121738,9,7.98085158955126,-0.587462656964592,7.7705507135799
-0.653288182289605,7.21812225857112,6,5.57882032592443,-0.96556555625508,5.25064239669259
-0.556878937097195,7.99197474382257,8,6.41352983957115,-0.86334156169114,5.8177691602674
0.0839795277593513,14.706949630397,15,14.0007266302266,-0.0577095704328743,13.0807301584173
2.02813064177537,28.0346642835505,29,29,1.96299772896382,27.9520829417372
0.182642384072764,15.9322159064337,16,15.4086061544049,0.138175338951936,15.4469470378144
0.142324701116276,15.4275860216642,15,14.829005097616,0.0509835570095394,14.3719638075863
0.468972222367094,19.5256034583211,20,19.5152311178496,0.404807941056816,18.8161509900334
1.28009544966223,26.1847479867698,26,26.9157581622907,0.740129751778461,22.5698008525589
-1.00985365081588,5.00324078505748,6,3.25335443104313,-1.02210033700663,4.96960426154732
-0.718127938555875,6.739853276492,5,5.06871183777672,-0.422446468467447,9.22998146613854
-0.744182263181115,6.5573896784657,7,4.87526437150588,-0.985888951458632,5.14707221165538
0.543798475977951,20.4132207583866,19,20.5216152845927,1.01207572889503,24.7630414522963
0.70862067386559,22.1978948422254,23,22.5307712143399,0.757370040717752,22.7331505423822
-1.15414373996402,4.36454103945506,4,2.60068674288879,-0.844388005502995,5.93181114374743
-0.182112780963679,11.6258098053871,11,10.468008456656,-0.345496303800461,9.97579022532157
0.691949804907055,22.0297639478511,23,22.3424621485587,0.857264947248731,23.6141405338698
-1.05188498672178,4.80413162123722,5,3.04895086617646,-0.924903061331625,5.46679268719153
-0.365589118472738,9.73281227979589,10,8.33140058253902,-0.458194691812252,8.89698198562746
0.0840921235170173,14.7083275578472,15,14.0023107489119,-0.22797958532018,11.1859204481685
-1.11572969267042,4.52263253464091,4,2.76139577928295,-0.802145917292826,6.19643405482983
-2.31581939207973,1.67074951598489,0,0,-2.13392597962315,1.97475660084479
-0.839076878616384,5.93963372807295,5,4.22505614178127,-0.665912792588242,7.15088210447214
-1.33969108875832,3.7020894588494,4,1.93449954138219,-1.4971917605708,3.27672944546894
-0.886579975681428,5.65735655434748,5,3.93036826077324,-0.753606365171806,6.51868102279988
-0.41260459238103,9.28139709094062,9,7.82909033324005,-0.350059878076562,9.93049489085673
-0.51629775623841,8.33933489555329,8,6.79190751434673,-0.408968300157952,9.35780112474204
-0.645029108202251,7.28150680187046,6,5.64675632440256,-1.04409811711406,4.86605729487856
0.563817084557485,20.6434892361747,21,20.7820048378321,0.587704745642501,20.9869706213927
0.300078860103095,17.4187351438454,16,17.1126105299963,0.143589923901762,15.5146388095569
0.0349032813469041,14.1116485267126,16,13.3163446568176,0.0171162675155779,13.9633030450628
0.804817865638378,23.1086242672882,23,23.5465728390465,0.697831354445052,22.1551235571416
0.596129500866116,21.0078859597984,21,21.1934258622555,0.481208249189542,19.7511167699071
-0.164520809925585,11.8177075191383,12,10.6867162967108,0.176287030292592,15.9252665169902
0.645113493617613,21.5417696564527,22,21.794666909588,0.849981764241932,23.5536846912102
-1.66937361395714,2.82078757837907,2,1.07319572932968,-1.81436397271247,2.54594917133551
0.342768796778173,17.9591543853172,18,17.7304838893439,0.182577988838102,16.0045988649232
-0.610463334206347,7.5527531713129,8,5.93835613760661,-0.581703535559548,7.81800555779433
1.20365591402566,25.8304324185353,25,26.5317598237351,0.843515742259915,23.4995164964404
-0.265723178328528,10.7381632667992,12,9.46081488010228,-0.0413419235792436,13.2712960511114
0.703349870203828,22.1450591695764,21,22.4716189917642,0.603029437477784,21.1567710178066
0.541773018737494,20.3897393691605,20,20.4950454241439,0.54399528135668,20.4909419668655
-0.45765142724493,8.86281790874078,9,7.36632075465726,-0.316557543975713,10.2660416652085
0.390333035683425,18.5568018275957,20,18.4125841309412,0.270862742293776,17.1247850501583
0.485293430517113,19.7225005402471,21,19.7388164986831,0.505075672833859,20.0358233123985
-0.139944082244393,12.088729311696,11,10.9960813397403,-0.152786449273337,12.0026338082679
1.12267034996637,25.4032013059151,25,26.0680957174673,1.4970923689285,26.9880636933393
0.0731582046895949,14.5747701278401,13,13.8487654178947,0.0329252852722267,14.1533847775505
-1.42750577122962,3.43670742096631,3,1.67162279684232,-1.57287418752598,3.08273166040347
0.639172636346894,21.4782668416385,21,21.7232539341806,0.507685708430695,20.0667101646534
0.842084863161164,23.4337219029973,24,23.9072813769612,0.893837765719052,23.908836003218
-1.27360292449835,3.92062704051117,3,2.15283811319606,-1.94607951455836,2.29446298542054
0.535285381901193,20.3143071780375,22,20.4096710552804,0.706442925346876,22.2411350524603
1.04415147657352,24.9326702523885,25,25.555683316449,1.39431003071384,26.6537744988786
0.561146360164675,20.6129621814444,21,20.7475021527751,0.507811717723192,20.0682000678108
-0.440630242454579,9.01933791926772,9,7.53901433687414,-0.869274966489311,5.78265644247444
0.25799276977973,16.8846975907802,17,16.5011239792009,0.189712131409005,16.0946755285075
2.02813064177537,28.0346642835505,29,29,1.52636909660164,27.07309289193
1.22011326424474,25.9105534652364,26,26.6186064053958,1.27013535354579,26.1641794591265
0.643020790873981,21.5194407070699,22,21.7695598230529,0.636730726734073,21.522200378818
-0.133352005158782,12.1620012989325,12,11.0798075641427,-0.362723071113206,9.80549702732968
0.942881963263173,24.2358472842213,24,24.7924958913912,0.628313919833979,21.4319883448167
0.222495705589824,16.4349160917694,17,15.9854893215174,0.137514384561489,15.43869045678
0.618115817969857,21.2503788817439,22,21.4667494514807,0.33045336468866,17.8818496594115
0.190091063416265,16.0259211486922,16,15.5161811813179,0.287086566565415,17.3311862482773
2.02813064177537,28.0346642835505,29,29,1.45857670233462,26.8695720517773
-1.38483641243758,3.56234694186389,3,1.79574460274496,-0.911233913624909,5.54220804570124
-0.26695343968404,10.7254083306675,11,9.44640356420331,-0.422876040762852,9.22592780502051
1.06938053958367,25.0902232572823,26,25.7275038814524,1.27374692931721,26.1799075809455
-1.04926244150283,4.81622409113116,6,3.06134159073207,-0.85132294453103,5.88975074089619
1.00909432075692,24.7033313238564,25,25.3051007803835,0.785612164544273,22.9935682298773
1.33571520855564,26.4155503623712,26,27.1660756434904,1.40748090542194,26.6999366588404
1.64078256006644,27.3581426505594,28,28.2021620105602,1.62927574469275,27.3406722603999
1.61231307898042,27.2893233720622,27,28.1249096170658,1.89082921899143,27.8462772890736
-0.985187915224112,5.1255154456792,3,3.37927697204129,-1.2333174643933,4.09218598144391
-0.894190126137684,5.61375432016754,5,3.884983943935,-0.979645011811269,5.17858261400012
-0.927368545748283,5.42875409806837,6,3.69282543271791,-0.289669144468277,10.5403306057865
0.359665353885786,18.1721654808409,17,17.9737470883708,0.409682559140474,18.8767111213478
0.704999183714242,22.1616243728415,22,22.4901670187397,0.620463002521159,21.3472037118367
-1.09962209570091,4.59137877596465,4,2.83146043620213,-0.900860327535317,5.60038794145528
0.530360002015216,20.2568184882525,21,20.3445842195325,0.645845537108908,21.6190855281069
0.228763741404173,16.5142348560252,17,16.0764593532288,0.137847130209766,15.4428469057298
-1.19109734890182,4.21985268864151,4,2.45413561469582,-1.20097724482769,4.21109711480954
1.15111821146051,25.5597070486532,25,26.2380887992359,1.38599003655073,26.6240787035979
-1.63185180359139,2.90717180948204,2,1.15602765002179,-2.96728962098333,0.96045507991069
-0.36560883241,9.73261997590611,10,8.33118591625297,-0.158961610262789,11.9343505163435
0.0200279762893606,13.9334037640657,15,13.1114619298431,0.151103312249276,15.6087223241378
-1.67576018067112,2.80637136270911,2,1.05940915844794,-1.75977035719613,2.65790789303051
-0.969497183499265,5.20546631698984,5,3.46177267827655,-0.857670413164555,5.85159111039151
-0.841949862709676,5.92205996057872,7,4.20666555639473,-0.820600648908008,6.079034097727
-0.457592973077749,8.86335196532876,9,7.36690927109711,-0.943491290330907,5.36647986577813
-0.32587432148224,10.1252331022223,11,8.77059776977445,-0.270566567149015,10.7378396307412
-0.899943163349059,5.58108428468053,6,3.85100234298624,-0.939831034773014,5.38603055691598
0.0916320041995768,14.8007188745798,15,14.1085255724232,-0.232316373832688,11.1398061256188
-1.04148309008567,4.8523495813815,4,3.09837623832779,-0.603076548929852,7.64322693595103
0.394705216423247,18.6113868583991,19,18.4748147737023,0.412648029094393,18.9135008038104
-0.188106252140673,11.560834241754,10,10.3940242691714,-0.257476544176081,10.8744338848283
-1.14732416076137,4.39202025234425,5,2.62857836460365,-1.30101731911801,3.85841121306053
1.3807389806366,26.5871507071269,26,27.3525401240302,1.70194985881255,27.5036327514509
0.89564580743253,23.8738398676056,24,24.393859280426,0.773241704237503,22.8806008680182
-0.215256246940989,11.269082461122,10,10.0622892164386,-0.691854384570639,6.95714957945495
0.51173686433271,20.0377826761705,20,20.0964366077176,0.320058696881369,17.750088380849
0.674558182912957,21.8512172594348,23,22.1422433498355,0.788518590803362,23.0198607648555
1.13019396290472,25.4452910218712,26,26.1138316786324,0.928209657070736,24.1724435380789
2.02813064177537,28.0346642835505,29,29,1.69187564266964,27.4822040784222
-1.199561519395,4.18768308010038,5,2.4216246380089,-1.09022075900997,4.65887257638444
0.561681463837717,20.6190834042579,21,20.754420997454,0.742603269581212,22.5934402325362
-0.00381043182147288,13.6500132110447,14,12.7858025416322,-0.116462211210337,12.4086256165248
0.159167354022324,15.63782411724,15,15.0705302645604,-0.0280094545267576,13.4275715618923
0.0749221013852843,14.5962815754838,14,13.8734964894916,0.0646860669401709,14.5388187300273
-0.828877371206743,6.00255162519072,6,4.29094652944667,-0.659835327986463,7.19707988980351
1.57147378933048,27.1846511731843,27,28.0081608631389,1.90285742863388,27.8647594271144
0.931940999841833,24.1541464944194,25,24.702656288584,1.18914798222003,25.7855609056304
1.34029793826938,26.433620184465,27,27.1856921011703,2.00638673516296,28.0101793533379
0.142850534752047,15.434136230509,14,14.8365310987265,0.176578392091412,15.9289386249857
-0.739579704393756,6.58921676705986,7,4.90896124961869,-0.739465713251618,6.61626037214592
2.02813064177537,28.0346642835505,29,29,1.98654791962249,27.9841000843089
1.16888178553734,25.653848280516,26,26.340257006066,1.3090154341855,26.3286068973354
2.02813064177537,28.0346642835505,29,29,1.529620784823,27.0822791449977
-0.516276445872556,8.33952055627302,7,6.79211035468929,-0.61542501164736,7.54392203137364
-0.647283671860913,7.26414919467928,8,5.62814459966111,-0.672673876145111,7.09984892955841
-1.7386357050011,2.66864191719855,2,0.928228110595901,-1.59143603894981,3.03728337258054
0.893192411864943,23.8543733877445,24,24.3723819549948,0.896262632541743,23.9278544293747
0.266719454572867,16.9954242797455,18,16.6279780529286,0.322630859695113,17.7827099513273
-0.345049953552422,9.93451520501019,9,8.55686514278364,-0.254504953884064,10.9055831297461
-0.0647990498210476,12.9382240772379,12,11.9686448410796,-0.0278352443897544,13.4296197193501
0.558170825395694,20.5788799503864,20,20.7089748729578,0.700037795266681,22.17723788626
0.528025215231137,20.2295013667724,20,20.3136503682082,0.429254786173273,19.1187548026213
-0.24531196727011,10.9510900257121,11,9.70167013205545,-0.213656237754821,11.3389982892797
0.140959198675874,15.4105804302592,15,14.8094658794274,0.229900429201633,16.6038966098367
1.02294453097147,24.7954062240996,24,25.4057737168809,1.03451000929202,24.9088378475533
1.26961138365392,26.1387771574157,26,26.8659337069072,1.2397827408726,26.0281903078667
1.78012265876914,27.6515752435453,28,28.5375425808411,2.61369769765033,28.5318465727488
-0.140793945208502,12.0793006592535,11,10.9853100296347,-0.58069105563053,7.82637559090132
0.15541533184214,15.5909142605793,16,15.0166454357503,0.166175039809185,15.7979565491969
0.456691354110063,19.3763839826194,18,19.3456641611462,0.378129215394456,18.4829794560644
-0.668921241102016,7.0996638738263,7,5.45206399711991,-0.976471535022908,5.19470242399961
-0.525144474109175,8.26255245096226,9,6.70807490409978,-0.823783862301563,6.05906623937814
-1.17123431101261,4.2967524527975,5,2.5319598730298,-0.989959665731868,5.12667530433741
-0.104387479707839,12.4868142284326,13,11.4513630506114,-0.29891464939772,10.4455230111338
-0.127541257087145,12.2267900921583,12,11.1538692212645,-0.171772747399266,11.7933749734936
-0.457683663068378,8.8625234018774,9,7.36599621790893,-0.761004147802118,6.46829931488222
1.16619622255462,25.6397892805061,26,26.3250029271391,0.862868212227003,23.6602502410773
-1.32133316616325,3.76106072849939,2,1.99326175021998,-1.19567188700052,4.23108208162543
-1.1526507270169,4.37053588253477,5,2.6067699965685,-1.02621225315301,4.95000885063832
0.983126162939408,24.5254297943974,26,25.1103189167449,0.722477333486238,22.3991311528773
0.00930712343350669,13.8056059315928,14,12.9645875818312,-0.304310017144702,10.3904350060827
-0.750906751200039,6.51120179828318,7,4.82639764542335,-0.965500189058044,5.25098023387319
-0.726582963763314,6.68002969012349,6,5.00521639333773,-0.586690145973642,7.77690082564301
-0.0645757217219959,12.9407946936213,13,11.9715931092366,0.0930226286595863,14.886463083662
-0.0720810059616076,12.8545522508955,14,11.8726949684763,0.0280439819389652,14.0945651139754
-1.63828624679245,2.89214880488126,2,1.14159535609664,-1.96577373509956,2.25892321422938
-0.792748106361953,6.23211871021664,7,4.53199797622961,-0.932020691052358,5.42807888382467
-0.0645451011127627,12.9411471727976,14,11.9719973734647,0.415030671482199,18.9430307030121
1.37471703688502,26.5649501164395,27,27.3283911260661,1.15977533957296,25.6353022888979
-0.471835880961271,8.7339372153025,8,7.22444452915363,-0.869231891460616,5.78291034800077
0.182683300328361,15.9327302764747,15,15.4091967073963,0.0110607697107314,13.8908167415096
-0.257250639072488,10.8262481109751,12,9.56039055651561,-0.417649110705863,9.27533667635407
0.257354407377848,16.8765992509236,17,16.4918447535245,0.258113062293073,16.9625688242939
0.999334873865747,24.6372831716533,24,25.2328269933818,0.876902143178514,23.7742087087379
0.508778779233735,20.0027557855707,20,20.0567309725083,0.718856358611602,22.3636977733871
-0.275066987691763,10.6415160085166,12,9.3516651926797,-0.364888103783593,9.78422816185851
-1.70076423490663,2.7507030151931,2,1.00627143078629,-2.06746190321549,2.08312716390775
1.4448606922133,26.809982360116,26,27.5955278993635,1.46324077309471,26.8843364109444
2.02813064177537,28.0346642835505,29,29,2.4123672915024,28.405049281249
0.155660696781404,15.5939806666344,16,15.0201678923296,-0.0687169258255096,12.9533798685237
0.348922098709583,18.0368029134153,18,17.8191790197829,0.429128555560179,19.1171997759912
0.773350821640432,22.8220155269274,23,23.227709385965,0.894316728623194,23.9125976496068
0.406031403309045,18.7524542015325,18,18.6355860754941,0.48627780926094,19.8119216013764
-0.980862839213172,5.1473831656272,5,3.40182828248421,-1.1899654376917,4.25273243153765
-1.29914544157998,3.83408519279452,4,2.06618918159278,-1.3667474854643,3.64904425300313
-0.00534779758404095,13.6318344274739,15,12.7649168316638,-0.0503676528179306,13.166034421094
-1.44176934512252,3.39601365227122,3,1.63155608958431,-1.34615977601727,3.71289202081636
-0.06590209624528,12.9255314009388,13,11.954087847077,-0.0230947241966816,13.4854138401415
-0.522264077859859,8.28748787832246,9,6.73528792197404,-0.510240117711252,8.42837758781619
-0.665001589156174,7.12917774547086,7,5.48361992182421,-0.347781054736552,9.95309676043777
0.644242364246397,21.5324801233753,22,21.7842220147516,0.386684920549953,18.5901242364115
-0.336848763175784,10.0158010209253,9,8.6478963896334,0.142933000393788,15.5064211105329
-1.25962861089374,3.96914084148612,4,2.20151310690313,-1.04832175655374,4.84653334805272
-0.04603822425667,13.1551000475181,13,12.2174670029717,-0.066898411279215,12.9743742639119
-1.14926273496672,4.38418358458869,4,2.62062222290964,-1.08573086881091,4.67847069881664
-0.726697649724681,6.67922226796851,6,5.0043598847078,-0.358456352747195,9.84749994292259
-0.353475195582411,9.85145098044181,10,8.46394202949005,-0.334046281866296,10.0900108675755
0.000816049279030391,13.7047915027581,13,12.8487413035346,-0.0900720708698158,12.7081820181022
0.629508944287535,21.3742205849767,21,21.6061863771937,0.256943422100571,16.9476891503461
-0.068465557572678,12.8960591138156,13,11.9202890694309,0.142764474176193,15.504313174589
-0.306505694679421,10.3201902605984,10,8.98960657466443,-0.671595195088686,7.1079653631734
0.591231363028248,20.9532496111682,21,21.1317909082975,0.230780537264224,16.615075142942
1.18632127751463,25.7436623745692,26,26.4376785671139,1.47550395871843,26.92260308918
1.18831739202886,25.753780190554,27,26.4486506799875,1.76509934004384,27.630120819324
-0.615013241524592,7.51650132411343,8,5.89930197320066,-0.824595920818329,6.05398554611589
0.379634135157607,18.4229483808753,19,18.2599327840927,0.581416818574672,20.9166648120066
0.0359745269480773,14.1245256147027,14,13.331147286317,-0.0164977788552817,13.5632513127894
-1.68249001872224,2.79126808053255,2,1.0449768645228,-1.89041919404034,2.39771241080452
-0.176238597635793,11.6896911173442,13,10.5407814386596,-0.072042430381881,12.9150338146689
-2.0274265478321,2.11790780451302,1,0.41263296377537,-1.9499051984122,2.28751960472044
0.0796975625279405,14.6545871699331,16,13.94052825002,0.0641156460107683,14.5318559901308
0.33845197120273,17.9046340338489,17,17.6681945274531,0.432271543491008,19.1558936211257
-0.0938664480813376,12.6059467668409,14,11.5877868753521,-0.239714594473478,11.0613910058592
-0.679948395178962,7.01730555818147,6,5.36409641396799,-0.494164007152615,8.571019334783
0.317071761859369,17.6341373274642,17,17.3590014249906,0.395139836218139,18.6957373131943
-0.284830326754223,10.5410881337541,12,9.23836611804639,-0.299040036354783,10.4442407801595
-0.274219445904139,10.6502609977976,11,9.36153682558669,-0.640108658203837,7.34914134313813
-0.428048335190735,9.1363249550748,9,7.66836526043835,-0.399745150036885,9.44596960259482
0.527672008640858,20.2253651855633,20,20.3089662141502,0.353087837635899,18.1679981653725
0.610276492977015,21.1644401674832,22,21.3699282883123,0.193211542048922,16.1389003543028
1.60335847998575,27.2669863425849,27,28.0999239489106,1.31404402473653,26.3491013205663
0.00409134602564279,13.7436364788228,12,12.8933762857654,-0.254092245755801,10.909913385608
-1.28337854112782,3.88718507178787,4,2.11932690925443,-1.84102645338547,2.49299661315769
1.58585494193831,27.2223371276109,27,28.0500994935271,1.33312002533564,26.425290411994
-0.181190102647293,11.6358308386939,11,10.4794220685101,-0.199140291503927,11.4953402325816
-0.982398198690093,5.13960557576578,5,3.3938064853308,-0.824077878878023,6.05722608581947
0.589062132006988,20.9289829013626,21,21.1044097635466,0.692171604568535,22.0981575180597
-0.178810765064523,11.6616947786911,12,10.5088840974476,-0.0195153028369089,13.5276195775186
-0.166418021724928,11.796927673727,12,10.6630190816256,-0.180556006671718,11.6972599672898
-0.660613934818629,7.1623641208712,7,5.51912256555942,-0.837033135508912,5.97684153220975
0.482619449660846,19.6903572016081,19,19.7023290309626,0.40485277340706,18.8167084430652
0.0816536049256713,14.6784972670264,13,13.9680165451879,-0.129897783312223,12.2575988274041
-1.73490214885132,2.67661510379965,2,0.935795944903851,-1.17390236648104,4.31455042311053
2.02813064177537,28.0346642835505,29,29,2.07266530072041,28.0917713265633
-0.659346076727643,7.17198286756427,8,5.52941664028846,-1.14153776922348,4.44315755452765
-0.0967394074558464,12.5733551307869,13,11.5504575828807,0.185660882640811,16.0435098438158
1.02046721230266,24.7790791801377,25,25.3879288653124,0.836166246768665,23.4373802463359
-1.62606117396058,2.92076765042955,2,1.16909867042544,-1.78803448763618,2.59933631277054
0.199338537840276,16.1424297234899,16,15.6499091827952,0.260950588895413,16.9986684944723
-0.0755491610709642,12.8148027203335,14,11.8271225915135,-0.222391762590177,11.2454980957861
2.02813064177537,28.0346642835505,29,29,2.36442286112451,28.369440852986
0.696112322583494,22.0720226782672,22,22.389813833503,0.911344712732907,24.0447033837575
1.76874715879188,27.6300730199637,28,28.5125569126859,1.46586765073418,26.892600621013
-0.700476940300985,6.86663655737195,6,5.20350494476684,-0.505159282502527,8.47325276791738
0.954581024346178,24.3217933348422,24,24.8869224392308,1.18718261669399,25.775730119105
-1.07674925128369,4.69160064690918,4,2.93379243059403,-0.983127213040287,5.16097589953597
-0.862368155143279,5.79903465773241,6,4.07808633193404,-0.767641154485233,6.42348838305705
-0.681365950737667,7.00679041909812,8,5.35287454897308,-1.04107144826563,4.88011832582235
-0.226729768711566,11.1470695638473,11,9.92379682153806,-0.66069825370562,7.19050167313215
0.982499521475501,24.5210509328898,24,25.1055200782152,0.817075018644609,23.2731487119549
1.2129329260329,25.8758638236106,26,26.5810073011857,0.77920846082884,22.935303660114
0.524220145700469,20.1848924779626,20,20.2631267202585,0.452820965716036,19.4075674647669
-1.31649249136654,3.77682653507101,4,2.00899167423353,-1.46441913494561,3.36543107733142
-0.118001820597421,12.3335609168866,13,11.2759782656154,-0.355788205253877,9.8738248479358
0.452307152682285,19.3229040271538,20,19.2848668210528,0.863228033494246,23.6631993232679
0.248602461651697,16.7655970577346,16,16.3646381058946,0.466488750285764,19.5736087980089
-1.30239100092729,3.82328082414832,4,2.05538815063313,-1.9635032087453,2.26299486946933
0.53472865086039,20.3078185411564,20,20.4023257336138,0.496461467218254,19.9335309403235
0.63075437534066,21.387681505609,23,21.621336132681,0.698246161287236,22.1592850315253
0.654529440344618,21.6416906062904,22,21.9069762667677,0.758243294825749,22.7413364097688
-0.945802170882996,5.32948302041182,5,3.58998329475197,-0.851273883638296,5.8900469396856
0.333918723479385,17.8473424103279,19,17.6027278205183,0.330845123991131,17.8868117405144
-0.271308614658493,10.6803278694008,9,9.39548436015333,-0.0828437862663975,12.7908984574851
-0.5475416060207,8.07079285743578,8,6.49918765378672,-0.473336061359634,8.7586347809125
1.06493672666177,25.0629185752892,26,25.6977450161144,1.20520296822529,25.8646933295023
0.849698817720036,23.4982308646586,24,23.9787284633924,0.602639538114179,21.1524784334044
1.78012265876914,27.6515752435453,28,28.5375425808411,1.19501956476376,25.814742927166
0.56685846625674,20.6781788886042,22,20.8212055897894,0.5417731954245,20.4652835953432
-0.00184268099369388,13.6732985404228,14,12.812556089809,0.0301604091943123,14.1200540433797
0.614366928329654,21.2093548270603,20,21.4205365972681,0.631572129668507,21.4669945253696
0.823273306370789,23.2715633642813,24,23.7274931656774,0.846487622415546,23.5244709302443
-0.17382624062428,11.7159822558256,13,10.570741833993,-0.546851278331658,8.11076275894119
-0.845670988322006,5.89939511117344,7,4.18295591889738,-0.896865232375733,5.62301427366948
-1.42750577122962,3.43670742096631,3,1.67162279684232,-1.62030584739963,2.96814148321656
1.17967687986814,25.7097445803061,26,26.4008931046972,0.703835265244188,22.2151749717362
0.460565623505153,19.4235532548529,20,19.3992765296156,0.571333835528918,20.8031726821113
0.447533363498699,19.2645511727215,19,19.218515108457,0.443541192204656,19.2942057390748
2.02813064177537,28.0346642835505,29,29,1.73522211150739,27.5719169989742
0.707760418931621,22.1892918857158,22,22.5211413150486,0.611442453832406,21.2490378826606
2.02813064177537,28.0346642835505,29,29,1.75842886513441,27.6173726978061
-0.577651520178105,7.8190397240046,8,6.22599999560741,-0.476189188504292,8.73274884212806
1.02217660415795,24.7903517036103,24,25.4002496271853,0.943545611472625,24.2859505868747
1.18421474161008,25.7329489586218,26,26.4260600049589,1.07414565616834,25.1544095078959
-0.414931691521622,9.25943409242333,10,7.8047350304199,-0.557533065384097,8.02002732668344
0.213179519771757,16.3171346095769,17,15.8503783959345,0.286787651833484,17.3273842852276
2.02813064177537,28.0346642835505,29,29,3.22944193846857,28.7684213467699
-0.176611219356132,11.6856330426407,12,10.5361575124388,-0.331100864211994,10.1195252392489
1.45449151314379,26.8414013799082,26,27.6298986954437,1.48375740997215,26.9479128288131
-0.287785875225767,10.5107998446592,10,9.20422058496111,-0.230148885728168,11.1628400086082
1.09565354412609,25.2478254847239,25,25.8991263515099,1.03866139363628,24.9352715254727
0.437317550245864,19.1392700783117,18,19.0760095992113,0.223309971786318,16.5202183562425
-0.287855610481359,10.5100858385851,11,9.20341578887001,-0.150481181470663,12.0281798908908
-1.72109721867826,2.70631559600861,2,0.964014809710734,-1.72274712786068,2.73670230887829
-1.66937361395714,2.82078757837907,2,1.07319572932968,-1.76198964927891,2.65326034317206
0.105691529063351,14.9736138323562,14,14.3072760040653,0.0924464481502829,14.8793609334523
-0.377079691651196,9.62115018663614,10,8.20684928131497,-0.435595150560716,9.10647388941538
0.0186221611808748,13.9166136847431,14,13.0921643735506,0.391911944892216,18.6554495641589
-1.04242860158626,4.84793837751908,5,3.09385256741899,-0.576592833946393,7.86033805857757
-1.46213974664027,3.33897534496794,3,1.57551289762702,-1.67080294507474,2.85146901250922
0.985188727355848,24.539813858327,23,25.1260810359897,0.475378814709495,19.6809856400607
0.0789435206809208,14.6453743021379,15,13.9299366134965,0.0825494979934541,14.7575803039186
-0.957931770246703,5.26549972674618,7,3.52379900989095,-1.68587162053359,2.81764806746677
-0.719783341044412,6.7280942046728,6,5.05622557074122,-1.13324269009691,4.47702257905329
1.18281404518802,25.7258048427502,26,26.4183119750967,1.2595656414245,26.1176011815978
2.02813064177537,28.0346642835505,29,29,2.49003717087596,28.4580251228746
-1.12270823945199,4.49330702599458,5,2.73154054764881,-0.708812170145725,6.83355263463911
-0.145273466313644,12.0296703808168,13,10.9286222967671,-0.0429069401715476,13.2530132387115
1.36227360390866,26.5183516483175,26,27.2777300004915,1.59167963888559,27.2482537895301
0.0914561101183108,14.7985608620291,15,14.1060447255444,0.0976063079166282,14.9430101483776
-0.3334494896221,10.0496166000591,10,8.68579417170814,-0.267706573129804,10.767597148069
0.577042187082486,20.7937507777243,21,20.951755034139,0.429841597231978,19.1259826173403
2.02813064177537,28.0346642835505,29,29,1.84929457783157,27.779660603539
-0.258298001233716,10.8153361184801,11,9.54805019410533,-0.185581315947527,11.6424653031078
2.02813064177537,28.0346642835505,29,29,1.59998815349446,27.2691838558371
0.724090094252007,22.3512292820484,22,22.702306840758,0.817475632180429,23.2766369391324
-1.31649249136654,3.77682653507101,4,2.00899167423353,-0.689808400242696,6.97222471492953
-0.373987338887014,9.65111678998269,10,8.24025603714807,-0.628521698462957,7.43995405467326
1.48629148864396,26.9415618540327,27,27.7397045914013,1.58112412887155,27.2212370590027
-0.41139069814829,9.29286819208011,10,7.84181408883243,-0.510893708553209,8.42261885112956
1.02573126541435,24.8136989834705,25,25.4257635462407,0.726724177720817,22.4405053189264
0.92772698532572,24.1223353291501,24,24.6676558887314,1.07039052775772,25.1317884955909
-0.235832853951346,11.0508101084434,11,9.81464364144606,-0.150037760304298,12.0330971399865
2.02813064177537,28.0346642835505,29,29,1.83616347980319,27.7576597515236
-0.968737961314514,5.20937837268431,5,3.46581246480184,-1.0845593252004,4.68360422493677
-1.67576018067112,2.80637136270911,2,1.05940915844794,-1.36683968356744,3.64876171707714
-0.821425822753488,6.04904160256144,6,4.33968121549677,-1.45062103477173,3.40369454571448
0.584543778519826,20.8783002955719,21,21.0472106474654,0.535217045541667,20.3893424701504
-0.462922284245606,8.81476048723819,8,7.3133832360494,-0.589903692144324,7.75051647032542
-1.56819217703136,3.06076427616562,2,1.30422464811996,-1.10849966613292,4.5803122717502
-0.067972550131644,12.9017245059855,13,11.926785865933,-0.193256448670434,11.559055379405
1.39163445079696,26.626746185587,27,27.3956334152968,1.23279245284344,25.9958885721603
-1.52749991550686,3.16399545436674,3,1.40447210063651,-1.82860123116585,2.51753726975376
-0.0845000002660884,12.7125158494408,13,11.709883283224,-0.394833427862271,9.49315332095098
0.116694918806377,15.10946209472,14,14.4634233885059,-0.119250784178531,12.3771972267287
-0.671784926293985,7.07818040008009,7,5.4291046822574,-1.08623903975696,4.6762465251116
0.210281079169387,16.2805201523616,16,15.8083700646544,0.00679352651505241,13.839845431894
-0.795308489953911,6.21550357337118,6,4.51451793889066,-0.426299493054482,9.19366718986025
0.0924648954750708,14.8109391770579,15,14.1202747783512,-0.161446174902683,11.9069375187252
-0.690869844420123,6.93671754903981,7,5.27814663265517,-0.715185031238287,6.78772783540362
1.65043794529598,27.3807447921965,28,28.2276305069644,1.88675931918601,27.8399431790818
-0.416323319040024,9.24631743770188,9,7.79019346896826,-0.556394101204524,8.02965997877329
1.59853689122792,27.2548185120474,28,28.0863303722644,1.49707861274077,26.9880227404559
0.00421536902669906,13.7451084435845,15,12.895067702346,0.0370814496064059,14.2035559787787
-1.27471106831366,3.916815827269,4,2.14901726652167,-0.840454874937763,5.95583752769534
0.56150218205261,20.6170328126487,19,20.752103229218,0.782022610391632,22.9609650623654
-0.210042431414475,11.3247800588527,11,10.1255584206577,-0.0144959238174221,13.5869156388144
-0.0550573455360299,13.0506043490962,13,12.097558157196,-0.131355973510587,12.2412680698913
-1.14912047922427,4.38475796782942,5,2.62120531262791,-0.877742839042913,5.73302666777466
-1.16299140436954,4.3292568965559,4,2.56490004377396,-0.960593084546693,5.27642894333968
-0.18596512143235,11.5840227889276,11,10.4204236674163,-0.257433990867786,10.8748795768465
0.181207100125406,15.9141751325835,15,15.3878930433368,0.218115297201937,16.4543020284056
-0.773376306115298,6.35955360459187,7,4.66624179078216,-0.791594053882603,6.26482051279198
2.02813064177537,28.0346642835505,29,29,2.06777480689885,28.0860279577821
-0.289048520419022,10.4978764103234,9,9.18965485850985,-0.227316891895177,11.192976667356
0.708205122625877,22.19374012922,22,22.5261206248862,0.520026014323796,20.2120511727973
1.48629148864396,26.9415618540327,27,27.7397045914013,1.26147030031377,26.1260552791361
1.20811742998287,25.8523680047641,26,26.5555388047814,1.51155323417743,27.0305902887426
-0.230442902296039,11.1077470544096,11,9.87919548059063,-0.541395519590521,8.15744628580399
-0.956102892513227,5.27507971274027,5,3.53370349921026,-0.828511609743642,6.02956221981124
0.379241340667856,18.4180268982749,20,18.2543188258399,0.344840269839672,18.063868161
0.600412565474436,21.055480469741,19,21.2471015546321,0.429443103521166,19.1210745199991
1.16688444133691,25.6433979798778,26,26.3289184994376,1.0612913909377,25.0764206732534
-1.03362438275431,4.88923458178774,5,3.13621736973017,-0.827083116093344,6.0384576980652
-0.745606065128868,6.54757918064907,8,4.86488144814141,-1.18768201231835,4.2614410115705
-0.850745272702581,5.86866419627358,6,4.15082397114474,-1.35806588555446,3.67578304340082
-0.978465301263241,5.15956084209434,5,3.41439071052931,-1.37385771699942,3.62734254293914
0.542116448256163,20.393723111249,20,20.4995533583658,0.733072921880265,22.5019860745798
-0.174084689121296,11.7131639642208,11,10.5675299452676,0.0202377131143762,14.0007381301541
0.633653975235999,21.4189619756256,21,21.6565363010226,0.997952697887556,24.6686732153875
-0.135238093637977,12.1410122918233,13,11.0558202936048,-0.122241072062355,12.3435434229667
1.79977109139419,27.6877853604338,28,28.5797992019167,1.89939268671795,27.8594717670865
1.47891290061733,26.9188019761322,27,27.7147189232461,1.57161719748666,27.1964889158157
-0.0660026123722335,12.9243750942337,14,11.9527617316574,0.127127010875046,15.3091241582621
-0.798866115573565,6.1925051167963,6,4.49033098832335,-1.42942776786274,3.46357279790853
0.529439447694497,20.2460529670114,21,20.3323938473037,0.535592253254692,20.393698061473
0.686765577259213,21.9768751904896,22,22.2831794967333,0.568459534041874,20.7706525301479
1.46698321711242,26.8813940515663,27,27.673697408489,1.18892815984069,25.7844629205711
2.02813064177537,28.0346642835505,29,29,2.7582029988638,28.6044096914351
-0.867565605863276,5.76823918268177,4,4.04594557354689,-0.344619002371381,9.98451280283279
-0.046728606797211,13.1470860098401,12,12.2082696061191,0.00208117962411357,13.7836629961525
1.76874715879188,27.6300730199637,28,28.5125569126859,2.19630708798949,28.2238807149782
-0.351596170627816,9.86993723452407,10,8.48461359889189,-0.204109148305626,11.4416876898082
2.02813064177537,28.0346642835505,29,29,2.92058682588157,28.6717162731771
-0.515986312410421,8.34204860010643,8,6.79487238772168,-0.680276095564321,7.0429220428242
-1.01421898562284,4.98202611175409,5,3.23153723525982,-0.84992110719155,5.89822175141204
0.849216820508376,23.4941663435522,24,23.9742280697581,1.14635093194139,25.5642043486086
1.60958811065543,27.2825616726234,27,28.1173417827578,1.52924038560944,27.0812071015812
-0.629515411913042,7.40205881646812,7,5.77617898028382,-0.846844901469545,5.91686587911958
-1.33146970776578,3.72834025408519,4,1.9606425470736,-0.978726578731486,5.1832405568761
-0.847931984346173,5.88567702507414,6,4.16861020497458,-0.716296856632938,6.77976806686606
-0.864789198185733,5.78466357600643,6,4.06308521691253,-1.22604826013423,4.11848636754525
1.71447721055607,27.5217609868629,28,28.3877863616056,2.07117952363001,28.0900309251815
-0.188470541012036,11.5568915868194,12,10.3895361496409,-0.0370445089123296,13.3215657923137
-0.992457773088042,5.08904813952131,5,3.3416906588992,-1.11142668389702,4.56791256331157
0.225240948987013,16.4696488967134,16,16.0253260090834,0.353303710510911,18.1707213397809
0.865116920621231,23.626880971574,22,24.1210850896336,1.10328836916909,25.3254925965361
-0.514240557184203,8.35727322498844,8,6.81150865953103,-0.457466986234977,8.90367198269778
0.657830157997202,21.6765043491507,22,21.9460893504084,0.643058576519343,21.5895515620603
-2.0274265478321,2.11790780451302,1,0.41263296377537,-1.26163404191475,3.99200883735042
-1.29990071594601,3.83156710599249,4,2.06367153541917,-1.17339469615368,4.31652550005865
2.02813064177537,28.0346642835505,29,29,1.74866685558163,27.5984628093393
-0.834626860760105,5.96698307442152,6,4.25368833787149,-1.11917817040612,4.53531136860614
0.882334376297924,23.7674249172695,25,24.2764013866976,1.07407182014066,25.1539659995424
2.02813064177537,28.0346642835505,29,29,2.35521682241597,28.3623301595569
2.02813064177537,28.0346642835505,29,29,2.08944515568866,28.1111584871088
0.975852764033544,24.4743530978339,25,25.0543299900372,0.827650826472184,23.3646311563379
1.33446688514286,26.410603904579,27,27.1607064330151,0.908694617618175,24.0243510006146
0.901214974740474,23.9177832888535,24,24.4423266683652,0.814484379274422,23.2505479931358
-1.36999984059174,3.60747004655542,3,1.84047082543942,-1.31337157751186,3.81780576629945
-0.0744176044359722,12.8277646687116,13,11.8419825860854,-0.284291051060902,10.5957163863781
1.46119712570869,26.8629753109208,27,27.6535187308045,1.69476343131427,27.4883833400084
-1.17123431101261,4.2967524527975,5,2.5319598730298,-1.18989642996522,4.2529952345598
-0.460990461327898,8.83235129387848,10,7.33275562771878,-0.397296009182214,9.469476985562
2.02813064177537,28.0346642835505,29,29,2.36977769711471,28.3735354271487
-0.405915141290225,9.34473410012207,9,7.89937085318772,-0.57403170802222,7.8816299017777
0.082082922116766,14.6837472752033,15,13.9740522052407,0.0438462407124993,14.285391293773
-1.46466464148444,3.3319917300113,3,1.56866061379716,-2.42707765148527,1.55064768580643
0.640473111089056,21.492197993907,22,21.7389228381239,0.423716065776072,19.0504478199903
1.40477891968555,26.6735501646216,27,27.4466134195412,1.23777532093066,26.0189523892534
0.406965968202445,18.7640715173025,19,18.6488224886771,-0.00244318952567486,13.7298266500429
0.732402255525287,22.4325442560268,20,22.7931940082478,1.06078774308461,25.0733329663736
0.349324959646032,18.0418837563542,19,17.8249819363253,0.627924081918481,21.4277928180499
1.78012265876914,27.6515752435453,28,28.5375425808411,1.33911966884107,26.4487513968503
0.842080317273475,23.4336831947641,25,23.9072384925845,0.722011439678136,22.3945801814084
0.649282270227371,21.5861188513991,22,21.8445234528742,0.82764451008325,23.3645768927032
0.696390557087277,22.0748407880439,21,22.3929710733908,0.549899845605478,20.5589210846746
0.436772204861688,19.1325671298205,19,19.0683831420394,0.522794827544223,20.2445012435938
1.09527076608982,25.2455758535795,25,25.8966782872566,1.36548002950504,26.5490630629905
1.76874715879188,27.6300730199637,28,28.5125569126859,2.09520876059318,28.1177055389243
-0.31171295033405,10.2675488961658,10,8.93041997844344,-0.180191320713701,11.701241999309
0.176821135642483,15.8590776455034,15,15.324630148145,0.54461549062604,20.4980961698426
-1.0443687530102,4.83890454384485,4,3.08458966744605,-1.02118651245193,4.97397426646688
2.02813064177537,28.0346642835505,29,29,2.53771987167838,28.4879210460047
-0.2706199078588,10.6874491440925,12,9.40352635550205,-0.185294638432807,11.6455872935462
-0.031536377906339,13.3240193837831,14,12.4113748454941,0.272972929054444,17.1516343699613
1.0937320694225,25.23651900241,26,25.8868220752039,1.03359693176928,24.9030011933861
0.151830965078142,15.5461400395799,16,14.9652104621056,0.313732486913063,17.6698128334017
-0.909394539152644,5.52795418611417,5,3.79578270594476,-0.857736779129686,5.85119383207281
1.36636906299134,26.5337970283716,26,27.2945181251628,1.60207398589182,27.2743924656672
-0.527245561689834,8.24440262580705,8,6.68827454638424,-0.715562108662748,6.7850271032593
-1.199561519395,4.18768308010038,5,2.4216246380089,-1.28399336518915,3.91536939136226
0.274193999943486,17.090281869671,18,16.7366236384677,0.101019502937599,14.9851715748869
-1.41785579843054,3.46460157449706,3,1.69912611117111,-1.70161584588438,2.78277713323243
0.60524839535899,21.1090124907514,22,21.3074560696882,0.303932521158285,17.5453523045232
0.360818065724661,18.1866724565035,19,17.9903083855693,0.378316250234568,18.4853245195116
-1.16439788119263,4.32368574166315,4,2.55925234039764,-1.64841054959783,2.9025586398086
-1.33381698800697,3.72081934865031,3,1.95315008898355,-1.58037859702015,3.06426134490808
0.0802490380142662,14.6613266109349,16,13.9482762798822,0.265849421039866,17.0609970595899
-0.485423652720042,8.6118222126733,9,7.090288812496,-0.404187493069291,9.40343247403806
-0.058772586454613,13.0076854376284,14,12.0483196553045,-0.0906136975108462,12.7019954562596
-1.67552384762682,2.80690337924315,2,1.05991775080649,-1.45051599737611,3.4039879748384
-0.153137153376785,11.9428184668025,11,10.8294614364072,-0.512054211612469,8.41240159840911
-0.315238596313234,10.2320018904578,9,8.89047430629762,-0.3955757962915,9.48601165415031
-0.745749238359015,6.54659358708806,6,4.86383844912188,-0.660691930744944,7.19054985155299
-0.747475817089692,6.53472119498851,6,4.85127602107678,-0.918135624472005,5.50395370750974
0.796521916791436,23.0341381498539,21,23.463779758701,0.983661022274007,24.5711127087902
-1.32580157549302,3.74658812938708,2,1.97882945629484,-0.969393468159082,5.23091174724574
0.771853897765681,22.808105586116,23,23.2122143004277,0.726717568521393,22.4404410842237
-0.365153854536549,9.73705879309332,8,8.33614105279818,-0.510572668532878,8.42544711135718
-0.459678750080476,8.84431048497672,9,7.34592914721571,-0.583527700913386,7.80294598142342
-0.718605325753147,6.73645986828357,7,5.06510830349789,-0.806655691416697,6.16748667025565
0.165445144603899,15.7164043060905,16,15.1607861396893,0.223015889481573,16.5164857015288
0.114134729092298,15.0778131459683,16,14.4270468029029,0.131390794884437,15.362264031115
0.236271666048752,16.6093119619154,17,16.1854816010382,0.761543413817619,22.7721947700474
-1.06395635352067,4.74902402128983,4,2.99252296310435,-1.46314792098741,3.36893302304506
1.78012265876914,27.6515752435453,28,28.5375425808411,2.19751794177219,28.2250591946423
-0.0966882953734135,12.5739345648022,12,11.5511211994001,-0.258027087262922,10.8686686041571
0.687587036822242,21.9852745916256,21,22.2925957920848,0.711973548638827,22.2959490622007
0.719638912540156,22.3073749140285,22,22.6532668284244,1.03846783677833,24.9340428172269
0.555804940852641,20.5517276406633,21,20.6782765091888,0.546805658045297,20.5233343212512
-1.45726856758794,3.35250176210275,3,1.58879087615021,-1.22605776685517,4.11845181235852
-1.72109721867826,2.70631559600861,2,0.964014809710734,-1.54920571985889,3.14186153786648
-1.09752071310345,4.60045776302645,5,2.84072146726776,-1.24563032822038,4.04818705143335
0.18002135217249,15.8992747323177,16,15.3707849977911,0.187501845731696,16.0667559837693
-1.12348792915199,4.49004757319776,5,2.72822343960744,-1.0896400514234,4.66140057417535
0.217381326330457,16.3702393523749,15,15.9113006749403,0.0410948243895402,14.2520808834449
0.412589415648634,18.8338985584047,20,18.7283696373342,0.409989037655624,18.8805151464211
-0.464210093643219,8.80304858482548,9,7.30048818477861,-0.570991418335548,7.90697246372785
-0.166286595875396,11.7983665015329,12,10.6646598043011,-0.111046525328597,12.4697858856794
1.35285077554698,26.4824055419599,27,27.2386725548747,1.00334234583605,24.7049241227018
-0.189055174408767,11.5505657570864,11,10.3823354268994,-0.392305467511351,9.51749979852056
-0.0121740410166181,13.5512613187052,14,12.6723537331083,0.164648057978394,15.7787552769133
-0.641007909697869,7.31256766032257,7,5.68007591207141,-0.562310144075177,7.9797359052369
-0.603525566787171,7.60834779688386,7,5.99829739838146,-0.457833624599508,8.90030090904985
1.28351240845462,26.1995573289318,27,26.9318103633435,1.23462488108922,26.0043923260403
-0.725166183106476,6.69001315005669,7,5.01580782582428,-0.467679579397794,8.81012740687344
-1.15506573218237,4.36084490258337,4,2.59693653208949,-1.17332229443721,4.31680728446805
-0.997846923714738,5.06224735985196,5,3.31408427253692,-1.30842357077738,3.83399624117106
-0.648136487065484,7.25759421216007,7,5.62111752256845,-1.28093951342386,3.92571269189519
1.64078256006644,27.3581426505594,28,28.2021620105602,1.71383077880043,27.5284484596122
-0.115654086870903,12.3599156021705,12,11.3061293995336,0.00171968512461362,13.7793577144886
-0.157174306255602,11.8983647539638,11,10.7787286451759,-0.111081027391737,12.4693957337351
0.846380883419991,23.4701993422128,24,23.9476873842844,0.746971717849097,22.6350234662199
-0.509615937029111,8.39771338526075,10,6.85571923179943,-0.391948886764245,9.52093736627689
-0.128082436068339,12.2207480890743,12,11.1469613371961,-0.00444629969963794,13.7060242677599
1.78012265876914,27.6515752435453,28,28.5375425808411,1.52145238258419,27.0591063505054
-1.94706978786527,2.25931379531461,1,0.543814011627413,-1.27382997796612,3.94994342576719
-0.877085684978259,5.71237463802332,6,3.98768657693398,-1.27317314928501,3.95219276420423
0.748157505722852,22.5845915437137,24,22.9629869399117,0.889668252807555,23.8759835556789
-0.989023539555133,5.10623000249131,5,3.35939647847663,-0.554856800887613,8.04267751113016
1.78012265876914,27.6515752435453,28,28.5375425808411,1.64134025570894,27.3691134483562
-1.00431701420688,5.03033024191063,4,3.28122639007608,-1.07517291326802,4.72503241566567
-0.550528250462228,8.04550946503694,9,6.47169744906891,-0.254758607698069,10.9029222154081
-0.206989988086428,11.3574613196434,10,10.1626962979704,0.0185760545168421,13.980804146063
-0.307749365987845,10.307602583811,12,8.97545041887551,-0.442743218750899,9.03982905442484
0.379959622556408,18.4270261694999,17,18.2645842662908,0.513761822192837,20.1384174640276
1.58585494193831,27.2223371276109,27,28.0500994935271,1.7455178423699,27.5922978714296
0.0711926792715494,14.5508155625638,14,13.8212254955684,-0.0828386978066645,12.790956787485
1.33152013789311,26.3988860407796,27,27.1479881230981,1.38693637521992,26.6274775097492
-0.287674345892695,10.5119418334357,10,9.20550779762209,-0.242224827550855,11.0348570249602
0.380841513164728,18.4380729971978,18,18.2771849228683,0.40449441387786,18.812252296455
0.409201497133801,18.7918461881137,19,18.680465862857,0.599301511049994,21.1156691688256
-1.67576018067112,2.80637136270911,2,1.05940915844794,-1.26010845473777,3.99731578429503
-0.912824469248507,5.50883875730755,5,3.77592865861905,-1.07458455786204,4.7276469784268
-0.799905619367089,6.18580451375245,7,4.48328601499585,-0.801704519994087,6.19927630808884
-0.358237404087728,9.8047000056674,10,8.41168721864091,-0.154866301389963,11.9796113607845
-1.04966036755022,4.81438648716052,4,3.05945846633808,-0.565798628021084,7.95042558417982
0.872355705062351,23.6863704038697,23,24.1868532429335,0.982142017008947,24.5606201627781
-0.340510191506874,9.97945861381305,11,8.60718503582972,-0.249593293768799,10.9571825790918
-1.72109721867826,2.70631559600861,2,0.964014809710734,-1.6858530640124,2.81768944592976
-1.50373367614717,3.22626011687175,3,1.46517766260612,-1.75994358689381,2.65754482067762
-0.441184628024778,9.01420828528836,9,7.53334792681313,-0.417998966182079,9.2720238102287
1.50931917342155,27.0107834502698,28,27.8158342133801,1.94552752924163,27.9275607371467
-0.528667566146762,8.23213770870013,8,6.6748977361096,-0.484523244419528,8.65747115994906
0.868236815924618,23.6525920456289,24,24.1495144376484,0.972124649474419,24.4908277698182
1.08916982738358,25.2095356237329,26,25.8574525079506,0.96052602318664,24.4087144417117
1.05245663802898,24.9852175431162,25,25.6130180095331,1.07509380559948,25.1601001617092
-0.826570122746573,6.01689912421477,6,4.3059823948739,-1.23261469832308,4.09471801900398
0.213382891127885,16.3197042424443,16,15.8533264574966,0.432580929355367,19.1596997525609
-1.49817725789958,3.24103649235477,3,1.47960995653126,-1.37313399934918,3.62954341702305
0.689149309463579,22.0012290743117,22,22.3104803252263,0.467728409108896,19.5886119263325
0.9031258278591,23.9327825342996,24,24.4588652173763,1.17382888761811,25.7080920779952
-2.31581939207973,1.67074951598489,0,0,-3.2230503014312,0.753323824760656
0.800066973947359,23.0660621517246,23,23.4992706447728,0.753664530987987,22.6983205123109
-0.475339570680642,8.7023225430467,10,7.18968700759397,-0.620855907845402,7.50063913543114
0.117090024841476,15.1143485436791,15,14.4690396747098,0.0138774559257815,13.9245109172939
0.856452177488888,23.5549072985806,24,24.0414647606812,1.00221532228323,24.6973680967391
0.217140506948089,16.3671949544347,15,15.9078082933122,0.394918472102269,18.6929757645023
0.117970027621276,15.1252339926017,15,14.4815508818486,-0.0646121712568178,13.000793785706
-0.44788186866291,8.95240811197717,10,7.4651164984314,-0.261026553739436,10.8372895867639
0.552882375574472,20.5181220718919,20,20.6402762257692,0.256355743197405,16.9402131352214
1.75004419774349,27.5938353989797,28,28.4706182822977,1.18915826661275,25.7856122652029
-0.0376758995861491,13.2523706231156,13,12.3291166550035,-0.257481805300542,10.8743787819521
0.870626485225387,23.6722122591888,24,24.1712042290893,1.06179531942983,25.0795076750256
1.21122520612688,25.8675528269905,27,26.5719987288576,1.3473988113545,26.4807389019122
2.02813064177537,28.0346642835505,29,29,1.985041690967,27.9820871874566
0.371422062366092,18.319955663408,19,18.1424292599601,0.400282256225405,18.7598334885246
1.0063107703988,24.6845922761662,25,25.2846003530363,1.05762565904921,25.0538917646403
-0.691297544538107,6.93358149438489,7,5.27480446355561,-0.939655980698215,5.38696805143069
2.02813064177537,28.0346642835505,29,29,2.17673729700712,28.2045429175783
-1.06259386097441,4.75519881302054,5,2.99884250398443,-0.650214833555339,7.27083663943863
0.669307798952587,21.7966923602768,21,22.0810515221948,1.01254707635948,24.7661562515432
-0.258956974602889,10.8084739057609,11,9.54029042547703,-0.180774464258218,11.6948749754507
1.61231307898042,27.2893233720622,27,28.1249096170658,1.1871723549291,25.7756787066124
0.61023795734771,21.1640162746288,21,21.369450597142,0.821690000998376,23.3132232668029
0.864176655916101,23.6191110449894,23,24.1124923113712,1.12287056458753,25.4360870101064
1.3561126645657,26.4949139023321,26,27.2522615040872,1.33939642098801,26.4498278939351
0.542733494007782,20.4008783928558,21,20.5076499302115,0.517214925287269,20.1790448808123
-0.505104707370763,8.43731416593034,8,6.89904130322801,-0.863593921101593,5.81627006557111
0.942489128887007,24.2329360319913,25,24.7892959194529,1.13363990325151,25.4954491140849
0.441165084172457,19.1865178532187,19,19.1297614259966,0.28709124179012,17.331245713127
-0.686216158958454,6.97093702172028,7,5.31462750064401,-0.392178244258608,9.51872618096926
-0.744711008269311,6.55374449635207,6,4.87140628342983,-0.671813594240765,7.10632125627177
1.26961138365392,26.1387771574157,26,26.8659337069072,1.20663847300706,25.8716676411061
-0.395114518007903,9.44762644013688,9,8.01368274755165,-0.483918558339367,8.66291611378056
-1.28337854112782,3.88718507178787,4,2.11932690925443,-1.28957333501409,3.89656981877943
-1.17469523036551,4.28320945022187,5,2.51824312958275,-0.904234678877882,5.58137272208528
-0.533392958922821,8.19148994370659,8,6.63058503149043,-0.555820866280403,8.03451186210538
-0.109995727332334,12.4235594517228,13,11.3789576907153,-0.230527464115932,11.1588148925247
-0.427239538263997,9.14388228106075,9,7.67672928624905,-0.550368721587522,8.08078656406873
2.02813064177537,28.0346642835505,29,29,2.59355513178948,28.5206220660686
-1.48865748092521,3.26655071044774,2,1.50455309891023,-1.00327735458831,5.06074279053449
1.65043794529598,27.3807447921965,28,28.2276305069644,1.82554160096374,27.7395190591625
-0.630688675305763,7.39287392415985,7,5.76630835848998,-0.993860299459535,5.10723817819353
-0.818932058518377,6.06469920263217,6,4.35610407545976,-0.498523758416458,8.5321472403776
0.322973602669109,17.7088745297331,18,17.444455073846,-0.0414553618468516,13.269970408777
-1.50108643139316,3.23328948901476,3,1.47204212222331,-2.02807052748416,2.14973955996976
-0.322501096594986,10.1590200369203,9,8.80851560509554,-0.391822315088605,9.52215776401963
-0.0395632239120576,13.2303850852343,12,12.3038785692857,-0.256426859129521,10.8854311168836
-0.231459613142878,11.0969940004653,12,9.86700168025048,-0.552214881773336,8.06509159441494
-0.715637915850922,6.75758345497762,7,5.08754351169621,-0.856901789124516,5.85619478806307
-0.155906363238669,11.9123163632822,12,10.7946493512964,-0.279382856728936,10.6464140223219
0.913752295711158,24.0154672608994,25,24.5499908380677,0.642658852176834,21.58530910066
-0.739592973372542,6.58912476095399,7,4.90886381023972,-0.631661775375432,7.41523488055083
0.287576699590632,17.2601209933901,18,16.9310830400158,0.152422239702227,15.6252558911632
0.130007487934442,15.2744160179906,16,14.6530005450234,0.201668386544181,16.24587930162
-0.0911880865564363,12.6363715507199,13,11.6226390672689,-0.0953520489032932,12.6479416953528
0.6707838105457,21.812049620886,22,22.0982888302982,0.495853253235351,19.926288321444
0.857772375465969,23.5659274617142,24,24.0536592836597,1.14169729868555,25.5391956370344
1.50931917342155,27.0107834502698,28,27.8158342133801,0.915538835160586,24.076758017022
-1.72109721867826,2.70631559600861,2,0.964014809710734,-1.12840693877111,4.49693940779414
0.121932776038251,15.17428748581,15,14.5379290657483,-0.0647275295508099,12.999460043547
-0.400497009277832,9.39625316236697,9,7.95658630645422,-0.537702589726559,8.18917547215318
-0.461465223802318,8.82802575785637,9,7.32799149910741,-0.490788419042266,8.60121219497481
2.02813064177537,28.0346642835505,29,29,2.41453249044862,28.4066028325938
0.933854096938183,24.1685251322183,25,24.7184727318924,0.743505011267478,22.6020412734751
-0.523111619620298,8.28014431690894,9,6.7272724040246,-0.481016946072236,8.68908080270943
-0.181404649830675,11.633500249155,11,10.4767675318065,0.0740174893168786,14.6529233141356
0.751833717510916,22.6196752088516,22,23.0021364393255,1.03755460706348,24.9282406446325
-0.418320255028252,9.22751833583355,9,7.76935714633548,-0.573699490206447,7.88439558056502
-1.00110759291463,5.04612716966805,4,3.29748639833995,-1.23784378279088,4.07593184245846
0.336249712811627,17.876806353463,17,17.6363974693545,0.0969140453416642,14.934464600535
2.02813064177537,28.0346642835505,29,29,1.47046163042386,26.906965103763
0.333806203273256,17.8459198998416,19,17.6011021838391,0.358108578006619,18.2313007531281
0.234321102928695,16.5846042858372,17,16.1571522286085,0.22260563815835,16.5112787567376
1.04062133955151,24.9101300172103,25,25.5310805099977,1.21030475223027,25.889405473545
0.601252948792979,21.0647990668704,22,21.2576091028865,0.640063004888402,21.5577185563182
-0.291703884312826,10.4707296723404,11,9.15906525368094,-0.355531399569796,9.87636096794338
-0.366840780283062,9.72060763124897,11,8.31777781376859,0.111120857307148,15.1102129158681
0.120878638178611,15.1612330964515,15,14.5229256373771,0.019145377284742,13.9876324722643
-0.668921241102016,7.0996638738263,7,5.45206399711991,-0.620721942327061,7.50170391824805
0.629846606933853,21.3778716289958,21,21.6102956115569,0.387612460699877,18.6017238829899
0.160465274879626,15.654061104638,16,15.0891806587619,0.14330009093295,15.5110130130993
-0.305660472863859,10.3287504813159,11,8.99923464092028,-0.220369900018887,11.2670998037492
0.438146775659407,19.1494593686844,20,19.0876023582414,0.484277883377949,19.787955054716
1.47598086132511,26.9096782310237,26,27.7047088189824,1.76110650113017,27.6225067620137
-0.850560210108294,5.8697814156874,7,4.15199181088872,-1.12340761071455,4.51766665769277
-0.47658603778906,8.69109650868959,10,7.17734927139151,-0.493929449331165,8.5731146354766
-0.464409691503139,8.80123440404287,10,7.29849095005666,-0.427288941540918,9.18435806369201
-1.96393140410669,2.22895757299868,1,0.515595146820531,-2.40716025364304,1.57690524374761
0.323435886085204,17.7147266158701,18,17.4511454921,0.287469904043273,17.33606193351
0.0273071489325744,14.0204944085402,15,13.2115640294788,-0.214205862189532,11.3331024396901
-0.584974837902674,7.75887211810922,9,6.16088800497302,-0.715191599111505,6.78768078427183
1.38094868457861,26.587919726666,27,27.3533767942212,1.71634746098073,27.5336426645338
-1.94706978786527,2.25931379531461,1,0.543814011627413,-2.37115546545394,1.62526889875877
0.956699756867322,24.3372027845434,24,24.9038435536663,0.768124586316389,22.8333698081316
1.31177285138345,26.3188392491464,26,27.0611415414374,1.24484432583413,26.0513470797643
0.821551161575545,23.2565203211465,23,23.7108011290074,0.894265589450864,23.9121961360413
-1.06467487882624,4.74577227873033,4,2.98919531870884,-1.58950667489806,3.04197048594015
-0.522380928375721,8.28647510318649,7,6.73418241559104,-0.682865146725871,7.02364490718616
1.76874715879188,27.6300730199637,28,28.5125569126859,1.95130460301501,27.935744036974
-0.464148362518853,8.80360972714998,9,7.30110595908889,-0.431910198972372,9.14096795091323
0.271280264709961,17.0533032069424,19,16.6942730747266,0.254163147292951,16.9123217969662
-0.435206011493988,9.06963926294709,10,7.59460322845749,-0.333697798599535,10.0935000119731
0.96678709520188,24.4099167530873,23,24.9836545226206,0.637785066333586,21.5334505708411
-0.43646891680927,9.05790967040505,10,7.5816367800114,-0.660335141347853,7.19326898143462
0.0942869724777204,14.8333074683683,16,14.1459890500927,0.0507713469149654,14.3693864115666
-0.744977768844203,6.55190631292027,6,4.86946083314008,-0.650873434916563,7.26576294349206
-1.67576018067112,2.80637136270911,2,1.05940915844794,-2.28643646373534,1.74376204758208
-1.61970791200457,2.93576824524792,2,1.18353096435058,-1.29079229059894,3.89248003900503
1.02552434094558,24.8123433554403,25,25.4242822786332,0.993981373643257,24.6417729960464
0.969843691218075,24.4317384764475,25,25.0075944160035,0.818439176843041,23.285019354636
0.312781130346936,17.5797764544874,17,17.2968341961531,0.355876635591669,18.2031684393142
-2.31581939207973,1.67074951598489,0,0,-1.01630912022851,4.99739214337581
0.691257080540365,22.0227133752943,23,22.3345604781182,0.700398617439105,22.1808492570187
-0.348415499411829,9.9012804412983,10,8.5196735428383,-0.243607466314489,11.0202577903802
-0.0907840514543812,12.640964584527,13,11.6279008695169,-0.169093350648568,11.8227826473435
-1.25199079814528,3.99601594852598,4,2.22850782887338,-0.965557453422252,5.25068427289341
2.02813064177537,28.0346642835505,29,29,3.16837858947854,28.7519975642419
0.291301609709881,17.307386547565,18,16.9851847424316,0.295233147578868,17.4347833806572
1.05675125746136,25.0121260321193,25,25.6423667632231,1.06086471385513,25.0738050069489
-0.555354171204473,8.00479992782109,9,6.42745998420097,-0.574329540549319,7.87915121755535
0.537766041122547,20.3431893488607,20,20.4423636902128,0.330458108614449,17.8819097484302
-1.2475278047197,4.01183937169549,4,2.24441161525888,-1.14224994789309,4.44026755431695
-1.09387463511149,4.61627177102651,4,2.85685693332058,-0.987021390891123,5.14138641199923
0.602752758689462,21.0814133780794,21,21.2763418365881,0.437271290290828,19.2173397846221
-0.966841528362758,5.21916782450276,5,3.47592285554482,-0.893412479028432,5.64266815432606
-0.721883552675753,6.71320786946337,6,5.04042246904525,-0.705600319644184,6.856777047692
-1.53861065874167,3.13539490582787,3,1.3766477734861,-1.2007355972624,4.21200439869569
0.00483919677623472,13.7525134956516,13,12.9035768098217,-0.29497488302581,10.485860177817
0.766713864340069,22.7601525670415,21,23.1587829724001,0.857616656419309,23.6170450397058
-0.431508967484102,9.10403958074028,10,7.63264449827716,-0.435203154259796,9.11013885049854
-0.594376591719722,7.68224511667184,8,6.07806420639602,-0.719641806483694,6.75588354331448
-0.527660070122991,8.24082588610117,9,6.68437326314074,-0.201042508488822,11.4747838260009
-0.335415975535545,10.0300454045326,10,8.66385835699121,-0.287546577597565,10.562168943748
-0.31162431838657,10.2684435049829,10,8.93142550874782,-0.206794338066039,11.4127525869532
-1.05679439740918,4.7816102036708,5,3.02588213470926,-0.987359574379963,5.13969017395943
-2.02265203188019,2.12608417004804,1,0.420200798083321,-1.28028820509785,3.92792367307415
-0.799962958213416,6.18543516381407,6,4.48289770760978,-0.764371376844644,6.44551885537733
-0.0869713532002474,12.6843509044692,13,11.6776094248648,-0.0277224724333815,13.4309456435142
1.64078256006644,27.3581426505594,28,28.2021620105602,1.46336216553707,26.8847191265995
-1.2914980166892,3.85971251530434,4,2.09182359492564,-1.3010291790644,3.8583719415915
2.02813064177537,28.0346642835505,29,29,1.18848892600386,25.7822678194815
0.296611953363084,17.3747590620973,17,17.0622895579648,0.208969677027669,16.3383487433425
0.200665290323619,16.1591602942544,16,15.6691100440409,0.358796533061952,18.239969213094
-1.08577307316587,4.65169038567457,5,2.89301552427017,-1.088655224402,4.66569241035515
0.234311001794456,16.5844763468816,18,16.157005532029,0.265468358701866,17.0561486054875
-0.555611032577301,8.00263815265114,8,6.4251117423214,-0.565804591131862,7.95037556360527
0.805255073358894,23.1125284047929,23,23.5509108886557,1.02573604209363,24.8524122297623
1.57245174820549,27.1872430856047,28,28.0110420479103,1.64923975201906,27.3874268793378
0.117013632544123,15.1134037217827,15,14.4679537366114,0.0552084622240249,14.4233200948001
-1.94706978786527,2.25931379531461,1,0.543814011627413,-1.27142793672683,3.95817819661234
-0.732032474484593,6.64178302871772,7,4.96465834754216,-0.484563642960949,8.65710748189738
-0.0968116248255031,12.5725364603326,13,11.5495199755774,-0.195741250611706,11.5321237242368
-1.0747620044296,4.70045552555591,4,2.94284426600557,-0.905098504124905,5.57651889905293
-1.2597732714751,3.9686342979759,4,2.20100451454458,-1.5572615475715,3.12158460983512
-0.637439240672593,7.34024254398401,6,5.70977899691776,-0.383790269949392,9.59981696636624
-0.797207155102962,6.2032168119004,6,4.50159497784398,-1.15792834980962,4.37733585147844
-0.0830595520302857,12.7289473644688,12,11.7287136357314,0.443224696790122,19.2903308386286
-0.920146567325145,5.46832500593891,5,3.73387252526425,-0.528272799606024,8.27066748798029
-0.0205874238272972,13.4522818250639,15,12.5586641897312,0.0853883073213265,14.7924701707325
0.524041580437408,20.1827963584663,21,20.2607524109744,0.356054202987828,18.2054070754953
-0.216790170279851,11.2527259946125,12,10.043714972303,0.0302709576174839,14.1213860096879
-1.63216981179954,2.90642724988376,2,1.1553120995437,-1.7566989609694,2.66435374733015
0.184331353075617,15.9534517987489,16,15.4329868388891,0.132081275114551,15.3708753866119
-0.953824313642541,5.28704864143359,5,3.5460803507399,-0.774451777942834,6.37788767727521
-0.841312527865115,5.92595284339618,6,4.21073887224643,-0.601831189274417,7.65331038412324
-1.42750577122962,3.43670742096631,3,1.67162279684232,-1.68466624502042,2.82033726357246
-1.47000737222545,3.31727582351893,3,1.55422831987201,-1.14286576246058,4.43777081510021
-0.782886030875747,6.29661372958364,7,4.59990021532835,-0.937073489875402,5.40082473444812
0.595847416270529,21.0047454170415,21,21.1898835439875,0.784727196645603,22.9855436787982
2.02813064177537,28.0346642835505,29,29,1.22149604924371,25.9428922763335
0.726355894492716,22.3734696792708,23,22.7271709042314,1.01684741379726,24.7944712642795
0.205909131341418,16.2253203850792,17,15.7450326590514,0.374617827652267,18.4389310029394
-0.721525340496655,6.71574431880703,7,5.04311482234414,-0.339077775536647,10.0397179260881
-1.22302590954413,4.10031752828662,2,2.33347158862921,-1.13712116567322,4.46114165712819
-0.715772768437571,6.75662193341405,8,5.08652209973018,-0.832376998516806,6.00557495290284
0.67654691047961,21.8717950236662,23,22.165331369987,0.786107910517469,22.9980596248233
0.34344499619924,17.9676912411937,18,17.7402362792563,0.309462997424251,17.6156042921136
0.382759678759038,18.4620917445937,17,18.3045804872,0.309006382153915,17.6098053991533
-0.054366798545886,13.0585897485109,13,12.1067200897544,0.0822232911401767,14.7535732710031
-0.0985170523350369,12.5532117140554,12,11.5273887070366,-0.0119965640257211,13.6164899580208
1.04094841165062,24.9122235571865,24,25.5333658511016,0.873658586828117,23.7480639838961
-0.289366159968983,10.4946268209913,10,9.18599264863274,-0.422754570189921,9.2270739357158
1.00915228907342,24.7037207335712,26,25.305526751275,0.692131622398973,22.097753864524
0.65362521131567,21.6321340300972,21,21.8962379551151,0.715514042562838,22.3308635499508
-1.67576018067112,2.80637136270911,2,1.05940915844794,-1.36850935104305,3.64365027338237
-1.94706978786527,2.25931379531461,1,0.543814011627413,-2.49156446016753,1.46800487082251
0.362481245146018,18.2075975866053,18,18.0141953439147,0.412023407419117,18.9057550625936
1.31364686133385,26.326550557528,26,27.0695055672481,1.23979369778401,26.0282406460249
0.256914066799452,16.8710131710042,19,16.4854440143087,0.195408487988236,16.1666779793904
1.42440039701572,26.7415006729961,26,27.5207177758248,1.25628190838081,26.10296277491
0.695439957691528,22.0652091930291,21,22.3821801553953,0.914992919775889,24.0725965094764
1.10864680979484,25.3233846312345,25,25.9813230523421,1.40077238480535,26.6765529389355
-0.863566779130131,5.7919140375727,6,4.07065305122048,-0.748803245026444,6.55163751563177
0.914400324382022,24.0204697628989,25,24.5555015888889,1.09759483359195,25.2926851059464
1.58585494193831,27.2223371276109,27,28.0500994935271,1.69595183735515,27.4909176811748
-0.195975497687784,11.4758355253898,11,10.2972963352244,-0.347476327747316,9.9561215879432
0.762606998524326,22.7216269830646,23,23.1158408214319,0.386994059983156,18.5939906369456
1.43194324955295,26.7670247715823,27,27.5485846287514,1.06981416517469,25.1283046739829
1.16250625287827,25.6203718040716,26,26.3039328312824,1.39818016387422,26.6674458505804
0.0147744270614177,13.8707083800509,13,13.0394052300303,-0.171819671674406,11.7928603193048
-1.04976674117697,4.81389542734605,4,3.05895525411319,-1.45836396543267,3.38215396996067
0.817930935813793,23.2247891127198,24,23.6755841504634,0.648869637381963,21.651042526366
-1.29809429636411,3.83759356209214,3,2.06969727775739,-1.08061979732837,4.70092707585957
-0.352883397585169,9.85727079638794,10,8.4704492757736,-0.224857349882965,11.219187595752
-0.919159657149461,5.47376244714575,6,3.73951515056277,-1.16783436946919,4.33824452339804
0.150989667442976,15.5356366399196,15,14.9531440852135,0.0596065628481431,14.4768674977059
-0.656868941261203,7.19081367816249,7,5.54957473263186,-0.803264261218267,6.18923998832778
-1.49817725789958,3.24103649235477,3,1.47960995653126,-1.57149650146072,3.08613682766924
0.684639405406484,21.9551020199531,22,22.2587677448489,0.96123283454805,24.4137586315312
-0.198832997851792,11.4450585226883,11,10.2622882564166,-0.530618160998998,8.25033570848544
0.0743172991630653,14.5889042538085,15,13.8650150101585,0.241814275744121,16.7552851901755
0.191351970019117,16.0417962283614,16,15.5344042218249,0.203485724440087,16.2688865865353
0.298429134587856,17.3978101149011,18,17.088667188904,0.472329770874913,19.6442154203005
1.57245174820549,27.1872430856047,28,28.0110420479103,1.20038465642876,25.8411631951266
-1.50108643139316,3.23328948901476,3,1.47204212222331,-2.17333754103751,1.91277469731087
0.908496516098979,23.9747259516288,24,24.5050999057532,0.968929541604606,24.4683479245135
-1.67576018067112,2.80637136270911,2,1.05940915844794,-2.78873164161441,1.13105391302775
1.71447721055607,27.5217609868629,28,28.3877863616056,1.61309269788098,27.3016063415927
0.445522702373768,19.2399368246979,18,19.1905221155268,0.136788115785628,15.4296196280244
1.64078256006644,27.3581426505594,28,28.2021620105602,1.53858448789598,27.1073418524112
1.21769465299884,25.898914564512,26,26.6059917045536,0.890200612603987,23.8801887453902
-1.08776586489499,4.64294224796549,6,2.88408205716778,-0.956732609962863,5.29657131440189
-0.467802035789838,8.77044392271771,7,7.26460253053259,-0.404762705925373,9.39793417973434
-1.13530512620222,4.44105988163414,5,2.67839898422393,-1.00636656548186,5.04562184538226
0.0879810775204686,14.755952279638,15,14.0570615132944,0.101385402480526,14.9896940568744
0.584444112538072,20.877180264267,21,21.0459464288432,0.440847588821347,19.2612098320213
0.433910080435432,19.097363728725,20,19.0283263280647,0.182174282888569,15.9995050856608
-0.486360518115644,8.60345140810028,10,7.08110244053061,-0.461287309279534,8.86859239523575
1.06131953926661,25.0405529264464,24,25.6733634157883,0.931907787446491,24.2000448673533
-0.620767801123864,7.47088808118564,7,5.85019870677281,-0.854601627411481,5.86999978815611
0.767889485054735,22.7711462575429,22,23.1710344872907,0.417292519899476,18.9710390002957
1.09350099579021,25.2351569869806,25,25.8853397806282,1.14107366817927,25.5358299503596
-0.216013916025641,11.2610016116981,10,10.0531123539583,-0.106221193976881,12.5244159476276
-0.390560045211672,9.49124627981888,11,8.06219533311001,-0.458232260113867,8.89663671125915
0.107649980833696,14.9977592579735,16,14.3350305376907,0.0429802827005475,14.2749036434868
0.874209539303382,23.7015120326743,22,24.203586923736,0.59365093207873,21.0531179620835
-0.583133314071573,7.7739623838344,9,6.17721184850775,-0.73260488043754,6.66420893060617
-0.139344226690012,12.0953867389426,13,11.0036871577642,0.0881283346587196,14.8261776379368
-0.876162778822179,5.7177596831932,4,3.99329985341979,-1.30706244351457,3.83846691663593
1.00215366126417,24.6564594415037,24,25.2538158180418,1.35961437377155,26.52712654474
2.02813064177537,28.0346642835505,29,29,2.36037327034882,28.3663241363509
-1.04740262401923,4.82482585780043,4,3.07015737352091,-1.19602235287583,4.22975764438057
-0.723959258520477,6.69853085569327,7,5.02484576026522,-1.0559937481955,4.81135866960411
-2.31581939207973,1.67074951598489,0,0,-2.67128715271091,1.2559415574012
-0.626597236328639,7.42495175730885,7,5.80078815479555,-1.00328576041558,5.0607015582054
-0.488818116658741,8.58152314973852,8,7.0570437080347,-0.514588246939631,8.39012649647064
-1.3188175693115,3.7692424793681,4,2.00142383992558,-1.80136090414628,2.57217617018031
-0.966144101608979,5.22277432194848,5,3.47964805973107,-1.19128636487968,4.24770648539681
-1.72109721867826,2.70631559600861,2,0.964014809710734,-1.06142956452427,4.78666036530855
0.198520510943274,16.132116069208,16,15.6380723978609,0.177453189206674,15.9399651759907
-0.765531468946661,6.4120296627626,8,4.72161195803759,-0.623484476267652,7.47977639645263
1.22822480281804,25.9492500573549,26,26.660545035784,1.26082497962196,26.12319393498
0.0830008081961344,14.6949744631043,15,13.9869594861992,0.0828040554175314,14.7607075246074
0.244772755329265,16.7170425251083,17,16.3089848601067,0.387303235298979,18.5978571269728
1.17689796524731,25.6954494470166,26,26.3853875025687,0.807551782429829,23.1896976034101
0.779260944651268,22.8766903390539,24,23.2885973728992,0.543861480848813,20.4893981379977
-0.212611707031633,11.2973136135933,11,10.0943543935295,-0.322896308786072,10.2020216694616
-1.49817725789958,3.24103649235477,3,1.47960995653126,-1.25430264379575,4.01760468987131
1.39647642871537,26.6441088602409,27,27.4145397562332,1.76011729681162,27.6206127013671
-0.189748397577785,11.5430675038686,12,10.3738005812252,-0.0906481359565,12.7016021481643
-1.05523546392518,4.78874535483476,6,3.0331895312256,-1.22491441199431,4.12261070678669
1.78012265876914,27.6515752435453,28,28.5375425808411,1.36331023959634,26.5409737612637
1.07207987346005,25.1067168187319,25,25.7454762341362,1.19443394468665,25.8118449568591
0.736453100501241,22.4718980340773,22,22.8371600977121,1.47357554572663,26.9166382189882
0.182919137159319,15.9356951287505,15,15.4126006713862,0.00484454935450953,13.8165954906795
0.201310035883938,16.1672919350382,16,15.6784421090882,0.275261501793335,17.1807528991746
0.981906075678515,24.5169002770371,24,25.1009711328975,0.983187551563593,24.5678447552633
-0.224808440441496,11.1674481989331,12,9.94691743139403,-0.131469834305112,12.2399934045058
0.479362409722735,19.6511430580669,20,19.6578083729648,0.692639843963908,22.10288350661
-1.07779100343256,4.68696827415002,4,2.92905769512384,-1.58835777262879,3.04476560666514
0.86602322168083,23.6343609421274,24,24.1293565980914,1.04510169699247,24.9759463321944
0.421179443101368,18.9402989885538,20,18.8495424715798,0.432901530476322,19.1636433288635
-0.315291098923822,10.2314731159846,10,8.88988022955865,-0.507122632091668,8.45588925159508
0.697195755585163,22.0829916186515,22,22.4021024153918,0.769876971981862,22.8495773572883
0.546177153584647,20.440754848435,20,20.5527669612611,0.510981554617004,20.1056405094004
-0.167065602922028,11.7898394952857,12,10.6549365331692,-0.00961172444284659,13.6447390135724
0.829327249719831,23.3241813816064,24,23.7858611182087,1.01665888503219,24.7932338009884
0.447021350770363,19.2582852068385,19,19.2113893123253,0.584252152184398,20.9484120100518
0.2341448412892,16.5823718083618,16,16.154592432956,0.513888570810302,20.1399103278144
-0.0570969869186498,13.0270330405832,13,12.0705152745652,0.187210731016926,16.0630795272807
-1.49290251443819,3.25514238209168,3,1.493396527413,-2.20314993054127,1.86697243671504
1.23310993305582,25.9723054656491,26,26.6855307039392,1.0533953406796,25.0277327798721
-1.49817725789958,3.24103649235477,3,1.47960995653126,-1.35199056812533,3.69465454623013
-1.96393140410669,2.22895757299868,1,0.515595146820531,-1.72401368816848,2.73396662778996
-0.861840064913406,5.80217541450522,7,4.08136530265416,-0.498854363736884,8.52920521997836
1.58585494193831,27.2223371276109,27,28.0500994935271,2.36986171591353,28.3735994310316
-0.953432952381427,5.2891081129462,5,3.54821029248734,-0.78556478690002,6.30431001205446
1.38094868457861,26.587919726666,27,27.3533767942212,1.33419786070148,26.4295226724899
-0.553774569769311,8.01810516644498,8,6.44191482687081,-0.577615354692993,7.85185184905324
-1.45726856758794,3.35250176210275,3,1.58879087615021,-1.49896767014676,3.27200772533845
-0.6408210069868,7.31401452975832,8,5.6816284513643,-0.520725513816619,8.33637696484417
-1.47514268096997,3.30320939325569,3,1.54044174899028,-1.35870263388997,3.6738128025203
-1.0731368178302,4.70771487447905,4,2.9502663420288,-0.736675276553647,6.63571432070993
0.919204043482756,24.0574100784309,23,24.5961863762964,0.876480849520636,23.7708194323538
-0.300534205392518,10.3807617339081,11,9.05775487679275,-0.374887818661008,9.68638276501878
-0.473885546690945,8.715431929492,9,7.20409745019713,-0.311059656683683,10.3217684028393
0.771723116711643,22.8068891364373,23,23.2108591417576,0.907883144615443,24.0181037381216
1.01373000609344,24.7343645662272,25,25.3390424125731,1.37322874203532,26.5777104215025
0.944980116629728,24.2513685354937,24,24.8095548298284,0.900916164290832,23.9641723527265
-1.46720161052926,3.32499356296973,3,1.56179615417996,-0.872764109252451,5.76213835167825
-1.33267862060833,3.72446417128993,2,1.95678088223115,-0.789062365311328,6.28136542366692
-1.29374764641198,3.85214895745965,4,2.08425576061769,-1.41159638152193,3.51502847722199
-0.505723989993803,8.43186906151219,10,6.89308281553801,-0.287845560403343,10.5590911799705
0.319180931354094,17.6608517314991,18,17.389548503087,0.399971479907633,18.7559630117525
0.348703797002133,18.0340495623928,18,17.816034332498,0.333442002120165,17.9196966378116
-0.823967292720182,6.03313564297722,7,4.32300263212524,-0.86005245641877,5.83735375956492
-1.96393140410669,2.22895757299868,1,0.515595146820531,-2.60175889993756,1.33488655223193
1.45966650597985,26.8580725153166,28,27.6481495203291,1.82380750983347,27.7365277973489
1.78012265876914,27.6515752435453,28,28.5375425808411,1.87073082015756,27.8145940803571
0.768865905716297,22.780265454654,22,23.1811961994944,0.541475168058415,20.4618391635114
-0.513850222614417,8.36068040147282,9,6.81523233951993,-0.460958557306232,8.87160706024304
0.393051901709745,18.5907540240006,18,18.4512933247746,0.219961268441768,16.4777216537815
0.706518674552757,22.176859791531,21,22.5072241241949,0.455545486598958,19.4407556351937
-0.113437778057765,12.384822994134,14,11.3346284408264,0.176989124886845,15.9341155523216
-1.0731368178302,4.70771487447905,4,2.9502663420288,-0.859800207934431,5.83885929640811
1.78012265876914,27.6515752435453,28,28.5375425808411,0.803157810742572,23.1508504671053
-0.0966408646554915,12.5744722777129,14,11.5517370349199,-0.057591101480122,13.0821043356656
0.112004178822793,15.0514940555001,14,14.3967955098058,0.270604849294855,17.1215036877841
-1.63216981179954,2.90642724988376,2,1.1553120995437,-1.11896675416702,4.5361960179645
-0.195959119094979,11.4760120679355,11,10.297497172725,-0.195448848560729,11.5352911067952
0.0411921100952617,14.1873217173343,15,13.4033351497356,0.241144828689435,16.7467750858484
0.0856392679311099,14.7272665996044,17,14.0240837314147,0.227354769278429,16.5715683931261
0.764939156109078,22.7435274430499,22,23.1402536094745,0.669307188942012,21.8645325872477
-0.904316664201801,5.5564155467266,6,3.82535672496304,-0.908753997605688,5.55604184614199
-0.686328896229531,6.97010594417798,6,5.31374123318669,-0.846599333223811,5.91835748382292
1.64078256006644,27.3581426505594,28,28.2021620105602,1.42272946677755,26.7521092065856
-1.73490214885132,2.67661510379965,2,0.935795944903851,-2.7617496852272,1.15882796142186
-0.0408320375842576,13.2156151368759,12,12.2869243617385,-0.0554126417352524,13.1073867235843
0.213483357343026,16.3209736770005,16,15.8547828353854,0.204029140672917,16.2757673510736
1.29283615850652,26.2395383527714,27,26.9751512129184,1.5404610520707,27.1125407855928
-1.49817725789958,3.24103649235477,3,1.47960995653126,-1.60191491276388,3.01197330105576
-0.662377673644105,7.14900508850646,7,5.50482856872917,-0.818387180154532,6.09296767848793
-1.53861065874167,3.13539490582787,3,1.3766477734861,-1.16438747409475,4.35178861371691
-0.64535331984443,7.27900820181141,7,5.64407683743096,-0.866480314458351,5.79915990612928
-1.02427213941677,4.93364785712564,5,3.18181895422498,-0.936628594856217,5.40321684893788
-1.94706978786527,2.25931379531461,1,0.543814011627413,-2.11266761930395,2.00888402940521
0.51626635974702,20.0912937972951,19,20.157083219221,0.631316547265538,21.4642523940627
-0.30324419643167,10.3532460956203,10,9.02679133101657,-0.0489391872776944,13.1826649168333
-0.682753337679878,6.99651499348376,7,5.34191057348053,-0.350792498350664,9.92323555476467
1.30009502306804,26.2702348245338,27,27.008432567606,1.0856508825444,25.2228926704695
0.363067821958268,18.2149757962388,18,18.0226175104857,0.103959564087427,15.0215251731734
0.662282204661583,21.7232849482751,22,21.9986331781908,0.785665159709388,22.9940484909242
-1.0662253519645,4.73876629664211,5,2.98202656763307,-0.576598849662697,7.86028810813504
-0.274943126149705,10.6427937512714,12,9.3531074930158,-0.455189344130702,8.92463507272274
-0.12073108782846,12.3029617354873,12,11.2409763212653,-0.0600056719841823,13.0541114651528
-2.31581939207973,1.67074951598489,0,0,-2.20320059540568,1.86689537677023
0.940295372016334,24.2166479850888,24,24.7713907640568,0.751544773522837,22.6783269601804
-1.06278620178796,4.75432643466676,5,2.99794962632323,-0.699938055178439,6.89793087049517
0.637312288748452,21.4583088575194,22,21.7008040519896,0.562022990564971,20.6975632427197
-1.46213974664027,3.33897534496794,3,1.57551289762702,-0.807456475807956,6.16236409940259
0.175819515913162,15.8465019263515,15,15.3101898952607,-0.0614298995806041,13.0376146288284
-1.18023271057118,4.26166787588997,5,2.49643476154759,-1.33568634437167,3.7459641050436
-0.129145982132923,12.2088788664359,12,11.1333917995489,-0.108901332954982,12.494056819564
0.630467733358752,21.3845847588495,22,21.6178509718139,0.423114510693398,19.0430198359245
0.731758129712443,22.4262700182353,23,22.7861831909557,0.774557566794386,22.8926988932381
-0.978782956076366,5.15794510903494,5,3.41272376118768,-1.17768800496114,4.29986403007747
-1.19802438460412,4.193499046598,3,2.42750030457198,-1.18702410503888,4.26395497707593
0.800386744696925,23.0689348368843,24,23.5024638118168,0.640462071528991,21.561964584964
0.269144913061832,17.0262039586218,16,16.6632345723177,0.493846841641178,19.9023773545892
0.0266202757875109,14.0122654852746,15,13.2021053522814,0.00711452641221055,13.8436765558666
-1.35316681817283,3.65960731656454,4,1.89224292030663,-1.12792866897568,4.49891628719608
1.42517601599606,26.7441404021423,27,27.5235989605962,1.82836673188449,27.7443744108711
0.958028285261823,24.3468408557069,24,24.9144257535596,1.06923815351155,25.1248198317155
1.16662905276928,25.6420593121664,26,26.3274660049561,0.896431312361094,23.929175004987
0.808390347800593,23.1404627561247,23,23.5819455464204,0.820886163292419,23.3062602591098
-0.435492546671823,9.06697702396794,9,7.59166005700124,-0.417964656009997,9.27234866500493
0.0151656109812313,13.875372080277,14,13.0447651149401,0.328169313612967,17.8529137651317
-0.328731251081201,10.096672787164,11,8.73855801982934,-0.581024177580391,7.82362081914559
-0.213412608148749,11.2887595109816,10,10.084637753624,-0.0872664634035747,12.7402539027334
-1.33730217558641,3.70969096152107,4,1.94206737569014,-1.47238586664684,3.34359023759319
-1.17883751959147,4.2670806704247,3,2.50191348443901,-1.18703317390123,4.26392030885538
-1.09995001637164,4.58996431891667,4,2.83001778290862,-1.43587482539025,3.44521301165071
-1.13592554477714,4.4385092375729,4,2.67580631199233,-0.87695677736928,5.73760998740421
-0.33805406449473,10.0038282124688,10,8.6344821546481,-0.335764511600201,10.0728183524731
-0.174376520246089,11.7099821033119,11,10.5639037893389,-0.1320485564594,12.2335157605048
-1.3233103552409,3.75464734832718,3,1.98686535706529,-1.61324471328282,2.98488302819596
-0.0752356160048437,12.8183936758535,13,11.8312393071098,-0.367662892497859,9.75701299979069
0.394122608452253,18.6041172463293,17,18.4665276021377,0.262768215048204,17.0217938851539
0.656090320261816,21.6581675705223,21,21.925489162273,0.504465321417245,20.0285932413453
-1.56819217703136,3.06076427616562,2,1.30422464811996,-1.24538094798595,4.04907141627364
1.06244002124701,25.0474945210526,24,25.6809312500962,0.986950140598563,24.5937509300271
0.827957681758678,23.3123136550561,23,23.7726989709385,0.979705129390372,24.5437376127961
0.498466415338834,19.8801612828158,20,19.9177113394144,0.389644022040511,18.6271188201839
0.171153311960799,15.7879505063088,16,15.242953446542,-0.1530721391061,11.9994699870731
-0.23569255038264,11.0522900563118,12,9.81632108844484,0.0116300587251933,13.8976236106653
1.65043794529598,27.3807447921965,28,28.2276305069644,1.499075643861,26.9939580161345
0.461740256556746,19.4378373935043,19,19.4155097961088,0.185656323550195,16.0434522848827
0.307260091887972,17.5097976860992,17,17.216792063192,0.340172431983997,18.0048613754347
-1.08280622348082,4.66475830257306,4,2.90636339801673,-0.801857101334633,6.19829362186394
0.587310336385292,20.9093547925508,21,21.0822598620544,1.01685591961751,24.7945270863238
0.995506462463605,24.6111080678635,25,25.2041711533596,1.02215906022077,24.8291900229041
-0.870515476622119,5.75085416676847,6,4.02780905407476,-0.965957465044528,5.2486175350729
0.714545263355656,22.2569265148618,21,22.5968331814166,0.764476322843967,22.7995173397436
-0.7834157766459,6.29312927007819,7,4.59622964432605,-1.30295808363717,3.85199230625833
-1.18627917278606,4.23832358365474,4,2.47281472618685,-1.10375173707034,4.60053088694708
0.018347532926133,13.91333484022,15,13.0883958970641,-0.140736153679238,12.1365003956323
-0.191698138599522,11.5219928744993,12,10.3498151411602,-0.38956980614925,9.54389392832804
-1.17171127282759,4.29488238910852,3,2.53006554394548,-1.03048783305102,4.92975131147187
-0.178693250677811,11.6629730232184,12,10.51034031097,-0.358024701130738,9.85175570888049
1.25187585935409,26.0591537877687,27,26.7796456937577,0.595419474577969,21.0727279118834
-0.181275524736578,11.6349028816089,11,10.4783651218204,-0.355220431093242,9.87943253955381
-1.10524214510614,4.56722338664698,5,2.80682966367338,-1.22021891926001,4.13975419842675
0.297248658310199,17.3828359333229,17,17.071532221119,0.0857175343294609,14.7965186413419
-0.388872705450164,9.50744122999901,9,8.08021458146453,-0.663664920782472,7.16793350044033
-1.10909624213511,4.55076349415701,5,2.79005334122501,-1.0565616915401,4.80876949792052
0.686805380889888,21.9772823460572,24,22.2836359582882,0.753882960466749,22.7003778929175
-0.309694638149439,10.2879327433638,11,8.95333386974281,-0.0252832322428151,13.4596414024879
-0.94829851574018,5.31622871643601,5,3.57626655130491,-0.501983451816344,8.50139969968634
-0.170691847356071,11.7501919611996,12,10.6097343093727,-0.0374466191315502,13.3168579088793
-1.49817725789958,3.24103649235477,3,1.47960995653126,-1.85446785101656,2.46671168219851
-1.43750202986749,3.40812200723581,3,1.64347073733585,-1.38673177985885,3.5884922412857
-1.67576018067112,2.80637136270911,2,1.05940915844794,-1.37553040596686,3.62226271752502
-0.42002134968801,9.21152553659617,10,7.75163587826563,-0.232484995046271,11.1380153327878
0.181652005459909,15.919766820406,16,15.3943130835784,0.407521621097912,18.849877528826
0.073702155833616,14.5814024069548,14,13.8563903592892,0.244191653472717,16.7855096130142
-1.49290251443819,3.25514238209168,3,1.493396527413,-1.35226618975371,3.69379551566294
-0.404981843345862,9.35359454521851,9,7.90920790222268,-0.33955630540925,10.0349429395846
-1.5217911896004,3.178814980486,3,1.41890439456166,-1.52157831636333,3.21262681946477
-0.554405051561256,8.01279222116,8,6.4361424296214,-0.596108635785659,7.69980529769507
0.409067857104216,18.7901863988344,19,18.6785749720455,0.412017867827409,18.905686359831
1.18996055489181,25.7620842033427,26,26.4576554674515,1.18980576318646,25.7888440799484
1.44659221519462,26.8156692051246,26,27.6017466359373,1.56459600575254,27.1779548325746
0.524696717347267,20.1904856157811,20,20.2694620452663,0.423592604774711,19.0489234729666
1.09059619412456,25.2179927610598,26,25.8666582741852,1.23987636148425,26.0286203894889
0.340658866783599,17.932511101742,17,17.7000453085802,0.132085795728263,15.3709317709729
2.02813064177537,28.0346642835505,29,29,1.72419663233947,27.5497044363001
1.30219717272357,26.2790547861712,27,27.0179962239403,1.45858966692961,26.8696132540841
-0.251001958725224,10.8914851998321,11,9.63419543605252,0.227943549175294,16.5790448346653
-0.191109683248852,11.528351156934,13,10.3570512126375,-0.121667584629777,12.3499938096438
0.410434169551006,18.8071522759046,19,18.6979025681645,0.384447976746729,18.5621362105962
0.24961186768162,16.7783967239877,18,16.3793080324502,0.106184075296215,15.0490532822986
0.763129896896981,22.7265425937154,23,23.1213207105609,0.75350861902462,22.6968516569538
0.218384407715272,16.3829211442351,16,15.9258483554455,0.327985407365571,17.8505834959494
-1.46187651934381,3.33970448685537,3,1.57622844810511,-2.13594626282387,1.97153892269276
0.105657235249352,14.9731911615617,15,14.3067901508855,-0.0093248507352348,13.6481390667518
0.715570233679233,22.2671006228517,21,22.6082160578258,1.06035341909934,25.0706683151968
1.76874715879188,27.6300730199637,28,28.5125569126859,1.77346908646077,27.6459205874577
0.94073946328609,24.2199494005474,25,24.7750201919283,0.870117072557418,23.7193847487619
-0.325554791514056,10.1284305532482,11,8.774185469897,-0.0975647320490497,12.6227422568047
-0.681843627547078,7.0032508149554,8,5.34909752772286,-0.528138026533015,8.27183709467016
0.131489845380128,15.2928225256865,16,14.67415270186,0.124611337152833,15.2778006538905
1.10664808888857,25.3118627489977,25,25.968792398004,1.88914821645755,27.8436660654473
-0.121336444258661,12.2961803867732,12,11.2332199915715,-0.022415123077597,13.4934220596143
-1.46466464148444,3.3319917300113,3,1.56866061379716,-1.51130858020576,3.23943007207996
-1.06467487882624,4.74577227873033,4,2.98919531870884,-0.88015397108556,5.71899821310636
-1.02391968106142,4.93533276930385,5,3.18354973939877,-1.03860168056795,4.89163575428443
0.178709592802945,15.882794932009,17,15.3518630423002,0.21707037560238,16.4410474097874
1.24413177050348,26.0236421290821,26,26.7411631558269,1.44969956370485,26.8411460198399
-0.409937712512206,9.30661167523412,9,7.85706123220001,-0.789069283415845,6.2813201405514
-1.72109721867826,2.70631559600861,2,0.964014809710734,-1.80361967400613,2.56760098102037
1.30219717272357,26.2790547861712,27,27.0179962239403,1.40078434284338,26.6765948577402
0.774373547588353,22.8315046902257,23,23.2382788827059,0.952784645671335,24.353123977964
-0.674810939017935,7.05555192766399,7,5.40493136115609,-0.587322489449114,7.77170255021694
-0.15222431138202,11.9528826530322,13,10.8409491916007,0.0743051278741693,14.6564465542232
-0.486903370754773,8.59860397240254,9,7.07578329713168,-0.311400900040625,10.3183041752514
0.777245975777972,22.8580935590405,23,23.2678904094427,0.907450062848903,24.0147666551498
-1.49290251443819,3.25514238209168,3,1.493396527413,-1.73538844694567,2.70952703333244
-1.67576018067112,2.80637136270911,2,1.05940915844794,-2.42220672337293,1.5570367888228
-0.555203212892661,8.00607064679935,7,6.42884035188741,-0.168973541341976,11.8240985620778
-2.31581939207973,1.67074951598489,0,0,-1.31421777984598,3.81504649516979
-1.72478150293364,2.69835503100555,2,0.956446975402783,-1.56556157254893,3.10085719635084
0.824989928877465,23.2865251172415,23,23.7440927407639,0.722756187977877,22.4018539341339
0.00105445136047968,13.7076171361542,14,12.8519880232631,0.013557404293331,13.9206803754098
1.08213502363538,25.1675460202618,27,25.8117357193083,1.74549722870154,27.5922574099811
0.367088831673075,18.2655285602888,18,18.0803176572246,0.270305989140484,17.1177010677407
1.10942540926202,25.3278630630002,26,25.9861932608287,1.27954767223429,26.2049716877686
-0.602593201767574,7.61584828774087,7,6.00638885720114,-0.653230148671419,7.24763682985459
0.765930009351596,22.7528138852062,22,23.1506040310246,1.02222467086451,24.8296171195017
-0.16597788664289,11.8017465827452,11,10.6685142386004,-0.339900718292243,10.0315071179351
-0.0523251062773116,13.0822144807077,14,12.1338268866088,0.0110997047582611,13.8912822285644
-0.353304103149783,9.85313329609281,9,8.46582300668001,-0.333358838368371,10.0968945322187
-0.2501923557889,10.8999544507787,11,9.64378050523056,-0.0972810111634141,12.6259719460664
0.473375503988513,19.5788874788856,18,19.5757557405131,0.557494836811104,20.6459268916729
-0.876338001034066,5.7167367781942,6,3.99223355284343,-0.547091875682618,8.10870930692328
0.610319827961718,21.1649168365531,20,21.37046545238,0.631175321400759,21.4627369074466
-0.931122039215696,5.40833940186302,5,3.67166090004212,-0.49686871796403,8.54688735158452
-0.251034927075471,10.8911404001162,10,9.63380522623962,-0.0227740276143333,13.4891925356834
0.8690932529614,23.6596310462834,24,24.157296398977,0.865751914786263,23.6838445868643
0.327939602814154,17.7717232326047,19,17.5163010295838,0.387575346248072,18.6012597987513
-1.14912047922427,4.38475796782942,5,2.62120531262791,-1.07026030261006,4.74692816969581
2.02813064177537,28.0346642835505,29,29,2.28536389285308,28.3052948766261
0.138591915560237,15.3811134607744,16,14.7756077335349,-0.013917053896657,13.5937624145598
-0.682730113019396,6.99668687294407,6,5.34209395369246,-0.978263594617772,5.18559088142598
0.113695621931843,15.072387378365,15,14.4208104516385,0.235641113638743,16.6768258892369
0.585141736257336,20.8850181815754,22,21.054793198726,0.317313609648966,17.715262232014
0.581542593971063,20.844534443075,22,21.0090945567982,0.314329867003603,17.6773956722353
1.13801962327118,25.4885345978531,25,26.1608065031024,0.623439284742586,21.3794175216792
-0.527340154340269,8.24358628454634,8,6.68738411159323,-0.33075745436987,10.1229698600277
-0.953327451378471,5.28966348107065,7,3.54878467804613,-1.10790827077736,4.58282357729955
1.76874715879188,27.6300730199637,28,28.5125569126859,1.58924805721971,27.242072735107
-0.735843398577748,6.61518155919029,8,4.93646585622858,-0.953565558556955,5.31317603025486
-1.31649249136654,3.77682653507101,4,2.00899167423353,-1.01679004028645,4.99507606641029
-0.0257419394885772,13.3918213781933,15,12.4892295957882,-0.0743789157143042,12.8881278657385
0.193162145052862,16.0645929362755,17,15.5605716894,0.47550502533333,19.682506387392
-0.207211081355502,11.3550923571992,12,10.1600039481065,-0.270909074555805,10.7342791787088
1.2129329260329,25.8758638236106,26,26.5810073011857,1.21114131313322,25.893437866
-0.844683829777113,5.90539710707934,6,4.18923364094701,-1.01214129786867,5.01752878567634
1.00117414028573,24.6498049520955,26,25.2465328075377,0.908261221851977,24.0210153202959
0.842189654040376,23.4346141333245,24,23.9082698636978,0.837130821493262,23.4455696555545
0.476795923179317,19.6201957072206,18,19.6226679587638,0.407123348900759,18.8449296918388
-0.115364222528681,12.3631716182147,12,11.3098547312056,-0.182789991344527,11.6728834367123
1.4864349273575,26.942001478121,27,27.7401874196504,1.898704983044,27.8584187773265
0.520331424980918,20.1391897220652,20,20.2113531465119,0.409365084825284,18.8727701706356
-1.45726856758794,3.35250176210275,3,1.58879087615021,-1.64950788525884,2.90003136629304
-0.0618176982633324,12.9725629728385,13,12.0080305872918,0.0972412173852403,14.9385030974371
-1.72109721867826,2.70631559600861,2,0.964014809710734,-2.4070682013063,1.57702741388314
1.00970478968936,24.7074305165034,25,25.3095847564042,1.14106507891884,25.5357835711483
-1.72109721867826,2.70631559600861,2,0.964014809710734,-1.68183387649959,2.82666731271272
0.361790241172425,18.1989046732959,17,18.0042721960255,0.129245479899735,15.3355189963836
0.684670330219475,21.9554190491785,23,22.2591232196939,1.04466081375236,24.9731747447561
0.87052280663621,23.671362327838,25,24.1702647306583,0.979308409229795,24.5409833641086
1.19342114977144,25.7794999777201,27,26.4765398984269,1.51448270041865,27.0390789853912
1.47891290061733,26.9188019761322,27,27.7147189232461,1.27206485698456,26.1725940847252
-1.7386357050011,2.66864191719855,2,0.928228110595901,-1.98819620511433,2.21906743790594
0.950113802637409,24.2891472976229,24,24.8510649655524,0.807501803512452,23.1892569582105
-0.638095633078661,7.33514452762227,6,5.70430625237722,-0.821340122203102,6.07438810598339
1.28338715611409,26.199015971558,27,26.9312235588151,1.83792077352771,27.7606310979139
1.78012265876914,27.6515752435453,28,28.5375425808411,1.79990294165873,27.6944249263954
0.0246979967099713,13.9892481374426,14,13.1756485899466,-0.0950587779132492,12.6512836702851
-0.223589813030684,11.1803847513635,11,9.96159681150707,-0.101633278631091,12.5764773533187
-0.664916081537118,7.12982299027215,6,5.48430999899006,-1.03408376834097,4.9128063420524
0.181115967659975,15.9130298159461,16,15.3865780519237,0.120153893154993,15.222354374778
-0.881542938224435,5.68645935970582,6,3.9606806502734,-0.543619583683113,8.13838789115858
-0.395427580411647,9.44463315668664,9,8.0103548333863,-0.25408698425244,10.9099685973189
-1.90713267999429,2.33273557003178,1,0.612213638394375,-0.832332520684758,6.00585027687493
0.327507392250984,17.7662547346111,18,17.510050207438,0.709547910749943,22.271949630389
-1.49817725789958,3.24103649235477,3,1.47960995653126,-1.61429950311485,2.98237530199861
0.912601601391413,24.0065731348444,23,24.5401923913411,1.38543687730036,26.622089490821
0.401790948979293,18.6996980589008,18,18.5754704501101,0.44282388420741,19.2854228319532
-0.135571427879156,12.13730490827,11,11.051583611889,-0.199145466267028,11.4952842831226
-0.00681549498857652,13.61449059897,15,12.7449909948164,0.115526694981443,15.1648721378071
0.834548657138038,23.3692339189716,23,23.8358145146502,0.764469531158121,22.7994541804319
-0.104486829145791,12.4856921684153,14,11.4500784822056,-0.225848491650635,11.2086209487299
-0.901228311192994,5.57382044927847,5,3.84344965615837,-0.928088666136693,5.44941898007495
0.720364568488608,22.3145390061486,22,22.6612791552041,0.767746155740439,22.8298652486692
0.278235543231755,17.1415746419471,17,16.7953610469061,0.345264842897268,18.0692327289822
-0.870711858823336,5.74969918483201,6,4.02660434892369,-1.09364008464764,4.64402774806534
-0.296299806200985,10.4238448881634,11,9.1062565456977,-0.279044820105986,10.6499109582682
1.49390245619525,26.9647411222295,27,27.7651730878056,1.39429818953484,26.653732531894
0.684097378030961,21.9495437266638,22,22.2525352796759,0.794853224712848,23.0768375105923
0.78009087966616,22.8843368905433,23,23.2971106413285,0.733353548281056,22.5046933648489
-1.67576018067112,2.80637136270911,2,1.05940915844794,-1.76470538719378,2.64758454339304
-0.409882661914512,9.30713266560076,9,7.85763928482364,-0.609588753577287,7.59070270253531
-1.21730523754601,4.12137544894701,5,2.35470033946551,-1.43012969175152,3.46156765621815
-0.0565638034775307,13.0331926821137,14,12.0775819146428,-0.141064509051193,12.1328418997691
0.725329211304472,22.3633990150189,23,22.7159127371362,0.546428162158869,20.5189871577727
1.75613931619337,27.605767571956,28,28.4844048531795,2.28595722371009,28.305803301108
0.436603907239642,19.1304982473797,18,19.0660291766552,0.263324322655589,17.0288693031907
-0.626431946943919,7.42625049198661,7,5.80218455575382,-0.423157495404951,9.22327253594232
-0.824827610595752,6.0277629761697,5,4.31737007783357,-0.567747589563795,7.93409189514899
0.647939556764978,21.5718536311601,21,21.8284882886773,0.362688114739372,18.2889788583576
0.689473067395614,22.0045321703083,23,22.3141827552857,0.785618272793566,22.9936235866132
-0.515489564882569,8.3463784026824,8,6.79960321981267,-0.570475957929978,7.91127634369049
-1.12270823945199,4.49330702599458,5,2.73154054764881,-1.73798040972759,2.70399022410797
-0.247194439433389,10.9313492956261,11,9.67931858529873,-0.258484875528299,10.86387600969
-0.203206592971578,11.3980432056201,12,10.2088262249647,-0.108579405823515,12.4977013336833
1.01693511734081,24.7556938402458,26,25.3623644458334,1.36766412971807,26.5571758077971
0.136572782768667,15.3559948340456,17,14.7467449858106,0.128917651143324,15.3314334363352
-1.51827595017878,3.18798292497847,2,1.42783786166405,-1.90241057259483,2.37510886456045
-1.31649249136654,3.77682653507101,4,2.00899167423353,-1.37479199157999,3.62450403207077
-0.196845249091838,11.4664628106787,12,10.2866341953335,-0.243858105403354,11.0176124964338
-0.394836975729436,9.45028064671247,9,8.0166337986979,-0.35075126499262,9.92364403503616
0.208542740982485,16.2585678486044,15,15.7831823548459,0.169382980189478,15.8383157065208
0.185585170025217,15.9692208351487,15,15.4510905024313,0.470466589295801,19.6217167234139
0.311254124026639,17.5604248457121,18,17.274701306032,0.46345240311199,19.5368204928645
0.115594480960567,15.095855545726,15,14.447784448416,0.153402453168769,15.6375468403048
-0.154356663703607,11.9293805577283,12,10.8141238965306,-0.0552430308214716,13.1093562306485
0.171347526017384,15.7903863481183,17,15.2457507280155,0.159216638977146,15.7105092080691
0.416133920990657,18.8778419908564,19,18.7784198008421,0.183161377280514,16.0119604675517
-0.531439430394458,8.20827379438477,9,6.64887843562589,-0.424384467140287,9.2117034558817
-0.742788325570202,6.56701051830167,5,4.88544836680098,-0.642574271608751,7.32995955718199
-0.457592973077749,8.86335196532876,9,7.36690927109711,-0.555866797646859,8.0341230030089
0.356988431063388,18.1384630804919,18,17.9352691426049,0.454783969681009,19.4314837874155
0.516730517921272,20.0967688424267,19,20.1632874956794,0.729681737260857,22.4692014581616
-1.0747620044296,4.70045552555591,4,2.94284426600557,-1.09924425272065,4.61984662917492
0.242827628222299,16.6923864183926,18,16.2807215895487,0.0668294479697203,14.5649943428985
0.884542641171337,23.7852134290922,23,24.2960444397131,0.541812559293546,20.4657384856843
0.631815332998799,21.3991365710305,22,21.6342273938896,0.811091584012023,23.2208353688867
0.064105172176978,14.4645775167738,15,13.7220796833413,-0.213954919321064,11.3357941008512
-0.739050586127765,6.59288681184432,5,4.91284815575323,-1.06910811074278,4.75208494317614
-0.461899592403619,8.82406964105257,8,7.32363453576172,-0.889297429955094,5.66621244722558
0.178011575744065,15.8740274224653,15,15.3417960533213,0.116393095361107,15.1756292206615
-0.607102708504525,7.57963519351758,7,5.96733249870232,-0.166789039608056,11.8481060863778
-0.138288292441695,12.1071108009622,14,11.0170821056622,-0.0408045837882543,13.277576341293
-0.992824040456746,5.08722040760685,3,3.33980753450521,-1.05326773341545,4.82381439526953
0.0773133232991911,14.6254648404671,15,13.9070474918306,0.313727158330797,17.6697451928823
-0.781386826509026,6.30648727848339,6,4.61030238921376,-0.833543626973953,5.99835909164741
-1.7386357050011,2.66864191719855,2,0.928228110595901,-2.26044944226566,1.78147219263292
-1.94706978786527,2.25931379531461,1,0.543814011627413,-1.87490978107136,2.42724938993501
-1.2914980166892,3.85971251530434,4,2.09182359492564,-1.06474397838483,4.7716912715724
-0.227003754137895,11.1441652797697,12,9.920502107921,-0.303334000021417,10.4003873076492
1.23665855050889,25.9889365370415,26,26.7035537092418,1.74716906670153,27.595534515938
-1.94706978786527,2.25931379531461,1,0.543814011627413,-2.22354794400728,1.83615844155967
0.00226212463887633,13.7219353204793,12,12.8684401662983,0.336109593522658,17.9534629135625
2.02813064177537,28.0346642835505,29,29,2.97414689702594,28.6911404210178
0.439025470537564,19.1602527113241,19,19.0998818759346,0.45282659554431,19.4076360883075
0.242343811680317,16.686254195361,17,16.2736919771372,0.67605987864962,21.9341091183547
0.39720131235257,18.6425181067283,18,18.5103012239697,0.672360879070702,21.8960560549192
-0.290833255555968,10.4796257205906,9,9.16908850392164,-0.381902711849917,9.61812826036394
-1.72478150293364,2.69835503100555,2,0.956446975402783,-2.92655435449164,0.99740504171602
0.736114291071629,22.4686134182706,22,22.8334910318192,0.603164827911295,21.1582612542955
0.464916155727622,19.4764177016249,19,19.4593498257905,0.374581195535079,18.4384712525233
1.17837567682821,25.7030590783021,26,26.3936416353651,1.33550648869143,26.4346508503484
-1.67576018067112,2.80637136270911,2,1.05940915844794,-1.11970543685849,4.53310617698994
-1.29374764641198,3.85214895745965,4,2.08425576061769,-1.24412498210703,4.05352961322787
1.58585494193831,27.2223371276109,27,28.0500994935271,0.866534480331551,23.690231598175
0.3492111039961,18.0404478567347,18,17.823341980479,0.520641761227202,20.219272787522
-0.300256697441663,10.3835819127773,9,9.06092900572889,-0.0593498047838156,13.0617120432339
-1.72478150293364,2.69835503100555,2,0.956446975402783,-2.13635521818293,1.97088812217042
-0.138386269731478,12.1060226939899,13,11.0158388855605,-0.311618503923869,10.3160954794482
0.436951268522679,19.1347682024038,19,19.0708874922901,0.549610678834093,20.5555987566556
-1.96393140410669,2.22895757299868,1,0.515595146820531,-2.36570986827977,1.63268560812798
-1.05624995351318,4.78410037336793,4,3.02843229643735,-1.2449146688401,4.05072570471553
-0.948333049707748,5.31604567314257,6,3.57607714541397,-0.782075939614495,6.32729853742637
-1.22689137839371,4.08617551471107,4,2.31922173879757,-1.60280954720878,3.0098238515497
-0.935785683589467,5.38311817115885,6,3.64552433030855,-0.943991782177141,5.3638142144268
1.02775986001023,24.8269662933069,24,25.4402594091173,0.774550704426536,22.8926358510289
-2.31581939207973,1.67074951598489,0,0,-2.22735538872605,1.83045330083808
-0.12637763201107,12.239786934263,14,11.1687294150755,-0.270686141356965,10.7365965472264
-1.16762783389924,4.3109306296617,4,2.5463248723905,-1.94531641341698,2.29585027183422
1.19111800335349,25.7679201702299,27,26.4639837337093,1.19113676406529,25.7954766840095
-0.903236396072139,5.5624954023419,7,3.83167626584312,-1.36675891502495,3.64900922613354
-0.930003555766778,5.41441186149323,5,3.67795556746595,-0.903635905169613,5.58474057558158
-0.00107874233691879,13.682343843716,14,12.8229489059445,-0.153076674401553,11.9994197654555
0.00413300634646848,13.7441309150315,13,12.89394443593,0.0320259804973552,14.1425396050566
0.00496501623713554,13.7540072515067,14,12.9052932877682,0.00654528196763257,13.8368829931752
-1.01915381019549,4.95819556524743,4,3.20704068824383,-1.19544639345992,4.23193455810166
0.151938006208393,15.5474765788583,16,14.9667458751411,0.0638281937867098,14.528347801565
-0.0143893251323591,13.5251643598309,14,12.6423761996117,0.12174667346211,15.2421588906937
0.0854492267743972,14.724939713865,16,14.0214086699308,-0.0504878478887319,13.1646355807326
1.35157024213874,26.4774761792526,26,27.2333179327212,1.30926412497047,26.329624530365
0.235874248674429,16.6042775418632,18,16.1797093544737,0.499221395695426,19.9663630192746
-0.724072369705755,6.69773208047026,6,5.02399813952629,-0.637033965985171,7.373131720772
-1.49817725789958,3.24103649235477,3,1.47960995653126,-1.3217887293061,3.79048310423933
-1.63185180359139,2.90717180948204,2,1.15602765002179,-1.32704758494026,3.77355095032956
-1.03107761435328,4.90127294979512,4,3.14857384976368,-0.833137668353109,6.000868785269
-2.31581939207973,1.67074951598489,0,0,-1.84967516536576,2.47605286174872
-0.114793730473753,12.3695812559309,13,11.3171884196135,-0.458189033424823,8.89703399033512
-0.687190367634568,6.96375878089093,7,5.30697300990495,-0.314708742649078,10.2847605395827
1.15849194605015,25.5991150404074,26,26.2808640998152,1.05183120531337,25.0180170266308
0.516089740345264,20.0892100410157,21,20.1547218823241,0.633948401624553,21.4924580181714
1.0063346299911,24.6847532353595,25,25.2847764582652,0.760342776403833,22.7609820694632
0.0878072577540927,14.7538223184908,15,14.0546128683301,0.177343225323569,15.9385790114624
-0.240076146815943,11.0061055607567,12,9.76398429148215,-0.271246369062395,10.7307735962449
1.10788321260049,25.3189870999592,26,25.9765406463952,1.14744858019642,25.5700758033802
0.213618880143981,16.3226860942924,15,15.8567474258706,0.124365967698593,15.2747466632351
1.07896838600237,25.1484926799483,26,25.7909854262985,1.06200683259577,25.0808026551473
0.145916700696669,15.4723486610536,17,14.8804348452181,0.24963876730805,16.8547758060818
-0.349941366392313,9.8862361240409,9,8.50284343091478,-0.325654222787384,10.1742445770981
1.43194324955295,26.7670247715823,27,27.5485846287514,1.44347071688176,26.8209430092028
-1.17123431101261,4.2967524527975,5,2.5319598730298,-0.769975323534681,6.40781629800451
-0.0785399748869977,12.7805764256646,12,11.7878879219397,-0.223352421321426,11.2352426394816
0.415369151340449,18.8683652841782,20,18.7676268130045,0.573655639114976,20.8293878590657
-1.13789248953518,4.43043671690642,5,2.66760178902751,-0.57403769776957,7.88158004574823
1.52712464003353,27.0624798686208,27,27.8728399599628,1.37396560289146,26.5804151356043
0.256671367349429,16.8679343773263,17,16.4819161801735,0.00480830896272082,13.8161633477971
-0.250122516799231,10.9006852172121,11,9.64460758731223,-0.180551456678132,11.6973096443366
-0.878119482504895,5.70635034417843,6,3.98140761162237,-1.01376431054421,5.00967346104549
1.01740803000946,24.7588321898754,25,25.3657955818838,1.60413152132519,27.2795125261618
1.75004419774349,27.5938353989797,28,28.4706182822977,1.6318803947706,27.3468613221401
0.229575476630313,16.5245109024812,16,16.0882437158613,-0.275297981096239,10.6887170211772
0.351409716868083,18.0681706568235,19,17.8550031717003,0.742981254452495,22.5970466473861
1.76874715879188,27.6300730199637,28,28.5125569126859,1.43113345814356,26.7802916837394
0.00732226736067794,13.7820076170056,13,12.9374692199442,0.128946949735609,15.3317985544792
-0.516074054380718,8.34128400480894,9,6.79403701100878,-0.560405949719697,7.99577514919999
-0.959030482195576,5.25975590993896,5,3.51786148593302,-0.729580056825376,6.68547417553179
1.58585494193831,27.2223371276109,27,28.0500994935271,2.1943771792824,28.221998109554
-2.31581939207973,1.67074951598489,0,0,-2.32937090855355,1.68287436043139
2.02813064177537,28.0346642835505,29,29,2.40187879916517,28.3974583381579
-1.40851271626259,3.49189381114027,3,1.72606610003575,-1.16832616460095,4.33631710773724
-1.51881240675072,3.18658170547673,3,1.42647222886961,-0.916715067661997,5.51179800764716
1.33152013789311,26.3988860407796,27,27.1479881230981,1.55809260608273,27.1605903209244
-0.0639607433553468,12.9478747819907,12,11.979713472092,-0.350064645176045,9.93044764401598
-0.854931434576329,5.84346421752639,7,4.12448849655992,-1.00619068299384,5.04648101255234
0.0589511864851128,14.4020051992182,15,13.6501420539597,0.242149043805982,16.7595409446818
0.436035759515677,19.1235129556655,18,19.0580812044712,0.203778597241003,16.2725948903659
0.213546739421095,16.3217745461853,16,15.8557016426525,0.31407189112907,17.6741211181404
0.0102758382372864,13.8171302449224,14,12.9778312232978,0.230902001647878,16.6166179689011
-0.737097567217783,6.60645315354153,7,4.92721837499481,-0.473465674011726,8.75745756091777
0.0732251078346011,14.575585794613,15,13.849703166952,-0.0513878453943881,13.1541637816584
0.661193940414847,21.7118686185771,22,21.9858118756604,0.510156469334387,20.0959022687228
0.231934062215004,16.5543739225577,18,16.1224885082036,0.465535142106758,19.5620610837055
-1.45726856758794,3.35250176210275,3,1.58879087615021,-1.25026624273989,4.03179736924432
-1.19147302830837,4.21841734678634,4,2.4526844638338,-1.34001420086598,3.73224877064851
0.493581144434233,19.8218276673577,21,19.8515355839042,0.801805786450087,23.1388535964368
-0.371164808109747,9.67852275682891,9,8.27082038249965,-0.49078337586012,8.60125736589807
0.0451146117574384,14.2346147265627,13,13.4577029317232,-0.00864270901189576,13.6562255586713
2.02813064177537,28.0346642835505,29,29,1.9923784249819,27.9918477546129
0.459328717616595,19.4085032408845,18,19.3821718646206,0.282244123890522,17.2695888826755
0.263671894965574,16.9567524687397,16,16.5836776414104,0.174207418434782,15.8990627676353
0.0255726934397923,13.9997195391072,14,13.1876846348008,-0.0302340327445526,13.4014315253185
-0.9967242107407,5.06781448259132,5,3.31981756470434,-0.609243361585149,7.59347985396051
-1.19615285693695,4.20059587993477,3,2.43467119520827,-1.0986393267964,4.62244791709214
0.409361486296833,18.7938331317899,20,18.682729444707,0.546799762136617,20.5232664344061
0.656996862707507,21.6677258074798,22,21.9362275311491,1.22544685693951,25.9615398383429
-0.0213362233143174,13.4434901793663,12,12.5485670446737,-0.106104976277178,12.5257332950001
-1.2914980166892,3.85971251530434,4,2.09182359492564,-0.991028898889684,5.12133679286793
-1.25199079814528,3.99601594852598,4,2.22850782887338,-1.49145255181571,3.29204728227132
1.45041550641799,26.8281668691566,27,27.6154168685701,0.954068276583798,24.3623853237586
0.943454621899131,24.2400882383532,24,24.7971572657222,0.894323402046755,23.9126500431427
-0.486041782851999,8.6062985662953,9,7.08422685550946,-0.665651069752997,7.15286526024424
-0.857538798213885,5.82783772598482,5,4.10816394042689,-0.706023921838446,6.85370908644932
0.207185128591566,16.24142733038,17,15.7635148372894,0.24647612960912,16.8145568922565
0.0802036004223933,14.6607712810992,14,13.9476378428221,0.0110946082915904,13.8912212974485
1.01070086957873,24.7141109012366,25,25.3168918158807,0.96498384808338,24.4404402772457
1.05592984378371,25.0069932143227,25,25.6367690479885,1.32101353437806,26.3772212592374
-0.287164464984478,10.5171636434408,12,9.21139386194284,-0.106388951160767,12.522514522987
-0.146131532177094,12.0201764093397,13,10.9177802133431,-0.0301928532445409,13.4019151725062
1.29881054682749,26.2648302114467,26,27.0025724672762,1.23393763985105,26.0012060671746
-1.94706978786527,2.25931379531461,1,0.543814011627413,-1.41190292859114,3.5141353593692
1.17464836050616,25.6838295922133,26,26.3727828679422,0.897775420998215,23.9396867638169
-0.403206578239906,9.37046440639633,9,7.92794071605542,-0.708806422026777,6.83359412108321
-1.94706978786527,2.25931379531461,1,0.543814011627413,-1.68299411074647,2.82407243613379
-1.50373367614717,3.22626011687175,3,1.46517766260612,-2.23519223978245,1.81875611848292
0.208650235921838,16.2599251701227,17,15.7847397553115,0.121955219233523,15.2447526057615
-0.0231945265182407,13.4216843662011,13,12.52352402325,0.314636609155912,17.6812891089812
0.419414768100848,18.9184675712232,20,18.8246838854513,0.567701436210867,20.7620630732056
-1.1863919605177,4.23788987684824,3,2.47237602905168,-1.44428043858944,3.42146642356443
0.311364626910283,17.5618253210046,19,17.2763031036492,0.0191498672650216,13.987686330351
1.10869761661764,25.3236770365849,25,25.9816410430295,1.49609604946032,26.9850951253735
0.407325649474297,18.7685416627969,18,18.6539154887067,0.414633776864983,18.9381135138296
-0.360051626529053,9.78692771080514,10,8.39183124948476,-0.685995893043208,7.00040936401009
-0.242625950447628,10.979293304174,12,9.73361087336878,-0.366742283465141,9.76603687925891
1.80334567329303,27.6942490263466,28,28.5873670362246,2.5234929227512,28.479198055818
-1.96393140410669,2.22895757299868,1,0.515595146820531,-3.16284313271152,0.798369466456724
1.78012265876914,27.6515752435453,28,28.5375425808411,1.55807554667327,27.1605445196868
-1.67576018067112,2.80637136270911,2,1.05940915844794,-1.93567382980635,2.31344651453875
0.21801327592655,16.3782287981472,17,15.9204656633624,0.490825331623935,19.8663157224721
-0.168920391521115,11.7695508450348,12,10.6318038547575,-0.44080428060417,9.05787179224657
2.02813064177537,28.0346642835505,29,29,2.42624050402459,28.4149245321871
-0.834049395711858,5.97054362709224,5,4.2574169474375,-1.83925912766173,2.49647286561702
-0.431244982714201,9.10649949526986,9,7.63536554283469,-0.311054946815832,10.3218162213534
-0.619340637659541,7.48217572361359,7,5.86234627357877,-0.483792174095635,8.66405448775118
-1.17828954315591,4.26920930586134,4,2.50406825131495,-1.16855991047829,4.33540146286545
0.59674474429446,21.0147331291941,21,21.2011487861823,0.764860595115918,22.8030900411893
-0.961229313822132,5.24828663374551,6,3.50600733037896,-0.862398075592632,5.82337824543613
-1.14540890881854,4.39978244656687,5,2.63646035383573,-1.18907796308347,4.25611401840196
0.286126939517581,17.2417236453104,16,16.9100229778506,0.209089943997013,16.3398726819751
-0.537348177551954,8.15759661445351,9,6.59365935321655,-0.689450211998751,6.97486750793819
0.690983827006629,22.0199307893825,21,22.3314418893255,0.718480244526493,22.3600090219748
-1.01664697016539,4.97028117676976,6,3.21946262744875,-1.0860440706092,4.6770996877655
-1.35786397719342,3.64495616816933,3,1.87768443744634,-0.977526698837107,5.18933481716209
0.308675798631885,17.5277445329413,17,17.2373212911185,0.284252630396435,17.295138991911
-0.971662582999986,5.19433081005107,5,3.45027522596256,-0.897179029692881,5.62123262675845
-0.106792333354054,12.4596689106183,13,11.4202881621143,-0.137598180567707,12.1714937755954
-0.255804793163553,10.8413224029068,11,9.57744030456674,-0.155853998153455,11.9686868091622
0.197704197413598,16.1218254025382,16,15.6262617638211,0.0878821311714557,14.8231476099558
-0.950816734770663,5.30290363494765,5,3.56247998042317,-0.836212659407655,5.98189201477538
-0.0551282022003385,13.0497851152513,13,12.0966182337816,0.0534207716204929,14.4015797198129
-0.0724840638050231,12.8499293487781,12,11.8673945254992,-0.154871428792846,11.9795546342713
0.465562223571056,19.4842587740937,20,19.4682590406793,0.301844137573866,17.5188154921963
-1.96393140410669,2.22895757299868,1,0.515595146820531,-2.09193904042757,2.04264140085804
-1.17123431101261,4.2967524527975,5,2.5319598730298,-1.30679765660141,3.83933747065657
2.02813064177537,28.0346642835505,29,29,2.32451783748158,28.3379500719032
0.784966606034821,22.9291037077344,23,23.3469406204724,0.57360147145287,20.8287768107142
0.247548213206595,16.752229642866,16,16.3493169981041,0.335847734210125,17.9501489565529
0.943265887025646,24.2386909065155,24,24.7956214340309,1.39892941739277,26.670082267673
-0.160918721292841,11.8572166918281,11,10.7317815027426,0.0711383751170652,14.6176771281591
-1.45182088712012,3.36771273447448,3,1.6037317624339,-1.46313309776512,3.36897388573133
-1.68838496690722,2.77811169980178,2,1.0324144364777,-1.37974908257246,3.60949373299934
-0.616181210691477,7.50722205824551,8,5.88930947299808,-0.449248571642227,8.9794844380247
0.618425353424835,21.2537600975918,22,21.4705578303954,0.703523803359939,22.2120693292137
1.48629148864396,26.9415618540327,27,27.7397045914013,1.55590751452459,27.1547130048237
0.944375050818458,24.2468973406336,25,24.8046409532262,1.08911893541103,25.2432935355397
-0.0876426661669315,12.6767059912528,12,11.6688498515939,-0.0163872696163856,13.5645571267364
0.526914121004536,20.2164868161321,21,20.2989113025329,0.173504902812659,15.890213309393
0.641373455468261,21.5018329214057,21,21.7497588149794,0.682815535562852,22.0032323286672
0.990208013593562,24.5746336937621,24,25.1642271107839,0.608505490469116,21.2169053257052
1.08068822616253,25.1588525447469,26,25.8022684188679,0.968470935523192,24.4651125779415
0.792536476257435,22.9980804118046,23,23.4236814393079,0.986886067394588,24.5933109915449
-1.45182088712012,3.36771273447448,3,1.6037317624339,-1.3861694327527,3.59017746152077
-1.21489078623362,4.1303094846513,3,2.36371053091386,-1.24884684789637,4.03680531418153
-0.288726789998898,10.5011684728494,10,9.19336507114526,-0.5647889441402,7.95889917080107
2.02813064177537,28.0346642835505,29,29,2.69785854641177,28.5757199489044
-1.16220379750867,4.3323811736541,5,2.56806758496625,-1.85147684710426,2.47253728280777
-0.721378659608519,6.71678324962147,7,5.04421764728027,-0.703935863332382,6.86884654369125
1.23561191200166,25.9840414969939,26,26.6982490138562,1.4059377763237,26.6945813347429
-0.14873565227137,11.9913887636605,13,10.8849086792376,-0.150732623549863,12.0253920548719
0.121667882128778,15.1710066747451,16,14.5341584421998,0.243648237745785,16.7786005989329
-0.612894663246217,7.5333607706863,8,5.91746153250454,-0.290347300231446,10.5333590029462
-0.160987923413977,11.856456963036,13,10.7309148237035,-0.168758419900385,11.8264615330278
-1.18216441314521,4.25418989342856,5,2.48886692723964,-1.56322693018107,3.10667073611161
0.400962247302639,18.6893797209128,18,18.5637113883806,0.238969914314898,16.7191298693992
0.667355531749374,21.7763451540849,21,22.0582106714377,0.804554970033399,23.1632262682823
-0.0942618550154596,12.6014584780885,12,11.5826458362813,-0.0370490000839463,13.3215132052307
0.635185054207913,21.4354455727651,21,21.6750827074436,0.258449199273995,16.9668451067191
1.7030517389655,27.4976920546833,28,28.3602830472768,1.51359430545103,27.0365091410563
1.3078312760503,26.3025405848881,27,27.0434647203445,1.6116256231128,27.29801202128
-1.36031683277562,3.63733708795902,3,1.87011660313839,-1.06136565610362,4.78694966962077
-0.259083887065682,10.8071525997941,11,9.53879635915098,-0.295274502102499,10.4827892473718
-1.94706978786527,2.25931379531461,1,0.543814011627413,-2.44020597906674,1.53353116207732
1.30388286665687,26.2861049520614,26,27.0256411987434,1.29173167149237,26.2568320178637
0.424851036550674,18.9856759584517,20,18.9012050319727,0.306247355474394,17.5747611961196
1.28042692967666,26.1861883592143,26,26.917319381999,1.0493129417894,25.0023250034875
0.399240414217308,18.6679322646747,18,18.5392679074007,0.6465462106914,21.6264982029616
0.846100344100466,23.4678235765021,23,23.9450561724205,0.973501306136952,24.5004807842544
0.237956431255541,16.6306562661686,16,16.2099533188448,0.271317744650153,17.1305743735798
-0.288570312236316,10.5027698363175,10,9.19516988569124,-0.487324115457266,8.63228506667252
0.571356890624421,20.7293414257415,21,20.8790083940159,0.205874801517903,16.299141178274
0.151215711824466,15.538458535361,17,14.9563859147721,0.220627460704462,16.4861747412893
2.02813064177537,28.0346642835505,29,29,2.4781814446509,28.450292615675
1.20132102993165,25.8188883432784,26,26.519244901084,1.10685166536923,25.3458747343031
0.886276971028021,23.7991464720381,24,24.3114276726521,0.614693028660437,21.2845038877609
0.346369886834481,18.0046063541099,18,17.7824046431059,0.434568833608785,19.1841434082405
1.11376847943558,25.3527423993222,25,26.013245809077,1.32335235766918,26.3865841125018
0.434974391367507,19.110459257815,19,19.0432279372209,-0.0408090683151526,13.2775239209728
0.493258719922746,19.8179719981483,21,19.8471609758314,0.461007242869763,19.5071536018652
-0.191686542776795,11.5221181486364,12,10.3499577065002,-0.016100376398917,13.5679474459857
1.04096479220035,24.9123283789378,25,25.5334802749348,1.05277794390496,25.0239005880143
0.0104387554340661,13.8190688448814,13,12.9800590647103,-0.0738087057089764,12.8946914256957
-1.33267862060833,3.72446417128993,2,1.95678088223115,-1.02993090561041,4.93238323558344
0.673804541608175,21.8434083896698,21,22.1334810436949,0.478968876749563,19.7242025349182
-0.0843474456735803,12.7142555389541,13,11.7118768917211,-0.275855643943046,10.6829360047205
-1.73490214885132,2.67661510379965,2,0.935795944903851,-1.81230568747036,2.55008287868553
1.26943688102846,26.1380051547351,25,26.8650970367161,1.02482412142218,24.8465039886816
0.564249839067091,20.6484300135494,21,20.787588554389,0.475052636638554,19.6770549476517
0.380985267166353,18.439873463742,19,18.2792385956545,0.159578210025033,15.7150497946268
-0.772834116750495,6.36316428127949,6,4.67004991121287,-0.880327745072736,5.71798892028731
1.45966650597985,26.8580725153166,28,27.6481495203291,0.774398755686647,22.8912398151141
1.78012265876914,27.6515752435453,28,28.5375425808411,1.41412861224244,26.7228475633447
-0.319129539010724,10.1928607394705,10,8.84650964856853,-0.311657178688783,10.3157029579153
-0.33770001327082,10.0073442195322,9,8.63842124607642,-0.535256516578432,8.21024928041302
-0.488702180851189,8.58255662046036,9,7.05817739215404,-0.562267355931129,7.98009600342297
-0.16636936783469,11.797460316811,11,10.6636264627683,-0.502396738951302,8.49773257339776
0.493586120042467,19.8218871620012,21,19.85160308542,0.429448024281727,19.1211351321261
0.839667576573448,23.4131061249042,23,23.8844392184344,1.03692786978359,24.9242539654983
1.38094868457861,26.587919726666,27,27.3533767942212,1.58113973175375,27.2212773504356
-0.430751748143887,9.11109692860163,10,7.6404512879669,-0.865694750202233,5.8038100865245
0.257111726345886,16.8735206302773,16,16.4883171656685,0.185369040434431,16.0398254042701
0.523086525590242,20.1715811906432,21,20.2480484063131,0.60278099915227,21.1540360121403
0.449721674169453,19.29131559456,20,19.2489502274891,0.437986864680727,19.2261231976499
-0.654611095241375,7.20802095455181,7,5.56800085075509,-0.270229354228665,10.7413457249846
0.0542094626305684,14.3445431631157,15,13.5840802165129,0.21416809097588,16.4042410820226
-0.696291515729139,6.89707491107295,7,5.23591249690398,-0.785276066306738,6.30620859591019
-0.961373903096178,5.24753364503005,6,3.50522916266455,-0.917963597580961,5.50490282732499
0.277071390343211,17.1267999163377,17,16.7784427172859,0.422487158937989,19.0352714167027
-1.16096944700632,4.33728411950926,4,2.57303891127938,-1.3416945553135,3.72694232324119
0.226442771746752,16.4848577522084,17,16.0427688210455,0.0486150417479051,14.3432087291673
-0.146371308744957,12.0175241686413,12,10.9147514757366,0.0690007143983401,14.5915310539279
-1.72109721867826,2.70631559600861,2,0.964014809710734,-1.34758085847319,3.70843576707148
-0.0917794038913643,12.629651119077,13,11.6149402914451,-0.0352361887092357,13.3427480218827
0.245862972899484,16.7308634507217,17,16.3248270626218,0.136493434176221,15.4259396589365
0.632500552663107,21.4065289386774,21,21.6425461109071,0.473372660347559,19.6567990111336
-1.18021597480318,4.26173274565318,4,2.496500417007,-0.916645149559416,5.5121844883279
-1.04758813622426,4.82396687418858,5,3.06927694867591,-0.75034585402753,6.54103186407109
-1.05509723367788,4.78937875769347,6,3.03383827640328,-1.06021542395912,4.79216095562099
-0.0786254550073735,12.7795989205457,13,11.7867674518289,-0.239593666009519,11.0626701870006
1.37471703688502,26.5649501164395,27,27.3283911260661,0.944105973273581,24.2900505379079
0.0618941618916773,14.4377201016648,15,13.6912024092588,0.56808343718946,20.7663918872265
0.200808493656834,16.1609663265218,15,15.6711827024135,-0.13813808422116,12.1654690661017
-1.72109721867826,2.70631559600861,2,0.964014809710734,-1.76220729703018,2.6528050054383
0.922223577965652,24.0805019410953,25,24.6216112264019,0.964534125136139,24.4372490875892
0.175932836895407,15.8479245848516,16,15.3118234987555,0.152458880214647,15.6257152769659
0.484307151206072,19.710650072742,20,19.7253650409221,0.367403472330668,18.3483026589612
-2.02265203188019,2.12608417004804,1,0.420200798083321,-1.59040460522971,3.03978803957932
1.04894856415815,24.9631040069223,25,25.588893350775,0.973682123945438,24.5017472022405
-2.02265203188019,2.12608417004804,1,0.420200798083321,-2.16759516296047,1.9217031473159
0.120564082246395,15.1573384324889,16,14.518449459101,-0.0137993902868166,13.5951543302825
-0.28799104738364,10.5086992097281,11,9.20185286050113,-0.219999070959825,11.2710643285552
2.02813064177537,28.0346642835505,29,29,2.13671673464478,28.1632261917058
0.147257587530093,15.4890690647863,16,14.899644892333,0.0110562962613347,13.8907632597703
-0.750280661835684,6.51548650284619,7,4.83092913411864,-0.609102253330639,7.59461472382124
1.4864349273575,26.942001478121,27,27.7401874196504,1.79885809464949,27.6925471095561
0.442126374218985,19.198310612689,20,19.1431760271347,0.486594989054688,19.8157200888255
-0.410194469493843,9.30418203515852,9,7.85436554116642,-0.472412035820385,8.76703082414397
-0.285186343781132,10.5374369002226,10,9.23424928550837,-0.150152378756894,12.0318259907731
-1.67576018067112,2.80637136270911,2,1.05940915844794,-2.49167766560171,1.46786292998311
1.78012265876914,27.6515752435453,28,28.5375425808411,2.20398046052259,28.2313139790769
-1.49579398429945,3.24740039320696,3,1.48582869310505,-1.42933253807253,3.46384495241075
-1.7386357050011,2.66864191719855,2,0.928228110595901,-1.18988612098023,4.25303449643313
-0.351550651680193,9.87038533806005,10,8.48511473704125,-0.297277871785993,10.4622697261799
-0.826511524053841,6.01726406955526,5,4.30636490065097,-0.624186881545869,7.47421100853745
-0.396505708957006,9.4343298058009,11,7.99890073409192,-0.28518723798458,10.5864750570495
-0.20547827632459,11.373666513674,13,10.1811150864362,-0.423465688442207,9.22036563123921
0.0447007438629651,14.2296214095229,14,13.4519625829104,-0.0558227215164667,13.1026255492971
0.29777953380827,17.3895701249882,18,17.0792382493812,0.419796368082713,19.0020156664013
1.60335847998575,27.2669863425849,27,28.0999239489106,1.47559869037173,26.9228956056166
-0.419785324586187,9.2137433507532,10,7.75409313410793,-0.352653526283707,9.90481036577544
-1.32269280733303,3.75664885348282,4,1.98886141188048,-1.85085057801407,2.47375875779019
1.38094868457861,26.587919726666,27,27.3533767942212,1.62848614831442,27.3387907056304
1.78012265876914,27.6515752435453,28,28.5375425808411,0.972580222595141,24.4940243954422
-0.322589164161147,10.1581370361808,11,8.8075244438071,-0.348085830302308,9.95007203518465
1.39356801571614,26.6336968113215,27,27.4032012496047,2.08903636253306,28.1106919707876
0.771130273334108,22.8013724601352,23,23.2047132396467,0.676198919992447,21.935536664967
1.15365839193828,25.5733358822007,24,26.2528833983218,0.885309924137047,23.841439421153
1.28342474271429,26.1991784378026,27,26.9313996640439,1.19112645927002,25.7954253889614
1.23207800535935,25.9674508073617,25,26.6802696688439,1.04233288039228,24.9585089668804
-0.140314061572881,12.0846241446291,13,10.9913915154829,0.131429906950116,15.3627517758084
1.36227360390866,26.5183516483175,26,27.2777300004915,1.20588588268637,25.8680132802432
0.817332682064812,23.2195312957752,24,23.6697477732937,0.866224936000364,23.6877060231696
0.168131888989233,15.7500688239507,17,15.1994493377271,0.115849262555108,15.1688767612451
-0.380987958877058,9.58336583203189,10,8.16474726053696,-0.426655564941484,9.19031635496119
-0.0368693389315466,13.2617719940861,14,12.3399093027645,0.0197007090225715,13.9942945192622
-1.13530512620222,4.44105988163414,5,2.67839898422393,-1.12380180429507,4.51602725312176
-0.673607057951147,7.06454556746381,7,5.41453781242117,-0.70356837464053,6.87151445272336
-1.1863919605177,4.23788987684824,3,2.47237602905168,-0.892978326596989,5.64514597212916
-0.761011879248862,6.44249065835521,7,4.75377710465794,-0.719267409057378,6.75855224713984
-0.815258660385977,6.0878540984107,6,4.38039920816859,-0.76764716267313,6.42344798446458
-1.23296316819808,4.06410163704315,2,2.29699072064037,-1.14627511402934,4.42398516628066
-0.142562129024396,12.0596968407036,12,10.9629165202429,0.0435545465545613,14.2818581848821
-0.192787168289894,11.5102311030598,12,10.3364305473706,-0.18474788036878,11.6515429244531
0.164480524158711,15.7043226708798,16,15.1469100722298,0.33412408482444,17.9283317980305
-1.03675922380177,4.87447374073272,4,3.12107053543489,-0.695486759410056,6.93047205789908
1.15327493875229,25.5712821288948,26,26.2506540572126,0.908431972550807,24.0223297663626
0.737094225558263,22.4781100223659,24,22.844098917171,0.900428422427367,23.9603769272227
0.295339450453188,17.3586161170502,19,17.0438159738399,0.185334934531343,16.0393948378121
-0.0402957528001095,13.2218568627693,13,12.2940890671495,0.0689596092502497,14.5910284850871
0.742070275993639,22.5261702599783,23,22.8977710947702,0.646899780187638,21.6302368303833
1.79977109139419,27.6877853604338,28,28.5797992019167,1.71491155581193,27.5306817370279
-1.45726856758794,3.35250176210275,3,1.58879087615021,-1.58098591637791,3.0627723050581
0.718189342358732,22.2930467870013,23,22.6372409521221,0.820893278385946,23.3063219232976
-0.247843919262878,10.9245433035044,11,9.67161346335267,-0.377470837118835,9.66121307003385
0.687479282195648,21.9841732104091,22,22.2913611008062,0.865759303906031,23.6839049258868
-0.127650507492051,12.225570232408,12,11.1524745247284,0.235090663084194,16.6698315202049
-0.360079363245389,9.78665616263948,11,8.39152790114773,-0.683324632283648,7.02022959883573
-0.657233670426207,7.18803792826421,7,5.54660290439275,-0.559230815174628,8.00568756610248
-2.31581939207973,1.67074951598489,0,0,-2.47670423884484,1.48673171955507
0.33898293947829,17.911341974918,18,17.6758588946217,0.321009632920965,17.7621499105274
-1.96393140410669,2.22895757299868,1,0.515595146820531,-1.82515150443137,2.52439267349896
-0.0191826684950058,13.4687828351067,13,12.5776159825167,-0.292934726270465,10.5067850416499
-0.392842732752693,9.46936705282023,9,8.0378581477151,-0.239263708764624,11.0661609079734
0.139662975838203,15.3944432869798,15,14.7909241229229,0.0765018220017529,14.6833652104396
-0.82518920086419,6.02550661627388,6,4.31500473660044,-0.994926343428617,5.10194424994636
-1.72109721867826,2.70631559600861,2,0.964014809710734,-1.99504232293079,2.20702496177221
-0.753315841566107,6.49474492271855,7,4.80899618706727,-0.82799166543943,6.03279808140049
-1.02842929835782,4.91383576269791,5,3.16147179600775,-1.21157590246602,4.17158142239987
0.239996977592209,16.6565120873479,17,16.2395959980284,0.0988911438080768,14.9588756728212
0.67207710099761,21.8254871373987,21,22.1133699217731,0.501329321872481,19.9914020036386
-0.766591130581578,6.40491195819552,6,4.71409861350966,-0.736947810847025,6.63381142660876
1.55285409067732,27.1344749432664,28,27.9524729737491,1.32913445566646,26.4095736473029
0.161235103387836,15.6636939736974,16,15.1002451119363,0.303367324370453,17.5381708671852
-0.620069072037754,7.47641239320392,7,5.85614356973282,-0.342127303325848,10.0093128661425
-1.45726856758794,3.35250176210275,3,1.58879087615021,-1.29601860400534,3.87501361810148
0.14024239208084,15.4016559638536,17,14.7992116133446,0.0921199519019674,14.8753370513641
-0.379624161808289,9.5965394561061,10,8.17942371464476,-0.407082940150178,9.37577810364132
-1.35316681817283,3.65960731656454,4,1.89224292030663,-1.64117881293755,2.91927602645652
-0.801277005455731,6.17697796785484,6,4.47400714478861,-0.689814080836513,6.97218281089036
0.543490078866745,20.4096475993536,20,20.5175723520235,0.562655363834467,20.7047602201842
0.644646223043042,21.5367877327429,23,21.7890654480713,0.608717579458201,21.2192285337311
-0.942627652398459,5.34640294512806,4,3.60749847519972,-0.51679748427671,8.37074568080808
-1.63185180359139,2.90717180948204,2,1.15602765002179,-1.62045825315988,2.96778132734969
0.594082055667684,20.9850744467263,21,21.167694610994,0.680325622520354,21.9778123101875
-1.94706978786527,2.25931379531461,1,0.543814011627413,-1.41279648683389,3.511533717666
0.393232253682246,18.5930052458559,19,18.4538598015398,0.590332533439333,21.0162436998788
0.889691027315155,23.8264770250477,24,24.3415967295389,0.893033744995856,23.9025157902082
-1.10255356609101,4.57875628828298,4,2.81858790650854,-1.05719383499931,4.80589002627673
-0.60461419866714,7.59959893148065,9,5.98886056997595,-0.317271972358803,10.2588137783377
-1.94706978786527,2.25931379531461,1,0.543814011627413,-1.49619531688556,3.27938249656112
-0.681284003018086,7.0073978426762,7,5.35352273951861,-0.771139311150751,6.40001804286403
0.0428324185225146,14.2070899570264,12,13.4260604522082,0.169053181938395,15.8341652484484
-0.526216517669592,8.25328768352014,8,6.69796683978692,-0.294705784708625,10.4886187485558
-1.15112772540744,4.37666335079313,5,2.61298873314228,-1.39806857547232,3.55474451562491
-0.814452154113599,6.09295231677218,6,4.38574985315872,-0.630818511458647,7.42186524991418
1.37450945935189,26.5641808083694,26,27.327554455875,1.21626369725567,25.91800798951
-1.72109721867826,2.70631559600861,2,0.964014809710734,-0.994516038667138,5.10398088058655
0.804626591244347,23.1069155694207,23,23.5446741868121,0.601398875601284,21.1388097363016
-1.49817725789958,3.24103649235477,3,1.47960995653126,-1.3926906620331,3.57070021226906
-0.999502201862614,5.05405498361841,6,3.30564848804554,-0.698988270376291,6.90486032772021
-0.302698809378805,10.358780029562,10,9.03301790673788,-0.166908642199488,11.8467909633364
1.18191378265427,25.7212044984373,26,26.4133226081347,1.44876976512268,26.8381438003073
1.58585494193831,27.2223371276109,27,28.0500994935271,1.20454163750689,25.8614747526343
0.182701691700061,15.9329614810382,16,15.4094621553179,0.0596403179012278,14.4772788055646
-0.594923796171775,7.67780667855366,7,6.07327027768468,-0.291996632044876,10.5164150139395
-0.847234284387649,5.88990586822121,5,4.17303214454737,-1.16416456942872,4.35266661335597
-1.51827595017878,3.18798292497847,2,1.42783786166405,-1.28463567743454,3.91319882457814
0.611084064049379,21.1733202297517,20,21.3799350920037,0.840343299569072,23.4727691470699
-1.18627917278606,4.23832358365474,4,2.47281472618685,-0.695434527892978,6.93085488225456
-1.06467487882624,4.74577227873033,4,2.98919531870884,-1.61175206459281,2.98843589901087
-0.640896355385013,7.31343120143933,6,5.68100251570485,-0.778769522219864,6.34917841615236
0.242038915835321,16.6823898525631,16,16.2692620752631,0.417330093039527,18.9715040618992
1.78012265876914,27.6515752435453,28,28.5375425808411,1.23253583522443,25.9946956256192
0.0127750051590611,13.8468829846132,14,13.0120236984765,0.504418918986597,20.0280434578168
-0.251780566103931,10.8833438430823,11,9.62498221974778,-0.333137654887902,10.0991099610152
0.375014084805519,18.3650309981509,19,18.1938602891482,0.304273868068208,17.5496893235107
-0.164402934545565,11.8189992615426,14,10.6881895027418,-0.168969001192245,11.8241484300019
0.509691263674465,20.0135672886507,22,20.0689873068504,0.145802819255558,15.5423307533352
-1.48572598614955,3.27445841541583,3,1.51228968948381,-1.72323269951509,2.73565316562385
0.572386779533546,20.7410301156587,22,20.8922119438774,0.370315133554528,18.3848998139746
1.54235386144997,27.1054727698821,28,27.9203576161336,1.15489402581252,25.6096285938363
-0.157790365762827,11.891589318099,11,10.770997461464,-0.106393445978869,12.5224635791225
0.106856920438355,14.9879799671088,15,14.3237895564034,0.113106229953424,15.1348347046912
0.584131638639378,20.8736681518066,21,21.0419821341994,0.742231274428061,22.5898894176965
0.627886026648757,21.3566568766841,22,21.5864172238898,0.757097305603966,22.730592184381
-0.679380305513155,7.02152414800868,8,5.36859913736161,-0.806661877666415,6.1674470769507
0.0629211488017145,14.4501923394542,14,13.7055414091072,-0.111373643594483,12.4660870724557
-1.45182088712012,3.36771273447448,3,1.6037317624339,-1.11301811791893,4.5611913887268
-0.482371921879713,8.6391330502521,9,7.12026932188716,-0.434488445604255,9.11682372361547
1.37114674595479,26.5516803834189,27,27.3139608792288,1.22173407667514,25.9440191981146
-0.468627240479032,8.76296632526359,8,7.25637511909721,-0.28686898013789,10.569146194771
-0.186596698214503,11.5771800558888,11,10.4126329577697,-0.338036928721394,10.0501089002992
-0.052103335154646,13.0847819639487,14,12.1367729089709,-0.0953839411794739,12.647578294814
1.01342593687235,24.7323356664066,25,25.336823693672,1.27455369570857,26.1834080469876
0.397375830656693,18.6446938189443,19,18.512781169806,0.189667939621753,16.0941172091166
-0.558610461877155,7.97743212543507,8,6.39773805628479,-0.782465481332402,6.32472677277984
-0.95837081819472,5.26320345530225,5,3.52142522113213,-0.799688572016859,6.21227787609825
1.60335847998575,27.2669863425849,27,28.0999239489106,1.57260431033314,27.1990770544764
0.750842912428946,22.6102342454977,23,22.9916024416806,0.94918870651848,24.3270867556627
-0.0280608752021922,13.3646660494996,15,12.4580465921676,-0.0196269578621867,13.5263020267746
0.564767597255313,20.6543391804269,20,20.7942664878735,0.70954138588114,22.2718849862877
-0.996884908620119,5.0670171174971,5,3.3189963617921,-0.915112035194729,5.52066825447248
0.190715254941316,16.033779402852,16,15.525201755217,0.204034339994849,16.2758331877503
-0.76793735327732,6.39588266893053,6,4.70456882453176,-0.606325576832046,7.61697904674042
-1.50108643139316,3.23328948901476,3,1.47204212222331,-1.265975066574,3.97696305615048
0.65005430198098,21.5943128006247,21,21.8537333992713,0.656384145257038,21.7300437907343
1.13258206179555,25.4585450447722,26,26.1282308994528,1.14098959459165,25.5353759527292
-0.852306497360554,5.85924981666139,7,4.14098397459845,-1.15928574309278,4.37194889553395
-0.0259474175846904,13.3894140505024,13,12.4864651369348,-0.249563156069275,10.9574996274935
-1.34874457305844,3.67347452096222,4,1.90602949118837,-1.69200881887735,2.80399916362427
1.11658140289401,25.3687646132593,25,26.0306646794765,1.32334015540321,26.3865353595354
0.808390347800593,23.1404627561247,23,23.5819455464204,0.523405808599929,20.2516537959257
-0.497324129278687,8.505965453233,8,6.97421178734259,-0.773574490462545,6.3837398677498
1.10068830896667,25.2772888534997,25,25.9311842162063,0.869642452861193,23.7155307254356
-1.72109721867826,2.70631559600861,2,0.964014809710734,-2.25312691581449,1.79221675556017
0.390009138780194,18.5527553544863,19,18.4079704091679,0.366821309421653,18.3409821610171
0.424220348781383,18.9778857628677,18,18.8923363628783,0.449284100188171,19.3644192020159
0.202211628119775,16.178664370457,16,15.6914931414592,0.399704849623874,18.7526420174816
0.50201154409028,19.9223901325792,19,19.9656066054914,0.56765010157774,20.7614812532745
0.0285155557199566,14.0349769414161,14,13.2282110345766,0.0299507862044773,14.11752851664
-0.255441454307683,10.845112495316,11,9.58172748951366,-0.863758050738635,5.81529535492505
0.59017821254906,20.9414735915711,21,21.1185039916504,0.106467462516469,15.0525615360363
-1.32728996039256,3.74178453659653,3,1.97404081056927,-1.06505096851013,4.77030823992229
-0.200635732334982,11.4256661326502,13,10.2402343255383,-0.0764230846532515,12.864612396354
0.272153644946174,17.0643872990013,17,16.7069677768998,0.251717508078596,16.8812141673983
1.10967886562209,25.3293197237308,25,25.9877773126727,1.04882336240212,24.9992671740265
0.686225754536382,21.9713516323662,22,22.2769869155426,0.743365269601896,22.600708973315
-1.1180898578031,4.51268385634762,4,2.7512651807087,-0.968819524099696,5.23386344341233
0.478208364182341,19.6372324098788,20,19.6420135361612,0.3868799840127,18.5925639328992
0.181878033046944,15.9226077815381,16,15.397574880907,0.24364301696337,16.7785342227253
-0.236769096848761,11.0409373967087,12,9.80345401163953,-0.32591566849451,10.1716137889895
0.780213483638918,22.8854658421401,24,23.2983675101927,0.745676448751958,22.6227159278302
-1.0037683738503,5.03302577521693,4,3.28400058937326,-1.25431379867144,4.01756556680899
0.969209303597397,24.4272175078026,24,25.0026350525717,1.0691649887457,25.1243769635644
-0.233611557843748,11.0742542736548,11,9.84121915875958,-0.150481181470663,12.0281798908908
-0.137820428633419,12.112307500197,12,11.0230197197946,-0.0740912596280648,12.8914387902181
-1.18970081459289,4.22519451489859,4,2.45953674766366,-1.23385289033009,4.09025838008474
0.284955332520323,17.2268556135271,16,16.8930022877613,0.620810787674621,21.3509724827552
-1.15453885828865,4.36295651415335,4,2.59907899545966,-0.66591913059227,7.15083408650131
-1.48756459352629,3.2694959508872,3,1.50743428368167,-1.67080294507474,2.85146901250922
0.642532587957155,21.5142253100679,22,21.7636950252331,0.475378814709495,19.6809856400607
-0.202314947929188,11.4076192841396,12,10.2197137148732,-0.0374126067336588,13.317256091113
0.460989446979019,19.4287080857723,20,19.4051348663139,0.653944104111244,21.7044552204056
-0.484318562392815,8.62170423629997,9,7.10113526715197,-0.423151941078286,9.2233249307716
0.411445492806176,18.8197051001201,19,18.7122020350891,0.375545538962451,18.4505727147795
0.0126131612622336,13.8449552901215,14,13.0098083136175,-0.0429069401715476,13.2530132387115
0.29223286001156,17.3192023552181,18,16.9987084253084,0.0431954081141859,14.2775087095446
-0.692516655273222,6.9246507587031,7,5.26528780417042,-1.03742088571092,4.89715612362966
0.927900433025934,24.1236484475534,24,24.669100878647,0.54428868344446,20.4943268021767
2.02813064177537,28.0346642835505,29,29,2.25826187329403,28.2816087000349
-0.426601121581493,9.14985073988099,8,7.68333552432902,-0.649623902319459,7.27539207592305
-1.41785579843054,3.46460157449706,3,1.69912611117111,-1.28956301166987,3.89660448112852
-0.896539588417093,5.60038204950085,6,3.87107237660147,-0.689808400242696,6.97222471492953
-1.28560395964482,3.87962806595448,4,2.11175907494648,-1.46514592676797,3.36343100843775
-0.668147842710495,7.10547741919598,8,5.4582784473418,-0.510893708553209,8.42261885112956
0.921094373360818,24.0718779269683,24,24.6121166185796,1.02536532257166,24.8500113703523
1.05155661900178,24.9795556194144,25,25.6068416517409,1.07039052775772,25.1317884955909
-0.0542734752815343,13.059669122056,13,12.1079585105532,0.0560269168519237,14.43327827651
1.42235013948539,26.7345060709717,27,27.5130842860574,1.83616347980319,27.7576597515236
-1.67576018067112,2.80637136270911,2,1.05940915844794,-0.880161459300061,5.71895471610086
1.03572195385222,24.8786434044845,25,25.4967035429883,0.866594179935985,23.6907185656088
-1.49817725789958,3.24103649235477,3,1.47960995653126,-1.11302756047589,4.56115155276224
0.416522475177961,18.8826558096829,18,18.7839020989564,0.290089776731845,17.3693819771775
-1.49817725789958,3.24103649235477,3,1.47960995653126,-2.07333463085243,2.07335116404853
0.842980186794267,23.4413410835088,24,23.9157222717676,0.97838931786172,24.5345962766175
0.529489407168635,20.2466373910937,20,20.3330556378712,0.623444737410834,21.3794764582358
-0.866920324982101,5.7720511304255,6,4.04992306773724,-0.88519374573944,5.68982265831241
0.346894996126224,18.0112318507011,18,17.7899724774138,0.394875891311577,18.6924445405215
0.712716033812233,22.2387408584081,22,22.5764847858778,0.552734825768525,20.5914554423631
1.45279229293233,26.8358952840075,27,27.6238729531055,0.940275648548852,24.261958935862
0.440603524751916,19.179626629448,19,19.1219221781669,0.115560473534934,15.1652914750797
0.782013524457407,22.9020215010179,23,23.3167976524612,0.96951070901455,24.4724447594892
-0.775919421834221,6.34264987955209,6,4.64841703171338,-0.426299493054482,9.19366718986025
-0.108825936093873,12.4367390638699,13,11.3940420926836,-0.161446174902683,11.9069375187252
-0.384492888966284,9.54956557068553,9,8.1271035873132,-0.715185031238287,6.78772783540362
1.20264712400595,25.82545022111,25,26.5263586907673,1.38682830720921,26.6270896553471
-1.27471106831366,3.916815827269,4,2.14901726652167,-1.95153621937104,2.28456524542064
1.37471703688502,26.5649501164395,27,27.3283911260661,1.49707861274077,26.9880227404559
1.37084958551723,26.5505722997463,27,27.3127560210259,1.50388121234064,27.0081582758585
-0.0445611246001862,13.1722548522185,14,12.2371555921893,0.0455997282429702,14.3066385222621
0.0474015089203064,14.2622204338105,16,13.4894388559797,-0.0144959238174221,13.5869156388144
1.54235386144997,27.1054727698821,28,27.9203576161336,1.35796636049388,26.5209240418173
-1.10144322216225,4.5835314043528,4,2.82345719557313,-0.877742839042913,5.73302666777466
0.171540052986994,15.7928011302638,15,15.2485238141191,0.092696122910487,14.8824383246916
0.761306088535299,22.7093843362247,22,23.1021918474578,1.06582937039795,25.104132461991
-1.67576018067112,2.80637136270911,2,1.05940915844794,-2.08875437017534,2.04787040570424
-0.0814582661259984,12.7472268412069,13,11.749663171199,-0.126763654291023,12.2927391260015
1.50931917342155,27.0107834502698,28,27.8158342133801,2.06777480689885,28.0860279577821
0.727365416288259,22.3833607844313,23,22.7382275023191,1.25541254891996,26.0990738859536
0.20179082769201,16.1733563077419,16,15.6854016325561,0.412292997065898,18.9090983800758
-0.753872222433901,6.49095095931012,6,4.80498519711133,-0.700304585829217,6.89525875265078
0.256299562735075,16.8632178702556,18,16.4765117217432,0.208387921213174,16.3309774875018
1.78012265876914,27.6515752435453,28,28.5375425808411,1.58124122602521,27.221539413922
1.76874715879188,27.6300730199637,28,28.5125569126859,1.58125895158707,27.2215851776417
0.376591865523668,18.3848177268566,18,18.2164345458739,0.344840269839672,18.063868161
-0.824034262462633,6.03271720623955,6,4.32256393499006,-0.873176595589767,5.7597190487115
0.094698962910859,14.838367031335,14,14.1518054130657,-0.00146786309679261,13.7414235207208
-0.293532295286187,10.4520619942411,9,9.13803551735093,-0.129861241187355,12.2580082272359
1.15372520680811,25.5736936084168,25,26.2532717057078,0.817876367992714,23.2801244297503
0.367195928601307,18.2668743874401,17,18.081853633787,0.35070946831029,18.1379876269716
-0.18610557849495,11.5825008287069,11,10.4186908234324,-0.0950957851753157,12.6508619273114
0.286865119223524,17.2510911689504,18,16.9207464260636,0.0202377131143762,14.0007381301541
0.914745311298629,24.0231310498977,24,24.558433146361,1.02481553516764,24.8464483200261
-0.0189493077760116,13.4715249993966,14,12.5807654837849,-0.122241072062355,12.3435434229667
-1.01459708177304,4.98019458034055,3,3.22965411086583,-1.21165135718448,4.17130203318103
0.10124662345316,14.9188685925998,16,14.244346105914,0.0246724201463307,14.0540046362197
0.669939589636649,21.803268637519,22,22.0884330892374,0.773673322719508,22.884571301312
0.89631671101878,23.8791516450487,25,24.3997190316352,0.877677619932979,23.7804422396738
0.252698264262409,16.8175382109777,17,16.4241660173092,0.265844768459148,17.0609378622864
0.475344483457717,19.6026756108896,20,19.6027720294787,0.535592253254692,20.393698061473
-0.832565248449999,5.97970677967565,6,4.26701370541763,-1.04503745807293,4.86170531349504
2.02813064177537,28.0346642835505,29,29,1.18892815984069,25.7844629205711
-0.689539049104653,6.94648502508779,8,5.28855728514925,-0.559610997708346,8.00247949673231
0.73577955257387,22.4653670302317,23,22.8298645764441,0.854245526186899,23.5891487539023
0.05532590978723,14.3580635604401,15,13.5996240082462,0.00208117962411357,13.7836629961525
1.09804694676542,25.2618609367993,25,25.9143987537987,0.823737910635827,23.330929942103
-0.961455429672633,5.24710913802169,5,3.50479046552937,-0.562609319274335,7.97721849451022
0.369581140928607,18.2968395755288,19,18.116050794817,0.22989521184431,16.6038303451245
-1.04675901879941,4.82780764877851,5,3.07321371270739,-0.84992110719155,5.89822175141204
0.233322052384027,16.5719510998972,16,16.1426437066644,0.173833364477228,15.8943507242699
1.61231307898042,27.2893233720622,27,28.1249096170658,1.52924038560944,27.0812071015812
-0.694438975340547,6.91059335048784,7,5.25031124544296,-0.161775555238535,11.9033059758963
1.12704580890999,25.4277408777293,26,26.0947629398704,0.979241693149167,24.5405200247328
1.04967231788659,24.9676761030617,25,25.5938816811847,0.994387535949221,24.644531564103
-0.469023840222433,8.7593742550073,9,7.25242320758564,-0.400055888726395,9.44298990307073
0.475636716375657,19.6062041624556,19,19.6067791921255,0.514880857257399,20.1515934060539
1.76874715879188,27.6300730199637,28,28.5125569126859,1.65034095031723,27.3899606147018
1.31177285138345,26.3188392491464,26,27.0611415414374,1.10328836916909,25.3254925965361
0.716391014618889,22.2752396853507,23,22.6173214906532,0.730424813769172,22.4763960921821
-0.183866689143449,11.6067743420191,11,10.4463300577571,-0.466251153225879,8.82316689481062
0.689345439733574,22.0032301992399,22,22.3127233901669,0.562353710655777,20.7013275720142
-0.301397537682954,10.3719911081047,10,9.04788414857363,-0.821398026415828,6.07402449172114
-0.601614778224458,7.62372671238567,8,6.01488919059801,-0.562939456418916,7.97444136676778
1.07606423578234,25.1309352380014,25,25.7718610762036,1.07407182014066,25.1539659995424
2.02813064177537,28.0346642835505,29,29,2.35521682241597,28.3623301595569
1.7030517389655,27.4976920546833,28,28.3602830472768,0.918023479307133,24.09565770217
-0.628337838962561,7.41128857924848,8,5.7860994619602,-0.389873815854454,9.54095836592915
1.80334567329303,27.6942490263466,28,28.5873670362246,1.15362821660616,25.6029377442379
-0.927622755944864,5.42736822194648,6,3.69138840026155,-0.623838358080813,7.47697197096811
-2.02265203188019,2.12608417004804,1,0.420200798083321,-1.31337157751186,3.81780576629945
-0.44464395185089,8.98224780613476,10,7.49805323688864,-0.284291051060902,10.5957163863781
1.76874715879188,27.6300730199637,28,28.5125569126859,1.69476343131427,27.4883833400084
-0.500211211587437,8.480439776928,9,6.9462521147816,-0.480651998355276,8.6923759544654
1.26024584330197,26.0970242503591,25,26.8206849689458,1.21627435258811,25.918058883217
-0.622657463521008,7.45596756865861,8,5.83414527499508,-0.57403170802222,7.8816299017777
-0.178076985330299,11.6696776425516,12,10.5179786313132,0.0438462407124993,14.285391293773
-0.0226291957159183,13.4283162171485,14,12.5311402909477,-0.00444120900292206,13.7060847332846
0.739096737002024,22.4974836581433,23,22.8657372086718,0.698252629506908,22.1593499080296
-0.193297265635702,11.5047242728691,12,10.330164337916,-0.00244318952567486,13.7298266500429
0.413866344789841,18.849735707328,19,18.7464085659248,0.305946733351868,17.5709422659963
1.80334567329303,27.6942490263466,28,28.5873670362246,1.60205777926827,27.2743520659699
0.899465070763642,23.9040123385499,24,24.427140285993,0.722011439678136,22.3945801814084
0.130098909824731,15.2755509878166,13,14.6543048273196,0.249298760523257,16.8504516805182
0.504790825535784,19.9554351619005,19,20.0030794331517,0.749612097619934,22.6600543352381
0.101862261588825,14.9264464275072,15,14.2530569936116,0.00204479355895147,13.7832296202602
-0.29705988976239,10.4161033383412,10,9.09753957226187,-0.437667359815414,9.08711739124014
-0.256438295572198,10.8347160257444,11,9.56996785482263,-0.180191320713701,11.701241999309
0.322958237012664,17.70868000938,18,17.4442326857843,0.54461549062604,20.4980961698426
2.02813064177537,28.0346642835505,29,29,1.7595756616977,27.6195743124549
-0.17330019261905,11.7217198011648,12,10.5772808726145,-0.185294638432807,11.6455872935462
-0.0528554879020228,13.0760752206219,13,12.126782571195,-0.34012541548182,10.0292659651788
-1.07012814984076,4.72119624271781,4,2.96405291291054,-1.13370496133433,4.4751254077976
1.4012191395745,26.6609777276061,27,27.4329145288196,1.63772758230514,27.3606570908448
0.139833964136876,15.3965716646319,16,14.7933696731307,-0.069578896249453,12.9434348311454
0.0824676041850945,14.688452110314,16,13.9794611007307,-0.0880912890092845,12.7308205613637
-1.28560395964482,3.87962806595448,4,2.11175907494648,-1.28399336518915,3.91536939136226
0.095047368856312,14.8426462614494,15,14.1567247108361,0.101019502937599,14.9851715748869
-0.972366290377806,5.19071907514924,6,3.44654661639655,-1.70161584588438,2.78277713323243
-0.26335999533262,10.7626892317465,11,9.48853121830044,-0.342165550272946,10.0089318975217
-1.95566501610693,2.24379295020179,1,0.529381717702266,-1.64841054959783,2.9025586398086
-1.18796299934726,4.23185532195096,3,2.4662725436089,-1.58037859702015,3.06426134490808
-0.738323186860809,6.59793591668465,7,4.91819603326828,-0.802311742449358,6.1953666858671
-0.543109919329168,8.10843457957266,9,6.54013714502394,-0.870224063965596,5.77706571168954
-1.33730217558641,3.70969096152107,4,1.94206737569014,-1.26098725134125,3.99425754776011
-1.51827595017878,3.18798292497847,2,1.42783786166405,-1.18403146432476,4.27541765338747
2.02813064177537,28.0346642835505,29,29,1.99057514962587,27.9894589965497
-0.449344011979767,8.93895732853729,10,7.45027470946705,-0.660691930744944,7.19054985155299
-0.956119697387183,5.27499157748604,5,3.53361237043862,-0.991552969603492,5.11872307598137
-0.20347279450909,11.3951851454027,13,10.2055769283098,-0.262687554877033,10.8199357895767
0.573394038234866,20.7524530195517,22,20.9051144713502,0.726717568521393,22.4404410842237
0.0143388124192311,13.865515860053,14,13.0334376184911,0.171735294728236,15.8679274552814
-0.669838381943321,7.09277616075418,7,5.4447021498345,-0.806655691416697,6.16748667025565
-0.323359269232335,10.1504177023171,10,8.79886001384322,-0.152384894648419,12.0070815300939
-0.732111690548678,6.64122886087263,7,4.96407089628824,-0.998553568622198,5.08399002880101
-1.63185180359139,2.90717180948204,2,1.15602765002179,-1.46314792098741,3.36893302304506
1.47891290061733,26.9188019761322,27,27.7147189232461,1.70580700859573,27.511742829303
0.0862087569018318,14.7342403865811,15,14.0321010046224,0.105890482076438,15.0454190055403
1.2613465622569,26.1019653212874,26,26.8260395910994,1.03846783677833,24.9340428172269
-0.0212309121918437,13.4447264612346,13,12.5499868947701,-0.199260465767351,11.494040949863
-1.2597732714751,3.9686342979759,4,2.20100451454458,-1.54920571985889,3.14186153786648
1.223511961309,25.9268303611257,27,26.6362473902631,0.773966085206836,22.887263218467
0.3879587183412,18.527130667443,19,18.3787520735574,0.411585212806084,18.9003200811136
1.08547698399447,25.1875516435595,24,25.8335192704295,1.16712876521049,25.6735964483844
-1.11929066010233,4.50763424649582,5,2.74612410170377,-0.718805484120362,6.76184646929879
0.332295730693143,17.8268219815072,19,17.5792765188411,0.409989037655624,18.8805151464211
-0.478419594196416,8.67460319965965,7,7.15922673551033,-0.384176689721261,9.59607114988726
0.980192310742533,24.5048933793321,24,25.0878109804472,1.00334234583605,24.7049241227018
-0.6713800729179,7.08121356088248,8,5.43234566980098,-0.392305467511351,9.51749979852056
0.933004705054128,24.1621460528746,25,24.7114560571011,0.164648057978394,15.7787552769133
-0.827976414059983,6.00814912969811,5,4.29681212631403,-0.562310144075177,7.9797359052369
0.390058430411047,18.5533711833234,19,18.4086725711809,0.280025909488961,17.2413693092575
-1.50108643139316,3.23328948901476,3,1.47204212222331,-1.35951009919352,3.67131640598629
-0.0873075757171655,12.680521694543,13,11.6732218659858,-0.140731026781903,12.1365575236928
0.481429206006177,19.6760347404817,20,19.6860692944167,0.601099119705006,21.1355050456933
2.02813064177537,28.0346642835505,29,29,1.71383077880043,27.5284484596122
-1.72478150293364,2.69835503100555,2,0.956446975402783,-2.94212162346239,0.983150104546053
1.18668983481202,25.7455329903853,26,26.4397071664856,0.939211634262166,24.2541277383451
-0.616715942865766,7.50297736215982,7,5.88473906847087,-0.291991951682083,10.5164630733083
-0.298501867654767,10.4014262605597,9,9.08101533968859,-0.391948886764245,9.52093736627689
-0.31951170022185,10.1890214101965,11,8.84219831591293,-0.00444629969963794,13.7060242677599
1.76874715879188,27.6300730199637,28,28.5125569126859,1.52145238258419,27.0591063505054
-1.67576018067112,2.80637136270911,2,1.05940915844794,-1.27382997796612,3.94994342576719
0.266085189414735,16.9873755623221,17,16.6187582152859,0.265171236152539,17.0523681733147
-0.888742146117309,5.64492356083666,6,3.91742342930474,-0.676460819002814,7.07143127231081
-0.0918944919225428,12.6283433445125,13,11.6134421596919,-0.246099501083549,10.9939726909027
-0.85559265187913,5.83949636448029,6,4.12034295300959,-1.07517291326802,4.72503241566567
-0.249595984587193,10.9061955597689,11,9.65084439007301,-0.338730208902098,10.043186998815
-0.147327374821925,12.0069520479161,13,10.9026790867026,-0.303891058070429,10.3947063615328
0.717001608350577,22.2812897406189,23,22.6240895270074,0.513893682057012,20.1399705262704
1.65043794529598,27.3807447921965,28,28.2276305069644,1.7455178423699,27.5922978714296
-0.0786615224022639,12.779186484924,14,11.7862946966957,-0.0828386978066645,12.790956787485
1.04350516885438,24.9285526858146,25,25.5511893727028,1.38693637521992,26.6274775097492
-0.708243262436006,6.81053737100391,7,5.14382330723792,-0.287727607813869,10.5603053336137
-0.109175763342538,12.4327968953348,13,11.3895300796967,-0.192414187712818,11.5681922749274
0.0457784385364415,14.2426254550281,15,13.4669121429577,-0.173875993281368,11.7703193362124
0.655587921984097,21.6528668631936,21,21.9195337028279,0.736297691064865,22.533043911189
-1.16197348143056,4.33329540371026,3,2.56899452062552,-1.39163164759897,3.57385352651561
-0.83765756465265,5.94833963882329,7,4.23416887072352,-0.928149228873402,5.44908941673077
-0.500828972052532,8.47498586614501,9,6.94027968839751,-0.565798628021084,7.95042558417982
1.18916535993704,25.7580683360613,25,26.4533007431318,1.36412279135701,26.5440065509837
0.359976765626982,18.1760849628654,18,17.978221681345,0.35269310139823,18.1630183622401
-0.546627678949334,8.0785432976084,7,6.50761698635761,-0.840917779209068,5.95300329893835
-0.313052576810369,10.2540332236667,8,8.91522982902906,-0.417998966182079,9.2720238102287
1.23809224994899,25.9956280482343,26,26.7108051785739,1.30774552422682,26.3234038447276
1.40243662569798,26.6652862049199,28,27.4376086320772,1.40661973962699,26.6969497692956
0.0919335430854234,14.8044186937109,15,14.1127788713899,0.0532128866658832,14.3990525414396
1.37884542934384,26.5801943355856,26,27.3449722897222,1.07509380559948,25.1601001617092
0.463519049641597,19.4594531597583,19,19.4400733277602,0.254725726231757,16.9194779941882
-0.445863790673115,8.97099757620101,9,7.48563354333821,-0.380116596023887,9.63547679080363
1.1954771392201,25.7898002437318,26,26.4877081256043,0.487048047169976,19.8211446360523
-0.00695209289058542,13.6128769719705,14,12.7431371738306,-0.706073457648124,6.85335041908558
-0.15379847974741,11.9355302030676,12,10.8211427143153,-0.201964966653306,11.4648226987414
-0.168524992646472,11.7738742882575,12,10.6367330790346,-0.331105586775235,10.11947787401
-0.0807105074196091,12.7557676542095,12,11.7594520428717,-0.0968793845027991,12.6305445526625
-0.312103912079827,10.2636032900662,11,8.92598529018416,-0.24415825751329,11.0144451153324
-0.181412105393203,11.6334192653702,11,10.4766752922632,-0.201748357823186,11.4671613022837
-0.430234558408614,9.11591943579627,8,7.645786398297,-0.666056868387641,7.14979064030679
1.17967687986814,25.7097445803061,26,26.4008931046972,1.58025825868829,27.2189994528331
0.374385381102715,18.3571443776385,18,18.1848621974562,0.190037987594657,16.0987925284535
-0.0274063279068373,13.3723281371265,14,12.4668449264006,-0.257481805300542,10.8743787819521
0.215205079069001,16.3427310556137,17,15.8797437240966,0.491433562883514,19.8735800790538
-1.27180023582361,3.92683815845066,4,2.15906588415638,-1.36392371960176,3.65771200939756
-0.161778049215315,11.8477845638529,12,10.7210218846197,-0.498562935750151,8.53179856357094
-1.03198347480664,4.89698622789587,6,3.14417351142418,-1.27881388564531,3.93293505261821
0.293557498137038,17.3360088225429,18,17.017943378775,0.251722759018404,16.8812809542005
-1.31649249136654,3.77682653507101,4,2.00899167423353,-1.5134641917265,3.23378118296276
-0.349387327585625,9.89169697521512,10,8.50895211165817,-0.180774464258218,11.6948749754507
0.293002209881007,17.3289636541575,18,17.0098803107704,0.152744570001238,15.6292972920964
-0.123870859195575,12.2678113765893,13,11.2007752597605,-0.0558176430953264,13.1026845060945
1.78012265876914,27.6515752435453,28,28.5375425808411,1.33939642098801,26.4498278939351
-0.586506836877539,7.74633849962288,8,6.14733311375861,-0.187245859664187,11.6243472543464
-1.66937361395714,2.82078757837907,2,1.07319572932968,-1.62820908610131,2.94953072569548
-1.49817725789958,3.24103649235477,3,1.47960995653126,-1.07524201999834,4.7247254541009
-0.462161412302678,8.82168569628369,9,7.32100917509061,-0.671813594240765,7.10632125627177
0.956811825479666,24.3380165301006,24,24.9047370529207,0.9693411231611,24.4712496583075
-1.96393140410669,2.22895757299868,1,0.515595146820531,-2.29043211116942,1.73802171108097
-1.08577307316587,4.65169038567457,5,2.89301552427017,-0.904234678877882,5.58137272208528
0.764528500516214,22.7396755095166,23,23.1359601154882,0.37770004171157,18.4775979708086
0.589417312476493,20.9329591542395,22,21.1088965879579,0.230229046094802,16.6080703757728
-1.49579398429945,3.24740039320696,3,1.48582869310505,-1.91959485414558,2.34306496172463
-0.456295879227124,8.87520881864098,8,7.37997650147584,-0.199477111839772,11.4916988561261
-0.257341695880529,10.8252991732825,11,9.55931734946298,-0.581075911856562,7.8231930784805
0.0383071727296539,14.1525843096819,14,13.3634020921495,0.286912727835437,17.3289751604712
-0.029742083969976,13.3449961390861,13,12.4354604464986,0.0504045948146932,14.3649325127811
-0.397629478533251,9.4235984652837,10,7.98697266421532,-0.519647548966086,8.34579719116383
0.223470144805367,16.4472434328125,16,15.9996284690277,0.0928099368048099,14.8838412327518
-0.202576149743717,11.4048135578277,12,10.216523665701,-0.347775664117089,9.95315026455042
-0.378313384671624,9.60921234975508,10,8.19354488039702,-0.279382856728936,10.6464140223219
0.238545400443856,16.6381186566027,16,16.2185088348011,0.291914849053359,17.3925911006435
0.136093162292506,15.3500302173547,16,14.7398911738076,0.224811538768695,16.5392788291654
0.21379515923365,16.3249135404414,16,15.8593028788148,0.201668386544181,16.24587930162
2.02813064177537,28.0346642835505,29,29,1.85128522508815,27.7829554959916
0.981833281238004,24.5163908890189,25,25.1004128515324,1.14169729868555,25.5391956370344
0.0491789145071749,14.2836925968807,15,13.5141238167837,0.294334359900201,17.4233560688958
0.00156794069790787,13.7137041773101,14,12.8589822243789,-0.0670799649223386,12.9722774600008
-0.884156248633413,5.67133602496734,6,3.94492674363354,-0.537702589726559,8.18917547215318
1.21251085292988,25.8738118878249,26,26.5787831581615,1.12388019917311,25.4416959013381
0.0516324145944914,14.3133562180861,14,13.54822620965,0.161742699609949,15.7422390495846
-0.408195061301688,9.3231137106544,9,7.87537284771047,-0.481016946072236,8.68908080270943
0.155651259518443,15.5938627227229,16,15.0200324075194,0.085141717579341,14.7894381761234
-0.819557661585796,6.06076655097593,6,4.35197877820866,-0.571624005738086,7.90169348152799
-1.94706978786527,2.25931379531461,1,0.543814011627413,-1.23784378279088,4.07593184245846
-0.09303789115221,12.6153545451484,13,11.598563187904,0.0969140453416642,14.934464600535
-0.590628351064206,7.71271099718829,9,6.11098039451386,-0.563071882162621,7.97332763533374
1.59853689122792,27.2548185120474,28,28.0863303722644,1.3452687355132,26.4725517173471
0.270937828281803,17.0489573695188,18,16.6892956532333,0.820941080035446,23.3067361898361
-0.451115166999028,8.9226837951159,8,7.4323224576934,-0.665507037970631,7.15395687721129
-1.05259345703446,4.80087228831095,4,3.04561166671852,-1.27946399621992,3.93072413322824
-0.228281826326855,11.1306233155989,11,9.90514081161241,-0.254204039872274,10.9087403098214
0.542098179848005,20.3935112236653,20,20.4993135922361,0.470829765564184,19.6261039719889
-0.968651792185203,5.20982263310868,5,3.46627124945643,-0.481617434193902,8.68366102640003
-1.00350764682111,5.03430746490349,5,3.28531973458585,-1.35695180390019,3.67923374572012
-0.200102516834022,11.4314000957333,10,10.2467548968959,-0.330535666303314,10.1251949249971
-0.565998257270795,7.91564357154992,8,6.3306867141887,-0.493929449331165,8.5731146354766
0.655935075868829,21.6565298917499,21,21.9236492165476,0.643064083199547,21.5896099956524
0.376284517471716,18.3809639225183,18,18.2120379395098,0.287469904043273,17.33606193351
-0.248884645127512,10.9136425712249,10,9.6592737226439,-0.214205862189532,11.3331024396901
-0.205273850733282,11.3758589197291,11,10.1836071602988,-0.0414598426982043,13.2699180468369
-0.719621608942078,6.7292420680325,7,5.05744430197007,-0.656432896274433,7.22307738307553
1.11073542279714,25.3353856269464,26,25.9943735009375,1.08023669312426,25.1908198400763
1.2480366689837,26.0416057854731,26,26.7606296339574,0.921834441756607,24.1245165487277
-1.90713267999429,2.33273557003178,1,0.612213638394375,-1.92939098202623,2.32497844191748
0.0452301420901124,14.2360087419888,15,13.4593055030072,-0.190078299990329,11.5935533149281
-0.152177592184756,11.9533978637949,11,10.841537298135,-0.174458485062997,11.7639385368838
0.739468699183042,22.5010774123077,23,22.8697506915131,0.637785066333586,21.5334505708411
-0.654511749972484,7.20877902673678,7,5.56881275104681,-0.565931464893522,7.94931136998886
-0.119085803835037,12.3214028876177,12,11.2620702154074,0.0507713469149654,14.3693864115666
-1.55596605822285,3.09134677108086,2,1.33387042581893,-1.73782794614958,2.70431557973869
-0.124932328840109,12.2559404167191,11,11.1872002728098,-0.273639890329928,10.7059165577471
1.307351480969,26.300549212294,26,27.0413050924101,1.59012759535668,27.2443114366462
-0.167774955233805,11.7820779229843,12,10.6460865746268,0.355876635591669,18.2031684393142
0.419338677410829,18.9175259104637,20,18.8236116079214,0.135015536301403,15.4074880787607
1.23147116541946,25.9645920769455,26,26.6771716220914,1.27158198983557,26.1704908267733
1.39540847082293,26.6402915695935,26,27.4103825408039,1.70441584326807,27.5088237326268
0.509467851371726,20.0109207567983,20,20.065987152602,0.469745396880961,19.6130020690621
-1.41785579843054,3.46460157449706,3,1.69912611117111,-1.63787894995915,2.92694022157266
0.0174446211878491,13.9025573817208,15,13.0760091270942,0.208430593652725,16.3315181578318
0.13927559896314,15.3896217690272,16,14.7853840753657,0.248968014175957,16.8462453929973
0.178980999619993,15.8862042956532,15,15.3557776857213,0.330458108614449,17.8819097484302
-1.05509723367788,4.78937875769347,6,3.03383827640328,-1.14224994789309,4.44026755431695
-1.0822066780648,4.66740546603759,6,2.90906772532296,-0.987021390891123,5.14138641199923
0.780412476668983,22.8872978357152,23,23.3004070546097,0.798901095614316,23.1130100852858
1.19794392894748,25.8021128007063,26,26.5010576025005,1.61295854105615,27.3012780267453
-0.241903089948729,10.9868906086083,11,9.74221644785668,-0.229819662750202,11.1663410448998
-0.0112782115405827,13.5618216729483,14,12.6844848072407,-0.108036052566907,12.5038538967809
0.425081062446854,18.9885167550358,17,18.9044390439087,0.343116756745405,18.0420868456506
-0.565266143287109,7.92174786457209,8,6.3373077132165,-0.59546105106748,7.70508339994935
-0.584379179738101,7.76375029799153,9,6.16616448359656,-0.719641806483694,6.75588354331448
-0.321185470826102,10.1722167493154,11,8.82333009640784,-0.05902412698565,13.065487048846
-0.0763019432440814,12.8061834621176,14,11.8172415920994,-0.316970311766002,10.2618653033
0.602301240293917,21.0764138395018,22,21.2707050139422,0.659429885384602,21.7618975741859
-1.10697808978724,4.55979903610112,5,2.79926182936543,-1.28028820509785,3.92792367307415
0.162175924027133,15.675468793685,16,15.1137696262709,0.238630805785884,16.7148198503583
0.791670026433854,22.9902177996778,24,23.4149360942827,0.706118123103566,22.2379055754997
1.11188321033083,25.34196374725,26,26.0015263145504,0.799627493682749,23.1194818517544
0.253461382648916,16.8272170712792,17,16.4352577980732,0.300946622203133,17.5074095387824
0.439079417391366,19.1609152326516,19,19.1006356056327,0.219628200822216,16.4734957047881
0.890554137121818,23.8333661522863,23,24.3492000644817,0.78900871120331,23.0242852214393
0.277013862578014,17.1260698080414,17,16.7776066637438,0.265468358701866,17.0561486054875
-1.20697234985241,4.15980470605592,5,2.39347257850243,-1.03346375964595,4.91572197822795
-0.0719477624897876,12.8560806898688,13,11.8744474376516,0.0584927999544359,14.4632990758371
0.0868792939400538,14.7424533019522,15,14.0415427911294,0.0552084622240249,14.4233200948001
-0.00447921536773784,13.6421036247787,14,12.7767150954353,0.322973356032216,17.7870528626708
0.688916817876842,21.9988564252895,22,22.3078207775179,1.08178943562756,25.2000460287805
0.0242486837704076,13.9838706380354,13,13.1694676260281,0.241479532378314,16.7510298400751
1.09214122667187,25.2271320295657,25,25.8766057839207,0.538032887556623,20.4220020997029
-0.535384402034626,8.17440996553807,8,6.61197426692435,-0.535262388554625,8.21019863648441
0.327313849618961,17.7638058633741,18,17.5072509673561,0.356054202987828,18.2054070754953
-0.00638669252947347,13.6195566439969,14,12.7508111712793,-0.286874287342372,10.5690915355567
-0.45213395058983,8.91333303954235,9,7.42200919633453,-0.289787333637757,10.5391153941954
-0.83592128790484,5.95901146836883,5,4.24534134799401,-0.774451777942834,6.37788767727521
1.76874715879188,27.6300730199637,28,28.5125569126859,2.19625723586756,28.2238321512386
0.467969745972403,19.513456102761,20,19.5014312248441,0.435636061804195,19.1972576494148
-0.864602696119698,5.78576901321401,5,4.06423897768234,-0.937073489875402,5.40082473444812
-0.668921241102016,7.0996638738263,7,5.45206399711991,-0.46019712842784,8.87859231980517
1.07592542626349,25.1300940417375,25,25.7709447305405,1.01684741379726,24.7944712642795
0.696814494294325,22.0791330651833,22,22.3977797598005,0.961041834048618,24.4123960650125
-0.0657679006206643,12.9270752309411,13,11.9558584034364,0.0167110925177167,13.958447332872
-1.50108643139316,3.23328948901476,3,1.47204212222331,-1.33322724903297,3.75378832686002
0.929568981149009,24.13626392212,26,24.6829822926071,0.786107910517469,22.9980596248233
-0.839359914828847,5.93789952347448,6,4.22324107155371,-0.943160360290999,5.36824342947658
1.15265327754926,25.5679498375172,26,26.2470368052795,1.07531207036336,25.1614089564815
-1.46187651934381,3.33970448685537,3,1.57622844810511,-1.74982697637245,2.67883445654914
-0.495335797999273,8.52358036344867,8,6.99351328505025,-0.510111712629796,8.42950932875561
-1.94706978786527,2.25931379531461,1,0.543814011627413,-2.01018005812402,2.18060386249441
-1.34874457305844,3.67347452096222,4,1.90602949118837,-1.48299109275443,3.31479584328609
0.619529031486683,21.2658086373654,21,21.4841278914,0.682553250347119,22.0005577224419
0.361034059004786,18.1893903659228,20,17.9934110900484,0.412023407419117,18.9057550625936
0.408368813232742,18.781503167776,18,18.6686825433104,0.430156237983341,19.1298573528912
0.809423611465548,23.1496446984271,24,23.5921448750765,0.99090159393028,24.6208009478257
0.0214531043720108,13.9504343182661,14,13.131036214048,0.0692088182951462,14.5940755328178
0.272036355230451,17.0628987656143,18,16.7052629682169,0.400593050022665,18.7637037780967
0.66497992260541,21.7515325311866,22,22.0303529628528,0.605583623467616,21.1848552314033
-0.244021063868025,10.9646392655464,11,9.71701381332056,-0.611694178565432,7.57379476459907
1.42517601599606,26.7441404021423,27,27.5235989605962,1.82684271448722,27.7417579448758
-0.496331658594879,8.51475428784083,6,6.98384142709903,-0.452862186318259,8.94609155623567
-1.73490214885132,2.67661510379965,2,0.935795944903851,-1.39981201708343,3.54959243568897
0.00295356544852003,13.730136334602,14,12.8778636021502,0.00871151684431211,13.8627442172746
-0.0720504096529802,12.8549032133841,13,11.8730973722686,0.0114248332411725,13.8951695876965
-0.730579126505163,6.65195929327799,6,4.97544685102691,-0.994037435047095,5.10635798903628
1.10402167969016,25.2966667220674,25,25.9522640791716,0.709123277630564,22.2677416770849
-0.0149855274979243,13.5181451358409,13,12.6343134808599,0.0596065628481431,14.4768674977059
0.850415160884668,23.5042667591751,24,23.9854113188839,0.897234653001917,23.9354599995373
-0.989770571674056,5.10248566267166,5,3.35553745851876,-1.28622058273698,3.90785024847258
1.01849309450391,24.7660243941855,24,25.3736583592654,0.870123601440162,23.719437747434
1.60066987539699,27.2602135563104,27,28.0923561146026,1.45039578460057,26.8433909422537
0.0459102131601783,14.2442158876688,15,13.4687405236744,0.203485724440087,16.2688865865353
-0.387366938330461,9.52190925595507,11,8.09631590549385,-0.120233130732496,12.3661360542375
-0.157906865939548,11.8903082876431,11,10.7695357663588,-0.313693713349243,10.2950464737948
0.284848229396433,17.2254964267674,17,16.8914462784576,0.265293091033588,17.0539185898219
0.425613869149462,18.995095913619,21,18.9119287400809,0.355137456449544,18.1938484990455
-1.33359250767621,3.72153770037717,3,1.95386563946163,-1.02476120682846,4.9569111176917
-1.17469523036551,4.28320945022187,5,2.51824312958275,-1.05270174177788,4.82640639538193
-0.943068673699573,5.3440479851511,5,3.60506033540175,-0.781732448890562,6.32956731903983
-0.58389465258395,7.76772041486127,7,6.17045909230277,-0.404762705925373,9.39793417973434
-0.980778972404233,5.14780847428311,6,3.40226697961939,-1.00636656548186,5.04562184538226
1.78012265876914,27.6515752435453,28,28.5375425808411,2.05296356291098,28.0683720115747
-1.06545971835197,4.74222405144101,5,2.98556452546124,-0.807847733259169,6.15986316726574
-0.277985838572307,10.6114320618366,10,9.31771255208271,-0.461287309279534,8.86859239523575
-1.05509723367788,4.78937875769347,6,3.03383827640328,-1.21975714368687,4.14144573664197
-0.0657295581122465,12.9275163533824,13,11.9563643106814,-0.00233299047764375,13.7311367028933
-0.216759629297517,11.2530515248454,10,10.0440846156021,-0.108935668363175,12.4936681446716
-0.00433706162114815,13.6437846633154,14,12.7786464568287,-0.106221193976881,12.5244159476276
0.29762508718254,17.3876109770342,18,17.0769963841265,0.238635408593789,16.7148783506757
-0.522898897569995,8.281986951654,9,6.72928355100474,-0.722810323153479,6.73334551291621
1.55285409067732,27.1344749432664,28,27.9524729737491,0.925289144941308,24.1505422675663
1.13791834673751,25.4879784255377,27,26.1602024352733,1.31482590237659,26.3522724002484
0.946380228143115,24.2616998147048,26,24.8209081203201,0.87323849364109,23.7446693144635
0.597603073129616,21.0242798128072,21,21.2119159962899,0.555577900481421,20.6240137552263
-1.39626565641418,3.52810258138429,3,1.76185279915058,-1.1822992945621,4.28207290791764
-0.625190523709195,7.43601178643569,6,5.8126809512251,-0.309045090579016,10.342234305086
-0.263828977474869,10.7578193233627,12,9.48302726322405,-0.258031733668774,10.8686199546432
1.03807485935492,24.8937942904802,24,25.5132465570453,1.47645131731018,26.9255262680024
2.02813064177537,28.0346642835505,29,29,1.70283155039877,27.5054911816169
0.162548039506652,15.6801266992291,15,15.1191196136254,0.201117899377655,16.2389114119405
-0.0463666848944778,13.1512869251808,13,12.213090806106,-0.155529537049756,11.9722749482355
0.500993719560932,19.9102749264576,20,19.951866659556,0.477829143621048,19.7104917019239
0.0293858454031527,14.0454115381514,15,13.2402052473524,-0.14040267849617,12.1402165541373
0.514248743438023,20.0674763251342,20,20.130091627967,0.606755653075587,21.1977211584964
-1.18737176624874,4.23412487319494,4,2.46856790862096,-0.977049901058176,5.19175931176095
-0.193605176871545,11.5014008945927,11,10.3263828039554,-0.147572226392995,12.0604584479588
-0.816592670716727,6.07943278979344,5,4.3715620211149,-0.452099101525527,8.95313549777603
-1.05699123777087,4.78071035189573,4,3.02496063621959,-0.921449005897889,5.48571639721485
0.980728212803701,24.508651272595,25,25.0919299918301,1.04937551664212,25.0027156681666
-1.43261527950467,3.42205721379814,3,1.65719050291717,-1.25430264379575,4.01760468987131
-0.305485984303098,10.3305182074711,8,9.00122300351962,-0.0953469473421851,12.6479998262487
-1.13888707353689,4.4263628916273,5,2.66346193370346,-1.38123687359787,3.6050050751346
-1.33009446699919,3.73275639063647,2,1.9650428854131,-1.95157038985747,2.2845033877874
0.223357982484803,16.4458244292874,18,15.9980009269947,0.69779371385722,22.1547458426859
0.641933268887534,21.5078196142681,23,21.7564914545107,0.863693615896693,23.6670130874537
-1.49817725789958,3.24103649235477,3,1.47960995653126,-2.02556994810392,2.15403023679992
1.11370709964355,25.3523919823735,26,26.0128648211788,0.983262034537755,24.5683589990616
-0.035390655163303,13.2790165751067,14,12.359706516943,-0.131469834305112,12.2399934045058
0.612486214985271,21.188723591714,19,21.3972916725834,0.692639843963908,22.10288350661
-1.15135037868726,4.37576678234468,3,2.6120787535096,-1.32188805065499,3.79016233423598
0.117145610652328,15.1150360439597,15,14.4698298577262,0.113644643166785,15.1415144182827
0.340719622985251,17.933278428406,18,17.7009219746976,0.432901530476322,19.1636433288635
-1.00988688021957,5.00307881870108,3,3.25318783038053,-0.507122632091668,8.45588925159508
0.840906963768972,23.4236843690584,22,23.8961603976378,0.769876971981862,22.8495773572883
-0.00769648359977016,13.6040851687152,13,12.7330367700042,0.203658166734237,16.2710700015669
0.320009985829094,17.6713508550068,18,17.4015532697447,0.45786928232506,19.4690276801794
1.78012265876914,27.6515752435453,28,28.5375425808411,1.68331848099279,27.4637183650196
0.672245797787009,21.827238643885,23,22.1153355589028,0.584252152184398,20.9484120100518
1.27721693019016,26.1722063596912,27,26.9021645856445,1.3126848557081,26.3435789806182
1.14354470190826,25.5187391583722,26,26.1936086064409,1.05611362046877,25.044561536656
-0.311889235566202,10.2657697002022,11,8.92842021417489,-0.313688381569838,10.2951005207221
-0.953696740684725,5.28771985208744,5,3.54677451961391,-1.35199056812533,3.69465454623013
1.16111874949166,25.6130402794618,25,26.2959766895884,1.17891054645366,25.7340051272369
0.078033530673905,14.6342592772321,14,13.9171581200905,-0.168763574690591,11.8264049079025
-0.945029283505184,5.33359575047841,6,3.59424020602745,-0.78556478690002,6.30431001205446
1.06402518948891,25.0572942681064,26,25.6916142406737,0.903739424720765,23.986090929112
0.188118560608369,16.0010941845824,16,15.4876812010812,0.365313959204839,18.3220228897375
-0.202894567020229,11.4013937772231,12,10.212635549077,-0.429927053699882,9.15957030062732
0.123172815315031,15.189649206514,15,14.5555840758823,-0.103634047758271,12.5537593334585
-0.805312318654003,6.15109386171004,7,4.44680514700701,-0.77118486744509,6.39971306367015
-0.0777250357287261,12.7898976258604,12,11.7985726032131,-0.0743421417078599,12.8885511099004
-0.446136300328153,8.9684857084094,8,7.48286086517904,-0.386605454198253,9.5725498621692
1.18916535993704,25.7580683360613,25,26.4533007431318,0.907883144615443,24.0181037381216
0.13081353381136,15.2844237867426,16,14.6645011976298,0.190369025801648,16.1029752345637
-1.78686052369535,2.56784805817986,2,0.832833761858691,-1.77362248611759,2.6290356125535
-0.82947822500423,5.99882220897337,6,4.28703882350785,-0.990423002832592,5.12436096526587
-0.362526932367752,9.7627133505787,9,8.36478559947037,-0.0271802933746461,13.437321277718
-0.483276872225544,8.63102738212798,8,7.11136991278283,-0.699028599677514,6.90456593867969
0.821386821337603,23.2550830627809,24,23.7092062016952,0.659786456917965,21.7656204559464
-0.116819492989428,12.346829416237,13,11.2911576154651,-0.176657533307032,11.7398668198607
0.827675590124402,23.3098666368514,23,23.7699848771681,0.6370758765165,21.525884492578
-0.708192483976857,6.81090255447124,8,5.14421161462398,-0.64579085788879,7.305010757096
-0.0341155833048509,13.2938958056825,13,12.3767889330335,0.150992017393758,15.6073274140032
1.25263151862427,26.0625945349779,26,26.7833743033237,1.25089619241099,26.0787802298047
-0.0151868865226031,13.5157749020219,13,12.6315909068626,-0.113032478519776,12.4473393049739
0.152889834795676,15.559362868053,16,14.9804006913523,0.176989124886845,15.9341155523216
-0.904970614475404,5.55273931454392,6,3.82153590694815,-0.859800207934431,5.83885929640811
1.155499278813,25.5831778315967,26,26.2635663888992,0.803157810742572,23.1508504671053
0.305137629600603,17.4828879261491,16,17.1860082953489,0.639625439404834,21.5530610442825
0.482993413073449,19.6948553086475,19,19.7074353530803,0.270604849294855,17.1215036877841
-0.39071550735609,9.48975510891445,10,8.06053639792542,-0.40959701842599,9.35181155473963
-0.715698807190894,6.75714927100128,6,5.08708228144592,-0.336187456203258,10.0685892091831
0.324946114648894,17.7338426032684,17,17.4729991088331,0.227354769278429,16.5715683931261
-0.152539490704,11.9494072345122,12,10.8369820957008,-0.0455257765790801,13.2224485281798
-0.471146586742969,8.74016719673994,9,7.23129593953905,-0.636985742185477,7.37350860783457
-0.490942821280202,8.56260043699762,8,7.03628951688587,-0.689857963312367,6.97185911211464
-1.49290251443819,3.25514238209168,3,1.493396527413,-1.44947634085725,3.40689409575286
2.02813064177537,28.0346642835505,29,29,1.92959562701271,27.9046048959951
0.339982943899432,17.9239739774768,18,17.6902915560044,0.235346178159898,16.6730782173821
-0.870760985820584,5.74941030108103,5,4.0263030323765,-0.721684454285818,6.74134429116217
-0.0968604595560794,12.5719828763381,12,11.5488859685432,0.0985644365668719,14.9548407789589
0.752584639870772,22.6268231934521,21,23.0101114585301,0.767591196094507,22.8284297401828
0.651157077230593,21.6060066289519,23,21.8668763518989,0.659575584259823,21.7634189428241
-0.770250287571691,6.38040408902411,5,4.68823588855229,-0.803097366799995,6.19031292961106
-0.267245806600652,10.7223784949525,11,9.44298055127219,-0.37488299246512,9.68642983325223
-0.092807013249824,12.6179766980076,13,11.6015668585642,-0.0489391872776944,13.1826649168333
1.05232237334787,24.9843733991392,24,25.612097189281,0.671497008700927,21.887148237378
0.758763912083427,22.6854060830681,22,23.0754552464842,0.531781971208329,20.3494134520048
0.0397825131971597,14.17034394829,14,13.3838179282888,-0.105567322524433,12.5318286622428
2.02813064177537,28.0346642835505,29,29,2.17678517362485,28.204590904183
-0.891087558966644,5.63147719008638,7,3.90342681038051,-1.22536868362864,4.12095759017063
1.31177285138345,26.3188392491464,26,27.0611415414374,1.68333695188898,27.4637585510902
0.379835754823346,18.4254743633856,19,18.2628141480947,0.252174702983178,16.8870292918368
-0.794321098782392,6.22190477577531,6,4.52125173194787,-0.699938055178439,6.89793087049517
0.451373629085158,19.3115028053991,20,19.2719039535906,0.562022990564971,20.6975632427197
0.973172379105189,24.4553912586935,25,25.0335370228978,1.15785094979477,25.6252050396895
1.76874715879188,27.6300730199637,28,28.5125569126859,2.22392518891297,28.2502523435265
0.276799995342859,17.1233555317469,18,16.7744985077841,0.0983532765886805,14.9522331390267
0.53714412259406,20.3359529451335,20,20.4341730087447,0.496455732935709,19.9334626687106
-0.090014518185448,12.6497150362991,14,11.6379257114879,-0.358145051027845,9.85056902881461
0.44968241814284,19.2908356971066,20,19.2484045411603,0.502302567540082,20.0029518361833
0.261788238885977,16.9328516468276,15,16.5562959693457,0.511761855192531,20.1148454649216
0.209110156033279,16.2657327473651,16,15.7914033632919,0.593257891052751,21.0487558513242
-0.0714562154398888,12.8617200667976,14,11.8809134868212,-0.0345855669177393,13.3503734563251
1.58585494193831,27.2223371276109,27,28.0500994935271,1.37321572675591,26.5776626174433
0.525447619351612,20.1992948543303,20,20.2794398955513,0.284372813543478,17.2966677813522
-1.49290251443819,3.25514238209168,3,1.493396527413,-1.80303597640946,2.56878249242411
-1.51827595017878,3.18798292497847,2,1.42783786166405,-0.751434715460517,6.53355779881124
1.25187585935409,26.0591537877687,27,26.7796456937577,1.20453114851967,25.8614236764415
0.113371869017432,15.0683874323218,15,14.4162129150806,0.235469443808018,16.6746445129423
-1.50108643139316,3.23328948901476,3,1.47204212222331,-1.61324471328282,2.98488302819596
0.290151173716547,17.2927891761874,18,16.9684768475769,0.386874497150343,18.5924953096015
-0.657474331714712,7.18620698212763,7,5.54464270216846,-0.847831466430294,5.91087827446494
-0.588620771053662,7.72907419615897,9,6.1286669864835,-0.432939100478556,9.13132723869469
-0.719464229403649,6.73035924628802,7,5.05863047801532,-0.478522114580702,8.71162608120218
0.95169784817159,24.3007476181854,24,24.8638078051229,1.34667554841128,26.4779622584922
-0.260844392200939,10.788833555932,12,9.51808418532684,0.0116300587251933,13.8976236106653
1.41619518322861,26.7133609195148,27,27.4900155545902,1.499075643861,26.9939580161345
-0.429381652765861,9.12387630338183,9,7.65458989424694,-0.194898735946083,11.5412514088081
0.571202337788932,20.7275865369051,20,20.877026000219,0.660645653431507,21.7745856868467
-0.950816734770663,5.30290363494765,5,3.56247998042317,-0.801857101334633,6.19829362186394
-0.00114175752414276,13.6815976105822,15,12.8220914981078,-0.0534604200826789,13.1300650578045
0.89482787445358,23.8673573216333,24,24.3867075625395,1.02215906022077,24.8291900229041
-0.00641909135879814,13.6191738386453,14,12.7503713797801,0.0186125903338329,13.9812423006488
0.273335328189178,17.0793842342445,16,16.7241433176531,0.241258565823771,16.7482209022903
-1.94706978786527,2.25931379531461,1,0.543814011627413,-1.10375173707034,4.60053088694708
-0.252887983564002,10.871770515453,10,9.6118864768649,-0.0595618114969042,13.0592549310631
-1.1072962994761,4.55843998480405,4,2.79787664727179,-1.04226525425796,4.8745652328423
0.356403545597283,18.1310969922982,17,17.9268587462382,0.46777215987893,19.5891412491115
-0.446929968683244,8.96117298132679,9,7.47478947005602,-0.429213998092493,9.16626549973173
-1.30659126784466,3.80936119933445,3,2.04147841295051,-1.08449329090498,4.68389382196286
0.215419469329819,16.3454406529967,17,15.8828521983559,0.603859242452006,21.1659018866277
-0.656024992865004,7.19724064534243,8,5.55645627101329,-0.56812959455757,7.93089391573831
0.0903601364624168,14.7851174049936,17,14.0905901008699,0.362340925929644,18.2846082395207
-1.05866463990619,4.77307015020858,5,3.01713733017281,-0.80785394609609,6.15982346473957
-0.443730986436245,8.9906745844047,9,7.50735741219503,-0.702741563095321,6.87752111472839
0.0910999902765828,14.7941920786749,16,14.1010223736531,0.14102722374095,15.4825888258216
-1.03808735821,4.86823903728665,5,3.11467414228019,-1.11511766125257,4.55234641771635
0.51243964144805,20.046095026032,20,20.1058583538233,0.374925164769023,18.4427880518733
0.299702071439481,17.413956138529,18,17.1071423034121,0.048327838170718,14.3397236711778
-1.41785579843054,3.46460157449706,3,1.69912611117111,-1.38673177985885,3.5884922412857
-0.467913926875648,8.76942973761157,8,7.26348659019815,-0.623832920932379,7.47701505128472
0.955632317188838,24.329445289481,25,24.8953253850029,0.961225704186014,24.4137077715634
0.471592569108172,19.5573264506717,20,19.5512664645092,0.343153427132526,18.0425503489204
0.669962105505429,21.8035029275956,22,22.0886960630209,0.807949307593872,23.1932014337552
-1.12124886266105,4.49941702444642,5,2.73775928422259,-1.35226618975371,3.69379551566294
0.132609994276147,15.3067365035248,16,14.6901419100217,0.113649746163446,15.1415777327147
1.33446688514286,26.410603904579,27,27.1607064330151,1.11855875568248,25.4120310721221
-0.615369466949284,7.5136700343142,8,5.89625288559958,-0.669619563661187,7.12285596097085
2.02813064177537,28.0346642835505,29,29,2.10705987538393,28.1309911303495
0.919277927149952,24.0579762829464,24,24.5968098560456,0.570522182878303,20.7939970267941
1.08155817674956,25.1640822484716,25,25.8079637189178,1.23987636148425,26.0286203894889
0.709211776741767,22.2038015253463,22,22.5373826335315,0.581122434264557,20.913364368753
1.26092604538703,26.1000787133388,26,26.823995076519,1.45858966692961,26.8696132540841
-0.320606744222718,10.178025205207,11,8.82985137155662,-0.219708327689085,11.2741732135985
1.22984739772436,25.9569286064757,26,26.6688665481857,1.65077116541531,27.3909492245748
1.0537821792387,24.9935420186942,25,25.6220982223847,1.12847724878547,25.4671198018119
-1.46763009006197,3.32381347058957,3,1.56063881664374,-1.08068423911867,4.70064296144373
1.27198123588835,26.1492391666637,26,26.8772722135356,1.78820817859574,27.6732235683151
-0.917660084721216,5.48203825226976,5,3.74810433146865,-0.8170272496458,6.10154819125486
-0.398411507415401,9.41613548450224,9,7.97867852897855,-0.639709687906611,7.35224992797019
1.42517601599606,26.7441404021423,27,27.5235989605962,1.77346908646077,27.6459205874577
0.0751277377164305,14.5987902665599,14,13.8763806522157,0.0323467725496262,14.1464077569297
-1.72478150293364,2.69835503100555,2,0.956446975402783,-1.87657581715283,2.42405998252817
-0.366618151498314,9.72277769317754,9,8.32019985994772,-0.472732785036692,8.76411568319137
-1.5901642589969,3.00670368379729,2,1.25193059111754,-2.02579730984035,2.15363980206261
0.182098028623304,15.9253730462555,17,15.4007497534372,0.111011807218856,15.1088609477763
2.02813064177537,28.0346642835505,29,29,2.3645059386094,28.369504609906
-0.869574019578165,5.75639530211466,5,4.03358909351337,-0.593169800645851,7.72378510015701
-1.45726856758794,3.35250176210275,3,1.58879087615021,-0.709173808317561,6.83094310684955
0.766648134526265,22.759537447728,23,23.1580974425074,0.907827978206001,24.0176787703279
1.09354918784778,25.2354410860859,25,25.885648969887,0.914999741374689,24.0726485303613
1.08315653145438,25.1736721296654,25,25.8184066806563,1.40078434284338,26.6765948577402
1.50931917342155,27.0107834502698,28,27.8158342133801,0.952784645671335,24.353123977964
1.79977109139419,27.6877853604338,28,28.5797992019167,1.90465384085222,27.867489577045
-0.0604814696003312,12.9879689846228,13,12.0257022985284,-0.210980318782674,11.3677278618114
-1.7386357050011,2.66864191719855,2,0.928228110595901,-1.4119150972287,3.51409991254614
0.581064041705871,20.8391428902661,18,21.0030077337093,0.699082595145205,22.1676707414185
-0.415515086474203,9.25393376853376,9,7.79863683977329,-0.168973541341976,11.8240985620778
1.58585494193831,27.2223371276109,27,28.0500994935271,1.62257032665341,27.3246140932112
1.4864349273575,26.942001478121,27,27.7401874196504,1.99053825064,27.9894100476853
-0.187977629534495,11.5622264902664,11,10.3956091669409,0.013557404293331,13.9206803754098
-0.323714357635847,10.1468596268933,10,8.79486659360853,-0.356093829437531,9.87080715891365
1.78012265876914,27.6515752435453,28,28.5375425808411,1.36402410085213,26.5436384180971
-1.14244300859513,4.41184174289533,5,2.6487086269567,-0.785711752878496,6.30334385144153
-1.42290542882032,3.44996816002247,3,1.68469381724597,-1.60177398377946,3.01231205963322
0.223048696458021,16.4419116427824,17,15.9935130869061,0.361723569054152,18.2768357072034
-0.166385925303432,11.797279050843,11,10.6634197621343,0.0110997047582611,13.8912822285644
-0.280622310528551,10.5843024775307,11,9.28710370850402,-0.522464801102742,8.32119595233578
0.493125199445246,19.8163751070638,19,19.8453491357522,0.372357501241091,18.4105544718916
-0.160904480065935,11.8573730411207,12,10.7319598625317,-0.0972810111634141,12.6259719460664
0.238388866025354,16.6361352889227,17,16.2162349484293,0.446953395555526,19.3359462417018
0.0523177773560097,14.3216473959945,15,13.5577581130983,-0.0256830960557056,13.4549351930947
-1.27760915581348,3.90687313209873,3,2.13905154231432,-1.09819510737855,4.62435950278944
-1.96393140410669,2.22895757299868,1,0.515595146820531,-2.61490481660184,1.31966675181342
0.840240765134929,23.4180004573878,24,23.8898625065616,0.694662388022924,22.1232701179895
0.469539205962351,19.532471118346,20,19.5230327542439,0.387575346248072,18.6012597987513
0.0099844917809765,13.813663754356,15,12.9738475417802,-0.0226587175983881,13.4905513380304
-1.94706978786527,2.25931379531461,1,0.543814011627413,-2.77498882425385,1.1451328158525
-0.933586844803278,5.39498981692864,5,3.6578253051129,-0.978263594617772,5.18559088142598
1.19550854083313,25.7899572929294,27,26.4878784050554,0.650976014439214,21.6732460120585
-0.607362541454179,7.57755355576117,9,5.96508818736745,-0.303285583849137,10.4008811505993
0.1348126748857,15.334109727039,15,14.72159705301,0.314329867003603,17.6773956722353
1.65043794529598,27.3807447921965,28,28.2276305069644,1.19442479022634,25.8117996334666
2.02813064177537,28.0346642835505,29,29,2.5449562941091,28.4922954934705
-0.970876414940651,5.19836986323014,4,3.45444528355424,-0.953565558556955,5.31317603025486
0.877008185224247,23.72429853589,25,24.2287646466247,1.02106334587401,24.8220510722489
-0.0851938834239887,12.7046046012587,12,11.7008175123025,-0.0743789157143042,12.8881278657385
0.581196085255923,20.8406307471988,20,21.0046874757063,0.47550502533333,19.682506387392
1.07161646236272,25.1038902165288,26,25.7423963978641,0.761491004469478,22.7717056575875
0.0646994772072851,14.4718003083821,14,13.7303835499111,0.276115308868781,17.1916160584346
0.727393529189316,22.3836360700103,23,22.7385352135877,0.847476871212383,23.5327556418436
-0.619629579634357,7.47988912328344,7,5.85988527533796,-0.648827421438834,7.28153664533409
0.211430341481574,16.2950364000638,17,15.8250251537407,0.159582755519279,15.7151068790242
0.56387964289577,20.6442035662928,21,20.7828121319844,0.407123348900759,18.8449296918388
2.02813064177537,28.0346642835505,29,29,2.43389791042531,28.4202959817328
-0.4809690078417,8.65171064591357,9,7.13408090615237,-0.223058321267264,11.2383817205565
0.577650097926673,20.8006210661927,20,20.9595131513705,0.573993826468462,20.8332022471458
-1.94706978786527,2.25931379531461,1,0.543814011627413,-2.05239912116693,2.10838371085751
-0.41378388130474,9.2702624900041,10,7.81674190504691,-0.268717614836597,10.757071975282
-0.642393089999526,7.30185337148925,8,5.66858038021193,-0.527948851432638,8.27347905299003
-2.31581939207973,1.67074951598489,0,0,-1.68183387649959,2.82666731271272
0.334829953793712,17.8588616077445,16,17.6158916346269,0.129245479899735,15.3355189963836
-1.72109721867826,2.70631559600861,2,0.964014809710734,-2.06839932896963,2.0815640224621
-0.904970614475404,5.55273931454392,6,3.82153590694815,-0.769982164000015,6.40777043657236
0.350465692634091,18.0562685908305,18,17.8414105973274,0.507028078452684,20.0589325964594
-0.174621933665463,11.7073067138281,12,10.5608548889976,-0.272931833579201,10.7132662781605
-0.542670208869839,8.11217752820394,8,6.54421046087564,-0.55032135216739,8.08118961827941
-0.767248205742006,6.40050302031322,6,4.7094450900894,-0.821340122203102,6.07438810598339
0.113560139112456,15.0707134491954,16,14.418886439874,0.153112193560035,15.633906961401
1.78012265876914,27.6515752435453,28,28.5375425808411,1.79990294165873,27.6944249263954
0.0171591867331922,13.8991511684469,14,13.072094321396,0.103136183414333,15.0113407581552
1.37471703688502,26.5649501164395,27,27.3283911260661,1.47561380941727,26.9229422864981
1.76874715879188,27.6300730199637,28,28.5125569126859,1.50680483505378,27.0167410085416
-1.61970791200457,2.93576824524792,2,1.18353096435058,-2.13282422676209,1.97651321001817
-0.24452370422006,10.9593624191725,10,9.71103786969387,-0.192301788084834,11.5694118990248
1.38094868457861,26.587919726666,27,27.3533767942212,1.45041034329858,26.8434378575904
-0.228950427130637,11.1235428716654,11,9.89710987898316,-0.608417121447309,7.60012722034605
-1.15450858111187,4.3630779040782,5,2.59920216226055,-1.61429950311485,2.98237530199861
-0.676927093531247,7.03977183136093,7,5.38807981480228,-0.908798354165089,5.55579399915221
-0.102563478029305,12.5074243014556,13,11.4749592787252,0.00643016798984381,13.8355093791041
1.76874715879188,27.6300730199637,28,28.5125569126859,2.35580235085739,28.3627851242168
0.0188435541018068,13.9192572092035,14,13.0952026667661,0.0714230391976672,14.6211603974536
-0.0285824397302412,13.3585622434828,14,12.4510377343793,-0.22025378963085,11.2683410517694
1.3785043573094,26.5789389570602,27,27.3436066569278,1.34738625296442,26.4806907185125
1.18743055719217,25.74928912251,26,26.443780471501,1.25414208997457,26.0933806424308
0.623839135459751,21.3127481367627,21,21.5369857445688,0.850967301940236,23.5618999482561
-0.141494551902243,12.0715309491585,13,10.9764343503984,-0.330414081295402,10.1264148429136
0.0366597886985839,14.1327657619647,15,13.3406196683603,-0.00892958734043143,13.652824452293
-1.33687187475577,3.71106245500264,3,1.94343300848459,-2.10773636369757,2.01687143788685
0.984062132694105,24.531962597794,24,25.11747787999,0.794853224712848,23.0768375105923
1.37450945935189,26.5641808083694,26,27.327554455875,1.29097292899741,26.253633266548
0.159603880676905,15.6432845157165,15,15.0768023263111,0.0273985975646211,14.0867967873712
0.132161652503679,15.301166888825,15,14.6837416323264,0.275221391039946,17.1802425588001
0.354967147337451,18.1130033244126,19,17.906199057679,0.659435476399874,21.7619559589173
-0.656941978332934,7.19025774718593,9,5.54897951888905,-0.564837237743098,7.95849369367518
-0.58162809468394,7.7863165504065,8,6.19057916377812,-0.51965266872949,8.34575242941082
-1.72109721867826,2.70631559600861,2,0.964014809710734,-2.94504998666228,0.980487226618721
1.05674909043916,25.0121124995243,25,25.6423520052949,0.743126874286934,22.5984356064493
0.0644693430188523,14.4690032238233,15,13.7271678099222,0.193216098693107,16.1389579570527
0.257456657505926,16.8778963928753,17,16.493331054796,0.232943746675965,16.6425543792349
-0.480731678447204,8.6538397833944,10,7.1364192145924,-0.570475957929978,7.91127634369049
-1.49817725789958,3.24103649235477,3,1.47960995653126,-1.73798040972759,2.70399022410797
1.26961138365392,26.1387771574157,26,26.8659337069072,0.968479038066733,24.4651697583102
-0.0394204880276007,13.2320471685565,13,12.3057864915167,-0.0117130497545985,13.6198467358344
-0.109186361805211,12.43267747286,13,11.3893933959203,-0.531692053510829,8.24104015227728
0.73024045570826,22.4114688367628,21,22.7696430526926,0.564875605504901,20.7300007856347
-0.840034788882788,5.93376702855287,7,4.21891610943211,-0.85880741918515,5.84478964461638
0.0468818513284989,14.2559453960727,15,13.4822249481154,0.426968633190069,19.0905792558701
0.141070990449265,15.4119724249433,15,14.8110652797357,0.470466589295801,19.6217167234139
-0.484171656689922,8.6230185711831,9,7.10257800640887,-0.559645325767076,8.00218988401562
0.528673713652066,20.2370930353684,20,20.3222475623239,0.547043463199083,20.5260722207698
0.490814738933205,19.7887233156303,20,19.8139732798131,0.455863741925332,19.4446295336485
0.854535341403864,23.5388722332695,24,24.0237186402896,0.782028694592541,22.9610204461808
-1.04039324082372,4.8574412386012,6,3.10359821180763,-0.817992536926692,6.09545613014821
0.380152151104827,18.4294380550881,18,18.2673354438055,0.454783969681009,19.4314837874155
0.725499857468785,22.3650736687449,22,22.7177849205778,0.338994626401752,17.9899647855556
0.424871829427154,18.9859327585319,19,18.901497379032,0.352697870936045,18.1630785348958
0.884136172366158,23.781943191512,24,24.292433521097,1.21604223498291,25.9169500034834
0.43476139490159,19.1078389504756,18,19.0402463077263,0.384792571793759,18.5664488966803
1.04447244690221,24.9347135999027,24,25.5579133744092,0.885316533580956,23.8414919656973
-0.291889559897783,10.4688330408574,11,9.15692843413451,-0.507775179319754,8.45012457386285
-0.556298197707123,7.99685738144577,8,6.41883277700979,-0.350797900908439,9.92318203485758
0.909813404265988,23.9849623612497,24,24.5163806563689,1.27334973792111,26.1781824806784
-0.165066335368108,11.8117303803338,12,10.6798996590269,-0.0692485044807295,12.9472462719269
-0.930122827143637,5.41376387791044,6,3.67728383869246,-0.833543626973953,5.99835909164741
-2.31581939207973,1.67074951598489,0,0,-2.97049446817484,0.957596083067573
0.0708218294523296,14.5462977605699,15,13.8160314931225,0.0461740621569243,14.3136008979506
-0.717852473887333,6.74181221245756,6,5.07079217571663,-1.07082792064569,4.74439072286296
1.0019743906698,24.6552422789422,25,25.2524837306335,0.824943257466234,23.3413296561876
-0.121470275894902,12.2946814473625,13,11.2315055809561,0.195403927366835,16.166620305835
0.489566033370472,19.7737638832022,21,19.7969975784732,0.512099008620671,20.1188213376491
-0.0303887343016638,13.3374343370855,15,12.426777815804,-0.319980945777294,10.231435478621
1.2129329260329,25.8758638236106,26,26.5810073011857,1.60164951749503,27.2733339916953
-0.237934372322191,11.0286567009371,10,9.78953664800413,-0.127342026593573,12.2862502131471
0.373097507478326,18.3409852085906,18,18.1664249605941,0.0796470005679555,14.7219425351908
0.288934907549007,17.2773559479441,17,16.9508115305412,0.262948167038262,17.024083427398
0.550837674973936,20.4945686995116,21,20.6136388481035,0.333092949705362,17.9152772763402
-0.696372854281309,6.89648200922859,9,5.2352810666077,-0.504751015043162,8.47686700248422
1.65043794529598,27.3807447921965,28,28.2276305069644,1.65982775326887,27.4115965209541
-1.32501342866377,3.74913523447598,3,1.98136895379043,-1.11970543685849,4.53310617698994
-1.1442740691916,4.40439107594668,5,2.64114079264875,-1.24412498210703,4.05352961322787
0.811127553052309,23.1647603936721,23,23.6089336226727,0.53132398006945,20.3440826088572
-1.28337854112782,3.88718507178787,4,2.11932690925443,-1.01219900593998,5.01724917792457
-0.938696890227765,5.36745458390053,5,3.62929842564197,-0.634347185885632,7.39415904523432
-0.571393652997223,7.87078535792489,6,6.28205312500686,-0.183086847825235,11.6696463702375
-0.0148524195893211,13.5197120873,14,12.636113369712,0.018571559178386,13.9807502363153
-0.308992404493759,10.2950307822351,9,8.96131422803859,-0.299374709936544,10.4408188096242
-0.896539588417093,5.60038204950085,6,3.87107237660147,-0.786154494368408,6.30043433406366
-1.50108643139316,3.23328948901476,3,1.47204212222331,-1.60280954720878,3.0098238515497
-1.17123431101261,4.2967524527975,5,2.5319598730298,-0.943991782177141,5.3638142144268
0.17787060668836,15.8722569172171,16,15.3397631139971,0.0927012213318298,14.8825011684166
-0.604417724101939,7.60117721732033,7,5.99056285490879,-0.522837476705642,8.31794609543735
-0.630672002668581,7.39300436831811,8,5.7664485300082,-0.564794918569725,7.95884900800105
0.0442074424622586,14.2236707647215,14,13.445121701474,-0.145438690189047,12.084162967182
-1.72109721867826,2.70631559600861,2,0.964014809710734,-1.36675891502495,3.64900922613354
-1.03405315397211,4.88721192468833,4,3.13414155583854,-0.758347376853355,6.48634021533546
0.94263701195867,24.2340321708162,25,24.7905007776558,0.432858302351752,19.1631116296819
-0.833743916070281,5.97242823408569,6,4.25939060474237,-0.612527663222699,7.56711126524944
-1.34874457305844,3.67347452096222,4,1.90602949118837,-1.59153914760214,3.03703312307383
-0.397599949038517,9.4238803476458,8,7.98728595754225,-0.0930623907060348,12.6740460847429
1.78012265876914,27.6515752435453,28,28.5375425808411,3.27115169760712,28.7789858731245
-0.00988426832915431,13.5782620999045,15,12.7033710039265,-0.271276659318854,10.7304588153978
-0.836616696065796,5.95473435148898,6,4.24086331885867,-0.498848598516274,8.52925651714935
-1.72109721867826,2.70631559600861,2,0.964014809710734,-2.04794417902915,2.11590426166494
-1.13251647427226,4.45255057046998,5,2.69008090974648,-1.32704758494026,3.77355095032956
-1.33969108875832,3.7020894588494,4,1.93449954138219,-0.833137668353109,6.000868785269
-1.17819083798157,4.26959289202973,5,2.50445655870101,-0.86564553538254,5.80410157844602
-0.0620395440781781,12.9700061337654,14,12.0050978104275,0.367128161877397,18.3448408561371
0.325498219320236,17.7408301382332,17,17.480987031414,0.516758375747565,20.1736785825803
0.864964639445726,23.6256232546951,23,24.119694221428,0.631310332078954,21.4641857034623
1.49390245619525,26.9647411222295,27,27.7651730878056,1.46325555384176,26.8843830146292
0.744655850370534,22.5510348743926,22,22.9255312043858,1.00739270582884,24.7319733480696
1.78012265876914,27.6515752435453,28,28.5375425808411,2.095249012292,28.1177510631759
1.32691177839741,26.3804434735534,26,27.127973781256,2.05270239696974,28.0680571119626
0.25162985856442,16.8039879750107,16,16.4086372844231,0.468134895392117,19.5935293740113
-0.96414291213439,5.23314178161293,5,3.49035817160423,-1.63746511195395,2.92790299570405
-0.245729789620346,10.9467066891505,11,9.69670670466724,-0.134690630712156,12.2039667585471
0.398701440267779,18.6612163574389,19,18.531613466346,0.258107809196219,16.9625019955145
1.46119712570869,26.8629753109208,27,27.6535187308045,1.57163258045185,27.1965292819398
-1.53861065874167,3.13539490582787,3,1.3766477734861,-2.07300463048299,2.07389944651541
0.190139385724078,16.0265294704584,16,15.5168794849713,0.192376600254111,16.1283461811657
0.289777949096214,17.2880533803278,17,16.9630561974505,0.00480830896272082,13.8161633477971
0.226310408454954,16.4831826188871,16,16.0408476635543,-0.158598253462356,11.938362467824
-1.32281290457284,3.75625949643109,3,1.98847310449442,-1.41424273370671,3.50732831126412
-0.366039301211899,9.72842149738926,10,8.32649935088102,-0.284585089804631,10.5926837782841
-0.667561162602269,7.10989068075313,7,5.46299648585178,-0.470190657045775,8.78724010937548
-1.94706978786527,2.25931379531461,1,0.543814011627413,-1.82361284972133,2.52745626539256
-0.201131261201711,11.4203389016845,12,10.2341765545111,0.0903614379323566,14.8536717877317
0.486015304095076,19.7311700809668,20,19.7486568550228,0.420859888224325,19.0151640223612
-0.373000614877051,9.66069173678005,10,8.25093312113376,-0.560405949719697,7.99577514919999
0.552135477640325,20.5095223850874,22,20.6305508894746,0.653986563662508,21.704901018451
1.58585494193831,27.2223371276109,27,28.0500994935271,2.1943771792824,28.221998109554
0.348652320260632,18.0334002916733,18,17.8152927763973,0.355447770792343,18.197761278796
0.101043642032797,14.9163704393344,14,14.241474414893,-0.0765415374568695,12.8632504485369
0.771676526118668,22.8064557316574,23,23.2103763135085,0.80181197526303,23.1389085581798
0.0953553865000195,14.8464298370078,16,14.1610742073361,-0.145480746701007,12.0836954540284
1.15481392686675,25.579517156437,26,26.2595929699971,1.48374214794066,26.9478663532017
-0.0201668680030569,13.4572208334881,15,12.5643366880358,-0.0796840381712868,12.8271464287015
1.50931917342155,27.0107834502698,28,27.8158342133801,2.17712462742576,28.2049310414174
-0.174079419060676,11.7132214286173,12,10.5675954343864,-0.203738160720811,11.4456886362915
0.344209622520662,17.9773433348147,18,17.7512623919047,0.384092486933952,18.5576867166536
1.16284103207243,25.6221382949641,26,26.3058497679704,1.52143619182039,27.0590600999917
-1.28493797392417,3.88188743514009,3,2.11402149410282,-1.2852032368801,3.91128229045773
1.47891290061733,26.9188019761322,27,27.7147189232461,1.30696944878348,26.3202186565486
0.470109058036855,19.5393715669728,19,19.5308714150683,0.465535142106758,19.5620610837055
-0.958787779932673,5.26102396474445,3,3.51917225015392,-1.25026624273989,4.03179736924432
-2.0274265478321,2.11790780451302,1,0.41263296377537,-1.31336093159541,3.81784049799476
1.50931917342155,27.0107834502698,28,27.8158342133801,1.08610684575434,25.2255812569181
-0.65579957702062,7.19895824709631,7,5.55829549176851,-0.49078337586012,8.60125736589807
-0.535917048826541,8.16984669730788,9,6.60700294061122,-0.344614247012536,9.98456009619419
-0.276312263718698,10.6286749783063,11,9.33717149825035,-0.140943247552244,12.1341929103724
0.472658973530255,19.5702248186679,20,19.565916850953,0.656530456907886,21.7315761908495
-0.349640066868918,9.88920562385347,9,8.50616515267516,-0.168639217125767,11.8277710117985
-0.130921650466736,12.1890763882345,12,11.1107545144366,0.0271116301634769,14.0833432779166
0.402832904588578,18.7126678329839,19,18.5902505523111,0.422521692988462,19.0356979969204
-1.47693364641626,3.29832152932809,3,1.53565314848855,-1.63897690274677,2.92438762026063
0.756021177806073,22.6594557013704,23,23.046513801873,0.662946012774841,21.7985507137833
0.0252121373222003,13.9954027071306,14,13.1827227653479,-0.0529293623681507,13.13623771022
-0.337455702407973,10.0097708771742,8,8.64114000932338,-0.26841534097068,10.7602180801033
0.892928242162208,23.8522733875893,25,24.3700647813248,1.59924355317852,27.267320051513
-0.371799595638606,9.67235465951725,10,8.26394043590214,-0.389299273114443,9.5465067443557
-0.766302258002934,6.40685139374095,7,4.71614575703036,-0.706017401312172,6.8537563002925
-0.311488084530227,10.2698186790084,10,8.93297121002219,-0.434969360741463,9.11232520118373
1.14921138971851,25.549439517437,25,26.2269421467842,0.615380064541538,21.2919867286273
-0.204002534645538,11.3894988302936,11,10.1991124467419,0.0164197045363728,13.954955768958
0.914131739278133,24.0183969560414,25,24.5532182208513,0.66065195922517,21.7746514557931
0.743760210794212,22.5424301487846,22,22.9159250683491,0.917201668250975,24.0894139061173
0.0790055671477106,14.6461322935437,15,13.9308080443478,0.0764582941111967,14.6828316121417
0.730961603317492,22.4185050054546,23,22.7775061184205,0.606364894029651,21.1934330792124
-0.708823400110529,6.8063666983444,7,5.13938872437632,-0.266103722249055,10.784295590073
0.498286594417508,19.8780169805318,19,19.9152790672838,0.312037220826448,17.6482913512882
1.80334567329303,27.6942490263466,28,28.5873670362246,1.39970654470613,26.6728132311367
0.227453877896957,16.4976546789658,16,16.0574449810439,0.00928527161260787,13.8695978021279
-0.497616158896382,8.50338075091216,8,6.97138008083219,-0.340130805622408,10.0292122072401
0.103330283504128,14.9445221795011,14,14.2738352991292,0.121955219233523,15.2447526057615
1.75613931619337,27.605767571956,28,28.4844048531795,1.3657846915372,26.5501965152856
-0.0207350046457335,13.4505488517114,14,12.5566738670475,0.289376717696924,17.3603135561388
-0.964358880117688,5.23202156875002,5,3.48920083406801,-1.57373563264996,3.08060473037376
0.242400225739786,16.6869692142439,17,16.2745116370073,-0.0853557706946457,12.7621203449008
-0.325084000062914,10.1331427932711,10,8.77947309942279,-0.746913067929199,6.56465994641637
0.228312806931788,16.5085266929381,16,16.0699132321834,0.174378606595499,15.9012193818829
-0.254059765476633,10.8595324233777,11,9.59804016910865,-0.0617607204997459,13.0337842887676
1.02788509583805,24.8277840074908,25,25.4411527807163,0.706860234341926,22.2452826297463
0.873167449938198,23.6930052078739,24,24.1941859599816,1.3292278776645,26.4099432578997
-1.66937361395714,2.82078757837907,2,1.07319572932968,-1.08185084982861,4.6955038749469
-0.128500084016122,12.2160863667968,12,11.1416316984946,-0.187792418660346,11.6184015706734
1.10874056953034,25.3239242223785,25,25.9819098568705,1.55807554667327,27.1605445196868
-0.609556054459864,7.56000174622485,7,5.94616807018089,-0.788908667050974,6.28237157272496
-0.230515360640188,11.1069805124083,10,9.87832619367978,-0.017076656666425,13.5564121276608
-0.33981654947334,9.98633706240398,9,8.61488892432479,-0.164722785824053,11.8708389179647
0.95946873434671,24.3572697755228,24,24.9258750890911,0.750248544993678,22.6660762667861
0.0119682885569938,13.8372756050879,16,13.0009825587723,-0.142970278034789,12.111619984452
0.102449430708115,14.9336752269611,15,14.2613666187963,-0.0531348574379981,13.1338489970738
-1.21730523754601,4.12137544894701,5,2.35470033946551,-1.16855991047829,4.33540146286545
-0.718679593194716,6.73593212190731,6,5.06454789804191,-0.853665185746805,5.87563218641357
0.408566042003343,18.7839532666416,19,18.6714738660053,0.246349748761917,16.8129498554131
0.997181130118996,24.6225763818944,25,25.2167273180773,1.09805244965994,25.295332961043
-1.63216981179954,2.90642724988376,2,1.1553120995437,-0.943667714676129,5.36554000882819
-0.137504033758654,12.1158224847499,12,11.0270359520572,0.0799731589601564,14.7259454421584
0.69064297928133,22.0164587693376,22,22.3275505303945,0.480610236049931,19.7439327288403
-0.938168222393587,5.37029447316042,5,3.63223991582752,-0.770707739678795,6.40290808160749
0.228136269923064,16.5062920698183,17,16.0673505442417,0.284252630396435,17.295138991911
-0.921507576333667,5.46083827359553,5,3.72610420323555,-0.574714299923749,7.87595012935613
0.175596618239791,15.8437037130448,16,15.3069767650453,0.190700089921283,16.1071585034914
-1.17671042559147,4.275351988271,4,2.51028698788873,-0.836212659407655,5.98189201477538
-1.7318441124019,2.68316439716503,2,0.942014681477636,-1.34009690211142,3.73198736116215
-0.882763431752816,5.67938979868106,6,3.95331578085373,-0.697737866025763,6.91399458542307
-0.975541483954429,5.17446555494677,6,3.42977029394818,-1.53939262823327,3.16677714962306
1.45966650597985,26.8580725153166,28,27.6481495203291,1.44161758409208,26.8148911117765
-1.1863919605177,4.23788987684824,3,2.47237602905168,-0.611348350495805,7.57656952444438
0.394378447432099,18.6073096847648,18,18.4701669259962,0.243817319388224,16.780750287489
0.948721756069022,24.2789309881977,25,24.839841190082,1.0483898167228,24.9965573842453
-1.07861060415788,4.68332833887157,5,2.92533765263237,-0.75120774655988,6.53511491868026
-0.242976199017657,10.9756132761527,11,9.72944267936026,-0.522843315026671,8.31789519164225
-0.819527081521049,6.06095870983682,6,4.3521803433617,-1.37974908257246,3.60949373299934
-0.622276177149381,7.45897584862641,8,5.83738162931358,-0.685529334865968,7.00386683300622
-0.600131122201264,7.63568782308629,8,6.02779676752545,-0.697743598171244,6.91395268194218
-0.188936719081088,11.5518473052056,13,10.3837941911751,-0.167199532857712,11.843592733236
1.25054330974903,26.0530757273473,26,26.7730591373949,0.965448051684112,24.4437320017674
0.0664841244345179,14.4934991059551,15,13.755330141074,0.173504902812659,15.890213309393
1.78012265876914,27.6515752435453,28,28.5375425808411,2.11344136762639,28.138048110329
0.871352315249119,23.6781590955306,24,24.1777775358454,0.608505490469116,21.2169053257052
0.590319841126244,20.9430578281308,20,21.1202915407714,0.27552460794138,17.1841004656982
1.38094868457861,26.587919726666,27,27.3533767942212,1.1086448095711,25.35608795228
0.86483828005619,23.6245794348082,23,24.1185398821735,0.921827598181644,24.1244648656118
-1.07125284825624,4.71615020324853,6,2.95889218070647,-0.80215293761261,6.19638886244737
0.421274126787142,18.9414699548954,18,18.8508757487805,0.282196151284982,17.2689786057681
-1.41306107187508,3.47857215446414,3,1.71291268205285,-1.26678240371233,3.9741738052218
1.65043794529598,27.3807447921965,28,28.2276305069644,1.28538290818848,26.2299408747445
-0.0206154871423796,13.4519522818784,13,12.5582857083014,-0.409330157172063,9.35435352175989
-0.365226601190613,9.736348978887,9,8.3353486534477,-0.473010219282375,8.76159480626555
1.32885454020822,26.3882358574821,26,27.1364298657915,1.4059377763237,26.6945813347429
1.47565488883462,26.9086610750589,28,27.7035930518506,1.2440501644092,26.0477266372529
0.487805876484606,19.7526597665102,21,19.773047124322,0.338119430237133,17.9788935575026
-0.832407385875342,5.98068245584264,5,4.26803564510111,-0.426347358843181,9.19321669585886
-0.405312272934602,9.35045688295189,9,7.90572425797065,-0.381778404730712,9.61933498338079
0.146223646742468,15.4761756696841,17,14.8848317264349,0.400287114506926,18.7598939914222
0.924460601904899,24.0975458765475,24,24.6403733010909,0.68677175194847,22.0434859537589
-0.142285456540421,12.0627631455049,12,10.9664189980711,-0.267820630494156,10.7664094821691
-0.495414963764588,8.52287847158442,8,6.99274408066619,-0.93202854515612,5.42803637279681
1.59853689122792,27.2548185120474,28,28.0863303722644,1.6116256231128,27.29801202128
0.0276260397198882,14.0243155754375,15,13.2159562652416,0.0457733067683081,14.308742570773
-0.764116395253197,6.42154896970525,5,4.73166191584864,-0.435600087145787,9.10642774165856
0.273475015540792,17.0811570395762,17,16.7261736148495,0.206173008943791,16.3029183071853
0.519178266568496,20.1256152897384,22,20.1959734527859,0.590680079787889,21.0201104864752
0.192178388570804,16.0522029494236,17,15.5463498341756,0.159211493490114,15.7104445940501
-1.1442740691916,4.40439107594668,5,2.64114079264875,-1.18899936015386,4.25641371178325
-1.2383428116761,4.04468570311241,4,2.27744794597111,-1.71224891742306,2.75948997503312
1.01385587672864,24.7352041635943,25,25.3399605473479,0.973501306136952,24.5004807842544
0.570614013052118,20.7209044336381,21,20.8694774563712,0.83673086776173,23.4421752406883
0.396899957040642,18.6387608517852,18,18.5060185410624,0.472324753772719,19.6441548665929
0.416911434019632,18.8874739761588,19,18.7893892517589,0.205874801517903,16.299141178274
0.0598868461463972,14.4133558337235,14,13.6631915168826,-0.113686900377256,12.4399473735776
1.02923193497292,24.8365681643259,25,25.4507492143959,0.976065731855725,24.5184098749927
1.18916535993704,25.7580683360613,25,26.4533007431318,1.66832178962744,27.4306794444551
-0.819132044861881,6.06344171230292,6,4.35478495347958,-0.686673113607316,6.99539400375693
-0.412791423115976,9.27963245047389,9,7.82713318547628,-0.662992366839774,7.1730433739822
0.3375235224713,17.8929032790359,19,17.6547908106314,0.178040605513787,15.9473704321847
0.83646574746539,23.3856988481556,25,23.8540653395356,0.624583233066359,21.3917757218126
1.17313887079821,25.6760087157708,27,26.3642987368974,1.08126549444784,25.1969353597576
0.663948194200475,21.7407382440209,22,22.0182325364406,0.695076259356814,22.1274363758807
-1.12448834171013,4.48587037669438,5,2.72397271334086,-1.02993090561041,4.93238323558344
-0.89677405410533,5.59904985315762,4,3.86968663987569,-0.847420593478479,5.91337097132133
-0.251045852592989,10.8910261369322,10,9.63367591489714,-0.275855643943046,10.6829360047205
-0.0463907979565151,13.1510070174634,12,12.2127695669416,-0.0141656922365107,13.5908213514098
1.2211408584404,25.9154844217939,27,26.6239506679842,1.32265191851965,26.3837839551109
1.09379277121746,25.2368767140146,26,25.8872113732886,0.709274973363369,22.2692451500688
2.02813064177537,28.0346642835505,29,29,2.06565761510103,28.083528335542
0.393586188302843,18.5974228464667,19,18.458895972506,0.268788791442328,17.0983966215383
-0.492650877560216,8.54741216490738,10,7.01963590438659,-0.423189751490556,9.22296826339841
0.293701095212793,17.3378306724271,19,17.0200284279192,0.263616661731606,17.0325887888377
0.273133156186044,17.0768184249051,17,16.7212048198831,0.282582457301989,17.2738929195092
-0.803504752243778,6.16267206704826,6,4.45897127936138,-0.726446472371537,6.70758507744983
-0.515919872999354,8.34262760008351,8,6.79550499505262,-0.502396738951302,8.49773257339776
-1.7386357050011,2.66864191719855,2,0.928228110595901,-2.43248329676335,1.54358160759795
-1.72109721867826,2.70631559600861,2,0.964014809710734,-3.27960905295088,0.712982234746841
0.476950009724963,19.6220548893094,19,19.6247791713667,0.565217384127639,20.7338824055561
-1.12270823945199,4.49330702599458,5,2.73154054764881,-0.865694750202233,5.8038100865245
-0.0541472970678713,13.0611285685577,14,12.1096330150909,0.0824386449609459,14.7562185666156
0.499820998946827,19.8963070700845,20,19.9360246880536,0.437986864680727,19.2261231976499
-0.329204664871664,10.0919450444143,11,8.73325541309788,-0.270229354228665,10.7413457249846
0.325867235049679,17.7455002153454,17,17.4863256195438,0.420736388364808,19.0136374680621
-0.290025952444138,10.4878788100221,9,9.17838822887425,-0.423678638474186,9.21835744402684
0.340808626732613,17.9344024972418,18,17.7022062128805,0.422487158937989,19.0352714167027
0.63020224359498,21.381715810906,23,21.6146221230134,0.66029519783986,21.7709298098298
-1.15106401459601,4.37691994674956,4,2.61324917093389,-0.804050486560273,6.18418854236523
-0.615875706610714,7.50964817064895,8,5.89192190418842,-1.34758085847319,3.70843576707148
0.701732776716755,22.1287892157919,22,22.4533993965508,0.49893228373414,19.9629263063628
-0.363333504087219,9.75483164848254,8,8.35598423611422,-0.506983396208168,8.45711968686184
-0.76412810829971,6.4214701079614,7,4.73157865084861,-0.300905191578157,10.4251785738857
-0.381950985117865,9.57407076696852,8,8.1543934653372,-0.171567370085231,11.7956276494187
-0.165048868044099,11.8119217377984,13,10.6801178886737,-0.184711026681837,11.6519444191122
-0.126890197214167,12.234061025653,11,11.1621824559995,-0.239593666009519,11.0626701870006
0.00586848491914548,13.764735743656,14,12.9176215251065,0.31433519919989,17.6774633542012
0.706809635901654,22.1797743275867,22,22.5104869339992,0.93568543664876,24.2280884360407
-0.656029190471747,7.19720866474415,6,5.5564220264912,-0.90504639801363,5.5768115208315
0.174279021175809,15.8271654985554,16,15.287985973998,0.281862525360381,17.2647344053904
-0.249415569622445,10.9080840412445,10,9.65298191899379,-0.263583103781211,10.8105860362362
-0.280235801699087,10.5882770833835,10,9.29158747438502,-0.251422821618286,10.9379459303703
-1.63185180359139,2.90717180948204,2,1.15602765002179,-1.59040460522971,3.03978803957932
1.14655125131472,25.5350626898928,25,26.2113330753196,1.14683065867409,25.5667717460042
-1.32291413021108,3.75593136475561,4,1.98814586140239,-1.13733265344391,4.46027806590628
0.779264244682619,22.876720758904,23,23.2886312418477,0.748906771116574,22.6533754158728
0.747214460490064,22.5755675810481,22,22.9529154285804,1.04516476897648,24.9763426761567
1.0476834127816,24.9550994955783,25,25.5801595919965,0.795293743977708,23.0807829992313
0.414329172729226,18.8554742088827,19,18.7529446136128,0.636932113860155,21.5243501226569
-0.0572458282406474,13.0253138111345,13,12.0685429153351,0.0618295031316134,14.5039650603024
-0.514406871016472,8.35582183775267,9,6.80992251333518,-0.599219352002628,7.67449851703096
-1.38483641243758,3.56234694186389,3,1.79574460274496,-1.45846977282303,3.38186083855325
0.160136590833972,15.6499488032062,16,15.0844571617837,0.152997537476844,15.6324692338922
-0.612161495114457,7.53920359373037,8,5.92375619992837,-0.999498545177248,5.0793273257813
-0.0676810927164184,12.905074402877,13,11.9306274251177,-0.0189414823760803,13.5343917854425
1.02728998554957,24.8238969019544,25,25.4369059631504,1.09356863722982,25.2693058374663
-0.114127122521094,12.3770730665869,12,11.3257605921054,-0.576931623361421,7.85752542614585
0.0605032906171283,14.4208361597562,15,13.6717914214732,0.0507346199094478,14.3689403649304
-0.00554970422054115,13.62944784337,14,12.762174917896,-0.0376996722809815,13.3138956137814
-1.28337854112782,3.88718507178787,4,2.11932690925443,-0.977002577171753,5.19200003880149
0.52285214627082,20.168827832964,20,20.2449294321925,0.527858585791157,20.3036923016391
-0.204670709685426,11.3823288394855,11,10.1909616804131,-0.61758728162278,7.52666051768819
0.14956705332243,15.5178806290691,16,14.9327454700899,0.0428699980020555,14.2735682320539
1.02121288267716,24.7840000844276,25,25.393307539184,1.28076085274908,26.2101830082801
0.624118126087908,21.3157803009942,21,21.5403997077781,0.760782921727656,22.7650944372168
-0.34659887281505,9.91921073241691,10,8.53973655108857,-0.375008736728662,9.6852035416596
-0.294029560721702,10.4469885281487,11,9.13232086784792,-0.308476825218392,10.3480117633578
0.0372623119812028,14.1400128241211,16,13.3489505004143,0.124071774239157,15.271085264303
0.0242241138332554,13.9835766064552,14,13.1691296634005,-0.0647230508690105,12.999511823546
-0.57149947280741,7.86990781275814,9,6.28110210493683,-0.348085830302308,9.95007203518465
1.76874715879188,27.6300730199637,28,28.5125569126859,2.08903636253306,28.1106919707876
-1.72478150293364,2.69835503100555,2,0.956446975402783,-1.60488576616769,3.00484238010057
0.644432889045298,21.5345124891561,23,21.7865072031065,0.608511611218816,21.2169723780627
0.157624221162516,15.6185259594108,16,15.0483631252,0.0349140107364811,14.1773814892104
0.836528858774874,23.3862401808057,23,23.8546653415276,0.859750680011987,23.6346388749069
-1.15942616456195,4.34342540360529,5,2.5792666822397,-0.915606294370674,5.51793123946087
-0.789911112206217,6.25059091184343,6,4.55143793251287,-0.601836552022743,7.65326693614346
0.0663358701342613,14.4916960079503,15,13.753257161646,0.131429906950116,15.3627517758084
-1.21134915215648,4.14346453755562,3,2.37698168031447,-1.52623456088234,3.20056462723455
-1.10256828939968,4.57869301757014,5,2.81852339141883,-1.18404049792047,4.27538298452532
0.549811042815068,20.4827297043706,20,20.6002484990246,0.811543415236526,23.2247997670382
1.33571520855564,26.4155503623712,26,27.1660756434904,1.64825652022207,27.3851606231435
0.462949707973375,19.452536569909,20,19.4322137503334,0.248589937248341,16.8414372569008
0.862011880917418,23.6011849628234,24,24.092665372475,0.977463332643422,24.5281524437253
-0.21514900130472,11.2702265482662,11,10.0635885289108,-0.148563440594913,12.0494543236555
-0.0193095794089126,13.4672916538785,14,12.575903299957,0.051304605158097,14.3758634868441
-1.94706978786527,2.25931379531461,1,0.543814011627413,-1.79865851175432,2.57766066208174
0.355723094843009,18.1225262865188,18,17.9170727022522,0.3844818331708,18.5625599508685
0.597561802725644,21.0238209421912,21,21.2113984731278,0.407471697064913,18.8492573482888
0.0913912185914393,14.797764751517,15,14.1051295178956,0.440131114820349,19.2524264982801
-1.4545758152556,3.36000934373952,3,1.59616392812595,-1.35288470361917,3.69186879144819
-0.161340216324841,11.8525897693732,12,10.7265032966505,-0.190667675684045,11.5871514477191
-0.733438814379323,6.63195243482851,6,4.95423820412194,-0.979181590930754,5.18093216825723
2.02813064177537,28.0346642835505,29,29,1.29087718242403,26.2532293236346
0.593394828449125,20.9774091128242,21,21.1590474227331,0.392614156070814,18.6642174706573
-1.89143910037355,2.36219153012796,1,0.63971695272317,-1.34002519487321,3.73221401834786
-1.31649249136654,3.77682653507101,4,2.00899167423353,-1.17712443560269,4.30204576991103
-0.450741019701174,8.92611967100594,9,7.4361123825668,-0.462900950629189,8.85380635062139
1.71447721055607,27.5217609868629,28,28.3877863616056,1.26083491533066,26.1232380131049
-0.645866109187723,7.27505802899428,5,5.63984093674122,-0.695486759410056,6.93047205789908
0.0428340091689466,14.2071091328498,14,13.4260824965897,0.0454861360374002,14.3052616791549
-0.481285211050732,8.64887454213632,8,7.13096630395748,-0.424390020869363,9.21165111319104
0.261056888398258,16.9235722894979,18,16.5456647547782,0.336226821747354,17.9549464473498
0.357557776608514,18.1456326410297,18,17.9434549592636,0.39706523482953,18.7197485774925
1.75613931619337,27.605767571956,28,28.4844048531795,1.98039975709979,27.9758541438333
0.446514347584367,19.2520791631702,20,19.2043314882815,0.646899780187638,21.6302368303833
0.674699031263866,21.8526760051134,22,22.1438801521036,0.680375242103939,21.9783195316914
-2.02265203188019,2.12608417004804,1,0.420200798083321,-2.91832864873083,1.00500488256973
-0.0893822072412001,12.6569075391208,13,11.6461659841883,0.14065218001612,15.4779001670359
0.87001500701691,23.6671977907451,24,24.1656612164581,0.820893278385946,23.3063219232976
-0.39413118354526,9.45703260734477,9,8.02414140426804,-0.389995920073832,9.53977948015807
-0.739744310995611,6.58807549948072,6,4.90775259782428,-0.774504526082923,6.37753601059546
-0.573979533920724,7.84936602598621,7,6.25884458570626,-0.523122526604642,8.31546107120978
0.611405825709602,21.1768566014329,21,21.3839200300937,0.235090663084194,16.6698315202049
-0.672352886199806,7.07392750200195,7,5.42456068279112,-0.557538304681992,8.01998303928603
-1.72478150293364,2.69835503100555,2,0.956446975402783,-1.10729852935763,4.58541489780568
0.258674662828001,16.8933484082625,16,16.5110360409097,0.28253915190338,17.2733420215344
-0.568446376812357,7.8952615310033,8,6.30858453282776,-0.442421229921326,9.04282350935962
0.706614179466188,22.1778165569371,23,22.508295226319,0.71583725775699,22.3340440958003
-1.25199079814528,3.99601594852598,4,2.22850782887338,-1.03041857386852,4.9300785057706
-0.372487828768747,9.66567018630186,9,8.25648518237398,-0.286830770740415,10.5695397206096
-0.215933901434446,11.2618548427902,11,10.0540812793088,-0.239719834671436,11.061335576979
-1.94706978786527,2.25931379531461,1,0.543814011627413,-1.99504232293079,2.20702496177221
-0.649494343203313,7.24716950845726,6,5.60994373449726,-0.657139155711381,7.21767305682743
-0.975443402025875,5.17496657595919,5,3.43028735331963,-0.782121895865175,6.32699506740816
0.549697059918273,20.481414733923,21,20.598761168844,0.528842923884374,20.3151748327178
2.02813064177537,28.0346642835505,29,29,1.43101803237138,26.7799073228318
1.78012265876914,27.6515752435453,28,28.5375425808411,1.16430946837712,25.6589685325715
-1.45726856758794,3.35250176210275,3,1.58879087615021,-1.08866442067638,4.66565230667237
1.24279696127933,26.01747483518,27,26.7344798925935,1.43599253406056,26.7964040206236
-2.31581939207973,1.67074951598489,0,0,-3.21621919833772,0.758324469895493
1.02070370906931,24.7806404986252,25,25.3896354550926,1.15307034168404,25.5999845579089
0.200379774556109,16.1555595895378,15,15.6649777426747,0.403749561150858,18.8029883886575
0.606551065764447,21.1233954568172,21,21.3236689487985,0.520682906674655,20.2197552455127
-1.94706978786527,2.25931379531461,1,0.543814011627413,-2.26196801285035,1.7792505227016
-1.95566501610693,2.24379295020179,1,0.529381717702266,-1.62045825315988,2.96778132734969
-1.67576018067112,2.80637136270911,2,1.05940915844794,-2.09489352105095,2.03780056250762
-1.90713267999429,2.33273557003178,1,0.612213638394375,-1.41279648683389,3.511533717666
1.20820836392686,25.8528134195459,26,26.5560216330305,0.590332533439333,21.0162436998788
-1.1870110203633,4.235510517442,4,2.46996937864071,-1.25557471568972,4.01314672042635
-0.560734189115238,7.95962700701737,7,6.37840898332182,-0.544368302220711,8.13198054669813
-0.297316506278667,10.4134904588175,12,9.09459764919996,-0.666318660237258,7.14780784559556
-0.527549363429703,8.24178103369604,8,6.68541505490633,-0.525897950439497,8.29129738976387
0.245135268793029,16.7216380696649,17,16.3142525487462,0.169053181938395,15.8341652484484
0.565343091426028,20.6609045973499,20,20.8016858069498,0.311579763935194,17.6424832609108
0.370023531454664,18.3023954884773,19,18.1223909979102,0.345231298308196,18.0688089018371
-0.217968211233846,11.2401736197006,10,10.0294624050888,-0.137593040847318,12.1715511368571
-0.0876027853770637,12.6771600850608,13,11.6693701464992,-0.143554439565801,12.105119062582
-1.50108643139316,3.23328948901476,3,1.47204212222331,-1.4716512374855,3.34559662165568
-0.860152235872227,5.81222816399837,6,4.09186169812544,-1.38788416403129,3.58504215285872
-1.38483641243758,3.56234694186389,3,1.79574460274496,-1.29577383354981,3.87582917000215
-0.142440758649456,12.0610419109711,12,10.964452914972,0.00150744154207405,13.776830268575
-0.681835466002098,7.00331127664203,7,5.34916204281257,-0.631921062977805,7.41319734016055
0.530095085585394,20.2537210645978,21,20.3410769062948,0.553069074661994,20.5952867838126
1.08315653145438,25.1736721296654,25,25.8184066806563,1.12393933604222,25.4420241473305
-1.67576018067112,2.80637136270911,2,1.05940915844794,-1.28463567743454,3.91319882457814
-0.597308047414321,7.6584953346584,7,6.05241661361893,-0.695434527892978,6.93085488225456
1.24551505040248,26.03001895686,26,26.7480734692397,1.39172882249709,26.6446063582676
1.55285409067732,27.1344749432664,28,27.9524729737491,1.35308113772123,26.5024361302661
0.490644147205,19.7866802459202,19,19.8116549052514,1.3009431586504,26.2953437193465
1.409597283114,26.6904469966349,27,27.4650298864351,1.64810571188199,27.3848126942465
0.912252367533981,24.0038709307359,24,24.5372152633687,0.68254760458745,22.0005001427526
0.880468225786616,23.75235030458,23,24.2597524860793,0.795640319804069,23.0838855567733
1.0770852654471,25.1371171329555,25,25.7785950223735,0.89286114206915,23.9011580767896
-0.420702573905304,9.20512651668509,9,7.74454646245364,-0.514222255726378,8.39334072858486
0.861894840765016,23.600214291533,24,24.0915916752486,0.59313149849634,21.0473527930818
-0.711080232668749,6.79016838953472,8,5.12216860833103,-0.535301428156537,8.20986193901531
-1.42750577122962,3.43670742096631,3,1.67162279684232,-1.31491350413808,3.81277999076353
1.40041073195666,26.6581119832773,27,27.4297925175246,1.27400538101799,26.1810294863018
-0.895283228737473,5.60752757812851,6,3.87850565731503,-1.04925620627203,4.84222915468427
-0.695167718549244,6.90527217325297,8,5.24464313644685,-0.806661877666415,6.1674470769507
0.357404077922404,18.1436972493505,19,17.9412452521339,0.423237636923421,19.0445403402124
1.32885454020822,26.3882358574821,26,27.1364298657915,1.23917531712242,26.0253982554278
0.784211787544896,22.9221906673056,23,23.3392469447711,0.739891733136163,22.5675225307664
-2.0274265478321,2.11790780451302,1,0.41263296377537,-1.89891801242691,2.38167148453581
0.0737054664286715,14.5814427762344,15,13.8564367706751,0.0796425138065542,14.7218874727796
0.727549211921674,22.3851603814171,21,22.7402390608821,0.748852490285058,22.6528611871432
0.873082759417926,23.6923133302988,23,24.1934213260738,0.636724507414111,21.5221339830169
-0.36888082528214,9.70073726782537,10,8.29560348586987,-0.782465481332402,6.32472677277984
0.231958086572339,16.5546781410761,17,16.1228373527544,0.303547313135468,17.5404578556874
0.662364663972302,21.7241494833342,23,21.9996040697657,0.989831492431467,24.6134912777493
-0.285051351916218,10.5388212576093,11,9.23581015410922,-0.0196269578621867,13.5263020267746
0.68034823742049,21.9110129150925,22,22.2093244520552,0.70954138588114,22.2718849862877
-1.10708810941259,4.55932908419788,5,2.79878283687955,-0.915112035194729,5.52066825447248
-0.817451059807879,6.0740215166602,8,4.36588422953938,-1.11143498880618,4.56787745120024
-0.654511749972484,7.20877902673678,7,5.56881275104681,-0.606325576832046,7.61697904674042
-1.95566501610693,2.24379295020179,1,0.529381717702266,-1.265975066574,3.97696305615048
-0.792375319228814,6.23454227319582,6,4.53454813795769,-0.999438334369597,5.0796242359598
-1.07535783301297,4.69779809666388,5,2.94012755114786,-0.811194251944739,6.13852352063948
0.221912382702478,16.4275373229325,15,15.9770258825197,0.022050347093881,14.022498636854
-1.33009446699919,3.73275639063647,2,1.9650428854131,-1.69218300415549,2.8036128314965
-1.50108643139316,3.23328948901476,3,1.47204212222331,-1.22535917441007,4.12099218485439
-0.125444482792674,12.2502149791853,12,11.1806532812165,-0.0162159583031997,13.5665815225224
-0.947178339476732,5.3221707294586,5,3.58241546044402,-0.948854117372755,5.33801254867506
0.340751437560436,17.9336802309451,18,17.7013810308679,0.366821309421653,18.3409821610171
0.740403705948727,22.5101043606872,23,22.8798314367757,0.924963329233458,24.1480932501336
-0.294420485315403,10.4430010824184,11,9.12782972194899,-0.0226638066255245,13.49049136796
0.281844564309993,17.1873775966275,19,16.8478052153095,0.347129914356675,18.0927931538004
1.10664829030055,25.3118639119085,25,25.9687936627913,1.60399870080523,27.27918254493
-0.278738573000274,10.6036820845133,10,9.30896774754625,-0.44349783210495,9.03281406391548
-0.759442048831763,6.45311005871242,6,4.76499479194438,-0.778775596456207,6.34913813710541
1.00230678358362,24.6574988096708,25,25.2549533105501,0.998432182107745,24.6719101913935
0.0171104781464597,13.8985699475141,15,13.0714263179934,0.087840355837661,14.8226335053381
1.04348729677234,24.9284387661227,24,25.5510650373028,0.916041031662301,24.0805834075199
-0.805312318654003,6.15109386171004,7,4.44680514700701,-0.897665320077933,5.61847311537634
1.76874715879188,27.6300730199637,28,28.5125569126859,1.98015936532439,27.9755301292821
0.102129344402337,14.9297343892752,15,14.2568365650498,0.0249542904952286,14.0573934839364
0.750506526165233,22.6070264930019,23,22.9880231287688,0.745676448751958,22.6227159278302
-0.156406559214895,11.9068114523965,13,10.7883673183785,-0.458555799633315,8.89366360836991
0.254457308572899,16.8398492813245,17,16.4497336698729,0.653133536987751,21.6959412097551
0.308666255734411,17.527623564416,19,17.237182919861,0.249634144850262,16.8547170183048
0.841833004314297,23.4315769770023,22,23.9049050164155,0.847470441297882,23.5327018281613
0.647457966610078,21.5667327000627,21,21.8227316277572,0.666816710378455,21.8387504722889
0.022520694837255,13.9631986883085,15,13.1457073228238,-0.0692869151417372,12.9468031314124
-0.634925017029269,7.35980198131547,8,5.73078080074372,-0.583579695766043,7.80251712048507
-1.72478150293364,2.69835503100555,2,0.956446975402783,-1.26155803810853,3.99227298744468
0.239601422968418,16.6514996600851,16,16.2338495847969,0.199185852286324,16.2144607309725
-0.835217122134566,5.96334635717292,7,4.24988021744077,-0.814429623762445,6.11798006581383
-0.26205649896445,10.7762315999346,12,9.50383821789624,-0.220004266928572,11.2710087730875
-0.59117788162609,7.70823746230175,7,6.10614594920378,-0.483596100315008,8.66582080163072
0.12251836515064,15.1815411272651,15,14.5462656064001,0.235764381997718,16.6783922549294
1.24413177050348,26.0236421290821,26,26.7411631558269,1.17892071872444,25.7340567839121
0.476638342689872,19.618294214246,21,19.6205086825252,0.671862831920368,21.8909213932648
-1.42750577122962,3.43670742096631,3,1.67162279684232,-0.753554066262984,6.51903882948969
0.709821117221944,22.2098865044887,22,22.5441933230334,0.839418103721693,23.4649475021725
-0.896905771198637,5.59830164042522,5,3.86890837161746,-0.813674329352901,6.12276823100665
-0.163890245220357,11.8246185050827,12,10.6945982859429,-0.486959813285562,8.63555773272518
0.974782417698134,24.4667901550107,24,25.0460371876207,0.983195792038723,24.5679016517922
-1.96393140410669,2.22895757299868,1,0.515595146820531,-1.68316629377609,2.82368756866135
1.45279229293233,26.8358952840075,27,27.6238729531055,1.23924822961239,26.0257335496938
0.945025779114013,24.25170580437,25,24.8099254816997,0.782564828765049,22.9658991864967
0.989240029650004,24.5679388567485,24,25.1568937949824,0.65688636839726,21.7353029143627
0.0479397474310802,14.2687211546464,13,13.4969122330157,0.195696317929962,16.1703179580395
-0.0408554910484495,13.2153422006142,14,12.2866110684115,-0.119245660430839,12.3772549339234
0.590408150193946,20.9440455481212,22,21.121406011598,0.589854100549671,21.0109188315219
0.654285757413978,21.6391159998606,20,21.9040833579549,0.592447573531294,21.0397580809526
-0.175939138628418,11.6929529790161,12,10.5444982271205,0.137518925125233,15.438747172197
-0.787905777053447,6.26368741338862,6,4.56522450339461,-0.290390379261476,10.5329162335789
1.19581349940675,25.791482064434,26,26.4895316218691,1.28020851953271,26.2078117240421
1.76874715879188,27.6300730199637,28,28.5125569126859,1.11136212576573,25.3715095101671
0.84857372564695,23.4887393040589,22,23.9682187747179,1.59807675647099,27.2643947455805
0.32820647132481,17.7750996126382,17,17.5201603842618,0.254424176103087,16.9156421554383
1.06493672666177,25.0629185752892,26,25.6977450161144,1.15913290237241,25.6319349317895
-0.109325595307218,12.4311086605458,11,11.3875978350882,-0.217154369831143,11.3015033704885
-1.78686052369535,2.56784805817986,2,0.832833761858691,-1.6853845591577,2.81873436607483
-0.705990934216889,6.82675581104462,6,5.16107120207238,-0.932293275198825,5.42660376633048
0.343559139104318,17.9691321757802,18,17.7418823582761,0.493599155209975,19.8994236346378
-1.13596329872202,4.43835409284431,5,2.67564861582133,-1.33540554105757,3.74685640545743
-0.350827900052845,9.87750210600268,10,8.49307419797519,-0.48052815839993,8.69349433723604
1.4864349273575,26.942001478121,27,27.7401874196504,1.80154787939273,27.6973747772754
1.04104739706579,24.9128569403737,24,25.5340572528677,1.76162563017831,27.6234995256958
-1.17123431101261,4.2967524527975,5,2.5319598730298,-0.78212878387658,6.32694958425039
0.453321841409231,19.3352910701621,19,19.2989498736545,0.384836732637052,18.5670015481475
-1.48211099482438,3.28424321020365,3,1.52186657760682,-1.71509164002526,2.75329961516262
-0.375592326381309,9.6355558317281,9,8.22290694582451,-0.265930904084485,10.7860969112613
1.19581349940675,25.791482064434,26,26.4895316218691,0.850040205780395,23.554172150807
0.61767003321649,21.2455077256895,21,21.461262767944,0.866586796830562,23.6906583440356
0.0603446309928283,14.418910721446,14,13.6695778024288,0.230234254491797,16.6081365286498
0.149622468947944,15.5185721678427,16,14.9335399387791,0.249517065513876,16.8532280237242
-0.446884821408947,8.96158884327702,8,7.47524845130282,-0.695848614525322,6.92782051413466
-0.53636611101255,8.16600117692788,7,6.60281384722357,-0.465491341920243,8.83010879989984
-0.691637856137992,6.9310872762402,8,5.27214645077565,-0.520391910710975,8.33929135473608
-1.67576018067112,2.80637136270911,2,1.05940915844794,-1.09923604213328,4.61988192181429
-0.643247300407483,7.2952538397914,7,5.66150074068795,-0.423503508824769,9.22000895038923
-0.0818343073595455,12.7429328903767,13,11.7447418736666,-0.384521895547986,9.59272566977188
0.381345365036388,18.4443832625003,17,18.2843825692632,0.562689742942034,20.7051513850205
0.470023755692854,19.5383387494714,19,19.5296981858832,0.00614837584299726,13.8321471329331
0.0758061196949967,14.6070675753464,16,13.8858968041659,0.0976017973982747,14.942954462701
0.679622709284935,21.9035394194515,22,22.2009418886932,0.828108812839517,23.3685644926119
-1.66937361395714,2.82078757837907,2,1.07319572932968,-0.894206968798357,5.63813757508032
-0.264110538954225,10.7548962187149,12,9.47972371306847,-0.0978209176350513,12.6198263913088
-0.407974469674711,9.32520405310275,9,7.87769273236032,-0.37558545889949,9.67958050149656
-0.716823982489174,6.74913172487157,7,5.07856595803617,-0.935792027115858,5.40771887649084
-0.259942341900459,10.7982175979312,12,9.52869363760065,-0.0986479957104638,12.6104151779405
1.05704061347402,25.0139325902812,25,25.6443368822965,1.14231276515411,25.5425139472533
1.03967085029846,24.9040400915098,25,25.5244323839992,1.31431737134818,26.3502104126369
1.58585494193831,27.2223371276109,27,28.0500994935271,1.6051709384446,27.2820923234187
0.507046076126262,19.9822096004748,21,20.0334373715143,0.565885340146722,20.7414654859346
0.0357849950000482,14.1222469190761,14,13.3285278426754,0.256385925080201,16.9405970835053
-0.224830253226815,11.1672167202322,11,9.94665478309958,-0.273606779144373,10.706260189732
0.0247892944894734,13.9903409331938,15,13.17690466655,0.14264319902162,15.5027963136455
1.04295922960753,24.9250713593334,26,25.5473896849639,1.05220447112762,25.0203377409491
0.838146917970166,23.4001037577964,23,23.8700304200282,1.08617731872259,25.2259966282244
-0.318334486625507,10.2008510145963,9,8.8554828899162,-0.0897456408313817,12.7119113396807
-1.73490214885132,2.67661510379965,2,0.935795944903851,-1.44183872656584,3.42834240730634
0.346929441857052,18.011666444339,17,17.7904688774095,-0.0455645784814441,13.2219959406299
-1.0747939590015,4.70031295188186,4,2.94269850772085,-0.750100746325371,6.5427156806729
-1.2597732714751,3.9686342979759,4,2.20100451454458,-0.760733232931911,6.47013626827707
-0.396894560718366,9.43061555340274,11,7.99477206826622,-0.342510289587094,10.0054984456472
-0.692065459445945,6.92795462463232,6,5.26880824906465,-0.683583257869339,7.01830803818154
0.906367808375092,23.9581391004972,25,24.4868183635912,1.03353080186875,24.9025781537485
-1.29990071594601,3.83156710599249,4,2.06367153541917,-1.48266074408839,3.31568801105075
0.0266416390860903,14.0125213891154,14,13.2023994981121,0.0192679915675067,13.989103287089
0.318396485786701,17.6509167208878,18,17.3781884088073,0.38933456086128,18.6232515092841
1.50931917342155,27.0107834502698,28,27.8158342133801,1.8889181284189,27.8433081092189
0.726321985002492,22.3731372472088,21,22.7267992864784,0.615514135472399,21.2934464220279
-2.0274265478321,2.11790780451302,1,0.41263296377537,-2.90348338050419,1.01883957035171
0.0588448569007119,14.4007155466006,13,13.648659382924,0.213869998262707,16.4004614468294
-0.132373561329452,12.1728975733693,14,11.0922614890645,0.0343815742730535,14.1709550684919
-1.21212564784103,4.14057519675188,4,2.37406643754495,-2.00583864352692,2.18815238298513
0.945493571420648,24.2551596952456,25,24.8137211660778,1.08873549825144,25.241043447941
0.739681821930859,22.503135835522,23,22.8720494754472,0.496177661227577,19.9301517027671
-0.155537365108409,11.9163782803509,12,10.7992848279628,-0.0577095704328743,13.0807301584173
-0.0146141579766314,13.5225171387203,13,12.6393354235237,0.138175338951936,15.4469470378144
-1.12781828518617,4.47200646812662,4,2.70986766250774,-1.32111257899824,3.79266781904418
-0.736842779600962,6.60822530606731,6,4.92909579832364,-0.850505382412637,5.89468918368289
0.254175724596051,16.8362776370925,16,16.4456407915169,-0.00867909843122775,13.6557941180869
1.23041021629125,25.959587197309,27,26.6717477329571,1.54851281916488,27.1346613534426
0.348780279939957,18.0350142227685,19,17.8171361040067,0.452378287823026,19.4021709608779
1.05253491391141,24.9857095953606,24,25.6135547529846,1.01207572889503,24.7630414522963
-1.6790462708932,2.79898543861054,2,1.05234991649854,-1.60490417867231,3.00479824576324
0.227871414050238,16.5029395763918,17,16.0635058480503,0.347554021637543,18.0981494862127
-0.675305893617604,7.05185778678312,8,5.40098596083901,-0.692948092922155,6.94910534408424
-1.06278620178796,4.75432643466676,5,2.99794962632323,-1.36820890326731,3.64456932975136
0.541055270324261,20.3814105226925,21,20.4856203589438,0.660238243913125,21.7703355577973
-0.137686569693611,12.1137945358582,13,11.0247188013417,0.162067555530232,15.7463208653029
2.02813064177537,28.0346642835505,29,29,2.33315542136251,28.3449155477937
-1.67576018067112,2.80637136270911,2,1.05940915844794,-1.96574276917013,2.25897869966116
-0.371028126752132,9.6798512016733,10,8.27230221761534,-0.634494179095172,7.39300711098132
0.288892942512508,17.2768234429037,17,16.9502019968643,0.176287030292592,15.9252665169902
0.0648198914161423,14.473263933556,14,13.7320662443055,0.126837829036202,15.3055223336202
-0.531131730122626,8.21092003858603,8,6.65176316495245,-0.42693279880285,9.18770802802863
-0.817852200178996,6.07149475797232,5,4.36323321263253,-0.783011950456223,6.32112109557706
1.76874715879188,27.6300730199637,28,28.5125569126859,1.64700851075857,27.3822787036045
-1.50373367614717,3.22626011687175,3,1.46517766260612,-1.71226839268914,2.75944751486008
-0.187158600656844,11.5710941176031,12,10.4057042268678,-0.0274717460297095,13.4338938144292
-0.841079563119804,5.92737660848698,6,4.21222869996916,-1.01673229170435,4.99535409806457
-1.95566501610693,2.24379295020179,1,0.529381717702266,-1.94607951455836,2.29446298542054
-1.14912047922427,4.38475796782942,5,2.62120531262791,-1.44981279887065,3.40595325269736
0.358700350287869,18.1600181988375,17,17.9598790456486,0.189712131409005,16.0946755285075
0.523830889418096,20.1803228151011,21,20.25795055725,0.394519616118962,18.6879994829464
-1.00834590287715,5.0105975665449,6,3.26092226535108,-1.75974926364559,2.65795210652614
0.296002182530863,17.3670236374325,18,17.0534374326662,0.33045336468866,17.8818496594115
-0.246568725584136,10.9379085906742,11,9.68674490476819,-0.0796795321833168,12.82719815929
-0.189453540428129,11.5462564919883,11,10.3774303694223,-0.422876040762852,9.22592780502051
-0.555634789255423,8.00243823927555,7,6.42489458961948,-0.703103073771973,6.8748940881589
1.33446688514286,26.410603904579,27,27.1607064330151,1.30851040639662,26.3265390350345
-1.66937361395714,2.82078757837907,2,1.07319572932968,-1.399138357769,3.55158199378767
2.02813064177537,28.0346642835505,29,29,1.46588252458374,26.8926473096157
0.35468849911878,18.1094927356794,18,17.9021904641248,0.409682559140474,18.8767111213478
-0.0678706980895556,12.9028951013003,11,11.9281282637234,-0.05898709836665,13.065916292056
-0.966144101608979,5.22277432194848,5,3.47964805973107,-1.20097724482769,4.21109711480954
-0.688724194412853,6.95247288228909,7,5.2949403469636,-0.358718051912292,9.84492035906133
-1.50108643139316,3.23328948901476,3,1.47204212222331,-1.75977035719613,2.65790789303051
-0.594644806547115,7.68006930018349,8,6.07571407371165,-0.820600648908008,6.079034097727
-0.190115479034002,11.5390980791715,13,10.3692826044826,-0.270566567149015,10.7378396307412
0.786800042445105,22.9458687990492,22,23.3655969809334,0.683219632951892,22.0073516016419
0.00739297435962026,13.7828479296302,14,12.938434863454,-0.00419260183500036,13.7090377626127
0.060174012208081,14.4168402764528,15,13.6671974741752,0.00383297857957898,13.8045356422224
1.29114401234102,26.23232864295,26,26.9673350983657,1.70194985881255,27.5036327514509
-0.772894498203184,6.36276205603964,6,4.66962567861835,-1.19070336137174,4.24992366599983
0.690691024916029,22.0169482573041,22,22.3280991428103,0.928209657070736,24.1724435380789
0.0856169293521294,14.7269930756909,15,14.023769279779,-0.0221191591940843,13.4969103596149
-0.107587422297345,12.4507011837874,13,11.4100231381336,-0.0280094545267576,13.4275715618923
-0.469985144403218,8.75067220103384,10,7.24285036108244,-0.452141887308199,8.95274043952448
-0.805749817555458,6.14829546150186,7,4.44386503078125,-0.631518685660089,7.41635954783393
-0.4580084390092,8.85955665251652,8,7.36272704380469,-0.608466843734783,7.59972703240863
1.02280189846567,24.7944678592575,24,25.4047481983652,1.529620784823,27.0822791449977
-0.0471234230339493,13.1425040727934,14,12.2030111899987,0.235464229227779,16.6745782527037
0.0268014242748406,14.0144354722731,14,13.2045996218384,0.0589552175743575,14.4689318057004
-0.25688857599489,10.8300217942247,11,9.56465852947621,-0.257024431902119,10.8791697332407
0.248155040735417,16.7599238433045,15,16.3581357910747,0.322630859695113,17.7827099513273
-0.986354024132219,5.11964159781543,4,3.37322111029127,-1.12861693036323,4.49607183083103
0.168750112102048,15.7578178935662,14,15.208348741772,0.0921614244170788,14.8758481528198
-0.180119004576328,11.6474699226167,12,10.4926796436939,-0.0743840076440104,12.8880692616194
1.44621156051483,26.8144204563502,27,27.6003810031428,1.20147537054202,25.8465059961402
0.588202186062851,20.9193510516995,21,21.093540726238,1.03451000929202,24.9088378475533
1.48629148864396,26.9415618540327,27,27.7397045914013,2.61369769765033,28.5318465727488
0.107690474335298,14.9982586514506,15,14.3356045723606,0.166175039809185,15.7979565491969
-1.41306107187508,3.47857215446414,3,1.71291268205285,-1.0577536232989,4.80334222956816
-0.999296658999201,5.05507125946591,4,3.30669488648036,-1.03407511857061,4.91284700105317
-0.0170231100661583,13.4941699669528,13,12.6067749305407,0.180844407498651,15.9827280252646
-0.372015474781957,9.67025760077423,10,8.26160149300941,-0.345608839929524,9.97467168348216
-0.0711058184456753,12.8657408664222,13,11.8855237724093,-0.132334702387591,12.230313616684
-1.199561519395,4.18768308010038,5,2.4216246380089,-1.22096520449879,4.13702258228292
0.191414163288998,16.0425793473886,17,15.5353031523042,0.164687199340964,15.7792473868755
0.00603094045841257,13.7666652986141,15,12.9198388189306,0.0797627970178838,14.7233636412096
-0.0692142516163604,12.8874580048524,13,11.9104259811609,-0.0662174676277201,12.9822402205454
-0.199042465679072,11.4428042738997,11,10.259724442671,-0.104033399582527,12.5492274785414
-1.26735550711609,3.94221176032088,4,2.17448576292595,-1.13215301647386,4.4814992863875
0.49013399323815,19.780569298489,20,19.8047203810925,0.46285720351533,19.5296023746888
-1.94706978786527,2.25931379531461,1,0.543814011627413,-2.09232624028618,2.04200642514112
1.78012265876914,27.6515752435453,28,28.5375425808411,1.46324077309471,26.8843364109444
0.883194748352169,23.774361979871,23,24.284062080964,0.75436583588093,22.704924193961
-0.867244891151174,5.77013337650338,6,4.04792199452071,-0.352307580650619,9.90823376045651
-0.301294369106229,10.3730389625288,10,9.04906338265568,-0.20624313996816,11.4186888180208
0.933077342642193,24.1626918771749,25,24.7120564549807,1.03790184185516,24.9304477506074
0.186321236305863,15.9784799528464,16,15.4617202103709,0.167154851774589,15.8102806682355
0.943423912787076,24.239860903976,23,24.7969074000596,0.386684920549953,18.5901242364115
-0.246091959209691,10.9429080319918,11,9.69240550433533,-0.30158559607199,10.418229964371
0.0849817045933247,14.7192159581505,15,14.0148284501857,-0.066898411279215,12.9743742639119
-0.779315914531483,6.3201560973599,6,4.62470610548206,-0.587024888523435,7.77414862664715
0.657641930097211,21.67452203948,21,21.9438624716812,0.373054475768012,18.419306215521
0.0510029169744784,14.3057427581193,15,13.5394734626371,0.0599322615804404,14.4808363739487
-0.878431673273271,5.70453271818218,4,3.97951328253805,-0.546336846913911,8.11515482989076
0.387186915150493,18.5174814124836,16,18.3677489252493,0.581416818574672,20.9166648120066
-0.882665825486464,5.67995475095242,6,3.95390429729358,-0.998367490340493,5.08490889546797
-0.394292570544093,9.45548840854085,10,8.02242432201502,-0.214536767946915,11.3295536359765
1.64078256006644,27.3581426505594,28,28.2021620105602,1.74714566683399,27.5954887101218
0.15491742101529,15.584692262451,15,15.0094980256412,0.0227007178041062,14.030310174611
0.580943920336959,20.8377892367249,21,21.0014794912129,0.395139836218139,18.6957373131943
0.292267085930843,17.3196366100938,17,16.9992054398107,0.147617389646313,15.565049515513
1.06402518948891,25.0572942681064,26,25.6916142406737,1.36904173149152,26.5622774647725
0.0395081419409297,14.1670403889322,13,13.3800202602549,0.353087837635899,18.1679981653725
-0.863588494827546,5.79178513510902,6,4.07051849762609,-1.16374731003521,4.35431085355324
-0.613479441598157,7.52870358095499,8,5.91244465771526,-0.254092245755801,10.909913385608
0.811397782613587,23.1671546164594,24,23.6115926384302,0.782905690196601,22.9689992976008
-1.94706978786527,2.25931379531461,1,0.543814011627413,-1.54957264178481,3.14093453067906
-0.404350556902259,9.3595910810342,10,7.91586610824434,-0.320704008887459,10.2241354442139
1.28338715611409,26.199015971558,27,26.9312235588151,1.45658307457164,26.8632253744595
0.905069843268981,23.9480010920633,24,24.4756430484204,0.666010433553027,21.8303897064528
-0.71048165933274,6.79446054303628,6,5.12673102265289,-0.577609362770057,7.85190155373615
-1.32501342866377,3.74913523447598,3,1.98136895379043,-1.65696347443399,2.88292541176498
-0.284516577723546,10.5443065092876,10,9.24199503367137,-0.51998102983646,8.34288200165321
0.00288705895117081,13.7293474130179,13,12.8769570810887,-0.176254106818639,11.7442808419734
-0.620774882989772,7.4708321103475,7,5.85013847803499,-0.222391762590177,11.2454980957861
-0.585688724088855,7.75302936806307,7,6.15456879844219,-0.804209954497185,6.18316459287934
-0.0304963708711508,13.3361758676536,15,12.4253328278977,-0.505159282502527,8.47325276791738
-0.652477332044101,7.2243206563503,9,5.58546038687789,-0.767641154485233,6.42348838305705
0.784301708312756,22.9230145449652,24,23.3401638801874,0.555100349210902,20.618549781689
-0.684606816118632,6.98281214215144,6,5.32729267814894,-0.536046801947127,8.20343568647344
-0.339305054489515,9.99141120109547,9,8.62057241696548,-0.267815977135191,10.7664579355407
0.776764974669243,22.8536475491804,22,23.2629394302267,0.59645254762803,21.0841691957081
1.60909756844894,27.2813411450824,28,28.1159761499634,2.11037585712044,28.1346665045233
0.983119578211369,24.5253838026585,25,25.1102685150577,0.698246161287236,22.1592850315253
0.6545648064211,21.6420642126208,22,21.9073960586031,0.715976907003126,22.335417937251
0.221681141792091,16.4246123722402,16,15.9736709307277,0.296896327075564,17.4559275896674
0.778840678761112,22.872815313877,23,23.2842829142411,0.884348142766716,23.8337882145895
1.36227360390866,26.5183516483175,26,27.2777300004915,1.20520296822529,25.8646933295023
0.99483805552518,24.606522698198,24,25.199150416058,1.18776577772854,25.7786503979621
0.312916812675681,17.5814958232131,18,17.2988006193214,0.5417731954245,20.4652835953432
-1.49817725789958,3.24103649235477,3,1.47960995653126,-1.51167728923963,3.23846298322706
-0.30479419034205,10.3375285356576,10,9.00910872487033,-0.495808803551826,8.55633772859467
-0.716493728627454,6.75148390201351,8,5.08106433733081,-0.896865232375733,5.62301427366948
1.26636141703503,26.1243622492388,27,26.8503115308893,1.07452359929106,25.1566788817499
0.338676630840275,17.9074723170387,18,17.6714375155594,0.326257439540544,17.8286854890734
-0.067806030367109,12.9036383626476,14,11.9289806126873,-0.090292351949177,12.7056657321166
-0.924305973030041,5.44548767160291,5,3.71017959085313,-0.920830506337114,5.48911442831901
1.26961138365392,26.1387771574157,26,26.8659337069072,1.36665362136044,26.5534260418602
0.227137439126616,16.4936495638162,16,16.0528517572947,0.286787651833484,17.3273842852276
0.588223761063479,20.9195927850415,22,21.0938135167001,0.726344067502026,22.4368102515481
0.773745055800923,22.8256747330908,23,23.2317852887858,0.881228151428135,23.8088978334206
1.78012265876914,27.6515752435453,28,28.5375425808411,1.35279854185746,26.5013619851093
-0.233497062334804,11.0754634726932,10,9.84259002355732,-0.0740912596280648,12.8914387902181
-0.210243189573718,11.3226325099687,11,10.1231183758305,-0.180225562427374,11.7008680794282
-1.21085267155584,4.14531345400018,4,2.37884729034172,-1.499316729478,3.271080663303
-1.35379357510426,3.65764772933388,3,1.89029528082293,-1.34143462680139,3.72776247766716
0.384818971194808,18.487864050363,20,18.3339736652071,0.475378814709495,19.6809856400607
0.458832833497051,19.4024671197819,20,19.3753113906039,0.190003528045904,16.0983571416226
1.23823060559566,25.9962729542961,25,26.7115040493269,1.50466560209631,27.0104651480877
0.28939660024106,17.2832144420142,18,16.9575174177883,0.344965142704079,18.065445999925
0.448222177377488,19.2729785920299,19,19.2280986808354,0.365269946385289,18.3214691971417
-1.08278708041211,4.66484279146322,5,2.90644970903676,-1.03742088571092,4.89715612362966
0.443515863939693,19.215347860243,20,19.1625552987071,0.429841597231978,19.1259826173403
-0.513045447316299,8.36770873789954,8,6.8229142367774,-0.185581315947527,11.6424653031078
-0.720394410294196,6.72375919574153,6,5.05162315199733,-0.663701692295806,7.16765422936133
-0.647492742398509,7.26254167305128,6,5.62642122632167,-0.628521698462957,7.43995405467326
-0.568391120962394,7.89572105641665,8,6.30908275292142,-0.510893708553209,8.42261885112956
0.237828109383373,16.6290304450681,17,16.2080893206508,0.0643986035214535,14.5353096801259
0.284982019292567,17.2271942802299,17,16.8933899955935,0.0560269168519237,14.43327827651
0.877991293975579,23.732282409308,24,24.2375850260882,0.904116732632877,23.9890136029276
-1.50108643139316,3.23328948901476,3,1.47204212222331,-1.36683968356744,3.64876171707714
-0.956362902061758,5.27371628540455,5,3.53229377985817,-1.11302756047589,4.56115155276224
0.217547416764682,16.3723390943325,16,15.9137093813524,0.290089776731845,17.3693819771775
-2.31581939207973,1.67074951598489,0,0,-2.07333463085243,2.07335116404853
-0.271615553243252,10.6771550167582,10,9.39190148050524,-0.260573271742462,10.8420282102378
-0.780771342101162,6.31054606741601,5,4.61457902413674,-0.88519374573944,5.68982265831241
-0.871739159043063,5.74366219197975,5,4.02030786924535,-0.925232071646102,5.46499480863479
-0.472967796114252,8.72371408138328,9,7.21320315356784,-0.367668339396741,9.75695962503988
-0.229290803542524,11.1199393067274,11,9.89302276554957,-0.27547822022277,10.6868483684317
0.0782398394368677,14.6367789161103,16,13.9200548493956,-0.161446174902683,11.9069375187252
0.861768115666698,23.5991631264953,23,24.0904289294969,0.709594713880953,22.272413311364
-0.283864956598881,10.5509926055623,9,9.24953443089597,-0.556394101204524,8.02965997877329
1.40041073195666,26.6581119832773,27,27.4297925175246,1.28407342709601,26.2243587415726
1.50931917342155,27.0107834502698,28,27.8158342133801,0.659932177739224,21.7671415123822
-0.211757579893064,11.3064402919104,12,10.1047222060717,-0.0144959238174221,13.5869156388144
-0.353416166436983,9.85203138049075,10,8.46459096314823,-0.342735657301548,10.0032542846843
-0.650086285509802,7.24262965497219,8,5.60507831877946,-0.446906675177343,9.00117428005577
1.1067818905686,25.3126352099717,25,25.9696325274983,1.06582937039795,25.104132461991
-0.445041214426857,8.9785828310858,10,7.49400704678793,-0.791594053882603,6.26482051279198
-1.14912047922427,4.38475796782942,5,2.62120531262791,-1.32179944993488,3.7904484788804
-0.889996676074929,5.63772606409061,5,3.90993097121469,-0.799294417426664,6.21482384101947
-1.30363866656116,3.81913868609091,4,2.05124829530908,-1.30917718068354,3.83152412570592
-0.564454750340615,7.92851802036716,7,6.3446517647396,-0.541395519590521,8.15744628580399
1.22419305576962,25.9300812447371,27,26.6397706426374,1.58125895158707,27.2215851776417
-1.67576018067112,2.80637136270911,2,1.05940915844794,-1.4757234381414,3.33449413571196
-0.123206666040643,12.275242578336,12,11.2092736172065,-0.180186151624225,11.7012984464006
-0.378250918728258,9.6098165639161,11,8.19421820752176,-0.129861241187355,12.2580082272359
-0.291184753033585,10.4760335816137,11,9.16504109007769,-0.137554353917176,12.1719829026619
-0.190810818702084,11.5315811595425,10,10.360727267918,-0.457951165021542,8.89922037867531
0.476577414090578,19.6175589591429,20,19.6196737450825,0.415380163638264,18.947360006997
-0.254107283388965,10.8590363175027,11,9.59747890541898,-0.453052494957316,8.94433547655522
-1.20369289388947,4.17210860825286,3,2.40589471399535,-1.21165135718448,4.17130203318103
0.626183320403513,21.3382019821288,21,21.5656427113903,0.773673322719508,22.884571301312
0.296980454268932,17.3794336813826,17,17.0676389231022,0.265844768459148,17.0609378622864
-1.51881240675072,3.18658170547673,3,1.42647222886961,-1.04503745807293,4.86170531349504
1.50931917342155,27.0107834502698,28,27.8158342133801,1.13386276362107,25.4966667458119
0.44893004597543,19.2816364727656,19,19.2379440003921,0.630778590964376,21.4584785458446
-0.129138507675466,12.2089622597122,12,11.1334871361646,-0.265549227884886,10.7900758308695
-0.638861651923103,7.32919947227314,7,5.6979248413637,-0.562609319274335,7.97721849451022
-0.838180552846624,5.94512983244272,6,4.23080890586167,-1.58952463814192,3.04192680774304
-1.67576018067112,2.80637136270911,2,1.05940915844794,-0.758184152915591,6.48745051936251
-0.766345310982375,6.40656230097858,6,4.71584060471995,-0.846844901469545,5.91686587911958
0.616134794712976,21.2287173467245,21,21.4423495175592,0.979241693149167,24.5405200247328
0.733381803645198,22.4420770257262,22,22.8038452541202,0.628616813173916,21.4352471061159
0.162986938538675,15.6856210686087,16,15.1254303004193,-0.0370445089123296,13.3215657923137
-0.0921447614896251,12.6254997179013,12,11.6101846488842,-0.0800056805127042,12.8234541283643
-1.3188175693115,3.7692424793681,4,2.00142383992558,-1.75725042310788,2.66319522052891
1.15592600378643,25.5854550486139,26,26.2660381096876,1.32852198976782,26.407149074198
2.02813064177537,28.0346642835505,29,29,1.74866685558163,27.5984628093393
2.02813064177537,28.0346642835505,29,29,2.47829081846762,28.4503645132285
-0.474254663928374,8.71210256186946,9,7.2004373651844,-0.434964421434305,9.1123713958154
-0.229213129940128,11.1207615776041,11,9.8939553619462,-0.389873815854454,9.54095836592915
-1.00013159906903,5.05094479597956,4,3.30244624167138,-0.721966259178339,6.73934119854757
-1.67576018067112,2.80637136270911,2,1.05940915844794,-1.25470088483493,4.01620829292486
2.02813064177537,28.0346642835505,29,29,1.6945809645448,27.4879937763407
-0.288493533421611,10.503555630131,11,9.19605552542552,-0.397296009182214,9.469476985562
-0.553123564965175,8.02359425288125,7,6.4478791572414,-0.57403170802222,7.8816299017777
0.601738795802499,21.0701833871341,20,21.2636801498323,0.62897119985265,21.4390587090421
0.23709243016196,16.6197098354595,17,16.197403141469,0.423716065776072,19.0504478199903
-1.69574874808454,2.76177214337247,2,1.01682480501633,-2.44030594557761,1.53340140526037
1.78012265876914,27.6515752435453,28,28.5375425808411,1.62014989049785,27.3187730685834
1.25862780996561,26.0897444965625,26,26.8127959792455,1.33911966884107,26.4487513968503
0.753820402704706,22.6385727539306,23,23.0232194728024,0.785658250436138,22.9939858784176
1.55285409067732,27.1344749432664,28,27.9524729737491,1.24483460382629,26.051302787682
0.585129806572758,20.8848841863521,21,21.054641959576,0.618070164022293,21.3212414350298
-0.23977517739221,11.0092728988782,11,9.76757282421587,-0.437667359815414,9.08711739124014
1.44579546969543,26.8130545327863,27,27.5988872849503,1.90484866638753,27.8677852018405
0.668756647590316,21.7909520714386,22,22.0746080482494,0.677280949816536,21.946638927097
1.00932092282923,24.7048533588127,25,25.306765707657,1.11802266907994,25.4090285911987
-1.12270823945199,4.49330702599458,5,2.73154054764881,-1.22613015651226,4.11818870298464
-0.441507301006446,9.01122362618968,8,7.53005115466999,-0.370278490607326,9.73140437468491
1.40259117565109,26.6658324939311,26,27.43820384582,1.66819412635438,27.430394630983
0.939725923136651,24.2124115586031,24,24.7667332471913,0.79579852968987,23.0853014082308
-1.94706978786527,2.25931379531461,1,0.543814011627413,-2.5955475029006,1.34212602642008
-2.0274265478321,2.11790780451302,1,0.41263296377537,-1.61909887021068,2.97099550604591
-2.31581939207973,1.67074951598489,0,0,-1.58037859702015,3.06426134490808
-1.22903833820572,4.07835079364983,4,2.31133974956549,-0.998545200698918,5.08403134506651
-1.35316681817283,3.65960731656454,4,1.89224292030663,-1.26098725134125,3.99425754776011
1.76874715879188,27.6300730199637,28,28.5125569126859,1.92006141755789,27.8905895754311
1.78012265876914,27.6515752435453,28,28.5375425808411,2.13038518384707,28.1564630307584
0.760996959086342,22.7064724058965,21,23.0989452199318,0.983661022274007,24.5711127087902
-0.206207236963115,11.3658505813388,12,10.1722312055602,-0.0119920907058986,13.6165429184402
1.59853689122792,27.2548185120474,28,28.0863303722644,1.5912797197032,27.2472389390829
0.00482215509448391,13.7523111791876,14,12.9033443278299,-0.0139221381472164,13.5937022714125
0.710804766548421,22.2197009386932,22,22.5551776127364,0.634392684694056,21.4972125321643
-0.106668761844092,12.4610629741864,14,11.4218839342007,-0.437190653963628,9.0915676785164
2.02813064177537,28.0346642835505,29,29,1.70580700859573,27.511742829303
-1.29596809447403,3.8447038353881,3,2.07680821128222,-1.498317101231,3.27373644185721
-0.391708632315749,9.48023294944235,10,8.04994378497147,-0.199260465767351,11.494040949863
0.0698981221476473,14.5350474854464,14,13.8030973301903,-0.103091273418771,12.5599201610076
0.571201640386409,20.7275786176933,21,20.8770170543135,0.411585212806084,18.9003200811136
1.05081012835875,24.974853536289,25,25.6017120874545,1.16712876521049,25.6735964483844
0.529310562813288,20.2445451876871,18,20.3306864585274,0.409989037655624,18.8805151464211
-1.34621051426784,3.68145317707358,3,1.91396484913221,-1.66096088676125,2.87380016654283
1.10989007249088,25.3305331200368,26,25.9890968111129,1.00334234583605,24.7049241227018
0.0693435116484934,14.5282944034184,14,13.7953334750763,0.164648057978394,15.7787552769133
-0.597530110180291,7.65669901414904,7,6.05047719160659,-0.457833624599508,8.90030090904985
-1.03496295642982,4.88292399813654,6,3.12974121749903,-1.35951009919352,3.67131640598629
-1.05509723367788,4.78937875769347,6,3.03383827640328,-1.30842357077738,3.83399624117106
1.76874715879188,27.6300730199637,28,28.5125569126859,1.71383077880043,27.5284484596122
0.949648730132011,24.2857363985096,24,24.847317836805,0.939211634262166,24.2541277383451
-0.239819197258429,11.0088096100005,10,9.76704792013735,-0.394477132605699,9.49658221063767
1.4864349273575,26.942001478121,27,27.7401874196504,1.52145238258419,27.0591063505054
1.50906150571914,27.0100237955159,27,27.8149975431891,1.4916768378448,26.9718672798361
-0.621557250023939,7.46465122228916,7,5.84348775935817,-0.676460819002814,7.07143127231081
1.28380400111282,26.2008171914337,26,26.9331759961379,1.64134025570894,27.3691134483562
-1.03822682640906,4.86758498210465,5,3.11400317137037,-1.61282300840938,2.98588629607448
-0.44250023020402,9.00204375261575,9,7.51991228012804,-0.303891058070429,10.3947063615328
1.14976858750755,25.5524430959175,25,26.2302029742406,0.943099051521569,24.2826808908922
-1.72478150293364,2.69835503100555,2,0.956446975402783,-1.61191115326785,2.98805699695563
1.13423512944205,25.4676898916922,26,26.1381650749194,1.38693637521992,26.6274775097492
-1.31649249136654,3.77682653507101,4,2.00899167423353,-1.28001986897811,3.92883510215273
0.736442343548748,22.4717937693014,22,22.8370436306287,0.599301511049994,21.1156691688256
0.295838184318813,17.3649431540651,17,17.0510565747255,-0.0189364119054493,13.5344516345317
-0.0957950724158278,12.5840629332759,13,11.5627213308621,-0.154866301389963,11.9796113607845
0.425433737343038,18.9928717740498,18,18.9093968062564,0.143049145459932,15.5078739124627
1.20811742998287,25.8523680047641,26,26.5555388047814,1.19501041985267,25.8146976944943
-1.2914980166892,3.85971251530434,4,2.09182359492564,-1.013755822199,5.00971449844893
0.352037222521666,18.0760809850369,18,17.8640367605579,0.452775874081171,19.4070178236144
0.494102332172949,19.828058738122,19,19.8586051452938,0.460599942152115,19.502208308061
2.02813064177537,28.0346642835505,29,29,2.22398532445444,28.2503086233108
-0.389073436994888,9.50551364406347,11,8.078069641348,-0.440049728623383,9.06490029047565
0.772488932861324,22.8140096050374,23,23.2187913466595,0.833654332121904,23.416004808083
0.428323166377993,19.0285299286327,19,18.9499870815713,0.467728409108896,19.5886119263325
-0.153678665296836,11.936850456408,11,10.8226496042916,-0.201964966653306,11.4648226987414
-2.31581939207973,1.67074951598489,0,0,-1.9044275157096,2.37132670982764
0.0566566930886144,14.3741869787772,15,13.6181604414686,-0.0345900496679818,13.3503209098691
-0.119770010297575,12.3137321392991,13,11.2532957920545,-0.201748357823186,11.4671613022837
-0.688394539672435,6.95489685519962,6,5.29752450153975,-0.467816000324638,8.80888283897382
1.65043794529598,27.3807447921965,28,28.2276305069644,2.08908144004733,28.1107434274805
1.32052614555228,26.3546501911117,26,27.0999876386781,1.14293725145683,25.5458775241972
-0.566971740869651,7.90753318715651,8,6.32189090958127,-0.739472380165569,6.61621397102207
0.480637519007546,19.6665031837076,18,19.6752479369711,0.726497627714613,22.4383032085004
-0.889076143246974,5.64300617870485,5,3.91542737448955,-0.543904605797079,8.1359482353551
-1.53861065874167,3.13539490582787,3,1.3766477734861,-2.68573530329796,1.24001161898724
-0.726288142627039,6.68210581186179,7,5.00741878860409,-0.347171631849471,9.95914669087356
1.78012265876914,27.6515752435453,28,28.5375425808411,1.01254707635948,24.7661562515432
0.206024418884301,16.226775536153,18,15.7467024202375,0.152744570001238,15.6292972920964
1.1865378006898,25.7447614765609,25,26.4388704962946,1.12287056458753,25.4360870101064
0.184370578260809,15.9539450700684,16,15.4335531472926,0.273568470830428,17.1592117782153
1.79977109139419,27.6877853604338,28,28.5797992019167,1.13363990325151,25.4954491140849
-0.0539007237447716,13.0639808158283,15,12.1129055792735,-0.392178244258608,9.51872618096926
0.657403203424056,21.6720073842585,20,21.9410375275231,0.378134661331962,18.4830477395454
1.45663216333479,26.8483152485545,26,27.6374665297517,1.48278496114689,26.944949142195
-0.708157581228336,6.8111535768691,7,5.14447853359727,-0.630823976952068,7.42182225736342
0.568951665529081,20.7020075188202,20,20.8481288172791,0.429569359021623,19.1226296497576
1.80334567329303,27.6942490263466,28,28.5873670362246,2.54581243887676,28.4928102841613
-0.425020890293095,9.16463602118359,9,7.6997033226201,-0.199477111839772,11.4916988561261
-0.671447196331894,7.0807105798008,6,5.431808213054,-0.993860299459535,5.10723817819353
-1.18186866133375,4.25533358162082,5,2.49002426477586,-1.36558671809487,3.65260391514713
-0.427570911440845,9.14078542015031,10,7.67330173708293,-0.296973387146304,10.4653868504172
-0.203458411254074,11.3953395601053,11,10.2057524787122,-0.256426859129521,10.8854311168836
-0.761011879248862,6.44249065835521,7,4.75377710465794,-0.738940980595665,6.61991363467958
0.897729385653953,23.8903201300105,24,24.4120386700352,1.12448334917213,25.4450422966456
-2.02265203188019,2.12608417004804,1,0.420200798083321,-2.0334873312128,2.1404707365258
0.527150937290493,20.2192615017803,20,20.3020537290314,0.347815183550827,18.1014476529738
0.237469174805883,16.6244828871899,16,16.2028755248861,0.0407307979061725,14.247676394394
-0.492658866988904,8.54734117160868,9,7.01955807158769,-0.639715185393275,7.3522070852911
0.590483372565282,20.9448868399746,20,21.1223552588416,0.481705256115235,19.7570855847076
0.19653807694806,16.1071274021749,17,15.60939241845,0.370320573586629,18.3849681654102
0.614071617801281,21.2061175328598,21,21.4168893689741,0.55994528764879,20.6738925113352
-0.646252546646087,7.2720825906299,8,5.63665047505584,-0.571624005738086,7.90169348152799
-1.09389974092341,4.61616261418371,4,2.85674553862574,-0.973619023404064,5.20925240731434
1.10253116095149,25.2880145627228,26,25.9428524112538,1.47046163042386,26.906965103763
0.0559476604079343,14.3655955305311,15,13.6082831971304,0.22260563815835,16.5112787567376
0.780476266381142,22.8878850106405,23,23.3010607452852,0.820941080035446,23.3067361898361
0.233809277876237,16.578121764243,17,16.1497192265616,0.087835849365011,14.8225780472413
-0.483981804643625,8.62471736860682,9,7.10444281447976,-0.620721942327061,7.50170391824805
0.101598595048356,14.9232007971081,15,14.2493260751986,0.14330009093295,15.5110130130993
0.854405523497055,23.5377847770311,24,24.022515046874,0.463138700904954,19.5330164283286
-0.950835350055503,5.3028053020407,6,3.56237825469231,-1.12340761071455,4.51766665769277
-1.728134723083,2.69113141576889,2,0.949582515785587,-2.17634306674867,1.90811537146434
-1.36751668101717,3.61509749287028,3,1.84803865974737,-1.94964774501284,2.2879862631892
0.914221254876298,24.0190878802968,25,24.5539793363219,1.21031406599415,25.889450398344
-0.583022588251094,7.77487056732662,7,6.1781944116717,-0.96117378661407,5.27340835917118
-0.842649706722652,5.91778896460631,6,4.20219693314634,-1.29181663534793,3.88904790398835
-0.0562539813371801,13.0367726227029,13,12.0816890588853,-0.21603573424158,11.3134858540147
-1.47231992548619,3.31093193600328,3,1.54800958329823,-1.92939098202623,2.32497844191748
-0.360078971317731,9.7866599996577,10,8.39153218749963,-0.190078299990329,11.5935533149281
0.316712390344312,17.6295850366731,18,17.3537957880379,0.254163147292951,16.9123217969662
0.306594981586937,17.5013654763555,17,17.2071461788938,0.119612973492213,15.2156306907867
-0.547860445453677,8.06809047987955,9,6.49624882984205,-0.660335141347853,7.19326898143462
1.39356801571614,26.6336968113215,27,27.4032012496047,1.30246017384786,26.3016292656594
-1.02119016593358,4.94840857778846,6,3.19698350672977,-0.746438515151501,6.56793409688563
0.185394948956733,15.9668282168872,17,15.4483436861476,-0.241512917064101,11.042378415837
1.05494665879305,25.0008409171523,25,25.6300591526056,1.21960295225018,25.9339137794808
-0.0355367315605919,13.2773125052563,14,12.3577501636535,0.0280781313052417,14.0949762169592
-1.07945937589625,4.67956311007291,4,2.92148986081588,-1.02930495083331,4.93534378798765
0.682014252290619,21.9281532103202,22,22.2285480508792,0.469745396880961,19.6130020690621
-0.531179456252709,8.21050954378526,9,6.65131566693277,-0.457595127788626,8.90249367148573
-0.298088001951175,10.4056374713271,12,9.0857562576745,-0.120116725529723,12.3674464908834
-1.25199079814528,3.99601594852598,4,2.22850782887338,-1.683184725567,2.82364637289132
0.278484293610675,17.1447316258888,18,16.7989759802743,-0.1830816836435,11.6697026786838
0.812381485176154,23.1758632711329,23,23.6212639625979,0.676925828924755,21.9429965478151
-0.655822422587614,7.19878415185316,6,5.55810906668768,-1.06072768114658,4.78983908540446
-0.36064360580586,9.78113318038698,11,8.38535838086032,-0.29497488302581,10.485860177817
-0.565400986192647,7.92062324644475,8,6.33608784715655,-0.59546105106748,7.70508339994935
-1.72109721867826,2.70631559600861,2,0.964014809710734,-1.87283631296734,2.43122436876497
-1.37151262940016,3.602833935775,4,1.83587199599328,-0.803258085396485,6.18927968774577
0.504175389862566,19.9481224425486,20,19.9947873403001,0.659429885384602,21.7618975741859
1.27721693019016,26.1722063596912,27,26.9021645856445,1.27309016499712,26.1770544732324
1.65043794529598,27.3807447921965,28,28.2276305069644,1.46336216553707,26.8847191265995
-0.319600868771863,10.1881257207216,10,8.8411925404298,-0.220036802386053,11.2706609064582
0.312364652464215,17.5744987153966,18,17.2907980433094,0.208969677027669,16.3383487433425
0.905582683905082,23.95200893328,24,24.4800611021187,0.78900871120331,23.0242852214393
-0.945802170882996,5.32948302041182,5,3.58998329475197,-1.0698880610617,4.74859329007337
1.78012265876914,27.6515752435453,28,28.5375425808411,1.50591271604497,27.0141265693164
0.550779264330043,20.4938953476201,20,20.6128772831381,0.788524705057771,23.019915976581
-1.80510552475571,2.53073748604798,1,0.797837989439845,-1.76528740749141,2.64636976681632
0.875406971134826,23.7112721047945,23,24.2143719036452,0.982133773126633,24.5605631531736
-0.107840170224463,12.4478511965037,12,11.4067609553204,0.0593912688618496,14.4742442443065
-1.09453196400521,4.613415008709,5,2.85394169055107,-1.15792834980962,4.37733585147844
0.410672043406266,18.8101052203644,18,18.7012664536957,0.105895589779231,15.0454822289912
1.28261991178861,26.1956973587789,26,26.9276263715794,1.3084984491087,26.3264900540494
0.132050306047948,15.2997837724482,17,14.6821522292618,0.0302709576174839,14.1213860096879
-0.240008087302361,11.0068217580818,10,9.76479571970932,-0.289787333637757,10.5391153941954
-0.459356254117938,8.84725261538163,9,7.34917040488213,-0.496419403018007,8.55089251263171
-1.99630886445633,2.17169939851833,1,0.462457419158875,-1.68466624502042,2.82033726357246
-0.25549861307381,10.8445162039476,11,9.58105298022654,-0.192959611003856,11.5622750291557
1.02774888347614,24.8268946157204,25,25.4401810993534,1.30698137190716,26.3202676231244
1.47565488883462,26.9086610750589,28,27.7035930518506,1.01684741379726,24.7944712642795
2.02813064177537,28.0346642835505,29,29,1.5114326468897,27.0302399594473
1.64078256006644,27.3581426505594,28,28.2021620105602,2.26516784139319,28.2877312325214
0.550832833416368,20.4945128876012,21,20.6135757246013,0.786107910517469,22.9980596248233
0.308821001811471,17.5295851596153,17,17.2394267075353,0.372930265753025,18.4177466569974
-1.95566501610693,2.24379295020179,1,0.529381717702266,-1.74982697637245,2.67883445654914
-0.327610697417604,10.1078687482593,10,8.75111659405295,-0.510111712629796,8.42950932875561
-0.967561683156772,5.21544738589736,5,3.47208022542312,-0.969859674217211,5.22851585277747
-1.64447305759021,2.87778689093805,2,1.12780878521491,-1.66094073674454,2.87384608418161
-0.892960916703848,5.62076721337431,6,3.89228102350644,-0.785718673420047,6.30329835992825
0.678403292643432,21.8909660486485,22,22.1868381399745,0.430156237983341,19.1298573528912
-0.725814978238639,6.68543931483837,6,5.01095521499531,-0.649175249881982,7.27885262629827
-0.0636435581314015,12.9515272480394,13,11.9839026688062,0.0692088182951462,14.5940755328178
-1.12270823945199,4.49330702599458,5,2.73154054764881,-0.748803245026444,6.55163751563177
0.695240840602298,22.0631904923027,23,22.3799183769129,0.907388173868134,24.0142896071526
-0.444158740799041,8.98672564161786,9,7.50299715248927,-0.347476327747316,9.9561215879432
-0.454749285555228,8.8893618042958,10,7.39557748051818,-0.452862186318259,8.94609155623567
0.216005566146047,16.3528484995869,17,15.8913504569077,0.152454340995413,15.6256583656207
-0.574014877401763,7.84907362966147,10,6.25852782523742,-1.12463053667739,4.51258349267084
0.820853966992827,23.2504208372104,24,23.7040323816851,0.870123601440162,23.719437747434
0.305965308737503,17.4933821748774,17,17.1980136043178,0.153406979382799,15.6376036013756
-0.0357524096027455,13.274796694312,12,12.3548619081635,-0.120233130732496,12.3661360542375
-1.68249001872224,2.79126808053255,2,1.0449768645228,-1.82723090367986,2.52025822940508
-1.42750577122962,3.43670742096631,3,1.67162279684232,-1.69562118998313,2.79599894165288
0.462680007982702,19.449259485374,20,19.4284898003494,0.35014287375461,18.1308361121444
1.60909756844894,27.2813411450824,28,28.1159761499634,2.13354028615457,28.159841146817
-0.662564216431456,7.147593644912,8,5.50331854335163,-0.817585487549974,6.09802414490572
-1.11409117031281,4.5295578554837,4,2.7684490703727,-1.00636656548186,5.04562184538226
-1.62606117396058,2.92076765042955,2,1.16909867042544,-1.64683748831219,2.90618586481931
-0.274219445904139,10.6502609977976,11,9.36153682558669,-0.0537860078158384,13.1262813933866
0.87600470548156,23.7161382000733,23,24.2197486060697,0.931907787446491,24.2000448673533
-0.525453592930008,8.25988011479377,8,6.70515916304942,-0.640371544991329,7.34709377196605
-0.734237566165285,6.62637623750439,5,4.94832842384897,-0.452739614087993,8.94722273025029
0.190702502831429,16.0336188514476,16,15.525017457835,0.238635408593789,16.7148783506757
-0.23109970153583,11.1007998487123,11,9.87131731665413,-0.227650525252711,11.1894238918751
0.111875553421948,15.0499056683009,16,14.394969789231,0.0881283346587196,14.8261776379368
1.38617268402223,26.6069889695713,28,27.3741270872311,1.35961437377155,26.52712654474
1.01813987376455,24.7636844196433,25,25.3711002772694,0.939777821110987,24.2582964030854
-1.12610693168421,4.47912382088265,5,2.71710825372366,-1.0559937481955,4.81135866960411
0.624906027006069,21.3243393882456,21,21.5500361881175,0.589991097530197,21.0124438003237
-0.279491507193287,10.5959334538248,11,9.30022520050037,-0.490381046031572,8.60486156385628
1.26961138365392,26.1387771574157,26,26.8659337069072,1.60163122574529,27.2732883615425
1.02047687753702,24.7791429996735,25,25.387998623398,1.11256040321768,25.3782888955758
-1.09396424844831,4.61588216072261,5,2.85645933672467,-1.10751604885068,4.58449022274228
-0.310712862682004,10.277646106653,11,8.94176975634356,-0.305859770616915,10.374644280144
0.791873145171634,22.9920617575487,23,23.4169871258876,0.543861480848813,20.4893981379977
-1.67576018067112,2.80637136270911,2,1.05940915844794,-2.1939375823338,1.88102787181567
-0.501394471237288,8.46999579571786,9,6.93481567658424,-0.252099220222291,10.9308388787383
-1.13596329872202,4.43835409284431,5,2.67564861582133,-1.57384570330289,3.08033308860204
1.57245174820549,27.1872430856047,28,28.0110420479103,1.19443394468665,25.8118449568591
0.113700544930756,15.0724482047265,16,14.4208803653207,-0.0298720851934392,13.4056828497886
-0.232968402347649,11.0810477000393,12,9.84892104253996,-0.443138421553546,9.03615470163038
0.600939690646477,21.0613262693383,21,21.2536932793775,0.692639843963908,22.10288350661
0.945421229984845,24.2546257232441,25,24.8131343615494,0.571716642360504,20.8074982314528
2.02813064177537,28.0346642835505,29,29,1.73686187396858,27.5751861763093
0.888200615983624,23.8145616238457,24,24.3284448159803,0.976015091017214,24.5180564816056
-0.00471228344432929,13.6393477001004,14,12.7735487985117,0.203658166734237,16.2710700015669
1.58585494193831,27.2223371276109,27,28.0500994935271,2.06808600595434,28.0863946946163
-1.49290251443819,3.25514238209168,3,1.493396527413,-1.4426416644971,3.42607930884518
0.966681490059826,24.4091610601415,24,24.9828253803266,0.872871588972263,23.7417028521101
-1.94706978786527,2.25931379531461,1,0.543814011627413,-2.20314993054127,1.86697243671504
0.738884107254152,22.4954286283177,22,22.8634421133547,0.631620014148039,21.4675082027385
0.0264812309819153,14.0105999674712,14,13.2001909429238,0.244239297735944,16.7861153749918
-0.33000116022521,10.0839940019424,9,8.72433828407954,-0.179895138962421,11.7044765853812
0.678750316194199,21.8945457864306,21,22.1908537117863,0.592835081040606,21.0440617348193
-1.49817725789958,3.24103649235477,3,1.47960995653126,-1.5394072843708,3.16673975890188
-0.766630879032657,6.40464514803198,6,4.71381699148577,-0.429927053699882,9.15957030062732
-0.0688913755929878,12.8911668823713,14,11.9146789993767,-0.103634047758271,12.5537593334585
1.15725664733185,25.5925459238818,26,26.2737344103549,0.876480849520636,23.7708194323538
-0.147407547375943,12.0060657382295,11,10.901667038237,-0.211312758348731,11.3641564357772
-0.158077692764293,11.8884300225605,11,10.767392630327,-0.108363066407586,12.500150818699
-1.49278123028699,3.25546763057646,3,1.49371451810035,-1.28464723647147,3.91315977874638
-0.682776364312381,6.99634458393574,7,5.34172876209901,-0.789062365311328,6.28136542366692
-0.259483257867161,10.8029953097725,11,9.53409563614611,-0.287845560403343,10.5590911799705
0.00567320474824642,13.7624164901586,14,12.9149564279484,0.333442002120165,17.9196966378116
0.706086302114739,22.1725270687281,21,22.5023735330921,0.953229332048478,24.3563343406512
0.732312191521101,22.4316672428114,23,22.7922140562183,0.6370758765165,21.525884492578
-1.2914980166892,3.85971251530434,4,2.09182359492564,-1.3016981357156,3.85615775788056
0.420416604879182,18.9308633760513,19,18.8387987522932,0.344541249662991,18.0600897222874
0.54480219422828,20.424844755542,21,20.5347670278286,0.455545486598958,19.4407556351937
0.40703060479551,18.7648748647788,19,18.6497377778083,0.409951742887382,18.8800522646835
1.00912832312171,24.7035597433065,26,25.3053506460462,0.803157810742572,23.1508504671053
0.565993311790575,20.6683191013695,21,20.8100643407229,0.639625439404834,21.5530610442825
0.810532902270007,23.159488931323,22,23.6030789546312,0.50405483860158,20.02372922637
-0.00772989633684565,13.6036906055503,14,12.7325834823538,-0.195448848560729,11.5352911067952
-1.49579398429945,3.24740039320696,3,1.48582869310505,-0.754476341423647,6.51273237926039
0.0105098238831303,13.8199145504949,12,12.9810309523283,-0.0455257765790801,13.2224485281798
-1.08041465250815,4.67533059096156,5,2.91716489869428,-0.846599333223811,5.91835748382292
0.496796788183971,19.8602430303284,21,19.8951172694762,0.526366631884534,20.2862736450342
0.55921364075485,20.5908330133328,21,20.7224876378953,0.749337198839045,22.6574519060372
1.61231307898042,27.2893233720622,27,28.1249096170658,1.5404610520707,27.1125407855928
0.636631393500651,21.4509955523948,22,21.6925769317865,1.07018162799069,25.1305261648901
-1.36751668101717,3.61509749287028,3,1.84803865974737,-1.16438747409475,4.35178861371691
-1.28337854112782,3.88718507178787,4,2.11932690925443,-0.976133828939619,5.19642198727004
-1.67576018067112,2.80637136270911,2,1.05940915844794,-2.11266761930395,2.00888402940521
-1.10728193422678,4.5585013252426,5,2.79793916622031,-0.484517523472442,8.6575226623418
-1.72109721867826,2.70631559600861,2,0.964014809710734,-1.46409679322945,3.36631862298535
0.171660393080539,15.7943105542092,15,15.2502572000403,-0.10835856172733,12.5002018253158
1.60909756844894,27.2813411450824,28,28.1159761499634,1.57496381727102,27.2052460611244
-0.47957782296406,8.66419705744158,9,7.14779516933106,-0.455189344130702,8.92463507272274
0.323290181119644,17.7128821565353,16,17.4490368198475,0.519697653881919,20.2081988883232
-0.33465724910726,10.0375936633632,10,8.67231795948912,-0.356098612768204,9.87075993370478
-1.29228764233393,3.85705532151528,2,2.08916469131574,-1.20604740693989,4.1921261486649
0.171495288545686,15.7922396604592,16,15.2478790347137,0.296901628087486,17.4559949784755
-0.891844689700344,5.62714546405072,7,3.89891855507386,-1.33568634437167,3.7459641050436
0.00964048690326042,13.8095712653106,13,12.9691444871275,0.272705505818263,17.1482317838621
-0.884625282459727,5.66862724465579,6,3.94210547888994,-0.788618597180616,6.28427097991734
1.09354918784778,25.2354410860859,25,25.885648969887,1.04515598546489,24.9762874829406
0.271122039012437,17.0512951729551,17,16.6919732183885,0.493846841641178,19.9023773545892
0.0493777066437105,14.2860950322164,13,13.5168857318666,-0.0345855669177393,13.3503734563251
0.192607645125687,16.0576089864226,16,15.5525551975014,0.137072546995402,15.4331718620819
-0.202737167749948,11.4030841620399,11,10.2145574170709,0.0164659406355499,13.9555097663745
0.612293489079549,21.1866075046749,22,21.3949073482127,0.820886163292419,23.3062602591098
-0.260825051569908,10.7890347061183,10,9.5183115918976,-0.263702593552291,10.8093388914305
-0.565577105765812,7.91915458404614,7,6.33449483461942,-0.581024177580391,7.82362081914559
1.60066987539699,27.2602135563104,27,28.0923561146026,2.11006225509724,28.1343196926214
-0.968738766430003,5.2093742220124,6,3.46580817844995,-1.18703317390123,4.26392030885538
1.0051860892883,24.6769984890125,26,25.2762916728756,0.76432754990141,22.7981337070314
-0.355812109961007,9.8284912468801,10,8.4382752391726,-0.335764511600201,10.0728183524731
-0.350956606768314,9.87623451813124,10,8.49165646076006,-0.68558460903509,7.00345712399128
0.439861094713023,19.1705133399669,20,19.1115548547136,0.386874497150343,18.5924953096015
2.02813064177537,28.0346642835505,29,29,3.12331417618864,28.7390998202997
-1.07640982460909,4.69311139322385,4,2.93533666043544,-0.74307783415338,6.59117498349506
1.10641544294898,25.3105192512585,24,25.967331195366,0.979705129390372,24.5437376127961
1.24313859423836,26.0190546036833,27,26.7361918295137,1.07356697056727,25.1509321602636
1.33305838372793,26.405010211784,27,27.1546349843093,1.77800324269055,27.6543898739332
0.634971256849891,21.4331452227133,23,21.6724945974238,0.185656323550195,16.0434522848827
0.3688571949262,18.2877464320018,18,18.1056737848516,0.214163521501411,16.4041831428075
0.380076746636524,18.4284934460663,20,18.2662579546013,0.152417087183476,15.6251912910248
-0.417188974972198,9.23816486934921,10,7.78115670063066,-0.525289423808052,8.2965904252396
-1.03780739165599,4.86955235418048,6,3.11602145191771,-0.6407707012579,7.34398591397891
-1.21686036527459,4.12301950344249,3,2.35635824434204,-1.10375173707034,4.60053088694708
-1.95566501610693,2.24379295020179,1,0.529381717702266,-1.87428156957553,2.42845305796056
-1.15059079356048,4.37882652697547,4,2.61518434699821,-1.03048783305102,4.92975131147187
1.61231307898042,27.2893233720622,27,28.1249096170658,1.31405465085558,26.3491444451034
-0.0503378661993837,13.1052304338295,13,12.160237018347,-0.355220431093242,9.87943253955381
0.304942573097072,17.4804146946455,19,17.1831788932559,0.362340925929644,18.2846082395207
0.724275043554138,22.3530467869028,21,22.7043389107911,1.162313884266,25.648573880552
1.45279229293233,26.8358952840075,27,27.6238729531055,1.83965616660796,27.7635571639725
-0.934063124363493,5.39241536625492,5,3.65515752152422,-0.767689403705225,6.42316396753023
-0.272070115668032,10.6724571972268,10,9.38659678511961,-0.0374466191315502,13.3168579088793
-0.0523008819596027,13.0824949171615,11,12.1341486683551,-0.138133562227554,12.1655195196216
-0.860152235872227,5.81222816399837,6,4.09186169812544,-0.770754078563611,6.40259769659909
1.02702113437727,24.8221396766652,25,25.434986070384,0.961225704186014,24.4137077715634
0.182594308701681,15.9316115423054,16,15.4079122776985,0.343153427132526,18.0425503489204
-1.28046341597716,3.89711547643376,3,2.12927425539424,-1.0478161453885,4.84886456955472
1.26185356014812,26.1042381590217,26,26.8285026689164,1.0038887183174,24.7085825985353
-1.29805651308167,3.83771975346802,4,2.06982346669254,-1.06071877322998,4.78987944768523
0.509149386388213,20.007147616242,19,20.061709792787,0.598528921509879,21.1071345223917
0.604605248857178,21.1019055462041,21,21.2994444297456,0.423592604774711,19.0489234729666
-1.22903833820572,4.07835079364983,4,2.31133974956549,-0.606026813433404,7.61938910548878
-0.86548875562645,5.78051956067801,7,4.05876025479092,-0.884712807589621,5.6925982796593
-0.481975402895475,8.64268654070386,9,7.12417115743453,-0.397110992761409,9.47125442401955
0.291210599694019,17.3062317819832,17,16.9838630420331,0.384447976746729,18.5621362105962
-0.228591121616293,11.1273475722523,12,9.9014252635039,0.00382789580417266,13.8044750588058
-0.485397791428631,8.61205337078847,7,7.09054251026951,-0.23938526233677,11.0648748808517
-0.340553199043928,9.9790322324495,10,8.60670750960468,-0.0711753669782465,12.9250260659303
1.14746071920575,25.5399848985196,26,26.2166773379081,1.06035341909934,25.0706683151968
1.04717834788404,24.9518996168428,25,25.5766679996016,0.870117072557418,23.7193847487619
0.199264929836464,16.1415016198007,15,15.6488440253756,0.27086801023734,17.1248520780563
0.15792613225514,15.6223010554503,16,15.0526994986308,0.124611337152833,15.2778006538905
0.355922411627344,18.1250369246467,19,17.9199393800744,0.153292922745857,15.6361732905577
0.290206957027162,17.2934969982573,18,16.9692870234709,0.111011807218856,15.1088609477763
1.76874715879188,27.6300730199637,28,28.5125569126859,1.47248964923777,26.9132707769143
-0.710291571458728,6.79582421059532,6,5.12818062964487,-0.806709779480261,6.16714050588656
-0.778374577161577,6.32638083116104,6,4.63126669281755,-0.565600078188195,7.95209124600561
-2.0274265478321,2.11790780451302,1,0.41263296377537,-1.80361967400613,2.56760098102037
0.525610634891986,20.2012067123893,21,20.2816053210895,0.522380454524513,20.2396486550789
-0.642661366866796,7.29978005932166,7,5.66635614649009,-0.719226485912314,6.75884401858715
2.02813064177537,28.0346642835505,29,29,1.98658448340656,27.9841488891139
-0.0905796822229582,12.6432881750169,14,11.6305628250288,-0.452147502603752,8.9526885922057
0.320299505823603,17.6750171171509,18,17.4057452113147,0.172187083847693,15.8736163744318
-1.01276497245768,4.98907829499342,5,3.23878870459186,-0.789506285696906,6.27846050473778
0.037784449357843,14.1462943994837,15,13.3561714916084,-0.134396632006123,12.2072529161209
1.33739018390962,26.422171058767,27,27.1732625977328,1.09811890440434,25.2957173213689
-0.0649911843011024,12.9360127292055,13,11.9661086421957,-0.00949825013409064,13.6460838711446
-0.120751949448361,12.3027280047166,13,11.2407089815336,-0.111408153443021,12.4656968949615
0.472191843574174,19.5645756475114,18,19.5595004352039,0.150663181775809,15.6032061829051
-0.967561683156772,5.21544738589736,5,3.47208022542312,-1.18409905515955,4.275158265256
1.28349637592984,26.1994880405542,27,26.9317352581178,1.51321702129538,27.0354166064899
0.801661778737578,23.0803778173459,23,23.5151825951776,0.372357501241091,18.4105544718916
0.717206854335191,22.2833225076875,23,22.626363461313,0.931971111757734,24.200516217269
-0.463036482855006,8.81372144150556,9,7.31223912700038,-0.409719779407931,9.35064236415515
0.077194261508974,14.6240111924979,14,13.905376286559,0.101673075041136,14.9932500283024
-0.349597444872098,9.8896257373993,11,8.50663510775404,-0.609453017446199,7.59179398435801
-1.32675679015967,3.74350430437931,3,1.97575513684678,-1.6506468880273,2.89741073569512
-0.606966714723726,7.5807249143876,9,5.96850741111245,-1.02621984532942,4.9499727729512
-0.528374200131469,8.2346667745127,8,6.67765584872063,-0.239045490064847,11.0684698605407
-1.41785579843054,3.46460157449706,3,1.69912611117111,-0.978263594617772,5.18559088142598
-0.20910242565301,11.3348385808762,12,10.136987500052,-0.155156625969514,11.9763996167985
-0.129126156933065,12.2091000588746,11,11.1336446706134,0.0982377564936598,14.9508066420608
0.29078698556751,17.3008567778635,18,16.9777109641556,0.257731916659346,16.9577199953563
0.609713555285413,21.158246441096,20,21.3629483688341,0.291950630293755,17.393046102346
-0.881542938224435,5.68645935970582,6,3.9606806502734,-0.689123846982547,6.9772764372893
1.78012265876914,27.6515752435453,28,28.5375425808411,1.27231202786778,26.1736700484186
1.07799406297482,25.1426111898837,25,25.7845793861206,0.761491004469478,22.7717056575875
0.0650380569580756,14.4759158815979,15,13.7351151249988,-0.14007950153834,12.1438185464343
-0.975624712215445,5.17404046176385,5,3.42933159681301,-0.928156110915077,5.44905196855957
0.337392161470222,17.8912434300958,18,17.6528942063912,0.358066608400031,18.230771879113
-0.356264795060138,9.82404772493037,9,8.43330871499079,-0.182789991344527,11.6728834367123
0.321013710695391,17.6840607927592,19,17.4160854037033,0.397336273636089,18.7231274374007
0.00214232320125098,13.7205146273644,14,12.8668077198575,-0.230821210268778,11.1556923017277
0.399906573678725,18.6762314266853,18,18.5487266099219,0.422481594512985,19.0352026818599
0.949306817218268,24.2832272986284,23,24.8445613183398,1.17811571885465,25.7299661936179
-2.02265203188019,2.12608417004804,1,0.420200798083321,-1.56445525401229,3.10361044056216
-1.46187651934381,3.33970448685537,3,1.57622844810511,-1.06504201512078,4.77034856788341
-1.96393140410669,2.22895757299868,1,0.515595146820531,-1.78801233791432,2.59938169526323
-0.164728540970958,11.8154312811606,12,10.6841203248136,0.0224839545701145,14.0277064247117
-1.05509723367788,4.78937875769347,6,3.03383827640328,-0.821340122203102,6.07438810598339
1.49390245619525,26.9647411222295,27,27.7651730878056,1.15329011963679,25.6011483005462
-0.975443402025875,5.17496657595919,5,3.43028735331963,-0.995457209120796,5.09931090734716
-0.166364305697469,11.7975157358098,13,10.6636896580364,-0.101633278631091,12.5764773533187
-0.899109502821429,5.58580291784671,6,3.85590915420965,-0.818393420611832,6.09292833906377
-0.885079847943663,5.66600362895719,4,3.93937304823724,-0.804056669948586,6.18414883469599
1.07200187793786,25.1062412240484,24,25.7449580367744,1.08970741865537,25.2467442264522
-1.19812812552299,4.19310616396272,3,2.42710336090032,-0.883751559601245,5.6981513016374
0.505903192613839,19.9686457342837,20,20.0180585712578,0.538408657767575,20.4263555790835
-0.513119243748186,8.36706405239324,7,6.82220956441543,-0.366747725715858,9.76598351794903
0.529832738242595,20.2506531451311,20,20.3376029503897,0.592441524158913,21.039690885536
-0.568667785290724,7.89342046434568,7,6.30658847801256,-0.751594122433465,6.53246444554548
-0.754786976722285,6.48471875999526,7,4.79839709606741,-0.637830649260712,7.36690811008931
-0.795390723560561,6.21497081355878,5,4.51395753343468,-0.928088666136693,5.44941898007495
0.297797443964181,17.3897973134848,18,17.0794982218161,0.345264842897268,18.0692327289822
-1.90713267999429,2.33273557003178,1,0.612213638394375,-2.35985779865405,1.64068604715788
1.11382788643145,25.3530815209332,25,26.0136145151865,0.645881893381527,21.6194702777347
1.78012265876914,27.6515752435453,28,28.5375425808411,1.35878425195182,26.5240044363785
-1.49290251443819,3.25514238209168,3,1.493396527413,-1.76470538719378,2.64758454339304
-0.910410892343563,5.52228075755492,5,3.78988932898544,-0.502390981271165,8.49778365303707
1.35216141828384,26.4797532156199,26,27.2357913701033,1.16711870818724,25.6735443865758
-1.20537968207288,4.16577359703477,4,2.39949832084066,-0.94067452561251,5.38151644259246
-0.686778807477712,6.96679032192004,8,5.31020556107122,-0.51965266872949,8.34575242941082
-0.374334842346071,9.64774619662999,10,8.23649780507435,-0.423157495404951,9.22327253594232
-1.50108643139316,3.23328948901476,3,1.47204212222331,-1.61925102888101,2.9706355379091
0.792772498804579,23.000220746185,23,23.4260619656782,0.78867628984435,23.0212846532555
-1.46187651934381,3.33970448685537,3,1.57622844810511,-1.73798040972759,2.70399022410797
-1.49290251443819,3.25514238209168,3,1.493396527413,-0.514459045362151,8.39126106464879
-0.315669144526439,10.2276661713865,10,8.88560324966233,-0.279050093317883,10.6498564024845
0.648312585536144,21.5758185796572,21,21.8329453306352,1.04120642669728,24.951393450992
0.738484359316188,22.4915637871151,22,22.8591256877926,1.05648883634917,25.046878902054
-0.301374772166788,10.3722223255136,9,9.04814435470942,-0.35075126499262,9.92364403503616
-0.0703154287129365,12.8748130084697,12,11.8959262162885,-0.210857723917673,11.3690450691815
-0.0808078629320841,12.7546554988284,13,11.758177351163,-0.284334388148004,10.5952693909992
-0.197490986111827,11.4595069562832,12,10.2787219221341,-0.0552430308214716,13.1093562306485
0.232867912162908,16.5661997160496,17,16.1360488619694,0.11075654824267,15.1056965031496
0.931940999841833,24.1541464944194,25,24.702656288584,0.859335634090698,23.6312210175801
-0.722292116328683,6.71031617603586,7,5.03735318766308,-0.555866797646859,8.0341230030089
0.937344668138822,24.194658506252,24,24.747213387084,0.862860833604907,23.6601897511191
-1.15422414493765,4.3642185279106,5,2.60035949979677,-1.09924425272065,4.61984662917492
0.983602844616051,24.5287580331747,25,25.1139662225745,0.825107988350555,23.3427496869546
0.979027742351673,24.4967167998413,26,25.0788481144867,0.811091584012023,23.2208353688867
-1.17819083798157,4.26959289202973,5,2.50445655870101,-0.636634401472208,7.37625504423132
0.588593735171427,20.9237374397497,22,21.0984906067478,0.443411542461436,19.2926184853409
-0.0927490531845818,12.6186350144935,12,11.6023209640223,-0.204104580720686,11.441736944507
1.78012265876914,27.6515752435453,28,28.5375425808411,1.27334973792111,26.1781824806784
-0.126946980713847,12.2334267825055,13,11.1614572798715,-0.358407354965466,9.84798296527645
1.11697570366152,25.3710047814934,24,26.0330999450485,0.936567667714575,24.2346157448175
-1.2896544409915,3.86592637875142,4,2.09804233149942,-1.87490978107136,2.42724938993501
-0.652638868736187,7.22308539248833,8,5.58413704576719,-0.493521603257059,8.57675887646469
1.01010842350971,24.7101387704067,24,25.3125471264484,1.74716906670153,27.595534515938
1.24833966904285,26.0429948025435,25,26.762134853671,1.07451453924921,25.1566244961231
2.02813064177537,28.0346642835505,29,29,2.97414689702594,28.6911404210178
0.758778393454315,22.6855428770762,22,23.0756077913971,0.660600582482033,21.7741155882089
-0.829592432461448,5.99811366424048,5,4.28629643573223,-0.789513216184272,6.27841516608487
-0.472815942484585,8.72508504933421,9,7.21471056422535,-0.331449031276091,10.1160336469924
0.248872740198318,16.7690242174612,18,16.3685660786205,0.333092949705362,17.9152772763402
0.649051793206822,21.5836715183334,22,21.8417725727948,0.719178303745928,22.3668540281119
-1.55002183344641,3.10634838108813,3,1.34842890867922,-1.19426460675295,4.2364063851173
-1.72109721867826,2.70631559600861,2,0.964014809710734,-2.6612552602676,1.26709757066112
0.830841150547046,23.3372753678679,22,23.800381613662,0.53132398006945,20.3440826088572
0.444823891297339,19.2313769954798,20,19.1807867041138,0.398079383861934,18.7323897512116
-1.48211099482438,3.28424321020365,3,1.52186657760682,-2.13635521818293,1.97088812217042
0.893470098862208,23.8565800158057,24,24.3748167315904,1.11835254196831,25.4108764274413
-1.72109721867826,2.70631559600861,2,0.964014809710734,-2.36570986827977,1.63268560812798
-0.628573131403848,7.40944347653041,8,5.78411614764265,-0.306761678591758,10.3654612889367
-1.18244851962216,4.25309165405734,4,2.48775561247054,-1.60280954720878,3.0098238515497
-1.94706978786527,2.25931379531461,1,0.543814011627413,-2.1702568375694,1.91756038068076
-0.692593428868248,6.92408875293493,7,5.26468897811689,-0.685940604667376,7.00081898810073
-0.101930072673351,12.5145856685045,13,11.4831587681442,-0.145847966768236,12.0796137443784
1.17685892073549,25.6952481342726,27,26.3851691351414,1.71385020157679,27.5284886293856
0.153903562355242,15.5720251861452,16,14.9949467535872,0.0320598447382239,14.1429479212665
-0.276277620422773,10.6290320871722,11,9.33757454052841,-0.216701354164902,11.3063550666607
-0.404827797537095,9.3550575679466,10,7.91083230373328,-0.21097511636841,11.3677837568362
2.02813064177537,28.0346642835505,29,29,3.27115169760712,28.7789858731245
0.607534758796031,21.1342459718539,21,21.3358990623588,0.61214036453539,21.2566612397165
1.38617268402223,26.6069889695713,28,27.3741270872311,1.18286902042963,25.7540423513947
-1.50108643139316,3.23328948901476,3,1.47204212222331,-1.04127042381828,4.87919213814581
-0.469704412807248,8.75321280017535,9,7.24564505259731,-0.608756968585003,7.59739237249019
1.50931917342155,27.0107834502698,28,27.8158342133801,1.50679086725886,27.0167001050671
0.204375750500435,16.2059685802171,17,15.7228263352465,0.298273382801037,17.4734325280471
-0.944990867609895,5.3338002835592,6,3.59445191800035,-0.795691391482169,6.23815638841404
0.853979959680968,23.5342186051875,24,24.0185679310433,0.748900059791232,22.6533118379988
0.398430746387095,18.6578429449043,19,18.5277685583952,0.335806080990436,17.9496218016102
1.49390245619525,26.9647411222295,27,27.7651730878056,1.09910141619089,25.3013952411863
1.17026838182897,25.6610831406293,26,26.3481063890459,1.06200683259577,25.0808026551473
0.350038824591246,18.0508860574514,18,17.8352633895101,0.562991450434011,20.708583762775
1.06700121179156,25.0756272080002,25,25.7115968656263,0.774404806506195,22.8912954122379
0.526184327825576,20.207933417315,21,20.289224025221,0.258107809196219,16.9625019955145
-0.155922893685301,11.9121344147526,12,10.7944417137233,-0.223352421321426,11.2352426394816
-1.48211099482438,3.28424321020365,3,1.52186657760682,-2.07300463048299,2.07389944651541
0.491454927478764,19.7963887218078,20,19.822671420194,0.192376600254111,16.1283461811657
-0.119551281693322,12.3161840581027,11,11.2561004575295,0.00480830896272082,13.8161633477971
-0.0310106293595732,13.33016407365,15,12.418430081544,0.138212226062785,15.4474078703185
-0.452060760160727,8.91400456537127,9,7.42274979390497,-0.700815495958739,6.89153594529564
0.0308602042181526,14.0630970665303,15,13.2605343879159,-0.018534653344196,13.5391941970198
-1.25094202672888,3.99972637098953,3,2.2322364384394,-1.82361284972133,2.52745626539256
-2.31581939207973,1.67074951598489,0,0,-1.85150502223839,2.47248234377946
-1.32133316616325,3.76106072849939,2,1.99326175021998,-1.30236773585565,3.85394323649804
-2.31581939207973,1.67074951598489,0,0,-2.01320835411824,2.17535216038163
-0.0607620385512737,12.9847333792192,12,12.0219907722591,0.328283393139939,17.8543592314006
0.240140763025636,16.6583341616389,17,16.2416848681975,0.355447770792343,18.197761278796
0.957744947817724,24.344786895781,24,24.9121706793478,1.47646641915376,26.9255728283499
-0.0290183639116307,13.3534617612833,13,12.4451810451965,0.108325942242084,15.0755765864228
0.530760588273744,20.2615011443918,21,20.3498864441948,0.712665855847877,22.3027870121347
2.02813064177537,28.0346642835505,29,29,2.79075895475481,28.6190086601113
-0.64058172259965,7.31586731349399,8,5.68361660931609,-0.686407302717883,6.99736208863051
0.722760172809202,22.338149104079,21,22.6876816634745,0.574621528475571,20.840279317667
0.880958026163596,23.7563105958878,23,24.2641266009431,1.12745307951997,25.4614718633064
-1.66937361395714,2.82078757837907,2,1.07319572932968,-2.13913911249201,1.96646270717264
-1.26572696887363,3.94786587667797,4,2.18015870171345,-1.02999249579318,4.9320920734443
-0.882665825486464,5.67995475095242,6,3.95390429729358,-1.09818692279852,4.62439473389922
2.02813064177537,28.0346642835505,29,29,2.78515643121422,28.6165383958576
0.54073935024704,20.377743239326,20,20.4814702760303,0.5178296113386,20.1862673936174
0.776080339337766,22.8473148465176,22,23.2558871526871,0.692998038306962,22.106497205356
0.738564139725781,22.492335260093,22,22.8599873132967,0.746064085661177,22.6264011772848
1.78012265876914,27.6515752435453,28,28.5375425808411,2.04474863772288,28.0584067612522
0.475331043486763,19.6025133178781,21,19.602587721692,0.596058118990273,21.0798020872095
1.08995854092285,25.2142143741921,25,25.8625455079803,0.872818578746371,23.7412741358629
-0.412678967567223,9.28069457956904,8,7.82831117767053,-0.691719923432517,6.95813923406311
-0.842649706722652,5.91778896460631,6,4.20219693314634,-0.876780001293857,5.738641390359
-0.161310825576162,11.8529123709835,12,10.7268713022557,-0.25153700519183,10.9367459930528
-0.0539949117934716,13.0628912533898,13,12.1116554518364,-0.20137426549682,11.4712007997508
-0.419350483254227,9.21783033258977,10,7.75862157369771,-0.167194991724948,11.843642657553
0.0457945152370033,14.2428194858794,14,13.4671352031168,-0.0301928532445409,13.4019151725062
-1.05509723367788,4.78937875769347,6,3.03383827640328,-1.41190292859114,3.5141353593692
1.75613931619337,27.605767571956,28,28.4844048531795,2.03286818544785,28.0437725638567
1.08065178274073,25.1586333092485,25,25.8020296591207,1.25566180644611,26.1001894600309
0.0309222602571478,14.063841681356,15,13.2613903130823,0.121955219233523,15.2447526057615
-1.199561519395,4.18768308010038,5,2.4216246380089,-1.38674350777251,3.5884571068862
0.0271773760859931,14.0189395215797,13,13.2097767706059,0.289376717696924,17.3603135561388
-2.02265203188019,2.12608417004804,1,0.420200798083321,-2.48291284545834,1.47888476297353
0.190646688939133,16.0329161486186,15,15.524210822764,0.174378606595499,15.9012193818829
1.15372520680811,25.5736936084168,25,26.2532717057078,1.66109803620565,27.41446761278
1.60909756844894,27.2813411450824,28,28.1159761499634,1.73815979740837,27.5777675743836
0.418037049505217,18.9014135913801,19,18.8052637903704,0.35574857744041,18.2015539248674
-1.45170422852282,3.36803944092362,3,1.60405277525552,-1.93567382980635,2.31344651453875
0.496999365214258,19.862660742741,21,19.8978598833932,0.623787724548923,21.3831831299757
2.02813064177537,28.0346642835505,29,29,2.77154582573246,28.6104648460563
-0.386903179697722,9.52636823559571,10,8.10127893050595,-0.311054946815832,10.3218162213534
-0.950816734770663,5.30290363494765,5,3.56247998042317,-1.16855991047829,4.33540146286545
0.64422879400618,21.5323353530357,21,21.7840592341302,0.584686308949031,20.9532667315544
1.2173014961615,25.8970182093941,26,26.6039363261422,1.33480355334531,26.4318976324847
-1.51467524889191,3.19740768343597,3,1.43702560309965,-1.93383866971456,2.31680941504838
0.202609730534942,16.1836864401876,16,15.6972563883315,0.480610236049931,19.7439327288403
-0.0816329276691989,12.7452323151751,13,11.7473772344151,0.201454232605851,16.2431685422207
-0.742332509443776,6.57015998316348,7,4.88878257193415,-1.19485009746757,4.23419005547723
1.2129329260329,25.8758638236106,26,26.5810073011857,1.09422539281441,25.2731296569392
-0.911774466459481,5.51468122138314,5,3.78199613506302,-1.34009690211142,3.73198736116215
-0.360825460274449,9.77935356628475,10,8.38337053751561,-0.381036367077741,9.62654047276671
-0.930785249887719,5.41016693109592,7,3.67355522912645,-0.998958400054275,5.08199176257901
0.841781128491895,23.4311350946976,23,23.9044154497122,0.57360147145287,20.8287768107142
0.890720868066379,23.8346960122214,25,24.3506677336263,1.0483898167228,24.9965573842453
0.0582379614088755,14.3933555904946,14,13.6401978906411,0.0930277374949249,14.886526062481
-1.68838496690722,2.77811169980178,2,1.0324144364777,-1.37974908257246,3.60949373299934
0.459527671257483,19.4109245966145,21,19.3849238578377,0.544660633666137,20.4986167759181
2.02813064177537,28.0346642835505,29,29,1.55590751452459,27.1547130048237
-0.163167769505351,11.8325396032961,13,10.7036327619569,-0.0305225923406261,13.398042684031
1.18191378265427,25.7212044984373,26,26.4133226081347,0.846890886444809,23.5278494838034
-1.199561519395,4.18768308010038,5,2.4216246380089,-1.18338541120838,4.27789812031434
0.617745293536397,21.2463302403567,22,21.4621892280502,0.705549931694633,22.2322533435938
-0.36847010086683,9.70473563297882,10,8.30006497438292,-0.414990133551447,9.30054214905671
1.64078256006644,27.3581426505594,28,28.2021620105602,1.82899384247163,27.7454491780463
1.40250860309231,26.6655406418619,26,27.4378858551327,1.76625655875158,27.6323182530486
-0.343666518786301,9.94819737546928,9,8.57218097053303,-0.778381109024627,6.35175467207091
1.48629148864396,26.9415618540327,27,27.7397045914013,1.37992735650755,26.6021747346799
0.607632529411504,21.1353239215583,23,21.3371140271428,0.5145433836072,20.1476208660833
-0.404940613120284,9.35398610645115,10,7.90964265120501,-0.409330157172063,9.35435352175989
1.78012265876914,27.6515752435453,28,28.5375425808411,1.96323116048189,27.9524060903381
0.562196449893512,20.6249722021714,20,20.7610769248476,0.630919784497124,21.4599942472451
-0.0936136686160258,12.6088165310201,13,11.5910740532898,0.243648237745785,16.7786005989329
0.8137240856839,23.1877317305723,23,23.6344431718758,0.761497814274377,22.7717692121148
-1.11227956670649,4.53723246351906,5,2.77626677034328,-0.592782184765089,7.7269530674828
-1.28741699895732,3.87348663692684,4,2.10561016580738,-1.01309929663457,5.01288997115004
0.939285362497631,24.2091316149958,25,24.7631271464133,0.814937441379361,23.2545059368459
1.409597283114,26.6904469966349,27,27.4650298864351,0.9993770460826,24.6782820839042
-1.16753059967061,4.31131381813558,5,2.54671317977656,-1.30757213024926,3.83679197324715
-0.224652867050504,11.1690992342277,11,9.9487908014461,-0.323276698772189,10.198187679568
-1.27180023582361,3.92683815845066,4,2.15906588415638,-1.20139391114345,4.20953337732734
-0.00157708888047186,13.6764429118444,14,12.8161688734047,0.128951471326713,15.3318549026697
-1.96393140410669,2.22895757299868,1,0.515595146820531,-2.44020597906674,1.53353116207732
-0.0603677899509686,12.9892800924848,14,12.027206266573,0.0377783890378139,14.2119770958518
0.536621760635998,20.3298725833298,20,20.4272905955981,0.369737635872437,18.3776432885669
0.800725879013296,23.0719802249315,23,23.5058488612122,0.92909269385215,24.1790474959476
-2.31581939207973,1.67074951598489,0,0,-2.22692095430373,1.83110352962338
-1.94706978786527,2.25931379531461,1,0.543814011627413,-1.75875116147207,2.66004506350951
0.40404649467734,18.7277686040104,19,18.607458240495,0.28780429853892,17.3403150458703
0.553903954772306,20.5298769249814,20,20.6535690374434,0.798390664973152,23.1084589132699
1.80334567329303,27.6942490263466,28,28.5873670362246,2.02776112442687,28.0373996770717
-1.09603092582935,4.60690996731461,4,2.84730415898364,-1.08624821977534,4.67620636000452
1.2409536350802,26.0089354980437,26,26.7252261051189,0.976065731855725,24.5184098749927
-0.874633699601152,5.72669612478798,6,4.00261625852734,-1.22560311775064,4.12010484802824
-0.462583145356425,8.81784671416309,9,7.3167816396516,-0.662992366839774,7.1730433739822
0.642904945899213,21.5182033689316,21,21.7681684338006,0.461007242869763,19.5071536018652
-0.864281407904514,5.78767399086813,6,4.06622728479258,-0.686818844129238,6.99431525434618
-0.263065429192733,10.7657486738941,9,9.49198913214754,-0.0429433411676659,13.2525881498323
0.354664175378878,18.1091862807268,17,17.9018405339894,0.342432576663583,18.0334384335414
0.519726590625278,20.1320711350258,21,20.2032879812492,0.511352053377987,20.110011735392
0.099785366848965,14.900888095994,16,14.2236769682907,0.159578210025033,15.7150497946268
-0.201890138739923,11.412183255127,12,10.2249030054529,-0.164063717130746,11.8780950398889
1.78012265876914,27.6515752435453,28,28.5375425808411,1.95014027414942,27.9341007006772
-1.50108643139316,3.23328948901476,3,1.47204212222331,-1.2787308116101,3.93321770117717
-0.628447898535183,7.4104254650258,6,5.78517168603665,-0.502396738951302,8.49773257339776
1.23809224994899,25.9956280482343,26,26.7108051785739,1.03692786978359,24.9242539654983
-0.331967384065414,10.0643830444523,9,8.70234832874515,-0.455910664979097,8.91799219011936
0.480422172813299,19.6639098212303,20,19.6723035674351,0.60278099915227,21.1540360121403
0.698599217067212,22.0971819653579,22,22.4179985377028,0.893895586765426,23.9092902475777
-0.800931589536336,6.1791997101497,7,4.47634260239434,-0.705606835255482,6.85672984662961
-0.398150124463415,9.41862943748052,11,7.98145013410199,-0.917963597580961,5.50490282732499
-1.05336027777174,4.79734805332184,4,3.04200132445404,-1.3416945553135,3.72694232324119
-1.14741865090078,4.39163780981822,4,2.62819005721759,-0.804050486560273,6.18418854236523
0.872813826807727,23.6901157636452,24,24.1909926340411,0.843819329398,23.5020701933296
0.307145473408972,17.5083445917304,17,17.2151298367359,0.168723403173817,15.8300153223619
-0.229828661946026,11.1142463780468,11,9.88656619894233,0.204359804406009,16.2799544947266
0.388392074995021,18.5325476793652,18,18.3849289905421,0.559939355929301,20.6738248789154
-0.387283482694159,9.52271156707764,9,8.09720888700017,-0.239593666009519,11.0626701870006
0.92211341910117,24.0796612386904,25,24.6206856916952,0.944105973273581,24.2900505379079
0.282828073924291,17.1998592789028,17,16.8620955893115,0.206288163590027,16.3043769108402
-0.406599586879497,9.33823988022394,8,7.89216165220059,-0.220258984326227,11.2682855175601
0.713182076944345,22.243377559051,23,22.5816731679664,0.86964899384381,23.7155838566979
-1.14912047922427,4.38475796782942,5,2.62120531262791,-1.12922217422076,4.49357264622525
0.0953541089527035,14.8464141432976,15,14.1610561662872,-0.251422821618286,10.9379459303703
0.0681145102680553,14.5133345485075,15,13.7781344847283,0.0646491600834041,14.5383681896706
1.20135498828366,25.8190565570512,27,26.5194272652307,1.23916435665574,26.0253478492886
-1.41306107187508,3.47857215446414,3,1.71291268205285,-1.13733265344391,4.46027806590628
1.32885454020822,26.3882358574821,26,27.1364298657915,1.04516476897648,24.9763426761567
-0.05299381362236,13.074474322321,13,12.124945688352,-0.225440597418093,11.2129688552141
-0.211343540682064,11.310865979462,11,10.1097500311974,0.0618295031316134,14.5039650603024
-0.082846542767151,12.7313781671813,12,11.7314994156729,0.00394122568966342,13.8058259089416
-1.03107761435328,4.90127294979512,4,3.14857384976368,-0.372045739420939,9.71412659738203
0.871022215361649,23.6754552609014,24,24.1747889122831,0.606810712599994,21.1983252479606
-0.540341643135942,8.13202346254684,7,6.56581246741867,-0.544575802656795,8.13020557372381
-0.557145741993747,7.98973241774917,8,6.41109464399262,-0.371924772649962,9.71530860673137
-1.47275099885404,3.3097511105779,3,1.54685224576201,-1.45765229616464,3.38412644766538
0.321069040322559,17.684761380117,19,17.4168864170499,0.284551332759116,17.2989386226773
-1.29374764641198,3.85214895745965,4,2.08425576061769,-1.37377577210866,3.6275916517838
0.994885873969989,24.6068508922491,25,25.1995097790286,1.00226730979328,24.6977169252838
-0.493823134830225,8.53700056130185,8,7.00822222284696,-0.766919300671685,6.42834426660051
-0.811124878782593,6.11404045188829,7,4.4078873750173,-1.0560575284979,4.81106780351478
2.02813064177537,28.0346642835505,29,29,1.62848614831442,27.3387907056304
1.07413631952263,25.1192355242581,25,25.75911551715,0.972580222595141,24.4940243954422
-0.235851170621906,11.050616909335,10,9.8144246616219,-0.211855073953061,11.3583316589417
0.380089595330706,18.4286544058961,18,18.2664415572387,0.378003321672228,18.4814009183578
0.638246043462544,21.4683305682236,22,21.712077393521,0.608511611218816,21.2169723780627
-0.382412074718827,9.56962250355586,9,8.14943901462375,-0.25109253269972,10.9414173155198
1.00030495852835,24.6438918507197,25,25.2400607941383,1.19112645927002,25.7954253889614
-1.04099951274133,4.85460786868291,5,3.10069225824796,-1.07401463563805,4.73018163806059
0.603870616452774,21.0937829149368,20,21.2902874091279,0.863650984866438,23.6666639803649
0.762173419646697,22.7175487337806,22,23.1112942501799,1.20588588268637,25.8680132802432
0.727571433950157,22.3853779388035,22,22.740482240923,0.703002550297922,22.2068694641985
0.129307961402674,15.2657326107481,15,14.643021712877,0.325571750342432,17.8199944846286
-0.709284651525619,6.80305268533342,5,5.13586524784676,-1.08069334719502,4.70060280728967
0.433643428934049,19.0940819066366,19,19.0245917743921,0.478842613780499,19.7226840318786
-1.49817725789958,3.24103649235477,3,1.47960995653126,-1.79865851175432,2.57766066208174
-0.505826569295556,8.43096739511498,9,6.89209618936115,-0.739317928262517,6.6172890382251
-0.803554095282767,6.16235565472773,5,4.45863876606008,-0.70356837464053,6.87151445272336
-0.247148169016533,10.9318342647748,10,9.67986764261463,-0.199471913216092,11.4917550536927
-1.32350036293225,3.75403182020625,2,1.98625153231807,-1.51334891355184,3.23408296565612
-0.516589349521141,8.33679480794719,8,6.78913245041743,-0.617593411290055,7.52661163828406
0.138043939008814,15.374295119575,14,14.767773151298,0.305825787902694,17.5694058161154
0.298940353473156,17.4042945814284,18,17.0960871495917,0.672720530549616,21.8997622845211
0.906951877471164,23.9626950811774,24,24.4918401355949,1.43023235062937,26.7772890487828
-0.383087536580138,9.563108636249,10,8.14218446792029,-0.2435672031949,11.0206827694286
1.52712464003353,27.0624798686208,27,27.8728399599628,1.58024055300212,27.2189536631841
0.0106003828959014,13.8209922275348,14,12.9822694237564,-0.174453329690654,11.7639950020222
0.270790086938751,17.0470824003084,16,16.6871481762072,0.246771852897621,16.8183173001542
-0.498729389242322,8.49353346041579,8,6.96059286021395,-1.0072625303503,5.04124839895342
-0.388602506935054,9.5100363117085,10,8.08310237744453,-0.371919961025614,9.71535562477263
1.26773513923355,26.1304648080976,27,26.8569251345791,1.71491155581193,27.5306817370279
0.307274213068204,17.5099767088229,17,17.2169968507324,0.14065218001612,15.4779001670359
0.562834947348911,20.6322702091245,21,20.769325356682,0.79884486534261,23.1125088605778
-0.788932404453388,6.25697860760697,6,4.55816179399394,-1.52054456268962,3.21531239500969
-0.291600097420998,10.4717899214857,11,9.16025979204752,0.0514274927000933,14.3773562910637
-0.958299501715467,5.26357635557468,6,3.5218107027807,-0.557538304681992,8.01998303928603
0.781667451785119,22.8988413493527,23,23.3132576342135,0.749618048007026,22.6601106574376
-1.02824721457263,4.9147011821533,4,3.16236042064542,-1.26476850494943,3.98113679471055
-0.0485717361716651,13.1257031219729,13,12.1837303263928,-0.0831649236009403,12.787217483712
-1.67576018067112,2.80637136270911,2,1.05940915844794,-1.08506687004846,4.68137923142946
-0.95217626186532,5.29572863042795,5,3.55505790439995,-0.6180251457062,7.52316965592469
-1.67576018067112,2.80637136270911,2,1.05940915844794,-1.99504232293079,2.20702496177221
-0.754142231702477,6.48911067929466,6,4.80303974682158,-0.657139155711381,7.21767305682743
0.631606097616723,21.3968783517836,21,21.6316861185125,0.528842923884374,20.3151748327178
-0.71351284877772,6.77275527572549,6,5.10366270144098,-0.736947810847025,6.63381142660876
0.194246712780088,16.0782550655127,17,15.5762533967574,0.303367324370453,17.5381708671852
0.841726838758942,23.4306726183173,24,23.9039030644242,0.93323715628998,24.2099309161907
-0.49769331287579,8.50269797873406,9,6.97063208061067,-0.514593368085768,8.39008152831213
-1.99630886445633,2.17169939851833,1,0.462457419158875,-3.21621919833772,0.758324469895493
-0.301730122770009,10.3686135762182,10,9.04408324091199,-0.22585308615289,11.2085719795948
0.568298303813089,20.6945738145267,20,20.8397300673311,0.608717579458201,21.2192285337311
0.569830314492131,20.7119986381196,21,20.859416469531,0.257850769500042,16.959232002798
0.345603341326786,17.9949335074532,16,17.771355757034,0.233238507119416,16.6462991071931
-0.993702668602503,5.08283963608328,6,3.33529426574451,-1.41279648683389,3.511533717666
-1.67576018067112,2.80637136270911,2,1.05940915844794,-1.77639492160266,2.62329565908569
-0.986279192572973,5.12001825409877,5,3.37360941767733,-1.05719383499931,4.80589002627673
-0.13061714915989,12.1924709754352,10,11.1146348741405,0.0686748328548185,14.5875468914415
-1.03443118037439,4.8854296287063,5,3.13231248952883,-1.19963172665381,4.21615258155655
-0.59756499253066,7.65641687763415,7,6.05017258468116,-0.65142021716147,7.26155339984764
-1.28560395964482,3.87962806595448,4,2.11175907494648,-1.39806857547232,3.55474451562491
0.65411699178371,21.6373325700309,20,21.9020794118847,0.676920192898794,21.9429387298236
-0.040875589077618,13.2151083150414,13,12.2863426000902,-0.243602219015362,11.0203131753231
0.339269351880592,17.9149601176424,18,17.6799928511261,0.3720090689482,18.4061786924102
-0.87709629928584,5.71231274299379,7,3.98762206184427,-0.698988270376291,6.90486032772021
0.096294949838718,14.8579734436356,13,14.1743443734512,-0.166908642199488,11.8467909633364
-0.975345878009568,5.17546481341465,5,3.43080154490292,-1.12860731593553,4.49611154733354
1.1604426843278,25.6094619850049,26,26.2920934106203,1.4916613884926,26.9718208617428
0.41989450606872,18.9244039713934,19,18.8314436317626,0.299297923945094,17.486455273901
0.945417184591188,24.2545958614335,24,24.8131015450414,0.771237778989231,22.86213954166
-0.211023478150545,11.3142878246101,13,10.1136375653893,-0.650622798080081,7.2676933624402
-1.12133989905704,4.49903553158448,4,2.73737097683653,-0.64931478634923,7.27777617392797
0.352198887391835,18.0781187821968,18,17.8663638868805,0.417330093039527,18.9715040618992
-0.494563482123634,8.53043019151202,9,7.00102049239753,-0.00950333135578661,13.6460236488875
-1.16578788487216,4.31818996192363,4,2.55368180185538,-2.10664875986584,2.01863671189598
1.18216605748953,25.72249430629,26,26.4147214983304,1.01636645287131,24.7913136344941
-0.275913357568572,10.6327874048518,12,9.34181298308863,-0.263024180103073,10.8164207829969
-0.891634965003086,5.62834491251581,6,3.90016684850174,-0.833702752850071,5.99737571755595
1.18916535993704,25.7580683360613,25,26.4533007431318,1.15489402581252,25.6096285938363
1.33898881329471,26.4284725355844,27,27.1801034807136,1.42872718256896,26.7722633379158
-1.49181955341168,3.25804801400335,2,1.49623748843102,-2.25778955659857,1.78536904358868
-1.02672827903289,4.92192885996182,4,3.16978249666865,-1.17877298615811,4.29566830001119
1.49390245619525,26.9647411222295,27,27.7651730878056,0.91282311333889,24.0560241879738
1.43194324955295,26.7670247715823,27,27.5485846287514,0.901404085527639,23.9679665765201
0.0676793954322788,14.5080397555974,13,13.7720471855224,0.016706603635515,13.9583935415661
0.300132398321669,17.4194141887719,18,17.1133874999314,0.218145209520477,16.454681483579
0.549757456798349,20.4821115193849,22,20.5995492866726,0.646192687209987,21.6227587810501
0.375677598283379,18.373352966202,19,18.2033548263989,0.415025788126344,18.94297020682
0.532525296431712,20.2821149144748,20,20.3732262341756,0.311013397278186,17.6352920237429
-0.20424926066337,11.3868509859109,11,10.1961023505257,-0.0690377169622351,12.9496782515254
-0.744635380806548,6.55426573339152,6,4.87195794897621,-0.203991469530784,11.4429567208398
0.751031809846909,22.6120350073039,23,22.9936117492255,0.612433493979132,21.2598617133929
1.34748269497044,26.4616696933844,27,27.2161499645366,1.64021850002284,27.3664931784967
1.22822480281804,25.9492500573549,26,26.660545035784,1.76238168022224,27.6249438573873
-0.809747915466879,6.12279361962833,6,4.41707860406923,-0.999438334369597,5.0796242359598
1.80334567329303,27.6942490263466,28,28.5873670362246,1.52754379462819,27.0764173381638
1.76874715879188,27.6300730199637,28,28.5125569126859,1.32334015540321,26.3865353595354
-0.605797793077569,7.59009756839815,7,5.9786137370527,-0.773574490462545,6.3837398677498
-1.49817725789958,3.24103649235477,3,1.47960995653126,-1.34516496902751,3.71601594916203
0.95611080756199,24.3329241562027,24,24.8991454617092,0.798894913933262,23.1129549848299
1.45410600810781,26.8401535981767,27,27.6285330626493,1.00792441009853,24.7355118918586
-0.149557948652877,11.9823064866744,12,10.8745391820719,-0.233157681061679,11.1308729095616
-0.109167636545887,12.4328884677309,13,11.3896348880028,-0.246435310059977,10.9904334731076
0.466271560183535,19.4928648682914,20,19.4780371619591,0.452060544267918,19.3982967747381
-0.0414294931162551,13.2086632384149,12,12.2789446082478,0.246175201071987,16.8107303552343
0.791492991508055,22.9886102600522,22,23.4131480037675,0.501283146540295,19.9908538546068
-0.210632299720983,11.3184707867793,12,10.1183899523155,-0.189627621856305,11.5984499704544
0.723181402456965,22.3422941105235,22,22.6923164241736,1.07096724405106,25.1352713096313
-0.550968291758072,8.04179006350305,7,6.46765442291992,-0.583579695766043,7.80251712048507
-0.0632739291613417,12.9557842981283,13,11.9887853577548,-0.0882071581772901,12.7294956903648
-0.456742773793215,8.8711223805822,10,7.37547263157685,-0.409324639373215,9.35440608616963
0.129550324653132,15.2687409367261,16,14.6464788431689,0.235764381997718,16.6783922549294
-0.250252223209873,10.8993280456435,12,9.64307154411353,-0.417249650126047,9.27912027523645
-0.369618349600251,9.69356026590118,10,8.28759580050411,-0.523083219066959,8.3158037122655
-0.0143430462094849,13.5257092880382,13,12.643002142679,0.131753312657417,15.366784986438
-0.228144809834757,11.1320746342147,11,9.90678702120764,-0.195775889321766,11.5317485402219
-0.278040170315589,10.6108725610571,10,9.31708120620048,-0.152675122051314,12.0038668061574
-1.41785579843054,3.46460157449706,3,1.69912611117111,-1.52052843747771,3.21535430843024
0.331537885519973,17.8172385710047,17,17.5683238415228,0.137518925125233,15.438747172197
-0.586311540780622,7.74793523546304,9,6.14905978900128,-0.659484306000562,7.19975755397908
0.637838742241056,21.4639601912502,23,21.7071612779582,0.621593938344314,21.3594547173605
-0.346633849341893,9.91886531340764,9,8.53935000164949,-0.457833624599508,8.90030090904985
-0.472848324250679,8.72479268583396,9,7.21438910105306,-0.467679579397794,8.81012740687344
0.933854096938183,24.1685251322183,25,24.7184727318924,0.876895547811556,23.774155664595
0.454576076695501,19.3505945301374,20,19.3163476934644,0.750621970347407,22.6696074395918
0.85632941498669,23.5538815699705,24,24.0403296605639,0.939211634262166,24.2541277383451
-0.345933030505933,9.92578789134571,9,8.54709721241915,-0.391948886764245,9.52093736627689
-0.534947532478397,8.1781542947384,8,6.61605371358063,-0.750726035736985,6.53842112571953
-0.451311822467454,8.92087825711069,10,7.43033095080083,-0.742557411516662,6.59478245374246
0.626941493977884,21.3464229934549,21,21.5748973180518,0.889668252807555,23.8759835556789
-0.962118113047112,5.2436603054822,6,3.50122647758219,-1.21023172332279,4.17656312313685
-1.67576018067112,2.80637136270911,2,1.05940915844794,-1.61282300840938,2.98588629607448
-0.19048151885658,11.5351406866623,11,10.3647784602801,-0.303891058070429,10.3947063615328
1.23944791305469,26.0019407131629,26,26.7176460615547,0.943099051521569,24.2826808908922
0.349481000112043,18.0438516259737,18,17.8272294486369,0.537657169272283,20.417648064879
0.948107089907525,24.2744133505749,24,24.8348776765864,0.57360674656835,20.8288363187921
-0.39409367716492,9.45739150417607,10,8.02454048750022,-0.192414187712818,11.5681922749274
-0.106283193912876,12.4654132739276,11,11.4268637511042,0.0719982323106395,14.6281997725266
0.976091586051865,24.4760389539106,24,25.0561784510808,0.995328600385021,24.6509166061195
-0.101324586513296,12.5214334409696,12,11.4909994553209,-0.35871326806341,9.84496750983157
0.99426317327346,24.6025752478571,25,25.1948279776563,1.0027452688558,24.7009226772107
-0.987858597081199,5.11207664767951,6,3.365422746157,-1.013755822199,5.00971449844893
0.724230391202071,22.352608020452,22,22.7038483484059,1.2208107857627,25.9396454779
1.78012265876914,27.6515752435453,28,28.5375425808411,1.84926984391351,27.7796195979463
-1.31423404125741,3.78421354242287,4,2.01636472620927,-1.30077128704535,3.8592260184211
-0.891762827613682,5.62761360636765,5,3.89940575822543,-1.37313399934918,3.62954341702305
-0.844416431297999,5.90702423203585,5,4.19093563238118,-0.778387169671142,6.35171446354238
-0.797931141966748,6.19853938431208,6,4.49667611320478,-0.620855907845402,7.50063913543114
-0.446887853031242,8.96156091786136,9,7.47521763030299,-0.24415825751329,11.0144451153324
-0.1954279479923,11.4817383214794,12,10.3040115985018,-0.0646121712568178,13.000793785706
0.405303988387195,18.743409449594,20,18.6252803821979,0.256355743197405,16.9402131352214
0.0984062584794924,14.8839261708714,15,14.2041785080669,0.491433562883514,19.8735800790538
-0.95839743460064,5.26306429244688,7,3.52128136371734,-1.35724880086422,3.67831340764804
-2.31581939207973,1.67074951598489,0,0,-2.68573530329796,1.24001161898724
0.273705155168695,17.0840778003305,18,16.7295185825823,0.0221587602360274,14.023800633547
0.563904752993861,20.6444902796627,21,20.7831361578367,0.462813735397606,19.5290751416539
1.47565488883462,26.9086610750589,28,27.7035930518506,1.12287056458753,25.4360870101064
0.295106193815873,17.3556569297043,17,17.0404294650126,0.273568470830428,17.1592117782153
0.983608101228564,24.5287947222197,24,25.1140064281786,1.11324648980461,25.3821646781112
0.0399600433072001,14.1724816825527,16,13.3862754042574,-0.0854666447593353,12.7608509293323
-1.96393140410669,2.22895757299868,1,0.515595146820531,-2.29043211116942,1.73802171108097
0.385642199441708,18.4981628566443,19,18.34571867888,0.418044466888136,18.9803449500273
0.578230027866905,20.8071720871282,20,20.9669104764549,0.230229046094802,16.6080703757728
-1.63216981179954,2.90642724988376,2,1.1553120995437,-2.11271491893488,2.00880754595584
1.50931917342155,27.0107834502698,28,27.8158342133801,1.43566939583621,26.7953366366475
0.519171951818173,20.125540928247,20,20.1958891992921,0.377738947509878,18.4780858438085
-0.276425218237963,10.6275106742758,11,9.33585744549236,-0.391822315088605,9.52215776401963
-1.28337854112782,3.88718507178787,4,2.11932690925443,-1.23793328330459,4.07561138288841
-0.491480270050183,8.55781908382801,9,7.03104641540417,-0.279382856728936,10.6464140223219
0.27584217060638,17.1111993919017,18,16.7605780728112,0.291914849053359,17.3925911006435
1.60335847998575,27.2669863425849,27,28.0999239489106,1.24546110247706,26.054155565747
0.631298541072688,21.3935581975849,23,21.6279497363708,0.813726121752618,23.2439187134065
-0.959094186336266,5.25942314200378,5,3.5175175151933,-1.12840693877111,4.49693940779414
-0.34993693235129,9.88627982018281,9,8.50289230905311,-0.537702589726559,8.18917547215318
0.0494156881063862,14.2865540650138,13,13.5174134506573,0.257856022248488,16.9592988266805
-1.32269280733303,3.75664885348282,4,1.98886141188048,-0.481016946072236,8.68908080270943
-0.750809987016499,6.51186380356974,6,4.82709775689884,-0.573693487166398,7.8844455632615
1.37251569012068,26.5567778469094,26,27.319503793318,1.47058302851184,26.9073431751336
1.75004419774349,27.5938353989797,28,28.4706182822977,1.70144747164677,27.5025726029084
0.515022584324508,20.0766148563151,20,20.140448388264,0.4903333685093,19.8604381197543
0.909782561575896,23.9847228317525,25,24.5161167028186,0.820941080035446,23.3067361898361
-1.04966273592138,4.81437555311327,4,3.05944726164775,-1.01213380534409,5.01756509017327
-0.36460994440779,9.74236698955011,10,8.34206708820718,-0.254204039872274,10.9087403098214
0.67140095995708,21.8184640824053,22,22.1054880298149,0.470829765564184,19.6261039719889
-0.696473122098717,6.89575120084235,7,5.23450277755189,-0.493929449331165,8.5731146354766
-1.94706978786527,2.25931379531461,1,0.543814011627413,-2.40716025364304,1.57690524374761
-0.0496984826279847,13.1126401512204,12,12.1687398327753,-0.214205862189532,11.3331024396901
2.02813064177537,28.0346642835505,29,29,1.71634746098073,27.5336426645338
-0.730750495316548,6.65075847543553,6,4.97417368414279,-0.9046665083215,5.57894556425229
-2.02265203188019,2.12608417004804,1,0.420200798083321,-2.3238526067907,1.69060284349224
-0.876338001034066,5.7167367781942,6,3.99223355284343,-0.801863297209575,6.19825372195374
-0.506456470331587,8.4254322976576,7,6.88603987235798,-0.174458485062997,11.7639385368838
0.295177041823465,17.3565557391177,17,17.0414580699067,0.394871051423207,18.6923841592004
-0.911114235470642,5.51835911751654,6,3.78581601313373,-0.565931464893522,7.94931136998886
0.726622698787604,22.3760848600093,23,22.7300943187812,0.543990103655414,20.4908822278304
-0.158800584727245,11.8804835483296,13,10.7583258444256,-0.21420127782774,11.3331516091772
0.631945447298183,21.4005406411323,21,21.6358074392266,0.426390386987576,19.0834485021085
0.395750448873943,18.6244258090181,19,18.4896783178358,0.29285293600524,17.4045197174167
-1.29374764641198,3.85214895745965,4,2.08425576061769,-1.01630912022851,4.99739214337581
-0.0936163510953908,12.6087860754309,14,11.5910391676523,-0.243607466314489,11.0202577903802
0.204916332334583,16.2127903971882,16,15.7306545118307,0.0851468010540522,14.7895006784824
-0.972871414101894,5.18812869111878,5,3.44387256530657,-1.63787894995915,2.92694022157266
0.27811646247103,17.1400633426161,18,16.7936305092458,0.37196687776186,18.4056488083458
-0.865921628154386,5.7779572296456,6,4.05608620370094,-0.932861485466128,5.4235306123108
0.108749116324901,15.0113167776114,15,14.3506143401285,-0.0975326816425882,12.6231070750717
0.336983503408563,17.8860795112398,17,17.6469936621172,0.437271290290828,19.2173397846221
1.29881054682749,26.2648302114467,26,27.0025724672762,1.33471378072482,26.4315457812159
-0.496844494419016,8.51021196728125,9,6.97886437888103,-0.29497488302581,10.485860177817
-0.493479221865629,8.54005404712129,8,7.0115693913682,-0.18043884461378,11.6985391857288
1.32885454020822,26.3882358574821,26,27.1364298657915,1.34597807420873,26.4752814081572
-0.245333210280229,10.9508671424222,12,9.70141774728519,-0.206794338066039,11.4127525869532
-1.3600191725609,3.63826052649108,3,1.87103371876952,-1.28028820509785,3.92792367307415
-0.0877093632255379,12.6759465793164,14,11.6679797292304,-0.0277224724333815,13.4309456435142
-1.32281290457284,3.75625949643109,3,1.98847310449442,-1.3010291790644,3.8583719415915
-1.01664697016539,4.97028117676976,6,3.21946262744875,-0.969459338382626,5.2305731377698
-1.47231992548619,3.31093193600328,3,1.54800958329823,-1.088655224402,4.66569241035515
-0.767117562307465,6.40137934951021,7,4.71037000394365,-0.565804591131862,7.95037556360527
0.10121679654302,14.9185014936942,16,14.2439241166175,0.0584927999544359,14.4632990758371
1.76874715879188,27.6300730199637,28,28.5125569126859,1.48201953195125,26.9426129373798
-0.67873011005815,7.02635568999169,7,5.37375651956919,-0.593218880008126,7.72338406252542
0.718993933580887,22.3010025056728,23,22.6461395608124,0.733078795039241,22.5020427436945
-1.728134723083,2.69113141576889,2,0.949582515785587,-1.59038659099479,3.03983180567323
0.419591911532728,18.9206597099335,19,18.8271800789999,0.443224696790122,19.2903308386286
1.50931917342155,27.0107834502698,28,27.8158342133801,1.3084984491087,26.3264900540494
0.0916765817934166,14.8012658090134,17,14.1091543267614,0.0302709576174839,14.1213860096879
0.624076820036607,21.3153314205941,22,21.5398943099291,0.138170810281877,15.4468904612215
2.02813064177537,28.0346642835505,29,29,2.19625723586756,28.2238321512386
0.553933166869464,20.5302129281859,21,20.6539489903504,0.435636061804195,19.1972576494148
1.09935365016878,25.2695013232492,26,25.9227117159825,0.784727196645603,22.9855436787982
1.46119712570869,26.8629753109208,27,27.6535187308045,1.40749457785413,26.6999840455012
1.38379768958602,26.598340443588,27,27.3647153008497,1.5114326468897,27.0302399594473
-0.381458515509251,9.57882329485482,9,8.15968714791548,-0.832376998516806,6.00557495290284
0.231803400089547,16.5527193711085,18,16.1205912452871,0.309462997424251,17.6156042921136
-0.208203871642124,11.3444583209059,11,10.147918913244,0.0822232911401767,14.7535732710031
-0.0194614253685519,13.4655075991158,14,12.5738542470177,0.25639056630343,16.9406561252377
-0.984947984041928,5.12672517031391,5,3.38052426704364,-0.969859674217211,5.22851585277747
-1.35377280588581,3.65771264240456,2,1.89035979591264,-1.66094073674454,2.87384608418161
-1.25094202672888,3.99972637098953,3,2.2322364384394,-0.785718673420047,6.30329835992825
0.517611605537393,20.1071574694609,19,20.1750593705315,0.746535346077688,22.6308791820696
-1.72109721867826,2.70631559600861,2,0.964014809710734,-1.87118186406397,2.43440052169165
1.38094868457861,26.587919726666,27,27.3533767942212,1.40077238480535,26.6765529389355
1.11958116776295,25.3857719837838,25,26.0491521461013,0.605583623467616,21.1848552314033
1.37471703688502,26.5649501164395,27,27.3283911260661,1.48277149285567,26.9449080611702
0.246204213926549,16.7351896529186,17,16.3297858560592,0.470103467904578,19.6173292967012
-1.30239100092729,3.82328082414832,4,2.05538815063313,-1.39981201708343,3.54959243568897
-1.08746086053309,4.64427965620359,5,2.88544768996222,-0.950143024005427,5.33120199211862
-1.96393140410669,2.22895757299868,1,0.515595146820531,-2.76195308588991,1.15861656934621
-0.300812814590414,10.3779308357847,11,9.05456878800553,-0.475422817951564,8.73969625102795
-0.726517989930622,6.68048717256427,7,5.00570169356804,-0.110835382599294,12.4721736471937
-1.45726856758794,3.35250176210275,3,1.58879087615021,-0.957238491223534,5.29392571694904
0.978188125784547,24.4908129856628,25,25.0723761010873,1.17761896135058,25.7274392489175
1.41491610680919,26.7089388574803,26,27.4851926643426,1.20038465642876,25.8411631951266
0.24255078492247,16.6888774887139,15,16.2766991753972,0.265293091033588,17.0539185898219
1.78012265876914,27.6515752435453,28,28.5375425808411,1.61309269788098,27.3016063415927
1.08315653145438,25.1736721296654,25,25.8184066806563,1.66817607804332,27.4303543607712
2.02813064177537,28.0346642835505,29,29,1.18826022700767,25.7811242558764
0.454573680114178,19.3505652967911,19,19.3163144603925,0.520349299078547,20.2158430939163
-0.208249834093882,11.3439661429012,11,10.147359604276,-0.0250281847620858,13.462643626134
2.02813064177537,28.0346642835505,29,29,1.62805106343778,27.3377528619708
-0.907833686932355,5.5366821398512,6,3.8048502252281,-0.854601627411481,5.86999978815611
0.127571347182324,15.2441829516784,16,14.6182567977707,-0.108935668363175,12.4936681446716
-0.54162207006145,8.12110552701632,8,6.5539275413746,-0.458232260113867,8.89663671125915
-0.461465223802318,8.82802575785637,9,7.32799149910741,-0.640114161659374,7.34909847202153
-0.235747085684245,11.0517147942214,12,9.81566905483115,-0.429488829516511,9.1636845725093
1.05367131477379,24.9928464385897,25,25.6213395219348,1.35961437377155,26.52712654474
-1.28560395964482,3.87962806595448,4,2.11175907494648,-1.19602235287583,4.22975764438057
-1.61575015676064,2.94515756685401,2,1.19257029111888,-2.67128715271091,1.2559415574012
2.02813064177537,28.0346642835505,29,29,1.70283155039877,27.5054911816169
-1.7318441124019,2.68316439716503,2,0.942014681477636,-1.8766053267615,2.42400352630762
-1.48211099482438,3.28424321020365,3,1.52186657760682,-1.06142956452427,4.78666036530855
0.780085417477722,22.8842865901732,22,23.2970546413338,0.606755653075587,21.1977211584964
-1.03520244511589,4.88179616499955,6,3.12858387996281,-1.10751604885068,4.58449022274228
1.17562829628975,25.6888964831052,26,26.3782792712171,0.807551782429829,23.1896976034101
-0.723331441715826,6.70296632105937,6,5.02955268025521,-0.460682092523634,8.87414284191125
-0.332265262181137,10.0614141371885,10,8.69901973932294,-0.137921256061486,12.1678884252206
-1.94706978786527,2.25931379531461,1,0.543814011627413,-2.8032510655373,1.11633037401138
1.29181934118048,26.2352084642903,26,26.9704571096607,1.36331023959634,26.5409737612637
1.53589537440122,27.0873757599844,27,27.9003432742916,1.47357554572663,26.9166382189882
0.194844934010365,16.0857918617732,16,15.5849041352385,0.275261501793335,17.1807528991746
1.26961138365392,26.1387771574157,26,26.8659337069072,2.20037844814612,28.2278349957391
-1.45726856758794,3.35250176210275,3,1.58879087615021,-1.58835777262879,3.04476560666514
1.33739018390962,26.422171058767,27,27.1732625977328,1.24545006893925,26.0541053499022
0.827312405591994,23.3067148624649,22,23.7664890183971,0.976015091017214,24.5180564816056
-0.884469282169817,5.66952799600653,4,3.94304361923955,-1.02641148261079,4.94906224647878
1.79977109139419,27.6877853604338,28,28.5797992019167,1.68331848099279,27.4637183650196
1.32796338294636,26.3846646117091,27,27.1325543735086,1.3126848557081,26.3435789806182
1.46325181158402,26.8695367223344,28,27.6607056850468,1.0533953406796,25.0277327798721
-0.548456508270634,8.06304052937092,9,6.49075739890921,-0.778427128527345,6.35144936964303
-0.624615179661308,7.44053990454045,8,5.81755069546546,-0.457956161163168,8.89917445209907
-1.49290251443819,3.25514238209168,3,1.493396527413,-1.25407088111454,4.01841766575685
1.19199419003301,25.7723306328638,26,26.4687661396562,1.57261970714393,27.1991173896449
0.171711457177436,15.7949510621043,17,15.2509927425312,0.190369025801648,16.1029752345637
-1.31649249136654,3.77682653507101,4,2.00899167423353,-1.54633793314852,3.14911824514934
-0.534937336179168,8.17824170256706,7,6.61614894754037,-0.420503562945497,9.24833133013805
1.18916535993704,25.7580683360613,25,26.4533007431318,1.46431127952629,26.8877086946782
-0.527245561689834,8.24440262580705,8,6.68827454638424,-0.389603888914071,9.54356478999455
-0.114419731209282,12.3737842205875,13,11.3219974361782,-0.40037216159715,9.43995779265422
0.495337988752603,19.8428243215459,20,19.8753569032755,0.50405483860158,20.02372922637
-1.46213974664027,3.33897534496794,3,1.57551289762702,-1.55835549435067,3.11884324924549
-0.877689839325808,5.70885302372277,6,3.98401600593167,-0.669215695755152,7.12590397061971
1.76874715879188,27.6300730199637,28,28.5125569126859,1.92959562701271,27.9046048959951
-0.469885775267062,8.75157141991393,9,7.24383950023342,-0.358019930297319,9.85180275238644
-1.55002183344641,3.10634838108813,3,1.34842890867922,-0.976133828939619,5.19642198727004
-1.0584438225927,4.77407733352191,4,3.01816858112755,-0.481656096881541,8.68331216108023
1.03613089327498,24.8812805898569,25,25.4995832223135,0.531781971208329,20.3494134520048
-0.34266079633828,9.9581515484633,10,8.58332539059992,-0.455189344130702,8.92463507272274
-0.240289258870439,11.003863136287,13,9.76144373344736,-0.246134378546362,10.9936050734341
1.78012265876914,27.6515752435453,28,28.5375425808411,2.22392518891297,28.2502523435265
-1.18538259666046,4.24177348841938,5,2.47630449919454,-1.77520885123868,2.62574969065469
0.7946584211532,23.0173005524127,22,23.4450569203887,0.640462071528991,21.561964584964
-0.107210208061992,12.45495530968,11,11.4148926235211,-0.110830873125329,12.4722246464236
-0.10058589985721,12.5297903809045,13,11.5005684680306,-0.340589681160354,10.0246363313376
1.58585494193831,27.2223371276109,27,28.0500994935271,1.54034143767487,27.1122098920898
0.0208362140868219,13.9430611495965,14,13.1225617275124,-0.214499389526323,11.3299544697936
-0.274964583296687,10.6425723949996,11,9.35285762735317,-0.36168639670277,9.815691710836
-0.0927137947166655,12.6190354928564,12,11.6027797154116,-0.335764511600201,10.0728183524731
-1.34186435675459,3.69519270894567,4,1.92763508176499,-1.61324471328282,2.98488302819596
0.260726326417964,16.9193782059984,17,16.5408595789396,0.386874497150343,18.5924953096015
0.209309913282939,16.2682552745657,17,15.7942976841186,0.22511095844363,16.5430799254787
1.76874715879188,27.6300730199637,28,28.5125569126859,1.61414721672465,27.3041844323007
0.481393827395737,19.6756088832188,20,19.6855858199394,0.522747992695308,20.2439528430674
0.43278698146036,19.0835387771564,19,19.0125938910902,0.637728749077232,21.5328499294161
0.14185029615109,15.4216772222968,16,14.8222160051458,0.25840415802199,16.9662720967212
0.792923672637701,23.0015913154715,23,23.4275863195093,0.985836727226818,24.5861000257446
-0.521802948625749,8.29148560563879,8,6.73965187308647,-0.555480877423434,8.03739074851348
1.37450945935189,26.5641808083694,26,27.327554455875,2.36045580037254,28.3663878290888
-1.18932292126096,4.22664164728956,4,2.46100007431301,-1.20579342834839,4.19307349932318
-0.0435894622185162,13.1835458737989,14,12.2501148201053,-0.358024701130738,9.85175570888049
-1.45726856758794,3.35250176210275,3,1.58879087615021,-0.735822636593282,6.64167166686653
-1.46492873974435,3.33126234218707,3,1.56794506331907,-1.22021891926001,4.13975419842675
-1.03881686565815,4.86481928804406,6,3.11116604611558,-0.702741563095321,6.87752111472839
0.546368545960433,20.4429682953751,19,20.5552710386518,0.601404971370682,21.1388769308684
-1.49817725789958,3.24103649235477,3,1.47960995653126,-1.77696801040478,2.6221107514422
-0.625838980245129,7.4309114376227,8,5.80719627747402,-0.698982531014705,6.90490222405386
0.410569335072908,18.8088302376675,20,18.6998140447812,0.35009943182751,18.1302877574709
-1.62606117396058,2.92076765042955,2,1.16909867042544,-1.79123730137239,2.59278249970391
0.301955406209954,17.4425348469131,17,17.1398415123818,0.244191653472717,16.7855096130142
-0.329000333011817,10.0939854315115,10,8.73554385990154,-0.30193115232663,10.4147020555459
-1.32269280733303,3.75664885348282,4,1.98886141188048,-1.52157831636333,3.21262681946477
-0.782802264504867,6.29716492084233,5,4.6004808679966,-0.669619563661187,7.12285596097085
0.310713395069898,17.5535716521587,18,17.2668628540487,0.465572851567804,19.562517834067
-0.363788182558524,9.75039043582591,9,8.35102522445228,-0.220592097149465,11.2647246800354
0.0211080036016438,13.946309392435,14,13.1262951472441,0.132085795728263,15.3709317709729
1.60066987539699,27.2602135563104,27,28.0923561146026,2.0303432838539,28.0406280670073
1.79977109139419,27.6877853604338,28,28.5797992019167,1.65077116541531,27.3909492245748
0.125513949608864,15.2186664267346,16,14.5889324424296,0.106184075296215,15.0490532822986
-0.212597754926735,11.2974626633106,11,10.0945237059991,-0.23938526233677,11.0648748808517
0.207081594811712,16.2401203066673,15,15.7620150935591,0.298741475163342,17.479382476734
-0.175826732802935,11.6941774929103,11,10.5458935445777,-0.225734851061594,11.2098321920394
-0.729673446831231,6.65830959202974,7,4.98218021558591,-0.729999003878694,6.68252429144734
0.515203390756363,20.0787494248495,21,20.1428674466289,0.27086801023734,17.1248520780563
-1.22421736856328,4.09595107860245,4,2.32907125028971,-0.493154426117943,8.58004076874362
-1.94706978786527,2.25931379531461,1,0.543814011627413,-2.02579730984035,2.15363980206261
-1.72109721867826,2.70631559600861,2,0.964014809710734,-1.71351131541471,2.75673912477051
1.78012265876914,27.6515752435453,28,28.5375425808411,1.47248964923777,26.9132707769143
-1.18074529625673,4.2596817215569,3,2.49442460311537,-0.649674547212534,7.27500154578639
1.26897215870559,26.1359481167959,27,26.862867695607,1.1020183151302,25.318199913755
0.365964468480223,18.2513973784869,19,18.0641894996364,0.522380454524513,20.2396486550789
0.297805790102509,17.3899031833277,17,17.0796193689192,0.0743051278741693,14.6564465542232
1.0579793379039,25.0197878133328,25,25.6507219876053,1.16423255185554,25.6585685116011
-1.24541356155547,4.01936641736741,4,2.25197944956683,-2.42220672337293,1.5570367888228
-1.04510819438504,4.83546779939105,5,3.08106622379196,-1.31421777984598,3.81504649516979
1.60066987539699,27.2602135563104,27,28.0923561146026,1.99053825064,27.9894100476853
-0.300090832631581,10.3852677405688,11,9.06282646514072,0.013557404293331,13.9206803754098
-0.28908748662447,10.4974777364394,11,9.18920555532064,-0.00949825013409064,13.6460838711446
1.7030517389655,27.4976920546833,28,28.3602830472768,1.87238385558313,27.8172384602873
-1.31413586300007,3.7845351215442,4,2.01668573903089,-1.60177398377946,3.01231205963322
-1.67576018067112,2.80637136270911,2,1.05940915844794,-1.18409905515955,4.275158265256
0.41458298700763,18.8586208023488,18,18.756528467714,0.122282755033797,15.2488265306593
-1.11491724193776,4.52606450729444,5,2.76489103328517,-0.81719112413257,6.10051341924529
0.701288749714116,22.1243168484338,21,22.4483907280363,0.695948257672285,22.1362083436958
-0.434491642679833,9.07627902189155,9,7.60194417411984,-0.609453017446199,7.59179398435801
1.35510532400876,26.4910584220744,27,27.2480727212714,0.810188441646411,23.2129042678849
-1.1156779742625,4.52285089324404,4,2.76161815614166,-1.07026030261006,4.74692816969581
-0.357958198531936,9.80743699719643,11,8.41474552503126,-0.333354090208631,10.0969420877765
0.54856898558571,20.4683948976166,20,20.5840342286868,0.650976014439214,21.6732460120585
0.0341862929933103,14.1030328810208,14,13.3064407654175,-0.184743311240222,11.651592701433
-1.11227956670649,4.53723246351906,5,2.77626677034328,-1.12441336332059,4.5134855749499
2.02813064177537,28.0346642835505,29,29,2.32502253309831,28.3383593838806
-1.63828624679245,2.89214880488126,2,1.14159535609664,-2.09228617955205,2.04207211360228
-0.829441273642862,5.99905147799334,6,4.28727904541294,-0.824991336317932,6.05151355157042
1.18216605748953,25.72249430629,26,26.4147214983304,1.27231202786778,26.1736700484186
0.484506814520651,19.7130496016444,19,19.7280887997813,0.140985054467682,15.4820616184859
-1.02068556450797,4.95083122260217,4,3.19947285393588,-1.01214129786867,5.01752878567634
1.20811742998287,25.8523680047641,26,26.5555388047814,1.42422219179566,26.7571443949331
0.277149955960756,17.1277970245461,16,16.7795845122563,0.358066608400031,18.230771879113
2.02813064177537,28.0346642835505,29,29,2.43389791042531,28.4202959817328
-0.527202427902806,8.24477489571747,8,6.6886806087216,-0.378092467079373,9.65516216761483
-1.64447305759021,2.87778689093805,2,1.12780878521491,-1.64950788525884,2.90003136629304
0.871767649174188,23.6815593624497,24,24.1815358341867,1.064614548778,25.096733219933
0.576430925385115,20.7868393334302,21,20.9439501542854,0.956665774208728,24.3810730244471
1.78012265876914,27.6515752435453,28,28.5375425808411,1.61894315157276,27.3158520686639
1.14182678802788,25.5093764416775,24,26.1834414536048,0.979308409229795,24.5409833641086
1.42517601599606,26.7441404021423,27,27.5235989605962,1.27206485698456,26.1725940847252
0.532313831597954,20.2796460429474,21,20.3704309943062,0.129274784144144,15.3358842179959
0.159312174344603,15.6396355751601,15,15.072610992961,0.134327211355659,15.3988968083765
-0.701043619717119,6.86252645548422,6,5.19913031236795,-0.804599382857195,6.18066493978227
-0.956102892513227,5.27507971274027,5,3.53370349921026,-0.472694439686144,8.76446414753176
-0.239105641289356,11.0163208601247,11,9.77555841564766,-0.392529351866104,9.51534189910471
-1.18216441314521,4.25418989342856,5,2.48886692723964,-1.7136783041965,2.75637546426099
0.326767122841056,17.7568878855472,18,17.4993430994439,0.353082437509847,18.1679300427485
0.421620002175982,18.94574709696,20,18.8557457081603,0.367014775045102,18.3434150413349
1.14979782070571,25.5526006029924,26,26.2303739696133,1.04348513601905,24.9657746712011
-0.956362902061758,5.27371628540455,5,3.53229377985817,-1.74849665445973,2.68164714670736
0.0725450602674702,14.5672957217116,16,13.8401723002552,-0.22025378963085,11.2683410517694
-1.19011242555231,4.22361907063841,3,2.45794373512653,-1.09766277554738,4.62665178078272
0.952312766202156,24.3052436130062,25,24.8687462030223,0.733353548281056,22.5046933648489
0.690755504585556,22.0176051363773,21,22.3288353622692,0.814178921725828,23.2478782206247
-0.602316311049949,7.61807708666307,8,6.00879347265172,-0.544243108833811,8.1330516198133
0.474283361124703,19.5898586889791,19,19.5882161275478,0.546428162158869,20.5189871577727
-0.328601054562897,10.0979732383444,11,8.74001665294217,-0.51965266872949,8.34575242941082
0.379907427146922,18.4263722751702,19,18.2638383815491,0.742987154489834,22.5971029280221
0.0862541940915365,14.7347968544451,16,14.0327407358007,0.220632652724458,16.4862406234936
1.43800500881665,26.7873010252718,27,27.5707352254439,1.34697915853977,26.4791282459704
-1.67576018067112,2.80637136270911,2,1.05940915844794,-1.72564172708612,2.73045443105939
0.0845833950909378,14.7143402739881,15,14.0092231917267,0.392215840722416,18.6592442876696
-1.61970791200457,2.93576824524792,2,1.18353096435058,-1.37479199157999,3.62450403207077
-0.0134747304802811,13.5359356219715,13,12.6547489527748,0.0199125350627888,13.996836090831
-0.206570170675608,11.3619603410061,11,10.167809627515,-0.210857723917673,11.3690450691815
1.76874715879188,27.6300730199637,28,28.5125569126859,1.35788088824248,26.5206018851352
0.388300682978724,18.5314053224233,19,18.3836263919193,0.159216638977146,15.7105092080691
-0.536141886937714,8.16792111748412,6,6.60490528778992,-0.225740054606933,11.2097767281844
0.108741837631099,15.0112269818027,17,14.3505111241081,0.119171551507262,15.2101445543816
0.1278473444906,15.2476070976064,16,14.6221918707876,0.0662909221114505,14.5584158024142
-0.337227911038212,10.0120337895775,11,8.64367539295477,-0.116141446179794,12.4122435411241
-0.252996691997565,10.8706348228563,11,9.61060147083521,-0.216329385283089,11.310339654952
-0.215708521547722,11.2642583679928,12,10.0568107500406,-0.043227265954419,13.2492727322369
0.308234928558945,17.522155845864,18,17.2309285567558,0.404847266860737,18.816639974206
-0.853474578247024,5.85221865184019,6,4.13363603378902,-1.69491104960829,2.79756971667517
0.186793895741854,15.9844262995661,15,15.4685466790514,-0.0408045837882543,13.277576341293
-0.477825124117954,8.67994797105428,9,7.16509893603469,-0.358407354965466,9.84798296527645
1.05646143356113,25.0103157390002,25,25.6403925368719,0.936567667714575,24.2346157448175
0.712362313969301,22.235220102736,23,22.5725450071663,0.730799427053947,22.4800208707787
-0.141319109994695,12.0734763370128,11,10.9786566134883,-0.131350858114928,12.2413253381656
-1.63216981179954,2.90642724988376,2,1.1553120995437,-1.62028699721865,2.96818603227649
0.0665876311166452,14.494758031924,14,13.7567774987261,-0.124286854768338,12.3205480775772
0.0209656588919273,13.9446081408369,15,13.1243397850575,-0.127342026593573,12.2862502131471
-0.0971568443835808,12.5686233781483,13,11.5450384456374,-0.381902711849917,9.61812826036394
2.02813064177537,28.0346642835505,29,29,2.40270712214927,28.3980617943411
1.10203686121305,25.2851407310965,25,25.9397261553064,1.35879554452886,26.5240469374172
-0.248720182636903,10.9153647533961,11,9.66122316260043,-0.387229252611214,9.56651492383034
-0.284587572985406,10.5435782019837,10,9.241173811213,-0.0875493087220591,12.7370186464432
-0.396880530911653,9.43074954655991,10,7.99492100768623,-0.718378788368001,6.76489104662976
0.948405517747743,24.2766072208541,24,24.8372881033767,0.965898173600652,24.4469217200474
1.53508751147405,27.0850980959056,27,27.897825628118,2.28589628372006,28.3057511013808
-0.362522818169908,9.76275356461949,9,8.36483050822495,-0.10403849957716,12.5491696093585
-1.41785579843054,3.46460157449706,3,1.69912611117111,-1.73800344029935,2.70394108068357
0.681437858348261,21.9222264557931,22,22.2219011896679,0.621114891729376,21.3542669256947
-1.96393140410669,2.22895757299868,1,0.515595146820531,-1.94531641341698,2.29585027183422
-0.222468335993915,11.1922976209152,11,9.97511609677551,-0.380691061356108,9.62989475244606
0.212050123234824,16.3028657889464,16,15.8340079304221,-0.153076674401553,11.9994197654555
0.160856589587703,15.6589574134307,16,15.0948046497727,0.066465279864996,14.5605455877109
0.988008735794215,24.5594089119428,25,25.1475496285805,0.810639935243037,23.2168702815103
-0.305560986237624,10.3297583475508,10,9.00036829758727,-0.239598276461882,11.062621416078
0.769931595145324,22.7902062531749,22,23.1922725674915,1.30926412497047,26.329624530365
2.02813064177537,28.0346642835505,29,29,1.18286902042963,25.7540423513947
1.07234449538043,25.1083299760893,26,25.747233877424,1.25540269855773,26.0990297902854
1.54396814572015,27.109965178693,27,27.9253289424468,0.936122993426443,24.231326799671
-1.78686052369535,2.56784805817986,2,0.832833761858691,-2.19991291254416,1.87190129746731
0.536411819235576,20.3274282317404,22,20.4245237559667,0.633948401624553,21.4924580181714
1.14407379594986,25.5216175265131,26,26.1967341490806,1.14744858019642,25.5700758033802
1.27721693019016,26.1722063596912,27,26.9021645856445,1.06200683259577,25.0808026551473
-1.67576018067112,2.80637136270911,2,1.05940915844794,-1.63746511195395,2.92790299570405
-0.945802170882996,5.32948302041182,5,3.58998329475197,-0.769975323534681,6.40781629800451
-0.0090415252255418,13.588206365765,14,12.7147949037642,-0.0534649208287268,13.1300127506436
-0.339747627093321,9.98702069117225,9,8.61565462848978,-0.57403769776957,7.88158004574823
-0.486360518115644,8.60345140810028,10,7.08110244053061,-0.601789730951364,7.65364627948913
0.145666299072517,15.4692268717543,17,14.8768481801738,0.138212226062785,15.4474078703185
-1.37044876466421,3.60609342651099,4,1.83910519264498,-1.91616937571964,2.34942015394976
-0.0673132928836625,12.9093024022468,14,11.9354760289573,-0.0344185067573338,13.3523317980365
-0.0374227811531343,13.2553206354128,12,12.3325032017296,0.0903614379323566,14.8536717877317
0.672634657564653,21.8312748796854,22,22.1198651569944,0.665599048217452,21.8261211775601
2.02813064177537,28.0346642835505,29,29,2.02522725531754,28.0342192344315
0.982619415671124,24.5218890481005,24,25.1064385938707,1.04113539918285,24.9509443737723
-0.675245989442017,7.05230478078823,7,5.40146334340595,-0.811488786284443,6.13664977817743
0.817837375767628,23.2239671147373,24,23.6746717195866,0.712665855847877,22.3027870121347
0.195006827457226,16.0878316383507,16,15.587245370915,0.323577857720215,17.7947175685423
1.65043794529598,27.3807447921965,28,28.2276305069644,2.17712462742576,28.2049310414174
-0.180294784086754,11.6455593662711,13,10.4905033340313,-0.0620098097543471,13.0309006499391
0.69638578377784,22.074792448345,22,22.3929169170464,0.650927534166678,21.6727354914547
0.444494934102395,19.2273466603824,20,19.1762027417035,0.253866873136032,16.9085531455593
1.51282138298938,27.0210757222047,28,27.8271727200086,1.55480070368685,27.1517276821554
-1.41306107187508,3.47857215446414,3,1.71291268205285,-1.34001420086598,3.73224877064851
-0.884625282459727,5.66862724465579,6,3.94210547888994,-0.968353803036643,5.23626028929627
-0.193371276343555,11.5039254034632,12,10.3292553286537,-0.00864270901189576,13.6562255586713
-0.272650072452368,10.6664652434245,11,9.37983116160397,0.0762090267730393,14.6797760573999
1.71447721055607,27.5217609868629,28,28.3877863616056,2.23477275801856,28.2603259090267
-1.45726856758794,3.35250176210275,3,1.58879087615021,-1.48386837780894,3.31242804911311
-1.17469523036551,4.28320945022187,5,2.51824312958275,-1.63897690274677,2.92438762026063
-0.829139047454374,6.00092708362632,5,4.28924429200608,-0.574667867316755,7.87633637336767
0.0391388077459003,14.1625939883991,15,13.3749088293863,-0.0113463067784461,13.6241895427518
0.957934643043009,24.3461621217887,25,24.9136805664226,0.954068276583798,24.3623853237586
-1.05259345703446,4.80087228831095,4,3.04561166671852,-0.862390722235874,5.8234219893798
-0.517454835176107,8.32925922866808,10,6.78090047752382,-0.434969360741463,9.11232520118373
0.786084657134902,22.9393317284471,24,23.358322780825,0.504101903253893,20.0242869815248
0.258894593994358,16.8961386110369,16,16.5142329959641,0.66065195922517,21.7746514557931
0.828155803731067,23.3140317416609,23,23.7746045388524,1.04818600882305,24.9952828950579
1.26757679348981,26.1297620941059,26,26.8561635696137,1.11316429297387,25.3817005622717
1.1160005237136,25.3654618547793,25,26.0270742027103,1.10202763388915,25.3182534758896
0.34929312819676,18.0414823144124,19,17.8245234460635,0.463771813826024,19.5406931568651
-0.441217268607328,9.01390633384257,8,7.53301439260679,-0.708806422026777,6.83359412108321
0.556892371695158,20.5642134685463,21,20.6923934973913,0.517542856249334,20.1828984050695
-0.25650562908348,10.8340139888452,12,9.56917381269732,-0.412690821919557,9.3223765800702
0.681214873662217,21.9199326845846,22,22.2193286502544,0.91720847851091,24.0894656777856
-1.96393140410669,2.22895757299868,1,0.515595146820531,-2.48291284545834,1.47888476297353
0.597524464551731,21.023405779055,22,21.2109302429542,0.414633776864983,18.9381135138296
-0.703161451924133,6.84718925175908,8,5.18280886938756,-0.366742283465141,9.76603687925891
1.76874715879188,27.6300730199637,28,28.5125569126859,1.3292278776645,26.4099432578997
1.76874715879188,27.6300730199637,28,28.5125569126859,2.59676816965155,28.5224322687207
-1.2914980166892,3.85971251530434,4,2.09182359492564,-1.2495562131931,4.03430139731052
1.60958811065543,27.2825616726234,27,28.1173417827578,1.18709875619911,25.7753099441503
0.198371256413861,16.1302344229195,16,15.6359128431002,0.357755991771869,18.2268575342443
-1.53298779480084,3.14982918587838,3,1.39068552975478,-1.83925912766173,2.49647286561702
-0.440427289942018,9.02121633497256,11,7.54108942720502,-0.483792174095635,8.66405448775118
0.907549414339215,23.9673522609852,24,24.4969732156401,0.764860595115918,22.8030900411893
0.37767092122023,18.3983455519299,19,18.2318672947554,0.430161162483696,19.1299179930425
-1.28337854112782,3.88718507178787,4,2.11932690925443,-1.04183736197628,4.87655455937348
1.01673740397031,24.7543811037464,25,25.360929207785,0.949372885673937,24.3284236694012
1.03311260340745,24.8617770928824,25,25.478284564177,0.915546561886139,24.0768168946218
0.811714206624671,23.1699570803413,24,23.6147049733463,0.706807974884899,22.2447633339494
0.609708017970189,21.1581855018378,21,21.3628796930786,0.528645413125329,20.3128714426753
0.831219509037255,23.3405438488277,24,23.8040059033831,0.85809372441849,23.620982593139
-0.496437901491479,8.51381310923854,9,6.98281014114896,-0.567603925666077,7.93529488329675
-0.285883582651269,10.5302883836472,9,9.22618968632092,-0.355836993494972,9.87334308017373
1.23907203461418,26.0001918526622,25,26.7157508668927,2.32451783748158,28.3379500719032
-0.811408999098625,6.11223623533285,5,4.40599304593298,-0.82174214004964,6.07186416681553
-0.97702501917215,5.16689553406376,5,3.42195854483726,-0.75120774655988,6.53511491868026
0.383967337864172,18.4772074755109,19,18.3218202100402,0.176697743203687,15.9304428984181
-0.651139991496017,7.2345553767988,8,5.596426001726,-0.685529334865968,7.00386683300622
1.11851909150973,25.3797597861708,26,26.0426170111553,1.55590751452459,27.1547130048237
1.3561126645657,26.4949139023321,26,27.2522615040872,0.965448051684112,24.4437320017674
1.03699739044966,24.8868630232304,24,25.5056787227373,0.93191471385777,24.2000964256853
0.782635294747674,22.9077317484123,22,23.3231538333872,0.608505490469116,21.2169053257052
-0.513531607549905,8.36346238548829,9,6.81827290967988,-0.688766599049401,6.97991433846972
-0.826343476944114,6.01831079784504,5,4.30746200944937,-0.818336315534341,6.09328833752342
1.26961138365392,26.1387771574157,26,26.8659337069072,1.06199894881984,25.0807543947374
1.37114674595479,26.5516803834189,27,27.3139608792288,1.28538290818848,26.2299408747445
-0.592498835567383,7.69749377002797,7,6.09453705538866,-0.458550151335385,8.89371550596251
0.770530665523522,22.7957888543183,23,23.1984924877584,0.630919784497124,21.4599942472451
0.275160018986004,17.1025419452588,18,16.7506638509182,0.338119430237133,17.9788935575026
-0.563145250322889,7.93945504757545,9,6.35651774349309,-0.592782184765089,7.7269530674828
0.0715053167086887,14.554624668044,14,13.8256047261962,0.138503583868011,15.4510479740505
0.828975285912112,23.3211335116892,22,23.7824809515656,0.68677175194847,22.0434859537589
0.122014630264235,15.1753013325854,15,14.5390942735871,0.258449199273995,16.9668451067191
-0.446992899220964,8.96059333728529,10,7.47414972971151,-0.577230118776485,7.8550480673207
0.0494274279331631,14.2866959504499,15,13.517576566712,0.0457733067683081,14.308742570773
0.785010175887567,22.929502549873,23,23.3473844869137,0.858913397969637,23.6277419853095
0.0959759294610309,14.8540535172162,15,14.1698381587066,-0.18088191147081,11.6937020293402
-1.7386357050011,2.66864191719855,2,0.928228110595901,-1.18899936015386,4.25641371178325
0.471882190164476,19.5608301611129,20,19.5552461707501,0.6465462106914,21.6264982029616
0.83124637057646,23.3407758335436,25,23.8042631379561,0.83673086776173,23.4421752406883
-0.586158022775302,7.74919060485675,6,6.1504173522522,-0.487324115457266,8.63228506667252
1.75004419774349,27.5938353989797,28,28.4706182822977,1.7584078608174,27.617332335163
0.721906583696844,22.3297436435868,22,22.678282610011,0.976065731855725,24.5184098749927
0.290833725969483,17.3014498445212,19,16.9783897758842,0.314033828150294,17.6736379671797
-0.266355513231153,10.7316063049604,11,9.45340617882417,-0.662992366839774,7.1730433739822
0.304355838003239,17.4729749567188,19,17.1746676387324,0.461007242869763,19.5071536018652
-0.786996645865342,6.26963554909968,5,4.57148713462539,-0.753612330302331,6.51864021339257
0.999097094987709,24.6356618383406,26,25.2310522218102,0.937187200897066,24.2391944789457
0.419156884263236,18.9152760230908,20,18.821049625988,0.322509276892477,17.7811682141324
-1.76522982903241,2.61256267438908,2,0.875090382934245,-1.81230568747036,2.55008287868553
0.65701896243297,21.6679587137474,21,21.9364891854639,0.709274973363369,22.2692451500688
-0.702689535516175,6.85060365034466,7,5.18644198828349,-0.64296772762595,7.32690321422448
0.545003411517176,20.4271740609964,21,20.537402383657,0.774398755686647,22.8912398151141
0.178307775629566,15.877747718531,15,15.346067772511,0.263616661731606,17.0325887888377
0.546573030669373,20.4453328260222,22,20.5579460069083,0.282582457301989,17.2738929195092
1.24400031617232,26.023035370296,26,26.7405056349318,1.51413496116647,27.0380735471865
-0.25884605370557,10.8096287992055,12,9.54159633738523,-0.249222533594228,10.9610833437129
-0.284224776821932,10.5473002777619,10,9.24537080737511,-0.297577698734296,10.4592008314833
1.23561191200166,25.9840414969939,26,26.6982490138562,1.2560436470568,26.1018975245623
1.13818556087544,25.4894456682903,25,26.1617960263913,0.994394889510165,24.6445814924095
0.421166136307673,18.9401344183113,20,18.8493550893414,0.397646716937165,18.7269971570893
0.131094280093317,15.2879100274616,16,14.6685074605495,0.21416809097588,16.4042410820226
-0.862474490316053,5.79840250414,6,4.07742638206603,-0.917963597580961,5.50490282732499
-0.0222584457028832,13.4326663528343,14,12.5361362092706,0.0528462395067722,14.3945958305076
0.974473012844095,24.4646017062506,24,25.0436374226837,1.04416588283813,24.9700611378764
-0.921485201157844,5.46096124572044,6,3.72623179190593,-0.986425896438121,5.14437518431403
-0.585338984128578,7.7558912900905,9,6.15766401900479,-0.885254876489363,5.68946998572544
-0.599015004007034,7.64469736246761,8,6.03752103217082,-0.294406206648231,10.4916902854777
-0.710760989364028,6.79245720172493,8,5.1246014942176,-0.631215241400505,7.41874513728137
-0.429045872661923,9.12701020369515,10,7.65805754286607,-0.26302942994649,10.816365969961
0.392909547805856,18.5889770246344,18,18.449267465159,0.411705629583077,18.9018137124584
-1.0295380678692,4.9085705701298,4,3.15606575322159,-1.47069184249002,3.34821919256858
-0.305980876415882,10.3255049900514,11,8.99558417590998,-0.220258984326227,11.2682855175601
0.255961797395651,16.8589332368645,17,16.4716020765297,0.238754169278698,16.7163877701607
0.278961434419377,17.1507871892536,18,16.8059098752682,0.174087366104465,15.8975504024246
0.447857292893559,19.2685146643107,20,19.2230223888742,0.0646491600834041,14.5383681896706
0.89948410994641,23.9041623488236,23,24.4273057261551,1.14683065867409,25.5667717460042
0.119340778798366,15.1421955653793,15,14.5010454501076,-0.0137993902868166,13.5951543302825
0.431729322528238,19.0705136994478,19,18.9977709338865,0.577517303784068,20.8728818592258
-0.298761960099597,10.3987802733818,10,9.07803664507439,-0.122356741569251,12.3422426343599
1.14350242441311,25.5185090550768,25,26.1933587407782,1.30151568444403,26.2977177814134
-1.29386325681802,3.85176082036987,3,2.08386745323163,-1.45846977282303,3.38186083855325
-0.121756227476551,12.2914790696109,12,11.2278429094406,-0.150152378756894,12.0318259907731
-0.572560290377189,7.86111544682277,8,6.27157438243679,-0.726775335828988,6.705260708498
-1.72478150293364,2.69835503100555,2,0.956446975402783,-1.14564821110092,4.42651532795519
-0.614976098996125,7.51679659232141,8,5.89961996388801,-0.371924772649962,9.71530860673137
-0.0430491163172516,13.1898270192366,13,12.2573241545443,-0.0376996722809815,13.3138956137814
-1.49817725789958,3.24103649235477,3,1.47960995653126,-0.977002577171753,5.19200003880149
0.0726964401584229,14.569140934881,14,13.8422936913569,-0.0558227215164667,13.1026255492971
-0.213274527907903,11.2902340256157,10,10.0863126101193,0.0428699980020555,14.2735682320539
-0.556298197707123,7.99685738144577,8,6.41883277700979,-0.602727768325352,7.64604968820387
-0.42091220620121,9.20315798670611,9,7.74236568381363,-0.158927485633057,11.9347272668126
-0.614722458163779,7.51881322968035,6,5.90179183722882,-0.308476825218392,10.3480117633578
-0.450268458159201,8.93046070261649,8,7.44090102829237,-0.58731714968438,7.7717464332156
0.0547514521855037,14.3511060590821,14,13.5916252757566,-0.295305015799288,10.4824765291587
-1.2597732714751,3.9686342979759,4,2.20100451454458,-1.60488576616769,3.00484238010057
1.50931917342155,27.0107834502698,28,27.8158342133801,1.45659773363948,26.8632721197508
0.404658992087713,18.7353877091498,19,18.6161400416421,0.32885022895668,17.8615410765702
-1.66937361395714,2.82078757837907,2,1.07319572932968,-0.915606294370674,5.51793123946087
0.235158083887622,16.5952057372949,16,16.1693078532818,0.101130402364703,14.9865422255192
0.869612882580249,23.6638978816986,23,24.1620133375841,1.20588588268637,25.8680132802432
0.843272645455187,23.4438279588488,23,23.918477221875,0.880211864081087,23.8007670375457
-0.331307450286192,10.0709624806715,9,8.70972530700355,-0.203733589829722,11.445737936371
-1.49817725789958,3.24103649235477,3,1.47960995653126,-1.79865851175432,2.57766066208174
-0.649756954368223,7.24515508265251,7,5.60778480091467,-0.70356837464053,6.87151445272336
-0.427890867063546,9.1377959732527,10,7.66999322546464,-0.502347158615108,8.49817243664982
0.562154267560891,20.6244899373801,20,20.7605318433838,0.392614156070814,18.6642174706573
1.21612838152113,25.8913524806977,26,26.5977954258569,1.16849041908627,25.6806374148731
-1.72478150293364,2.69835503100555,2,0.956446975402783,-2.00802148062162,2.18435414126134
0.59199326165169,20.9617626383702,22,21.1413956406463,0.58951809920769,21.0071779240814
-0.56883495610114,7.89203064922336,8,6.30508170550022,-0.648821142440452,7.28158510643121
1.41568647591142,26.7116033525486,27,27.4880986179023,1.26172178459811,26.1271695249375
-0.950816734770663,5.30290363494765,5,3.56247998042317,-1.11788606915842,4.54072198120806
-0.711848220835682,6.7846657357251,7,5.11631999290913,-0.377470837118835,9.66121307003385
0.444903794465867,19.2323558709578,18,19.1819000320128,0.423721627289246,19.0505164850505
-1.20367702979041,4.17216825396936,3,2.40595494273317,-1.10729852935763,4.58541489780568
-1.22903833820572,4.07835079364983,4,2.31133974956549,-1.82515150443137,2.52439267349896
-0.0510541380730978,13.096932248132,13,12.1507148861592,0.00415301121106249,13.8083504861275
0.449332781481265,19.2865610858559,19,19.2435438801921,0.477834852803199,19.7105604039783
0.418074896001962,18.9018821844379,20,18.8057974135622,0.528842923884374,20.3151748327178
1.14921138971851,25.549439517437,25,26.2269421467842,0.782954510822172,22.9694432111005
0.193075546963893,16.0635021850087,16,15.5593196828218,0.178334100610169,15.9510706895239
0.256428583483511,16.8648545467703,16,16.4783871314861,0.306807879772461,17.5818815001406
-0.341512675574355,9.96952290434628,11,8.5960582122535,-0.42363558777506,9.21876340111014
-2.31581939207973,1.67074951598489,0,0,-2.09489352105095,2.03780056250762
-0.827940065062962,6.00837509599745,7,4.29704892777151,-1.00382366876079,5.0580640038066
0.0964105286517706,14.8593937058016,16,14.175977056449,0.478193600333658,19.7148769995568
-0.408442277574249,9.32077145815201,9,7.87277347583012,-0.517787073153671,8.36207624834817
1.23944791305469,26.0019407131629,26,26.7176460615547,1.10308122845367,25.3243041929934
-1.45726856758794,3.35250176210275,3,1.58879087615021,-1.32765239114798,3.77161039360135
-0.646006537362878,7.27397663938785,7,5.63868137953958,-0.52233267223625,8.32234841205023
-0.748149446069881,6.53009578393351,8,4.8463825091179,-0.953174518230824,5.31523127579422
1.78012265876914,27.6515752435453,28,28.5375425808411,1.37909857292436,26.5991629061179
-0.507814737470116,8.41350680937972,9,6.87299331515862,-0.698988270376291,6.90486032772021
-0.966144101608979,5.22277432194848,5,3.47964805973107,-1.40770440418427,3.52639395787712
-0.238757128225245,11.0199905698824,11,9.77971653921441,-0.44049310374041,9.06076986428106
0.640557140161033,21.493097563375,21,21.7399345717503,0.672581995305001,21.8983348325482
0.443635864179204,19.2168187705566,20,19.1642283473679,0.449289712325743,19.3644877249794
0.41950358071617,18.9195666393313,19,18.8259353994329,0.176000234635427,15.9216521624829
1.08315653145438,25.1736721296654,25,25.8184066806563,1.39172882249709,26.6446063582676
-0.658987377154471,7.17470655635537,7,5.53233188305797,-0.520720392950265,8.33642169491213
1.22368301672939,25.9276471579393,26,26.6371326229233,1.64810571188199,27.3848126942465
-0.445078527338326,8.97823865434824,8,7.49362708217346,-0.792709140750172,6.25755012687574
0.407568934220327,18.7715649223955,19,18.6573599525507,0.563025850903069,20.7089750693053
-0.167955295009451,11.7801051410699,12,10.6438372297386,-0.168969001192245,11.8241484300019
-1.45985482231656,3.3453114281092,3,1.58173163420081,-1.42853627080689,3.46612168248209
0.00817564268936649,13.7921511571114,13,12.9491257201554,0.306507202882067,17.578062065487
-0.236865599679627,11.0399200630519,11,9.80230103513776,-0.106393445978869,12.5224635791225
-0.331552454893204,10.0685195058446,10,8.70698612954766,-0.463539652098258,8.84795892655457
-0.67235462081181,7.07391451721986,6,5.42454680976515,-1.04925620627203,4.84222915468427
-1.49817725789958,3.24103649235477,3,1.47960995653126,-0.806661877666415,6.1674470769507
1.06123018924087,25.0399988650242,26,25.6727593479592,0.843523006158278,23.4995776105005
-0.461639377651112,8.8264394498106,10,7.3262444281077,-0.434488445604255,9.11682372361547
-0.39535032093389,9.44537179749044,9,8.01117603629854,-0.28686898013789,10.569146194771
0.246863501444215,16.743548285058,18,16.3393665717125,0.16104725307981,15.7335017540219
0.934386408109407,24.1725189254856,24,24.7228654760697,1.48168157895658,26.9415804880325
-0.639922682180699,7.3209726689601,6,5.68909533220751,-0.767696216755823,6.42311815987121
0.142610935966777,15.4311514828798,17,14.8331017173447,0.19267400107407,16.1321053416671
0.429834860623754,19.0471697577506,20,18.9712029481035,0.606804602116138,21.1982582077955
0.568823699093404,20.700551855136,19,20.8464842047364,0.889242195555181,23.8726158248405
-0.992727279603431,5.0877031707581,3,3.34030492217343,-0.911240698027357,5.54217026420969
2.02813064177537,28.0346642835505,29,29,1.76238168022224,27.6249438573873
0.230735494920794,16.5391974817474,17,16.1050855254912,0.239339286805559,16.7238246548981
-0.605396424437354,7.59331832846249,8,5.98208700122934,-0.384407916310852,9.59383018652754
-0.858357936829715,5.82293942777593,6,4.10304778035021,-1.36569092316838,3.65228416151436
-0.31840054017618,10.200187027763,10,8.85473718580694,-0.100725327413477,12.5867940929416
-0.170354111222399,11.7538814459549,12,10.6139401718375,-0.0186494861018348,13.5378385676538
-1.18216441314521,4.25418989342856,5,2.48886692723964,-1.4061487622275,3.53095048369809
0.707084525310459,22.1825270348537,23,22.5135685137196,1.13261852865521,25.4898630945247
-0.292169682927468,10.4659720466423,11,9.15370521262666,-0.327908059665084,10.1515792919417
0.475456233545139,19.6040249943307,19,19.6043044496639,0.449284100188171,19.3644192020159
0.49639975652918,19.8555037323355,19,19.8897410014567,0.56765010157774,20.7614812532745
-0.698489365702054,6.88107319373837,7,5.21887332349538,-0.863758050738635,5.81529535492505
-0.692807163462565,6.92252440619096,6,5.26302217399937,-1.2046073927854,4.19750158177262
0.310336358065302,17.5487929118601,17,17.2613970012329,0.251717508078596,16.8812141673983
1.42440039701572,26.7415006729961,26,27.5207177758248,1.81398094014763,27.7194177125147
0.229380171221363,16.5220383821889,17,16.0854083038249,0.222726412846615,16.5128116161668
-1.09769726287395,4.59969399254268,4,2.83994231169823,-1.19568103034463,4.2310475205622
0.371996075848885,18.3271614014135,18,18.1506515339684,0.246175201071987,16.8107303552343
1.76874715879188,27.6300730199637,28,28.5125569126859,1.25485173825429,26.096562236546
1.58585494193831,27.2223371276109,27,28.0500994935271,1.60501951090731,27.2817167662955
1.10874056953034,25.3239242223785,25,25.9819098568705,1.15920471905773,25.6323115356609
-1.043863311724,4.8412557056882,5,3.08700028358912,-1.11842204317766,4.53847646905301
0.244012654100746,16.7074071903138,16,16.2979400784352,0.30392782137551,17.5452925900774
0.541247432890633,20.3836408062147,20,20.4881442237714,0.583626264751646,20.9414103092799
0.142231665040919,15.4264271827523,15,14.8276736187549,-0.0882071581772901,12.7294956903648
-1.7386357050011,2.66864191719855,2,0.928228110595901,-1.60532108607068,3.00379912960766
0.0809885878171981,14.6703664780633,15,13.9586689849693,0.390267903922077,18.6349143001318
0.125498368312286,15.2184732395358,14,14.5887104230294,0.180476354006123,15.9780855802757
-0.221096530684822,11.2068795410386,11,9.99166629405464,-0.369395472018131,9.74004486359149
-0.296436428997923,10.4224531083721,12,9.10468934652031,-0.21366142352138,11.3389426531627
-1.50108643139316,3.23328948901476,3,1.47204212222331,-1.1462653127109,4.42402470781861
-0.986236341526833,5.12023395735259,5,3.37383179453604,-1.76336997590698,2.65037394437398
0.139783190729925,15.3959396523305,16,14.7926434784994,0.131753312657417,15.366784986438
-0.230821350528948,11.1037437615458,11,9.87465566624706,-0.404140077359109,9.40388580540592
1.76874715879188,27.6300730199637,28,28.5125569126859,1.23924822961239,26.0257335496938
2.02813064177537,28.0346642835505,29,29,1.40660605259798,26.6969022616437
0.11785398938947,15.1237984608654,15,14.4799009581445,0.0953149893311984,14.9147325442242
-0.0516414833641901,13.090129742808,14,12.1429092146609,-0.00232791995149006,13.7311969830877
1.39743586345999,26.64753234892,26,27.4182683657992,1.41268908043408,26.7179081887057
-0.438521199033983,9.03887193296856,9,7.5605965687568,-0.290390379261476,10.5329162335789
-0.327735543739772,10.106620964976,10,8.74971686111326,-0.246809882536119,10.9864864904944
-0.649783067693308,7.24495480432279,8,5.60757015961255,-0.7183845968445,6.76484959147871
1.45663216333479,26.8483152485545,26,27.6374665297517,1.15913290237241,25.6319349317895
-0.546366475069895,8.08075957340131,8,6.51002760250068,-0.601010615007374,7.65996125214656
1.30080346337072,26.2732106994622,26,27.0116593147111,2.0677317809524,28.0859772396758
-0.35399772410861,9.84631422083313,11,8.45819894012181,-0.145724079617468,12.0809906852154
-0.0813458688406901,12.7485104358847,13,11.7511343152286,-0.0948076171353061,12.6541461529916
-0.882665825486464,5.67995475095242,6,3.95390429729358,-0.651018319921648,7.26464726813272
-0.16870312370431,11.7719264250076,12,10.6345122718391,-0.134000511914989,12.2116812949691
1.45966650597985,26.8580725153166,28,27.6481495203291,1.80154787939273,27.6973747772754
-0.841312527865115,5.92595284339618,6,4.21073887224643,-0.722435653390785,6.73600618640852
0.021197469293051,13.9473787038192,14,13.1275241800043,-0.0488335154043211,13.1838956026504
1.32052614555228,26.3546501911117,26,27.0999876386781,2.22653412863799,28.2526895226299
0.31090382304597,17.5559851687894,19,17.2696233705616,0.657190879564994,21.7384903847015
0.146946120255095,15.4851846647236,17,14.895182147985,0.314755061934992,17.6827925789748
-0.713012450363175,6.77633324657595,7,5.10746473724732,-0.832384174557866,6.00553053371365
2.02813064177537,28.0346642835505,29,29,2.60407806144193,28.5265225750049
-0.25525337226997,10.8470747402125,11,9.5839471585091,-0.208677873237128,11.3924806751138
-0.500225687695541,8.48031194234195,8,6.94611212045821,-0.505115233304655,8.47364265906558
-0.0886957242294087,12.6647187189334,11,11.6551153391599,-0.176662687392235,11.7398104332943
-0.956281977928074,5.27414058044558,6,3.53273247699334,-0.630868194627816,7.42147444220472
0.00107143227478204,13.7078184113683,14,12.8522192937782,0.059635831349497,14.4772241363008
0.802381615747253,23.0868300593208,23,23.5223536496429,0.958277365090732,24.3926319098644
0.529364852721625,20.2451803220011,20,20.3314056774745,0.593519170861047,21.0516557903048
-0.193498870749672,11.5025482269673,12,10.3276882946404,-0.29754263901289,10.4595596591014
-0.101876459358394,12.5151919292708,14,11.4838529257302,-0.103057249113378,12.5603064122235
-0.40783232103662,9.32655123656122,10,7.87918788915129,-0.481661141352668,8.68326664406316
2.02813064177537,28.0346642835505,29,29,1.97000715108773,27.9617353106937
1.78012265876914,27.6515752435453,28,28.5375425808411,2.2610169919959,28.284058500205
0.31937685547176,17.6633329895622,18,17.3923856229752,0.504840359432105,20.0330361725273
1.4864349273575,26.942001478121,27,27.7401874196504,0.925281348857987,24.1504836810772
1.06840673151183,25.0842559613472,26,25.7210008858445,1.0300557411833,24.8802872631917
0.0561144448049351,14.3676162762377,14,13.6106063659405,0.364695927619912,18.3142473540183
-1.15096903378969,4.3773025231216,5,2.61363747831996,-0.817928346569472,6.09586100763047
0.294841514995738,17.3522990721214,16,17.0365866827913,0.540810999221237,20.4541604312601
0.224008778100175,16.4540581214163,17,16.0074445835803,0.175995693603032,15.9215949355687
0.179233639656865,15.8893780811302,17,15.3594218171565,0.103712996150151,15.0184750932794
-0.307103918581547,10.3141342234141,10,8.9827956654057,-0.361644840616264,9.81610051734172
0.337474809715906,17.8922877590366,18,17.6540874960373,0.119868487997274,15.2188066295941
0.338770622822215,17.9086597554176,17,17.6727942599719,0.33808328314429,17.9784362612441
-0.277715142813947,10.6142199133168,11,9.32085844681787,-0.342510289587094,10.0054984456472
-0.795855798171938,6.21195880490161,7,4.51078932932464,-0.640776924139244,7.34393747258793
