"Items","Est.Discrimination.2PL","Est.Difficulty.2PL"
"Item1",2.91801920476907,-1.87184959613739
"Item2",0.569719961658444,0.053702840373322
"Item3",0.454631324786522,-1.74664780314924
"Item4",0.571970485814275,-1.01708763988167
"Item5",0.438775880405018,0.797209440393863
"Item6",3.03913372706239,-2.00439271240779
"Item7",0.604710986979295,-1.2905047482143
"Item8",2.53473273191658,2.49541298024641
"Item9",0.366478629500769,-1.02242117992548
"Item10",0.559566415519793,2.78903204576275
"Item11",3.17991617821074,-2.12560227392434
"Item12",0.587956023767426,-1.84803580187286
"Item13",0.573398591190654,-0.503724511000316
"Item14",0.426434497753501,0.509383100502382
"Item15",2.95153902783884,-0.666750469625627
"Item16",0.501381542942484,0.549612711158275
"Item17",0.552307891669979,1.97244509756063
"Item18",2.85593632466404,-0.813537106113961
"Item19",0.430370522201099,-2.07214565627963
"Item20",0.541697438929034,1.97262038935942
"Item21",0.512316106751254,0.358072819401611
"Item22",2.45414641674867,1.91569910265012
"Item23",0.500023068087746,-0.0518421167746522
"Item24",0.488732256883382,-1.06234579445843
"Item25",3.09566606707492,-0.591230630626695
"Item26",0.466437226287116,1.07114179493739
"Item27",2.91440128791078,-0.9652906750294
"Item28",3.24270592913082,-0.909283891424618
"Item29",3.0423064425172,-2.14931186951025
"Item30",0.579823898691979,-2.40102500388832
"Item31",0.412149956561843,1.80227885010865
"Item32",0.428014157541407,-1.39934250311914
"Item33",2.73584158301391,-0.521556659514031
"Item34",3.38697369095903,-1.37065382673271
"Item35",0.271416173927006,0.132172854363279
