"Items","Est.Discrimination.2PL","Est.Difficulty.2PL"
"Item1",2.64047205959257,2.45275469817515
"Item2",0.411911076873615,0.415397691569847
"Item3",0.578873780395264,0.84637416507744
"Item4",0.504662119938814,-2.77596360960106
"Item5",2.92096886079164,-0.134920692884348
"Item6",0.252497413400713,-1.73144606375233
"Item7",3.16524827215777,0.1786892564655
"Item8",0.466695214484395,-2.53330645135691
"Item9",3.09297188488907,0.444645832529997
"Item10",0.386069383507453,1.55897910852041
"Item11",0.349745874644515,1.11760032417624
"Item12",0.345651751156656,2.40394023955491
"Item13",0.478475656708907,-1.26238462448689
"Item14",0.63073533437129,1.13911960544512
"Item15",0.66389250766112,0.1051213153402
"Item16",2.89561322516446,-0.396221454990932
"Item17",0.559039530541957,2.62102071483661
"Item18",0.498643849074477,-0.853156285427513
"Item19",0.373292061838172,0.490924438781353
"Item20",2.91424149551537,-1.83572431613314
"Item21",0.536251020926773,-0.968250576496428
"Item22",0.556505984724207,-0.626183484838555
"Item23",3.10346742208957,2.30675312427172
"Item24",2.77584656847174,0.516342915975139
"Item25",3.06193246947432,-0.211932448928095
"Item26",0.674928345089178,-0.830916359413159
"Item27",0.460674850200013,-0.70203203689518
"Item28",0.446857165363442,0.754713245253871
"Item29",0.468103670221496,1.41325975905313
"Item30",0.433081156693551,2.15292120043534
"Item31",0.67999050911716,-0.799612263031691
"Item32",3.57164903744348,2.47672569225737
"Item33",0.648928750471347,0.826219672031068
"Item34",0.548794054673011,-0.105909702008576
"Item35",0.499464286238723,-2.0946414727812
