"Items","Est.Discrimination.2PL","Est.Difficulty.2PL"
"Item1",0.456637571053108,-1.23432054936767
"Item2",2.85104637776125,-1.9378314115357
"Item3",0.489405860551971,-1.0417690543681
"Item4",0.423246084292689,1.69371369186643
"Item5",0.561569286789391,-0.135141788106623
"Item6",0.530232583901081,-0.101798425095665
"Item7",0.484358157017461,-1.53102991133166
"Item8",0.620882997360473,1.57345488005689
"Item9",0.273425309593487,-0.516509426169588
"Item10",0.418407726276605,-1.8538347110468
"Item11",2.95183937740794,1.88398977422792
"Item12",2.76530076423633,2.31744878735716
"Item13",2.8935489624275,-1.39452632586178
"Item14",0.493606313029923,1.12054306045302
"Item15",3.00327546760068,1.36098142772194
"Item16",0.346933884711327,1.25927104161919
"Item17",0.332979380977365,1.06369328134462
"Item18",0.559216779626896,0.962256334179216
"Item19",0.657409699629037,-2.24140290071355
"Item20",2.89317462003906,-0.480120190741106
"Item21",3.14146075710808,-1.08185115921434
"Item22",3.02439302775734,1.50743742988733
"Item23",0.34775976068687,-1.14582115122508
"Item24",0.560104607494856,-1.26532407947791
"Item25",0.540110252633725,-2.98101644565206
"Item26",0.427563745858935,1.27918991601851
"Item27",2.891548800349,-0.39887906274131
"Item28",2.92389960466374,0.956845206522324
"Item29",0.548814077208103,1.37094111978847
"Item30",0.539444352419917,1.47608325589685
"Item31",0.623699864149308,1.24753038703246
"Item32",2.94830438289041,-1.35121055922276
"Item33",3.05725750196578,-1.12371788178379
"Item34",3.29338225847443,-1.03193504010257
"Item35",0.613240540846964,0.558055154527938
