"Items","Est.Discrimination.2PL","Est.Difficulty.2PL"
"Item1",0.470543180486724,-1.62603927607218
"Item2",0.541283981520042,0.338822646191387
"Item3",0.459062541193589,1.86298423282602
"Item4",0.648649474280185,1.73368773395093
"Item5",0.562716394336649,-1.64083183062531
"Item6",2.86160000294907,0.0433025898889044
"Item7",0.597372928604097,-1.30657326183318
"Item8",0.570917810165528,0.19465621384442
"Item9",2.89388669834207,0.330445087497189
"Item10",3.24383255029615,-1.88069125776156
"Item11",0.447912816441568,0.621172900699157
"Item12",0.394315600152572,-1.79244722803768
"Item13",0.490949577534595,0.162002215831132
"Item14",0.44720473011135,0.519395588772543
"Item15",0.433479729154813,1.70690160617371
"Item16",0.274797116969985,1.29990703076615
"Item17",2.87762590193311,-1.33582675118617
"Item18",0.45617557994307,1.37641901907165
"Item19",0.558117450852196,-1.84057254238262
"Item20",0.479801448877851,1.25188244809881
"Item21",0.547754697312344,-2.23781240117966
"Item22",0.658524168056417,-0.230090137565919
"Item23",2.96868246031807,-0.165594802163505
"Item24",3.26069313864606,-1.64407167356218
"Item25",0.439038546667651,-2.03935498592767
"Item26",0.621461712091136,-0.929875798290632
"Item27",0.362375612737533,0.406183400689425
"Item28",0.513276494450501,1.64973583684736
"Item29",3.2351862225855,-1.41553018434779
"Item30",0.5695030116415,1.44938114100001
"Item31",0.32582359515288,-0.0301845686398072
"Item32",0.520747775774029,0.921723121555996
"Item33",0.441361842076428,1.6767491288679
"Item34",3.03196769540971,-0.0496112419042579
"Item35",0.552996271465016,1.27597684154161
