"Items","Est.Discrimination.2PL","Est.Difficulty.2PL"
"Item1",2.92201083123051,1.07143711157479
"Item2",0.471665267544981,0.618384186217892
"Item3",0.517263341134233,1.41586729338226
"Item4",2.73506161227224,1.98315800217934
"Item5",0.521924358395575,0.73190420160033
"Item6",0.596705963444854,-1.42644023495657
"Item7",3.08623658120563,0.822408409022542
"Item8",3.09698691976908,-1.20257052029574
"Item9",0.623928126507163,1.57930933678519
"Item10",3.14833529316232,-0.8748429649757
"Item11",0.54037996768412,-1.13736441888972
"Item12",0.349247776293571,0.475262779267422
"Item13",0.443018957722942,-1.50027218701514
"Item14",0.696784123130312,0.647048999341639
"Item15",0.497363576066248,0.0514350444676419
