"Items","Est.Discrimination.2PL","Est.Difficulty.2PL"
"Item1",0.585866069432893,2.40106882968427
"Item2",0.605613948034933,-1.31085725152699
"Item3",0.514205290505191,0.140178625671584
"Item4",0.317293092432097,-0.10877895125474
"Item5",4.07784047260128,-0.990033707778936
"Item6",3.03552882642623,0.979009065353993
"Item7",0.414960897156757,0.0720580475257146
"Item8",3.04209499462167,0.976817345302708
"Item9",0.40394600897599,1.67698190677108
"Item10",0.481258345984975,0.104924435739131
"Item11",2.90562364635539,1.78111199319407
"Item12",3.07914449264364,1.33631683479287
"Item13",0.455442721483612,-0.764568350840503
"Item14",0.444789980613428,-1.36572249712284
"Item15",0.535469855892336,-0.0785386743978474
