"Items","Est.Discrimination.2PL","Est.Difficulty.2PL"
"Item1",0.467963991574562,0.282659467138642
"Item2",0.548076829586433,-1.39056403662586
"Item3",3.07282850536825,-0.289434080239541
"Item4",0.452353504471998,-1.39711400668309
"Item5",0.357648490848351,2.24985218444328
"Item6",3.24375801661283,0.828036699513149
"Item7",0.462127781779163,-1.10663052296723
"Item8",0.446231784396769,-1.53837472849285
"Item9",3.05563691304685,1.95497484538149
"Item10",0.318895426192518,-1.70953630416538
"Item11",0.518213889859562,-0.777000851159951
"Item12",0.580981739623215,-0.709052215707426
"Item13",0.323048960608391,-0.521769047192493
"Item14",2.98860975314375,-1.59050515704523
"Item15",3.04368381536793,-0.188115480764323
