"Est.Theta","Est.ExpScore","SimSum.Score","Scaled.Weighted.Score","True.Theta","True.ExpScore"
-0.123347546962597,6.51835867772049,5,5.56568984001342,0.551084965296289,8.67866336657498
0.985197567641138,9.73631146470166,10,11.2554537240535,0.887338985518457,9.5815905072696
0.44675450077183,8.29685243047833,8,8.61725350307471,0.186170092341399,7.49432498914151
-0.932206943776126,5.01159149436606,8,2.72056208085258,-0.250299784470001,6.2521790030455
0.177635510062198,7.40902144817716,10,7.1057878878529,0.315437397374896,7.92070354813721
0.942850550723273,9.64549576538988,9,11.0777189391978,0.79786673030265,9.36541353240864
1.09992699030613,9.96877954569465,11,11.7136593082234,0.66696399269605,9.01792369108288
-0.0603796931719772,6.68729309844883,6,5.86435527943512,-0.0889259742608384,6.66173141186593
-0.722862423775314,5.33229102624425,4,3.32601370991409,-0.383716577139803,5.95846628891488
0.30573749764108,7.8321276832034,6,7.82336067129432,-0.14213941618352,6.51972606790497
1.70294026281206,11.0487881738721,12,13.6851813295654,1.17998493394829,10.1973469724077
-1.10710536448645,4.74628329071788,2,2.25334742654373,-1.43956711496602,4.15768227177036
0.00796347787640755,6.88198608046844,7,6.20373464374875,-0.125956074021093,6.56218346107421
0.612582737567,8.80859994047085,10,9.51399060551106,0.43100252339905,8.30042806978671
0.599951575202312,8.77157956829393,10,9.44792480034957,1.03933121908391,9.91548280645106
1.14553553872179,10.056745825211,12,11.8869863582178,1.4526359510117,10.7079111071072
0.931353020419405,9.62029773166829,9,11.0286176611564,1.27572606718021,10.3800383102819
1.08123383095665,9.93207624225371,11,11.6412190083617,0.702162614180206,9.11514898690252
-0.972849909710865,4.95018765586685,3,2.60928810597279,-1.40868124038831,4.21096189714267
-0.00127262921864896,6.85500912407207,6,6.15697422432226,-0.228841700308311,6.30305285289942
0.996027815017234,9.75906062061982,10,11.3001384213429,1.53401814217487,10.8564898615284
0.702157283123378,9.06046865945984,6,9.96981489791484,0.809100884278409,9.39346736401809
0.848448092756604,9.43105149574319,8,10.6634891467585,0.114822411549466,7.26513292010638
0.00679986991669705,6.87857628353427,7,6.19782854953132,-0.172362659677151,6.44214197141317
1.08505101337771,9.93960419141146,11,11.6560791007719,1.10003198820571,10.0396201402921
-0.37609852021288,5.93933545230869,8,4.50167416591214,-0.337921800231619,6.05510821657846
0.37763603016412,8.07085733943758,7,8.22967672571072,0.446019816838395,8.3489033396822
0.0498689915996461,7.00685659515957,8,6.41923801820802,-0.756279805014377,5.28549328816379
1.03624522969645,9.84197560374968,10,11.4634046615409,0.410517440187771,8.23388375627522
0.259963836034036,7.67986535279925,6,7.5650894636147,-0.173058821858246,6.44038101837021
1.88200996475507,11.3471366707231,13,14.159470982477,2.10215113814908,11.8150065800048
-1.05704975731338,4.82262653254157,2,2.38410024602855,-1.71990215344732,3.6818115187635
-1.49242404663876,4.14024199188465,4,1.31139223646908,-1.92888925196509,3.35701715347646
-0.552580383957988,5.61167988483167,6,3.87014153174784,-0.0811289329255082,6.68311561198281
-0.515048831778105,5.67738924323032,7,3.99801613987825,-0.396675922413857,5.93184746413351
0.781983914591912,9.26882457312788,8,10.3562603752092,0.425241912889404,8.28176171132047
-1.31150355428292,4.42842647037898,5,1.74036712695051,-2.27923418896834,2.90076052467609
-0.446170669410088,5.8032075204291,7,4.24139853534398,-1.11750527533811,4.7024043638292
-0.704051817043014,5.36198386118086,5,3.38352759479909,-0.756124990893385,5.2857465665657
-0.0471314905454928,6.72412867125186,6,5.92892686213618,0.658950082682301,8.99539789573487
0.427742367130223,8.23521256739244,8,8.51116895582388,0.351585018049125,8.04035777553274
-0.47426078778178,5.75101686160332,7,4.14072299454025,-0.585371419376542,5.57472912660497
-0.827637332705325,5.17019920551661,4,3.01563288019284,-0.512660743716525,5.70630093683112
0.547052425421024,8.61274559175033,9,9.16683880929238,0.577795470274061,8.7593603969383
0.980941596342912,9.72732027966508,9,11.2378090039473,0.920148638562992,9.65693012740577
-1.24808289845381,4.52815886692241,5,1.89616445120689,-1.89670906559281,3.40458473876895
-0.212914321789655,6.29563217218109,9,5.16450163426327,-0.771707908380793,5.26030590137673
-1.48423426330416,4.1533339231648,4,1.33032352342804,-1.67389230243114,3.75773859302189
0.240573786185644,7.61559518320932,5,7.45614614244325,0.454361555537092,8.37570680403881
1.09817336768849,9.96535339444443,12,11.7068988272897,0.878945410321709,9.56199277799661
0.998166825750232,9.7635317788808,10,11.3089273045533,1.23090619891815,10.2951841225886
-0.842311096684519,5.14782235312269,4,2.97340442931149,-0.906731405386138,5.04278124875141
-0.544364882087775,5.62590778362661,6,3.89786170191717,-0.21044866174376,6.3475153860994
0.449467232000936,8.30560896142975,8,8.63234987613794,0.937808972935147,9.69667994846568
-0.925159240834075,5.02224117995355,3,2.7400409254576,-0.030753641848879,6.82476437238404
0.87090630972075,9.48368773254231,9,10.7643524902784,1.90716480940423,11.5109137547459
-0.477633532749839,5.74483455424759,7,4.12876895936306,-0.895769619977798,5.06033848341284
0.0553509770703535,7.02348046083987,7,6.44782165037202,-0.45913332295046,5.8077183419811
-0.0665479068052221,6.67029476175079,6,5.83449524215301,-0.144653437771025,6.51318776205429
-0.444195803829269,5.80692522735483,6,4.24855272975036,-0.604819745563578,5.54057275480147
-1.51096562087484,4.11061253639961,3,1.26870301159131,-1.94238442767774,3.33735435300777
-0.0740873264774333,6.64964947606853,6,5.79817404265136,0.223842422379865,7.6176542931625
-1.49436821486786,4.13713442459346,4,1.30690493964271,-0.872525166910336,5.0975915863082
0.881833146998188,9.50891809911866,10,10.812896229267,0.776441321126747,9.31115325647335
0.399832286418723,8.14396117562865,7,8.35465930553242,0.0836675458741082,7.16743311204068
0.472008511574858,8.37796499368825,9,8.75736040438797,0.551836060318312,8.68095170136542
0.0684799452807237,7.06355231029292,8,6.51663083198697,0.607383715608208,8.84705544974945
1.05303198583999,9.8759030663337,11,11.53033677323,1.71812759529958,11.1871981040732
1.96881320952631,11.48466393962,13,14.3734778577785,0.902910757147428,9.61759496841955
0.323158225245694,7.8901214002352,6,7.92186477254094,-0.283555958065903,6.17540833428414
-0.0690643704490119,6.66338775028454,6,5.82235050778971,-0.0837069626191415,6.67602888627141
0.890333203164242,9.5283772924375,9,10.8504206124739,2.24738811596387,12.0170939092971
0.982924412563752,9.7315128393354,10,11.2460354972495,0.579694880786239,8.76504443671289
0.942148988907115,9.6439650634879,9,11.0747333199997,1.39770254358436,10.6069581597558
0.417684455305127,8.20242550206286,8,8.45486458565496,1.08779934755772,10.0149448038999
-0.049686534419621,6.71699006258448,7,5.91642729871396,-0.346408417204658,6.03688585041498
0.458068652850099,8.3333062225957,8,8.6801453103785,0.863983010458358,9.52671931037108
1.20101518834492,10.1611686429222,12,12.0915750067153,1.25179755289433,10.3348647384609
1.75479558524983,11.1367872899442,12,13.8271792786686,1.05407221025494,9.94603479339776
-0.774667232006954,5.25154853024915,4,3.17052633945812,-0.729079143920079,5.33017437553017
-0.721767645343662,5.3340131203618,5,3.32934510874055,-0.831300417756856,5.16382715181565
-0.670430466774853,5.41565511479769,5,3.48781809839469,-1.56669039098893,3.93884910014085
1.06686344530716,9.90357782682901,10,11.584960800166,0.642527018309943,8.94878751830941
-0.474460577893853,5.75065015207936,7,4.14001408898142,-0.547949069507435,5.64163303919944
0.441744411417404,8.28065414111798,8,8.58934495424586,0.200618272639738,7.54147574478235
-0.534280247305445,5.6434895431386,6,3.93209404165752,-0.72458156775772,5.33759980297793
-1.52298621514087,4.09141578311253,3,1.24115439424139,-1.54395218593525,3.97780185195005
-0.474460577893853,5.75065015207936,7,4.14001408898142,0.210413071829056,7.5735504408016
-0.232237291049896,6.25023057460909,3,5.0815436851839,0.144369149133075,7.35921820058338
-1.32708888730392,4.40378018248549,5,1.70251982441828,-1.78201047469976,3.58157836460207
-0.635761776374356,5.47192389563264,6,3.59747032512497,-0.503267626274819,5.72379558906101
1.88630157558425,11.3540639764041,12,14.170290770502,2.07427983256299,11.773774858527
1.08634010602965,9.94214254430537,11,11.6610895927148,0.899341369262886,9.6093820111092
-1.3027771271859,4.44220392205285,5,1.76163324045453,-1.52327969380146,4.01332006944205
-0.243873267008727,6.22333000805833,4,5.03218975969983,-0.158514785111898,6.47741440394756
-0.604136174464913,5.52420066914426,6,3.69948411508123,-0.56938667005071,5.60310872613009
-0.594802411716698,5.53982012646137,6,3.72997048545895,-0.225927931527421,6.3100434703953
0.389299568906403,8.10932313024363,7,8.29539932268372,-0.319600136466398,6.0949515035606
-0.667425267602692,5.42049340394433,5,3.49723632519877,-0.76213073139655,5.27592904476179
0.586353583808075,8.73132662502471,10,9.37633623906247,0.570436450418486,8.73726923344441
1.13852899645374,10.0433676886744,11,11.8606677492694,1.24126930081538,10.3148974612543
-0.206682003144305,6.31047236730061,4,5.19152677918423,-0.610739556454942,5.5302531480398
-1.48016731261395,4.15983581900707,4,1.33974175023211,-1.7930523783901,3.56406085156993
0.39785847294689,8.13747770522595,7,8.34356130333108,0.247546177103833,7.69579778984708
0.269593629099421,7.71185202563903,5,7.61931811164648,0.5510353111333,8.67851204870801
0.77013029646608,9.23883701126745,7,10.3000817289786,-0.0109082565698657,6.88218804589864
2.08454580357649,11.6584883159392,14,14.6433504150121,2.05599180524587,11.7462977216848
-0.837505151929465,5.15514500560141,4,2.98720380446469,-1.32444203095484,4.35561680456936
0.542008033976337,8.59729359335962,10,9.13968383774112,0.633459447105597,8.92279681994329
-1.03685314581137,4.85330291989374,2,2.43749426456314,-1.03623211450313,4.83473630599926
0.112192915752626,7.19945060854275,9,6.74913830286502,-0.274372957496982,6.19635901050987
-0.0549651145796942,6.70229425325848,7,5.89067388838358,0.0472248242786374,7.05537126831089
-1.04040527568556,4.84791216846684,2,2.42807603775906,-1.05562989085462,4.80332132968135
-0.284685297238455,6.13152300249967,3,4.86259736436568,-0.157815462422163,6.47920801998599
1.95645163293748,11.4654278196131,13,14.3436178204964,2.98328703496823,12.7745393543272
-1.17926026315792,4.63526328236247,6,2.06858763621024,-0.0913741427441578,6.65504731021455
0.902527949768596,9.55604335646784,9,10.9038941929736,0.19713477890858,7.53008915204814
0.0586063647425815,7.0333826646952,8,6.46483702688452,0.0792816357518559,7.15381462724591
-0.928336685740094,5.01743953359922,3,2.73125204224723,0.003160086139954,6.92343191119627
0.828047497018445,9.38230284227687,8,10.5705836298059,0.701746672937266,9.1140164245754
-0.63048541018992,5.48057941736349,6,3.61435529027986,-0.787142942347412,5.23520463761165
-0.96477224960395,4.96239332805494,3,2.63126312503563,-1.19272813080232,4.57802944012955
-1.76297802723029,3.71541824530536,2,0.712590264416941,-2.15598329017798,3.04880892755988
0.657399205319105,8.93698755967726,11,9.74489786295696,0.47205202125251,8.43223451025596
-0.0349641412500318,6.75834810241816,7,5.98875260420751,-0.0676106975725186,6.72053690002292
0.396465667434271,8.13290052394826,7,8.33572801857346,0.545182818626459,8.66064387910641
-0.782241684254338,5.23985131110187,4,3.14813304052682,-0.613431749621186,5.52557151740176
0.873296503039523,9.48922767933804,8,10.775000725484,1.77314001640932,11.2836237222262
1.07879878260594,9.9272649401302,11,11.6317212195925,1.0276823981165,9.89114021064901
-0.590861793874303,5.54644211928394,5,3.74289470819367,-0.527157358361795,5.67953789035805
-0.787998768293131,5.23097656949813,4,3.13116851340681,-1.47782299177776,4.09165311620773
-0.659234101702962,5.43371751430354,5,3.52298973552915,-1.54275045023237,3.97986413070166
2.14113133949934,11.7390830480596,14,14.7690927425541,1.58541119285015,10.9497027784659
1.03632035403225,9.8421282935671,10,11.4637057694504,0.56126669726479,8.70959052618614
-1.57217499302951,4.01303744560015,3,1.12947126269653,-2.29953260014867,2.87754719629951
-0.0109673362075928,6.82691179430397,7,6.10818744189664,0.054115151829675,7.07636350568766
-1.65468882079208,3.88270026781902,3,0.945953768270827,-2.37734322219772,2.7913649883867
1.61194973684939,10.8922348468926,11,13.4265539019502,1.1484228866942,10.1357593937546
-0.063040238992941,6.67994930025754,6,5.85145976927302,0.245267639083059,7.68827230970403
-0.769695285048428,5.25924021133703,4,3.18527143750023,-1.07588349776018,4.77041355210886
-0.787757868422037,5.23134765790599,4,3.13187741896563,-0.0494138071851793,6.77159691012635
0.0773301789423075,7.09076576615321,8,6.56329028596968,-0.0934319762355605,6.64944012559278
-0.422358271007883,5.84847767979248,7,4.32834711591768,-0.645268849067167,5.47072410913799
0.573382010356714,8.69255036110315,10,9.30760718724823,0.578179690211555,8.76051077914633
-0.707145020344648,5.35708567735214,5,3.37402980602989,-0.898419190022625,5.056094335416
-0.523082222363601,5.6631680426898,7,3.97037553167404,-0.341018738478104,6.04844160382278
0.95528703273786,9.67248534108981,10,11.1304203020704,0.997083033098205,9.82630689956197
0.579571206009873,8.7110973468736,10,9.34045284372851,1.04529431928163,9.92787516360843
-0.081097967621668,6.63058272804228,6,5.76457534090599,-0.321784661501198,6.09016432438679
0.9901427533922,9.7467220476943,10,11.2758955345316,1.20231611472842,10.2404650423229
-0.787998768293131,5.23097656949813,4,3.13116851340681,-0.855630311356988,5.12470321746885
-0.784800588859112,5.23590501619577,4,3.14058674021088,-0.551749326116851,5.6347635874369
1.76588201024355,11.1554563797315,12,13.8570393159507,1.70789169072102,11.1691006808632
-0.0296391145637675,6.77344034678902,6,6.01509126958721,0.240449674405498,7.67236855108492
1.43970330395201,10.5910843046534,9,12.9022966644695,1.61604326995308,11.0049872201757
1.84227164525898,11.2824230172737,13,14.0580865361145,2.24071269494487,12.0082737029961
1.90496442276261,11.3840412882724,13,14.2170511899284,2.87736393120944,12.6853138042645
-0.781580470643046,5.2408714600169,4,3.15008452898008,-1.0313395375997,4.8426452983397
0.426013782419478,8.22958601589455,8,8.50150077139756,0.482176336350156,8.46438097455943
-0.779265489368295,5.24444454818139,4,3.15692192373719,-1.54608228502214,3.97414724483331
-0.912479247101656,5.0414082928791,3,2.77522783397775,0.0839892899557474,7.16843350989743
-0.552580383957988,5.61167988483167,6,3.87014153174784,-0.262138151943493,6.22456484942213
-0.555381753015656,5.60684747259243,6,3.86072330494376,-1.19770874027086,4.56972454484936
-1.34320849382413,4.37823828223551,5,1.6635545246306,-1.43968734471552,4.15747476392266
-0.645336248311034,5.4562817130178,5,3.56696552725967,-0.196522771767553,6.38171196115038
-0.594586013920121,5.54018334060697,6,3.73067939101777,-0.402943725878071,5.91908395518642
-0.318134825704976,6.05912336431336,9,4.7275709314152,-0.31770057410221,6.09912235120537
-0.591713809733417,5.54500894253574,6,3.74009761782185,-0.360498703774363,6.00694996242059
-0.167286928753445,6.40653633264553,5,5.36542076090239,-1.49376044156558,4.06416287319312
1.17280231423492,10.1083850215692,12,11.9883708045804,1.03164384916369,9.89943870073951
1.07898040599241,9.92762404770129,11,11.6324301251513,1.64627400914324,11.0593060352817
0.156697962699035,7.34127881005864,9,6.99069379551646,0.0939235040615174,7.19941224089185
0.398903910686475,8.14091215313137,7,8.34943983490712,-0.597568934020115,5.55326090172496
0.0750032702039876,7.08359539266219,8,6.55100143433556,0.000320900765751952,6.91507304715074
-0.779025622069201,5.24481490313236,4,3.15763082929602,-1.97512319300745,3.29036163228469
2.14342375140426,11.7422849522952,14,14.7741032344969,1.14973998640566,10.1383458652367
-1.16193638640569,4.66203355228784,6,2.11256342794076,-1.56780059908399,3.93695080212311
-0.64678558639873,5.45392091420528,5,3.56236283296614,-0.314917740112815,6.10524630269496
-0.62752474553359,5.48544745002345,6,3.62385307904906,-0.362863676166637,6.00196381622423
1.10433575587081,9.97737807165201,11,11.7306238353434,0.742129302416576,9.22214997436733
0.489590111063506,8.43385931193473,8,8.85428044765728,0.252979105159909,7.71375152627529
-0.0489275608522633,6.71910886316108,6,5.9201379789258,0.0748219814202242,7.14000308443337
-0.47426078778178,5.75101686160332,7,4.14072299454025,-0.106926003680258,6.6129258188626
-0.665021088003012,5.4243692065426,5,3.5047826255147,-0.354797901108859,6.01901431356526
-0.971005928570173,4.95297420576257,3,2.61429859791562,-0.696392834308265,5.38441311213431
1.03305984752341,9.83549409017948,10,11.4506241457469,0.988286130755826,9.80741744731486
0.775685955271428,9.25293255756668,7,10.3264644829027,1.18633735021973,10.2096487955055
-0.00982765811335675,6.8302030837164,7,6.1139068393983,0.240418227708267,7.6722647889488
0.397105897952218,8.13500473681982,8,8.339328952441,0.993707932559238,9.81907326760878
-0.446170669410088,5.8032075204291,7,4.24139853534398,-0.229435897210939,6.30162971231592
0.387627074839515,8.10381403454523,7,8.28598109587964,0.0331136862142143,7.01267780442541
0.0582632656110173,7.03233796931329,8,6.46304225711913,0.76256367726791,9.2754706076412
1.2800973535144,10.3062809941132,12,12.3720957991544,1.17551360441949,10.1886699279668
0.434283212692847,8.25647043478698,8,8.54771926044609,0.626481794128657,8.902673625592
0.224596686844037,7.56281710081973,10,7.36668090651926,0.3001343091256,7.86996339707453
-0.530587548836607,5.64996043339377,6,3.94468626631929,-0.7726313652056,5.25880150503848
1.03226975730844,9.83388424082431,10,11.4474501478892,1.09560287044532,10.030704420412
0.441075720941872,8.2784896645068,8,8.58561740513978,0.550656939789544,8.67735883062665
0.0595638573108859,7.03629943016171,8,6.46984751882735,-0.0916978496777247,6.65416459487566
1.16554098446297,10.0946964396192,12,11.9615310927893,1.05836478180141,9.95488026227453
0.833675591708061,9.39584208433605,8,10.5963370401363,1.07161852118592,9.98205080704141
1.9782712400482,11.4992987355042,13,14.396187536005,1.89404147305147,11.4892282970038
-0.406743586471941,5.8787033741564,7,4.38618877287333,-0.0699976805196039,6.7138974391267
0.0221488641341424,6.92380875797034,7,6.27607865835486,-0.354530203227635,6.01958240777639
-0.575717694153264,5.57204890335823,6,3.79286229276274,-1.0675095692167,4.78403327978457
-0.471786153292403,5.75556413452143,7,4.14951187775062,-0.718054735203937,5.34839600111774
-0.44597485572181,5.80357585078269,7,4.2421074409028,-0.411065516783957,5.90265043448844
-0.520340046706981,5.66801250735586,7,3.97979375847812,-0.125377807557236,6.56371237255869
-1.74638919895241,3.74068539709567,2,0.747777172937086,-0.93066209243258,5.00445589296534
-0.704051817043014,5.36198386118086,5,3.38352759479909,-1.14960444030545,4.64957050561108
1.10545554421953,9.97955860715622,11,11.7349254217274,1.73143845821077,11.2106633422899
-1.82975320322944,3.6152878302184,2,0.573048561721754,-2.73958889505188,2.43767820498091
-1.47637655096434,4.16589638146494,4,1.34853063344249,-2.0418984259772,3.19764229950776
0.160356004415384,7.35307145581041,9,7.01074022709021,0.2156786181092,7.59082665246053
-1.74638919895241,3.74068539709567,2,0.747777172937086,-2.15931702349353,3.0446359779229
-0.376514141562078,5.93850112286097,7,4.50009010793484,-0.662052524712299,5.44216664749387
0.306618774368826,7.83506202236986,6,7.8283424434335,0.205422609978096,7.55719791305166
0.986408234950383,9.73886377910139,10,11.2604642159964,0.52711185671948,8.60506597539494
-0.491934485786299,5.71881307999491,6,4.0783935771447,-1.14485911601848,4.65740318684841
-1.47800569838066,4.16329172780762,4,1.34475224217494,-0.975830532709004,4.9320352759844
-0.135399001665217,6.4871932161864,5,5.51009437540333,0.131027870175116,7.31657554221656
-0.0863274777138982,6.61644228090083,6,5.73962296536148,0.0864364039445777,7.17604837209182
0.331720775170428,7.91860809092073,6,7.97028955037521,1.1652673442834,10.1687279318185
-0.717007328177171,5.34150959797493,5,3.34385338945257,-1.03525881364919,4.83631012514969
0.52576166169082,8.54718636757709,10,9.05183965489282,-0.000647053159963848,6.9122273434131
0.353653825560182,7.991468445495,7,8.09428795754429,0.815493339755869,9.40931025277906
0.419491978248972,8.20832621090272,8,8.46499171801786,0.622381073582933,8.89079780343557
-0.787757868422037,5.23134765790599,4,3.13187741896563,-0.396717073072752,5.93176343320938
1.66591421507607,10.9853666169209,11,13.5814119288124,1.33052419591667,10.4825706817709
-0.892573351290471,5.07152435389068,3,2.83084128159025,-0.497332152333986,5.73491442496723
-1.49242404663876,4.14024199188465,4,1.31139223646908,-1.6336184907652,3.82518350253131
0.053528192167016,7.01794579311229,8,6.43830770614798,0.288849577640312,7.83254412347155
-0.433347402970218,5.82746493842482,7,4.28803472108658,-0.337956845540894,6.05503266725054
-0.522490484016752,5.66421257523595,6,3.97240643648862,-0.586052499294744,5.5735262007874
-0.802997975953165,5.20791500452969,4,3.08719272167629,0.0177509253826399,6.9666658106041
0.0838069229824446,7.11078080698818,8,6.59757346787149,0.714141130774326,9.14759718805086
0.177635510062198,7.40902144817716,10,7.1057878878529,0.30770915315121,7.89508142631473
-0.712451180008155,5.3486976908161,5,3.3577741844687,-0.52358474192191,5.68610734358253
-0.0432224797326102,6.73508194209011,6,5.94809283533169,-0.0547239911728718,6.75661572871813
-0.0266756184461949,6.78186993941284,7,6.02979020565608,0.193992846671249,7.51982883740661
-0.117801719966081,6.53282656260039,5,5.59144325034381,0.43918505126512,8.32687530025704
0.911054743876113,9.57521521341577,9,10.941032589947,1.30487064574343,10.4347134504763
1.75665136389641,11.1399161742461,12,13.8321897706114,2.72733048925401,12.550125676927
1.08634010602965,9.94214254430537,11,11.6610895927148,0.938699926013345,9.69867094389393
-1.10710536448645,4.74628329071788,2,2.25334742654373,-1.30061297406375,4.39625246999075
0.606542552454073,8.79094186067976,10,9.48245079283169,0.848797140909949,9.49046598064215
0.821478749315528,9.36641243446377,8,10.5404072132286,0.226936475702278,7.62783444309048
-1.05731886327522,4.82221734910967,2,2.38339134046972,-0.533711308178276,5.66752981631109
0.965741437173305,9.69496505092222,10,11.1743960938009,0.518329176840766,8.57783968893131
-0.779052541463591,5.24477333839482,4,3.1575512673309,-1.32570894061066,4.35345215856746
-0.768757713849206,5.26069188642055,5,3.1880560651962,-0.512611761623724,5.70639184836287
-0.581772198802286,5.56178094588344,6,3.77282827993401,-0.42814532033223,5.86847092303361
1.96282946701307,11.4753677340894,13,14.3590491390316,1.08684050259649,10.0130037779798
-0.94020036345116,4.999514740422,7,2.69853621239724,-0.385593869058184,5.95459094640267
0.520376741744565,8.53046605962735,9,9.02259700570891,0.725431005902649,9.17788291530202
-0.822015133558683,5.17878853479529,4,3.03188850175403,-1.20695403429679,4.55428536168175
0.0656915146229061,7.0550114209255,8,6.50197542385793,0.65500915264115,8.98426788171681
0.824834329592802,9.37454181902744,8,10.5558385317638,1.46742654963625,10.7349976869957
-0.499300681239255,5.70552859504486,6,4.05264016681431,-0.473934144094936,5.77924633231496
0.0210187842375003,6.92045986171487,7,6.27029225600587,0.567098880918698,8.72721421621001
-0.779025622069201,5.24481490313236,4,3.15763082929602,-0.0267763479519083,6.83620093156673
0.0656915146229061,7.0550114209255,8,6.50197542385793,0.158191171887115,7.40365536101398
-0.583504930788558,5.55884992476814,6,3.76710888243235,-0.647949833482551,5.46614670543305
0.145068015697755,7.30391527092121,8,6.92714469619064,0.277346316840602,7.7944135866363
0.452882379617522,8.3166184573141,8,8.65134000211278,-0.040367329091396,6.79727136682373
1.90357006099047,11.3818100127455,13,14.2135739065704,1.03988921487152,9.91664436768989
-0.0413054146507664,6.74046768005035,6,5.95751106213577,0.200032921585157,7.53956160718631
-1.34528675949469,4.3749416712312,5,1.65854403268777,-1.48512920307806,4.07904827975924
0.529895024965471,8.55998315242058,9,9.07424368339434,0.925966704182896,9.67008582502772
1.08634010602965,9.94214254430537,11,11.6610895927148,0.670196279371453,9.02696835492272
1.08634010602965,9.94214254430537,11,11.6610895927148,2.62556918989136,12.4514200854789
0.379696908990874,8.07766171628885,7,8.2412963985903,0.356259917950863,8.05579528556428
1.04641013855012,9.86256521357513,10,11.5040181642815,0.696500134297003,9.09969706239378
1.5506568196707,10.785670300803,10,13.2453418337364,2.16222159785665,11.901193309651
0.501791869633797,8.4723484425685,9,8.92121255934636,0.652201262568211,8.9763166717569
-0.779265489368295,5.24444454818139,4,3.15692192373719,0.0339747614618285,7.01527134491586
-0.0090910576104553,6.83233199103669,7,6.11760566870072,-0.00010867252865709,6.91380988253259
-0.397013072241748,5.89776367433826,6,4.42257243540686,-0.215053354240176,6.33630938314176
1.18734055335024,10.1356617907367,12,12.041764823115,1.74320647549907,11.2313404980502
0.881364322962483,9.50784057629527,9,10.8108205071298,0.731130674405929,9.19306328050728
-0.324756902384394,6.04508245291348,8,4.70125232246675,-0.107467800726265,6.61146896617538
1.04051655572572,9.85064465217833,11,11.4805021349102,0.888672213016699,9.58469100908438
1.19963470508642,10.1585999815862,12,12.0865645147724,1.31527259830946,10.4541464584445
-0.0960555628256542,6.59032513080448,5,5.69345704030007,-0.278514261004808,6.186887618769
-0.928593154842406,5.01705198551023,3,2.73054313668841,-0.713625188944224,5.35573728753207
1.16523305706763,10.0941149687564,12,11.9603903721159,1.37562941814219,10.5662166191841
-0.121773989428448,6.52245567017064,5,5.57298618270712,-0.431436121922452,5.86194337144935
0.243471230039,7.62518534987764,5,7.47240176400444,-0.0601234441140159,6.74145095590365
-0.759637889245618,5.27483362713634,4,3.21521103674746,-0.775954541023352,5.25339059156252
-0.00300458201132613,6.84997300115712,7,6.14823619050437,-0.158396388681365,6.47771798238723
-0.481109068431712,5.73848213076761,7,4.11648010772894,0.175225246681674,7.45874988471067
-0.827882850599076,5.16982432274233,4,3.01492397463402,-0.405299069255425,5.91430601304623
-0.956450937452413,4.97496516488963,3,2.65397280326213,-0.805634792155188,5.20524397904768
0.902672050630428,9.55636852815486,9,10.9045235365673,0.41641872438369,8.25309988031754
-0.00300458201132613,6.84997300115712,7,6.14823619050437,0.56045616123357,8.70713592904586
-1.48423426330416,4.1533339231648,4,1.33032352342804,-1.86689110807989,3.44950213185388
0.0934795199757015,7.14082493771508,8,6.64898386490393,0.0810588499860398,7.15932877935959
0.936322168982425,9.63121757952873,9,11.0498837746604,0.548792038737507,8.67167088089962
0.996873756375117,9.76082973899956,10,11.3036157047009,0.110348896710291,7.25100451181562
0.326032557706962,7.89968589080939,6,7.93812039410213,0.69732261273066,9.10194596698944
0.822029668709668,9.36774883073087,8,10.5429430216017,0.903090088913045,9.61800697842161
-0.411935889098073,5.86860375391824,7,4.36688104204203,-0.444998073836489,5.83523458136491
-1.39785598546328,4.29132248934989,5,1.53280170514578,-1.70895695768315,3.69975406302551
1.34642330065424,10.4255994196113,13,12.5979925646575,1.0265804574745,9.88882809819503
-0.575717694153264,5.57204890335823,6,3.79286229276274,-1.28194494803934,4.42797524611907
-0.127762133440492,6.50689882892989,5,5.54526601253779,-0.383402996903227,5.95911426492434
0.0137370736896507,6.89895183437173,7,6.23310301687101,0.141412068921167,7.34974475227132
0.896642751748097,9.54272833180508,9,10.8781407826432,0.910542859786813,9.6350772680314
0.285280829926464,7.76402557545555,6,7.7077963182767,0.816000115108644,9.41056252317132
-0.704051817043014,5.36198386118086,5,3.38352759479909,-0.835237767799975,5.15748774772505
1.03540660282148,9.84027056608101,10,11.460042372551,1.18138504490172,10.2000609313983
0.855220009858471,9.44703516163015,8,10.6940580895994,1.95400586319651,11.5871540476976
1.10433575587081,9.97737807165201,11,11.7306238353434,0.422065044415335,8.27145153735731
0.762474185598588,9.21929402385348,7,10.2635726755989,0.494619555295072,8.50367366447197
-1.82549913355232,3.62158642158861,2,0.581837444932126,-1.01612177545485,4.86721063514877
-0.745041625584655,5.29755184161552,4,3.25893571369345,-0.585666533356377,5.57420783346882
1.05334213097388,9.87652634106616,10,11.5315667816314,1.71034411512395,11.1734407085742
-0.779025622069201,5.24481490313236,4,3.15763082929602,-1.56907360335173,3.93477459156247
-0.523082222363601,5.6631680426898,7,3.97037553167404,-1.34414227874552,4.32191281520323
0.428765250178068,8.23854038168073,8,8.51688835332554,0.327459286338987,7.96054138492879
0.0595822522376059,7.0363554847323,8,6.46994380408291,-0.539482860645824,5.6570011785866
0.536162470604121,8.57932404291731,10,9.10814402506174,0.194324129144706,7.52091022853336
-0.392908423390722,5.90585680867246,8,4.43799934264796,-0.418710668638132,5.88728834728121
1.08593245125534,9.94134004254142,10,11.6595055347375,0.983841796771606,9.79782984028689
-0.474460577893853,5.75065015207936,7,4.14001408898142,-0.0867253940541491,6.66775188796263
-1.05015680488718,4.83310337469762,6,2.40228090123957,-0.550992352928359,5.63613050314665
1.07690343461131,9.92351505978971,10,11.6243186262173,1.26778952645341,10.3650856950798
0.867120323562941,9.47488846183903,8,10.747452108134,1.36301561466943,10.5428815766105
-0.599772545245441,5.53149159830003,6,3.71371486389776,-1.18121555836301,4.59719252337051
0.593837779373097,8.75353213922387,10,9.415796895319,0.588669361400701,8.79180077541602
-0.802997975953165,5.20791500452969,4,3.08719272167629,-0.371102154904229,5.98467934349164
1.20101518834492,10.1611686429222,12,12.0915750067153,1.31023049659985,10.4447317250467
0.0086852820558661,6.88410283237265,7,6.20740044870208,-0.120987311311149,6.5753472404435
-1.71697630859505,3.78582900035174,2,0.810668980240877,-0.536524875399581,5.66239190096193
-0.0451582950980482,6.72965287972565,6,5.9385950465625,0.247846613895634,7.69679025441359
-1.57911732721895,4.00200669309012,3,1.11384498472905,-1.38964234095603,4.24376057184434
-0.512298456389218,5.68227853240239,7,4.00751392864745,0.0703650078951608,7.12623655450748
1.77623230117341,11.172834929898,12,13.88475948612,1.3905927195403,10.5938474254876
0.00308463134068377,6.86771067276483,7,6.17900009277759,-0.324563856101867,6.0840884023163
0.459210312944388,8.33697454862285,9,8.68648074865968,0.373800790225012,8.11360837676397
1.53843184868708,10.7643324329586,10,13.2085067222634,1.36126959717323,10.5396482515784
-0.712451180008155,5.3486976908161,5,3.3577741844687,-0.253066182631152,6.24569751017176
0.11395901874685,7.20501627390775,9,6.75863609163421,0.231980257218937,7.64444344916253
-0.117527573651143,6.53354381595606,5,5.59271908762633,0.0883526122951815,7.18201861234008
0.901362976045762,9.55341303911554,9,10.8988041390657,0.652345344148941,8.97672510064919
-0.777636652303153,5.24695995084897,4,3.16173745624774,-0.112493379417201,6.59798956777708
-0.6416723793934,5.46225790537865,5,3.57861845452733,-1.51562702447126,4.02648872042911
-0.638914238941069,5.4667645768856,5,3.5874073377377,-0.630003179963291,5.49690738178357
1.08505101337771,9.93960419141146,11,11.6560791007719,1.05570681106778,9.94940580305059
-0.818764462747892,5.18375903626787,4,3.04130672855811,-0.462329645928705,5.80154063630489
1.86473619240881,11.31913037768,13,14.1156667435659,1.49977745304811,10.7941139359724
-0.70937502331718,5.35355827618867,5,3.36719241127278,-1.28775632286061,4.4181109788696
1.68021349909849,11.0099111575937,11,13.6217243236435,1.97538491521182,11.6213178901484
-0.0459338621258393,6.7274804149325,6,5.93479338705485,0.174933577507944,7.45780364557077
-0.14306249403467,6.46757033289045,5,5.47500375213874,-0.356344685339078,6.01573458773684
0.768135016544432,9.23375709166565,7,10.2905839402094,1.62458437297946,11.0203599117227
-0.473281194597286,5.75281577639618,7,4.14420027789827,-0.0654782086662804,6.72647997149741
0.464490844123016,8.35391690808159,8,8.71575760432133,0.842354521095294,9.47494494969447
1.8320930678771,11.2656899322729,12,14.031767927166,2.65619701804555,12.4817930004409
-1.41761130831774,4.25980533881284,4,1.48604128571929,-1.25782045896726,4.46881219417599
0.471906266549574,8.37763850433288,8,8.7567952057699,0.632810519474429,8.92092984091691
-0.0520563190119075,6.71038376672629,6,5.90485378780762,-0.00508723501981547,6.8992001274079
0.170676385548572,7.38644102934138,9,7.06743997616342,0.41317435902484,8.24253980042306
-0.479049581273316,5.74224413345598,7,4.12375846742023,-0.801168914492035,5.21246944483072
-0.522697008874593,5.66384796518249,6,3.97169753092979,-0.567434234725165,5.60659490282467
-0.44597485572181,5.80357585078269,7,4.2421074409028,-0.299798465847506,6.13880568451321
0.573719741593906,8.69356455431627,10,9.30940195701362,0.515818301738371,8.57003088865657
0.064589400429231,7.05164011630455,8,6.49618902150894,0.0521768464677322,7.0704487244611
-1.33380455217384,4.39314509942794,5,1.6862642028571,-1.92243633142178,3.36647906599389
-0.0295090004380163,6.77380999752859,6,6.01573602293937,-0.114530199767888,6.59254399105281
-0.555381753015656,5.60684747259243,6,3.86072330494376,-0.73438662554583,5.32142614337098
0.913645926509221,9.58101355243428,9,10.9522777195654,0.831647790019954,9.44896310036803
0.846937475937401,9.42747264602084,8,10.6566517520014,1.16994663520015,10.1778452992075
0.961734282188293,9.68637077132007,9,11.1575752736216,0.441673011559648,8.33490063346244
-0.243202988261447,6.22487071240151,4,5.03502054936903,0.274419050887933,7.7847142695824
1.2800973535144,10.3062809941132,12,12.3720957991544,1.51472625713815,10.821370979835
-0.820493202293285,5.18111527432589,4,3.03629623661528,-0.919277339431945,5.02268944564131
-0.0874022705791102,6.61354478590951,6,5.73450632494141,-0.293271202138201,6.153445782957
-0.766737608976916,5.26382104576508,4,3.1940603207106,-0.274710565227223,6.19558545322194
-1.75496801337557,3.72760047220353,2,0.729554791536956,-1.6451761222549,3.80574421153467
0.164845271078382,7.36756921298536,9,7.0353784928058,-0.158105922129857,6.47846290744273
-0.37609852021288,5.93933545230869,8,4.50167416591214,-0.341408626954786,6.04760369231799
-0.627088293218814,5.48616577360045,5,3.62525464026993,-0.0816718021530705,6.68162199358639
1.09031668177427,9.94996056520684,11,11.67652091125,0.707343713745032,9.12922373886023
-0.539358837188542,5.63461910356525,6,3.91482622903718,-0.881770808004101,5.08276876930156
-0.0918951811890596,6.60146472304157,6,5.71316064947227,0.221354492283933,7.60947332085253
-0.474460577893853,5.75065015207936,7,4.14001408898142,-0.368928081491536,5.98922782875826
1.98905689975869,11.5158984132654,13,14.4219409463354,2.07928126125625,11.7812312612795
0.0705887494025179,7.07002216013103,8,6.52772883418832,0.215013147485571,7.58864202855671
0.537129186361636,8.58230043112025,9,9.11336522879266,0.43648541774039,8.3181585612821
-1.08230245279458,4.78417295197824,6,2.31786098199703,-1.67373010439845,3.75800849412493
-1.36355737749538,4.3459277108701,5,1.61462479940853,-1.45543715500866,4.13028911259747
0.957370793088033,9.67698098260608,10,11.1392091852807,1.07833364859344,9.99573810870933
-0.211098774013864,6.29994533412361,4,5.17236080598872,-0.151794991632181,6.49469844909546
0.402724533226185,8.15345480665459,7,8.37091492709361,0.639175234789049,8.9392012929915
0.0553509770703535,7.02348046083987,7,6.44782165037202,0.00607042488915448,6.93201860410433
-1.76297802723029,3.71541824530536,2,0.712590264416941,-1.19346317486524,4.57680434447759
-1.63777677621262,3.90925585437684,3,0.983171727209351,-1.95815862272656,3.31458668685134
1.69297932617959,11.0317697508293,12,13.6574611593961,1.5864200801546,10.9515271370033
1.12047355544664,10.0086725153633,11,11.7923340763594,2.1535423276718,11.888968053924
-0.107656181511475,6.55950003411453,6,5.638833013364,0.104494389569405,7.23256373482395
-0.0946632296196843,6.5940481892267,5,5.70004447743494,-0.222102126872977,6.31925242017733
2.14113133949934,11.7390830480596,14,14.7690927425541,2.72585857028127,12.5487414566526
0.41857866246554,8.20534512042225,8,8.45987507759779,0.513357244673124,8.56236634953729
1.4365235413514,10.5854759146275,9,12.8921695321066,1.09276339707084,10.024977600241
0.369715020055802,8.04467636220624,7,8.18499202842138,0.162728355211813,7.41829600125377
1.08634010602965,9.94214254430537,11,11.6610895927148,0.826451369981263,9.43626752484548
-0.837505151929465,5.15514500560141,4,2.98720380446469,-0.194068737173531,6.38778606989184
1.07193732370073,9.9136690150861,11,11.6048815078014,0.959009079700337,9.7436922059349
-1.73430866375342,3.75917539211609,2,0.773530583267472,-1.66399920473022,3.77422762256663
1.14745873131812,10.0604098642405,11,11.8941911834509,1.41622922333364,10.6410710408916
-1.59175093400886,3.98195843493531,3,1.08549547096601,-1.79182229171849,3.5660075690182
-0.081097967621668,6.63058272804228,6,5.76457534090599,-0.37597007361786,5.97452783767484
-0.477633532749839,5.74483455424759,7,4.12876895936306,0.296698707273055,7.85857066179429
0.50352754677051,8.47780247980089,9,8.93071034811556,-0.418355798255888,5.88799914873331
-0.627088293218814,5.48616577360045,5,3.62525464026993,-0.335032377736997,6.06134574750196
0.430476377020614,8.24410449180554,8,8.52645314694207,0.269584952318251,7.76870134754051
-0.444175041651459,5.80696434707015,6,4.2486279973142,-0.697593263610297,5.38240930879678
-0.520340046706981,5.66801250735586,7,3.97979375847812,-0.512665868701385,5.70629142496951
-0.645336248311034,5.4562817130178,5,3.56696552725967,-0.652252457761669,5.45881324298164
0.522989813201779,8.5385865491254,9,9.03679489536638,0.29413174054607,7.85005857859507
1.03226975730844,9.83388424082431,10,11.4474501478892,1.40809657431151,10.6261053153663
1.10415128698077,9.97701872800882,11,11.7299149297846,0.619275407953891,8.88177939971715
0.846937475937401,9.42747264602084,8,10.6566517520014,0.772691581597946,9.30155372539925
-0.655540425257774,5.43969860781906,5,3.53464266279682,-0.449114322323555,5.82718832812163
-0.536771827104302,5.63913349303796,6,3.92361511224755,-1.54286764665845,3.97966299733727
-0.779265489368295,5.24444454818139,4,3.15692192373719,-1.13988847224063,4.6655994770137
-1.65468882079208,3.88270026781902,3,0.945953768270827,-1.38888935230734,4.24505679906344
0.80333135894797,9.3220117525696,8,10.4563723682174,0.920156394350303,9.65694770466015
-0.922463011717138,5.02631600980931,3,2.74750766380842,-0.639077273796678,5.48131895838898
0.413743472841472,8.18954761610983,8,8.43277171958333,0.75546132175906,9.25704367062765
0.206092580020028,7.501950491597,10,7.26347670438437,1.14974869904158,10.1383629698187
-0.84623524645829,5.14184746184965,4,2.96215929969313,-0.65309796743821,5.45737395570649
0.171913073317487,7.39044920497883,10,7.07424807517352,0.428106823535431,8.29104975619908
-1.82975320322944,3.6152878302184,2,0.573048561721754,-2.45994331853526,2.7043643990126
-0.711045571762994,5.35091791880562,5,3.3620757708527,-0.266645183606925,6.21413529657395
0.0254575730733169,6.93363066799746,7,6.29304318547488,-0.215602538837393,6.33497623130753
1.55358516812305,10.79077767817,10,13.2541307169468,1.23567672860101,10.3042664415554
-1.57943263232493,4.00150592722728,3,1.11313607917022,-1.43204717779044,4.17066001566385
1.48644803404179,10.6733179813409,10,13.0492409605398,1.67775675801939,11.1155750834043
0.434283212692847,8.25647043478698,8,8.54771926044609,0.805525153777165,9.38456742157197
0.941866968432546,9.64334948876485,9,11.073532750281,1.14903660295426,10.1369647728228
0.982924412563752,9.7315128393354,10,11.2460354972495,0.989163884241241,9.80930744782995
0.666142622687134,8.96148522598074,11,9.78929019421927,0.0541100706521727,7.07634799070634
1.08505101337771,9.93960419141146,11,11.6560791007719,1.66141617990098,11.0864107821175
0.949048724044753,9.65898111984299,10,11.1040375481463,1.33809335779549,10.4966488095398
0.496979408784688,8.45719862038385,9,8.89484778842467,0.348909110334357,8.0315165209242
0.443084211661536,8.28498915959201,8,8.59681169259668,0.563617274915587,8.71670160458705
-0.72153476426593,5.33437953705698,5,3.33005401429937,0.0789887862782486,7.15290655600643
1.98507170498053,11.5097761868435,13,14.4124431575662,1.67875495405031,11.1173535989482
1.07207026476666,9.91393298494074,10,11.605402610644,0.886439641807399,9.57949711999339
0.959476226179533,9.6815157531625,9,11.1480774848524,0.989689545641376,9.81043875784457
-0.311813723012086,6.07261492506121,3,4.75281941369704,-0.919599625923076,5.02217331490744
0.919691122111913,9.59449131165989,9,10.9784389275451,0.191419074109704,7.51143103406972
0.562835004448611,8.66075610293147,10,9.25141781144743,1.032188875471,9.90057878410951
-0.919037655250479,5.03149334710742,3,2.75700545257762,-0.701333619942893,5.37617185484384
0.881662129750661,9.50852509288728,8,10.8121391224574,1.30401092846096,10.4331055204913
0.104020241993453,7.17376801659019,8,6.70528823507286,-0.305770487623259,6.12549154263329
0.187824567046662,7.4421898587427,10,7.16209225802182,0.725101773889421,9.17700380749032
-0.747936085488812,5.2930381628164,5,3.25023896694116,-1.05893180786208,4.79796413625923
0.893787952481839,9.53624489167389,8,10.8656127029571,0.149001268576189,7.37408198722834
-0.268997067135296,6.16635223039479,9,4.92714908796982,-0.327032203088412,6.07870554752777
-0.434381907832917,5.82549761328677,7,4.28425632981904,-0.385290357471979,5.9552170459371
-0.608283350513734,5.51728952509599,6,3.68599469372843,-0.937247176731974,4.99390737736246
-0.0407172511547354,6.74212189189074,7,5.96040309044448,0.114817899310073,7.26511865324996
-1.7896817019086,3.67506089974089,2,0.656382179503579,-1.67612706693462,3.75402140646666
0.542008033976337,8.59729359335962,10,9.13968383774112,0.261498505333261,7.7419303606407
-0.468710723508597,5.76122874076033,7,4.16045589945946,-0.219583934312238,6.32533262817223
0.895500363895241,9.54013582765354,9,10.8731302907004,1.13006258269997,10.0995442191975
0.497893367883378,8.46007889641372,9,8.8998582803675,0.25033293489406,7.70500524235225
-0.594802411716698,5.53982012646137,6,3.72997048545895,-0.702213256763248,5.37470629020452
-0.0665479068052221,6.67029476175079,6,5.83449524215301,-0.154449301671033,6.48785815047388
0.0449603085382738,6.99202635919026,7,6.3937187262786,0.186377214627535,7.49499945188508
1.69348172213287,11.0326289050391,11,13.6588627206169,1.75323212215476,11.2489030832821
-0.638737021278634,5.46705437416977,6,3.58797253635577,-0.405921977847014,5.91304407777371
-0.733110155427135,5.31620554598845,5,3.29492366423051,-0.664608789722028,5.43783717655619
-0.438081585514982,5.81847691674327,7,4.27076690846624,-0.610099750366507,5.53136679770302
0.37763603016412,8.07085733943758,7,8.22967672571072,0.221726875224723,7.61069753077062
0.21361351729426,7.52665240033645,10,7.30536604440751,0.829097758247229,9.44274004201073
1.24279402884871,10.2382934326986,12,12.2413429796696,0.139045775707888,7.3421727734918
-0.452213839506731,5.79187147082774,7,4.21956931549571,-0.707401096649888,5.36607290819049
-0.64678558639873,5.45392091420528,5,3.56236283296614,-1.09114245975356,4.74554292247161
-0.581986863863463,5.56141764582723,6,3.77211937437518,0.360277810549483,8.06905401961391
-0.648104841714506,5.45177358645475,5,3.5581766440493,-0.945345618249278,4.98093145152378
0.430323307834803,8.24360689758374,8,8.52559767457079,1.52577678575881,10.8414953548253
-0.218400412298032,6.28264856814819,4,5.14082099330934,-0.165496013117747,6.45957413113993
0.94203348804728,9.64371297347669,9,11.0742416558398,0.446336710175554,8.34992323239206
0.689974996698768,9.02733420914446,11,9.9091741166233,0.255282485729579,7.7213673069044
-0.712451180008155,5.3486976908161,5,3.3577741844687,-0.228432615230137,6.30403311801376
-0.667425267602692,5.42049340394433,5,3.49723632519877,-0.784519423433032,5.23946477904772
-1.31929055626306,4.41611853229956,5,1.72143583999156,-0.72458817352938,5.33758888861288
-0.0170313757302679,6.80945236448345,6,6.07782679545728,0.317783783276394,7.92848115490066
2.14342375140426,11.7422849522952,14,14.7741032344969,2.98007316163831,12.7718990776291
-0.970745139436838,4.9533682883111,3,2.61500750347444,-1.21788722951921,4.53598879193264
0.945038672727391,9.65026426297196,9,11.0870221716338,0.78418308990862,9.33087492273999
0.134483978848985,7.27009033385671,8,6.8695644887392,0.356611117063916,8.05695456438288
-0.555381753015656,5.60684747259243,6,3.86072330494376,-0.567192492228121,5.60702685292902
-0.0376033907081244,6.75089404584295,6,5.9757334435359,-0.62921661624501,5.4982621220987
1.08634010602965,9.94214254430537,11,11.6610895927148,0.966246314428082,9.75957124411221
1.06928057798894,9.90838914677482,10,11.5944585889352,1.06801921992279,9.97469282916937
-0.882713588597791,5.08645793909179,3,2.85856145175957,-1.56711184025768,3.93812843940412
-0.47426078778178,5.75101686160332,7,4.14072299454025,-1.30935521529462,4.38136218095654
1.10545554421953,9.97955860715622,11,11.7349254217274,1.2459725809254,10.3238247278436
-1.57217499302951,4.01303744560015,3,1.12947126269653,-1.75338437358762,3.62742875943955
-0.909096486725039,5.04652355268601,3,2.78464606078183,-0.285717163916786,6.17050473895054
-0.779052541463591,5.24477333839482,4,3.1575512673309,-0.829045723358439,5.16745891920976
-0.817321201457084,5.18596692054596,4,3.04549291747495,-1.00913566003767,4.87847156733794
-0.679305403953273,5.40140747069521,5,3.46009792822536,-0.841007929365252,5.14820330168629
0.0197067350531049,6.91657540012068,8,6.26357909493265,-0.205840811830823,6.35877938025198
-0.766737608976916,5.26382104576508,4,3.1940603207106,-1.76864963560414,3.60290142766312
-0.0172673810905958,6.80877467282636,7,6.07664762921727,-0.299461008456018,6.13956031099214
-0.91929315471896,5.03110714251679,3,2.75629654701879,-1.55147932121911,3.96489241394944
-0.787998768293131,5.23097656949813,4,3.13116851340681,-1.11651340521063,4.70403144408772
-0.751075549273307,5.28814732892582,5,3.24082074013709,-0.37179881924219,5.98322374270006
0.505212182780586,8.48309103650866,8,8.93992318443008,0.356995404135189,8.05822298858793
1.08505101337771,9.93960419141146,11,11.6560791007719,1.38346149898871,10.5806857157361
-0.754009801471388,5.28358071920793,5,3.23203185692671,-0.374105148804236,5.97841157368515
0.133418643555711,7.26669549257039,9,6.86378262820566,0.831654126050155,9.44897854589949
-0.362378900096288,5.9670676681453,8,4.55424388142075,0.585755466161231,8.78313153476446
0.901525172150123,9.55377940989704,9,10.8995130446245,1.16081549215933,10.1600374385296
0.600817058360667,8.77412766109069,11,9.45246503161122,1.12226362904018,10.0840671405125
-1.273542612589,4.48823568269376,5,1.8332726439031,-1.29494704657456,4.40589145322642
-1.41358949308816,4.26622480190693,4,1.49553907448849,-0.711812251862809,5.35874535995705
0.419379631948673,8.20795955943887,8,8.46436237442416,1.0265289850836,9.88872005769237
0.0402079518421133,6.97771863449343,7,6.36908046056301,0.385556699069589,8.15223951844403
1.02797822718953,9.82512462883236,10,11.4301823352689,1.07928825966434,9.99767966904678
1.03008402593907,9.82942611804158,10,11.4386612646788,1.04649211926132,9.93035889591414
-0.769695285048428,5.25924021133703,4,3.18527143750023,-1.1210376169532,4.69660722344495
-1.4173109613399,4.26028479135187,4,1.48675019127812,-1.51768076621552,4.02295371386847
0.0303859309182099,6.94830675117073,7,6.31837467468811,0.304787607603766,7.88539393915746
0.149208329622815,7.31719395071271,9,6.94973575603301,0.153835616136463,7.38962533679047
-0.358165226084017,5.97566035406386,8,4.57049950298194,-1.09671638067689,4.73644038351283
0.106317758602708,7.18097576121679,9,6.71759849018564,-0.039429489839006,6.7999439427298
0.644465416114181,8.90041728177464,11,9.67883205779547,1.03127977912567,9.8986769201595
1.96282946701307,11.4753677340894,13,14.3590491390316,1.75511356785808,11.2521933095349
1.48786797164356,10.6758100026062,10,13.0536486954011,1.33739147194441,10.4953441073664
1.19963470508642,10.1585999815862,12,12.0865645147724,1.4345406519431,10.6747201906842
-0.846482863008163,5.14147056471028,4,2.9614503941343,-0.690504592456871,5.3942560298549
-1.76297802723029,3.71541824530536,2,0.712590264416941,-0.779795191854278,5.24714253628844
1.14553553872179,10.056745825211,12,11.8869863582178,1.26354564222233,10.3570780115207
0.789333671802118,9.28725456597799,7,10.3908820851113,1.21189072070402,10.2588473668078
-0.679305403953273,5.40140747069521,5,3.46009792822536,-1.33827605399004,4.33195858755405
-0.0142111404867421,6.81756119857151,7,6.09193182033545,-0.173053659917418,6.44039407126533
0.95511908008835,9.67212266073501,10,11.1297113965116,0.780674436415766,9.3219531211217
-0.954618609938845,4.97773327639914,3,2.65898329520496,0.215683815619191,7.59084371634117
1.06298586475723,9.8958441031928,11,11.5696945992813,0.984555344553498,9.79937118150795
-0.402811179582338,5.88638516302321,8,4.40086094567455,-1.41042338174977,4.20795861066115
0.938053494548332,9.63501165127009,9,11.0572771287198,1.23167606424145,10.2966507051321
-0.491934485786299,5.71881307999491,6,4.0783935771447,-1.05842939311632,4.79877946757872
0.91258481312747,9.5786406315108,9,10.9476750252718,0.8198044708288,9.41994597801981
-0.823746503379094,5.17614244561493,4,3.0268780098112,-0.73513813244601,5.32018867409213
-1.65068665246683,3.88897584700077,3,0.954742651481199,-3.33233729332253,1.96665917186241
-1.27568481682113,4.48486936194696,5,1.82800233111634,-1.22901643173823,4.51732152257285
0.454469992177041,8.321730939031,8,8.66016213971123,0.35961568708283,8.06686967576009
-0.96477224960395,4.96239332805494,3,2.63126312503563,-1.08793422875863,4.75077782733775
-0.665246797748548,5.42400514173805,5,3.50407371995588,-0.558435404227391,5.62272022601411
0.526451230782753,8.5493235273794,8,9.05557987800952,0.378528862877733,8.12915753136237
0.999387570711248,9.76608030051417,10,11.3139377964961,1.26444318297273,10.3587722788291
-0.0535872753201024,6.70612342970633,6,5.8973870494568,0.293187987214456,7.84692916118045
0.0336783875225552,6.95814190467241,7,6.33533920180813,0.376505948420998,8.1225067362591
-1.58330888456699,3.99535134809991,3,1.10442675792497,-2.31402611273131,2.86116252312744
1.16017160866625,10.0845455284086,11,11.9416103851539,0.882675914587053,9.57071961152066
1.77623230117341,11.172834929898,12,13.88475948612,1.53678739810138,10.8615255639424
0.942850550723273,9.64549576538988,9,11.0777189391978,1.09658895986417,10.0326912016258
0.133247002536485,7.26614870527514,9,6.86285132766597,-0.509307704175535,5.71253187044671
-0.536771827104302,5.63913349303796,6,3.92361511224755,0.382750709590726,8.14302813203567
-0.0322692967637923,6.76597706215575,7,6.00207003548675,-0.485379998305108,5.7574585774434
0.952889457321575,9.66730331121019,10,11.1202931697075,1.16632869167097,10.1707974397083
-0.655764904410501,5.43933479053149,5,3.53393375723799,-0.40876228815552,5.90729877431965
0.353653825560182,7.991468445495,7,8.09428795754429,0.627316226470621,8.90508568652183
-0.717007328177171,5.34150959797493,5,3.34385338945257,-0.239787290239495,6.27696938254448
-0.47426078778178,5.75101686160332,7,4.14072299454025,-0.506142450033223,5.71842816019758
-0.670430466774853,5.41565511479769,5,3.48781809839469,-0.302044180775013,6.13379004494144
-1.3088253389472,4.43265663318316,5,1.74688814241242,-1.07608302351213,4.77008878894792
-0.775841546533834,5.24973343319064,4,3.1670490561001,-0.861627038271977,5.11507574820328
-1.32110611721032,4.41324709366136,5,1.71702810513031,-0.970962351487658,4.93985046581344
-0.707145020344648,5.35708567735214,5,3.37402980602989,0.312788237446645,7.91192134595265
1.15099785158918,10.0671436276917,12,11.9074281686959,1.29477480325143,10.4158131236742
0.418705191516605,8.2057581706123,8,8.46058398315662,0.768726201737463,9.29136842285317
-0.443571417612573,5.80810200056484,7,4.25081676214805,0.156318177242311,7.3976191250123
-0.489589352727195,5.72305914369869,7,4.08662007044683,-0.221980608936261,6.3195454843868
-0.11577929225477,6.53812244601229,5,5.60086147714789,-0.141451762704829,6.52151715543851
0.768135016544432,9.23375709166565,7,10.2905839402094,0.356876055011797,8.05782905893377
-0.665021088003012,5.4243692065426,5,3.5047826255147,0.0156374853898108,6.96037505971828
-0.357981775061028,5.97603526831437,8,4.57120840854076,0.0779196105237523,7.1495925711035
0.143238993246276,7.29805755706796,9,6.91717664674025,0.262357330054158,7.744772557905
-0.70121998205418,5.36647371904633,5,3.39223691604434,-0.766212623528822,5.26926552795554
0.544316842025487,8.6043722775929,10,9.15211981679226,0.677775422712753,9.0480843530828
-0.702652608466713,5.36420162899017,5,3.38782918118309,-0.772964574134596,5.25825876209569
0.0105382593506006,6.88954244875446,7,6.21681867550616,0.174890576976681,7.45766415049894
-0.474460577893853,5.75065015207936,7,4.14001408898142,-0.896031073175524,5.05991966712497
-0.0863274777138982,6.61644228090083,6,5.73962296536148,-0.139295749956483,6.52714025691835
-0.590654670317589,5.54679064022115,6,3.74357490117987,-1.46201579356626,4.11893352808536
1.10564015974208,9.97991797237467,11,11.7356343272862,1.66158514438503,11.0867128128114
-0.802997975953165,5.20791500452969,4,3.08719272167629,-1.5762552696798,3.9225066559011
-0.304498153906321,6.08833851645659,8,4.78219495835127,-0.438512699243149,5.847968504866
-0.69936270682647,5.36942134195782,5,3.39795631354599,-1.13920823900797,4.66672048227225
-0.827637332705325,5.17019920551661,4,3.01563288019284,-0.115064937051562,6.59111600840695
0.460794692833704,8.34206226436122,9,8.69526963187006,0.1548180983325,7.39278795356494
-1.25162931100914,4.52260729560632,5,1.88737556799652,-0.687259702942223,5.39969040910951
-0.4106568685674,5.87108704463358,8,4.37163025198615,0.0958208910416897,7.20534864304802
1.08634010602965,9.94214254430537,11,11.6610895927148,0.812597119438183,9.40214309114869
1.09851526004047,9.9660216394853,11,11.7082174426172,1.77140731535978,11.2806101884423
-1.39873053543838,4.28992813702421,4,1.53072598300864,-0.433027097530526,5.85879414907662
0.332599471887827,7.92153036859549,6,7.97525879107554,-0.318426408504226,6.09752774972216
0.912421445820057,9.57827510928275,9,10.946966119713,1.16025299703118,10.1589382414618
-1.23606185339454,4.54695328763906,5,1.926024488489,-1.08794339897931,4.75076286865104
-1.59175093400886,3.98195843493531,3,1.08549547096601,-1.29428388668194,4.40701902703487
0.102237288052034,7.16818120825887,9,6.69574428433042,-0.578090942070188,5.58761964622639
0.536162470604121,8.57932404291731,10,9.10814402506174,0.287957747250725,7.82958725672278
0.15634577507064,7.34014444136273,9,6.98876520802736,0.231017727852812,7.64127259368522
1.11379838467338,9.99576160828269,11,11.7668817739386,0.845476835942905,9.48247752450662
0.1878780650981,7.44236433467485,4,7.16238836475915,0.228765247776835,7.63385459622919
-1.11098028900781,4.74035209228648,6,2.24331624742558,-1.16682760376964,4.62107606121281
0.356155253976947,7.99976475140337,7,8.1084216949951,0.259851631778851,7.73648093784036
-0.747936085488812,5.2930381628164,5,3.25023896694116,-0.793300623171539,5.22521524349273
0.993123158363697,9.75297756860989,10,11.2881843861657,1.06445217418712,9.96738567540694
2.01726432076569,11.5588498944124,14,14.488571950115,1.84511687046924,11.4072230427324
1.62885781256309,10.9214931317216,11,13.4755401856235,1.79142701984994,11.3153261411696
0.0258619624059122,6.93483281408913,8,6.29511890761202,0.054761261426837,7.07833676389349
-0.909067930524681,5.04656673802278,3,2.78472562274695,-0.90667067072592,5.04287851647677
0.341197584650287,7.95011225469863,6,8.0238785624972,0.0291313259623133,7.00070299959088
1.9233578947288,11.4133436920195,13,14.2626751846119,1.22263844252421,10.2794122350604
-0.582867156990324,5.55992837009228,6,3.76921331714213,-0.29058282473946,6.15950251954454
0.526799321576221,8.55040200973699,9,9.05746753493385,0.744974225437668,9.22962934433562
-0.369595553600954,5.95243380066359,8,4.52652371125142,-0.503918909973431,5.72257859313057
0.567792392780132,8.67572963194068,10,9.27786214433424,0.633114285361076,8.9218038970329
-0.630048183349771,5.48129780817863,5,3.61575685150074,-0.731921999499934,5.32548664408134
0.901381178803456,9.55345415831635,9,10.8988837010308,1.94048898576411,11.5653452746738
0.135153753881646,7.27222559985319,9,6.87320085500974,-0.702067496116667,5.37494910768326
0.10906157416888,7.18959617453718,8,6.73231748268576,-0.0156767926657963,6.86830847418727
-0.603132452264606,5.52587598592078,5,3.70275407751674,-0.744168553937151,5.30534176582618
0.850531333307704,9.43597895258498,8,10.6729073735626,0.933593259645506,9.68724065942115
0.929376247502228,9.61594112893265,9,11.0201387317464,0.32452497130962,7.95082060347507
0.718756407978726,9.10504349358713,12,10.0517372643445,0.970443729549741,9.76874211520643
-1.71601062495286,3.7873182162844,3,0.812744702378024,-3.75323528398871,1.68380931109761
-0.672083719519749,5.41299643337855,4,3.48264371436266,0.688038851629905,9.0764725246719
0.984133317843987,9.73406587544877,10,11.2510459891923,0.99230627656853,9.81606420726344
-0.396032300453675,5.89969458680238,7,4.42625427892221,-0.791330269919456,5.22841024234829
-0.638691965023843,5.46712805742922,5,3.58811624329653,-2.01607372191281,3.23300262105743
1.09274849044845,9.95473250857775,11,11.685939138054,1.1855083346941,10.2080450401836
-1.47831144843485,4.16280290257907,4,1.34404333661612,-1.78304619994552,3.57993116422877
-1.63981088443519,3.9060568754165,3,0.978684430382984,-2.10142678132026,3.11850219846823
0.448859158735231,8.3036470112274,8,8.62896686377468,0.521881014884611,8.58886692232805
0.112109246603339,7.19918707197061,8,6.74868853586922,-0.188845625891131,6.40076210492883
-0.905944049527622,5.0512913808101,3,2.7934349439922,-1.10016838665623,4.73079821424686
0.458864571042174,8.33586382685607,8,8.68456232838478,-0.624630219608652,5.50617285967104
-0.422738860848994,5.84774640426403,8,4.3269455546968,-0.202295081624324,6.36748135983301
-0.594802411716698,5.53982012646137,6,3.72997048545895,-0.30577580469293,6.12547972277215
1.14553553872179,10.056745825211,12,11.8869863582178,1.16689518858575,10.1719016769864
-0.925159240834075,5.02224117995355,3,2.7400409254576,-0.856215723422422,5.12376313021957
-0.597098996702752,5.53596846963376,5,3.72245289771564,-1.21325271911404,4.54374968828778
0.0553326477185893,7.02342477063181,8,6.44772593295206,0.344276988857488,8.01620418520499
-0.544364882087775,5.62590778362661,6,3.89786170191717,-0.622435295459173,5.50996564628255
1.05334213097388,9.87652634106616,10,11.5315667816314,1.89234664147773,11.4864177414169
1.22207184559875,10.2001826094812,12,12.167507150657,0.731651057767086,9.19444560875318
0.356155253976947,7.99976475140337,7,8.1084216949951,0.0472203318359044,7.05535761229469
-0.745041625584655,5.29755184161552,4,3.25893571369345,-0.783739205099436,5.24073220451165
-0.819293307687845,5.18295017648254,4,3.0397735199733,-1.17991929404194,4.59934727054244
-0.608283350513734,5.51728952509599,6,3.68599469372843,0.327071128471793,7.95925562250078
-0.78477359308266,5.23594663463768,4,3.140666302176,-0.396406739748328,5.93239721991448
0.417894883222219,8.20311263643113,7,8.45604375189497,-0.0796088188329475,6.6873017349448
-0.472849485188741,5.75360903688288,7,4.14573348648308,0.0365998396598769,7.02318745183612
1.0465881426214,9.86292451898823,10,11.5047270698403,1.74077205988034,11.2270685023944
0.390740631455213,8.11406801004287,7,8.30351255472335,0.226893477650732,7.6276929244533
0.480456162802729,8.40488341704096,8,8.80399658289954,0.436796036077326,8.31916195646184
-0.727115683970706,5.32560740010317,5,3.31308948717936,-1.05842154106378,4.7987922095474
-0.428905540000356,5.83593305506088,7,4.30429034264777,-1.795046983397,3.56090677830074
-0.909096486725039,5.04652355268601,3,2.78464606078183,-1.2771002897431,4.43619074392328
1.03540660282148,9.84027056608101,10,11.460042372551,1.57029820928227,10.9223474923276
-0.779265489368295,5.24444454818139,4,3.15692192373719,-0.967157576691273,4.94595643472115
-1.42160408990762,4.2534308057841,4,1.47662305891522,-1.7318154817036,3.66237237895443
1.38432319995747,10.4930995404716,9,12.7234614263024,1.20194606800329,10.2397533716323
-0.653237379881692,5.44343362817479,5,3.54192102248811,-0.765782682254555,5.26996704991169
-0.73270367100825,5.31684243373776,4,3.29615367263197,-0.480129300131775,5.76742905087994
0.65023228489184,8.91677186175523,11,9.70834755833475,0.0730739918990402,7.13459955822333
-0.599772545245441,5.53149159830003,6,3.71371486389776,-1.0727622574288,4.77549241945258
1.62910358710189,10.9219179324515,11,13.4762490911823,1.79288165243572,11.3178396414942
1.02305416871079,9.81504156614879,10,11.4103117509158,1.38495690890534,10.5834466917106
1.11133517127249,9.9909854742208,11,11.7574635471345,1.62564190738703,11.0222619415238
-0.555381753015656,5.60684747259243,6,3.86072330494376,0.0291763922549949,7.00083832775053
0.294736030947295,7.79549798522633,6,7.7611903368113,0.59766368450999,8.81844871961992
0.176494915727196,7.4053163328005,4,7.09949655745536,0.26150375385603,7.74194772932055
-0.198166583206684,6.33090556740256,4,5.22866517615764,-0.075187405654406,6.69950906569716
-0.844915944070713,5.14385581497876,4,2.96593769096067,-0.148671492128983,6.50276983449707
1.19963470508642,10.1585999815862,12,12.0865645147724,0.946292713357605,9.71558352223949
1.05837348428572,9.88661987468858,11,11.5514874892668,0.594139410507311,8.80802731277715
0.501984328383094,8.47295346930704,9,8.92226600164801,0.818554414252627,9.41686607797802
-1.80156959466736,3.65722657578797,2,0.631532634164298,-1.12211373625758,4.69484031982643
0.0695797540017808,7.06692540474537,8,6.52241723433596,0.109941030921814,7.24971798141386
1.54405249188995,10.7741460918905,10,13.2254712493834,1.6787733119043,11.1173863043057
-0.599772545245441,5.53149159830003,6,3.71371486389776,0.151880323006185,7.38333498183535
-0.612811210954161,5.50976382544822,6,3.6713061541376,-0.402665586172965,5.91964883704873
-0.905944049527622,5.0512913808101,3,2.7934349439922,-0.560832217654213,5.6184159795562
1.13852899645374,10.0433676886744,11,11.8606677492694,0.734720645685086,9.20258714477253
0.384098908215066,8.09218490910523,7,8.2661062171253,0.533013604401683,8.62328334701216
-0.38859683640751,5.91439219266681,8,4.45425496420915,-0.199994969944554,6.3731423430146
0.323158225245694,7.8901214002352,6,7.92186477254094,0.0792765368083834,7.15379881504303
-0.665246797748548,5.42400514173805,5,3.50407371995588,-0.768182124609597,5.26605295841688
-0.662225205023482,5.42888229421884,5,3.51357150872508,-0.295715375930522,6.14795288393598
0.00221889106300723,6.86518341907869,7,6.17461894442847,0.32906099615799,7.96584658080744
-1.40558709452065,4.27899329016578,4,1.51447036144745,-1.53201844481724,3.99829516220506
0.917493675211064,9.58960011717046,9,10.9689411387759,0.386251705418739,8.15452010277489
0.998166825750232,9.7635317788808,10,11.3089273045533,0.635792072861821,8.92950020109081
-0.779265489368295,5.24444454818139,4,3.15692192373719,-0.954650723816794,4.96601632685535
-0.244739514887352,6.22134044867602,9,5.02853353433237,-1.41643188486923,4.19759830111082
0.434515494848699,8.25722438828495,8,8.54901625835611,0.0910843670697075,7.1905410107518
-0.471786153292403,5.75556413452143,7,4.14951187775062,-0.518368635960458,5.69572946037665
-0.0631866419547528,6.67954571267727,6,5.8507508637142,-0.885365800983261,5.07700723964634
-0.729827963403614,5.32135083951352,4,3.30486299387723,-0.848082480707575,5.13682888740478
-0.925159240834075,5.02224117995355,3,2.7400409254576,-1.45918896774797,4.12381293111584
-0.0484774706028065,6.72036605039432,6,5.92233942500131,-0.0700021823378707,6.71388493004333
1.86357622631526,11.3172427369846,12,14.1127105630505,2.62923876988646,12.4550908110998
-0.123194580226225,6.51875666844642,5,5.56639874557225,0.0147807748874288,6.95782774681992
-0.779265489368295,5.24444454818139,4,3.15692192373719,-0.825742795454122,5.17278126667204
0.996027815017234,9.75906062061982,10,11.3001384213429,0.521508496919316,8.58771143099725
0.11963035021748,7.22292572853969,9,6.78918705147275,0.735618139726642,9.20496358031662
0.361441380281086,8.0172858760667,7,8.13828173227721,0.647544686115174,8.96309178512035
-0.658167532660988,5.43544342981509,5,3.52635202451905,-0.758492126977023,5.28187509152729
0.0702892484089707,7.06910272978793,8,6.52615188899628,0.410754849188566,8.23465750735248
0.995240730511113,9.75741358412251,10,11.2969013857404,1.87946052393234,11.4649756022177
0.119525560636215,7.22259430893854,8,6.78862185285468,0.117277278069676,7.27289953466273
-0.216813977024777,6.28639544327295,4,5.14765838806646,-0.0964767623699606,6.64116248896217
1.66256064247573,10.9796014886941,11,13.5719141400432,1.56878534081819,10.919606444856
-0.583504930788558,5.55884992476814,6,3.76710888243235,-0.50540352301143,5.7198066619449
1.08593245125534,9.94134004254142,10,11.6595055347375,1.35657533361207,10.5309511971595
-1.5718604017515,4.01353752294276,3,1.13018016825536,-2.15311877825699,3.05240231833172
0.0325259414148604,6.95469656870965,7,6.32939740932561,-0.425160551771994,5.87440744022616
-0.842311096684519,5.14782235312269,4,2.97340442931149,-0.934476436467328,4.99834601155177
1.62198145400789,10.9096020711923,11,13.4556696012704,1.3887745341495,10.590492812218
-0.0608435276249203,6.68601149951129,7,5.86210536356788,-0.288638444356333,6.16389292133103
-0.507603030326096,5.69064992523296,7,4.02376955020864,-0.405020500402567,5.91487058441888
0.414784444295384,8.19295081860205,8,8.43860896409377,0.23097898233857,7.64114496692278
-0.138731466048292,6.47864159194896,5,5.49481018428514,-0.809786392331722,5.19853239174741
-0.745424269848964,5.29695488654117,5,3.2577852672571,-2.45985107937546,2.70445916434392
-0.0137815955284255,6.81879793876509,6,6.09408241701847,-0.673553828823613,5.42272708622378
0.948896582176707,9.65865092077363,9,11.1033927875631,0.765011178974996,9.28179464019337
-0.200483022799293,6.32532918784896,4,5.21853804379474,0.141522304991052,7.35009769186025
0.914965507557234,9.58396147657028,9,10.957997117067,0.945732239719519,9.71433843080486
-0.802997975953165,5.20791500452969,4,3.08719272167629,-0.790834336183362,5.22921462752408
-0.0097105194090119,6.830541547896,7,6.1144949317495,0.160389544238394,7.41074588403327
0.208852084566685,7.51100762351922,10,7.27883672367097,-0.285976152045553,6.1699178064395
-0.539567696761915,5.63425501481193,6,3.91411732347836,-0.661641479290814,5.44286330456454
-1.75496801337557,3.72760047220353,2,0.729554791536956,-1.85908252685455,3.46139601819338
-0.591905575326825,5.54468648111207,6,3.73946827422814,-0.588329879637293,5.56950752461118
-0.847985975896092,5.13918298251336,4,2.9571488077503,-0.112488880156079,6.59800160803163
0.899371697786321,9.54891091474604,9,10.8900948178204,0.838882753744518,9.46654591475787
-0.638691965023843,5.46712805742922,5,3.58811624329653,-0.540284621637054,5.65554193951306
-0.555381753015656,5.60684747259243,6,3.86072330494376,-0.474895483477898,5.77740875066725
-0.774667232006954,5.25154853024915,4,3.17052633945812,-1.25791951573177,4.46864489503538
0.84860479928159,9.43142247415653,8,10.6641980523173,1.38420884450477,10.5820656057598
0.571218369965378,8.68604725184785,10,9.29610250873677,0.959862154534508,9.74556833204912
-0.489589352727195,5.72305914369869,7,4.08662007044683,-0.31960485438326,6.09494115391744
-0.574455515295668,5.57419468340171,6,3.79704848167958,-0.205389802331521,6.35988459317115
1.16554098446297,10.0946964396192,12,11.9615310927893,1.12057803285355,10.0807144203398
-1.54672205710882,4.0535524807138,3,1.18705147014797,-2.27538353118756,2.90519977956071
0.443983523049161,8.28789761586078,8,8.60182218453951,-0.633159360695217,5.49147698568077
-1.91461779914714,3.49216066445909,1,0.4006253767184,-1.56820543816223,3.9362586747362
0.762325888842191,9.2189141239279,7,10.2628637700401,1.07754368018318,9.99413062550195
-0.593273553585745,5.5423873160862,6,3.73498097740178,-0.887703035872368,5.07326198208438
-0.922463011717138,5.02631600980931,3,2.74750766380842,-0.758498099154978,5.28186532719404
1.92132886937287,11.4101233923394,13,14.2576646926691,1.48526287749783,10.7676125430981
0.984133317843987,9.73406587544877,10,11.2510459891923,0.663897466814339,9.00932118390433
-0.581772198802286,5.56178094588344,6,3.77282827993401,-0.402354531149712,5.92028073313262
0.456864622502727,8.32943545551226,8,8.67346158798807,-0.0266578960884487,6.8365420923121
-0.919037655250479,5.03149334710742,3,2.75700545257762,-0.905690332837014,5.04444855696487
-0.523082222363601,5.6631680426898,7,3.97037553167404,-0.771865175221352,5.26004967461828
0.567792392780132,8.67572963194068,10,9.27786214433424,-0.199702335263709,6.37386347391426
-1.25079139788064,4.52391925061122,6,1.88945129013367,-1.49966290482468,4.05398766210945
0.49780216362329,8.45979153764535,9,8.89935835349114,0.738310442020727,9.21208154014123
-0.797440845069725,5.21644943601912,4,3.10344834323748,-0.453676023401339,5.81830352630974
-0.909067930524681,5.04656673802278,3,2.78472562274695,-1.80399085662887,3.54680304649324
-0.78477359308266,5.23594663463768,4,3.140666302176,-2.12862860198989,3.08342010615601
0.497893367883378,8.46007889641372,9,8.8998582803675,0.93888436023482,9.69908292552582
0.382933059060476,8.08833997673904,7,8.25953676299283,0.281440972387617,7.80798394312663
-1.56768379322724,4.02017843543467,3,1.13959839505943,-1.29343438415948,4.40846325266539
-1.74192799863531,3.74750493683934,2,0.757274961706283,-1.02811505723232,4.84785472282182
-0.794200820053427,5.22143056135112,4,3.11294613200668,-0.756131769329709,5.28573547670359
-1.56841431394527,4.01901665937632,3,1.1379501921065,-1.65387754332076,3.7911521937453
-0.951177935894683,4.98293104281117,3,2.66840152200904,-0.72332769248642,5.33967196394406
0.816290186316927,9.35379310626895,8,10.5164807057125,0.99324538702474,9.8180806041413
-0.679305403953273,5.40140747069521,5,3.46009792822536,-0.242477749727027,6.2706005405325
1.13852899645374,10.0433676886744,11,11.8606677492694,0.899397689260291,9.60951178373863
-0.787757868422037,5.23134765790599,4,3.13187741896563,-1.60571508074366,3.8723637043753
0.577231804219123,8.70409662792436,10,9.32804899772626,0.162614891967016,7.4179295645049
0.896642751748097,9.54272833180508,9,10.8781407826432,0.794740073843728,9.35755738600382
-0.489589352727195,5.72305914369869,7,4.08662007044683,-0.255920481752606,6.23902839202945
-0.569374815195313,5.58285067721235,6,3.81393344683448,-0.416458969821213,5.8918022102079
-0.72153476426593,5.33437953705698,5,3.33005401429937,-1.15016009706515,4.64865282413533
-0.356869156579375,5.97831055880893,8,4.57550999492477,-0.896038653551864,5.05990752432987
-0.802997975953165,5.20791500452969,4,3.08719272167629,-0.456274936220038,5.81325663777326
-0.785786873971502,5.23438469709989,4,3.13768068297783,-1.1454838655394,4.65637241261524
-1.10710536448645,4.74628329071788,2,2.25334742654373,-1.43271631231486,4.16950533974465
0.168564457334953,7.37960077160504,9,7.05582030328384,-0.390432647059293,5.94463246217121
-0.665246797748548,5.42400514173805,5,3.50407371995588,-1.2068771203747,4.55441392803146
0.136385533824908,7.27615442898392,9,6.87989112234983,0.179151196733588,7.47149579768421
-0.525852686850828,5.65828391242804,7,3.96087774290484,-0.81593864710767,5.18859558347681
-1.45909291465873,4.19352891980606,4,1.38872803390546,-0.860386035141423,5.11706769505109
0.929376247502228,9.61594112893265,9,11.0201387317464,0.756180868491795,9.2589156337638
-0.704282510630191,5.36161833306085,5,3.38281868924026,-1.02817119747733,4.84776404374907
-0.488162872671205,5.72564590812602,7,4.09163056238966,-1.26244885284508,4.46099179358047
-0.555381753015656,5.60684747259243,6,3.86072330494376,-0.278807821859855,6.18621767572094
0.166444920371692,7.37274180313757,9,7.04416737601617,-0.221098645250945,6.32167355194196
0.915913688445646,9.58607765198107,9,10.9621037440187,0.588241327320177,8.79052841611587
-0.62644211420937,5.48722959899948,6,3.62733036240708,-0.673146005819246,5.42341466159727
-0.779265489368295,5.24444454818139,4,3.15692192373719,-0.497286746795074,5.7349996764074
0.549884604570785,8.62139865300844,10,9.18205941603949,0.472046346828919,8.43221645005102
0.625788465020127,8.84691588265202,11,9.58260523079277,0.713721667887344,9.14646640401991
1.81660906995433,11.2401198660429,12,13.9914555323349,2.01916804304736,11.6899731129652
-0.121299581050781,6.52369212000955,5,5.57518762878262,0.92340958116554,9.66431109578187
-1.29286542890176,4.45783243196281,5,1.78585344220011,-1.06432911169466,4.78920092280741
1.9649051409614,11.4785957058192,13,14.3640596309745,1.84376729748043,11.4049363377203
-1.5718604017515,4.01353752294276,3,1.13018016825536,-1.57668361608415,3.92177544736148
1.0426833738987,9.85503282220566,10,11.4891580718713,2.20681222378309,11.9627911347406
0.485979575878276,8.4224219067261,9,8.83442181879972,0.408224974577584,8.22640938111081
0.990587796109258,9.74765703456968,10,11.2777320286167,0.401760262906362,8.20530427077174
0.0693373140366287,7.06618163194594,8,6.52114139705345,-0.198166599994445,6.37765129249245
0.773683672490272,9.24786075977761,7,10.3169666941335,0.989640156873322,9.81033248281346
-0.0440425163413723,6.73278097235736,7,5.94406790691817,0.351285274900201,8.0393675878111
-0.707145020344648,5.35708567735214,5,3.37402980602989,-0.434014489797387,5.85684182948301
-0.0985352625481083,6.58370687612355,6,5.68174165000052,-0.607773103678609,5.53541999199313
-0.779025622069201,5.24481490313236,4,3.15763082929602,-0.118165462996451,6.58284996903057
0.149151488972392,7.31701147934415,9,6.94942536497845,0.000726162961603547,6.9162650974794
0.0934795199757015,7.14082493771508,8,6.64898386490393,-0.652742971513909,5.45797818324538
0.587660587205988,8.73521337633855,10,9.38323778602625,0.427792473414168,8.29003108822548
1.80592091212763,11.2223916836743,12,13.9634342542561,2.30985814929377,12.0975071774385
0.572574437632999,8.69012426345336,10,9.30331444675511,0.934918341652173,9.69021091842052
0.463560010700108,8.35093335628345,8,8.71059998496148,0.321526151431445,7.94088404056739
-0.91929315471896,5.03110714251679,3,2.75629654701879,-1.87921326537331,3.43084334230647
-0.539567696761915,5.63425501481193,6,3.91411732347836,-0.793909088980628,5.22422886206208
1.81852665199578,11.2432938818571,12,13.9964660242777,3.55913123734703,13.1952224943368
0.925899383159817,9.60826096436882,9,11.005199077371,1.20761639114086,10.2506484823149
0.0086852820558661,6.88410283237265,7,6.20740044870208,-0.0418933898986067,6.792926904378
-0.470377304563042,5.75815723889944,7,4.15452236969345,0.332348606025861,7.97673355491422
-1.33691470653591,4.38821682864641,4,1.67874661511379,-1.99780487687181,3.25839623532305
0.141174032044434,7.2914503906282,9,6.9059315171219,0.144040653485853,7.3581652182685
-0.735844687388752,5.31192344834438,4,3.28665588386278,-0.769055786293508,5.26462840096403
0.00941891012941725,6.88625551367794,7,6.21112799780817,0.518459825431054,8.57824570228353
-0.925159240834075,5.02224117995355,3,2.7400409254576,-1.60887465149708,3.8670049552397
-0.0977350292308946,6.58584094352988,6,5.68552004126806,-0.4446779975318,5.83586141524842
0.821875635055763,9.36737525047618,8,10.5422341160429,1.3962669261848,10.6043117399635
-1.35232070812594,4.36377846029653,4,1.64160821814038,-1.3969438653765,4.23118738711967
0.452373099989323,8.31497770887593,8,8.64850921244357,-0.0156812725793391,6.86829545878656
-0.670430466774853,5.41565511479769,5,3.48781809839469,-0.487914096116733,5.75266128697202
-0.358165226084017,5.97566035406386,8,4.57049950298194,0.240708894686713,7.67322390025729
-1.11098028900781,4.74035209228648,6,2.24331624742558,-1.31098835192253,4.37857818655702
-0.0197586263394726,6.80162933515665,7,6.06421165016612,0.414068084758104,8.24544987484938
-0.452213839506731,5.79187147082774,7,4.21956931549571,-0.416813149182854,5.89109161696909
1.9233578947288,11.4133436920195,13,14.2626751846119,2.50819594620662,12.3291155916537
0.982924412563752,9.7315128393354,10,11.2460354972495,1.56180040990553,10.9069449051088
-0.819293307687845,5.18295017648254,4,3.0397735199733,0.0811662590482649,7.15966222040042
0.944099460428872,9.64821851786068,9,11.0830305390502,0.912933776950266,9.64053209494299
1.63215325526678,10.9271878080913,11,13.4850379743927,0.896143022205012,9.60200267647968
0.0258864526116534,6.93490562917981,7,6.29524463155038,0.00762899727533945,6.93662463609378
-0.335042578194244,6.02345990836491,8,4.66063881972613,-0.567440188954627,5.60658426454682
0.491318460077264,8.43932664642131,8,8.86377823642648,0.416731578796256,8.25411760932666
1.43543295413392,10.5835519088438,9,12.8886922487486,1.44048693473004,10.6856335408207
-0.766737608976916,5.26382104576508,4,3.1940603207106,-0.453681646794623,5.81829259440195
1.20315816139018,10.1651533301625,12,12.0993450305664,0.907281657660082,9.62762012981401
0.933404734830447,9.62481190441897,9,11.0374065443667,0.902041901238518,9.6155979535481
-1.37338751046529,4.33029473860951,5,1.59109081815605,-1.24260004911791,4.49447984689719
1.01115075333925,9.79052081481731,10,11.3620202151783,0.835188853892103,9.45758229544199
0.900354879585114,9.55113478286304,9,10.8943964042044,1.02713127907555,9.8899840476468
-0.0806587202135386,6.63177364033672,6,5.76667548121449,-0.353913926354326,6.02089077766857
1.05646566575789,9.882796433778,11,11.5439411889509,0.808484532276851,9.39193521962516
1.69297932617959,11.0317697508293,12,13.6574611593961,1.61486104133627,11.0028578632481
0.35447426490387,7.99418988928807,7,8.0989239062259,0.508647245883727,8.54766871841227
-0.442168681600638,5.81074810931255,7,4.255906816056,-0.831307599340801,5.16381558586064
-0.0920191730750633,6.60113208434042,6,5.71257255712107,-0.109439064553812,6.60617440294206
0.770262596599115,9.23917351409506,7,10.3007110725723,0.639380584613628,8.93978931423293
-0.78477359308266,5.23594663463768,4,3.140666302176,0.513638608048516,8.56324313960299
0.873335041696296,9.48931690708321,8,10.7751722783034,1.06859447138894,9.97586982763302
0.000215891279807957,6.85934312463988,7,6.16449181206556,-0.388086233473289,5.94945607415092
0.417675382472508,8.20239587440346,8,8.4548137434935,-0.128103438719269,6.55651305588165
0.705087327873547,9.06838494536995,12,9.98433489197428,0.340753832661201,8.00455167291182
-1.74638919895241,3.74068539709567,2,0.747777172937086,-2.07400389224077,3.15455217303077
-0.555381753015656,5.60684747259243,6,3.86072330494376,0.0257215391897017,6.99047616970745
-0.779025622069201,5.24481490313236,4,3.15763082929602,-0.410436405270446,5.90391916083883
2.04072237326539,11.5940474500666,13,14.543195977051,1.65580261336888,11.0763709709444
-0.644459997905278,5.45770990742692,6,3.56975015495564,0.252392002625429,7.71181072787371
1.02797822718953,9.82512462883236,10,11.4301823352689,0.716840870975221,9.15486559997233
-0.670430466774853,5.41565511479769,5,3.48781809839469,-1.07123351263689,4.77797896423459
-0.574207098974678,5.57461722029976,6,3.79787278470557,-0.332003635792976,6.06790238912663
0.310278857669679,7.84724852523842,6,7.84903451965959,-0.498309901553334,5.73307936373428
1.02305416871079,9.81504156614879,10,11.4103117509158,0.831194778493138,9.44785856465404
-1.1327836068562,4.70691574763772,6,2.18710816251221,-0.878364379194456,5.08822908978746
-1.29746374387841,4.45058465085395,5,1.77460831258175,-1.02700404255765,4.84964911382759
-0.53833476845362,5.63640509465412,6,3.9183035123952,0.319865089401685,7.93537930889547
1.00437782959842,9.77647441218268,10,11.3343796069741,1.56683977617019,10.9160807333794
-0.655540425257774,5.43969860781906,5,3.53464266279682,-0.903511802170294,5.04793761917802
0.861228696824918,9.46113597088011,8,10.72106935421,0.238204200907754,7.6649607391652
0.929376247502228,9.61594112893265,9,11.0201387317464,0.931153629421985,9.6817641053475
-1.0514738945188,4.83110208383303,6,2.39880361788155,-0.878356913466519,5.08824105808494
-0.653461558964216,5.44306986468843,5,3.54121211692928,-0.0387730779652107,6.80181574755822
0.430476377020614,8.24410449180554,8,8.52645314694207,0.468941965326939,8.42232895225086
-0.709606385970042,5.35319249281701,5,3.36648350571395,-0.491936062683865,5.74506672008979
0.129735108938733,7.2549715612646,8,6.84381107840881,-0.0731485142848931,6.70515414993239
1.03305984752341,9.83549409017948,10,11.4506241457469,0.536907080421889,8.63526667649092
0.433512921377752,8.25396970183943,8,8.54341767406208,0.597218342270874,8.81713326521549
-0.0356775291797305,6.75633156293542,6,5.9852312323051,-0.051855337437965,6.76470057635067
-1.75530227884514,3.727091411877,2,0.728845885978131,-0.775015996588174,5.25491831569237
-0.662225205023482,5.42888229421884,5,3.51357150872508,-1.68770930548482,3.73480213627522
1.22778437896644,10.2107155193915,12,12.187948961135,1.1844454249668,10.2059880763572
-0.78477359308266,5.23594663463768,4,3.140666302176,-0.445036915054672,5.83515852661372
-0.400557279963399,5.89080091625742,7,4.4092897518022,-0.464762815824355,5.79684871388785
-0.539567696761915,5.63425501481193,6,3.91411732347836,-0.226516523181626,6.30862973946947
-0.579113237759987,5.56628525113674,6,3.78161716314438,0.195893282913451,7.52603378694268
-0.784800588859112,5.23590501619577,4,3.14058674021088,0.0603264821102617,7.09536700234122
-0.0413054146507664,6.74046768005035,6,5.95751106213577,-0.465354198663837,5.79570974287391
-0.705512572931693,5.35966992447515,5,3.37904029797272,-0.974899194727468,4.93353064936179
1.75479558524983,11.1367872899442,12,13.8271792786686,1.58640427237849,10.9514985537585
1.30444948488405,10.3502954090137,13,12.4559946155543,1.12523343539755,10.0899675548127
0.475078896765751,8.38776178624176,9,8.77432493150798,0.315779095256228,7.92183623433394
0.452882379617522,8.3166184573141,8,8.65134000211278,1.01822823958681,9.8712494357787
0.522163655171916,8.53602053478251,9,9.03230759854002,1.13061557466025,10.1006394578455
-0.369595553600954,5.95243380066359,8,4.52652371125142,-1.05462883502335,4.80494491749053
-0.854162269432407,5.12978865385169,3,2.93950408764409,-0.489811227143949,5.74907603333534
0.90771808137301,9.5677297200933,9,10.926524309235,0.6221367287845,8.89008901920892
1.10122789056338,9.97131896665599,11,11.7186698001662,1.03982365618585,9.9165079173445
-0.599772545245441,5.53149159830003,6,3.71371486389776,-0.616079441414833,5.5209741759876
-0.467304925611233,5.76382302092574,7,4.16546639140229,-1.19389739904496,4.57608053482473
1.24279402884871,10.2382934326986,12,12.2413429796696,1.14058711975775,10.1203405430557
-0.873390888472384,5.10059087713065,4,2.88488006070803,-0.391134450327321,5.94319172197941
0.356155253976947,7.99976475140337,7,8.1084216949951,0.25063418597026,7.70600079546344
0.0086852820558661,6.88410283237265,7,6.20740044870208,-0.146537836195034,6.50829703654195
-0.645336248311034,5.4562817130178,5,3.56696552725967,-1.13523181052635,4.6732703689678
-1.72010165294553,3.78101227394914,3,0.803955819167651,-1.17608833765638,4.60571190718709
1.26441804871327,10.2777941303533,13,12.3174717722183,0.349605624479801,8.03381814337293
0.00625427174647924,6.87697858029211,7,6.1950607549065,-0.335381657527319,6.0605908340675
0.465680091926731,8.35772686065325,8,8.7223450414562,0.0547663383944503,7.0783522725037
1.2800973535144,10.3062809941132,12,12.3720957991544,0.989228838384333,9.80944726243619
-1.58362460416966,3.9948501969274,3,1.10371785236614,-1.30468497459676,4.38931945749355
-0.820493202293285,5.18111527432589,4,3.03629623661528,-0.88807931372666,5.0726590583725
-0.0501112715687392,6.71580497214207,6,5.91435157657681,-0.0967988876114895,6.64028806379596
-0.597098996702752,5.53596846963376,5,3.72245289771564,0.219497693578592,7.6033706077345
-0.544364882087775,5.62590778362661,6,3.89786170191717,-0.283550675186836,6.1754203333052
-0.536771827104302,5.63913349303796,6,3.92361511224755,-0.57851116662038,5.586874022025
-0.9725889364462,4.95058203699116,3,2.60999701153161,-0.488507168542147,5.7515399128172
-0.374209776393269,5.94313122210511,7,4.50887899114521,-0.0151380367160296,6.86987404116385
-0.501719686539125,5.70118328672383,7,4.04421136068667,-0.0421760102516202,6.79212292308445
0.448333581304621,8.30195082627796,8,8.62604238628508,0.337882731456359,7.99505220727055
0.850531333307704,9.43597895258498,8,10.6729073735626,0.801229658446788,9.37383981101337
0.91258481312747,9.5786406315108,9,10.9476750252718,1.41062644672655,10.6307622377676
0.566102164738174,8.67063020493128,9,9.26885259924863,-0.43599860388639,5.85292371143348
-1.57217499302951,4.01303744560015,3,1.12947126269653,-1.32677796579021,4.35162530481591
0.84860479928159,9.43142247415653,8,10.6641980523173,0.958377810544425,9.74230312164517
1.16017160866625,10.0845455284086,11,11.9416103851539,1.9249784909067,11.5401261132061
-0.848233788205961,5.13880588789061,4,2.95643990219148,-0.898426787825902,5.05608216549483
-1.48454057998981,4.1528442228927,4,1.32961461786921,-0.73244696251762,5.32462148700837
0.387501202379443,8.10339932375233,7,8.28527219032082,0.135081459789734,7.3295050457134
0.0525674796134956,7.01503156781502,8,6.43329721420515,0.865230692553946,9.52967747217863
-1.93707005298576,3.46043437207075,1,0.355940679429058,-2.98648737305424,2.22905243668019
1.41876513354369,10.5541168836601,9,12.835298230214,1.64405367976823,11.0553255551108
-0.0708882898863934,6.65839169303824,6,5.81356162457934,-0.0264511225968794,6.83713771084711
-1.19605504684119,4.60923810852356,6,2.02617892645008,-1.01611323329651,4.86722441033752
-0.555381753015656,5.60684747259243,6,3.86072330494376,-0.130990342860783,6.54890751354281
0.121806816267644,7.22981352442693,9,6.80093210796747,0.107292498724905,7.24137031711065
0.365999069312214,8.03237967595069,7,8.1640171596052,-0.144329447085872,6.51402951177047
-0.775841546533834,5.24973343319064,4,3.1670490561001,-0.752535029563781,5.291622920621
0.883207269210716,9.51207374970414,8,10.8189765172145,0.596829820688516,8.81598530756585
-0.595360219523541,5.5388841001273,6,3.72814358264467,-1.20187868445065,4.56276466652699
-0.0917457322499293,6.6018657092171,6,5.7138695550311,0.411147215736946,8.23593616386919
-0.139527899742913,6.47660206366648,5,5.49116308844437,0.345973829945536,8.02181449940046
-0.826111412480006,5.17252952735693,4,3.02004061505409,-0.482414573906173,5.76308451373356
-1.49654039897128,4.13366257372102,4,1.30189444769988,-2.63588285319265,2.53217511369944
-0.846482863008163,5.14147056471028,4,2.9614503941343,-0.569724043363344,5.6025067726868
-1.29566061528781,4.45342727560748,5,1.779016047443,-1.99815177240796,3.25791112095672
0.139224288775052,7.28521795552194,9,6.89532244088504,0.00043481850603059,6.91540809164063
-0.0225547337551996,6.79362769240207,6,6.05027817810735,-0.288215806104991,6.16484833188221
1.28770113093478,10.3200528520454,13,12.3984144081029,0.996205212539959,9.82442714982766
1.13852899645374,10.0433676886744,11,11.8606677492694,0.403290029548523,8.21030203661173
-1.73238699733703,3.76212335495355,2,0.777637210219197,-2.1815468007455,3.01705725106014
0.631116387338997,8.86226088625801,11,9.61015384814269,0.81305834664315,9.40328566263771
0.353653825560182,7.991468445495,7,8.09428795754429,-0.237607327804055,6.2821420611264
-1.93671231134344,3.46093697648847,1,0.356649584987883,-2.16648140107992,3.03570091940888
-0.479049581273316,5.74224413345598,7,4.12375846742023,-0.31308126570291,6.10929663680909
0.457873144849154,8.33267783710171,8,8.6790601722821,0.20237124903708,7.54720996032973
1.33044618921018,10.397010800373,9,12.5443250802258,0.139586852257345,7.34390348647577
-0.787757868422037,5.23134765790599,4,3.13187741896563,-0.566766382496031,5.60778839862655
-0.594586013920121,5.54018334060697,6,3.73067939101777,-0.441590754714276,5.84191610793894
-0.474460577893853,5.75065015207936,7,4.14001408898142,-0.685050195364054,5.40339499159374
-1.41757759843466,4.25985915126838,4,1.48612084768441,-1.33758642551654,4.33313904077602
-0.00314161058618779,6.84957485963981,7,6.14754526794795,0.266941352368199,7.75994716869812
1.82806600417115,11.2590528589565,12,14.021315569617,1.55946679646721,10.9027125820499
0.000356185451739157,6.85975187979988,7,6.16520071762439,-0.116542794178433,6.58717310369748
-0.489589352727195,5.72305914369869,7,4.08662007044683,-0.165825619426925,6.45873475828088
1.24420913451432,10.2408864775575,12,12.2463534716124,1.24189901099605,10.3160934058419
0.0731639978873302,7.0779354075701,7,6.54129850223466,0.554544659733173,8.68919485037862
-0.599772545245441,5.53149159830003,6,3.71371486389776,0.472012511344528,8.43210875957819
0.773551086450278,9.24752458854588,7,10.3163373505398,0.50938739619896,8.54998088777025
-1.17728171789751,4.63832451306641,6,2.07359812815307,-0.550619215384326,5.63680455932135
-0.69936270682647,5.36942134195782,5,3.39795631354599,-1.42069957337213,4.19023773316803
-1.32708888730392,4.40378018248549,5,1.70251982441828,-1.22900689804033,4.51733753195307
1.14553553872179,10.056745825211,12,11.8869863582178,1.40956149248234,10.6288020586435
-0.533348609793588,5.6451204097274,6,3.93526803951521,-0.418715577053977,5.88727851732032
-0.72733979637879,5.3252555231679,4,3.31240929419316,-0.902656867088385,5.04930688925837
-0.700989674527532,5.36683910640211,5,3.39294582160316,0.160094430864251,7.40979368682484
-0.53079519600301,5.64959608789105,6,3.94397736076047,-0.183962998735988,6.4129515066326
2.24996826208488,11.8856205376656,15,15,1.97463114433946,11.6201203599996
1.71224108893174,11.0646476130604,12,13.7109347398958,1.84891994766358,11.4136601182034
0.419491978248972,8.20832621090272,8,8.46499171801786,0.604424931767034,8.83836874165439
-0.372056487621276,5.94746717645289,8,4.51710548444734,-0.178528294236813,6.42658666306242
1.05927413661108,9.88842322503245,11,11.5550468694817,1.08211167636873,10.0034161006701
-0.138656252774284,6.47883428468498,5,5.49515472102797,-0.629514297304777,5.49774934371534
-1.29257575249052,4.45828885518437,5,1.78656234775893,-1.43203305316091,4.17068438924934
-0.892371901643217,5.07182934469045,4,2.83140648020831,-0.780724472708898,5.24563161718783
1.0022303418873,9.77200614962427,10,11.3255907237637,1.26987405097817,10.369015808465
0.106537700906477,7.18166626564206,8,6.71877765642565,0.638735085537334,8.93794060802988
-1.93707005298576,3.46043437207075,1,0.355940679429058,-1.65483449780073,3.78954976020605
1.16017160866625,10.0845455284086,11,11.9416103851539,1.28128022211982,10.3904854909768
-0.0657573800821551,6.67246787833559,6,5.83831488466306,0.0403324817775978,7.03446780503691
-0.953007794867033,4.98016671757346,3,2.66339103006621,-0.597319157688786,5.55369894742829
-0.844915944070713,5.14385581497876,4,2.96593769096067,-0.430954142997704,5.86289826106448
0.389165469436943,8.10888150117639,8,8.29464425515166,0.225887619767015,7.62438272385358
-0.0195198915243382,6.80231341201753,7,6.06540249959891,0.00287770573543259,6.92259976020085
0.50270737987425,8.47522592211694,9,8.92622305128919,0.157610252130745,7.40178271054068
1.04710946432822,9.86397657405917,11,11.5068027919775,0.483234227226877,8.46773098112585
0.405034094225313,8.16102999095238,7,8.38388999922083,0.433103815737219,8.30722741287023
0.442765482547041,8.28395810329683,8,8.59503563194385,0.780623050452252,9.32182225674961
1.41677757284099,10.5506030429125,14,12.8288998221034,1.17593901426914,10.1894961293148
-0.706509041589304,5.35809225647041,5,3.37598129448315,-0.652601816006241,5.45821846859869
0.659075880619798,8.94169940136988,11,9.75342763452838,1.41812246772548,10.6445530843154
-0.725465629426883,5.32819904446455,5,3.31809997912219,-0.359877818517915,6.00826081005032
0.900354879585114,9.55113478286304,9,10.8943964042044,1.79629879824349,11.3237393044209
-0.552580383957988,5.61167988483167,6,3.87014153174784,0.489122894785379,8.4863467077144
0.112324785336798,7.19986598943909,9,6.74984720842384,-0.116984978338888,6.58599439546068
-1.59599476966468,3.97523181991267,3,1.07599768219682,-1.58769419218739,3.90300041324184
0.896642751748097,9.54272833180508,9,10.8781407826432,0.800281913792476,9.37146757014871
-0.339796756159464,6.0135413603078,7,4.6419750143413,-0.399546231377684,5.92599361630338
0.865450607399816,9.47099829837923,8,10.7399853697832,0.970827480264946,9.76957916761271
-0.525645724315386,5.65864841627568,7,3.96158664846367,-0.00811853535414538,6.89033163430539
-0.377413606491512,5.93669666669319,8,4.49666367396931,-0.613818078347587,5.52490028753247
1.08505101337771,9.93960419141146,11,11.6560791007719,1.52614274739479,10.8421614501837
0.520040698816559,8.5294208284837,9,9.02077010289463,0.829562288193547,9.44387468064996
-0.827882850599076,5.16982432274233,4,3.01492397463402,-1.60809600151647,3.8683252053812
0.414784444295384,8.19295081860205,8,8.43860896409377,-0.104781772395446,6.61869849773473
-0.569374815195313,5.58285067721235,6,3.81393344683448,-1.21831062277815,4.53527940968634
-0.572970089880069,5.57672232901881,6,3.80197941165729,0.17580787620838,7.46064035080448
-0.671384203711199,5.41412110177603,5,3.48483247919652,-1.63458469793343,3.82355596475344
0.525784837827964,8.54725821136517,9,9.05196537883118,1.45357032100725,10.7096233740755
-0.692235984692269,5.38075386584144,5,3.41995708621367,-0.861633523183935,5.11506533976694
0.504970382481414,8.48233226545497,9,8.93860118517432,0.468346245333667,8.42042997252075
-1.44030909910388,4.22355212559979,4,1.4326472671847,-1.44587952193416,4.14678695843789
-1.82273436691694,3.625686076859,2,0.587556842433781,-2.18159519231727,3.01699768063531
-1.66210501726563,3.87108625195166,3,0.929698146709637,-2.19264407491664,3.00344878362726
-0.642669552782154,5.46063023186255,5,3.57544445666964,-0.734393283432647,5.32141517883666
-0.530606336507054,5.64992746550231,7,3.94462212134366,-0.756712620200204,5.28478525395482
0.941866968432546,9.64334948876485,9,11.073532750281,0.494851996881501,8.50440531278612
-0.823746503379094,5.17614244561493,4,3.0268780098112,-0.118419044552822,6.58217495326832
1.11133517127249,9.9909854742208,11,11.7574635471345,1.21892498565039,10.2723149491885
-0.555381753015656,5.60684747259243,6,3.86072330494376,-0.790879592278085,5.2291412203636
1.18753441045523,10.1360243763589,12,12.0424737286738,1.33140524743629,10.4842103158316
0.363120033480072,8.02284655210247,7,8.14776153804401,-0.0240521392969932,6.84405522342505
-0.720122279923634,5.33660265324349,5,3.33435560068338,-0.534001520401369,5.66699938256644
-0.784800588859112,5.23590501619577,4,3.14058674021088,-1.05942661071459,4.79716109108121
-0.797198837436681,5.21682135706095,4,3.1041572487963,-0.378958006683065,5.96831922354535
-0.465870785160883,5.76647282422304,7,4.17058303182236,-0.183632360769825,6.41377901251673
-0.149775062034336,6.45050678698223,5,5.44443480929781,0.149046675467443,7.37422783475905
-0.370746702255407,5.95010907961614,8,4.52211597639017,-0.487774665724461,5.75292499548882
0.249229513536029,7.64425969713377,11,7.50473348917404,0.574893942837584,8.75066332927994
0.0380928095325906,6.97136669269159,7,6.35813643885417,-0.210741971323965,6.34680008950093
1.08634010602965,9.94214254430537,11,11.6610895927148,1.71020322914341,11.1731914526599
0.293968386933148,7.79294237664483,11,7.75685392568868,0.644123243245873,8.95334405272039
1.04198286346745,9.85361487274086,11,11.4863609814994,0.855687410008186,9.50697242458361
-0.555381753015656,5.60684747259243,6,3.86072330494376,-0.492265576007993,5.7444455577869
0.557250547287112,8.64382691934575,10,9.22155777416532,1.05007076698301,9.93776866170988
0.027720038751509,6.94036118536104,7,6.30466285835446,0.337995910622187,7.99542673496849
-0.844915944070713,5.14385581497876,4,2.96593769096067,-1.51769682888969,4.02292606861242
-1.94150945483562,3.45420518518771,1,0.347151796218686,-2.38229915200151,2.78601973035611
0.450792354843968,8.30988271240796,8,8.6397203292332,0.200577657596327,7.54134292072079
-0.348632950021841,5.99523192369467,8,4.60746634713594,0.151472323800366,7.38202304460817
0.435984482435085,8.26199093818228,8,8.55721704921528,0.062774436968228,7.10287701535796
0.507266873339124,8.48953446389393,9,8.95115215859359,0.653055251116044,8.97873680296385
-0.292938230360723,6.11342723287241,9,4.82895537777776,-0.346063226636953,6.03762420172915
-0.477633532749839,5.74483455424759,7,4.12876895936306,-0.838935225453069,5.15153759395665
-0.235941269526368,6.24163198202646,4,5.06578445164225,-0.632321712886241,5.49291732873543
-0.647227167486828,5.45320199335443,6,3.56096127174527,-1.15113029863251,4.64705025494353
-0.0686693080178405,6.66447102006973,6,5.82425568866593,-0.143749743911749,6.51553625802894
0.696846415872741,9.04606746002221,6,9.94343214399075,1.22376092703744,10.2815559162182
1.05334213097388,9.87652634106616,10,11.5315667816314,1.41901165807579,10.6461882328034
0.387478879203566,8.10332577442744,8,8.28514646638246,0.74459568598094,9.22863520198226
-1.32708888730392,4.40378018248549,5,1.70251982441828,-0.967744100328248,4.94501528460814
-0.118250074492937,6.53165394456292,5,5.58935723589058,0.899771288782382,9.61037248306891
0.821875635055763,9.36737525047618,8,10.5422341160429,1.44853416587932,10.7003926239284
1.05837348428572,9.88661987468858,11,11.5514874892668,0.651846466671086,8.97531073272686
1.75479558524983,11.1367872899442,12,13.8271792786686,1.7821706275835,11.2993029489909
-1.76713675806178,3.70910699578671,2,0.703801381206569,-1.70008766660765,3.71435000188049
0.414424616550083,8.19177458116138,8,8.43659136209337,0.383317210798899,8.14488831071222
1.22347031582672,10.2027630927686,12,12.1725176425998,1.39768903907706,10.6069332676239
0.151677305958787,7.32512453978675,9,6.96322474013166,0.0134358193147738,6.9538318832441
-0.0742680074163131,6.64915649883704,6,5.79730600301815,0.365658619847763,8.08679587655285
-1.55870076683238,4.03447208644124,4,1.15989649859671,-1.67980048423943,3.7479174150249
0.286042850978566,7.76656149545868,6,7.7120979046607,0.112697346123001,7.25841745714999
-0.630101694314565,5.48120987682184,5,3.61558529868133,-0.302007515670737,6.13387184651112
0.762325888842191,9.2189141239279,7,10.2628637700401,0.885856532988431,9.57813900425003
-0.535564558018994,5.64124316445454,6,3.92772173919928,-0.809038924394705,5.1997403944809
0.12193811579937,7.23022930274245,9,6.80164101352629,-0.157525005023208,6.47995333165573
-0.195356399776392,6.33768861062398,5,5.24097543127043,-0.0810961834143086,6.68320573973032
-0.0612264143345314,6.68495397540327,6,5.8602486524834,-0.107912093796836,6.61027482699434
-1.75530227884514,3.727091411877,2,0.728845885978131,-1.47942937905166,4.08888143757376
-0.470377304563042,5.75815723889944,7,4.15452236969345,-1.03927661472353,4.82981190787658
-0.647008922536174,5.45355728831461,5,3.56165392740732,-0.413222365491636,5.89830605418107
0.000215891279807957,6.85934312463988,7,6.16449181206556,-0.236447833186297,6.28489783158955
0.59041083848632,8.74337977918501,10,9.39774606673827,0.0393546543220286,7.03150998171717
-1.32110611721032,4.41324709366136,5,1.71702810513031,-0.43144170020274,5.86193232214976
0.364637757015199,8.02787269779091,7,8.15633141020172,0.524421739835403,8.59674125158578
0.573813824898269,8.69384703916678,10,9.30990188388998,1.11057015382309,10.0607509021179
-0.0405892903127729,6.74248189685553,7,5.96103243403818,0.224053604874268,7.61834892034517
0.435984482435085,8.26199093818228,8,8.55721704921528,-0.202667576303695,6.36656577102184
0.935149949382186,9.6286456557711,9,11.0448732827175,0.86904395958275,9.53869941359278
-0.575594694402081,5.57225793048834,6,3.79327009041204,-0.0448210796146868,6.78460742900291
-0.583290059921327,5.5592132108838,6,3.76781778799118,0.036274511097801,7.02220563197409
-0.761041056385073,5.27265524346641,4,3.21102484783061,-1.28110995589815,4.4293917264437
-0.38840912446243,5.91476459601922,8,4.45496386976797,-0.165700431107506,6.45905353084943
-0.594586013920121,5.54018334060697,6,3.73067939101777,-0.644868556166963,5.47140807845676
-0.432478977939684,5.82911785061706,7,4.29120871894427,-0.941502669397864,4.98708941596424
-1.39502909295567,4.29582897439755,4,1.53951486621901,-1.89279502095787,3.41043507624452
-0.712682928099104,5.34833175383305,5,3.35706527890988,-0.710554250870772,5.36083384904687
-1.05088587470471,4.83199560247228,2,2.40035586758974,-0.853081972205365,5.12879610660486
-0.135399001665217,6.4871932161864,5,5.51009437540333,0.23400318468851,7.65110946854927
-0.802997975953165,5.20791500452969,4,3.08719272167629,-0.0565012477333935,6.75161655478328
-1.82549913355232,3.62158642158861,2,0.581837444932126,-2.84114384734041,2.3493234355905
0.301594237744537,7.81833205735703,6,7.799942087509,0.560925680836726,8.70855796223559
0.0254575730733169,6.93363066799746,7,6.29304318547488,0.290836393287712,7.8391316973721
0.511087941354074,8.5014970210904,9,8.97201203304165,0.0360636298476983,7.02156932246425
-0.928593154842406,5.01705198551023,3,2.73054313668841,-1.54500893860012,3.97598865103957
-1.62856333080181,3.9237617535884,3,1.00353397572226,-1.71938867146121,3.68265151706716
0.481819994751806,8.40921860572489,9,8.81151417064284,0.919163922049922,9.65469755251007
1.56992298095127,10.8192445201589,10,13.3029220411879,1.83243564602826,11.3856868020412
-0.552580383957988,5.61167988483167,6,3.87014153174784,-0.818491943231446,5.18447467234737
-0.462010208274991,5.77362210788352,7,4.18438240697556,-0.0399609769942689,6.79842910376565
-0.69936270682647,5.36942134195782,5,3.39795631354599,-1.13046457404955,4.68111578776724
1.01170026756309,9.79165742115192,11,11.3642575961375,0.401879079156536,8.20569252315205
1.22347031582672,10.2027630927686,12,12.1725176425998,0.418623494281442,8.2602698865417
-0.606741694751387,5.51985660315134,6,3.69100518567126,-1.34779657362889,4.31565101816448
-0.596891066194683,5.53631696519777,6,3.72313309070183,-0.632718818126805,5.49223442371142
-1.04040527568556,4.84791216846684,2,2.42807603775906,-1.25664371401324,4.47079937958032
0.0370652998751711,6.96828458333467,7,6.35282483900182,0.376628401971444,8.12290941380801
1.11929335213212,10.0063931856358,12,11.7878414631742,1.24573541115474,10.323374842619
-0.638914238941069,5.4667645768856,5,3.5874073377377,-0.963339783078329,4.95208159414972
0.741668572186158,9.16548795950553,12,10.1634712380509,0.678330929821301,9.04962694410543
0.0525674796134956,7.01503156781502,8,6.43329721420515,-0.0997030135327736,6.6324160203992
1.01793023410749,9.80451194997555,10,11.3895688325282,0.714827008855559,9.14944531430313
-0.779052541463591,5.24477333839482,4,3.1575512673309,-0.18699888898026,6.40536571428946
0.461557914893741,8.34451179242845,8,8.69950198276014,0.290494991896927,7.83799970658076
0.325643297583436,7.8983907095699,6,7.93591894802663,-0.0441252909200092,6.78658280444259
-0.286118466655422,6.12836945453997,8,4.85673969292272,-0.167263986316475,6.45507490738989
-1.55870076683238,4.03447208644124,4,1.15989649859671,-1.05993742333807,4.79633199315739
-0.507603030326096,5.69064992523296,7,4.02376955020864,-0.126283793332371,6.56131734729576
0.398803080057837,8.14058095102209,7,8.34887290318343,0.942901609622036,9.70804208835157
0.0794569863535827,7.0973290290053,8,6.57453541558804,-0.346058464791046,6.03763438883661
-0.0187544045963421,6.80450779815017,7,6.06922214210895,-0.04693660217071,6.7786083238125
0.94203348804728,9.64371297347669,9,11.0742416558398,1.06426406950323,9.96699991852746
-0.488162872671205,5.72564590812602,7,4.09163056238966,-0.942404635029202,4.98564418791083
1.71224108893174,11.0646476130604,12,13.7109347398958,1.56069375502948,10.9049379726467
-0.47426078778178,5.75101686160332,7,4.14072299454025,-0.614216742599187,5.52420777775667
-0.823746503379094,5.17614244561493,4,3.0268780098112,-1.24706836047331,4.48695247864077
-0.919037655250479,5.03149334710742,3,2.75700545257762,-1.00066272730541,4.89211633952914
0.593949525164393,8.75386274990743,10,9.4163849876702,-0.229100069572876,6.30243394020105
-0.653237379881692,5.44343362817479,5,3.54192102248811,-0.450560443066836,5.82436807754952
0.429441121018207,8.24073854886536,8,8.52066674459308,-0.0540399709172114,6.75854176979388
-0.551371023882571,5.61376903154601,6,3.87421272629656,-1.34200291110422,4.32557733882025
0.534419638137994,8.5739534655164,10,9.09872579825766,0.861270516121334,9.52027754937264
-0.51776260623126,5.67257527501446,6,3.98866205804981,-0.49770008789973,5.73422371451338
-1.41761130831774,4.25980533881284,4,1.48604128571929,-1.28184893422905,4.42813813473091
-0.533348609793588,5.6451204097274,6,3.93526803951521,-0.459413162604978,5.80717683464532
-0.336107405135141,6.02123424992352,8,4.65645263080928,-0.0940082143024152,6.64787182787611
-0.267787358933783,6.16906158379652,9,4.93215957991265,0.210524822003952,7.57391685868302
-0.53833476845362,5.63640509465412,6,3.9183035123952,-0.278630838187341,6.1866215519832
0.511087941354074,8.5014970210904,9,8.97201203304165,1.27571594629571,10.3800192606781
0.862413035268276,9.46390633573334,8,10.7263809540623,0.787193247639347,9.33850771711475
-0.0903051317383944,6.60573393387749,6,5.72070694978821,-1.08668854159498,4.75280958597095
0.899371697786321,9.54891091474604,9,10.8900948178204,1.30410932617616,10.4332895680643
-0.621477400168624,5.49541636080759,5,3.64330546885066,-1.16039987618459,4.63172236864389
0.957370793088033,9.67698098260608,10,11.1392091852807,0.958385873086435,9.74232086707413
-1.22874699036334,4.55837195931256,5,1.94424686988913,-1.12538273268981,4.68947052583604
-0.84056486209839,5.15048236220231,4,2.97841492125432,-1.35030806586843,4.31134577740673
-0.464666220471715,5.76870097097946,7,4.17488461820636,-1.11591671026836,4.70501011706999
-0.912479247101656,5.0414082928791,3,2.77522783397775,-0.120874803184791,6.57564600565327
0.572871065626219,8.69101555079734,10,9.30489139194715,0.223509082605578,7.61655792708642
-0.530606336507054,5.64992746550231,7,3.94462212134366,-0.963279561644685,4.9521781986558
0.557250547287112,8.64382691934575,10,9.22155777416532,0.253104605984329,7.71416641692414
-0.438081585514982,5.81847691674327,7,4.27076690846624,-0.411190284954365,5.9023988985857
-0.544364882087775,5.62590778362661,6,3.89786170191717,-0.53218382667236,5.67032345571608
0.0407093440212656,6.97922580775904,7,6.37167670236842,-0.479349744653074,5.76891285995184
-0.473281194597286,5.75281577639618,7,4.14420027789827,-0.838769445893602,5.1518043153656
-0.501719686539125,5.70118328672383,7,4.04421136068667,-0.430681360071123,5.86343886943438
1.00083443206978,9.76909788930875,10,11.3198713262621,1.39531929295396,10.6025646228805
-0.702652608466713,5.36420162899017,5,3.38782918118309,-0.913925464032434,5.03126018715833
-0.474460577893853,5.75065015207936,7,4.14001408898142,-1.09291663194782,4.7426466354547
1.16568167017643,10.094962074743,11,11.9620521956319,0.827015641267507,9.43764884060549
-0.15210300815609,6.44461617593914,5,5.43386986543461,-0.0789140734884493,6.68921678889096
0.119525560636215,7.22259430893854,8,6.78862185285468,0.321403829220567,7.94047868577417
-0.0269090086081543,6.78120527985594,6,6.02863153310146,-0.310847145726221,6.11423361104375
-0.925159240834075,5.02224117995355,3,2.7400409254576,-1.06281261460662,4.79166395604896
-0.486909163028987,5.72792188259765,7,4.09603829725091,-0.300356493824555,6.1375583546612
0.398411664772427,8.13929516483854,7,8.3466720402823,1.42058358112866,10.6490784904855
0.326956190935139,7.90275895051067,11,7.94334396741936,0.162732913261071,7.41831072209433
-0.787757868422037,5.23134765790599,4,3.13187741896563,-0.728179127238738,5.33165938535576
-0.278845050679066,6.1444225092178,9,4.8865355852292,-0.520809061350253,5.69122307967087
-0.555381753015656,5.60684747259243,6,3.86072330494376,-0.474292249092427,5.77856165654132
0.600817058360667,8.77412766109069,11,9.45246503161122,0.704818007592025,9.12237010317734
-0.630460587217616,5.480620198301,6,3.61443485224498,-1.39522085131433,4.2341550452675
1.12785375056726,10.0228935546478,11,11.8203553544383,1.71810802711881,11.1871635498882
1.64716888969918,10.9531010979627,11,13.5281099011321,2.14376502976355,11.8751040435848
-0.472849485188741,5.75360903688288,7,4.14573348648308,-0.756564528571055,5.28502750458549
0.57862590197915,8.70826992461197,10,9.33544235178568,0.591984617475131,8.80164270397372
-0.551904177706745,5.61284779612816,6,3.87241751927702,-1.22763387858205,4.51964283690605
-0.609527556343516,5.51521949643201,5,3.68195438934314,-0.328987100289047,6.07445136991057
-0.031985969195435,6.7667801951989,6,6.00347159670763,-0.0936343360521534,6.6488892887066
-1.82515629426014,3.62209452949715,2,0.582546350490951,-2.02298100249234,3.22348345528126
-0.00232520517403649,6.85194761893216,6,6.1516626244699,-0.431079335081205,5.86265019442033
-1.26143090995523,4.50724766926491,5,1.86313268118521,-0.66808546385314,5.43195703270951
-0.304498153906321,6.08833851645659,8,4.78219495835127,-0.923026707283178,5.01668487179714
-0.659234101702962,5.43371751430354,5,3.52298973552915,-0.18921552065794,6.39984100336642
0.381180577692722,8.08255834831994,7,8.24965989637799,-0.0776329391173378,6.69275125450291
-0.472849485188741,5.75360903688288,7,4.14573348648308,-1.12485210394244,4.69034240122206
-1.55573531191539,4.03919360644136,3,1.16660965966993,-2.71591064906369,2.45885142992371
1.06686344530716,9.90357782682901,10,11.584960800166,0.806040581096025,9.38585199803661
-0.72153476426593,5.33437953705698,5,3.33005401429937,-1.07921737836198,4.7649855530603
1.88200996475507,11.3471366707231,13,14.159470982477,1.86342955115727,11.4381247742068
0.938053494548332,9.63501165127009,9,11.0572771287198,0.903578994983266,9.61912992571231
0.848448092756604,9.43105149574319,8,10.6634891467585,0.844958663702898,9.48122881134219
1.00356085407789,9.77477537004765,10,11.3310374402252,1.8979920694786,11.4957708262053
1.0426833738987,9.85503282220566,10,11.4891580718713,1.7419176188098,11.2290791262318
-0.829618949120608,5.16717394771677,4,3.00991348269119,-0.570348803707739,5.60139239779368
0.429047318626742,8.23945783329866,8,8.51846529851758,0.815087132901867,9.40830610039747
0.340880077819619,7.94905725112216,6,8.02208335547766,0.816400364820671,9.41155117878342
0.963584017471329,9.69034135932034,9,11.1653452974728,0.621684889281368,8.88877800260737
0.612582737567,8.80859994047085,10,9.51399060551106,0.572168100298918,8.74247733647017
0.73201067478335,9.14016229949877,7,10.1165642345529,0.87264181947115,9.54718554373932
1.16534961512752,10.0943350792615,12,11.9608221872305,1.4693243889165,10.7384705590579
-0.761041056385073,5.27265524346641,4,3.21102484783061,-1.0753719295642,4.77124616630362
1.12785375056726,10.0228935546478,11,11.8203553544383,1.73342740332421,11.2141626434298
-0.84623524645829,5.14184746184965,4,2.96215929969313,-1.05892396748219,4.79797686034865
-0.546517711978728,5.62217128141554,6,3.89058334222587,-0.988693559807348,4.91136954933539
1.28770113093478,10.3200528520454,13,12.3984144081029,0.975694760932753,9.78017570016075
0.0951465040291,7.14602091853175,8,6.65786903336986,-0.310807872954774,6.11432049107563
0.0687841590982969,7.06448508000972,8,6.51823104541912,-0.170439748106644,6.44701209963617
0.582774963613815,8.72066543561168,10,9.35741737084853,0.861684427081872,9.5212614688441
-1.16029213759676,4.664570480435,6,2.11674961685761,-1.16096249632072,4.63079107310313
0.0736162307153043,7.07932642617685,8,6.54368334783998,-0.272036864792841,6.20171864829952
0.773700434881443,9.2479032578173,7,10.3170462560986,0.451638650513453,8.36696771595629
0.5281452462732,8.55456988007437,9,9.06476387762755,0.0967188069380033,7.20816013411855
0.428765250178068,8.23854038168073,8,8.51688835332554,0.0963972840426993,7.2071532453253
-0.0195198915243382,6.80231341201753,7,6.06540249959891,-0.133029691892426,6.54354710040733
-0.0870902863596162,6.61438554652975,6,5.7359911409064,-0.031322565236353,6.82313142896878
-1.4902545318597,4.14370991485449,4,1.31640272841191,-2.14450549068404,3.06325077463489
0.429943662865969,8.24237263263834,8,8.52347579046041,0.31799585501817,7.92918406803118
-0.709606385970042,5.35319249281701,5,3.36648350571395,-0.761753240685711,5.27654564965225
-1.4902545318597,4.14370991485449,4,1.31640272841191,-1.0770531660137,4.76850954685414
-0.552580383957988,5.61167988483167,6,3.87014153174784,-0.876237765001282,5.09163847462963
-0.797440845069725,5.21644943601912,4,3.10344834323748,-1.02405545038738,4.85441002126624
-0.903240610433348,5.05538084179666,3,2.80098124430814,-1.51678642681365,4.0244930148908
0.990114890699686,9.74666350070214,10,11.2757805401634,0.604431049819679,8.83838672287798
-0.847985975896092,5.13918298251336,4,2.9571488077503,-0.762853741310775,5.27474823325962
0.560077627379847,8.652405277643,9,9.23668344297555,0.432981641903247,8.30683222633624
0.0414798487803542,6.98154300941206,7,6.37566789769788,0.710650706690683,9.13817561318685
1.29362927582051,10.3307713891987,13,12.4188562185809,1.97740728448882,11.6245283105346
-1.39873053543838,4.28992813702421,4,1.53072598300864,-1.30964663798606,4.38086544842311
0.450664881741162,8.30947169491173,8,8.63901142367437,0.720215331477239,9.16392736738862
-0.761041056385073,5.27265524346641,4,3.21102484783061,-0.871317852091882,5.09952781736306
0.484761883810016,8.4185596525941,9,8.82771895004258,0.744217234141338,9.22764096860883
-0.530606336507054,5.64992746550231,7,3.94462212134366,0.132626413781282,7.32167145764313
0.600046855637936,8.77186016822081,10,9.44842472722593,0.0237258949042114,6.98450203587075
0.0837656160029293,7.11065289323741,8,6.59735445681883,0.359838452420962,8.06760460561713
-0.0928247696978251,6.59897183881809,6,5.70875291461102,0.370874489180994,8.10397693675457
0.0086852820558661,6.88410283237265,7,6.20740044870208,0.196478156930307,7.52794410444066
0.460803016358323,8.34208898295542,8,8.69531579384329,-0.0474658676006669,6.77710909594346
0.896642751748097,9.54272833180508,9,10.8781407826432,1.99838830373563,11.6576126631239
0.902672050630428,9.55636852815486,9,10.9045235365673,0.741266541220241,9.21987816625428
-0.695814101415733,5.37505975227434,5,3.40890033525483,-1.53376015241462,3.99530232909298
-0.324756902384394,6.04508245291348,8,4.70125232246675,-0.849371008655352,5.13475817816803
-1.94150945483562,3.45420518518771,1,0.347151796218686,-2.31354929753074,2.86169907059305
-0.468710723508597,5.76122874076033,7,4.16045589945946,-0.564331054691017,5.61214487744866
0.30573749764108,7.8321276832034,6,7.82336067129432,0.378878156371111,8.13030561402972
-0.70937502331718,5.35355827618867,5,3.36719241127278,-0.768342589014007,5.26579128764414
1.05334213097388,9.87652634106616,10,11.5315667816314,1.35040586417044,10.5195117462287
-0.78477359308266,5.23594663463768,4,3.140666302176,-0.834256740158546,5.15906695408957
0.457873144849154,8.33267783710171,8,8.6790601722821,0.610835428263819,8.85716576209032
0.0525674796134956,7.01503156781502,8,6.43329721420515,0.296353674237973,7.85742651546797
-0.750455352635552,5.28911310583887,4,3.24268009213226,-0.53011959295472,5.67410358029899
1.16568167017643,10.094962074743,11,11.9620521956319,0.661286153655244,9.00197906447251
0.953057168298437,9.66766612177375,10,11.1210020752663,0.913422181631418,9.6416451054054
0.362240068351821,8.0199318011593,7,8.14279229734368,-0.083376219703635,6.67693716825583
0.427869138597224,8.23562506945042,8,8.51187786138271,0.378918353597408,8.13043773140872
-0.39078801950237,5.91005003995062,7,4.44598718384142,0.610829324055177,8.85714790491168
-0.78477359308266,5.23594663463768,4,3.140666302176,-0.748248517990395,5.29864743230777
-1.33173318066502,4.39642631068311,5,1.69127469479992,-1.39038433423197,4.24248319419469
1.26441804871327,10.2777941303533,13,12.3174717722183,1.10877029129415,10.0571499531473
0.597994523294861,8.76581157871627,10,9.43765110117422,0.719888967341421,9.16305207412134
-0.665021088003012,5.4243692065426,5,3.5047826255147,-0.50050787531832,5.72895915055465
1.8714069017019,11.32996892892,13,14.1326312706859,1.78005945218614,11.2956415497974
0.861074321164766,9.46077464365925,9,10.7203766985479,0.938201929566197,9.69755824870412
-0.435754953861827,5.82288931956069,7,4.2792458378762,-1.41802896596181,4.19484395643209
-0.52188593044258,5.6652802182961,7,3.97448215862577,-0.191751280923734,6.39353536716494
-1.1829826095569,4.62950133140825,6,2.05916940940617,-1.34861590290252,4.31424665996923
0.0702892484089707,7.06910272978793,8,6.52615188899628,0.6069009339824,8.84563932086954
0.49243639674903,8.44286036544721,9,8.86991868112027,0.278846489432335,7.79938502904141
1.3248110392686,10.3869063373236,8,12.5252848309687,1.21197401533735,10.2590070230337
-0.0708882898863934,6.65839169303824,6,5.81356162457934,-1.24730135888602,4.48655978368356
1.13852899645374,10.0433676886744,11,11.8606677492694,0.78797559049915,9.34048825375335
-0.450668362178996,5.79476479819395,7,4.22514291378279,-1.23551694353193,4.50639834862461
2.04072237326539,11.5940474500666,13,14.543195977051,2.44978609361565,12.2644035623848
0.850548943821535,9.4360205669328,8,10.6729869355277,1.08661707335419,10.0125513358715
0.0282826687741179,6.94203673707743,8,6.30755488666316,-0.479485585463959,5.76865423413137
-1.41757759843466,4.25985915126838,4,1.48612084768441,-1.53809018140235,3.98786460346524
-0.956450937452413,4.97496516488963,3,2.65397280326213,-1.53701540591561,3.9897103863266
1.75479558524983,11.1367872899442,12,13.8271792786686,1.38315326239511,10.5801165529419
-0.665021088003012,5.4243692065426,5,3.5047826255147,-0.497292491573103,5.73498889010157
0.0897315719189768,7.1291619561017,8,6.62903371858575,0.591989941693535,8.8016584914691
0.873335041696296,9.48931690708321,8,10.7751722783034,0.418900449665289,8.26117019177956
1.10545554421953,9.97955860715622,11,11.7349254217274,1.07543773544385,9.98984180881537
0.338302256850895,7.94049037297581,6,8.00750750931373,0.319563173886633,7.93437870795833
-0.536771827104302,5.63913349303796,6,3.92361511224755,-0.236786785857951,6.28409192024805
-0.121316723602194,6.52364743126461,5,5.5751080668175,-0.596930591713151,5.55438052459426
1.0487966531085,9.86737891274707,10,11.5135159530507,1.10128419009473,10.0421370379936
-0.488162872671205,5.72564590812602,7,4.09163056238966,-0.286433846409105,6.16888091601344
-0.471786153292403,5.75556413452143,7,4.14951187775062,-0.683821704583332,5.40545623933401
1.09404369003009,9.95727130830749,11,11.6909496299969,1.40877352821909,10.6273515635145
0.907880949643006,9.56809559792022,9,10.9272332147938,0.805974955662567,9.38568847427412
0.0786041789583851,7.09469620549265,8,6.57002485052157,-0.0796037379331958,6.68731573615023
-0.819293307687845,5.18295017648254,4,3.0397735199733,-1.21839864009707,4.53513193157842
0.899371697786321,9.54891091474604,9,10.8900948178204,0.327076485583667,7.95927336805566
0.525784837827964,8.54725821136517,9,9.05196537883118,-0.428581824580004,5.86760402230728
-0.643821209119948,5.45875148784258,5,3.57178105977022,-0.536484407876116,5.66246572758304
-0.754009801471388,5.28358071920793,5,3.23203185692671,-0.993772814659242,4.90320219559283
-0.383825334078534,5.92387930698333,8,4.47230579278987,-0.322041534770651,6.08960206734258
-0.792840652207491,5.22352282199947,4,3.11693776459027,-0.920095945659225,5.02137847353764
-0.471786153292403,5.75556413452143,7,4.14951187775062,-0.117235314910675,6.58532729685848
1.08175499009489,9.93310505361875,10,11.6432499131763,1.19696246621182,10.2301599095704
1.09274849044845,9.95473250857775,11,11.685939138054,1.91145181229157,11.5179677477343
-0.1368141685309,6.48355817368024,5,5.50359906749551,-0.34968511639327,6.02988900322546
-0.117375271375876,6.53394237083151,5,5.59342799318515,0.147198198070922,7.36829274126538
-1.63041927215024,3.92083761617852,3,0.99942734877054,-0.755800931088906,5.28627676936509
-0.73270367100825,5.31684243373776,4,3.29615367263197,-1.49953385505405,4.05421008932546
-0.377413606491512,5.93669666669319,8,4.49666367396931,-0.226974653500633,6.30752992337235
-1.11098028900781,4.74035209228648,6,2.24331624742558,-1.34201394202636,4.32555844659635
-0.712451180008155,5.3486976908161,5,3.3577741844687,-1.21385316399336,4.54274461273618
0.316076417819615,7.86655002498449,6,7.88181602393321,0.542043244334638,8.65103165192403
0.186176025303115,7.436815007465,4,7.15297013795508,0.162944334747817,7.41899356466415
-1.42130339337591,4.25391091896931,4,1.47733196447404,-1.40975050701455,4.20911861890305
-0.582867156990324,5.55992837009228,6,3.76921331714213,-0.405605626368045,5.91368487942537
0.862413035268276,9.46390633573334,8,10.7263809540623,1.49278595311975,10.7813529418823
-0.0456073561486772,6.72839481671045,6,5.93639360048699,0.0916227502034542,7.19222217606347
-0.787998768293131,5.23097656949813,4,3.13116851340681,-1.34412974714568,4.3219342835748
1.86357622631526,11.3172427369846,12,14.1127105630505,1.57880457035517,10.9377505233907
-0.928593154842406,5.01705198551023,3,2.73054313668841,-1.95986010754879,3.31214479217239
-0.551506639050845,5.61353466909686,5,3.87375603092618,-0.84855481756409,5.13606979207394
0.604718436441623,8.78559294519992,11,9.47290684208925,1.01890528247615,9.87267796521919
-0.578370932515084,5.56754413966818,6,3.78407340955237,-0.815538539177942,5.18924149894405
0.0839256166341957,7.11114837976204,8,6.5982028114652,0.494484580681821,8.50324876943112
0.201265733918181,7.48612611265153,10,7.23663699259327,1.07666565270884,9.99234311607409
0.129648305070137,7.25469554964098,9,6.84334081772763,0.515358155801017,8.56859864372698
0.21361351729426,7.52665240033645,10,7.30536604440751,0.203250564139464,7.55008735697272
-0.491732247572401,5.71917892838219,6,4.07910248270352,0.0306742041408372,7.00533846681923
-1.75530227884514,3.727091411877,2,0.728845885978131,-0.477751378738787,5.77195806353745
1.16554098446297,10.0946964396192,12,11.9615310927893,1.2361239207321,10.3051171594753
-0.555381753015656,5.60684747259243,6,3.86072330494376,-0.513402422160317,5.70492477280126
-1.0514738945188,4.83110208383303,6,2.39880361788155,-1.55959227187449,3.95099419142762
0.430678444763584,8.24476132592222,8,8.52758241741213,0.160970713340443,7.41262137163045
-0.665246797748548,5.42400514173805,5,3.50407371995588,-0.322167354824173,6.08932671645105
-0.573993490886296,5.57498060753951,6,3.79858169026439,-0.955035992950173,4.96539862246093
-0.670430466774853,5.41565511479769,5,3.48781809839469,-0.362858901051144,6.00197387273381
0.0880931892616044,7.12407206969667,8,6.6203243973405,-0.101865492237653,6.62656760015415
-0.635761776374356,5.47192389563264,6,3.59747032512497,-0.3718036164235,5.98321372276875
0.869183408667502,9.47968710394081,9,10.7566667408749,0.864809213700739,9.52867852124775
1.14059448042434,10.0473163151378,11,11.8684377731205,1.07232274408626,9.98348865984984
0.016728054252178,6.90777144654606,7,6.24835848818553,-0.276716147714599,6.1909953172232
-0.777876354655401,5.24658970930164,4,3.16102855068892,-1.48675262765174,4.07624803778328
0.995855410968796,9.75869993451381,10,11.2994295157841,1.4796675175361,10.7573868355586
0.526020039568014,8.54798725618075,9,9.05324121611369,0.902048628706394,9.61561342160416
0.405482168061761,8.16249903035751,7,8.38640667906112,0.711709962364433,9.14103773629322
-0.0451582950980482,6.72965287972565,6,5.9385950465625,0.290500299925286,7.83801730643131
-0.11840247627325,6.53125547423198,5,5.58864833033176,-0.554258161330346,5.63023820299559
0.582849689309573,8.7208883391874,10,9.35781274975281,0.485053108478756,8.47348675624017
0.617637365605549,8.82331299953647,11,9.54030921445952,1.0495144643354,9.93661787122849
-1.29917711944005,4.44788284921905,5,1.77042212366491,-2.27916581168537,2.90083925393707
0.09349759179754,7.14088123919933,8,6.64908015015949,0.12055077631381,7.2832708454605
-1.42130339337591,4.25391091896931,4,1.47733196447404,-1.79451112468071,3.5617538212269
-1.1955501530597,4.61002154020343,1,2.02745066104066,-1.54609706686796,3.97412188736051
-0.474460577893853,5.75065015207936,7,4.14001408898142,0.0862293747121721,7.17540373075528
-0.956450937452413,4.97496516488963,3,2.65397280326213,-1.2367377347388,4.50434537689978
0.522124482334312,8.53589883354509,9,9.03209479447811,0.521272901457295,8.5869805242063
-0.1368141685309,6.48355817368024,5,5.50359906749551,-0.162365778984167,6.46755869768501
0.0362550614297242,6.96585585652249,7,6.34863865008497,-0.117881702669575,6.58360550419514
-1.38590042247113,4.3103746950426,5,1.56123078087393,-1.19889543288467,4.56774450949745
0.508477227569119,8.49332654887906,9,8.95776286396856,0.55350197648912,8.68602330599595
1.67570720263503,11.0021828324553,11,13.6090525370166,1.67862994480939,11.1171308860134
1.55495496795983,10.7931662476866,10,13.2582373438985,1.86855547930593,11.4467311507178
0.85812710133645,9.45386685277174,8,10.7071397133029,1.00113832103484,9.83497609059759
0.94252117170846,9.64477721996993,10,11.076317377977,0.341628709902141,8.00744571149593
1.24299417496625,10.2386602524112,12,12.2420518852284,0.841877945068244,9.47379346033013
1.49334285606009,10.6854153869661,10,13.0706132225211,1.62658383990458,11.0239557961219
0.507266873339124,8.48953446389393,9,8.95115215859359,0.0291363966498907,7.00071822598844
2.24996826208488,11.8856205376656,15,15,1.75508991555037,11.2521519581707
-0.536771827104302,5.63913349303796,6,3.92361511224755,-0.923854780661223,5.01535868786933
1.09934316888734,9.96763928355944,12,11.7114093923561,1.79488313069211,11.3212960112376
0.0695797540017808,7.06692540474537,8,6.52241723433596,-0.0330743620129852,6.81810804880005
-0.304498153906321,6.08833851645659,8,4.78219495835127,-0.165370835915123,6.45989297546065
1.22347031582672,10.2027630927686,12,12.1725176425998,0.711346988676658,9.14005726238024
0.545418593641258,8.60774642653759,9,9.158049926082,1.06007746667039,9.95840319370334
0.900354879585114,9.55113478286304,9,10.8943964042044,0.0728235919462508,7.13382596576425
-0.88898925314695,5.07695135474402,4,2.84090426897751,-1.370372945301,4.27690422591248
0.975283132104621,9.71532040965908,9,11.2142750226948,0.319133888368141,7.93295595096541
-0.574455515295668,5.57419468340171,6,3.79704848167958,-0.36316529825168,6.00132868296383
-0.779265489368295,5.24444454818139,4,3.15692192373719,-1.77176509333785,3.59791713770824
1.24279402884871,10.2382934326986,12,12.2413429796696,0.827009326884745,9.43763338690136
-0.015367474885564,6.81423412517746,7,6.08614541798646,-0.0834113769297462,6.67684060741578
0.599951575202312,8.77157956829393,10,9.44792480034957,0.981478952571913,9.79272026318343
1.67294926656353,10.9974498897776,11,13.6012825131655,1.02713887655345,9.88999998877784
0.102237288052034,7.16818120825887,9,6.69574428433042,-0.0630940394971705,6.73313727527295
-0.474460577893853,5.75065015207936,7,4.14001408898142,-0.390437477126963,5.94462254335185
0.470947506244677,8.37457619974133,9,8.75149444007386,0.428505091902236,8.29234020311993
-0.541171953226619,5.63146030170959,6,3.9086754578722,-0.612993488835134,5.52633315347774
-0.754009801471388,5.28358071920793,5,3.23203185692671,-0.369148871737306,5.98876548696175
-1.24808289845381,4.52815886692241,5,1.89616445120689,-1.80751632235454,3.54126147073563
0.0380928095325906,6.97136669269159,7,6.35813643885417,-0.247880349825111,6.25786195032782
1.04378788294087,9.85726717494604,10,11.4935658067325,0.966773058087162,9.76072366250503
-0.45832387360889,5.78047100998999,7,4.19759429643286,-0.0425441819277707,6.79107585002443
1.0010073843596,9.76945838384773,10,11.3205802318209,1.2947630596664,10.4157911151989
-1.33380455217384,4.39314509942794,5,1.6862642028571,-0.691232966780735,5.39303718486352
1.13852899645374,10.0433676886744,11,11.8606677492694,1.25178772278735,10.3348461224888
0.249229513536029,7.64425969713377,11,7.50473348917404,-0.502942049852978,5.72440418927255
2.04072237326539,11.5940474500666,13,14.543195977051,1.67728049905448,11.1147263919012
0.134341877953009,7.26963740379351,9,6.86879312014849,-0.328982371851932,6.07446165022317
-1.273542612589,4.48823568269376,5,1.8332726439031,0.0500225013561409,7.06388339250516
0.0436427807297144,6.98805475913537,7,6.38688133152149,-0.564190996774719,5.61239563271812
-0.31301471867169,6.07004484058453,9,4.74801274189324,-0.464267597557273,5.79780289842148
0.906046904217303,9.56397251706242,9,10.9192459495437,1.81664451893745,11.358718929641
-0.449280484624301,5.79736643699231,7,4.23015340572562,-0.929831327810623,5.00578654906067
-0.488162872671205,5.72564590812602,7,4.09163056238966,-0.128801448181685,6.55467228902532
0.999387570711248,9.76608030051417,10,11.3139377964961,1.89796498324244,11.495726011082
-0.000219860174642242,6.85807383666852,7,6.16229036599006,0.405686336781449,8.21812635783646
-0.659234101702962,5.43371751430354,5,3.52298973552915,-0.66767659856136,5.43264806601023
0.424712900269401,8.22534931590523,8,8.49422241170627,0.359610281200625,8.06685184075401
-0.477633532749839,5.74483455424759,7,4.12876895936306,-1.04094604403844,4.82711069547733
-1.04040527568556,4.84791216846684,2,2.42807603775906,-1.57554026287273,3.92372733706171
1.84227164525898,11.2824230172737,13,14.0580865361145,1.81644972533482,11.358385253662
0.0148821723242574,6.90232597102071,7,6.23894026138146,0.130331916165934,7.31435812227034
1.14445802050323,10.0546914475691,11,11.8829460538325,2.65634969164848,12.4819429182083
0.673374110612556,8.98160927241613,11,9.82584049884148,0.67554779352084,9.04189145021946
1.0487966531085,9.86737891274707,10,11.5135159530507,0.441625840027533,8.33474854538286
0.0755276028878573,7.08521017286725,8,6.55376922896038,0.75248246094422,9.24928162029225
-1.80156959466736,3.65722657578797,2,0.631532634164298,-2.72895420306195,2.44715963327014
0.466494633973333,8.3603351571886,8,8.72685560652267,0.809386447622211,9.39417695053094
0.51246119630622,8.50578978951667,9,8.97950167235662,0.354572363470593,8.05022390714648
0.499520868928275,8.46520426502843,9,8.90877658029522,0.376859768276793,8.12367021206615
-0.630681775516661,5.48025683460993,6,3.61372594668616,-0.0177902143023742,6.86217343155895
-0.402811179582338,5.88638516302321,8,4.40086094567455,-0.354100747533331,6.02049407249152
0.00662633088510047,6.87806802409945,7,6.19694809115309,0.259513448471979,7.73536203037778
0.587794885257068,8.73561253790199,10,9.38394669158507,0.678593753138822,9.0503565373246
0.327823240417231,7.9056435685036,6,7.94824752646503,0.735612254019257,9.20494800171173
0.479038558734239,8.40037412950583,9,8.7961791373632,0.20830603275343,7.56664361217863
0.0715400493181807,7.07294374791874,8,6.53273932613115,0.261382925620417,7.74154788085565
-0.779265489368295,5.24444454818139,4,3.15692192373719,-1.46635244101935,4.11144834065737
-0.539567696761915,5.63425501481193,6,3.91411732347836,0.0171816033656159,6.96497025753413
0.0848979630088826,7.1141606018268,8,6.60335987022048,-0.472096284887285,5.78276330145425
-0.0592852721333003,6.69031920738163,6,5.86966687928747,-0.110264050771082,6.60396139982136
0.123417055717973,7.23491459449401,9,6.80962886195078,-0.43639822766657,5.85213535724393
0.931572163750151,9.62078025817903,9,11.0295569585505,0.315773754161779,7.9218185294032
-0.00907521716468001,6.83237778715315,7,6.11768523066584,-0.62546893215481,5.50472477017707
-0.539567696761915,5.63425501481193,6,3.91411732347836,-0.102115777492003,6.62589143665918
0.984133317843987,9.73406587544877,10,11.2510459891923,0.438746356270329,8.3254594221581
0.493253627663074,8.4454422355952,9,8.87440597794664,1.1516976450734,10.1421874928094
0.988306790619519,9.74286155353863,10,11.2683138018126,0.856682922597754,9.50934939790742
0.50183862554609,8.47249543369898,9,8.92146848916311,0.383672027374722,8.14605327015919
-0.546517711978728,5.62217128141554,6,3.89058334222587,0.0942500551832477,7.20043348694761
0.02511774880569,6.9326207457121,8,6.29129926510198,-0.532976935873821,5.66887254683103
-0.648104841714506,5.45177358645475,5,3.5581766440493,-1.41879478837739,4.19352313546092
1.02797822718953,9.82512462883236,10,11.4301823352689,0.449036917181054,8.35860834478504
-0.705512572931693,5.35966992447515,5,3.37904029797272,0.0523546581861884,7.07099101258687
0.0363922974216649,6.9662671247417,7,6.3493475556438,-0.051455659839441,6.76582854365077
-0.299736102327546,6.09863747295266,9,4.80140676042783,0.315562000277592,7.92111659338799
-0.662225205023482,5.42888229421884,5,3.51357150872508,-1.18485425651016,4.59114083913612
0.913645926509221,9.58101355243428,9,10.9522777195654,0.947025220225982,9.71720998845656
1.22207184559875,10.2001826094812,12,12.167507150657,1.59419008692792,10.9655697854306
0.38209003817013,8.0855590559838,7,8.2547858199431,0.464317351378004,8.40757366020269
-0.51776260623126,5.67257527501446,6,3.98866205804981,-0.720683935350755,5.34404400546948
0.0210187842375003,6.92045986171487,7,6.27029225600587,-0.0235186738057252,6.84559526897817
0.030129088394062,6.94754054409508,8,6.31705267543236,0.212191220757492,7.57938203352783
-0.665021088003012,5.4243692065426,5,3.5047826255147,-0.582963381795006,5.57898625757107
0.481819994751806,8.40921860572489,9,8.81151417064284,1.38272818278555,10.5793316011869
0.138246701662505,7.28209529731088,8,6.89000629921723,-0.393311200999179,5.93872883459051
-0.704282510630191,5.36161833306085,5,3.38281868924026,-0.471363860442396,5.78416633050886
-0.779025622069201,5.24481490313236,4,3.15763082929602,-0.329402783891511,6.07354779371654
0.181816938754746,7.42261816576018,9,7.12887210210959,1.17067161830334,10.1792563473726
0.117895442449613,7.21744114593708,8,6.77983296964431,-0.376591352787114,5.97323548654715
-0.704051817043014,5.36198386118086,5,3.38352759479909,-0.647101240913376,5.46759489753108
1.02538615768475,9.81982115460242,10,11.4197299777199,1.50715699607564,10.8075742480406
0.00134741792075151,6.86264122781333,7,6.17021120956722,0.441677955341596,8.3349165727943
-0.37609852021288,5.93933545230869,8,4.50167416591214,-1.0496439169245,4.81302591299706
-0.488162872671205,5.72564590812602,7,4.09163056238966,-0.425474554524366,5.87378218867435
0.431728026833069,8.24817225826316,8,8.53344726038705,0.368266857889331,8.09538957300347
-1.42450566222521,4.24879757569008,4,1.4697856641581,-1.32063781235304,4.36211425250961
-0.650460475651848,5.44794308587098,5,3.55070990569848,-0.494902493557265,5.73948041405614
-0.541171953226619,5.63146030170959,6,3.9086754578722,-0.0861848313372476,6.66923257866154
-0.0836793170343835,6.62359404464674,6,5.75224676246758,0.0961830046174869,7.2064823011637
-0.593273553585745,5.5423873160862,6,3.73498097740178,-1.28708767065181,4.41924647127734
-0.956450937452413,4.97496516488963,3,2.65397280326213,-0.764905191272891,5.27139907095507
-1.05731886327522,4.82221734910967,2,2.38339134046972,-1.01884326289621,4.86282115497525
-0.512298456389218,5.68227853240239,7,4.00751392864745,-0.710923556949052,5.36022063920006
0.451417690714674,8.31189868601215,8,8.64319761259122,0.346324418066484,8.02297350445362
-1.63554311752841,3.91277017193851,3,0.98810265718706,-2.24025514790922,2.94623498787225
0.347454232011053,7.9708935543211,7,8.05924970087939,0.0937145298641625,7.19875879815287
0.404288854430353,8.15858623330626,7,8.37970381030398,0.464361546399186,8.40771481331894
-0.297388371821,6.10373357360854,9,4.81090454919703,-0.280468275611534,6.1824319071556
-0.608283350513734,5.51728952509599,6,3.68599469372843,-0.597562856308674,5.55327155975374
-0.647227167486828,5.45320199335443,6,3.56096127174527,-1.03114462395834,4.84296026589957
1.07704806898858,9.92380136729087,11,11.6248838248354,1.10606394085506,10.051729201359
-0.653461558964216,5.44306986468843,5,3.54121211692928,-1.56057811923382,3.94930653661629
-0.912479247101656,5.0414082928791,3,2.77522783397775,-1.74041220353101,3.64840544054408
1.63751946968082,10.9364551484594,11,13.5004692929279,1.56991457178259,10.9216524546984
-0.707145020344648,5.35708567735214,5,3.37402980602989,-0.212563945171834,6.34236139101326
-1.88666516459813,3.53216798503559,2,0.456804022948966,-1.3621013743017,4.29111196088956
1.10564015974208,9.97991797237467,11,11.7356343272862,1.73034650903592,11.2087414130118
-0.69200681462423,5.38111886581355,5,3.42066599177249,-0.629170086918121,5.49834227975292
-0.581986863863463,5.56141764582723,6,3.77211937437518,-1.25736006026458,4.4695897296351
0.412120624632659,8.18423980152043,8,8.42366930971842,0.125663472936201,7.29950238064328
-1.63156585732181,3.9190316290118,3,0.996891540397433,-1.06382237308566,4.79002401776989
1.68487664805318,11.0179018122728,11,13.634805947347,1.6252401998713,11.0215394861641
-0.443571417612573,5.80810200056484,7,4.25081676214805,0.15818662842745,7.40364071307487
1.37626536118859,10.4787823413312,9,12.6969991104132,0.759642138150075,9.26790431088951
-0.0836793170343835,6.62359404464674,6,5.75224676246758,0.158143581164201,7.40350193165329
-0.665021088003012,5.4243692065426,5,3.5047826255147,-2.12587252703886,3.08694422866822
-0.530606336507054,5.64992746550231,7,3.94462212134366,-1.26281139796017,4.46037892377179
-0.670430466774853,5.41565511479769,5,3.48781809839469,-1.00906989894586,4.87857752146243
-0.787998768293131,5.23097656949813,4,3.13116851340681,-0.777428396821836,5.25099221115135
-0.665246797748548,5.42400514173805,5,3.50407371995588,-0.989099317032312,4.91071725290604
0.951139256367261,9.66351414802226,9,11.1128905763323,0.0442050784355003,7.04620104076039
-0.388271157830038,5.91503835199769,7,4.45548497261062,-0.158111050676461,6.47844975309038
-0.638691965023843,5.46712805742922,5,3.58811624329653,0.0571152593890085,7.08553292569594
-0.630322835160101,5.48084651751787,5,3.61487639312251,-0.471043308554877,5.78478063802845
-0.794200820053427,5.22143056135112,4,3.11294613200668,-1.1105100822643,4.71387254119797
-0.919037655250479,5.03149334710742,3,2.75700545257762,-1.42556322319882,4.18184761897146
-1.63550709008747,3.91282686841587,3,0.988182219152181,-1.50168340789816,4.05050542144538
0.533041794780803,8.56970341051571,9,9.09127521536169,0.28114781903325,7.8070122819478
0.762325888842191,9.2189141239279,7,10.2628637700401,0.612948975420727,8.86334390730173
-0.727115683970706,5.32560740010317,5,3.31308948717936,-0.578085651212405,5.58762903529808
-0.971005928570173,4.95297420576257,3,2.61429859791562,-1.53377664422409,3.99527399360552
-0.0432224797326102,6.73508194209011,6,5.94809283533169,-0.327037563882936,6.07869387073021
1.8067836873566,11.2238250416479,12,13.9657021220045,2.39477906328719,12.2008785316336
0.615171805640751,8.81614351338237,10,9.52748002686386,0.56423741614192,8.71857586445675
-0.745424269848964,5.29695488654117,5,3.2577852672571,-0.445347424919724,5.8345506082728
-0.69200681462423,5.38111886581355,5,3.42066599177249,-0.626172223644102,5.50351099804366
0.730523700443781,9.13624328921291,12,10.109317471796,0.644171858474268,8.95348273976677
-0.154627527368284,6.43824391132513,5,5.42243403663013,-0.75536163644642,5.28699558829634
-0.0812462676361233,6.63018076059338,6,5.76386643534716,0.765882728240135,9.28404340573782
-0.590379478588923,5.54725376916697,6,3.74447876617097,-1.57018794618425,3.93287000894097
-0.422358271007883,5.84847767979248,7,4.32834711591768,-1.86321847095926,3.45508952073915
1.00425279856727,9.77621445467039,10,11.3338682298944,1.21916008066244,10.2727645213329
0.982924412563752,9.7315128393354,10,11.2460354972495,1.34261844921872,10.5050566583362
-0.544364882087775,5.62590778362661,6,3.89786170191717,-0.677828234102566,5.41552804338685
-0.832667599795211,5.16252181597304,4,3.00112459948082,-1.18486330413723,4.59112578579101
0.968008633091563,9.69981551119361,10,11.1838938825701,1.43295133040531,10.6718021699201
0.622651637726048,8.83785077184322,11,9.56634960923158,0.221469250636148,7.60985057849137
0.991907282432057,9.75042728593347,10,11.2831738942229,1.63485043051806,11.038810735969
-1.42850648293565,4.24240799868025,4,1.46036743735403,-1.94261947931474,3.33701338203672
1.11511031438463,9.99830279199636,11,11.7718922658814,1.70861503531771,11.1703810377016
-0.622034570842182,5.49449642132903,5,3.64151026183112,-0.607336107075602,5.53618187443417
-0.899870846749487,5.06047923151915,3,2.81039947111221,-1.31936687455564,4.36428413209807
-0.486909163028987,5.72792188259765,7,4.09603829725091,-0.72106248864829,5.34341773563693
-1.1955501530597,4.61002154020343,1,2.02745066104066,-0.365578837073618,5.99625281864009
1.00437782959842,9.77647441218268,10,11.3343796069741,0.651990494719855,8.97571912365227
-1.81730664623131,3.63374834897909,2,0.59880197205214,-2.49420258058406,2.66951557039917
2.01726432076569,11.5588498944124,14,14.488571950115,1.71973889180738,11.1900428127626
0.90886959244754,9.5703154508543,9,10.9315348011778,0.62536637738763,8.89944696413893
0.540260977781506,8.59193014512771,10,9.13026561093704,1.030726620851,9.89751915236316
-0.759875436786631,5.27446477375418,4,3.21450213118863,-0.805586130060209,5.20532267787436
0.541299346311789,8.5951186598811,10,9.13586419523107,0.224101953166404,7.61850795328058
-0.735844687388752,5.31192344834438,4,3.28665588386278,-0.425518150250871,5.87369539298369
-0.349765896332262,5.99289603565283,8,4.60305861227469,-0.205504179534538,6.35960426246717
0.474133924847896,8.38474819699373,9,8.76910546088268,0.542290480450964,8.65178927314217
-0.191152616387057,6.34787250562791,10,5.25944079177827,-0.812201757412033,5.19462995300918
-0.909322381237702,5.04618193641628,3,2.78401671718812,-1.16088848810661,4.63091358396202
-0.638691965023843,5.46712805742922,5,3.58811624329653,-1.71936901778434,3.6826836717281
1.09160995136009,9.95249919929812,11,11.6815314031928,0.791380755004474,9.34909307464889
-0.88898925314695,5.07695135474402,4,2.84090426897751,-0.00754480103790593,6.89200860271966
0.114745560632692,7.20749673733387,8,6.7628684425243,0.366619779158441,8.08996322576848
-0.575717694153264,5.57204890335823,6,3.79286229276274,-1.2510048229484,4.48031554963254
-0.705512572931693,5.35966992447515,5,3.37904029797272,-0.243147419144945,6.26901790107911
1.14553553872179,10.056745825211,12,11.8869863582178,0.886698693279372,9.58010026762328
1.76424142668013,11.1526972029123,12,13.8526315810894,0.744753098233001,9.22904864621429
-0.769186644109646,5.2600277089919,4,3.1867819610193,-0.993123414680513,4.90424665693129
0.0210187842375003,6.92045986171487,7,6.27029225600587,0.326858758688405,7.95855213679188
0.435984482435085,8.26199093818228,8,8.55721704921528,0.371576530306914,8.10628811416612
0.846937475937401,9.42747264602084,8,10.6566517520014,0.524290345900692,8.59633431241979
1.09992699030613,9.96877954569465,11,11.7136593082234,0.664565748076145,9.01119770671898
0.0408308623519727,6.97959117267387,7,6.37230604596213,0.428500180852455,8.29232429171861
1.1066244910718,9.9818334040282,11,11.7394127185538,0.899333766663082,9.60936449273454
-0.410516602589175,5.87135955942727,7,4.37215135482879,-0.84838788960406,5.13633805851381
-0.590379478588923,5.54725376916697,6,3.74447876617097,-0.735144797071208,5.32017770112704
-0.768947977947115,5.26039726152933,4,3.18749086657813,-0.426102715504936,5.87253188473322
-1.45248127245885,4.20409813226143,4,1.40415935244067,-1.54463914858189,3.97662311592562
0.737306056112339,9.1540757585811,7,10.1423176448833,0.674475535381229,9.0389065421433
-0.787998768293131,5.23097656949813,4,3.13116851340681,-0.790095463651629,5.2304132086839
0.409842840626515,8.17678522488054,8,8.41088879392444,0.625767910788317,8.90060882635285
0.496979408784688,8.45719862038385,9,8.89484778842467,0.589014519697359,8.79282650434102
-0.766737608976916,5.26382104576508,4,3.1940603207106,-0.130948089408555,6.54901868363945
-0.201824793927072,6.32210528079967,9,5.21268037235178,-0.24589941499243,6.26252492261946
-0.706509041589304,5.35809225647041,5,3.37598129448315,-0.708500243131737,5.3642459408757
-0.787757868422037,5.23134765790599,4,3.13187741896563,-0.133239728414971,6.54299559699686
-0.489589352727195,5.72305914369869,7,4.08662007044683,-0.711662422096281,5.35899405112379
-1.33380455217384,4.39314509942794,5,1.6862642028571,-2.20723711838445,2.98571231009866
0.357822347504516,8.00529206618581,7,8.11783992179918,0.426143126698869,8.28468444973177
0.112421715036703,7.20017133154793,8,6.75036831126649,-0.112777569534145,6.59722916020709
0.741668572186158,9.16548795950553,12,10.1634712380509,0.848440782158934,9.48960967443435
0.475990439585721,8.39066743811938,8,8.77935831718394,1.32658690167915,10.4752402979814
-0.479049581273316,5.74224413345598,7,4.12375846742023,-0.741325340153996,5.31001177203557
-0.647227167486828,5.45320199335443,6,3.56096127174527,-0.462324659950732,5.80155026040609
-0.02965206138916,6.77340356749755,6,6.01502711738054,-0.501118036359458,5.72781659390536
-0.0142111404867421,6.81756119857151,7,6.09193182033545,-0.378963468160872,5.96830789067887
-0.00359515781897575,6.84825738230648,7,6.14525883402271,-0.418233918650294,5.88824332298404
-0.537738757721999,5.63744516779585,6,3.92032838513986,0.0394712115249784,7.03186245259861
-1.47827713207918,4.1628577666253,4,1.34412289858124,-1.15154321718286,4.64636810129988
-1.1955501530597,4.61002154020343,1,2.02745066104066,-1.53203293417406,3.99827026216157
0.36193558925631,8.01892315460981,7,8.14107279514214,0.0609829700383956,7.09737989220588
-0.548763512872228,5.6182796139076,6,3.88300160950693,-0.459407523777324,5.80718774490446
-0.583290059921327,5.5592132108838,6,3.76781778799118,-0.633022551309905,5.49171218742251
-0.594802411716698,5.53982012646137,6,3.72997048545895,-0.742074014954653,5.30878166973368
1.00313376114549,9.77388674943318,10,11.3292895530662,0.787523547623259,9.33934404917028
-0.0748739624093952,6.6475037969161,6,5.79439565138382,-0.72100697813144,5.34350956575187
-0.529736764986385,5.6514538451685,5,3.94759185993881,-0.941324767008291,4.98737446462092
1.88630157558425,11.3540639764041,12,14.170290770502,1.69750151804345,11.1506858244436
0.323833620743479,7.89236896594705,6,7.92568441505099,0.0365953432076319,7.02317388036425
0.0491924635276776,7.00480954219092,7,6.41571664630561,-0.263782778019445,6.22075376968474
0.460908172268959,8.34242652570915,9,8.69589897546376,0.480168707367013,8.45801871905355
-0.318134825704976,6.05912336431336,9,4.7275709314152,-0.148966670462358,6.50200605262445
0.100545058298346,7.16288409953375,8,6.68669348800231,0.537183807413614,8.6361173183697
-1.49406099898994,4.13762547020719,4,1.30761384520154,-1.02294904047148,4.856195975838
-1.63550709008747,3.91282686841587,3,0.988182219152181,-1.197053315876,4.5708179291245
0.936614810244898,9.63185926315179,9,11.0511340358843,0.534092930223307,8.62660809522712
1.26441804871327,10.2777941303533,13,12.3174717722183,1.80527814714602,11.3392086285684
-0.613723993640761,5.50824917925744,5,3.66834997362222,-0.302608051389799,6.13253238742408
1.9233578947288,11.4133436920195,13,14.2626751846119,1.1311593033789,10.1017160722514
1.95438556705292,11.4622009331356,13,14.3386073285536,1.87685465346213,11.460624037034
-0.0816902514731489,6.62897767937179,6,5.76174455123678,0.104379999453659,7.23220398676368
-0.695079611133155,5.37622787236625,5,3.41116820300329,-1.2278826076877,4.51922526785337
-1.71697630859505,3.78582900035174,2,0.810668980240877,-2.55796423360485,2.60642129311454
-0.525852686850828,5.65828391242804,7,3.96087774290484,-0.215274379648825,6.33577275579958
0.390215525804171,8.11233923861551,7,8.300556381439,-0.0651123581167487,6.7275006556341
-0.820597136319911,5.1809563570027,4,3.03599512870576,-1.41456010669542,4.20082611355437
0.300143121009228,7.81350041393785,6,7.79174129664983,0.545604443218559,8.66193331854002
0.136076320789989,7.27516794979103,9,6.87821134695257,-0.104786884159268,6.61868472261122
0.760958876736232,9.21540973916742,12,10.256325912842,0.777754359132236,9.31450739251253
0.243471230039,7.62518534987764,5,7.47240176400444,0.745124976637736,9.23002516648451
-1.38619804252777,4.30990063303791,5,1.56052187531511,-1.65468730466497,3.78979620638684
0.0938517942396568,7.14198485726948,8,6.65096748640609,0.32741412409558,7.96039178824361
-0.0343181221357398,6.76017530268105,7,5.99194290312385,-0.365623961314228,5.99615802669457
-0.662250494807308,5.42884144344342,5,3.51349194675996,-0.165491477514528,6.45958568330947
-1.76747246632733,3.70859794036941,2,0.703092475647744,-1.78040008263773,3.58414116320032
-0.214405172612004,6.29209649673733,10,5.15805634541572,-0.346625045633605,6.03642261160276
-0.903240610433348,5.05538084179666,3,2.80098124430814,-2.05628008809397,3.17822131641822
-0.665021088003012,5.4243692065426,5,3.5047826255147,-0.283889129277369,6.17465172572342
0.434410170573652,8.25688252962849,8,8.54842816600491,-0.237154889710402,6.28321699952784
-0.0395411558663311,6.74543225935612,7,5.96618949279347,0.0263719884393735,6.99242515516058
0.475078896765751,8.38776178624176,9,8.77432493150798,0.109647324560146,7.24879171127336
-0.231023466558004,6.25305566420305,4,5.08671806921592,0.585708204792106,8.7829907810342
-0.0265866889184726,6.78212323249416,6,6.03023174653361,0.12388262971658,7.29384410618248
-0.646272253014364,5.45475686441989,4,3.56399258930315,-1.53807556706128,3.98788969997995
-1.47312513001078,4.17109475123808,4,1.35607693375842,-1.03078632837428,4.84353922496518
-1.41358949308816,4.26622480190693,4,1.49553907448849,-1.30060115319741,4.39627258944665
0.982924412563752,9.7315128393354,10,11.2460354972495,1.43182501503242,10.6697339517515
-0.442168681600638,5.81074810931255,7,4.255906816056,-1.45920370347225,4.12378749536456
0.929376247502228,9.61594112893265,9,11.0201387317464,0.872159480127087,9.54604933832997
1.12785375056726,10.0228935546478,11,11.8203553544383,0.710872580075083,9.1387753282282
-0.829618949120608,5.16717394771677,4,3.00991348269119,-1.53110602691468,3.99986324141192
1.06928057798894,9.90838914677482,10,11.5944585889352,1.72889557476168,11.2061867868412
-0.593057361932712,5.54275053667892,6,3.7356898829606,-0.630353047861029,5.49630496737313
0.103283371575856,7.17145835740429,9,6.70134286862445,-0.125373292361858,6.56372431374688
0.047112132659214,6.9985210508202,8,6.40489685828066,0.503969626809236,8.533034733278
1.63421486593596,10.9307490132497,11,13.4909715041587,1.43373844106979,10.6732473767629
0.0525577284744362,7.01500199886705,8,6.43324637204369,0.548328441356285,8.67025587446204
0.311521895222624,7.8513871437255,6,7.85606261360282,0.267273627741554,7.76104737106615
-1.41757759843466,4.25985915126838,4,1.48612084768441,-2.62673900340424,2.5407357204309
-0.0617098522515944,6.68361926356818,5,5.85790505812058,0.149699656748318,7.37632552424559
-0.417951837080355,5.85696301114534,7,4.34460273747887,-0.000758877378061359,6.91189872272346
0.441075720941872,8.2784896645068,8,8.58561740513978,0.277877062839216,7.79617238067222
-1.31150355428292,4.42842647037898,5,1.74036712695051,-0.106890774274877,6.61302057286349
-0.582832313983129,5.55998730096372,6,3.76932831151026,-0.32940814442907,6.07353614378735
0.913809423951029,9.58137898339657,9,10.9529866251242,1.01932078853519,9.8735543491188
-0.653461558964216,5.44306986468843,5,3.54121211692928,-0.354224759509494,6.02023077765328
-0.645113131238011,5.45664530639122,5,3.5676744328185,-0.359311114978645,6.00945792672435
0.850548943821535,9.4360205669328,8,10.6729869355277,0.80508172259829,9.38346182296352
-0.630322835160101,5.48084651751787,5,3.61487639312251,-0.806534626686666,5.20378884897903
0.416464461009245,8.1984407539085,8,8.44802719089785,0.411108600021259,8.23581032862786
-0.530587548836607,5.64996043339377,6,3.94468626631929,-0.701327122870691,5.37618268149455
-1.6380980362163,3.90875053100332,3,0.982462821650526,-1.41534066464566,4.19948010745193
0.232917689832831,7.59028126398744,5,7.41323750580673,0.191387801457988,7.51132903659923
-1.75530227884514,3.727091411877,2,0.728845885978131,-1.75094016936865,3.63137190872704
1.75479558524983,11.1367872899442,12,13.8271792786686,2.37797150241917,12.1809425502842
-1.57607780451911,4.00683506650609,3,1.12068237948616,-1.96011343976934,3.31178145370683
1.0164273528712,9.80141625751027,10,11.3834720391247,1.38878627148372,10.5905144704152
1.04198286346745,9.85361487274086,11,11.4863609814994,1.65454103572428,11.0741132416812
-0.839248951577348,5.15248736704388,4,2.98219331252186,-1.2563974525689,4.47121518743144
-0.249593533288515,6.21022525642885,9,5.00809172385434,0.117916158738348,7.27492236109039
-0.4073726684437,5.87747712208966,7,4.38384556916205,-0.418360692332955,5.88798934445527
0.60273143013645,8.77975784917588,10,9.4625006465135,0.678184533271951,9.0492204821554
0.948915355322037,9.65869166702842,9,11.1034723495282,0.508607547972,8.54754467898104
-0.621859132360119,5.49478605410275,6,3.64207546044919,-0.799989405203023,5.21437884389756
-1.57939724341797,4.00156213069618,3,1.11321564113534,-0.727761994742269,5.33234779808651
-0.717007328177171,5.34150959797493,5,3.34385338945257,-0.420912004770304,5.88288400023545
-0.587514814265108,5.55207967765571,6,3.75389699297505,-0.878521392661011,5.08797738292318
-0.474460577893853,5.75065015207936,7,4.14001408898142,-0.114737656466647,6.59198990820096
0.14580898666582,7.30628979034423,9,6.93118500057592,0.245049854809496,7.68755315595806
-0.777876354655401,5.24658970930164,4,3.16102855068892,-1.25863702523329,4.46743298206969
-0.642669552782154,5.46063023186255,5,3.57544445666964,0.151218055727477,7.38120554693277
-1.76747246632733,3.70859794036941,2,0.703092475647744,-1.14051122991203,4.66457305122019
0.379180679336252,8.07595758486294,7,8.23838604695597,0.6736035176065,9.03647714623285
1.00453171694422,9.77679433332446,10,11.3350089505678,1.1761727511081,10.189950017935
-0.662225205023482,5.42888229421884,5,3.51357150872508,-0.252473843356704,6.24708385060488
-0.408293093132817,5.87568426692273,8,4.38041913519652,-0.613685955417603,5.52512982916792
-0.0172673810905958,6.80877467282636,7,6.07664762921727,-0.111916049835652,6.59953493383935
0.996027815017234,9.75906062061982,10,11.3001384213429,0.826040653367913,9.43526168726848
-0.903240610433348,5.05538084179666,3,2.80098124430814,-0.797029992514348,5.21917152998283
-0.647227167486828,5.45320199335443,6,3.56096127174527,-1.00557079045122,4.88421406916023
-0.667425267602692,5.42049340394433,5,3.49723632519877,-0.223473388318376,6.31594775978414
0.656415037852297,8.93421872071221,11,9.73988737101413,0.597515512993398,8.81801109604605
-1.05704975731338,4.82262653254157,2,2.38410024602855,-0.641773275110511,5.47670155074917
-0.709606385970042,5.35319249281701,5,3.36648350571395,-0.728927224732277,5.33042500777208
-0.227051941842838,6.26232422305945,4,5.10368259633594,-0.993584934595763,4.90350437945665
-0.010826030063208,6.82731970330524,7,6.10889634745547,-0.738785953122872,5.31418622293457
0.351472192675738,7.98423022364676,7,8.08195937910589,0.353834636761736,8.04778787672749
0.0960859423058657,7.14895146060597,8,6.6628795253127,0.50106806716759,8.52393870806737
1.09992699030613,9.96877954569465,11,11.7136593082234,0.652693975326628,8.97771317620791
0.0415889332364578,6.98187117381945,8,6.37623309631594,-0.0633865665013694,6.73231972589498
0.909032582773544,9.57068124088704,9,10.9322437067366,0.264747425205216,7.75268369040335
1.08819554594054,9.94579266809713,10,11.6682944179478,0.661149792709294,9.00159524459903
-0.802997975953165,5.20791500452969,4,3.08719272167629,-0.845363296620585,5.14119967628386
-0.594586013920121,5.54018334060697,6,3.73067939101777,-0.0337673257143453,6.81612289013325
-0.195807169504238,6.33659923554163,10,5.23899898130023,-0.0816673124422605,6.68163434340463
-0.712451180008155,5.3486976908161,5,3.3577741844687,0.0500275792885347,7.0638988566154
1.08505101337771,9.93960419141146,11,11.6560791007719,0.967098645203949,9.76143576511655
-0.533348609793588,5.6451204097274,6,3.93526803951521,0.661595568438595,9.00284983058861
0.46620563665417,8.35940985484893,8,8.72525539309052,0.471731362803995,8.43121386412715
0.622327678479734,8.8369132702067,10,9.56466926599872,0.902601404980623,9.61688410036832
-1.76713675806178,3.70910699578671,2,0.703801381206569,-3.03710318301612,2.18868782204023
0.498823708512322,8.4630093125302,9,8.90495693778517,0.459501093308484,8.39217471291402
-1.41358949308816,4.26622480190693,4,1.49553907448849,-0.777264593173416,5.25125872395088
1.00313376114549,9.77388674943318,10,11.3292895530662,0.984377655148275,9.79898742580773
-1.93707005298576,3.46043437207075,1,0.355940679429058,-1.61471630814263,3.8571079075901
0.172861147796068,7.3935233092605,9,7.07946927890444,0.518749345781405,8.57914533041252
-1.72794747598712,3.76894079543518,2,0.787134998988394,-1.87734576489183,3.43366248049398
-0.928336685740094,5.01743953359922,3,2.73125204224723,-1.33228315772795,4.34221302011001
0.365329814485632,8.03016407628854,7,8.16023876833766,0.210153327314745,7.57269880387841
0.329357771894157,7.91074840946035,7,7.95692595712273,-0.174852792543931,6.43584854373761
0.686132855752618,9.01681021084994,6,9.88995856349104,0.530077115642562,8.61422699514489
-0.756721816976438,5.27936380403857,4,3.22392035799271,-0.494529323850415,5.74018245594951
-0.608283350513734,5.51728952509599,6,3.68599469372843,-0.681964542697762,5.40857435843935
0.901381178803456,9.55345415831635,9,10.8988837010308,1.45427114315354,10.7109075560337
0.999387570711248,9.76608030051417,10,11.3139377964961,1.32423932254554,10.4708671771258
0.501791869633797,8.4723484425685,9,8.92121255934636,0.183882546819909,7.48687891584829
0.146042923533073,7.3070396385292,9,6.93246083785844,-0.178482521489357,6.42670180501101
1.80401615010451,11.21922583152,12,13.9584237623132,2.34945084846116,12.1465298406365
0.819967223683428,9.36274237761624,8,10.5334452328325,0.756224719264416,9.25902967804117
0.527936887496898,8.55392489084774,9,9.06363460715748,1.05028561678086,9.93821300465374
-0.670430466774853,5.41565511479769,5,3.48781809839469,-0.445041866063566,5.83514883225174
-0.0334615282153948,6.76259969308132,6,5.99617525401393,-0.215312987256807,6.33567903227005
-0.555381753015656,5.60684747259243,6,3.86072330494376,-0.629560120108622,5.49767041763395
1.0162526979438,9.8010562806225,10,11.3827631335659,0.625511615032642,8.89986725894958
-0.775841546533834,5.24973343319064,4,3.1670490561001,-1.0712414477455,4.777966059289
0.944148507279172,9.64832538819296,10,11.0832390471817,0.787034311871527,9.33810520104681
1.11133517127249,9.9909854742208,11,11.7574635471345,0.563862211241581,8.71744196941428
1.78447786327814,11.1866429632004,12,13.9067345051828,1.67641172098415,11.1131780228845
-1.24338655487489,4.53550572380608,5,1.90781737847455,-2.02393755038806,3.22216874264537
-1.26271628506807,4.5052316721169,5,1.85995868332751,-1.25099500344795,4.48033211184044
-0.4569761449492,5.7829804554785,7,4.20243323555629,-0.163349582907567,6.46504665949091
-0.712682928099104,5.34833175383305,5,3.35706527890988,-0.553962371205242,5.63077134625539
1.49313947198109,10.6850586501581,10,13.0699838789274,1.27619629798487,10.3809233313239
-0.0237427204574409,6.7902338291154,7,6.04436605182001,-0.613033241328249,5.52626406145059
0.175763102958777,7.40293996447855,9,7.09546125424227,0.359962543667041,8.06801398560936
1.11133517127249,9.9909854742208,11,11.7574635471345,1.54406680958947,10.874755967246
1.60871582796988,10.8866313768276,11,13.4171356751461,2.30824364638659,12.0954766541407
1.34387122896741,10.4210386161822,8,12.5894513183927,1.34878935206289,10.5165126160166
0.982924412563752,9.7315128393354,10,11.2460354972495,0.860277993673542,9.51791680842888
-0.781580470643046,5.2408714600169,4,3.15008452898008,-0.401841651011099,5.92132301106477
-0.702652608466713,5.36420162899017,5,3.38782918118309,-0.975765726570378,4.93213933366749
-0.377413606491512,5.93669666669319,8,4.49666367396931,-0.154742420662554,6.48710381807194
-0.848233788205961,5.13880588789061,4,2.95643990219148,-1.43431934486869,4.16673901688185
1.09992699030613,9.96877954569465,11,11.7136593082234,0.882840132936974,9.57110315582771
-0.794200820053427,5.22143056135112,4,3.11294613200668,-0.431084906502198,5.86263915533359
0.472665588123361,8.38006278736583,9,8.76099222884306,0.638729595590743,8.93792488090973
-0.606741694751387,5.51985660315134,6,3.69100518567126,-1.03574916742967,4.83551725548608
-0.679305403953273,5.40140747069521,5,3.46009792822536,-1.55149424983575,3.96486682429993
-0.03417461074088,6.76058135118508,7,5.99265180868268,0.275009555254875,7.78667071349688
0.46662266959026,8.36074505729473,8,8.72756451208149,-0.0174650670899722,6.86311664225298
0.611581538637517,8.80567872794533,11,9.50876940178014,1.22918640470065,10.2919066969285
-0.22943320087245,6.25676232863451,4,5.09350462181158,0.312740927313297,7.91176450014205
1.01532213165696,9.79913755376079,10,11.3789847422983,0.363468291384389,8.07957588804234
-1.49242404663876,4.14024199188465,4,1.31139223646908,-2.0044947461255,3.24906083107546
-1.32317111757298,4.40998033088932,5,1.71201761318748,-0.0492970564647494,6.77192703472477
-0.665246797748548,5.42400514173805,5,3.50407371995588,-0.675194767857034,5.41996177797729
0.544545322273906,8.60507220581485,9,9.15334982519373,0.823378482229895,9.42873352354881
0.948915355322037,9.65869166702842,9,11.1034723495282,2.26729765255958,12.0431373219537
0.819570826100326,9.36177906406682,8,10.5316183300182,1.21198459205545,10.2590272957978
-0.630101694314565,5.48120987682184,5,3.61558529868133,-0.762136712003336,5.2759192763609
-1.93707005298576,3.46043437207075,1,0.355940679429058,-1.89673974031144,3.40453894418408
-1.91461779914714,3.49216066445909,1,0.4006253767184,-2.4418294188437,2.72307362655687
-0.08925040751327,6.60856941483032,6,5.72571744173104,0.29983957150825,7.86898602022526
1.69297932617959,11.0317697508293,12,13.6574611593961,2.21143820196236,11.9690658424896
-1.5718604017515,4.01353752294276,3,1.13018016825536,-1.29402584889122,4.40745773523411
1.18753441045523,10.1360243763589,12,12.0424737286738,1.28726948619292,10.4017360255958
0.900516969295061,9.55150123313534,9,10.8951053097632,1.73053646057129,11.2090757844858
1.06686344530716,9.90357782682901,10,11.584960800166,0.942727652678176,9.70765470300721
-0.555381753015656,5.60684747259243,6,3.86072330494376,-0.500827284621238,5.72836097484728
-0.572756650196312,5.57708573253726,6,3.80268831721612,-1.17674794819224,4.60461641876548
-0.823746503379094,5.17614244561493,4,3.0268780098112,-0.269507423031953,6.20753564647845
-0.685639384804395,5.39127523414438,5,3.4403988966917,-1.44842795520952,4.14238807858833
0.394791443555726,8.12739617712526,7,8.32630979176939,0.283256254321815,7.8140010408724
-0.396221083504877,5.89932277674437,7,4.42554537336338,-0.737931981348761,5.31559079985575
0.995855410968796,9.75869993451381,10,11.2994295157841,0.769437207330324,9.29319723574413
-1.27779245600583,4.48155629704952,5,1.82282028635411,-0.53255325578437,5.66964752312195
-1.50359739575431,4.12238473445629,4,1.2856388261387,-1.82917112221657,3.50744787425363
-1.42160408990762,4.2534308057841,4,1.47662305891522,-1.65260252249164,3.79328796593813
1.15352051260636,10.0719364338989,12,11.9168463954999,0.907094646974584,9.62719191782693
-0.410847708966026,5.87071632900057,8,4.37092134642732,0.308273219073555,7.89695173144117
-0.535564558018994,5.64124316445454,6,3.92772173919928,0.444315424828548,8.34341570284845
1.10793071449525,9.98437358335615,11,11.7444232104966,0.494490323715544,8.50326684888714
0.938053494548332,9.63501165127009,9,11.0572771287198,0.488805330384377,8.48534418687277
-0.779265489368295,5.24444454818139,4,3.15692192373719,-1.42555082413061,4.18186901024831
0.819434295891339,9.36144719144266,8,10.5309889864245,1.14555499264519,10.1301223357546
0.00118687346086914,6.86217309737608,7,6.16939947380317,0.402714034951874,8.20842051255805
1.60871582796988,10.8866313768276,11,13.4171356751461,0.560791836448085,8.70815263215375
0.451188239038375,8.31115903688543,8,8.6419217753087,1.10010080571205,10.03975850471
-0.760345170990759,5.27373547099455,5,3.21310056996776,-0.597313801910756,5.5537083408435
0.852635030361051,9.44094539367066,8,10.6824051623318,1.15168894779691,10.1421704328734
0.94203348804728,9.64371297347669,9,11.0742416558398,1.83112877978896,11.383461187106
1.04641013855012,9.86256521357513,10,11.5040181642815,1.27620776555263,10.3809449131818
-0.200987126344666,6.32411743721023,4,5.21633659771923,-0.26894930702541,6.20882108626402
1.17573834943089,10.1139073687679,11,11.9991905926053,0.926399406857717,9.6710618526993
-0.707945809526753,5.35581862394474,5,3.3715735596219,-1.55270611618438,3.96278970993786
0.94203348804728,9.64371297347669,9,11.0742416558398,1.49312727064848,10.7819761106387
1.05408777390244,9.87802428444508,11,11.5345229621468,1.15008858892834,10.1390301882716
1.08505101337771,9.93960419141146,11,11.6560791007719,1.69748260271624,11.1506522604193
-0.594586013920121,5.54018334060697,6,3.73067939101777,-0.337349466341717,6.05634238631648
-0.100097740459782,6.57954481621379,5,5.67437062906967,-0.0306348822160003,6.82510533441963
-0.842311096684519,5.14782235312269,4,2.97340442931149,-0.627364424396196,5.50145449153079
-1.58362460416966,3.9948501969274,3,1.10371785236614,-0.693780382015305,5.38877724910422
-0.52274699151968,5.66375973180928,6,3.97152597811039,-0.852256721986945,5.13012176434466
-1.32320391783894,4.40992843496165,5,1.71193805122236,-0.842234269094472,5.14623092660478
-0.140379920072508,6.47442200014569,5,5.4872638839692,-0.262015147592881,6.22485013226115
-1.48016731261395,4.15983581900707,4,1.33974175023211,-1.52290773376795,4.01395990660456
0.957703349110317,9.67769776476336,9,11.1406107465016,1.0923193107384,10.0240811541008
-0.751075549273307,5.28814732892582,5,3.24082074013709,-0.951852430608686,4.97050245058537
1.59123022523755,10.8562948106715,11,13.3659380821755,1.76829391404929,11.275191218592
0.191515764646293,7.45423580456761,10,7.18253406849986,0.0843155458724643,7.16944812587963
0.936349082717495,9.63127660061175,9,11.0499987690285,1.13400651433032,10.1073492426347
0.94203348804728,9.64371297347669,9,11.0742416558398,1.54370744033618,10.8741030405908
0.0595638573108859,7.03629943016171,8,6.46984751882735,0.639034933770041,8.93879948617146
0.0542103543203203,7.02001626473412,8,6.44186708636286,0.25075188437349,7.70638976813335
-0.0341652661579637,6.7606077923523,6,5.99269797065592,-0.370916904003866,5.98506656118678
0.387627074839515,8.10381403454523,7,8.28598109587964,-0.0837427213986086,6.67593070174817
1.12785375056726,10.0228935546478,11,11.8203553544383,1.37015727654067,10.5560983657999
-0.575717694153264,5.57204890335823,6,3.79286229276274,-0.247464002943257,6.25884125127615
-0.317330353827317,6.06083556665394,3,4.73077738978687,-0.92296825773456,5.01677847994616
-1.73430866375342,3.75917539211609,2,0.773530583267472,-0.92707988599929,5.01019343273347
-0.0612264143345314,6.68495397540327,6,5.8602486524834,-0.428896305961173,5.86697966157927
-0.761041056385073,5.27265524346641,4,3.21102484783061,-1.1483364989213,4.65166414366723
-0.782241684254338,5.23985131110187,4,3.14813304052682,0.494624621874488,8.50368961330066
-1.92852283595249,3.47246851034178,1,0.372905206549073,-0.742018431981321,5.3088729849647
0.967839297518603,9.6994535329851,10,11.1831849770113,0.52682029461078,8.60416434907871
-0.357981775061028,5.97603526831437,8,4.57120840854076,0.521930220732393,8.58901953258099
0.547707359763349,8.61474803434507,10,9.17036018119479,0.533619226383979,8.62514916489244
0.938053494548332,9.63501165127009,9,11.0572771287198,0.349300301981199,8.03280923668338
-0.150259801288163,6.44927905822206,5,5.4422333632223,-0.215640536491893,6.33488401791746
-0.176316709618406,6.38417017015467,5,5.32509206501264,0.240413627635131,7.67224961050368
-0.485485333687618,5.73050954976762,7,4.10104878919374,-0.062524280285204,6.73473021224683
-0.468710723508597,5.76122874076033,7,4.16045589945946,-0.566434233646572,5.60838216283723
0.525784837827964,8.54725821136517,9,9.05196537883118,0.359268896394397,8.06572551604318
0.185377670163683,7.43421321345892,9,7.14855416486734,-0.39915650533035,5.9267875616232
-0.514843369400752,5.67775412702644,7,3.99872504543707,0.668134971933744,9.02120306475218
1.09160995136009,9.95249919929812,11,11.6815314031928,0.783682932232446,9.32960476731136
0.586487797210779,8.73172591985594,10,9.37704514462129,1.80379085760823,11.3366497624986
1.06704373264638,9.90393694287289,10,11.5856697057248,0.883099490023253,9.57170879851171
0.944099460428872,9.64821851786068,9,11.0830305390502,1.3381849451218,10.4968190456093
1.8320930678771,11.2656899322729,12,14.031767927166,2.39485774124178,12.2009712637039
0.190270009144769,7.45016864966202,10,7.17563252153608,-0.105000890545453,6.61810807756401
-0.507398604510902,5.69101509747511,7,4.02447845576746,0.109694733835059,7.24894121776471
0.103283371575856,7.17145835740429,9,6.70134286862445,0.0238494074154278,6.98487153775071
-0.686759799320324,5.38948600731896,5,3.43692161333368,0.0312526828354257,7.00707774075916
-0.0624169987007683,6.68166799086473,6,5.85447841282028,-0.0996605901407903,6.63253086784056
0.384098908215066,8.09218490910523,7,8.2661062171253,0.223720253827779,7.61725246742903
0.900516969295061,9.55150123313534,9,10.8951053097632,1.00812859284724,9.84986331767274
-0.593273553585745,5.5423873160862,6,3.73498097740178,-0.560548903087604,5.61892440655517
-0.555381753015656,5.60684747259243,6,3.86072330494376,-0.591121157416654,5.56458961560024
0.58484742799235,8.72684299492659,10,9.36837769361601,0.506221853847711,8.54008546536686
-0.485485333687618,5.73050954976762,7,4.10104878919374,0.077593519600454,7.1485822453192
1.17280231423492,10.1083850215692,12,11.9883708045804,1.34351296509232,10.5067179797047
-0.591905575326825,5.54468648111207,6,3.73946827422814,-0.277954938546362,6.18816459287771
-0.0260006551123973,6.78379288814386,6,6.03314209816793,0.0734755406854409,7.13584035714935
1.16791534446975,10.0991773180584,12,11.9703199759997,1.28725919337546,10.4017167041647
0.306744177110927,7.8354795677115,6,7.82905134899232,-0.0418514412606418,6.7930462532037
-0.569563889447639,5.58252801657621,6,3.81330410324077,-0.543135704089799,5.65035941718741
-0.449777588003531,5.79643422840302,7,4.22835819870608,-0.765840067866229,5.26987341100061
-0.489589352727195,5.72305914369869,7,4.08662007044683,-0.141487763277496,6.52142335843618
-1.39330094622739,4.29858342369562,4,1.54362149317073,-2.44899699734884,2.7156465015166
1.7560644667988,11.1389268168142,11,13.8306057126341,2.12311877676829,11.8455076481098
1.67294926656353,10.9974498897776,11,13.6012825131655,1.62779630237525,11.0261357765833
1.37781259769463,10.4815328095437,9,12.7020891643212,1.08839523217582,10.0161505650006
0.931572163750151,9.62078025817903,9,11.0295569585505,0.860917685341459,9.51943855647954
1.51060466499209,10.7156677142782,10,13.1237856951113,1.50232335805182,10.7987587166193
0.843659465656654,9.41968975038587,8,10.6417916595912,1.20678954240943,10.2490610764279
1.8320930678771,11.2656899322729,12,14.031767927166,2.1656474425495,11.90599764303
-0.1671287625464,6.40692995433756,5,5.36612966646121,0.09339249767681,7.19775198176223
0.848448092756604,9.43105149574319,8,10.6634891467585,0.657827410530796,8.99223076720989
0.0789436418858711,7.09574403610364,8,6.57182005754111,0.151222592630028,7.38122013278639
0.810453440229232,9.33952536216928,8,10.489469441102,0.945662265709299,9.71418294648188
-0.704877159206554,5.36067628989891,5,3.38099178642598,-0.906180382304571,5.04366372553503
-1.82549913355232,3.62158642158861,2,0.581837444932126,-1.31167815383357,4.37740206926041
-0.909067930524681,5.04656673802278,3,2.78472562274695,-0.373535648925356,5.97959889082874
-0.539213998760644,5.63487162208675,6,3.91531789319703,-0.860864226029988,5.1163001204692
-0.69038788762898,5.38369839251761,5,3.42567648371532,0.0703225480501306,7.12610558429546
-1.41583809664572,4.26263585112658,4,1.49022747463614,-1.21394228500002,4.54259542371097
-0.425299103048925,5.84283372003732,8,4.31752732789273,-0.489622326850839,5.74943278564766
0.907880949643006,9.56809559792022,9,10.9272332147938,0.135993721588516,7.33241812679591
-1.33691470653591,4.38821682864641,4,1.67874661511379,-1.22331228240516,4.52689457485208
-1.93707005298576,3.46043437207075,1,0.355940679429058,-1.02404686036554,4.85442388821985
0.944099460428872,9.64821851786068,9,11.0830305390502,0.681514512724117,9.05845403315125
1.30920593796745,10.3588623886515,13,12.4722502371155,1.57639140893708,10.9333824191776
-1.56768379322724,4.02017843543467,3,1.13959839505943,-1.86297737580835,3.45545672935326
-0.00647616505346442,6.83990006850808,7,6.13075055331069,0.461642286297973,8.39902472242613
-1.65580825643711,3.88094594068719,3,0.943497521862839,-2.15973476849784,3.04411375761617
0.463560010700108,8.35093335628345,8,8.71059998496148,0.45981492115446,8.39317909506955
0.379180679336252,8.07595758486294,7,8.23838604695597,0.358916713812579,8.06456349851356
-0.797198837436681,5.21682135706095,4,3.1041572487963,-0.906723743461593,5.04279351946677
1.03305984752341,9.83549409017948,10,11.4506241457469,1.27702162365788,10.3824764359798
0.0973126580587096,7.15278065776045,8,6.66942567538197,0.62996109232127,8.91272105389525
1.90328592527151,11.3813551659887,13,14.2128650010116,2.86424319172751,12.6739269462482
-0.545224085304395,5.62441583035048,6,3.89495564468411,0.114167920448297,7.26306388050826
-0.169100258675137,6.4020281413621,5,5.35729953200833,-0.117197477824856,6.58542811559185
-0.62752474553359,5.48544745002345,6,3.62385307904906,-0.00812361133675244,6.89031680099231
-0.827637332705325,5.17019920551661,4,3.01563288019284,-1.41053792341785,4.20776114110284
-0.362378900096288,5.9670676681453,8,4.55424388142075,-0.374145433218168,5.97832761054995
1.02797822718953,9.82512462883236,10,11.4301823352689,0.762906711882107,9.27635776615999
0.54715753344694,8.61306701484904,10,9.16740400791044,1.24572439009264,10.3233539361339
0.890333203164242,9.5283772924375,9,10.8504206124739,0.694198769613275,9.09339630390497
-0.438081585514982,5.81847691674327,7,4.27076690846624,-0.747382597337887,5.30006753488674
0.899209728857906,9.54854437375133,9,10.8893859122616,0.970435596793565,9.76872437318633
0.367793053842144,8.03831736519394,7,8.1741442919681,-0.197757718831192,6.37866072822254
0.407125192624203,8.16788407852589,8,8.39563332260992,0.142101829171919,7.35195341641197
1.14553553872179,10.056745825211,12,11.8869863582178,1.15513019443314,10.1489155255874
1.24689470154057,10.2458043170064,12,12.2558512603816,0.996674428000391,9.8254320614647
-0.635564815774341,5.47224653915867,6,3.59809966871868,-1.73307213225977,3.66032751901364
0.160700149018666,7.3541818613373,9,7.0126275633368,-0.532971081383115,5.66888325401573
-0.846482863008163,5.14147056471028,4,2.9614503941343,-0.856154402338818,5.12386160055888
0.0427207782813346,6.98527770884758,8,6.38209962123462,0.0177553989551596,6.96667913652497
-0.47426078778178,5.75101686160332,7,4.14072299454025,-0.442302064461184,5.84051969308917
-0.410847708966026,5.87071632900057,8,4.37092134642732,-0.281363496561245,6.18039337255187
-0.759637889245618,5.27483362713634,4,3.21521103674746,-0.838520221094782,5.15220530163227
-0.530771889891949,5.64963697883374,6,3.94405692272559,-0.29147595652968,6.15748860308106
-0.00201122547265082,6.85286057805831,7,6.1532466824472,-0.106895288354514,6.61300843149929
-1.62616446556141,3.92754282306669,3,1.00884557557462,-2.86227075395834,2.33141182897371
1.14553553872179,10.056745825211,12,11.8869863582178,0.87926279411214,9.56273628244218
0.823118803905004,9.37038882531342,8,10.5479535135445,0.360588704953338,8.07007957423051
1.7623782156729,11.14956211604,12,13.8476210891466,1.44761933015964,10.6987153450371
-0.0841941794823458,6.62220216718789,6,5.7497905160596,-0.197752554983009,6.37867347915812
-0.839248951577348,5.15248736704388,4,2.98219331252186,-0.261756841903564,6.22544932964815
-0.31301471867169,6.07004484058453,9,4.74801274189324,-0.186793855371734,6.40587733464062
-0.0742680074163131,6.64915649883704,6,5.79730600301815,0.151512758677075,7.38215305471398
1.03962639929677,9.8488400728926,11,11.4769427546954,1.93863325425629,11.562338772925
-1.82549913355232,3.62158642158861,2,0.581837444932126,-1.62444518378244,3.8406568672371
-0.555381753015656,5.60684747259243,6,3.86072330494376,-0.479480552197673,5.76866381641526
0.883207269210716,9.51207374970414,8,10.8189765172145,0.600141402230092,8.82575979356796
-0.00292121819209249,6.85021523976037,7,6.14865655541561,-0.0124243089099199,6.87776979144593
-0.769695285048428,5.25924021133703,4,3.18527143750023,-1.24172701205275,4.49594979262706
-1.15167469065216,4.67785550842714,6,2.13872463592045,-1.90737943251857,3.38870666772306
1.10415128698077,9.97701872800882,11,11.7299149297846,1.91323745912303,11.5209014999205
1.42443232576108,10.5641314197527,9,12.8535053402284,1.64295312087996,11.0533519801932
0.993123158363697,9.75297756860989,10,11.2881843861657,0.819349599932429,9.41882564428481
-0.410847708966026,5.87071632900057,8,4.37092134642732,-0.356950662963204,6.0144509914693
1.20101518834492,10.1611686429222,12,12.0915750067153,0.681556053220711,9.0585690609685
-0.14852285458415,6.4536811287545,5,5.4501254869958,-0.0102579999099958,6.88408467911442
-0.575717694153264,5.57204890335823,6,3.79286229276274,0.14473368121934,7.36038687027654
1.73981969127715,11.1114832596999,12,13.7865657759279,1.53363277572175,10.8557889887667
0.556257768381583,8.64081054952958,9,9.21624163249752,1.1658420004877,10.1698485584677
-0.597098996702752,5.53596846963376,5,3.72245289771564,-0.922529025806878,5.01748191676675
0.673374110612556,8.98160927241613,11,9.82584049884148,0.665071629922468,9.01261754873622
-1.44030909910388,4.22355212559979,4,1.4326472671847,-0.276592970595857,6.19127697210987
-0.456928388248223,5.78306943160528,7,4.20260478837569,-0.539112742535125,5.65767508400941
1.20578126989724,10.1700263043458,12,12.1088428193356,0.794147974468235,9.35606727666316
0.0466885567957909,6.99724180478436,8,6.40269541220515,-0.597610983050363,5.55318716453024
-0.572206734088117,5.5780222639713,6,3.8045152200304,-0.236782176103122,6.28410287885034
0.11963035021748,7.22292572853969,9,6.78918705147275,-0.506512032654776,5.71773897414658
-1.57943263232493,4.00150592722728,3,1.11313607917022,-1.40342859969087,4.22001503039892
-1.1829826095569,4.62950133140825,6,2.05916940940617,-1.07557132797058,4.77092164001814
0.019162187323572,6.91496437341738,7,6.26079446723668,0.368880905108596,8.0974121286037
-0.489589352727195,5.72305914369869,7,4.08662007044683,-0.638423087758429,5.48244033432259
-0.16337635988972,6.41628716968932,5,5.3829733803736,0.318467746900937,7.93074812847202
1.1066244910718,9.9818334040282,11,11.7394127185538,1.05835693416649,9.95486411173318
-0.556740340319295,5.60450733538759,6,3.85616189771583,-0.31282949904189,6.10985246325809
1.34642330065424,10.4255994196113,13,12.5979925646575,1.09224238912222,10.0239258560947
-0.809225679852635,5.19836363877634,4,3.06902689872744,-1.39144540218365,4.24065638041858
-0.837505151929465,5.15514500560141,4,2.98720380446469,-1.00508687937651,4.88499339409586
-0.539567696761915,5.63425501481193,6,3.91411732347836,-0.179475957726792,6.42420393902192
-0.00907521716468001,6.83237778715315,7,6.11768523066584,0.48810504413119,8.48313288586924
-1.66210501726563,3.87108625195166,3,0.929698146709637,-2.07680499623049,3.15083811181035
0.335335519979197,7.9306281730185,6,7.99073136085324,0.347014893449532,8.02525598100467
0.452882379617522,8.3166184573141,8,8.65134000211278,0.861213243605031,9.5201413784374
1.18015898096748,10.1222088184339,11,12.0154462141665,1.08779126179946,10.014928439835
0.441075720941872,8.2784896645068,8,8.58561740513978,0.636049853728868,8.93024026491745
-0.489589352727195,5.72305914369869,7,4.08662007044683,0.0772315409281568,7.14746095676277
1.14553553872179,10.056745825211,12,11.8869863582178,1.22770339522977,10.2890791263091
0.540260977781506,8.59193014512771,10,9.13026561093704,0.671004830966644,9.0292271929521
-0.662225205023482,5.42888229421884,5,3.51357150872508,-0.373407885464633,5.97986534267195
1.00083443206978,9.76909788930875,10,11.3198713262621,1.29419793907388,10.41473196551
-0.63574170038274,5.47195678074521,5,3.59753447010061,-0.696550587734591,5.38414972925807
0.455310181470789,8.3244351042673,8,8.66482942346557,0.607038785492025,8.84604372723229
1.08228782295096,9.93415657464079,11,11.6453256353134,1.15121521761613,10.1412411013467
1.78028539096144,11.1796263725642,12,13.895573242075,2.88476225610695,12.6917004200449
0.911054743876113,9.57521521341577,9,10.941032589947,0.779903426292734,9.31998898570286
0.94203348804728,9.64371297347669,9,11.0742416558398,1.19332080661323,10.2231388898475
-0.0054805948016288,6.84278579556384,7,6.13576104525352,0.725382328726243,9.17775295402772
0.931572163750151,9.62078025817903,9,11.0295569585505,0.625116318956188,8.89872322693044
1.01669502532111,9.80196786310126,10,11.3845583405854,1.17949395599054,10.1963949194659
-0.912479247101656,5.0414082928791,3,2.77522783397775,-0.99681276100323,4.89831194956851
0.946095194435945,9.65256364762252,9,11.0915094684602,0.71984357555195,9.1629303164109
0.355170497675137,7.99649906487676,7,8.10285782970201,0.14469767494489,7.3602714280291
0.59041083848632,8.74337977918501,10,9.39774606673827,0.444721707968201,8.34472415047631
0.577570143664013,8.70510984832204,10,9.32984376749165,0.805689567092359,9.38497724325895
0.417810961879534,8.20283860433136,8,8.45557349121379,0.290794239938307,7.8389919282181
1.62149943941438,10.9087681207777,11,13.4542740721195,1.53677085653903,10.8614954883857
1.34642330065424,10.4255994196113,13,12.5979925646575,0.349036071871073,8.03193608054279
-0.802997975953165,5.20791500452969,4,3.08719272167629,-0.157270332584049,6.48060698808932
0.567792392780132,8.67572963194068,10,9.27786214433424,0.41614427185173,8.25220698958807
-0.641059572187417,5.46325861909488,5,3.58056994298059,-1.53072913896334,4.00051100798535
-0.665246797748548,5.42400514173805,5,3.50407371995588,-0.329105306456105,6.07419438746954
-0.574455515295668,5.57419468340171,6,3.79704848167958,0.204884828395745,7.55543700876905
0.440040804496321,8.27513860572746,8,8.57984716547666,0.250628941810269,7.70598346457873
-0.443549480719887,5.80814335666184,7,4.25089632411317,-0.186089438510594,6.40763583616482
-0.417759996639105,5.85733321690954,7,4.34531164303769,-0.125956074021093,6.56218346107421
0.666142622687134,8.96148522598074,11,9.78929019421927,1.03933121908391,9.91548280645106
1.24279402884871,10.2382934326986,12,12.2413429796696,1.27572606718021,10.3800383102819
-0.630681775516661,5.48025683460993,6,3.61372594668616,-1.40868124038831,4.21096189714267
0.617314361154489,8.82237454175776,11,9.53862943906225,0.906300801652387,9.62537347898795
0.481819994751806,8.40921860572489,9,8.81151417064284,0.809100884278409,9.39346736401809
0.112971508932842,7.20190357391777,9,6.75332449178186,0.114822411549466,7.26513292010638
1.20101518834492,10.1611686429222,12,12.0915750067153,1.10003198820571,10.0396201402921
0.129648305070137,7.25469554964098,9,6.84334081772763,-0.823332975642049,5.1766661082956
0.993123158363697,9.75297756860989,10,11.2881843861657,0.410517440187771,8.23388375627522
-0.53833476845362,5.63640509465412,6,3.9183035123952,-1.54382004178687,3.9780286061336
0.365329814485632,8.03016407628854,7,8.16023876833766,0.923470808020045,9.66444949894244
-0.516954219056726,5.67400821369373,7,3.99144668574578,-0.396675922413857,5.93184746413351
-1.11098028900781,4.74035209228648,6,2.24331624742558,-1.71174490225636,3.69517636615528
-0.909067930524681,5.04656673802278,3,2.78472562274695,-0.756124990893385,5.2857465665657
0.326383500261946,7.90085354957197,6,7.94010513694347,-0.049126607882808,6.77240905301418
1.75479558524983,11.1367872899442,12,13.8271792786686,1.37676733823156,10.5683197525127
-0.434576089194978,5.82512854222317,7,4.28354742426021,-0.388704897489526,5.94818327020026
-1.5956778173588,3.97573405496223,3,1.07670658775564,-1.89670906559281,3.40458473876895
-0.88898925314695,5.07695135474402,4,2.84090426897751,-1.67389230243114,3.75773859302189
0.505501942768519,8.48400016839781,9,8.94150724240738,0.878945410321709,9.56199277799661
-0.909322381237702,5.04618193641628,3,2.78401671718812,-0.906731405386138,5.04278124875141
0.0224212939246318,6.92461651933478,7,6.27747418750582,0.0706146168857869,7.12700655828993
-0.00851172473752713,6.83400728708315,7,6.12051602033505,-0.030753641848879,6.82476437238404
-0.373876049910342,5.94380263173987,8,4.5101530953221,-0.895769619977798,5.06033848341284
-0.662225205023482,5.42888229421884,5,3.51357150872508,-0.144653437771025,6.51318776205429
0.00941891012941725,6.88625551367794,7,6.21112799780817,-0.54509588513288,5.64680223395315
-0.216813977024777,6.28639544327295,4,5.14765838806646,-0.958444266095486,4.95993351025141
0.00754896323646715,6.88077103528996,7,6.20163020903897,-0.10268801951421,6.6243460551347
-0.0260953321495697,6.78352308858341,7,6.03267183748675,0.0707292717454635,7.12736028927562
0.515426481263037,8.51504745466609,9,8.99566100866225,0.607383715608208,8.84705544974945
-0.820493202293285,5.18111527432589,4,3.03629623661528,-0.24847662394935,6.25646013071304
-0.473242553053301,5.7528867679143,6,4.14433749371859,-0.902649246558001,5.04931909444956
1.73593617065049,11.1049061346158,12,13.775981685698,1.32669546764319,10.4754424925454
1.08634010602965,9.94214254430537,11,11.6610895927148,1.08779934755772,10.0149448038999
-0.0153833803710932,6.81418838366094,7,6.08606585602134,-0.0961080396108075,6.6421637139426
0.889195496940692,9.52578115227011,9,10.8454101205311,1.72259877712028,11.1950890577329
-0.922463011717138,5.02631600980931,3,2.74750766380842,-0.951844438319296,4.97051526256398
0.561072092829791,8.65541888563666,10,9.24199958464336,0.642527018309943,8.94878751830941
0.779534634920104,9.26265509989189,7,10.3446868643029,0.200618272639738,7.54147574478235
0.167129375057398,7.37495609110203,9,7.04792946622507,0.0843528133520349,7.16956403531455
1.77623230117341,11.172834929898,12,13.88475948612,2.26677375322574,12.0424570379129
-1.58330888456699,3.99535134809991,3,1.10442675792497,-0.845413808495289,5.14111847181413
1.09160995136009,9.95249919929812,11,11.6815314031928,0.899341369262886,9.6093820111092
-0.54803558106634,5.61954033028261,6,3.88545785591492,-1.07269914932321,4.77559507972882
0.955137928860949,9.67216336560043,10,11.1297909584767,0.635394203437589,8.92835766983497
0.90886959244754,9.5703154508543,9,10.9315348011778,0.570436450418486,8.73726923344441
-0.590379478588923,5.54725376916697,6,3.74447876617097,-0.610739556454942,5.5302531480398
0.612582737567,8.80859994047085,10,9.51399060551106,1.07935125804603,9.99780776346543
0.106547183656721,7.18169603851813,8,6.71882849858711,-0.0109082565698657,6.88218804589864
-0.485485333687618,5.73050954976762,7,4.10104878919374,0.0520629061961815,7.07010126352725
-0.0143661449412391,6.81711502189163,7,6.09115590992929,-0.274372957496982,6.19635901050987
-0.903240610433348,5.05538084179666,3,2.80098124430814,-1.05562989085462,4.80332132968135
1.84227164525898,11.2824230172737,13,14.0580865361145,2.98328703496823,12.7745393543272
0.429669362971435,8.24148074673826,8,8.5219425818756,0.19713477890858,7.53008915204814
1.51878898440977,10.7299939972934,10,13.1488301998829,1.27645993051324,10.3814194704027
-1.37540240667814,4.32708861436779,5,1.5862752856455,-0.787142942347412,5.23520463761165
1.08121341762773,9.93203593804179,11,11.6411394463966,0.618976524787396,8.88091038471206
1.02498486339095,9.81899922974494,11,11.4181102544828,0.545182818626459,8.66064387910641
-1.05731886327522,4.82221734910967,2,2.38339134046972,-1.40168990476711,4.22301106676403
-0.588015763197892,5.55123511887261,6,3.75224879002211,-0.527157358361795,5.67953789035805
-0.0132105668756943,6.82044273091703,7,6.09694231227828,-0.173388840241425,6.43954664135253
0.557250547287112,8.64382691934575,10,9.22155777416532,0.146504753917801,7.36606742034812
-0.0460785299811104,6.72707534861265,6,5.93408448149602,0.054115151829675,7.07636350568766
0.0300865343887771,6.94741361229645,8,6.3168336643797,-0.498436174984184,5.73284247088252
-0.598238958631931,5.53405868022022,6,3.71872535584059,-1.07588349776018,4.77041355210886
-0.909067930524681,5.04656673802278,3,2.78472562274695,-0.0934319762355605,6.64944012559278
-1.47312513001078,4.17109475123808,4,1.35607693375842,-0.898419190022625,5.056094335416
0.982924412563752,9.7315128393354,10,11.2460354972495,0.997083033098205,9.82630689956197
-0.13064859450985,6.49943309684732,5,5.53194858125855,-0.321784661501198,6.09016432438679
0.412731070879796,8.18623670291923,8,8.42709357332417,1.47758725786895,10.7535837511894
-0.561332631566721,5.59661373734839,6,3.84077315862558,-1.51496227194771,4.02763306875206
-0.515212663990973,5.67709833293052,6,3.99745094126018,0.240449674405498,7.67236855108492
2.05213496606483,11.6109958917587,14,14.5695145859995,2.24071269494487,12.0082737029961
0.48272932354979,8.41210739998105,9,8.81652466258567,-0.013116790127953,6.87575340102508
-0.536771827104302,5.63913349303796,6,3.92361511224755,0.498345924842341,8.51539243948636
-0.718649951209567,5.33892125194838,5,3.33884289750974,-0.619029912381949,5.51585907780746
0.0148821723242574,6.90232597102071,7,6.23894026138146,-0.585802474104143,5.57396773776072
-0.0806673466332294,6.63175024713207,6,5.76663422997199,0.655364681340287,8.98527339227907
-1.46124246261625,4.19009247135854,4,1.38371754196263,-1.49376044156558,4.06416287319312
-0.657942740973397,5.4358073058546,5,3.52706093007787,-0.888071763343322,5.07267115653302
0.0258619624059122,6.93483281408913,8,6.29511890761202,0.0939235040615174,7.19941224089185
-0.477633532749839,5.74483455424759,7,4.12876895936306,0.000320900765751952,6.91507304715074
-0.474460577893853,5.75065015207936,7,4.14001408898142,-0.967164708335984,4.94594499135292
-0.645336248311034,5.4562817130178,5,3.56696552725967,-1.84871448587074,3.47727114938254
-0.635401747852871,5.47251368931984,5,3.59862077156132,-0.189253920979901,6.399745398788
0.995855410968796,9.75869993451381,10,11.2994295157841,1.36063571714765,10.538474212363
-0.0459500977862933,6.7274349528749,6,5.93471382508973,1.25304467908176,10.3372261058653
0.955451153082841,9.67283969850797,9,11.1311129577324,0.468980895101805,8.42245303101297
-0.171224171063561,6.39675847638462,5,5.34780174323914,0.240418227708267,7.6722647889488
-0.574207098974678,5.57461722029976,6,3.79787278470557,-0.229435897210939,6.30162971231592
0.869246848998863,9.4798345233071,8,10.7569498969032,0.459363518912367,8.39173437358604
1.0487966531085,9.86737891274707,10,11.5135159530507,1.17551360441949,10.1886699279668
-0.760107566811886,5.27410435867571,5,3.21380947552658,0.3001343091256,7.86996339707453
0.0604057473388554,7.03886563922318,8,6.4742552536886,-0.386217422940277,5.95330518739799
-0.72153476426593,5.33437953705698,5,3.33005401429937,-0.233587459370631,6.29170943270712
0.918531483338981,9.59191126233988,9,10.9734284356022,1.12164405333109,10.082835098295
1.08505101337771,9.93960419141146,11,11.6560791007719,1.89404147305147,11.4892282970038
-0.773218475358898,5.2537886513313,4,3.17481907995124,-0.354530203227635,6.01958240777639
2.06104953482819,11.6241535232065,14,14.5899563964775,1.67996154390427,11.1195029336582
-0.00241842872992388,6.8516765980763,7,6.15119236378872,0.274793325984755,7.7859542987388
-0.594586013920121,5.54018334060697,6,3.73067939101777,-1.1007640485944,4.72982424984943
0.555004719147034,8.63700049388265,10,9.20952847142429,1.73143845821077,11.2106633422899
0.999387570711248,9.76608030051417,10,11.3139377964961,1.06006855554656,9.9583848730855
-1.32084682992834,4.41365721624901,5,1.71765744872402,-0.70850676603335,5.36423510096428
0.496431040012063,8.45546978389642,8,8.89184076574784,0.809897057527618,9.39544531438069
1.19963470508642,10.1585999815862,12,12.0865645147724,0.52711185671948,8.60506597539494
-0.0109673362075928,6.82691179430397,7,6.10818744189664,-0.337233469221466,6.05659260169352
0.0254575730733169,6.93363066799746,7,6.29304318547488,-0.0331882128446842,6.81778181996655
-0.417759996639105,5.85733321690954,7,4.34531164303769,-1.31986059793978,4.36344124501592
0.019162187323572,6.91496437341738,7,6.26079446723668,-0.0148179736378787,6.87080442029985
-0.782241684254338,5.23985131110187,4,3.14813304052682,-0.396717073072752,5.93176343320938
-0.670430466774853,5.41565511479769,5,3.48781809839469,-0.497332152333986,5.73491442496723
-0.429905314762593,5.83402407018264,7,4.30062694574835,-0.76904976981556,5.26463821009739
-0.545433753529854,5.62405189573284,6,3.89424673912529,-0.586052499294744,5.5735262007874
-0.555381753015656,5.60684747259243,6,3.86072330494376,-0.661502853271033,5.44309828400247
0.149939109321002,7.31954034651894,9,6.95372695136246,-0.52358474192191,5.68610734358253
-0.491934485786299,5.71881307999491,6,4.0783935771447,-0.236564838430077,6.28461960375638
-0.787757868422037,5.23134765790599,4,3.13187741896563,0.167998930307065,7.43533493072004
-0.0671124652217267,6.66874379571213,6,5.83176873459379,-0.542005694012731,5.65241225658154
0.971092195529196,9.70639862227551,10,11.1967893927322,1.02343638208382,9.88222207910519
0.929376247502228,9.61594112893265,9,11.0201387317464,0.779735475030354,9.31956095985406
-1.91461779914714,3.49216066445909,1,0.4006253767184,-1.93811347044334,3.34355888152779
-0.102134022600202,6.57413012141265,6,5.66477712288051,0.532229446946728,8.62086649115323
-1.21094561907057,4.58610342329701,5,1.98876001435907,-1.92447135847343,3.36349093917874
0.528846807968545,8.5567410011477,9,9.06856553713519,0.65500915264115,8.98426788171681
1.03305984752341,9.83549409017948,10,11.4506241457469,1.46742654963625,10.7349976869957
-0.14196551451509,6.47036992783434,5,5.48001424408157,-0.0267763479519083,6.83620093156673
0.977030932691587,9.71903257607266,9,11.2215533823861,0.158191171887115,7.40365536101398
0.94203348804728,9.64371297347669,9,11.0742416558398,0.872634374476221,9.54716800965368
-0.544364882087775,5.62590778362661,6,3.89786170191717,-0.670652887044331,5.42762069892099
1.0113248440671,9.79088095021779,10,11.3627291207371,0.741701192713228,9.22102289201897
0.986025383216037,9.73805691053588,9,11.2588801580191,0.720959109469014,9.16592124577837
-0.599772545245441,5.53149159830003,6,3.71371486389776,-0.354492422889973,6.01966259463382
0.98587330290298,9.73773633249495,9,11.2582508144254,0.139909637993451,7.34493616106458
1.02538615768475,9.81982115460242,10,11.4197299777199,2.16222159785665,11.901193309651
-0.489589352727195,5.72305914369869,7,4.08662007044683,-0.229141394207087,6.30233496324668
0.900516969295061,9.55150123313534,9,10.8951053097632,0.353839411842324,8.04780364530195
0.896642751748097,9.54272833180508,9,10.8781407826432,0.673202032030966,9.03535805296913
-0.0566875838831858,6.69751406899219,6,5.88229067639357,-0.184168082442999,6.41243836458033
-0.585497532648709,5.55548342623989,6,3.76053942829988,-0.941317771917534,4.98738567264408
-0.665246797748548,5.42400514173805,5,3.50407371995588,-0.278514261004808,6.186887618769
0.090799012163792,7.1324809076859,8,6.6347118648449,0.205798231958488,7.55842799372577
0.895500363895241,9.54013582765354,9,10.8731302907004,0.645223418400127,8.95648129531195
1.75665136389641,11.1399161742461,12,13.8321897706114,3.0442122998104,12.8238555975803
0.865450607399816,9.47099829837923,8,10.7399853697832,0.534374933243499,8.62747642213005
0.335335519979197,7.9306281730185,6,7.99073136085324,0.0216783330630797,6.9783812137079
0.0509890047812779,7.01024772945075,7,6.42507072090302,0.0810588499860398,7.15932877935959
-0.093732579848681,6.59653950832469,6,5.70445132822702,0.110348896710291,7.25100451181562
-0.784560066235221,5.23627583190662,4,3.14129564576971,-0.239820892716958,6.27688973572243
-0.388292221649847,5.91499655442646,7,4.4554054106455,-0.655271816449175,5.45367617784779
0.0210187842375003,6.92045986171487,7,6.27029225600587,-0.383402996903227,5.95911426492434
0.491524148873847,8.43997697273029,9,8.86490818917744,-0.501158259483747,5.72774129271555
-1.80156959466736,3.65722657578797,2,0.631532634164298,-1.86295198410898,3.45549540607779
0.0525674796134956,7.01503156781502,8,6.43329721420515,-0.337228727742394,6.05660283003989
0.861386710230649,9.46150576068247,8,10.7217782597688,0.494619555295072,8.50367366447197
-1.55961824144485,4.03301159295746,3,1.15782077645956,-1.4683651655793,4.10797449892288
0.053528192167016,7.01794579311229,8,6.43830770614798,-0.697275538538481,5.38293957469059
0.04786578079803,7.00079811703327,7,6.40881509934183,-0.236820516084464,6.28401173610932
0.574662873105159,8.69639544589189,10,9.31441244895645,-0.418710668638132,5.88728834728121
0.498716385158885,8.46267133868525,9,8.90436884543397,0.436352066034033,8.31772775737118
0.764313889080448,9.22400259710856,7,10.2723615588093,1.36301561466943,10.5428815766105
-1.32317111757298,4.40998033088932,5,1.71201761318748,-1.88233038151244,3.42614478419023
-0.290278160962672,6.1192429435937,8,4.83977516580271,-0.874755728040832,5.09401473521759
1.82633980271792,11.2562050126827,12,14.0168282727906,1.70738156419934,11.168197599641
-0.710814028695042,5.35128377347871,5,3.36278467641153,-0.43838694788016,5.84821610588072
0.00320895435030535,6.86807374031075,7,6.1796294363713,-0.242482987862946,6.27058815715402
0.84860479928159,9.43142247415653,8,10.6641980523173,0.207315141521774,7.56339678453477
0.183065973996516,7.42668376268849,9,7.13577364907337,-0.274496529482108,6.19607584173791
-0.645113131238011,5.45664530639122,5,3.5676744328185,-0.112493379417201,6.59798956777708
-1.40187828238732,4.28490875379204,4,1.52325924465782,-1.4328474866156,4.16927897936143
-0.832667599795211,5.16252181597304,4,3.00112459948082,-0.462329645928705,5.80154063630489
-0.555381753015656,5.60684747259243,6,3.86072330494376,0.202581625997575,7.54789831723475
-0.966611817765762,4.95961386995213,3,2.6262526330928,-0.224140094976328,6.31434263031655
1.72272171975362,11.0824810170229,11,13.7398053565014,1.62458437297946,11.0203599117227
0.946842939796153,9.65418982093353,9,11.0946834663178,0.743838883762575,9.22664668076997
0.982924412563752,9.7315128393354,10,11.2460354972495,0.632810519474429,8.92092984091691
0.612582737567,8.80859994047085,10,9.51399060551106,0.41317435902484,8.24253980042306
-0.608283350513734,5.51728952509599,6,3.68599469372843,-0.299798465847506,6.13880568451321
-0.583290059921327,5.5592132108838,6,3.76781778799118,-1.16568501385259,4.62296960218743
0.363001799987057,8.02245494816702,7,8.14709388372769,-0.114530199767888,6.59254399105281
0.394090224086891,8.12509002829292,8,8.32236442532098,0.366272074087127,8.08881748440548
-0.0113315525563778,6.82586063238203,7,6.10636053908236,0.661959052322652,9.00387248609427
-0.112688544333438,6.54623625052148,5,5.61528219904037,-0.0706495158301061,6.71208670565166
-0.425299103048925,5.84283372003732,8,4.31752732789273,0.123549902848423,7.2927874686541
-0.00851172473752713,6.83400728708315,7,6.12051602033505,-0.0810916889263887,6.68321810891233
0.773551086450278,9.24752458854588,7,10.3163373505398,0.707343713745032,9.12922373886023
-0.591929820075424,5.54464571542285,6,3.73938871226302,-1.47771770787225,4.09183477966447
-0.579113237759987,5.56628525113674,6,3.78161716314438,-1.66287518908599,3.7761044238045
-0.909067930524681,5.04656673802278,3,2.78472562274695,-1.45543715500866,4.13028911259747
1.19963470508642,10.1585999815862,12,12.0865645147724,0.765733185584826,9.28365767639221
-0.665246797748548,5.42400514173805,5,3.50407371995588,0.25490488099999,7.72011865909694
-1.63041927215024,3.92083761617852,3,0.99942734877054,-1.95815862272656,3.31458668685134
1.7623782156729,11.14956211604,12,13.8476210891466,2.1535423276718,11.888968053924
-0.779265489368295,5.24444454818139,4,3.15692192373719,-0.909614900647791,5.03816334948382
1.0885238828504,9.94643817159073,11,11.6695685221247,0.988761014641519,9.80844012364372
0.472665588123361,8.38006278736583,9,8.76099222884306,0.826451369981263,9.43626752484548
-0.415231170267388,5.86221939490992,8,4.35466572486613,-0.797369443993079,5.21862165336718
0.560183335421115,8.65272571103791,10,9.23724864159362,0.296698707273055,7.85857066179429
-0.466047105125813,5.76614686924422,7,4.16995368822865,-0.335032377736997,6.06134574750196
-0.662250494807308,5.42884144344342,5,3.51349194675996,-0.697593263610297,5.38240930879678
2.05213496606483,11.6109958917587,14,14.5695145859995,2.18240203448768,11.9293214693522
0.0210187842375003,6.92045986171487,7,6.27029225600587,-0.0496608696102128,6.77089842145217
-0.539358837188542,5.63461910356525,6,3.91482622903718,-0.448353686419756,5.82867309904071
-0.966611817765762,4.95961386995213,3,2.6262526330928,0.0792457462569449,7.15370333225961
1.18035202523911,10.1225709750636,11,12.0161551197254,0.920156394350303,9.65694770466015
-0.485752146102997,5.73002441293301,7,4.10010949179963,-0.946175724118722,4.97960115206673
0.249973066378655,7.64672411588141,5,7.50891081738414,0.231685586198267,7.64347265334754
0.393552089842059,8.1233199321359,8,8.319336368401,0.300139632866882,7.86998105108308
-0.45832387360889,5.78047100998999,7,4.19759429643286,-0.608112084494558,5.53482912664871
-0.408718821847253,5.87485553139896,7,4.37883507721922,-0.280771317703506,6.18174164230951
-0.706509041589304,5.35809225647041,5,3.37598129448315,0.106965526173754,7.24034055902831
1.05571891653665,9.88129859173788,10,11.5409850084355,0.735196673051837,9.20384782273525
-0.442168681600638,5.81074810931255,7,4.255906816056,-0.1028023918496,6.62403727956543
0.515426481263037,8.51504745466609,9,8.99566100866225,0.0789887862782486,7.15290655600643
0.540260977781506,8.59193014512771,10,9.13026561093704,0.19377748818375,7.51912590905766
-0.121299581050781,6.52369212000955,5,5.57518762878262,0.191419074109704,7.51143103406972
-1.38619804252777,4.30990063303791,5,1.56052187531511,-0.701333619942893,5.37617185484384
0.508477227569119,8.49332654887906,9,8.95776286396856,0.725101773889421,9.17700380749032
0.614945346747544,8.8154843074191,11,9.52630086062385,0.50544341462467,8.53764947999058
-0.695079611133155,5.37622787236625,5,3.41116820300329,-0.385290357471979,5.9552170459371
0.563641362599189,8.66319518501701,9,9.2557232331822,0.0427874841225985,7.04190247904551
-0.465870785160883,5.76647282422304,7,4.17058303182236,-1.03060020013605,4.84383997229606
-0.425299103048925,5.84283372003732,8,4.31752732789273,0.205212265508456,7.5565091340812
-0.727115683970706,5.32560740010317,5,3.31308948717936,-0.312523571791509,6.11052804109344
0.621572480521519,8.83472687412197,11,9.56075102493755,0.540238798365396,8.64549869588332
1.14644988571199,10.0584882542788,11,11.8904127921834,0.664260685455994,9.01034122009226
0.096334289905066,7.14972644980474,9,6.66420447165105,-0.610099750366507,5.53136679770302
-0.69038788762898,5.38369839251761,5,3.42567648371532,-0.658188254727701,5.44872129590319
-0.214405172612004,6.29209649673733,10,5.15805634541572,-0.088677952018309,6.66240938117021
0.48856645610875,8.43061879457874,9,8.84865256761625,0.898359899988405,9.60711956040485
-0.787757868422037,5.23134765790599,4,3.13187741896563,-0.621646285822704,5.51133014625095
0.0487932665863389,7.003602108569,8,6.41363943391399,0.446336710175554,8.34992323239206
0.584583436099199,8.72605661433597,10,9.36698216446506,0.527573287367932,8.60649258917186
-0.115006848991676,6.54014794103115,6,5.60446241101542,0.0730784767936748,7.1346134150415
-0.787998768293131,5.23097656949813,4,3.13116851340681,-1.21788722951921,4.53598879193264
0.600817058360667,8.77412766109069,11,9.45246503161122,0.356611117063916,8.05695456438288
0.573719741593906,8.69356455431627,10,9.30940195701362,0.638325201880646,8.93676622640499
-0.928336685740094,5.01743953359922,3,2.73125204224723,-2.23622857298294,2.95100152316153
-0.527850314013929,5.65476862059726,7,3.95404034814773,-0.626223949503189,5.50342174535288
1.56924017113982,10.8180557753868,11,13.3008911363733,1.56807106479608,10.9183121394617
0.108088675469903,7.18653800489948,9,6.72709627895484,-1.08772455580705,4.75111984399814
1.19963470508642,10.1585999815862,12,12.0865645147724,0.875279158382526,9.55339007979466
0.484551439985746,8.41789192365605,8,8.82656027748796,0.165745402484441,7.42804552456131
-0.667425267602692,5.42049340394433,5,3.49723632519877,-0.371496250349397,5.9838558113689
-0.546517711978728,5.62217128141554,6,3.89058334222587,0.356995404135189,8.05822298858793
-0.536771827104302,5.63913349303796,6,3.92361511224755,-0.374105148804236,5.97841157368515
-0.0173906937222732,6.80842063347687,6,6.07603158843774,0.585755466161231,8.78313153476446
-0.583504930788558,5.55884992476814,6,3.76710888243235,-0.254869536739666,6.24148178191535
-0.638914238941069,5.4667645768856,5,3.5874073377377,-0.711812251862809,5.35874535995705
0.56803185055466,8.67645158879561,10,9.27913798161676,0.385556699069589,8.15223951844403
0.49780216362329,8.45979153764535,9,8.89935835349114,1.04649211926132,9.93035889591414
0.456154076842125,8.32715018835425,9,8.66951622153967,0.700870753720771,9.11163011235511
0.454982493454719,8.32338055314964,8,8.66300923043908,0.304787607603766,7.88539393915746
-0.670430466774853,5.41565511479769,5,3.48781809839469,-1.09671638067689,4.73644038351283
1.91532435489739,11.4005757959384,13,14.2428046002588,1.03127977912567,9.8986769201595
-1.35627169591561,4.35750427109085,4,1.63211042937119,-1.71987988703465,3.68184794046128
0.000215891279807957,6.85934312463988,7,6.16449181206556,0.0787010324137403,7.15201443756666
0.955410503115393,9.67275193424232,9,11.130941404913,1.21189072070402,10.2588473668078
-0.516954219056726,5.67400821369373,7,3.99144668574578,-0.359570896238569,6.00890908094084
-0.909322381237702,5.04618193641628,3,2.78401671718812,-0.948671037384692,4.97560194190018
-1.93707005298576,3.46043437207075,1,0.355940679429058,-1.41042338174977,4.20795861066115
-0.679305403953273,5.40140747069521,5,3.46009792822536,-1.05842939311632,4.79877946757872
-0.489589352727195,5.72305914369869,7,4.08662007044683,-0.73513813244601,5.32018867409213
-0.559624260405088,5.5995472574925,6,3.84649255612723,-0.57211618612352,5.59824236325172
-0.581772198802286,5.56178094588344,6,3.77282827993401,-1.25314066367395,4.47671234460106
-1.76747246632733,3.70859794036941,2,0.703092475647744,-1.94027789980995,3.34041243152256
-0.0576256719473397,6.69491385597525,6,5.87772926916564,0.378528862877733,8.12915753136237
0.0331051181760914,6.95642769423681,7,6.33238302852378,0.293187987214456,7.84692916118045
0.963961389721639,9.69115069878115,10,11.1669293554501,1.48051254803509,10.7589314938478
1.03351717794538,9.83642552383908,10,11.452460639832,1.53678739810138,10.8615255639424
-0.787998768293131,5.23097656949813,4,3.13116851340681,-0.194364174400328,6.38705405458334
0.0931642162481744,7.13984273125877,8,6.64730408950667,0.48809930407288,8.48311475723008
-0.410516602589175,5.87135955942727,7,4.37215135482879,-0.575614432759362,5.59201783966512
-0.0161230081556973,6.81206201821576,7,6.08236702671892,0.039753811919686,7.03271715565988
0.00839968118399631,6.88326513713075,7,6.20594977842537,-0.506142450033223,5.71842816019758
0.996027815017234,9.75906062061982,10,11.3001384213429,0.796979293863637,9.36318587428014
0.0929878831874749,7.13929351655707,8,6.64636479211256,-0.26950214212388,6.20754780606758
0.026134957025445,6.93564456801542,7,6.2965204688329,-0.288932840950867,6.16322764350353
-0.694590565795521,5.37700584869325,5,3.41267872652237,0.31744186263233,7.92734784052081
1.16017160866625,10.0845455284086,11,11.9416103851539,0.938706893135279,9.69868650782493
0.452882379617522,8.3166184573141,8,8.65134000211278,0.356876055011797,8.05782905893377
-0.00996887272555437,6.82979509795157,7,6.11319793383947,-0.459009408263472,5.80795816441542
0.119525560636215,7.22259430893854,8,6.78862185285468,-0.293827997442477,6.15219332953058
-0.450668362178996,5.79476479819395,7,4.22514291378279,-0.772964574134596,5.25825876209569
0.953057168298437,9.66766612177375,10,11.1210020752663,0.902105316695884,9.61574375751162
-0.444787263635916,5.8058111130378,7,4.2464090272868,-0.196553936141871,6.38163491724056
-1.55961824144485,4.03301159295746,3,1.15782077645956,-1.5762552696798,3.9225066559011
-0.4106568685674,5.87108704463358,8,4.37163025198615,-0.6529623353994,5.457604798497
-0.212784216990202,6.29594098771049,4,5.16506446329502,0.1548180983325,7.39278795356494
-0.0555370326112484,6.70070623721949,6,5.8878892606876,-0.950950323790379,4.97194853208046
0.0176048544908164,6.91036083464884,7,6.25283592179022,-0.891865163231263,5.06659335851098
-0.928336685740094,5.01743953359922,3,2.73125204224723,-0.318426408504226,6.09752774972216
-0.922463011717138,5.02631600980931,3,2.74750766380842,-1.01885181097305,4.86280736534802
0.036794069982893,6.9674713964187,8,6.35142327778095,-0.435813864661365,5.85328824466869
-1.57607780451911,4.00683506650609,3,1.12068237948616,-2.49340729844954,2.67031678261953
-0.744058732658214,5.29908558628025,5,3.26189189420883,-0.25335844978541,6.24501376881219
0.37921186971511,8.07606055344673,7,8.23856189417665,-0.283178103395277,6.17626671214565
0.0574902430355464,7.02998512266253,8,6.45899978237408,0.054761261426837,7.07833676389349
0.0171738119000935,6.90908764650468,7,6.25063447571472,-0.0366749602481466,6.80780539128989
-0.0280030040941492,6.77809154004698,7,6.02320276852121,0.362905967960109,8.07772183549977
0.436089845342725,8.2623327138488,8,8.55780514156648,0.744974225437668,9.22962934433562
-0.536771827104302,5.63913349303796,6,3.92361511224755,-1.33757397541252,4.3331603508918
1.13852899645374,10.0433676886744,11,11.8606677492694,1.94048898576411,11.5653452746738
-0.438081585514982,5.81847691674327,7,4.27076690846624,-0.0156767926657963,6.86830847418727
1.23182780305339,10.2181583180501,12,12.2023776798819,0.933593259645506,9.68724065942115
0.632026899162694,8.86487667231924,11,9.61485394903097,0.970443729549741,9.76874211520643
0.506575327738179,8.48736664647761,9,8.94737376732605,0.688038851629905,9.0764725246719
-0.662250494807308,5.42884144344342,5,3.51349194675996,-0.791330269919456,5.22841024234829
-1.72794747598712,3.76894079543518,2,0.787134998988394,-2.1664282973444,3.0357669833662
-1.273542612589,4.48823568269376,5,1.8332726439031,-1.64391919972771,3.80785515893712
0.428765250178068,8.23854038168073,8,8.51688835332554,0.521881014884611,8.58886692232805
-0.848233788205961,5.13880588789061,4,2.95643990219148,-0.226521735704704,6.3086172231995
-0.00344123000317422,6.84870446112356,7,6.14603474442887,-0.202295081624324,6.36748135983301
1.21028001621934,10.178372342488,12,12.1250984408968,1.16689518858575,10.1719016769864
-0.733110155427135,5.31620554598845,5,3.29492366423051,-1.33002272112104,4.34607861250437
1.87487228231426,11.3355880200885,13,14.1414201538963,2.5664623167394,12.3910524110956
1.08505101337771,9.93960419141146,11,11.6560791007719,1.82006762201325,11.3645786435057
-0.435949328589089,5.82252033844739,7,4.27853693231738,0.0472203318359044,7.05535761229469
1.78421130231086,11.186197099393,12,13.906025599624,1.0092099771302,9.85216006578686
1.92132886937287,11.4101233923394,13,14.2576646926691,2.05358614412533,11.7426586079615
-0.665246797748548,5.42400514173805,5,3.50407371995588,0.0365998396598769,7.02318745183612
0.323269507017497,7.89049172730916,6,7.92249411613464,0.658546214344613,8.99425888225019
0.691426228764932,9.0313000700117,6,9.91642087938025,0.436796036077326,8.31916195646184
1.60871582796988,10.8866313768276,11,13.4171356751461,1.57878692332014,10.9377185847598
-0.6416723793934,5.46225790537865,5,3.57861845452733,-1.75036789512982,3.63229576513001
-0.477633532749839,5.74483455424759,7,4.12876895936306,-0.967157576691273,4.94595643472115
-0.000536680248355912,6.85715126467768,7,6.16069015255792,-0.494896741914045,5.73949123305937
-0.782241684254338,5.23985131110187,4,3.14813304052682,-1.184284707819,4.59208838998319
-1.45502200696464,4.20003672088287,4,1.39822582267466,-2.56546185044381,2.59914525756726
-0.826111412480006,5.17252952735693,4,3.02004061505409,-1.0727622574288,4.77549241945258
-0.438081585514982,5.81847691674327,7,4.27076690846624,-0.902481619485945,5.04958756970221
-1.81730664623131,3.63374834897909,2,0.59880197205214,-3.33349155536827,1.96583223043364
1.09031668177427,9.94996056520684,11,11.67652091125,1.16209189676694,10.1625307598852
0.0804038731019681,7.10025399609611,8,6.57954590753087,-0.075187405654406,6.69950906569716
-0.357981775061028,5.97603526831437,8,4.57120840854076,-0.408413748861208,5.90800301396751
1.65311524498251,10.9633467976379,11,13.5450744282521,0.818554414252627,9.41686607797802
-0.45832387360889,5.78047100998999,7,4.19759429643286,0.109941030921814,7.24971798141386
-0.779025622069201,5.24481490313236,4,3.15763082929602,0.151880323006185,7.38333498183535
-0.569563889447639,5.58252801657621,6,3.81330410324077,0.236743928297007,7.66014485347249
0.617637365605549,8.82331299953647,11,9.54030921445952,0.786643357939964,9.33711484836403
-0.214405172612004,6.29209649673733,10,5.15805634541572,-0.199994969944554,6.3731423430146
-1.59175093400886,3.98195843493531,3,1.08549547096601,-1.48075109816521,4.08660104997075
-0.419352921192758,5.85426124663528,6,4.33942835344684,-1.23620379048505,4.5052433589192
0.0629141528504676,7.04652047418775,8,6.48740013829857,0.415836373452773,8.25120519366557
0.387110329709186,8.10211143574447,7,8.28307074424531,0.386251705418739,8.15452010277489
-1.15019535662192,4.68013428103498,6,2.14250302718799,-1.29277250773827,4.40958835186769
0.491653200445324,8.44038495865313,9,8.86561709473626,1.39616693606048,10.6041274011314
-0.704282510630191,5.36161833306085,5,3.38281868924026,-0.885365800983261,5.07700723964634
-1.54257773511052,4.06015859368312,3,1.19646969695205,-2.2996040433822,2.8774660456785
1.72272171975362,11.0824810170229,11,13.7398053565014,2.62923876988646,12.4550908110998
1.46511017624005,10.6358283070666,9,12.9826099567603,1.59506146608044,10.9671437490245
1.34642330065424,10.4255994196113,13,12.5979925646575,0.616031574136498,8.87233750399593
-0.782241684254338,5.23985131110187,4,3.14813304052682,0.105038296071603,7.23427457594524
-0.591905575326825,5.54468648111207,6,3.73946827422814,-0.758492126977023,5.28187509152729
0.44774301245098,8.30004444625592,8,8.62275580211318,0.469306795603034,8.42349166982416
-0.593057361932712,5.54275053667892,6,3.7356898829606,-0.29315445090575,6.1537084883951
-1.71568089567659,3.78782680284973,3,0.813453607936849,-1.45250848004107,4.13534448303525
0.995855410968796,9.75869993451381,10,11.2994295157841,0.996747715660796,9.82558899112496
-1.273542612589,4.48823568269376,5,1.8332726439031,-1.78461711178985,3.57743440935145
1.63215325526678,10.9271878080913,11,13.4850379743927,1.3887745341495,10.590492812218
0.50924395484379,8.49572737066079,9,8.96194905288541,0.985433746855296,9.80126755775029
-0.0541998938792432,6.70442029806411,6,5.89440143025863,0.23097898233857,7.64114496692278
-0.058093976468192,6.69361663431684,6,5.87545328163646,0.0499087373482209,7.06353695405165
0.898286936318711,9.54645508066448,8,10.8853456078763,0.765011178974996,9.28179464019337
0.587436655216677,8.73454771610754,10,9.38205563656412,0.79048563951088,9.34683356682438
0.0635771397679652,7.04854589586671,8,6.49087742165659,-0.790834336183362,5.22921462752408
0.00475310540757092,6.87258626464819,7,6.1874503023839,0.361150394447726,8.07193229306229
-0.544364882087775,5.62590778362661,6,3.89786170191717,-0.503599014801127,5.72317627800629
-0.0260006551123973,6.78379288814386,6,6.03314209816793,-0.548366109486212,5.64087831953173
0.993123158363697,9.75297756860989,10,11.2881843861657,0.838882753744518,9.46654591475787
1.84070547046952,11.2798523103294,12,14.0540462317292,2.0337534659407,11.7124404535396
1.61194973684939,10.8922348468926,11,13.4265539019502,1.46900320773318,10.737882869888
-1.40588641907048,4.27851581048585,4,1.51376145588862,-1.35460623013214,4.30397469024387
-0.820597136319911,5.1809563570027,4,3.03599512870576,-0.31960485438326,6.09494115391744
1.67748775425492,11.0052372373379,11,13.6140630289595,2.15235853127236,11.8872946475819
2.14113133949934,11.7390830480596,14,14.7690927425541,1.56880069479648,10.9196342659072
-0.787757868422037,5.23134765790599,4,3.13187741896563,-0.910663759037838,5.03648363855702
0.967839297518603,9.6994535329851,10,11.1831849770113,0.570305380630032,8.73687478327543
0.991357258472037,9.74927285032271,10,11.2809060264744,1.48526287749783,10.7676125430981
0.291858189574318,7.78591753013899,6,7.7449347152501,0.193997406782061,7.51984372205802
-0.233252375409415,6.24787079246571,4,5.07722028044673,-0.0266578960884487,6.8365420923121
1.22133158690517,10.1988161531911,13,12.164853296675,1.5449010048199,10.8762714970457
1.41677757284099,10.5506030429125,14,12.8288998221034,1.0239132116353,9.88322481261502
1.0164273528712,9.80141625751027,10,11.3834720391247,1.44060145607774,10.685843661176
-0.627362458474394,5.48571452503989,5,3.6243741818917,-0.952532212963882,4.96941271070548
1.92132886937287,11.4101233923394,13,14.2576646926691,2.181170867646,11.927617321346
-0.200483022799293,6.32532918784896,4,5.21853804379474,0.0490842648543429,7.061027007372
1.51714881741125,10.7271238468374,10,13.14381970794,1.17616261105463,10.1899303280438
1.49313947198109,10.6850586501581,10,13.0699838789274,1.27766567163382,10.3836881990095
0.412980948458905,8.18705399253608,7,8.42849513454505,0.212482553416876,7.5803377298787
0.504585514337023,8.48112433218693,9,8.93649675046455,0.186382385869001,7.49501629182813
0.611581538637517,8.80567872794533,11,9.50876940178014,0.899397689260291,9.60951178373863
-0.571619529663638,5.57902268363488,6,3.80646670848366,0.162614891967016,7.4179295645049
0.673041111817457,8.98068533037344,11,9.82416072344421,0.157780801562622,7.40233244852024
-0.665246797748548,5.42400514173805,5,3.50407371995588,-1.97113565586355,3.29603140625615
0.139839876258817,7.28718506543528,10,6.89867110931183,-0.1140882926546,6.59372460182104
0.406825932225082,8.16690344803589,7,8.39395297937706,0.629611306623807,8.91171214726491
1.23182780305339,10.2181583180501,12,12.2023776798819,1.53098593657116,10.8509744123029
-1.76713675806178,3.70910699578671,2,0.703801381206569,-1.60558576780355,3.87258310812661
0.560929943336859,8.65498824498724,10,9.24123983692307,0.413448635697069,8.24343296430325
-0.575717694153264,5.57204890335823,6,3.79286229276274,-0.81593864710767,5.18859558347681
-0.794200820053427,5.22143056135112,4,3.11294613200668,-0.983906023517803,4.91906406119572
-0.579113237759987,5.56628525113674,6,3.78161716314438,-1.02817119747733,4.84776404374907
-0.31301471867169,6.07004484058453,9,4.74801274189324,0.430763086623628,8.29965297378368
-0.268997067135296,6.16635223039479,9,4.92714908796982,-0.142321057933589,6.51925314952937
0.995855410968796,9.75869993451381,10,11.2994295157841,0.888665562685624,9.58467555170914
0.530876813841382,8.56301791963129,10,9.07955982506215,0.929716816499937,9.67853385859795
-0.645113131238011,5.45664530639122,5,3.5676744328185,-0.157265778981114,6.48061867705428
-0.954618609938845,4.97773327639914,3,2.65898329520496,-1.34253936202443,4.32465854865933
-1.22550211472193,4.56343293865999,6,1.95234309743746,-1.06432911169466,4.78920092280741
-0.665246797748548,5.42400514173805,5,3.50407371995588,-0.60023075419909,5.54859673960502
-0.63851477067517,5.46741785186965,6,3.5886814419146,-1.77121872496643,3.59879071661071
2.14113133949934,11.7390830480596,14,14.7690927425541,2.03602770699097,11.7159251290846
1.11511031438463,9.99830279199636,11,11.7718922658814,0.989640156873322,9.81033248281346
-1.22550211472193,4.56343293865999,6,1.95234309743746,-0.434014489797387,5.85684182948301
2.01726432076569,11.5588498944124,14,14.488571950115,2.72606665555553,12.5489372175784
1.34642330065424,10.4255994196113,13,12.5979925646575,0.625517077108807,8.89988306443941
1.02374413318832,9.81645651808798,11,11.41309976254,0.578173673669506,8.76049276750174
-0.596891066194683,5.53631696519777,6,3.72313309070183,-0.636539660387819,5.48567092846686
-0.0438153869039835,6.73341811395677,6,5.94518248369736,-0.2530227666847,6.24579909579934
1.26325987441779,10.2756849465087,8,12.3134178227799,2.01831011190042,11.688645180599
0.991907282432057,9.75042728593347,10,11.2831738942229,1.23753196954344,10.3077950330228
0.393103502304303,8.12184418790713,7,8.31681200300019,0.373455146174987,8.11247104796503
1.03861657213832,9.84679157039667,10,11.4729024503101,0.224435341709394,7.61960461915327
-1.49406099898994,4.13762547020719,4,1.30761384520154,-0.769055786293508,5.26462840096403
0.899371697786321,9.54891091474604,9,10.8900948178204,1.25330462775387,10.3377182042103
0.0370652998751711,6.96828458333467,7,6.35282483900182,-0.551122014876853,5.6358963145033
1.7493023608321,11.1275167725279,12,13.8123191862583,1.29418758208023,10.4147125532171
-0.951177935894683,4.98293104281117,3,2.66840152200904,-0.487914096116733,5.75266128697202
1.01901764784534,9.80674977597637,10,11.3939765673895,0.591210048976386,8.799345306164
0.589638798040174,8.74108901788653,10,9.3936753094437,0.0387337516162927,7.02963282844268
0.968008633091563,9.69981551119361,10,11.1838938825701,1.56180040990553,10.9069449051088
0.356155253976947,7.99976475140337,7,8.1084216949951,0.912933776950266,9.64053209494299
0.941866968432546,9.64334948876485,9,11.073532750281,0.61681783649649,8.87462817950072
1.02797822718953,9.82512462883236,10,11.4301823352689,1.04031634118874,9.91753322893051
-0.593057361932712,5.54275053667892,6,3.7356898829606,-0.376940361272384,5.97250982038778
1.03115342321395,9.83160815494076,10,11.4429628510628,0.907281657660082,9.62762012981401
-0.844915944070713,5.14385581497876,4,2.96593769096067,-0.308351966646183,6.1197600177573
1.09160995136009,9.95249919929812,11,11.6815314031928,1.52485873881969,10.8398242919649
-0.64678558639873,5.45392091420528,5,3.56236283296614,-0.305315492563428,6.1265032222094
1.01009479609664,9.78833541860285,10,11.3577186287943,0.808484532276851,9.39193521962516
-0.145165543636453,6.46221182911059,5,5.46540967811398,0.508647245883727,8.54766871841227
-0.063040238992941,6.67994930025754,6,5.85145976927302,-0.164832314765237,6.46126509965348
-1.70813020727568,3.79948690353099,3,0.829709229498038,-1.1718888494307,4.61268286828163
-0.297104287313817,6.10435105917504,8,4.81205499563338,-0.039966072942181,6.79841458253102
-1.4902545318597,4.14370991485449,4,1.31640272841191,-0.188549038353159,6.40150089625711
-0.655540425257774,5.43969860781906,5,3.53464266279682,-0.800384502298973,5.21373920837622
0.062778961874631,7.0461075792062,8,6.48669123273974,0.0257215391897017,6.99047616970745
-0.47426078778178,5.75101686160332,7,4.14072299454025,-0.0418888873532958,6.7929397144542
0.150760477542335,7.32217854878996,9,6.95821424818883,0.252392002625429,7.71181072787371
-0.539358837188542,5.63461910356525,6,3.91482622903718,-0.794243703606808,5.22368647304259
-0.787998768293131,5.23097656949813,4,3.13116851340681,-0.545850416531393,5.64543424614354
0.900516969295061,9.55150123313534,9,10.8951053097632,0.831194778493138,9.44785856465404
0.0734355440109896,7.07877060388625,9,6.54273042988277,0.551079056800276,8.6786453610622
-0.200320734454582,6.32571942762832,4,5.21924694935356,-0.40263262778537,5.91971578243914
0.982924412563752,9.7315128393354,10,11.2460354972495,0.864758071020841,9.52855728362695
0.955137928860949,9.67216336560043,10,11.1297909584767,0.931153629421985,9.6817641053475
0.818347744968644,9.35880456302269,8,10.5259784944817,0.272293763491774,7.77767352136385
0.504443625949664,8.48067894006702,9,8.93572084005839,0.655226075297706,8.98488141853111
-0.432478977939684,5.82911785061706,7,4.29120871894427,-0.0731485142848931,6.70515414993239
-0.0546070573389223,6.70328887425897,6,5.89241780875648,-0.184503913797414,6.41159829614224
-0.784800588859112,5.23590501619577,4,3.14058674021088,-1.20246954138804,4.56177799703444
-0.899870846749487,5.06047923151915,3,2.81039947111221,-1.44586677565613,4.14680895966189
0.554485155113319,8.63541974495838,9,9.20674384372832,0.948043865366738,9.71947030120005
0.0388743987676456,6.97371271231897,7,6.36217891359923,0.684956013189252,9.06797052334354
-0.575717694153264,5.57204890335823,6,3.79286229276274,-0.494579891476946,5.74008731158275
-0.702946526486986,5.36373565612185,5,3.38692531619199,-1.52418127934449,4.01176928379386
1.14553553872179,10.056745825211,12,11.8869863582178,1.09738208877248,10.0342884519908
-0.575503880540627,5.57241227161559,6,3.79357119832156,-0.158401535189675,6.47770478559741
1.09992699030613,9.96877954569465,11,11.7136593082234,0.613770271534597,8.86574206594046
-0.727115683970706,5.32560740010317,5,3.31308948717936,-1.37804451005998,4.26371618881001
-1.39696702421394,4.29273972708575,4,1.53491217192548,-2.37931579189305,2.78923546745695
-0.892573351290471,5.07152435389068,3,2.83084128159025,-0.907214249760089,5.04200796674944
1.37340585790392,10.4736973994221,9,12.6875808836091,1.19222788362724,10.2210299559239
-1.57911732721895,4.00200669309012,3,1.11384498472905,-2.16188275964174,3.04143097493437
0.185292640887186,7.43393615188133,10,7.14808390418615,0.379617056738485,8.1327339896633
0.588152472684339,8.7366751684379,10,9.38583402783166,0.580509412506721,8.76747969046563
-0.334966019959346,6.02362001945266,8,4.66093992763565,-0.146537836195034,6.50829703654195
-0.581772198802286,5.56178094588344,6,3.77282827993401,-0.5059031061909,5.7188745831284
1.19963470508642,10.1585999815862,12,12.0865645147724,1.39049391890122,10.5936651543129
0.671175215375964,8.97550329872123,11,9.81474249664014,-0.0868375031006824,6.66744489098262
0.585531425093649,8.72887978070799,10,9.37199265640789,0.096836257701166,7.20852798989732
0.0282826687741179,6.94203673707743,8,6.30755488666316,0.0313597852542213,7.00739983480279
-0.589038173813487,5.5495122664163,6,3.74888650103222,-0.234293856479889,6.29002547305402
-0.784560066235221,5.23627583190662,4,3.14129564576971,0.188881056326483,7.50315633027443
-0.650460475651848,5.44794308587098,5,3.55070990569848,-0.907221925667404,5.04199567371237
0.11950225036125,7.22252058774438,9,6.78849612891633,0.337882731456359,7.99505220727055
0.096334289905066,7.14972644980474,9,6.66420447165105,0.226014300400087,7.62479958191707
-0.233085877442935,6.2482576809762,4,5.07792918600555,-0.43599860388639,5.85292371143348
-0.660920361003502,5.43099072242443,5,3.5176781356768,-0.871266626340633,5.09960997421578
-0.653237379881692,5.44343362817479,5,3.54192102248811,-1.1988850185436,4.56776188832317
-0.899870846749487,5.06047923151915,3,2.81039947111221,-0.402321556726442,5.92034772963307
1.63926507173755,10.9394682112354,11,13.5054797848707,1.2081374372767,10.2516485706804
0.852635030361051,9.44094539367066,8,10.6824051623318,1.64405367976823,11.0553255551108
-0.0754590740589049,6.64590883639369,6,5.79158660551649,-1.01611323329651,4.86722441033752
0.889195496940692,9.52578115227011,9,10.8454101205311,0.871202220071511,9.54379305709545
-0.787998768293131,5.23097656949813,4,3.13116851340681,-1.15718799560149,4.63703682287317
0.844859086124774,9.42254066089167,8,10.6472335251973,1.02342880191535,9.88220613612147
0.508326276633079,8.49285375763763,9,8.95693856094258,0.737983961165935,9.2112192522844
1.26441804871327,10.2777941303533,13,12.3174717722183,1.18502414620095,10.2071081314581
-1.74638919895241,3.74068539709567,2,0.747777172937086,-0.569724043363344,5.6025067726868
0.0240208751188775,6.92936275056541,7,6.28567273237962,0.196224691825682,7.52711619590133
0.435984482435085,8.26199093818228,8,8.55721704921528,0.731270352310854,9.19343437594102
0.494682237021214,8.44995289896504,9,8.88224725955867,0.680694549700633,9.05618271553372
-1.58362460416966,3.9948501969274,3,1.10371785236614,-1.67745313490563,3.7518170352798
-0.169100258675137,6.4020281413621,5,5.35729953200833,-0.237607327804055,6.2821420611264
0.926064187567564,9.60862551262171,9,11.0059079829299,1.03629983414143,9.90916537366433
1.13207053161733,10.0309943316609,11,11.8363098680899,0.139586852257345,7.34390348647577
-0.660920361003502,5.43099072242443,5,3.5176781356768,-0.441590754714276,5.84191610793894
-1.41358949308816,4.26622480190693,4,1.49553907448849,-1.05471129852705,4.8048111820007
-0.2359677544641,6.24157061857734,9,5.06567193130577,0.102073879409564,7.22495607048685
-1.2330883625652,4.55159661062835,6,1.93342708186418,-0.731602821389786,5.32601273356207
-1.10710536448645,4.74628329071788,2,2.25334742654373,-0.974907367640887,4.93351752728433
1.8320930678771,11.2656899322729,12,14.031767927166,2.38284803172383,12.1867527185012
-0.130167112599024,6.50067693640029,5,5.53416801033645,-0.386342581129876,5.95304720058938
-1.93707005298576,3.46043437207075,1,0.355940679429058,-1.61711556882576,3.8530471235251
1.58429260893034,10.844240989566,11,13.3454962716975,0.588627871365577,8.79167746019688
1.95438556705292,11.4622009331356,13,14.3386073285536,1.40956149248234,10.6288020586435
-0.501719686539125,5.70118328672383,7,4.04421136068667,-0.156355835939423,6.48295548556541
-0.597098996702752,5.53596846963376,5,3.72245289771564,-0.189210965343562,6.39985234488414
1.79270451361576,11.200385858866,12,13.9285637250311,1.86852631842943,11.4466822446834
1.09603131374445,9.96116364840329,11,11.6986310469219,0.942720655267252,9.70763911937353
-0.016264803769388,6.81165452040706,7,6.0816581211601,-0.512617554915342,5.70638109575087
0.49780216362329,8.45979153764535,9,8.89935835349114,0.566859277289548,8.72649151198275
-0.486909163028987,5.72792188259765,7,4.09603829725091,-0.109980557041959,6.60472167737911
-1.45020845713771,4.20773108864185,4,1.40947095229302,-0.890897761858853,5.06814324842452
0.505501942768519,8.48400016839781,9,8.94150724240738,0.852568589125531,9.49951277630611
-0.705512572931693,5.35966992447515,5,3.37904029797272,-1.43887919276527,4.1588695662983
-0.725465629426883,5.32819904446455,5,3.31809997912219,0.0403324817775978,7.03446780503691
0.0185607982017646,6.91318597859651,8,6.25772024834345,-0.0393868073326213,6.80006562445528
0.430323307834803,8.24360689758374,8,8.52559767457079,0.652700249652303,8.97773095615345
-0.903240610433348,5.05538084179666,3,2.80098124430814,-1.12171832481901,4.69548959901242
-0.539358837188542,5.63461910356525,6,3.91482622903718,-1.03995257428148,4.82871825672154
0.57108511963419,8.68564642365487,10,9.29539360317795,1.18006931459318,10.197510576324
1.13852899645374,10.0433676886744,11,11.8606677492694,1.17593901426914,10.1894961293148
0.889195496940692,9.52578115227011,9,10.8454101205311,0.223513673483932,7.61657302610995
-0.432478977939684,5.82911785061706,7,4.29120871894427,-0.426230095833618,5.87227842709235
1.1334251277699,10.0335928864856,11,11.84142650851,1.79629879824349,11.3237393044209
-0.043898050843635,6.7331862107812,7,5.944776812477,-0.610445407731633,5.53076509454406
-0.593057361932712,5.54275053667892,6,3.7356898829606,-1.19273847750589,4.57801219663372
-1.33380455217384,4.39314509942794,5,1.6862642028571,-2.03955631771456,3.20082339997979
0.501921381757209,8.47275559307033,9,8.92192146490519,0.970827480264946,9.76957916761271
0.838758079576754,9.40800925700544,8,10.619513355028,-0.613818078347587,5.52490028753247
-0.556740340319295,5.60450733538759,6,3.85616189771583,-0.157820603505237,6.47919482984934
-1.273542612589,4.48823568269376,5,1.8332726439031,-1.60809600151647,3.8683252053812
-0.00871286889691042,6.83342553312872,7,6.11950542369233,0.116909689034412,7.27173596390079
-0.533348609793588,5.6451204097274,6,3.93526803951521,-1.21831062277815,4.53527940968634
-1.74638919895241,3.74068539709567,2,0.747777172937086,-2.19270035335005,3.0033800371528
1.82637039525617,11.2562554983943,12,14.0169078347558,1.45357032100725,10.7096233740755
0.655060310717131,8.93040360430517,11,9.73298582405035,0.468346245333667,8.42042997252075
0.460879487055711,8.34233444988582,8,8.69573989255124,0.427787555148766,8.29001514943215
0.016728054252178,6.90777144654606,7,6.24835848818553,0.039641748866958,7.03237821015898
-0.922463011717138,5.02631600980931,3,2.74750766380842,-1.05057886572816,4.81151077110108
-0.679305403953273,5.40140747069521,5,3.46009792822536,-1.64390189301809,3.80788423023109
1.8320930678771,11.2656899322729,12,14.031767927166,2.14411392731126,11.8756004522831
1.09118090057369,9.95165720461207,12,11.6798695796768,0.539070060536587,8.64191174999462
0.48856645610875,8.43061879457874,9,8.84865256761625,-0.491989589946336,5.74496580561544
1.41677757284099,10.5506030429125,14,12.8288998221034,1.76982413367882,11.2778552690319
-0.699592808882724,5.36905602759022,5,3.39724740798717,-1.05942661071459,4.79716109108121
0.605823311071397,8.78883370206889,10,9.47868870262279,0.487458831094996,8.48109164620123
-0.630681775516661,5.48025683460993,6,3.61372594668616,-0.966120125532172,4.9476210558094
0.955137928860949,9.67216336560043,10,11.1297909584767,0.574893942837584,8.75066332927994
1.1307451052725,10.0284499834504,11,11.8312993761471,1.71020322914341,11.1731914526599
0.998166825750232,9.7635317788808,10,11.3089273045533,0.855687410008186,9.50697242458361
0.149554603736102,7.3183056728053,9,6.95162681105396,0.143820316529628,7.35745901848386
-0.779025622069201,5.24481490313236,4,3.15763082929602,-0.47726721057971,5.77288126235522
-1.82549913355232,3.62158642158861,2,0.581837444932126,-2.38229915200151,2.78601973035611
0.027169138809885,6.93872126305595,7,6.30183206868525,0.636090189770776,8.93035605255253
0.574662873105159,8.69639544589189,10,9.31441244895645,0.653055251116044,8.97873680296385
-0.826111412480006,5.17252952735693,4,3.02004061505409,-0.879792233140798,5.08594019275056
-0.130044526581579,6.50099371552963,6,5.53473320895452,-0.632321712886241,5.49291732873543
0.0778895120956163,7.09249097431235,8,6.56624645925403,0.694192305030051,9.09337858806384
-0.049686534419621,6.71699006258448,7,5.91642729871396,-0.167379366607951,6.45478154544469
-0.111723266028974,6.54877535469657,5,5.61979276410684,0.210706359222618,7.57451212342335
1.67294926656353,10.9974498897776,11,13.6012825131655,0.885901533827842,9.57824383855112
0.365999069312214,8.03237967595069,7,8.1640171596052,0.756606903726023,9.26002345746983
0.493769290968118,8.44707078202529,9,8.87723676761584,0.651846466671086,8.97531073272686
-0.464643950564469,5.76874218652278,7,4.17496418017148,-0.319902046797764,6.09428930024392
-0.827637332705325,5.17019920551661,4,3.01563288019284,-1.32015569073468,4.36293743087902
-1.44225515425685,4.22044232507249,4,1.42808585995677,-1.65485447522943,3.78951631276365
-0.650460475651848,5.44794308587098,5,3.55070990569848,-2.18778538249939,3.00939402456937
0.570925032349001,8.68516481762196,10,9.29454186460338,0.379150096875762,8.13119938562084
1.05303198583999,9.8759030663337,11,11.53033677323,1.03518810144318,9.90684549249332
-0.72153476426593,5.33437953705698,5,3.33005401429937,-0.157525005023208,6.47995333165573
0.129648305070137,7.25469554964098,9,6.84334081772763,-0.0810961834143086,6.68320573973032
1.04893878324119,9.86766535458672,11,11.5140811516688,0.728601151207749,9.18633524912221
-0.787757868422037,5.23134765790599,4,3.13187741896563,-1.03927661472353,4.82981190787658
0.403343400870441,8.15548515744219,7,8.37439221045163,0.603949276686097,8.83697052740652
-0.298527753015829,6.10125883479507,3,4.80629299419676,-0.0916571092332557,6.65427567592082
0.822964661956805,9.37001535484307,8,10.5472446079857,0.461647265088065,8.39904064291026
-1.92852283595249,3.47246851034178,1,0.372905206549073,-1.78180398491523,3.58190686242844
-0.0205688844646194,6.79930864113173,6,6.06017134578084,-0.202667576303695,6.36656577102184
-1.15167469065216,4.67785550842714,6,2.13872463592045,-1.61670279840049,3.85374557119433
1.04710946432822,9.86397657405917,11,11.5068027919775,0.855738374399013,9.50709415987268
0.143369113358583,7.29847411675843,9,6.91788555229908,0.401884571261563,8.20571046922534
0.669607510650069,8.97114299591253,11,9.80682165306298,0.959918161980868,9.74569146501315
1.53583666823059,10.7597994208713,10,13.2006571364471,1.41466698055862,10.638197235699
-1.22927713214393,4.55754485153332,6,1.94292487063338,-0.710554250870772,5.36083384904687
-0.198328599447772,6.33051510718019,4,5.22795627059881,0.000679182420956681,6.91612688897745
0.505501942768519,8.48400016839781,9,8.94150724240738,0.387821823900345,8.15967084774651
0.436774237827829,8.26455240087314,8,8.56162478407653,0.240744965722467,7.67334292680061
1.04233383556626,9.85432538219574,10,11.4877625427203,0.420957868703317,8.26785570740854
-0.823746503379094,5.17614244561493,4,3.0268780098112,-1.29926566092971,4.39854537963233
0.389299568906403,8.10932313024363,7,8.29539932268372,0.673195665033118,9.03534030279814
-0.35105496447138,5.99024146638813,8,4.59804812033186,-0.236452459604314,6.2848868297847
2.14113133949934,11.7390830480596,14,14.7690927425541,1.65372331107959,11.0726495625788
-0.0555370326112484,6.70070623721949,6,5.8878892606876,0.401879079156536,8.20569252315205
-0.83725854397946,5.15552091133074,4,2.98791271002352,-0.597957631841567,5.55257935097309
0.129648305070137,7.25469554964098,9,6.84334081772763,1.00448777456586,9.84211826126876
-1.01986484573774,4.87906060551541,7,2.48270243428144,0.00275913476826316,6.92225039380798
0.861074321164766,9.46077464365925,9,10.7203766985479,1.24573541115474,10.323374842619
1.18035202523911,10.1225709750636,11,12.0161551197254,1.62781316240245,11.0261660876554
0.0404718201525282,6.97851174725289,8,6.37044669396696,0.116945417556341,7.2718490500534
0.114172846110556,7.20569049903021,8,6.75978653807056,-0.18699888898026,6.40536571428946
-0.318134825704976,6.05912336431336,9,4.7275709314152,-0.0441252909200092,6.78658280444259
0.306744177110927,7.8354795677115,6,7.82905134899232,0.199909082907837,7.53915668657568
-0.450668362178996,5.79476479819395,7,4.22514291378279,0.160632363436068,7.41152943326497
0.993123158363697,9.75297756860989,10,11.2881843861657,0.521278037941284,8.58699646058518
-0.162262220928484,6.41907239246959,5,5.38798387231643,-0.218917905710836,6.32694325800323
-0.909067930524681,5.04656673802278,3,2.78472562274695,-0.667726921583726,5.4325630068765
-0.591929820075424,5.54464571542285,6,3.73938871226302,-1.81625609657978,3.52756758622917
-1.1955501530597,4.61002154020343,1,2.02745066104066,-1.06317521662734,4.79107509019082
0.405433891257517,8.16234076128167,8,8.38613553384072,0.308305426471846,7.89705852255029
-0.680183304596019,5.40000135243088,5,3.45736342381171,-0.783407660337319,5.2412708504565
-0.781580470643046,5.2408714600169,4,3.15008452898008,-0.415744409737074,5.89323650857135
0.56803185055466,8.67645158879561,10,9.27913798161676,1.31840229910224,10.4599857446391
0.0596762071809583,7.03664180328655,8,6.47043561117855,0.015751132875225,6.96071309341388
-0.604353856534437,5.52383747176284,6,3.6987752095224,-0.725334326754436,5.33635621845426
-1.15820706880132,4.66778659090305,6,2.12206121670996,-1.34200291110422,4.32557733882025
0.855220009858471,9.44703516163015,8,10.6940580895994,1.14953299280913,10.1379394777737
0.582774963613815,8.72066543561168,10,9.35741737084853,0.334347004569599,7.98334967750643
1.28770113093478,10.3200528520454,13,12.3984144081029,0.875812112606995,9.55464225130853
0.0934795199757015,7.14082493771508,8,6.64898386490393,0.210524822003952,7.57391685868302
-0.200320734454582,6.32571942762832,4,5.21924694935356,-1.3115773319364,4.37757397937178
-1.15820706880132,4.66778659090305,6,2.12206121670996,-2.05963212679255,3.17372246708872
0.103283371575856,7.17145835740429,9,6.70134286862445,0.0655131086248398,7.11129251496013
-1.91461779914714,3.49216066445909,1,0.4006253767184,-2.10444021924113,3.11458275781634
-1.04040527568556,4.84791216846684,2,2.42807603775906,-0.670958619635797,5.42710465701832
1.81325017365156,11.2345552598411,12,13.9826666491245,2.02328510349708,11.6963357995938
-1.40558709452065,4.27899329016578,4,1.51447036144745,-2.14737379962626,3.0596308641088
0.122869834838802,7.2331805628306,8,6.80667268143541,-0.53218382667236,5.67032345571608
-1.42130339337591,4.25391091896931,4,1.47733196447404,-0.0402480686207958,6.79761111173981
-0.725465629426883,5.32819904446455,5,3.31809997912219,-0.533995674824521,5.66701006571446
-0.324756902384394,6.04508245291348,8,4.70125232246675,0.158481643615543,7.40459188496594
-0.903240610433348,5.05538084179666,3,2.80098124430814,-0.676006049650726,5.41859534782142
-1.52721573857077,4.0846643041427,3,1.23148505265279,-1.06281261460662,4.79166395604896
-0.69038788762898,5.38369839251761,5,3.42567648371532,-0.64247834829215,5.475495024698
0.113462829034997,7.20345203424268,8,6.75596689556052,-0.161003865106361,6.47104007697269
0.000356185451739157,6.85975187979988,7,6.16520071762439,-0.474292249092427,5.77856165654132
-0.4106568685674,5.87108704463358,8,4.37163025198615,-0.167554904105122,6.45433529175269
-0.458126350201941,5.78083861081424,7,4.19830320199169,-0.0238056134366547,6.8447668307916
1.20101518834492,10.1611686429222,12,12.0915750067153,1.5874147266828,10.9533255199621
0.594675460130755,8.75600982368714,10,9.42020463018025,0.186051589630786,7.49393912279841
-1.65468882079208,3.88270026781902,3,0.945953768270827,-2.02298100249234,3.22348345528126
-0.656545718014648,5.43806963897399,5,3.53146866493912,-0.66808546385314,5.43195703270951
-0.348632950021841,5.99523192369467,8,4.60746634713594,-0.18921552065794,6.39984100336642
-0.50639627912965,5.69280643900496,7,4.02795573912548,-1.12485210394244,4.69034240122206
1.90709637116171,11.3874501851519,13,14.2223627897808,1.42455727081733,10.6563826720737
1.18068630513958,10.1231980233275,12,12.0173824872161,1.86342955115727,11.4381247742068
-0.905689956332042,5.05167571597169,3,2.79414384955102,-1.49215550073803,4.06693023844412
-0.555381753015656,5.60684747259243,6,3.86072330494376,-0.860795741438578,5.1164100474677
-0.539567696761915,5.63425501481193,6,3.91411732347836,-0.784129247850467,5.24009857159207
-0.621697397736338,5.49505308921834,5,3.64259656329184,-0.524699658164548,5.68405538134389
1.16017160866625,10.0845455284086,11,11.9416103851539,0.572168100298918,8.74247733647017
1.14553553872179,10.056745825211,12,11.8869863582178,1.74242767027475,11.2299741368357
0.0635771397679652,7.04854589586671,8,6.49087742165659,0.112167273637359,7.25674349164501
-0.533348609793588,5.6451204097274,6,3.93526803951521,-1.18624765880655,4.58882217078993
0.536421934538525,8.58012307783151,9,9.10954558628261,0.819967243409879,9.42034677628037
0.422273220314766,8.21739848503997,8,8.48056715382389,0.861684427081872,9.5212614688441
-0.0689338561389291,6.6637455792773,6,5.82297985138341,-0.272036864792841,6.20171864829952
-0.0054805948016288,6.84278579556384,7,6.13576104525352,0.0967188069380033,7.20816013411855
-0.463410745680818,5.77102574708971,7,4.17937191503273,-0.133029691892426,6.54354710040733
0.210247241871021,7.5155895336604,10,7.28660674752211,0.243449203467477,7.68226833586252
1.23042263171791,10.2155729597344,12,12.1973671879391,1.17552373571115,10.1886896058617
0.490204722179804,8.43580410338939,9,8.8576585492898,0.0631385060564913,7.10399491561739
-0.956450937452413,4.97496516488963,3,2.65397280326213,-1.51678642681365,4.0244930148908
-0.766499236202083,5.26419041048021,4,3.19476922626942,-0.762853741310775,5.27474823325962
1.22207184559875,10.2001826094812,12,12.167507150657,1.55122976704424,10.8877650362455
-1.76747246632733,3.70859794036941,2,0.703092475647744,-1.30964663798606,4.38086544842311
0.457873144849154,8.33267783710171,8,8.6790601722821,-0.388487939839328,5.94862954541042
1.48644803404179,10.6733179813409,10,13.0492409605398,1.21256853978594,10.2601464578847
-0.417759996639105,5.85733321690954,7,4.34531164303769,0.0237258949042114,6.98450203587075
-0.0151476664630935,6.81486632049889,6,6.08724502226135,0.0465317761714575,7.05326503493062
-0.630681775516661,5.48025683460993,6,3.61372594668616,-0.74502649234088,5.30393339164279
1.92132886937287,11.4101233923394,13,14.2576646926691,1.99838830373563,11.6576126631239
-0.692235984692269,5.38075386584144,5,3.41995708621367,-1.53376015241462,3.99530232909298
-1.91461779914714,3.49216066445909,1,0.4006253767184,-0.985554561376343,4.91641493578203
-0.650460475651848,5.44794308587098,5,3.55070990569848,0.104711392758809,7.23324625279044
-0.84056486209839,5.15048236220231,4,2.97841492125432,-0.539112742535125,5.65767508400941
-0.616440746759467,5.50374594444476,5,3.65956109041185,-0.570055513377377,5.60191547929375
-1.1596901365765,4.66549914626587,6,2.11828282544242,0.128432287486581,7.3083092609452
0.823857805556508,9.37217862073841,8,10.5513512349374,0.0891745211089158,7.18458138432689
-0.72153476426593,5.33437953705698,5,3.33005401429937,-0.100237191128694,6.63097028297047
1.7623782156729,11.14956211604,12,13.8476210891466,1.86093882562217,11.4339359299794
-0.909096486725039,5.04652355268601,3,2.78464606078183,-0.396365599043639,5.9324812538717
0.389187797748564,8.1089550359395,7,8.29476997909001,0.357222570766536,8.05897276498546
-0.64678558639873,5.45392091420528,5,3.56236283296614,-1.26979073995548,4.44857238416332
-0.324756902384394,6.04508245291348,8,4.70125232246675,-0.388354315705392,5.94890444969787
-0.574207098974678,5.57461722029976,6,3.79787278470557,-1.20865119304477,4.55144792851956
-0.574207098974678,5.57461722029976,6,3.79787278470557,-0.678959627258778,5.41362478400806
0.398677001193885,8.140166801742,7,8.34816399762461,-0.352202445919602,6.02452824384731
0.611581538637517,8.80567872794533,11,9.50876940178014,1.05569900486646,9.94938971230019
-0.91929315471896,5.03110714251679,3,2.75629654701879,-0.642070972367263,5.47619207660026
-0.641059572187417,5.46325861909488,5,3.58056994298059,-1.12111816956955,4.69647497563223
-0.635761776374356,5.47192389563264,6,3.59747032512497,0.000152448731791633,6.91457766376455
-0.470377304563042,5.75815723889944,7,4.15452236969345,-0.109732174973371,6.60538795263088
1.27242875363337,10.2923637000279,8,12.3454395793333,1.19332080661323,10.2231388898475
1.19963470508642,10.1585999815862,12,12.0865645147724,0.725382328726243,9.17775295402772
1.62712158720078,10.9184917969119,11,13.4705296936807,1.67473556064486,11.1101899436701
-0.794200820053427,5.22143056135112,4,3.11294613200668,-0.99681276100323,4.89831194956851
0.50352754677051,8.47780247980089,9,8.93071034811556,0.71984357555195,9.1629303164109
0.779854088318477,9.26346055749889,7,10.3461973878219,0.947713852555629,9.7187382131123
1.12238735904001,10.0123655952172,11,11.7996124360507,0.35721780243068,8.05895702710618
-0.594802411716698,5.53982012646137,6,3.72997048545895,-0.116657646540831,6.58686690171375
1.08505101337771,9.93960419141146,11,11.6560791007719,1.53677085653903,10.8614954883857
-0.754198649406201,5.28328696114827,4,3.23146665830865,-0.399194124218698,5.92671091281679
0.907197163539375,9.56655915252898,9,10.9242564414865,1.27546264369301,10.3795424775949
0.0292979496689877,6.94506213098505,7,6.31277609039409,-0.234255703622206,6.29011639489523
0.392528416298808,8.11995203525331,8,8.31357554211061,0.607377620642284,8.84703757466438
0.748340239648293,9.18285334850477,7,10.1957116634179,0.250628941810269,7.70598346457873
0.407111022696744,8.16783764788193,8,8.3955537606448,-0.186089438510594,6.40763583616482
-0.0432386851732244,6.73503645433344,6,5.94801327336657,0.533955874297576,8.62618602787254
1.19963470508642,10.1585999815862,12,12.0865645147724,0.702162614180206,9.11514898690252
0.899209728857906,9.54854437375133,9,10.8893859122616,1.53401814217487,10.8564898615284
0.844859086124774,9.42254066089167,8,10.6472335251973,0.114822411549466,7.26513292010638
0.860453853487938,9.45932188992924,8,10.7175920708519,1.10003198820571,10.0396201402921
-0.847985975896092,5.13918298251336,4,2.9571488077503,-0.153873270781562,6.48934115654567
-1.58330888456699,3.99535134809991,3,1.10442675792497,-1.54382004178687,3.9780286061336
-0.594802411716698,5.53982012646137,6,3.72997048545895,-0.745079425496216,5.3038465096691
0.0444150614914948,6.99038228692182,8,6.39088850444499,0.425241912889404,8.28176171132047
0.492966406949276,8.44453495101388,9,8.8728290327546,0.371759273323953,8.10688966549716
0.0125551748979764,6.89547246742042,7,6.22708251145983,0.351585018049125,8.04035777553274
1.55042081421744,10.7852586144773,10,13.2446329281776,1.34271176364716,10.5052299758747
-1.82975320322944,3.6152878302184,2,0.573048561721754,-1.89670906559281,3.40458473876895
0.328735116764551,7.90867712763935,6,7.95340458522032,0.454361555537092,8.37570680403881
-2.12354823042805,3.21180371222095,0,0,-2.39408837444509,2.773370667538
1.10545554421953,9.97955860715622,11,11.7349254217274,0.959016185718358,9.74370783875879
-0.267787358933783,6.16906158379652,9,4.93215957991265,-0.534047265937175,5.6669157813326
0.300039054332675,7.81315391622539,6,7.79115320429863,-0.597174231070186,5.55395314246436
0.817375297044447,9.35643721515567,8,10.5214911976553,0.655220525593607,8.98486572324132
1.73638707986517,11.1056701093142,11,13.7772116940995,1.86189972124426,11.4355524768303
-0.121926793409134,6.52205754135135,5,5.57227727714829,-0.44610192467301,5.83307410308448
-0.544364882087775,5.62590778362661,6,3.89786170191717,-0.283555958065903,6.17540833428414
1.08123383095665,9.93207624225371,11,11.6412190083617,0.579694880786239,8.76504443671289
-1.1955501530597,4.61002154020343,1,2.02745066104066,-0.879313587825894,5.08670745645856
0.252206105138889,7.65412708306911,10,7.52145937141641,0.302952012433357,7.87930709986002
0.972626167957873,9.70966757780938,10,11.2031949723747,0.642527018309943,8.94878751830941
0.364442381273674,8.02722576256754,7,8.15522827639483,0.0843528133520349,7.16956403531455
0.0666453137555897,7.05793107312332,8,6.50698591580076,-0.187120128511757,6.40506323284147
0.128164078820985,7.24997805158574,9,6.83530271031605,0.329363832162998,7.9668495577224
1.79270451361576,11.200385858866,12,13.9285637250311,1.88088676008674,11.4673551023091
-0.709580418206091,5.35323354602315,5,3.36656306767907,-0.639083513716455,5.48130826401405
1.24689470154057,10.2458043170064,12,12.2558512603816,1.16082547529245,10.1600569446817
-0.0341652661579637,6.7606077923523,6,5.99269797065592,-0.312699666764633,6.11013914708739
-0.787757868422037,5.23134765790599,4,3.13187741896563,-0.156242634466144,6.48324633704254
-0.0097105194090119,6.830541547896,7,6.1144949317495,0.250042185758722,7.70404443517045
-0.707145020344648,5.35708567735214,5,3.37402980602989,-1.13413964242916,4.67506842384257
0.60889564052063,8.79783079316744,10,9.4947493647517,0.0284859098993477,6.99876536473886
-0.0836008245344826,6.62380630089,6,5.7526213057288,-0.717219362148819,5.3497796072524
0.541299346311789,8.5951186598811,10,9.13586419523107,0.245267639083059,7.68827230970403
-0.438081585514982,5.81847691674327,7,4.27076690846624,-0.0494138071851793,6.77159691012635
-0.779052541463591,5.24477333839482,4,3.1575512673309,-0.488555387644687,5.75144876348074
1.09031668177427,9.94996056520684,11,11.67652091125,0.951578563096586,9.7273001242745
-0.0450137188144969,6.7300580239381,6,5.93930395212132,0.456315892903092,8.3819730565829
-0.650460475651848,5.44794308587098,5,3.55070990569848,-1.15654441948378,4.63810126649677
0.49243639674903,8.44286036544721,9,8.86991868112027,0.240449674405498,7.67236855108492
1.63751946968082,10.9364551484594,11,13.5004692929279,2.87736393120944,12.6853138042645
0.0875510468025307,7.12238896529312,8,6.61744405222456,0.482176336350156,8.46438097455943
-0.823746503379094,5.17614244561493,4,3.0268780098112,-0.724633329631282,5.33751428025134
-0.594586013920121,5.54018334060697,6,3.73067939101777,-1.19770874027086,4.56972454484936
-0.098251767425116,6.58446271364528,5,5.68307995031492,-0.402943725878071,5.91908395518642
0.117763906268487,7.21702553124025,8,6.77912406408548,0.101790020985276,7.22406454542055
1.2800973535144,10.3062809941132,12,12.3720957991544,1.03164384916369,9.89943870073951
-0.169118036024787,6.40198398596901,5,5.35721997004321,0.0939235040615174,7.19941224089185
-1.74226073797875,3.74699594981882,2,0.756566056147458,-1.34889288721356,4.31377186662751
-0.555381753015656,5.60684747259243,6,3.86072330494376,0.0357332323568236,7.02057257027723
0.968283478379549,9.70040292816563,9,11.1850443290064,1.03939674457315,9.91561922966524
1.02797822718953,9.82512462883236,10,11.4301823352689,1.0085970899958,9.85085856225355
-0.538747448359904,5.63568521252178,7,3.91690195117433,-0.106926003680258,6.6129258188626
-0.69436109690678,5.37737094650973,5,3.4133876320812,-0.696392834308265,5.38441311213431
-1.76747246632733,3.70859794036941,2,0.703092475647744,-1.80838819671233,3.53989256052806
-0.842311096684519,5.14782235312269,4,2.97340442931149,-0.909354037303547,5.03858111527246
1.17280231423492,10.1083850215692,12,11.9883708045804,1.17551360441949,10.1886699279668
-0.781580470643046,5.2408714600169,4,3.15008452898008,-0.7726313652056,5.25880150503848
-0.873390888472384,5.10059087713065,4,2.88488006070803,-0.158228835820602,6.47814766027833
0.4609308424859,8.34249929332026,8,8.69602469940212,0.899827619191081,9.61050223467389
-0.438081585514982,5.81847691674327,7,4.27076690846624,0.45087151400224,8.3645038323637
0.314867271058152,7.8625247472038,6,7.8749786291761,0.274793325984755,7.7859542987388
-0.511965657451666,5.68287085641005,6,4.0086643750838,-1.14960444030545,4.64957050561108
-1.49242404663876,4.14024199188465,4,1.31139223646908,-2.0418984259772,3.19764229950776
-1.92852283595249,3.47246851034178,1,0.372905206549073,-2.34875960478343,2.82252287550498
0.270888449084997,7.71615565646221,5,7.62661503751454,0.52711185671948,8.60506597539494
-0.47426078778178,5.75101686160332,7,4.14072299454025,-0.822528046788923,5.17796404314978
0.14580898666582,7.30628979034423,9,6.93118500057592,-0.0331882128446842,6.81778181996655
0.4609308424859,8.34249929332026,8,8.69602469940212,0.922592387563297,9.66246319554291
-0.782241684254338,5.23985131110187,4,3.14813304052682,-0.551376028796965,5.63543758731185
-0.514843369400752,5.67775412702644,7,3.99872504543707,-1.00031511585207,4.89267584660739
0.951272816951309,9.66380349432016,10,11.1134557749504,0.875335134252909,9.55352162055851
0.941866968432546,9.64334948876485,9,11.073532750281,0.74196983074373,9.22173018214091
-0.928336685740094,5.01743953359922,3,2.73125204224723,-1.36147055860124,4.29219495793812
0.941866968432546,9.64334948876485,9,11.073532750281,1.30487064574343,10.4347134504763
0.936349082717495,9.63127660061175,9,11.0499987690285,0.959925262641391,9.74570707552557
1.0465881426214,9.86292451898823,10,11.5047270698403,0.396010555722709,8.18650071252392
0.8568367807912,9.45083679355463,8,10.7013364492907,0.391447537592792,8.17155725121018
0.0364874714856894,6.96655236662449,7,6.34983921980365,0.402278636624309,8.206998048972
0.0934795199757015,7.14082493771508,8,6.64898386490393,-0.385593869058184,5.95459094640267
-0.544364882087775,5.62590778362661,6,3.89786170191717,-1.20695403429679,4.55428536168175
1.51878898440977,10.7299939972934,10,13.1488301998829,1.46742654963625,10.7349976869957
-0.615837129437873,5.50474586078869,5,3.66151257886511,-0.0267763479519083,6.83620093156673
-0.539358837188542,5.63461910356525,6,3.91482622903718,-0.647949833482551,5.46614670543305
-0.707971754266817,5.35577757970378,5,3.37149399765678,-1.21908187430656,4.53398704157332
0.434283212692847,8.25647043478698,8,8.54771926044609,0.741701192713228,9.22102289201897
0.937206724355857,9.63315669635897,9,11.0536621659279,0.670196279371453,9.02696835492272
-1.32317111757298,4.40998033088932,5,1.71201761318748,-1.05134622602978,4.81026704744686
0.0137370736896507,6.89895183437173,7,6.23310301687101,-0.0102535203921125,6.88409774801502
1.76424142668013,11.1526972029123,12,13.8526315810894,1.8775328802231,11.4617571087705
-0.0535872753201024,6.70612342970633,6,5.8973870494568,-0.156941172084393,6.48145206328816
0.48856645610875,8.43061879457874,9,8.84865256761625,0.731130674405929,9.19306328050728
0.903537473464848,9.55832055172696,9,10.9083019278349,0.888672213016699,9.58469100908438
0.457873144849154,8.33267783710171,8,8.6790601722821,0.430411970268507,8.29851623186874
0.946675901114774,9.65382663651238,9,11.093974560759,1.89231978013488,11.4863731788565
0.944099460428872,9.64821851786068,9,11.0830305390502,0.955559216745058,9.73609294800438
-0.327396261818969,6.03951247811154,8,4.69079996491776,-0.395967735986059,5.93329408839267
0.107834023920163,7.18573782515629,8,6.72573004555089,0.534374933243499,8.62747642213005
-0.0665479068052221,6.67029476175079,6,5.83449524215301,-0.193370341821786,6.38951734005645
0.982924412563752,9.7315128393354,10,11.2460354972495,0.806490568416122,9.38697301676342
1.75665136389641,11.1399161742461,12,13.8321897706114,2.8844753323425,12.6914531856607
0.780123592825241,9.26413989178318,8,10.3474714919988,0.903090088913045,9.61800697842161
-0.544364882087775,5.62590778362661,6,3.89786170191717,-0.655271816449175,5.45367617784779
1.60871582796988,10.8866313768276,11,13.4171356751461,1.28103700665501,10.3900282958138
1.05321072819193,9.87626228649845,11,11.5310456787888,1.78323885458864,11.3011546063997
0.670183368840066,8.97274532796525,11,9.80973200469731,0.704133928305678,9.12051133373425
-0.361440806847809,5.96897757046204,7,4.55785838059909,0.422065044415335,8.27145153735731
-1.25191552470927,4.52215911918827,5,1.88666666243769,-0.534663272714819,5.66579027447631
1.05542840068861,9.88071567360981,11,11.5398345619992,1.71034411512395,11.1734407085742
-0.638691965023843,5.46712805742922,5,3.58811624329653,-0.989761455631789,4.90965274047325
-0.763293323004455,5.26916061472119,5,3.20431168675739,-0.829962939068351,5.16598136676219
-2.00357042979257,3.36867976375686,1,0.225896765503068,-1.55876782030219,3.95240575866717
0.768135016544432,9.23375709166565,7,10.2905839402094,1.36301561466943,10.5428815766105
-0.925159240834075,5.02224117995355,3,2.7400409254576,-1.88233038151244,3.42614478419023
0.231759176097066,7.58645436542884,10,7.40675049077006,-0.120987311311149,6.5753472404435
-0.70774059676338,5.3561432832785,5,3.37220290321561,-1.38964234095603,4.24376057184434
-0.787998768293131,5.23097656949813,4,3.13116851340681,-0.324563856101867,6.0840884023163
-0.665246797748548,5.42400514173805,5,3.50407371995588,-0.253066182631152,6.24569751017176
0.498697619673124,8.46261224191197,9,8.90426601522875,0.934030524645641,9.68822115365348
-1.57607780451911,4.00683506650609,3,1.12068237948616,-1.4328474866156,4.16927897936143
-0.909067930524681,5.04656673802278,3,2.78472562274695,-0.503146460171567,5.72402206743846
1.16568167017643,10.094962074743,11,11.9620521956319,0.575526017520644,8.75255937119575
0.997074356900124,9.7612490912067,10,11.3044400077269,1.62458437297946,11.0203599117227
-0.443549480719887,5.80814335666184,7,4.25089632411317,-0.992707966488975,4.90491480525648
-0.702422120236774,5.3645670816428,5,3.38853808674192,-0.453315697742141,5.81900410754183
0.597837583014171,8.76534866040155,10,9.43682679814823,0.41317435902484,8.24253980042306
0.0738621321654893,7.08008296623428,8,6.54498034575001,0.354445493559618,8.04980499271878
1.01408896165733,9.79659291448092,10,11.3739742503555,1.23045203221107,10.2943187805457
-0.892371901643217,5.07182934469045,4,2.83140648020831,-0.114530199767888,6.59254399105281
1.09160995136009,9.95249919929812,11,11.6815314031928,1.44565368660489,10.6951109904596
0.474262254283395,8.38515753168814,9,8.76981436644151,0.661959052322652,9.00387248609427
0.0806124993803231,7.10089868981697,8,6.58065019199398,-0.0706495158301061,6.71208670565166
0.643336977117338,8.8972079288854,11,9.67304565544648,0.947542385921971,9.71835776583885
0.991907282432057,9.75042728593347,10,11.2831738942229,1.37183301649635,10.5591976887143
-0.787757868422037,5.23134765790599,4,3.13187741896563,-1.06260328279785,4.79200389454597
0.372705135194705,8.05456457037327,7,8.20186446213743,-0.368928081491536,5.98922782875826
-0.747936085488812,5.2930381628164,5,3.25023896694116,-1.66287518908599,3.7761044238045
-1.47800569838066,4.16329172780762,4,1.34475224217494,-1.45543715500866,4.13028911259747
-0.277552774237364,6.14728738580962,9,4.89184718508155,-0.151794991632181,6.49469844909546
0.0990763034509524,7.15829082873525,8,6.67884390218604,0.00607042488915448,6.93201860410433
-1.74192799863531,3.74750493683934,2,0.757274961706283,-1.95815862272656,3.31458668685134
-0.0121313679146615,6.82355341906472,7,6.1023501973862,0.104494389569405,7.23256373482395
0.941866968432546,9.64334948876485,9,11.073532750281,0.513357244673124,8.56236634953729
1.10122789056338,9.97131896665599,11,11.7186698001662,1.22841332555987,10.2904328715179
-1.63041927215024,3.92083761617852,3,0.99942734877054,-1.56822279659683,3.93622899921371
-0.557134279001994,5.60382920392614,5,3.85484001535291,-1.82133149613758,3.51964421370813
0.368706721139406,8.0413406136672,7,8.17930135072338,0.296698707273055,7.85857066179429
0.431373006881911,8.24701866496009,8,8.5314636388849,0.269584952318251,7.76870134754051
-0.578370932515084,5.56754413966818,6,3.78407340955237,-0.865346803319953,5.10910636634827
-0.594586013920121,5.54018334060697,6,3.73067939101777,0.121201256202461,7.28533372559872
0.737306056112339,9.1540757585811,7,10.1423176448833,0.945220771438829,9.71320174280421
0.33005540174213,7.9130689791164,6,7.96087132357113,0.0792457462569449,7.15370333225961
0.512814924325778,8.50689497977788,9,8.98143025984572,0.920156394350303,9.65694770466015
-0.435519629266477,5.82333612225569,7,4.2801042256225,-1.00799610847035,4.88030749092262
-0.579113237759987,5.56628525113674,6,3.78161716314438,-0.477392689804394,5.77264196784698
-1.40558709452065,4.27899329016578,4,1.51447036144745,-0.14444485914056,6.51372963412042
-0.561069517740992,5.59706531405464,6,3.8416536170038,-1.5943226570201,3.89171769412786
0.161044928345971,7.35529448000606,9,7.01451861835775,0.000684263932918413,6.91614183765903
-0.0806673466332294,6.63175024713207,6,5.76663422997199,0.106965526173754,7.24034055902831
-0.670430466774853,5.41565511479769,5,3.48781809839469,-0.315862419205444,6.10316559490194
0.264548343899306,7.69508874325602,10,7.59089732878947,0.348909110334357,8.0315165209242
1.03008402593907,9.82942611804158,10,11.4386612646788,1.15711530898209,10.1528019679153
0.353653825560182,7.991468445495,7,8.09428795754429,0.919326813853611,9.65506698456485
-1.82273436691694,3.625686076859,2,0.587556842433781,-1.31544984596456,4.37096904242913
-0.299560721900057,6.09901773613857,9,4.80211566598666,-0.701333619942893,5.37617185484384
0.365999069312214,8.03237967595069,7,8.1640171596052,-0.305770487623259,6.12549154263329
-0.644019133470923,5.45842872303757,5,3.57115171617651,-1.05893180786208,4.79796413625923
-0.129342788028693,6.5028078521786,5,5.5379696698441,-0.327032203088412,6.07870554752777
0.207952147183253,7.50805307679232,10,7.27382623172814,0.370842070322927,8.10387020330636
0.366124639956584,8.03279535256723,7,8.16472606516402,0.261498505333261,7.7419303606407
0.506445598651217,8.48695988389411,9,8.94666486176722,1.06821729863478,9.97509815404685
-0.539358837188542,5.63461910356525,6,3.91482622903718,-0.312523571791509,6.11052804109344
1.9233578947288,11.4133436920195,13,14.2626751846119,2.74117869016977,12.5630898435684
0.434786033513112,8.25810243171589,8,8.55052678187519,0.707712163105966,9.13022233890267
-0.439698273747951,5.81541633328477,6,4.26488361887539,0.255623007568036,7.72249338154557
-0.782241684254338,5.23985131110187,4,3.14813304052682,-2.34425873260336,2.82748106681234
-0.966611817765762,4.95961386995213,3,2.6262526330928,-0.945345618249278,4.98093145152378
2.04072237326539,11.5940474500666,13,14.543195977051,1.35441870410064,10.526953582983
0.458561372171795,8.33488963528375,8,8.68287981479215,0.255282485729579,7.7213673069044
-1.41358949308816,4.26622480190693,4,1.49553907448849,-0.784519423433032,5.23946477904772
-0.702422120236774,5.3645670816428,5,3.38853808674192,0.0334409999177903,7.01366348600509
-0.608283350513734,5.51728952509599,6,3.68599469372843,-1.21788722951921,4.53598879193264
-0.590379478588923,5.54725376916697,6,3.74447876617097,0.356611117063916,8.05695456438288
0.863034294161997,9.46535838799117,9,10.7291655817583,1.22780355751379,10.2892701407793
-1.05704975731338,4.82262653254157,2,2.38410024602855,-1.56711184025768,3.93812843940412
-1.32110611721032,4.41324709366136,5,1.71702810513031,-0.518047832004026,5.69632244012467
0.0128648321024501,6.896383745651,7,6.22865945665187,0.026158640564768,6.9917857885057
-0.742293950006466,5.30184071145398,5,3.26720349406118,-0.362821475022631,6.00205269440364
-1.53926091385637,4.06544727731792,3,1.20401599726798,-1.76864963560414,3.60290142766312
0.0637342682180861,7.0490260570367,8,6.49170172468257,-0.371496250349397,5.9838558113689
-0.928336685740094,5.01743953359922,3,2.73125204224723,-0.448036516826496,5.82929249669417
0.920711980460457,9.59676049476866,9,10.9828466624063,0.831654126050155,9.44897854589949
-0.735844687388752,5.31192344834438,4,3.28665588386278,-0.254869536739666,6.24148178191535
-0.210590679036339,6.3011538706437,4,5.17456225206422,-0.283217534884447,6.17617712034696
-0.630681775516661,5.48025683460993,6,3.61372594668616,-0.671318393440833,5.42649749057561
-0.471786153292403,5.75556413452143,7,4.14951187775062,-0.587949412720482,5.57017850951454
-0.65140329736331,5.44641128999883,5,3.54772428650031,-0.0034886198142441,6.9038853320159
1.00437782959842,9.77647441218268,10,11.3343796069741,0.707865243480812,9.13063713888078
0.50270737987425,8.47522592211694,9,8.92622305128919,1.4345406519431,10.6747201906842
-0.161443147856842,6.4211220117908,5,5.39167013435692,-0.359530984331976,6.00899339511578
0.526408041786495,8.54918969969621,9,9.05534565082347,0.542667120549293,8.65294321389815
-0.0432224797326102,6.73508194209011,6,5.94809283533169,0.215683815619191,7.59084371634117
0.0934795199757015,7.14082493771508,8,6.64898386490393,0.35475574216833,8.05082939451735
-0.558234066817973,5.60193700886534,6,3.851151405773,-0.264708888933231,6.21861038829622
-0.489589352727195,5.72305914369869,7,4.08662007044683,-0.57211618612352,5.59824236325172
-1.27772266126862,4.48166602639859,5,1.82299183917351,-1.94027789980995,3.34041243152256
0.957703349110317,9.67769776476336,9,11.1406107465016,0.378528862877733,8.12915753136237
0.228106593085934,7.5743953732089,10,7.38630868029203,0.293187987214456,7.84692916118045
-1.32784298202757,4.40258642219106,5,1.700692921604,-2.31402611273131,2.86116252312744
1.04198286346745,9.85361487274086,11,11.4863609814994,1.09658895986417,10.0326912016258
-0.216813977024777,6.28639544327295,4,5.14765838806646,-0.485379998305108,5.7574585774434
0.900516969295061,9.55150123313534,9,10.8951053097632,0.627316226470621,8.90508568652183
0.0821975047957498,7.10579946752596,8,6.58904369630007,1.07936036098091,9.99782627206249
-0.692235984692269,5.38075386584144,5,3.41995708621367,-0.861627038271977,5.11507574820328
-0.489589352727195,5.72305914369869,7,4.08662007044683,-0.288932840950867,6.16322764350353
0.656415037852297,8.93421872071221,11,9.73988737101413,0.202707673601263,7.54831076608209
1.86473619240881,11.31913037768,13,14.1156667435659,1.46741340325511,10.7349736281885
0.206092580020028,7.501950491597,10,7.26347670438437,0.0779196105237523,7.1495925711035
-0.299431818374597,6.09929727106258,8,4.8026367688293,-0.766212623528822,5.26926552795554
-1.04040527568556,4.84791216846684,2,2.42807603775906,-1.01836137168809,4.86359850951015
1.51070285818981,10.7158396626905,10,13.1240868030208,0.902105316695884,9.61574375751162
-0.410847708966026,5.87071632900057,8,4.37092134642732,-0.728185762047565,5.33164843640988
0.540987645958371,8.5941617477168,9,9.13418385199821,0.919333652880725,9.65508249416613
-0.537071501716462,5.63861011197047,6,3.92259625288832,-1.13920823900797,4.66672048227225
1.0162526979438,9.8010562806225,10,11.3827631335659,0.588373744423164,8.79092207518528
-0.010826030063208,6.82731970330524,7,6.10889634745547,-0.120621279961558,6.57631934935771
1.49475930230898,10.6878996507459,10,13.0749943708702,1.43181248360194,10.6697109393408
0.90771808137301,9.5677297200933,9,10.926524309235,0.617024328756659,8.87522954746325
0.951139256367261,9.66351414802226,9,11.1128905763323,1.02252735576411,9.88030960924263
0.505658543182648,8.48449144533315,9,8.94236327538322,0.845476835942905,9.48247752450662
0.902527949768596,9.55604335646784,9,10.9038941929736,1.23690870321538,10.3066098218068
1.13323738400202,10.033232840633,11,11.8407176029512,1.06445217418712,9.96738567540694
0.104020241993453,7.17376801659019,8,6.70528823507286,0.321705907623718,7.9414797160824
-0.598238958631931,5.53405868022022,6,3.71872535584059,-0.0366749602481466,6.80780539128989
0.0628686434809028,7.04638147698642,7,6.48716149342093,0.24838979879945,7.69858472569407
-0.0337451380637537,6.76179679921421,7,5.99477369279306,-0.331577645766953,6.06882608749511
0.518109325061139,8.52340937589178,9,9.01026557462984,0.845470425297196,9.48246207920395
-0.802997975953165,5.20791500452969,4,3.08719272167629,-1.39780690963549,4.22970076851223
-1.91461779914714,3.49216066445909,1,0.4006253767184,-2.06109280496127,3.17176532982304
1.71988468486054,11.0776576944532,12,13.7320058939675,1.69010353063013,11.1375478612247
0.508991419210638,8.49493673317813,9,8.96057038539767,0.210115213971782,7.57257384451611
0.533265292785672,8.57039305718035,9,9.09248404779687,0.439056625676158,8.32646083409837
-1.27772266126862,4.48166602639859,5,1.82299183917351,-0.580553088364421,5.5832537356015
1.02797822718953,9.82512462883236,10,11.4301823352689,1.2526030196313,10.3363899386431
-0.707145020344648,5.35708567735214,5,3.37402980602989,-0.226521735704704,6.3086172231995
0.496431040012063,8.45546978389642,8,8.89184076574784,-0.00824202761759328,6.88997077481181
-0.782241684254338,5.23985131110187,4,3.14813304052682,-0.575998178643547,5.59133587063991
0.955619141745437,9.67320235964972,9,11.1318218632913,0.456639889181739,8.38301139566075
1.65225315292528,10.961861984913,11,13.5426181818441,1.89234664147773,11.4864177414169
-0.598238958631931,5.53405868022022,6,3.71872535584059,0.191424256120787,7.51144793557712
0.0362550614297242,6.96585585652249,7,6.34863865008497,-0.118712445867119,6.58139413565034
-0.670430466774853,5.41565511479769,5,3.48781809839469,-1.16040867014752,4.63170781299787
-0.787998768293131,5.23097656949813,4,3.13116851340681,-0.723321859735422,5.33968160527489
0.941866968432546,9.64334948876485,9,11.073532750281,0.728551385664997,9.18620273792558
1.68298188078637,11.0146558152451,11,13.6294943474947,1.57878692332014,10.9377185847598
0.539433288095244,8.58938702860313,9,9.1258012078438,0.492355037059142,8.49654115538879
-1.47315939397205,4.17103996983091,4,1.3559973717933,-1.7318154817036,3.66237237895443
0.507382076811646,8.48989551389944,9,8.9517815021873,-0.0444911677760716,6.78554392245459
-0.899870846749487,5.06047923151915,3,2.81039947111221,-0.313086588403312,6.10928488730791
1.09160995136009,9.95249919929812,11,11.6815314031928,1.79288165243572,11.3178396414942
-0.690616851922158,5.38333345831107,5,3.4249675781565,-0.271478212551319,6.20300215713849
0.982924412563752,9.7315128393354,10,11.2460354972495,1.16209189676694,10.1625307598852
-0.870063874641316,5.10563791913178,4,2.89429828751211,-0.577706756135811,5.58830149758392
-0.787998768293131,5.23097656949813,4,3.13116851340681,-0.21315080885271,6.34093334516939
-0.55285954042104,5.61119790319618,6,3.86920223435373,-0.554637271222003,5.6295550356488
-0.349765896332262,5.99289603565283,8,4.60305861227469,0.305388670111394,7.8873870309809
-0.0631866419547528,6.67954571267727,6,5.8507508637142,-0.402665586172965,5.91964883704873
-0.710814028695042,5.35128377347871,5,3.36278467641153,0.448719650371504,8.35758835901829
-1.54640993247584,4.05404993113941,3,1.18776037570679,-2.00204341320897,3.2524766537451
-1.47343043780324,4.17060662356794,4,1.3553680281996,-2.16521273876601,3.03727987508407
-1.09295935482372,4.76790870675107,7,2.29007666685207,-0.970954209899586,4.93986353346382
1.09031668177427,9.94996056520684,11,11.67652091125,0.386251705418739,8.15452010277489
0.0420172209116094,6.98315986741015,8,6.37845252539385,-0.0754316286962784,6.6988335526681
0.00120721204248448,6.86223239910898,7,6.16950230400839,0.0910843670697075,7.1905410107518
-0.334966019959346,6.02362001945266,8,4.66093992763565,-0.386028687941067,5.9536942795215
-0.774667232006954,5.25154853024915,4,3.17052633945812,-1.01127534559111,4.87502364603922
1.03774797799049,9.84502844330465,10,11.4694251669521,0.594433617056336,8.80889828809081
1.08505101337771,9.93960419141146,11,11.6560791007719,0.738042720599115,9.21137446297311
0.308298841707263,7.84065599390245,6,7.83784023220269,0.105038296071603,7.23427457594524
-0.648104841714506,5.45177358645475,5,3.5581766440493,-0.758492126977023,5.28187509152729
-0.105989880112733,6.56390633208698,5,5.64665045890034,0.0813466593984555,7.16022230281093
-0.579113237759987,5.56628525113674,6,3.78161716314438,-0.29315445090575,6.1537084883951
-0.522898827346719,5.66349171973919,7,3.97100487526775,-0.266345243888558,6.21482795322904
-1.90991048885271,3.49885891608225,1,0.410043603522477,-2.15311877825699,3.05240231833172
-1.82307690011385,3.62517790030937,2,0.586847936874956,-1.74359133879173,3.6432534826293
-0.232990052285421,6.24848037884357,9,5.07833722681224,-0.288638444356333,6.16389292133103
0.477685143801355,8.39606602195223,9,8.78871239901238,0.351850373001343,8.04123432699108
-0.843167643438175,5.14651786355637,4,2.9709481829035,-0.673553828823613,5.42272708622378
-0.533556638993877,5.64475614841361,6,3.93455913395639,-0.980540153165223,4.9244716043246
0.40501992944423,8.16098354754213,7,8.38381043725571,0.483094956869847,8.46729005455184
-0.91929315471896,5.03110714251679,3,2.75629654701879,-0.502815823443352,5.72464018467877
-0.485752146102997,5.73002441293301,7,4.10010949179963,-0.588329879637293,5.56950752461118
-1.14823468995084,4.68315367880184,6,2.14751351913082,-2.55783056698,2.60655127402444
1.58790334157363,10.8505156872406,10,13.3561445069031,1.46900320773318,10.737882869888
0.968133120184033,9.70008158875408,9,11.1844149854127,0.253435677648976,7.71526093308709
1.28770113093478,10.3200528520454,13,12.3984144081029,1.47795525209434,10.7542565629869
-1.72990337147128,3.76593608856466,2,0.782948810071549,-2.27538353118756,2.90519977956071
0.768135016544432,9.23375709166565,7,10.2905839402094,0.245607300517663,7.68939396693333
1.20101518834492,10.1611686429222,12,12.0915750067153,1.64422770631051,11.055637594246
0.10358339803914,7.17239864529871,8,6.7029491095635,0.663897466814339,9.00932118390433
0.476187201847818,8.39129446953504,8,8.78044461864465,0.390823351048789,8.16951171805201
-0.644019133470923,5.45842872303757,5,3.57115171617651,-0.771865175221352,5.26004967461828
0.0284205540108582,6.94244747855768,8,6.30826379222199,-0.0658040261000923,6.72557124380492
-0.665246797748548,5.42400514173805,5,3.50407371995588,-0.170143552651503,6.44776306482369
1.24972417340912,10.2509811927791,13,12.2658423641332,2.181170867646,11.927617321346
0.146727583849387,7.30923468584597,9,6.93619549251875,0.53288539468272,8.6228882683248
-0.909067930524681,5.04656673802278,3,2.78472562274695,-0.4875479337293,5.75335388111394
0.941866968432546,9.64334948876485,9,11.073532750281,1.25727805601187,10.3452358610997
-0.912479247101656,5.0414082928791,3,2.77522783397775,-0.72332769248642,5.33967196394406
0.810117605797253,9.33870209759208,8,10.4879121808968,0.670553641626364,9.02796689355047
-1.32502154086771,4.40705228859648,5,1.70753031636111,-1.60571508074366,3.8723637043753
0.389187797748564,8.1089550359395,7,8.29476997909001,0.794740073843728,9.35755738600382
-0.670430466774853,5.41565511479769,5,3.48781809839469,-1.4246533331778,4.18341736396641
1.75665136389641,11.1399161742461,12,13.8321897706114,1.97661478691021,11.6232707003978
0.626732369641989,8.84963922346371,5,9.58749146456169,0.629611306623807,8.91171214726491
0.443696285790402,8.28696878051385,8,8.60022197110736,0.809445830109409,9.39432448620074
0.705087327873547,9.06838494536995,12,9.98433489197428,0.593755231742791,8.80688970924767
-0.766499236202083,5.26419041048021,4,3.19476922626942,-1.05513704140358,4.80412070328314
0.019162187323572,6.91496437341738,7,6.26079446723668,-0.199947046995538,6.37326042411093
-1.37908284878,4.32123073127278,5,1.57748640243512,-1.02665511188382,4.85021261160677
-1.39696702421394,4.29273972708575,4,1.53491217192548,-1.10869709198103,4.71684223368706
0.997246895091606,9.76160972932757,10,11.3051489132857,0.888665562685624,9.58467555170914
-0.69936270682647,5.36942134195782,5,3.39795631354599,-1.84395457150666,3.48459066518189
0.968008633091563,9.69981551119361,10,11.1838938825701,0.713721667887344,9.14646640401991
-0.928593154842406,5.01705198551023,3,2.73054313668841,-0.945786226587663,4.98022535371963
-0.919037655250479,5.03149334710742,3,2.75700545257762,-0.955488681376585,4.96467280689255
1.66256064247573,10.9796014886941,11,13.5719141400432,2.20681222378309,11.9627911347406
0.481819994751806,8.40921860572489,9,8.81151417064284,0.583051477284576,8.77507111885104
0.492286298550357,8.44238603847341,9,8.86909437809428,-0.198166599994445,6.37765129249245
-0.590379478588923,5.54725376916697,6,3.74447876617097,-0.632316229069796,5.49292676029532
1.10415128698077,9.97701872800882,11,11.7299149297846,1.4344292444348,10.6745156599089
-0.530606336507054,5.64992746550231,7,3.94462212134366,-0.118165462996451,6.58284996903057
-1.65468882079208,3.88270026781902,3,0.945953768270827,-0.652742971513909,5.45797818324538
-0.081838614815391,6.6285757660211,6,5.76103564567796,-1.11690679340607,4.7033861621554
0.943859819058917,9.64769629100955,9,11.082011679691,0.723896941117435,9.17378460442174
-1.37146276666762,4.33335684788666,5,1.59569351244957,-1.87921326537331,3.43084334230647
0.94203348804728,9.64371297347669,9,11.0742416558398,0.27756252145307,7.79513004165931
-1.32502154086771,4.40705228859648,5,1.70753031636111,-1.82156739851894,3.51927646089234
-1.42850648293565,4.24240799868025,4,1.46036743735403,-1.99780487687181,3.25839623532305
-0.665021088003012,5.4243692065426,5,3.5047826255147,-0.615935770524818,5.52122346567462
-1.21143623473335,4.58534021388355,6,1.9875300059576,-1.60887465149708,3.8670049552397
1.51210617951661,10.7182968775384,10,13.1283883894048,1.80877352373645,11.3452170193099
-0.0547362622374948,6.70292992800992,6,5.89178846516277,0.13090544489159,7.31618542396192
-0.648104841714506,5.45177358645475,5,3.5581766440493,-1.16681754886399,4.62109272656125
0.079551483760791,7.0976208547117,8,6.5750353424644,0.341623309673148,8.00742784879958
0.146042923533073,7.3070396385292,9,6.93246083785844,-0.567579648762693,5.60633510680159
1.67294926656353,10.9974498897776,11,13.6012825131655,2.50819594620662,12.3291155916537
1.13093256805988,10.0288099509587,11,11.8320082817059,2.10508151796046,11.8192961400838
1.9649051409614,11.4785957058192,13,14.3640596309745,1.88065242328701,11.4669642464855
-0.765801429440999,5.26527183051217,5,3.19684494840657,0.00762899727533945,6.93662463609378
1.17280231423492,10.1083850215692,12,11.9883708045804,1.04031634118874,9.91753322893051
0.352484247534448,7.9875883086149,7,8.08767877660754,0.93403746177059,9.68823670633829
1.29802308153817,10.3387056547294,8,12.4339639479367,0.907281657660082,9.62762012981401
1.10793071449525,9.98437358335615,11,11.7444232104966,0.902041901238518,9.6155979535481
0.47361044853735,8.38307818855656,8,8.76621343257398,0.835188853892103,9.45758229544199
0.0344063845273189,6.96031984956914,8,6.33909469934254,-0.305315492563428,6.1265032222094
0.149208329622815,7.31719395071271,9,6.94973575603301,-0.323841468263185,6.08566614914334
0.984133317843987,9.73406587544877,10,11.2510459891923,0.508647245883727,8.54766871841227
-0.575503880540627,5.57241227161559,6,3.79357119832156,-0.164832314765237,6.46126509965348
-0.809225679852635,5.19836363877634,4,3.06902689872744,-1.1718888494307,4.61268286828163
-0.491140243432182,5.72025021024201,7,4.08117820484067,-0.388086233473289,5.94945607415092
-0.0645994754144523,6.67565377305672,6,5.84391346895709,0.221721673003229,7.61068042775951
0.187824567046662,7.4421898587427,10,7.16209225802182,0.0331488980900083,7.01278383181951
1.08505101337771,9.93960419141146,11,11.6560791007719,1.65580261336888,11.0763709709444
0.615897624086659,8.8182555305626,10,9.5312584181314,0.716840870975221,9.15486559997233
-0.195807169504238,6.33659923554163,10,5.23899898130023,-0.332003635792976,6.06790238912663
0.983751023395946,9.73325877962051,9,11.249461931215,0.831194778493138,9.44785856465404
-1.57943263232493,4.00150592722728,3,1.11313607917022,-2.38855010011082,2.7793013071619
1.51183718512091,10.7178258937106,10,13.1275640863788,1.56683977617019,10.9160807333794
-0.709580418206091,5.35323354602315,5,3.36656306767907,-1.14437025816446,4.65820965977539
-1.55961824144485,4.03301159295746,3,1.15782077645956,-0.878356913466519,5.08824105808494
0.600817058360667,8.77412766109069,11,9.45246503161122,0.468941965326939,8.42232895225086
-0.0612369003388354,6.684925018548,6,5.86019781032194,-0.0731485142848931,6.70515414993239
1.12553541157098,10.0184322623951,11,11.8115664712279,0.597218342270874,8.81713326521549
1.10415128698077,9.97701872800882,11,11.7299149297846,1.07168522867237,9.98218703240161
-1.39502909295567,4.29582897439755,4,1.53951486621901,-1.68770930548482,3.73480213627522
-1.35938095978157,4.35256488706926,4,1.62464369102037,-2.12240439032525,3.09138853282464
-0.0930760272862085,6.59829842203312,6,5.70756206517824,0.464956483966625,8.40961469644348
-0.0862287375531045,6.61670862002696,5,5.74009322604267,0.0603264821102617,7.09536700234122
-0.598238958631931,5.53405868022022,6,3.71872535584059,-0.191464270756121,6.39424829671264
-0.14643556937958,6.45898136475492,5,5.459623275765,0.0422132390847139,7.04016235445047
-1.41358949308816,4.26622480190693,4,1.49553907448849,-1.4619116339503,4.11911331620685
0.066808219432411,7.05842992826981,8,6.5078419487766,-0.0709371020282739,6.71128814268272
-0.550062768989872,5.6160310516697,6,3.8786204611578,-1.37751048810524,4.26463453738471
0.76828385569935,9.23413635294926,7,10.2912928457683,0.805981155943199,9.38570392436749
0.486567709059547,8.42428646196115,8,8.8376582796893,0.728277011953685,9.18547206008367
-0.777636652303153,5.24695995084897,4,3.16173745624774,-0.29640003850145,6.14641653880395
0.132006279401164,7.26219761958298,9,6.8561213335216,0.436800976517424,8.31917791469643
1.11014351791692,9.98867254989329,11,11.7529021399066,1.56920106846228,10.9203597164352
-0.704282510630191,5.36161833306085,5,3.38281868924026,-0.146537836195034,6.50829703654195
-0.508930994066844,5.68827917903253,7,4.01916685591511,-1.17608833765638,4.60571190718709
-0.784800588859112,5.23590501619577,4,3.14058674021088,-0.278211402837201,6.18757897990818
0.494682237021214,8.44995289896504,9,8.88224725955867,0.513030017502545,8.56134646552137
0.026134957025445,6.93564456801542,7,6.2965204688329,0.0313597852542213,7.00739983480279
-0.523082222363601,5.6631680426898,7,3.97037553167404,0.219497693578592,7.6033706077345
-0.0681505413131546,6.66589409488828,6,5.82675824265096,-0.894746133322436,5.06197801628596
0.90886959244754,9.5703154508543,9,10.9315348011778,0.724530089449425,9.17547672746602
1.16096733286064,10.0860514396988,12,11.9445665656693,0.393358819823834,8.17781870203851
1.02990785738488,9.82906650205923,10,11.43795235912,1.03660343105986,9.90979861456094
-0.0450137188144969,6.7300580239381,6,5.93930395212132,-0.43599860388639,5.85292371143348
-0.679371249265279,5.4013019874116,4,3.45989278489366,-0.871266626340633,5.09960997421578
-1.71568089567659,3.78782680284973,3,0.813453607936849,-1.92654686341088,3.36044733052019
0.323158225245694,7.8901214002352,6,7.92186477254094,0.54480904405164,8.65950049571039
1.07898040599241,9.92762404770129,11,11.6324301251513,1.65500077682279,11.0749360572066
-0.750839066785838,5.28851555889721,5,3.24152964569591,0.226221130779937,7.62548020616789
1.19963470508642,10.1585999815862,12,12.0865645147724,0.963406555832544,9.7533506951041
-0.830929056103024,5.16517445894409,4,3.00613509142365,-0.758830714747677,5.28132153604965
-0.474460577893853,5.75065015207936,7,4.14001408898142,0.0288060683714304,6.99972641936124
0.991907282432057,9.75042728593347,10,11.2831738942229,0.737983961165935,9.2112192522844
-0.889980496793616,5.07545026412908,3,2.83811964128154,-1.31613160031416,4.36980583192386
0.112421715036703,7.20017133154793,8,6.75036831126649,0.300095315160998,7.86983408954949
-1.05731886327522,4.82221734910967,2,2.38339134046972,-1.26218484882517,4.46143805645775
-0.846482863008163,5.14147056471028,4,2.9614503941343,-0.800224088857945,5.21399890091326
-0.509989299619477,5.68639161880554,6,4.01550176984091,0.0885934294404188,7.18276937448268
0.506445598651217,8.48695988389411,9,8.94666486176722,0.878411172646258,9.56074083168216
-1.91461779914714,3.49216066445909,1,0.4006253767184,-2.16648140107992,3.03570091940888
0.501921381757209,8.47275559307033,9,8.92192146490519,0.20237124903708,7.54720996032973
-0.706509041589304,5.35809225647041,5,3.37598129448315,0.139586852257345,7.34390348647577
0.0655437680688708,7.05455932614816,8,6.50119951345177,-0.441590754714276,5.84191610793894
-0.575503880540627,5.57241227161559,6,3.79357119832156,0.487453114871071,8.48107358701944
-1.10308906769417,4.7524274399625,6,2.26375805790361,0.266941352368199,7.75994716869812
-0.599772545245441,5.53149159830003,6,3.71371486389776,-0.731602821389786,5.32601273356207
0.636505267997724,8.87771437695075,10,9.63793816328766,1.24189901099605,10.3160934058419
-0.781580470643046,5.2408714600169,4,3.15008452898008,-0.386342581129876,5.95304720058938
-0.57710662418317,5.56968973345463,6,3.78825959846921,-0.716949734557538,5.35022627250493
-1.73238699733703,3.76212335495355,2,0.777637210219197,-0.768176112172719,5.26606276316307
0.047112132659214,6.9985210508202,8,6.40489685828066,0.497376946619867,8.51234735389501
1.62712158720078,10.9184917969119,11,13.4705296936807,1.27774660116614,10.383840453172
1.84227164525898,11.2824230172737,13,14.0580865361145,1.84891994766358,11.4136601182034
0.931572163750151,9.62078025817903,9,11.0295569585505,1.19786258313772,10.2318938946664
1.04893878324119,9.86766535458672,11,11.5140811516688,1.08211167636873,10.0034161006701
1.26441804871327,10.2777941303533,13,12.3174717722183,1.32580354809691,10.4737812547122
-0.830929056103024,5.16517445894409,4,3.00613509142365,-0.779789112451942,5.24715242188332
-1.05088587470471,4.83199560247228,2,2.40035586758974,-0.620067138239221,5.51406286599464
-1.05731886327522,4.82221734910967,2,2.38339134046972,-1.65483449780073,3.78954976020605
-1.26143090995523,4.50724766926491,5,1.86313268118521,-1.35668147041387,4.30041441101255
-1.57607780451911,4.00683506650609,3,1.12068237948616,-1.38506724616502,4.25163507225145
0.427432799123256,8.23420518263442,7,8.50943777042957,0.00287770573543259,6.92259976020085
0.398780719869862,8.1405075023962,8,8.34874717924508,0.154164605547135,7.39068421632012
1.05303198583999,9.8759030663337,11,11.53033677323,1.18006931459318,10.197510576324
-0.450668362178996,5.79476479819395,7,4.22514291378279,-0.652601816006241,5.45821846859869
-0.473281194597286,5.75281577639618,7,4.14420027789827,-0.426230095833618,5.87227842709235
-0.337202493551932,6.0189478311083,8,4.65215104442528,0.057553209962829,7.08687293107069
-0.0090910576104553,6.83233199103669,7,6.11760566870072,-0.077301756467757,6.69366558083581
-0.0486187160858042,6.71997147008562,6,5.92164850244488,0.79049174278235,9.34684897898373
-1.04040527568556,4.84791216846684,2,2.42807603775906,-1.31031123017808,4.3797325585017
-0.69200681462423,5.38111886581355,5,3.42066599177249,-0.234589876067797,6.28932014560996
-0.635401747852871,5.47251368931984,5,3.59862077156132,-0.641630742271246,5.47694550631833
-0.593273553585745,5.5423873160862,6,3.73498097740178,-0.713619421498258,5.35574685386091
-0.559573047110665,5.59963525218122,6,3.84666410894663,-0.485422614856932,5.75737782163183
0.462493312043123,8.34751274147413,9,8.70468785867413,0.17580787620838,7.46064035080448
1.8320930678771,11.2656899322729,12,14.031767927166,0.967617735345964,9.762570734064
0.541299346311789,8.5951186598811,10,9.13586419523107,0.594578310312823,8.80932657463638
-0.972849909710865,4.95018765586685,3,2.60928810597279,-1.67225739167931,3.76045979605519
0.938053494548332,9.63501165127009,9,11.0572771287198,1.42578342067053,10.6586358866962
-0.572970089880069,5.57672232901881,6,3.80197941165729,-0.269125380383581,6.20841548272914
1.08401227313185,9.93755738150001,10,11.6520387963867,1.16104428569324,10.1604844602424
0.0693373140366287,7.06618163194594,8,6.52114139705345,-0.790879592278085,5.2291412203636
1.61334932691767,10.8946592301271,11,13.4306250964989,1.46657202598135,10.733433787128
-0.50639627912965,5.69280643900496,7,4.02795573912548,-0.534001520401369,5.66699938256644
-0.768996357237224,5.26032234857705,5,3.18734715963737,-1.05942661071459,4.79716109108121
0.214512140190923,7.52960737789322,10,7.31037653635034,-0.183632360769825,6.41377901251673
-1.49654039897128,4.13366257372102,4,1.30189444769988,-0.966120125532172,4.9476210558094
1.10545554421953,9.97955860715622,11,11.7349254217274,1.1340694610012,10.1074736973643
-0.783574532252866,5.23779548354002,3,3.14420123938923,-1.48514447104289,4.07902194310943
-0.0161230081556973,6.81206201821576,7,6.08236702671892,-0.629164615652045,5.49835170541941
1.08505101337771,9.93960419141146,11,11.6560791007719,1.05007076698301,9.93776866170988
-0.590379478588923,5.54725376916697,6,3.74447876617097,-0.47726721057971,5.77288126235522
-1.82975320322944,3.6152878302184,2,0.573048561721754,-2.38229915200151,2.78601973035611
1.72007410347204,11.0779798253101,11,13.7325269968102,0.636090189770776,8.93035605255253
1.67294926656353,10.9974498897776,11,13.6012825131655,1.32591206090074,10.4739833785372
-0.0460785299811104,6.72707534861265,6,5.93408448149602,-0.346063226636953,6.03762420172915
-0.385160998422405,5.92121923042971,7,4.46724640312597,-0.322474231529236,6.08865527087474
-0.16418453361778,6.41426881496396,5,5.37934155591851,-0.143749743911749,6.51553625802894
0.389187797748564,8.1089550359395,7,8.29476997909001,0.63564643000437,8.92908200999547
-0.160488003084849,6.42351430367654,5,5.39597172074092,-0.0387685983345804,6.80182852498278
-0.695079611133155,5.37622787236625,5,3.41116820300329,-0.77633537120444,5.2527707912597
0.0303526032675755,6.94820732042943,7,6.31820312186871,0.651846466671086,8.97531073272686
1.03962639929677,9.8488400728926,11,11.4769427546954,0.891269885415547,9.59072237628237
-0.233085877442935,6.2482576809762,4,5.07792918600555,-0.611131380144015,5.52957133728357
-1.69071169936496,3.82648175124627,2,0.867368729314086,-2.18778538249939,3.00939402456937
-0.760107566811886,5.27410435867571,5,3.21380947552658,-2.16304304540866,3.03998348421986
-0.268997067135296,6.16635223039479,9,4.92714908796982,-0.305651418267259,6.12575625000908
-1.69038479471709,3.82698962342377,2,0.868077634872912,-1.22910275981567,4.51717655547009
-1.20744209875589,4.59155176300933,5,1.99754889756944,-1.47942937905166,4.08888143757376
-0.489589352727195,5.72305914369869,7,4.08662007044683,-0.838355350847911,5.15247057392336
-0.132871134176729,6.49369925076843,5,5.52171404828291,-0.582288849931766,5.58017988776503
-0.672169224067724,5.41285898678158,5,3.48237623278853,-0.673295645447129,5.42316235990019
-0.410516602589175,5.87135955942727,7,4.37215135482879,-0.0604063369341226,6.74065833333416
1.8320930678771,11.2656899322729,12,14.031767927166,2.14697979867612,11.8796732895231
0.941866968432546,9.64334948876485,9,11.073532750281,1.13570817838961,10.1107124027022
1.58751290940783,10.8498373227108,11,13.3549940604667,1.32004966188796,10.4630579593113
-0.903240610433348,5.05538084179666,3,2.80098124430814,-0.421039408810967,5.88262935332868
-0.650460475651848,5.44794308587098,5,3.55070990569848,-0.356910627615127,6.01453577293681
1.22347031582672,10.2027630927686,12,12.1725176425998,0.479444177316594,8.45572114223886
-0.488162872671205,5.72564590812602,7,4.09163056238966,0.000679182420956681,6.91612688897745
-0.348632950021841,5.99523192369467,8,4.60746634713594,-0.513407525126114,5.7049153070035
0.762325888842191,9.2189141239279,7,10.2628637700401,0.560925680836726,8.70855796223559
0.390215525804171,8.11233923861551,7,8.300556381439,0.0360636298476983,7.02156932246425
0.035729297019055,6.96428063694741,7,6.34592329203804,-1.29926566092971,4.39854537963233
0.600817058360667,8.77412766109069,11,9.45246503161122,0.919163922049922,9.65469755251007
-0.105631980034576,6.56485368463549,6,5.6483308021332,0.501073142818973,8.52395463182856
1.19963470508642,10.1585999815862,12,12.0865645147724,1.65372331107959,11.0726495625788
-0.539358837188542,5.63461910356525,6,3.91482622903718,-0.046932117551902,6.77862103000879
1.95438556705292,11.4622009331356,13,14.3386073285536,2.4549175781023,12.270199139536
0.121806816267644,7.22981352442693,9,6.80093210796747,0.708233824286012,9.13163566013684
1.12238735904001,10.0123655952172,11,11.7996124360507,1.62781316240245,11.0261660876554
0.359099043697749,8.00952398874928,7,8.12505185981751,0.116945417556341,7.2718490500534
-0.829618949120608,5.16717394771677,4,3.00991348269119,-0.264713536743916,6.21859963633239
-1.1955501530597,4.61002154020343,1,2.02745066104066,-1.26361830717784,4.45901472009159
0.639338461898975,8.88581185151386,10,9.65251344884702,0.199909082907837,7.53915668657568
-0.670430466774853,5.41565511479769,5,3.48781809839469,-0.263778132642655,6.2207645257757
-0.797440845069725,5.21644943601912,4,3.10344834323748,-0.707440147255496,5.36600798651643
0.419379631948673,8.20795955943887,8,8.46436237442416,0.112408656414782,7.25750572088915
-0.544364882087775,5.62590778362661,6,3.89786170191717,0.0574364012278176,7.08651549275952
0.218905895657662,7.54406589348168,5,7.33489111172763,0.451633019814122,8.36694963415296
-0.140224975209998,6.47481831803709,5,5.48797278952803,-0.126283793332371,6.56131734729576
0.931572163750151,9.62078025817903,9,11.0295569585505,0.997625010130933,9.82746691125008
1.05303198583999,9.8759030663337,11,11.53033677323,1.06426406950323,9.96699991852746
-1.25022574290767,4.52480482137205,5,1.89085285135454,-1.46837830011902,4.10795182994625
0.0875510468025307,7.12238896529312,8,6.61744405222456,-0.614216742599187,5.52420777775667
0.90886959244754,9.5703154508543,9,10.9315348011778,0.600965302967534,8.82818803335323
-0.765801429440999,5.26527183051217,5,3.19684494840657,-0.725334326754436,5.33635621845426
0.0693373140366287,7.06618163194594,8,6.52114139705345,0.202961447908701,7.54914120117052
-0.591905575326825,5.54468648111207,6,3.73946827422814,-1.28184893422905,4.42813813473091
0.0666733135681944,7.05801681116647,8,6.50713304321778,-0.0940082143024152,6.64787182787611
-0.0847938937700678,6.6205817610015,5,5.74693062079978,-0.278630838187341,6.1866215519832
0.889002948887808,9.52534151932667,9,10.8445617658847,0.787193247639347,9.33850771711475
1.13093256805988,10.0288099509587,11,11.8320082817059,1.66532314057401,11.0933921872186
-0.707971754266817,5.35577757970378,5,3.37149399765678,-0.149376470992393,6.50094603444981
0.984133317843987,9.73406587544877,10,11.2510459891923,0.864447922867652,9.52782194303112
-0.797198837436681,5.21682135706095,4,3.1041572487963,-0.51293893722418,5.70578466786632
0.0829604140836856,7.10816012558996,8,6.59308617104512,-0.0933128962371911,6.64976431557583
-0.291481655345065,6.11660976059518,3,4.83487719419635,-0.0402480686207958,6.79761111173981
-0.371576261928994,5.94843542321162,8,4.51894197853248,-0.553453732045156,5.63168838417889
-0.00982765811335675,6.8302030837164,7,6.1139068393983,-0.130942952790368,6.5490321985323
-0.797198837436681,5.21682135706095,4,3.1041572487963,-0.830841211389424,5.16456672864015
-0.9725889364462,4.95058203699116,3,2.60999701153161,-0.399161363872449,5.92677766215734
1.09404369003009,9.95727130830749,11,11.6909496299969,1.42058358112866,10.6490784904855
-1.75496801337557,3.72760047220353,2,0.729554791536956,-0.728179127238738,5.33165938535576
-0.393694004589764,5.90430542790416,7,4.43504316213258,-0.157565915365454,6.4798483435945
0.00250958189294542,6.86603180022676,7,6.17608974114326,0.0334051909412971,7.01355563907563
-0.539358837188542,5.63461910356525,6,3.91482622903718,-0.26411476224732,6.2199852062963
-0.0450137188144969,6.7300580239381,6,5.93930395212132,0.264074072588838,7.75045472105051
-0.417759996639105,5.85733321690954,7,4.34531164303769,-0.393006131255007,5.93935377775086
0.4609308424859,8.34249929332026,8,8.69602469940212,0.215569047458729,7.59046692732077
-0.705512572931693,5.35966992447515,5,3.37904029797272,-0.18921552065794,6.39984100336642
-1.91461779914714,3.49216066445909,1,0.4006253767184,-1.28716925241567,4.41910793784978
1.02498486339095,9.81899922974494,11,11.4181102544828,1.42455727081733,10.6563826720737
0.0109857249449138,6.89085723962553,7,6.21909466303534,0.208189932441239,7.56626314619781
1.38123535892457,10.4876150687998,9,12.7133342939395,0.523675823468279,8.59443066934363
0.0702697167427055,7.06904277641161,8,6.52604905879105,0.335071413068568,7.98574766714394
0.64022189521426,8.88833292878229,11,9.65705368010866,0.3666245625812,8.0899789873538
0.974920645800613,9.71454989048826,9,11.2127644991758,0.830473588179141,9.44609927464235
0.327181059431409,7.90350709054507,6,7.94461570200994,0.87264181947115,9.54718554373932
-1.58996907363379,3.98478396667202,3,1.08948710354961,-1.0753719295642,4.77124616630362
-1.57607780451911,4.00683506650609,3,1.12068237948616,-2.2468414555953,2.93846650585562
1.19963470508642,10.1585999815862,12,12.0865645147724,0.822765163335365,9.42722744180448
-1.39330094622739,4.29858342369562,4,1.54362149317073,-2.21052686950723,2.98173861304087
0.920658158241679,9.59664090669729,10,10.9826143485395,0.388440411898186,8.16169956800494
-0.707145020344648,5.35708567735214,5,3.37402980602989,-0.272036864792841,6.20171864829952
0.0770065991945682,7.08976800267663,8,6.56158050405403,0.0967188069380033,7.20816013411855
0.506042774949667,8.48569664779784,9,8.94446341569172,0.144036123100804,7.35815069730263
1.55042081421744,10.7852586144773,10,13.2446329281776,2.28023341230526,12.0598488869316
-0.599772545245441,5.53149159830003,6,3.71371486389776,-0.0633814870625091,6.73233392008675
0.862571170433771,9.46427601765108,8,10.7270898596211,0.434057987496017,8.31031319143191
1.09160995136009,9.95249919929812,11,11.6815314031928,1.2073839498873,10.2502022807392
-0.912479247101656,5.0414082928791,3,2.77522783397775,-1.16647689652848,4.62165731455771
1.10433575587081,9.97737807165201,11,11.7306238353434,0.604431049819679,8.83838672287798
1.14553553872179,10.056745825211,12,11.8869863582178,1.06330709465425,9.96503673921418
0.901525172150123,9.55377940989704,9,10.8995130446245,0.967291957150748,9.76185848397348
1.51037350615816,10.7152629203325,10,13.1230767895525,1.97743896554413,11.6245785731203
-0.712451180008155,5.3486976908161,5,3.3577741844687,-0.871317852091882,5.09952781736306
-1.05704975731338,4.82262653254157,2,2.38410024602855,-0.786745056472827,5.23585057498118
0.64022189521426,8.88833292878229,11,9.65705368010866,0.359838452420962,8.06760460561713
-0.670430466774853,5.41565511479769,5,3.48781809839469,-0.74502649234088,5.30393339164279
-0.0432224797326102,6.73508194209011,6,5.94809283533169,0.0914492306462506,7.19168028533669
-0.909096486725039,5.04652355268601,3,2.78464606078183,-0.849371008655352,5.13475817816803
1.64886315224452,10.9560213145718,11,13.5329488402555,1.5608298471378,10.9051847906019
-0.662225205023482,5.42888229421884,5,3.51357150872508,-0.844441454270532,5.14268174152699
-0.555381753015656,5.60684747259243,6,3.86072330494376,0.376854950382802,8.12365436984871
-0.299736102327546,6.09863747295266,9,4.80140676042783,-0.251011989148008,6.25050867976869
-0.707145020344648,5.35708567735214,5,3.37402980602989,-0.974719574816887,4.93381903711284
-0.751054150088137,5.28818064870562,4,3.24088488511272,-1.66173309754145,3.7780121011042
0.0525674796134956,7.01503156781502,8,6.43329721420515,0.378918353597408,8.13043773140872
-0.149775062034336,6.45050678698223,5,5.44443480929781,-0.430371473560067,5.86405316409894
-0.766737608976916,5.26382104576508,4,3.1940603207106,-0.658857005769399,5.44758609180472
0.819967223683428,9.36274237761624,8,10.5334452328325,0.719888967341421,9.16305207412134
2.08454580357649,11.6584883159392,14,14.6433504150121,1.78005945218614,11.2956415497974
-0.630048183349771,5.48129780817863,5,3.61575685150074,-0.47196825513727,5.78300849518557
-1.5718604017515,4.01353752294276,3,1.13018016825536,-1.34861590290252,4.31424665996923
-0.417759996639105,5.85733321690954,7,4.34531164303769,-0.0396789868821838,6.7992327471016
-0.680183304596019,5.40000135243088,5,3.45736342381171,-1.24730135888602,4.48655978368356
-0.909322381237702,5.04618193641628,3,2.78401671718812,-1.69959248762368,3.7151663594025
0.267260559160161,7.70409904990584,5,7.60617322703651,0.0634615013364506,7.1049869081936
-1.94150945483562,3.45420518518771,1,0.347151796218686,-2.09852424536252,3.12228522223955
-0.533348609793588,5.6451204097274,6,3.93526803951521,-0.676011662596402,5.418585895719
-0.704051817043014,5.36198386118086,5,3.38352759479909,-0.619719515394802,5.5146647463082
1.26441804871327,10.2777941303533,13,12.3174717722183,1.83110480375247,11.3834203448552
-0.523082222363601,5.6631680426898,7,3.97037553167404,-0.132916852051881,6.54384343404012
-0.64678558639873,5.45392091420528,5,3.56236283296614,-1.38431904508325,4.25292255674807
1.16822638961572,10.0997639661824,11,11.971470422436,0.728282835227667,9.18548756966394
-0.662225205023482,5.42888229421884,5,3.51357150872508,-0.532690398838765,5.66939664187215
-0.802997975953165,5.20791500452969,4,3.08719272167629,-0.491612318869519,5.74567716047164
-0.539358837188542,5.63461910356525,6,3.91482622903718,0.327076485583667,7.95927336805566
-0.477633532749839,5.74483455424759,7,4.12876895936306,-0.536484407876116,5.66246572758304
-1.40558709452065,4.27899329016578,4,1.51447036144745,-0.993772814659242,4.90320219559283
-1.74226073797875,3.74699594981882,2,0.756566056147458,-0.920095945659225,5.02137847353764
-0.580628547942888,5.56371733166752,6,3.77660667120155,-1.25313081194517,4.47672896811541
-1.39300271291301,4.29905873329088,4,1.54433039872956,-1.72079627807497,3.68034925018076
-1.32708888730392,4.40378018248549,5,1.70251982441828,-0.756273835886562,5.28550305354898
0.130573010152651,7.25763648431665,9,6.84835130967046,-0.226974653500633,6.30752992337235
-0.69936270682647,5.36942134195782,5,3.39795631354599,-1.22246069773223,4.52832279279137
-0.408293093132817,5.87568426692273,8,4.38041913519652,0.162944334747817,7.41899356466415
0.426013782419478,8.22958601589455,8,8.50150077139756,0.663903045406243,9.0093368526426
-0.761041056385073,5.27265524346641,4,3.21102484783061,-0.327502954174485,6.07768039213416
1.81649389435937,11.2399291603703,12,13.9911544244254,1.57880457035517,10.9377505233907
-1.40494938582648,4.28001052536529,4,1.51598088496652,-0.84855481756409,5.13606979207394
0.931572163750151,9.62078025817903,9,11.0295569585505,1.01890528247615,9.87267796521919
1.70294026281206,11.0487881738721,12,13.6851813295654,0.970375196378003,9.7685926033327
1.49475930230898,10.6878996507459,10,13.0749943708702,1.37564093947137,10.5662379147999
-0.578370932515084,5.56754413966818,6,3.78407340955237,-0.340973223238369,6.04853944096896
-0.47426078778178,5.75101686160332,7,4.14072299454025,-0.402360032102548,5.92026955664357
-1.60327141731191,3.96370804162349,3,1.05974206063563,-0.68813985530047,5.39821565072264
1.03008402593907,9.82942611804158,10,11.4386612646788,1.57540434692018,10.9315953610549
-0.0395119592140313,6.74551448346696,6,5.96633319973422,0.56121116260693,8.70942238834964
-0.645336248311034,5.4562817130178,5,3.56696552725967,-0.243032552793248,6.26928929287492
-0.659234101702962,5.43371751430354,5,3.52298973552915,-0.589103109547066,5.56814434848771
0.1787839112444,7.41275355737205,9,7.11212467345276,-0.101865492237653,6.62656760015415
-1.74638919895241,3.74068539709567,2,0.747777172937086,-2.12076693560807,3.0934906360579
-0.599772545245441,5.53149159830003,6,3.71371486389776,-0.374412808254264,5.97777041047
-0.630681775516661,5.48025683460993,6,3.61372594668616,0.212518545088105,7.58045580279695
0.135463085297039,7.27321200154231,9,6.874880630407,-0.132588875775025,6.5447049231154
-1.32317111757298,4.40998033088932,5,1.71201761318748,-0.285417826357849,6.17118329726678
-0.630460587217616,5.480620198301,6,3.61443485224498,-0.359535768797967,6.00898328773369
1.54568926646891,10.7770028840192,10,13.2304021793611,1.3095420427673,10.4434455103235
-0.766737608976916,5.26382104576508,4,3.1940603207106,-1.79451112468071,3.5617538212269
-1.92852283595249,3.47246851034178,1,0.372905206549073,-1.14959462613973,4.64958671299884
-0.569563889447639,5.58252801657621,6,3.81330410324077,-1.2367377347388,4.50434537689978
-0.372056487621276,5.94746717645289,8,4.51710548444734,-0.50654947567374,5.71766916224802
-0.0440263019602539,6.73282645251292,7,5.94414746888329,-0.495677338721497,5.73802334532717
0.435086905572213,8.25907881566282,8,8.55220655727246,-0.117881702669575,6.58360550419514
0.513046363928281,8.50761796757618,9,8.98269197127297,0.591642848756738,8.80062915984921
-0.710814028695042,5.35128377347871,5,3.36278467641153,-0.853027035234833,5.12888435230378
1.19963470508642,10.1585999815862,12,12.0865645147724,0.250924961658702,7.70696176989167
1.57288066978617,10.8243927338237,10,13.3117109243982,1.67862994480939,11.1171308860134
-0.573993490886296,5.57498060753951,6,3.79858169026439,-0.5484097824816,5.64079929665808
-0.754198649406201,5.28328696114827,4,3.23146665830865,-1.59288520055996,3.89416314691514
-0.797198837436681,5.21682135706095,4,3.1041572487963,-0.838763076744038,5.15181456275041
0.997074356900124,9.7612490912067,10,11.3044400077269,1.00113832103484,9.83497609059759
-0.779025622069201,5.24481490313236,4,3.15763082929602,0.132996675064387,7.32285232923653
-0.557002717530703,5.6040556547191,6,3.8552814393376,-0.970502856703213,4.94058796470272
2.04072237326539,11.5940474500666,13,14.543195977051,3.0326654714645,12.8146138467005
0.998960555831076,9.76518909431692,10,11.3121855768586,1.79488313069211,11.3212960112376
-0.779265489368295,5.24444454818139,4,3.15692192373719,0.112532936566382,7.2578982045081
-1.56799797582581,4.01967876661989,3,1.13888948950061,-1.66514560547837,3.7723141459648
0.145900655575878,7.30658361088394,9,6.93168492745228,0.0728235919462508,7.13382596576425
-0.839248951577348,5.15248736704388,4,2.98219331252186,-1.26243756850193,4.46101086868716
1.90328592527151,11.3813551659887,13,14.2128650010116,2.34765693872156,12.1443404020688
0.522124482334312,8.53589883354509,9,9.03209479447811,0.226343229657612,7.62588201514127
-0.438081585514982,5.81847691674327,7,4.27076690846624,-0.283432224416151,6.17568938710412
-1.71697630859505,3.78582900035174,2,0.810668980240877,-2.88238523519145,2.31449984028382
2.14113133949934,11.7390830480596,14,14.7690927425541,3.40632901536776,13.0924116760059
0.369580399049574,8.0442310348917,7,8.18423228070109,0.405251206063926,8.21670599456717
-0.50724835319291,5.6912835338094,6,4.0249995586101,-0.369148871737306,5.98876548696175
-0.525852686850828,5.65828391242804,7,3.96087774290484,-1.35031919912848,4.31132668957959
-0.572970089880069,5.57672232901881,6,3.80197941165729,-0.49225984430041,5.74445636122042
0.681779949478587,9.00484445549222,11,9.86813651517473,0.374070365503343,8.1144953471987
-0.208868851469452,6.3052541179867,4,5.18202899041504,-0.691232966780735,5.39303718486352
-0.488162872671205,5.72564590812602,7,4.09163056238966,-0.845878680141736,5.1403711515414
-0.91929315471896,5.03110714251679,3,2.75629654701879,-0.114207468651826,6.59340616125255
-0.0541551896620092,6.70454454747636,6,5.89461925483198,0.0500225013561409,7.06388339250516
-0.766499236202083,5.26419041048021,4,3.19476922626942,-0.564190996774719,5.61239563271812
1.41349994998766,10.5448066225276,9,12.8183337030939,1.81664451893745,11.358718929641
-0.047146862553661,6.72408567381966,6,5.92885159457233,-0.0657995322764651,6.72558377567498
-0.439576907853888,5.8156459393365,7,4.26532504286008,-1.0322603966698,4.84115713179579
0.465782147912149,8.35805371521888,9,8.72291024007426,0.405686336781449,8.21812635783646
-0.839248951577348,5.15248736704388,4,2.98219331252186,-1.31614369077123,4.36978520205317
0.325099713238529,7.89658199176353,7,7.9328447291334,0.622531305483306,8.89123352494751
-0.131863925947507,6.49629612736574,5,5.52634999696452,0.229064333088517,7.63483937020858
-0.0195198915243382,6.80231341201753,7,6.06540249959891,-0.122939442930808,6.57016826771143
-0.00564433760442007,6.84231101240118,7,6.13493674222753,0.633108059477594,8.92178598470418
0.515426481263037,8.51504745466609,9,8.99566100866225,0.913797640744455,9.64250043437391
0.84860479928159,9.43142247415653,8,10.6641980523173,1.21824188305903,10.2710084586251
1.03962639929677,9.8488400728926,11,11.4769427546954,1.1978717696631,10.2319115887164
0.313702292271266,7.85864635573056,6,7.86839119204123,0.534749544753704,8.62862967680974
1.02797822718953,9.82512462883236,10,11.4301823352689,0.512896832653219,8.56093130915057
0.918531483338981,9.59191126233988,9,10.9734284356022,0.710879114413027,9.13879298859862
0.914611654147298,9.583171298905,9,10.9564639084822,0.740792590714712,9.2186294567084
-0.594802411716698,5.53982012646137,6,3.72997048545895,-1.23744744420733,4.50315164485761
0.990114890699686,9.74666350070214,10,11.2757805401634,1.609145890964,10.9925590000935
-0.70121998205418,5.36647371904633,5,3.39223691604434,-1.16986873714846,4.61603395194702
-0.432478977939684,5.82911785061706,7,4.29120871894427,-0.43639822766657,5.85213535724393
-0.0699567647462618,6.66094225296863,6,5.8180489214057,-0.62546893215481,5.50472477017707
0.993123158363697,9.75297756860989,10,11.2881843861657,0.616330440260987,8.87320836948401
-0.00996887272555437,6.82979509795157,7,6.11319793383947,-0.133244862795901,6.54298211674267
0.062778961874631,7.0461075792062,8,6.48669123273974,0.383672027374722,8.14605327015919
1.02194430422058,9.81276405369168,10,11.4058244540894,0.874809836777314,9.55228695575202
-0.653237379881692,5.44343362817479,5,3.54192102248811,-0.590773524587428,5.5652016511972
-1.32679631515909,4.40424330476945,5,1.70322872997711,-1.81986176582003,3.52193645151902
-0.0918784074085801,6.60150972587282,6,5.71324021143739,-0.051455659839441,6.76582854365077
-0.827882850599076,5.16982432274233,4,3.01492397463402,-0.775894283122662,5.25348866641442
0.946675901114774,9.65382663651238,9,11.093974560759,0.416149146618566,8.2522228496107
-0.268997067135296,6.16635223039479,9,4.92714908796982,0.464317351378004,8.40757366020269
-0.0995971703123268,6.58087752656591,6,5.67673115805769,-0.527527771476225,5.67885772627355
-0.435754953861827,5.82288931956069,7,4.2792458378762,-0.489950787994798,5.74881249584782
-1.47421736622707,4.16934847949828,4,1.35354112538532,-1.33130409981738,4.34388746815691
1.02797822718953,9.82512462883236,10,11.4301823352689,0.737615909650016,9.21024688237189
1.03962639929677,9.8488400728926,11,11.4769427546954,1.17067161830334,10.1792563473726
1.2709909722443,10.2897511207196,8,12.3404290873904,1.64503213409744,11.0570798577379
0.524026093312037,8.54180337197731,10,9.04242142808874,0.61334130541696,8.86448967919665
0.110259431230466,7.19336380256784,9,6.7387492062225,0.441677955341596,8.3349165727943
0.377894894109062,8.07171220013545,7,8.23113640706834,0.351855130373382,8.04125004178447
-1.33238790670894,4.39538926420706,4,1.68969063682263,-2.71119101344721,2.46309920560916
-0.310662529072819,6.07508140565239,9,4.75743096869732,-0.539913627322095,5.65621706378874
0.732436607223462,9.14128389770558,7,10.1186387988028,0.433466498420248,8.30840045115316
-1.58330888456699,3.99535134809991,3,1.10442675792497,-1.28708767065181,4.41924647127734
0.852635030361051,9.44094539367066,8,10.6824051623318,0.951060344088445,9.7261535037794
-0.522898827346719,5.66349171973919,7,3.97100487526775,-0.503141382157428,5.72403155949303
-0.822015133558683,5.17878853479529,4,3.03188850175403,-0.548699555268013,5.64027503493241
-0.707945809526753,5.35581862394474,5,3.3715735596219,0.22660290229392,7.62673659245559
-0.0642323466637746,6.6766646157042,6,5.84568952960991,0.314873947567643,7.9188357437193
-0.919037655250479,5.03149334710742,3,2.75700545257762,-1.48600227413387,4.07754229513177
0.470435608995643,8.37294060671831,9,8.74866365040465,-0.0757627781836327,6.69791783228749
-0.823746503379094,5.17614244561493,4,3.0268780098112,-1.56709450279886,3.93815808471708
1.43543295413392,10.5835519088438,9,12.8886922487486,1.46025228234863,10.7218638864769
0.565253080998842,8.66806623963366,9,9.26432405117976,0.962372868356077,9.75108315383458
1.09160995136009,9.95249919929812,11,11.6815314031928,0.577745059542585,8.75920944127462
-0.550249495350473,5.61570806534052,6,3.8779911175641,-0.720164017927776,5.34490428058793
-0.533556638993877,5.64475614841361,6,3.93455913395639,-1.4788077500865,4.08995398446378
0.991907282432057,9.75042728593347,10,11.2831738942229,1.0642551358746,9.96698159677731
1.16017160866625,10.0845455284086,11,11.9416103851539,1.31730848245941,10.457945331714
-0.779265489368295,5.24444454818139,4,3.15692192373719,-0.300478640177352,6.13728541713509
-0.555381753015656,5.60684747259243,6,3.86072330494376,-0.777428396821836,5.25099221115135
1.51738079043762,10.7275298066411,10,13.1445286134988,1.16153852761187,10.1614499748412
1.60871582796988,10.8866313768276,11,13.4171356751461,0.993715289554533,9.81908905379022
0.0596762071809583,7.03664180328655,8,6.47043561117855,0.0571152593890085,7.08553292569594
-0.797198837436681,5.21682135706095,4,3.1041572487963,-1.07826766498,4.76653214323583
-0.653237379881692,5.44343362817479,5,3.54192102248811,-0.221803515101263,6.31997264285138
-0.750839066785838,5.28851555889721,5,3.24152964569591,-0.723855603915148,5.33879942552309
-0.72182148930948,5.33392840655358,4,3.32918121665135,0.0219652622199028,6.97923840324319
-0.580628547942888,5.56371733166752,6,3.77660667120155,-0.868516498729967,5.10402112125188
-0.581772198802286,5.56178094588344,6,3.77282827993401,-0.578085651212405,5.58762903529808
0.454342394012763,8.32132017451296,8,8.6594532341524,0.461597656781349,8.39888201080332
0.926982782636696,9.61065652549607,9,11.0098579270168,0.411141669373312,8.23591809028371
0.0861708655720484,7.11810671168164,8,6.61011485037181,-0.445347424919724,5.8345506082728
-0.70121998205418,5.36647371904633,5,3.39223691604434,-1.09606819199949,4.73749940766046
-0.665246797748548,5.42400514173805,5,3.50407371995588,-0.534332372867951,5.66639480130369
-1.53926091385637,4.06544727731792,3,1.20401599726798,-1.66171292889497,3.77804579579879
1.98036463955815,11.5025280795303,13,14.4011980279479,1.81812132121267,11.3612478616553
1.08634010602965,9.94214254430537,11,11.6610895927148,1.8453394913335,11.4076001281194
0.979495991622755,9.72425958840539,10,11.2318047484329,0.707859469660164,9.13062149459346
0.64022189521426,8.88833292878229,11,9.65705368010866,0.136113363093019,7.33280026110344
-0.00982765811335675,6.8302030837164,7,6.1139068393983,-0.144073708758184,6.51469411785603
-1.92852283595249,3.47246851034178,1,0.372905206549073,-1.94261947931474,3.33701338203672
0.32705571052362,7.90309005475918,6,7.94390679645112,-0.272375853979916,6.20094015774941
-0.84623524645829,5.14184746184965,4,2.96215929969313,-0.591262541170204,5.5643407348745
-1.75530227884514,3.727091411877,2,0.728845885978131,-2.64540168949875,2.52330462731419
0.965741437173305,9.69496505092222,10,11.1743960938009,0.9351102380511,9.69064081529653
0.502926790751233,8.4759153186148,9,8.92742362100786,0.658902860803811,8.99526473661154
0.0397826891723855,6.97644074049017,7,6.3668790144875,-0.193820574059405,6.38840111398926
-0.572206734088117,5.5780222639713,6,3.8045152200304,-0.805586130060209,5.20532267787436
-0.0715236675725517,6.65665327134993,6,5.81050262108977,-0.434134733058718,5.85660419109682
-0.766737608976916,5.26382104576508,4,3.1940603207106,0.026692128061845,6.99338473731387
-1.94150945483562,3.45420518518771,1,0.347151796218686,-2.64525319993596,2.52344268322189
-0.84056486209839,5.15048236220231,4,2.97841492125432,0.130616119855914,7.31526355385416
-1.55870076683238,4.03447208644124,4,1.15989649859671,-1.02356237599211,4.85520596965079
-0.909322381237702,5.04618193641628,3,2.78401671718812,-0.388132543559828,5.9493607737742
-0.298527753015829,6.10125883479507,3,4.80629299419676,0.0568662393056551,7.08477116089022
-0.662225205023482,5.42888229421884,5,3.51357150872508,-0.313126048599412,6.1091977834654
0.146727583849387,7.30923468584597,9,6.93619549251875,0.310890892069644,7.90563092752874
-0.117801719966081,6.53282656260039,5,5.59144325034381,0.395743374479933,8.18562621604
-0.0985352625481083,6.58370687612355,6,5.68174165000052,0.428500180852455,8.29232429171861
-0.409984730680151,5.87239322765367,2,4.37412780479898,-0.84838788960406,5.13633805851381
-0.702422120236774,5.3645670816428,5,3.38853808674192,0.130661385462917,7.31540777451739
-1.32291167497819,4.4103908081215,5,1.71264695678119,-1.02719838676391,4.84933525013347
-0.966611817765762,4.95961386995213,3,2.6262526330928,-0.718060546723257,5.34838637709807
-0.594586013920121,5.54018334060697,6,3.73067939101777,-0.755794167163365,5.28628783651795
-0.608283350513734,5.51728952509599,6,3.68599469372843,-0.293488560695861,6.1529567770517
1.15099785158918,10.0671436276917,12,11.9074281686959,0.975233133637338,9.77917229245692
0.707016028564211,9.07358459731216,11,9.99387884271671,0.759266162881285,9.26692922007224
1.78447786327814,11.1866429632004,12,13.9067345051828,1.71036349214337,11.1734749898024
0.0254575730733169,6.93363066799746,7,6.29304318547488,-0.539908452710513,5.65622648162235
-2.12354823042805,3.21180371222095,0,0,-2.44262681288141,2.7222457923852
-0.972849909710865,4.95018765586685,3,2.60928810597279,-0.690350717330387,5.39451356764224
0.275188805786575,7.73045286476063,5,7.65085792432585,0.318337853314637,7.93031760703686
0.584583436099199,8.72605661433597,10,9.36698216446506,0.635387996212058,8.92833984226227
-1.74226073797875,3.74699594981882,2,0.756566056147458,-1.90765634728998,3.38829599126251
-1.1051717145032,4.74924183164969,2,2.25835791848656,-0.588722501663933,5.56881526616535
-0.702447986968973,5.36452606664838,5,3.3884585247768,-0.633022551309905,5.49171218742251
-0.839248951577348,5.15248736704388,4,2.98219331252186,-1.84555511869663,3.48212725050517
1.10433575587081,9.97737807165201,11,11.7306238353434,0.838060152821642,9.46455222219165
1.06075773765975,9.89139151663379,11,11.5609057160709,0.886864614711163,9.58048651414036
1.0392304060974,9.84803694136503,10,11.4753586967181,1.07811682002853,9.99529696165407
0.0677614448002639,7.06135002615329,8,6.51285244071943,-0.148966670462358,6.50200605262445
0.875310723910155,9.4938870721125,8,10.7839611615137,0.97036800974798,9.7685769245588
1.96282946701307,11.4753677340894,13,14.3590491390316,2.15674789866481,11.8934922437569
0.906209595490894,9.564338523143,9,10.9199548551025,1.41653335649665,10.6416304487537
-0.709580418206091,5.35323354602315,5,3.36656306767907,-0.844434185306076,5.14269342861918
-0.766737608976916,5.26382104576508,4,3.1940603207106,-1.37835056684777,4.26318984703007
-1.14651089415392,4.68580752757612,6,2.15192125399207,-1.08205453676107,4.76036371179537
2.05213496606483,11.6109958917587,14,14.5695145859995,1.72887557829742,11.2061515727761
0.48272932354979,8.41210739998105,9,8.81652466258567,0.0468521647037675,7.05423860409519
0.381856074861917,8.08478716985588,8,8.25346720461555,0.545604443218559,8.66193331854002
0.476670725627999,8.39283507730717,9,8.78311381471835,0.280432073813166,7.8046399970313
-0.514405669083523,5.67853164061796,7,4.00023556895615,-1.02664753650502,4.85022484499193
-0.648104841714506,5.45177358645475,5,3.5581766440493,-0.717639875581892,5.34908307044946
-0.820597136319911,5.1809563570027,4,3.03599512870576,-1.28241449506157,4.42717861335979
-0.536771827104302,5.63913349303796,6,3.92361511224755,-0.644068258238762,5.47277593692752
-0.138731466048292,6.47864159194896,5,5.49481018428514,-0.356568931902164,6.01525949881111
-0.00373580624934078,6.84784892270139,7,6.14454992846389,0.0263719884393735,6.99242515516058
-0.645336248311034,5.4562817130178,5,3.56696552725967,-1.29927749523842,4.39852524180238
-0.0436709439251019,6.73382337152704,6,5.94589138925619,0.291514774266105,7.84138104566599
-0.787998768293131,5.23097656949813,4,3.13116851340681,-0.497660427550363,5.73429815793038
0.429943662865969,8.24237263263834,8,8.52347579046041,0.393789782146562,8.17923012423275
-1.09356807781884,4.76697899810142,6,2.28849260887477,-1.39693038318234,4.23121060984334
0.394224418379392,8.12553139627711,7,8.32311949285304,0.149296476337827,7.37503024779882
-0.377413606491512,5.93669666669319,8,4.49666367396931,-0.421272812073395,5.88216291519718
0.0292979496689877,6.94506213098505,7,6.31277609039409,-0.125373292361858,6.56372431374688
0.096334289905066,7.14972644980474,9,6.66420447165105,0.503969626809236,8.533034733278
0.498716385158885,8.46267133868525,9,8.90436884543397,0.296482857512982,7.85785489308941
0.220646314322845,7.54979771629569,10,7.34460887609069,0.548328441356285,8.67025587446204
-0.151065266885598,6.44724034340035,10,5.43857713785485,0.0700349835190709,7.1252186613288
1.3479220487519,10.4282768481705,13,12.6030030566003,1.28102546472019,10.3900065987028
-0.415383835393892,5.86192409150984,7,4.35410052624806,-0.479355446478595,5.76890200374983
-0.471870863267347,5.75540831764275,7,4.1492107698411,-1.12638930367794,4.68781637219503
-0.653237379881692,5.44343362817479,5,3.54192102248811,-1.20320934853828,4.56054242310695
1.3479220487519,10.4282768481705,13,12.6030030566003,1.01932078853519,9.8735543491188
-0.0612264143345314,6.68495397540327,6,5.8602486524834,-0.141447235327038,6.52152895143183
0.367024073790309,8.03577246101104,7,8.16980356195419,0.264454599434435,7.75171434374749
0.985197567641138,9.73631146470166,10,11.2554537240535,0.752633866995842,9.24967661841743
-0.119691763258831,6.52788690347351,5,5.58265436713344,0.363085580911012,8.0783140627858
0.107834023920163,7.18573782515629,8,6.72573004555089,0.191387801457988,7.51132903659923
0.496964898305653,8.45715288002489,9,8.89476822645955,0.324529693000978,7.95083624715611
0.301594237744537,7.81833205735703,6,7.799942087509,1.39123674329073,10.5950354907871
0.617637365605549,8.82331299953647,11,9.54030921445952,0.488596979583755,8.48468635639267
-0.590379478588923,5.54725376916697,6,3.74447876617097,-0.109727666765377,6.60540004711006
0.567792392780132,8.67572963194068,10,9.27786214433424,-0.0962224787656175,6.64185293211036
0.504585514337023,8.48112433218693,9,8.93649675046455,0.508607547972,8.54754467898104
-0.515048831778105,5.67738924323032,7,3.99801613987825,-0.727761994742269,5.33234779808651
-0.0172673810905958,6.80877467282636,7,6.07664762921727,-0.213107483043634,6.3410387442495
-0.511965657451666,5.68287085641005,6,4.0086643750838,-0.19787862261619,6.37836220234153
1.65645240557764,10.9690925935335,11,13.5545722170213,2.12277822226667,11.845015821752
-0.712451180008155,5.3486976908161,5,3.3577741844687,-1.2303823053649,4.51502756862719
-0.138731466048292,6.47864159194896,5,5.49481018428514,-0.84148032019701,5.14744350050945
-0.106225135689829,6.56328379683744,5,5.64554617443723,0.0400453824674009,7.03359915863058
1.08505101337771,9.93960419141146,11,11.6560791007719,1.46849379165185,10.7369507173897
-0.769186644109646,5.2600277089919,4,3.1867819610193,-0.262132890220243,6.22457705218688
0.172861147796068,7.3935233092605,9,7.07946927890444,-0.831591843314019,5.16335781966395
-0.507398604510902,5.69101509747511,7,4.02447845576746,-0.223473388318376,6.31594775978414
-0.761041056385073,5.27265524346641,4,3.21102484783061,-0.641773275110511,5.47670155074917
0.997074356900124,9.7612490912067,10,11.3044400077269,0.63351158202378,8.92294677315333
0.0126143066103363,6.8956464665606,7,6.22738361936935,0.0627693486466709,7.10286139310047
0.135463085297039,7.27321200154231,9,6.874880630407,0.278175224350759,7.79716045816728
0.0666733135681944,7.05801681116647,8,6.50713304321778,-0.107217750296455,6.61214124486669
-1.48454057998981,4.1528442228927,4,1.32961461786921,-0.852614366581623,5.1295472409383
-1.20369182602525,4.59738034526174,5,2.00696712437352,-0.0337673257143453,6.81612289013325
-0.704282510630191,5.36161833306085,5,3.38281868924026,-0.523589889501767,5.68609786585431
0.844859086124774,9.42254066089167,8,10.6472335251973,0.967098645203949,9.76143576511655
0.574662873105159,8.69639544589189,10,9.31441244895645,0.405962054633414,8.21902626787048
-0.4106568685674,5.87108704463358,8,4.37163025198615,-0.0706847912268842,6.71198874307704
0.283162901036897,7.75697795519601,6,7.69584228309952,1.01871761584899,9.87228206097415
-0.662025173114309,5.42920542549702,5,3.51420085231878,-0.777264593173416,5.25125872395088
0.901362976045762,9.55341303911554,9,10.8988041390657,1.14533083513545,10.1296814357016
0.393229474028736,8.12225862226954,7,8.31752090855901,0.518749345781405,8.57914533041252
1.63041406697548,10.9241827402862,11,13.4800274824499,1.51690397848853,10.8253385590012
0.0077870824843735,6.88146897240378,7,6.20283904147415,-0.132911731136972,6.5438568830348
0.466307708300031,8.35973667893324,9,8.72582059170859,0.530077115642562,8.61422699514489
0.488294316672693,8.42975700627815,8,8.84715606845849,0.268910734596504,7.76646850683693
1.22778437896644,10.2107155193915,12,12.187948961135,1.71144268152091,11.1753840080592
0.110403047765465,7.19381569300813,8,6.73952057481321,-0.197211020096547,6.38001102882007
-1.93707005298576,3.46043437207075,1,0.355940679429058,-3.41890145921838,1.90546276172428
0.971092195529196,9.70639862227551,10,11.1967893927322,1.21266249802969,10.2603265127662
0.222465165352141,7.55579057167336,10,7.35476886761266,0.0521819334579857,7.07046423783861
0.889195496940692,9.52578115227011,9,10.8454101205311,1.20873277233826,10.252791031491
-1.71697630859505,3.78582900035174,2,0.810668980240877,-1.5928692626591,3.89419026523002
0.314968581830452,7.86286201945386,7,7.87555150612364,0.489582744843791,8.48779812781521
1.02797822718953,9.82512462883236,10,11.4301823352689,1.72908509623642,11.2065205278165
0.862571170433771,9.46427601765108,8,10.7270898596211,0.787034311871527,9.33810520104681
0.982284483726256,9.73016044200068,11,11.2433816432675,0.906236018020845,9.62522502997258
-0.72733979637879,5.3252555231679,4,3.31240929419316,-0.728503250226957,5.33112453713174
-0.0250868829666036,6.78639798478401,7,6.03768232942958,0.344229674226358,8.01604772999372
0.568732946637266,8.6785646706616,10,9.28287263627707,0.371571088748208,8.10627020136498
0.631889540388004,8.86448218123873,11,9.61414504347214,0.690038755563085,9.08197647207302
0.70235482606207,9.0610030210789,12,9.97079462846003,0.324142373272608,7.94955298069752
-0.555381753015656,5.60684747259243,6,3.86072330494376,-0.575183807717643,5.5927833164769
0.965865742701045,9.69523121659144,9,11.1749171966435,1.12225410801702,10.0840482105155
-0.0430942993217048,6.73544176047034,6,5.9487221789254,0.543084621783493,8.65422203155332
0.0913954477011384,7.13433633552367,8,6.63788586270259,0.158439214138848,7.40445507937497
0.856679234088629,9.45046658570279,8,10.7006275437319,0.441273052893208,8.33361101872884
-1.32904286134412,4.40068673604844,5,1.69778686437095,-1.84487680338367,3.48317098072163
0.993123158363697,9.75297756860989,10,11.2881843861657,0.886446261444903,9.57951253403773
-0.766737608976916,5.26382104576508,4,3.1940603207106,-2.18550521741846,3.01219103277264
-0.919037655250479,5.03149334710742,3,2.75700545257762,-1.40821453540538,4.21176640010782
1.11379838467338,9.99576160828269,11,11.7668817739386,0.926957624832449,9.6723205128387
-0.802997975953165,5.20791500452969,4,3.08719272167629,-1.0276274300791,4.84864231989879
0.883207269210716,9.51207374970414,8,10.8189765172145,0.38568472680901,8.15265965568199
-0.525645724315386,5.65864841627568,7,3.96158664846367,-0.526533154428355,5.68068448185891
-0.644019133470923,5.45842872303757,5,3.57115171617651,-1.08825113217424,4.75026087200731
-0.075917796739014,6.64465901399604,6,5.78938515944099,-0.379574520971441,5.96704027925465
-0.662025173114309,5.42920542549702,5,3.51420085231878,-0.326812262572067,6.0791846698668
0.495376936732689,8.45214507071128,9,8.8860589052143,0.607240435768345,8.84663522311764
-0.435949328589089,5.82252033844739,7,4.27853693231738,-0.205176714624065,6.36040693955409
-0.745424269848964,5.29695488654117,5,3.2577852672571,-1.3783637200773,4.26316722639405
-1.72794747598712,3.76894079543518,2,0.787134998988394,-1.43283330749383,4.16930344754421
1.02797822718953,9.82512462883236,10,11.4301823352689,0.513317118479596,8.56224129634236
0.911620357031644,9.57648199328658,9,10.943488836355,0.585074503544433,8.78110304796809
-0.78477359308266,5.23594663463768,4,3.140666302176,-0.762136712003336,5.2759192763609
-1.2330883625652,4.55159661062835,6,1.93342708186418,-2.35338029817532,2.81744755695951
-0.539358837188542,5.63461910356525,6,3.91482622903718,-0.37122419020998,5.98442429722739
-0.0872392302526052,6.61398412907442,6,5.73528223534757,0.66425508188951,9.01032548569952
0.222465165352141,7.55579057167336,10,7.35476886761266,-0.0728608923729434,6.70595129073803
-0.604991411886328,5.52277400531452,5,3.69669948738525,-1.3970249130575,4.23104778414327
0.429441121018207,8.24073854886536,8,8.52066674459308,-0.181297874870948,6.41962915225836
-0.82462328190165,5.17480278374876,4,3.0243422014381,-1.24110712718341,4.49699334633279
0.781394261510808,9.2673405707125,7,10.3534757475132,0.799886844612014,9.37047812639592
-1.0888048178933,4.7742519501921,6,2.30089645487702,-1.82917112221657,3.50744787425363
0.507382076811646,8.48989551389944,9,8.9517815021873,-0.27764551908404,6.18887131862332
-1.47315939397205,4.17103996983091,4,1.3559973717933,-2.20771613360984,2.9851331445084
0.456864622502727,8.32943545551226,8,8.67346158798807,0.886706217116598,9.58011778340837
0.290064993876122,7.77994842396395,6,7.7348075828872,0.7763888862874,9.3110192337935
-0.539567696761915,5.63425501481193,6,3.91411732347836,-0.664155710580447,5.43860416867274
1.86357622631526,11.3172427369846,12,14.1127105630505,1.34870826849981,10.5163621610464
1.10433575587081,9.97737807165201,11,11.7306238353434,1.15168894779691,10.1421704328734
0.946842939796153,9.65418982093353,9,11.0946834663178,1.01986991063075,9.87471218873945
-0.0631866419547528,6.67954571267727,6,5.8507508637142,-0.0610577371753483,6.73883393098428
-0.704077706823322,5.3619428377259,5,3.38344803283397,-1.55270611618438,3.96278970993786
0.899209728857906,9.54854437375133,9,10.8893859122616,1.55029192902273,10.8860623285672
0.600817058360667,8.77412766109069,11,9.45246503161122,0.888183153825224,9.58355406416244
0.879536306624864,9.50363488638222,8,10.8027208956533,0.604724400066561,8.83924879877783
-0.670430466774853,5.41565511479769,5,3.48781809839469,-0.356217726155509,6.01600360758769
-0.591929820075424,5.54464571542285,6,3.73938871226302,-0.0025470567897819,6.90664750739615
0.000356185451739157,6.85975187979988,7,6.16520071762439,0.23467150298556,7.65331228954962
-0.596891066194683,5.53631696519777,6,3.72313309070183,0.252984350208056,7.71376886563617
0.395786620261969,8.1306683258785,7,8.33190837606342,0.226598299264538,7.62672144357993
-0.598238958631931,5.53405868022022,6,3.71872535584059,-0.981410987574015,4.92307269737825
0.470961894729766,8.37462216740855,9,8.75157400203898,0.681508107642978,9.05843629679863
0.0645320315220839,7.05146469724396,8,6.49588791359942,-0.300473328670529,6.13729728509305
-0.299736102327546,6.09863747295266,9,4.80140676042783,-0.61338583720884,5.52565129796618
-0.760345170990759,5.27373547099455,5,3.21310056996776,-0.0837427213986086,6.67593070174817
0.902527949768596,9.55604335646784,9,10.9038941929736,0.759695267673501,9.26804207680883
0.175623192906074,7.40248572032453,10,7.09468988565156,-0.189545978471662,6.39901838446596
-0.721767645343662,5.3340131203618,5,3.32934510874055,-0.373412686809442,5.97985532885913
1.00038880886439,9.76816883804381,10,11.3180444234478,0.445080643983545,8.34587994033072
-0.546517711978728,5.62217128141554,6,3.89058334222587,-0.0385548514207622,6.8024382578168
0.965741437173305,9.69496505092222,10,11.1743960938009,0.533619226383979,8.62514916489244
1.09031668177427,9.94996056520684,11,11.67652091125,0.200572476994566,7.54132597861979
0.0353816088155181,6.96323928271243,7,6.3441280850185,-0.062524280285204,6.73473021224683
0.691284209300304,9.03091218854803,6,9.91571197382142,0.359843227252813,8.06762035806173
-0.0797206607835141,6.63431861870077,6,5.77116277804086,-0.0882680930568025,6.66353005697143
0.968820499726448,9.70155031762952,10,11.187291603963,0.783682932232446,9.32960476731136
-0.827637332705325,5.17019920551661,4,3.01563288019284,-1.33589882714329,4.33602727300841
-0.539567696761915,5.63425501481193,6,3.91411732347836,-1.12539228230263,4.68945483401972
1.0022303418873,9.77200614962427,10,11.3255907237637,0.684127712491755,9.06568253680453
0.656415037852297,8.93421872071221,11,9.73988737101413,0.675235489504971,9.04102233839772
1.12534855697049,10.0180724528353,11,11.8108575656691,1.35614816599022,10.5301594848404
1.16096733286064,10.0860514396988,12,11.9445665656693,0.684272633385845,9.06608295862547
-0.665021088003012,5.4243692065426,5,3.5047826255147,-0.162652587347059,6.46682612056905
-0.14643556937958,6.45898136475492,5,5.459623275765,-1.06815995910912,4.782976170642
0.360646861858264,8.01465339930649,7,8.13379443545085,0.077593519600454,7.1485822453192
1.83876503790626,11.2766652638489,12,14.0490357397863,1.34351296509232,10.5067179797047
-0.883211110604022,5.08570407786985,4,2.8571598905387,-1.20746105937213,4.55343778616444
-0.652581136861576,5.44449872233945,6,3.54399674462526,-1.43874648946719,4.1590985988895
-1.18100179130948,4.63256794717628,6,2.064179901349,-1.12660839041724,4.68745629001094
0.899371697786321,9.54891091474604,9,10.8900948178204,1.46815989713605,10.7363397182613
1.24440944142032,10.2412534261317,12,12.2470623771712,1.41958950254899,10.6472507581282
0.464490844123016,8.35391690808159,8,8.71575760432133,-0.172358119988977,6.44215345847273
-0.438081585514982,5.81847691674327,7,4.27076690846624,-0.81520469245622,5.18978047866051
1.50209238834422,10.7007556136371,10,13.0976244871316,0.930711187166118,9.68076978909861
0.0638693888912648,7.04943900690971,8,6.4924106302414,-0.359188972279731,6.00971602621279
-1.47827713207918,4.1628577666253,4,1.34412289858124,-1.61668402861758,3.85377733320035
-0.782241684254338,5.23985131110187,4,3.14813304052682,-0.373535648925356,5.97959889082874
-1.47312513001078,4.17109475123808,4,1.35607693375842,-2.15927089251773,3.04469365530811
-0.827664886304397,5.17015713290662,4,3.01555331822772,-1.74356811525203,3.64329109163883
1.24299417496625,10.2386602524112,12,12.2420518852284,1.65242867708449,11.0703318077565
-0.650460475651848,5.44794308587098,5,3.55070990569848,-1.22331228240516,4.52689457485208
-0.471786153292403,5.75556413452143,7,4.14951187775062,-0.519024985545054,5.69451668545814
1.11133517127249,9.9909854742208,11,11.7574635471345,1.80879658066553,11.3452566279622
-0.431305328891808,5.83135377704566,7,4.29550145943739,-0.219290086393701,6.32604309985041
1.63041406697548,10.9241827402862,11,13.4800274824499,1.95567330041699,11.5898332817324
0.454342394012763,8.32132017451296,8,8.6594532341524,0.621742256271796,8.88894447801533
-0.700989674527532,5.36683910640211,5,3.39294582160316,-0.203212585091908,6.36522673965014
1.69931825479826,11.042603827746,11,13.6751183421781,2.86424319172751,12.6739269462482
-0.471786153292403,5.75556413452143,7,4.14951187775062,-0.117197477824856,6.58542811559185
-0.742120900300983,5.30211096108042,4,3.26772459690382,-0.191347784515689,6.39453770339046
0.606542552454073,8.79094186067976,10,9.48245079283169,0.147157499253411,7.36816211731314
0.17825652872719,7.41103945085161,9,7.10921432181843,0.694198769613275,9.09339630390497
-0.0665479068052221,6.67029476175079,6,5.83449524215301,0.352276777572615,8.04264280423558
-0.704877159206554,5.36067628989891,5,3.38099178642598,0.160675581894131,7.41166890190642
-1.15019535662192,4.68013428103498,6,2.14250302718799,-1.73307213225977,3.66032751901364
-0.37609852021288,5.93933545230869,8,4.50167416591214,-0.20978394513992,6.34913719096616
0.0331051181760914,6.95642769423681,7,6.33238302852378,-0.054361064507789,6.75763750782357
0.0858422144438459,7.1170875611299,8,6.60837036216331,-0.675603148916965,5.41927388661807
0.425731899817743,8.22866815188669,8,8.49992382620552,0.118749916347688,7.277563170926
-0.401831839746943,5.88830269278753,6,4.40452160682614,-0.0292156963652392,6.82918236620023
-0.647227167486828,5.45320199335443,6,3.56096127174527,-0.109443575199153,6.6061622987583
-0.467106140060199,5.76419011456529,7,4.16617529696111,-0.261756841903564,6.22544932964815
-1.24338655487489,4.53550572380608,5,1.90781737847455,-1.23629474043161,4.50509040706882
-0.945550601106631,4.99143209347933,3,2.68383284054424,-1.57739787865884,3.92055629530752
-0.78477359308266,5.23594663463768,4,3.140666302176,-0.479480552197673,5.76866381641526
-0.727115683970706,5.32560740010317,5,3.31308948717936,-0.985554561376343,4.91641493578203
-0.395106676739975,5.901518578648,7,4.42973156228023,0.330050367273733,7.96912323024529
0.901381178803456,9.55345415831635,9,10.8988837010308,0.984959069920722,9.80024292754367
1.13852899645374,10.0433676886744,11,11.8606677492694,1.34432613416693,10.5082280137007
-0.37609852021288,5.93933545230869,8,4.50167416591214,-0.356950662963204,6.0144509914693
-0.0210716344580113,6.79786950245832,7,6.05766550009685,-0.582283527156756,5.5801893087635
0.829413824985416,9.3855961473073,8,10.5768443829727,0.378882966318887,8.1303214230856
0.604718436441623,8.78559294519992,11,9.47290684208925,0.335420692470527,7.9869038148553
-0.702652608466713,5.36420162899017,5,3.38782918118309,-1.43875907239054,4.15907688205164
-0.873390888472384,5.10059087713065,4,2.88488006070803,-1.15696025316311,4.63741351430026
0.369715020055802,8.04467636220624,7,8.18499202842138,0.569635756497116,8.73485903410309
-0.536771827104302,5.63913349303796,6,3.92361511224755,-0.414159825980447,5.89642036170854
-0.0631866419547528,6.67954571267727,6,5.8507508637142,0.0402924819329037,7.03434677163557
0.49973825747527,8.46588852202747,9,8.909967429728,0.283139378887563,7.81361361908097
0.498716385158885,8.46267133868525,9,8.90436884543397,0.368880905108596,8.0974121286037
0.00145953553339383,6.86296818710422,7,6.17077814129091,0.318467746900937,7.93074812847202
-1.7375110236086,3.75426682778948,2,0.76669318851036,-2.38846201846608,2.77939579413512
-0.183845584651503,6.36568028039011,5,5.29168121714532,0.305393988658378,7.88740466691862
-0.3150727876408,6.06564799147948,8,4.73978624859111,-0.388354315705392,5.94890444969787
-0.797198837436681,5.21682135706095,4,3.1041572487963,-1.20865119304477,4.55144792851956
0.1787839112444,7.41275355737205,9,7.11212467345276,0.861213243605031,9.5201413784374
0.901381178803456,9.55345415831635,9,10.8988837010308,1.45355573525309,10.7095966463235
-1.40588641907048,4.27851581048585,4,1.51376145588862,-2.34250992414397,2.82941144052966
-0.334966019959346,6.02362001945266,8,4.66093992763565,-0.277053953085565,6.19022306987663
0.50755980732114,8.49045247822633,9,8.95275237202573,0.607038785492025,8.84604372723229
0.768135016544432,9.23375709166565,7,10.2905839402094,0.578942347506752,8.76279333931778
0.46937283351377,8.36954358551947,9,8.7427851188286,1.19332080661323,10.2231388898475
1.05334213097388,9.87652634106616,10,11.5315667816314,1.4045128362576,10.6195061915055
-0.591713809733417,5.54500894253574,6,3.74009761782185,-0.99681276100323,4.89831194956851
-1.26143090995523,4.50724766926491,5,1.86313268118521,-1.15015023350121,4.64866911499727
0.968133120184033,9.70008158875408,9,11.1844149854127,0.805689567092359,9.38497724325895
-1.41757759843466,4.25985915126838,4,1.48612084768441,-1.58668327250637,3.90472251817407
-0.0501112715687392,6.71580497214207,6,5.91435157657681,0.382617507417179,8.14259071004119
0.346567847572096,7.9679504362,7,8.05423920893656,0.551084965296289,8.67866336657498
-0.593057361932712,5.54275053667892,6,3.7356898829606,-0.416187437181823,5.89234713760523
-0.438081585514982,5.81847691674327,7,4.27076690846624,0.204884828395745,7.55543700876905
-0.653237379881692,5.44343362817479,5,3.54192102248811,-0.984441939599568,4.91820291357899
-0.766737608976916,5.26382104576508,4,3.1940603207106,0.327121016240424,7.95942087658079
1.89276807445556,11.3644781927553,12,14.1865463920631,1.27572606718021,10.3800383102819
1.24279402884871,10.2382934326986,12,12.2413429796696,1.53401814217487,10.8564898615284
-0.57732065573431,5.56932638426006,6,3.78755069291039,0.114822411549466,7.26513292010638
-1.59175093400886,3.98195843493531,3,1.08549547096601,-0.337921800231619,6.05510821657846
0.289395893354458,7.7777212702362,6,7.73102919161966,0.410517440187771,8.23388375627522
-0.819048770764917,5.18332418107333,4,3.04048242553212,-1.71990215344732,3.6818115187635
0.539409983307207,8.58931540387055,10,9.12567548390545,-0.396675922413857,5.93184746413351
-0.544364882087775,5.62590778362661,6,3.89786170191717,-1.11750527533811,4.7024043638292
0.430337543591434,8.24365317609482,8,8.52567723653591,0.351585018049125,8.04035777553274
-0.590403700210035,5.54721300254531,6,3.74439920420585,-0.388704897489526,5.94818327020026
1.31663789445087,10.3722300897434,8,12.4975646607994,0.524285203384309,8.59631838494218
1.17573834943089,10.1139073687679,11,11.9991905926053,0.878945410321709,9.56199277799661
0.00764744455855732,6.88105967182607,7,6.20213013591533,-0.21044866174376,6.3475153860994
-0.909322381237702,5.04618193641628,3,2.78401671718812,0.416100368042009,8.25206414770193
0.90886959244754,9.5703154508543,9,10.9315348011778,1.22953392852552,10.2925691147378
-1.71568089567659,3.78782680284973,3,0.813453607936849,-0.958444266095486,4.95993351025141
0.026134957025445,6.93564456801542,7,6.2965204688329,-0.439418776333147,5.84618524343669
2.04072237326539,11.5940474500666,13,14.543195977051,1.71812759529958,11.1871981040732
1.19963470508642,10.1585999815862,12,12.0865645147724,2.24738811596387,12.0170939092971
0.362240068351821,8.0199318011593,7,8.14279229734368,0.228514277504651,7.63302829240799
1.41677757284099,10.5506030429125,14,12.8288998221034,1.25179755289433,10.3348647384609
-0.779025622069201,5.24481490313236,4,3.15763082929602,-0.951844438319296,4.97051526256398
0.0185607982017646,6.91318597859651,8,6.25772024834345,0.175924023402089,7.46101726088996
-1.44841827023703,4.21059245928003,4,1.41365714120986,-1.54465594857493,3.97659429075405
0.136385533824908,7.27615442898392,9,6.87989112234983,0.0362700345492913,7.02219212356428
-0.506064814305939,5.69339914162442,6,4.02910618556183,-0.158514785111898,6.47741440394756
-0.613505057877202,5.50861239986648,5,3.66905887918105,-0.319600136466398,6.0949515035606
0.37763603016412,8.07085733943758,7,8.22967672571072,1.24126930081538,10.3148974612543
0.33005540174213,7.9130689791164,6,7.96087132357113,0.247546177103833,7.69579778984708
0.164333809405963,7.36591609192403,9,7.03256944693847,-0.0103723747156476,6.8837510082191
0.454469992177041,8.321730939031,8,8.66016213971123,0.885848999696107,9.57812145425707
0.371712860867645,8.05128382108514,7,8.1962658778434,-0.312699666764633,6.11013914708739
0.295125721182033,7.7967953481341,6,7.7633917828868,0.00852784997579519,6.93928340962226
-0.378475000254981,5.93456938491565,7,4.49262336958402,1.08270485535912,10.0046201396711
0.019162187323572,6.91496437341738,7,6.26079446723668,0.280849417898452,7.80602324228568
0.540260977781506,8.59193014512771,10,9.13026561093704,0.47205202125251,8.43223451025596
0.0677614448002639,7.06135002615329,8,6.51285244071943,-0.0913690534876363,6.65506119011343
-0.00578517119272911,6.8419027075624,7,6.13422783666871,0.131317214564004,7.31749764982439
1.02797822718953,9.82512462883236,10,11.4301823352689,1.37815765430417,10.570888940056
-0.648104841714506,5.45177358645475,5,3.5581766440493,-1.81853452422699,3.52400800683518
0.0402079518421133,6.97771863449343,7,6.36908046056301,-0.0127156870004703,6.87692121537191
0.0312530006111712,6.95089447469998,8,6.32283907778135,-0.0934319762355605,6.64944012559278
-0.766499236202083,5.26419041048021,4,3.19476922626942,-0.461553612462948,5.80303903364152
0.335599353382999,7.93150534007823,6,7.99222331819555,-0.419337040075944,5.88603426857681
-0.479049581273316,5.74224413345598,7,4.12375846742023,-1.51496227194771,4.02763306875206
0.450664881741162,8.30947169491173,8,8.63901142367437,0.783847779199173,9.3300234582142
-0.590379478588923,5.54725376916697,6,3.74447876617097,-0.013116790127953,6.87575340102508
-0.0555370326112484,6.70070623721949,6,5.8878892606876,-0.107799297224162,6.61057794812044
-0.974241308615754,4.94808493126837,3,2.60550971470525,-1.31859098537673,4.36560860586242
0.81466354070664,9.34982449835566,7,10.5089631179692,0.360894846016332,8.07108939523852
-1.76747246632733,3.70859794036941,2,0.703092475647744,-1.49376044156558,4.06416287319312
-0.704077706823322,5.3619428377259,5,3.38344803283397,-0.597568934020115,5.55326090172496
0.470961894729766,8.37462216740855,9,8.75157400203898,0.0357332323568236,7.02057257027723
0.150471858460274,7.32125140214016,9,6.95663730299679,0.742129302416576,9.22214997436733
-0.438081585514982,5.81847691674327,7,4.27076690846624,-0.268833206830412,6.20908857336915
0.564990360432411,8.6672725987005,10,9.26292248995889,1.00185955948158,9.83651539439247
-0.873390888472384,5.10059087713065,4,2.88488006070803,-0.819408325914192,5.18299608955976
-0.0197586263394726,6.80162933515665,7,6.06421165016612,0.3001343091256,7.86996339707453
-0.489589352727195,5.72305914369869,7,4.08662007044683,-0.233587459370631,6.29170943270712
1.00545592757656,9.77871494265567,10,11.3387873418354,1.89404147305147,11.4892282970038
0.442765482547041,8.28395810329683,8,8.59503563194385,-0.700965770905156,5.37678487767243
0.558186645874299,8.6466692090278,10,9.22656826610815,0.274793325984755,7.7859542987388
1.51714881741125,10.7271238468374,10,13.14381970794,1.97459550666389,11.6200637289531
-1.42130339337591,4.25391091896931,4,1.47733196447404,-0.684228248179718,5.40477399338475
-1.32708888730392,4.40378018248549,5,1.70251982441828,-2.34875960478343,2.82252287550498
0.362325409398926,8.02021450035547,7,8.14327424121764,0.882668406026608,9.57070207347681
1.08634010602965,9.94214254430537,11,11.6610895927148,1.11036299988365,10.0603366204551
0.639246983244088,8.88555069206307,11,9.65204318816583,0.922592387563297,9.66246319554291
-0.0330417177561365,6.7637885350574,7,5.99825039297671,-0.497332152333986,5.73491442496723
-1.39502909295567,4.29582897439755,4,1.53951486621901,-1.00461162553045,4.88575873377964
-0.839002147083666,5.15286346255931,4,2.98290221808069,-0.46191529363346,5.80234056659793
0.149151488972392,7.31701147934415,9,6.94942536497845,0.43918505126512,8.32687530025704
0.996873756375117,9.76082973899956,10,11.3036157047009,0.959925262641391,9.74570707552557
-0.552580383957988,5.61167988483167,6,3.87014153174784,-0.533711308178276,5.66752981631109
-0.546517711978728,5.62217128141554,6,3.89058334222587,-0.512611761623724,5.70639184836287
-1.4712731367991,4.17405572942498,4,1.36037852014243,-1.92447135847343,3.36349093917874
-0.901770707541437,5.0576046384275,3,2.80508787125986,-1.20695403429679,4.55428536168175
1.56605011817823,10.8125008758,11,13.2913933476041,1.46742654963625,10.7349976869957
-1.47721788542585,4.1645512670135,4,1.34657914498923,-0.438697165618178,5.84760534334161
0.450664881741162,8.30947169491173,8,8.63901142367437,0.872634374476221,9.54716800965368
0.968133120184033,9.70008158875408,9,11.1844149854127,0.741701192713228,9.22102289201897
-0.485485333687618,5.73050954976762,7,4.10104878919374,-0.359184177825469,6.00972615796233
-0.82437813538904,5.17517732936762,4,3.02505110699692,-0.442351245199832,5.84042317438108
1.68021349909849,11.0099111575937,11,13.6217243236435,1.8775328802231,11.4617571087705
2.24996826208488,11.8856205376656,15,15,1.74320647549907,11.2313404980502
-0.956450937452413,4.97496516488963,3,2.65397280326213,-0.941317771917534,4.98738567264408
2.04072237326539,11.5940474500666,13,14.543195977051,1.89231978013488,11.4863731788565
0.820390765552985,9.36377126997332,8,10.5353967212858,0.645223418400127,8.95648129531195
0.549562299774581,8.62041474639019,9,9.18032823064517,0.175225246681674,7.45874988471067
0.895500363895241,9.54013582765354,9,10.8731302907004,1.09613548856975,10.0317776728465
0.593261366185934,8.7518263255109,5,9.41276285334636,1.01551532084343,9.86551889940906
0.463560010700108,8.35093335628345,8,8.71059998496148,0.110348896710291,7.25100451181562
-0.702422120236774,5.3645670816428,5,3.38853808674192,-1.24197945736219,4.49552477300395
0.900516969295061,9.55150123313534,9,10.8951053097632,1.0265804574745,9.88882809819503
-0.501516081190244,5.70154870196808,7,4.0449202662455,-0.690813728424747,5.39373868426585
-1.15167469065216,4.67785550842714,6,2.13872463592045,-0.753290002396236,5.29038661668968
1.98905689975869,11.5158984132654,13,14.4219409463354,1.95400586319651,11.5871540476976
-0.377413606491512,5.93669666669319,8,4.49666367396931,-0.534663272714819,5.66579027447631
0.712605037930297,9.08860181824935,12,10.0214732889477,0.492673838535978,8.49754577742984
0.94203348804728,9.64371297347669,9,11.0742416558398,1.03983237861718,9.9165260720691
-0.707945809526753,5.35581862394474,5,3.3715735596219,-1.55876782030219,3.95240575866717
-0.647227167486828,5.45320199335443,6,3.56096127174527,-0.809948262325146,5.19827081066394
0.544136408212501,8.60381946122519,9,9.15114837911822,0.618927939020918,8.88076910136151
-0.477633532749839,5.74483455424759,7,4.12876895936306,-0.536524875399581,5.66239190096193
0.380698849422395,8.08096865833047,7,8.24694453833106,0.838821919107665,9.46639852082122
0.493198782476684,8.44526899919592,9,8.87410487003711,0.373800790225012,8.11360837676397
-0.667425267602692,5.42049340394433,5,3.49723632519877,-0.54588864845085,5.64536494937586
0.647777786716768,8.90982058723918,11,9.69579658491549,0.934030524645641,9.68822115365348
-0.879373097737257,5.09152049106597,3,2.86797967856365,-0.630003179963291,5.49690738178357
-0.599772545245441,5.53149159830003,6,3.71371486389776,0.433338732733885,8.30798723156972
1.7361271889037,11.1052297865746,11,13.7765027885407,1.97538491521182,11.6213178901484
0.484985299804761,8.41926846212346,8,8.82894895844404,-0.0654782086662804,6.72647997149741
-0.846482863008163,5.14147056471028,4,2.9614503941343,-1.25782045896726,4.46881219417599
0.850688251953933,9.43634973428532,8,10.6736162791214,0.368495266875799,8.09614193725458
-1.46029013868531,4.19161494821052,4,1.38593697104053,-1.16568501385259,4.62296960218743
0.269789595094533,7.71250332585137,5,7.62042239610959,0.491894404383053,8.4950893003474
0.528053003922792,8.55428434766747,9,9.06426395075119,0.358922129156931,8.06458136682557
-0.0109673362075928,6.82691179430397,7,6.10818744189664,-0.0706495158301061,6.71208670565166
0.035729297019055,6.96428063694741,7,6.34592329203804,0.0993394243241497,7.21637350503367
-0.956450937452413,4.97496516488963,3,2.65397280326213,-0.881770808004101,5.08276876930156
-0.415383835393892,5.86192409150984,7,4.35410052624806,-0.657784561975445,5.4494067384003
-0.337202493551932,6.0189478311083,8,4.65215104442528,0.43648541774039,8.3181585612821
-0.438081585514982,5.81847691674327,7,4.27076690846624,-0.240116133039745,6.27619004983708
0.0795909840550909,7.09774284429712,8,6.57524432114687,0.00607042488915448,6.93201860410433
-0.450969443572533,5.79420082747343,7,4.22405661232207,-0.118130169141454,6.58294393113696
0.501791869633797,8.4723484425685,9,8.92121255934636,0.307927608505133,7.89580577402584
0.0754162063881879,7.08486706017066,8,6.55318113660918,0.513357244673124,8.56236634953729
1.05571891653665,9.88129859173788,10,11.5409850084355,1.22841332555987,10.2904328715179
-0.922463011717138,5.02631600980931,3,2.74750766380842,-1.41563789185868,4.1989675501655
-0.750455352635552,5.28911310583887,4,3.24268009213226,-1.79182229171849,3.5660075690182
-0.0413054146507664,6.74046768005035,6,5.95751106213577,-0.335032377736997,6.06134574750196
-0.69200681462423,5.38111886581355,5,3.42066599177249,-0.652252457761669,5.45881324298164
-0.525852686850828,5.65828391242804,7,3.96087774290484,0.772691581597946,9.30155372539925
-0.0322692967637923,6.76597706215575,7,6.00207003548675,-0.500792823229052,5.72842550564424
-0.0550811788891139,6.70197191635209,6,5.89010868976551,-1.00799610847035,4.88030749092262
-0.464467805608775,5.76906821076525,7,4.17559352376519,-0.266645183606925,6.21413529657395
-0.972849909710865,4.95018765586685,3,2.60928810597279,-1.43204717779044,4.17066001566385
1.709250259694,11.0595511258797,11,13.702666959528,1.14903660295426,10.1369647728228
1.05408777390244,9.87802428444508,11,11.5345229621468,1.33809335779549,10.4966488095398
0.822029668709668,9.36774883073087,8,10.5429430216017,1.15711530898209,10.1528019679153
0.60093477705711,8.77447411029005,10,9.45308241970942,1.36962405970422,10.5551120182638
-0.665021088003012,5.4243692065426,5,3.5047826255147,-1.25241824487223,4.4779312477748
-0.0414428586469088,6.74008124316236,6,5.95683541096503,0.725101773889421,9.17700380749032
1.95438556705292,11.4622009331356,13,14.3386073285536,2.19176959808778,11.9422372606686
0.769502812130462,9.23724045973348,7,10.2970961097805,0.370842070322927,8.10387020330636
0.222465165352141,7.55579057167336,10,7.35476886761266,-0.219583934312238,6.32533262817223
-0.630048183349771,5.48129780817863,5,3.61575685150074,-0.702213256763248,5.37470629020452
0.895500363895241,9.54013582765354,9,10.8731302907004,0.664260685455994,9.01034122009226
0.0920956769984591,7.13651552119956,8,6.64161341180868,-0.433783117435722,5.85729916242543
-0.37609852021288,5.93933545230869,8,4.50167416591214,-0.228547233851004,6.30375842510419
0.427742367130223,8.23521256739244,8,8.51116895582388,0.360277810549483,8.06905401961391
-0.678575039017025,5.40257772319428,5,3.46237391575454,-2.02050602210664,3.22688914967788
0.427742367130223,8.23521256739244,8,8.51116895582388,1.62414757958204,11.0195742269491
0.531295342811753,8.56431105112426,9,9.08182541611329,1.05949600729721,9.95720755337271
0.0553509770703535,7.02348046083987,7,6.44782165037202,0.356611117063916,8.05695456438288
-0.443375969782336,5.80847049323511,7,4.25152566770688,-0.337005341439822,6.05708477227867
-1.31929055626306,4.41611853229956,5,1.72143583999156,-1.56711184025768,3.93812843940412
-1.57607780451911,4.00683506650609,3,1.12068237948616,-1.75338437358762,3.62742875943955
0.118245596510277,7.21854767322589,8,6.7817203058909,-0.170148706271552,6.44774999667205
-1.72990337147128,3.76593608856466,2,0.782948810071549,-1.76864963560414,3.60290142766312
-0.593273553585745,5.5423873160862,6,3.73498097740178,-0.37179881924219,5.98322374270006
2.01726432076569,11.5588498944124,14,14.488571950115,2.0182757702259,11.6885920108158
0.556257768381583,8.64081054952958,9,9.21624163249752,0.585755466161231,8.78313153476446
1.07449520911912,9.91874417178662,10,11.6149003994132,0.872579158955264,9.54703796540086
-0.415231170267388,5.86221939490992,8,4.35466572486613,0.385556699069589,8.15223951844403
0.982924412563752,9.7315128393354,10,11.2460354972495,0.700870753720771,9.11163011235511
-0.00389936573342337,6.84737398630974,7,6.1437256254379,-0.0034886198142441,6.9038853320159
1.9233578947288,11.4133436920195,13,14.2626751846119,1.75511356785808,11.2521933095349
-0.608283350513734,5.51728952509599,6,3.68599469372843,-0.779795191854278,5.24714253628844
-1.65036406922041,3.88948191241175,3,0.955451557040023,-1.33827605399004,4.33195858755405
-0.467106140060199,5.76419011456529,7,4.16617529696111,-0.948671037384692,4.97560194190018
0.340237750195163,7.94692282693078,6,8.01845153102257,-0.00104573724614826,6.91105584652862
-0.829373233861915,5.1675490120065,4,3.01062238825001,-0.73513813244601,5.32018867409213
0.492793174185374,8.4439876685218,9,8.87187784790301,0.906229266748944,9.62520955926889
0.611581538637517,8.80567872794533,11,9.50876940178014,1.3781460603746,10.5708675173947
-0.580628547942888,5.56371733166752,6,3.77660667120155,-0.658851441266339,5.44759553605682
1.89276807445556,11.3644781927553,12,14.1865463920631,1.53678739810138,10.8615255639424
0.163803803590297,7.36420340865692,9,7.02965909530415,0.48809930407288,8.48311475723008
-0.648426900852989,5.45124960459948,4,3.55715519454603,-0.421044311183134,5.88261955534947
1.12553541157098,10.0184322623951,11,11.8115664712279,1.07936036098091,9.99782627206249
1.95645163293748,11.4654278196131,13,14.3436178204964,1.88258782138685,11.4701910851008
-0.585497532648709,5.55548342623989,6,3.76053942829988,0.312788237446645,7.91192134595265
-0.0413054146507664,6.74046768005035,6,5.95751106213577,-0.221980608936261,6.3195454843868
1.03962639929677,9.8488400728926,11,11.4769427546954,1.46741340325511,10.7349736281885
-0.91929315471896,5.03110714251679,3,2.75629654701879,-0.75882395379934,5.28133258898414
1.29362927582051,10.3307713891987,13,12.4188562185809,0.829104917311169,9.44275753180496
-0.61388494774485,5.50798218212675,6,3.66782887077958,-0.139295749956483,6.52714025691835
-0.842311096684519,5.14782235312269,4,2.97340442931149,-1.5762552696798,3.9225066559011
-0.00479004314707255,6.84478880445266,7,6.13923832861154,-0.115064937051562,6.59111600840695
-0.638691965023843,5.46712805742922,5,3.58811624329653,-0.950950323790379,4.97194853208046
1.63041406697548,10.9241827402862,11,13.4800274824499,1.43181248360194,10.6697109393408
-0.706509041589304,5.35809225647041,5,3.37598129448315,-1.08794339897931,4.75076286865104
-0.510139831653126,5.68612326250634,7,4.01498066699826,0.236858776189682,7.66052356936047
-0.839248951577348,5.15248736704388,4,2.98219331252186,-1.16682760376964,4.62107606121281
-0.616440746759467,5.50374594444476,5,3.65956109041185,-0.13127969465154,6.54814633729834
0.689321281467984,9.02554611679308,7,9.90590776078383,0.711389425439421,9.14017190904784
0.466307708300031,8.35973667893324,9,8.72582059170859,0.393663942779301,8.17881801079936
1.09031668177427,9.94996056520684,11,11.67652091125,0.845470425297196,9.48246207920395
-0.572206734088117,5.5780222639713,6,3.8045152200304,-0.658181954841729,5.4487319916655
1.8067836873566,11.2238250416479,12,13.9657021220045,1.39682611672456,10.605342606569
-0.654380854630929,5.4415786142925,5,3.53830605969623,-0.231898690070649,6.2957399488787
-0.670430466774853,5.41565511479769,5,3.48781809839469,-2.01607372191281,3.23300262105743
0.902527949768596,9.55604335646784,9,10.9038941929736,0.451231429979268,8.3656599048327
-0.810946657444964,5.19572651095885,4,3.06401640678461,-0.454278468980915,5.81713265797095
-0.839002147083666,5.15286346255931,4,2.98290221808069,-0.883153989291132,5.08055188730001
-0.455679796183996,5.7853970151988,7,4.20709208520206,-0.126071205519948,6.56187915568024
-0.951177935894683,4.98293104281117,3,2.66840152200904,-1.67489525893098,3.75606998033774
1.22778437896644,10.2107155193915,12,12.187948961135,1.89648431091144,11.4932753026036
-0.489589352727195,5.72305914369869,7,4.08662007044683,-0.181835472050293,6.41828078880875
-0.129342788028693,6.5028078521786,5,5.5379696698441,-0.118712445867119,6.58139413565034
0.0526576694970677,7.01530506554202,7,6.43376747488634,-0.25587192899695,6.23914168109495
-0.318134825704976,6.05912336431336,9,4.7275709314152,-0.146904131424976,6.50734736620034
-0.37609852021288,5.93933545230869,8,4.50167416591214,0.0180760891358206,6.96763452280577
-0.0797206607835141,6.63431861870077,6,5.77116277804086,0.492355037059142,8.49654115538879
1.02797822718953,9.82512462883236,10,11.4301823352689,0.878467114261228,9.56087195254049
-0.593273553585745,5.5423873160862,6,3.73498097740178,-0.0444911677760716,6.78554392245459
-0.622034570842182,5.49449642132903,5,3.64151026183112,-0.313086588403312,6.10928488730791
-0.558445522418685,5.60157336514409,6,3.85044250021418,-0.902481619485945,5.04958756970221
-0.928336685740094,5.01743953359922,3,2.73125204224723,-0.271478212551319,6.20300215713849
-0.0836793170343835,6.62359404464674,6,5.75224676246758,0.26150375385603,7.74194772932055
1.63751946968082,10.9364551484594,11,13.5004692929279,0.946292713357605,9.71558352223949
-0.299431818374597,6.09929727106258,8,4.8026367688293,-1.12211373625758,4.69484031982643
-1.1051717145032,4.74924183164969,2,2.25835791848656,-1.01592612156392,4.86752614520416
0.539433288095244,8.58938702860313,9,9.1258012078438,0.236743928297007,7.66014485347249
0.525484337117157,8.54632660884412,9,9.05033515888064,0.331661539500244,7.97445858718424
-1.30789440207341,4.43412666112155,5,1.74915601016089,-1.48075109816521,4.08660104997075
-0.530771889891949,5.64963697883374,6,3.94405692272559,-0.0701147297734801,6.71357221319566
1.8320930678771,11.2656899322729,12,14.031767927166,1.5931687182411,10.9637246712156
-0.0883232336757886,6.61106436087175,6,5.73012517659229,-1.29277250773827,4.40958835186769
-0.536771827104302,5.63913349303796,6,3.92361511224755,-0.343888691474686,6.04228097566256
-0.220607391720797,6.27744640360597,4,5.13132320454015,-0.0775182155762086,6.69306795250869
-0.784800588859112,5.23590501619577,4,3.14058674021088,-0.720629205497409,5.34413455615925
-0.15210300815609,6.44461617593914,5,5.43386986543461,0.0147807748874288,6.95782774681992
0.300157199955235,7.8135472908676,6,7.79182085861495,0.616031574136498,8.87233750399593
-0.276678097644989,6.14922866187355,8,4.89544538320125,-0.433425957431799,5.85800530585813
-0.34025056870197,6.01259705928746,8,4.64019700924809,-0.790383028975604,5.22994670452292
-0.468710723508597,5.76122874076033,7,4.16045589945946,-0.29315445090575,6.1537084883951
-0.0171254921191121,6.80918209207963,7,6.07735653477609,-0.266345243888558,6.21482795322904
-0.594802411716698,5.53982012646137,6,3.72997048545895,-0.344318994401907,6.04135872431695
0.822029668709668,9.36774883073087,8,10.5429430216017,0.681561713839301,9.05858473521729
1.14553553872179,10.056745825211,12,11.8869863582178,1.55257493509157,10.8902069836087
-0.318134825704976,6.05912336431336,9,4.7275709314152,0.0499087373482209,7.06353695405165
1.61898744657291,10.9044211603989,11,13.4469957124282,1.51485262983418,10.8216012399546
-0.779265489368295,5.24444454818139,4,3.15692192373719,-0.790834336183362,5.22921462752408
-0.443549480719887,5.80814335666184,7,4.25089632411317,-0.502815823443352,5.72464018467877
-0.787998768293131,5.23097656949813,4,3.13116851340681,-0.548366109486212,5.64087831953173
-0.39078801950237,5.91005003995062,7,4.44598718384142,-0.668041486139158,5.43203135434549
1.26441804871327,10.2777941303533,13,12.3174717722183,1.46900320773318,10.737882869888
1.03736514675719,9.84425101715938,10,11.4678919583672,1.62456756439161,11.0203296781392
-0.402811179582338,5.88638516302321,8,4.40086094567455,-0.205389802331521,6.35988459317115
-2.12354823042805,3.21180371222095,0,0,-2.27538353118756,2.90519977956071
0.531295342811753,8.56431105112426,9,9.08182541611329,0.245607300517663,7.68939396693333
1.72864823863305,11.0925468945013,11,13.7560609780626,1.64422770631051,11.055637594246
0.534419638137994,8.5739534655164,10,9.09872579825766,0.663897466814339,9.00932118390433
0.456864622502727,8.32943545551226,8,8.67346158798807,0.291519434886705,7.84139649928831
-1.57943263232493,4.00150592722728,3,1.11313607917022,-1.13982080629821,4.66571099566585
0.689524458680714,9.02610197248393,6,9.90692309061105,1.44060145607774,10.685843661176
1.26441804871327,10.2777941303533,13,12.3174717722183,1.3551496117288,10.5283085673727
0.677548471497882,8.99316903331103,11,9.84687040167071,0.368147344717904,8.09499589118386
-1.47312513001078,4.17109475123808,4,1.35607693375842,-1.29343438415948,4.40846325266539
0.525484337117157,8.54632660884412,9,9.05033515888064,1.27766567163382,10.3836881990095
1.02538615768475,9.81982115460242,10,11.4197299777199,0.906604171517359,9.62606853607105
-0.578370932515084,5.56754413966818,6,3.78407340955237,-0.224135505869884,6.31435367525417
0.129648305070137,7.25469554964098,9,6.84334081772763,0.162614891967016,7.4179295645049
-0.078822017583465,6.63675877838754,6,5.77546436442486,-0.255920481752606,6.23902839202945
-1.40558709452065,4.27899329016578,4,1.51447036144745,-1.15016009706515,4.64865282413533
0.306609780553937,7.8350320762356,6,7.82829160127203,0.629611306623807,8.91171214726491
0.544316842025487,8.6043722775929,10,9.15211981679226,0.809445830109409,9.39432448620074
0.998166825750232,9.7635317788808,10,11.3089273045533,0.593755231742791,8.80688970924767
-0.123194580226225,6.51875666844642,5,5.56639874557225,-0.191717880403091,6.39361832346974
-0.775841546533834,5.24973343319064,4,3.1670490561001,-1.19779123269115,4.56958691960082
-0.471786153292403,5.75556413452143,7,4.14951187775062,-0.395662347692024,5.93391819359757
0.606542552454073,8.79094186067976,10,9.48245079283169,0.588241327320177,8.79052841611587
-1.65068665246683,3.88897584700077,3,0.954742651481199,-1.84395457150666,3.48459066518189
0.822964661956805,9.37001535484307,8,10.5472446079857,0.713721667887344,9.14646640401991
0.90771808137301,9.5677297200933,9,10.926524309235,1.9975642242487,11.6563209119242
0.0586063647425815,7.0333826646952,8,6.46483702688452,-0.60023075419909,5.54859673960502
-0.776081035423117,5.24936333687723,4,3.16634015054127,-0.819112940625288,5.18347266957987
-0.244739514887352,6.22134044867602,9,5.02853353433237,-0.198166599994445,6.37765129249245
1.08505101337771,9.93960419141146,11,11.6560791007719,1.22435821730327,10.2826962907892
1.30444948488405,10.3502954090137,13,12.4559946155543,1.43262501391749,10.6712029893536
0.482084877484405,8.41006023492547,9,8.81297385200046,0.625517077108807,8.89988306443941
0.117031708265326,7.21471255444359,9,6.77517869763708,-1.11690679340607,4.7033861621554
-0.471786153292403,5.75556413452143,7,4.14951187775062,-0.368534761668234,5.99005168618771
-0.761041056385073,5.27265524346641,4,3.21102484783061,-1.04044531497072,4.82792096943789
-0.665246797748548,5.42400514173805,5,3.50407371995588,-0.07343614663902,6.70435717822834
1.76774866932808,11.1585942719799,12,13.8620498078935,1.85886133777973,11.4304386146969
0.929376247502228,9.61594112893265,9,11.0201387317464,0.738737462296319,9.21320900698069
-0.775841546533834,5.24973343319064,4,3.1670490561001,-1.60887465149708,3.8670049552397
-0.510139831653126,5.68612326250634,7,4.01498066699826,-0.551122014876853,5.6358963145033
1.03962639929677,9.8488400728926,11,11.4769427546954,0.912933776950266,9.64053209494299
-0.712682928099104,5.34833175383305,5,3.35706527890988,0.00762899727533945,6.93662463609378
-1.94150945483562,3.45420518518771,1,0.347151796218686,-1.28865942892843,4.41657712940852
-1.21821032831528,4.57479603221785,6,1.97056547883759,-0.453681646794623,5.81829259440195
1.24420913451432,10.2408864775575,12,12.2463534716124,0.902041901238518,9.6155979535481
0.893787952481839,9.53624489167389,8,10.8656127029571,0.835188853892103,9.45758229544199
-0.470377304563042,5.75815723889944,7,4.15452236969345,-0.755414616040565,5.2869088929225
0.435412952233993,8.26013676746432,8,8.55402675029894,-0.319479935677585,6.09521520248229
-0.761041056385073,5.27265524346641,4,3.21102484783061,-0.790539734509393,5.22969250041254
0.26484673600422,7.69607989527936,11,7.59257767202233,-0.109439064553812,6.60617440294206
-0.787998768293131,5.23097656949813,4,3.13116851340681,-1.1718888494307,4.61268286828163
-0.443549480719887,5.80814335666184,7,4.25089632411317,-0.388086233473289,5.94945607415092
0.294736030947295,7.79549798522633,6,7.7611903368113,-0.0366391492299034,6.80790771218557
-0.0123309009689312,6.82297807119101,7,6.10135004713953,-0.00319728468269086,6.90473978477646
-0.27259156020686,6.15832185870452,9,4.91228899555958,-0.0418888873532958,6.7929397144542
0.49973825747527,8.46588852202747,9,8.909967429728,0.252392002625429,7.71181072787371
0.463560010700108,8.35093335628345,8,8.71059998496148,0.401133541455594,8.20325613469744
0.139224288775052,7.28521795552194,9,6.89532244088504,0.474336549877611,8.43950170647036
-0.704282510630191,5.36161833306085,5,3.38281868924026,-0.878364379194456,5.08822908978746
0.676436194296561,8.99009295131809,11,9.84127181737668,0.608073808903692,8.8490788170126
0.997246895091606,9.76160972932757,10,11.3051489132857,0.864758071020841,9.52855728362695
0.643585725615255,8.89791564249488,11,9.674321492729,0.242740635356284,7.67992930778587
-0.925159240834075,5.02224117995355,3,2.7400409254576,-1.01538158801749,4.86840421436735
-0.655540425257774,5.43969860781906,5,3.53464266279682,-0.805579923606406,5.20533271531997
-0.919037655250479,5.03149334710742,3,2.75700545257762,-0.892355835794708,5.06580726440822
1.62149943941438,10.9087681207777,11,13.4542740721195,1.8473094054843,11.4109353541655
0.509299113018532,8.49590004432887,9,8.96225016079493,0.684956013189252,9.06797052334354
-1.61469514137341,3.94564362543415,3,1.03429787799548,-1.62428669388208,3.84092453721774
-0.222799651890243,6.27229080609802,4,5.12190497773607,0.0883054419615451,7.18187156793713
-1.41757759843466,4.25985915126838,4,1.48612084768441,-1.4619116339503,4.11911331620685
-0.78477359308266,5.23594663463768,4,3.140666302176,-0.868679377743641,5.10375984220926
-1.5956778173588,3.97573405496223,3,1.07670658775564,-2.37931579189305,2.78923546745695
1.02305416871079,9.81504156614879,10,11.4103117509158,0.728277011953685,9.18547206008367
-0.599772545245441,5.53149159830003,6,3.71371486389776,-1.19389739904496,4.57608053482473
-0.425299103048925,5.84283372003732,8,4.31752732789273,-0.732077746448001,5.32522995220033
-0.138731466048292,6.47864159194896,5,5.49481018428514,-0.146537836195034,6.50829703654195
0.539424731265762,8.58936073024284,10,9.12575504587057,0.349605624479801,8.03381814337293
0.49507797707419,8.45120178463752,9,8.88441869911579,0.0547663383944503,7.0783522725037
-1.25079139788064,4.52391925061122,6,1.88945129013367,-1.07704412231809,4.76852426985892
-0.0205246208865706,6.79943537676946,7,6.06039200765608,-0.352197684141409,6.02453837233476
-0.544364882087775,5.62590778362661,6,3.89786170191717,-0.894746133322436,5.06197801628596
-0.257986349151891,6.19113921158556,4,4.97292977685112,-0.0151380367160296,6.86987404116385
1.04233383556626,9.85432538219574,10,11.4877625427203,0.801229658446788,9.37383981101337
0.146727583849387,7.30923468584597,9,6.93619549251875,1.13926914410007,10.1177417544467
-0.608283350513734,5.51728952509599,6,3.68599469372843,-0.871266626340633,5.09960997421578
-1.05088587470471,4.83199560247228,2,2.40035586758974,-1.92654686341088,3.36044733052019
1.03649723506292,9.84248777236518,10,11.4644146750092,0.822772295388145,9.42724495999186
-0.610599140439394,5.51343791317301,5,3.67847710598512,0.243075478615283,7.68103461334217
-0.0547525972208686,6.70288455053292,6,5.89170890319765,-0.130990342860783,6.54890751354281
0.826460604869288,9.37847274172876,8,10.5633052701146,0.539440178508968,8.64304794671805
0.554617413565567,8.63582218770537,9,9.20745274928715,0.596829820688516,8.81598530756585
0.712346214875655,9.08790803544136,12,10.0201974516652,0.345973829945536,8.02181449940046
-1.49623298346004,4.13415391079493,4,1.30260335325871,-2.63588285319265,2.53217511369944
0.541194498543255,8.59479680146387,9,9.135298996613,0.280545748106451,7.80501675602198
0.779502640770682,9.26257441802104,8,10.3445355643059,1.2424388896403,10.3171185701763
-1.38173028976516,4.31701580930529,4,1.57117011052066,-2.1815468007455,3.01705725106014
-0.486909163028987,5.72792188259765,7,4.09603829725091,0.056540611657428,7.08377523202372
-0.883211110604022,5.08570407786985,4,2.8571598905387,-0.0382345866630923,6.80335204134845
-1.48043892063477,4.15940158648993,4,1.33911240663841,-1.42714986283733,4.17911021516973
0.000314829351666898,6.8596313815446,7,6.16499173894192,0.487453114871071,8.48107358701944
0.122151178873679,7.23090405914888,8,6.80279145996264,0.312445044966324,7.91078356434129
-0.779025622069201,5.24481490313236,4,3.15763082929602,-0.165825619426925,6.45873475828088
0.497495734705804,8.45882596159978,9,8.89767857809388,0.554544659733173,8.68919485037862
0.964777987657959,9.69290120348596,9,11.1703557894156,0.661548796321571,9.00271821657975
0.463939783317643,8.35215077733237,8,8.71270441967126,-0.0124288000538703,6.87775671050599
-0.4106568685674,5.87108704463358,8,4.37163025198615,-0.418715577053977,5.88727851732032
-0.0546070573389223,6.70328887425897,6,5.89241780875648,0.157190230910423,7.40042899923853
1.84227164525898,11.2824230172737,13,14.0580865361145,2.49975573889887,12.3199318447322
-0.711045571762994,5.35091791880562,5,3.3620757708527,-0.512617554915342,5.70638109575087
-0.928336685740094,5.01743953359922,3,2.73125204224723,-1.50893615349612,4.0380098340953
-0.370746702255407,5.95010907961614,8,4.52211597639017,-0.779789112451942,5.24715242188332
-0.69936270682647,5.36942134195782,5,3.39795631354599,0.40298373786274,8.20930155358059
1.09031668177427,9.94996056520684,11,11.67652091125,1.28128022211982,10.3904854909768
-0.450668362178996,5.79476479819395,7,4.22514291378279,0.421714568900181,8.27031342540086
0.429816833479015,8.2419602582983,8,8.52276688490158,-0.245349616255667,6.26382070744211
-0.662225205023482,5.42888229421884,5,3.51357150872508,-1.73309224396824,3.66029480148481
0.944099460428872,9.64821851786068,9,11.0830305390502,0.23396656015499,7.65098875958176
0.515426481263037,8.51504745466609,9,8.99566100866225,0.671010447994947,9.02924288001572
0.0836636256460738,7.11033707794786,8,6.59681372015121,-0.482092333227536,5.76369665182283
0.127972791102693,7.24937032295958,9,6.83426712766638,0.0334006969088296,7.01354210445522
1.06928057798894,9.90838914677482,10,11.5944585889352,0.79049174278235,9.34684897898373
-0.705512572931693,5.35966992447515,5,3.37904029797272,0.049051594851948,7.06092757771166
-0.358165226084017,5.97566035406386,8,4.57049950298194,-0.641630742271246,5.47694550631833
-0.425299103048925,5.84283372003732,8,4.31752732789273,-1.19413529423055,4.57568395838769
1.75665136389641,11.1399161742461,12,13.8321897706114,3.04467325711991,12.8242235427504
-0.599772545245441,5.53149159830003,6,3.71371486389776,-1.01037746562161,4.87647061346269
0.468009036545741,8.36518186064164,9,8.73523881851267,0.542284578571541,8.65177118898161
-0.219865644333238,6.2791934686986,4,5.13451350345649,-0.498073166566655,5.73352354741195
0.367024073790309,8.03577246101104,7,8.16980356195419,-0.324788845608704,6.0835972310673
-0.396221083504877,5.89932277674437,7,4.42554537336338,-0.021020130126683,6.85281687811839
0.831632609474915,9.39093541333951,9,10.5869994637639,1.17172158537306,10.1812991899634
-0.922463011717138,5.02631600980931,3,2.74750766380842,-0.245308122537775,6.26391852951524
-0.0739397863245401,6.65005209262861,6,5.79888294821018,-0.183632360769825,6.41377901251673
0.0573546484158632,7.02957254430608,8,6.45829087681525,-0.503273391618062,5.72378481325053
-1.79945721721103,3.66038946392351,2,0.635940369025545,-1.48514447104289,4.07902194310943
-0.760107566811886,5.27410435867571,5,3.21380947552658,-1.11712942829186,4.70302094755058
0.625788465020127,8.84691588265202,11,9.58260523079277,0.337995910622187,7.99542673496849
0.0506266703094195,7.00915037023748,7,6.42318338465643,0.343359250840569,8.01316933631952
-0.149619005372331,6.45090216992751,5,5.44514371485663,-0.837954131550949,5.15311614935718
-0.515212663990973,5.67709833293052,6,3.99745094126018,-0.346063226636953,6.03762420172915
-0.589038173813487,5.5495122664163,6,3.74888650103222,-0.632321712886241,5.49291732873543
0.994704852876024,9.75629166211417,10,11.2946965557367,0.97589427013063,9.78060925643099
0.482084877484405,8.41006023492547,9,8.81297385200046,0.210706359222618,7.57451212342335
-0.832667599795211,5.16252181597304,4,3.00112459948082,-0.788022667919527,5.23377667192559
1.04198286346745,9.85361487274086,11,11.4863609814994,0.651846466671086,8.97531073272686
0.458561372171795,8.33488963528375,8,8.68287981479215,0.383317210798899,8.14488831071222
-1.65468882079208,3.88270026781902,3,0.945953768270827,-1.65485447522943,3.78951631276365
0.818347744968644,9.35880456302269,8,10.5259784944817,0.829157693552387,9.44288646235247
0.363726831535284,8.02485621137769,6,8.15118797200954,0.32975282979375,7.96813785963865
-0.844915944070713,5.14385581497876,4,2.96593769096067,-0.975304065320285,4.93288059592226
-1.70748009779855,3.80049203959854,2,0.831110790718911,-1.41633067143997,4.19777284772141
0.44478910009812,8.29050201418555,8,8.60630948136587,0.32426764069554,7.94996802014105
0.525784837827964,8.54725821136517,9,9.05196537883118,0.86904395958275,9.53869941359278
-0.709580418206091,5.35323354602315,5,3.36656306767907,-0.130581596228496,6.54998312077975
1.52023299543019,10.7325205225538,10,13.1532379347441,1.75187892263243,11.2465355288449
-0.481109068431712,5.73848213076761,7,4.11648010772894,0.0993349270271048,7.21635939988612
0.852635030361051,9.44094539367066,8,10.6824051623318,0.290836393287712,7.8391316973721
-0.400557279963399,5.89080091625742,7,4.4092897518022,-0.674429213441874,5.4212516390474
-0.606741694751387,5.51985660315134,6,3.69100518567126,-0.815604680762976,5.18913472008119
-0.428905540000356,5.83593305506088,7,4.30429034264777,-0.597957631841567,5.55257935097309
2.06104953482819,11.6241535232065,14,14.5899563964775,1.33649240128194,10.4936726441731
-0.762822886964005,5.26989034740662,4,3.20571324797826,-0.186458478040634,6.40671441955143
0.604718436441623,8.78559294519992,11,9.47290684208925,0.818596701583145,9.41697031968456
-0.662025173114309,5.42920542549702,5,3.51420085231878,-0.263778132642655,6.2207645257757
-0.837505151929465,5.15514500560141,4,2.98720380446469,-1.34422914250475,4.32176400455217
-1.37826530267266,4.32253212581624,5,1.57943789088838,-1.80694457653277,3.5421594930728
-0.569350913953801,5.58289146832652,6,3.8140130087996,0.0725410715372615,7.13295327945467
1.08505101337771,9.93960419141146,11,11.6560791007719,1.56069375502948,10.9049379726467
-0.472849485188741,5.75360903688288,7,4.14573348648308,-0.450560443066836,5.82436807754952
-1.47100226607991,4.17448879907376,4,1.36100786373613,-1.50905438981346,4.03780618509703
0.52576166169082,8.54718636757709,10,9.05183965489282,0.40258968205618,8.20801426481672
-0.595819732404293,5.53811326503969,5,3.72663908663249,-0.94560736134871,4.98051199624514
-0.78477359308266,5.23594663463768,4,3.140666302176,-0.913925464032434,5.03126018715833
-0.665246797748548,5.42400514173805,5,3.50407371995588,-0.676006049650726,5.41859534782142
1.16096733286064,10.0860514396988,12,11.9445665656693,0.677921771038655,9.04849081611714
0.929376247502228,9.61594112893265,9,11.0201387317464,0.848501921245221,9.48975660585087
-0.358165226084017,5.97566035406386,8,4.57049950298194,-0.167554904105122,6.45433529175269
-0.299736102327546,6.09863747295266,9,4.80140676042783,-0.26411476224732,6.2199852062963
0.243471230039,7.62518534987764,5,7.47240176400444,0.186051589630786,7.49393912279841
-0.530771889891949,5.64963697883374,6,3.94405692272559,-0.122896762902598,6.57028139781557
0.323269507017497,7.89049172730916,6,7.92249411613464,0.329066351522194,7.96586431771379
0.95511908008835,9.67212266073501,10,11.1297113965116,0.664713789105237,9.01161326802581
-0.819048770764917,5.18332418107333,4,3.04048242553212,-0.974258403237255,4.93455944907419
0.370917619054406,8.04865403728047,7,8.19177858101703,0.806040581096025,9.38585199803661
0.22987542272008,7.58023390576387,5,7.39620597383938,0.208189932441239,7.56626314619781
0.639246983244088,8.88555069206307,11,9.65204318816583,0.844958663702898,9.48122881134219
-0.662225205023482,5.42888229421884,5,3.51357150872508,-0.860795741438578,5.1164100474677
-0.539567696761915,5.63425501481193,6,3.91411732347836,-0.784129247850467,5.24009857159207
0.017743633783788,6.91077084425735,7,6.25354482734904,0.203293341614358,7.55022735597506
0.53367236484427,8.57164890751607,9,9.09468549387238,0.766163121943866,9.28476651791218
0.0210187842375003,6.92045986171487,7,6.27029225600587,-0.165118800069562,6.46053506226443
-0.488162872671205,5.72564590812602,7,4.09163056238966,-1.05892396748219,4.79797686034865
0.0218208851756709,6.9228365178779,7,6.2743988829576,-0.00823754522256329,6.8899838723224
-1.5752108114511,4.0082126451875,3,1.12263386793942,-1.06013802001299,4.79600638614509
-0.645336248311034,5.4562817130178,5,3.56696552725967,-0.542758956529445,5.65104365978395
-0.668578132595294,5.41863648332807,5,3.49362136240689,-0.818658322917995,5.18420620253941
0.0336783875225552,6.95814190467241,7,6.33533920180813,0.102186136694905,7.22530867856402
1.13852899645374,10.0433676886744,11,11.8606677492694,1.2984352592102,10.4226704418151
-1.57217499302951,4.01303744560015,3,1.12947126269653,-2.14450549068404,3.06325077463489
0.146727583849387,7.30923468584597,9,6.93619549251875,0.0997403904372264,7.21763121731046
-1.81730664623131,3.63374834897909,2,0.59880197205214,-1.0770531660137,4.76850954685414
-0.552580383957988,5.61167988483167,6,3.87014153174784,-0.116989506926901,6.58598232629301
0.316577013712091,7.86821646981178,6,7.88464681360242,0.604431049819679,8.83838672287798
1.61898744657291,10.9044211603989,11,13.4469957124282,1.06330709465425,9.96503673921418
0.529555949892934,8.55893461945987,9,9.07240718930921,0.967291957150748,9.76185848397348
-0.925159240834075,5.02224117995355,3,2.7400409254576,-0.62001526163066,5.51415267876992
-0.555381753015656,5.60684747259243,6,3.86072330494376,-0.871317852091882,5.09952781736306
0.161044928345971,7.35529448000606,9,7.01451861835775,0.132626413781282,7.32167145764313
-0.0645994754144523,6.67565377305672,6,5.84391346895709,0.0465317761714575,7.05326503493062
-0.704282510630191,5.36161833306085,5,3.38281868924026,-0.82961435451777,5.16654288253987
-1.05704975731338,4.82262653254157,2,2.38410024602855,-0.43302217184496,5.85880389250767
-0.912479247101656,5.0414082928791,3,2.77522783397775,-0.564331054691017,5.61214487744866
-0.62752474553359,5.48544745002345,6,3.62385307904906,-0.570016586587299,5.60198491239202
0.944099460428872,9.64821851786068,9,11.0830305390502,0.610835428263819,8.85716576209032
-1.05088587470471,4.83199560247228,2,2.40035586758974,-1.55328469752362,3.96179816434777
0.901525172150123,9.55377940989704,9,10.8995130446245,0.885483544729161,9.5772699392683
-0.679305403953273,5.40140747069521,5,3.46009792822536,-0.430371473560067,5.86405316409894
1.0162526979438,9.8010562806225,10,11.3827631335659,1.10877029129415,10.0571499531473
0.955086044201022,9.6720513165963,10,11.129571947424,1.78005945218614,11.2956415497974
-0.784560066235221,5.23627583190662,4,3.14129564576971,-0.47196825513727,5.78300849518557
0.35602978024219,7.99934867868609,7,8.10771278943628,0.321700562781038,7.94146200445625
0.396567518259834,8.13323529691258,8,8.33630089552101,1.21197401533735,10.2590070230337
0.58098378034621,8.71531877645307,10,9.34793588313797,0.193739512765731,7.5190019622767
0.0086852820558661,6.88410283237265,7,6.20740044870208,0.0634615013364506,7.1049869081936
-0.794200820053427,5.22143056135112,4,3.11294613200668,-0.838928019039897,5.15154918818168
0.490685568952538,8.43732518712067,8,8.86030095306846,0.591989941693535,8.8016584914691
0.440438837477121,8.27642760107849,8,8.58206659455457,0.277350975401455,7.7944290239898
-0.51776260623126,5.67257527501446,6,3.98866205804981,-0.286433846409105,6.16888091601344
0.918531483338981,9.59191126233988,9,10.9734284356022,1.05457230367691,9.94706647862977
-1.66242885003935,3.87057956960316,3,0.928989241150812,-1.36942162496261,4.27853890884048
0.385293427177667,8.09612327136823,7,8.27283621126967,-0.29088206892003,6.1588275618663
-0.721767645343662,5.3340131203618,5,3.32934510874055,-1.24234740364446,4.4949052562822
-0.712682928099104,5.34833175383305,5,3.35706527890988,-0.34968511639327,6.02988900322546
-1.45020845713771,4.20773108864185,4,1.40947095229302,-1.75358001643445,3.62711332357478
0.11963035021748,7.22292572853969,9,6.78918705147275,0.359496389593876,8.06647608746418
0.515426481263037,8.51504745466609,9,8.99566100866225,0.313165136272587,7.91317085681889
0.784573505239033,9.27533236896127,8,10.3684773432077,0.269589615713952,7.76871679199376
0.429441121018207,8.24073854886536,8,8.52066674459308,1.41970630764574,10.6474655283153
-1.42450566222521,4.24879757569008,4,1.4697856641581,-0.383586241307755,5.95873558988145
-0.216813977024777,6.28639544327295,4,5.14765838806646,-0.84855481756409,5.13606979207394
-0.0719291564936352,6.6555443752165,6,5.80855113263651,-0.658453137450641,5.44827161471434
0.901381178803456,9.55345415831635,9,10.8988837010308,1.07666565270884,9.99234311607409
1.08643076189655,9.9423209812567,11,11.6614418077871,0.0631785629185894,7.1041179285841
1.45658181440375,10.6208221709157,9,12.9557702449692,1.69991086557184,11.1549598895362
-0.589038173813487,5.5495122664163,6,3.74888650103222,-0.513402422160317,5.70492477280126
1.01225305375771,9.79280033918369,10,11.3665075120047,0.56121116260693,8.70942238834964
-0.909067930524681,5.04656673802278,3,2.78472562274695,-0.955035992950173,4.96539862246093
-2.12354823042805,3.21180371222095,0,0,-2.57534733492904,2.58959611427921
0.476187201847818,8.39129446953504,8,8.78044461864465,-0.208234666467117,6.3529212571085
0.844859086124774,9.42254066089167,8,10.6472335251973,0.252764300093263,7.7130414225706
1.57896946263886,10.8349858072165,10,13.329761752979,1.17682229264189,10.1912111304815
-0.0390809278815194,6.74672860914301,6,5.96845508384461,0.385247708600978,8.15122547861095
0.866979519378381,9.47456063537239,8,10.7468227645403,0.436673186642883,8.31876512802552
-0.535598350995204,5.64118408637642,6,3.92760674483115,-0.169741781339688,6.44878204343613
0.813432548059176,9.34681724594656,8,10.5032688162552,1.33650333954205,10.4936929810176
-0.555381753015656,5.60684747259243,6,3.86072330494376,-0.120301410869651,6.57716912747462
0.985197567641138,9.73631146470166,10,11.2554537240535,1.67860911467479,11.1170937750833
0.26484673600422,7.69607989527936,11,7.59257767202233,0.13566559703076,7.33137020448797
-0.514843369400752,5.67775412702644,7,3.99872504543707,-0.756706649512288,5.28479502070609
-0.787757868422037,5.23134765790599,4,3.13187741896563,-1.2296271362522,4.51629593724223
0.497474758336099,8.4587598578533,9,8.89756358372575,0.488235729842329,8.48354561223138
0.490204722179804,8.43580410338939,9,8.8576585492898,0.250924961658702,7.70696176989167
0.0427207782813346,6.98527770884758,8,6.38209962123462,0.130367558531896,7.31447166710499
0.4609308424859,8.34249929332026,8,8.69602469940212,0.274460394130628,7.78485124427905
0.998093494755334,9.76337861369739,10,11.3086261966437,0.321521421894864,7.9408683677531
-0.539567696761915,5.63425501481193,6,3.91411732347836,-0.621787027523627,5.51108670687812
1.53272746917145,10.7543670678395,10,13.191238909643,1.86855547930593,11.4467311507178
-0.0297572315049691,6.77310481601326,7,6.0145060145379,0.441267458567954,8.33359297913813
0.995855410968796,9.75869993451381,10,11.2994295157841,0.970834658409991,9.76959482264546
1.11133517127249,9.9909854742208,11,11.7574635471345,1.62658383990458,11.0239557961219
-1.30093861751137,4.44510448477692,5,1.7661205372809,-1.92680439286828,3.36006995702987
-0.516954219056726,5.67400821369373,7,3.99144668574578,-0.80853943455408,5.20054772382419
0.444661823767593,8.29009059244795,8,8.60560057580705,0.503963851776871,8.53301664323835
0.00151908002671034,6.86314184392132,7,6.17107924920043,-0.0366346735531227,6.80792050050508
-0.54597421737513,5.62311403306077,6,3.89241983631101,-1.370372945301,4.27690422591248
0.112971508932842,7.20190357391777,9,6.75332449178186,-0.245679453630757,6.2630432517458
0.102237288052034,7.16818120825887,9,6.69574428433042,0.582371600125403,8.77304208342369
-0.530587548836607,5.64996043339377,6,3.94468626631929,-1.15113899865515,4.64703588285853
0.839258099478494,9.40920323780336,8,10.6217893425572,0.242523445121448,7.67921240259671
-0.523082222363601,5.6631680426898,7,3.97037553167404,-0.22376575348314,6.31524374769078
0.534419638137994,8.5739534655164,10,9.09872579825766,0.290799535790501,7.83900948782963
0.58190291470849,8.71806325217945,10,9.35280225780998,1.13927886383557,10.1177609255528
0.46960346252296,8.37028090763716,9,8.74406095611112,0.711758931129843,9.14116998917122
0.359099043697749,8.00952398874928,7,8.12505185981751,0.159978888224048,7.40942091275165
1.75665136389641,11.1399161742461,12,13.8321897706114,1.25178772278735,10.3348461224888
0.177635510062198,7.40902144817716,10,7.1057878878529,-0.266303688232686,6.21492393449102
-0.593273553585745,5.5423873160862,6,3.73498097740178,-0.825988758482894,5.17238483195408
-0.909322381237702,5.04618193641628,3,2.78401671718812,-0.0360957843793787,6.80946060414273
-0.2359677544641,6.24157061857734,9,5.06567193130577,-0.157530150597199,6.47994012636442
1.06928057798894,9.90838914677482,10,11.5944585889352,0.542707888231262,8.6530681008976
-0.912479247101656,5.0414082928791,3,2.77522783397775,-1.31614369077123,4.36978520205317
1.57836305577552,10.8339311187493,10,13.3279665459594,1.33608099811931,10.4929077200452
0.0294357513508714,6.94547294049047,7,6.31348499595291,-0.104750903067953,6.61878168539925
0.84740226053373,9.42857430289462,8,10.6587561867112,1.12646736000441,10.0924166414006
-0.583290059921327,5.5592132108838,6,3.76781778799118,-0.527487003363386,5.67893257710977
-0.10595333635431,6.56400304732117,5,5.64682201171975,-0.704920016994003,5.37019967712775
-0.183528869854187,6.36645519119526,4,5.29308277836619,0.123518965896815,7.29268923107379
-2.00097510874977,3.37219734755097,1,0.230907257445898,-1.88114702391167,3.42792747994031
1.16017160866625,10.0845455284086,11,11.9416103851539,0.678593753138822,9.0503565373246
-0.820493202293285,5.18111527432589,4,3.03629623661528,-1.23628512834108,4.50510657199439
-0.410516602589175,5.87135955942727,7,4.37215135482879,-1.46635244101935,4.11144834065737
-0.662225205023482,5.42888229421884,5,3.51357150872508,-0.881763324612732,5.08278076367145
0.409833781272155,8.17675556525543,8,8.41083795176299,0.315773754161779,7.9218185294032
-0.0287038119413199,6.77609844806206,6,6.01972721826882,-0.262435051642015,6.2238763937245
-0.692235984692269,5.38075386584144,5,3.41995708621367,-1.22332301050334,4.5268765808399
0.953731709408562,9.66912486584955,10,11.1238525499224,0.642028545268432,8.94736343780613
0.112421715036703,7.20017133154793,8,6.75036831126649,0.305729319451369,7.888516597666
-0.555381753015656,5.60684747259243,6,3.86072330494376,-0.530542888376302,5.67332796925128
1.08175499009489,9.93310505361875,10,11.6432499131763,0.597904216194079,8.81915903001683
-1.88666516459813,3.53216798503559,2,0.456804022948966,-2.16183643863577,3.04148878612595
0.492053995075679,8.44165185850058,9,8.86781854081177,0.416149146618566,8.2522228496107
-0.129820071405512,6.5015738392604,5,5.53576822376859,-0.720683935350755,5.34404400546948
0.442765482547041,8.28395810329683,8,8.59503563194385,0.189286635960414,7.50447820730418
0.451188239038375,8.31115903688543,8,8.6419217753087,0.487503339059852,8.48123225779876
0.100306404073441,7.16213747784387,8,6.68541765071979,-0.430722593506396,5.86335714381804
-0.109844396218627,6.55372451515426,5,5.62858164731721,-0.250415333073384,6.25190792965055
-0.928593154842406,5.01705198551023,3,2.73054313668841,-0.00759179136495426,6.89187122703743
0.0414798487803542,6.98154300941206,7,6.37566789769788,0.368141894507373,8.09497793772585
-0.69200681462423,5.38111886581355,5,3.42066599177249,-1.08379849822556,4.75752154597888
-0.846482863008163,5.14147056471028,4,2.9614503941343,-0.425474554524366,5.87378218867435
-0.779025622069201,5.24481490313236,4,3.15763082929602,-0.494902493557265,5.73948041405614
-0.598238958631931,5.53405868022022,6,3.71872535584059,-0.747863093485825,5.29927948006234
-0.00358186456464644,6.84829598993386,7,6.14532583887005,0.874858370663829,9.55240105280214
-0.662025173114309,5.42920542549702,5,3.51420085231878,0.0124681051723754,6.95095921239872
-0.0282598754965036,6.77736085888457,6,6.02192866434432,0.181873297581808,7.48034326854129
-0.509135633411099,5.68791406791532,7,4.01845795035628,0.0913295939474933,7.19130669802727
-0.388271157830038,5.91503835199769,7,4.45548497261062,-0.597562856308674,5.55327155975374
0.84860479928159,9.43142247415653,8,10.6641980523173,1.10606394085506,10.051729201359
0.26529022378869,7.69755306956917,5,7.59507522483517,0.425247473721224,8.28177974852813
-0.470163970105842,5.75855016992639,6,4.15528151542743,-0.212563945171834,6.34236139101326
-0.839248951577348,5.15248736704388,4,2.98219331252186,-1.59330109555651,3.89345553454156
-0.471786153292403,5.75556413452143,7,4.14951187775062,-0.629170086918121,5.49834227975292
-1.40588641907048,4.27851581048585,4,1.51376145588862,-1.57627081908463,3.9224801112807
-0.683798064235049,5.39421768274081,5,3.44611829419335,-0.624624043131883,5.50618352617581
0.961992755030118,9.68692595298962,9,11.1586615750824,1.0642551358746,9.96698159677731
-0.782241684254338,5.23985131110187,4,3.14813304052682,-0.383591701483042,5.95872430738235
1.98536885351852,11.5102331332372,13,14.413152063125,1.34192239776435,10.5037637645655
0.0981868364092254,7.15551113256568,8,6.67409295913631,0.83072928853707,9.4467231602025
1.12685668645843,10.0209755191429,11,11.8165769631707,0.812260138633479,9.40130802253395
-0.648104841714506,5.45177358645475,5,3.5581766440493,-0.985373773390838,4.91670547403779
-1.72827860183675,3.76843197913676,2,0.786426093429569,-2.18911654623565,3.00776317602601
-0.712451180008155,5.3486976908161,5,3.3577741844687,-0.214608973468708,6.33738864401008
0.447654646983725,8.29975915814655,8,8.62226399501754,0.25884564698873,7.73315268107004
0.861074321164766,9.46077464365925,9,10.7203766985479,-0.165166429066638,6.46041371077106
1.08505101337771,9.93960419141146,11,11.6560791007719,1.28177588601307,10.3914171575166
-0.0704831013991766,6.6595008457614,6,5.8155131130326,-0.395972582400398,5.9332841854205
0.430476377020614,8.24410449180554,8,8.52645314694207,0.534087766320609,8.62659219347922
-1.05088587470471,4.83199560247228,2,2.40035586758974,-1.41720233058843,4.19626960809832
-0.768947977947115,5.26039726152933,4,3.18749086657813,-1.79506946766635,3.56087124196371
1.95645163293748,11.4654278196131,13,14.3436178204964,1.8453394913335,11.4076001281194
-0.0143661449412391,6.81711502189163,7,6.09115590992929,0.242401203839974,7.67880891761908
-0.712682928099104,5.34833175383305,5,3.35706527890988,-0.408886139489838,5.90704857919737
-1.39502909295567,4.29582897439755,4,1.53951486621901,-1.13879050737593,4.66740881396466
1.65049576715498,10.9588345512233,11,13.5376076899013,1.51655165367379,10.8246967158055
-0.898627908227745,5.06236006668453,3,2.81387675447023,-0.0842827155995754,6.67444838931397
-1.91461779914714,3.49216066445909,1,0.4006253767184,-2.49420258058406,2.66951557039917
0.10906157416888,7.18959617453718,8,6.73231748268576,0.125335789199488,7.29846086909161
-0.706509041589304,5.35809225647041,5,3.37598129448315,-1.78520098104618,3.57650691891301
0.14829062496969,7.31424849919774,9,6.94472526409018,-0.4018361398386,5.92133421348519
0.48856645610875,8.43061879457874,9,8.84865256761625,1.16210186560557,10.1625502277352
1.14553553872179,10.056745825211,12,11.8869863582178,0.886698693279372,9.58010026762328
0.468952574041585,8.36819980482166,8,8.74046002224359,0.326858758688405,7.95855213679188
1.15352051260636,10.0719364338989,12,11.9168463954999,0.593802543359489,8.80702982179015
-0.787998768293131,5.23097656949813,4,3.13116851340681,-0.822816937877872,5.17749819232871
-0.725465629426883,5.32819904446455,5,3.31809997912219,-1.23152693562444,4.51310469532944
0.599951575202312,8.77157956829393,10,9.44792480034957,0.589014519697359,8.79282650434102
0.991907282432057,9.75042728593347,10,11.2831738942229,0.741541760237092,9.22060304977975
-1.3211388978403,4.41319524256297,5,1.71694854316519,0.03343590802231,7.01364815043477
0.482746800479928,8.41216290827732,9,8.81662094784123,0.401138397747748,8.20327200653835
0.102237288052034,7.16818120825887,9,6.69574428433042,0.407745240142866,8.22484459345679
0.96222821369143,9.68743160233309,10,11.1596509957588,0.656076012459453,8.98728434093876
-0.333692737465434,6.02628473075779,8,4.66595041957848,-0.588722501663933,5.56881526616535
-0.35105496447138,5.99024146638813,8,4.59804812033186,-0.315520699455046,6.10391803399745
-0.213438722618971,6.29438788465674,4,5.16223367362582,-0.0381179030494133,6.80368502375881
-0.6416723793934,5.46225790537865,5,3.57861845452733,-0.700917936818177,5.37686459995527
0.112324785336798,7.19986598943909,9,6.74984720842384,0.173098707920385,7.45185313981709
1.08634010602965,9.94214254430537,11,11.6610895927148,1.54488625260703,10.8762446969967
-0.00851172473752713,6.83400728708315,7,6.12051602033505,-0.0106541713436953,6.88292903502117
1.80869125653773,11.2269927344119,12,13.9707126139473,2.05693702091144,11.7477260120583
0.404784572893483,8.16021183264092,8,8.38248843799995,1.12491706729469,10.0893393959108
0.374628041677027,8.06092032892129,7,8.2127121985907,0.398532951453591,8.1947535097757
-0.707971754266817,5.35577757970378,5,3.37149399765678,-0.248139719505986,6.25725208098721
0.73381589880421,9.14491298447438,7,10.1253531177633,1.26832985127241,10.3661046066639
-1.48237615482528,4.1563044726272,4,1.33462510981204,-1.24792604664908,4.48550684715569
-0.889980496793616,5.07545026412908,3,2.83811964128154,0.0263719884393735,6.99242515516058
-0.530771889891949,5.64963697883374,6,3.94405692272559,-1.29927749523842,4.39852524180238
0.537796130738926,8.58435279187487,10,9.1169661626602,0.291514774266105,7.84138104566599
-0.782241684254338,5.23985131110187,4,3.14813304052682,-1.30060115319741,4.39627258944665
-0.665246797748548,5.42400514173805,5,3.50407371995588,-1.19821823735094,4.56887449312431
-1.33173318066502,4.39642631068311,5,1.69127469479992,-1.43192868737643,4.17086448345492
0.758929133330565,9.21019830818505,7,10.2466081484789,1.22840253402924,10.2904122956833
1.06088975978701,9.89165552072616,10,11.5614268189135,2.02080856852322,11.6925104041447
-0.335927021898763,6.02161111156965,8,4.65716153636811,-0.720635004393843,5.34412496178703
0.0362550614297242,6.96585585652249,7,6.34863865008497,0.548328441356285,8.67025587446204
-0.69345792781457,5.37880829543271,5,3.41617869494612,-0.0709774527159682,6.71117611360336
-0.645336248311034,5.4562817130178,5,3.56696552725967,-1.1620146942046,4.62904909075544
1.78259463623191,11.1834922292969,12,13.90172401324,1.39136082019321,10.5952643713521
-0.0547362622374948,6.70292992800992,6,5.89178846516277,-0.117192352185532,6.58544177337228
-0.635564815774341,5.47224653915867,6,3.59809966871868,-1.21317429344918,4.54388095451975
-0.546517711978728,5.62217128141554,6,3.89058334222587,-0.934986574583957,4.99752881531074
-1.82307690011385,3.62517790030937,2,0.586847936874956,-2.30938696175266,2.86638998345864
0.0397317524690175,6.97628770496951,7,6.36661536826414,0.307703826274298,7.89506376356974
-0.590379478588923,5.54725376916697,6,3.74447876617097,-0.855388281545671,5.12509189784226
0.0148821723242574,6.90232597102071,7,6.23894026138146,-0.151427442086471,6.49564699519384
1.18734055335024,10.1356617907367,12,12.041764823115,1.26235037603381,10.3548211294741
-0.69436109690678,5.37737094650973,5,3.4133876320812,-0.996804419169483,4.89832537093746
-0.575503880540627,5.57241227161559,6,3.79357119832156,-0.165821080403201,6.45874631553424
-0.810946657444964,5.19572651095885,4,3.06401640678461,-0.418360692332955,5.88798934445527
1.67595902250947,11.0026148698033,11,13.6097614425755,1.05907171842294,9.95633483900219
0.240447392477643,7.61517695817846,5,7.45543723688442,-0.0943302663950297,6.64699567634804
-0.899870846749487,5.06047923151915,3,2.81039947111221,-1.18559675798678,4.58990537698955
-0.446170669410088,5.8032075204291,7,4.24139853534398,-0.19787862261619,6.37836220234153
-0.912479247101656,5.0414082928791,3,2.77522783397775,-1.15240117501293,4.64495054058564
-0.527850314013929,5.65476862059726,7,3.95404034814773,-1.13942110223997,4.66636970663514
1.58751290940783,10.8498373227108,11,13.3549940604667,1.1761727511081,10.189950017935
1.78778576694645,11.1921730043155,12,13.9155233883932,0.642381097506285,8.94837069612056
0.534108823088993,8.57299505788856,9,9.0970454550248,0.428546944442035,8.29247580081669
-0.481109068431712,5.73848213076761,7,4.11648010772894,-0.902474899611143,5.04959833242105
-0.306347500191981,6.08435249398881,3,4.77475318151738,-0.469222985247419,5.78827212249724
1.84227164525898,11.2824230172737,13,14.0580865361145,1.6999298590781,11.1549935738611
-0.530771889891949,5.64963697883374,6,3.94405692272559,0.237904481050929,7.66397218123398
-0.575717694153264,5.57204890335823,6,3.79286229276274,-0.65858574333508,5.44804651605129
0.128178774464252,7.25002474272837,9,6.83538227228117,-0.175878957160745,6.43325943235017
0.0962929311918534,7.14959737845851,8,6.66398380977581,0.264747425205216,7.75268369040335
0.0109651732461895,6.89079684217015,7,6.21899011506327,0.204880255438423,7.55542203622709
-0.063040238992941,6.67994930025754,6,5.85145976927302,0.158148722793083,7.40351850778829
0.775685955271428,9.25293255756668,7,10.3264644829027,0.831711013162352,9.44911721759401
-0.555381753015656,5.60684747259243,6,3.86072330494376,-0.30543516067243,6.12623709770635
-1.15624144926505,4.67081747352687,6,2.12707170865279,-0.415879528325727,5.8929652234916
0.52618515770985,8.54849900287413,9,9.05413681838829,1.01871761584899,9.87228206097415
-0.797198837436681,5.21682135706095,4,3.1041572487963,-0.777264593173416,5.25125872395088
1.49030142822309,10.6800799865194,10,13.061194995717,2.05595463115936,11.746241530853
0.331312463549142,7.91725009690166,6,7.96798043138424,0.587854838538373,8.78937922676039
-0.889980496793616,5.07545026412908,3,2.83811964128154,-0.179184440452734,6.42493667435552
1.04641013855012,9.86256521357513,10,11.5040181642815,0.326511093594812,7.95740045350765
-0.522697008874593,5.66384796518249,6,3.97169753092979,-0.494529323850415,5.74018245594951
1.29636713971086,10.3357163707099,13,12.428274445385,1.71144268152091,11.1753840080592
0.898792401469202,9.54759971078303,9,10.8875590094473,1.32423932254554,10.4708671771258
-0.683798064235049,5.39421768274081,5,3.44611829419335,-0.178482521489357,6.42670180501101
0.535638505200686,8.57771005704508,10,9.10531323539253,1.38983872455299,10.5924563707654
-1.63554311752841,3.91277017193851,3,0.98810265718706,-2.34883034625091,2.82244506054555
0.403989841609214,8.1576055697308,7,8.37802403490672,0.967105806401114,9.76145142570678
-0.47426078778178,5.75101686160332,7,4.14072299454025,-0.296437122155225,6.1463333541597
0.0294357513508714,6.94547294049047,7,6.31348499595291,-0.0428313109702646,6.79025948016232
0.453291896572612,8.31793753638969,8,8.65361598964196,1.22436771053546,10.2827144139843
0.949048724044753,9.65898111984299,10,11.1040375481463,0.772138004984969,9.300133916529
0.409842840626515,8.17678522488054,8,8.41088879392444,0.780337302009508,9.32109443711401
0.420259937497745,8.21083213019705,8,8.46929330440187,0.690038755563085,9.08197647207302
1.22918743283362,10.2132993100409,12,12.1929594530778,0.742122617049635,9.22213237699575
-0.925159240834075,5.02224117995355,3,2.7400409254576,-0.626875820789781,5.50229715743889
1.95438556705292,11.4622009331356,13,14.3386073285536,2.30824364638659,12.0954766541407
0.371909813785197,8.05193505839087,7,8.19737716531106,0.53957505864611,8.64346194124743
0.047096826081502,6.99847481645607,8,6.40481729631554,-0.610883146167344,5.53000327060951
0.941866968432546,9.64334948876485,9,11.073532750281,0.468986573127495,8.42247112809307
-1.82515629426014,3.62209452949715,2,0.582546350490951,-0.711299479817393,5.35959652875995
-0.695079611133155,5.37622787236625,5,3.41116820300329,-1.04958315217521,4.81312437818791
1.06059830704033,9.89107267406907,11,11.5602763724772,0.551329926779162,8.67940980148838
1.58727236417659,10.8494193672338,11,13.3542851549079,0.694415225381064,9.0939894346732
1.06150020741976,9.89287593965746,11,11.5638357526921,1.32082704949823,10.4645074058884
0.32705571052362,7.90309005475918,6,7.94390679645112,0.363468291384389,8.07957588804234
0.0120809849529455,6.89407742616342,7,6.22466826132242,0.0400003052775279,7.03346278850898
1.17535773887258,10.1131918830078,12,11.9977890313845,1.20365675054888,10.2430425730309
-0.574455515295668,5.57419468340171,6,3.79704848167958,-1.3783637200773,4.26316722639405
0.464490844123016,8.35391690808159,8,8.71575760432133,0.245390113953696,7.68867674927715
-1.22991247421675,4.55655352010675,5,1.94134081265608,-0.815544802318833,5.18923138768913
-0.582867156990324,5.55992837009228,6,3.76921331714213,-0.762136712003336,5.2759192763609
1.33865762592314,10.4117147218136,9,12.57196568843,1.44669290365048,10.6970166640563
0.530772414124546,8.562695302408,9,9.07899462644408,0.32993463499715,7.9687399565489
-0.823746503379094,5.17614244561493,4,3.0268780098112,-0.20793694105557,6.3536490948944
-1.71601062495286,3.7873182162844,3,0.812744702378024,-1.3970249130575,4.23104778414327
-1.25079139788064,4.52391925061122,6,1.88945129013367,-1.44842795520952,4.14238807858833
1.41677757284099,10.5506030429125,14,12.8288998221034,1.08249532577059,10.0041948801553
1.13852899645374,10.0433676886744,11,11.8606677492694,0.984034888972617,9.79824701745615
-0.645113131238011,5.45664530639122,5,3.5676744328185,-1.24580974651104,4.48907343024148
0.00290606119909487,6.86718924837943,7,6.17809622778649,0.622085516557746,8.88994044870056
-0.0547362622374948,6.70292992800992,6,5.89178846516277,0.205466178438579,7.55734058403848
-0.477633532749839,5.74483455424759,7,4.12876895936306,-1.42555082413061,4.18186901024831
-1.6420837519369,3.9024839803455,3,0.973673938440154,-1.24589692530104,4.48892653808082
-0.590379478588923,5.54725376916697,6,3.74447876617097,-0.413847286350861,5.89704885973973
1.14553553872179,10.056745825211,12,11.8869863582178,1.01986991063075,9.87471218873945
0.82407755066132,9.37271059023257,8,10.5523612484058,0.956004124009255,9.73707407373499
-0.555381753015656,5.60684747259243,6,3.86072330494376,-0.0218809019274093,6.85032735987522
1.04893878324119,9.86766535458672,11,11.5140811516688,0.981532511300513,9.79283617738726
0.462515992466771,8.34758548898621,8,8.70481358261249,0.261684417338557,7.74254559617126
0.937206724355857,9.63315669635897,9,11.0536621659279,0.302986190016179,7.87942043399897
0.394098428141557,8.12511701206963,7,8.32241058729422,-0.0281928161861877,6.83212376423869
-0.010826030063208,6.82731970330524,7,6.10889634745547,0.336931258867812,7.99190345362328
1.16534961512752,10.0943350792615,12,11.9608221872305,1.13864724787299,10.1165149561654
-0.361853290091459,5.96813756124846,8,4.5562687541654,-0.981410987574015,4.92307269737825
-1.42130339337591,4.25391091896931,4,1.47733196447404,-2.20777432248252,2.98506280282919
-0.707971754266817,5.35577757970378,5,3.37149399765678,-0.259477432938536,6.23074347466836
-0.837505151929465,5.15514500560141,4,2.98720380446469,-0.529750630282902,5.67477982726511
0.117895442449613,7.21744114593708,8,6.77983296964431,-0.247464002943257,6.25884125127615
-0.635963585805793,5.47159334566519,5,3.59682556454178,-0.92707988599929,5.01019343273347
0.53099085867,8.56337031821088,9,9.08017721316035,0.255838751254971,7.72320685108981
-0.630681775516661,5.48025683460993,6,3.61372594668616,-0.558635076383299,5.62236138997248
-1.34528675949469,4.3749416712312,5,1.65854403268777,-2.00055091306017,3.25455916140048
0.0403448717866613,6.97813015751733,7,6.36978936612183,-0.192048638038522,6.39279694427741
-1.04040527568556,4.84791216846684,2,2.42807603775906,-1.08358498233778,4.75786956542901
0.51005149366159,8.49825483683878,9,8.96635678774666,0.59409136872032,8.8078850716527
-0.919037655250479,5.03149334710742,3,2.75700545257762,-1.44037608709615,4.15628603530124
-0.784800588859112,5.23590501619577,4,3.14058674021088,-0.107585085596891,6.61115368966427
-1.15167469065216,4.67785550842714,6,2.13872463592045,-1.2018019288826,4.5628928313116
-0.591905575326825,5.54468648111207,6,3.73946827422814,0.0238494074154278,6.98487153775071
-0.761041056385073,5.27265524346641,4,3.21102484783061,0.410871163115116,8.23503657100219
-0.536771827104302,5.63913349303796,6,3.92361511224755,-1.06815995910912,4.782976170642
0.0452839488853603,6.99300253296119,8,6.39539906951146,-0.387735722741109,5.9501775109369
-0.925159240834075,5.02224117995355,3,2.7400409254576,-1.43874648946719,4.1590985988895
1.92132886937287,11.4101233923394,13,14.2576646926691,1.46815989713605,10.7363397182613
0.446435477214166,8.29582198512905,8,8.61547744242189,0.60772872361797,8.84806714704198
1.08505101337771,9.93960419141146,11,11.6560791007719,0.930711187166118,9.68076978909861
1.08505101337771,9.93960419141146,11,11.6560791007719,0.945662265709299,9.71418294648188
0.9901427533922,9.7467220476943,10,11.2758955345316,1.07117596818001,9.98114692460815
-0.162229644512949,6.419153877709,5,5.38813043912888,-0.489622326850839,5.74943278564766
-0.396032300453675,5.89969458680238,7,4.42625427892221,-1.02404686036554,4.85442388821985
-0.745041625584655,5.29755184161552,4,3.25893571369345,-0.586182444142357,5.57329674883102
0.611259431333322,8.80473842607994,10,9.50708905854728,0.358916713812579,8.06456349851356
0.595805231976633,8.7593489838638,10,9.42614642266276,0.0601607063709458,7.09485884065462
0.995855410968796,9.75869993451381,10,11.2994295157841,0.611221146720734,8.85829397640981
1.13575450010981,10.0380571779588,11,11.8502153917204,2.09626341498831,11.8063617247251
-0.0430942993217048,6.73544176047034,6,5.9487221789254,-0.747382597337887,5.30006753488674
1.12553541157098,10.0184322623951,11,11.8115664712279,1.15513019443314,10.1489155255874
0.387853616435156,8.10456038585982,7,8.28725693316216,-0.532971081383115,5.66888325401573
-0.297104287313817,6.10435105917504,8,4.81205499563338,-0.281363496561245,6.18039337255187
0.427415683684278,8.23414948287789,8,8.5093420530096,0.118749916347688,7.277563170926
0.0581552067124075,7.03200899462488,8,6.4624770657321,0.578557965737961,8.76164306968175
0.938053494548332,9.63501165127009,9,11.0572771287198,0.664708205329865,9.01159759487778
-0.471786153292403,5.75556413452143,7,4.14951187775062,-0.479480552197673,5.76866381641526
-0.700989674527532,5.36683910640211,5,3.39294582160316,-1.24172701205275,4.49594979262706
1.15099785158918,10.0671436276917,12,11.9074281686959,0.819349599932429,9.41882564428481
-0.829373233861915,5.1675490120065,4,3.01062238825001,-0.585796433828403,5.57397840554419
-0.0341652661579637,6.7606077923523,6,5.99269797065592,0.280427402060716,7.80462451315174
-1.48047325903175,4.15934668815615,4,1.33903284467329,-1.15696025316311,4.63741351430026
-0.589038173813487,5.5495122664163,6,3.74888650103222,-1.49289933555689,4.06564762880876
0.681921184194124,9.00523340924229,11,9.86884542073355,0.263855243505327,7.74973037337216
0.818484179578691,9.35913653359917,8,10.5266078380754,1.24127899253167,10.3149158693902
0.901525172150123,9.55377940989704,9,10.8995130446245,0.318467746900937,7.93074812847202
0.70025946850178,9.05533022450065,6,9.96039667111077,0.357222570766536,8.05897276498546
-0.606741694751387,5.51985660315134,6,3.69100518567126,-1.00508687937651,4.88499339409586
-0.216813977024777,6.28639544327295,4,5.14765838806646,-0.0219979878161776,6.84998885522005
1.26441804871327,10.2777941303533,13,12.3174717722183,0.790776956725588,9.34756911933803
0.83012073954822,9.38729843471422,8,10.5800814185751,0.937304418891143,9.69555182747178
-0.0520563190119075,6.71038376672629,6,5.90485378780762,0.0772315409281568,7.14746095676277
0.374270365234364,8.05973830084324,7,8.2106945965903,0.0313648710294329,7.00741513008116
-0.539358837188542,5.63461910356525,6,3.91482622903718,-0.696550587734591,5.38414972925807
1.64080198571944,10.9421204187399,11,13.509887519732,2.88476225610695,12.6917004200449
-1.15019535662192,4.68013428103498,6,2.14250302718799,-1.84847890592248,3.47763294869321
2.08875786077924,11.6645899838588,14,14.6528482037813,3.31357730703798,13.0271903240854
0.4609308424859,8.34249929332026,8,8.69602469940212,1.0096789989443,9.85315570036049
0.850548943821535,9.4360205669328,8,10.6729869355277,0.947713852555629,9.7187382131123
-1.82515629426014,3.62209452949715,2,0.582546350490951,-2.56445363153555,2.60012198836439
-0.665246797748548,5.42400514173805,5,3.50407371995588,-0.494947327642885,5.73939608151504
0.899371697786321,9.54891091474604,9,10.8900948178204,1.74376145199963,11.2323139865576
-0.712682928099104,5.34833175383305,5,3.35706527890988,0.186170092341399,7.49432498914151
0.0969764002018617,7.15173074625549,8,6.66763090561658,0.250628941810269,7.70598346457873
0.451188239038375,8.31115903688543,8,8.6419217753087,0.993649804704575,9.81894853764707
0.902527949768596,9.55604335646784,9,10.9038941929736,1.4526359510117,10.7079111071072
1.75479558524983,11.1367872899442,12,13.8271792786686,2.82698442365271,12.641159020226
1.08505101337771,9.93960419141146,11,11.6560791007719,1.10003198820571,10.0396201402921
0.181338586561383,7.42106163150468,10,7.12622969833093,-0.181543848398372,6.41901213230403
-0.794200820053427,5.22143056135112,4,3.11294613200668,-1.86807322701797,3.4477062490229
1.05321072819193,9.87626228649845,11,11.5310456787888,1.31867972345898,10.4605031874205
0.478631474324946,8.39907863071577,8,8.7939336027433,1.34271176364716,10.5052299758747
-0.839002147083666,5.15286346255931,4,2.98290221808069,-1.91274067878765,3.38076823037545
0.427970523830561,8.23595495336488,8,8.5124447931064,0.937808972935147,9.69667994846568
-0.61388494774485,5.50798218212675,6,3.66782887077958,-0.45913332295046,5.8077183419811
-0.509784541375893,5.68675669626846,6,4.01621067539973,0.223842422379865,7.6176542931625
0.985197567641138,9.73631146470166,10,11.2554537240535,0.551836060318312,8.68095170136542
-0.471786153292403,5.75556413452143,7,4.14951187775062,-0.0837069626191415,6.67602888627141
0.498823708512322,8.4630093125302,9,8.90495693778517,-0.0961080396108075,6.6421637139426
0.135153753881646,7.27222559985319,9,6.87320085500974,-0.247584537297708,6.2585576981631
0.0319580390280166,6.95299987396351,8,6.32647090223644,-0.72458156775772,5.33759980297793
-0.0699567647462618,6.66094225296863,6,5.8180489214057,-0.187120128511757,6.40506323284147
0.357042123196361,8.00270538592573,7,8.11343218693793,-0.266640537950304,6.21414602333565
1.10564015974208,9.97991797237467,11,11.7356343272862,1.88088676008674,11.4673551023091
-0.794200820053427,5.22143056135112,4,3.11294613200668,-0.610739556454942,5.5302531480398
1.30444948488405,10.3502954090137,13,12.4559946155543,0.869051365362252,9.53871690735717
-0.68260826180321,5.3961203190856,5,3.44981712349578,-0.218913318256888,6.32695435527888
-0.157224385443199,6.43170614013808,5,5.41069355054293,0.00852784997579519,6.93928340962226
-0.662225205023482,5.42888229421884,5,3.51357150872508,0.003160086139954,6.92343191119627
0.505501942768519,8.48400016839781,9,8.94150724240738,0.259142287474259,7.73413406321384
-0.909322381237702,5.04618193641628,3,2.78401671718812,-0.613431749621186,5.52557151740176
-0.0450137188144969,6.7300580239381,6,5.93930395212132,-0.173388840241425,6.43954664135253
-0.768947977947115,5.26039726152933,4,3.18749086657813,-1.81853452422699,3.52400800683518
-0.555381753015656,5.60684747259243,6,3.86072330494376,-0.498436174984184,5.73284247088252
-0.707971754266817,5.35577757970378,5,3.37149399765678,-0.645268849067167,5.47072410913799
0.860453853487938,9.45932188992924,8,10.7175920708519,0.951578563096586,9.7273001242745
0.762325888842191,9.2189141239279,7,10.2628637700401,1.47758725786895,10.7535837511894
1.08505101337771,9.93960419141146,11,11.6560791007719,1.61604326995308,11.0049872201757
-1.06065726881857,4.81714018348244,2,2.37460245725935,-1.0313395375997,4.8426452983397
-0.00985172329684995,6.83013355313998,7,6.11378602619067,-0.379579979500128,5.96702895887974
0.314867271058152,7.8625247472038,6,7.8749786291761,0.464950808598233,8.40959657500545
1.16791534446975,10.0991773180584,12,11.9703199759997,1.02342880191535,9.88220613612147
-0.220588888258946,6.27748996901786,4,5.13140276650527,-0.482414573906173,5.76308451373356
0.441092992316958,8.2785455773764,8,8.58571369039534,0.300095315160998,7.86983408954949
0.57862590197915,8.70826992461197,10,9.33544235178568,0.569334151390449,8.73395082791151
-0.561120780618207,5.59697732616679,6,3.8414820641844,0.160264305201278,7.41034178106941
-0.909067930524681,5.04656673802278,3,2.78472562274695,-0.457046279344315,5.81176083073981
-1.91461779914714,3.49216066445909,1,0.4006253767184,-1.95618072596941,3.31742869214327
-0.0742680074163131,6.64915649883704,6,5.79730600301815,0.130656874172821,7.31539340096882
0.541299346311789,8.5951186598811,10,9.13586419523107,0.3880464484464,8.16040756200749
-0.51776260623126,5.67257527501446,6,3.98866205804981,0.600191943149973,8.82590879145432
-0.54803558106634,5.61954033028261,6,3.88545785591492,-0.307670145918722,6.12127244560058
-0.408293093132817,5.87568426692273,8,4.38041913519652,-0.116542794178433,6.58717310369748
-0.679305403953273,5.40140747069521,5,3.46009792822536,-1.30630323562094,4.3865629059479
0.823923313291845,9.37233721619482,8,10.551652342847,0.717588657838458,9.15687592472595
-0.491934485786299,5.71881307999491,6,4.0783935771447,-0.550619215384326,5.63680455932135
0.860916339853777,9.46040482533788,9,10.7196677929891,0.288251473690224,7.83056109844328
-1.47343043780324,4.17060662356794,4,1.3553680281996,-1.33070543266762,4.34491123266671
0.106547183656721,7.18169603851813,8,6.71882849858711,-0.183962998735988,6.4129515066326
1.70273664728718,11.0484406339381,11,13.6846161309473,2.49975573889887,12.3199318447322
1.0487966531085,9.86737891274707,10,11.5135159530507,0.942720655267252,9.70763911937353
0.885077731216444,9.51636310025126,9,10.8272442975822,0.566859277289548,8.72649151198275
0.423015871589577,8.21981948657092,8,8.48472462293707,1.31108821208152,10.4463339223789
-0.0918784074085801,6.60150972587282,6,5.71324021143739,-0.620067138239221,5.51406286599464
-0.775841546533834,5.24973343319064,4,3.1670490561001,-1.02810643401392,4.8478686511881
-0.591905575326825,5.54468648111207,6,3.73946827422814,-0.146909267375524,6.50733405287126
-1.38613770792133,4.30999673753799,4,1.56066558225587,-1.38506724616502,4.25163507225145
1.84534312156999,11.2874602238907,12,14.0660002669064,2.03925870111477,11.7208671165862
-0.670430466774853,5.41565511479769,5,3.48781809839469,-0.741645930007312,5.30948499531718
-0.00169871813447934,6.85376948996019,7,6.15482362763924,0.327419482424808,7.96040953735202
1.28770113093478,10.3200528520454,13,12.3984144081029,1.41812246772548,10.6445530843154
-0.467304925611233,5.76382302092574,7,4.16546639140229,-0.0564967660280331,6.75162915180551
0.031265455498535,6.95093165800565,7,6.32290322275699,-0.144439726556082,6.51374296953669
1.08634010602965,9.94214254430537,11,11.6610895927148,0.800281913792476,9.37146757014871
-0.593273553585745,5.5423873160862,6,3.73498097740178,-1.02246511086023,4.85697704540629
0.995855410968796,9.75869993451381,10,11.2994295157841,1.41868729167622,10.6455917675369
2.04072237326539,11.5940474500666,13,14.543195977051,2.50246150770608,12.3228819865669
-0.781580470643046,5.2408714600169,4,3.15008452898008,-0.181257395136214,6.41973070888483
-0.928336685740094,5.01743953359922,3,2.73125204224723,-1.21831062277815,4.53527940968634
-0.656545718014648,5.43806963897399,5,3.53146866493912,-1.06432013737531,4.7892155004022
-0.653461558964216,5.44306986468843,5,3.54121211692928,0.229358815836964,7.63580904729789
-0.670430466774853,5.41565511479769,5,3.48781809839469,-0.451679523717023,5.82218795488348
-0.233085877442935,6.2482576809762,4,5.07792918600555,-0.50577295072331,5.71911738215343
-0.820597136319911,5.1809563570027,4,3.03599512870576,-0.756712620200204,5.28478525395482
-0.544364882087775,5.62590778362661,6,3.89786170191717,-0.373837802043538,5.97896887210867
-0.450969443572533,5.79420082747343,7,4.22405661232207,-0.790879592278085,5.2291412203636
-0.0836793170343835,6.62359404464674,6,5.75224676246758,0.107297609103411,7.2413864129863
0.471200982500446,8.37538594726805,8,8.75289600129473,0.503225747623854,8.53070410425181
-0.324756902384394,6.04508245291348,8,4.70125232246675,-0.902168363859736,5.05008928918131
1.01115075333925,9.79052081481731,10,11.3620202151783,0.902593778316909,9.61686657263456
-0.593273553585745,5.5423873160862,6,3.73498097740178,-0.503273391618062,5.72378481325053
1.14553553872179,10.056745825211,12,11.8869863582178,1.71020322914341,11.1731914526599
1.81325017365156,11.2345552598411,12,13.9826666491245,1.63594290466778,11.0407724361893
-0.00907521716468001,6.83237778715315,7,6.11768523066584,0.337995910622187,7.99542673496849
-0.729827963403614,5.32135083951352,4,3.30486299387723,-0.899286067418104,5.05470581341133
0.464618805065929,8.35432695370179,8,8.71646650988015,0.636090189770776,8.93035605255253
-0.519932405564199,5.66873353863457,6,3.98119531969899,-1.14492257799515,4.65729848706197
-0.14852285458415,6.4536811287545,5,5.4501254869958,-0.245014595916643,6.26461063619503
-0.837505151929465,5.15514500560141,4,2.98720380446469,-0.12627926114972,6.56132932340037
0.495376936732689,8.45214507071128,9,8.8860589052143,0.453593630087783,8.37324317189004
0.0234197601619193,6.9275784523064,7,6.28259082792589,0.838875538093476,9.46652843262781
1.01748756059023,9.80360045959123,10,11.3877736255087,0.885901533827842,9.57824383855112
-0.679305403953273,5.40140747069521,5,3.46009792822536,-0.77633537120444,5.2527707912597
-0.652759800520819,5.44420871202908,5,3.54343154600719,-0.226261453809249,6.30924228779116
1.41677757284099,10.5506030429125,14,12.8288998221034,0.891269885415547,9.59072237628237
-0.659234101702962,5.43371751430354,5,3.52298973552915,-1.65485447522943,3.78951631276365
-0.489589352727195,5.72305914369869,7,4.08662007044683,-0.738791844507285,5.31417653434889
-0.829618949120608,5.16717394771677,4,3.00991348269119,-1.60689624482035,3.87035994228404
1.65859763473148,10.9727845404079,11,13.5606690104249,1.49475651576687,10.7849504749471
0.0390114248977742,6.97412414985717,7,6.36288781915805,0.396756997457087,8.18894351705502
-0.644019133470923,5.45842872303757,5,3.57115171617651,-0.838355350847911,5.15247057392336
0.540260977781506,8.59193014512771,10,9.13026561093704,0.580169936789112,8.76646490457645
0.510217120044103,8.49877307495311,9,8.96726065273776,0.32426764069554,7.94996802014105
-0.0645994754144523,6.67565377305672,6,5.84391346895709,0.353880047458524,8.04793783434764
-0.69684255839409,5.3734247390955,5,3.40572633739713,-0.471006498939563,5.78485119032305
-0.608283350513734,5.51728952509599,6,3.68599469372843,-0.346015879224777,6.03772549497519
1.04641013855012,9.86256521357513,10,11.5040181642815,0.21853786215664,7.60021694801736
1.06057815285899,9.89103236574305,11,11.5601968105121,0.759689283323635,9.26802655958337
1.86473619240881,11.31913037768,13,14.1156667435659,2.45481407561671,12.2700824571605
0.171913073317487,7.39044920497883,10,7.07424807517352,0.240744965722467,7.67334292680061
1.81660906995433,11.2401198660429,12,13.9914555323349,1.67358879894091,11.1081450441233
1.01225305375771,9.79280033918369,10,11.3665075120047,0.838414161806318,9.46541038478167
0.986181204387883,9.73838533555675,10,11.2595249186023,1.49943316273809,10.7934857245165
1.03115342321395,9.83160815494076,10,11.4429628510628,0.587860174076731,8.78939509360618
-0.928593154842406,5.01705198551023,3,2.73054313668841,-0.597957631841567,5.55257935097309
0.367024073790309,8.03577246101104,7,8.16980356195419,0.872572617232879,9.5470225578642
0.44774301245098,8.30004444625592,8,8.62275580211318,0.95191050171952,9.72803434297447
0.660929028808953,8.94689941505499,11,9.76284586133246,-0.0997030135327736,6.6324160203992
0.999167284837218,9.76562058572712,10,11.313033931505,1.00132268687063,9.83536964576279
-0.557002717530703,5.6040556547191,6,3.8552814393376,-1.26361830717784,4.45901472009159
-0.832667599795211,5.16252181597304,4,3.00112459948082,-0.263778132642655,6.2207645257757
-0.00169871813447934,6.85376948996019,7,6.15482362763924,0.371456706740239,8.1058936682562
-0.91929315471896,5.03110714251679,3,2.75629654701879,-0.302307772647942,6.13320204425282
0.0995994687771385,7.15992647550839,8,6.68163925945225,0.451633019814122,8.36694963415296
0.557250547287112,8.64382691934575,10,9.22155777416532,0.942901609622036,9.70804208835157
-0.102134022600202,6.57413012141265,6,5.66477712288051,-0.04693660217071,6.7786083238125
0.931572163750151,9.62078025817903,9,11.0295569585505,0.360890062338095,8.07107361645675
-0.747699984809265,5.29340617918522,5,3.25094787249999,-0.74738851377563,5.30005783073579
-0.223649589358817,6.27029516285016,4,5.1182578818953,-0.450560443066836,5.82436807754952
-0.655764904410501,5.43933479053149,5,3.53393375723799,-0.250965516985848,6.25061763483937
-1.1955501530597,4.61002154020343,1,2.02745066104066,-1.22823398683602,4.51863533256235
1.24279402884871,10.2382934326986,12,12.2413429796696,0.875812112606995,9.55464225130853
-0.709580418206091,5.35323354602315,5,3.36656306767907,-1.3115773319364,4.37757397937178
-0.848233788205961,5.13880588789061,4,2.95643990219148,-0.761696218693705,5.27663879658708
0.70025946850178,9.05533022450065,6,9.96039667111077,0.958385873086435,9.74232086707413
-0.645336248311034,5.4562817130178,5,3.56696552725967,-0.670958619635797,5.42710465701832
0.112324785336798,7.19986598943909,9,6.74984720842384,0.253104605984329,7.71416641692414
-0.479049581273316,5.74224413345598,7,4.12375846742023,0.0634259450028382,7.10487769676364
-0.0451582950980482,6.72965287972565,6,5.9385950465625,0.827015641267507,9.43764884060549
-0.662225205023482,5.42888229421884,5,3.51357150872508,-1.23221041467485,4.5119562996699
0.335577120671001,7.93143142382272,7,7.99209759425719,0.204763758950933,7.55504061558882
0.427742367130223,8.23521256739244,8,8.51116895582388,0.20027978727972,7.54036883647594
-0.471786153292403,5.75556413452143,7,4.14951187775062,-0.328987100289047,6.07445136991057
-0.909322381237702,5.04618193641628,3,2.78401671718812,-0.66808546385314,5.43195703270951
-0.665021088003012,5.4243692065426,5,3.5047826255147,-0.974258403237255,4.93455944907419
-0.0884555788606021,6.61070809576144,6,5.72949583299858,-0.557623510617654,5.62417979101084
-0.130044526581579,6.50099371552963,6,5.53473320895452,0.343930697214844,8.01505908158977
1.08505101337771,9.93960419141146,11,11.6560791007719,0.87264181947115,9.54718554373932
0.615181570473556,8.8161719354923,10,9.52753086902532,-0.0393918884102804,6.80005113880688
-0.905689956332042,5.05167571597169,3,2.79414384955102,-0.170439748106644,6.44701209963617
0.597837583014171,8.76534866040155,10,9.43682679814823,1.21823247871025,10.2709904700117
0.40074979686027,8.14697371505605,7,8.35981692489227,0.598047057519789,8.8195807949316
0.856033562412694,9.44894881899461,8,10.6977214864989,0.619329421691988,8.88193642625447
-0.78477359308266,5.23594663463768,4,3.140666302176,-0.992715305615514,4.90490300228954
-0.49881376001302,5.70640428421068,7,4.05433849304957,-1.30964663798606,4.38086544842311
0.101361167596507,7.1654380677282,8,6.69105748625632,0.132626413781282,7.32167145764313
1.57836305577552,10.8339311187493,10,13.3279665459594,1.71953218885871,11.1896779469679
0.641486263503492,8.89193791047559,11,9.66354786667729,0.52193536198666,8.58903547775673
0.519182390080018,8.52675017845054,9,9.01610281914029,0.450997797200091,8.36490948131885
-0.662225205023482,5.42888229421884,5,3.51357150872508,-0.974719574816887,4.93381903711284
0.398677001193885,8.140166801742,7,8.34816399762461,0.378918353597408,8.13043773140872
-0.539567696761915,5.63425501481193,6,3.91411732347836,-0.152132874271228,6.49382675530414
-1.34528675949469,4.3749416712312,5,1.65854403268777,-1.78021606669548,3.58443413672451
-0.647008922536174,5.45355728831461,5,3.56165392740732,-0.50050787531832,5.72895915055465
0.471906266549574,8.37763850433288,8,8.7567952057699,0.8604394709517,9.51830101990754
-0.539358837188542,5.63461910356525,6,3.91482622903718,-0.0778398126462194,6.69218025335923
0.409842840626515,8.17678522488054,8,8.41088879392444,0.747052129235153,9.23508073728062
-0.653237379881692,5.44343362817479,5,3.54192102248811,-0.127814227435891,6.5572761021009
0.603187360312945,8.78109753124518,10,9.46488932746959,0.262352694267814,7.74475721551874
1.67294926656353,10.9974498897776,11,13.6012825131655,2.44978609361565,12.2644035623848
-0.591713809733417,5.54500894253574,6,3.74009761782185,-0.980893096684417,4.92390464964206
-1.76747246632733,3.70859794036941,2,0.703092475647744,-1.53701540591561,3.9897103863266
-0.612456123856242,5.510353270577,5,3.67245660057395,-0.0316095704625625,6.82230793977898
0.510039738643126,8.4982180539842,9,8.96629263553999,0.219502896192224,7.60338770352442
-0.82437813538904,5.17517732936762,4,3.02505110699692,-0.300173224661585,6.1379679322335
1.20101518834492,10.1611686429222,12,12.0915750067153,1.10128419009473,10.0421370379936
-0.515048831778105,5.67738924323032,7,3.99801613987825,-0.855637653251009,5.12469142712036
1.04893878324119,9.86766535458672,11,11.5140811516688,0.805974955662567,9.38568847427412
-1.21094561907057,4.58610342329701,5,1.98876001435907,-1.36942162496261,4.27853890884048
-0.102134022600202,6.57413012141265,6,5.66477712288051,-0.428581824580004,5.86760402230728
-0.304498153906321,6.08833851645659,8,4.78219495835127,0.163314296114246,7.42018858660925
-0.922463011717138,5.02631600980931,3,2.74750766380842,-0.920095945659225,5.02137847353764
-1.04040527568556,4.84791216846684,2,2.42807603775906,-1.22787179103403,4.51924342740854
0.55041161994989,8.6230070287676,9,9.1848896378731,0.147198198070922,7.36829274126538
0.520914684423843,8.53213884137185,9,9.02552104594436,0.611179099489701,8.85817100505995
0.534419638137994,8.5739534655164,10,9.09872579825766,0.405063474076318,8.21609313959631
1.66768572465048,10.9884107038166,11,13.5864224207553,0.992585092281891,9.81666299986476
0.444661823767593,8.29009059244795,8,8.60560057580705,1.41970630764574,10.6474655283153
0.929376247502228,9.61594112893265,9,11.0201387317464,0.835131998439104,9.45744411016866
1.87112766851081,11.3295158113757,13,14.1319223651271,1.44822855572001,10.6998323283775
0.431902100321493,8.24873783202269,8,8.53441981216924,-0.00509231555915122,6.89918524646452
1.01669502532111,9.80196786310126,10,11.3845583405854,1.05885931241014,9.95589786133749
0.641486263503492,8.89193791047559,11,9.66354786667729,0.686894754941389,9.07331978490952
0.429047318626742,8.23945783329866,8,8.51846529851758,0.128545194166628,7.30866863194067
0.0464655777875746,6.99656854051195,7,6.40153673965053,0.160970713340443,7.41262137163045
1.22207184559875,10.2001826094812,12,12.167507150657,0.707350258695934,9.12924148017394
-0.794200820053427,5.22143056135112,4,3.11294613200668,-1.39703680748536,4.23102729616415
-1.6378128302283,3.90919914186638,3,0.983092165244231,-1.50793778145687,4.03972949637852
-0.665246797748548,5.42400514173805,5,3.50407371995588,-0.815944895697422,5.18858549639017
-1.93671231134344,3.46093697648847,1,0.356649584987883,-1.86048863811579,3.45925028625626
0.622651637726048,8.83785077184322,11,9.56634960923158,0.385247708600978,8.15122547861095
0.306498451398925,7.8346613904614,6,7.82766225767833,0.436673186642883,8.31876512802552
-0.471786153292403,5.75556413452143,7,4.14951187775062,-0.402938863988619,5.91909382813664
-0.647008922536174,5.45355728831461,5,3.56165392740732,-1.79451112468071,3.5617538212269
-0.592836020421973,5.54312246127843,5,3.7364157743065,-0.844593944523485,5.14243656889222
0.544545322273906,8.60507220581485,9,9.15334982519373,0.240713515508024,7.67323914791872
-0.653461558964216,5.44306986468843,5,3.54121211692928,-0.162365778984167,6.46755869768501
-1.19979661672185,4.60343037136253,6,2.01676069964601,-1.82981896530607,3.50644232167889
-0.552580383957988,5.61167988483167,6,3.87014153174784,-0.0908336711750227,6.6565216847978
-0.653461558964216,5.44306986468843,5,3.54121211692928,-0.394013803269361,5.93729018769459
-0.47304907722733,5.75324225301273,7,4.14502458092425,0.202703097126592,7.54829579084255
0.389414387714924,8.10970125033719,7,8.29604581637253,0.321521421894864,7.9408683677531
0.120274940415095,7.22496479849957,8,6.79266432759974,0.554298384684106,8.68844594211892
0.672048208175555,8.97792883832531,11,9.81915023150138,1.00113832103484,9.83497609059759
0.0282826687741179,6.94203673707743,8,6.30755488666316,-0.154202255821114,6.48849407740372
-0.919037655250479,5.03149334710742,3,2.75700545257762,-0.895233721725413,5.06119693750649
-1.42450566222521,4.24879757569008,4,1.4697856641581,-1.58427345702905,3.908829057853
0.0934795199757015,7.14082493771508,8,6.64898386490393,-0.0330743620129852,6.81810804880005
0.595805231976633,8.7593489838638,10,9.42614642266276,0.711346988676658,9.14005726238024
-0.174343467130717,6.38904001146416,5,5.33388094822301,0.0728235919462508,7.13382596576425
0.504676938294475,8.48141129594238,9,8.9369966773409,0.61715943218274,8.8756229597561
-1.50142061608169,4.1258631918617,4,1.29064931808152,-1.0469162554683,4.81744497164402
-1.57607780451911,4.00683506650609,3,1.12068237948616,-1.15113899865515,4.64703588285853
1.20101518834492,10.1611686429222,12,12.0915750067153,1.00901147063898,9.85173858377679
2.05213496606483,11.6109958917587,14,14.5695145859995,3.40632901536776,13.0924116760059
-0.0430942993217048,6.73544176047034,6,5.9487221789254,-0.135377141647439,6.53738940074521
-0.705512572931693,5.35966992447515,5,3.37904029797272,-1.80751632235454,3.54126147073563
0.351472192675738,7.98423022364676,7,8.08195937910589,0.711758931129843,9.14116998917122
-0.580628547942888,5.56371733166752,6,3.77660667120155,-1.48610932712255,4.07735764058244
0.0913954477011384,7.13433633552367,8,6.63788586270259,-0.502942049852978,5.72440418927255
0.0086852820558661,6.88410283237265,7,6.20740044870208,-0.328982371851932,6.07446165022317
-0.653461558964216,5.44306986468843,5,3.54121211692928,-0.564190996774719,5.61239563271812
-0.822015133558683,5.17878853479529,4,3.03188850175403,-0.0360957843793787,6.80946060414273
-0.847985975896092,5.13918298251336,4,2.9571488077503,-1.0867598485569,4.75269329451656
-0.645113131238011,5.45664530639122,5,3.5676744328185,-0.237986338476034,6.28124194278853
-0.0690643704490119,6.66338775028454,6,5.82235050778971,-1.04094604403844,4.82711069547733
0.46924469378827,8.3691338870179,9,8.74207621326978,0.321823523550473,7.94186946773063
0.0802740542262942,7.09985287544503,7,6.57885882032521,-0.245568968127154,6.26330364790546
-1.1955501530597,4.61002154020343,1,2.02745066104066,-1.53167191014412,3.99889069646735
-1.90991048885271,3.49885891608225,1,0.410043603522477,-2.72895420306195,2.44715963327014
1.05334213097388,9.87652634106616,10,11.5315667816314,1.21824188305903,10.2710084586251
0.425519043993987,8.2279749904802,8,8.49873297677274,-0.0177902143023742,6.86217343155895
0.899209728857906,9.54854437375133,9,10.8893859122616,0.512896832653219,8.56093130915057
1.0465881426214,9.86292451898823,10,11.5047270698403,0.735612254019257,9.20494800171173
0.631363501046981,8.86297100337617,11,9.61142968542521,0.261382925620417,7.74154788085565
-0.909067930524681,5.04656673802278,3,2.78472562274695,-0.980490982854368,4.9245505881693
0.512299724331955,8.50528520945348,9,8.9786212139784,0.567145993778986,8.72735630687101
-0.621697397736338,5.49505308921834,5,3.64259656329184,-0.62546893215481,5.50472477017707
0.197908818210852,7.47513481528705,9,7.2179921222404,0.438746356270329,8.3254594221581
1.08505101337771,9.93960419141146,11,11.6560791007719,0.856682922597754,9.50934939790742
-0.594586013920121,5.54018334060697,6,3.73067939101777,-1.00395170305746,4.88682138991335
-0.0501112715687392,6.71580497214207,6,5.91435157657681,-0.590773524587428,5.5652016511972
-0.711045571762994,5.35091791880562,5,3.3620757708527,0.0523546581861884,7.07099101258687
-1.273542612589,4.48823568269376,5,1.8332726439031,-0.861335258359959,5.1155440678418
1.20101518834492,10.1611686429222,12,12.0915750067153,1.18575774244948,10.2085275795384
-1.54672205710882,4.0535524807138,3,1.18705147014797,-0.954643668115364,4.96602763917911
-0.479049581273316,5.74224413345598,7,4.12375846742023,-0.0235186738057252,6.84559526897817
-0.970745139436838,4.9533682883111,3,2.61500750347444,-0.489950787994798,5.74881249584782
-0.707145020344648,5.35708567735214,5,3.37402980602989,-1.44646685747022,4.145773161186
0.399832286418723,8.14396117562865,7,8.35465930553242,0.737615909650016,9.21024688237189
-0.0490725278930502,6.71870405145753,6,5.91942907336698,0.248099209002452,7.69762471246988
1.08505101337771,9.93960419141146,11,11.6560791007719,0.368141894507373,8.09497793772585
-0.665246797748548,5.42400514173805,5,3.50407371995588,-1.08379849822556,4.75752154597888
0.374645111275684,8.0609767372752,7,8.21280848384626,-0.354219348242372,6.02024226589692
-0.928593154842406,5.01705198551023,3,2.73054313668841,-1.34341606418347,4.32315686370202
0.019162187323572,6.91496437341738,7,6.26079446723668,0.0961830046174869,7.2064823011637
1.04893878324119,9.86766535458672,11,11.5140811516688,0.71050983784432,9.13779479242486
-0.774667232006954,5.25154853024915,4,3.17052633945812,-0.80654165910471,5.20377747775174
0.160356004415384,7.35307145581041,9,7.01074022709021,0.0937145298641625,7.19875879815287
1.62736714095988,10.9189163186339,11,13.4712385992395,1.46730270283171,10.7347710374192
-0.709580418206091,5.35323354602315,5,3.36656306767907,-0.797023843501941,5.21918149110132
-0.91623898456779,5.03572399560167,3,2.76477547642876,-0.937931768049874,4.99281062438348
-0.16924944711397,6.40165761205054,5,5.35663187769201,0.482456035095598,8.46526685998269
-0.848233788205961,5.13880588789061,4,2.95643990219148,-1.59330109555651,3.89345553454156
1.20101518834492,10.1611686429222,12,12.0915750067153,1.50142345241094,10.7971170426573
0.965865742701045,9.69523121659144,9,11.1749171966435,1.69012475241958,11.1375855790106
1.06779575950603,9.905434471976,11,11.5886258862402,0.759642138150075,9.26790431088951
1.75665136389641,11.1399161742461,12,13.8321897706114,1.31730848245941,10.457945331714
-0.666699811089719,5.42166243591611,5,3.49951231272795,-0.0748562974380985,6.70042512860221
0.848448092756604,9.43105149574319,8,10.6634891467585,1.16153852761187,10.1614499748412
1.02797822718953,9.82512462883236,10,11.4301823352689,1.51653562836044,10.8246675213867
0.91258481312747,9.5786406315108,9,10.9476750252718,0.644566478007026,8.95460829661819
-0.27908355509731,6.14389418403831,3,4.88555585468401,-0.723855603915148,5.33879942552309
0.172861147796068,7.3935233092605,9,7.07946927890444,-0.100241686521323,6.63095811924663
0.030129088394062,6.94754054409508,8,6.31705267543236,-0.157230017383729,6.48071047777648
-0.349765896332262,5.99289603565283,8,4.60305861227469,0.594782006008379,8.80992943188985
0.744061100914325,9.1717275200618,7,10.1750483069955,0.56423741614192,8.71857586445675
-0.779052541463591,5.24477333839482,4,3.1575512673309,-0.626172223644102,5.50351099804366
-0.707945809526753,5.35581862394474,5,3.3715735596219,-0.516513891249627,5.69915973064371
0.442765482547041,8.28395810329683,8,8.59503563194385,1.71158393132245,11.1756338336012
-0.905944049527622,5.0512913808101,3,2.7934349439922,-1.79506946766635,3.56087124196371
1.84227164525898,11.2824230172737,13,14.0580865361145,1.8453394913335,11.4076001281194
-0.474814532756152,5.75000062918076,7,4.13875841229211,0.242401203839974,7.67880891761908
-0.449777588003531,5.79643422840302,7,4.22835819870608,-0.144073708758184,6.51469411785603
1.02797822718953,9.82512462883236,10,11.4301823352689,1.22375145009311,10.2815378206643
0.955137928860949,9.67216336560043,10,11.1297909584767,1.51655165367379,10.8246967158055
-0.523082222363601,5.6631680426898,7,3.97037553167404,0.244937234109633,7.687181276379
1.16017160866625,10.0845455284086,11,11.9416103851539,0.9351102380511,9.69064081529653
-0.707145020344648,5.35708567735214,5,3.37402980602989,-1.33799131211202,4.33244600032938
1.62149943941438,10.9087681207777,11,13.4542740721195,1.20313758476173,10.2420445581331
0.0952794459879046,7.14643552465689,8,6.65857793892869,-0.890848773167964,5.0682217354922
0.270271440923158,7.71410481569728,5,7.62313775415652,0.542290480450964,8.65178927314217
0.966571107774305,9.69674106397832,10,11.1778733771589,1.59651137049778,10.9697623014292
-0.747526450076097,5.29367669081416,4,3.25146897534263,-1.16511932987706,4.62390690443527
0.331734843807703,7.9186548806434,6,7.97036911234033,0.366619779158441,8.08996322576848
1.34642330065424,10.4255994196113,13,12.5979925646575,1.38422208045071,10.5820900432714
0.415145593692835,8.19413123593791,8,8.44063383683843,0.784230948041009,9.33099643030063
-1.3027771271859,4.44220392205285,5,1.76163324045453,-1.45345731196862,4.13370664433533
0.363120033480072,8.02284655210247,7,8.14776153804401,0.395743374479933,8.18562621604
1.71646443144613,11.0718387953627,12,13.7225876671634,2.45405318846221,12.2692244083505
-0.645113131238011,5.45664530639122,5,3.5676744328185,-1.13068552991917,4.68075233131934
-0.486909163028987,5.72792188259765,7,4.09603829725091,-0.570011307527402,5.60199432870118
0.457748667691226,8.33227772432251,8,8.67836924972568,0.354877856649589,8.05123258756025
-0.0534864159097897,6.70640391843379,6,5.89787871361665,0.589014519697359,8.79282650434102
-1.75496801337557,3.72760047220353,2,0.729554791536956,-1.4620288865791,4.11891092847636
0.811478309734799,9.34203615858908,8,10.4942196707497,0.830319101373174,9.44572227509361
1.13852899645374,10.0433676886744,11,11.8606677492694,0.759266162881285,9.26692922007224
0.869183408667502,9.47968710394081,9,10.7566667408749,0.572500715470423,8.74347701788753
1.10415128698077,9.97701872800882,11,11.7299149297846,1.32658690167915,10.4752402979814
-0.474460577893853,5.75065015207936,7,4.14001408898142,-0.462324659950732,5.80155026040609
-0.829400809612701,5.16750691903516,4,3.01054282628489,-0.938822843452003,4.99138303441208
-0.644044156817588,5.45838791870136,5,3.5710721542114,0.0394712115249784,7.03186245259861
-0.82462328190165,5.17480278374876,4,3.0243422014381,-1.90765634728998,3.38829599126251
1.63215325526678,10.9271878080913,11,13.4850379743927,1.41063855131246,10.6307845164089
-0.644019133470923,5.45842872303757,5,3.57115171617651,0.0544356567261589,7.07734224490634
-0.707145020344648,5.35708567735214,5,3.37402980602989,-0.941324767008291,4.98737446462092
0.55041161994989,8.6230070287676,9,9.1848896378731,1.0045505044052,9.84225186725452
-0.954618609938845,4.97773327639914,3,2.65898329520496,-0.700917936818177,5.37686459995527
1.61043559260416,10.8896115410618,11,13.4221461670889,0.537183807413614,8.6361173183697
1.81852665199578,11.2432938818571,12,13.9964660242777,2.15674789866481,11.8934922437569
-0.425299103048925,5.84283372003732,8,4.31752732789273,-0.302608051389799,6.13253238742408
-0.539567696761915,5.63425501481193,6,3.91411732347836,-1.37835056684777,4.26318984703007
0.941866968432546,9.64334948876485,9,11.073532750281,0.941441003103797,9.70478786268858
2.24996826208488,11.8856205376656,15,15,2.05693702091144,11.7477260120583
0.323158225245694,7.8901214002352,6,7.92186477254094,0.471090219818766,8.42917267294396
-1.47505816203505,4.16800421464902,4,1.35158963693206,-1.24644435745779,4.48800408259346
0.997246895091606,9.76160972932757,10,11.3051489132857,0.756613666425632,9.26004103932493
-0.598238958631931,5.53405868022022,6,3.71872535584059,-0.717639875581892,5.34908307044946
-0.797198837436681,5.21682135706095,4,3.1041572487963,-0.567574377021044,5.60634452484298
-0.797440845069725,5.21644943601912,4,3.10344834323748,-2.05628008809397,3.17822131641822
0.898286936318711,9.54645508066448,8,10.8853456078763,0.480173729674392,8.45803464263672
0.12246223790042,7.23188930067454,8,6.8044712353599,0.109647324560146,7.24879171127336
1.04893878324119,9.86766535458672,11,11.5140811516688,1.2277129230764,10.289097296642
-0.662225205023482,5.42888229421884,5,3.51357150872508,-1.03169803569757,4.84206596613109
-0.504535416622306,5.69613592883655,6,4.03441778541418,-0.777861422475995,5.25028771756064
-0.47304907722733,5.75324225301273,7,4.14502458092425,0.151762497646185,7.38295608729024
-0.797198837436681,5.21682135706095,4,3.1041572487963,-0.684184173851,5.40484795155928
1.17280231423492,10.1083850215692,12,11.9883708045804,2.03378886978696,11.7124947391426
0.0702892484089707,7.06910272978793,8,6.52615188899628,0.202249788150628,7.54681255637709
-0.662549090259955,5.42835915912552,5,3.51255264936585,-0.891702258432977,5.06685434719898
0.0604057473388554,7.03886563922318,8,6.4742552536886,0.346319024010503,8.02295567271536
-0.415231170267388,5.86221939490992,8,4.35466572486613,-0.228552463812138,6.30374589180665
-0.82462328190165,5.17480278374876,4,3.0243422014381,-0.926900905874656,5.01048009046147
1.02797822718953,9.82512462883236,10,11.4301823352689,0.68105622646958,9.05718475600957
0.64022189521426,8.88833292878229,11,9.65705368010866,0.431041447619054,8.30055406752945
-0.580628547942888,5.56371733166752,6,3.77660667120155,-0.141447235327038,6.52152895143183
0.960137918130839,9.68293935565026,10,11.1508621125484,0.80508172259829,9.38346182296352
-0.0742680074163131,6.64915649883704,6,5.79730600301815,-0.15408440255927,6.48879749874964
-1.63582811326276,3.91232168773486,3,0.987473313593356,-1.41534066464566,4.19948010745193
0.379194791389599,8.07600417297814,7,8.23846560892109,-0.483189741980984,5.76161261698854
-0.704077706823322,5.3619428377259,5,3.38344803283397,-1.96011343976934,3.31178145370683
0.429441121018207,8.24073854886536,8,8.52066674459308,0.202375826172773,7.54722493637121
-0.438081585514982,5.81847691674327,7,4.27076690846624,-0.418360692332955,5.88798934445527
1.47593670066337,10.6548597822425,10,13.0165102984277,1.33819741544016,10.4968422243579
0.235660990820778,7.59934700352694,10,7.42860469662528,-0.312403789611867,6.11079260962096
-0.665246797748548,5.42400514173805,5,3.50407371995588,-1.14051122991203,4.66457305122019
-0.662225205023482,5.42888229421884,5,3.51357150872508,-0.252473843356704,6.24708385060488
-1.273542612589,4.48823568269376,5,1.8332726439031,-1.00818993668229,4.87999523347654
-0.377413606491512,5.93669666669319,8,4.49666367396931,-0.725004316742761,5.33690136719329
-0.912479247101656,5.0414082928791,3,2.77522783397775,-0.993584934595763,4.90350437945665
0.0543729047398358,7.02050977827789,8,6.44271544100923,0.935102346163132,9.69062313670836
-0.0227315943024251,6.79312221410041,6,6.04939771972913,0.431398230873612,8.30170889279927
0.416870532350234,8.19976724657735,8,8.45030317842703,0.158148722793083,7.40351850778829
-1.59175093400886,3.98195843493531,3,1.08549547096601,-1.16576857693783,4.62283113397275
-0.37609852021288,5.93933545230869,8,4.50167416591214,-1.0832137901309,4.75847455642811
-1.60327141731191,3.96370804162349,3,1.05974206063563,-1.65213641061782,3.79406895228537
-0.827637332705325,5.17019920551661,4,3.01563288019284,-0.354793129121427,6.01902443918052
0.672048208175555,8.97792883832531,11,9.81915023150138,0.326511093594812,7.95740045350765
-0.662250494807308,5.42884144344342,5,3.51349194675996,-0.681964542697762,5.40857435843935
1.16017160866625,10.0845455284086,11,11.9416103851539,2.12659226151621,11.850517285815
0.507689589108878,8.49085914708869,9,8.95346127758456,0.756224719264416,9.25902967804117
-0.0926752194242206,6.59937273847983,6,5.70946182016985,-0.438833467093251,5.84733704119881
0.140934126412267,7.29068320279905,9,6.90462567332099,0.539816237569193,8.6442021193031
-0.00638269847982188,6.84017088627151,6,6.13122081399187,0.495273099518271,8.50573057998445
-0.779265489368295,5.24444454818139,4,3.15692192373719,-0.163349582907567,6.46504665949091
-0.51776260623126,5.67257527501446,6,3.98866205804981,-0.613033241328249,5.52626406145059
1.58751290940783,10.8498373227108,11,13.3549940604667,2.30824364638659,12.0954766541407
0.177875907158596,7.40980256275737,9,7.10711418150993,0.275130965134204,7.78707297568227
-0.599772545245441,5.53149159830003,6,3.71371486389776,-1.84487680338367,3.48317098072163
0.57626939844973,8.70121317586481,10,9.32294222052787,0.914409429323363,9.64389359708129
1.26441804871327,10.2777941303533,13,12.3174717722183,1.83245966029007,11.3857276880347
0.428638453829255,8.23812793462804,8,8.51617944776671,0.600822385483604,8.8277669228606
-1.54257773511052,4.06015859368312,3,1.19646969695205,-1.55149424983575,3.96486682429993
0.902527949768596,9.55604335646784,9,10.9038941929736,0.617018184597692,8.87521165514025
-0.556951591166097,5.60414366187379,6,3.85545299215701,-0.497936085447658,5.73378078816682
