"Items","Difficulty","Discrimination"
"Item1",-1.14096237015356,2.94343127839835
"Item2",2.33722123277492,2.9521319481486
"Item3",-0.0262915150551929,3.0544182075212
"Item4",1.76984301448181,2.87822764961074
"Item5",-1.03095644662982,2.94059075703909
"Item6",1.11001145683575,2.96951436928249
"Item7",0.942124164156459,2.93061897705965
"Item8",-1.51821327567964,0.909788368196136
"Item9",-1.17209041887497,2.99604252560143
"Item10",-1.03187935251681,2.815730889403
