"Items","Difficulty","Discrimination"
"Item1",0.532798198045794,1.03121171136639
"Item2",-1.23649727903542,1.0108855582721
"Item3",-1.22582364511718,1.03762157234533
"Item4",-1.93962279828117,0.804394686118904
"Item5",-1.12002200679068,0.86405838870528
"Item6",0.360252162501354,1.20635544633146
"Item7",2.15197139181008,2.96863563509566
"Item8",-0.841412689695194,0.995687314616969
"Item9",0.215282596773195,1.0074901917216
"Item10",0.162893043371199,1.06964305392556
"Item11",0.234139700447084,0.940190928666667
"Item12",-1.66606207578995,0.996101995269936
"Item13",1.9673856206598,2.54203134463547
"Item14",-1.66146003155683,0.836303155608578
"Item15",0.685098616717172,1.13177645313965
"Item16",1.14892558157307,0.96444033115727
"Item17",-1.70308219460154,1.01749958833829
"Item18",1.11364307466289,1.06882047072622
"Item19",-0.408284325952913,0.8964109447253
"Item20",-2.07842743649612,1.06249065406788
