"Items","Difficulty","Discrimination"
"Item1",1.51118486622725,2.02971642952037
"Item2",1.87584991398554,2.63999345829134
"Item3",1.71617259597614,2.32906326871269
"Item4",-0.37219983666917,1.39287630266266
"Item5",-0.809845241770699,0.911546865297699
"Item6",-0.490263147179338,1.13927159966789
"Item7",-0.253625368817612,1.11663238252392
"Item8",-0.463093850298214,1.24805986411321
"Item9",1.47343085997478,1.88362134111815
"Item10",-1.9206084095126,0.896380429494859
"Item11",0.353312426464144,1.2097465689512
"Item12",0.0489057048849604,0.817959028281942
"Item13",1.58176787096144,2.57677213752171
"Item14",0.804106698099921,1.64267662214354
"Item15",-1.80074822548812,0.665955823110753
"Item16",-0.331445958218946,1.33158974666064
"Item17",2.55353576777588,3.5909270554598
"Item18",-1.43759057844516,0.195835271234913
"Item19",-1.67245937170345,0.530091853242271
"Item20",2.15387149165816,2.9721638500455
