"Items","Difficulty","Discrimination"
"Item1",-1.31144440492039,0.676030319044149
"Item2",-0.566860449138969,0.97914238329474
"Item3",-0.232145892078525,1.13414808690475
"Item4",-1.21800880663214,0.653993699714269
"Item5",-2.26897774514351,0.415174778291582
"Item6",-2.50131623326483,0.54618119923405
"Item7",-0.0387282610611502,1.15295224246267
"Item8",0.594867796127794,1.42967504826505
"Item9",-1.17254310183719,0.728900962015108
"Item10",1.37835242375449,2.29493520421639
"Item11",0.289046473248265,1.38991198894744
"Item12",-0.371187170412815,1.00151917243348
"Item13",-0.0912489426655376,1.10054223887389
"Item14",0.453439949432439,1.4175569194131
"Item15",-0.334346420733518,1.1690731053576
"Item16",0.974254430197451,1.89649284158561
"Item17",-1.38947179465674,0.673961035540436
"Item18",0.781388551880144,1.51563671904842
"Item19",-0.693506964933822,0.77923065983245
"Item20",-0.086963035246572,1.08366072554369
