"Items","Difficulty","Discrimination"
"Item1",-0.722562566437442,0.973952520450035
"Item2",-0.56573238581312,0.948918457833248
"Item3",-1.97208931057711,0.645149610980007
"Item4",-0.429995302899399,0.962189561903827
"Item5",0.929498490768365,1.76317148610705
"Item6",1.2383182608822,2.04356568175671
"Item7",0.0371969970769853,1.11738244803033
"Item8",1.06907884863136,1.91859354272685
"Item9",1.08606143372172,1.70726842396202
"Item10",-1.89979016620099,0.453865748963538
"Item11",0.155806056586076,1.24322237937546
"Item12",0.143658430266888,1.3119346975857
"Item13",-0.907872268702818,0.686288687084473
"Item14",-1.66571005632357,0.404658033178645
"Item15",-1.40011706892784,0.593886930251111
"Item16",1.48371848500587,2.10628980834524
"Item17",-1.4513422055101,0.769364746019659
"Item18",1.44450013364509,2.29986542991948
"Item19",1.95266148407549,2.51435348811377
"Item20",-0.733782427366671,0.810702342318359
