"Items","Difficulty","Discrimination"
"Item1",1.84815743020238,2.50615679390613
"Item2",-0.909423697744771,0.812952005491052
"Item3",-2.50951445117347,0.434284145697041
"Item4",2.15889854565526,2.67719188754468
"Item5",-2.08770448176532,0.195842321811896
"Item6",0.884567676193662,1.620858569799
"Item7",1.70134575179293,2.1198219028873
"Item8",2.22997495544606,3.03958771409541
"Item9",-1.32965294157057,0.860712610970173
"Item10",1.1184053840204,2.20017705131005
"Item11",2.08030883626128,2.61625200245517
"Item12",0.158275979930019,0.848520190793978
"Item13",-0.250735173438627,1.22272042523428
"Item14",1.56519639038478,1.82444064298929
"Item15",1.00392455792688,1.8907215793912
"Item16",-1.49231221424869,0.761932128220189
"Item17",-1.60976075588866,0.924246202316831
"Item18",-1.03242758862766,1.02579278124572
"Item19",1.72691022450601,2.70164638918591
"Item20",1.2363879492175,2.2275130554918
