"Items","Difficulty","Discrimination"
"Item1",1.9143884259863,2.48212202238416
"Item2",1.99589413785487,2.60595832638472
"Item3",0.0595923806846279,1.20689529950301
"Item4",1.2128093492857,2.00415685144887
"Item5",0.0973524865078252,1.35179846618346
"Item6",-1.17554547407332,0.840252998017485
"Item7",0.198933413568513,1.2139544503424
"Item8",-0.10555935479856,1.09115147226192
"Item9",-1.08316947477219,0.614009352760147
"Item10",-1.84176867855042,0.755443795247789
"Item11",1.96639301959204,2.52068009916978
"Item12",-1.41276281740339,0.69962899433728
"Item13",0.367870094957492,1.38149104694661
"Item14",1.3851100827101,2.04792993549017
"Item15",-0.29773930943861,1.16773199891781
"Item16",-1.60136457830693,0.654692318912605
"Item17",2.01878330017203,2.86723733320323
"Item18",1.11901361749596,1.93100708291389
"Item19",-1.07627180116319,0.713968040694025
"Item20",-2.71744358113856,0.423721985297308
