"Items","Difficulty","Discrimination"
"Item1",-1.69832020382423,0.558410952552189
"Item2",0.407645749942822,1.49417886455044
"Item3",-0.825947549662867,0.836033194010971
"Item4",-1.30462521375885,0.935985754239294
"Item5",1.80260102699872,2.21526215572916
"Item6",1.78052025390998,2.24407183693239
"Item7",-0.0452044581558802,1.13254241577893
"Item8",0.891099660152589,1.92791115516833
"Item9",1.36413626911068,2.05792450395679
"Item10",1.0233570965411,1.93942352475713
"Item11",1.11363265621976,2.0755389443293
"Item12",-0.0499197009474724,1.43606780808788
"Item13",-0.330234141502179,0.643073122923621
"Item14",-2.07531884519404,1.05434971506355
"Item15",0.398432321159005,1.4713343425224
"Item16",-1.44874414845968,0.670773989665096
"Item17",1.32520141778517,1.90535967083717
"Item18",-1.21547598993098,0.815442478025277
"Item19",0.619513135723762,1.4326881915871
"Item20",-1.58920997814071,0.781272761821167
