"Items","Difficulty","Discrimination"
"Item1",-1.50551681022518,0.419481624607535
"Item2",-0.0766763338669175,1.34631198287627
"Item3",-1.6301743744362,0.303703902018086
"Item4",-1.59167795436811,0.859294811348216
"Item5",-0.777997558146439,0.969701767081375
"Item6",0.44357963154693,1.4236475726102
"Item7",-1.0696580714093,0.948084231009451
"Item8",-1.03380243121591,1.39521512944558
"Item9",0.422474783414611,1.47907471062176
"Item10",-0.745957517933944,1.32500734164355
"Item11",-1.7123173151732,0.442362145555588
"Item12",-1.07441829149277,1.01694519539049
"Item13",-1.6628103739999,0.484123875027106
"Item14",-1.80281238168371,0.933375950697014
"Item15",1.21441341540953,1.82780325435364
"Item16",1.73631147125958,2.05530157512291
"Item17",1.24103646845796,2.0737378538131
"Item18",2.37409596061549,2.59398998769564
"Item19",1.39432383971275,2.81818160141598
"Item20",-2.32393723277088,0.612779067069375
