"Items","Difficulty","Discrimination"
"Item1",-0.107219107303863,0.999470225105599
"Item2",0.312746879533444,1.04867898733315
"Item3",2.51055625140403,2.88821946975274
"Item4",-0.32929084846821,0.865043098847117
"Item5",-2.11971217469476,1.11287210078873
"Item6",-0.867782577115788,1.11585118218368
"Item7",1.40104732935118,0.663775231964373
"Item8",-1.80495039334876,1.01996543449159
"Item9",-0.812904407385529,0.795562077088816
"Item10",-0.865410264274826,1.00577763494183
"Item11",-1.13453868608249,0.790380742107199
"Item12",-0.869093909047863,0.898843884523329
"Item13",-0.479368560738503,0.678277565626509
"Item14",-1.39619810191482,0.844120785977049
"Item15",0.934231302802032,0.825782802956127
"Item16",2.0021602392008,1.99790525488045
"Item17",1.87636177191796,3.02485776418027
"Item18",0.544849313445159,1.06619078585426
"Item19",1.30472578035423,0.721013739700652
"Item20",0.92233645056868,0.889237504312395
