"Items","Difficulty","Discrimination"
"Item1",1.29584764933565,1.8138198880266
"Item2",1.05399287749092,1.82901803295667
"Item3",0.324747116075256,0.915127540554697
"Item4",1.25701708219636,2.19801627645652
"Item5",-0.0794296898985644,1.05699744992773
"Item6",0.625481596580949,1.96007120189581
"Item7",0.0679075059199141,1.39419236212153
"Item8",-1.54676919332652,0.715697638009805
"Item9",-1.39484370194595,0.489245496989889
"Item10",-0.811889732573032,0.827833114344898
"Item11",0.575984034359726,1.25948539354206
"Item12",-1.52001457689217,0.599368134283096
"Item13",-1.553430289281,0.571761381645894
"Item14",1.91463138898851,2.46832453968515
"Item15",0.919259188928787,1.84481506056074
"Item16",-1.74237445066764,1.14963126021553
"Item17",0.738563456906542,1.52467354714382
"Item18",-0.986041175141435,0.38409106705103
"Item19",-1.61468325219933,0.457254192321454
"Item20",-0.419375051688533,0.95924340908954
