"Items","Difficulty","Discrimination"
"Item1",1.45864156902576,1.9389461164452
"Item2",-2.40149666354169,0.377832884975983
"Item3",-0.646965185175501,0.882035109467642
"Item4",1.5700753630125,2.36761169317744
"Item5",-0.194909066084096,1.05738338448103
"Item6",-0.589896550519711,1.1571818678005
"Item7",-1.1364885888255,0.672231017871998
"Item8",1.81441639086903,2.61593624817489
"Item9",-1.56380220959601,0.566281610229362
"Item10",0.4048202679673,1.38108112277487
"Item11",-2.04496747307147,0.455540534146793
"Item12",-0.361867390193771,1.04415412516269
"Item13",-1.37286790330619,0.522564142789037
"Item14",-1.63986742942553,0.596134042573815
"Item15",0.962549930246797,1.92751623070086
"Item16",1.53950199073479,2.11879800008955
"Item17",-2.06175308972944,0.51883590326718
"Item18",-1.60491652445174,0.827839289413124
"Item19",-1.91920808091747,0.641264573139143
"Item20",0.836137378350451,1.65549647067271
