"Items","Difficulty","Discrimination"
"Item1",1.67465681675086,2.403309847797
"Item2",1.53278605679345,2.23037595829772
"Item3",1.51672406200606,2.16131908806814
"Item4",-1.44585490659335,0.591082615326159
"Item5",1.10939388384532,1.94441237051793
"Item6",-0.151153622550078,0.983433044792541
"Item7",1.45312044578243,2.07889164401003
"Item8",0.931007097681425,1.64171691294391
"Item9",-0.154259519305376,0.941315174878513
"Item10",1.62635771150949,2.42686095914334
"Item11",1.37368815819676,2.15015982914576
"Item12",-1.38539140627432,0.59753952062845
"Item13",-1.67727163162432,0.655698371377453
"Item14",0.553885804358089,1.49451052861132
"Item15",-1.73220545754605,0.70167798783414
"Item16",-0.441544121938843,0.871465235307055
"Item17",0.0701752217935805,1.15686327518074
"Item18",0.951952251452577,1.78013214860831
"Item19",-1.44134383562914,0.642264673418614
"Item20",-0.173236906114433,1.10972594446904
