"Items","Est.Discrimination.2PL","Est.Difficulty.2PL"
"Item1",0.931148248490882,-0.965094168400964
"Item2",0.821096964634852,-1.4650818459333
"Item3",0.976300912004885,0.00599696307245306
"Item4",1.26669700183351,0.0855068685194413
"Item5",2.00067035083194,-2.55395165795659
"Item6",0.907364533154919,-0.181781865770714
"Item7",0.935187373359047,-0.396672274194774
"Item8",2.4119291434072,-2.30179765061921
"Item9",0.969613651513946,1.99049399709982
"Item10",0.974655932512265,2.89944943613758
"Item11",1.19117022771263,1.50646122081302
"Item12",1.20005514444044,-1.15863021417773
"Item13",1.1034925510266,-0.62753937316045
"Item14",1.07526007719409,1.08500236692575
"Item15",0.988800969739701,1.20495754887571
"Item16",1.15612642417707,-1.34902366165283
"Item17",1.16814770801249,1.05377499341773
"Item18",0.89892448589194,-0.475851337178282
"Item19",2.47411979752537,-2.42910339208465
"Item20",2.11474955959816,-1.95135026563521
"Item21",0.98093495007271,2.13368257642058
"Item22",0.960775642481578,1.18111647238786
"Item23",1.36120031966599,0.669621871462592
"Item24",0.742491315344402,-1.39127516389571
"Item25",1.01182965875828,1.32681505899368
"Item26",1.10057203161413,-0.189917055802959
"Item27",0.91392295355417,0.911299056212717
"Item28",1.04488380161739,0.564593265167669
"Item29",1.06853807103938,1.44327232237615
"Item30",1.1861640322874,1.83350450644016
"Item31",0.755782171495934,-0.875611225222997
"Item32",1.10281546305505,0.396732491664949
"Item33",1.06340498974228,0.0724708260425135
"Item34",0.984311475427937,-1.24620938124665
"Item35",0.923649119146543,1.42639716920699
"Item36",0.973701287009572,1.27746419838323
"Item37",1.15264269730996,0.02730609780397
"Item38",1.20162844324357,1.54523663074851
"Item39",1.12752885025895,1.66876867322401
"Item40",2.27432878650109,-1.62282769486241
