"Items","Est.Discrimination.2PL","Est.Difficulty.2PL"
"Item1",2.65460970949623,-1.5476234330881
"Item2",1.03724679410161,0.511210552627954
"Item3",3.22459794831931,-2.52978250619108
"Item4",1.08558385350638,1.45268813034334
"Item5",2.47547296030185,-1.52098561155897
"Item6",1.12433408498697,2.0721103473044
"Item7",1.16087883600492,1.43260634906299
"Item8",1.1633009835807,-1.40241339896096
"Item9",1.11895270288057,1.58956904465656
"Item10",0.914957869935059,1.33637503436827
"Item11",1.06373460762123,1.55209561371285
"Item12",1.03681838869957,-1.45127149631172
"Item13",0.896688626028199,1.16006755155008
"Item14",2.79975474787523,-1.49481804509401
"Item15",1.02823417393643,1.02701045902087
"Item16",2.02103228480768,-1.68841447450395
"Item17",3.29332501548784,-1.68824589942168
"Item18",0.847873151799486,0.761820399147564
"Item19",0.787978254369433,1.69160352800479
"Item20",1.07895169606065,-0.236714443113091
"Item21",0.969679894478261,-0.998103719798825
"Item22",0.91980162341525,1.61363385508285
"Item23",0.987206380622923,1.37006234074965
"Item24",0.96057829981338,1.64131727748166
"Item25",0.762622007865718,-0.267844337714237
"Item26",1.21485109755178,-0.0854424122559691
"Item27",0.99462030169402,-0.649926120280378
"Item28",0.860020388953395,0.482932953669835
"Item29",1.01610386697722,-0.635199957812823
"Item30",0.919702554702698,0.441330510568223
"Item31",0.891768795382936,1.25622416202021
"Item32",1.15478617339087,-1.19236807618932
"Item33",2.18348612944067,-2.11416099717959
"Item34",1.01574635228,1.78286689225135
"Item35",0.711194563622667,0.0294107688451687
"Item36",2.62019106477709,-3.00449618368701
"Item37",1.05637439359858,0.860965871846665
"Item38",0.952827905889721,1.40699766481299
"Item39",0.920224768782608,0.990772162671432
"Item40",2.14572522192762,-1.81945688156209
