"Items","Est.Discrimination.2PL","Est.Difficulty.2PL"
"Item1",1.04590492812488,0.210931911377578
"Item2",1.15523542337844,1.04873277051048
"Item3",0.887106390818494,-0.539093878308816
"Item4",0.774598310015678,0.141930847774546
"Item5",0.897294056489197,1.33458355558679
"Item6",0.915766792114211,2.00730403217612
"Item7",1.03675991742992,-1.27893678777393
"Item8",0.744846039002248,0.681863407289115
"Item9",0.981347922896778,-1.01660259249008
"Item10",0.987462867679988,-0.297718196053951
"Item11",1.12055823964273,1.19835581802008
"Item12",0.73957990020795,0.947839603831827
"Item13",0.847789478025118,0.39226974536892
"Item14",0.73558999905469,-0.817311980622735
"Item15",1.07241047198189,1.68887503696677
"Item16",0.965389249027116,1.20558263846209
"Item17",0.814365048866905,1.05740577512697
"Item18",1.20282520044819,0.550784643085679
"Item19",1.02459720576286,1.38863702627981
"Item20",0.739929107220549,0.594487194291034
"Item21",1.33156374522946,1.25020561253678
"Item22",1.25154904980944,-1.02205811088784
"Item23",2.40917258449878,-1.69398090489949
"Item24",0.99392511591614,-1.45418426063008
"Item25",1.14911301556043,1.44596667835926
"Item26",1.01118372405574,2.17597063163483
"Item27",1.08510581374326,1.09204925694468
"Item28",0.974599781676389,1.82000661709138
"Item29",1.05080647009625,0.0807834915644072
"Item30",1.18021855903964,2.19193998108039
"Item31",1.0597196278557,-1.54342713115494
"Item32",1.12961249975696,-1.26934425718949
"Item33",1.19555692515459,1.2937249153557
"Item34",1.93124571969174,-1.43488893475618
"Item35",1.03341023840002,-0.600028698097815
"Item36",1.17059098007807,0.428297627023792
"Item37",0.926269686063436,0.0922904210303466
"Item38",1.00307349081636,-1.11637151090067
"Item39",0.997089699472495,0.141029358638193
"Item40",1.20056772685624,-0.764758353144953
