"Items","Difficulty","Discrimination"
"Item1",0.826913875382393,1.17025517841063
"Item2",-1.90461124937887,3.23829118651643
"Item3",0.838060225519363,1.03507158163512
"Item4",0.125726945797434,1.86689045801257
"Item5",-1.6894581048073,2.86568473089233
"Item6",-1.55887996964436,2.83762988959514
"Item7",2.0605056884638,0.406454757644276
"Item8",-0.935034670165911,2.37811297141037
"Item9",0.714684898255163,1.07744438110988
"Item10",-0.285955788363838,2.51332319943696
"Item11",-1.75004056018221,3.36782104351788
"Item12",1.26038954110443,0.84257125616033
"Item13",-1.2833134921061,3.11767542178454
"Item14",-1.00077577619088,3.08451638852638
"Item15",-1.28917170487382,2.8363502371035
"Item16",1.7607290196136,0.493203416706273
"Item17",1.26926460442795,0.83262543291914
"Item18",-0.678993703725514,2.48952443188513
"Item19",1.3310562556182,0.934199179375565
"Item20",1.2694456318838,1.10594511869619
"Item21",-0.566865957855558,2.57370578501066
"Item22",0.0653215701525049,2.23701635263936
"Item23",1.45182350815472,0.662724158024803
"Item24",-0.0957060232395747,1.65780835089753
"Item25",-1.13587665142538,3.45192849300761
"Item26",2.70513637048253,0.409623951303467
"Item27",1.71918951366785,0.92674124984878
"Item28",-0.160375625138022,1.94818210067251
"Item29",1.34817323049294,1.16403186477816
"Item30",1.65244671430871,0.770570159062306
