"Items","Difficulty","Discrimination"
"Item1",1.2237592446986,0.742349849657008
"Item2",-0.0853854423732656,2.20224263190364
"Item3",1.65699947740732,0.942671352202947
"Item4",1.26611192504047,1.17424735423242
"Item5",1.52203356616072,1.0387341159615
"Item6",2.03358528275872,0.593276213945704
"Item7",2.31739735421838,0.692063810820071
"Item8",0.201476918043207,1.73568088740147
"Item9",-2.01192410848357,3.41147228812784
"Item10",1.03733591405902,0.959886701482381
"Item11",1.35816025070279,0.712880818874842
"Item12",-2.01379249952106,2.61413307427611
"Item13",-1.49789721670955,3.28568534968172
"Item14",1.63852255746136,0.458456062722574
"Item15",1.51081700614867,0.225771557480783
"Item16",1.42186960152544,0.782600981295402
"Item17",1.18199506126616,1.12641791900976
"Item18",-1.15917805981114,3.16281935749562
"Item19",-2.55838969476744,3.69103927526923
"Item20",-0.320221848134111,2.57133320231664
"Item21",0.983534270008839,1.27825977634665
"Item22",-1.57307308016693,2.63094418654726
"Item23",-1.12319713591437,2.6143632030715
"Item24",0.972542825157493,0.849461295783097
"Item25",2.00190230068516,0.603668819365646
"Item26",-1.36963535746212,2.7061482526943
"Item27",1.90334875627459,0.598707912355346
"Item28",1.34932783365518,0.601828362332014
"Item29",0.452886368311584,1.62868364391099
"Item30",-0.338393376307573,2.44791321776586
