"Items","Difficulty","Discrimination"
"Item1",-1.12272487720719,0.905725159159144
"Item2",-1.01984285810487,0.941872639146874
"Item3",1.07443291690044,1.03947754985757
"Item4",1.41797893517082,1.01478047858526
"Item5",1.29139747014463,0.862272269542866
"Item6",0.751577454851819,0.972593422650217
"Item7",-0.559113210143286,1.15307327941889
"Item8",1.11940267525201,1.1934179974125
"Item9",-0.729566395255634,1.08118471062256
"Item10",1.35055242678608,0.912005307110605
"Item11",-0.29488705356636,1.30958233862203
"Item12",-1.50513503664064,0.977840153976154
"Item13",-0.44745379777843,0.878820102997088
"Item14",1.01126013020467,1.03137258769933
"Item15",-1.09310750298475,1.07266744361097
"Item16",0.969833669097991,1.027451192904
"Item17",-1.40960068493563,0.804497310469251
"Item18",1.14635746403945,0.509156186560173
"Item19",-0.639787599393097,1.05806883188448
"Item20",-1.67624819961816,0.906769613581753
"Item21",1.32375450732347,1.04141208707117
"Item22",1.95382770927386,3.03666404875437
"Item23",1.79827561948133,2.60314712655769
"Item24",-1.35192994234073,0.743143860184464
"Item25",-1.08863860443665,1.26240385514836
"Item26",-1.36457939147703,0.966972891636235
"Item27",1.09351476311938,0.993175828656898
"Item28",-1.891411861632,0.824783022392403
"Item29",-2.01475938682287,1.139987440472
"Item30",-1.94645561975814,1.30685719776614
"Item31",1.24512558299176,1.04744219233285
"Item32",-1.56725949640553,0.94996540868184
"Item33",-1.52407905614677,1.18917466153272
"Item34",-1.23823578502944,1.08387445614824
"Item35",0.998348946604145,1.1545548212795
