"Items","Difficulty","Discrimination"
"Item1",1.04598090217516,1.72555820345803
"Item2",-0.922585392110574,0.52512407122875
"Item3",-1.01645905966978,0.741902907432783
"Item4",1.43434227093452,2.11116817415677
"Item5",0.570346108462784,1.7066789659583
"Item6",-0.542046296756126,0.804961292467198
"Item7",-1.73131039457583,0.498962670727419
"Item8",0.0218559313621151,1.15582893930085
"Item9",1.84819788370955,2.73705048476008
"Item10",-1.783656409207,1.03948735345898
"Item11",-1.7183139171697,0.986828176177866
"Item12",-1.22698013709492,0.621260232316939
"Item13",-1.12793597596293,0.874685404353851
"Item14",0.683602283670786,1.79151749844114
"Item15",1.07751937319392,2.18547916779431
"Item16",0.826696697074653,1.83423749473102
"Item17",-1.57814107550095,0.913763103061858
"Item18",1.40941309672284,2.31741188756542
"Item19",-0.825559041944384,1.30027769441107
"Item20",-0.383496452194977,1.04443749471581
"Item21",-1.52730940039834,0.732422515934108
"Item22",1.14912793785619,1.99670156182958
"Item23",-1.53665603106166,0.855563845116987
"Item24",-2.26677936606182,0.772230142519176
"Item25",1.8308410911452,2.72413988076281
"Item26",0.506080718784084,1.6544385067539
"Item27",0.136243650066906,1.1208464993201
"Item28",-0.922593239840755,0.611878351619545
"Item29",2.21287981368895,2.56752116905713
"Item30",-0.690721122889475,1.12824838293643
"Item31",-0.682176047281025,0.954238638051989
"Item32",-0.334785297177225,0.990411062062727
"Item33",0.0655447437039418,1.05417378931101
"Item34",-0.263891825419356,1.04298858067987
"Item35",0.202729608423317,1.61201248030735
