"Items","Difficulty","Discrimination"
"Item1",1.78396936011814,2.22843038161465
"Item2",-2.16219834673637,0.680440289269147
"Item3",1.30636985502808,2.05765667795895
"Item4",0.385705833088395,1.30123008667065
"Item5",-1.07760713151541,0.862405984525877
"Item6",0.545837052866177,1.42724325155579
"Item7",1.64169706954002,2.17801037684635
"Item8",1.93253280007906,2.69180571977886
"Item9",1.14888435032484,1.89187669253837
"Item10",-2.00494922516841,0.705912358991645
"Item11",-0.561463575327159,0.942076103654599
"Item12",-1.7395971312703,0.510173583208068
"Item13",-0.585362742984682,1.02120529006853
"Item14",-0.831797047704018,0.915233087245516
"Item15",1.10808207754937,1.74860124970942
"Item16",-0.994515187248613,0.778969943293462
"Item17",-2.03417647503233,0.460706323406571
"Item18",1.32835760942554,2.24545874861664
"Item19",1.31426975018621,2.1020988262152
"Item20",-0.527888680514981,0.905976593652024
"Item21",-1.82080397823095,0.719558307267476
"Item22",-0.740753631743947,1.01805333194185
"Item23",1.1886554196513,1.91953293557895
"Item24",0.40776001031073,1.3310274029385
"Item25",-2.21958896974597,0.550785100589232
"Item26",0.212678068943285,1.27216801386605
"Item27",-1.16960471166562,0.874391653959808
"Item28",2.50121908536651,3.23578689726831
"Item29",0.232012166022002,1.31818854061497
"Item30",1.03544792619007,1.94205583735511
"Item31",0.82812765685193,1.56494364579042
"Item32",-1.31577841510125,0.538801476212648
"Item33",0.590989074628756,1.44251214562344
"Item34",2.32281548458198,3.05531370104586
"Item35",0.0243859050891517,1.04182593613507
