"Items","Difficulty","Discrimination"
"Item1",-0.34918223536556,0.852237286842467
"Item2",1.9408412246542,2.67896275300552
"Item3",0.807635817544112,2.05009425742306
"Item4",-0.458984631927529,0.988305213654825
"Item5",1.63445523796277,2.27866621137662
"Item6",1.53275293708527,2.54515193815429
"Item7",0.758977867662683,1.37336831963575
"Item8",-0.732467639453424,0.747506590990194
"Item9",0.867978081817404,1.52182555638297
"Item10",-0.181846329973998,1.06374154575432
"Item11",0.00316595957583869,0.836609134448318
"Item12",1.95691172973117,2.69789508007922
"Item13",-0.0811262551639281,1.48382213676987
"Item14",1.56797161668255,2.76571015237456
"Item15",-1.17043265270743,1.00910267554483
"Item16",-0.436562986143016,0.923286085914676
"Item17",0.588857987207951,1.39036694550479
"Item18",-1.91100803880027,0.0451812157064649
"Item19",0.291551708557648,1.13893371706481
"Item20",-0.924814645473625,1.09040082337941
"Item21",1.57824727694915,2.24367012738433
"Item22",-2.7228059799348,0.0696724106817077
"Item23",-1.26291544985021,0.699132332577027
"Item24",-0.391127724100451,0.979079915528567
"Item25",2.29658698798843,2.54248023146834
"Item26",0.441258179672404,1.54893457735425
"Item27",-0.449513541471499,1.24035306969882
"Item28",0.701681828105421,2.18473391986367
"Item29",-2.62411042479622,0.503159722410187
"Item30",-0.451204122910048,1.01138827828303
"Item31",0.118246403777141,1.24309366736928
"Item32",-0.60781700156835,0.498685796705417
"Item33",-1.36242108449435,0.810025640566518
"Item34",-2.13798922648976,0.276496509495513
"Item35",1.5685945157345,2.42341376603328
