"Items","Difficulty","Discrimination"
"Item1",0.908287025476485,1.59037392406169
"Item2",-0.700800388589162,0.399959304026931
"Item3",-1.81216047002653,0.584893433560747
"Item4",-0.381961554587481,0.758917453195394
"Item5",1.30924536473195,2.36367177642977
"Item6",0.0116621569250825,1.23671671669996
"Item7",-1.7782639860528,0.322577987770743
"Item8",2.09299470727291,3.04549697983855
"Item9",1.12828566996284,1.95100458079618
"Item10",0.00873505153133389,1.53649900392607
"Item11",0.490503843175282,1.19980553067535
"Item12",-1.74674398770053,0.963017867124074
"Item13",-1.28023101783555,0.750187480649121
"Item14",1.32864466652901,1.81921955792235
"Item15",-2.05360151085353,0.583946170804466
"Item16",-0.993970411329052,0.533951013521954
"Item17",-0.93118243504156,0.841407294114035
"Item18",-0.0198383129022832,1.25680721190087
"Item19",2.11016626137411,2.83335690036531
"Item20",2.51428051834496,3.65863248662937
"Item21",-0.912290616414027,0.908533583632152
"Item22",-0.052967728923072,1.14130491789632
"Item23",1.10015182175386,1.82435597083394
"Item24",-1.58911654110467,0.776982410857694
"Item25",-2.13627216724584,0.21875527911168
"Item26",-0.814239962125335,1.11738846691045
"Item27",-1.45790730896039,0.646667542364444
"Item28",-1.6678078043359,0.971189115713324
"Item29",0.23030509046039,1.2807361981422
"Item30",1.93360148216159,2.87408468444497
"Item31",-1.88963954471765,0.738073195226498
"Item32",-1.21583438024032,0.862745628706737
"Item33",-0.603349449232474,0.825268694247114
"Item34",1.86115302748596,2.45732570484825
"Item35",-0.0411612860467391,1.57142999728077
