"Items","Difficulty","Discrimination"
"Item1",1.78696501429328,2.47717859995703
"Item2",0.880233079662143,2.12314242385923
"Item3",0.645577783384821,2.07658271681425
"Item4",-0.243658792463511,1.01141778719872
"Item5",-2.52790690057746,0.69850668348406
"Item6",-0.335640455439882,1.06375166411686
"Item7",0.585796943410835,1.87279409063188
"Item8",1.32860765786753,1.67559264904462
"Item9",1.94860609724505,2.8983979344133
"Item10",1.04248326620818,2.07723044807159
"Item11",-0.757335919292527,1.25564941177875
"Item12",0.414377538835212,1.36298533475195
"Item13",0.757724387109022,1.36285606498985
"Item14",1.90515002107583,2.93344848761859
"Item15",-0.817857990873643,1.03021731382891
"Item16",0.957175156300769,1.48154994624417
"Item17",-0.0871292273800926,1.1763258879215
"Item18",-1.91219062926979,0.73247594705332
"Item19",-0.0276243618845632,1.23792225699969
"Item20",-0.327804715279426,0.895627398194176
"Item21",-0.70910050808828,1.19467341728153
"Item22",0.480712638318475,1.20948686539294
"Item23",-0.751008059558559,0.734825487210029
"Item24",1.87274722336253,2.50579566906341
"Item25",1.14068343343034,1.45937380648479
"Item26",-1.21718688353661,0.772578486733934
"Item27",1.33298205346319,1.49699665760992
"Item28",1.30300404998264,2.1882047849926
"Item29",0.55974414422873,1.46806718205997
"Item30",0.900318216027336,1.79680052934529
"Item31",-0.514088716573718,1.48308292318396
"Item32",-1.9471539853548,0.761460119139999
"Item33",-0.527865164480858,0.658876337123083
"Item34",-0.507667435925825,1.05190950819811
"Item35",-0.180383926807564,1.13911189572971
