"Items","Difficulty","Discrimination"
"Item1",-1.06205309211761,1.27349599484341
"Item2",-1.04214422474062,0.964052940361805
"Item3",0.0764521728839642,0.911128882776774
"Item4",0.287032006654435,1.00486185063812
"Item5",0.246999080663303,1.1858369289392
"Item6",1.61288006765631,2.62305232517153
"Item7",-1.99064116377883,0.922763350826502
"Item8",0.0894996395306799,0.855085057812695
"Item9",0.0319644502779463,1.03064740958871
"Item10",0.490778121060179,0.998208136020725
"Item11",2.05214988020229,2.86317806707759
"Item12",-1.75104161818628,0.814292459558356
"Item13",1.19960727431023,1.10437535429009
"Item14",-0.0643879579514769,0.920223001751587
"Item15",0.810702429398849,1.13671905434418
"Item16",0.621591765036736,1.03704128950174
"Item17",1.56275473351687,1.73067537432669
"Item18",1.87431210378078,2.01787056614309
"Item19",0.810702429398849,0.892545158356115
"Item20",1.28639848656931,1.14694874865126
"Item21",-3.2648272706571,1.13154510426252
"Item22",-1.81897342748746,1.01896658802718
"Item23",-1.07680489902869,1.05422558885132
"Item24",1.35394166825363,0.814128397250545
"Item25",1.73928372456185,2.37664854354103
"Item26",0.857986824716448,1.02746634940379
"Item27",1.30259251199312,1.01311308130603
"Item28",-1.35130298127887,1.08388584748328
"Item29",-1.5975731916748,0.825531648979719
"Item30",0.455755372880931,0.996623682186138
"Item31",-1.36855401683999,0.949569889716957
"Item32",1.91931776443673,1.79375316965237
"Item33",1.74522544577701,2.71342169670394
"Item34",1.91231299949264,2.51128931955514
"Item35",0.746687288166237,0.868975738862394
