"Items","Difficulty","Discrimination"
"Item1",-1.81565623833591,0.540396855365549
"Item2",1.81553374959806,2.41006803800552
"Item3",-0.814783316533781,0.909146795305111
"Item4",-1.64956227769651,0.60925060259573
"Item5",-2.09407835109671,0.619070299612154
"Item6",1.01728095586771,1.67298849802508
"Item7",1.00233246738821,1.56332357997158
"Item8",1.04247474432724,1.78307933523768
"Item9",1.02486895582142,1.83320691419122
"Item10",0.454964320358287,1.17068051853724
"Item11",2.18243244975862,2.82679704772581
"Item12",-1.30655196202018,0.463981207455066
"Item13",1.52770361809579,2.30217863508142
"Item14",1.27876747755061,1.89440966532255
"Item15",0.232903202032251,1.42157054943984
"Item16",1.46559757954004,2.05054461524054
"Item17",-1.77747721703946,0.420203354524379
"Item18",-0.209254090294298,1.11452410540495
"Item19",-2.02620025945468,0.523749856677236
"Item20",0.382052688973207,1.49878892311037
"Item21",0.645787719968765,1.51887943581987
"Item22",-0.82706245099184,0.856086125100152
"Item23",0.34807216762863,1.40873561428164
"Item24",-2.22618259699057,0.462368700600871
"Item25",2.03346706687605,2.64890828835507
"Item26",-0.94981533875324,0.687772249392954
"Item27",-0.0192928442632838,1.26540305362857
"Item28",0.621840538669622,1.63462259968085
"Item29",-0.865588164938505,0.967840701926686
"Item30",1.11481858539076,1.91131282524113
"Item31",-1.33833562283651,0.722705789737279
"Item32",1.46676947032996,2.12782612264638
"Item33",-2.26073118998959,0.488833884167767
"Item34",1.08018283416441,1.84180731967058
"Item35",-1.12817699887003,0.871121980913885
