"Items","Difficulty","Discrimination"
"Item1",-1.28775812634781,0.316044692276186
"Item2",0.826188537486781,2.26852463509242
"Item3",-1.87559232284725,-0.249099577803164
"Item4",-1.09921024014487,0.493505295398587
"Item5",0.316157732100138,1.65513852216917
"Item6",1.26998307730721,2.81587174081515
"Item7",1.16132171679729,2.73355456207729
"Item8",1.63184081473434,3.19184033403945
"Item9",0.986926721544438,2.57737778517511
"Item10",1.47006570319313,2.91413981916894
"Item11",-2.06214710890832,-0.467356364869874
"Item12",2.36304935933845,3.51323986173998
"Item13",-0.194950417610664,1.3668556592788
"Item14",1.23602234869491,2.42246531083236
"Item15",1.20511143643601,2.62576787545117
"Item16",0.754827833683209,2.24836830739513
"Item17",-0.567629686019587,0.943081676865613
"Item18",1.26324240245453,2.72946673907709
"Item19",-1.0047158106313,0.677785279561854
"Item20",1.37414621295976,2.8789794287535
"Item21",-1.73497787310472,-0.0568206846628872
"Item22",1.72619999208525,3.2703527221306
"Item23",-0.555838783446959,0.794233080869181
"Item24",2.7130640707252,4.18210256315001
"Item25",-0.904016350928439,0.804736448947073
