"Items","Difficulty","Discrimination"
"Item1",-1.40507829002571,-0.00902745738074467
"Item2",1.0412428789773,2.5602697738253
"Item3",-0.727537078056306,0.955715052631199
"Item4",0.404833443877787,1.79173371950174
"Item5",1.25477530364511,2.77587521478824
"Item6",1.08934944855589,2.5069939267671
"Item7",1.35235182454286,2.68232185942019
"Item8",1.96596364985112,3.40791505046694
"Item9",1.51224685806289,3.05977144661814
"Item10",-1.2189099245556,0.0380381609864807
"Item11",-1.63411853464352,0.0705901923048435
"Item12",1.21905025522436,2.73358937857204
"Item13",0.702562075075094,2.3337359137978
"Item14",-1.02295314689222,0.57850273465561
"Item15",-0.27577383774684,1.42348925076245
"Item16",1.90227308587109,3.48264168359745
"Item17",-1.8381585423078,-0.460327357829975
"Item18",1.50069938907077,2.80381649175471
"Item19",-1.33187565822862,-0.0279050864009295
"Item20",0.742668402630376,2.44737910544063
"Item21",-0.908755627757703,0.686778523035604
"Item22",-1.20219619626788,0.345930715484065
"Item23",1.83996632521664,3.14279229121907
"Item24",0.556953256619505,2.1915521743633
"Item25",0.957140899099384,2.54229125505771
