"Items","Difficulty","Discrimination"
"Item1",-1.02267425429144,0.691582245060885
"Item2",1.58628916568213,2.30473708257734
"Item3",-1.05644246482286,0.726708662063496
"Item4",0.993183153671382,1.72234096058436
"Item5",0.0105819558208993,1.2938451471407
"Item6",-1.81509127742192,0.604219326749259
"Item7",1.46830679261187,2.1334232010277
"Item8",1.01427670934422,1.87192143456781
"Item9",1.52367328381126,2.41962645985272
"Item10",1.22422109357778,2.04172878114222
"Item11",1.43049934752966,1.96126510393704
"Item12",0.104925923878938,1.20546318302349
"Item13",0.318289070829979,1.56343947250378
"Item14",-0.970466126562921,0.548535966975521
"Item15",1.30682964274222,1.91138925495584
