"Items","Difficulty","Discrimination"
"Item1",-1.15056329654373,0.943384710982279
"Item2",-0.734592517780252,1.02345270581593
"Item3",1.66324046579676,2.28615938698829
"Item4",1.50794496525502,2.09862441866725
"Item5",-1.14325168931854,1.01868225725751
"Item6",-1.26408089467564,0.633050498124269
"Item7",0.427962641365756,1.52558773671597
"Item8",1.16896501627946,1.70017420972329
"Item9",-0.0838790147695676,1.2235165045158
"Item10",-1.39499017119422,0.14856713579947
"Item11",-1.40384513326997,0.530213646034382
"Item12",-0.887905355239583,0.999385344490362
"Item13",1.47411483939024,2.01213387864402
"Item14",-2.39019209627058,0.713972982354803
"Item15",1.41971524545068,1.96423308155838
