"Items","Difficulty","Discrimination"
"Item1",-0.40372673845264,1.12332904738893
"Item2",2.42449718958472,3.04967533286534
"Item3",-0.161172413318584,0.773439555745242
"Item4",-1.7111498139222,0.536160238017147
"Item5",-0.0638129573170895,0.940875880575634
"Item6",0.373772726505647,1.31068142191168
"Item7",1.97467369747622,2.62255358291653
"Item8",2.47308579593511,3.37676859799467
"Item9",-0.559325876328825,0.614364991049913
"Item10",-0.151613653179791,1.18809145346561
"Item11",1.72769655807994,2.16470406232358
"Item12",2.17582915709381,2.84684535661593
"Item13",1.78279513718126,2.43518331581481
"Item14",-0.706793802456109,1.16095967816881
"Item15",0.440595589402226,0.903148884303824
