"Items","Difficulty","Discrimination"
"Item1",0.189429701788721,1.38182018673244
"Item2",-1.35958279839678,0.755115947092931
"Item3",-0.0338840720041564,1.33858169447935
"Item4",-1.95964095655396,0.838084785884571
"Item5",-0.573273873175988,1.31895961979013
"Item6",-2.26649645388945,0.800335252488596
"Item7",0.629306608310836,1.58484283315487
"Item8",-0.149777725497753,1.31115801680267
"Item9",-1.91917589293478,0.654673005796089
"Item10",-0.210627670730885,0.907977393952482
"Item11",-0.632744473196804,0.981066265940156
"Item12",2.19227767564014,2.62534012573741
"Item13",-2.37706088391061,0.1722798175613
"Item14",1.98324500181952,2.44499420193602
"Item15",0.368850275748361,1.13207570334799
