"Items","Difficulty","Discrimination"
"Item1",-0.948852909430032,0.856265044209615
"Item2",-0.721682153803669,1.07411650261821
"Item3",0.493604046728514,1.2377383507456
"Item4",-1.83308284924723,0.39841801338321
"Item5",1.56488710708401,2.48262702499277
"Item6",-1.05477957032206,0.886955393007338
"Item7",1.85810427448125,2.7066813571023
"Item8",1.28020747602127,1.69969637513082
"Item9",0.463954282021928,1.46529496146294
"Item10",-2.54758311655958,0.525536077373791
"Item11",-1.02999540467758,1.08055068521776
"Item12",0.0801334322036166,1.84069870441161
"Item13",0.301402690619947,1.67763681915836
"Item14",-2.02980729067519,0.475756051451357
"Item15",0.192170526512803,1.01036121288298
