"Items","Difficulty","Discrimination"
"Item1",0.893024894848745,1.65337898247479
"Item2",-1.24440944187459,0.9425375908145
"Item3",1.79917011557922,2.50373617349836
"Item4",-1.91423615350594,0.576835302954045
"Item5",2.08213168959114,2.74204995815577
"Item6",-1.02334234009759,0.734071779140591
"Item7",1.52968203868115,2.04328714136767
"Item8",1.39408530912185,1.98556236407997
"Item9",2.32038462944611,3.04110583392551
"Item10",-2.09200214569997,0.510938268231296
"Item11",1.43274183430085,2.15450855006411
"Item12",0.530857189155838,1.61003360640033
"Item13",1.56255956043516,2.21226541458454
"Item14",0.0642851179507974,1.25005004648678
"Item15",1.58351029700002,2.333485687253
