"Items","Difficulty","Discrimination"
"Item1",-1.53650898334469,0.726758879896299
"Item2",-2.20880104208235,0.162720204007445
"Item3",0.71043876915848,1.53221479025817
"Item4",-1.35193012147592,0.664065749219485
"Item5",-1.23668539412294,0.781002476465798
"Item6",2.5182652413728,3.35846161936611
"Item7",-1.73726875777178,0.580348964050964
"Item8",-1.04593013380781,0.791532054268737
"Item9",0.682642589936406,1.45739033355195
"Item10",0.976603704709073,1.75651141353749
"Item11",-1.61555247958866,0.782330040540049
"Item12",1.83707305661971,2.31254717303666
"Item13",0.711295246326535,1.64952602236001
"Item14",-0.714048985439593,0.762968826840633
"Item15",0.0792448196540999,1.2721026997509
