"Items","Difficulty","Discrimination"
"Item1",0.227729029721633,1.30253886898023
"Item2",-0.509204764443526,0.831844991039358
"Item3",-0.0620107639881049,1.30134171405537
"Item4",-2.11272807455051,0.535534381594667
"Item5",-0.540770950284444,1.00047081052779
"Item6",1.08978554302379,1.94680526730292
"Item7",-2.25539323036818,0.648142609307049
"Item8",-0.0593507399107975,1.20852929981699
"Item9",-1.09502484281636,0.722887275844401
"Item10",-1.77972988409785,0.790055670571206
"Item11",-1.39419419107269,0.642771849754671
"Item12",-1.45995654439822,0.73128412898304
"Item13",1.07433424505529,1.85793713736199
"Item14",0.976304442182117,1.64363187011846
"Item15",-1.65546782372517,0.775508994951945
