"Items","Difficulty","Discrimination"
"Item1",-1.53054159489498,2.93926950531069
"Item2",-1.42808702948124,3.1139972093939
"Item3",0.596836063237946,2.61715354469443
"Item4",-0.184620264804651,3.28771403697397
"Item5",-0.670295984579026,2.72274235260878
"Item6",0.101905157099212,3.05661068966645
"Item7",-1.70569357913207,2.9752272166814
"Item8",1.11569218802189,2.22203135342865
"Item9",-0.87131898049621,3.65000221517228
"Item10",-2.03613030658037,2.80347010101365
"Item11",1.15629614489626,2.67134934323798
"Item12",0.734132652206827,2.55791473261717
"Item13",1.34915434157911,2.05309368146355
"Item14",-0.864625923246572,3.09034940367356
"Item15",0.670350741175365,2.51662071423171
"Item16",2.57350109585642,0.396670075574704
"Item17",-1.45378669706788,3.29007074579197
"Item18",1.33516455824317,1.94259915536188
"Item19",-1.16040018748055,2.60227027115331
"Item20",-1.57364161112148,3.5061285295226
"Item21",-2.22698336254995,3.33827156121175
"Item22",-1.59571660149334,3.15415244052187
"Item23",-0.964030040579873,2.87835213065694
"Item24",-1.74768233539917,3.47958936369432
"Item25",-0.47917422376937,2.72515838682468
"Item26",1.8795585429977,2.2011212821479
"Item27",-1.71938720704349,3.00836381241617
"Item28",2.59434185402484,0.820938154339882
"Item29",-1.01442113156132,3.22087528410219
"Item30",-0.197607421481069,3.32061427276739
"Item31",1.56427281203258,2.32507606488848
"Item32",2.00460147177532,1.45062397656853
"Item33",0.738700203926679,2.47217663280448
"Item34",-1.75159968496133,3.06134305759573
"Item35",0.806233557371946,2.11661543884627
"Item36",0.248070526544563,2.63847152522374
"Item37",-1.31563563700014,3.45409322584741
"Item38",-0.497779959163707,2.84433252704793
"Item39",-1.66751647784779,3.14871281334926
"Item40",0.557716474374551,2.52572028637485
