"Items","Difficulty","Discrimination"
"Item1",0.190587597109718,2.81728272517239
"Item2",-2.25982305349774,3.27757282489279
"Item3",-0.555052807439761,3.06966678050484
"Item4",-0.957051342944136,3.12601415534198
"Item5",-1.32337007890392,3.1427699887113
"Item6",1.20674520606315,2.59420086644663
"Item7",-0.699184100888559,2.67829810730413
"Item8",-1.506232495062,3.20277846196374
"Item9",-1.37914617678919,3.07533496107693
"Item10",-2.01898319055107,2.95056002519691
"Item11",2.22894014303857,1.28870135467677
"Item12",-1.38497951417252,3.1399972073376
"Item13",-1.4327153194172,3.20884961970569
"Item14",-0.797412363888383,2.92760688320417
"Item15",-0.548550401679382,3.09969431463635
"Item16",1.61747372504213,1.9764484400131
"Item17",1.19092502493786,2.594882745143
"Item18",0.814928059522119,2.0903636600637
"Item19",1.01364714682363,2.49135860470853
"Item20",1.54649985346606,2.0305068197703
"Item21",-1.13651731126435,2.71128725927155
"Item22",0.584202676601286,2.88408242412509
"Item23",1.16028430234997,2.38992541842799
"Item24",-1.45118078999376,3.17124941983736
"Item25",-1.05346292364272,2.93820249749346
"Item26",1.78237333528572,1.87984637682356
"Item27",0.866224418733217,2.3524972147083
"Item28",0.792643730213307,2.51202122303471
"Item29",-1.43773695499291,3.34645613162886
"Item30",0.0904172681314723,2.77239353929131
"Item31",-0.623841083371317,3.52453772404114
"Item32",-1.05624297038106,3.28764263187119
"Item33",-0.381703535116339,3.09147431595012
"Item34",0.232738134542088,2.82971194715999
"Item35",1.18266763507694,2.40498352769662
"Item36",1.48886686186195,2.57004008464492
"Item37",-0.915760481800043,3.23256656953624
"Item38",-0.235684295330061,2.85552485493068
"Item39",0.260646923924969,2.6185940554952
"Item40",-1.86984063149084,3.25814679033
