"Items","Difficulty","Discrimination"
"Item1",1.61165431310776,0.417174550554073
"Item2",1.38457158813828,0.539280411867905
"Item3",-1.31519775959265,0.530894681469657
"Item4",-1.09301046998175,0.527611197387826
"Item5",-1.41290496166126,0.610235222672306
"Item6",-1.1282242730404,0.27096242966469
"Item7",-0.353347518400725,2.93500172360606
"Item8",0.26346130740682,0.632300064833561
"Item9",0.936964011318801,2.98052446714088
"Item10",-0.994983212645438,0.490139194273932
"Item11",-0.715886647410063,2.89672700776011
"Item12",-1.51166546390861,0.454503644373632
"Item13",1.86691357230753,0.487068666958129
"Item14",-2.19060780757259,0.491683126465
"Item15",-0.659887316992184,0.545046597055597
