"Items","Difficulty","Discrimination"
"Item1",-1.08997394414263,0.683069524106008
"Item2",-2.25918114910923,0.373801831508548
"Item3",1.52456109263905,0.468511804436586
"Item4",1.21640691936871,0.707981076758994
"Item5",0.723359082074493,0.422782113047411
"Item6",2.55242778956506,0.509374932298775
"Item7",0.194083163256716,0.460323703369678
"Item8",0.0473138236472447,0.48164196781668
"Item9",-1.73852975402604,0.506269739707553
"Item10",1.31550053341148,2.96165089785431
"Item11",1.80928829376451,0.503597371077567
"Item12",0.741272766739491,0.612502117404931
"Item13",-2.63476808886917,0.627788621631609
"Item14",-1.74238560887686,0.594257907273214
"Item15",0.951681951006565,0.495824033294297
