"Items","Difficulty","Discrimination"
"Item1",-1.2456868147322,2.77635125524519
"Item2",-0.0124113457940774,0.630987265492639
"Item3",-1.50912184885674,0.58869734296121
"Item4",0.558888204249014,0.581228438230903
"Item5",1.5130870619162,0.317070199246959
"Item6",-0.295871919637609,0.600068896795484
"Item7",0.269902367323637,0.482062334444501
"Item8",-2.01348601869876,2.93478821031154
"Item9",-0.357110458348026,0.445685708776227
"Item10",-1.34036152063181,0.625299500671334
"Item11",0.642147921146731,0.576825810681372
"Item12",-1.29889471990921,3.02498970697175
"Item13",1.48711251835482,3.1817390902542
"Item14",-0.499359250316842,0.494336768708158
"Item15",-1.87804236533546,0.555836982362481
