"Items","Difficulty","Discrimination"
"Item1",-1.36126668835543,3.1402000324242
"Item2",1.89337013258395,0.508630972881021
"Item3",1.94352404111155,2.82606784364824
"Item4",0.73822719134467,0.362847949469223
"Item5",-1.40685216403425,0.446576367809873
"Item6",-0.90687402079525,0.667825332123077
"Item7",-1.51438250890869,0.495981297830195
"Item8",1.93977842508715,0.345558655332773
"Item9",0.114351830364595,0.507553584168549
"Item10",2.06727409618845,0.529405987885921
"Item11",-1.36147455429909,0.53692721894682
"Item12",1.03470908329005,3.08874328226114
"Item13",0.0709359915943081,0.38255005146025
"Item14",-0.508285150079945,0.673179030785839
"Item15",-1.00169110692198,2.96315095946239
