"Items","Difficulty","Discrimination"
"Item1",0.181148562753697,0.404425047911367
"Item2",-1.37858170700641,0.586818590442885
"Item3",0.766046234930362,0.678049701407848
"Item4",1.34988677271609,0.557206016032094
"Item5",1.31949822112128,0.537181887897291
"Item6",1.39026091449725,0.485351505930045
"Item7",2.39577656411942,0.574091584718484
"Item8",-1.37222124241157,0.418409191033922
"Item9",1.16502046830929,0.561370842156216
"Item10",-0.537378216377511,0.461215457509738
"Item11",2.00589420584314,0.563602164886359
"Item12",1.24734033556143,0.595148634940399
"Item13",0.186822644480599,3.03241602682894
"Item14",-0.670579459956254,0.60320172723914
"Item15",-0.898817321029433,0.444818842958067
