"Items","Difficulty","Discrimination"
"Item1",-0.416538970659731,0.615186257701085
"Item2",1.62240504747946,0.505161841098515
"Item3",0.629341527631362,0.459242638965154
"Item4",-1.8905557604414,0.424160684427314
"Item5",-1.81899506720004,0.507784333169206
"Item6",1.41454191569607,3.06599092831365
"Item7",2.44591230437755,0.514422261037441
"Item8",-0.012305353918612,0.48343806535065
"Item9",0.245680745757144,3.10415381276637
"Item10",-1.65795141379506,0.410428029349546
"Item11",0.405726217256842,0.460132625941557
"Item12",0.234298329589608,0.115057693365713
"Item13",0.96223967835221,0.558807722106535
"Item14",1.58734636349404,0.532178286847387
"Item15",1.28906750001404,0.359618454390061
