"Items","Difficulty","Discrimination"
"Item1",-0.716952673230877,0.67511729741539
"Item2",1.35849267780372,3.14015500103542
"Item3",0.0336778108117515,0.672193756309399
"Item4",-1.55631984652288,0.613925956664512
"Item5",0.170101284293328,0.517508264787596
"Item6",-1.81149376152485,0.481290867453229
"Item7",-1.62651749322083,0.408017932723515
"Item8",0.914411264839402,2.92751971626946
"Item9",0.418457305599667,0.556122484948301
"Item10",1.8488521589051,0.668658181988339
"Item11",0.360879680100271,3.01539514658464
"Item12",-1.6629890074721,3.06157699949674
"Item13",1.79981935865347,0.561594487496029
"Item14",1.33692494555002,2.99759719902713
"Item15",-1.96948693330029,0.516344224934597
