"Items","Difficulty","Discrimination"
"Item1",1.32167151734165,1.9470890372882
"Item2",1.29455478631659,1.74146083175645
"Item3",-1.80790105962152,0.869652020205105
"Item4",0.765272646171568,2.05577581411601
"Item5",-2.47057712418213,0.485036696765956
"Item6",-0.488947803214366,3.14290751364043
"Item7",-1.19758246194707,1.86069154030605
"Item8",-0.0650356205142371,2.97898796421055
"Item9",-0.545254342443242,2.5558450894077
"Item10",1.8426187027402,1.41482009562094
