"Items","Difficulty","Discrimination"
"Item1",-0.839180805215675,2.52626579316234
"Item2",0.329963136054201,3.08628871126313
"Item3",-1.7917581865194,1.46656791737463
"Item4",0.398550802688537,2.79561854569644
"Item5",1.08467208057185,2.43787035260671
"Item6",0.585485805365904,2.66327642785007
"Item7",0.919893418210634,2.11482789967583
"Item8",-0.191355798034731,2.53491599086318
"Item9",0.319721738178505,2.580898636375
"Item10",0.0317050001894696,2.479449488967
