"Items","Difficulty","Discrimination"
"Item1",1.27434203836884,1.63096574743431
"Item2",1.68422974051936,1.23837309760685
"Item3",0.83068841309259,2.31696380878843
"Item4",2.27513460265653,0.847307056109367
"Item5",-0.786750128671719,2.35417910415983
"Item6",1.24127328054541,1.86669949653603
"Item7",-0.252682910295661,2.92440321206552
"Item8",0.0285989723031237,2.98411734711032
"Item9",-1.27450185267168,1.82878606869422
"Item10",-1.62151803538448,1.22852942780551
