"Items","Difficulty","Discrimination"
"Item1",-0.227067958761236,2.80821475447432
"Item2",-0.509539045993983,2.08464643168316
"Item3",0.638078941983936,1.86813116309504
"Item4",-0.154520807325771,3.02751691894711
"Item5",1.69781790638052,0.846477946789623
"Item6",-1.29299495205466,2.38191965394495
"Item7",0.205804372865771,2.88838711148519
"Item8",0.202454223476289,2.08889983042454
"Item9",-1.04725654796481,2.34343015224423
"Item10",1.08452334995992,1.66344486900859
