"Items","Difficulty","Discrimination"
"Item1",-0.19349274595437,2.95982970631097
"Item2",1.97314549028976,0.960162781808343
"Item3",-1.46868056326503,1.50731081842617
"Item4",-1.4804933542263,1.53278493757516
"Item5",-0.534327015934871,2.72116722651037
"Item6",-0.272335371452019,2.8837480416318
"Item7",-2.27418204428826,0.935821173542959
"Item8",1.41240935724815,1.48573222676149
"Item9",-2.23940271366854,0.986524047054702
"Item10",-1.39835479941666,1.6720353689258
