"Items","Difficulty","Discrimination"
"Item1",-0.680920069490274,2.66931885385838
"Item2",-1.27312064138454,1.62516268200225
"Item3",1.31849193900042,1.47807552841757
"Item4",-1.11138600098376,2.00410141485268
"Item5",1.37759787989517,1.52143792350865
"Item6",1.73072898279425,1.27703207342961
"Item7",-2.34865843281899,0.937477378209709
"Item8",-0.431490499760818,2.82451914322362
"Item9",-0.902803497836388,2.32223059731079
"Item10",-0.673301489521182,2.65037531439018
