"Items","Difficulty","Discrimination"
"Item1",-0.351358920842128,2.92661178244444
"Item2",2.51047732127343,0.909302914835338
"Item3",0.335230356787373,2.83079696200008
"Item4",1.08875239255765,1.88030315355194
"Item5",0.451577628051491,2.73819966542821
"Item6",-1.87089186251119,1.14036249857655
"Item7",-0.761721837350061,2.31585306343615
"Item8",-1.16330087793875,1.90884723959572
"Item9",-0.0244748021489058,3.17235114262698
"Item10",-1.13446169093785,1.82501884914226
