"Items","Difficulty","Discrimination"
"Item1",1.75231554730715,0.846223604901508
"Item2",-0.783949619065224,2.42001610832857
"Item3",1.35506889295919,1.86380903080336
"Item4",2.06266282504742,1.16750554972522
"Item5",-0.999360673427467,1.79072873941856
"Item6",2.05233426692899,1.20918796515106
"Item7",1.5985117767481,1.47676115775191
"Item8",0.0241409325619628,2.86228647247105
"Item9",2.07843950963751,0.889441254801929
"Item10",0.69319910916675,2.87771106628388
