"Items","Difficulty","Discrimination"
"Item1",-1.50534118323939,1.46545237623052
"Item2",2.38460441168674,1.15612031228342
"Item3",-1.46457777914123,1.35808654621147
"Item4",1.31042348862501,1.67681403503217
"Item5",0.910186198883851,2.21825406484309
"Item6",-1.92826444706479,1.05727899654919
"Item7",1.33894319883115,1.64781320554227
"Item8",0.879749027480461,2.1628617089461
"Item9",0.232120509460963,3.00099348302841
"Item10",0.00319218372575325,2.99570838465813
