"Items","Est.Discrimination.2PL","Est.Difficulty.2PL"
"Item1",0.904350032666625,-1.83126653019378
"Item2",1.9024701756392,0.00356507612428504
"Item3",2.47990945224555,-0.492472867666248
"Item4",2.29159948576958,-1.22081923316152
"Item5",2.65408296827332,-0.752075818381709
"Item6",2.80634760158479,-0.621010933803571
"Item7",0.732153949948667,-2.02577481527807
"Item8",2.45303354577686,-1.43393771017103
"Item9",3.0841796182397,1.40575482013891
"Item10",0.766940065996761,-1.86210632624822
"Item11",2.50687539245279,-0.983560783106533
"Item12",2.18533318378374,0.589219581382595
"Item13",3.5997809480596,0.656888074474937
"Item14",2.14059336179745,1.17407474549452
"Item15",2.896038547204,0.0296967635007128
