"Items","Est.Discrimination.2PL","Est.Difficulty.2PL"
"Item1",0.752798952675339,2.22189718925297
"Item2",0.747593043887936,-1.81774116746406
"Item3",1.06333642724561,-2.19091741197966
"Item4",2.74929258141048,-0.410453347614408
"Item5",3.38126851246335,0.263819666601451
"Item6",2.12991138526855,-1.4232874790925
"Item7",2.61252831994293,-0.851569754746861
"Item8",2.5568878133551,1.23490471089941
"Item9",0.897790505511785,1.5972348839317
"Item10",1.84445090334225,1.0189688714192
"Item11",2.35049165275842,-0.305782545250567
"Item12",1.78372702781062,1.38627240855446
"Item13",3.08657971432969,1.08296470206102
"Item14",2.12528162609762,1.12771662514877
"Item15",1.84800526664289,1.25587626415023
