"Items","Est.Discrimination.2PL","Est.Difficulty.2PL"
"Item1",2.52741065239364,-0.573874479090045
"Item2",2.34691543310834,-1.52701650552019
"Item3",1.88609694171126,-1.07376818633676
"Item4",3.3664833779272,0.316371355013607
"Item5",2.67432570770224,-0.301304575646439
"Item6",3.30270496107025,1.01733013598468
"Item7",0.870949258506924,1.84716204406566
"Item8",1.14288255918474,2.37539300217668
"Item9",1.33156456241175,1.67794661363162
"Item10",0.93497902075632,-2.04314142856125
"Item11",0.900835903075249,-1.93037949676694
"Item12",2.57671731336285,1.13438971266984
"Item13",1.94341285542185,1.06666804370969
"Item14",2.82683061114021,0.0812460230545009
"Item15",2.51663691808307,-1.48546946027588
