"Items","Est.Discrimination.2PL","Est.Difficulty.2PL"
"Item1",2.02949304038661,-0.973040749128494
"Item2",2.0405110935875,-1.05155497155819
"Item3",1.11842551515557,2.08846549084939
"Item4",1.05340500643438,-1.86135827561517
"Item5",2.66569553321166,-0.473966329311116
"Item6",2.69913953090032,-0.599291521743087
"Item7",2.43566271004631,0.768583092369226
"Item8",1.17724434512129,1.83511218642156
"Item9",2.91116546231739,0.0960526217283386
"Item10",1.78290331736988,-1.11537495559774
"Item11",2.78737276100633,-0.015769296772106
"Item12",2.85224739848461,0.319227461456816
"Item13",1.27247172902381,2.06790626925906
"Item14",0.932960286729803,-2.23215431879102
"Item15",2.33812701993079,0.742206961385052
