"Items","Est.Discrimination.2PL","Est.Difficulty.2PL"
"Item1",2.24839879123717,1.36118209553342
"Item2",2.83857088959924,0.558101548356441
"Item3",1.10629713267379,-1.63790840829539
"Item4",2.13952599239374,0.696770786763663
"Item5",1.98042452681889,1.23449684006433
"Item6",2.14744755104771,0.0830348710929432
"Item7",2.19277913521617,0.639908016710482
"Item8",1.19826869494733,-1.6025125751213
"Item9",3.48361896789739,0.466351169154421
"Item10",2.53277284268438,1.4212321115232
"Item11",1.09548563374541,1.61826633151244
"Item12",0.859259384096549,1.44836365584257
"Item13",2.47487651101774,-1.21182413524954
"Item14",0.904271943564388,1.68755998348672
"Item15",2.99688451704611,-0.604884074776748
