"Items","Difficulty","Discrimination"
"Item1",-1.50728629430837,1.42284549849155
"Item2",1.98042942818805,1.0832240431074
"Item3",-1.6245981930899,1.36322260389893
"Item4",0.948845388022966,2.31089224988394
"Item5",0.736866405549991,2.66349565489138
"Item6",1.05519738957996,2.18647410964382
"Item7",-1.61523017856662,1.45170711714468
"Item8",-0.877526496931619,2.26615542459035
"Item9",1.10732976034063,1.90379378973295
"Item10",2.76780691007942,0.842657591340917
"Item11",0.618436482141431,2.44244443235573
"Item12",1.29359585004338,1.67206156615875
"Item13",0.624308512600953,2.59517251063442
"Item14",0.750496719879069,2.39729207080893
"Item15",1.7406338167403,1.3471430607692
"Item16",0.742993067472552,2.43499856779749
"Item17",-0.0852729340418555,3.01432102368342
"Item18",1.89140018309295,1.02006890201085
"Item19",1.10342540989954,2.03309364287934
"Item20",-2.2490246220529,0.930284832347015
"Item21",-0.743561608526676,2.45539576463232
"Item22",-2.52629898044275,0.962134354013986
"Item23",-0.306538879926727,2.64861580717118
"Item24",-1.49109975804628,1.30263378366811
"Item25",0.225401769986873,2.9479374238753
"Item26",-1.18744358120841,1.65085341920819
"Item27",-0.511897087037982,2.98434593546311
"Item28",2.18405301737817,1.02322328710152
"Item29",-0.897464227686367,2.32678352505933
"Item30",-0.147492327874939,3.06468984886195
"Item31",-1.19940291060397,1.84791311839619
"Item32",1.61426928610823,1.28650949439915
"Item33",0.463525478944206,2.75061271189836
"Item34",-1.7133903108538,1.17834802191433
"Item35",-1.13518232735731,1.86441079395767
"Item36",-0.6426743430582,2.58064266048633
"Item37",-0.281516311613049,2.80458895166111
"Item38",-0.0591275557398777,3.03696608067735
"Item39",1.3088205434651,1.69484293552503
"Item40",1.45725800862657,1.63548878358857
