"Items","Difficulty","Discrimination"
"Item1",1.44562601484746,2.8621443151034
"Item2",1.74640348810238,1.11645559269474
"Item3",1.75283219559714,1.00856479433079
"Item4",0.049779975160232,2.31175475705697
"Item5",-1.22300316298491,2.17572911880157
"Item6",-0.318750796519275,2.29316021427768
"Item7",-0.825666786526655,2.63713034460402
"Item8",-0.786932950957201,1.60778390552308
"Item9",2.0932010798234,0.864673474314949
"Item10",-1.89867924170972,0.92838951521778
"Item11",0.27003792610018,1.60857503625645
"Item12",-0.453852984103975,1.86091076674881
"Item13",-0.829074007753234,1.79273964744981
"Item14",0.885708299587956,2.21941922717386
"Item15",0.358915055349269,2.81139643586604
"Item16",-0.742072287814945,2.64994072494969
"Item17",-0.0834025787607876,1.71103307373662
"Item18",-0.756352593168261,0.74185024914926
"Item19",1.20883172830209,2.92299423326251
"Item20",-1.0521608694372,2.67943415357855
"Item21",0.482915028891089,2.1606202068369
"Item22",0.670993371752059,2.74626190038817
"Item23",1.85834991244852,1.0743445046127
"Item24",-2.03874210091428,0.971932977801655
"Item25",0.600641027264551,2.39210177605596
"Item26",-1.3253466770898,2.79754812721429
"Item27",1.70393217904394,0.979029857173096
"Item28",0.346661845725954,1.8311698647467
"Item29",-1.65280473323604,0.903732032356967
"Item30",0.883243871324373,3.36975069530832
"Item31",-1.65965732475784,1.31785133799862
"Item32",2.12387038310019,0.897295486483759
"Item33",-1.41063331190933,3.12845357177191
"Item34",0.926123225761859,2.10977784399821
"Item35",-0.559213860197765,2.75331847830881
"Item36",0.903418259973444,2.72292697632576
"Item37",-0.313262680620819,1.99234020595618
"Item38",-2.08309338697011,0.919068098442973
"Item39",0.313005147997213,2.09714030478507
"Item40",-0.892091273625815,2.64026938289085
