"Items","Difficulty","Discrimination"
"Item1",-1.60175450830467,1.15849557934486
"Item2",-1.66672226588584,1.00138976477424
"Item3",0.242177395436545,2.20755407825438
"Item4",-1.61359102380829,0.965461176806722
"Item5",-1.69370340871155,1.00606496419735
"Item6",-0.206088543350199,3.28273600996453
"Item7",0.243785593642359,2.00085092195665
"Item8",-0.663092898786429,2.30106434874941
"Item9",-0.969695733212423,2.09606808419223
"Item10",0.573781367935229,2.42726883228576
"Item11",1.6668207006517,0.670746068994198
"Item12",-1.287952515038,2.61403739658258
"Item13",1.24493656992101,2.51149485132738
"Item14",0.155208057219213,1.59504897598596
"Item15",0.463419599864537,2.01063131466163
"Item16",2.52637718830966,1.05249733496113
"Item17",2.36329237561712,0.933910247801829
"Item18",2.17284446756352,0.842236761383005
"Item19",-1.52899897495237,1.05915705143317
"Item20",-1.77038197639851,1.10597037899393
"Item21",-0.563281497339709,2.10081903122796
"Item22",-1.91055001237806,1.19439434015885
"Item23",0.434377449481491,2.71202073764145
"Item24",1.30501730554248,3.10484051102547
"Item25",-1.70602827960838,1.14480306526502
"Item26",1.29004851784509,2.99188776666964
"Item27",-0.467713031979195,3.09142381050869
"Item28",-1.96823995175104,1.18407786614481
"Item29",0.568869470452628,1.69370642184511
"Item30",-1.51401615655457,0.877346269677912
"Item31",1.08922222831749,3.09789290371722
"Item32",1.65325690119778,1.17199020397988
"Item33",0.382048258533181,3.01860752625331
"Item34",-0.426804568424832,2.64110265722516
"Item35",-0.0697086934183365,2.19277098669604
"Item36",-0.998198144931457,2.19269553135257
"Item37",0.568471711523683,2.56226829183835
"Item38",-0.406817111754272,0.942095003647047
"Item39",1.51965819825782,1.17681164639938
"Item40",1.39566645198949,2.15039847121033
