"Items","Difficulty","Discrimination"
"Item1",1.62033938910252,1.26571043517441
"Item2",-0.385688634019567,2.1756267860477
"Item3",1.79512558905183,1.22424897564255
"Item4",2.12311040852947,1.08709607772422
"Item5",-1.76602215900435,1.21120211450339
"Item6",-1.57610246710396,1.29634433821428
"Item7",-1.53500765516463,1.39409580482648
"Item8",-1.20720405905559,1.98372448044725
"Item9",1.46030991920846,1.5306712607914
"Item10",-0.368504084436035,2.93820449000984
"Item11",-1.48005337230469,1.60321422688704
"Item12",-0.160230160879297,3.05291622234619
"Item13",-1.56259052881021,1.32785783914743
"Item14",1.70652686407002,0.955445788426832
"Item15",1.28342446242154,1.62272971066178
"Item16",-0.834351225791526,2.12319095596174
"Item17",-2.60913013180774,1.3652383402946
"Item18",-1.4210232334195,1.60920254573859
"Item19",0.871669858123649,2.0553148114223
"Item20",2.03974388407625,1.32245939402345
"Item21",2.4044734411941,1.14312317778479
"Item22",1.13228908112282,1.95734236356883
"Item23",1.59868141265258,1.24721473949983
"Item24",0.471492422781598,2.38653513451125
"Item25",0.430849324082294,2.7121341331388
"Item26",1.46035526526205,1.27177596162402
"Item27",-0.527096595809597,2.7118529470869
"Item28",1.71071846830497,1.45213349244085
"Item29",-0.0447276668853706,2.9655798217826
"Item30",-0.054282308949691,3.09739561642485
"Item31",2.21303827074965,0.623870386524859
"Item32",1.32423097402887,1.68882442840403
"Item33",1.80405552720552,1.10775211467923
"Item34",-0.567496195706715,2.57520132308123
"Item35",0.694264336915197,2.91251234711675
"Item36",0.624622041046257,2.73148479275599
"Item37",1.18197151651013,1.97423341582057
"Item38",2.20815288380228,1.15117231933736
"Item39",0.503280689865429,2.90654193274989
"Item40",-0.930044759366155,2.45179866733442
