"Items","Difficulty","Discrimination"
"Item1",-1.83433743827772,0.77853030710124
"Item2",-0.420741927518984,2.23604817625277
"Item3",-0.685894630357468,2.63952242450444
"Item4",-0.473216603028791,2.20367134052791
"Item5",1.0487080638316,2.19848753759654
"Item6",-2.49007279899428,0.916502406351497
"Item7",-1.32995272371805,2.24601224284772
"Item8",-0.00469727208503207,2.45878032832986
"Item9",-1.2264536883293,2.05934681489727
"Item10",2.30147102281648,0.880595807277443
"Item11",-0.620465039294219,2.93527029798777
"Item12",0.101749596307251,2.91999729501798
"Item13",-0.491107794617467,3.53239063624454
"Item14",1.42467315255981,2.55177186299477
"Item15",0.750095065929971,1.70103596121917
"Item16",-0.890113576813463,2.48494555046359
"Item17",-1.83587236203522,0.794015683147673
"Item18",-0.781443891172166,2.60170337702605
"Item19",-0.493288857370834,2.44711131076175
"Item20",0.916273182763796,2.09321356085957
"Item21",1.95203062769392,1.0760241074453
"Item22",-1.43023435018406,2.77617309077617
"Item23",-0.882490710877778,1.29430244882896
"Item24",1.18977122483631,2.00280595720834
"Item25",-1.52754376811744,0.797096821740725
"Item26",-1.24880194796779,2.15890207076801
"Item27",1.62058947301771,1.37320583759674
"Item28",1.52540633142679,1.22799217412499
"Item29",-0.294629276998442,3.5441683912802
"Item30",-0.44057179440934,3.16158012586032
"Item31",-1.62439953019973,0.72801475781112
"Item32",1.81066304379826,1.28076284511714
"Item33",-1.44876480182821,2.05977480310157
"Item34",-0.417746000898001,2.06176132588738
"Item35",-0.631271617555546,2.88014463907148
"Item36",1.37333912608823,1.38693976462443
"Item37",0.347379360943755,2.23079859981064
"Item38",0.422385848024041,3.49298388122335
"Item39",0.331334188638004,1.64788426369027
"Item40",-0.469920698015328,2.97236293375861
