"Items","Difficulty","Discrimination"
"Item1",-1.33956355397033,1.59297668334748
"Item2",-2.17655940582294,1.05072980115126
"Item3",-0.712299500481495,2.2532927126118
"Item4",-2.3249157590604,1.09887810097118
"Item5",1.09478974207971,1.7954861646026
"Item6",-0.0664409522703649,3.04678543234116
"Item7",-0.716195683995558,2.63993867677993
"Item8",2.14193989957954,0.975034391676611
"Item9",1.64866075283502,1.0906141722709
"Item10",-1.08314010340094,1.99737829014684
"Item11",-0.750446167064734,2.26777583977325
"Item12",1.55153029346208,1.47573288944568
"Item13",-0.417463701085388,2.80111110313651
"Item14",0.0925791143385566,3.06191775777945
"Item15",0.323624048550035,2.92769914858691
"Item16",1.31656757534057,1.75569019029632
"Item17",2.21845433596656,0.77788757386433
"Item18",-0.587570393082582,2.53150006080271
"Item19",2.12776027153772,1.05960393091178
"Item20",-1.89281396383152,0.953946960576227
"Item21",-0.754247393677877,2.49893609697561
"Item22",-0.258119596094488,2.98070396706956
"Item23",-2.41461411867336,1.04774065223162
"Item24",-0.424288688240705,2.89809454459762
"Item25",-1.96584021210765,1.30568872345698
"Item26",1.379388299251,1.60090612876748
"Item27",1.55673533277711,1.36780755029074
"Item28",1.39403905901914,1.54653942476349
"Item29",2.32562003875609,0.730994734327559
"Item30",-1.14857054899969,2.06295819021903
"Item31",-1.10681461984979,2.20508757374026
"Item32",0.901331220410781,2.17626989659725
"Item33",-0.176152256364682,2.95215323482251
"Item34",1.06864570143057,1.94266884989412
"Item35",1.58317211831116,1.54800637882675
"Item36",0.848255175788649,2.50732838486572
"Item37",-1.59846624101968,1.46556881262984
"Item38",-0.0228532902274474,3.08836830101269
"Item39",-1.29816522286789,1.68425786143317
"Item40",-0.566070805079704,2.61382214711611
