"Items","Difficulty","Discrimination"
"Item1",1.14164233163574,1.47445991836674
"Item2",1.83773754682192,1.24553351871914
"Item3",1.5878481736128,1.55733104749373
"Item4",-0.930440420607092,2.04410443216106
"Item5",-1.27761808104217,1.678218813867
"Item6",-1.54347539709105,1.35335910670806
"Item7",-0.239729682550823,3.07404303524936
"Item8",-0.045231245268878,2.67426673493349
"Item9",-0.542688041531348,2.90410745635313
"Item10",0.984066186235623,2.4888649185716
"Item11",0.376215234210429,2.88475205046251
"Item12",0.382466048029562,3.26081225379711
"Item13",-0.43813895744809,2.8844362220522
"Item14",-0.886119188673797,2.37218903401986
"Item15",1.15279772227694,1.67231786793323
"Item16",2.05884773121797,0.831991353866814
"Item17",0.236132117907876,2.83056059193654
"Item18",-1.06958377210582,2.18125880807259
"Item19",-1.37230032017566,1.89728713546261
"Item20",0.922557462873691,2.08784053226585
"Item21",2.12263122388344,1.32677681162552
"Item22",0.865326240395414,2.59346802847129
"Item23",-0.518113083092336,2.61687942190558
"Item24",1.25545402966009,1.5430803299117
"Item25",-0.542688041531348,2.80677515089435
"Item26",-1.37601570952615,1.55154886287491
"Item27",0.309624438200829,2.94315051822126
"Item28",1.91599588949322,0.932158700460725
"Item29",-0.42148584303987,3.04976177379307
"Item30",1.49732087289654,1.36102924336594
"Item31",1.80676708429616,1.27096473542708
"Item32",-1.65909546461931,1.54674544914646
"Item33",-1.18600136284784,1.90083593770665
"Item34",0.884177514234356,1.99897861203387
"Item35",0.35412542820928,3.43257425633427
"Item36",-0.215161318095462,3.0749199107635
"Item37",-0.684293944347046,2.92473506096026
"Item38",1.88224546705963,1.17808679945412
"Item39",0.482534999041154,2.60355014317131
"Item40",0.66479499262415,2.75891250461047
