"Items","Difficulty","Discrimination"
"Item1",1.96181612517955,1.21565010514449
"Item2",-1.82764434765778,1.2836594534957
"Item3",2.35882883097037,0.815511452287663
"Item4",0.797936537833473,2.23565906089282
"Item5",-0.165511897126078,3.02004876150871
"Item6",-1.19353425431367,1.75734007618813
"Item7",-1.10603795953019,2.19764241889247
"Item8",1.66428069025031,1.403533073059
"Item9",-1.48068463589831,1.49264941476689
"Item10",1.56646807365316,1.3564425736227
"Item11",-1.16798700380403,1.82040761094885
"Item12",-0.714483832988721,2.60912719353797
"Item13",0.844933257113924,2.16298705511803
"Item14",-1.39556504487729,1.6998364089012
"Item15",0.0318149993640379,2.99207307087574
"Item16",-0.0675934173205098,3.14665271377681
"Item17",1.69714575370992,1.30938209551053
"Item18",-1.70698013874072,1.2243625207817
"Item19",1.16770835906525,1.78630876921507
"Item20",-1.20801340978527,1.75809026559125
"Item21",-1.61826064021936,1.31586091258324
"Item22",2.27182005181311,0.884493526952691
"Item23",-1.37452325163489,1.63316488636878
"Item24",0.449096680128842,2.59194300736158
"Item25",0.545637546378506,2.7951737705265
"Item26",1.57067073184865,1.28257503486828
"Item27",1.50973970595755,1.47012924677216
"Item28",-1.05557443494183,2.12119593550374
"Item29",-0.266319921468471,3.16055515420746
"Item30",-0.0419990213418241,2.96554044945124
"Item31",-2.33690083707376,1.0527393437837
"Item32",1.65227237557989,1.3743487524217
"Item33",1.18533875743013,1.90991306377015
"Item34",-1.78489996592333,1.2635831173469
"Item35",1.52575305636476,1.44016499931447
"Item36",0.000455011830267018,3.16154504032488
"Item37",1.60638094291962,1.22901238241538
"Item38",-0.396695506282063,2.99876744690431
"Item39",2.55015528660178,0.937982467441265
"Item40",0.271378610017772,2.83311842071934
