"Items","Difficulty","Discrimination"
"Item1",1.55140377319561,2.82279313950316
"Item2",1.26421333795535,2.98216928672705
"Item3",0.0732748875619857,1.66707547354049
"Item4",-1.73197004706622,-0.208928294694829
"Item5",3.04270135536777,4.73316999799898
"Item6",-1.80561552540501,-0.207701104395074
"Item7",1.12960712486141,2.28748276030581
"Item8",0.221517777859976,1.80325999295356
"Item9",0.876821369805936,2.27058721583548
"Item10",1.8350470179261,3.33001266390277
"Item11",0.944906968663486,2.60434710861116
"Item12",-0.0782485645826435,1.60460243631196
"Item13",-1.16441660701657,0.350575612114632
"Item14",-2.21308145618178,-0.371116182167865
"Item15",-2.08794188683809,-0.604429136747864
"Item16",1.36065110467612,3.19301644335833
"Item17",-1.28135897880721,0.128517317398909
"Item18",0.371356673526166,1.72569717817829
"Item19",-0.293645406917402,1.01142041691463
"Item20",-1.30334464066093,0.224326022968091
"Item21",-0.476782332548721,0.846932423030935
"Item22",0.677824323577447,2.34025200266424
"Item23",-1.55863540984694,-0.0253897177035222
"Item24",1.26817883862684,2.71406544633416
"Item25",2.34429116397982,3.76743334331974
"Item26",-2.01209856214918,-0.624382778323511
"Item27",-2.55170491043772,-1.13757946474602
"Item28",-0.167777484076054,1.38384622493212
"Item29",-0.238243205376728,1.16455747386794
"Item30",0.791688926881445,2.02636769154542
