"Items","Difficulty","Discrimination"
"Item1",-1.04967452647758,0.508770586272565
"Item2",0.865978355593752,2.43692139507042
"Item3",-0.565183297507661,0.947913792047462
"Item4",-0.297135965352446,1.13380643589713
"Item5",1.46901752272522,3.01999270089818
"Item6",-1.46198810331229,0.0273126524795737
"Item7",-1.15704750804632,0.327793023860493
"Item8",0.994638763297883,2.49677559653975
"Item9",-1.55685712306146,-0.149117074783374
"Item10",1.52780523808545,2.92268421438644
"Item11",0.924552394543369,2.4523804515784
"Item12",-0.987403557633788,0.589187151090156
"Item13",1.95227915548923,3.38627445262634
"Item14",1.40477126436442,2.83112470963158
"Item15",1.68760320527205,3.29795976999518
"Item16",0.504269922076978,1.91586327669038
"Item17",0.328882495907912,2.18302283293479
"Item18",1.2783265044129,2.64275326959911
"Item19",0.94983925468077,2.34890987340262
"Item20",-0.0824674815499785,1.39245071285169
"Item21",-1.17690706270701,0.323300273718764
"Item22",-0.438129948125262,1.02651277634618
"Item23",1.75531573632915,3.41820017119739
"Item24",-1.24484765718678,0.407137898761625
"Item25",1.48530497512596,2.96783880095053
"Item26",0.804372642377923,2.27863638669065
"Item27",1.68526159621496,3.13933874871463
"Item28",0.782976288524502,2.43929243156747
"Item29",-1.94020408847775,-0.352913887022228
"Item30",-0.5868032761559,0.808103416995287
