"Items","Difficulty","Discrimination"
"Item1",-1.3805011192159,0.429424403760996
"Item2",1.87119071423098,2.99090838651391
"Item3",-0.133880634852568,1.29743742390062
"Item4",1.96630743437224,3.56788814016741
"Item5",-1.44934089977723,0.00581710418528166
"Item6",-1.20086222805393,0.441696969112686
"Item7",-1.32716934744594,-0.0262050052223964
"Item8",-1.23810910076177,0.0965000710205161
"Item9",-0.990620804764842,0.547547961970531
"Item10",1.8121073558017,3.11277345421124
"Item11",1.30271386104968,2.66816733318433
"Item12",-0.913550164698653,0.521564126036112
"Item13",0.484253546121521,2.01520859888198
"Item14",-0.447570262534375,1.08415678006328
"Item15",-1.42877984143066,-0.0973282029121884
"Item16",-2.09543274834253,-0.735350415322129
"Item17",-0.406245760249199,1.27627181102811
"Item18",-0.636739878283578,0.794882309103738
"Item19",-0.134888666250435,1.37743800678923
"Item20",-0.476159699949302,1.15899277325003
"Item21",-0.343108504119732,1.10690561017684
"Item22",0.583925720650545,2.1169054475507
"Item23",-0.171865199410348,1.24935087391545
"Item24",-1.59941919126483,-0.0783034540096583
"Item25",-2.18432939739107,-0.727734161603948
"Item26",2.38341535614637,3.90907649267465
"Item27",-0.840132394171498,0.700781128073849
"Item28",-0.504880469486956,1.00038489932242
"Item29",-1.40619225035011,0.264482330287824
"Item30",-0.814318817777909,0.670166621722409
