"Items","Difficulty","Discrimination"
"Item1",-0.889471351269429,0.701043149320282
"Item2",-1.44548236558242,0.0992634298790359
"Item3",0.940324544173685,2.31321594663888
"Item4",1.54856385608516,3.1820600319058
"Item5",0.803940336699098,2.19108793841205
"Item6",1.27206161934155,2.54236175801992
"Item7",-1.93331574401571,-0.610726621598649
"Item8",-1.58559015499108,-0.0387869495942498
"Item9",0.643397962319514,2.15427314376124
"Item10",-0.967222350025054,0.53438503910822
"Item11",-1.21112563756814,0.331150432668314
"Item12",1.61792863045968,3.18159037046597
"Item13",-1.26951203096976,0.32537186697683
"Item14",2.17649197009457,3.74083703691649
"Item15",1.67377021068518,2.99994160610001
"Item16",-2.49073823807655,-0.982240837206739
"Item17",-1.40777702434855,-0.0905422951300678
"Item18",-0.778451843005988,0.924669628911758
"Item19",0.611383429275061,2.15282123394638
"Item20",-1.67497022987489,-0.270000934992356
"Item21",-0.763511982602911,0.722855581854399
"Item22",0.115307997143956,1.47310364345865
"Item23",-1.87179421451072,-0.393417423859196
"Item24",-1.37669673106293,0.162541440258318
"Item25",-1.20597488519233,0.194113936729429
"Item26",1.31503473164453,2.80904463006381
"Item27",1.9522437724368,3.51406781380141
"Item28",-0.657427914780634,0.912824000202588
"Item29",-0.579118772626849,1.01237887660896
"Item30",1.25655655790585,2.70820707046997
