"Items","Difficulty","Discrimination"
"Item1",2.52571220164752,4.20091325038047
"Item2",-0.0253817802647005,1.53526192630202
"Item3",1.90349595010871,3.42895069100688
"Item4",-2.29540321923789,-0.710619041012106
"Item5",-0.249167254800041,1.1132340044063
"Item6",0.93594668125024,2.1260290929564
"Item7",1.21039888512804,2.76010448233609
"Item8",1.56585607959181,2.98069688772392
"Item9",-1.72518038370129,-0.246271644432325
"Item10",-1.16862173647411,0.0856041770624029
"Item11",1.37456764540725,2.9402635879659
"Item12",-1.46921675292394,0.17120447558491
"Item13",-1.04784511624201,0.429915558702336
"Item14",-0.653778790308586,0.89004195564176
"Item15",1.06087782919135,2.55605409031571
"Item16",0.238741383812374,1.83957570298428
"Item17",-0.748965500527407,0.449011260524821
"Item18",-1.59766649088611,-0.205507704846514
"Item19",-0.440349811366857,0.94397780877116
"Item20",-1.03349643663138,0.523490132530613
"Item21",0.901442915633077,2.16927088960709
"Item22",1.82978054340142,3.24329368238648
"Item23",-1.44463383404343,0.125312856915831
"Item24",1.14237734506174,2.87552140379781
"Item25",-2.12972353377878,-0.690345759451214
"Item26",0.770598218771043,2.33536552178675
"Item27",1.36465093988717,3.13452213432358
"Item28",-1.01046690322833,0.304407146290195
"Item29",-1.63291194378845,0.0350767294167311
"Item30",0.730386854695008,2.19738878539705
