"Items","Difficulty","Discrimination"
"Item1",0.87460825544319,2.26922405857088
"Item2",1.51900986780998,3.09808474707109
"Item3",-0.532484711451153,0.980133981171403
"Item4",0.223685037464357,1.89684552202554
"Item5",-1.45331214087914,-0.0609063724001074
"Item6",1.71694516675712,3.19963666027591
"Item7",-1.53507697324641,0.0179447365094161
"Item8",0.0331391842592783,1.3725166704712
"Item9",0.142035214908429,1.48669835336438
"Item10",-1.21247487852363,0.270449281858934
"Item11",1.27058388430993,2.77184543588455
"Item12",-1.43707139425877,0.0500993762649274
"Item13",-2.188093670464,-0.53026554052857
"Item14",-2.23935064638726,-0.765758919341357
"Item15",-2.13392547711384,-0.624978895982316
"Item16",-1.65647316074455,-0.306469437937392
"Item17",1.76320970158722,3.14831779918045
"Item18",1.57700914249973,2.82053926041426
"Item19",2.28849156387692,3.61973326923448
"Item20",-0.413412491437354,1.11323189895648
"Item21",1.10267310596842,2.38717419994011
"Item22",0.451779673296611,1.96416644396015
"Item23",1.66488367141505,3.30094553423416
"Item24",-0.690805309832286,0.641171900825383
"Item25",1.30876201156635,2.66832371501006
"Item26",0.86909019894574,2.33714843035133
"Item27",1.79893951416955,3.15231133530967
"Item28",2.18153893934415,3.7745806784489
"Item29",1.56995012321944,2.89447171417346
"Item30",0.258830569071649,1.70666894579613
