"Items","Difficulty","Discrimination"
"Item1",-0.242040878665553,1.30603718068955
"Item2",0.978916984365021,2.3755547708171
"Item3",-0.740360883071543,0.942648081134891
"Item4",-1.87530999870166,-0.481237207570766
"Item5",-1.19422664445554,0.256575009935956
"Item6",-2.02100992542639,-0.373037650860693
"Item7",-0.719383941897239,0.666905794881479
"Item8",-1.66436223811993,-0.190100719436151
"Item9",-1.75546848807581,-0.361990724352134
"Item10",-2.13965025767364,-0.625021501525899
"Item11",-0.832663206666001,0.718270709680605
"Item12",0.350909650470877,1.70117293450906
"Item13",0.525902796627364,2.29041073533256
"Item14",-0.297614602742688,1.16334466184555
"Item15",-1.60708351195727,0.0486002007363518
"Item16",-1.08369449056707,0.59024706574327
"Item17",1.00593806316258,2.61100513056226
"Item18",-1.45163628395456,0.045900105347933
"Item19",2.41352336872947,3.79747218090543
"Item20",-0.429999425813596,1.02804738409075
"Item21",-1.38369653658211,0.115701971531367
"Item22",1.1227211303187,2.63863595055464
"Item23",2.03659080443669,3.29484638697622
"Item24",-0.883818645126019,0.691056964977886
"Item25",-0.803284794725283,0.792856973518412
"Item26",-2.00844926046285,-0.303921208757788
"Item27",-0.0841697703993607,1.55512726817917
"Item28",1.7304624791254,3.05730050387111
"Item29",-1.46423151603065,0.202642273486888
"Item30",0.34794696533582,1.81060207645295
