"Items","Difficulty","Discrimination"
"Item1",-0.497957647701619,0.975668770352739
"Item2",-1.86308542759414,-0.293746005403277
"Item3",-1.2120610859017,0.141608401244253
"Item4",0.156591889505705,1.62829459670381
"Item5",-1.64142859204705,0.0422178876403979
"Item6",1.39884181431439,3.19958389360524
"Item7",0.597954703474339,2.00882360005757
"Item8",-0.809520394370817,0.939776675481289
"Item9",1.38293467762743,2.90142781202256
"Item10",-1.1762362699446,0.171626706506154
"Item11",-0.447899677782985,0.728920462890623
"Item12",-0.84580794038248,0.568263126778482
"Item13",-1.06035458587552,0.497915283098585
"Item14",-1.31035183665145,0.246066791463744
"Item15",-0.625668066148864,0.938943236603362
"Item16",0.226205748139253,1.62048612330816
"Item17",-1.02198277477316,0.773969639391601
"Item18",1.13009438267306,2.84526940231268
"Item19",-1.34112174730188,0.14321290203854
"Item20",-0.597860785428567,0.963383760678896
"Item21",-0.491762390073296,1.00870272638642
"Item22",0.984345632416016,2.52151946053494
"Item23",1.36765578929202,3.12410295991077
"Item24",-1.72719093568923,-0.376094133024153
"Item25",-1.56032400928137,-0.248353759764441
"Item26",0.93841048908133,2.60202184735633
"Item27",-1.51986887823667,0.0455816252098211
"Item28",-1.39880457863405,0.209393831768247
"Item29",-0.524907610130347,0.840755828197495
"Item30",-1.89169077770355,-0.309545724348995
