"Items","Difficulty","Discrimination"
"Item1",2.00664646778001,2.81244588140944
"Item2",-0.660310407651789,2.66488066488307
"Item3",1.46511969190089,3.55160652996063
"Item4",1.80432820019826,3.10357703255428
"Item5",-1.90366283076413,1.85681271135362
"Item6",1.67262359342259,2.95133471287897
"Item7",-1.79774616799429,1.8748609219241
"Item8",0.176313447625719,2.42021357494851
"Item9",-1.36358993707112,2.22574420921467
"Item10",-1.70728499804931,2.05185877276623
"Item11",-1.33049128737509,2.15338898971932
"Item12",2.20236876930061,3.64578915392409
"Item13",-0.192235629559508,2.80897431750383
"Item14",-1.31665883458779,2.3722900494206
"Item15",1.4898901360566,2.8607118311422
"Item16",0.495829520524797,3.49182040513198
"Item17",-0.260175521241032,2.80098218551555
"Item18",-1.45155385036539,2.22039637065249
"Item19",-0.370290752942412,2.72738306809714
"Item20",1.46425508336616,2.93375653975113
"Item21",0.142581615018918,2.6248870596545
"Item22",-0.466909925774735,2.95350849870118
"Item23",1.41566839258009,2.78042250967011
"Item24",0.749633904058666,3.01225076246325
"Item25",-1.1993052915577,2.29898405316046
