"Items","Difficulty","Discrimination"
"Item1",-0.805271081848374,1.08822413964736
"Item2",0.450644424909168,0.864028683634807
"Item3",-2.45381730351796,2.87623685291982
"Item4",-0.837545319759486,0.76447253703294
"Item5",-1.58008891521908,2.54581307467125
"Item6",-1.45798369976792,0.778417427876079
"Item7",0.57266859249979,0.833435575110107
"Item8",1.53949735244496,0.734613323243345
"Item9",0.963779759554741,1.01718955579159
"Item10",-1.12354578105694,0.939159499314549
"Item11",-1.03161574973304,0.849129898117441
"Item12",0.0759436203752643,1.19033674774189
"Item13",-2.40308721016704,3.08537874089676
"Item14",1.92296703164273,1.19961910473363
"Item15",1.41881728014601,1.08684684691536
"Item16",-1.62533663371397,2.48317958913577
"Item17",0.936694464519728,1.01683811106124
"Item18",0.542283625831389,0.770265501726029
"Item19",0.963651732315538,0.7270915233118
"Item20",-0.00742270121065415,0.86574759753232
"Item21",-1.01502268891657,1.11670006148272
"Item22",-1.53539904893409,2.29070638943617
"Item23",0.0265538157656369,0.956258795864998
"Item24",-1.87208645801561,2.59457433162461
"Item25",-1.55395450971035,3.36452408482518
"Item26",0.261335246492387,0.824228916903377
"Item27",-0.234146757760548,0.97622292381751
"Item28",-1.84098608711766,2.26876955209549
"Item29",-1.73268143040968,1.81980748985994
"Item30",0.202811103057879,0.993224100197311
