"Items","Difficulty","Discrimination"
"Item1",-1.53718090827305,1.83006995803389
"Item2",-0.975322959803972,1.75814915530755
"Item3",-0.429910986881234,1.68614361265195
"Item4",1.13011191477902,0.861709603445971
"Item5",1.61262408554814,0.408429253251661
"Item6",-1.54028326373638,1.88428382003856
"Item7",-1.5952284887069,2.14056854225102
"Item8",-2.08410290095549,2.86495695438615
"Item9",1.69631709696616,1.04965597619771
"Item10",-0.742341671978397,2.17350128176069
"Item11",-0.201502385797431,1.52188927994782
"Item12",1.63767048103159,0.782639744644397
"Item13",-0.487864323977841,1.68876081970338
"Item14",2.130391984134,0.815660976049089
"Item15",-0.912956285858608,1.43670301085811
"Item16",-0.781512731995961,2.04103993076928
"Item17",-0.0144711071763305,0.87840055157824
"Item18",-0.643083644634275,1.70483601061259
"Item19",1.56075210699842,0.441093261398596
"Item20",2.51312492304343,0.590091167037019
"Item21",-0.74306172093089,1.70657638426928
"Item22",-1.22011737194955,1.97812856564012
"Item23",-1.72472715224896,2.4142428409407
"Item24",0.0688576159784312,0.798886702040273
"Item25",-1.89817665688319,2.75280275176345
"Item26",-1.38497078931632,2.20209730074382
"Item27",0.626381428951274,1.00646815129117
"Item28",-0.470446879939735,1.43381156907779
"Item29",0.392088730703484,0.965550116445532
"Item30",1.17311664572881,0.531060561596942
