"Items","Difficulty","Discrimination"
"Item1",-0.131359826626942,1.07123166376886
"Item2",0.192490505966105,0.964414785250343
"Item3",1.08982664249358,0.666664278715434
"Item4",0.680134261459379,1.06014228686723
"Item5",-1.85971282556604,2.72215679381606
"Item6",-1.00615611678231,1.36579802000899
"Item7",-1.60323770128773,2.27596325913456
"Item8",0.522782277655359,0.95860615618979
"Item9",-2.26074100361494,2.74302671395535
"Item10",1.23444113722528,0.719820919311856
"Item11",1.66040307261204,0.547763822455128
"Item12",0.185249527662434,1.20107447366259
"Item13",-1.54130422339667,2.27915750112358
"Item14",1.00743795194625,1.09893906407609
"Item15",0.630960317453252,1.25515436891747
"Item16",-1.10346969593659,1.56460176645872
"Item17",-1.22959561142899,1.99950576076548
"Item18",-1.43529518042468,2.44438374691132
"Item19",-2.05910581002006,3.15495331654887
"Item20",-1.0443164866767,1.82957030230426
"Item21",-0.743654489894089,1.84875941497987
"Item22",0.546557480150848,1.09630590427774
"Item23",-1.01024947008158,2.00595561600246
"Item24",1.29800126279887,0.662306439135413
"Item25",-1.80145802466877,2.70893700914229
"Item26",-1.27352725590483,1.65785544224632
"Item27",0.771226230610354,0.976620071765907
"Item28",1.26997656894981,0.483890153396174
"Item29",2.07735391219188,0.300492822151101
"Item30",-1.15724079455507,1.51705538188848
