"Items","Difficulty","Discrimination"
"Item1",-0.731964888374199,1.75550272449152
"Item2",0.884886701702008,0.861792405061789
"Item3",-1.01504065211119,1.88904385586663
"Item4",0.61901496342799,0.685435712512506
"Item5",-0.731049030142463,1.79305993493296
"Item6",-2.16309129322818,2.73944595650975
"Item7",0.392681892731355,0.639252117255166
"Item8",-1.18201253160711,1.8782736039579
"Item9",1.19605508615658,0.27782248566839
"Item10",-1.10940592005565,1.65248100712583
"Item11",0.321988932026974,1.47943723778185
"Item12",-1.71057173268289,2.48974364246334
"Item13",0.735255210865199,0.720021415512581
"Item14",1.07772368756216,0.271050430193774
"Item15",-1.7082655780247,2.158518972769
"Item16",1.06307906133588,0.982908280518364
"Item17",1.59697747347997,0.478084613808556
"Item18",-1.30742837691449,2.32761996141278
"Item19",-2.06044413205441,2.80701390819292
"Item20",0.0175691565465988,1.42844304637671
"Item21",0.580178741309138,1.1127951082824
"Item22",1.72705278449929,0.962793305271855
"Item23",-1.22564401256739,2.13534941749823
"Item24",2.10077801503151,0.768093846303099
"Item25",-0.866260758470677,1.42061930254512
"Item26",-1.20978504498265,1.55031857960679
"Item27",1.72242367036055,0.592797185338807
"Item28",0.786585104903502,0.744830801590841
"Item29",0.24015255167577,0.848402191816184
"Item30",0.530197207537807,0.83024309747177
