"Items","Difficulty","Discrimination"
"Item1",-0.446669375896696,0.868425537398891
"Item2",-1.01315777538686,1.04093252399918
"Item3",-0.869635205584138,1.0736057260275
"Item4",-0.145184252793926,1.09751899336333
"Item5",-1.04382914028431,1.03697505437125
"Item6",2.71176646590019,0.949571422173992
"Item7",1.47683152964669,0.936883252689564
"Item8",0.244696790591825,1.20992284981733
"Item9",-1.32766117300989,0.68338695549762
"Item10",-0.396987179804679,1.08942866257627
"Item11",-1.55292489792707,2.64844905094973
"Item12",0.119493646787898,1.06341885780561
"Item13",0.511150404763418,0.963414892825396
"Item14",-0.101060552341126,0.940854828477213
"Item15",-1.05176503817974,0.954345674599826
"Item16",0.463326451097002,1.25037443462091
"Item17",-0.788131564496423,1.01941716437714
"Item18",1.87308574760797,0.951928405851368
"Item19",-1.52782195799979,2.72923756286684
"Item20",1.81983224325495,1.04481020443314
"Item21",-0.58702633057022,1.19639238743054
"Item22",-0.375010004722335,0.689047261051344
"Item23",1.00811154043488,0.95437183631205
"Item24",-2.13754333966637,3.27385909862302
"Item25",1.91634085180098,1.07298909054754
"Item26",-1.64491980686499,1.83647182676182
"Item27",-0.166391728928344,1.37865581872869
"Item28",-0.36483727271017,0.855134931676666
"Item29",0.722751804048014,0.806268232496772
"Item30",0.98689194986513,1.3129804804655
