"Items","Difficulty","Discrimination"
"Item1",0.302289472561813,1.33606658163983
"Item2",1.72857851766728,0.757246973699467
"Item3",0.533373670468779,1.22189518238771
"Item4",1.1191624649464,0.753880046423842
"Item5",-0.418569318416712,1.20346637240863
"Item6",0.0152234221607428,1.32378026446131
"Item7",0.711891293000893,0.892621207476145
"Item8",1.2999894297191,0.505480479287634
"Item9",-0.0217611395504703,1.5085547797074
"Item10",1.92791785234167,0.708288525897401
"Item11",-1.26290306909619,2.29062143949078
"Item12",-0.831220758637273,1.75847380704908
"Item13",-1.77910749743513,2.3835235470946
"Item14",1.21194118820898,0.827428693816769
"Item15",-1.08354524781461,1.98961399636106
"Item16",1.29998379083027,0.320932101575257
"Item17",-1.51547305935199,2.62430112291408
"Item18",0.776856119982923,1.11410308932743
"Item19",1.55227371228383,0.858071287315907
"Item20",2.15570813668695,0.238628508704992
"Item21",1.2469198028126,0.624653285109568
"Item22",0.600159506882208,1.11365089127873
"Item23",0.588959077477451,0.750404665566372
"Item24",1.09095437173458,1.26850202338127
"Item25",-1.76184595964087,2.0817039781676
"Item26",-1.84589868099802,2.52395887540098
"Item27",-1.79430070276089,2.58277786326737
"Item28",-0.492775587905361,1.57343872116892
"Item29",-1.33523992868616,2.14129314458529
"Item30",-1.96487132485491,2.53013054829574
