"Items","Difficulty","Discrimination"
"Item1",-0.043701224942394,3
"Item2",1.13347539706353,3
"Item3",1.45645301229581,3
"Item4",1.21498870627134,0.25
"Item5",-0.908906198723916,0.25
"Item6",-0.937008742268278,0.25
"Item7",-1.39937407905745,0.25
"Item8",-0.676765216013855,0.25
"Item9",-0.230040881296362,3
"Item10",-0.6541925316903,3
