"Items","Difficulty","Discrimination"
"Item1",-1.02366836668105,0.25
"Item2",-0.690066835729454,0.25
"Item3",0.844461101244189,0.25
"Item4",0.543145778941878,0.25
"Item5",-2.49614872761367,0.25
"Item6",-0.485260771836856,0.25
"Item7",1.02416218561025,3
"Item8",0.947629426150861,3
"Item9",-0.955584345103714,0.25
"Item10",-0.830716465296679,0.25
