"Items","Difficulty","Discrimination"
"Item1",1.63300701645898,2.21903437347659
"Item2",-0.0533381688729038,1.26271169647509
"Item3",-0.849688022738754,0.846794452367842
"Item4",1.07458505140755,1.88509994102551
"Item5",1.87285470643335,2.43433743949768
"Item6",-1.18268184073296,0.70449443322973
"Item7",1.26464970852744,2.10485639866322
"Item8",-0.727476911614291,0.838276003266922
"Item9",-1.4045868381663,0.655780207038547
"Item10",-0.253769770714513,1.02101988751954
