"Items","Difficulty","Discrimination"
"Item1",0.519022337877522,1.43711473334899
"Item2",2.13692093275406,2.78619401939007
"Item3",-0.460276355937922,0.851788639476018
"Item4",0.999270929743794,1.90549496560044
"Item5",2.60024695071169,3.23221896348483
"Item6",-1.63265112770074,0.622694862776711
"Item7",-0.494075644734724,1.05813012308164
"Item8",2.42576941506402,3.05799141372538
"Item9",2.41784516024741,3.15716293793544
"Item10",-1.27998264178315,0.660672468113913
