"Items","Difficulty","Discrimination"
"Item1",-1.26979685245563,0.790842384757896
"Item2",-0.3129594394169,1.34157202406101
"Item3",0.541916632268252,1.5067614363702
"Item4",1.41051753674817,1.99054765671059
"Item5",0.632076330500876,1.60896770992735
"Item6",0.454313670925027,1.31788711916415
"Item7",0.491799486633935,1.37839050049203
"Item8",1.28332536592745,1.96816577094203
"Item9",-1.60790437785917,0.6774835586574
"Item10",-0.23978446460741,1.00103576506769
