"Items","Difficulty","Discrimination"
"Item1",-0.0883844118891861,1.13851472888013
"Item2",1.46467449980999,2.40877368288377
"Item3",0.542873856834419,1.93959322530027
"Item4",-1.59600161427677,0.584251635486523
"Item5",-0.27789221097385,1.01890057817762
"Item6",2.22403449005734,2.85374545074699
"Item7",1.57444746362929,2.05413029446596
"Item8",-1.77127289675246,0.290172810101197
"Item9",0.118785056074539,1.22049332826423
"Item10",2.17505949928763,2.77442880716107
