"Items","Difficulty","Discrimination"
"Item1",1.00811237950701,1.86949683315974
"Item2",-0.588155696183989,0.626097168899585
"Item3",-1.22265706587984,0.458304373682026
"Item4",-0.622026178173335,1.29604130354768
"Item5",0.673752029501454,1.46222332201124
"Item6",-1.40109525811866,0.850463317285003
"Item7",1.62770674367124,1.88969314221549
"Item8",0.620010378218238,1.48758031832428
"Item9",0.0396657120245979,1.55519773909233
"Item10",-1.34610478064815,0.509954047708583
