"Items","Difficulty","Discrimination"
"Item1",1.29441270546873,1.76781415095338
"Item2",-1.00963712062374,0.839160302969866
"Item3",-2.22271722908396,0.605997532153748
"Item4",1.28427527783782,1.86798024560682
"Item5",1.45463608138817,2.19207180972418
"Item6",0.233676552230331,1.7161997758974
"Item7",-2.00288761980325,0.202535209733495
"Item8",1.13498635224419,1.86090528843008
"Item9",0.183560689873126,0.604712523412094
"Item10",-0.0125611022969328,1.27780695195034
