"Items","Difficulty","Discrimination"
"Item1",-1.40409646221936,0.974132872391231
"Item2",1.16172353596091,0.857299869875622
"Item3",0.327319082406006,1.1513091944051
"Item4",-0.501519808668815,1.07042715957908
"Item5",1.02609774910344,0.853854914233514
"Item6",-1.27921073948915,1.13434176689681
"Item7",2.37205455905574,1.95140560593144
"Item8",1.35691322163224,1.03924023152823
"Item9",0.46879326107845,1.13589308493024
"Item10",2.02495551693388,2.92293548438499
