"Items","Difficulty","Discrimination"
"Item1",0.124623775053056,1.34025250008374
"Item2",-0.449770421307359,0.990146670931572
"Item3",1.93111414994544,2.49109983993142
"Item4",0.863215830937562,1.6800867832199
"Item5",0.750214075358007,1.67278712602423
"Item6",1.83989478603558,2.4878481161469
"Item7",1.07060351241727,1.93939659063649
"Item8",1.34662425755064,2.05416459597641
"Item9",1.18158772556699,1.92066861070688
"Item10",2.24830234928271,2.81606797168358
