"Items","Difficulty","Discrimination"
"Item1",0.654792211454314,1.56689678872583
"Item2",-0.769694865520402,0.844294191985623
"Item3",-2.35274313845613,0.521511974268731
"Item4",-1.65364466121106,0.515700594602965
"Item5",0.607386227948323,1.56637544356453
"Item6",0.847649112901045,1.66858512236968
"Item7",1.47751808031602,2.22644603278723
"Item8",-0.237981429233418,0.906169611136982
"Item9",-0.346015423843305,0.97168319010893
"Item10",-0.530348776408895,0.897146254852779
