"Items","Difficulty","Discrimination"
"Item1",-0.204598566051984,1.57645528427269
"Item2",-1.01221668446971,0.797386694705329
"Item3",0.259738507615047,1.21505311846292
"Item4",-0.186050915411419,1.82222702688199
"Item5",-0.94603438788812,0.495825486479956
"Item6",-1.21892450089881,1.06697822142356
"Item7",2.15840755454155,3.25384915648875
"Item8",-1.38377857350395,0.673427040449427
"Item9",-0.675508381277356,0.838327651861888
"Item10",-1.11722936948408,0.875162554333027
