"Items","Est.Discrimination.2PL","Est.Difficulty.2PL"
"Item1",2.00389980359117,0.099710245117929
"Item2",0.746214875242147,-1.26705727515434
"Item3",3.20173295180613,1.78671125560359
"Item4",0.81089576115104,-1.3005425764694
"Item5",0.947188330874761,-1.11427866486713
"Item6",1.97574097668037,0.247430925998295
"Item7",0.756737657182954,-1.81499352361792
"Item8",1.41587091333229,-0.643044292401022
"Item9",1.27223736372494,-0.509867043564519
"Item10",0.70858126716604,-1.22366520098939
"Item11",0.361459417870938,-1.85026730794759
"Item12",0.905860555957618,-1.74897385899838
"Item13",1.09730741663065,-0.919983012549791
"Item14",0.92782739283723,-1.17657991328479
"Item15",2.77080945215752,0.944512207923574
"Item16",0.569627505436582,-1.79424478956868
"Item17",2.80474506583244,0.85516014004332
"Item18",0.691513206360006,-1.17680822213115
"Item19",2.8765101474559,1.3041328692936
"Item20",3.30248208593339,1.45079277279957
