"Items","Est.Discrimination.2PL","Est.Difficulty.2PL"
"Item1",0.7223530786362,-1.43806185684145
"Item2",2.40819098141614,0.783096438928932
"Item3",2.75627676267252,0.804346835737762
"Item4",3.12867246734183,1.57023760924786
"Item5",0.671644585609643,-2.33951775047367
"Item6",0.715830582805634,-1.34716488240847
"Item7",2.28042583345765,0.542179905467866
"Item8",1.58932837387048,-0.337767679607024
"Item9",0.822198438397253,-1.4241705897332
"Item10",2.04207685268267,0.280556067702225
"Item11",2.25987122858369,0.082582171173714
"Item12",1.07732750480989,-1.38749640219555
"Item13",1.77459975189053,0.153512737914577
"Item14",2.8429706979593,1.52726147434719
"Item15",2.52546010257411,0.588534116680748
"Item16",1.25516651986712,-0.820129748576763
"Item17",1.87210149794526,-0.0438785556475155
"Item18",2.7334768100416,0.943709217987069
"Item19",2.29570710417384,0.431087346401171
"Item20",2.11845475946813,0.365245203484991
