"Items","Difficulty","Discrimination"
"Item1",-0.571804004830165,1.0583255097671
"Item2",-0.364844400972747,0.661169796022297
"Item3",-1.18550916244565,0.910953967069021
"Item4",0.703536681737587,1.52885955851498
"Item5",1.5541476523429,2.38652236228893
"Item6",1.38492129306961,2.4048684565916
"Item7",0.375331566232554,1.52374131164694
"Item8",1.18931455648462,1.71993227549273
"Item9",1.22652013724164,1.90119787011297
"Item10",-1.6792185021501,0.435476433844965
"Item11",-1.19516144580819,0.512906949446788
"Item12",1.61983411604339,2.55145483554645
"Item13",-0.79967471080413,0.665389120940593
"Item14",0.389330101387462,1.50020246161998
"Item15",2.26975355515237,3.25693607875812
"Item16",1.69510718348305,2.36495370032234
"Item17",0.00149886104623463,1.32867926824219
"Item18",1.22001683868398,2.47198158920851
"Item19",-2.11739304393385,0.653803570734435
"Item20",0.598666511087101,1.67526694711682
"Item21",0.35794165216539,1.51991403798261
"Item22",-1.5847600058812,0.345808467169469
"Item23",0.877927935300473,1.31351873120707
"Item24",0.0304703754528457,1.24903885676103
"Item25",-0.544525946029005,1.12874404979925
"Item26",0.774605034073005,1.78799976586754
"Item27",-1.27487490988285,0.969441989383926
"Item28",0.902711181322419,1.82938330163712
"Item29",-1.64051654151093,0.26015467936906
"Item30",-0.478726611222059,1.06538036367019
"Item31",-1.72320410824195,0.789861365772018
"Item32",-2.38893794169277,0.535198350716962
"Item33",-0.347938343098075,1.24529713706455
"Item34",-0.380716110989482,1.20187523930519
"Item35",-0.530923590296573,1.25730169577209
"Item36",-0.257333701765959,0.683285932171826
"Item37",-0.48650608524304,0.917233676952336
"Item38",-0.711887150511171,1.02689596781981
"Item39",0.342069368457278,1.41488504141153
"Item40",-2.93070616133016,0.59858743756519
