"Items","Difficulty","Discrimination"
"Item1",0.502865399037543,1.32519158253186
"Item2",-1.29985995891922,0.659288575338118
"Item3",1.12389833172749,1.92413285229817
"Item4",1.58808932841878,2.09812310636169
"Item5",-0.331440015654913,1.20514824792648
"Item6",1.31505466758745,2.13595620506956
"Item7",-1.49172939693575,0.635826853243857
"Item8",-0.872717412476954,0.816248656865637
"Item9",-0.756999590079694,0.745079885460871
"Item10",0.749819265617305,1.71225017863217
"Item11",1.36578761227014,2.05419428567337
"Item12",0.132384347934254,1.3171933277729
"Item13",1.23595092411481,2.02421237400998
"Item14",1.82194440936483,2.41586931348691
"Item15",1.56905088849913,2.21134890496114
"Item16",-0.785259219985974,0.792134210131735
"Item17",-0.979332589756722,0.976912386623421
"Item18",-1.62723478981216,0.685123618942536
"Item19",-2.02587650864892,0.663968719007468
"Item20",-0.474386796304833,1.06086894107868
"Item21",1.45958402970875,2.29635653099834
"Item22",1.53442288702803,2.29254862893959
"Item23",2.47622704923736,3.19848140448298
"Item24",-1.57004446360281,0.667421356135666
"Item25",1.24736386045837,2.05241906873217
"Item26",-0.0228326596380977,1.27054735078047
"Item27",-1.22159473471998,0.657519543455326
"Item28",-1.60894466257086,0.584948560633008
"Item29",1.13879167361033,1.96632691130206
"Item30",-0.757773028602838,0.758943551492955
"Item31",-1.97723405677993,0.429379452706908
"Item32",-1.74921377169031,0.686532951079599
"Item33",-1.59279485128474,0.679615480511213
"Item34",-0.538270780931635,1.02999323021579
"Item35",-0.592322423063536,0.835520715052413
"Item36",1.64940747981343,2.33025268559714
"Item37",-1.92507014581637,0.699844060133347
"Item38",0.890437980795449,1.74822512095124
"Item39",0.188218895670641,1.26622908023512
"Item40",-2.55600664787815,0.422224562203423
