"Items","Difficulty","Discrimination"
"Item1",-1.15136642423402,0.694424433523612
"Item2",1.72397479960716,2.32336428044709
"Item3",-0.209779460471267,0.964296454151753
"Item4",1.34381981127293,2.06251763166263
"Item5",2.07013307096674,2.96475889453572
"Item6",-2.63242022936223,0.626429500495783
"Item7",2.05789186864974,2.74441542188111
"Item8",0.999494643474545,1.80423053274543
"Item9",2.16571248994232,2.88413464215187
"Item10",-0.649842211566738,0.97184780104379
"Item11",-2.37782138308266,0.552346048307956
"Item12",-0.482872365994865,1.11400643393977
"Item13",-0.458803428723124,1.01059647629135
"Item14",1.13935922896751,1.98468213966167
"Item15",0.226379915626885,1.35708523385452
"Item16",1.94936982124659,2.71391220583909
"Item17",0.272154824955895,1.34251569063797
"Item18",-1.36945506978606,0.5439130540016
"Item19",2.14687853958103,2.84192279285551
"Item20",1.7728055464025,2.39072989357199
"Item21",1.62673768616303,2.23048481614426
"Item22",0.0447730241825158,1.46710138028001
"Item23",1.68710001351767,2.44027338890203
"Item24",-0.898831848470665,0.777578796353381
"Item25",0.363373283135224,1.28216662495423
"Item26",0.537530369158312,1.53966606151792
"Item27",1.84710149350522,2.52158550191653
"Item28",-1.45188107825029,0.724792745069416
"Item29",-1.62116396193985,0.568545882302178
"Item30",1.7039284820405,2.35815000958885
"Item31",-1.46992693638389,0.561106221581118
"Item32",1.99085925227718,2.59473321587716
"Item33",-0.779288822021689,0.919725878877909
"Item34",0.301974427653289,1.38682755314669
"Item35",1.29704616722058,1.98963896984383
"Item36",1.20160908399837,1.81218768354694
"Item37",-0.892574357919405,0.886847134339564
"Item38",0.252970508536969,1.26945058606855
"Item39",0.301976948113016,1.28472354307164
"Item40",-1.33809615132961,0.5631541276462
