"Items","Difficulty","Discrimination"
"Item1",-2.09100436528372,1.21324665135869
"Item2",-0.746709089572664,0.977839215262466
"Item3",1.7978090184278,3.83949187988044
"Item4",-1.10864349095561,0.947789140295856
"Item5",-1.16897521634389,0.740967741189729
"Item6",1.75877163371282,2.86987320063336
"Item7",-1.5595207817573,0.803673828331688
"Item8",1.74961079487898,2.65852276379935
"Item9",1.26342683087085,0.973485534363626
"Item10",-0.587488460873688,0.940056969437674
"Item11",-0.314367182776964,0.778640524940583
"Item12",-1.16819505083226,0.808244424754264
"Item13",-2.05360451800703,0.871810841490781
"Item14",1.0476886540476,0.882658630707624
"Item15",1.81195033407544,2.46187707952795
"Item16",-1.11294076082218,1.14231127980829
"Item17",0.084863936149317,1.17007937017459
"Item18",-1.42254912586297,0.880586814050635
"Item19",1.74680457385702,1.94105428372311
"Item20",0.409831891624099,0.790130229153078
"Item21",-0.977294361440156,1.26405025645577
"Item22",-1.78282715798002,1.04484295436923
"Item23",-0.340472214600835,0.917501457255912
"Item24",0.440135839610024,0.928215643932737
"Item25",0.219891512139022,1.01116311488908
"Item26",0.718039545169993,1.00220113276659
"Item27",1.81389070177193,2.97242141743485
"Item28",0.0320603832975599,1.14682783533272
"Item29",-1.735421156969,0.826860419755042
"Item30",-1.46278869698068,0.780290816433805
"Item31",-1.90097860463803,0.948675182133326
"Item32",-3.05908326967517,1.09937315393433
"Item33",-0.628521943874977,1.12767720379301
"Item34",1.16673834250662,1.04387289170088
"Item35",-1.7340047655596,0.952539855286247
"Item36",-0.827537819564662,0.940382769021447
"Item37",-1.25433997760702,1.04233066674849
"Item38",-1.65868419318841,1.08575730262787
"Item39",2.0116478920829,2.27967554684181
"Item40",1.80589688747884,2.83442328610119
