"Items","Difficulty","Discrimination"
"Item1",0.885211992720394,1.42937376899683
"Item2",1.4016900414003,2.10224991989577
"Item3",1.7767383013362,2.27699117579886
"Item4",-0.327437784835106,0.558864049126764
"Item5",-1.31469987921397,0.802165402360298
"Item6",-1.06968689191051,1.23673008224348
"Item7",1.55877016008901,2.04172025242864
"Item8",-2.07563579448474,0.510044545944113
"Item9",-1.01936178810165,0.578522857603223
"Item10",0.829763583330536,1.47833663057716
"Item11",1.42791718856521,2.49414618775902
"Item12",1.55623335008805,2.47198593920335
"Item13",-1.18627969588769,0.500493734881772
"Item14",1.40138238355569,2.19214259456517
"Item15",-0.673447654865643,1.38268440567853
"Item16",-1.24711017548082,0.419656091949412
"Item17",1.81289568831414,2.80406500046687
"Item18",-1.60791275932081,0.690074798446083
"Item19",1.26873700443336,2.10121824225066
"Item20",-0.951991605619093,1.02461208540476
"Item21",0.0860489823325063,1.41836600083885
"Item22",1.20725381075359,1.954985150272
"Item23",0.651872464452762,1.65450028151844
"Item24",-1.67865897955364,0.0663359273150042
"Item25",-0.744992069505145,1.05671048973625
"Item26",1.31678485766471,1.9889160243705
"Item27",0.610572154561359,1.63281350027217
"Item28",1.11046463075961,1.57856872027287
"Item29",-0.165472177166591,1.46771782908342
"Item30",-0.9662184090803,0.789155571560102
"Item31",1.30576984688735,2.146818060389
"Item32",-1.41817872427191,0.517478082828191
"Item33",1.57681572433912,2.18206514464731
"Item34",-1.97362036692304,0.852562573593096
"Item35",-1.52607970578328,0.796289478787618
"Item36",1.36068971192486,1.9396977596249
"Item37",-0.868439952184321,0.942544070386293
"Item38",-0.27466900342423,0.841584893300009
"Item39",-0.667931758673976,0.963493421181727
"Item40",-0.141338863126042,0.822067171835355
