"Items","Difficulty","Discrimination"
"Item1",-2.4565460540901,0.947587955623923
"Item2",1.56862859202237,3.13846934112256
"Item3",-0.488305466745394,1.12579314416494
"Item4",-1.05463806792342,1.14834944852237
"Item5",1.42584925914657,0.703732558083582
"Item6",-2.32642286651048,1.3827453920259
"Item7",-1.68583259319192,1.16874560098764
"Item8",-1.98712635034979,1.07780442584493
"Item9",1.14058888744042,1.05312068526815
"Item10",-0.421193335557473,1.26585183611188
"Item11",-1.82132398346308,1.04539788536294
"Item12",1.84563632994837,2.28026881203478
"Item13",1.3352951726138,0.819413417610062
"Item14",1.62747550156921,2.39846738335135
"Item15",0.860651495520753,1.06423471970085
"Item16",-0.765538317197494,0.952762099025165
"Item17",-1.45900469149028,0.877660935772524
"Item18",1.3451654769269,0.981826951826756
"Item19",1.23795038048306,0.943491592015628
"Item20",1.19348124618528,0.814394561760009
"Item21",2.43014165289744,2.5190979433546
"Item22",-1.20439689324093,0.972112118589032
"Item23",1.29555370181349,0.97311825934616
"Item24",0.288615873710802,1.182568133322
"Item25",-1.61847596678316,0.810498115857442
"Item26",-1.48444929365945,0.971280505105904
"Item27",-1.64453885714914,0.924943862510576
"Item28",-0.929967865055267,1.2125400403894
"Item29",-1.57089039459999,1.19152438345343
"Item30",1.27891482633538,1.01729388502835
"Item31",-1.92091519040135,0.938451784191144
"Item32",-1.97924754476982,0.830535637789065
"Item33",1.47522137218874,1.0032078972609
"Item34",1.07706124160723,0.969655974535029
"Item35",-1.44797936309461,1.06974318510547
"Item36",1.86761280073955,3.42220601629137
"Item37",1.13958936225631,0.993988553412697
"Item38",0.626613496412506,1.00715662523902
"Item39",-0.269990113625967,0.742202068460046
"Item40",-0.0566610527298214,0.71751800733093
