"Items","Difficulty","Discrimination"
"Item1",1.5428489867339,2.34696637402102
"Item2",-3.07667077214638,0.319304000767153
"Item3",1.91367974424444,2.53397491707977
"Item4",1.58351477098586,2.2361930650572
"Item5",1.16662274636581,1.89321443411178
"Item6",-0.695879660834092,1.02665406622234
"Item7",0.739176446734054,1.78922624655192
"Item8",0.663232315616395,1.56754806435159
"Item9",0.991219809787961,1.74241283041593
"Item10",1.272379944759,1.95734623123445
"Item11",2.19386783326562,2.9049644189164
"Item12",-0.0401764590021658,1.16129012715736
"Item13",-0.946747838002559,1.13652409018979
"Item14",1.57230482593368,2.32096283348403
"Item15",2.19408315984706,2.77245581852458
"Item16",-0.820403152520536,0.902114608113925
"Item17",-0.763256708996277,0.963243421084077
"Item18",-0.499645840593612,1.02931558235352
"Item19",0.381416446546054,1.4404874522415
"Item20",-0.897208828432679,0.721197962727839
"Item21",0.992969357911391,1.77150035860462
"Item22",1.92372482100312,2.51767136473996
"Item23",0.504583702086434,1.49306270095006
"Item24",1.59697996554232,2.25587528337251
"Item25",-1.03022620321724,0.739687052881463
"Item26",1.75556482292668,2.41334327151822
"Item27",-2.36775934660089,0.439125640612207
"Item28",1.8907282255027,2.56723438356382
"Item29",-0.791855350136239,0.793554459888474
"Item30",0.987388315465212,1.80425424043824
"Item31",1.27345266499226,2.0824411953259
"Item32",1.57298429017246,2.21875386374635
"Item33",0.18968721967127,1.49381522734426
"Item34",-2.53267212647929,0.314262925623109
"Item35",-0.616480772085431,0.936307481994585
"Item36",-1.8683482619395,0.716426766617091
"Item37",-0.273116565141881,1.16090480362032
"Item38",2.13568607798324,2.93905129350369
"Item39",0.785189351833954,1.54296298755778
"Item40",0.246853833584742,1.07027197876372
