"Items","Difficulty","Discrimination"
"Item1",-1.60673171452622,1.10680484301085
"Item2",1.98480404440544,2.30351198413915
"Item3",-1.48863917397105,1.25288149251173
"Item4",-0.52220302794993,1.01868765275228
"Item5",-2.01054413799336,0.656827759590251
"Item6",-0.813747770341423,0.797095270078381
"Item7",0.883536876557877,0.744266948235984
"Item8",0.414975816403475,1.29728858484329
"Item9",1.66054540853135,2.68867820368175
"Item10",1.87841683776033,2.3441556182352
"Item11",1.55656726131417,2.49014307258026
"Item12",-0.177304499832587,0.996154687518009
"Item13",2.32399807192046,2.39453463886052
"Item14",-1.41662570358051,0.918804063615901
"Item15",-1.08564148920065,1.14171203153814
"Item16",0.766723765968774,1.02322835608869
"Item17",0.0114698335769016,1.24851916193857
"Item18",2.13433982954245,1.95057558859421
"Item19",1.09891631345921,0.808994175917053
"Item20",-0.282399985333623,0.853483824171024
"Item21",1.45187237289949,0.991658726607556
"Item22",1.25044771228986,1.21214587970908
"Item23",1.65563214385869,2.75525955283838
"Item24",0.981405282631104,1.20899778317662
"Item25",1.79796004611539,2.2112464659537
"Item26",-1.09063465332962,0.922023175074271
"Item27",0.0281308955116505,0.957722165848829
"Item28",-0.806898371319534,0.885353859879779
"Item29",-0.969555914896084,1.19213635226899
"Item30",2.76985698722932,3.07122810218864
"Item31",-0.573253328513526,0.984135983029982
"Item32",-0.820276827900331,0.997193119658991
"Item33",-1.94050612195899,1.12420631475945
"Item34",-0.535813531815497,0.960828086754841
"Item35",0.68312769579889,0.975364152376772
"Item36",-0.80754307986314,1.11234494847376
"Item37",1.61409675290378,2.45736210381378
"Item38",1.27971071171449,0.999726323383063
"Item39",0.271255387431658,1.23741006288414
"Item40",1.61111766278463,2.24601818759522
