"Items","Difficulty","Discrimination"
"Item1",-0.217026473908662,1.45170175403074
"Item2",-2.31146570133785,0.241739554321605
"Item3",0.0140133011586968,0.915660152250835
"Item4",-1.60383675367587,0.896049492703732
"Item5",0.798269084856114,1.69119427505807
"Item6",-1.42239700042882,0.841758417437631
"Item7",2.34792707571037,3.19803514521926
"Item8",-1.82544330645082,0.624012001190709
"Item9",-1.7601815223859,0.569627582602242
"Item10",0.639836342395809,1.45761658628631
"Item11",-0.303277674470548,1.30601026322517
"Item12",-1.64911024416522,0.514264136360976
"Item13",2.43061484341877,3.95377594054389
"Item14",-0.140248309586508,0.852367237860213
"Item15",2.43660387967884,3.05171882115981
"Item16",1.1317341063955,1.69537808340985
"Item17",-1.91239057149575,0.806287659631817
"Item18",0.440373643595174,1.29451378283943
"Item19",-1.20318267433303,0.574138176175728
"Item20",-1.32911188968122,0.663003080383308
"Item21",-1.98901852148245,0.652461336779912
"Item22",2.2410543923202,2.73577910795484
"Item23",-0.0557727751555848,1.53592729470169
"Item24",1.5494133282912,1.91252270527926
"Item25",-0.571492745909814,1.06555099541432
"Item26",-1.18469191198108,0.762660524307955
"Item27",-1.59398418974171,0.991439157224509
"Item28",-0.811208434662321,0.568493284588093
"Item29",-0.911201692357003,0.538741181579853
"Item30",-1.66181990308884,0.568437681549453
"Item31",0.364364224753421,1.41135994774688
"Item32",-1.1334518361983,0.741949074967909
"Item33",-1.89984718924955,0.17640482995158
"Item34",-0.251682457244708,0.659044890807378
"Item35",-1.65074932041978,0.53127585365057
"Item36",-1.86989217682722,0.117129710484124
"Item37",-1.44578789165889,1.32718210865859
"Item38",2.06638168848735,2.30882910689471
"Item39",0.241470818674516,1.37975372973707
"Item40",0.0760416784482724,1.0778624942973
