"Items","Difficulty","Discrimination"
"Item1",0.546793762042493,1.10637433463314
"Item2",-0.0481163706945617,1.12897519955253
"Item3",-1.97643541687206,0.37059565558919
"Item4",1.76139192385165,2.30801136421563
"Item5",-0.327868098074226,0.883324628008338
"Item6",-2.26388955925798,0.494667835660347
"Item7",-0.703139155212982,1.02218232618151
"Item8",0.683418488807745,1.68955870117998
"Item9",-1.63414016014427,0.52161296469882
"Item10",-1.93661473053624,0.507849748263741
"Item11",1.23457400396081,2.15190796016485
"Item12",1.26679466515108,1.85656344877038
"Item13",0.940331840037982,1.50473918972839
"Item14",1.80467752985583,2.44673707471601
"Item15",-0.374880685420693,1.49229149578628
"Item16",0.0563199719036469,0.958752128455462
"Item17",-2.47262640857662,0.664702697795463
"Item18",1.31271798656749,1.90709474908489
"Item19",0.844277025345553,1.24557898899681
"Item20",1.44947503643861,2.37232770938703
"Item21",-1.65072572560973,0.220242923586035
"Item22",1.07473167508457,1.98047143910038
"Item23",0.178005959467305,1.48935678754018
"Item24",-1.44468073758333,0.549365769306106
"Item25",1.76543203878575,2.15569167947349
"Item26",-2.08216991178638,0.630545045641019
"Item27",-2.29514328513767,0.658939468393776
"Item28",-0.0377500395233852,1.5257660285728
"Item29",1.57770335243996,2.57197554966577
"Item30",-0.48145067459802,0.910733328126699
"Item31",-1.64909223189041,0.364314775141921
"Item32",1.3477600205898,2.40099648890991
"Item33",2.19694205605991,2.91867571658277
"Item34",-1.54362816770738,1.09137069341036
"Item35",2.10727438770606,3.1201261391835
"Item36",1.18252379596472,1.82846309499056
"Item37",-2.04659078243683,0.56155709926492
"Item38",-0.437325040571701,1.10194800826568
"Item39",0.760171756032975,1.6436733704259
"Item40",-0.306004103118031,0.728408119572141
