"Items","Difficulty","Discrimination"
"Item1",2.94605810868675,3.09105135825546
"Item2",0.190351677597272,1.22086703409681
"Item3",0.857611009469737,0.943737651974449
"Item4",1.91413899643517,2.98289491262823
"Item5",0.469985640829393,1.13350694227455
"Item6",-1.02600903657306,0.983324400107163
"Item7",1.27510216496284,1.10645021207577
"Item8",1.21173498783834,1.25009745140603
"Item9",-0.323553881708534,0.831413381286245
"Item10",1.04505734554133,0.905678166690229
"Item11",1.24854489509998,1.04554107805617
"Item12",-0.176124150993197,0.907409626547638
"Item13",-2.0498178904324,1.06435544470759
"Item14",-1.15908994024149,0.989283404211312
"Item15",1.01108111547328,0.952581447600463
"Item16",1.41375046669742,1.13105358395083
"Item17",0.339991408705045,0.880679427050554
"Item18",0.634900603873281,1.00660699347604
"Item19",-0.522898529409115,1.09314403299
"Item20",-0.119966279732401,1.13500309682131
"Item21",0.180163858936023,1.17306157739574
"Item22",1.21429665139615,1.02453251070824
"Item23",-1.24899903099547,1.02665294175025
"Item24",-1.18219253552807,0.971046908977572
"Item25",-1.26618445732136,1.08436948498737
"Item26",-1.8172738496894,1.23118164331108
"Item27",-3.25784886688168,1.12164863172097
"Item28",-1.53009784202721,0.937409048133282
"Item29",-1.03028521681934,1.33381968805986
"Item30",0.220425423000259,0.849048138958906
"Item31",-1.71446385807002,1.1123814877533
"Item32",0.869791415206202,0.860730603890207
"Item33",-1.35786715086742,1.25389201465754
"Item34",1.38033725136818,0.766565108144359
"Item35",-0.698361172210821,1.36087851583963
"Item36",0.631492744998036,0.890032644781263
"Item37",1.50559938126609,2.22352617824375
"Item38",-0.493125431874171,0.79206516449273
"Item39",0.729414355478685,0.733142290329646
"Item40",2.31113162668383,1.65741431607646
