"Items","Difficulty","Discrimination"
"Item1",0.494976950238549,1.43241414785199
"Item2",-1.56936017796073,0.667363174644085
"Item3",-0.733329244228269,0.700226654237546
"Item4",1.06898456441501,1.96689291644466
"Item5",1.39116548519252,2.03954510601748
"Item6",1.11664925949091,2.01257982540607
"Item7",1.42498480177593,2.01066226988043
"Item8",-1.17422191518597,0.834157243003761
"Item9",-0.911696181123696,0.760306413699544
"Item10",-0.916922373962958,0.835044422174996
"Item11",-1.75740015184067,0.358466304501235
"Item12",-1.29519223628541,0.732183625536986
"Item13",-0.968796666639727,0.946861615935855
"Item14",-1.84289465438888,0.545903894891449
"Item15",0.918304433201573,1.61007907760246
"Item16",-0.0457101501492593,1.2824257154114
"Item17",2.41803243685503,2.97901045928987
"Item18",-1.85438024840822,0.748928207212802
"Item19",-1.6987944816644,0.583081558047649
"Item20",1.93470582101586,2.39098407866947
"Item21",0.247232618363444,1.34985251635706
"Item22",1.12515562807359,1.96486822654482
"Item23",0.817792909145679,1.66556729299202
"Item24",-2.13240591784852,0.389807216006944
"Item25",1.85339120254387,2.73794794619147
"Item26",-0.948835180989918,0.781522039799334
"Item27",0.282849059154589,1.36232442938491
"Item28",-1.65061446872129,0.784886661812988
"Item29",0.659760475492054,1.38968960064137
"Item30",-2.08700739373075,0.667134699856356
"Item31",-1.23327918963664,0.902936364778267
"Item32",0.95644300460057,1.725311441234
"Item33",0.371982125958317,1.42148781109461
"Item34",-0.857904012627139,0.975271462091357
"Item35",-1.4963483503443,0.593464584566201
"Item36",1.82858317541245,2.64097264471517
"Item37",-1.88638276043843,0.599553781032928
"Item38",1.56213153021116,2.1801231821083
"Item39",-0.308801018875711,1.09145339091798
"Item40",-0.145682965309139,0.937445070203024
