"Items","Est.Discrimination.2PL","Est.Difficulty.2PL"
"Item1",1.91302333580842,-0.257187258660866
"Item2",1.46534771675176,0.174049689306714
"Item3",0.605126525457771,0.885460845293493
"Item4",0.444035530304951,1.03241829054399
"Item5",0.859371037567104,0.514281932023674
"Item6",3.26934695544415,-1.99307994035993
"Item7",1.78671148427968,-0.425182271992307
"Item8",0.84180310209677,0.37284725029914
"Item9",-0.369376938806849,1.15217010173005
"Item10",-0.375314136412808,1.64623535274978
"Item11",-0.0605199439613253,1.00657757598549
"Item12",2.84425228084884,-1.55012806496148
"Item13",3.08271778629169,-1.93327972465168
"Item14",1.12786499322605,0.516323514303559
"Item15",-0.498933330014346,1.80339261122811
