"Items","Est.Discrimination.2PL","Est.Difficulty.2PL"
"Item1",2.4239295520153,-1.27484908473106
"Item2",2.96247745777414,-1.3444184128436
"Item3",1.51708744892131,-0.0732425727496501
"Item4",3.28369843639122,-1.419519335293
"Item5",1.98425043405676,-0.445396749397029
"Item6",1.78026686603975,-0.192479523074722
"Item7",3.03542615445918,-1.53097528598013
"Item8",3.56520632580841,-1.8706744639799
"Item9",2.03205817848832,-0.657044194043391
"Item10",2.80642557444858,-1.09558155705836
"Item11",-0.0217620551720511,1.25091702425012
"Item12",2.33403497100074,-0.573054231740224
"Item13",2.60023273080835,-1.45148629720023
"Item14",-0.0812657572176035,0.957177120113659
"Item15",0.983784101328376,0.463110115083238
