"Items","Est.Discrimination.2PL","Est.Difficulty.2PL"
"Item1",0.153017254673565,-0.578824809976502
"Item2",0.204342382154162,-0.475021182038683
"Item3",0.174965839219694,0.345628125184441
"Item4",0.146622254904362,-0.87894467924178
"Item5",0.195601514150704,-1.03554604292376
"Item6",0.180934012225812,-1.4568327227432
"Item7",0.227234449489642,-0.624986923054304
"Item8",0.220688500145637,0.661501764159892
"Item9",0.332992194817553,0.469548023312459
"Item10",0.348699620200649,0.37828682975589
"Item11",0.265090205455396,-0.122855824261322
"Item12",2.10283021808804,-0.549730748157827
"Item13",0.249680889120071,-0.21154560117269
"Item14",0.303913374119351,-0.444814894229272
"Item15",2.11713655861842,0.466871899354402
"Item16",1.90179071888606,0.716856918255214
"Item17",2.46698971783499,-0.90272709941765
"Item18",2.12447444248106,0.365724238078244
"Item19",1.78960897125128,-0.535292740670885
"Item20",0.239489647492421,-0.305020686742263
"Item21",2.50851099913061,-1.09943963527327
"Item22",0.0771116502198806,2.92137892671291
"Item23",0.290725319280444,-0.323278265151784
"Item24",0.225396846729157,-0.431576773347894
"Item25",0.193613653551561,0.229420382480657
"Item26",2.67401427431402,0.849639727470823
"Item27",0.225548733256066,-0.287428929814624
"Item28",0.181053133712041,-0.601909388887883
"Item29",0.225357843051134,0.720371544658822
"Item30",0.180493555170693,1.73383049782151
