"Items","Difficulty","Discrimination"
"Item1",-0.712459288344798,2.98213905372939
"Item2",0.142803733119292,3.15187234769901
"Item3",-0.742287839300837,3.14533714081637
"Item4",2.44004831870579,1.08910666260295
"Item5",1.66647482005612,0.167969484615297
"Item6",-0.824775127961483,3.38241120579575
"Item7",-1.23590163702764,3.01281004584663
"Item8",-2.51560626578484,2.91646964934784
"Item9",1.25021145194444,2.98372594920073
"Item10",1.04291190702801,2.8981184499969
