"Items","Difficulty","Discrimination"
"Item1",-2.58040511135102,3.19039805205337
"Item2",0.505637560529626,2.94983464319401
"Item3",0.832100114310247,2.94440752340841
"Item4",0.807606419551105,2.76072633714433
"Item5",1.40331143065061,2.87433266316155
"Item6",-2.31178783360708,2.98232171456538
"Item7",1.31519795064532,2.93828909861288
"Item8",-1.47268211317603,3.28431815727527
"Item9",-0.841058049221885,3.18421750522109
"Item10",0.00532392810278808,2.78728695187283
