"Items","Est.Discrimination.2PL","Est.Difficulty.2PL"
"Item1",1.08450632304766,-0.388887685427008
"Item2",2.22960018880272,1.21089264598877
"Item3",2.14540412968862,1.75973980467262
"Item4",1.73000528505072,0.309990492941748
"Item5",2.08366804755469,1.37073309375677
"Item6",1.19217838804954,0.0140467912649561
"Item7",0.716125845939602,-1.21281309249014
"Item8",0.569264332724025,-1.60632238730469
"Item9",1.39501692935167,0.516270485393049
"Item10",1.44953522451336,0.612937525754568
"Item11",0.558715564603221,-1.82739068924668
"Item12",1.23027207190244,0.204631446074519
"Item13",0.783131348802547,-1.13287596381997
"Item14",0.497678194042874,-2.00234611912806
"Item15",1.63728090848212,0.525705091853643
"Item16",2.77879870049774,2.00217196548057
"Item17",0.969378201242424,-0.409959238586639
"Item18",1.35963971106368,0.215441784008699
"Item19",1.87672242985116,0.983649387481619
"Item20",1.3829204316578,0.721483387942621
"Item21",1.30946161467589,0.637615689678967
"Item22",0.336817679261566,-3.20670649319935
"Item23",0.903664201454341,-1.08516702902134
"Item24",1.24132155929522,0.119807046618407
"Item25",1.9985109053903,1.05001897761855
