"Items","Est.Discrimination.2PL","Est.Difficulty.2PL"
"Item1",1.25875032708441,0.0821944490008592
"Item2",0.861625402903329,-0.832001014757981
"Item3",1.17291360035955,-0.154205929578791
"Item4",2.10539737346374,1.25843216029121
"Item5",0.336890079461835,-2.23287047162701
"Item6",0.747754073350866,-0.593108820657512
"Item7",1.73003863316136,1.00310276350531
"Item8",0.738139150713807,-1.75281432958901
"Item9",0.216502576108912,-1.56572229766627
"Item10",0.840014255549277,-0.655442969332703
"Item11",1.16251402501417,-0.0542023408722929
"Item12",0.861599949236296,-0.97736081990591
"Item13",2.90927594223305,1.92680286883842
"Item14",3.48574022728787,2.49224021713045
"Item15",1.71516295907023,0.774874074506171
"Item16",1.98822751325789,1.35936391784359
"Item17",1.92674749340393,1.36710574444479
"Item18",1.35665916131033,0.416148484655627
"Item19",1.82869989843201,1.04099630096442
"Item20",2.26007862447899,1.52876114435089
"Item21",0.843973275553008,-1.56182785815166
"Item22",0.459181657948545,-2.00554707271173
"Item23",0.734163654788411,-1.56480808276258
"Item24",0.471990468559153,-2.21851145898139
"Item25",1.74780568471348,1.02329219358044
