"Items","Est.Discrimination.2PL","Est.Difficulty.2PL"
"Item1",1.05117543255304,-0.602251722250314
"Item2",0.906116110696259,-1.46374520326054
"Item3",1.2142604032711,-0.372647257826816
"Item4",0.835255844071496,-1.47516965457541
"Item5",0.823789226968892,1.24343146548984
"Item6",3.4176341953331,1.79735627876348
"Item7",1.02492699655939,0.532237287865486
"Item8",1.14111410977828,-1.79137602724654
"Item9",0.934617560714599,1.32639146145563
"Item10",0.991123382424366,0.441914277780365
"Item11",1.24696332393608,-0.555971884948178
"Item12",1.03879916388142,-0.931202972753386
"Item13",1.14151727676157,0.309227700762461
"Item14",1.09307749253729,-2.37084663163001
"Item15",1.13452623772545,0.688965423458642
"Item16",0.934012800520338,-1.7391758350008
"Item17",1.05806558238417,0.710753409224541
"Item18",0.823927038518899,-1.5754283375815
"Item19",1.00815678832734,-1.82081350360039
"Item20",1.26250953374798,-2.05765009194312
"Item21",1.14707618729261,1.36715283804839
"Item22",1.05912850539262,1.35638862550877
"Item23",1.37840141858629,0.288392275163032
"Item24",2.27031660067865,1.51417848378244
"Item25",0.97397786930728,0.951400478146725
