"Items","Est.Discrimination.2PL","Est.Difficulty.2PL"
"Item1",1.1062707106167,-0.857319641174705
"Item2",0.905720344186261,0.907258650848393
"Item3",1.01030763923876,0.174220281223571
"Item4",1.0928335863514,1.30711074573298
"Item5",3.42485422601449,2.34072561671335
"Item6",1.19902919159402,1.32500431846581
"Item7",1.03474960894119,1.30850660486551
"Item8",0.768160158324035,-0.653657852539767
"Item9",1.00574638654563,-0.853148582616705
"Item10",1.01794154510218,-1.66657907334232
"Item11",1.05969778373748,0.360669112985948
"Item12",2.60697816356718,1.80110725942288
"Item13",1.12564839564537,-1.51369084055389
"Item14",1.09839784501247,-0.674559938100009
"Item15",0.900258837232282,0.366117645336632
"Item16",0.944134144107218,1.34083920158012
"Item17",1.03414615501337,-0.112559149102707
"Item18",1.00165889935923,-1.72585937066284
"Item19",0.912182103422315,-0.731867685228819
"Item20",0.783309508083214,-1.39521482935675
"Item21",1.19666845757958,1.35533840222327
"Item22",0.927809681914696,-0.116659279012334
"Item23",1.28292617839429,-1.46898033530773
"Item24",1.33824483677444,0.384543259205623
"Item25",1.01869166847139,0.779152181102022
