"Items","Est.Discrimination.2PL","Est.Difficulty.2PL"
"Item1",2.61820469064181,2.4706520088609
"Item2",1.00835380610228,0.536236205163108
"Item3",2.98821263320952,2.00294108730289
"Item4",0.748446032738778,-1.0230501762841
"Item5",1.07045818155845,-0.609154085484191
"Item6",1.12693942487896,-1.78631633243428
"Item7",0.89218562304377,-1.99210272189152
"Item8",0.754945368005563,-1.43178713856699
"Item9",1.17610361959381,-0.506961310296029
"Item10",0.861685136024302,-0.678939778652813
"Item11",0.713580304231102,-1.20118346739957
"Item12",1.38685008598439,-1.56163048346777
"Item13",0.991159870542495,-0.346971688246688
"Item14",1.17182615107294,-2.34083489962219
"Item15",2.29169006309975,2.08183328536902
"Item16",1.02325513215587,1.50152055130388
"Item17",0.946501565856209,0.808389566783272
"Item18",1.11911377131248,1.50216554523798
"Item19",0.910195556694907,0.126516493185248
"Item20",0.782681317486392,-1.7353522893082
"Item21",0.933239183146824,1.0565968722044
"Item22",0.864672107755174,-1.3612260898636
"Item23",1.13450804743543,-0.445583500491252
"Item24",0.901107149164229,1.39935482045986
"Item25",2.57790823869691,1.60383923769673
