"Items","Est.Discrimination.2PL","Est.Difficulty.2PL"
"Item1",1.15126293148952,1.22683150530014
"Item2",1.14487690309757,-1.84730087564973
"Item3",2.10927137353843,2.4740393416948
"Item4",1.03549379048836,-0.923819664989998
"Item5",1.14562224612182,-1.99920309745887
"Item6",0.968916134705283,0.136986681331196
"Item7",0.996876798705657,-0.971827015223062
"Item8",1.22393281727947,0.87475821718545
"Item9",1.11249817981995,-1.38838666825346
"Item10",0.968324209533613,-1.08906468843512
"Item11",1.02270362683366,1.11425738813834
"Item12",2.17056562995236,1.86005812824005
"Item13",1.20689562281367,-1.63591879103992
"Item14",1.08681846678761,0.00628074720901945
"Item15",0.648393617168297,1.2813654263871
"Item16",0.92355680207126,-0.0562339060499086
"Item17",1.00422737023394,-1.75380600720431
"Item18",0.868860068338567,-0.395903690352276
"Item19",1.23981520352395,-0.705367255561269
"Item20",0.880039690262711,1.21527420615087
"Item21",0.736442556757148,-1.4045624225138
"Item22",0.894615588459143,0.382719776075899
"Item23",1.21123128363754,0.998485381058999
"Item24",1.36130395359761,-1.42937427386244
"Item25",1.07315757566314,-1.74912621172866
