"Items","Est.Discrimination.2PL","Est.Difficulty.2PL"
"Item1",0.980601851702196,-0.97110997512896
"Item2",1.07849293619507,-0.537282694408982
"Item3",0.761469035259918,-0.833114017723836
"Item4",1.24928693918386,-1.01402510615699
"Item5",0.805206368596499,1.03812890040252
"Item6",0.830743671052168,1.2183606986365
"Item7",0.880408178855559,0.100753208389608
"Item8",1.12252756102505,0.594437851939977
"Item9",0.901985901067435,-0.381112996978537
"Item10",0.910088110641941,1.49464280499436
"Item11",0.961507858313374,-0.95185114951729
"Item12",0.839736944144125,-1.69050124341551
"Item13",0.900039487097238,-0.305320390024253
"Item14",0.849841892991047,-0.290129069270347
"Item15",0.958089022581167,1.163612196733
"Item16",1.71251714935972,2.05977592076937
"Item17",1.26736670948733,-1.91571580024352
"Item18",0.757670634379537,1.24219641063311
"Item19",1.045393557552,-0.596309639558898
"Item20",1.0189126571553,0.409924047256191
"Item21",1.02246080607049,1.15534137509209
"Item22",1.06851825357049,-1.49704976484049
"Item23",1.14980441716668,-0.920328700840651
"Item24",0.665951635796167,0.272375707999624
"Item25",1.03701432318658,0.575668758385078
