"Items","Est.Discrimination.2PL","Est.Difficulty.2PL"
"Item1",0.992339998485611,-0.857924398947087
"Item2",0.46250354309393,-2.15994779099691
"Item3",0.71584667922955,-1.26215836598066
"Item4",1.78476758747611,0.891447232960978
"Item5",0.582635220203043,-2.14156858780658
"Item6",0.529888933259328,-2.2100660193796
"Item7",1.38769961306664,0.0408385350784326
"Item8",0.964827274436171,-0.982979168083266
"Item9",1.33989650810644,-0.0795962994495985
"Item10",2.08942942371727,1.33043112293124
"Item11",2.16817212930924,1.3449285813906
"Item12",1.93954572608378,1.06111350433296
"Item13",1.96786907597737,1.15867639311084
"Item14",1.28225815501737,-0.141912909835131
"Item15",2.47947699514082,1.63410179409881
"Item16",0.692448265547565,-1.50114625910946
"Item17",0.526618273075345,-1.74721170496695
"Item18",0.823411596029018,-0.433229069133909
"Item19",2.74211116960569,1.78107422436506
"Item20",2.25298556532263,1.39940935985631
"Item21",1.00850494192791,-0.0458216777949785
"Item22",0.638153029308872,-1.3127233333436
"Item23",1.99174273024291,1.2130433079301
"Item24",1.52124977636768,0.466358843708
"Item25",1.03562006187676,-0.384315488274669
