"Items","Est.Discrimination.2PL","Est.Difficulty.2PL"
"Item1",1.13572887281792,-1.19053187083242
"Item2",3.04858727281193,1.48656449504391
"Item3",2.73629059534358,1.90446526775059
"Item4",1.07384223689828,-0.320586919996727
"Item5",0.754150351744404,0.552550775781419
"Item6",1.34790982394732,-1.32333202139941
"Item7",0.947782601048962,1.48088195077476
"Item8",0.981406492688134,-1.26532915233097
"Item9",0.810573167425355,0.959016610389852
"Item10",0.874238807022391,-1.12623285449729
"Item11",1.24057398619544,0.792931538688553
"Item12",1.01484913201862,-1.67223261345588
"Item13",0.907425047341439,-1.87117492910251
"Item14",2.45903323316201,1.69783216698786
"Item15",1.03714861159586,-0.311999811337335
"Item16",0.829876184959861,-0.603534324252304
"Item17",0.887361006480721,0.899848029184179
"Item18",0.873426459513452,-0.631926366503549
"Item19",2.5746215812597,1.69347678555672
"Item20",1.17821984793039,0.74141506645675
"Item21",0.996376100179292,-0.520248677113093
"Item22",0.867808028674382,0.938854554355525
"Item23",1.26926651738015,1.98351617417429
"Item24",1.05319048140314,-1.61784327482079
"Item25",1.01848212154627,-1.2591119861944
