"Est.Theta","Est.ExpScore","SimSum.Score","Scaled.Weighted.Score","True.Theta","True.ExpScore"
0.799573769674322,14.9015709143104,15,13.216763988934,1.20019543108936,17.4464897981492
-0.367637622156091,8.93689557807705,10,6.07787906122227,-0.517901118918284,8.23050329796476
-1.50658704437508,5.29226703377192,4,2.0893034491455,-0.185465484818565,9.62167252061238
-0.983371931699895,6.73570058923283,6,3.65282644429648,-0.708726637053985,7.52344434709541
-0.798232276043393,7.3344672330358,7,4.30519795823366,-0.111181565255121,9.96165592524525
-0.503690018278623,8.39697313110125,8,5.47540555417991,-0.195685132760024,9.5757463849912
1.13301650670499,16.9246031366528,17,15.855111828756,1.38041867464372,18.5422846552663
1.00059609036431,16.1170548428206,18,14.7896069511489,0.82160971490061,15.0895256085265
-0.805323689617768,7.31059049382924,7,4.27910084990331,-0.397349310359032,8.71084062688303
1.24210594952099,17.5862272947068,19,16.7394268747816,1.36673706602679,18.4607425081564
-0.141776187990293,9.90595064703414,10,7.17489713645956,0.0765693250218701,10.8693838759255
1.38409355245839,18.4316745676407,20,17.883338595931,1.32772909159392,18.2265311607194
2.04821514669269,21.7432636299799,23,22.5261022428746,1.68246832603275,20.231789779741
-0.179502496613667,9.73764806111165,9,6.98282680413153,-0.496058137393073,8.31555502473542
0.95760263568277,15.8553233394325,16,14.44770478535,0.689405787675445,14.2821329018645
0.494563298240929,13.1305195876843,14,10.9963498823464,0.450024589812198,12.874764505153
-0.866585206645332,7.10750098717801,8,4.05742310308017,-0.922092179362727,6.80502620355582
1.17601214229728,17.1861360783252,18,16.20348975863,0.944767418400512,15.8539244829769
-0.320493631366878,9.13157685184517,10,6.29658723111812,0.453090293332267,12.8922490022875
1.47171409967281,18.9386578311869,19,18.5764629855363,1.41270523709072,18.7333496550475
0.408260714864526,12.6525274285263,11,10.4120343022823,0.662476750955833,14.1199423507972
0.818948461015201,15.0175448257674,15,13.3651613509291,1.02522150318682,16.3564856056215
1.10350472909279,16.7447412607729,19,15.616445104848,1.59957465295166,19.7929006995704
-0.696226829819108,7.68656586660555,7,4.69097352128107,-0.0353747976261762,10.3198102926622
-0.0763674266456557,10.2039304329925,10,7.51662992099099,0.336069341666205,12.2360465887915
0.630927331689627,13.9080519461166,13,11.9604714046454,0.235020207595114,11.6888520516522
-0.339764367317068,9.05152009929012,9,6.20655202906322,0.347310465466481,12.2980571355396
-1.06584347204196,6.4848201465247,4,3.38055474026131,-0.850431024586658,7.03823049363121
-0.859594044061,7.1303921519329,7,4.08238372077905,-0.555310769110198,8.08684044226763
1.44025853059664,18.7582588823591,20,18.3292214537547,1.67053261971808,20.1699466499537
1.20562677269505,17.3657579262209,19,16.4436584214599,1.11301460908407,16.9048833560146
0.412864531547118,12.6777313441007,14,10.4426852319878,0.381391871832866,12.4874176915098
-1.00535721286217,6.66789615577066,6,3.5791894038887,-0.666250489954023,7.67536422972709
-1.34204444878545,5.70994165888584,4,2.54164636709961,-0.949413812578814,6.71818574081691
-0.562637573718546,8.17292843691917,8,5.2270609070247,-0.540675066140703,8.14274588805461
1.86637988810836,20.9809404469902,23,21.4274267529156,1.7447302146222,20.5465643156019
-0.458424544999285,8.57303847682861,8,5.67123117370262,-1.16803412357248,6.06235761496257
-0.311551238707527,9.16895185580336,10,6.33866824344174,0.2973391387695,12.0241211766809
-1.99551552351286,4.21793084452491,2,0.914368308861086,-1.87370353437489,4.34792207754337
0.94094833251836,15.7541177298952,16,14.3159638732565,0.726412105486265,14.5063722280067
1.17383108462342,17.1728884066853,17,16.185805413072,1.43569956066268,18.8681770646153
-0.400884487161676,8.80197129309671,8,5.92677192492188,-0.216601546399729,9.48238654827547
-1.39232848398808,5.57900286480152,5,2.39993099268531,-0.634405045918568,7.79128348664132
0.0835614630780243,10.9655678160043,11,8.40019121017844,0.275782602290259,11.9073417432965
0.583521195166905,13.634841608089,15,11.6197750000432,0.555258996615657,13.4833897323621
1.67418215000864,20.0446558888959,21,20.1074482958359,1.52900415435467,19.4031365854359
0.198125967787508,11.5397471021131,12,9.07627436392563,-0.387477112435409,8.75137263537383
-0.0884331019753342,10.1483726938722,10,7.45275015043575,-0.702834041717755,7.54433743271371
-0.740611002568754,7.53135754305053,7,4.5206977486203,-0.85745979922254,7.01500380167765
0.0669587218250724,10.8843240423179,11,8.30523224250401,0.0771423184840527,10.8722600649931
-0.0542636084273682,10.3064035241538,11,7.63465269178553,-0.298403357440112,9.12543451703749
0.286317502117655,11.9976087017257,11,9.62175928991616,-0.0252850767294848,10.368334169678
1.2787985886309,17.8068834637262,19,17.0365116114524,1.40646653210873,18.6965854873229
-0.581897244607044,8.10099537087464,7,5.14751937343446,-0.0325802671817464,10.3332297694557
-0.515741912790339,8.3506877692352,9,5.42402380042078,-0.458175360429805,8.4651281219837
-0.938270980603175,6.87694146867244,7,3.80635515581704,-0.335644063873218,8.96720467811086
0.371557202956608,12.4528147738258,13,10.1697855312067,-0.164692236075553,9.71565611944035
-0.846526313980581,7.17337583128164,7,4.12927051487896,-0.917468179414307,6.81983525168217
-0.586338885161477,8.08449408641781,8,5.12928563422118,-1.16233427380413,6.07861095365328
0.322603046067926,12.1898908852133,14,9.85255093628589,0.127465240728663,11.1273496567124
0.213686601327564,11.6195432938075,12,9.17093134518147,0.0853244473497216,10.9134007587944
0.926933617633349,15.6690492582228,17,14.2054316300061,1.32181134195206,18.1907912278154
0.618771434817399,13.8377152454369,14,11.8725622313673,0.592905488070197,13.7051270097736
0.897350062674383,15.4898128560335,17,13.9731549509884,0.851308404628088,15.273015568873
1.5405082493675,19.3259578166645,20,19.1095559219535,1.60499038464174,19.8222243758382
0.844602872963044,15.1715847899294,16,13.5628228069196,0.749010558880645,14.6440277467579
0.108645711273369,11.0892645538404,12,8.54510198293029,0.137874925676921,11.180728870223
-0.56628832473734,8.15924557654692,8,5.21192369242412,-0.463371626781239,8.4444556263064
-1.83035027784518,4.55504879922181,3,1.28600542155945,-1.3739783631581,5.50326078665244
0.939921098280362,15.7478793419161,17,14.307851825518,0.874383442907592,15.4160001635444
1.46829479923461,18.9191424433155,20,18.5496841608546,1.7165842442692,20.4059224727089
-0.0813277023312305,10.1810579295515,11,7.49032212469908,0.22773933308945,11.6501508292193
0.320500835084464,12.1786900209281,12,9.83907885498009,0.495912577928864,13.1380510285985
1.29686199928212,17.9150281144425,20,17.1824977049926,1.34135858998546,18.3086429734335
-0.892642676643994,7.02282065247443,7,3.96514114034091,-0.905244986721465,6.85913897606178
-0.602688310022553,8.02403610996171,8,5.06252085180612,-0.106443061413763,9.98371140956999
0.64720665766236,14.0025410293953,15,12.0787832309669,0.49632647222906,13.1404409322114
0.867971579578758,15.3123358428677,16,13.7439826245495,0.770934991671189,14.7780633287441
1.07025351475416,16.5419113278564,15,15.3482185682078,1.61059035722298,19.8524534870606
-0.705375311357611,7.65431846710846,8,4.65556551462906,-1.2729697521685,5.77076530608794
-0.257552628290287,9.39769375283629,10,6.59688212448183,0.0968503684387773,10.9715755241899
1.52975565728202,19.2661267864466,20,19.0269964047196,2.11311290722439,22.1105385823431
0.387697239361855,12.5403673293062,14,10.2758489938222,0.916160710887696,15.6756568757431
0.780311295428703,14.7865976313247,15,13.0700039558049,0.706750849769684,14.3870462948187
0.176667413532442,11.4304098288616,12,8.94685374552926,0.397428609284617,12.5772145829416
-0.247460591850513,9.441027794151,10,6.6459312524295,-0.159135338377443,9.74094046179179
0.625034522855166,13.8739312078688,15,11.9178089912663,-0.0696681458373416,10.1563855749494
-0.333504333022077,9.07745358778167,9,6.2357028040266,-0.672533208850004,7.65270035229955
0.214091971595635,11.6216277790748,13,9.17340634242973,-0.28523664689042,9.18201488752787
-0.523678527066142,8.32034220704714,8,5.39035875237981,-0.522265019017497,8.21361492467847
-0.345808132164043,9.02654879365194,9,6.17849642269944,-0.350801020069064,8.90356394057464
0.294165702083883,12.0390073164096,13,9.67136306437574,0.406625741988038,12.6289112305456
0.829071413742362,15.0782646219619,16,13.4430004739402,1.44342820216644,18.9132470510371
0.356101441255684,12.3693746432204,13,10.0689021327534,0.654608346063932,14.0727167376482
1.96951867131557,21.4288185158949,22,22.0695562442707,1.77537012763824,20.6964682152022
-1.40114008254214,5.5563616725685,4,2.37542036014372,-1.19579747290707,5.98380881694951
-0.415015012057622,8.74521502354689,8,5.8633205219694,0.317096255521039,12.1318926888873
1.35951934746148,18.2871774583197,19,17.6867625219599,1.62168319799995,19.9120537797015
-0.609022543345505,8.00073192553931,7,5.03680252688185,-0.103846034030205,9.99581810429121
-0.35993243697935,8.96844402616499,9,6.11326632686036,-0.715059270896516,7.50105606373363
0.773626882670926,14.7467800317138,15,13.0192611457917,0.691696503131261,14.295968921837
-0.341497328380914,9.04435329202576,9,6.19849865762554,-0.921211230142484,6.80784506511398
0.0421252174028326,10.763741298366,11,8.16460991453432,-0.153463495923172,9.76681033325106
0.262563164283194,11.8729516781658,12,9.4726794012359,0.598388846585389,13.737589101229
-1.37017858336485,5.63631510940695,5,2.46196661156206,-1.47383053537877,5.25084488840556
-0.479944821442613,8.48889346096384,9,5.57756769715106,-0.786039115004538,7.25466874681234
1.02167856924669,16.2455786567508,17,14.9581257271325,1.35934140754062,18.416529150836
-1.2916602451412,5.84415669244422,4,2.6868714011631,-1.04814778290145,6.41358814063686
0.867730666399301,15.3108828243507,16,13.7421097823469,0.206922215178452,11.540046482895
-0.3168074928058,9.14696583947532,10,6.31391021614679,-0.417166670473292,8.63002909576088
0.0435418093497175,10.7705895002232,10,8.17258612619264,-0.806717118420262,7.18444052785972
-0.319951502784713,9.13383861972131,10,6.29913292230362,-0.232414198894703,9.41237371431692
-0.185245105576289,9.71225761145086,11,6.95390885931574,-0.301372845427046,9.11272005339301
1.86236735050039,20.962712837162,22,21.4014645571508,1.98458247095997,21.6252297348317
-1.12330173009797,6.31551897941386,5,3.19707441246946,-1.28512727900609,5.73789826514702
1.36902040225994,18.3431506518336,18,17.7628578063314,1.68127762641602,20.225641496585
-0.865090181079193,7.11239002183367,7,4.06275359696856,-1.32328774357491,5.63593558013868
0.440411869903181,12.8292445268774,13,10.6273164824744,0.0578394909047984,10.7757207216357
-1.33319016333273,5.73330725215996,5,2.56693037399764,-1.37923555096955,5.48967864004509
1.83254767992689,20.825412507373,22,21.2062847018523,2.06594466317429,21.9400140645129
0.199284168148658,11.5456716989879,12,9.08329640901762,-0.09227105629898,10.0499393959176
1.40174209492362,18.5348716293753,20,18.0239945350846,0.853446865760762,15.2862519775532
-0.363596140046447,8.95343007802938,9,6.09642286349782,-0.387031977010043,8.75320453643565
0.643674817025249,13.9820132192385,15,12.0530588598699,0.789151756939788,14.8897739738768
-1.40627899394726,5.54319878516088,4,2.3611696189933,-2.04481438451825,4.00862535586648
-0.669109570259657,7.78293888453817,6,4.79688902715236,-0.873069617548592,6.9636978562467
-0.665969319120986,7.79417561806628,7,4.80924797814781,-1.43024650093264,5.35959134583586
2.01249477181415,21.6034936251436,23,22.3224999740932,2.68466242176921,23.5594840623442
-0.105554949183762,10.0699920764387,10,7.3627576566637,0.294278123430462,12.0074870241387
-0.729917665487074,7.56846641441662,8,4.56137622904456,-1.59997391897504,4.94809503095457
-0.201491483838449,9.64075157414623,11,6.87254958933969,0.0489770863687973,10.7316410595006
-0.416653714429709,8.73865570222063,9,5.85599167758521,-0.367018211452317,8.83595503649719
-0.780199436134075,7.39553168243763,7,4.37197606028041,-1.33320306102666,5.60973746831964
-1.87706428517879,4.45718241052479,3,1.17849596793837,-2.48384229724069,3.24793405324199
-1.02902209262744,6.5956671931862,6,3.50079063518759,-1.49698938700475,5.19394267926572
-0.355082741895495,8.98835482225225,10,6.13561069177277,-0.403905804833788,8.68402299873313
-0.240299196383918,9.4718898815483,9,6.68088951572558,0.136400335773297,11.1731547092375
1.22148946311896,17.4617462464875,18,16.5722984610869,1.60189589146173,19.8054798105085
1.20240553156268,17.346245182353,18,16.4175332531784,1.25618492366229,17.7912369171853
0.0179258424216778,10.647321374268,11,8.02919861363849,0.328819028055598,12.1961697726239
-0.263326707320898,9.37298338074604,9,6.56893180641317,-0.0643936991895859,10.1813700201186
1.06313649233786,16.4984877751386,17,15.2909223603874,1.02523416364696,16.3565647539045
0.755368376008078,14.638237088769,16,12.8811542014333,1.20137522924467,17.4537840154443
-0.973069377649369,6.76770917549924,6,3.6876029194203,-0.517904221389521,8.23049127910867
-0.879688673912055,7.0647922500412,5,4.01087001322303,-1.1955020540101,5.98463924528788
0.986635849112808,16.0320062722561,17,14.6783183830133,0.726781825533939,14.5086200708444
0.0995970434904369,11.0445117569648,11,8.49262762497627,0.414248010530304,12.6718639801194
0.364293403688185,12.4135510831999,13,10.1222896431706,0.179755563518952,11.3975888060883
-1.11023684090483,6.35362676355456,6,3.23835873928397,-1.50485161952132,5.17476211118982
1.64109958787694,19.8714168956202,21,19.8658277266297,1.69509352454531,20.2966898643295
0.89638448318706,15.4839711056635,17,13.9655985165148,1.65642420381897,20.096244615141
-0.0827797352676034,10.1743709590997,10,7.4826332530226,0.769869624758371,14.7715395792132
0.300202245877335,12.0709212312162,13,9.70963445021408,0.21174168153812,11.5654647613463
0.0150823099028908,10.6337118749625,11,8.01339174241973,0.23585767748415,11.6933099414269
-1.35526042709481,5.6752392561246,5,2.50409264135793,-1.30820350576177,5.67602340448001
0.428076494826586,12.7612503964466,14,10.5443808297472,0.470890489758926,12.9940683067226
-1.05103436621054,6.52917801869219,6,3.42865878708328,-1.07091599717723,6.34534615274839
0.290595838570937,12.0201635045934,12,9.64877858925159,0.549502335884973,13.4496616637454
0.0812419986062383,10.9541876322974,12,8.38687948994502,0.352460220578067,12.3265396955174
1.05047999374506,16.4212660874294,18,15.1891429996747,1.5651953290513,19.6047583510914
1.26601961169934,17.7301763145337,19,16.9331157905043,0.271273635512971,11.8830224719981
1.27046029294645,17.7568499360591,19,16.9690555538209,1.35935088513595,18.4165858700258
-0.49299570045072,8.43825243228663,9,5.52126423729557,-0.0301657462958211,10.3448368145781
0.463760052913558,12.9585926477245,14,10.7854449120963,0.417993340390245,12.6930053205732
0.334082146809268,12.2511842897759,13,9.92633428312232,-0.345024665262242,8.92776600357231
1.08368751750388,16.6238710552582,16,15.456485670796,0.792019389329037,14.9073861500345
1.19777453578867,17.3181814620893,18,16.3799743102348,1.12869495602433,17.0026074860657
0.248368182939911,11.7989257612212,12,9.38435155771319,0.749011507221326,14.6440335343369
0.0706281910809902,10.9022370258694,11,8.32615440765642,0.0119852997853218,10.549314289789
-0.266876313525124,9.35782262027125,10,6.55179000846655,0.0562422935074609,10.7677652598078
-1.29990592484039,5.82198187770514,5,2.66287862588181,-2.17335596073269,3.77028106273004
1.25406573913025,17.658282584922,18,16.8363236606503,1.3639132981712,18.4438722307836
-0.397855945532778,8.8141812585411,10,5.9404308364743,-0.0529987027150572,10.2355340771769
-1.49951189583426,5.30959815236915,4,2.10809531998092,-1.66912194739675,4.78938892131411
-0.0534032527440754,10.3104102698363,11,7.63927273663568,0.512146552045635,13.2319876920556
-0.534856773818781,8.27778360254671,8,5.34317351074726,-1.18690306948748,6.00886168502315
-0.130816735481452,9.95533079299937,10,7.23137901135229,0.375422617490862,12.4541059626432
-1.03144493197002,6.58831617617108,6,3.49281408071397,-1.18245360320223,6.02143381109925
-0.273377719361317,9.33011338948507,10,6.52047335665525,-0.289424591909129,9.16398211770368
2.13383002877344,22.0582746288684,23,22.9895842014949,1.68328286627249,20.2359930160132
1.30583982855024,17.9686463337981,18,17.254970358114,1.27434926903202,17.9023740434544
0.252424418823841,11.8200430416187,12,9.40953347255001,-0.0137259909189125,10.4241710773655
-1.08189654136211,6.43707299189513,5,3.32879047819617,-0.295036245399521,9.1398720051349
1.90977942289177,21.1742808173107,22,21.7035886320769,1.93470327380476,21.4192694352006
0.380161258380899,12.499435045287,14,10.2262360258489,0.173935351944601,11.3672508095624
0.38185916431988,12.50864928419,13,10.2374003039365,0.0596914482314084,10.7849513597251
-0.133509815229393,9.94317614858974,11,7.2174708782101,-0.171353475457392,9.6854267843121
-1.00999592212073,6.6536766143951,6,3.56375178381343,-1.43115701381675,5.35729710966116
-0.200701259459433,9.64421849551406,9,6.87649148703874,-0.0320548091389151,10.33575476465
0.0147775139516717,10.6322539623286,12,8.01169871826461,0.148094092545483,11.233334106825
0.0320012180744841,10.7149058019052,11,8.10776550819723,-0.137013345783756,9.84219872679609
0.747395658491636,14.5909444381502,15,12.8210804898262,0.75013558756049,14.6508942541443
-1.16072312428183,6.20761274929724,6,3.08021350927973,-1.75012353313251,4.60970298910066
0.482461384932175,13.0628019701568,14,10.9131811703635,1.0743458400846,16.6635207951761
-0.574879052492841,8.12713589325373,9,5.17641418758068,-1.42794002109103,5.36540734171898
0.413583888259276,12.6816725731075,12,10.4474798315232,0.299076067800045,12.0335675437136
-0.785118470808678,7.37882470952523,8,4.35370079081825,-0.85887864806619,7.01032460855794
-1.56409609057213,5.15341455875515,4,1.93864191601036,-1.412113773074,5.40548213671188
-0.618714333688133,7.965203114065,6,4.99761107594751,0.0207709742386469,10.5923743280278
-0.484665748559442,8.47054119163768,8,5.55715767310026,-0.88167466632428,6.93557747910162
0.631733582051301,13.9127237622204,13,11.9663152647201,0.643579058377047,14.0066490666702
0.0156206224725225,10.636287169537,12,8.01638247696087,-0.0662572662496122,10.1725362510299
1.11284887790255,16.8017117476476,18,15.6919596639718,0.948781918321295,15.8789659893943
0.35957674724958,12.3881022352657,14,10.0915279362322,0.307066463548147,12.0770939947694
-0.471803487265728,8.52063241090877,9,5.61288075515552,-0.712519534667241,7.51002692327251
0.511517676223448,13.2257572698358,13,11.1135348819722,1.28437671501759,17.9635564828469
-0.144376444945561,9.89426693876591,10,7.16154166685346,-0.0504171167964753,10.2478407517072
-0.478769745426709,8.49346744224705,9,5.58265554935304,-1.51313604497981,5.15462632018307
-0.49283028828829,8.43889244882969,8,5.52197551054214,-0.911961726272252,6.83751300494488
-0.414920332722854,8.7455941452116,8,5.863744147954,-1.07362131803925,6.33728636425077
-0.227543681164102,9.52709024114755,10,6.74347048817208,-0.239461433397373,9.38132786213729
1.42754494329763,18.6848132880108,18,18.2287548444114,1.14691133194858,17.1159927897237
-0.554350748327961,8.20407007593981,7,5.26152513883072,0.0849349577153855,10.911439403414
0.679484270073247,14.190849823613,16,12.3153061455794,0.516643833367699,13.2580824449891
1.83222526670049,20.8239104153467,22,21.2041530186368,2.0092904566367,21.7235989763959
0.456376059872109,12.9175942995233,14,10.7352737226681,0.669221895726362,14.1604864051175
-1.51853753453249,5.26311798295742,4,2.05769143997828,-1.16426277702278,6.07310687669996
0.0165067093387816,10.6405273766376,11,8.02130707331537,0.297172351734107,12.0232143856273
-1.49860682577648,5.31181916150537,4,2.11050333686305,-2.11773654103408,3.87173545058273
-1.87346699852072,4.46464685310948,3,1.18670581242718,-1.32237926747454,5.63834198914692
0.644340250996444,13.9858796782934,14,12.0579032099059,1.05657053394119,16.5524515087316
-1.14098271583743,6.26430624447078,6,3.1416048213372,-0.523526467403532,8.20873950975125
-0.334459078604969,9.07349384078702,9,6.23125087971423,0.217062070307359,11.5935757318554
0.665815618514307,14.1109532888651,15,12.2148333454333,0.677403367693974,14.2097374352205
-0.510910986023426,8.36921123379108,7,5.44458200781577,-0.935921777522173,6.76092860373328
1.2606301551955,17.6977788402173,19,16.8894844695301,1.40580685188511,18.6926935946698
-1.32024089590974,5.76764779044328,4,2.604088779684,-1.30734751426972,5.67830673524494
-0.779602144317824,7.39756286442971,8,4.37419817353207,-1.05643520023081,6.38866358196232
-0.49862510589834,8.41649894120025,9,5.49709345132768,-0.637770413138318,7.77895070953617
-0.36829714618146,8.93420008113333,9,6.07485654797829,0.193116117201656,11.4674746948122
-0.543854134888712,8.24368179693912,9,5.30538850943303,-0.0619480455403888,10.1929734142694
-0.603141413270969,8.02236690254142,8,5.06067841627813,-0.703720723579216,7.54118983421776
1.34174925761421,18.1821464691057,18,17.5441498238763,1.29604168918503,18.0345692534039
0.559796569554802,13.499244550893,14,11.451456304973,0.297461335771818,12.0247855717752
0.758713840539916,14.6581007168326,15,12.9064042091435,0.502224055322662,13.1745235811287
-0.220687896938365,9.55688118251024,10,6.77727365028894,-1.09855590984582,6.26348339963501
-1.23036390560844,6.01161903275034,5,2.86807010127606,-1.18244679111219,6.0214530790514
-1.19047780392306,6.12311391700587,5,2.98873721260307,-0.987632235670202,6.59858564040716
-0.980819602036576,6.7436163118011,7,3.66142578170316,-0.877458708994628,6.94934039396097
0.968536200768518,15.9218255820802,17,14.5344136111006,0.994967119356441,16.1673725539703
-1.04127974494659,6.55856006443547,4,3.46053019152576,-0.618460659049666,7.84998072280337
-0.334475549624502,9.07342554254063,9,6.2311740952856,-0.0617068969598062,10.1941181815643
1.46220790860758,18.8843438554529,21,18.5019534463315,1.27125877045414,17.8834924837506
-0.490807255890063,8.44672380636908,8,5.53067941201755,-0.853763044520498,7.02721010061607
-0.383214253705485,8.87343883735255,8,6.00676416500253,-0.297759816671192,9.12819220246972
0.253628617716144,11.8263177641646,13,9.41701829377076,0.35246749697561,12.3265799732141
0.221678372829918,11.6606917788751,12,9.2198104619794,0.127021686924709,11.1250798260539
0.568904459229749,13.5512085813791,15,11.5158994056054,0.976867198390909,16.0542883650615
-1.23154578846218,6.00834595073622,4,2.86452820381077,-0.786038422857268,7.25467110911438
-0.384074970438366,8.86994490910384,9,6.00285101973043,-1.11321579002119,6.22049601190979
1.23270047807446,17.5294783238335,18,16.6631933366791,1.17890712999,17.3146846097081
1.08286271437332,16.6188393695991,19,15.4498342845558,0.999442926856626,16.1953444462347
-0.875598314844088,7.07809677533435,7,4.02536981568788,-0.722368724737313,7.47529786635222
-0.42325126672769,8.71229485558849,7,5.82654703979692,-0.355304269288443,8.88474000072908
0.33418483215442,12.2517335833792,13,9.9269959774873,0.378252820280619,12.469892389425
1.29202133350683,17.886081235758,19,17.1433973489837,1.29113528294528,18.0047221737539
-0.160448296741199,9.8223262007936,11,7.07937914170927,-0.246646611862313,9.34977369936507
1.1470172676219,17.0098459885208,19,15.9684877402193,1.26698155102405,17.857341740861
0.271651251832823,11.9205288470238,13,9.52952765899054,-0.169248280250731,9.694970952115
0.676064548762141,14.170839986535,15,12.2901265027508,0.978731520215518,16.0659333785969
-0.63598942174035,7.90225768486219,8,4.92822905662526,-0.552081573330784,8.09914235968884
1.19760746858634,17.3171687938039,18,16.37861934038,0.876482585593517,15.4290240227537
1.1506776272968,17.0321204978845,19,15.9981412687789,1.44384417291974,18.9156691858849
0.391759383969495,12.5624694833444,14,10.3026578235809,0.429024577547182,12.7554097471081
1.34441623478439,18.1979373779955,19,17.5655762267514,1.02223881016073,16.3378390429433
1.2519347404762,17.6454527317322,19,16.8190623510475,1.22671145990279,17.6101356659543
0.247118728075568,11.792426710933,12,9.37660402497676,0.517763903707005,13.264586263956
-0.989410191448642,6.7170103398986,7,3.63252434488018,-0.392520599926621,8.73064282740831
-1.16286340738368,6.20149646900242,5,3.0735912531474,-1.20569182863042,5.95606196833425
-1.66213395568044,4.92478829902655,3,1.69004999134731,-0.860176142786618,7.00604839071835
-0.651302051275305,7.84687079563803,8,4.86723306462312,-1.0890883920505,6.29140363907094
-0.056845433672547,10.294387917728,11,7.6208002944438,-0.431640330109314,8.57147196153202
-0.856248535743099,7.14137217286915,6,4.09435862753933,-1.39940994472916,5.43786313051345
-1.41780384172589,5.51378936480377,4,2.32932671583776,-0.966100519388457,6.6656996341485
-0.192928829618459,9.6783788368055,9,6.91534684473872,-0.593304183546297,7.94349364914713
-0.145150795592578,9.89078995015247,10,7.15756780497295,-0.336027960882248,8.96558737576224
-0.0277313069150537,10.4305920259709,11,7.77803693987157,0.414956587491462,12.6758618945316
-0.692299468916867,7.70045039320924,7,4.70622384424934,-0.473383612385074,8.40476477020496
0.327747257839708,12.2173313467158,14,9.88557018700537,1.00212119312748,16.2120836661848
-1.26452801338118,5.91770918265661,5,2.76645414378894,-0.643705435452767,7.75724887549891
-1.18149427556435,6.14850555983089,5,3.01622280982036,-1.80089005506552,4.50039670769322
0.415274898767593,12.6909405748452,14,10.4587562842053,0.415137270095,12.6768814720438
0.145595890215407,11.273547348545,12,8.76173873454002,-0.019419419454469,10.3966357152591
0.337738312043615,12.2707530542737,13,9.94991250946895,-0.19853198221957,9.56298929774243
-0.934499014737782,6.88888614845763,6,3.819348111202,-1.03335714488198,6.45831492241446
0.955861831590969,15.8447393299953,17,14.433915196825,0.833788249282934,15.1646912378372
-0.550091267858504,8.22012197480617,8,5.27929650280814,-0.555812212735069,8.08493181781173
-1.5587150014819,5.16625578160515,4,1.95258391952044,-1.02139169630951,6.49472828284629
-0.0154703583990783,10.4884178832134,12,7.84493318051854,0.683154192909898,14.2444038979119
0.503029584754629,13.178023915736,12,11.0547697758526,0.686230269077996,14.2629626534159
0.233989063919599,11.7242973701743,12,9.29545616714132,-0.0508466792939803,10.2457920736115
2.07389215738066,21.8406953167974,23,22.6687311578462,2.00603530787227,21.71077797339
-0.441873448370465,8.6382988303772,8,5.74396945255751,0.467847262347817,12.9766245791426
-0.292721560963029,9.24811982969192,10,6.4279053803862,-0.349986086942728,8.90697454372519
-1.40907442247944,5.53605131162395,5,2.35343110822279,-1.24865266030595,5.83706737086385
-0.634986346439561,7.90589923280833,9,4.93224116815379,-0.344856043409677,8.92847345757022
-1.28112387423534,5.87261241880981,5,2.71765991285074,-1.77902345048263,4.5471712190974
-0.100039105387395,10.0951838151153,10,7.39166509994027,0.0742070718941141,10.8575331078472
-0.69612169616953,7.68693722774263,8,4.69138137357273,-0.414645209090355,8.64027033228686
1.44352396096185,18.7770748946069,20,18.3549778879146,1.35839694444531,18.4108762017952
0.313656752913008,12.1422755332191,13,9.79530447339256,0.637198695306283,13.9684994180377
0.504955536188044,13.1888452959158,14,11.0680865223083,0.654610598433479,14.0727302452941
-0.896871542400071,7.00917249667797,6,3.9502755472463,-1.19579747290707,5.98380881694951
-0.224584814892713,9.53993714358189,10,6.75804510130483,-0.499245433030472,8.30309035281793
-0.0895276685299367,10.1433458677832,10,7.44697409809241,-0.129412646916155,9.87721124035898
-0.000361476517603461,10.5600546779499,9,7.92792406703242,0.0873828911666902,10.9237713822568
1.50872251428868,19.1483151017191,20,18.8646519897553,1.49040988087199,19.1843668224071
1.35507060203003,18.2609241108483,20,17.651093716407,1.35337950881048,18.3808200633291
0.0426104263937772,10.7660865216519,11,8.1673412976672,-0.499579105158272,8.30178651931166
-0.426473770838112,8.69944683218129,8,5.81220109819271,-1.30158849325333,5.69369243066841
-0.318765820554163,9.13878713458645,10,6.30470301932501,-0.751337897516337,7.37408655973803
-1.11525228298209,6.33897088278945,5,3.22248024067784,-1.35924591036377,5.54149944360941
0.66588913144323,14.1113823943033,15,12.2153724901056,0.0559099007477649,10.7661102758164
1.24909508465596,17.6283502166212,18,16.7960581702482,1.22038562822771,17.5711529116947
1.37645421603954,18.3868522623121,20,17.8223152365563,1.10301171650541,16.8424917932163
-0.24765428747524,9.44019435203457,10,6.64498749144942,-0.490915582644914,8.33570525405238
1.8473062932226,20.8937700372395,22,21.30337574167,1.48831690874543,19.1723976865801
0.508203054631392,13.207104616095,14,11.0905637916639,0.153215575170879,11.2597734592449
-0.124953487117171,9.98183930923015,11,7.26172412748894,-0.134437722108154,9.85405057036537
-1.0292346266576,6.5950220293411,7,3.50009055369414,-1.02981199197791,6.46908205644551
-1.43966569574381,5.45841903410829,4,2.26936254227198,-1.13264055635809,6.16399236226752
1.93842583026801,21.2980295038386,23,21.8811485694752,2.67573649940251,23.5441875019662
-0.837080394256316,7.20460599312415,6,4.16335086568758,-0.377379540646848,8.79301983458966
0.0543639934245425,10.8230278846602,12,8.23370217746658,-0.0720914066817351,10.1449252589032
-0.653705245645623,7.83821292284922,8,4.85770295559229,-0.817798656589766,7.14708787788676
0.712371555621445,14.3839704581465,15,12.5588889093946,-0.00125738574143668,10.4846964291526
0.757810994812678,14.6527389933962,16,12.8995875014963,0.964710672684276,15.9783752201834
-0.124367762104842,9.98449091216021,9,7.26476043227224,0.0769765693158082,10.8714280072391
-0.898510879962291,7.00388880479619,7,3.94452110602435,-1.20053827998016,5.97049804902268
0.569133276757459,13.5525155541698,14,11.5175212174023,0.525791867215993,13.3112571941063
-1.33233264489944,5.73557512528776,5,2.56938439665587,-1.42340806738846,5.37685312122383
-1.76349152784317,4.69869963539308,3,1.44334498550108,-2.67889008719298,2.95499315243177
-1.09991562393358,6.38389237629147,5,3.27115307476404,-1.52875294527052,5.11687593471786
0.824578263311801,15.0513033460544,16,13.4084255918742,0.350029175831817,12.3130881221773
1.05058176609186,16.4218870175894,17,15.1899608183698,1.10376369119221,16.847183363004
0.726735775250898,14.4686978819774,15,12.6660787445368,0.976870026309343,16.0543060283773
-0.766811553629034,7.44119179507655,6,4.42194209903822,-0.751764584100317,7.37260620380832
0.079689957506509,10.9465781833378,11,8.37798039430359,0.654280975980432,14.0707535391133
0.168729154530964,11.3901698821364,9,8.89930334928215,0.400319760659229,12.593450145429
1.10714181045827,16.766918252422,16,15.645831683778,1.27028725666416,17.8775545979306
0.542681168427432,13.4019088041425,14,11.3309484759575,0.145142501958419,11.218119572229
0.738284968499642,14.53698080422,15,12.7526073519892,0.912022398471849,15.6498967292016
-0.504174353774424,8.39510825942974,8,5.47333456388167,-1.09506717959059,6.27375734149116
0.586151869445942,13.649924538938,15,11.6385293742525,0.915584657367831,15.6720705923567
-0.0627826545655434,10.2668030219928,10,7.58901216357021,-0.40042616102756,8.69824552695599
-0.640228696877974,7.88688564610398,8,4.91129518978467,-1.06462810120472,6.36411914778389
-1.91418995541869,4.38083796030527,2,1.09442740198757,-1.14166943551206,6.13790429906232
1.37657996742755,18.3875908084211,19,17.8233203928994,2.07358426754238,21.9682258750033
-0.881857385903442,7.05774823436996,7,4.00319400069189,-0.238909593335428,9.38375545057487
0.349361101415027,12.3331096042925,13,10.0251160534675,0.325689104699482,12.178984074447
-0.0173323468293401,10.4796184897424,11,7.83474809397559,-0.507430420911685,8.27116573532558
1.39548370015654,18.4983341409386,18,17.9741693233695,1.24941854373648,17.7497413953641
0.530924250768972,13.3352879853077,15,11.2486202803138,0.241755705709259,11.7247424388073
-0.00156271434884707,10.5543438470409,10,7.92130331624942,-0.0742419564016682,10.1347643718727
0.509538315419375,13.2146166969177,15,11.0998138889522,0.716314723541454,14.4450379787547
0.70308183911536,14.3292954248321,16,12.4898232817135,1.22701981052554,17.6120348965223
0.266960670070972,11.895955288064,13,9.50015785461695,-0.0488966439480849,10.255095144275
0.0214304987211989,10.6641154604834,10,8.04871079101731,-0.0594685616785874,10.2047493556287
-1.37108326630526,5.63396304131968,5,2.45942092037656,-0.6495433537477,7.73596143290007
-1.19064672754162,6.12263745140239,5,2.98822147531019,-1.91385951527781,4.26594435152183
-1.53900086305534,5.21356598188839,4,2.0039336713083,-1.98410482153627,4.12604222035708
-0.446433272912008,8.62027217486571,9,5.72386876304138,-0.850438259388064,7.03820654616643
0.507047528358134,13.2006058314794,15,11.0825627027514,-0.541184414884279,8.1407938308807
-0.276423518249729,9.317158315483,9,6.50583756921507,0.182241658996534,11.4105672980964
-0.824600332743036,7.24607418175999,7,4.20862265570888,-0.581906995827336,7.98622599572249
-0.888312000009028,7.03682468619426,6,3.98039655651041,-1.11140613423607,6.22578642087112
-1.23586986143431,5.996385886415,4,2.85158604077148,-1.8541964740406,4.38828217033041
-1.17860888340509,6.15668302668932,5,3.02507511955842,-1.37454168829109,5.5018038314679
0.936008581193737,15.7241230938699,18,14.2769696673567,0.833325613504161,15.1618338248015
0.84248371563194,15.1588408985919,16,13.5464461086891,1.16408646864408,17.2227298803898
-0.120277962469817,10.0030231502194,11,7.2859861239863,0.068918217788502,10.8310398695654
1.38026949691853,18.4092489094817,19,17.852801958234,1.20523023479932,17.4776098876546
0.170236802109157,11.3978036708887,10,8.90832064045684,-0.16399449904474,9.71882755317076
2.15873999935116,22.1446711242573,23,23.1179900096415,2.41092984608413,22.9955593413374
-0.955786766710113,6.82174269050582,5,3.7463309310882,-1.23376573693248,5.87803102845395
-0.936606033331208,6.88221132230671,7,3.81208731483831,-1.35236644548939,5.55944505234779
-0.632238147871712,7.91588467746684,7,4.94324386496046,-1.19082008773375,5.99781572864587
0.630292507103052,13.9043740371761,14,11.9558712250046,0.598190071664279,13.7364116132595
1.21666812561432,17.4325896178479,19,16.5332021687492,1.00596439278981,16.2361051157722
-1.40907442247944,5.53605131162395,5,2.35343110822279,-2.25274552629034,3.62975971176304
0.151539361248652,11.3034188435835,12,8.79693968027229,-0.0369723499899095,10.3121456797859
0.254357725221201,11.8301181518053,12,9.42155212013407,0.663440942027315,14.1257345759993
1.00782270017489,16.1610997692302,17,14.8473119496851,1.32974641595133,18.238702669091
2.20411701752977,22.2960573465595,23,23.3445489872305,2.28409493487939,22.6574011109832
-0.623546915650945,7.94754526527696,7,4.97814086801696,-1.0654212482339,6.36174806936603
0.258499950946659,11.8517265430014,13,9.44733822508255,0.574697006231313,13.5976292775809
-0.941335887868889,6.86725094916213,6,3.79581526619203,-1.08930113908193,6.29077486429311
1.71582866470266,20.2579958605058,22,20.4060203241518,1.50461902372924,19.2653438036105
0.182335949688636,11.4592130322541,12,8.98091637249512,0.268535635440849,11.8682731899627
1.27720179999574,17.7973073386773,18,17.0235967444363,1.11336583019076,16.9070733703732
0.282802460917855,11.9791013739547,13,9.59959905947733,0.262999243149175,11.8384914446654
-1.80730777097492,4.60407600543036,3,1.33976319022943,-1.66921426524694,4.78918035425812
-0.92229228427072,6.92768231965846,7,3.86155934506926,-1.24551232722799,5.84568475453593
0.469986934412878,12.9932314359332,13,10.8278702838766,0.145551770537901,11.2202282252374
-1.11437165368878,6.34154179466831,6,3.22526553499635,-1.018045386695,6.50494879284901
-1.01048498867883,6.65217917693419,7,3.56212617257089,-1.10227585594363,6.25254717399677
-0.801587661690636,7.32316007302848,7,4.29283836101022,0.0853244473497216,10.9134007587944
-0.143220903721011,9.89945759139477,10,7.16747461951194,0.608964989226173,13.8003165510286
-0.771880282220699,7.42387193524788,7,4.40298547798365,-1.18741707660613,6.00741103134974
-0.456988500019018,8.57868193464447,9,5.67751797083151,0.279225447139138,11.9259359415873
-1.1480159509995,6.24404877124476,4,3.11966707471693,-1.158431554327,6.08976486064456
1.25680065386214,17.6747424965316,18,16.8584741029288,1.00235924644499,16.2135715441183
-1.0115566679015,6.64889904708587,6,3.55856534491694,-0.137226099935098,9.84122031281607
0.00138826489149402,10.5683778945345,11,7.93757492714668,-0.303695719889053,9.10278601076407
-0.826302650868224,7.24040390794369,7,4.20243098778258,-0.832253862669605,7.09865860281789
0.0652784423836794,10.8761297288188,12,8.2956641620667,-0.0189748666698238,10.3987834263575
-0.585782768628367,8.08655833516011,8,5.13156634489294,-0.778735578329044,7.27963908636908
0.477073596949747,13.032725049702,14,10.8762827345819,0.584582987740521,13.6559359998899
2.61346645388354,23.3442781429093,25,25,2.2238299445841,22.4770826453429
1.22746270697862,17.4978456802604,18,16.6207304648532,1.45136082176694,18.9593729136605
0.17585707366478,11.4262969721334,12,8.9419917059889,-0.870554198458058,6.97193974143102
0.409276084768475,12.6580832268572,14,10.4187892861818,0.400317784080607,12.5934390408941
1.49049350104528,19.0454103905483,20,18.723087650075,1.72332276491781,20.4398460953966
-2.13395464110927,3.95377602953007,1,0.620078613498471,-2.40950726139126,3.36648274580186
0.456138624371577,12.9162773752142,13,10.7336629324361,0.612739757494014,13.8227412871921
-1.6608237409463,4.92777823493321,3,1.69330612776849,-3.23058025363792,2.25343233270545
-0.897753586947805,7.00632911882779,6,3.94717880027185,-0.979206789367361,6.62476596463157
-0.570302481754726,8.14422644580784,8,5.19531202819133,-0.739885217265944,7.4139330873294
-0.358912997312649,8.97262594936661,8,6.11795868359154,-0.0855841687740484,10.0813257193926
1.62637191297422,19.7932672183334,21,19.7570634038138,2.01205446594273,21.7344525121363
0.180366858678639,11.4492011189689,12,8.96907376954826,0.59547453858632,13.7203309470184
-0.689187277195542,7.71147055681562,7,4.71833018010353,-1.04264061505888,6.4302051923397
0.500536990692284,13.1640268956568,14,11.037549956873,-0.0408360765451076,10.2936293877698
-0.0823972969047043,10.1761318066324,10,7.4846578195526,-0.306477335227312,9.09090374722995
-0.162994621254977,9.81097173751446,11,7.0664226208313,0.301239837256357,12.0453429459334
1.29246122074368,17.8887127826195,19,17.1469512041901,1.3879242547741,18.5868754688967
0.276684268835798,11.9469386204556,13,9.56111051398454,0.0562355235460889,10.7677315500053
-0.969522864898874,6.77876253030385,7,3.69961432348544,-1.20113442608626,5.9688263436816
-0.688496269017697,7.71391949798609,8,4.72102075224931,-1.09372078475437,6.27772685966251
0.934450326831334,15.7146635876963,15,14.2646767212544,1.03370496135963,16.4095209149259
-1.81654456604694,4.58436272259669,2,1.31815545022023,-2.11499565059272,3.87680045617778
-1.29990592484039,5.82198187770514,5,2.66287862588181,-2.20185937879566,3.71925593672857
0.726370922765012,14.4665430443061,15,12.6633501934087,0.147436730323994,11.2299441596113
1.25524312614154,17.6653694280105,20,16.8458598491885,0.544169222877168,13.4184583454114
-0.177657954015566,9.74581632512366,10,6.99213310677237,-0.177045546771617,9.65966457499383
-0.659720645556967,7.81658263253476,7,4.83389886174998,-1.49899634562713,5.18903995396195
0.534760187133331,13.3570026202201,15,11.2754410082168,0.730530874408197,14.5314218609419
0.349891104854897,12.335958449318,12,10.0285544037649,0.37023147086989,12.4251865794754
0.570396024934097,13.5597294896224,14,11.526473788445,0.5813357381852,13.6367688806357
1.13152081623309,16.9154929596052,18,15.8430049475588,1.59867495474354,19.7880208166836
0.591422792638536,13.6801734113269,14,11.6761604538628,0.552654487708674,13.4681240334704
0.285430910568184,11.9929386373119,12,9.6161665795597,1.02452810345311,16.3521507429934
-0.390461332327925,8.84406140149929,9,5.9738697863414,-0.51045101883255,8.25941498909659
0.801242637587483,14.911547718061,16,13.2295158725166,0.825235704733477,15.111893349927
0.288060021601795,12.0067912397892,13,9.63275773223049,-0.103118674435728,9.99921125569261
-1.92000497540696,4.36899357130252,2,1.08136769017342,-1.6599911394035,4.81006075436283
-0.89836483236582,7.00435936551079,5,3.94503357851082,-0.33139532436951,8.9851227802007
-0.0737248471646086,10.2161341755779,11,7.53067186366016,0.167066956682911,11.33153222022
-0.887409513823977,7.03974652262457,7,3.98357976728754,-1.1623377055205,6.07860115487162
1.69889067156946,20.1718838448938,22,20.2853654901314,1.44996646706742,18.9512750744803
-0.879887008081751,7.06414776777176,6,4.01016768328282,-0.957773222367656,6.69184019274359
0.178232317321021,11.4383557650145,12,8.95624837107238,-0.559993131213259,8.06903562810275
0.282302476328928,11.9764705878895,13,9.59644978270555,0.124680400664158,11.1131048837506
0.108209726006807,11.0871048636428,11,8.54256845184027,0.222179900137834,11.6206666499769
1.36449437081277,18.3165030003483,20,17.7266223182339,1.60500667054846,19.8223124247165
-0.219542080762227,9.56186851312396,10,6.78293466467407,-0.90160971711237,6.87087233769089
-0.615891302949998,7.97553599935392,8,5.00900695397669,-0.631804941488716,7.80082530663794
-0.135624231307177,9.93364249614753,10,7.2065643418113,-0.857874199341224,7.01363683329594
-0.0953135851196447,10.1168104415533,10,7.41649395536315,-0.229885414787262,9.4235375627279
-0.35616034923036,8.98392701493286,8,6.13064097601652,-0.0437233470373634,10.2798118168845
0.0746428482091887,10.9218631677765,11,8.34908712821665,0.234693672931015,11.6871142476104
0.205675479464765,11.5784081717614,12,9.12211394781909,0.582005476866085,13.6407208552287
-0.404848774053211,8.78601309812188,9,5.90892459932733,-0.427042584068696,8.59003108604332
-0.609877138448647,7.99759286983588,9,5.03333900059338,-0.361753477727835,8.85784884546889
-0.766735612378605,7.44145158989839,6,4.42222647712378,-1.43752882710911,5.34126887785251
0.268851515027313,11.9058566914373,13,9.51198981586103,0.206587313805643,11.5382818113931
0.304846886587451,12.0955187355299,13,9.73915107640662,0.516827526366611,13.2591489490646
0.176241320016761,11.428247057552,12,8.94429695513614,0.193266852522598,11.4682650881039
0.655070377068722,14.0483019932346,15,12.1361704889595,0.235401016435944,11.6908789519568
-1.11413538804715,6.34223172459602,6,3.22601300287452,-1.05706939767071,6.3867602440834
0.787620704188543,14.8301859828526,15,13.1256012640619,0.505153629375642,13.1914738526184
-1.08517099418765,6.42737647048818,5,3.31828000986717,-1.40084631813643,5.43419239101991
0.80945531932772,14.9606801162767,16,13.2923536051563,1.48402950203169,19.1478464707343
0.0834686405268073,10.9651122051082,11,8.39965820418917,-0.0672837087513962,10.1676735842208
-0.0205292489571323,10.4645253929494,9,7.81728275498664,-0.576734031306826,8.00569712041291
1.84941324802397,20.9034644846242,22,21.3171583349389,1.81345128773965,20.8779991751845
0.206752876658419,11.5839337441138,12,9.12866879768731,0.584378187543045,13.6547267177974
-1.0486474317496,6.53635567703552,4,3.43644396713662,-0.757107074848758,7.35409623342585
1.01321475468071,16.1939707031867,18,14.890408856613,1.32220579932241,18.193175152085
-1.74379787798251,4.74183345898937,3,1.49049272908254,-0.828526226203209,7.11111545148706
1.36967021681954,18.3469740499089,19,17.7680580765264,0.916409978317779,15.677208763435
0.811874401025288,14.975163374372,15,13.310889283398,1.27947775311279,17.9336810893958
-0.54829909456694,8.22688492604739,7,5.28678529499754,-1.73600391709489,4.64055227472877
-0.795764713399509,7.34279357763058,7,4.31430039354916,-0.907834921686069,6.85079194766297
1.62523585847823,19.7872133381307,21,19.7486438684299,1.62294474076095,19.9188081106739
-0.149765729698675,9.87009075179784,8,7.13391660510139,-0.0827728711588819,10.0945474606944
1.1536057433909,17.04993536283,19,16.0218659974655,1.35290423801742,18.3779708647517
-1.33897052718413,5.71804285390661,4,2.55041282101958,-1.63950053189924,4.8567641489246
0.857448901587417,15.2489083113227,17,13.6622806418698,0.748847685317586,14.6430337674399
0.0117842385245956,10.617945443263,10,7.99508560881306,-0.172010445733392,9.68245010618903
0.42838256827482,12.7629346127777,14,10.5464335894738,0.289907840452125,11.9837675532312
-0.399977384513201,8.80562670612722,10,5.93086080127691,-0.134767873228501,9.85253063659301
1.12233500346845,16.8595285590123,18,15.7686740204644,1.23264025401989,17.6466368344794
-0.316366556025972,9.14880830211204,9,6.31598457361399,-0.195344769797362,9.57727265455173
0.980331037618667,15.9936141160404,17,14.6281404714528,0.549204030366268,13.4479152188685
-0.65425620150824,7.83622934255253,8,4.85551971207977,-0.113729461543041,9.94981496346949
-0.690189356161189,7.70792053641588,8,4.71443005454716,-0.957492684001049,6.69272264333723
1.10188511169211,16.7348649349908,18,15.6033617916567,0.846347554585341,15.2423214743651
-0.892642676643994,7.02282065247443,7,3.96514114034091,-1.52749716250537,5.11990152864239
-0.0334524183848029,10.4037041753441,11,7.74696024850758,1.00615044221841,16.2372680324883
0.906997809987027,15.5482117856027,17,14.0487440690873,1.35903041751603,18.4146679300719
-0.476687531629206,8.50157829140517,9,5.59167861899121,-0.230011744476733,9.4229795584208
0.0181447374821289,10.6483696468829,10,8.03041633570532,0.290169827571088,11.9851884951842
-0.942646242650934,6.86311204538729,7,3.79131388170371,-1.64918317603515,4.83464068310802
-0.629277021619467,7.92665762006256,7,4.95511615349142,-0.669124414732048,7.6649886501909
0.552171683736779,13.4558306299052,14,11.3976744198276,0.718355933509029,14.4574280181054
-0.20131435886907,9.64152856884707,10,6.873433009825,0.220137871450989,11.6098514011179
-1.61786294907585,5.02679028105992,4,1.80105226690438,-2.0923792670265,3.91883159341953
0.211283350489307,11.6071913055336,13,9.15626772366135,0.0826502072503929,10.8999400205794
-0.0527232470154677,10.3135780731919,11,7.64292570829034,0.132016804246617,11.1506636468017
-0.639337645674409,7.8901142515384,7,4.91485150228161,-0.764682111672122,7.32793165903479
-0.0206417311079906,10.463994687903,12,7.81666874164497,0.568277327877549,13.5598403245214
1.65586268653814,19.9491254019782,21,19.9741204363427,1.49622425732732,19.2175621786418
-0.762022166205264,7.45759382880277,8,4.43989805841876,-0.220640009972718,9.4644593326752
-0.958463913936192,6.81334477827161,6,3.73720154170059,-0.859344830873273,7.00878788288079
-0.252775395257862,9.41818366474814,11,6.62006904624943,-0.161056827957396,9.73219067002576
0.139074084824985,11.240842186715,11,8.72322582978311,0.164615658993171,11.3188062389978
-0.699153401752511,7.67623549208957,7,4.67962890693175,-0.352529186958477,8.89633550979078
-0.721655574784571,7.59726164787395,8,4.59295543622102,-0.587544192081939,7.9650613756807
0.557738997175168,13.4875212962258,12,11.4369281547043,0.3943387796974,12.5598790447865
-0.392663912238592,8.83515115567275,8,5.96389637717335,-0.352383165265411,8.89694605750363
-0.667143888741688,7.78997080051739,8,4.80462298621507,-0.742884911738685,7.40347548971959
0.299941345017991,12.0695406189359,13,9.70797823048821,0.326249147975515,12.1820578612676
-0.979872812049319,6.74655500269526,6,3.66461840972171,-1.11382955195236,6.21870274474564
0.264672306722792,11.8839805492484,13,9.48585188825573,0.111340821507804,11.0450793313485
-0.514707890745706,8.354649229037,8,5.42841987259833,-1.02556166971584,6.48201474475992
-2.0131344338046,4.1834051133794,2,0.876078268887374,-2.02861864104655,4.0396380556412
-1.51840882263741,5.26343109946791,3,2.0580310555648,-2.06659645544298,3.96726794797418
-0.195900555205445,9.6653049021195,9,6.90047280730878,-0.0142164461108996,10.4217965561292
-0.983024064487534,6.73677891253378,6,3.65399785950823,-0.900373801402698,6.87486605776245
0.342351220244682,12.2954744558899,13,9.97971425092851,0.338760558500691,12.2508720685217
1.39965677911705,18.5227043684177,19,18.0073992956599,1.76459285469019,20.6441268707264
0.107708365402846,11.0846217563612,11,8.53965567242229,0.142692551482769,11.2055035542493
1.21401024213239,17.416509342982,17,16.5116481026225,0.960692309038834,15.9532902037406
0.657391176700129,14.0618218025327,15,12.1531363163151,1.25966512792933,17.812559814057
0.992481343282065,16.0676118547925,17,14.7248873317023,0.659673507966731,14.1031087621625
0.664860165229358,14.1053767624077,15,12.2078272448106,0.873123167799872,15.4081822194045
-0.637968704835098,7.89507695196546,8,4.92031825942284,-0.869178792642946,6.97645049353723
-0.8523614088653,7.1541508327255,7,4.10829699685842,-0.505026444968925,8.28052953626333
-0.312119893569221,9.16657088220622,10,6.33598656655185,-0.581281463329703,7.98857799340702
-1.80377807062623,4.61163052757484,3,1.3480410404362,-0.877146259003361,6.95036148015115
-0.431044706124995,8.68125374425598,9,5.79189261234237,-0.338675743965163,8.95444030471485
-0.401738837280301,8.79852978254359,9,5.92292256665666,-0.42906424206904,8.58186567448587
-0.982449526114267,6.73856024862759,6,3.65593300213969,-1.16425803515356,6.07312040419078
0.435143636094526,12.8001760998046,14,10.5918445568077,-0.0251472041631328,10.3689986210474
-0.306620140177854,9.18962280320852,9,6.36195501601747,-0.148053510558099,9.79154472979516
0.843251527650373,15.1634578637912,15,13.5523787001452,0.602565968267757,13.7623456597413
0.61190911580251,13.7980925070044,14,11.8231009573241,1.11523959198297,16.9187562646762
-0.0886219947163983,10.1475050418475,10,7.45175313440179,-0.499617214865503,8.30163761742683
-1.19463540783327,6.11139759901506,6,2.97605541290676,-1.70149221317998,4.71679001081051
-0.331941336805958,9.08393952604174,9,6.24299564177856,-0.763519331583552,7.33194184441289
-0.686363217198105,7.72148388761033,8,4.72933209492955,-0.914846615676407,6.82824567055124
0.106889129938747,11.0805652774792,11,8.53489761796108,0.46676141989992,12.9704041364854
-0.247383879140038,9.44135789578651,10,6.6463050524404,-0.0457884752472666,10.2699388419873
-1.98686879864894,4.23497373502178,2,0.933251848223771,-1.80106916471236,4.50001547811718
-0.541630532219517,8.2520969787926,8,5.3147105999063,0.0377436695178994,10.6759895064051
-0.440323443053947,8.64443479857923,9,5.75081286179656,0.407090949485647,12.6315299455193
-2.16280265496457,3.9007433931948,1,0.560588685807215,-2.17687245143871,3.76395091499696
0.107993106331316,11.0860319475189,12,8.54130986041025,0.171438085319178,11.3542535403069
-1.09801010345195,6.38949562889833,6,3.27722508035901,-2.43371649592378,3.32744098452039
-0.5055008030756,8.39000298746726,7,5.46766535821836,-1.33915526973222,5.59406852624251
-0.158040013448763,9.8330760311282,10,7.09164854039288,0.414562122298189,12.6736361493205
0.246176869159312,11.7875294216876,12,9.37076671639206,0.36674996185358,12.4058176111057
-0.868387174488154,7.10161261440487,6,4.05100341444203,-0.798212092397859,7.2132423521013
0.554435110188816,13.4687094205313,14,11.4136233873557,0.609461505022433,13.8032651093705
-0.398181454237636,8.81286815391459,9,5.93896175972039,-0.279300076643089,9.20763497269936
0.391036473509102,12.5585341656976,14,10.2978834814286,0.754708720862826,14.6788188244909
0.0445565005448075,10.7754970544069,12,8.17830277952162,-0.0379462988147427,10.3074754118409
1.68423496434088,20.0966467893138,21,20.1801039309362,1.2058284254675,17.4813058852954
-0.114473610584643,10.0293772649646,9,7.31618483719504,-0.235316748851695,9.39957513618203
-1.19216917246951,6.11834489472181,5,2.98357514669461,-1.23875136693612,5.86428051323165
-0.811854283473389,7.28867006105911,8,4.25514864956415,-1.36910299638616,5.51588608857485
2.09545936130753,21.9205713867402,23,22.7861264959896,1.98915651827329,21.6436230912595
0.568041294371535,13.546278958898,15,11.5097827066318,0.423957458312664,12.7267195442919
-0.661951624668239,7.80857534735143,8,4.82508878494002,-0.751100988747838,7.3749086258926
0.53262281665674,13.3449006891871,13,11.2604917398503,0.129890195080707,11.139765767834
1.76426218319599,20.4990850257718,21,20.74488308102,1.52069085910373,19.3563313244732
-0.756158914684923,7.47772211607524,7,4.46193852109199,-0.571106664843908,8.02693246983793
0.729206608659342,14.4832944833649,16,12.6845649533931,0.648610723884373,14.0367708736833
1.36114697553712,18.2967755247371,19,17.6998064113054,0.721731106430716,14.4779249940961
-1.159646989178,6.21069026534712,5,3.08354567530233,-1.42975213065658,5.36083742363002
0.735484474110474,14.5204104161234,16,12.7315975328023,0.639591298730873,13.9827992711901
-1.59153540677738,5.08841300883213,3,1.86803763916281,-2.26295570062019,3.61204586172589
-0.269981911927936,9.34457692844253,10,6.53681773725929,0.100925585870444,10.9922061571369
0.806144020725443,14.9408632179781,16,13.2670010459521,1.1422315504458,17.0868804210773
-0.575635696056218,8.12431368588049,9,5.17329403686389,-0.925584304884927,6.79386370568684
0.135081267174194,11.2208569891348,13,8.69970569561026,-0.0927235146217111,10.0478188707128
0.764453283591716,14.6922042947151,15,12.9497805810026,0.35076686050331,12.3171688166881
-1.87706428517879,4.45718241052479,3,1.17849596793837,-2.07246893487475,3.95618663266057
1.69314938259237,20.1424898441178,21,20.2442242710224,1.36593102640591,18.4559283141583
-1.2766929211236,5.88461973903167,5,2.73065161894693,-0.944569138641138,6.7335021843716
0.917142107658602,15.6096731988183,16,14.1283927074901,0.663700690525456,14.1272951676223
1.35315003676823,18.2495816697496,18,17.6356878902101,1.7618889629873,20.6309290226346
0.670800804473038,14.1400671855458,14,12.2514247122672,0.656416091227822,14.0835599534872
0.314238357286764,12.145366925781,12,9.79901925987978,-0.169681095492565,9.69300801983279
-0.864415172894372,7.11459852613791,7,4.06516161385068,-2.06975623401704,3.96130186232098
0.363247670976517,12.4079056374984,12,10.1154640680001,0.565585411459543,13.544012006583
0.428872812667021,12.7656325663679,14,10.5497220793115,0.294285336742297,12.0075262026863
0.835883529933754,15.1191717457741,15,13.4954963742772,1.28964033591724,17.9956216987259
0.0116691853975224,10.617395791363,12,7.9944475320638,0.528093310771393,13.3246546658832
-0.323179275035885,9.1203800608374,9,6.28398652309441,-0.140951437989944,9.82410265093586
0.0129049253075028,10.6233006522987,11,8.00130273735655,-0.407442714718753,8.6695896684215
-0.882242350032104,7.05649859146348,6,4.0018322986867,-0.795976979207265,7.22083079910877
-1.273460629836,5.89339404030273,4,2.74014528794002,-0.85850301180847,7.01156310443655
-0.636169151490539,7.90160537071013,8,4.92751038635911,-0.583825577374381,7.9790164582123
-1.53808041122882,5.21578511398146,4,2.00634168819042,-1.38632453502456,5.47141626662286
0.561462380381775,13.5087400290249,14,11.4632264760139,0.749158742501022,14.6449320997153
0.529985607458492,13.3299776993961,13,11.2420633117273,0.918186946643206,15.6882726084632
-0.00893961432076045,10.5193311815349,12,7.88073012041607,-0.612639624207218,7.87152044065258
-0.625728516433173,7.93958644491592,7,4.96936689464183,-1.40734483051717,5.41761548223315
-0.215730954699584,9.5784741666135,10,6.80178752460088,0.40635725487571,12.6274000472177
-0.256995551012707,9.40008097277994,9,6.5995830775769,-0.595727444996501,7.93443744906118
1.33203075740544,18.1245246080791,19,17.4660081159463,1.14277657282103,17.0902715461645
0.402310975424004,12.6200054809914,14,10.3725099410755,0.377811873735939,12.4674319491643
0.739636415033205,14.5449801666978,14,12.7627525341415,0.733672335444347,14.5505396170347
0.056576303136662,10.8337738387533,11,8.24623520252189,-0.192748353519873,9.58892306835585
-1.87862607956523,4.45394536392513,2,1.17493514028442,-1.58872857762419,4.97438073574334
1.58991005395385,19.5971881076523,21,19.484786805254,1.35798648123816,18.4084189658029
-0.481654861809945,8.48224137489355,8,5.57016899332098,-1.04886535964145,6.41142614828502
0.661207493145919,14.0840679888825,15,12.1810637673438,0.663695493784229,14.1272639443428
0.972862309701054,15.9481507177798,15,14.5687685200915,0.795427169716136,14.9283250465803
-0.0753357073414692,10.208693507712,11,7.52211000060329,-0.0624015716695499,10.1908207705608
-0.227874755614858,9.52565376054636,9,6.74184105837652,0.443643865747902,12.8384227202204
1.17534427089778,17.1820797008733,19,16.198074468359,0.884148890496046,15.4766105909276
-0.829202892663566,7.23075356967254,7,4.19189422909093,-1.47525472799853,5.24732808076119
-0.176824594247101,9.74950876473642,10,6.99634050884846,-0.097582042133072,10.0250739600348
1.49427841449352,19.0668359988547,20,18.7525442855371,1.27278977375625,17.892847667795
-0.827418883757004,7.23668821784271,7,4.19837385599037,-0.232374484683316,9.41254894485113
-1.34107152999336,5.71250453072183,4,2.54441971251676,-1.02550845809056,6.48217681977838
-0.251473938700415,9.42377286740918,10,6.62639558100416,-0.0186002415975922,10.4005936068533
0.200491435107785,11.5518498168796,12,9.09061994589202,0.132221013550098,11.1517105831237
1.60805126368197,19.6951996100486,20,19.6207775449128,2.11544086791183,22.1187293955659
0.408756129203331,12.65523798031,13,10.4153298028624,0.692109538454249,14.2984643148895
-0.662988348459833,7.80485714850511,8,4.82099816067434,0.0880687093153253,10.9272284269696
0.221685288423971,11.6607274349471,11,9.21985283672763,0.415265892285896,12.677607310182
-2.08359469093722,4.0479967170697,2,0.725416735752232,-2.96000980929921,2.57555813924757
-0.401988240962808,8.79752537133882,9,5.92179917017603,-0.650080485608045,7.73400578072249
-1.27864740218339,5.87932037542964,5,2.72491779705821,-1.72441028169725,4.66603035480701
1.39817269843203,18.5140407952506,18,17.9955846915981,1.25966053040485,17.8125316544655
-1.60052817692735,5.06728278983203,4,1.84507446589936,-2.13309112500828,3.84347536688542
0.464787667480823,12.9643049497785,13,10.7924389948966,0.338155579249877,12.247538216923
0.581223209162357,13.6216738192567,15,11.6034071328886,0.746313455766515,14.627571365496
-0.0929723616058952,10.1275403791913,11,7.42881691079518,-0.424665289285673,8.59964264285504
-1.26536771415956,5.91541927459024,5,2.7639764583214,-1.21011389009139,5.9437027068655
0.636109626151691,13.938095097682,15,11.9980622257682,0.763706664571721,14.7338217727175
0.255406461369904,11.8355861862569,13,9.42807612541947,0.574697006231313,13.5976292775809
-0.84758039912496,7.16989913404675,6,4.12547727270385,-0.295526322822448,9.13776929697597
0.260255348945472,11.860892759245,11,9.45828046990487,-0.0617073626746581,10.1941159706379
-0.71170975075437,7.63206838071708,8,4.6311439780033,-0.217991456382971,9.47621298503572
-0.223241547214892,9.54577463696203,10,6.76466889983891,-0.162209246277369,9.7269464369054
0.957894196032642,15.8570961307841,16,14.4500147804386,1.59828168419056,19.7858870001602
-0.463702150451344,8.55232886774548,9,5.64816608163362,-0.328145106062334,8.99885311266631
-0.680699007157008,7.74160617838713,8,4.75144576079527,-0.866220894754581,6.98616115782891
0.947704939531587,15.7951623183299,17,14.3693607557792,1.06649956583426,16.6144997227954
1.83004504805093,20.8137431873408,21,21.189726276736,1.96827595200268,21.5589816234754
-0.46340029194746,8.55351207838191,9,5.64948364262461,-0.656375458564752,7.71112330746016
-1.06490738349811,6.4876151711625,5,3.38358540096903,-0.788863226951854,7.24503651009144
0.318823489091853,12.1697582438811,11,9.82833844964594,0.774295391660358,14.7986475731231
0.370257845780742,12.4457848688725,13,10.1612785592538,0.99497447006258,16.1674184905434
0.553222804716571,13.4618105629572,14,11.4050793338704,0.595944136261951,13.723111058616
2.30106710890003,22.5942107378008,24,23.7976282194166,2.89770468829707,23.8742756034482
-1.07762672605906,6.44973878294237,6,3.34252038795659,-1.34734167675825,5.57258880069243
-1.7885928149185,4.64426661640243,3,1.38378538922441,-1.87441704527359,4.34645252095639
0.213285430931829,11.6174806902072,12,9.16848244481954,0.35753492061597,12.3546526907102
-0.783703086082301,7.3836280842258,6,4.35895466831963,-1.15977983773352,6.08590917416739
-1.87346699852072,4.46464685310948,3,1.18670581242718,-0.810552433458714,7.1714905061418
0.0600875946116304,10.8508477224438,10,8.26615466834806,-0.150111450625821,9.7821290723665
-1.53714274395629,5.21804669203529,4,2.00879571084865,-1.54989757004477,5.06619204202047
-1.12769156482504,6.30276542524449,5,3.18325951741477,-0.698371930936763,7.56019742030525
0.877728465432855,15.3712156259414,16,13.8199213681687,1.32346936715685,18.2008100424478
0.521191600271439,13.2802883531544,13,11.180746720937,0.71858205926488,14.4588008667643
0.880544791495233,15.3882230737385,17,13.8418732452395,0.91207593152325,15.6502299110976
0.553647711240579,13.4642283401388,14,11.4080735359467,0.284705641327645,11.9555782286899
0.461076286114636,12.9436817817119,12,10.7671925009059,0.246997169701577,11.752730226413
-0.435649809640993,8.66296149856375,9,5.77148013970992,-0.247072392240797,9.34790700509747
0.747287210094045,14.5903015858606,15,12.8202643231121,0.703831366353342,14.3693637705696
-0.100552067469256,10.0928386800347,10,7.38897341066202,-0.0409759400025598,10.2929596663891
2.49466151793872,23.0937903944471,24,24.5852108077876,2.14048230940865,22.2055068926775
0.110248433366681,11.0972067304782,11,8.55442000319244,-0.0439768163153295,10.2785995771025
0.51060339682993,13.2206106514704,12,11.1071957538005,1.04381526707518,16.4727241693662
-0.0507489553599406,10.3227801136273,10,7.65353851622901,0.15975219228059,11.2935914297018
0.285978976853202,11.9958253823755,12,9.61962357660411,0.320465809055658,12.1503431009697
0.950646174703359,15.813035736213,16,14.39262659115,1.0121892070273,16.2750154262457
-1.07522593316538,6.45687121292496,6,3.35025251803858,-2.10975564054286,3.88650095300378
0.15982287383044,11.3451568926574,10,8.84616421964371,-0.13685325591242,9.84293500693732
-0.74671502231124,7.51025545056494,6,4.49757479493748,-0.0484074569387886,10.257430094323
-0.10744477351698,10.0613737915379,9,7.35287175373792,0.00686417484198626,10.5242847969603
-0.7454111506454,7.51475813326018,8,4.50250813682681,-0.893824334841819,6.89606913103509
-0.498867968305408,8.41556167800289,6,5.49605223989532,-1.02144373754571,6.49456946315827
1.33477200353747,18.1407901851038,19,17.4880590000133,1.50575291591706,19.2717843901082
-1.26597734245187,5.91375733168518,5,2.76217823501408,-1.26101024914808,5.80327950722469
-0.100049670596202,10.0951355087358,10,7.39160965369195,0.0529555287137355,10.7514099515229
1.43492170504801,18.7274644193137,19,18.2870839963679,1.81218050228626,20.8720282834968
-0.291689961427153,9.2524755118319,10,6.43281905112744,0.225044693700217,11.6358527103676
0.433405710380706,12.79059633971,13,10.5801596342858,0.222216409638337,11.6208600873618
-0.7454111506454,7.51475813326018,8,4.50250813682681,-0.74266986179187,7.40422470556286
0.1654316069272,11.373487305021,12,8.87960275803102,0.493527336537564,13.1242833945961
-0.55703235220194,8.19398007046601,7,5.25035668712662,-0.773855316564587,7.29637279680656
-0.0174960863754139,10.4788449929459,12,7.833852883643,-0.254581740781333,9.31504255121709
-1.08225815380905,6.43600145145407,6,3.32762896036165,-1.05244070134256,6.40066490932981
-0.938787417148097,6.87530766820432,7,3.80457808592102,-0.978157130206056,6.62803490117706
0.771405331825406,14.733556115333,15,13.0024183224327,0.323335611913335,12.1660730962017
-1.99065576811392,4.22750149064802,2,0.924973998017005,-1.27499328553361,5.76528187919554
-0.866434260277963,7.1079944610438,7,4.05796112257374,-0.999841418725153,6.56083335356966
-0.926165449186987,6.91534899421586,5,3.84813864958752,-0.757107074848758,7.35409623342585
0.455267205659244,12.9114448410698,13,10.7277524545029,0.643275400502689,14.0048322556402
-0.0952259954679397,10.1172116878371,11,7.41695472183484,0.486198051723974,13.0820343393393
0.189156136706839,11.4939438240095,12,9.02201863557345,-0.0185641833181835,10.400767854287
-0.310699238428079,9.17252028882845,9,6.34268758069021,-0.457681868153178,8.46709398971274
-1.57727325743725,5.1220993300685,4,1.90463406217603,-1.20052908976192,5.97052382377534
0.527197937357755,13.3142142182598,14,11.2226037203728,0.892913804535963,15.5310571860259
0.122681411097864,11.1589752101388,12,8.6269456718681,0.0588523716173789,10.7807683522813
0.0613185657550546,10.8568387213188,11,8.27314593913867,0.651087047537185,14.0516069214099
1.32162193483032,18.0626754608865,20,17.3822114403085,1.64185309385572,20.0194534081986
-0.00475978944117936,10.539157453543,10,7.90370127439991,-0.623634710816136,7.83088465668025
-1.81183725510556,4.59439901488961,3,1.32915750107351,-2.67448316299252,2.9613327689567
0.139819700657294,11.244577385732,12,8.72762288058092,0.301913862765778,12.049012776316
-1.22697489518958,6.02101421943061,4,2.87823702444085,-1.77672589029299,4.55211273250306
1.08699481491195,16.6440464744973,17,15.4831616311302,1.21643481425234,17.5467872362147
0.975893305594972,15.9665986863234,17,14.5928539700504,0.940044582438323,15.824471621782
0.524567744094767,13.2993515342826,14,11.2042625013603,0.519578799293935,13.2751287109017
0.350277531745884,12.3380358438721,13,10.0310618108314,-0.0981021901150856,10.0226416748791
-0.00465870522282112,10.5396373257295,11,7.90425738855826,-0.0696773497455097,10.1563420250442
-0.630599926813641,7.92184295322333,7,4.94980992449721,-0.493735483654577,8.32464997472619
1.18833201122072,17.2609203355595,18,16.303393978343,1.11790886765259,16.9353967662725
0.490445117763331,13.1074511538824,15,10.9680035356259,0.276376793631984,11.9105493158301
-0.773829310595507,7.41722270975795,6,4.39570900500348,-1.03036815793069,6.46739170542928
1.05511689934386,16.4495570400605,18,15.2264141346887,0.702467385780527,14.361105766874
0.592215070160661,13.6847233789584,15,11.681823043187,0.850306972910607,15.2668180847789
-0.62118298701221,7.9561780673306,8,4.9876590613108,-0.544253071718865,8.12904318669544
0.676220571068722,14.1717526212513,16,12.2912746882005,0.541195024304223,13.4010748701134
0.701869022752177,14.322164440179,14,12.4808214583707,1.28586898844549,17.9726508042486
-0.575711156172287,8.12403227935206,8,5.17298292969671,-1.25635058838721,5.81599694162709
0.980440639307421,15.9942814141563,18,14.6290123027281,0.862929613440497,15.344983828787
0.759791442001781,14.6645013168184,15,12.9145427307612,0.592239942051563,13.7011897105071
0.428483053237277,12.7634875790341,13,10.5471075741093,0.52019853758165,13.2787298184779
0.236377060981246,11.7366661853967,12,9.31017909028621,0.5552649244373,13.4834244880877
0.828091923260777,15.0723857713535,15,13.4354598392915,0.406627831367139,12.6289229911216
0.35412482277348,12.3587320381305,14,10.0560485679577,1.04746190315621,16.4955191615661
0.186930120832537,11.4825990790637,11,9.00858909072492,0.149899831996529,11.2426503842466
0.558808759513071,13.4936156514177,13,11.4444801609677,1.06159431482096,16.5838477907729
-1.23098254270229,6.00990557318945,5,2.86621591414949,-1.52224781334177,5.13256780809424
0.355233740918637,12.3647019319832,13,10.0632582972178,0.499295680245054,13.1575935040205
0.473627442076123,13.0135102483208,14,10.8527232111525,0.377908437797626,12.4679707388524
0.0253878173511262,10.6831056995276,10,8.07078327909341,-0.468120798765623,8.42560533363907
-0.0483644710572806,10.3339035788731,11,7.66637014397747,0.0407567612430708,10.6908924203185
-0.757228071555975,7.47404775096194,7,4.45791466186538,-0.1763401303842,9.66285382855555
-0.827952227505906,7.23491350210419,6,4.19643612082426,-0.689178540774181,7.59298011223332
-0.8477813994093,7.16923636272854,6,4.12475417464402,-0.961216774886188,6.68101786055311
-0.224906284687122,9.5385406053458,11,6.75646056664671,-0.225678682574005,9.44213664649987
1.13338224199497,16.9268307091198,19,15.8580724330894,0.64698457354942,14.0270325253993
1.83216346549438,20.8236224468359,21,21.2037443589095,1.79924354732602,20.810899647715
-0.192913592706822,9.67844591221575,10,6.91542316580905,0.159345079083255,11.2914827905865
-0.195205669567055,9.66836056872154,10,6.90394884036768,-0.517667463479796,8.2314085203421
-0.827418883757004,7.23668821784271,7,4.19837385599037,-0.617673581876853,7.85288970629294
0.324713696789654,12.2011442127808,13,9.86608960804311,0.699534456725876,14.3433558828742
0.145313030025557,11.2721272925987,12,8.76006591514767,0.0345535336618136,10.6602303212951
1.08644740510017,16.6407071999508,18,15.4787457682809,1.17775045617937,17.3075134463106
-0.709519107152057,7.63975592538502,7,4.63958091784232,-1.27958058345507,5.75287025171229
-0.355837561026545,8.98525311103201,9,6.13212932615617,-0.694878222175614,7.57263879815838
-0.325480431869605,9.11079650164649,10,6.27320347979693,-0.608529247208951,7.88676583425503
-0.850651443356423,7.15977939639937,8,4.11443700817134,-0.243965778351408,9.36153501952188
-1.74704408550581,4.73469744569878,2,1.48269550543881,-2.49009478087571,3.23814107186237
-1.23113676700858,6.00947848787405,5,2.86575375292121,-0.965060295760337,6.66895939608324
0.251361060385253,11.8145042932963,13,9.40292745358272,0.254621905503725,11.7935349936915
0.133652751834378,11.2137138292225,11,8.6913016452162,0.52575117086814,13.3110203587157
0.147145519218496,11.2813295715708,13,8.7709071119526,0.496376874877552,13.1407319847967
0.0278298848856654,10.6948389037238,11,8.08442549293841,-0.357764301373988,8.8744731365631
0.969085394898694,15.925167161048,18,14.5387734782845,1.17709925810044,17.3034757225822
-0.819754065068914,7.26224075977698,7,4.22627806487705,-1.48991161976851,5.21126881363381
-0.939010827313353,6.87460100624188,7,3.80380946463154,-0.986115346888608,6.60329133496035
-0.925751141824366,6.91666723366625,6,3.84957303486202,-0.813615998550638,7.16116327475517
-0.063914403731499,10.2615521546581,10,7.58296333966674,-0.216059666125583,9.48479443872058
0.0827020929411866,10.9613502758052,10,8.39525743974378,0.171973168103549,11.3570374298083
-1.24587511303399,5.96880180866343,5,2.82173783129074,-1.41133255522247,5.40746791315716
-0.805874851759526,7.30873795878726,6,4.27707636022299,-0.792111584621996,7.2339732789462
0.661532921136037,14.0859658005735,15,12.1834468789245,1.16433401284823,17.2242669623767
-0.550926766502595,8.21697098239289,9,5.27580761044984,-1.10659228500258,6.23988139600644
0.286568170689704,11.9989293269037,12,9.62334093437104,0.491511757472625,13.1126563734897
-0.564040068521704,8.16766930398394,8,5.22124238291169,-1.01756653509769,6.50641265757553
-1.50442660890182,5.29755335434565,4,2.09503560816677,-2.08818405954228,3.92667489486545
1.1403042105207,16.9689821497834,19,15.9141164436519,1.19454600635086,17.4115459804302
-1.71680809956944,4.8015649681776,3,1.55571647866251,-1.90471589795168,4.28448117541983
1.90973802257658,21.1740997332533,22,21.7033292809616,1.78700052650202,20.7524776780419
0.141275041744227,11.2518708680283,13,8.73620978843894,-0.122350783757524,9.90984349277754
-0.269504119225053,9.34661362942519,10,6.53911966710331,-0.258135518052137,9.29952766890055
2.06478916102536,21.8064445773266,22,22.6185229091136,2.0898331213745,22.0274667316193
0.272932906087507,11.9272499323779,13,9.53756344060058,0.309568032655607,12.0907446024166
0.452039438348385,12.8935551931899,14,10.7058780249004,0.43495317476053,12.7890317248362
-0.365399206283528,8.94604980342683,9,6.08814501329106,0.0582550195115923,10.777791240996
0.00934446498241096,10.606294925788,11,7.98156247506811,-0.993894728516515,6.57919393659206
-0.934206280213678,6.88981400995009,6,3.82035746441386,-1.9056753220618,4.28253256509444
1.02613595484105,16.2727622193049,18,14.993820800164,0.628254645313831,13.9151086779303
-1.17860888340509,6.15668302668932,5,3.02507511955842,-1.13359269238825,6.16123602222526
-0.656562310157164,7.82793211650045,7,4.84638799886611,-1.05357603328816,6.39725153815421
-0.217442935257855,9.5710115401972,11,6.79331421089494,-0.460732008740758,8.45495069324927
1.73054424299871,20.3320623282699,21,20.5099542853482,2.08752101683193,22.0191004221198
-1.27750602948294,5.88241451437958,5,2.72826560200666,-0.922040200853735,6.80519249163626
0.38322282432158,12.5160530322231,13,10.2463726416421,0.440638463798151,12.8213283573994
0.629929774656195,13.9022727465895,14,11.9532431843999,1.13352528399609,17.0326893508937
-1.10874700002601,6.35798675165174,5,3.24308268000402,-1.70495405497193,4.70908879248696
1.1229802491817,16.863460456197,18,15.7738939093951,0.85037542786736,15.2672417049777
-0.555782900492658,8.19867984850892,8,5.25555856100489,-1.82368196417974,4.45213110332217
0.739011258158682,14.5412795579549,15,12.7580590243632,0.742287002343441,14.603017535934
-1.45303658934219,5.42482138845209,4,2.23296867149738,-1.63132226246139,4.87552638182655
-0.476822037520582,8.50105412501437,9,5.59109546155968,-0.267941719386972,9.25684319162498
0.36394175192544,12.4116524706161,13,10.119994044039,0.718765374653635,14.4599138467294
1.57267452319578,19.5032626508178,20,19.3546654338618,1.70183298555621,20.3311145417687
0.1615992758513,11.3541236326029,10,8.85674538748465,-0.367891153902784,8.83232991047403
-2.2156954544391,3.80525380337288,1,0.45307923218614,-2.7844543829387,2.80683145695303
-0.640196842332854,7.88700104447237,8,4.91142229824005,-1.26527542150183,5.79166297923999
-0.226608653078058,9.5311482578686,10,6.74807383651589,-0.888978874738203,6.91179825677396
0.304635365088169,12.0943977431158,14,9.73780554040697,0.48339613719662,13.0659052153624
-1.27949193674032,5.87703196146126,5,2.72244177445812,-0.294810398508276,9.14084117107525
1.77657407448327,20.5591193055997,21,20.8295205690999,1.5665705596216,19.612349111231
-0.209790977409792,9.60440823315019,9,6.83124392609005,-0.108709571849328,9.97315636148847
0.19216588598146,11.5092968073643,13,9.04019852610689,0.265201912734792,11.8503334358748
0.267313265464571,11.897801183924,13,9.5023634563835,0.601003009790615,13.7530796931379
-0.732058351458289,7.56102322122926,8,4.55321542336542,-0.802191178835487,7.19975287948286
0.303723054963146,12.0895636799341,13,9.73200357285753,-0.00463271481756317,10.4682816340583
-1.61783607353096,5.02685281758365,4,1.80112027262234,-1.98860999470675,4.11721892356192
-0.401186757287894,8.80075353583137,7,5.92540982546265,-0.367542797416144,8.83377638059535
0.638378767813838,13.9512605888134,15,12.0145431461787,1.12381601885739,16.9722119488486
-0.798680736488387,7.33295498747873,7,4.30354485787486,-0.555432824915978,8.08637582487626
-0.795411552001338,7.34398602157857,6,4.31560406062889,-0.803636387705661,7.19485980421653
-1.43138294087202,5.47933302895298,4,2.29201368677258,-1.63022880727725,4.87804023511775
-0.0351317946169905,10.395822918684,11,7.73785462030862,-0.718998162417456,7.48716447818868
0.664527233946914,14.1034338586646,15,12.2053864686432,0.896364029808886,15.552500986105
-0.255699190265009,9.40563838615519,9,6.60587135507036,-0.671664568610313,7.65582981399518
1.14068024985365,16.9712715978173,18,15.9171616432091,1.40102091025393,18.6644329242234
0.231686629263623,11.7123811855786,13,9.28127595837416,-0.48672127572348,8.35217568863927
0.755469756785009,14.6388388714378,15,12.8819190107481,0.475136450264091,13.0184307782565
-0.548959908433871,8.22439064710292,7,5.28402321816259,-0.552080758860247,8.09914546484002
-0.430184940041275,8.68467297437039,8,5.79570890493735,0.0797106209135982,10.8851597402451
1.88712424778894,21.0742282328598,23,21.5604943590571,1.64949789655568,20.0598266489323
-0.202070738963553,9.63821095290283,9,6.86966107451915,0.0557748216056373,10.7654377783455
0.917422809570238,15.6113746879472,17,14.1305990798099,1.17688072172564,17.302120630969
1.71756872973849,20.2667904378928,20,20.4183536742013,1.79780848418206,20.8040804227964
0.0571250445035069,10.8364406472282,11,8.249345970046,-0.525834902082404,8.19982500300587
-0.480110641939446,8.48824819622713,9,5.57684997169173,-0.730202002054027,7.44779277783548
-0.529804841965211,8.29699144831295,8,5.36446533293349,-1.49853580380119,5.1901645951961
-0.82012448980869,7.26100380732542,7,4.22492707795265,-0.732531989195462,7.4396311853066
0.165633534480921,11.3745083154216,12,8.88080826330169,0.292918900080984,12.0001061940915
0.327515259976943,12.2160928553932,14,9.88407945563354,-0.190675390544766,9.59823415641321
-0.345400586734542,9.02823062364207,9,6.18038556337051,0.0823244294945362,10.8983011760405
1.09917201459679,16.7183196582442,18,15.5814491910842,0.688584800068773,14.2771755736236
0.717034363695793,14.4114495081921,15,12.5936314832596,1.08454497195677,16.7272225217609
-0.196881286990195,9.66099376345302,9,6.89556895789373,0.261001135120278,11.8277569551975
0.464455055665369,12.9624558503758,13,10.7901748771346,0.0974500502527706,10.9746093663392
-0.819303744888324,7.26374478649598,6,4.22792077439009,-0.960497716044718,6.68327624351289
-0.541130396577538,8.25399088212435,9,5.31680878875472,-0.0855411010183732,10.0815281527218
0.769822753840115,14.7241386051631,15,12.990426468292,0.0769380880528797,10.8712348396739
-0.580762956298467,8.10521466839826,8,5.15218242002304,-0.129809375110709,9.87538090588489
1.25950882753926,17.6910348751269,19,16.8804048905548,1.22587831278335,17.6050035890223
-0.0924378095014422,10.1299916679495,10,7.43163252543637,-0.247037991847274,9.34805780925827
0.521029197562748,13.2793717745482,15,11.1796163124884,0.669227631496752,14.1605209053838
0.208465369108267,11.5927207054973,12,9.13909425368775,0.634214294062148,13.9506728369388
-0.167714628936287,9.78995584186069,10,7.0424495528393,-0.877461392574306,6.94933162468316
-0.945340507890789,6.85460967068255,6,3.78206742444015,-1.42794752376082,5.3653884130253
-0.575496366508642,8.12483329983303,9,5.17386849639518,-0.510822019026574,8.25797286392968
0.190764782782745,11.5021476619605,12,9.03173223575859,-0.244663768346867,9.35847146241778
1.18299285669758,17.2285204274697,19,16.2600954464726,1.72708804007623,20.4587328482122
-0.46098360401263,8.56299057533142,9,5.66003938687847,-0.265709876752451,9.2665416040276
-0.151431819232187,9.86262748126963,11,7.1253914755655,-0.0991892574789233,10.0175601165441
-0.435659678113128,8.6629223390028,9,5.77143644841278,-0.649914094428245,7.73461154397853
-0.959514492381849,6.81005203100167,7,3.73362217731977,-1.15296104516781,6.1054339929056
-0.200988204354809,9.64295946150882,8,6.875059930103,-0.246649493544824,9.34976106439127
-1.81040659971751,4.59745342645892,3,1.33250530602196,-2.31980604672117,3.51487638277142
0.0882242362215281,10.9884747477043,12,8.42699637474135,0.409120821891533,12.6429606426608
0.4090677744243,12.656943280767,14,10.4174032194598,-0.155626053597483,9.75693922766166
-0.565230244871117,8.16320891710803,7,5.21630795243447,-0.0344686696542486,10.3241598788972
-0.332709382792118,9.08075183426998,10,6.23941126402707,-0.53578383371282,8.1615150506954
0.199293693029689,11.545720431909,13,9.08335417295676,-0.654511820947915,7.71789060386047
-0.0247398257866017,10.4446751916913,11,7.79432137520201,0.3479218115302,12.3014359623387
-0.599221507733784,8.0368188607834,8,5.07663177364628,-0.0643960698066,10.1813587784571
-0.255173619047934,9.40789234151657,10,6.60842193026241,-0.399811955764066,8.70075835874467
-1.76349152784317,4.69869963539308,3,1.44334498550108,-1.96795056044129,4.15782672647016
0.0745936058564413,10.9216222628448,11,8.34880557510069,-0.103991771564522,9.99513836026797
-1.70109956637097,4.83666167919378,3,1.59400651863622,-1.12783682813437,6.17791755468264
0.147037958802552,11.280789264871,12,8.77027051472407,0.100631065180993,10.990714076172
-0.386535793052726,8.85996284107945,10,5.99167265637763,-0.874113560569689,6.96028022413901
-1.51229696787521,5.27832018221407,4,2.07417913467385,-2.59236680657292,3.08178652285809
1.72182754311657,20.2882740530605,21,20.4484905297449,1.8883746839801,21.2191821741238
1.14328552584012,16.9871320231206,17,15.9382609573675,1.24356534536186,17.713806074294
-1.50112359052105,5.30564534390214,4,2.10380958154189,-1.30704834217253,5.67910498219335
1.28105018360051,17.8203821727094,18,17.0547200301156,1.50497205388088,19.2673493819415
-0.627539214319534,7.93298666616972,7,4.96209196633235,-1.09372078475437,6.27772685966251
-1.20666398764329,6.07762476429667,6,2.93950186788693,-0.736259345394716,7.42659358560676
0.209993505127894,11.6005660886389,11,9.14840432183351,-0.129413296546762,9.8772082429876
0.885365457295735,15.417346414895,16,13.8794809644454,1.11253858551254,16.9019150686072
0.757517816872656,14.6509980734924,15,12.8973743248141,0.116000266325647,11.0688011719733
0.151605883657941,11.3037535395185,10,8.7973342250319,0.256249147544399,11.8022573354621
0.301413687781197,12.0773333528892,12,9.71732729205967,0.227880154462197,11.6508984201201
-0.189129093895031,9.69511901865358,10,6.93439775172438,-0.390121333455529,8.74049835388326
2.07326976870513,21.8383636918531,23,22.6653107883026,2.04776597655689,21.8719572016832
0.878409790225717,15.3753295861807,17,13.8252306493195,1.31414972727276,18.1444427250429
2.25723401836901,22.4636021441025,24,23.5979144841007,1.78841840833664,20.7592719413613
0.389267020191212,12.548905342952,13,10.2862035747537,0.187594924794695,11.4385535500318
-1.5736123514171,5.13078087618932,3,1.91406327775081,-1.80233498549258,4.49732209326682
-0.92229228427072,6.92768231965846,7,3.86155934506926,-1.4976688335495,5.19228237837633
-1.04837150676517,6.53718590385598,7,3.4373444895817,-1.45064906685932,5.3084130105392
0.141334263847734,11.2521677418754,13,8.73655933985849,0.501898660862112,13.1726416936367
0.476142903359036,13.0275339814165,14,10.8699168791751,0.563139849863945,13.5296412249292
-0.200302248568018,9.64596949317693,10,6.8784824817444,-0.159713952980325,9.7383048904672
-0.585897794255715,8.08613132937948,7,5.13109455616191,-1.02459449851432,6.48496124809046
-0.649288410014157,7.85413247196227,9,4.87522726306262,-0.7368504978642,7.42452796379504
0.24371045539485,11.7747123853025,13,9.35549258547648,0.225714644105066,11.6394062872029
-1.34658883658246,5.69798568606801,5,2.52870833974189,-1.35129543731081,5.56224401635739
-0.689477564594141,7.71044200308513,7,4.71720016950411,-0.342371168677722,8.93890504124539
-0.168290686717568,9.78739372641949,10,7.03952763421689,0.384554934680163,12.5050942086012
1.19059693471317,17.2746599283025,17,16.3217624184482,1.41152904422284,18.7264243057226
-0.546563692028369,8.2334388027539,8,5.29404336712691,-1.64974003108104,4.83337130764561
0.737680559432722,14.5334038537194,15,12.7480714536983,0.51720571188457,13.2613448197411
0.16377371354839,11.3651072209084,12,8.86970946177674,0.0906266581954319,10.9401305064198
0.00378984141647152,10.5798109151125,12,7.9508345145996,0.477985238677323,13.0347926313232
0.665489673516023,14.1090507796501,16,12.2124430205739,0.807793205464612,15.0043902389051
-0.568779816808004,8.14992038421584,8,5.20160924209179,0.103042733883795,11.0029368661907
-0.179645969963889,9.73701297264,10,6.98210329810135,-0.0513914284208401,10.243194568359
-0.613034579563099,7.9860055628902,8,5.02055542293911,-0.978681825122952,6.62640064872896
-1.23034121929152,6.01168187692593,5,2.86813810699403,-1.26101024914808,5.80327950722469
1.72928067929565,20.3257301488182,22,20.5010628708332,1.71594401511476,20.402691201849
-0.452046607378596,8.59813018192665,9,5.69918807261229,0.028038516595607,10.628108323545
0.502380172697829,13.17437629108,12,11.0502817617007,0.763268378386929,14.731140796943
1.60534505599264,19.6806351886219,21,19.6005558140607,1.23822755790737,17.6810037086797
0.944141097408476,15.77351041164,18,14.3411873813744,0.912517621402295,15.6529789752994
0.725535002461867,14.4616065917048,16,12.6570999168408,0.828410928461841,15.1314887060078
1.14924110735675,17.0233793967499,19,15.9865030845891,1.11397339490158,16.9108616838819
0.45195774971719,12.8931026497685,13,10.705324796854,0.509591217749035,13.2171745395546
0.362036287694548,12.4013681723166,12,10.1075611099563,0.736155230575543,14.5656568356125
-0.390250254316342,8.84491573831282,9,5.97482614820006,-1.14761110013526,6.1207968549906
-1.67759426637202,4.88963917699011,3,1.6517599513736,-1.11443103337082,6.21694586189237
-0.383164342586233,8.87364148286114,10,6.00699113260746,-1.56411483058312,5.03238781310525
0.702760674860723,14.3274069178385,15,12.4874391822789,0.847633499599349,15.2502763285387
1.75914357234984,20.4739745367242,21,20.709513048729,1.81513705875976,20.8859105704201
-0.152019371159232,9.85999674660622,11,7.12238676206989,-0.429480020674667,8.58018730151332
1.1514201790246,17.0366385515129,19,16.0041574406503,0.639924023310001,13.984788441534
-0.115510815009031,10.0246634000982,10,7.31078206619576,-0.257845314402076,9.300793705946
0.527162984674736,13.3140166421025,14,11.2223598620264,0.338527211625316,12.2495860900041
-0.68182764645293,7.73759253921743,7,4.74703440764414,-1.52736824162163,5.12021224003461
0.927840324427008,15.6745500368804,17,14.2125733490916,0.86379874238147,15.3503697446986
-0.062994128810726,10.2658216866208,9,7.58788164597425,-0.180376165870594,9.64461970594253
0.83457880108794,15.1113339365339,14,13.4854347038428,1.14691239399679,17.1159993952483
-0.774768149623371,7.41402190576322,7,4.39220647684126,-0.791721206531013,7.23530192219174
0.235155109712354,11.7303357476494,12,9.30264328515342,0.311536882654732,12.1014961868638
-1.11253374675705,6.34691070554148,5,3.23108226630379,-0.745637618770033,7.39389204870251
0.563582940282174,13.5208332664863,13,11.4782203585243,0.350457049582966,12.3154549005171
-0.525394408611734,8.31379561942692,9,5.38309828708826,-0.751336525103663,7.37409132170138
0.882107392226108,15.3976616570746,17,13.8540590979887,0.559735567807491,13.5096510372669
-0.389884808270279,8.84639506426123,8,5.97648217122351,-0.389186540408571,8.74434115879506
-0.28487670027247,9.28129095036263,9,6.46533648715501,-0.555141950269263,8.08748311158617
1.04833034817555,16.4081508564763,16,15.1718712967808,0.994366640977742,16.1636200262158
0.973294251898637,15.9507795178605,17,14.5722001259161,1.14753886292855,17.119895678465
-0.327172993036631,9.10375358198787,9,6.26528033037885,-0.446785126143924,8.51061672921509
0.0273958720056505,10.6927528399528,12,8.0819997649504,0.1385952458619,11.1844302829604
0.887418207343289,15.4297523032624,16,13.8955077481923,1.37435741868854,18.5062004296049
1.10303577863816,16.7418816766652,18,15.6126567348549,0.900740692467734,15.5797117071389
0.273704554631237,11.931297878302,13,9.5424037933292,0.866936051851134,15.3698153656064
0.315381093696275,12.1514425623489,13,9.80632084545666,-0.662573186764948,7.68866080899552
0.432891248343079,12.787761443423,14,10.5767022577127,0.447771797135387,12.861926001594
1.50791452392738,19.1437693665834,20,18.8583938198029,1.28064737521821,17.9408165441188
-0.243711967220012,9.45717092814574,9,6.66421428725957,0.0411652000337145,10.6929139501262
0.0483131155418996,10.7936822892703,11,8.1994916096138,-0.452952482815974,8.48595669550217
1.01350254251269,16.1957252716507,18,14.8927100148881,0.897428633455108,15.5591189620176
-0.353474153213643,8.99496822859767,9,6.14303427100621,-0.590256045764965,7.95489981817583
0.391529527696808,12.5612181197639,14,10.3011396178498,0.115637684840863,11.0669537141997
-0.648275670009857,7.85778714924232,8,4.87925093314413,-0.0556303952180739,10.2230020652527
-0.90348235573187,6.98788953946302,6,3.92709829674545,0.243887857015186,11.7361213013504
-0.519313731927978,8.33701770574712,8,5.40885624780026,-0.112936456660951,9.9534989629334
-0.299876816599346,9.21796111640094,10,6.39389463303982,-0.531981654945664,8.17613489850703
0.650027825732612,14.0189493598559,14,12.0993536854636,0.660301972166184,14.1068818789319
2.19246820229077,22.2579278260539,23,23.2872869405609,1.98561931980823,21.6294064358545
1.06637477254315,16.5182458296445,17,15.3169869466106,1.14786153956536,17.1219024601798
1.45453048605969,18.8403476865859,21,18.4416429285323,1.25981606234784,17.8134842659592
-0.54427931453915,8.24207366271383,8,5.30360721298969,-0.169389880057763,9.69432871887304
0.478552906451953,13.0409788029318,14,10.8864059402593,0.628503177261228,13.9165908717824
-0.137610531095995,9.92469396896451,11,7.19632917866496,-0.17118759131807,9.68617852550203
-0.988874653421337,6.71866591403943,7,3.63432256818751,-0.994427616719248,6.577546515219
2.02644822432358,21.6586777527267,21,22.4027513131224,1.9648947535378,21.5451128900307
0.777799553801693,14.7716307895337,15,13.0509254606994,0.490408596413856,13.1062953938149
0.723626872037703,14.4503411003801,15,12.6428386418582,1.19935371810193,17.4412851260568
-0.700063804894479,7.6730246899258,7,4.67610320332676,-0.417875404085701,8.62715262248826
-0.35320584280366,8.99607178305006,9,6.14427310635892,-0.897273785943398,6.88489373616695
0.426650980510208,12.7534082342743,13,10.5348236731201,0.976871048199056,16.0543124111505
-1.77960002090731,4.66369800449742,3,1.40505494552737,-3.25952257969518,2.2212846846863
1.83778437881146,20.8497573949779,20,21.2408442891933,1.08512246483876,16.730828685885
0.666146440889508,14.1128843972837,15,12.2172597048468,0.294774048716926,12.0101808241846
-0.386666403505236,8.85943333194792,8,5.99107974629976,-0.0202694712288405,10.3925300524745
-1.29902835901903,5.82433795428376,5,2.66542786936695,-0.870373559559833,6.97253199263783
-0.464355660436965,8.54976780976494,7,5.64531431630346,-0.203616098548351,9.54024615125904
-0.201745380287252,9.63963790544029,9,6.87128340473704,-0.206135071038919,9.52899656057017
1.24209704799258,17.586173620019,17,16.7393547377044,0.72678266050438,14.5086251475038
1.66370726767737,19.9901556172589,22,20.0313574088877,1.35200902441744,18.3726031425724
-1.81040659971751,4.59745342645892,3,1.33250530602196,-2.52788027219887,3.17953871843291
0.889145321503512,15.4401922500258,16,13.9089979102165,0.634512884920227,13.9524558808728
0.90946457327483,15.563151968039,17,14.0680962415936,1.13779243803945,17.0592545211846
0.817959648409572,15.0116182203139,16,13.3575690755815,0.552231731874057,13.4656470826797
0.15488443853232,11.3202588500671,12,8.81679465172029,0.253612083223675,11.7881246089692
0.250142574495431,11.8081599462979,13,9.39536163275134,-0.188048630580457,9.6100448032581
0.539513175808195,13.3839378384161,14,11.3087282278939,0.538109537354021,13.3830547461211
-0.597207293139523,8.04425478725712,8,5.08484161813509,-0.392654263297887,8.73009409349264
0.564697983946564,13.5271947025295,14,11.4861092670233,0.565457019423037,13.5432573272357
2.07389215738066,21.8406953167974,23,22.6687311578462,2.36800792496213,22.8871581615271
-0.148338829709815,9.87648660993345,10,7.14122351098406,0.514040956936101,13.2429759125846
0.690820106255142,14.2572768214641,14,12.398974606433,0.568282605181678,13.5598713649283
-1.02875131504439,6.5964892504776,6,3.5016826724632,-1.5985345663162,4.95145196242069
-0.0247365877225953,10.4446904446088,10,7.79433901493694,0.568959045818794,13.5638504279928
-0.0844116024836015,10.1668604285422,9,7.47399874064306,-0.029775027261874,10.3467161526624
-1.0292346266576,6.5950220293411,7,3.50009055369414,-0.908210392024158,6.84958270777659
0.31568429049198,12.1530549529187,13,9.8082587570576,0.225428499019482,11.6378884025163
0.820301439796716,15.025655435323,16,13.3755529658625,0.340405988063195,12.2599427950354
-1.19828571760925,6.10112907306678,5,2.96494106375046,-1.03447084858614,6.4549361755507
0.223933338347862,11.6723225979835,12,9.2336347072474,0.205923130628604,11.5347827050575
1.3342114629081,18.1374649265334,18,17.4835505680975,1.20493243923379,17.4757698064766
0.217608255110171,11.6397212762678,11,9.19489446118996,-0.16363712859151,9.72045228399783
-0.490201239254151,8.44907112215768,8,5.53328848650511,-0.369995619481477,8.82359648619385
-0.72574977301025,7.58297897234815,6,4.57729033877915,-2.01281052836375,4.07012581515748
-0.285824087850231,9.2772791479385,10,6.46080817570761,-0.183298133164997,9.63143867140476
-0.321605725914293,9.12693882327079,8,6.29136733055935,0.234976992113323,11.6886220492122
0.149015482541109,11.290726250544,11,8.78197966100705,0.257947446706147,11.8113657800935
-1.5587150014819,5.16625578160515,4,1.95258391952044,-0.682231586713118,7.61784718585882
-0.335557453958927,9.06894040942158,8,6.22613189565256,-0.204396284470011,9.53676055937363
2.24525837203548,22.4267247542678,23,23.5418895135093,2.47448180133698,23.1453705349876
1.57239612132598,19.5017391825841,20,19.352556464266,1.35245994091221,18.3753070135085
-0.575635696056218,8.12431368588049,9,5.17329403686389,-0.897493388561015,6.88418289682802
-1.30008350738268,5.82150522028504,5,2.66236288858892,-1.29037131971131,5.7237787989463
0.513211703285668,13.2352964545973,13,11.1252863255175,0.729357648234499,14.5242846886142
-0.195862673279094,9.66547146013108,9,6.90066227300663,0.104205079428246,11.0088318830131
-0.853385270425538,7.15078276334207,7,4.10462306903614,-1.7989177332381,4.50459677244899
0.175156693633812,11.4227431564175,11,8.93779090616766,-0.0348392309476744,10.3223809187885
0.315538515657059,12.1522797077376,12,9.80732699083843,-0.426886841552067,8.59066044081971
1.67346421242574,20.040931079704,20,20.1022455631282,2.26021736036736,22.5875288432835
0.778415717659904,14.7753018080581,15,13.0556044117125,0.911207159251369,15.644822964641
-0.377207320221013,8.89785933745732,10,6.03412184274103,-0.406736306655025,8.67247048684114
1.9735988252928,21.4457070132353,22,22.093944208567,2.29648522318786,22.6928592636155
-0.230548896718108,9.51405837494861,9,6.7286899028968,-0.325087360749286,9.01178878438547
0.435235635222454,12.8006833479141,15,10.5924633446376,0.199557262556097,11.5012877439916
1.16753911500221,17.1346582665349,16,16.1347942887,1.13290411157318,17.0288214949275
0.294981608110755,12.0433172009697,13,9.6765298710796,0.00934701219364111,10.5364132229185
-0.306255947407004,9.1911512119852,10,6.36367720972338,-0.774194463551717,7.29520865509746
0.476568264127558,13.0299063248805,13,10.8728260125974,1.39842964508225,18.6491133210353
0.111187095285391,11.1018603613727,12,8.55988056790699,0.272888987724841,11.89173064248
-0.473668875834571,8.5133501203956,8,5.60477668268697,-0.213586796819479,9.49579011232375
-0.389875080450837,8.84643444569837,9,5.97652625716842,0.0928928695510261,10.9515717196236
-1.98686879864894,4.23497373502178,2,0.933251848223771,-1.85041461802004,4.3961478707992
-0.205147757838441,9.62472535251144,8,6.85433136840803,-0.193006945743282,9.58776214445943
0.319799046924834,12.1749524588457,13,9.83458419228581,-0.173496349330406,9.67572072140486
-0.355362875633538,8.98720357550287,10,6.13431850678215,-0.271142628045859,9.24295054737017
-0.299668021216,9.2188398660874,10,6.39488533820548,0.294549461056399,12.0089608386244
-0.549494517696136,8.22237327264064,7,5.2817893313059,-0.770684276745929,7.30726666243896
1.84268192627099,20.8724360660254,22,21.2730568555105,1.62186853919466,19.9130464068521
0.719581401665019,14.4264698314173,16,12.612630870782,0.602528853044486,13.7621255845184
-0.14712428956776,9.88193353526769,11,7.14744708533925,0.0255751543639518,10.6159845274769
-1.44445481434175,5.44636198086703,4,2.25630283045783,-0.520031709149728,8.22225357252065
-1.27864740218339,5.87932037542964,5,2.72491779705821,-1.30887728002119,5.67422677252379
0.465238834122449,12.9668134060788,13,10.79551061068,0.745970892647684,14.6254817365518
-1.26536771415956,5.91541927459024,5,2.7639764583214,-1.65091863221763,4.83068569418186
-2.2156954544391,3.80525380337288,1,0.45307923218614,-1.70220831892995,4.71519596981096
-0.22285646324291,9.54744871690157,10,6.76656862133766,-0.0853645000791889,10.0823582763816
0.250790675913845,11.8115341243922,12,9.39938530283285,0.155450952525465,11.2713292381507
1.38026526639014,18.4092240875901,17,17.8527681644644,1.54155345891101,19.4734486309385
-0.798922924017417,7.33213843944817,7,4.30265226704816,-1.18973555767812,6.00087206048151
0.303561754538231,12.0887091437026,13,9.73097800333315,0.263259058816592,11.8398878003402
2.2971176053004,22.5827207451488,24,23.7799738633554,2.13384793162793,22.182752716163
-0.348699459897454,9.01462554870569,9,6.16510518948907,-0.356209569777412,8.88096042258997
0.894052962972073,15.4698677354527,15,13.9473591573541,0.636667443624241,13.9653252826812
0.698152403908278,14.3003221799994,16,12.453257503544,0.935357292674742,15.7952483831904
-1.17600650394417,6.16406760632515,6,3.03306931799793,-0.912611981066052,6.83542303570668
0.064403274502457,10.8718637853506,11,8.29068373010315,0.097126118274719,10.9729704796806
-2.01537994639417,4.17902418713784,2,0.871216229347019,-2.78120344413789,2.81128979282727
0.556803493977849,13.4821931176498,14,11.4303264294244,0.134840943283412,11.1651495206842
0.436522042151939,12.8077774977398,13,10.6011181927888,0.0737749607968884,10.8553665040385
0.615886444576869,13.8210499817861,14,11.8517535742299,1.33497585800885,18.2702255573601
0.180381644625014,11.4492762729211,13,8.96916265544532,0.0642444024651006,10.8076729719125
0.533166893111675,13.3479806624736,14,11.2642959796246,0.716317416782396,14.4450543236171
-0.353010061715076,8.99687710680304,9,6.14517716826945,-1.30124665626711,5.69460697435645
-0.962519688644227,6.80064178110796,7,3.72339339486196,-0.764436827664134,7.3287774078295
-0.418458735003355,8.7314360891913,8,5.84792608736357,-1.4420230739002,5.32999194312179
0.100697622253213,11.0499470643969,11,8.49899791597251,0.311537563041182,12.1014999035547
0.864102953264852,15.2890078777319,17,13.7139211807928,0.869890617779867,15.3881339487545
0.0206149096712785,10.6602052031507,10,8.04416702021008,-0.608476605387177,7.88696127455309
-0.0232604311496588,10.4516458920262,11,7.80238348068388,0.583739758564813,13.6509573662633
2.23979785337383,22.4097376383757,23,23.5161330793494,2.13133189279133,22.1740789029511
-0.505476870961742,8.3900950713875,8,5.46776760946105,-0.802583282542112,7.19842499287057
0.298981956271017,12.0644648075659,12,9.7018896012857,0.602764413429055,13.7635223747001
0.648981879174753,14.0128648333333,13,12.0917248925156,1.01307564770714,16.2805566641443
2.11790130441235,22.0017929249859,23,22.9059604126603,1.55829869342387,19.5666120432189
1.2076840552048,17.3782164862497,18,16.4603433505017,1.15894198020271,17.1907773642442
0.0983928165356,11.0385670887716,12,8.48566124266092,-0.282122411072569,9.19544632171594
-0.248906632824416,9.43480734487159,10,6.63888781094666,-0.372153144381546,8.81465156646656
0.166305067305425,11.3779043246654,12,8.8848181266525,0.26591548512118,11.8541716603847
-1.1752011124346,6.16635477547238,6,3.03554534059801,-1.11349060726471,6.21969299675689
-0.476316566149545,8.50302409684407,7,5.59328716669186,0.615093183796723,13.8367318894681
-0.750190308643791,7.49826719059621,6,4.48444135100206,-0.847529867347829,7.04784008007381
0.92345796821108,15.6479671397163,15,14.1780677088103,0.400870341416979,12.596543598693
-0.241638321661271,9.46611184579177,8,6.674342941943,-0.195731266776621,9.57553952637776
0.524295242841094,13.2978122588951,13,11.2023633193727,0.840262299303277,15.2046938260265
1.33650094322779,18.1510440884891,18,17.5019628476532,1.52899431410601,19.4030812892235
0.332525156145743,12.2428576623923,12,9.91630481799911,-0.0672862986697609,10.1676613173739
0.429263864860225,12.7677849092631,14,10.5523456791888,0.918179204695868,15.6882244021314
-1.76974253619635,4.68508724049904,3,1.42845711020578,-0.614695560166996,7.86390605296489
-1.19829580224414,6.10110072798378,5,2.96491038431458,-0.546268289636276,8.12133560615626
-0.0487849025869869,10.3319415346547,9,7.66410657624698,0.0344381813323784,10.6596608577588
1.51245094730231,19.1692722804028,20,18.8935096037418,1.11096236542759,16.8920857887612
-0.0901977444881611,10.1402696117386,11,7.44343964560161,0.505145832974387,13.1914287257233
1.30056348475964,17.9371454167757,20,17.2123849707258,1.34094095564596,18.3061312057613
1.29912828908744,17.928571568021,18,17.2007978316674,1.49126782778303,19.189270142874
0.585333829098688,13.6452333135153,16,11.6326955446745,0.978566994233084,16.064905679362
-0.0416841037781301,10.3651226679982,10,7.70239987486481,-0.145431049670683,9.80355529037259
0.97906594306242,15.985911998269,17,14.6180783929027,1.30687216885673,18.1003395997791
1.74418978560865,20.4001112450883,20,20.605575375877,1.65799128365727,20.1044628347055
-1.04642250375135,6.54305320527152,6,3.44370872437846,-0.258392037031986,9.29840871985302
-0.610346841506207,7.99586809334539,6,5.03143601322638,-0.338568391715123,8.95489199380506
0.113006111305792,11.1108830849884,11,8.57046944944629,0.121567855632431,11.0972015919258
-0.433253976513895,8.67247353919542,9,5.78209386974811,0.0806868022759214,10.8900661261948
-1.10898266760355,6.35729687860024,5,3.24233521212585,-0.268195327232275,9.25574175526049
-1.92366713848501,4.36154991722987,2,1.07315784568461,-1.68345438782325,4.75711308764901
0.598512743339709,13.7209201292361,12,11.726891677355,0.949064345681164,15.8807279059622
0.784125735012287,14.809338191804,15,13.0990033315805,0.577449975615602,13.613852286084
-1.37108326630526,5.63396304131968,5,2.45942092037656,-1.26043706814757,5.80484237516702
-0.812549613113007,7.28633996907888,8,4.25260295837865,-1.29004423780124,5.72465845072738
-0.770202017713595,7.42960215375829,7,4.40925674704225,-0.305962101819379,9.09310355546097
1.21558206911086,17.4260195320763,18,16.5243949052241,0.983559638823038,16.0960942854113
0.525991545604741,13.3073959007761,15,11.2141888439154,0.709509968916941,14.403766227838
-0.927980311278997,6.90957741631645,7,3.84185877268287,-0.367578413631344,8.83362848191791
0.513673644423748,13.2378984086989,13,11.1284921476789,0.461091795657927,12.9379554255035
2.43992687284392,22.9646869528583,24,24.377375695316,2.35918515505194,22.8641276942422
-1.36699383544465,5.6446027141312,4,2.47093631823181,-0.791669587081597,7.2354776263188
-0.68270243457655,7.7344830475261,8,4.74361696935616,-1.37285211648382,5.50617479374911
-1.48117283253789,5.35477804564811,4,2.15707122704352,-0.546887111657522,8.11897026528651
-0.766261105750518,7.44307507880829,7,4.42400361136103,-0.804731490728263,7.19115432943393
0.837394336369716,15.1282491767391,16,13.5071514328447,0.736044095344452,14.5649800476186
-0.0927707028752137,10.1284650614258,11,7.42987900779238,-0.354955875053887,8.88619494153094
1.45103637538767,18.8202863504259,20,18.4141558697088,0.595162915162991,13.7184862411308
-0.820875552448722,7.25849643784325,6,4.22218861536882,-0.126682233806334,9.88981660193991
0.0335139965326846,10.7221911391455,11,8.11624172274616,-0.502268265559251,8.29128594621292
-1.42637414938429,5.49201810813627,4,2.30575119787949,-0.843860393186034,7.06001359805976
-0.684381614913103,7.72851773533071,9,4.73706131285531,-1.06950569906659,6.34955185217989
-0.39322121167963,8.8328980285283,9,5.96137466863025,-0.089686686804286,10.0620592315215
-0.420516987602288,8.72321056832161,9,5.83873800702547,-1.25635411290378,5.81598731182978
0.188002047469969,11.4880609844846,11,9.0150542862978,-0.0583390996383968,10.2101175870537
0.304450108473114,12.093416008212,11,9.7366271847218,0.470155720050336,12.9898552634988
0.980160469641145,15.9925756387347,17,14.6267837133482,0.490408596413856,13.1062953938149
0.23848412535118,11.7475881724042,13,9.32318327789083,0.17659655134042,11.381114369681
0.282722455043931,11.9786803754444,12,9.59909507534973,0.443646134869534,12.838435632304
1.22271324843988,17.46914434518,18,16.5822216091614,0.995669578626621,16.1717624482372
0.910003816010193,15.5664183963762,16,14.0723280509609,0.395544533529777,12.5666420108122
-0.599049804454827,8.0374524800739,7,5.07733130158865,0.222174656559704,11.6206388682617
0.698954393525751,14.3050340876584,15,12.4592026104066,0.995200353649905,16.1688301025633
0.630187332586483,13.9037647493381,14,11.9551091887057,1.34624760663301,18.3380262093554
-0.388796935451615,8.85080016718412,9,5.98141370698403,-0.281950477019017,9.1961884036023
-0.47165193528918,8.52122431814265,9,5.61353950241595,-0.339932117490438,8.94915569340752
-1.94665777582673,4.31509471780045,2,1.02187776248216,-1.85122919348302,4.39445254394946
-1.34479440154831,5.702703791681,4,2.53381402336085,-0.412283628638444,8.64987296987817
0.12455607256471,11.1683129658061,12,8.63791841286347,-0.076858375654106,10.1224146474145
0.225809568809992,11.682006759917,13,9.24514798220827,0.484590124635846,13.07277685121
0.60762328301465,13.773377443802,14,11.7922711310995,0.507108809485339,13.202793721711
1.60802724962853,19.6950704577812,21,19.6205982045364,1.64121603858364,20.0160806844397
-1.12830069003708,6.30099777718363,6,3.1813448341928,-1.11988814841442,6.20102878179828
1.85078815808408,20.9097819691209,21,21.3261416878259,2.5953440082674,23.3977151087485
0.230243421333305,11.7049166397343,13,9.27239514773991,0.0440525006732999,10.7072136993935
-0.17300943144814,9.76642913921372,11,7.01562477632699,-0.584677199162362,7.97581836670461
1.35295024632259,18.2484014546081,19,17.6340850219329,1.50677067814486,19.2775626259855
-1.15409320777104,6.22659684091645,6,3.10076909017799,-0.617971447214721,7.85178868927201
-0.631282202296792,7.91936095598212,8,4.94707467486141,-0.364669817992692,8.84571452792692
-0.681339095600644,7.73932966036977,7,4.74894362996733,-0.256171604376474,9.30809858735146
0.241568072335999,11.7635878289801,13,9.34223902202593,0.431883366664015,12.7716151146314
0.955021026792872,15.8396277101,18,14.4272564405802,1.32816992432953,18.2291914467449
-0.908268939122614,6.97251952551512,7,3.91036340567163,-1.10226763317053,6.25257132686193
0.803041806491517,14.9223062294123,14,13.2432698957652,0.900689645325207,15.5793942787001
-1.3817763633937,5.60623482270027,5,2.42940873060962,-0.982836043068095,6.61347597875233
1.16511243190196,17.1199087378288,19,16.1151226437544,0.979842965307685,16.0728760834369
0.328461662199861,12.2211456726414,13,9.89016163229615,1.01289808053706,16.2794466681142
0.853238681222025,15.2235525192747,16,13.6296491677056,1.33968429474891,18.29857163966
0.474461579896995,13.0181595118733,13,10.8584227884439,0.7923633609448,14.9094992065164
-0.0214843233124025,10.46001996949,12,7.8120703113637,0.168798796370351,11.3405300358105
-0.579569891011344,8.10965491665321,8,5.15708999393558,-0.0200153370047228,10.3937573455318
0.125262250877337,11.1718321092607,12,8.64205433674386,0.645716470121166,14.0194406786116
-0.486111827907703,8.46492732258252,7,5.5509156422941,-0.400555423883032,8.69771677795076
-0.752352198064518,7.49081912636407,7,4.47628285330764,-0.0272629852690069,10.3588061273503
0.376063403510953,12.4772160930634,13,10.199324512544,0.484599033751884,13.0728281333917
0.330845919088993,12.2338818313119,12,9.90549553100824,0.239274063138462,11.7115090660455
1.92046065645898,21.2207847781963,23,21.7702375671251,1.60499278932922,19.8222373767015
-0.453050037929657,8.59417787307641,9,5.69478363039407,-0.646339436976634,7.74763695069532
1.11783680282817,16.83211521682,19,15.7322908015709,0.692995881420694,14.3038199023426
-0.153163327527179,9.85487655165835,11,7.11653916582744,-0.381619111264253,8.7755104058665
-1.42751506894563,5.4891261432831,4,2.30261937592849,-1.49854321925275,5.19014648481005
-0.364391489324259,8.95017386014546,10,6.09277048881722,-0.442616199615514,8.52732597528583
-1.38382445129053,5.60093917009601,5,2.42367657158835,-1.26679561912622,5.78752819402045
-0.0393896404267829,10.375864198522,11,7.71480224002001,1.05778509143862,16.5600422364092
-0.246877220278731,9.44353836174113,10,6.64877422738362,0.085511243660387,10.9143415149412
-0.514872523975383,8.35401837799922,9,5.42771979110488,-0.91239255786311,6.83612820663773
0.261595998388964,11.8678968682836,12,9.46664323009108,0.306347132352356,12.0731708241931
-0.647246654704109,7.86150226863468,7,4.88334137258393,-0.995035012871409,6.57566926060941
-0.879893797730123,7.0641257059987,6,4.01014364136694,-1.32375725326608,5.63469232197326
1.77512371995221,20.5520740948761,21,20.8195825816321,1.51850396099115,19.3439891216955
0.29851070019369,12.0619721209248,14,9.69889978826467,0.414377707767102,12.6725956914549
0.983668838831384,16.0139376317927,16,14.6546983578907,0.757056963522199,14.6931656879714
0.557461849874624,13.485942670096,14,11.4349721210849,0.00910095552732904,10.5352107182887
0.0716757328515862,10.9073552332853,12,8.33213395326287,0.739700090867693,14.5872508775622
0.629776408749022,13.9013843560324,15,11.952132129614,0.671441567310418,14.173840531023
-1.32273708779079,5.76101242777106,5,2.59690907129111,-1.58812424685889,4.97579716587702
-0.48383554782739,8.47376576237344,9,5.56074333004585,-0.465881616705979,8.43448786478055
1.55470628936459,19.4045350605029,21,19.2180989740592,1.69328352289799,20.2874183543197
-1.94081489149971,4.32685607382384,2,1.0348678057109,-2.97273833682272,2.55949516001647
-0.56828761908723,8.15176176542288,8,5.20364584221735,-0.124928931579443,9.89791872061426
0.753298239667561,14.6259512844131,16,12.8655422494957,1.08512246483876,16.730828685885
-1.24696935746961,5.96579260085565,5,2.81848169486956,-1.10227895233207,6.25253807895647
1.50363390478749,19.1196625314039,20,18.8252128768087,1.15985601406101,17.1964556477122
0.612015613993772,13.7987069548834,15,11.823867642514,0.972229579333819,16.025323952999
-0.971620722487095,6.77222201438587,6,3.69250676883535,-1.00293325242143,6.55130766507521
-1.94339160631885,4.32166555342153,2,1.02913564668963,-1.35921270621363,5.5415859216732
0.924112425004573,15.6519363853301,15,14.1832187886698,0.700833173883956,14.3512144361602
0.640998846934707,13.9664702490953,16,12.0335889999621,0.232186207593875,11.673776253541
0.692602288407918,14.2677337472001,16,12.4121567558898,1.20027909829876,17.4470071166086
1.42086202363697,18.6460894455948,20,18.1758291156526,0.614264547425988,13.8318049878415
-0.53496333759101,8.27737890383797,8,5.34272497699031,-1.11989764736294,6.20100111136394
1.9948610706887,21.5326812640502,23,22.2197665463843,1.56559996587321,19.6069923448658
0.488472040704656,13.0964077584467,13,10.9544387474363,0.999184414202859,16.1937287819083
-0.651432772375094,7.84639961167092,7,4.86671437976598,0.0952355186897906,10.9634093340689
-0.328876990090718,9.09666824546604,10,6.2573105440358,-0.466317240405831,8.43275908175642
2.36771307444069,22.7799999262263,23,24.0856316911389,2.92547872334889,23.908963756303
1.27959744788264,17.811673352828,19,17.0429722482205,1.6315741978422,19.9648789388139
0.976077984880502,15.9677228244966,14,14.5943219089768,1.16947114430669,17.2561561283879
0.298628078142507,12.0625929505911,13,9.69964441646219,0.407375804449009,12.6331336124795
1.7426004982841,20.3922172372289,22,20.5944763036561,1.43809269081927,18.8821463101893
1.13030911152784,16.908112036165,17,15.8331975567699,1.46465942106337,19.0363891912257
-1.0284618972532,6.59736801000535,7,3.50263624487964,-1.3225900587735,5.63778354584904
-0.914451784935419,6.95271561079456,6,3.88880470447209,-0.798205932302218,7.21326325519686
1.80192288197769,20.6810794968115,22,21.0017966243842,1.11117575297397,16.8934165248532
-1.7885928149185,4.64426661640243,3,1.38378538922441,-1.25957158921078,5.80720303255471
1.28402255273924,17.8381941376171,18,17.078752591509,1.68314283298681,20.2352705654854
0.310421709923539,12.1250908187542,14,9.7746591846552,0.129014815777478,11.1352823924396
-0.837213302048349,7.20416563998952,7,4.16287023912454,-0.692687059335721,7.58045222875718
-0.30487429298813,9.19695176799997,10,6.37021367600227,-0.660255686731663,7.69705244026047
0.539243864407452,13.3824107850324,13,11.3068405147442,0.590214025580585,13.6892083603107
0.0401415805938505,10.7541580037263,11,8.15345012968144,0.455194530457163,12.9042588446688
-0.19715673380498,9.65978325911483,8,6.89419210700858,0.417370499214975,12.6894879262839
0.639092340626849,13.9554020538994,15,12.0197285393348,0.810303175115223,15.019844916119
0.316061054922689,12.1550587904379,12,9.81066724370185,0.265077618024404,11.8496649647046
0.115761468299237,11.1245616616622,12,8.58652644473949,0.280199900133552,11.931202730227
0.513015720500806,13.2341926462213,15,11.1239263997028,0.650232780071406,14.0464880038473
-0.469756797649483,8.52862938511336,8,5.62178134887602,0.0670330229069778,10.8216096405505
0.893018260239587,15.4636098729823,17,13.9392677597977,1.15963686728762,17.1950942815555
0.744912172810317,14.5762260247642,15,12.8023967810263,0.342479634286384,12.271380964806
-1.1481634681071,6.24362457829201,6,3.11920771712461,-1.1126279976579,6.22221388884907
-0.0214843233124025,10.46001996949,12,7.8120703113637,0.0688898862319611,10.8308980964836
-1.10504147010413,6.36884373551946,6,3.25484643397954,-1.72677250048851,4.66082831552302
0.758388480672669,14.6561684114522,16,12.9039474536418,1.25980482605365,17.8134154461432
1.36048325780843,18.2928620629226,19,17.6944877371162,1.38143806531664,18.5483468847222
-0.317725359466085,9.14313163248213,9,6.30959366733229,-0.438181913296156,8.54513416232338
0.316903711413087,12.1595413634532,13,9.81605541561017,0.814401200488094,15.0450887348477
0.29374009413011,12.0367595663983,13,9.66866860327679,0.180593395297414,11.4019613360854
-1.76974253619635,4.68508724049904,3,1.42845711020578,-1.51875219288442,5.14101939601019
-0.834462828665066,7.21328400468987,6,4.1728230430231,-0.911089545964252,6.8403172746864
0.345066917634689,12.3100449737447,12,9.99728698923214,0.764384199868424,14.7379665840728
-1.08435724109283,6.42978485893523,4,3.32089050687504,-0.389539860361932,8.74288851599481
1.32033275555181,18.055005783063,18,17.3718257545135,1.40613542344342,18.6946321627293
-1.14299348047098,6.25850812647121,5,3.13532557629332,-1.52959547352458,5.11484698256494
0.0825599494894092,10.9606528061866,13,8.39444156945022,-0.137661601477857,9.83921780556473
-0.873419679039022,7.08519325508064,7,4.0331046922674,-0.119292971929567,9.92400383076233
1.45003884460101,18.8145547412028,20,18.406304226913,1.74729238804935,20.5592285994295
-0.00335800764337814,10.5458137356587,11,7.91141562723339,0.108208189226412,11.0291543346605
1.03916229778682,16.3522188483347,18,15.0982603856556,0.957025918993875,15.9304063518392
-1.0146022837434,6.63958595712375,6,3.54845577892937,-1.02981199197791,6.46908205644551
-0.651543450977535,7.84600069256184,8,4.86627524775408,-0.736797667722219,7.42471254078396
-0.1269306072977,9.97289344507414,11,7.25148162555649,-1.05693015510896,6.38717808653985
0.0509821582022386,10.8066183972811,12,8.21456954184084,0.244081329799899,11.7371542450837
-1.53714274395629,5.21804669203529,4,2.00879571084865,-1.498236959919,5.19089449797019
0.780850503642761,14.7898114089765,15,13.0741014040516,1.04156671045909,16.4586680554113
-0.288628269294926,9.2654140436749,9,6.44741755776503,-0.262956268244235,9.27852061968815
-0.970205314779361,6.7766341613815,6,3.69730138823706,-1.19007323675525,5.99992027474104
0.896180208411699,15.4827353160994,16,13.9640001090598,0.656621893650992,14.0847946534648
-0.898609781590323,7.00357016468586,6,3.94417408677624,-0.0796732942769271,10.1091430614292
1.7948550563354,20.6472987777388,22,20.9540334708586,1.66676217248769,20.1503132912157
-0.619313150748883,7.96301300332631,7,4.99519589086797,-0.304066413317113,9.10120165643284
-0.874583517689159,7.08140140181717,6,4.02897165141448,-0.382178442224076,8.77320290095253
-1.0791693229193,6.44516005022315,6,3.3375568502248,-1.69172722941639,4.73857842851714
-0.215475506529728,9.57958813766,9,6.80305247451293,0.0577268927704252,10.7751597194483
-1.0462225033641,6.54365558360697,6,3.44436213597471,-1.07361339053715,6.33730996709464
-1.51540230144482,5.27075018425883,4,2.06596929018505,-1.74561560687514,4.61953075603434
-1.14238426686552,6.26026425789946,6,3.1372274143709,-1.43024650093264,5.35959134583586
1.24725278705139,17.6172508342504,19,16.7811320723946,1.49679886682241,19.2208382737148
-0.384555250190015,8.86799586599803,10,6.00066823204372,0.0230726842483987,10.6036804537846
1.14750039241291,17.012786251131,17,15.9724013874342,1.00784630520489,16.2478683055295
-1.21072324624369,6.06626905929381,5,2.92721190615163,-1.19588077774019,5.98357466623112
0.357993464165507,12.379567824365,14,10.0812158524361,0.686652774015361,14.2655125942441
0.373660822566702,12.4642018469696,12,10.1835680772401,0.648755027667478,14.0376352100998
-1.7255772881229,4.78207897538309,3,1.53444692235956,-1.15751427268339,6.09238940933643
-1.06067709055514,6.50026108598196,6,3.39729812262588,-1.01229840469783,6.52253945255672
-0.233589111423693,9.50089142237426,11,6.71376005251617,-0.338804738735495,8.953897582873
0.158135026349992,11.3366423820435,11,8.83611869405268,0.161787562653961,11.3041383702773
-0.478978382614482,8.49265514891552,8,5.58175196816142,-0.813544083930356,7.16140552538391
1.59870396395551,19.6448095155025,19,19.5508345542046,1.93233125848027,21.4092298415175
0.406047630240396,12.64042382113,12,10.3973211823047,0.555475436093452,13.4846587831831
-0.408024744307629,8.77324816677847,9,5.8946523104972,-0.340027291302844,8.94875549188547
0.85456226557351,15.2315223346171,14,13.6399040388772,0.976418211515964,16.0514839931146
1.4366340484956,18.7373506880608,19,18.3006096923957,1.3797676719977,18.5384122182375
0.248598939824316,11.800126342634,13,9.38578289965371,0.257613121242829,11.8095722793624
0.0951279201096272,11.0224631493859,12,8.46679417635164,0.313629607152522,12.1129318777355
-1.43111012679977,5.48002321199539,4,2.29276115465075,-0.935466425039273,6.76237594894389
0.464215239804015,12.9611227398111,14,10.7885426178373,0.565752423436642,13.5449937265014
0.21380224088348,11.6201379032287,13,9.17163733801866,0.807631400077553,15.0033941287626
-1.24545176062688,5.96996644191504,6,2.8229980351045,-1.54024193054097,5.08927584623405
-0.190119823292803,9.6907517055009,10,6.92942696618066,-0.0592198932670441,10.2059310382692
-0.0268359802498243,10.4348052837535,10,7.78290822717792,-0.0159617446074793,10.4133505979382
-0.642272418147192,7.87948538768964,8,4.90314444803328,0.169454932944196,11.3439405056239
-1.28581040579671,5.85993868547,4,2.70394719119389,-0.699048364541207,7.55779096678542
0.650864745632122,14.0238188985744,16,12.1054598628871,0.802461642603699,14.9715793314037
-0.75456062898612,7.48321826229766,7,4.46795780463805,-0.389658272071758,8.74240172960782
-1.55791542115074,5.16816650964271,3,1.95465827698764,-2.2059458235651,3.71199364656272
-0.815417854783912,7.27673610621144,7,4.24211121995068,-0.754597050082862,7.36278678948644
-0.0427115995293602,10.360315580484,10,7.69685046086181,-0.150524329450735,9.78024103733639
1.08842072495755,16.6527445710973,17,15.4946652579578,1.29085979754741,18.0030453781188
-0.417916077783562,8.733605977734,8,5.8503501271899,-0.412671321219693,8.64829582218906
0.754576865976576,14.6335391444375,16,12.8751838934223,0.768067858542634,14.7605089226379
-0.533757668095386,8.28195881251485,8,5.3478011357969,-0.940141727625245,6.74753031302061
-1.64921287258683,4.95435096475025,3,1.72223814556802,-1.91479144772425,4.26405931462035
-0.440090102022978,8.64535888184911,10,5.75184355144356,-1.09328419323031,6.27901458563733
0.508918499679249,13.2111293314345,14,11.0955194803959,0.270803985080316,11.8804915418661
0.486918371968565,13.0877159261471,14,10.9437648219618,0.37253622183218,12.4380203656312
0.50708834181857,13.2008353365025,13,11.0828452416364,0.350721332924241,12.3169169413492
-0.0669912988926068,10.2472884741739,11,7.56653550870339,0.0720457700407252,10.8466999922162
-0.3366672002153,9.06434202354688,9,6.2209628256441,-0.612686572195971,7.87134648115138
-0.48103902027195,8.48463642954318,9,5.57283276606609,0.225044693700217,11.6358527103676
-0.276037389497545,9.31879975877691,9,6.50769175634165,0.620884665805075,13.8711922421696
-0.988045569687653,6.72122975942652,6,3.63710737089039,-0.0759969345831257,10.1264792330858
0.267647754691733,11.8995524896321,13,9.50445612164584,0.435052234590879,12.7895940017954
0.179365846739718,11.444114084516,12,8.96305759767689,0.917683737370381,15.68513935996
-1.33320186901095,5.73327630030879,5,2.56689688152416,-1.55817448358239,5.04648538662829
-0.692558272443225,7.69953467728427,6,4.70521795857257,-0.279970265370693,9.20473927593515
-0.229223959503555,9.51980183313469,10,6.73520358431232,-0.631101192755214,7.80340992801492
-0.727748617910089,7.57601559335007,8,4.56965407925132,-0.85102308407541,7.03627102706358
0.318277029019743,12.1668493995348,13,9.82484105810488,0.1371395295121,11.1769510192824
0.804326350598607,14.9299891663766,15,13.2530939098664,0.504939944812034,13.1902370439514
-0.636985493365408,7.89864319034426,8,4.92424696971428,-0.265506349376884,9.26742650633562
-1.31076407847928,5.79290726808877,5,2.63142001553262,-1.23915380607531,5.86317197285996
-0.413216560550804,8.75241919255158,10,5.87137087358565,-0.56223048722229,8.06054182390122
-0.435659678113128,8.6629223390028,9,5.77143644841278,-1.02508400992859,6.48346977460242
0.580237163565899,13.6160258377584,14,11.5963880427069,0.213846707181441,11.5765805737345
0.0979952452306852,11.0366050546061,11,8.48336219636841,0.514040956936101,13.2429759125846
-0.129244502262437,9.9624328810913,10,7.23950732859385,0.467529073914769,12.9748015841291
0.612702785324436,13.8026719881224,16,11.8288153159689,0.712701664617104,14.4231179864826
-1.21295831721954,6.06002540940261,4,2.92045472276399,-1.49698399074989,5.19395586767002
-1.22324741867773,6.03136440509888,5,2.8894376034708,-0.932530501518109,6.77171535235511
2.25723401836901,22.4636021441025,24,23.5979144841007,2.22729690870297,22.4878149321462
0.585659929919561,13.6471032991819,15,11.6350209142067,0.59581479014018,13.7223452737291
-0.0235402605595762,10.4503270669917,11,7.80085807273014,0.150360011925973,11.2450255726393
0.112026263917211,11.1060220807588,12,8.56476440849003,0.372366121939707,12.4370728658695
0.665393450330495,14.1084891586824,16,12.2117374154944,0.74987252950239,14.649288591295
0.0939719818529392,11.0167661751767,11,8.46012134259484,-0.0511104195067556,10.2445344187477
-1.11137603048263,6.35029494280151,5,3.234748865978,-0.326158831574397,9.00725393484633
0.928313819697455,15.6774227850747,17,14.2163033779769,0.960895563308004,15.9545589314626
-0.786757963839576,7.37326464322854,7,4.34761964797915,-0.437283869615504,8.54874516825824
-0.274081834348956,9.32711700306431,10,6.51708790407576,-0.449632789922699,8.49922166641169
0.784649989526437,14.8124646973872,15,13.1029914278215,1.26554737555824,17.8485684164569
0.319983729288817,12.1759359539733,13,9.83576687207078,0.412713822204367,12.6632107124973
-1.0106628575271,6.6516346559815,6,3.56153504782744,-0.931647253400657,6.77452758467914
-0.266657118629699,9.35875816663029,10,6.55284765218565,-1.11261602034526,6.22224889859218
-0.150691733386425,9.86594207842645,9,7.12917750281896,0.0673618040492899,10.8232537886624
1.21557783209018,17.4259938986717,19,16.5243605452738,1.58902393538416,19.7355246868586
-1.40907442247944,5.53605131162395,5,2.35343110822279,-1.03391585417843,6.45661969113618
-1.37096255338032,5.63427682510321,4,2.45976053596308,-1.02029793784799,6.49806712629194
-0.658464001346671,7.82109644858895,7,4.8388656801382,-0.0480306588192363,10.2592289199743
1.18184738467963,17.2215672827088,17,16.2508065052297,1.21062927039362,17.5109574011306
0.964374763760049,15.8965088040058,16,14.5013911631446,0.712276762165316,14.420541090535
0.840085726350742,15.1444243480871,15,13.5279251361236,0.979842965307685,16.0728760834369
0.209956434520057,11.6003757209837,12,9.14817839398206,0.367278402911102,12.4087561752094
-0.704175245276567,7.65854096380886,7,4.66020095215888,-0.813388814404797,7.16192859249709
1.21556668482361,17.4259264591506,17,16.5242701469504,1.46465942106337,19.0363891912257
-1.40700343081333,5.54134564972582,5,2.35916326724406,-1.19953074069085,5.97332444092387
0.362712933350859,12.4050195236295,14,10.1119749797757,0.440955064988394,12.8231284483416
0.838308338366617,15.1337416707414,16,13.5142046396032,-0.0488995430201164,10.2550813080523
1.38480518825397,18.4358453498594,18,17.8890190291296,1.78637861732571,20.7494952544576
-0.247506520177282,9.44083016556545,10,6.64570746324107,-0.25436881966118,9.31597288773757
0.562458508459827,13.5144200198643,14,11.4702683426529,0.823665590944052,15.1022065025831
-0.180691812744819,9.73238465849548,10,6.97683091255371,0.136559928885995,11.1739742495737
0.538454834657778,13.3779374138209,14,11.3013109969317,1.00778806187379,16.2475042416549
-0.952572964815339,6.83183757951956,7,3.75730602786937,-0.90541089989006,6.85860395097673
0.0218250609935995,10.666007585467,10,8.05090960608667,0.330957907550164,12.2079239153793
0.74635535889382,14.5847783217477,16,12.8132524384205,1.12376030836732,16.9718648138829
1.35231769838686,18.2446644593988,18,17.6290099433644,1.43616032687609,18.8708676028423
-1.42140008966911,5.50464354750742,5,2.31942325438846,-2.53790332051065,3.16415931810497
-1.13103857508794,6.29305862933927,5,3.17274549678612,-0.369459012866577,8.82582258013843
0.502326615743808,13.1740754997233,14,11.049911686536,0.325344373456089,12.1770923019646
0.713806189463713,14.392422564556,16,12.5695729518821,0.350454534540912,12.3154409876526
-1.00666821335516,6.66387435408877,5,3.57482291017214,-0.377384981765634,8.79299734102317
0.924864363077499,15.6564971194535,17,14.1891379727721,0.789296278660912,14.8906614127494
0.0188327005020576,10.6516648231456,11,8.03424434854555,-0.281827896006859,9.19671750842397
0.495219047544534,13.1341951802149,14,11.0008678017564,0.843456073840484,15.2244389935635
0.252025940681407,11.817967245665,13,9.40705758989268,0.516597863428355,13.2578155559226
-0.216735091376833,9.57409642793239,10,6.79681673905716,0.0767737974136642,10.870410168898
0.0821266061517366,10.9585267033155,11,8.39195462330061,0.541514541820607,13.4029417477506
0.109423461534714,11.0931180601437,10,8.54962283415953,-0.446794918906264,8.51057751728484
-0.86530768671301,7.11167852756197,5,4.0619778399579,-0.51150175031791,8.25533130931936
-0.815810855319267,7.27542118103784,7,4.2406748242252,-1.22107713055556,5.91317170789
-1.18085668895576,6.15031161673884,6,3.01817789040298,-0.847060544281095,7.0493958791262
0.135753578541103,11.224220091755,12,8.703662913107,0.129598476177301,11.1382715251186
-0.0659577963747714,10.2520775817605,11,7.57205067886243,0.182713481007165,11.413031740085
-0.735026115347653,7.55071621183428,7,4.54191604969506,0.0439349061579049,10.7066309774836
-0.388976783316395,8.85007176874289,9,5.9805982333879,-0.462780383270605,8.44680528233034
0.13367961026619,11.2138480984567,11,8.69145960277613,0.275437805267459,11.9054807515747
-0.61454210220751,7.98047899023913,8,5.01445909542168,-0.789364470921309,7.24332826192819
-1.31597448744567,5.77900607397053,5,2.61637874141929,-0.484268710381991,8.36182145922569
0.449849060875262,12.8814243961798,13,10.6910502728016,0.844387025691571,15.2301958630987
-0.16764545723084,9.79026353564383,10,7.04280046714441,0.576635856172668,13.6090536390911
-1.13552613200821,6.28006725448863,5,3.1586744984667,-0.771261982605684,7.3052807742988
0.000534431678723672,10.564315656806,11,7.93286449804883,-0.0955950129193576,10.0343704974741
1.36045444408746,18.2926921549968,18,17.6942568273364,1.16790108954321,17.2464117130583
-1.76974253619635,4.68508724049904,3,1.42845711020578,-1.76728791819437,4.57246544222527
-0.367513139428365,8.93740442959362,8,6.07844966348242,-0.1314390324711,9.86786561177448
0.581726466086993,13.6245569399801,15,11.6069905053948,0.275316652286032,11.9048268977399
1.03101730676269,16.3025345838519,18,15.0329361227476,0.137301863296653,11.1777848650316
-0.554419923497931,8.20380964035973,8,5.26123684408642,0.101080940629772,10.9929932728444
0.670333276602994,14.1373355232766,15,12.2479904675849,0.0896486177442672,10.9351958492589
-0.246610005839607,9.44468853777149,9,6.65007673823256,-0.803552574793116,7.19514347955627
-0.950651049446433,6.83788159059866,5,3.76387752075921,-0.748679684712947,7.38331578496065
0.191467409237044,11.505732386127,12,9.03597723047296,-0.115507807042486,9.94155794881784
0.326324337471913,12.2097366909187,13,9.87642941596709,0.0530767813929491,10.7520129429002
-1.15275792418524,6.23042721519346,5,3.10491672979671,-0.510211467634207,8.26034628789285
0.560796779924362,13.5049454998142,15,11.4585226448771,0.325853811763187,12.1798880079131
-0.17614034800921,9.75254146256016,10,6.99979639908344,0.248849366088903,11.7626325834776
0.647478278126745,14.004120386122,13,12.0807628815677,0.400828637033547,12.5963092634475
0.238775331710962,11.7490982536908,13,9.32498150119815,0.0920681516297345,10.9474068859683
-1.20781686196816,6.07439749172736,5,2.93600904595093,-1.13741275871522,6.15018972836067
-0.767743472796442,7.43800443170279,7,4.41845320667993,-0.602613415504683,7.90875958888147
0.0243516809983649,10.6781307560098,11,8.06499997249511,0.225435584059164,11.6379259839529
1.65064271359532,19.9217219431482,21,19.9359152516797,1.84985924587336,21.0464757456032
-1.87706428517879,4.45718241052479,3,1.17849596793837,-2.22921881414441,3.67088506297194
-1.1752011124346,6.16635477547238,6,3.03554534059801,-1.52005951528397,5.1378570122578
-1.21056264788963,6.06671793314358,5,2.92769770327069,-0.590515532733968,7.95392817719186
0.79525452475882,14.8757611266698,16,13.1837875465336,0.676500138975191,14.2042962410236
-1.59583438082128,5.07830115714565,3,1.85704937265964,-1.70323028023349,4.71292199438144
0.928747092552419,15.6800515969064,17,14.2197168614747,1.39466319375223,18.6268232553602
0.134710726615582,11.2190037821788,12,8.69752523553618,-0.336374535952531,8.96412754677458
0.292981968545514,12.0327564684134,12,9.66387028566032,0.496100555440452,13.1391364131032
1.53208893521203,19.2791331352963,20,19.0449371100882,1.17919195151583,17.3164503045245
-0.42737231238523,8.69586760763834,9,5.80820517373017,-0.466315340347687,8.43276662142394
0.257829469914109,11.8482268820681,13,9.44316108235731,0.336638635423252,12.2391816655455
-0.980839774180389,6.74355371436346,7,3.6613577759852,-0.659625077378743,7.69933746032273
-0.373066988260327,8.91472849471237,7,6.05302721009338,0.0673618040492899,10.8232537886624
-0.627980991446241,7.93137725686763,8,4.96031802736968,-0.999311967610217,6.56246595050761
-0.0633489680069018,10.2641752581111,10,7.5859849817413,0.187157583241758,11.4362651370727
0.117171629741787,11.1315675149843,11,8.59475238448553,0.382089261585975,12.4913135180006
1.07019475307658,16.5415528065992,18,15.3477453231469,0.999786936106212,16.1974944637968
0.385975661215842,12.5310082943613,12,10.2645010391712,0.256585592657379,11.804061359398
0.695904757278806,14.2871205252394,16,12.4366039677321,0.820881093578788,15.0850321699924
-0.753775353351135,7.4859201105997,7,4.470916980749,-0.782561858610211,7.26654645582148
1.20017634915104,17.3327380403239,17,16.3994538344135,1.49005046413678,19.1823121646337
-0.316189325456209,9.14954896143896,9,6.31681847412947,-0.374917288802203,8.80320451313611
0.382693540842404,12.5131790224347,13,10.2428895508608,0.0486939502265689,10.7302353361356
-0.169220267887927,9.78326053469335,8,7.0348143371014,-0.535168354253882,8.16387988077158
-1.08404363913603,6.43071323537367,6,3.32189680134038,-0.903884971893668,6.86352624739993
0.429081474147336,12.7667810046499,13,10.5511219528724,0.392696723609932,12.5506728862005
-0.278287441336124,9.30923851083942,9,6.49689214008234,-0.513957503770717,8.2457948031915
1.10311535574243,16.7423669276869,18,15.6132995806032,1.34092583551066,18.3060402639363
0.154197033133692,11.3167966314683,12,8.81271195338973,-0.0294875622479437,10.3480990364038
-0.403562225098443,8.79118906258308,9,5.91471272216785,-0.916756390583931,6.82211775385247
-0.081354696303175,10.1809335803168,11,7.49017913431019,-0.795761706728866,7.22156209806699
0.485427368971714,13.0793780867266,13,10.9335275993223,0.72151215001102,14.4765949301326
-0.165914285619942,9.79796708775398,9,7.05158683697092,-0.0826824904884269,10.0949727862158
-0.778318287516441,7.40193068230963,7,4.37897676013691,-1.18974107393905,6.00085651107909
-0.884198723437476,7.0501513402172,7,3.99491615048512,-2.11498970101916,3.87681145738361
0.36981573619421,12.4433935578093,14,10.1583851180462,0.623976134672672,13.8896051229956
2.61346645388354,23.3442781429093,25,25,2.76256077321053,23.6853517493475
-0.472939776331695,8.51619573798512,8,5.60794329600181,-0.0250769206138601,10.3693373540441
0.199469554427924,11.5466202347041,12,9.08442073564786,0.217215265279014,11.5943859459038
0.428829238290232,12.7653927488791,13,10.5494297616201,0.187860566693723,11.4399437126798
0.769212503745286,14.7205078084733,15,12.9858038090679,0.555016800674018,13.4819697440643
0.15898449921132,11.3409269929419,12,8.84117348897617,0.623275626719367,13.8854317785023
0.381218888126017,12.5051740648736,11,10.2331893354513,0.846354821090386,15.2423664217282
-0.680013216494718,7.74404597035549,8,4.75412743768517,-0.986073822073097,6.60342020093315
-1.23826055589533,5.98978345994601,5,2.84444156690065,-1.0949984889713,6.27395979801959
-0.395937680722865,8.82192333800433,9,5.94909325106044,-0.298096845402924,9.126747875711
0.601514766425126,13.7381932643941,14,11.7484113509362,0.668773254895644,14.1577879839563
-0.188703365665662,9.69699625529259,11,6.93653452083076,-0.716369433819741,7.49643253059342
-2.08359469093722,4.0479967170697,2,0.725416735752232,-1.46295998048778,5.27776398366506
0.778346317780095,14.7748883153896,15,13.0550773702992,0.547500390382033,13.4379436657826
1.64365306694773,19.8849031051042,21,19.8846115245546,1.64861834067724,20.0551910423963
-1.85675539869014,4.49948048663891,3,1.22499585240089,-1.91908523852403,4.25538435685457
-0.562637573718546,8.17292843691917,8,5.2270609070247,-0.486609360731833,8.35261560301614
-1.02012700335035,6.62272506187806,5,3.53015474149042,-0.499784028860723,8.30098587449721
0.850012200149678,15.2041300172668,16,13.6046650053942,1.04158191153506,16.4587630809987
1.19809152160143,17.3201028070538,18,16.3825451703436,1.04110037182748,16.4557528538126
-0.091253506496472,10.135424380017,12,7.43787320623188,-0.0691377722313214,10.1588954128035
1.18982039753066,17.2699495862101,18,16.3154646905343,1.39197457381544,18.6108955179568
-0.17168110258772,9.7723265645095,10,7.02234769978742,0.244298159557885,11.7383119734967
-0.783251430911566,7.38516151170541,5,4.36063198094672,-1.27139423520552,5.77503827347403
-0.913922429728295,6.95440897323164,6,3.89064794525167,-0.884458552216745,6.92650465256888
-0.746890271973657,7.50965046094457,8,4.49691196350993,-0.821278908641157,7.13539753198005
0.882989304865968,15.4029893739166,16,13.8609385729351,0.608817391804806,13.7994401077015
-0.306749138800289,9.18908149139276,10,6.36134508425304,-0.279825727874251,9.20536370842935
0.687192834041279,14.2360051314294,14,12.3721685052124,1.03808798123978,16.4369213569399
-0.0669368138045634,10.2475409015395,11,7.5668261916491,0.391860867125434,12.5459884394727
1.03080499423429,16.3012395820353,18,15.0312342793903,0.56289910374516,13.5282269991521
1.05552328066443,16.4520365104366,17,15.2296815701,0.651447961935531,14.053769856067
0.498908414524196,13.1548867047176,14,11.0263082035851,0.217223645827941,11.5944302700308
-0.743068479326636,7.52285481714969,7,4.5113799703464,-0.292660797402569,9.15007056550421
-0.488908125318824,8.45408191362223,9,5.53885840470523,-0.220097311235924,9.46686658684975
1.14491761582886,16.997066668482,17,15.9514800969967,1.43763258531681,18.8794615107295
0.929668385470137,15.6856416986255,17,14.2269761385097,0.924582392338243,15.7281036665378
-0.732726589043696,7.55870122967867,8,4.55066973217992,-0.896898172470528,6.88610974455105
-1.06636873717625,6.48325230292621,6,3.37885474261229,-0.672788239076555,7.65178179598251
0.815455386639415,14.9966121832013,17,13.3383497996872,0.538892687340327,13.3876272312088
-0.807045582769398,7.30480450487244,7,4.27277794933957,-1.147706901199,6.12052141308917
-1.74382617244396,4.74177121582045,3,1.49042472336458,-1.99601616420593,4.1027526825714
0.503379454469881,13.1799893269292,15,11.0571881595161,-0.0453112811065776,10.2722194671052
0.804524049305237,14.9311717422568,14,13.2546061861911,0.782675949739119,14.8500280853396
-0.272747425513169,9.332796386023,10,6.52350489737079,0.0196558374728342,10.5869004566452
0.629270917910724,13.898456451128,14,11.9484705363073,1.06046480312236,16.5767891752694
1.22972876530226,17.5115337229851,18,16.6391022460652,1.35200902441744,18.3726031425724
0.0412076316533619,10.7593073883619,12,8.15944631384556,0.225045256811437,11.6358556968909
-1.74724432245387,4.73425760992763,3,1.48221487887577,-1.98021075549437,4.13368302337094
1.80353146312074,20.6887432711642,22,21.0126375607032,1.96823216260727,21.5588023012798
2.0943442359707,21.9164852233598,23,22.7801103241183,2.0897950668707,22.0273292017566
0.594892463705172,13.700105596119,14,11.7009710071398,0.939191722691347,15.8191538066614
0.129627781719605,11.1936071011592,11,8.66765300992715,-0.101370704757681,10.0073698425504
-0.609150214828044,8.00026289250735,7,5.03628500121577,-0.299116812432381,9.1223781677997
-0.0248958796731038,10.4439401218504,10,7.79347128661624,-0.187924429620853,9.61060357986487
-0.0412559932133429,10.367126134054,10,7.70471289367147,-0.0713137779240825,10.1486016332433
-0.760511950779316,7.46277320959279,7,4.44556892545593,-0.308619310504323,9.08176396717803
-0.0417012500378437,10.3650424341728,11,7.70230724631618,-0.933202914851665,6.76957520215165
0.46471163880085,12.9638822661606,12,10.7919214342589,0.54119204030519,13.4010574359079
0.460941046967928,12.9429306933867,14,10.7662732570448,-0.0201599153545303,10.3930591162004
0.698273747819166,14.3010350618558,15,12.4541569214452,0.248999125420257,11.7634335167208
0.150290342682965,11.2971360974403,11,8.7895340364778,0.294745171793431,12.0100239563411
-0.68270243457655,7.7344830475261,8,4.74361696935616,-0.846501333921624,7.05125010684902
-0.156826322086201,9.83849759506311,10,7.09783752473321,-0.225839637027972,9.44142438990222
-1.68490148021549,4.87311030422511,3,1.63374653149183,-1.98715352590999,4.12006944451727
2.2039855973852,22.2956299808116,24,23.343906402857,2.01118607979897,21.7310458560572
0.905781241040595,15.5408447881745,16,14.0392036530583,0.43811252514368,12.8069725950957
-1.61884232364868,5.02451189302285,4,1.79857458143684,-2.25426126674335,3.62712492045833
-2.13672140589677,3.94866028860001,1,0.614346454477201,-1.69222454804909,4.73746643874885
0.866713224327475,15.3047467727049,15,13.7342014414142,1.71240201567471,20.384789000849
1.53996802163602,19.3229583635416,21,19.1054152295587,1.25965911348697,17.8125229759145
-1.16267465859817,6.20203561668429,5,3.07417499615824,-1.09001255360941,6.28867273434405
2.22130784658513,22.351410834351,24,23.427931227984,2.78637125269532,23.7212232549999
-1.17780251925282,6.15897025338575,5,3.02755114215851,-1.17832150051526,6.03313276764535
0.458991592290545,12.9321069827135,12,10.7530280573759,1.23449264238258,17.6580341409929
0.00566892989723458,10.5887639339292,11,7.96122021474704,-0.520324858576645,8.22111912948826
-0.0994618490011986,10.0978234654268,9,7.39469498741268,-0.67645939218961,7.63857149030884
0.540904653048178,13.3918294623783,15,11.3184847357636,0.82366226100498,15.1021859604732
-0.680013216494718,7.74404597035549,8,4.75412743768517,-1.59702157968284,4.95498300308941
1.20233153386052,17.3457968625044,19,16.4169331079491,1.89993848508768,21.2699121621245
1.74639855182145,20.4110682928989,20,20.6209840018359,1.58941336969557,19.7376482700901
-1.30511833064291,5.80800693438688,5,2.64775786370981,-1.43510207646797,5.34736779015079
0.0918724561743524,11.0064249854005,12,8.44801094311263,-0.0742464634879184,10.1347430864311
1.27585111567618,17.7892051416971,20,17.0126712354099,1.23290574612801,17.6482705541336
-0.265895196769648,9.36201080250047,10,6.55652493955151,-0.637374932160858,7.78039897855877
-1.06708888961675,6.48110335735667,6,3.37652468949128,-0.706108423720494,7.53272040744612
0.979980105453108,15.9914775286551,17,14.6253490752526,0.773693383752247,14.7949591844328
-2.10536813800236,4.00700149060609,1,0.679638209775137,-1.9296900004499,4.23403047350569
0.0539572796810144,10.8210533067467,10,8.2313995496011,0.145672459838505,11.2208501078458
1.10694318660059,16.7657072128998,16,15.6442266441069,1.32385028656156,18.2031112176376
-0.453711308815945,8.59157421556375,9,5.69188229003401,-0.438024664609798,8.5457663462947
-1.43347616993285,5.4740402569181,4,2.28628152775131,-2.76632349169138,2.83177983548636
-0.144498576901622,9.89371846900966,9,7.16091479972063,0.411655248475255,12.6572423563174
-0.557811526863645,8.19105055406098,8,5.24711440052811,-0.66646269768295,7.67459762447443
-0.48947052299454,8.45190228106328,8,5.53643549978954,-0.163643957788472,9.72042123373552
-0.367352606127536,8.9380606865557,9,6.07918556734504,-0.589693913545509,7.95700511211841
1.2334553299542,17.5340353907981,19,16.669312445376,0.746498527828806,14.6287003507426
-0.539575162195027,8.25988291030906,8,5.32333677949251,-0.211238179411718,9.50624434444752
1.03353596451615,16.317897567803,17,15.0531287261925,1.01715039506831,16.3060289667366
-0.861074548885291,7.1255384468925,6,4.07709069376968,-0.481406047165521,8.37309404035345
1.19686077595194,17.3126425534844,18,16.3725634239196,0.920656920673052,15.7036535980523
0.298320050403189,12.060963795523,12,9.69769041710472,-0.0188893457074087,10.3991966375063
0.382931443772544,12.5144707791008,13,10.244455037547,0.395195371849659,12.5646833390886
-1.39815002222229,5.5640344901856,4,2.383726949757,-2.46910790857778,3.27112042029523
-0.508333260326559,8.37911140707683,9,5.45557232816136,-0.65027835665406,7.73328547400617
-0.511203519137496,8.36808842864283,9,5.44333568265769,-0.457856780103844,8.46639716192035
-0.290594984780333,9.25710088232953,10,6.43803741771955,-0.113915688702575,9.94895000240799
-0.274759291522649,9.32423490401701,10,6.51383176765457,0.323337832511304,12.1660852734708
0.878709786652213,15.377141114688,16,13.8275686624959,0.754213256625828,14.6757924159838
-0.627898095954877,7.93167922361549,7,4.96065086081622,-0.817495805207044,7.14810608701397
-0.28489331944344,9.28122056098505,9,6.46525703225359,0.0987235936048243,10.9810546495203
-0.176832500775197,9.74947372663344,10,6.99630058268189,0.320201186501663,12.1488933910303
-0.103053190424012,10.0814110871583,10,7.37585901784115,-0.260113919476446,9.29090107981601
0.285323947504935,11.9923753073543,13,9.61549199523846,0.514494424409855,13.2456069972998
-0.476685782406561,8.50158510829109,9,5.59168620310215,-0.735724523266757,7.42846287611617
1.90473176309726,21.1521550198986,22,21.6719097480304,1.65687612932981,20.0986154545496
-0.902999945065033,6.9894404512686,5,3.92878707687164,-1.32929702864909,5.62004351692112
-0.673922390169771,7.76574810880619,8,4.77798531489122,-0.206348054906511,9.52804595479008
-0.359843411938247,8.96880914927865,10,6.1136760011198,-0.0296298128189618,10.347414703205
-0.0711391273069383,10.2280877490902,9,7.54442952353085,-0.248769189449613,9.34047145068315
-1.0292346266576,6.5950220293411,7,3.50009055369414,0.188295753254915,11.4422214294243
0.364458351116453,12.4144417255507,13,10.1233665470546,0.217176623039248,11.5941815715545
0.675813483336253,14.1693714681806,15,12.2882790085322,1.25512020749812,17.7847107840376
0.214767484852718,11.6251020305882,12,9.17753172935337,-0.0161120915644379,10.4126233101188
-0.683229101690957,7.73261156764896,7,4.74156022213493,-0.375070560854921,8.8025701955543
-1.96093093240737,4.28649158350783,2,0.990265753314941,-1.62046281068037,4.9005478382221
1.89325163397244,21.1014779082129,22,21.5994269834043,2.0732143102443,21.9668649800435
-0.0952278768814887,10.1172030689747,10,7.41694482442362,0.0486933145903927,10.7302321804854
0.00567883544108345,10.5888111465747,11,7.96127498787857,0.715148138795433,14.437958896703
-0.0273529728934347,10.4323722231813,12,7.78009511497302,0.10598912651727,11.0178850553119
0.338782056613861,12.2763435560717,13,9.956650400052,0.904490847861119,15.6030350276493
0.652911940452579,14.0357339382729,16,12.1204035440959,0.66673994050161,14.1455613365965
0.604712202064343,13.7566038967929,14,11.7713573186571,0.198749602887227,11.4970435969712
1.20403126666906,17.3560939339043,18,16.4307184590057,0.981978826205114,16.086218559016
-0.228464081750065,9.52309725858054,9,6.73894128207826,-1.16769800072486,6.0633148739767
-0.611265722637563,7.99249496157094,6,5.02771450289814,-1.65850716593832,4.81342852496371
0.121181756768335,11.1515099444657,12,8.61817494383952,-0.313734680781178,9.05997236442736
-0.368402121558547,8.93377111427506,10,6.07437555316774,-0.475697054494399,8.39561971756963
0.608414814133205,13.7779401451332,14,11.7979614126758,0.779712913291508,14.8318546614067
-0.495254305443381,8.42951807566761,9,5.51155821639379,-0.751141711344014,7.37476731314718
0.206329363798219,11.5817614583879,11,9.12609177033304,0.422383025064574,12.7178137509938
0.0245785212556467,10.6792197472745,11,8.06626585622942,0.61840982060042,13.8564610476312
-0.811169300442833,7.29096620192441,8,4.25765731810716,-0.979560674230121,6.62366423373315
-0.28225983600469,9.29238070710637,9,6.47785587898596,-0.491420661988092,8.33372404887918
0.850140456076523,15.204901934764,17,13.605657771978,1.36456985390624,18.4477959684705
-1.81391644096236,4.58996346760379,3,1.32429546153316,-1.72368394029507,4.66763101000185
-0.516372950713686,8.34827108299211,9,5.42134212353089,-0.294814814887634,9.14082221833717
-0.72789154062541,7.57551793494019,8,4.56910835912655,-1.118370196357,6.2054521683337
-1.10925210700404,6.35650823545519,6,3.24148073157079,-0.757623988720768,7.35230778944581
-0.184615645861453,9.71503777517754,11,6.95707453326219,0.631235982349234,13.9328940463408
0.459535719859447,12.9351274842813,14,10.7567239785976,0.208645155942219,11.5491283927087
0.260131070108183,11.8602436328169,12,9.45750549440351,0.702722702928188,14.3626513855981
-0.263816671694511,9.37088933469339,9,6.56656382685743,0.0801484970954032,10.8873603204077
1.44482038789384,18.7845395937768,20,18.3651980200785,1.08166634565877,16.7092456513971
0.234184314654277,11.7253083117661,12,9.2966593610559,0.443167942626583,12.8357147401518
0.811475457996276,14.9727745229825,17,13.3078316434705,1.35861316066337,18.4121704654316
1.86676048011469,20.9826662779304,21,21.4298855450974,2.10784474572588,22.0919248925609
-0.358801182789892,8.97308474467432,9,6.1184735006495,-0.0693594792328886,10.1578461818404
1.6396776204914,19.8638985954856,22,19.8553579808997,1.78716679183881,20.7532747779591
1.23100105744423,17.5192172508461,19,16.6494167128626,1.42127631328572,18.7837322875991
-0.917015678958806,6.94451971261902,7,3.87988383214284,-1.30704834217253,5.67910498219335
-0.028504617599756,10.4269541393548,8,7.77383124522172,0.0582505337432266,10.7777688872538
0.983136432867876,16.0106956394024,18,14.650461167409,0.837273488730399,15.1862224423717
-0.0299016223977354,10.4203849904679,10,7.7662376154115,0.27548608196365,11.9057413048924
-0.217292827502515,9.57166565573825,9,6.79405686403046,0.580851058766171,13.6339092896947
-0.137879527770417,9.92348266142516,10,7.19494385486215,-0.254135983058818,9.31699034349556
-0.34001067464865,9.05050114831529,10,6.20540696249239,-0.235226415578779,9.399973206935
0.155350504290395,11.3226067406468,11,8.81956350052021,0.400514776498618,12.5945457884838
-0.167584579601576,9.79053434245098,10,7.04310931496026,0.0439349061579049,10.7066309774836
0.480061911779224,13.0494016618719,13,10.8967385171479,0.406470636416032,12.6280382018874
0.853335674167799,15.2241365079516,16,13.630400536938,1.06020671072276,16.5751762622454
1.30186044384989,17.9448914597784,19,17.2228547164558,1.32359239783191,18.2015533075876
-0.738443383911372,7.53886524921709,7,4.52892600646633,-0.453176122869518,8.48506379755929
1.14957435802779,17.0254072685906,17,15.9892029018826,1.25980482605365,17.8134154461432
0.263265453480013,11.8766231480539,11,9.4770641033343,0.468040068640521,12.9777293019296
1.62111158041987,19.7652051202834,21,19.7180426776105,1.35164159126546,18.3703996232268
1.19053185876039,17.2742652018449,18,16.3212346499551,1.12845875864638,17.0011362370387
-0.602842399856327,8.02346841339803,7,5.06189423506446,-0.695610954063141,7.57002777256867
0.838783074537442,15.1365947494467,14,13.5178687477926,1.08476714538628,16.7286098975444
-0.67645022019387,7.75673398234046,8,4.76807487984885,-0.472661401222933,8.40762168876297
0.531176037015777,13.3367126583143,11,11.2503795543847,-0.0760013075868629,10.1264585960023
1.28291764258259,17.8315740062722,19,17.0698196705335,1.21531201346956,17.5398600431589
0.948683413105127,15.8011079377376,16,14.3770992665497,0.836582220364033,15.1819512007215
-0.634986346439561,7.90589923280833,9,4.93224116815379,-1.1468451956724,6.12299938765034
-0.134453286770144,9.93892113438536,11,7.21260285493279,0.230808750293899,11.6664541244071
-0.125239143271528,9.98054635947481,10,7.26024365462594,-0.108561355651743,9.97384628910278
-0.823283687820824,7.25046282626838,7,4.2134151301037,-1.58305217030276,4.9877005081433
0.28200003161612,11.9748794126286,13,9.59454510151299,0.414426062433931,12.6728685006235
0.162593781664237,11.3591460623122,13,8.86267302686968,-0.254579243889859,9.31505346061333
0.3531408072227,12.3534362679506,13,10.0496537923343,0.764574890768149,14.7391332113681
-0.783225301473652,7.38525023414682,6,4.36072902941628,-0.470525012227606,8.41607841350546
1.20862084004876,17.383888587053,17,16.4679407683956,1.72263284929468,20.4363801034099
-0.183811631100429,9.7185899561684,11,6.96111953977883,-0.730086872495648,7.4481962934453
-0.294247509543837,9.24168038529571,10,6.4206417723653,-0.0875053769212298,10.0722990972918
1.53043826430883,19.2699331517022,18,19.0322464599413,1.52108163293191,19.3585354444821
-0.0756714602665647,10.2071432433488,11,7.52032630718659,0.208933273489722,11.5506476548182
1.11916095286957,16.8401854893213,17,15.7429999077608,1.11495746295781,16.9169972802341
0.621042919242918,13.85084414199,13,11.8889607316877,0.562893151438351,13.5281920343018
0.0177488783923388,10.6464739704578,12,8.02821425066145,-0.312006910381189,9.06732709590548
-0.882537760091138,7.05553980122693,7,4.00078754323734,-0.362157833465858,8.85616543834094
-0.282655236081281,9.29070428831893,10,6.47596316961514,-0.847057095180392,7.04940731413015
-0.394929887249475,8.82599336633118,10,5.95364759691765,0.0375461168030931,10.6750130217236
1.19851270600531,17.3226556363237,18,16.3859611175104,1.0904567388382,16.7641345074736
0.691293793783652,14.2600558204174,15,12.4024775583217,0.414958117619366,12.6758705286912
0.475393770376639,13.0233565478555,14,10.864794600527,0.399967550692629,12.5914715138606
0.558122857629545,13.489707936115,14,11.439637676956,0.694795528677239,14.3146967516886
-0.860929420634972,7.12601409238341,7,4.07760937862682,-0.669124414732048,7.6649886501909
-1.59540962503937,5.07929938351925,4,1.85813417771351,-1.09417665749143,6.27638254705168
0.200724854732961,11.5530446257797,12,9.09203639053887,-0.412054188794287,8.650806472035
-1.12914313665543,6.29855385007464,6,3.17869764481587,-0.795485154576877,7.22250167918866
0.0408659938751093,10.7576569370746,10,8.15752437666965,-0.248916539835552,9.33982600859817
0.845935831363148,15.1796024945629,16,13.5731282674918,0.412363059671744,12.6612328656127
-1.04799903078757,6.53830680717695,6,3.43856030836803,-1.73374948405813,4.64549613883941
0.492744605310585,13.1203288514936,14,10.9838257348449,0.672165921931038,14.1781997172618
2.61346645388354,23.3442781429093,25,25,3.17706565581101,24.1703257510871
-0.893324818594454,7.02061734115449,6,3.96274114734224,-0.663042713535312,7.68696178102049
-0.123352617288553,9.9890880076205,11,7.27002488961272,0.564783204248532,13.539297075812
-0.115784527344214,10.0234197671909,11,7.30935677287956,-0.306648868206512,9.09017149387425
0.941462750494655,15.7572419675062,15,14.320026829925,0.322768735541632,12.162964759658
0.126706219525895,11.1790307303687,11,8.65051564205679,-0.0166784289982683,10.4098841111551
-0.207003537179736,9.61660039569878,10,6.84509739200621,-0.147807169920744,9.79267236556989
-0.506322186194077,8.38684313307099,8,5.46415670982143,-0.816840774640314,7.15030885088727
0.860422080251486,15.2668218021971,16,13.6853445334502,1.16408646864408,17.2227298803898
-0.0510826094924919,10.3212244714877,10,7.65174422978592,0.40635725487571,12.6274000472177
-0.93251736428442,6.89516967586731,6,3.82618367971705,-0.634754711817845,7.79000118241547
0.707015091050235,14.3524330496628,15,12.5190407643534,0.378428298495391,12.4708716346967
1.52649753775302,19.2479438096855,20,19.0019211661774,1.82689801097591,20.9408079088932
0.050582513775295,10.8046806041244,12,8.21231063335596,-0.0246370724052698,10.371457432475
-0.594091213198262,8.05577174473093,6,5.09755913320944,-1.29709873770089,5.70571584526989
-0.224983280364128,9.53820614640514,9,6.75608109082128,-0.377379540646848,8.79301983458966
-0.340157555693849,9.0498935662656,10,6.20472419057755,0.0465099991497395,10.7193976610821
-0.542405617065403,8.24916273769368,9,5.3114599870712,-0.544087494929401,8.12967678996937
-0.852444966294332,7.15387590542116,6,4.10799709785738,-0.194856065786274,9.57946451735171
-0.914286792831312,6.9532433627073,6,3.88937916400339,-1.25447121349743,5.82113409006776
-1.67759426637202,4.88963917699011,3,1.6517599513736,-2.09115144385609,3.92112559397147
0.199188697809403,11.545183245225,11,9.08271744021909,0.222760919997576,11.623745349811
0.465476847870336,12.9681368723834,14,10.7971312718661,0.369960600286632,12.4236788674626
-0.440090102022978,8.64535888184911,10,5.75184355144356,-0.880447138312462,6.93958187389996
-0.0419762299639821,10.363755772993,10,7.70082184050247,-0.614853848981331,7.86332011882932
0.864358924931152,15.2905510747418,17,13.7159093696247,1.18704787036918,17.365128292257
0.941633600310403,15.7582796237647,14,14.3213763191687,0.960699244108404,15.9533334927518
-0.735214976047601,7.55006077019009,8,4.5411975548444,0.100631065180993,10.990714076172
0.395863606580354,12.5848277322185,13,10.3297911163326,-0.119299875806526,9.92397183905012
0.256691437188837,11.8422885615689,13,9.43607395804995,0.538109537354021,13.3830547461211
-0.260729013824889,9.38409284273546,10,6.58149620579113,-0.124212246915752,9.90123230720376
0.0868556787392596,10.9817473040212,11,8.41912264889485,-0.04873326131984,10.2558749372759
-0.625173037223827,7.94161217864296,8,4.97160000549274,-0.333403558954506,8.97664920923968
-1.24336939730571,5.97569823140524,5,2.82920020790138,-0.804787314230421,7.19096549244025
-1.16013149830076,6.20930448670268,6,3.08204522506053,-1.01686332408003,6.50856299846623
0.722207310212876,14.4419626255147,14,12.6322343678416,0.93987326527843,15.8234033910487
-0.58968058693724,8.07210085383414,8,5.11559438749025,0.106356271761526,11.019748905045
0.617389472878495,13.8297309404478,13,11.8625918685586,0.605648286610875,13.7806288120924
0.595446322399959,13.7032888335184,14,11.7049343616677,0.602170921151349,13.7600033182903
0.128429907521145,11.1876287599579,10,8.66062362167487,0.218027343737688,11.5986815842209
-0.467180446867739,8.53870616407498,8,5.63299852901311,-0.18513866920487,9.62314457248222
-0.383868662805005,8.87078225957383,8,6.00378881610267,-0.362462287392675,8.85489814531635
-0.18408627454426,9.71737643377496,10,6.95973762137937,-0.219936653608885,9.46757932762262
-0.741602702295175,7.52792517903169,8,4.51693623864848,0.0552335734965867,10.7627435087727
-0.0584266102847592,10.2870352944785,11,7.61232546944125,-0.108852865625437,9.97248938826713
0.8815342957386,15.3941997964833,16,13.8495893295965,0.663644211958464,14.1269558324803
0.38968383013539,12.5511730377478,13,10.2889540903676,0.663692156349585,14.1272438922448
1.38194808283497,18.4190955415509,20,17.8662086656037,1.22619461798976,17.6069520658736
-0.204140882734912,9.62913626907217,10,6.85934499656526,0.10373794670405,11.0064624314248
0.447174569576463,12.8666225760937,13,10.6729632356147,1.04108859240781,16.4556792174985
0.898287804036926,15.4954867191021,16,13.9804950703231,0.605518180566307,13.7798568126024
-1.53090965686884,5.23310456747941,4,2.02513355902584,-0.758259232285237,7.35011054425752
-0.424299775213689,8.70811249449955,9,5.82187670228234,-0.131850359851644,9.86596956887596
0.083954853272072,10.9674989091144,11,8.40245040040237,-0.0415165755209254,10.290371252976
0.0375252035082529,10.7415288261549,11,8.13874702248927,0.0760768696714907,10.8669124662667
-0.828049835202533,7.23458875650211,7,4.19608154955139,0.120201722805923,11.0902273618998
-0.0687752967992577,10.2390262911199,11,7.55702205640835,0.284110694259879,11.9523575143917
0.398618395758182,12.599850047738,14,10.348029559237,0.0139400036226832,10.558881496911
0.770536907229485,14.7283880486794,15,12.9958372302063,0.949912619270055,15.8860199969268
-0.310896115610509,9.17169559251075,10,6.34175865173969,-0.018726213484866,10.3999848824874
-1.35001174028649,5.68899643975851,5,2.51898051665323,-1.45707913906235,5.2923831406049
-0.334142779395613,9.07480549167561,10,6.23272552508772,-0.134044980272861,9.85585893549923
0.0036017401947404,10.5789150529693,10,7.94979540711934,0.0204891261270472,10.5909905896738
0.0614904188262839,10.8576753307144,12,8.27412230513609,-0.426999610530073,8.5902047373972
-1.11675338206417,6.33459094331588,6,3.21773515266775,-1.63809816128578,4.85997645039645
-0.601114673589906,8.02983593777937,7,5.06892295158076,-0.350495959987419,8.90484050960707
-0.650457706229908,7.84991490497499,7,4.87058414357057,-0.148610721439439,9.78899451091304
0.445460015139392,12.8571393277474,14,10.661378426566,0.520442254915959,13.2801461439426
0.303604779320008,12.0889370757528,13,9.73125155344733,-0.193078525618197,9.58744081689619
0.379773087794132,12.4973291719204,13,10.2236848110773,0.399739758895368,12.5901919460646
0.930506601793959,15.6907280815869,16,14.2335819872072,0.770934991671189,14.7780633287441
1.08030475769005,16.6032342671523,18,15.4292097448202,0.92519297318421,15.7319072972528
-0.984142769040818,6.73331174699782,6,3.65023141066173,0.122679124297682,11.1028773785946
-0.237558640744353,9.48372492255978,8,6.69430111209929,-0.232933061675351,9.4100846243304
-1.87346699852072,4.46464685310948,3,1.18670581242718,-1.00316741789347,6.55058678903077
0.179469486352985,11.4446406870222,12,8.96368035087761,0.2844895937365,11.9544085918465
-0.481217422919388,8.48394254096618,8,5.57206101384326,-0.596377206998558,7.93201091861322
-1.7910218732877,4.63903128352821,3,1.37805323020314,-0.795312332796624,7.22308890092886
0.0769949546242537,10.9333753519256,11,8.36254354396749,0.468167947583894,12.9784620431214
-0.106762963742682,10.0644823357469,11,7.35643730868913,-0.108854421666938,9.97248214575997
-0.150195983819492,9.8681629358992,11,7.13171437612924,-0.440106300204505,8.53740130330442
-0.34006820964833,9.05026314683908,9,6.20513950676994,-0.827610098297048,7.11418031007281
-0.259282456628181,9.3902845687832,10,6.588500028807,-0.207053278157414,9.52489898114412
-0.899888242851671,6.99945252609202,6,3.93968982016054,-0.422927139358519,8.6066767617861
0.391557657879285,12.5613712590663,14,10.3013254104057,0.103767557761006,11.0066126159249
1.24299255346478,17.5915730377201,18,16.7466116996862,2.06495199445494,21.9363314146471
0.512793369553274,13.2329403961536,15,11.1223836304146,0.38911530847265,12.5306097247188
0.0223252453746515,10.668406631264,12,8.05369763960509,-0.326122345883409,9.00740831930171
-1.00742999176864,6.66153852397855,7,3.57228694931075,-1.08116221606169,6.31487457279157
-0.373941396896307,8.91116332437614,8,6.04903120577493,-0.185091726955786,9.62335602822878
0.845960329350261,15.1797498617814,16,13.573317700136,0.722102726487107,14.4801825398989
0.868578270010562,15.3159951489961,16,13.7486994678684,0.763861167675976,14.7347669045188
1.27316848132909,17.7731077763808,18,16.9909687359527,0.994562766153107,16.1648456519864
0.581694727498716,13.6243751018437,14,11.6067644955988,1.06122131342723,16.5815168275438
-0.148398809509603,9.87621768470926,10,7.14091625946161,-0.320641509762122,9.03062868175656
-0.245524064237141,9.44936410718806,11,6.65537187145125,0.450471877445237,12.877314549155
0.632437392980382,13.9168026673119,15,11.9714179624826,0.30907572779919,12.0880572929506
1.03008187135989,16.2968289308869,17,15.0254382741622,1.61270157777531,19.8638255443687
1.28822930212561,17.8633875109445,19,17.1127560391228,1.7025377232737,20.3347053935314
-0.197715046672019,9.65733006946783,10,6.89140190672069,0.827662981446104,15.1268721883735
0.811747209116008,14.9744017407149,15,13.3099144043594,1.22133119616572,17.5769823365992
-0.980819602036576,6.7436163118011,7,3.66142578170316,-0.953886573393691,6.70407636015454
1.76394438886999,20.49752859479,22,20.7426901990746,2.20107849708738,22.4055475841959
-0.667688530880038,7.78802180394585,7,4.80247932881875,-0.353416203079688,8.89262757746885
0.0902862997952725,10.9986176945986,11,8.43886981117231,0.203984683267514,11.524575171851
0.523919382251652,13.2956893154251,13,11.1997441072799,0.49320636491398,13.1224314207143
-1.03685559782433,6.57192921765288,6,3.47503420102777,-2.05276606364238,3.9934809111065
-0.269477066803908,9.3467289589009,9,6.53925001810814,-0.12927250964251,9.8778578479209
-0.758937364444553,7.46817713833288,7,4.45148605554165,-0.0326270002215896,10.3330052284913
0.814829835825407,14.9928645791587,15,13.3335509228422,0.96852195260921,16.0021714384928
2.06592078100346,21.8107197568643,22,22.6247857443945,2.05092189165838,21.8838658936561
0.00105293256212636,10.5667823420468,11,7.93572473006876,0.398049218071877,12.5806984786766
-1.65982790264154,4.93005192662013,3,1.69578215036858,-1.09816983265261,6.26461952369977
0.191263519377787,11.5046920718748,12,9.03474526500684,-0.184641429877445,9.6253846527153
-0.664512067109456,7.79939550458919,9,4.81498986749319,-0.745832979730104,7.39321238341199
-1.1121247919851,6.34810595885048,5,3.23237723767127,-0.970023051655839,6.65342201620136
-1.07267979780368,6.46444396135988,6,3.35846236252739,-1.55667403087737,5.05005230789053
-0.233589111423693,9.50089142237426,11,6.71376005251617,-0.866572830280814,6.98500505081629
0.96804402356298,15.9188310148006,16,14.5305067413115,0.432036822069077,12.7724853766149
1.80596603911151,20.7003250401594,22,21.029024302269,0.97908691400059,16.0681533384262
-0.560832617239632,8.17970159050679,8,5.23455522280018,-0.53848101292834,8.15115982818874
0.270721666002067,11.9156558068817,12,9.52370218851205,0.280082863903548,11.9305700732101
-0.546524050884769,8.23358856976409,7,5.29420923531614,0.0344042624829869,10.6594934144545
-0.394273039434604,8.82864704359581,10,5.95661723543672,-0.206015299615794,9.52953117240729
-0.576637472469287,8.12057862690473,8,5.16916488080773,-0.260830579915524,9.28777803625964
-0.556042203214338,8.19770427281913,9,5.25447872792295,0.383969912493808,12.5018235635681
0.196811237905864,11.5330246819449,12,9.06830785759273,-0.051103546734994,10.2445671900712
2.52323280075822,23.1576391310962,24,24.6893724564602,2.61550796013955,23.4359680032128
0.809144525164536,14.9588197267718,17,13.2899730856347,0.457813152196166,12.919214535787
-0.846376850773301,7.17386894208264,6,4.12980853437253,-0.435629755960791,8.55540022834579
-1.09594374313165,6.39557733226053,6,3.28381577806115,-0.703873292261652,7.54064836989232
4.43598431565705e-05,10.5619846712619,11,7.93016175823413,-0.142614422513632,9.81647016608627
-1.48704310001631,5.34027564420746,4,2.14135215363743,-0.983707918822563,6.61076661820577
1.23618043607745,17.5504832458656,17,16.6914019868479,1.00354302632121,16.2209704821604
-1.38266081339123,5.60394733876565,5,2.42693270800953,-1.18359075156878,6.018218258285
0.634985089389048,13.931572972328,15,11.9898994332247,0.75427890163576,14.6761933768489
0.416405597311203,12.6971401918283,13,10.4663007451102,0.66850713088353,14.1561874536114
-1.59680415096319,5.07602279268888,3,1.85457335005955,-1.24366954990959,5.85074741285536
0.0266320031238849,10.6890821748368,10,8.07773169376397,-0.484642680932106,8.36034994772069
-0.934009726966668,6.89043708144067,6,3.82103526370662,-2.36327369825704,3.44222545519334
-0.188889575252043,9.69617512867497,10,6.93559986133918,-0.512286097345962,8.25228424099292
0.711988492153845,14.3817140327267,16,12.5560369642453,0.185427619724213,11.4272165709636
-0.642554629679859,7.87846404284846,8,4.90201959654229,-0.267792400156809,9.25749175353253
-0.387572103067989,8.85576235368453,8,5.98696938220613,-0.846711122359487,7.05055443327116
0.775060962826566,14.755318978434,15,13.0301394084042,0.225010725173489,11.6356725555916
-0.228613025267303,9.52245124014118,10,6.73820854321404,-0.373017737274665,8.81106950637315
-0.270147148146661,9.34387266705127,9,6.53602178521168,0.309115978051886,12.0882769877482
-1.23225426309313,6.00638475628123,5,2.86240594797276,-1.48867192864884,5.21430933787599
-0.132615845301049,9.94720941817759,11,7.22208561282477,-0.556287032474466,8.08312494462332
0.408356198630988,12.6530498165966,15,10.4126694080299,0.330582025705556,12.2058576790198
-0.592823476375215,8.06046187854499,7,5.1027388394637,-0.972340276589212,6.64617978307336
-0.868762622042992,7.10038635580574,6,4.04966656090174,-0.64305579221318,7.75962137621447
0.48263710083497,13.0637836307238,13,10.9143859000381,0.753788002330424,14.673195057676
-0.763225732277204,7.45346866453885,7,4.43538171818382,-0.791722094227038,7.23529890065801
0.310227170271442,12.1240579796444,11,9.77341861682734,0.394339405548319,12.5598825544857
0.653546663328238,14.0394291838692,15,12.1250388698083,0.908575080567967,15.6284439624283
0.221805599042942,11.6613477572387,13,9.22059005191399,0.0955627181782045,10.9650635512145
0.660120502221001,14.0777298688404,15,12.173105613721,0.870495456194453,15.3918846694661
1.51514640419289,19.1844037371891,19,18.9143510496603,1.8911653273573,21.2314723629415
1.5375367063062,19.3094505783896,20,19.0867703448189,0.986175365855278,16.1124364009195
0.569712368730866,13.5558235670933,15,11.5216263165064,0.457497246440891,12.91740971985
-0.241381429480741,9.46722002794365,10,6.675598464806,0.41810471941023,12.6936343839466
-0.234293369651259,9.49784372349415,10,6.7103048680301,0.612420960224848,13.8208466747172
1.69541942473809,20.1541242361185,21,20.2605056736382,2.20270453130384,22.4107241538694
-1.29362119584083,5.83887567970569,4,2.68115744764361,-0.336426211517615,8.96390990075152
2.34233022066928,22.7110227313457,23,23.9781222375178,2.59109996769109,23.3895300058936
-1.40354955550919,5.55018621818653,3,2.36873462870601,-1.24368440580217,5.85070658184225
0.446986666976795,12.8655830581927,13,10.6716932299846,0.098983163517629,10.9823686949366
1.19903099552493,17.3257968786753,18,16.3901646220967,1.40503817351796,18.6881575830627
-0.792285832113841,7.35454831887476,6,4.32715237780439,-0.722365608600947,7.47530882844967
-0.340116659021424,9.05006273388653,8,6.20491429233896,0.244413214739008,11.7389263280461
0.037536529438592,10.7415834691381,12,8.13881062993311,-0.313588683461785,9.06059362092657
-0.886394182406377,7.04303513734098,6,3.987162683968,-1.28598169172742,5.73559542215294
1.47858413886539,18.9777959788574,20,18.6301917627116,1.29766045335862,18.0444096495162
-0.945907803433566,6.85282076987948,7,3.78012206178229,-0.628405561988928,7.813317982546
0.0121466455559467,10.6196769559272,10,7.99709572779461,-0.0847125702441567,10.0854232454131
-1.33347052034916,5.73256598436627,5,2.56612826023468,-1.20113442608626,5.9688263436816
-0.456751127282777,8.57961512043679,9,5.67855759770612,-0.15561907967609,9.75697104572111
-1.40591463222444,5.54413106398497,4,2.36217897220516,-1.55803808233401,5.04680954265138
0.0691686061916451,10.8951089388597,12,8.31782787976646,0.111380876245119,11.0452830760626
-0.75642667889699,7.4768017249634,7,4.4609305671141,-0.48336196885765,8.36539039801121
2.15199796683837,22.1215191853954,24,23.0835203500586,2.59416120785733,23.3954386629959
0.185134338079059,11.4734534063032,11,8.99776526004415,0.126443326137407,11.1221207082002
-0.934362312457076,6.88931942932873,7,3.81981944492029,-0.660663033061266,7.69557677876139
0.0618494987773413,10.8594235655108,12,8.27616264339242,0.190761488747009,11.4551335941948
-1.13936637654329,6.26897086645416,5,3.14665662994568,-0.736088968713776,7.42718902833796
0.100444839873406,11.0486984816428,11,8.49753448278258,0.758305607110355,14.7007966073657
0.067304767084623,10.8860122593611,11,8.30720370435803,-0.134042254389902,9.85587148778599
-0.702755923465257,7.6635378852662,7,4.66568690342167,-0.949737303762149,6.71716427786542
0.682508832039696,14.2085588868675,14,12.3375997936401,0.712427264857144,14.4214538180868
0.422066631506828,12.7282102185656,13,10.5041267427268,0.137766174364868,11.1801701312444
1.43149642840597,18.7076723606473,17,18.2600119574324,1.6596222129547,20.1130074915083
-0.300212791934694,9.21654727330718,9,6.39230069750049,-0.795474916277437,7.22253646600519
-1.48426233464695,5.34714071704946,4,2.14879337683676,-0.935417285845056,6.76253215738776
-0.528326596321333,8.30262003059052,9,5.37070588601371,-0.753841316625251,7.36540542588448
-1.35323811474944,5.68053602323467,5,2.5098248003792,-1.40559486579657,5.42207452866697
0.569047308381217,13.5520245066978,15,11.5169118750377,0.643931288706044,14.008756636891
0.996545731482492,16.0923739922858,17,14.757292714275,0.929200197569359,15.7568742328174
0.0167530258941701,10.6417063349681,10,8.0226764028123,-0.858444042649997,7.01175754948475
-0.49443861069236,8.43267147882257,9,5.51506225585261,-1.01810944092079,6.50475300220981
0.576327912830527,13.5936470434544,15,11.5685853012488,0.316703990181057,12.1297461136836
0.362341998503973,12.4030177717235,13,10.1095551524662,-0.0189327814024621,10.3989867677047
0.138298039047255,11.2369556093279,11,8.71865097143981,0.908270197760816,15.6265469387617
-0.704907900993124,7.65596280274183,8,4.65737062622634,-1.22663319238987,5.89775867597471
1.15739186702037,17.0729653326542,19,16.0525466833083,1.12354421250192,16.9705182964212
1.04909516303652,16.4128170518006,17,15.178015820838,0.795132531676572,14.9265142657861
-0.90754008774484,6.97485774776274,7,3.91290909685713,-0.559327442067917,8.07156454475707
-1.19014060949073,6.12406511618969,5,2.98976681462092,-1.69463490968164,4.73208049223978
2.22130784658513,22.351410834351,24,23.427931227984,1.91704768544625,21.3440104091519
-0.169655755354962,9.78132477251069,10,7.03260702400878,-0.225252845286818,9.44402130754009
-0.253819398154214,9.41370233195179,10,6.61499704255504,0.225171707030547,11.6365263547932
-1.28483361086288,5.8625780042071,5,2.706802878985,-1.27972370847455,5.75248343258713
1.29046115829939,17.8767460929029,18,17.1307916056841,0.771322127335307,14.7804342071851
-0.983989290746847,6.73378731273361,5,3.65074802038906,-0.873544239463853,6.96214384159824
-0.605121669246675,8.01507573212091,7,5.05263114064264,-0.870193399891645,6.97312272331121
0.652420785276821,14.0328748579108,15,12.1168173657159,0.718578944067063,14.4587819534838
-0.922458452642545,6.92715274210153,7,3.86098304396794,-0.0169782006542009,10.4084344640548
0.262371192195439,11.8719482235557,12,9.47148107628638,-0.201572981299827,9.54937970441951
0.168872208610676,11.390894044652,13,8.9001586876199,0.244413214739008,11.7389263280461
-0.411936998943549,8.75754826115338,10,5.87710303260692,-0.770687530350923,7.30725547650791
-0.800545156217364,7.32667131654791,7,4.29667623718634,-2.33322536575021,3.49229709041296
0.275344518603498,11.9399042785509,11,9.55269643444291,-0.166321619238474,9.70825378200539
-0.289616560870496,9.26123573830586,10,6.44270278365898,-1.13276884976527,6.16362089340947
1.50809528101364,19.1447864280344,20,18.8597939832988,1.39986989855916,18.6576297061803
1.10072708624626,16.727803096366,18,15.5940082848444,1.12714159359625,16.9929312822366
1.05072373139524,16.4227531725026,17,15.191101634914,1.43086635463788,18.8399278007818
0.119538809470413,11.1433360280724,11,8.60857333431488,-0.0667936803435589,10.1699947847342
-1.21282212291604,6.0604056858092,5,2.92086627364617,-0.751337897516337,7.37408655973803
0.308718196561883,12.1160488008239,13,9.7637995982003,0.64375329272037,14.0076915782877
0.446559426059566,12.8632196734559,13,10.6688059346635,0.972222384377518,16.0252790204508
-0.284085585614338,9.28464223839734,10,6.46911951838785,0.0302104296863952,10.6388075894489
0.159377338562363,11.3429088512754,12,8.8435117640675,0.801511757975093,14.9657361413097
0.802616965856311,14.9197655489244,15,13.2400215285085,0.846351431233259,15.2423454535776
-0.618118387004848,7.96738331220926,8,5.00001541050768,-0.642696844599247,7.76093256744448
0.0401586503434991,10.754240439992,11,8.15354611693054,0.0580549227525495,10.776794145441
1.33812043251708,18.1606453262302,19,17.5149837104703,1.56656231394667,19.6123036139543
0.259329078931414,11.8560553603822,11,9.45250549963366,0.0229427058177501,10.603041715448
1.44925021305021,18.8100220746936,20,18.4000954776691,1.30267809352477,18.0748892073352
-0.939010827313353,6.87460100624188,7,3.80380946463154,-0.735942183015461,7.42770206251658
-0.811169300442833,7.29096620192441,8,4.25765731810716,-2.02642707962332,4.04385187778268
0.520996946630521,13.2791897592828,14,11.179391837435,0.767198795174193,14.7551894893014
-0.334791100197926,9.07211718321931,8,6.22970318928288,0.0872561646036324,10.9231326842689
-0.537228601205121,8.26878062429874,8,5.33319608467202,0.0407970160223217,10.6910916430813
-0.871312521772397,7.09206361381021,7,4.04059367237871,-1.32954685079695,5.61938380201079
0.349588653804715,12.3343326740616,11,10.0265921828384,0.297850077711218,12.0268993735385
-0.449332551659187,8.60882904280318,8,5.71111240299725,-0.0926756456933819,10.0480431977449
0.517084928379329,13.2571226708847,13,11.1521838912741,0.380507790280952,12.4824801527845
0.472263490122471,13.0059102242345,14,10.8434075691105,0.235401521263816,11.6908816391427
0.702107259315372,14.3235650671073,13,12.4825894343637,0.779277483488834,14.8291846741286
-0.526811042498572,8.30839451357902,8,5.37710881277644,-0.187671321576266,9.61174239927737
-0.320036232923668,9.13348508975925,10,6.29873500584499,-0.260529885984974,9.28908827103224
-1.38598400562512,5.59536059535709,4,2.41763805846685,-0.987239717239299,6.59980298687416
-2.01692720384123,4.17600807209005,2,0.867868424398569,-1.35237302351887,5.55942786567807
0.897514788044144,15.4908094992759,15,13.9744442200237,0.840510892290594,15.2062304645867
-0.602373895280181,8.02519459612199,7,5.06379959234674,-1.09844363015356,6.26381378801131
0.310808208674044,12.1271429868753,11,9.77712418027651,0.348267907777858,12.3033490811575
0.507047528358134,13.2006058314794,15,11.0825627027514,0.969041739989901,16.0054170829904
-0.0105970880440861,10.5114781157603,10,7.87163414354054,0.0827358401482963,10.9003708363223
0.79368787377421,14.8664036713815,16,13.1718362162144,0.129885064242284,11.1397394852323
-0.0651184846664354,10.2559682796349,11,7.5765316527031,-0.434425874925768,8.56024704613023
-0.824883309036447,7.2451313077638,7,4.20759305369104,-0.0829709041464881,10.0936155867156
-0.98654139334072,6.72588372560808,6,3.64216257714945,-0.501299210199018,8.29506837492614
-0.177663367271765,9.7457923442857,9,6.9921057825197,-0.260789078124164,9.28795886451097
0.609102214920653,13.7819032646209,14,11.802904407949,0.877327863175608,15.4342691784785
1.35623102997323,18.2677748360155,20,17.6603999879803,1.08541768652163,16.7326721698602
-0.508497378234991,8.37848074792421,7,5.45487216958301,-0.483860638984368,8.36342744387847
-0.43859109337918,8.65129755380488,10,5.75846774161917,0.686436702932548,14.2642085161856
-0.247693839319649,9.44002417496048,10,6.64479479076225,-0.284342218377065,9.18587056697637
-0.253795847415899,9.41380340063158,9,6.61511142778942,0.316754997292454,12.1300252218904
-0.511419888539406,8.36725805006439,8,5.44241396922349,-0.152407840149552,9.77163226489494
-0.622975022786009,7.94963291221616,7,4.98044251133634,-0.510283106469628,8.26006776799499
0.168872208610676,11.390894044652,13,8.9001586876199,0.476090121480707,13.0239066992727
1.56046556459944,19.4362679769242,19,19.2619709976342,1.50363275991592,19.2597391609435
0.996585874918707,16.0926185861091,15,14.75761288244,0.944258917868809,15.850752964544
-1.41797592574111,5.51335139113383,4,2.32885246996324,-1.1479323157529,6.11987336266762
-1.14471606915713,6.25354518893929,5,3.12995094139073,-0.991445523719468,6.58677099926723
-0.136825295388056,9.92823068914618,11,7.2003741851816,0.387564111804307,12.5219267010966
-0.998519434044419,6.68891165700642,6,3.60200833131367,-1.71378744974524,4.68949264692331
0.222087009150399,11.6627988088576,12,9.22231457899038,0.0856558470864451,10.9150698230958
-0.345822804656056,9.02648824974916,9,6.17842841698148,-0.187232759753142,9.61371593540052
-0.386535793052726,8.85996284107945,10,5.99167265637763,-1.08499546312189,6.30351261657508
-1.47506127116758,5.36991722108416,4,2.17347874380612,-2.48377738699591,3.24803586287644
-1.21356458945834,6.05833288483289,4,2.91862300698319,-1.09903813574415,6.2620646259007
-0.364564224670914,8.94946681722825,8,6.09197745543129,0.142513376937067,11.2045813479871
-1.28742948961091,5.85556645805158,5,2.69921653283715,-1.27231114290468,5.77255114127004
0.151572444138108,11.3035852933971,12,8.79713589352061,0.233331049243211,11.6798645686127
1.28335315223949,17.8341835370304,19,17.0733407470187,0.872954890235858,15.4071384051534
-1.31632657821173,5.77806788799288,4,2.61536360495083,-1.59997391897504,4.94809503095457
0.123834919467646,11.1647201260183,13,8.63369621485299,0.870499359232343,15.3919088736941
0.045771718166118,10.7813769291509,11,8.18515287797749,0.253950313240202,11.7899365537349
-0.656844617912564,7.82691698477461,8,4.84527084796983,-0.345538862979103,8.92560901810428
0.0781596735626771,10.9390796947055,10,8.3692125456818,0.370084504052823,12.4243685212247
-2.16280265496457,3.9007433931948,1,0.560588685807215,-2.11131641257127,3.88360922224558
-0.483634122296413,8.4745482948869,8,5.56161352043084,-1.1320181877325,6.16579472650166
-0.519024885149166,8.33812237359387,9,5.4100817969107,-1.15295777886358,6.10544336060513
0.151381051079381,11.3026223654126,12,8.79600079147428,0.357806502190856,12.3561584793953
0.895168118399319,15.4766129029178,15,13.9560817823467,0.843040326283845,15.2218682691451
0.377506325522918,12.4850366206788,14,10.2087951419379,0.62437445315013,13.8919784306216
0.0101744163626516,10.6102569235377,11,7.98616090534937,0.0137624308872498,10.5580120653042
0.224997980566917,11.6778169891383,12,9.24016654859432,-0.496421326219535,8.31413375453311
0.320964777197134,12.1811613261358,13,9.84205097282745,0.179880882346639,11.3982427430273
-1.70109956637097,4.83666167919378,3,1.59400651863622,-1.87067886037819,4.35415697072247
0.785448490511235,14.8172272189792,14,13.1090668943199,0.853612656052906,15.2872782967121
0.930168967797062,15.6886792423072,17,14.2309210139158,0.382276264731661,12.4923583154852
-0.327099756359007,9.10405822134456,9,6.26562302162668,-0.611825616698548,7.87453724923235
-0.285090149755542,9.28038693729557,9,6.46431605362812,0.0992669407075492,10.9838054368817
0.427577946173317,12.7585073724701,12,10.541037741517,0.417207243280044,12.6885660723984
0.426280711289258,12.7513718029138,14,10.5323421773091,0.475126667212015,13.0183746120687
1.12610824157363,16.8825197685264,18,15.7992016970596,1.18269308178956,17.3381501047393
0.0589758029904625,10.8454391311051,11,8.25984384639806,-0.18492061830353,9.62412683966926
0.0505350857603889,10.80445065484,10,8.21204258520216,0.15251472833607,11.2561524060628
-0.493691195916364,8.43556191820684,7,5.51827425846719,-0.496981518611475,8.31194201988975
0.384297067535867,12.5218875766771,14,10.2534443915734,0.858098833835149,15.31505678765
0.137349495677476,11.232206604188,12,8.71306150186498,-0.174217967263062,9.67245420785809
0.352646438895754,12.3507762848731,14,10.0464420892411,0.247117256789385,11.7533720523219
-1.11081481025146,6.35193614401521,6,3.23652702350317,-1.4658609434582,5.27056705886593
-0.350839518968281,9.00580995628533,8,6.15520616982607,-0.364360396964877,8.84700120364796
-0.800898343033806,7.32548156802103,6,4.29537579406799,-0.180542674585048,9.64386813344664
-0.387670844965003,8.85536222079215,7,5.98652137359687,-0.726701657261081,7.46007094194188
0.625050467834814,13.8740234731692,15,11.9179243103544,0.195804886849626,11.4815799479993
0.355290085115031,12.3650053170336,14,10.063624716061,1.04830520917595,16.5007904853242
-0.794101934588965,7.34840959663593,8,4.32044040486208,-1.11140938674401,6.22577690832786
-1.32009572710974,5.76803390761175,4,2.60450657108509,-1.04115708294994,6.43468893870112
1.40140880851435,18.5329274743181,20,18.021342646675,1.68529197360103,20.2463510810557
-0.890445538932102,7.02992204342246,7,3.97287682272255,-1.44960478552264,5.31102084063375
1.29031349056092,17.8758624038914,20,17.1295984096314,1.19970021886026,17.4434277590072
-1.03478045465542,6.57820930253683,5,3.48184785599843,-0.375346301384174,8.80142915298251
-0.934362312457076,6.88931942932873,7,3.81981944492029,-0.732879645362112,7.43841417242779
1.26883404353272,17.7470838058798,19,16.9558949865798,1.15986731634511,17.1965258580608
0.575057992487844,13.5863817861068,15,11.5595621680309,-0.019419419454469,10.3966357152591
0.0945522689252513,11.0196257831674,11,8.46347067873665,-0.441035659345631,8.53366927430196
-0.0214001373354012,10.4604170372376,10,7.81252966895602,-0.26367079633292,9.27541079989474
-0.401738837280301,8.79852978254359,9,5.92292256665666,-0.803548691841277,7.19515662216906
-0.490679447796259,8.44721879971064,7,5.53122959529744,0.0436063522713817,10.7050030217688
0.249482199440796,11.8047226205414,14,9.39126297926601,0.586475894456573,13.6671157930677
-1.05808001895559,6.50803677808376,5,3.40573033420131,-1.51099391491156,5.15982556066572
0.54854153240256,13.435190311345,15,11.372123315735,-0.176830249153022,9.66063785228378
1.74346178161504,20.3964962803316,22,20.6004924755275,1.4431448990931,18.9115972069642
0.341932889213294,12.2932310797452,12,9.97700915471001,0.573356656759328,13.5897345865609
-0.319296427393584,9.13657230466766,10,6.30220991924883,-0.449950791119508,8.49795010091941
0.0650309082382057,10.8749229997435,11,8.29425527396441,-0.234900577817573,9.40140920490198
0.83343693391235,15.1044755744687,15,13.4766317252249,0.977275899143126,16.0568411476032
1.10435581833298,16.7499309666819,18,15.6233209078875,0.99064479384698,16.140362534026
-0.714201753524694,7.62333255583219,8,4.62155766079473,0.0165724524668029,10.5717777607534
1.10661519255139,16.7637073674646,17,15.6415762437586,1.26707245314402,17.8578977378087
-1.17387476037318,6.17012320431861,5,3.03962497449878,-0.742875814760452,7.40350718127264
-0.0272926486998841,10.4326560944261,10,7.78042332010629,-0.362158494434307,8.85616268686174
-0.603168192955803,8.02226825828326,7,5.06056953635408,-0.525204579669631,8.20225817097441
0.678936937638381,14.1876462903638,14,12.311274194359,0.691491654295663,14.2947313803292
0.207849089120044,11.5895579177724,13,9.13534146393839,0.358422329731052,12.3595734238115
0.00304973544522976,10.5762864164799,11,7.94674657855319,0.52060485279665,13.2810911063111
1.19581790094308,17.3063203794729,17,16.3641053940484,0.969903101413831,16.0107957227562
-0.241426330161708,9.46702632664244,10,6.67537900752191,-0.64905831078065,7.73772786069997
-0.730215636816181,7.56742993132542,8,4.56023976737731,-0.81452167357749,7.15811313926439
0.932891701739291,15.7052029860386,18,14.2523846484087,0.904279771050522,15.6017220926895
-0.107008742265273,10.0633616705945,10,7.35515185889519,0.358615196193852,12.3606430613577
-0.697734463230152,7.68124243085995,7,4.68512722238675,-0.840353802983086,7.07166662219819
-1.37501251038179,5.62375859948038,4,2.44837623980568,-1.39316175693449,5.45385916474986
-1.0292346266576,6.5950220293411,7,3.50009055369414,-1.39968849619707,5.43715108470469
1.42281778845908,18.6574302289676,20,18.1913259027917,1.30134232295084,18.0667784353677
-0.0599124226699687,10.2801303091171,11,7.60436782789249,-0.178343843990115,9.65379740088829
0.802351213762748,14.9181763482696,16,13.2379897565423,0.432036822069077,12.7724853766149
-1.94339160631885,4.32166555342153,2,1.02913564668963,-1.75626237961171,4.59635179416125
1.12442078320056,16.8722381638604,18,15.7855482793668,1.38749088389285,18.5843036050394
-0.066164513422508,10.251119526615,10,7.57094733028736,-0.384240936221986,8.76469923546101
0.750299572653999,14.6081624835886,12,12.8429447464278,1.13778462636393,17.0592058979073
0.788562290762949,14.8358045451878,16,13.1327715182926,1.21506767625527,17.5383524380896
0.385552863858151,12.5287105731716,14,10.2617153941234,-0.140010202309668,9.82842498494565
-0.556543177552161,8.19581977498495,8,5.25239288705844,-0.522780898611586,8.21162073659886
-0.653973215157029,7.83724810334134,8,4.85664101127112,-0.423280690985904,8.60524551734784
1.06460491026786,16.5074472012784,17,15.3027403598655,1.02543820901225,16.3578403666114
-0.580816454065104,8.10501562056269,7,5.15196243101456,-0.110895588562221,9.96298575672379
0.582983034059496,13.6317572249274,15,11.6159406065144,0.372668797274473,12.4387588794002
0.232076390895866,11.7143977328297,12,9.28367536952015,-0.0404300373044644,10.2955738822203
-0.722610361394952,7.59392848959423,7,4.58929938774015,-0.179793075397673,9.647252036982
0.902387388864071,15.5202976180727,16,14.0126020842007,1.02084590507227,16.3291312480297
0.129786187070282,11.1943978629511,11,8.66858286588538,0.369498497256882,12.4211070168725
-1.21036107469054,6.0672813783446,5,2.92830749684549,-1.1735185957457,6.04675949464563
0.213412960304058,11.6181363472669,13,9.16926088476791,-0.284900041585917,9.18346573598626
-0.60173206628432,8.02755997380011,8,5.0664105752994,-0.0696698437204523,10.1563775411052
1.29938102465065,17.9300815749462,19,17.2028384188945,1.35739959466916,18.4049050817023
-0.668790633936732,7.78407940484561,8,4.79814335931563,-0.617848532730785,7.85224300649435
-0.0329830043358561,10.4059080457872,10,7.74950677452312,0.20354355602469,11.5222532617913
-1.14299348047098,6.25850812647121,5,3.13532557629332,-0.836410214541694,7.08479511642492
0.290998880497732,12.0222899020977,13,9.65132660684744,0.574553736693298,13.5967852953264
0.423095580643882,12.7338629710626,13,10.5110115435095,0.101736900209078,10.9963172543108
-0.0954194641419387,10.1163254308666,11,7.4159370042823,-0.362060344242474,8.85657127550979
-0.258257139110013,9.3946755457923,9,6.59346744260712,-0.0301657462958211,10.3448368145781
0.936707654535807,15.7283672455998,17,14.2824858310499,0.403687099575664,12.6123776759547
-0.138340104888289,9.92140896397635,9,7.1925723321175,-0.550209862015954,8.1062813495975
0.895733926063442,15.4800355543052,18,13.960508294239,1.01266199421909,16.277970864305
0.189040151458279,11.493352495375,13,9.02131855408001,-0.230600292759864,9.42038032188297
-0.894996424854066,7.01522096639478,7,3.95686329013415,-1.43106025197573,5.3575408764889
0.182832698669491,11.4617398600557,11,8.98390565966841,0.551986809983928,13.4642121902515
0.953317252953599,15.8292706036653,17,14.4137665821518,0.856914405078904,15.307721487564
-0.787121240104722,7.37203321333336,7,4.34627286862331,-1.15816696391719,6.09052179698676
0.906019686673174,15.5422886419477,16,14.0410733629598,1.38540738924146,18.5719341706867
0.558010564574815,13.4890682435966,15,11.4388450035323,1.30714965610788,18.1020225817614
-0.347493134702953,9.01959837958732,10,6.17068990621097,-1.12294028387499,6.1921442857694
0.000914281682102152,10.5661226843311,10,7.93495981222887,0.628055100147613,13.9139186893268
-0.14953799768399,9.8711112752511,11,7.13508242988367,0.59864271581596,13.7390930310911
-0.510606049717318,8.37038180032045,9,5.44588137384319,-1.37333596346373,5.50492272043885
-2.0131344338046,4.1834051133794,2,0.876078268887374,-1.6509092037774,4.83070717254105
1.60676633827623,19.6882868169311,19,19.611178994603,1.26061843465691,17.8183982473467
-1.28284250845612,5.86796161498773,4,2.71262783532292,-1.72747727485152,4.6592773497014
0.80755747284737,14.9493210502056,16,13.2778202040417,0.222911086058314,11.6245411505637
-0.569709333192671,8.14644403758411,7,5.19776450617887,-1.18360330900281,6.01818275879099
0.930920331978164,15.6932387656695,16,14.2368429383243,1.21062927039362,17.5109574011306
0.694824204116239,14.280775889245,14,12.4286020844306,1.13646671331292,17.0510021912025
0.00761890161130721,10.598061521094,11,7.97200778548987,0.0432402304328107,10.7031891692862
0.901883786474383,15.5172492595854,17,14.0086564354146,0.940878442530907,15.8296712222981
-0.483841099452984,8.47374419545156,8,5.56071934740346,-0.525415710293245,8.20144308554294
0.564092290947461,13.5237389489255,14,11.4818235970159,0.792946513559237,14.913081813457
-0.157666395421594,9.83474469710447,11,7.09355333096487,-0.515067566673176,8.24148764729851
-0.634536934272654,7.90753130492522,9,4.93403939146111,0.0856263125120934,10.9149210662486
-0.0775127263497666,10.1986452884111,11,7.5105498377089,0.150198564291117,11.2441922250173
-0.238909810892623,9.47788821598293,9,6.68768649428335,0.061461724922067,10.7937811483246
0.92311113251415,15.6458636885962,17,14.1753381243394,1.09411435437113,16.7869671438054
0.835841993655668,15.1189222071179,16,13.4951760075682,0.854233167833843,15.2911197175467
-1.00515535193222,6.66851562513245,6,3.57986197775896,-0.617282063393336,7.85433713429879
0.71569277575024,14.4035407708513,15,12.5836301112823,1.05684950908695,16.5541950610567
0.0355431034454216,10.7319696146431,11,8.12762075831937,-0.378470836820407,8.78850953860966
0.197923661097256,11.5387124769148,11,9.07504818616302,0.424394387074757,12.7291917673342
-0.183529894661075,9.71983496231235,10,6.9625373467316,-0.0661444356578951,10.1730709012024
0.557738317386012,13.4875174240272,15,11.4369233566811,0.294620571067923,12.0093471063374
1.42901168280054,18.6933015648018,20,18.240360313376,1.41427041403314,18.7425610665087
-0.522439695468431,8.32507181708963,9,5.39560460229594,-0.90038906968408,6.87481670573925
0.0990211230907286,11.0416683970907,12,8.48929545895367,-0.556954750849913,8.080584698316
1.0814884951707,16.6104558574409,18,15.4387534618486,0.995496643601255,16.1706817151811
-0.659542777747733,7.81722137115086,8,4.83460168350854,-0.893499867769409,6.89712127022472
-0.554786667317659,8.20242903162086,8,5.25970857015045,-0.782217367225014,7.26772424869394
-0.741154447143313,7.52947644011169,6,4.5186362362975,-0.746781187902063,7.38991444131618
-0.988874653421337,6.71866591403943,7,3.63432256818751,-0.718495042413728,7.48893742294629
1.90002443424628,21.1314349272359,21,21.6422616106087,2.59430838617266,23.3957221241421
-0.679980126618699,7.74416371113802,7,4.75425685386081,-1.51100135900641,5.15980748398832
-0.0977508822660964,10.10565088574,11,7.40368058891215,0.0370100653421,10.6723637547467
0.97289078257154,15.9483240017028,17,14.5689947175908,1.32241513942475,18.1944402168498
-0.87044005574216,7.09491020984277,7,4.0436967456194,-0.458445061292476,8.46405393597514
-0.644386509185308,7.87183748953934,7,4.89472190361076,-1.37362279871861,5.50418059605955
0.567174710703039,13.5413308473175,14,11.5036437484257,0.53508149739366,13.3653838491146
-0.00245149639930651,10.5501201717639,11,7.91640720666644,0.623927374058456,13.8893146060757
-0.0924685352079578,10.1298507552573,10,7.43147066542743,0.0254305365260404,10.6152731398918
-1.56188221332049,5.15869392579382,4,1.94437407503163,-1.80033778337284,4.50157239540555
1.47636013554551,18.9651365903648,20,18.6128095010725,1.77587192237749,20.6988949623018
-0.0398914178806309,10.3735143013898,10,7.71208875929381,-0.546562700551065,8.12021018545509
1.28797561469538,17.8618687531664,20,17.1107057895375,1.21605116977663,17.5444204445577
0.634765935294049,13.9303021009422,15,11.9883090064036,0.423362803676409,12.7233553903382
-0.253963543834321,9.41308374843537,11,6.61429696106159,-0.198672413778673,9.56236041655374
-1.48788205626736,5.33820613524437,3,2.13910888697446,-1.54144808447472,5.08638670630731
-0.0956810085834029,10.1151274361563,11,7.41456133876216,0.0201230338979866,10.58919348626
-2.06840555804366,4.07683017711231,1,0.757566764413019,-0.323525264531225,9.01840407035489
-0.253971882650973,9.41304796457632,10,6.61425646296682,-1.03055486378177,6.46682435155651
0.464938304606553,12.9651424473776,13,10.7934644948381,0.124027231657481,11.1097660186909
0.942942985968272,15.7662326126729,17,14.3317202283005,0.866689504353445,15.3682869942368
-0.227642970259901,9.52665942028834,9,6.74298179415238,-0.48063989931394,8.37611351942168
1.098468081812,16.7140266739226,17,15.5757646121429,1.08968533035877,16.7593185097202
-0.693369610086898,7.69666464295964,8,4.70206539909158,-1.12914624252827,6.17411865923221
-1.96093093240737,4.28649158350783,2,0.990265753314941,-2.13983604652639,3.83112243352913
1.97238531180748,21.4406907270832,23,22.0866989402428,1.85082466262706,21.0508745672533
-0.245242742383203,9.45057569924951,9,6.65674409358259,0.109078969007297,11.033579107498
-0.828674410532798,7.23251110527324,7,4.19381311218084,-1.03698023144371,6.44732975409591
-0.759828084945134,7.46511974009131,7,4.4481382505932,-0.773643580515907,7.29709968826322
0.402285100845587,12.619864171823,14,10.3723382704308,0.633808484461613,13.9482497169591
-0.374157752630056,8.9102813996587,8,6.04804274568294,-0.571564309477432,8.02520340975053
0.00562285267995025,10.5885443191412,11,7.96096543227787,-0.718310847558137,7.48958661314957
0.0786052416650585,10.9412625673178,12,8.37176478791242,0.272769513422993,11.8910864067604
-0.599508797111804,8.03575881494793,9,5.07546147808961,-0.640033786349489,7.77066734111716
0.389443421591697,12.5498650374227,14,10.2873675828151,0.685368486312887,14.2577621855971
0.585583716058891,13.6466662471464,14,11.6344774213703,0.172098676983762,11.3576904973031
-1.38779348518143,5.59069051448464,4,2.4125828522078,-0.722535226320416,7.47471216249277
1.43209706306538,18.711144516613,20,18.2647606686094,1.3667241160933,18.4606651715636
1.02636837362136,16.2741797158735,17,14.9956826316376,0.810254518428287,15.0195452726857
0.116263649078451,11.1270561448185,11,8.58945519945835,0.32272930606954,12.162748578563
-0.241279862619761,9.46765820033116,10,6.6760949030418,0.0535255765105217,10.7542450579979
0.185458703733352,11.4751049314244,12,8.99971966024589,0.727675868571617,14.5140563158071
0.992423744472484,16.0672609675793,17,14.724428247454,0.827724620264624,15.1272526227066
0.121181756768335,11.1515099444657,12,8.61817494383952,0.601003009790615,13.7530796931379
0.383767142228546,12.5190091549159,13,10.2499554869305,-0.101370202899595,10.0073721858199
-1.02824944172568,6.59801316271899,6,3.50333632637308,-0.64633873842117,7.74763949825779
-0.996886752116539,6.69393930350818,6,3.60746799221381,-1.0987734783195,6.26284324381102
-0.0018553314739887,10.5529531103027,11,7.91969111582824,0.39989164972771,12.5910451479354
0.981363841026478,15.99990237795,17,14.6363565893504,0.559069905987992,13.5057441738627
-0.0621166720376916,10.2698940163914,10,7.5925732060141,0.0824838798547984,10.8991032748088
-0.577344129890263,8.11794490747741,8,5.16625341834246,-0.0504524873852362,10.2476720478394
-0.888818978258224,7.03518385030582,7,3.97860898174382,-0.431796535283107,8.57084211935119
-0.828461728997086,7.23321852454089,6,4.19458548599733,-0.478021589140215,8.38644070867554
-1.37017858336485,5.63631510940695,5,2.46196661156206,-0.653311949936355,7.72225076972251
-0.508542355762896,8.37830791990297,9,5.45468029700701,-0.873329087908088,6.96284825078051
-1.05319772358626,6.52267941049506,5,3.421610460429,-1.07478630557353,6.33381876525155
1.12141612231536,16.8539290403904,18,15.7612408627501,0.921229053316661,15.7072167545
0.883491813023111,15.4060252964322,17,13.8648590748205,0.883971730289784,15.4755105336744
0.100274688991899,11.0478581106711,11,8.49654952769783,-0.587593276318692,7.96487733738745
-0.025784116491561,10.4397570587641,10,7.78863394547251,-0.0832627025059276,10.0922426265893
0.94369048085493,15.7707731150594,16,14.3376264748265,1.00622775121383,16.2377512594586
0.929777313111392,15.6863026632822,17,14.2278345169063,0.968529101215628,16.0022160752034
-0.0589519936502781,10.2845932277474,11,7.60951097725601,0.111260259491411,11.0446695494083
-0.055653544087021,10.2999333542973,11,7.62719299908033,0.0881226534380611,10.9275003851797
-0.266897687483139,9.35773139866277,11,6.55168688265355,0.167107709866307,11.3317438885615
1.19344881686524,17.2919559912032,17,16.3448915384944,1.40503817351796,18.6881575830627
2.2971176053004,22.5827207451488,24,23.7799738633554,1.88705314139503,21.2133514286388
-0.611060258822657,7.99324908028383,8,5.02854649044526,-0.350117571637095,8.90642417743318
-0.51635884414671,8.34832509951424,7,5.42140206179219,-0.185253371797763,9.62262790208986
0.14231555731339,11.2570877750381,12,8.74235272995938,0.0972907314754405,10.9738032907158
0.924810637841842,15.6561712499468,16,14.1887150227291,0.88134640180331,15.4592109357177
1.6083008711516,19.6965419543567,19,19.6226415417323,1.40073649032148,18.6627520556333
-0.316755113247912,9.14718469022948,9,6.31415660788782,-0.59281328551224,7.94532948990008
-1.09212365827188,6.4068356656213,6,3.29601695119443,-0.128975680752177,9.8792275740784
-0.757228071555975,7.47404775096194,7,4.45791466186538,0.203398931368677,11.5214920978259
-0.905919326483371,6.98006008488449,7,3.91857325016043,-0.389304978844214,8.74385418377457
0.719185639560952,14.4241354917384,14,12.6096777307228,0.562897125463669,13.5282153783886
0.520691784076327,13.2774675819389,14,11.1772679633406,0.0555859697422195,10.7644976308397
0.0160697687503922,10.6384362974564,11,8.0188784266575,0.628213632899081,13.9148640959646
-0.734157559881332,7.55373125915522,7,4.54522122492591,-0.306989641531755,9.0887169417173
0.150420505806983,11.2977907063817,11,8.79030559268546,0.733529105822868,14.5496677517611
-0.218172082888725,9.56783476037015,9,6.78970757935932,0.464046243598491,12.9548580401699
0.116983940950756,11.130634846991,12,8.59365721521001,0.817693501812404,15.0653790361649
0.978166256426087,15.9804348582978,16,14.6109239429044,1.21069855770782,17.5113851948384
-2.01692720384123,4.17600807209005,2,0.867868424398569,-2.19789121805948,3.72632069436938
0.190278364254735,11.4996665205878,12,9.02879429562883,-0.452629577728723,8.48724607885972
0.0930538251611823,11.0122428208431,12,8.45482377028406,0.227173123118345,11.6471453148002
0.164398370571004,11.3682640716212,12,8.87343613189673,0.271235944843941,11.8828193433173
-0.881626438964193,7.05849802297507,7,4.0040110337156,-1.13364969346998,6.16107104892837
-0.796343984722845,7.34083809171865,8,4.31216255465532,-0.349981544284675,8.90699355888977
0.676780522499227,14.1750282296449,15,12.2953959194281,1.11791337025225,16.9354248334351
-1.08323348453355,6.43311220286794,6,3.32449713841066,-0.660609340897613,7.69577126886069
0.864624200561961,15.2921504116871,14,13.7179699529709,0.599415335895268,13.7436705988673
0.484552849385925,13.0744892434155,14,10.9275259677958,0.608774097940152,13.7991830313908
-1.51636603424135,5.268402995728,4,2.06342359899955,-0.862197167965302,6.99939285323806
-0.785972549219916,7.37592772838236,6,4.35053225842142,-1.03839568656388,6.44304322286134
0.845834253525912,15.1789914596674,16,13.5723428210973,0.486813552086192,13.0855791006433
-0.0450239553853154,10.3495044304512,10,7.68437193002533,0.211828562807647,11.5659233821316
1.01485160068682,16.2039503417947,18,14.9034984060808,1.29729765292005,18.0422045066722
-0.462718196912375,8.55618630210078,8,5.65246161816515,-0.0690954594409061,10.1590956695903
0.731620749849915,14.4975624282249,16,12.7026405580236,0.817696062572468,15.0653948213556
0.177276082552646,11.433499880633,12,8.95050696865701,0.466771686110747,12.9704629394624
0.112192069040299,11.1068445147829,12,8.5657296013578,0.501570647906914,13.170744828029
0.22199675574243,11.6623334146948,13,9.22176146712574,0.541894590556112,13.40516249354
0.970360214724199,15.9329242308816,16,14.5488954687862,0.933155077104272,15.7815213610912
-1.0462225033641,6.54365558360697,6,3.44436213597471,-0.682738251973112,7.61603077549631
0.956061142589085,15.8459510703971,17,14.4354937926922,0.292582488407211,11.9982799357463
1.12213224096307,16.8582929744548,18,15.7670337637665,0.858098833835149,15.31505678765
1.16186063315836,17.1001399554931,18,16.0887645431914,1.03691011178105,16.4295579739344
-0.648916349107287,7.85547493514633,8,4.87670524195863,-0.636748686950384,7.78269287022838
-0.694810647466212,7.69156969840368,8,4.69646922577471,-0.677452777151977,7.63500083360901
0.0391135586191573,10.7491942790428,11,8.14767078456306,-0.593636484158743,7.94225116550423
0.633483066724878,13.9228639820067,15,11.979001501768,0.377636630511439,12.4664542016372
1.04482990860826,16.3867948337341,16,15.1437560926923,1.09015322364333,16.7622396446628
0.65578702019153,14.052476093447,14,12.1414079713878,0.712695107316368,14.4230782170737
0.477073596949747,13.032725049702,14,10.8762827345819,0.924588300452109,15.7281404705536
-1.19194297872585,6.11898246379284,6,2.98426525739556,-1.36545740253169,5.52534541953829
-0.200129673808627,9.64672690073201,10,6.87934372397631,-0.0119201548170093,10.4329180506721
-0.421256083277644,8.72025868254739,8,5.83544102236511,-0.391726717684902,8.73390267838662
-0.608411650626447,8.00297656460946,8,5.03927928805657,-1.35717959062628,5.54688357863135
-1.06653308880558,6.48276181314362,6,3.3783229127986,-1.27270076533655,5.77149460415615
0.0755519331645402,10.9263114132941,12,8.35428620395937,0.685416229468484,14.2580502712663
-0.0810362158337276,10.1824007635777,11,7.49186628681481,-0.228099390902101,9.43142984072042
-0.603254404249702,8.02195070288649,8,5.06021903146118,-0.204018059082427,9.53845018672685
-1.20020795052457,6.09572855876133,3,2.95909583464361,-1.66805033460193,4.79181057855046
-0.397638013287403,8.81506050301814,8,5.94141453849103,-0.251732438644981,9.3274995621628
1.12076269477907,16.8499470244162,17,15.7559553273293,0.666156931693149,14.1420565323423
-0.560293092039631,8.18172723590224,9,5.23679670609863,-0.429875953331416,8.57858933975688
0.16199443663171,11.3561190523811,12,8.85910036776123,-0.040432406812033,10.2955625338661
-0.186466549721244,9.70686486609912,10,6.94776884800282,-0.511959042412743,8.25355466381864
-0.388534433685299,8.8518634229387,7,5.98260408757489,-0.718859843329811,7.48765185867009
0.165578505783647,11.3742300654752,12,8.88047973128775,0.0321303762720912,10.6482733269373
1.41668991652935,18.6218744503257,19,18.1427490494321,1.35255366764733,18.3758689935346
-0.366914803335827,8.93985064767419,9,6.08119281388765,-0.0046330805571728,10.4682798566196
-0.438326129381491,8.65234767700038,10,5.75963915683092,-0.101540343518383,10.0065777958147
-0.117759102716221,10.0144522054476,10,7.29908040851198,0.164293602311239,11.3171351262849
-1.45676461498962,5.41548975227603,4,2.22285910550982,-1.03819605799892,6.44364759935042
-0.872710595954883,7.08750447471812,5,4.03562395662246,-0.88463866133674,6.92591808139847
-1.96767967038136,4.27303014769493,2,0.975377878019644,-2.02732495213144,4.04212499521876
-1.92256137931308,4.36379619145907,2,1.07563553115215,-2.46906096350947,3.27119453846001
0.371985311292834,12.4551315727843,12,10.1725894180483,0.331481864321054,12.2108045445419
-0.343069979619058,9.03785408888333,10,6.19119642616893,-0.364672396374057,8.84570380692018
-0.259063053441878,9.39122401478567,9,6.58956276647669,-0.904160259834938,6.86263796709189
1.41613144181662,18.6186307494071,19,18.1383187540455,1.52993460385615,19.4083640031195
-0.0425091424642851,10.3612626123731,10,7.69794369081165,-0.268763813715136,9.25327323125222
-0.0614707821239279,10.2728925340392,11,7.59602793548743,0.260701898187072,11.8261499907649
-0.00637319895230779,10.5315007294284,11,7.89482884306522,-0.0370915313004468,10.3115740825701
1.96698701286518,21.4183074579407,22,22.054384703369,1.7018191124866,20.3310438373343
0.196751282121341,11.5327181916275,12,9.06794467565082,-0.25634288054088,9.30735080580871
0.47980553008183,13.0479703653973,14,10.8949825624022,0.79161541210138,14.9049046036005
0.770643984697453,14.7290252364576,16,12.9966485954088,0.434654693254502,12.7873376014736
1.21670931700221,17.4328387885403,18,16.5335362033282,0.606033584719848,13.7829151575249
-1.7245260924874,4.78441082328169,3,1.53699261354505,-1.63225474836082,4.87338358491339
-0.634536934272654,7.90753130492522,9,4.93403939146111,-0.216059666125583,9.48479443872058
-0.459587318369078,8.56847155351102,8,5.66614409144568,0.0350871252785884,10.6628648596585
-0.489965400154964,8.4499847802595,8,5.53430405884802,-0.166854139598415,9.70583565520842
0.708204999904233,14.3594361656579,15,12.5278869830161,0.618058857784753,13.8543726412807
0.27197322453359,11.9222170280305,10,9.53154594484991,0.943170932005707,15.8439674949359
0.4931005176673,13.1223227563516,13,10.9862759631131,0.00144155598227586,10.4978379667959
0.766689012992779,14.7054976453194,16,12.9666969552676,0.455915836499643,12.9083773200573
-0.794304283271346,7.34772593898142,8,4.31969293698391,-1.19920755541324,5.97423133699794
-0.824600332743036,7.24607418175999,7,4.20862265570888,-0.577669436321351,8.0021727312931
-1.00259307676094,6.67638367321201,6,3.58840480847946,-1.14237027406667,6.13588393033251
0.293533716113624,12.0356697400837,13,9.66736223816526,-0.0770183593678785,10.1216599483956
0.465753712238668,12.9696764753767,13,10.7990166665521,0.614947266354972,13.835864228149
-1.82113379880497,4.57459836567515,2,1.3074489533556,-1.09470450327488,6.27482635622196
-0.404844507171471,8.78603025957523,8,5.90894378954929,-0.795302946643861,7.22312079500948
-0.901959155657314,6.99278766825457,6,3.93243193595307,-0.400629114470151,8.69741536103941
-1.11964570881069,6.32616007963273,5,3.20860171859441,-1.59945376063228,4.94930791644396
0.0352552800375601,10.7305821058387,11,8.12600598935402,0.528288843447046,13.3257932935301
-0.227449848310764,9.52749740352677,10,6.74393234952523,-0.929143408650026,6.78250616158824
-1.08843467289232,6.417726229067,4,3.30782030650773,-0.763519331583552,7.33194184441289
0.0347700669504209,10.7282433844767,11,8.12328432095121,-0.862274549753005,6.9991381506398
1.78938398389506,20.6210300645107,19,20.9169161977275,1.77636261796202,20.7012671441714
1.10546968703594,16.7567228325445,17,15.6323203615947,0.897645054004853,15.5604643855009
-1.1318497547053,6.29070831924036,5,3.17019980560062,-0.799588156986326,7.20857447712579
-1.33517066679213,5.72807278352189,5,2.56126622069433,-1.64711994759495,4.83934670452194
-1.72018924261768,4.79404272473457,3,1.54750663417371,-2.06975623401704,3.96130186232098
0.923013649192775,15.6452724935497,15,14.1745709690654,0.770053241880506,14.7726638787995
-1.60052817692735,5.06728278983203,4,1.84507446589936,-1.48384077462494,5.22617499447186
-0.957508978627619,6.81633912757068,6,3.74045662617976,-0.56323644189954,8.05672576637906
0.846363191491417,15.1821733369343,17,13.5764330298783,1.1130102255544,16.9048560225237
0.854721567740781,15.2324816410624,16,13.6411385049564,0.969447581624338,16.0079512764106
-0.605205150783066,8.01476850105648,8,5.0522920693483,-0.369770450030062,8.82453052752135
-0.308966038854801,9.1797834639649,9,6.35086938347775,-0.514908967499323,8.2421028913779
-0.137132988536638,9.92684469730057,9,7.198788967137,-0.0558793957643448,10.2218170420097
0.627525045326267,13.8883465085765,15,11.935829026508,0.568424178395739,13.5607040947135
1.78431127585801,20.5965812223137,22,20.8823893987339,2.90553792108955,23.8841922528055
0.184661880597448,11.4710481983852,13,8.99491908960513,0.58648120925292,13.6671471900685
1.31611610979298,18.0299056889666,19,17.3378458339507,1.71581562372697,20.402043033287
-0.535171985810521,8.27658657324181,9,5.34184683362595,-0.649060003430736,7.73772169570815
2.2039855973852,22.2956299808116,24,23.343906402857,2.19909167461988,22.3992089895545
1.41530643681568,18.6138380135727,20,18.1317731610857,0.921409120777097,15.7083382169558
0.83208354600167,15.0963480967988,15,13.4662014078856,0.595477718610114,13.7203497723758
0.314637255188763,12.1474875125848,13,9.80156762547177,0.767899905290848,14.7594808453738
-1.55273316362351,5.18056695530143,4,1.96811965393467,-0.617282063393336,7.85433713429879
-1.14932156142832,6.24029541005746,5,3.1156025968856,-1.36733193649137,5.52047951357684
-0.201491483838449,9.64075157414623,11,6.87254958933969,-0.251729991507743,9.32751026769612
-1.64687837506709,4.95971035578907,2,1.72807197514597,-1.3465362840427,5.57469839285807
-1.22094547116404,6.03776502956682,4,2.89636423354912,-0.920550222326514,6.80996093338758
0.013783493224371,10.6275005033535,11,8.00617906637447,0.0824852842045709,10.8991103394671
0.0450720459394514,10.7779912102216,11,8.18120838069272,0.338529715872413,12.2495998904396
-0.67641777858543,7.75684960243591,8,4.76820198830423,-0.243786306681669,9.36232289393562
1.08372899911653,16.624124110923,17,15.4568202010985,0.517197213010953,13.2612954700713
2.43992687284392,22.9646869528583,24,24.377375695316,2.35657580026186,22.8572666869357
-0.0896526764476708,10.1427719055661,10,7.44631462879722,0.041163356451346,10.6929048247522
-0.720358173314954,7.60179318597734,8,4.59792622176474,-1.00205916144798,6.55399925247524
-0.350924567039535,9.00545978409844,10,6.15481299598392,-0.0142170493376897,10.42179363592
-1.00234818691415,6.67713614445094,6,3.58922184150317,-0.665617101647356,7.6776528174733
-0.665523194804122,7.79577327367436,8,4.81100535707194,-2.13347142134665,3.84277788667483
-0.315623690035166,9.15191316873658,9,6.31948039001554,-0.546454990870408,8.12062190049197
-0.519624920606758,8.33582775207536,9,5.40753610572521,-1.21621887808565,5.92668186781393
-1.33335490093388,5.73287167231347,4,2.56645904027934,-0.943046367050357,6.73832371496656
0.281921094046029,11.9744641443783,11,9.59404802526288,-0.115347148598411,9.94230364418855
0.0208290893083641,10.6612319473772,11,8.04536007264006,0.646116981028715,14.0218382277325
-0.728871317218189,7.57210721053749,8,4.5653683408123,-0.994730690821299,6.5766097488009
0.887206806715253,15.4284745710914,17,13.893856899599,1.44231525193879,18.9067646810763
-0.632918390999382,7.91341189670881,9,4.94051901836056,-0.814977389014279,7.15657887615195
-0.46618912503138,8.54258653441578,9,5.63731857379246,0.372629146941601,12.4385380033512
1.898271200561,21.1236965772788,22,21.6311933434179,1.91412165735562,21.3314194337169
-1.00331453329219,6.67416734728787,6,3.58599835102491,-1.03820326892884,6.44362576722919
-0.600308348085085,8.03280933586684,9,5.07220534166842,-0.612122069940804,7.87343842417903
0.110097149547204,11.096456855519,12,8.55354015431696,0.227887834661142,11.65093919374
-0.688958072441272,7.71228277636194,8,4.71922252894198,-0.446471644149704,8.51187205968723
-0.50738190083551,8.38276812024369,9,5.4596321635046,-0.715317017281917,7.50014625582404
-0.662461596327775,7.80674612200557,7,4.82307631125144,0.166195657450325,11.3270075301443
-0.529149768427545,8.29948525565147,8,5.36723020853984,-0.893513456808568,6.89707720221652
2.15860535628546,22.1442104427914,23,23.1173036844442,2.36194075413117,22.8713485633203
1.90624751879225,21.1588091954512,23,21.6814348341593,2.08879512053116,22.0237133373802
0.8840117731838,15.4091668263174,17,13.8689162089966,0.859762867434705,15.3253638894034
0.549420598704407,13.4401868005073,13,11.3783074876898,0.682644235331854,14.2413282606007
-0.107677871105184,10.0603112360367,11,7.35165303783152,0.128902503085153,11.1347072745788
0.701333185412402,14.3190144086223,14,12.4768454501103,0.65053024334922,14.0482703516097
-0.668790633936732,7.78407940484561,8,4.79814335931563,-0.556673696611643,8.08165383502446
-0.417470476449931,8.73538816034717,9,5.85234112189557,-0.372320773382759,8.81395695904103
-1.26817544846684,5.90776875546635,5,2.75569860811463,-1.14320090345186,6.13349026538229
1.17297176930928,17.1676683095887,18,16.1788381889743,0.814630230751514,15.0464999585724
1.12706753150038,16.8883643304439,18,15.8069640604381,1.22619963973986,17.6069829996662
-1.23036390560844,6.01161903275034,5,2.86807010127606,-0.51173404348017,8.25442876961219
-1.03679694970072,6.57210662516221,6,3.47522667726376,-1.4583204891798,5.28929397671274
1.19315055473399,17.290147314827,17,16.3424725752653,1.09955218071879,16.8209053108388
0.951344539559952,15.8172801252917,15,14.3981527109358,1.24888219843669,17.7464500640347
1.10015257851523,16.7242995675664,18,15.5893682484379,1.21018498563525,17.5082141985228
0.470148587228945,12.9941314656238,14,10.8289730816449,0.481037499878606,13.0523373959771
-0.896862004839518,7.00920324841306,6,3.95030903971977,-0.631926079999225,7.80038049419965
0.783735922610609,14.8070136257144,16,13.0960383413558,0.213626991736449,11.5754199531206
0.00403830931266278,10.5809943825974,11,7.95220724590266,-0.434377997073334,8.56043985776395
0.689686871712836,14.250629480706,15,12.3905964395098,0.956576361162643,15.9276006954191
-1.05591557217386,6.51452421388536,6,3.41276585132215,-0.854908777026213,7.02342471529552
-1.14619731581059,6.24928068713305,5,3.12533277269092,-1.45124042093672,5.30693680882072
-0.0391102093521668,10.3771730154963,12,7.71631362135323,-0.273712087799239,9.23181286240654
-0.469305974745997,8.53039184413082,9,5.62374312468543,-0.598685231424251,7.92339762377172
0.300999155555524,12.0751389662089,12,9.71469448385303,-0.0527584945059348,10.2366786189321
0.887316973078387,15.429140427035,17,13.8947171898605,1.01242674887767,16.2765003212345
0.336871146368155,12.2661097296661,14,9.94431685120297,0.0280316210208102,10.6280743693457
0.125183942167892,11.1714418241252,10,8.64159563235271,0.185427305334108,11.4272149270643
-0.802991572974499,7.31843421554084,7,4.28767314206509,-0.387602139864568,8.75085816722207
0.590728017572976,13.6761840836353,15,11.6711960747021,0.816952268055614,15.0608100963997
-0.350763126419495,9.00612450166687,8,6.15555934406258,-0.727626869567026,7.45682358908123
-0.283716428937273,9.28620643065726,9,6.47088530933305,0.352641204314364,12.3275415386435
-1.33696412138456,5.7233367222107,5,2.55614134584986,-0.17704900916245,9.65964892360585
-0.131847691375568,9.95067622157463,10,7.22605252833981,-0.395125382367791,8.71995535479257
1.48350427123728,19.0057657175212,21,18.6686080460189,1.66781258153619,20.1557876169554
-0.180866740930646,9.7316107193507,10,6.97594932198896,-0.180089779116758,9.6459125005239
-1.26539076618063,5.91535642279801,5,2.76390845260344,-1.69601308507496,4.72900360649091
-0.238519280288097,9.47957486727873,10,6.6895978612466,-0.257577446892749,9.30196244460525
-0.13689100363788,9.92793469431574,10,7.20003563938255,-0.839230021156666,7.07540526488613
-0.119456276204498,10.006750184213,10,7.29025584439289,-0.66293381687042,7.68735580048949
-1.50043461919439,5.30733475077722,4,2.10564129732269,-1.10203677624637,6.25324946435571
-0.00671882029767396,10.529861142198,11,7.89292912156646,-0.213588927216597,9.49578063432636
-0.48000002225935,8.48867865029818,8,5.57732876318948,-0.030455405369256,10.3434437637882
-1.39927269787005,5.56115237168302,4,2.38060679904021,0.146161394437491,11.2233697553056
-2.28731541224769,3.67947771916287,1,0.310627543539804,-2.32458625613145,3.50681771874041
-1.87706428517879,4.45718241052479,3,1.17849596793837,-2.32455897952016,3.5068636539887
-0.679697722184656,7.74516863752743,7,4.75536143953017,-2.01064887331688,4.07431159054957
-0.942122679123592,6.86476548332758,7,3.79311210501103,-0.587784277238697,7.9641612317757
-0.406458458651664,8.77954120563976,10,5.90168805155499,-0.423603952255303,8.60393709804186
0.183885450777584,11.4670963765176,12,8.99024309238876,0.412522889844137,12.6621340753465
0.579743056122343,13.6131961321358,14,11.5928717299468,0.358003446024072,12.3572505185771
-1.98686879864894,4.23497373502178,2,0.933251848223771,-1.20597920795339,5.95525799027563
-0.189745815215665,9.69240018987096,9,6.93130318457441,0.573877759780021,13.5928035942815
0.718213850394195,14.4184042690211,14,12.6024278753205,0.559622196562162,13.5089856002394
-0.483016395377466,8.47694858131357,8,5.56428275614149,-0.692474695556536,7.58120992475137
0.252404498741521,11.8199392651886,13,9.40940969156748,0.290167625925731,11.9851765535795
1.29669589846212,17.9140352653762,18,17.1811563056234,1.11389935625878,16.9104000426728
0.178806955803052,11.4412746374498,11,8.95969983334999,0.362411499075817,12.381710592027
0.900685907413884,15.5099989658616,16,13.9992729742573,1.04178819322777,16.460052596204
0.367485360850937,12.4307941800256,13,10.1431427315879,0.571150468836056,13.5767456235825
1.91744704437293,21.2077076399116,22,21.7514863777549,2.08596789499395,22.0134687028191
-0.213546024196411,9.58800615467389,10,6.81261232957614,0.553028622917239,13.47031633014
0.700598166054762,14.3146939693411,14,12.4713925825571,0.301751480289285,12.048128586043
-0.0260595025897667,10.4384604493734,11,7.78713462134102,0.406777422983564,12.6297650229092
0.766542451206546,14.704626059601,15,12.9655876772267,0.294546475053617,12.0089446189367
-0.507317209808625,8.38301682735429,8,5.45990829766448,0.608423231890532,13.79709970312
-0.570234500759306,8.14448057504008,8,5.19559307022042,-0.729513687858937,7.45020556677532
-0.166654134202958,9.79467416006628,10,7.04783088069961,0.460530247604297,12.9347443576517
0.90327759113419,15.5256864668815,17,14.0195777421318,0.907282098549405,15.6203991535926
-1.71680809956944,4.8015649681776,3,1.55571647866251,-0.55289132941717,8.09605576898887
-0.724056018499818,7.58888444776312,7,4.58376703551949,-0.894305105507457,6.89451044957022
0.649850307191954,14.0179165960837,15,12.0980587316641,0.342479634286384,12.271380964806
-0.785891303591152,7.37620326012063,7,4.35083361243284,-0.956867350704555,6.69469009064316
2.61346645388354,23.3442781429093,25,25,2.46694159298188,23.1282416715756
0.714359023945369,14.3956801767081,16,12.5736913203065,0.28411599076939,11.9523861839139
-1.3248535264653,5.75539238197495,4,2.59082792845202,-2.53072679834231,3.17516398094509
0.335982003043541,12.2613500301707,14,9.93858156902232,0.36671470445678,12.4056215684511
0.247819589150233,11.7960719109836,12,9.38094933442007,-0.246905379652008,9.34863917500305
0.406181000016405,12.6411530129393,14,10.3982074707975,0.554877631753425,13.4811538389169
0.484990043985323,13.0769331564855,13,10.930526075676,0.665487957793914,14.138035449261
1.8829770935607,21.0557057941862,21,21.53404719377,1.40492564188376,18.687493431781
-0.396251059466747,8.82065810521267,8,5.94767753006573,-0.877390019499785,6.94956485813226
0.217637845866452,11.6398736317762,12,9.19507543863731,0.0896424300569557,10.9351646354972
1.25042367334704,17.6363528300669,19,16.8068214989066,1.09014941969837,16.7622158962525
-0.0426830250917438,10.3604492383536,9,7.69700475080603,-0.309450588739796,9.07821928579432
-0.342534631843978,9.04006599469427,8,6.19368152914604,-0.543706103131219,8.13113642728917
0.72941924385562,14.4845509421537,15,12.686156497519,0.712931836772033,14.4245139886337
1.81480066180095,20.7421775353117,22,21.0882760924552,1.48438121913695,19.149862175619
1.11256414028246,16.7999759867387,18,15.6896577787332,1.47197260018981,19.0785720030428
0.731047683844843,14.4941749622709,15,12.6983485816069,1.05200919834021,16.5239425426447
0.22498040119125,11.6777262495692,13,9.24005866893527,0.00458974661141523,10.5131850679797
1.31320520713428,18.0125657200956,20,17.3143791726867,1.47454987419836,19.0934085645527
-0.944963774602106,6.85579791122725,6,3.78335960943077,-0.98606161725352,6.60345807722413
0.645987520367277,13.995453393692,15,12.0699000587207,0.685362014362483,14.2577231335824
-1.49858127045247,5.31188188643621,4,2.11057134258101,-1.34483647338564,5.57915335442776
0.795505650425545,14.8772612807674,15,13.1857037607462,0.799648813028964,14.9542784880876
-0.50975177640568,8.37366196439095,9,5.44952259751704,-0.48091588457232,8.37502570504127
1.39524623754556,18.4969465376747,20,17.9722776295147,1.31416175408579,18.1445155471427
-0.691787798722506,7.7022611343744,7,4.70821292600368,0.175933747406002,11.3776602200378
-1.32190961727577,5.76321117592645,4,2.59928820449299,-0.970022555839294,6.6534235666744
-1.53090965686884,5.23310456747941,4,2.02513355902584,-1.69357715813119,4.734443310554
0.89230751469578,15.4593116763418,17,13.933710796098,1.32113146571052,18.186681820611
0.556601283885795,13.4810415868123,14,11.4288997627,0.487337330084695,13.0885960875538
0.385495576578972,12.5283992638952,14,10.2613379892437,0.686292709696667,14.2633394877501
-0.577197609421251,8.11849092229379,8,5.16685700392874,-0.124606390666961,9.8994098611746
0.039704715126205,10.7520483966182,11,8.15099380222436,-0.5262019153826,8.19840859008874
1.00255013386718,16.1289632222591,17,14.8052038289949,0.225260625242159,11.6369979709751
1.00283327317922,16.1306888109589,17,14.8074641939973,1.16280350035691,17.2147628916334
0.538578504772322,13.3786384975587,15,11.3021775670223,0.53793852934451,13.3820564228111
0.712905608604772,14.387116552703,16,12.5628655598503,1.43696392101803,18.8755589331506
0.565339764291875,13.5308569064093,14,11.4906513312361,1.10376369119221,16.847183363004
-0.0255919487252192,10.4406619310156,11,7.78968031252652,0.168649295640057,11.3397530751927
-0.288851921555844,9.26446833139745,9,6.44635038802135,-0.544253071718865,8.12904318669544
-0.58665239705557,8.0833305884833,7,5.12800016210502,-0.517065801129591,8.23373992120528
-0.378075994598724,8.89432390002354,10,6.03016041040918,-1.20450592673237,5.9593808172553
1.09339654780191,16.6830954029053,18,15.5348197143444,1.1598659447693,17.1965173377681
0.84684881411554,15.185094832125,16,13.5801887616094,1.52634296307877,19.3881731162745
0.240606291789479,11.7585962852263,13,9.33629329728951,0.415486580422739,12.6788527576698
-0.415542671225,8.74310242097276,9,5.86095997876999,0.171645596482556,11.3553330993365
0.552355468308688,13.4568760866426,14,11.3989689303754,0.424181548352012,12.7279874470974
1.82173956409454,20.7748553988958,22,21.1345786240006,1.47562952895282,19.0996192232104
0.24381235345537,11.77524170157,12,9.35612328585155,-0.251344591456025,9.32919642891151
-0.859667008589707,7.13015286742218,7,4.08212277129751,-1.08056663452987,6.31664175701669
-0.568431523223304,8.15122335778675,8,5.20305034760792,-0.0513907845133128,10.2431976383318
-1.14831484176047,6.24318932521631,5,3.11873638340632,-1.27898676099369,5.75447543144625
-0.129442796228743,9.96153689832309,11,7.23848181215634,0.163565619086285,11.3133584412425
1.0185863248158,16.2267223068322,17,14.9333759227023,0.719289216566615,14.4630944969762
2.49466151793872,23.0937903944471,24,24.5852108077876,3.24455297480048,24.226758186941
-0.0558254783370059,10.299133244586,11,7.6262705961107,0.227614111560123,11.6494860857638
-0.989410191448642,6.7170103398986,7,3.63252434488018,-0.737220964787027,7.42323376330911
0.928194672571502,15.6766998957901,17,14.2153647452918,0.238722588535492,11.7085698822613
1.60856145145477,19.6979431267531,21,19.6245872714396,1.6295422434698,19.9540515008869
1.4455901288577,18.7889701861265,20,18.3712646142453,1.62938966702402,19.9532379675219
-0.928550152527354,6.90776620689264,6,3.83988812363342,-0.994497853178963,6.57732941059141
1.23790407250849,17.5608835265127,19,16.705372676004,1.72564524943628,20.4515015988754
0.0619667185711286,10.8599943186024,12,8.27682877785641,0.216021168734854,11.5880718034839
-0.337085033169554,9.06261124433973,10,6.21901736514392,-0.0983904332492083,10.0212940390348
0.235159239622742,11.7303571386528,13,9.30266874734331,0.512013219212496,13.2312145208262
0.338083101154523,12.2725996112654,12,9.95213795624314,0.429515438876777,12.7581912865783
-0.625090285721161,7.94191400196115,7,4.97193273278931,-0.409027067601967,8.66313188247617
-0.828372031937171,7.23351689457133,8,4.19491125399472,-0.574459908785103,8.01427195401347
-1.33517066679213,5.72807278352189,5,2.56126622069433,-2.36928639661222,3.4322864340408
0.470573168875753,12.9964955866183,13,10.8318699243312,1.10219858278051,16.8374184364406
-0.909596975904821,6.96826105867151,6,3.90572724225107,-0.803801736152916,7.19430019477162
-0.44108526338146,8.64141847699308,9,5.74744868233104,-0.0584562501679702,10.2095606642087
0.467647309197425,12.9802096454562,15,10.811917342242,0.540954160544131,13.3996676504663
1.11843341886953,16.8357514536326,17,15.737115833408,1.35292132972384,18.3780733341964
-1.22674504663956,6.02165194017219,5,2.8789271351418,-1.09855461129554,6.26348722058137
-0.973069377649369,6.76770917549924,6,3.6876029194203,-1.19557494630056,5.98443433292485
-1.09413735223975,6.40089858303425,5,3.28958256446654,-1.69584994173649,4.72936773662403
-1.15673872336669,6.21901481681232,6,3.09255924568918,-0.546793996705807,8.11932613734525
-0.328673146050783,9.09751556990339,9,6.25826358140807,0.147724349619191,11.2314272796608
0.261028305824801,11.8649306264803,12,9.46310143544713,0.418153729207724,12.6939111955163
0.334288251023471,12.2522868186738,13,9.92766242855876,0.216527437838966,11.5907485254645
0.12151407416321,11.1531638673408,12,8.62011796347642,0.414740647741982,12.6746434356296
-0.073942551589618,10.2151283061511,10,7.52951434508842,0.213479106983481,11.5746388207061
-0.170373150087673,9.77813667528289,10,7.02897188996303,-0.370389702765565,8.82196199228598
-0.268066277946042,9.35274524370301,10,6.54605032999012,-0.22034667915223,9.46576039181183
-1.04676028563949,6.54203596942606,6,3.44260531488468,0.203873348181831,11.5239891156708
-0.0691884373558279,10.2371137576721,10,7.55482011966455,0.303812256619541,12.0593532747222
0.337015296572868,12.2668815090446,12,9.94524687916316,0.617542547267366,13.8513006283606
1.40644406102605,18.5622798505495,20,18.0613885209021,1.77585951586172,20.6988349737887
-0.746926227881939,7.50952634139688,8,4.49677597780554,-0.412478993794026,8.64907818209531
-0.0193440508551566,10.4701187190492,11,7.82375453517827,-0.372585206950232,8.81286132873299
0.357199413833134,12.3752891955785,12,10.0760467681324,0.295445424590332,12.0138283598472
-0.744459729368891,7.51804537455085,7,4.50610997255341,-1.11349060726471,6.21969299675689
-0.654185528671116,7.83648375506297,8,4.85579972965605,-0.718857571788693,7.48765986292868
0.831266504985992,15.0914422379103,16,13.4599063742683,0.849847657267129,15.2639757819996
0.165216201423021,11.3723982261243,12,8.87831691517956,-0.171023209555551,9.68692351156833
0.124196135668175,11.1665196154235,11,8.63581087830406,0.256424164914693,11.8031957552038
-0.504339366668462,8.39447298995771,9,5.47262909502329,-0.699721649917451,7.55539647978458
-1.07855717293244,6.44697664757875,5,3.3395261011158,-1.03888848993247,6.44155150271388
0.766679799103393,14.7054428507883,15,12.9666272169761,0.979091899461341,16.0681844801879
0.323821819304611,12.196388086053,12,9.86036717255362,0.052678572103047,10.7500327500847
-0.502343306511833,8.40216057807888,9,5.48116670032129,-0.612520480647739,7.8719619284904
0.685353900908143,14.2252267362759,15,12.358590575086,1.06223687443462,16.5878632310022
-1.61786294907585,5.02679028105992,4,1.80105226690438,-0.214134228262923,9.49335491687785
-0.595066545144273,8.05216521002391,9,5.09357639616281,-0.395303846389288,8.71922358033075
0.937872131462577,15.7354374211451,17,14.2916760297824,1.47157293194044,19.0762698629847
0.454121690630199,12.905094066905,14,10.7199860704941,0.072050267454298,10.8467225251856
-0.6644360389107,7.79966793236977,7,4.81528955084028,-0.663387335960911,7.68571497175376
0.523234092379602,13.2918191751848,14,11.1949695902271,0.52236809404744,13.2913410203694
-0.848338758721956,7.16739886298964,6,4.12274945051634,-0.39172748127996,8.73389954233173
0.0513834106756106,10.8085642807631,12,8.21683797921139,0.803448903303978,14.977653239757
-0.169705034869348,9.78110574459701,8,7.03235727619022,0.176095508909081,11.3785031499485
-0.369897291702661,8.92766343315931,7,6.06752751124774,-0.256339001937761,9.30736773892987
0.440081454541432,12.827420122263,14,10.6250894849922,0.420105697585209,12.7049393489281
2.31845438866915,22.6441479052281,24,23.8745590310189,2.47671254771667,23.150405483653
-0.733280778722058,7.55677606539415,7,4.54855915891681,-0.700546105507309,7.55246540891345
-0.822318793369985,7.25368068568657,7,4.21692924532216,-0.519658916880308,8.22369644552977
1.06132705144669,16.4874476112571,17,15.2763624135117,1.309070198556,18.1136678725679
-0.36780154918928,8.9362255308338,9,6.0771277099277,0.43259726652512,12.7756640479232
0.871694689935305,15.3347960774332,16,13.772939407685,1.04271289354019,16.4658330829552
-0.916482514231021,6.94622327013541,7,3.88173801926942,-1.24838309458209,5.83780658937183
-0.309309938783769,9.17834188299789,10,6.34924538340423,-0.148171832350908,9.79100314865861
-0.0157926793127124,10.4868942022847,10,7.84316941624464,-0.531442715005901,8.17820929508732
-0.720454082845906,7.60145810386754,6,4.59755864917421,-0.650940579519615,7.73087528527259
-1.02343217072778,6.61265830095729,6,3.51922926213421,-1.69403766641066,4.73341448228335
-1.78404135173335,4.65409158682324,3,1.39454092489872,-2.78118009574884,2.81132183646145
1.26374957804062,17.7165338177434,19,16.9147399775724,1.62885448791306,19.9503838371247
0.636078104612278,13.9379122563011,15,11.9978333738096,0.763860950338699,14.7347655749996
-0.188152712471597,9.6994248355648,9,6.9392989805558,-1.06969450804889,6.34898863571228
-0.0855445791637919,10.1616488757958,11,7.46800807316025,0.224679771758802,11.6339174310421
0.845203400300566,15.1751967774427,16,13.5674652207515,0.4604997543969,12.934570004657
1.08755803048724,16.6474821335597,17,15.4877052304753,1.35727156611274,18.4041384557612
2.31679732311579,22.6394339278839,23,23.8672825580387,1.81135879915299,20.8681642228721
0.455217172507388,12.9111674131805,13,10.7274131634262,0.101083886276591,10.9930081976218
0.325061067305936,12.2029970025836,14,9.86831900080456,0.714999838755395,14.4370590867376
-0.508048303698967,8.38020652471623,8,5.45678814694769,-0.0346515651883281,10.3232818152713
-0.0613269253951449,10.2735604873898,10,7.59679754554259,-0.150236613082719,9.78155668721169
0.479145621882576,13.0442867683781,14,10.8904636854229,0.158802595017603,11.2886734924744
0.61550724079213,13.8188602982334,14,11.8490200556769,0.478118322920692,13.0355573079245
-0.794791167593391,7.34608120362863,8,4.31789471367659,-0.809991311546006,7.17338367090083
1.72701145483458,20.3143451654665,22,20.4850792254473,1.56275509509526,19.5912761679577
1.40652345072962,18.5627423034227,20,18.0620195945446,1.39979168446433,18.6571673187727
-0.490294069680908,8.44871151638556,8,5.5328887727934,-0.185300941078099,9.62241363690866
1.03023415267546,16.2977577575616,18,15.0266587989683,0.634205964236599,13.9506230967882
0.433450461194317,12.7908429546888,12,10.5804604110444,0.18087895242905,11.403451925092
0.411209417036306,12.6686664014464,11,10.4316591552808,0.91103984144126,15.6437816754288
-0.406131496351046,8.78085542117768,7,5.90315747254996,-0.44919187087673,8.50098504305586
0.588019429451807,13.6606378448742,15,11.6518543347667,0.654076024583081,14.0695245381401
-0.35831038674762,8.97509883242468,9,6.12073357367938,-0.683642319302449,7.61279074981122
-0.644176519290231,7.8725968193799,8,4.89555810188544,-0.174522770074595,9.67107477816081
-2.10536813800236,4.00700149060609,1,0.679638209775137,-1.49779473834389,5.19197477332588
0.78831182768179,14.8343099221825,15,13.1308640385336,0.466197818157256,12.9671761881288
-0.800896100016983,7.32548912326612,7,4.29538405219572,-1.68161542180828,4.76124260461328
1.30398172716078,17.9575566654961,19,17.2399760759928,1.85381092243053,21.0644585482734
-0.811169300442833,7.29096620192441,8,4.25765731810716,-1.23900929648065,5.86357000833276
0.547573231962817,13.4296878927061,14,11.3653137601011,0.314678592859115,12.1186670212257
1.00928570981309,16.1700179537188,18,14.8590018849601,0.567813716474176,13.5571135783025
1.02544849010161,16.2685694925969,16,14.9883140917457,0.943870381496124,15.8483297226639
1.78174767960729,20.5841916605321,21,20.8648997219833,2.53999733572788,23.2872084502075
0.860769037926727,15.2689126439538,17,13.6880370760296,1.16810232598339,17.247660761235
1.84189493329285,20.8687976507332,21,21.2678876867695,1.60131419969757,19.8023290444383
0.365132802367615,12.4180839270608,14,10.1277706774299,0.656869691697826,14.0862813731508
0.269687726217524,11.9102374787836,13,9.51722561789976,0.241933368443418,11.7256902660776
-0.349229135758854,9.01244288502156,10,6.16265412460093,-0.333367959309948,8.9767993518126
2.49466151793872,23.0937903944471,24,24.5852108077876,1.99507650406495,21.6673054708119
-0.741466702141432,7.52839579671668,8,4.51745197594136,-0.289721241172944,9.16270606476115
-1.10289836761804,6.3751312611944,6,3.26165940577095,-1.21485640207981,5.9304762596609
0.394043964868482,12.5749116514152,12,10.3177555442708,0.0798582981520867,10.8859018617148
-0.26968969920411,9.34582250325832,10,6.53822550570651,-0.161918584564836,9.72826888592497
-0.351929808185936,9.00132183418934,9,6.15016709722903,0.166400624481463,11.3280718012521
0.726603514450814,14.4679167264304,16,12.6650895960237,0.496878766192342,13.1436303965512
-1.27814848501101,5.88067268973487,4,2.72638097743244,-1.58115886670842,4.99215085368247
1.82632291358622,20.7963459916519,21,21.1650486782395,1.32816992432953,18.2291914467449
-1.16072312428183,6.20761274929724,6,3.08021350927973,-0.748682860762782,7.38330475086545
-0.557419251481511,8.19252529127019,9,5.24874656890168,-0.38407983493333,8.76536316754677
1.18562165631571,17.2444748763191,17,16.2814136636575,1.25003126200553,17.7535010157741
-1.09404518324674,6.40117021101015,5,3.2898769398815,-0.512061312907205,8.25315738013952
-0.825109966948947,7.24437617361471,7,4.2067684685823,-0.31665886059461,9.04753782348263
-0.00396599065920283,10.5429263199905,10,7.90806909486401,0.0737794706343461,10.8553891144697
-0.512645317557556,8.36255662597345,8,5.43719567134477,-0.839395695782044,7.0748539662329
0.771441907412758,14.7337737955442,13,13.0026955354992,1.15477714303517,17.1648975959094
0.909950758792539,15.5660969984896,17,14.0719116528294,0.84009874780277,15.2036828822181
-0.433604799921778,8.67108005996224,9,5.78053888372828,-1.05264381550987,6.40005411267657
1.49436788627133,19.0673421079379,20,18.7532402167434,1.27866701898342,17.9287340859833
0.263874973828367,11.8798103276369,12,9.48087073425741,0.0696057456537553,10.8344807873051
0.486464878854,13.0851795925474,14,10.9406504987345,0.426495381077614,12.7410840145065
-0.679032160139555,7.74753752437181,8,4.75796531386128,-0.314759879445505,9.05561102873312
0.263225293582349,11.8764131746899,12,9.47681332988997,0.466200503154242,12.9671915648574
-1.81040659971751,4.59745342645892,3,1.33250530602196,-1.45779614496899,5.29059861892608
0.390414382878469,12.5551483603912,13,10.2937761546203,0.535879816172119,13.3700413191388
0.680115610416159,14.1945454906609,15,12.3199578456988,0.856914405078904,15.307721487564
-0.699549542480025,7.67483822371797,7,4.67809458101549,-0.111136884798206,9.96186368497865
1.03804522903818,16.3454043490729,16,15.089297189096,0.5352291594188,13.3662452523983
-1.11508088098835,6.33947119356392,5,3.22302226833337,-1.76170201113054,4.58455220278193
1.65656024734877,19.9527813198789,21,19.9792187804086,1.74785085651534,20.561985891622
-0.248716298831778,9.43562589014071,8,6.63981460317243,-0.208714015238933,9.51749197896966
-0.790525008564788,7.36050503182223,6,4.3336658340417,-1.33307725558135,5.61006911386407
0.79359203292733,14.8658312948279,16,13.1711052541086,0.778828752121781,14.8264333037321
-0.705375311357611,7.65431846710846,8,4.65556551462906,-0.434381096039131,8.56042737761285
1.26934832124242,17.7501724766764,19,16.9600569713246,1.22013597940345,17.5696136886204
1.2294258949243,17.5097044701211,18,16.6366468251457,1.20102008191093,17.4515884031725
0.150086542979372,11.296111220674,12,8.78832608628257,0.0985801019806041,10.9803282944124
-0.205414846514955,9.62355560082072,10,6.85300185656209,0.128900106624639,11.1346950033259
0.735877556057334,14.5227357689526,15,12.7345454269221,1.3528305454531,18.3775290522038
-0.850651443356423,7.15977939639937,8,4.11443700817134,-0.908134342191172,6.84982761645785
0.399112636949258,12.6025465211953,12,10.3513039858538,0.0720475433655092,10.8467088769343
-1.57893768392402,5.1181569741062,4,1.90035187603665,-1.18887227661165,6.00330599948153
-0.647087271457392,7.86207785425334,8,4.88397512704499,-1.14242909868949,6.13571438176318
0.487242006202915,13.0895261635921,14,10.945987693404,0.294959702728939,12.0111893869058
0.538074390966863,13.3757808222586,14,11.2986454417807,0.815023775241513,15.048924973178
-0.243048774673199,9.46002956138815,8,6.66745247186312,-0.442852981939991,8.52637607826345
0.262909147688471,11.8747603243646,12,9.47483935510525,0.77330043654365,14.7925518516905
1.67763529600893,20.0625496213174,21,20.132446647393,2.10784474572588,22.0919248925609
0.0662736099752117,10.8809822977538,10,8.30133004731581,0.0303899564789194,10.639692387499
0.4352669756243,12.8008561499756,12,10.5926741461027,0.733156037552361,14.5473969159713
-0.892642676643994,7.02282065247443,7,3.96514114034091,0.00187012057640197,10.4999260282123
-0.70976825560831,7.63888121348885,7,4.63862089211253,-0.804001646243189,7.19362367280548
0.929551501540034,15.6849324623006,17,14.2260550833903,1.31261334593507,18.1351382669375
1.49595819698706,19.0763350332019,20,18.7656069345412,1.29654931749404,18.0376554807469
-0.780524522140453,7.3944264095628,7,4.3707669156481,-1.45615291242711,5.29468925425682
1.26753003956917,17.7392510325469,19,16.945341246493,1.43727974540276,18.8774023215916
0.531271405634173,13.3372523029733,14,11.2510459556988,0.637015995313709,13.967407776979
0.468690244751536,12.9860133394883,14,10.8190268383235,0.397659383093669,12.5785099954739
-1.25826707532084,5.93481056722716,4,2.78495801989792,-0.808196330921083,7.17944313668294
0.285410039850461,11.9928287183825,13,9.6160349516019,0.355556983824107,12.3436898813012
0.907637930640051,15.5520884069682,18,14.0537649405279,0.994973439267634,16.1674120488234
-1.14238426686552,6.26026425789946,6,3.1372274143709,-1.98510534548956,4.12408117600652
0.605698233136198,13.7622841241027,13,11.7784387366573,0.817699418176511,15.065415506179
-0.144463907778614,9.89387415820757,10,7.16109274214793,0.100885874640928,10.9920049649464
0.893093520208419,15.4640650218197,16,13.9398562314469,0.795655635746469,14.929729200026
-0.424177006884688,8.70860210179618,9,5.82242341619466,-0.106477261303809,9.98355206685122
-0.588373950483357,8.07694451291636,8,5.12094503074381,-0.643676926663178,7.75735297447103
-0.0481211655368385,10.3350391705314,10,7.66768029529573,-0.256507557338517,9.30663189032782
-0.16206138589732,9.81513180453,11,7.07116929722047,0.0409077954990729,10.6916399122265
-1.0708077790739,6.47001734792189,5,3.36450488681056,-0.650484658532419,7.73253454844727
0.307123068603636,12.1075865435537,11,9.75363835349489,0.484363774712112,13.0714739897059
0.0158215532407031,10.6372485610371,11,8.0174990012006,0.161951109142591,11.3049861842821
0.0556152921302409,10.8291047789279,12,8.24078930177393,0.0118407565776411,10.5486071279654
0.207794789347799,11.5892792800716,12,9.13501086075879,0.408979450895862,12.6421643235518
-0.924660748304576,6.92013782848238,7,3.85334950058046,-0.443085274446848,8.52544429399884
0.608379378085666,13.7777358600263,14,11.7977066302066,0.932862690043689,15.7796989713884
0.763903450636042,14.6889358067046,16,12.9456220202503,1.29146838817241,18.0067495512558
1.1566973015325,17.0687409163646,16,16.0469179750668,0.828059934741269,15.1293222315562
0.665364040844899,14.1083175080547,15,12.2115217601244,0.722100285791626,14.4801677124945
0.141530913207925,11.2531535685681,12,8.73772010939059,0.314577056571228,12.1181118031435
-0.7556975365671,7.47930828254405,7,4.46367561849867,-0.976023394429779,6.6346849819707
0.547785710968876,13.4308952023129,14,11.3668078018827,0.760328057016001,14.7131597423502
0.280764274978508,11.9683796745031,12,9.58676545523468,0.0436522618932587,10.705230487211
-0.710757004230923,7.63541088172146,6,4.63481220119149,-0.260367502319258,9.28979590960447
1.02816132646066,16.285114990542,16,15.0100473884444,1.18807742809564,17.371504393319
-0.560641809294024,8.18041792242787,7,5.2353478733618,-0.325215314184073,9.01124712405505
-1.38471029705731,5.59865019079225,5,2.42119888612081,-1.13693070848892,6.15158255318133
0.282504296915255,11.9775324625081,13,9.5977209149208,0.520441526359223,13.2801419099142
-1.03590508032669,6.57480506782842,6,3.47815435174456,-0.770881324029195,7.30658924283998
-1.0284618972532,6.59736801000535,7,3.50263624487964,-0.134334235289474,9.85452704211927
0.721505231053655,14.4378196469506,16,12.6269914888852,0.589399067737996,13.6843902647803
-0.943678774211362,6.85985241949502,6,3.78776890402554,-0.893095532982799,6.89843262118609
-0.18386727891994,9.71834406305968,11,6.96083952220255,0.137139051679522,11.1769485649165
-0.349684999196009,9.01056478355695,10,6.16054515500519,-0.399812703417803,8.7007552995191
1.59023095688174,19.598929501519,19,19.4872011150517,1.34715743313654,18.3434900819881
0.850911113085888,15.2095404460653,15,13.6116237146,0.257613638337938,11.8095750531778
0.454798945412127,12.9088485450352,13,10.7245772988024,-0.0457878455071921,10.2699418513702
-1.65652887552045,4.93759146342097,3,1.70399199485738,-2.36328416333671,3.44220813318488
0.351143316755269,12.3426911229061,13,10.0366811486534,0.229975717006281,11.6620277027503
1.43341591709115,18.7187662589635,19,18.2751854543936,1.36593102640591,18.4559283141583
-1.81183725510556,4.59439901488961,3,1.32915750107351,-1.10391478968544,6.24773498185532
-0.82372426273188,7.24899400791556,6,4.21181112782806,-0.330358330942249,8.98950129844513
-0.4613294450673,8.56163353225833,8,5.65852800554525,-0.943060892395006,6.73827770708921
-0.479007733777512,8.49254088117417,8,5.58162485970604,-0.685516146691594,7.60607968546687
0.450253365706757,12.8836629656748,14,10.6937862184682,0.679416663846951,14.2218693257696
-1.13270183202341,6.28824044582066,5,3.16752680820476,-1.95025606160975,4.19290661254132
1.84688571817741,20.891832970848,21,21.300622211611,2.07046572021909,21.9567373630905
0.608019138995953,13.7756592128875,15,11.795116721286,0.798360334735,14.9463556876375
-0.124834925627642,9.98237599152865,11,7.26233865942222,0.150065345739277,11.2435046257169
1.00749064201981,16.1590756787211,17,14.8446590515153,0.905076452447005,15.6066777063917
-1.50112359052105,5.30564534390214,4,2.10380958154189,-1.43524394156382,5.34701106671813
0.159565319877086,11.343857306985,12,8.84463082690969,-0.0166573724521624,10.4099859438486
0.778833938376253,14.7777937122073,16,13.0587807126603,0.514002343461371,13.242751886037
0.0203610436109007,10.6589883170667,10,8.0427530624539,-0.188195270233329,9.60938511447715
1.23884847321606,17.5665809563349,18,16.71302703552,1.68127762641602,20.225641496585
0.538240803098321,13.3767241242951,13,11.299811350595,0.948842736834136,15.8793454020854
0.357338451223568,12.3760383037127,12,10.0769517417593,0.114021329941377,11.0587210133149
1.2117261854698,17.4026868743645,19,16.4931250013952,1.54632969111766,19.5000990781565
0.788574142786799,14.83587527283,14,13.1328617843843,0.74325905736764,14.6089437542396
0.479559934802893,13.0465993793926,12,10.8933006519422,0.180211178872149,11.3999664348969
0.0440437263896763,10.7730167870648,12,8.1754135174022,0.284828138303156,11.956241439746
-0.881591301861463,7.0586121054434,7,4.00413534818579,-0.57711723621668,8.00425310576053
0.340712375810825,12.2866875242136,12,9.96911963433892,0.853439422908448,15.2862059032627
0.568041294371535,13.546278958898,15,11.5097827066318,0.568384590661031,13.5604712378611
1.15117536068371,17.035148978636,18,16.0021738960397,1.30226593723681,18.0723868628356
-0.93785073012834,6.87827125853162,7,3.80780157639928,-0.907344144986407,6.85237286879398
-0.678655892548979,7.74887706168415,6,4.75943776917122,-1.58243438073156,4.98915224393337
-0.656232105966666,7.82911963989438,8,4.84769488779617,-0.377379540646848,8.79301983458966
0.277001189678963,11.9486030615375,12,9.56310162220505,0.0142959090881319,10.560624267776
0.558188304494635,13.4900807711366,14,11.4400996798348,0.440365060530339,12.8197740081893
0.451873502936771,12.8926359454029,14,10.7047542632426,-0.122144395007839,9.91079867353442
0.662169780223325,14.0896801682236,14,12.1881113563137,0.781451917190825,14.8425196711754
-1.56000601372829,5.16317213960222,4,1.94923611457199,-1.27884378950087,5.75486196851592
0.834006152619998,15.1078943269139,15,13.4810196725303,0.754496672596451,14.6775235559105
0.00832782452102106,10.6014434368292,10,7.97593221675456,-0.262586605173349,9.2801298814897
0.708264569681167,14.3597868002582,16,12.5283299341604,1.38567142346221,18.5735021476088
1.69139210262013,20.1334724178369,21,20.2316074696475,2.11738049372862,22.1255377701326
-0.7050887369369,7.65532658605096,7,4.65667219812417,-0.180376165870594,9.64461970594253
1.09175886323129,16.6731064176058,17,15.5216017673331,1.50345845557069,19.2587483907169
0.631606478056152,13.911987203603,15,11.9653938813869,0.294546984579909,12.0089473866347
1.47305541922287,18.9463068289549,19,18.5869610182971,1.88641801016264,21.2105467638868
1.15518035756276,17.0595140234859,19,16.0346252769969,0.876496116055371,15.4291079792705
1.02823002799812,16.2855340120599,18,15.0105978805011,0.504340329157227,13.1867668375819
-0.790391947587643,7.36095535938914,6,4.33415827103212,-0.0979036165065308,10.0235701700906
-1.56192139602426,5.15860044249404,4,1.9442725768402,-2.19429303056121,3.73273758403907
-1.06402571985858,6.49024878102846,6,3.38644108876014,-0.726456123823219,7.46093296609031
-1.00819388107014,6.65919703573707,6,3.56974489231624,-0.217997222166573,9.47618738300105
1.42611632126234,18.6765418912807,17,18.2174473317112,1.49722324630245,19.2232573257518
0.428816075586959,12.765320306747,13,10.549341460966,-0.216939485017542,9.48088517964056
-1.74485725746042,4.739503532642,3,1.48794703789704,-1.77813204353196,4.54908781825539
2.01866550734629,21.6279906934914,22,22.3581036143064,1.85305707902789,21.0610326697291
1.00603313856789,16.1501916150617,17,14.8330162518979,1.33428272718595,18.2660498068717
-1.13914878996546,6.26959906523999,6,3.14733698035847,-2.16658136859714,3.78250425008715
-0.244699277667775,9.45291668969632,10,6.65939554153275,-0.100557110111208,10.0111693202666
-1.19275518591072,6.11669341150518,6,2.98178757192803,-1.63240851964461,4.87303031501107
-1.44314803494173,5.4496493449145,5,2.25986365811179,-0.656779555014743,7.70965672744857
0.457540565651181,12.9240544344814,14,10.7431761104873,-0.0928377684583717,10.0472834639028
0.833628088473843,15.1056236285881,16,13.4781052107836,0.964191410160672,15.9751334293788
-1.64247759708364,4.96982857716806,4,1.73908465374559,-1.00628775530731,6.54098849716492
0.928993515035271,15.6815467662682,16,14.2216584018982,0.854580690507203,15.2932712492639
0.659573250084962,14.0745394460185,14,12.1691001342752,0.735829142884954,14.5636710727187
-0.291615173461886,9.25279136050941,10,6.43317537817919,-0.574214567240759,8.0151975897302
-0.519424566842421,8.33659386549941,8,5.40838603373704,-0.423078474877285,8.60606409820096
0.793845802306784,14.8673468633524,15,13.1730407529865,0.365200411131596,12.3972036438627
-1.43045393656772,5.48168363224557,4,2.29455937795807,-1.58928348298576,4.97308049281065
1.03983396012428,16.3563162719717,18,15.1036503250155,1.42855041428043,18.8263742536319
-1.01221042991982,6.64689883935535,7,3.55639401354962,-1.24304815169367,5.85245556297666
1.04141013848631,16.3659317791756,16,15.1163006159559,0.712194163144504,14.4200401771306
0.306971305667116,12.1067816564576,12,9.752671970085,0.115912993248628,11.0683564670945
0.504683099886929,13.1873142193006,14,11.066202186772,0.965518763200855,15.9834203248753
-0.285832443005256,9.27724377443092,10,6.46076824954104,-0.59247336265856,7.94660096842117
-1.25842947372347,5.93436637268543,5,2.78447739333488,-1.61114134043662,4.92212451487211
-0.100852388589481,10.0914659107408,11,7.38739784163248,-0.325817761579151,9.00869722746922
0.354305032572583,12.3597020642753,14,10.0572199831694,0.306347132352356,12.0731708241931
1.23952183247926,17.5706427950643,17,16.7184844525567,1.16947921460557,17.2562062118182
0.109190694933958,11.0919646605696,12,8.54826964935205,0.0195006432479976,10.5861388484327
0.259976620761324,11.8594369587519,12,9.45654244284731,0.253950313240202,11.7899365537349
-1.30709751618612,5.80270917531488,5,2.64202570468854,-1.32200484948047,5.6393340589376
0.37400331443914,12.466056471448,13,10.1858131960285,-0.504903448704498,8.28100890520178
0.504800004619845,13.1879712038371,12,11.067010746581,0.562321213335627,13.5248326110704
-2.16280265496457,3.9007433931948,1,0.560588685807215,-1.77339095532269,4.55929451811029
-1.85155114795565,4.51038109383508,2,1.23697075916117,-2.00901653464768,4.07747509362721
-0.104194757783011,10.0761990997966,10,7.36987875958465,-0.043040735166432,10.2830770998248
0.282491687423644,11.9774661158934,11,9.59764149284927,1.0575115545546,16.5583327052129
-1.22831658356035,6.01729299638874,6,2.87421011258899,-1.46345219264333,5.2765421900093
0.778686979410758,14.7769180609759,15,13.0576645463295,1.11544126821169,16.9200136322243
0.411481293873387,12.6701551507376,14,10.433469827397,0.432193602807105,12.7733745371563
2.06140846928868,21.7936431782068,22,22.5997767781129,2.42830707218006,23.0377656447783
-0.0779503312883059,10.1966265357533,10,7.50822762634742,0.0804064463297858,10.8886568388618
-0.726999899001342,7.57862316749725,7,4.57251354204662,-1.58306789219633,4.98766356880938
1.03831624646826,16.347057636846,18,15.0914716749597,1.3980450109212,18.6468382667397
-0.502938267327608,8.399868445282,9,5.4786210091358,-0.451874001328321,8.49026390322069
-0.716971679764063,7.61363402330885,8,4.61091626499348,-1.02211179427787,6.49253103226791
-0.139151408394656,9.9177571052297,11,7.18839624282716,-0.389186540408571,8.74434115879506
-0.499200202670229,8.41427967079604,10,5.49462807726833,-1.02096453983195,6.49603202898618
0.00158681571427922,10.5693227209365,11,7.93867057509054,0.291738369783917,11.993698424155
0.0766274737719269,10.9315760849094,12,8.36044018007176,0.0984278114944492,10.9795574431803
1.07867427292397,16.5932870450649,17,15.416066002971,1.27407652831771,17.9007081847118
0.41151227261245,12.6703247923123,13,10.4336761556941,0.637236539875327,13.9687255464575
0.291535649479099,12.0251222580494,14,9.65472075269231,0.0875448041265146,10.9245874640854
0.755693356234679,14.6401661639716,16,12.8836059098431,0.347537548646657,12.2993121166365
1.08296394396239,16.619456920786,17,15.4506505930304,1.60062685672108,19.7986047174705
-0.107686353541729,10.0602725714526,10,7.35160869135481,-0.440685084358434,8.53507689062598
-0.622660264969087,7.95078213836979,8,4.9817095714803,-1.30666946608285,5.68011605386551
0.66600671567055,14.1120687636751,15,12.2162348817192,-0.103263992781992,9.99853325850237
1.19188233314894,17.2824561791068,18,16.3321871038925,1.40102546553063,18.6644598437957
1.37357082460178,18.369911344264,20,17.799261869394,0.773694211341234,14.7949642546844
-0.0493888491020039,10.3291236420202,11,7.66085580298838,0.220177580536191,11.610061638763
-0.576069684520459,8.12269538214557,9,5.17150495080069,-0.0329089221692898,10.3316507529534
-0.99513530583102,6.69933683302102,5,3.61332956741072,-1.20449044118217,5.95942416711572
0.404070586112369,12.6296177915884,13,10.3841888441276,0.983297801128149,16.0944584878615
1.24574985984983,17.6081939437262,17,16.7689546458843,1.57128174881502,19.6383128764437
1.38546113381032,18.4396890388619,20,17.8942542941003,2.29373837098178,22.685045128945
-0.664058611261834,7.80102048711088,8,4.81677744225978,0.106185289098926,11.0188808618491
-0.885216191544976,7.04685250679739,6,3.9913218303577,-1.60201321266653,4.94334265712778
0.941145823758665,15.7553171480785,16,14.3175236431647,0.676810280346429,14.2061644732431
0.607902303667701,13.774985736358,15,11.7942768148254,0.614799749315669,13.8349870839769
-0.127992056083288,9.96809367101764,10,7.2459869554933,-0.660429386369762,7.69642315745667
0.937464418881221,15.7329619034986,17,14.2884580715206,1.02480074444155,16.3538551864758
-0.264408425887515,9.36836083001281,10,6.56370468605138,-0.350806458902221,8.90354118257791
-1.28816516507896,5.85358087370068,4,2.69706817215796,-1.93313649932015,4.22711239260264
-1.53491898839927,5.22341401094213,4,2.01461953839719,-1.33518267773662,5.60452139878722
-0.367308750249756,8.93823997645456,9,6.07938661841258,-0.395585124386374,8.71807034861578
-1.26174461678499,5.92530588073407,5,2.77467381794191,-1.21635568919556,5.92630099313775
-0.548186620169456,8.22730954020585,7,5.28725550906077,-0.331516449973162,8.98461148306368
0.835734450573389,15.1182761238248,16,13.4943465502774,0.943614866599714,15.8467361437961
-1.02560219997671,6.60605714598469,6,3.51206546045442,-1.15977841906951,6.08591322983635
0.357813211025771,12.3785964641059,12,10.0800422910111,0.227994700249793,11.6515065468641
-0.372652447817318,8.91641914640617,9,6.0549222621082,-0.33083179061747,8.98750194534858
-0.0859634696145796,10.1597226283816,10,7.46579402539353,0.0250424140381344,10.613364134944
0.301842271579539,12.0796024313534,12,9.72004985431164,0.389070964408713,12.5303614458728
0.0387744669658598,10.7475574247394,11,8.14576510797386,0.299081376027596,12.0335964211283
-0.163539338081221,9.80854429907098,9,7.06365307991869,-0.0204502476458041,10.3916571044723
0.0170804970925209,10.6432739002071,12,8.02449714426422,0.377284239252562,12.4644882394325
0.907287701012576,15.5499673599052,16,14.0510177824024,0.732639155426269,14.5442509360766
0.333188141684981,12.2464027446116,13,9.92057465320634,0.493484229583573,13.1240346624759
0.231247367576214,11.7101088541682,13,9.27857233210844,0.718727006792269,14.4596808973259
1.85526134326811,20.930287870869,22,21.3553105034805,1.85441747382827,21.067213468756
-0.610784227716433,7.99426231339002,7,5.02966436333981,-0.5051959053179,8.27986912199583
-0.608535608805226,8.00252104796629,7,5.03877665864731,-1.3670326328991,5.521256160672
-1.03910977737287,6.56511403460792,6,3.46764033111591,-0.092442318641303,10.0491366974804
0.0825597544129661,10.9606518490105,12,8.39444044979515,0.55236246490803,13.4664130272721
1.45337085718102,18.8336923257549,20,18.4325231578496,1.05720939144637,16.5564442566462
-0.762112360729967,7.45728461328555,7,4.43955951261971,-1.18827918971086,6.00497872343562
1.65164836662026,19.9270075884901,21,19.9432829639659,1.03809369338174,16.436957065926
0.0210267871849431,10.6621797551037,11,8.04646142672392,0.417793502308025,12.6918766967128
0.168625296918831,11.3896441612751,11,8.89868240740848,0.201953305980198,11.5138858984217
-0.0764071314366688,10.203747169406,10,7.51641908118625,-0.279294779906123,9.20765786186137
0.6662137749056,14.1132774620129,16,12.2177535873658,0.222510015193611,11.6224157813124
-0.639184556107451,7.89066908167364,8,4.91546266569419,-0.858711973825747,7.01087411647953
0.0849285360701696,10.9722797803147,12,8.40804397262936,0.263253809215691,11.8398595856056
-0.258309341913825,9.39445193857069,10,6.59321447027574,-0.340330572506065,8.94748032346172
1.21758026358482,17.4381069517406,19,16.5405989481524,0.872954890235858,15.4071384051534
0.0460999494411546,10.7829655506989,12,8.18700378748498,0.766758589724241,14.7524953157625
-1.25565710681784,5.94195387605869,5,2.79268723782368,-0.434383702911255,8.56041687923459
-1.26654946952904,5.91219804024224,5,2.76049108250945,-1.53970402184745,5.09056483102048
1.77108255227893,20.5324058347002,21,20.7918462939087,1.84039509111898,21.0031646726779
1.87944352737118,21.0398734735754,23,21.5114515780426,2.23165028030387,22.5012284326646
-0.366587740548785,8.94118806869716,9,6.08269262996872,0.0668712298152013,10.8208006333079
0.856044143869557,15.2404468142425,15,13.6513892830737,0.814394967478912,15.0450503292848
0.324945475643185,12.2023804422261,13,9.86757710622903,0.235566817449078,11.6917615321011
-0.0540394517151043,10.3074473090441,10,7.63585620680578,-0.0440155725292828,10.2784142331621
-1.16452882597743,6.19674132091758,5,3.06844283713697,-1.89944829096191,4.29519475613215
0.386336157847857,12.5329676675732,13,10.2668766036519,0.0503842323170517,10.7386296308809
-2.23477271110357,3.77135922301239,1,0.414789192212428,-2.59735801660525,3.0743377001163
-0.451217924781641,8.60139551019298,9,5.70282717831441,-0.174524220579529,9.67106821412405
-0.705929020020212,7.65237098685177,7,4.65342767187924,-1.20153558315642,5.96770168723467
-0.800981306119726,7.32520212548882,7,4.29507035486157,0.213695919912808,11.5757840482077
0.350042463964809,12.3367721120751,11,10.0295364772686,-0.04083425058069,10.2936381314623
-0.629512759287373,7.92579945120703,7,4.95417033988365,-0.0459709833557962,10.269066710697
1.60342651821497,19.6702978149539,20,19.586205958259,1.22564630447659,17.6035743300761
-0.871317324343064,7.09204794758877,7,4.04057659490261,-1.41249538604241,5.40451237588494
-0.600915664493982,8.03056970177036,8,5.06973295325932,-0.716420168908962,7.49625354551109
0.234352830403829,11.7261808823975,13,9.29769789214731,0.924807257040866,15.7295044494547
0.23462039659854,11.7275664360563,11,9.29934701674524,0.440955682156499,12.8231319575185
0.266183302782283,11.8918863997198,13,9.49529639982818,0.543751290659503,13.4160148451636
0.998766822700616,16.105907703818,18,14.7750103018419,1.39988125476941,18.6576968410448
-1.99065576811392,4.22750149064802,2,0.924973998017005,-2.03311686938245,4.03100201472402
0.55963467623422,13.4983219307335,15,11.4503128003883,0.203394359514478,11.5214680366621
0.461033449835764,12.9434438754419,13,10.7669013298782,0.348263139361516,12.3033227213139
0.2340071453911,11.7243909870515,12,9.29556758611643,0.484003278885698,13.0693991561462
1.22180289848843,17.4636411473177,19,16.574839996257,1.0446867248832,16.4781717117731
-0.356799147565242,8.98130321403433,9,6.12769625064982,0.0746405061121276,10.8597067116903
0.362402820265629,12.4033459811319,13,10.1099519023486,0.270803481107122,11.8804888261894
-0.985573107060202,6.72888132126841,6,3.64541871357063,-0.842866329259461,7.06331507544063
0.0761251250227703,10.9291168724337,11,8.35756546911179,-0.546460911607983,8.12059926821952
0.393861926947106,12.5739199360385,12,10.3165520073972,0.761198936222711,14.7184845975587
-1.19275518591072,6.11669341150518,6,2.98178757192803,-1.6594837505788,4.81121198124182
0.658668315702019,14.0692645704804,14,12.1624783052055,0.885236877022145,15.4833667154526
-1.60052817692735,5.06728278983203,4,1.84507446589936,-1.81536706895569,4.46968186776585
0.109254390829933,11.0922802752298,11,8.54863992947843,0.773536868710885,14.7940003011629
0.996269254354157,16.0906894292243,17,14.7550876972601,1.43650585974015,18.8728849684352
-0.0939860642213304,10.1228932969344,10,7.42347955427982,-0.171598386140488,9.68431701526066
-0.879537935566445,7.06528210975515,7,4.0114038451807,-1.82289627148197,4.45378670352924
-0.208948053638034,9.60809365909052,10,6.83543116480508,0.290169827571088,11.9851884951842
1.21822280238798,17.4419931865265,19,16.5458094099548,1.1117068172954,16.8967282949492
2.17825637312407,22.2107250222228,24,23.2165879562001,1.96569188116593,21.5483865681412
0.40969147330397,12.6603565836587,13,10.4215535813501,0.0455387226339598,10.7145807831677
-0.309409283968889,9.17792548117893,9,6.3487762981327,-0.247199182852057,9.34735120130238
0.442103941024323,12.8385900573277,14,10.6387257562096,0.0527957497485729,10.7506154122861
0.0284161635317267,10.6976573733137,11,8.08770305869764,0.00201702995470157,10.500641886324
0.0387005853721664,10.7472008133329,11,8.14534993907643,0.514788959186768,13.2473160991785
0.178245986098264,11.4384251886504,12,8.95633045938134,0.227324939523818,11.6479511166792
-0.773592148848412,7.41803148643886,6,4.39659404374515,-0.986934551554438,6.60074957645801
-1.24883116305363,5.96067600253632,4,2.81294526914292,-1.28944969837454,5.72625774443706
0.922982917675035,15.6450861209259,17,14.1743291273288,1.22013201941468,17.5695892726345
-0.636169151490539,7.90160537071013,8,4.92751038635911,-1.55652920565855,5.05039672029253
-0.237434882737355,9.48425969076569,11,6.69490719258937,-0.301710636760932,9.11127480522702
0.775672692407434,14.7589619951816,17,13.0347810605738,0.596453961587709,13.726129667657
0.921231514781805,15.6344654671636,17,14.1605489838277,0.409563083300094,12.6454520445971
-1.39232848398808,5.57900286480152,5,2.39993099268531,-1.46617707700221,5.26978335179999
-0.236030539961726,9.49032991411751,9,6.70178734818677,0.246779595314192,11.7515674312252
0.678972178919393,14.1878525467745,15,12.3115337791367,0.592239942051563,13.7011897105071
-0.740992582159265,7.5300366781871,8,4.51925019924869,-0.718997452113477,7.48716698093067
-0.158859436090385,9.82941719131294,10,7.08747218812578,-0.873544239463853,6.96214384159824
-1.53309466447445,5.22782124472931,4,2.01940140000457,-0.798467567235757,7.21237550148785
-0.296691697283849,9.23137472738094,9,6.4090190293663,-0.509999933425617,8.26116875211815
-0.24336516083879,9.45866570717299,10,6.66590751048783,-0.137696725370079,9.83905631642484
0.942512334953537,15.7636168257537,17,14.3283178744739,1.05257543054904,16.5274816978312
0.978881693866104,15.9847902992333,16,14.616613125172,0.751240769884038,14.6576408533355
0.588289130124594,13.6621853785923,14,11.6537793856579,0.849845169240185,15.2639603861699
-0.674504916131427,7.76366993494981,6,4.77570038565696,-0.272847373342784,9.23555966434557
-0.536433696687805,8.27179686165456,9,5.33653862193825,-0.308920176984282,9.0804808792242
-0.176220604252789,9.75218570871121,10,6.99939099097984,-0.498760128934071,8.30498705454506
0.0780675868414475,10.9386285997505,13,8.36868513529041,0.124168542799583,11.1104883021971
-0.697853693272812,7.68082158592438,7,4.68466506115847,-0.873640824351324,6.9618276447806
0.811238063606918,14.971353081294,16,13.3060123241411,0.976867198390909,16.0542883650615
-0.579782937161935,8.10886184571898,8,5.15621342864296,-0.496058137393073,8.31555502473542
0.0925574229156602,11.0097979022365,11,8.45196060273211,0.884762848987065,15.4804230376288
2.45596042961018,23.003450226307,24,24.4394113141928,2.89754677813579,23.8740746016365
-1.68244950355392,4.87865065969659,4,1.63978504461332,-2.28753298665564,3.56973549846016
0.538901623806282,13.3804703569621,14,11.3044418900141,0.87274328011867,15.40582582638
-2.4497826550257,3.4085855597755,0,0,-1.6809500052119,4.76273768958072
0.283090642648644,11.9806179047236,12,9.60141456332389,-0.0379419790813851,10.3074961216475
-0.257805698501437,9.39660946704623,9,6.59565538214598,-0.653492823936086,7.72159334010516
0.618623603371637,13.8368610291007,14,11.8714954481141,0.768064996286007,14.7604914019394
-1.76349152784317,4.69869963539308,3,1.44334498550108,-1.39824926696313,5.44083109504694
-0.831353317721617,7.22360641306735,7,4.18409134679344,-1.04317898976708,6.42857881659064
-0.506751131827047,8.38519344028781,8,5.46232499404063,-0.623363421624368,7.83188475571643
-1.1615456278827,6.20526157956892,6,3.07766781809424,-1.50501614633789,5.17436147343373
-0.0444785431590149,10.3520535567788,11,7.68731393925169,-0.227401676105948,9.43451466637573
0.761466823062774,14.6744548070419,15,12.9272010509558,0.58180331650342,13.6395278871411
-1.12586901120007,6.30805730213304,5,3.18899167643604,-1.20153558315642,5.96770168723467
-1.26817544846684,5.90776875546635,5,2.75569860811463,-1.24959023916552,5.8344970141255
1.08834869250857,16.6523051761722,18,15.4940840950314,1.46606754791192,19.0445208347873
1.32308494518433,18.0713768330994,18,17.3939956706317,1.17910600265589,17.3159174876298
0.0261288762626404,10.6866650521675,12,8.07492136992307,-0.463968287474426,8.44208509480352
-0.259967659643181,9.38735120984777,10,6.58518182758387,-0.34054540291069,8.9465771590652
-0.377167487402871,8.89802148591121,9,6.03430353518285,-0.837329693912295,7.08173189996675
0.493199073205123,13.1228749212077,14,10.9869545156153,0.440996744135729,12.8233654346174
2.25723401836901,22.4636021441025,24,23.5979144841007,1.98688561869621,21.6345016335015
-0.16648902413719,9.79540894733176,10,7.04866896638457,-0.499622156069774,8.30161831139428
-0.0460722562878632,10.3446064568037,10,7.6787195145779,-0.576896042942241,8.00508658715841
0.837948228976974,15.1315775949991,15,13.5114255378819,0.976407858471297,16.0514193285137
0.760983278233052,14.6715817686639,15,12.9235469971485,0.352612164897845,12.3273807858517
-1.01379798454128,6.64204414125267,6,3.55112412171761,-1.77339095532269,4.55929451811029
0.768185703833666,14.7143994809582,16,12.9780276122355,1.03734553665014,16.4322800139158
-1.7885928149185,4.64426661640243,3,1.38378538922441,-0.95732374224328,6.69325411669267
0.849284452500099,15.19975024725,16,13.5990324621474,0.794914540320525,14.9251745867266
-1.24545176062688,5.96996644191504,6,2.8229980351045,-1.85564729764052,4.3852682203176
1.13014744506476,16.9071272356858,18,15.8318891005004,1.64107770615875,20.0153481502608
0.497403375275379,13.1464433598631,12,11.0159255947968,0.660704051867898,14.1092961027049
-0.112937742800771,10.036361070036,10,7.32419027958718,0.0190566889858352,10.5839604254329
0.0942803844296014,11.0182858822017,12,8.46190128348453,0.517258146176113,13.2616492878071
-0.808610144475731,7.29955111775418,7,4.26703745815264,-0.807969450544332,7.18020940407317
0.769044031673296,14.7195055156457,16,12.9845277723926,0.804847858768445,14.9862614025381
1.14930141741634,17.0237463940899,18,15.9869916813096,0.962191834817115,15.9626506209788
-0.593656352112685,8.05738026136599,8,5.09933550925619,-0.39752462809352,8.7101224854804
-0.430281348533452,8.68428950031459,9,5.79528088777263,-0.69836959214402,7.56020574204138
-0.904003216534463,6.98621539647237,5,3.92527536079005,-0.639684138573178,7.77194638415025
-0.359628526299804,8.96969052904685,9,6.11466493561951,-0.0142164461108996,10.4217965561292
0.855901232094366,15.2395860713668,17,13.6502814693714,1.03043143196735,16.3890561303906
0.859957610922211,15.2640229439806,16,13.6817404025672,0.916848249293532,15.6799374159985
-1.12914313665543,6.29855385007464,6,3.17869764481587,-1.12914177064315,6.1741316291532
-0.846579489843354,7.17320040093558,5,4.12907910843044,-1.54764093696123,5.07157785945358
-0.350144191371704,9.00867334161251,10,6.15842128091081,-0.0189816166210475,10.3987508132698
0.0150730579254915,10.6336676180168,12,8.01334034753958,0.0485294178436068,10.7294185326094
0.90327759113419,15.5256864668815,17,14.0195777421318,0.618196184159421,13.8551897833195
-1.10415715514561,6.37143743337372,5,3.25765685796517,-1.22031804289689,5.91528060401232
1.80404462252543,20.6911862077248,22,21.0160936532925,1.82344655110727,20.9247513415653
0.880882331408105,15.3902617833647,17,13.844505160338,0.987582802533071,16.1212300620339
0.187093853574144,11.4834332323556,11,9.00957641654979,0.630656848758355,13.92943828475
0.806107211536258,14.9406429817904,15,13.2667193480916,0.883970986466872,15.4755059150235
-0.174790838122877,9.75852523123421,10,7.00661579777702,0.200903338838528,11.5083639414862
0.318996028951994,12.1706767901356,13,9.82944289410895,0.369694398871231,12.4221972689037
-0.833455195618995,7.21662736738862,8,4.1764726270481,-0.873069617548592,6.9636978562467
-1.7245260924874,4.78441082328169,3,1.53699261354505,-1.88790057729472,4.31877002518205
-0.231766890621978,9.50878131601371,10,6.72270583258382,0.057883356949012,10.7759392838927
0.718234810194706,14.4185278706987,14,12.6025842188984,1.14125659393821,17.0808138579915
0.293394583364019,12.034935058868,13,9.66648160075497,0.0948657901382074,10.9615403538327
-0.223972531289551,9.54259756286705,9,6.7610637795999,-0.17617438454638,9.66360332251884
0.00250664685441334,10.5737007836026,10,7.94374779954618,0.46655967039578,12.9692485865305
-0.0385731168215309,10.3796890861692,11,7.71921922252433,-0.553079993053799,8.09533679805013
-0.585720874020698,8.08678811354583,7,5.13182022299739,-1.32763350663113,5.62443839765018
-1.03435548973822,6.57949612291479,6,3.48324404551658,-0.978973070213013,6.6254936914908
0.519776827448269,13.2723048601698,13,11.1709015369681,1.06937275906605,16.6324518675845
-0.353277049416559,8.99577889944721,9,6.1439443166537,-0.246191276609312,9.35177035675181
-1.08406107849866,6.43066160500373,6,3.32184083752112,-0.739884984403763,7.413933899717
-1.24907263779683,5.96001269984181,4,2.81222754368359,-1.13772539617549,6.14928656992463
-0.145058935305614,9.8912023637188,11,7.15803913869125,-0.0275837418758929,10.3572616950497
-0.641916004246356,7.88077546210072,8,4.90456528772779,-0.565245302018189,8.0491106102978
-1.40907442247944,5.53605131162395,5,2.35343110822279,-0.742666705105836,7.4042357037603
-1.16980103258066,6.18171167772301,4,3.0521707884907,-0.662531239906555,7.68881261612971
-1.12326138192604,6.3156363189741,5,3.19720152092485,-1.6610604438397,4.80763545210937
-0.645750888782929,7.86690560136589,7,4.88929098211712,-0.659396685567466,7.70016520884412
1.21397424747607,17.416291540919,18,16.5113561992699,1.85144919529267,21.0537182846004
1.14699797977987,17.0097286023206,17,15.96833149703,1.27434926903202,17.9023740434544
0.71926343280591,14.4245943293866,16,12.6102581879433,0.486559735457105,13.0841172594749
0.672913148754437,14.1524123875923,15,12.2669476658882,0.443052613133943,12.8350585766507
-0.3423893728568,9.04066625181913,8,6.19435594334682,-0.729880573825061,7.44891940129324
-0.620596417039403,7.95832157666942,8,4.99002260690528,-0.501663238548464,8.29364729464713
-0.0165275071419002,10.4834212242666,11,7.83914942754399,0.179723797314528,11.3974230488769
0.0545102833435537,10.8237381897817,11,8.23453051510232,0.567961079422659,13.5579802652746
0.034103917841833,10.7250332546999,11,8.11954878740921,-0.00639641229122191,10.459713393891
0.374405336812218,12.4682337041459,13,10.1884489706922,0.225050477128169,11.6358833834519
-0.569498812621036,8.14723124780744,8,5.19863511838846,-0.565035603687528,8.04990519574159
1.85890139766701,20.9469206506972,22,21.3789810314131,1.82272333238897,20.9213811526215
-1.56000601372829,5.16317213960222,4,1.94923611457199,-1.54198343344983,5.08510487852824
0.445619731293306,12.8580225287889,13,10.6624572456764,0.469838792598316,12.9880383222095
-1.04915161407304,6.53483891949408,7,3.4347987983962,-1.4976688335495,5.19228237837633
-1.2146365861342,6.05534134066811,5,2.91538545933472,-1.44960960909131,5.31100879209855
-1.09963557886338,6.38471555444361,5,3.27204510591839,-0.628102277615655,7.81443352355008
0.376417214464601,12.4791334064076,12,10.2016462144804,0.788191913223306,14.8838804976201
2.43992687284392,22.9646869528583,24,24.377375695316,1.69190956537087,20.2803730608863
1.19384875499017,17.2943811543108,18,16.3481351198938,0.839697110064428,15.2012003622082
0.424120790394031,12.7394968498204,14,10.5178742438038,0.108891831984232,11.0326280670553
0.330029234065112,12.2295182102723,11,9.90024137580693,0.0797086831363767,10.8851500026283
0.894465017523045,15.4723600149504,17,13.9505819516839,0.463827110543403,12.9536038815987
-0.421617496726837,8.71881557535109,9,5.83382926863642,-0.685887709657327,7.60474965023597
0.239963262288786,11.755259928333,13,9.33231954254419,-0.0599326647816359,10.2025442445078
-0.788304594140121,7.36802330285354,7,4.34188748895788,-0.20584403979059,9.53029565660037
-0.172084601924792,9.77053479424007,9,7.02030503779736,0.246437955367093,11.749741762799
0.313782711258819,12.1429449890417,13,9.79610890578595,0.589522402439328,13.6851193704014
-0.541741582492948,8.2516765131959,8,5.31424478977408,-0.397619124472645,8.70973543071559
0.0398261396884027,10.7526347163236,10,8.15167647383116,0.0230676047669764,10.6036554916393
-1.1149401580516,6.33988198342408,6,3.22346731168902,-2.33000715465745,3.49769972506912
-0.688195494431629,7.71498568574557,8,4.72219216746105,-1.13386757365771,6.16044049798852
-0.704593142187188,7.65707031083922,7,4.65858644501267,-0.461017625889039,8.4538144656889
-0.533655962837819,8.28234526703243,8,5.34822948177992,-0.866261046983488,6.98602924811078
0.432308366809525,12.7845500310973,13,10.5727859615126,0.716314723541454,14.4450379787547
-0.535047627088083,8.277058810058,8,5.34237021430326,-0.557098745597056,8.08003699364767
-0.141246595775076,9.90833177662206,10,7.17761937071772,-0.256214282995828,9.3079122497194
0.343520352267488,12.3017456868301,12,9.98727693341428,0.0414733888303218,10.694439518323
-0.854794915400411,7.1461482001443,7,4.09956786277708,-1.32885894297793,5.62120057153562
-0.0183258775277473,10.4749258606132,12,7.82931728896574,-0.369993595615569,8.82360488110797
-0.916482514231021,6.94622327013541,7,3.88173801926942,-0.727212988500526,7.45827607161007
-0.226488616399307,9.5316693314146,11,6.74866496125935,-0.206881442372908,9.52566568809228
-0.811854283473389,7.28867006105911,8,4.25514864956415,-1.24015688335496,5.86040985062012
-1.19665239096912,6.10572160923463,5,2.96991184929418,-1.01776103760108,6.50581801710853
0.242999609222399,11.7710203514883,11,9.3510935997881,-0.244223673359419,9.3604029789144
0.699119582860153,14.30600471033,13,12.4604273400254,0.912079125507947,15.6502497900343
1.05159317187323,16.4280577987402,17,15.1980887797423,1.12255144215386,16.9643319718572
-1.36644597133307,5.64602961009417,5,2.47248063219071,-1.56646012195404,5.02683252273281
-0.898089704685325,7.00524590326419,6,3.94599908492036,-1.2337715150222,5.87801507373296
-0.721289876994628,7.5985386802181,6,4.59435622162077,-0.874014418700692,6.96060471914652
-1.75027003183222,4.72761617544925,3,1.4749569946683,-1.81620625692667,4.46790755838167
0.133483740835929,11.2128689482937,12,8.6903077179367,0.222325618421219,11.6214387204823
0.268133956296663,11.902098469975,13,9.5074985070483,0.404757721033783,12.618399574866
-0.623548628572724,7.94753901320631,7,4.97813397518186,-1.0841070858214,6.30614398461885
0.372450981825511,12.457651988871,12,10.1756399001797,-0.0295944304431702,10.3475849155582
1.09323972270973,16.6821388701557,18,15.5335538776001,0.917343300867516,15.6830196851402
-0.604724494945936,8.01653758173666,9,5.05424451289596,-1.1410499545133,6.13969068644849
0.907134353719991,15.5490386858165,17,14.0498150101086,0.760443974403187,14.7138684590698
0.291596035791044,12.0254409278983,14,9.65510264361686,0.504530586532388,13.1878678701401
-0.955747173052717,6.82186696834634,6,3.74646603901597,-0.74240741518238,7.40513915108576
0.682816319395746,14.2103598491407,15,12.3398674799136,1.16947921460557,17.2562062118182
1.25977052562491,17.6926088999909,19,16.8825239536751,1.19637707485126,17.4228746426975
-0.64780915344013,7.85947123013721,8,4.88110512027071,-0.179972980953539,9.64643979182539
0.664037743898033,14.1005775593127,15,12.2017984271874,0.840101870794259,15.2037021858597
-0.835123985494775,7.21109109589506,7,4.17042936085964,-0.982922037994078,6.61320869903517
1.12655759144612,16.8852575055036,17,15.8028376803485,1.26671591376738,17.8557169320861
-0.336606852301925,9.06459202695153,9,6.22124384412776,-0.364931005542973,8.84462856424097
-0.517091020402887,8.34552191530329,9,5.41829164139951,-0.618460659049666,7.84998072280337
-0.122440692233454,9.993219282637,10,7.27475633904545,-0.122350783757524,9.90984349277754
1.18195150761475,17.2221993494881,19,16.2516508594444,1.29654379764852,18.0376219235981
-0.433011288863465,8.67343762602373,8,5.78316971877996,-0.525578368155079,8.20081518767474
-0.355082741895495,8.98835482225225,10,6.13561069177277,-1.3082958825631,5.67577704662917
0.754260977975478,14.631664391362,15,12.8728015607603,1.10666208429625,16.8652646053883
-0.0264049898949454,10.4368339770382,10,7.78525392267228,0.353225265652121,12.3307750270981
1.18712731633947,17.2536111819654,19,16.2936241155756,1.01362049997007,16.2839626208728
-0.596002661554946,8.04870516824764,7,5.08975564536097,-1.06484796167042,6.36346179542896
0.504841277366849,13.1882031544237,14,11.0672962142071,0.576945493451544,13.6108786176079
-0.230426898044175,9.51458709264947,8,6.72928949242217,-0.423278055173258,8.6052561867579
0.277416186181465,11.9507828490673,12,9.565709334883,-0.125111138758834,9.89707644817545
2.06282135987269,21.7989986161685,22,22.6076179067299,2.25686911060982,22.5775672891571
0.418554782146191,12.7089297797247,13,10.4806507310076,0.965232346179486,15.9816321344998
-0.947626324137524,6.84740443745667,6,3.77423219983933,0.0952327982228933,10.9633955811207
-1.15908020077035,6.21231176405753,6,3.08530136148171,-0.446601183865337,8.51135329921071
0.995092704555674,16.0835209822781,15,14.7457053161123,1.03765296164141,16.4342018635927
0.357747128961949,12.3782403700924,12,10.0796120779919,0.217027982309007,11.5933954540307
-1.42061112834579,5.5066487315186,4,2.32159458575577,-2.35541396554798,3.45525791277346
-1.1576963870685,6.21627240772882,4,3.08958981606109,-1.27043652535333,5.77763721942868
-0.396494401468765,8.81967575733981,9,5.94657836338639,-0.314765233718136,9.0555882562112
0.971515661041194,15.93995542465,17,14.5580715969657,1.42814953165233,18.8240270449886
-1.37388247008698,5.62669151846086,4,2.45155069147427,-0.939989978355802,6.74801164959753
-0.536311075382216,8.27226223901448,9,5.33705435923113,0.510369252213408,13.2216837100318
-0.799551556870641,7.33001939032537,7,4.3003359186933,-0.494011091734296,8.32357024566517
-0.0595331705719713,10.2818924141805,11,7.60639845095654,-0.124606869240763,9.89940764852589
-0.493277821946271,8.43716094948143,8,5.52005125151585,-0.330358330942249,8.98950129844513
0.230473035239572,11.7061040023137,12,9.27380768992994,0.429921407244062,12.7604920691914
0.0357383675466277,10.7329110094971,10,8.12871637255316,0.262993985737987,11.8384631904719
-1.71680809956944,4.8015649681776,3,1.55571647866251,-1.63077775307189,4.876778052459
-0.743310493485926,7.52201797498202,5,4.51046296742325,-0.679665933431394,7.62705182913344
-0.125337247558686,9.98010234995089,10,7.25973525744666,-0.347843724513037,8.91594663778102
0.877248062805292,15.3683150532834,15,13.816178294095,0.925236783312048,15.7321802196737
-0.621344600930122,7.95558757909928,7,4.98700797173165,-0.603306898950767,7.90617819627038
0.902509748053832,15.5210382934578,16,14.0135608153153,0.715787764247586,14.4418400957452
-0.269744698315626,9.34558805436811,10,6.53796052519277,0.111546228355603,11.0461241984497
0.0592733998071751,10.8468866451604,12,8.26153275207663,-0.219926720923711,9.467623394594
-0.778062190560727,7.40280225642722,8,4.37993033255334,-1.49700494378355,5.19390465880404
-1.74382617244396,4.74177121582045,3,1.49042472336458,-2.10708533192857,3.8914530594537
0.136925510892267,11.2300843929793,12,8.71056390208482,-0.122604081465292,9.90867132887912
-1.3893603018487,5.58664979656665,5,2.40820884289207,-2.29770987404597,3.55235107481807
-1.44897959448559,5.4349942496358,3,2.24398893997182,-1.84944048574317,4.39817608924788
-1.92622711407675,4.35635372763534,2,1.06742568666334,-1.73373883921488,4.64551949443242
1.30552198547571,17.9667496371069,19,17.2524056592353,1.11224857832798,16.9001066602203
-1.36353566427058,5.65361533312022,5,2.48069047667952,-1.61154977030951,4.92117718977945
0.973207529504447,15.9502517202994,17,14.5715111309704,0.837036396103219,15.1847574440913
1.23257687654566,17.5287320950209,19,16.6621913639448,1.34514758011982,18.3314183289511
-0.713987276769026,7.62408402574268,8,4.62238224590347,-1.28004500909567,5.75161515839741
-1.03431623131998,6.5796150124391,6,3.48337304032592,-1.51369647393111,5.1532669260193
1.77196967583741,20.5367282228957,22,20.7979407681965,1.70410490830755,20.3426846164234
1.25679413714929,17.6747032840195,18,16.8584213268437,1.08923887253615,16.7565311434352
0.611356062214819,13.7949018684177,15,11.8191199661603,0.811402013767286,15.0266124274476
-0.745391415781394,7.51482630447833,7,4.5025828305471,-1.05213280933068,6.40159090159066
-1.32574508951254,5.75302651059722,5,2.58826793601855,-1.30856694741803,5.67505421033207
1.43881158262473,18.7499149369034,19,18.3178021225853,1.36818422018262,18.4693830416069
1.30093317105947,17.9393535475445,19,17.2153694054251,1.01674594069194,16.3035005775381
-0.213014211298761,9.59032755847048,11,6.81524890154791,0.032012820980177,10.647693546963
-0.357361217264404,8.9789951674844,8,6.12510602099607,0.432950145960061,12.777665739787
1.55454000625603,19.4036176394694,20,19.2168309257447,1.96767588641241,21.5565236298057
-0.129869890571757,9.95960733573091,10,7.23627335530816,-0.612125450126362,7.87342589616642
0.0154750661369836,10.6355907737254,11,8.01557372360637,0.455557016958732,12.9063284457029
0.586685695457884,13.6529863648958,14,11.6423372755297,0.222505427054089,11.6223914694223
-0.532200329504894,8.28787822774253,8,5.35436251449639,0.0984278114944492,10.9795574431803
0.0871318105938918,10.9831044166551,10,8.4207109030286,0.440238570248864,12.8190549285952
0.400974532230657,12.6127081558095,14,10.3636454507898,0.183260612885527,11.415890074003
-0.307035932826698,9.18787813588858,8,6.35998920712419,0.119796388530637,11.0881587884015
0.863298624755005,15.2841590565636,16,13.70767457607,1.20576818272495,17.4809336815623
2.09362405467143,21.913843720961,23,22.7762217906528,1.96178836115376,21.5323313945947
0.56909067128342,13.5522721923561,13,11.517219228115,0.487298740895031,13.0883737972284
-0.0207840225989748,10.4633233718753,12,7.81589205487055,-0.183009271440721,9.63274098566231
0.114037893175431,11.1160036115606,12,8.57647974966717,0.233338708297599,11.6799053080226
2.45596042961018,23.003450226307,24,24.4394113141928,3.15901163328493,24.1543592788615
-1.15825864055915,6.21466286920899,6,3.08784705266721,-0.577534691785876,8.00268032188885
0.738800661861451,14.5400330269537,15,12.7564781238961,0.719470025188874,14.4641923948395
0.799618025734993,14.9018354535689,15,13.2171020760974,0.751042278970984,14.6564290740293
1.11387453637109,16.8079640172852,18,15.7002517194898,1.10799745939837,16.8735941657574
1.36419447095603,18.3147362385228,19,17.724220397154,0.712008526094803,14.4189144272934
-0.905919326483371,6.98006008488449,7,3.91857325016043,-0.987400490569794,6.59930434123072
0.793543178762725,14.8655395332838,14,13.1707326590256,0.350723115718729,12.3169268043565
-1.12245346128075,6.31798634729554,5,3.19974721211034,-0.986111911948155,6.60330199468124
1.10526042367091,16.7554468567244,16,15.6306295670844,1.01816673060711,16.3123824779547
-0.962789093390078,6.79979881666444,6,3.7224771487276,-0.466804532331896,8.4308256660388
0.92087687535669,15.6323150975457,17,14.1577592648209,0.944269476428831,15.8508188173927
0.054328934495957,10.822857663169,12,8.2335036719475,-0.272995802820244,9.23491641768182
-0.981331560833798,6.74202779864574,6,3.6597000356976,-1.06893929300233,6.35124174094543
-0.488453227460978,8.4558453160568,9,5.54081869001243,0.119909975481296,11.0887384333588
-0.165469200877799,9.79994855891064,10,7.05384705257098,0.0821574851756193,10.8974614327531
0.249747569450327,11.8061038097835,13,9.39290986504533,1.05257448988708,16.5274758183836
-0.208599183000031,9.60961936754114,9,6.83716470793215,-0.0143869924344208,10.4209709732068
0.5222002750604,13.2859820350625,13,11.1877692156143,0.749871604225567,14.6492829436796
2.02575666403043,21.6559604047766,22,22.3987955812944,1.60076208707905,19.7993375659044
-1.01006440518491,6.65346691095986,6,3.56352412958177,-0.587105385706067,7.96670684180881
0.972273083105742,15.9445647876788,17,14.564087768837,0.806839991329749,14.9985223494568
0.690029439511891,14.2526387633912,15,12.3931287683437,0.478847395848967,13.0397469196114
0.968705258244268,15.9228542030915,18,14.5357556564392,0.884225571942616,15.4770867416406
-0.0399535378555146,10.3732234166328,12,7.7117528775437,-0.228096917276455,9.43144077575525
0.947175167746462,15.7919433724754,17,14.3651715187221,0.770979903441722,14.7783383681866
1.48661348887041,19.0234147330967,19,18.6928572380709,1.43726712619796,18.8773286704785
-1.11437165368878,6.34154179466831,6,3.22526553499635,-0.340241442797036,8.94785505777986
1.34551525119788,18.2044417601921,20,17.5744034258018,1.12705610187985,16.9923987052888
-0.398288317410991,8.81243710766649,9,5.93847952102225,-0.0186002415975922,10.4005936068533
0.610597491983503,13.7905262274924,16,11.813660896494,0.867100677649764,15.3708359177861
-0.249809458533,9.43092557038283,10,6.63449290525666,-0.030287164349624,10.344252861368
1.52996225165087,19.2672789167216,19,19.0285854861205,1.61972697583137,19.9015704768363
0.817277914342696,15.0075326135938,16,13.3523357579017,0.7336732700423,14.5505453061757
-0.12823726200213,9.96698516608008,11,7.24471804374174,-0.214249605850763,9.49284174552259
1.50989814902356,19.1549265950552,20,18.8737548881032,1.60246872536333,19.8085816145027
0.012236511053849,10.6201063536053,11,7.99759422888859,0.571437364054641,13.5784343329871
2.34244015152927,22.7113261439122,24,23.9785935712361,2.77082205051354,23.6979304231108
0.124294729380441,11.1670108257087,11,8.6363881371963,-0.380002091320975,8.78218469761537
0.491669494543167,13.1143069795978,13,10.9764263772236,0.483274277291758,13.0652040136764
0.858794482590801,15.2570146931751,16,13.6727166820712,0.504340329157227,13.1867668375819
-0.92071861780181,6.93269957474221,6,3.86701941087626,0.0478366089356992,10.7259797379266
-1.1752011124346,6.16635477547238,6,3.03554534059801,-1.1224048642928,6.19370192032604
2.33360875196567,22.6868203407031,24,23.9405685117762,2.77617448379321,23.7060044477134
-0.187288680753227,9.70323664402937,10,6.94363825133794,0.0821574851756193,10.8974614327531
0.881262340465215,15.3925570911707,17,13.847468466586,0.8434048058341,15.2241219774865
-0.499200202670229,8.41427967079604,10,5.49462807726833,-0.88367392225716,6.92906058601496
-0.192888241893491,9.67855751163578,9,6.91555014830193,0.0227806741595841,10.6022455080058
-0.151790288005636,9.861022379916,11,7.12355817728163,0.463049001154175,12.9491511720147
-0.7840082055076,7.38259234264831,6,4.35782175895203,-1.23774013521474,5.86706692715926
-0.61620751542507,7.97437794303609,7,5.00772967268683,-0.0038620324393304,10.4720276175008
-0.751112491053958,7.49508922676285,8,4.48096015927497,-0.88513177795214,6.92431237878777
-0.102504894377003,10.0839152607444,10,7.37873255383151,-0.473428829960875,8.40458593065863
-1.59754912265936,5.07427323717165,3,1.85267196569335,-2.37394819700816,3.42459878802531
0.0201194601932756,10.65783041637,11,8.0414076778698,-0.258549244237972,9.29772303691071
-1.45608869990882,5.41718047801709,4,2.22469082129061,-0.98588416251632,6.60400881291081
-1.63929399778982,4.97716067208082,3,1.74706389643848,-1.45812803755663,5.28977278684885
-1.85155114795565,4.51038109383508,2,1.23697075916117,-1.52186178869275,5.13350045972635
-0.717265853168482,7.61260472852854,7,4.60978698865197,-0.957319508909262,6.69326743487277
0.818254234808342,15.0133837855437,16,13.3598307539169,0.799104871471548,14.950933642021
0.243927443157219,11.7758395644816,13,9.35683567133286,-0.169126216220358,9.69552461139647
-0.488636277584828,8.45513568322915,9,5.54002981991697,-0.502591016238465,8.29002656110682
-0.298319398983722,9.22451765031429,9,6.40128689928432,-0.244516654518949,9.35911708296053
0.718752054425891,14.42157825389,16,12.6064427767076,0.960700362875644,15.9533404761477
-0.197920790240752,9.65642618917792,10,6.89037388986195,-0.127428422082908,9.88637025492714
0.365187710248175,12.4183804760124,13,10.1281292790306,0.216192187099493,11.5889759497791
1.36321631298882,18.308972832876,20,17.7163854717049,0.889586696176874,15.5103846148678
0.297674191003728,12.0575483782617,13,9.69359422205247,0.61195545970742,13.8180804482104
-1.13397650861081,6.28455038217051,5,3.16353009219535,-0.698160730570645,7.56094893656092
-0.381187787138406,8.88167008429966,8,6.01598403744073,-0.676911062821604,7.63694778170632
0.724237730403756,14.4539471479665,15,12.647403252192,0.907528301093715,15.6219309399286
-0.179769069681736,9.73646809854132,10,6.98148257372698,0.169162232585785,11.3424190047473
-0.480849659756599,8.48537299809906,8,5.57365199770167,-0.47866218727151,8.38391288799119
0.56719268684475,13.5414334788518,14,11.5037710730316,0.438113358733192,12.8069773309354
0.0141640504928969,10.629320134287,11,8.0082919287755,0.094509380065823,10.9597389501134
-0.794791167593391,7.34608120362863,8,4.31789471367659,-1.08431669877467,6.30552301280982
1.22432846991943,17.4789071122461,18,16.5953183646383,1.11127099435148,16.8940104674513
0.594760123679285,13.6993450481237,15,11.7000241131606,0.843804290670304,15.2265922438386
-0.496282507626975,8.42554476096021,7,5.50714336690574,-0.44660427624628,8.51134091570494
1.0194433830395,16.2319484453028,16,14.9402345845532,1.39270820478069,18.615242986572
0.645188891896848,13.9908114478891,15,12.0640829064929,0.509877891592328,13.2188358763141
0.154223877260127,11.3169318199773,12,8.81287136363086,-0.142801834438852,9.81561035546858
-0.278257657842529,9.30936501159478,10,6.49703501186026,0.0503750540088359,10.7385840343779
0.481187382410366,13.0556859793499,14,10.9044489722828,0.0614996618701074,10.7939704373312
0.475167317971007,13.0220939361552,15,10.8632465093881,0.504784058925353,13.1893348190684
-1.18755552283853,6.13136228353744,4,2.99766555194254,-0.928698069869155,6.78392624184077
0.63443224005475,13.9283671236091,15,11.9858875729865,0.847015584902479,15.2464537657933
0.288347737174227,12.0083079123611,13,9.63457455916903,0.134840943283412,11.1651495206842
-1.56092592017042,5.16097598770819,4,1.94685176049917,-1.06899451697666,6.35107695872153
-0.598434425934294,8.03972375042674,9,5.0798388850559,-0.446603507245239,8.51134399518444
-1.15591805857616,6.22136585949248,6,3.09510493687468,-0.669066295455784,7.66519833531209
-0.796343984722845,7.34083809171865,8,4.31216255465532,-0.803801736152916,7.19430019477162
-1.64523884247836,4.96347762918916,3,1.73217246884353,-1.01755495517383,6.50644806188889
-0.850056402805373,7.16173907475458,7,4.11657484706518,-1.21155956993487,5.93966771747084
1.90624751879225,21.1588091954512,23,21.6814348341593,1.53835338477528,19.4555586644576
-0.12455751564614,9.98363182062466,10,7.26377668276927,0.507525955353366,13.2052096243231
-1.04393972261355,6.55053494924937,6,3.45182451258534,-0.598738907112074,7.92319742338177
-0.853941118779221,7.14895491633892,7,4.10262929125546,-1.04264471786425,6.4301927966107
-1.0481026294832,6.5379950253643,5,3.43822212466179,-0.399849097385555,8.70060638511831
-0.308127242347082,9.18330047216048,10,6.35483162801573,-0.0197359148346201,10.3951069087611
0.902429572519713,15.5205529668961,16,14.012932606416,0.387168598263085,12.5197134226585
-1.36353566427058,5.65361533312022,5,2.48069047667952,-0.810400000121688,7.17200474977344
2.25723401836901,22.4636021441025,24,23.5979144841007,2.02480380691413,21.7841233264895
-0.20388927828763,9.63023878574696,10,6.86059823267694,-0.478388021750613,8.38499466178733
-1.2111268656333,6.06514108383273,5,2.92599114849063,-0.651538060013841,7.72870137693431
0.493311727332245,13.1235060922795,13,10.987730168885,0.328106182525591,12.192254163638
0.0927091350452646,11.0105450790702,12,8.45283558145213,0.455272246225963,12.9047025415637
-0.938270980603175,6.87694146867244,7,3.80635515581704,-1.14269382316058,6.13495143192206
-0.61721425141584,7.9706920974017,8,5.00366451118696,-1.07383664551753,6.33664529564669
-1.06299259002378,6.49333618043629,6,3.38978889370859,-0.103121650643273,9.99919736948308
0.830332854263668,15.0858368562674,15,13.4527145213284,0.803744171906813,14.9794699741426
-0.722140693611346,7.59556791871571,7,4.59109761104747,-0.547543287014635,8.11646289704581
-1.06018648177773,6.50172927524506,5,3.39889024139494,-0.773803040893655,7.29655225277736
0.342757503321305,12.2976535021817,14,9.98234191066294,0.455788293858283,12.9076490224309
-0.268342027209703,9.35156903319401,9,6.54472077493528,0.640983781871477,13.991125071742
-0.296309166287795,9.23298692010231,9,6.41083710934318,0.0409036762817797,10.6916195249896
0.774936497417534,14.7545777963597,15,13.0291950950902,0.990857022233362,16.1416886732425
-0.76195759987328,7.45781519050332,7,4.44014041796271,-1.76400240181198,4.57957093504069
0.0827384027637127,10.9615284467632,12,8.39546585859382,-0.0244947123633595,10.372143692781
-0.208703381899076,9.60916365353141,10,6.83664691011441,0.0989793746989982,10.9823495134992
-0.432397065315533,8.67587811333904,7,5.78589320399778,-0.757674282906349,7.35213380260779
-1.35304839428289,5.68103318023218,4,2.51036281987277,-0.700733518919785,7.55179928426396
0.160223321794956,11.347177739802,12,8.84854872497095,0.30365675923153,12.0585060398355
0.0634343168604669,10.8671422982228,10,8.28517200912384,0.0201230338979866,10.58919348626
-0.131002852224493,9.95449036688004,10,7.23041722674967,0.581332570491299,13.6367501902898
1.09719750374478,16.7062777711963,17,15.5655049651221,1.22014301011959,17.5696570376636
0.0194095619341877,10.6544285175912,12,8.03745515242442,0.422891536890855,12.7206897000618
0.239352074235819,11.7520894503126,11,9.32854363812663,0.0375428574009747,10.6749969114439
-0.00463181600121954,10.5397649787766,11,7.90440532407431,0.560380673894768,13.5134378656712
-0.936762630986375,6.88171549244746,6,3.81154797540205,-0.703714211363892,7.54121294685967
-0.494165996056725,8.43372563676134,9,5.51623367106436,-0.557286957481223,8.0793211585542
0.447214979482139,12.8668461396303,12,10.6732363728538,0.68232994144175,14.2394328545242
-0.838605659990909,7.19955404962161,7,4.15783703280734,-0.411570301820674,8.65277554419235
-1.19006509466132,6.12427815758913,6,2.98999741641683,-1.12293074284547,6.192172038948
0.910428271445085,15.568989621874,17,14.0756593873302,0.603689972201293,13.7690113400833
0.503327394351727,13.1796968650362,14,11.0568282864719,0.577449217586252,13.6138478176138
-0.222789823383372,9.54773844847666,10,6.76689741104289,-0.799361359283586,7.20934360816503
0.312901745573562,12.1382633090652,12,9.79048355832217,0.669788677296469,14.1638957487801
-0.174872635837358,9.75816244290093,8,7.00620232221676,-0.0194170043335124,10.396647382073
-0.578930997626318,8.11203367090833,7,5.15971924958021,-0.925584304884927,6.79386370568684
-0.282515792654747,9.29129546895989,8,6.47663061691494,-1.04374811884739,6.42685998558939
1.0823650794084,16.6158035341615,18,15.4458215056608,1.44375990466813,18.9151785346684
-0.386832978155565,8.85875806364282,8,5.99032363296629,-0.0944385897243265,10.0397845344867
-0.266059267643446,9.36131029720496,9,6.55573295895766,0.0440492562545704,10.7071976218017
-0.569681632945776,8.1465476142833,9,5.19787905581196,-0.175974495177555,9.66450728336251
-0.660552380100796,7.81359648245251,7,4.83061320593179,-1.3344793858656,5.60637394496112
0.270828380901499,11.9162151479558,12,9.52437081913408,0.739362422597963,14.5851933665233
2.08257554471381,21.8730700213643,22,22.7162605292432,1.81159991487656,20.8692983320812
-0.924660748304576,6.92013782848238,7,3.85334950058046,-1.10780304174181,6.23633328043031
1.14572062929197,17.0019543182099,16,15.9579844896504,0.880594375178768,15.4545426371503
0.189665803642255,11.4965425466698,12,9.02509540806748,0.225548472305001,11.6385247939114
0.909888022260968,15.56571696949,18,14.0714192965892,0.567957603281274,13.5579598206579
-1.38329503670657,5.60230758612807,3,2.42515779225471,-0.828364820904258,7.11165532763922
0.263523960810435,11.8779748033477,12,9.47867842864515,0.490264147059403,13.1054626198052
-0.238709188541212,9.47875464348742,7,6.68866834942761,-0.584679994852806,7.97580787017089
-0.300255656462303,9.21636690644119,8,6.39209735903097,-0.198820205802279,9.56169861534198
1.92760162072701,21.2516350534501,23,21.8145024403008,2.29192323344855,22.6798669211933
-0.552129087869502,8.21243861958283,8,5.27078953085524,-0.557100757545204,8.08002934117654
-1.22717594551952,6.02045645458678,4,2.87763343885457,-1.61404000537524,4.91540507291479
-1.10504147010413,6.36884373551946,6,3.25484643397954,-0.458316685733127,8.46456522360637
1.15819623677612,17.0778573390093,18,16.0590654149847,0.972506458555205,16.0270530746897
-0.585858281569496,8.08627800851824,7,5.13125661816178,-0.335988034791289,8.96575556548674
-0.950855711831667,6.83723771930517,6,3.76317743926576,0.477930541155567,13.0344783579698
0.979408750408969,15.9879990194584,17,14.62080473859,1.22187037744402,17.5803060156891
-0.321080293776633,9.12912988044433,9,6.29383321250331,-0.271009057843468,9.24352987516482
-0.692679437018278,7.69910600153197,8,4.70474707598147,-1.47295201208,5.25301540535077
-1.4891874645067,5.3349875473547,4,2.13561999461616,-1.15887444858693,6.08849804608819
2.0476506608957,21.7410931319324,23,22.5229316642514,2.04630532482318,21.866432167235
0.447154122044316,12.8665094532495,14,10.6728250290767,-0.124281152459712,9.90091367896668
-0.169531011337145,9.78187923008005,9,7.03323925246028,-0.0256147833209686,10.3667453615222
1.18214090247703,17.2233490353656,18,16.2531867046894,1.21029338053572,17.5088834905469
-1.44750786797242,5.43868917219928,4,2.24799148777759,-1.57951226082516,4.99602444759237
0.158624726955858,11.3391121991145,12,8.83903241534967,-0.07387951987895,10.1364761679134
0.164358402814276,11.3680620643012,12,8.87319765376097,0.623317915095177,13.8856836974016
0.0124881963349798,10.6213090415425,11,7.99899049173785,-0.0195786302510953,10.3958666351364
0.0550166962233008,10.8261973596864,10,8.23739843021156,-0.100557110111208,10.0111693202666
0.916617533761936,15.606493579764,17,14.1242698000382,1.05350370224673,16.5332836554102
0.317074829248196,12.1604517839904,12,9.81714983303496,0.753737018704684,14.6728836729804
0.739650905607692,14.5450659482872,16,12.7628613360047,1.25519406094617,17.7851635063965
0.568620578058741,13.5495871934789,13,11.5138875049441,0.685730541245896,14.2599469175735
0.376488539463244,12.4795199437542,13,10.202114290413,0.317094068199643,12.1318807185458
-0.063636034846187,10.2628434577279,11,7.58445081424619,0.0746762697978541,10.8598860772665
-0.00595649626631505,10.5334778095019,11,7.89711969424788,0.367671434149431,12.4109420649364
-0.349539607770858,9.0111637382733,10,6.16121772887545,-0.0920226392450801,10.0511038175621
0.294821749325875,12.0424726845835,13,9.67551740164734,0.792946513559237,14.913081813457
-1.48936897934854,5.33454015737163,3,2.13513502509395,-1.04374811884739,6.42685998558939
-0.253242484316018,9.41617846334755,10,6.61779948922381,-0.58467271933698,7.97583518642038
-0.278446491521209,9.30856299699015,9,6.49612921102893,-0.220474827842103,9.46519197191155
-0.56010032083679,8.18245111310251,8,5.23759773223243,-0.55695786838913,8.08057283991662
0.319908654736671,12.1755361500212,13,9.83528609366457,0.0274600937986392,10.6252604614754
-0.986401203561386,6.72631763957312,7,3.64263391086774,-2.06969679809917,3.96141400761498
-0.779506182307332,7.39788924930937,7,4.37455524393937,-0.440865425504397,8.53435276274178
0.0674285333322994,10.8866161185576,11,8.30790889555753,-0.549244187413555,8.10996702946384
0.658427956248519,14.0678636789723,14,12.1607198217102,0.510905063655366,13.2247895938502
-0.400137964800211,8.80497949953577,8,5.93013682814083,-0.587595753917908,7.96486804789599
0.265276457886182,11.8871411217699,11,9.48962737596193,1.01618846273681,16.3000155963899
-0.0733888890961279,10.2176865883906,12,7.53245837389541,0.791858605922195,14.906398474664
-0.419484479716321,8.72733591674677,9,5.8433459369321,-0.16627997068589,9.7084429277754
-0.561968295873855,8.17543928487108,8,5.22983899796692,0.187275173593628,11.4368803991546
0.0466984358370037,10.7858626987245,10,8.19037943466265,-0.0920208837722465,10.0511120465386
0.964694842437467,15.89845582936,17,14.5039302287397,0.908193679900631,15.6260708408795
0.071383773341784,10.9059285411024,11,8.33046709575229,0.292884093720445,11.9999172333015
-1.2856258903552,5.86043716039322,5,2.70448653063015,-1.05214471940904,6.40155507924957
-0.951686618884725,6.83462428895208,6,3.76033589791756,-0.751011378749273,7.37521959396031
-1.33606135396123,5.72572022390912,5,2.55872052950883,-2.17689772002866,3.76390546411872
-0.117487979123027,10.0156830934047,11,7.30049082733758,-0.490498975121848,8.33733977360199
1.7936911724545,20.641719250736,22,20.9461479045799,1.44303796099,18.9109743972604
-0.214222532016105,9.58505389020561,10,6.80925942723608,-0.0528771972181279,10.2361130111764
0.314411896999979,12.1462894496156,12,9.80012786607681,0.290354772830455,11.9861916597079
1.01469284313128,16.2029823954488,17,14.9022287149216,0.712469821173013,14.4217119064856
0.341687440945853,12.2919149547696,13,9.97542221655109,-0.0556303952180739,10.2230020652527
0.401564932696142,12.6159315404625,14,10.3675609029166,0.46081871330495,12.9363938109298
2.2724014885121,22.5095685682348,23,23.6679660276963,2.00712295844798,21.7150665653135
1.29968478991749,17.931896372536,20,17.205290957201,1.63920803558032,20.005441469374
-0.309785074259283,9.1763505295248,9,6.34700211674126,-0.116419059332009,9.93732933765056
-1.07097530696329,6.46951838915701,5,3.36396391975274,-0.538653336218178,8.15049867542237
-0.617109206958118,7.97107660654185,8,5.00408857995258,-0.837153401491342,7.08231910876734
-1.04678110570905,6.54197327455836,6,3.44253730916671,-1.08563700436764,6.30161306193872
-0.306473899517039,9.19023650320021,9,6.36264652007639,0.143350175246419,11.2088888541208
0.885430897266587,15.4177418631741,16,13.8799917697475,0.435271697410088,12.7908397600407
0.760936472604834,14.6713036797377,14,12.9231933235855,1.03384885627201,16.4104204830672
-1.78751480250543,4.6465918608488,3,1.38633108040991,-1.89875131171869,4.29661421336652
-0.860410702977271,7.12771440249827,7,4.0794635657534,-1.21454977471182,5.93133052756336
0.923530822816472,15.6484089881806,17,14.1786410966056,1.43696392101803,18.8755589331506
-0.184926224735582,9.71366593676248,9,6.95551244679838,0.46798266846921,12.9774004097751
0.311086161945526,12.1286189744803,12,9.77889715894356,1.13718013840823,17.0554432074951
-0.549369370944104,8.2228454769484,7,5.28231220776924,-0.802015016895395,7.20034954484155
-0.808335993003852,7.30047137615065,7,4.2680430182546,-1.16450417173713,6.07241827149624
0.140890165619885,11.2499416802702,11,8.73393834096202,0.476388633288739,13.0256210325159
0.107213101143304,11.0821692893287,11,8.53677899478556,0.230514160963581,11.664888640618
-0.37717234480656,8.89800171260584,8,6.03428137854295,-0.470318907576746,8.41689470590878
-0.422042291338126,8.71711968196677,7,5.83193524107442,-0.928445757048258,6.78473094126573
-0.042134135093797,10.3630169803652,10,7.69996894871115,0.437198031984847,12.8017778097351
-0.232015265862342,9.50770554040631,9,6.72148600457369,-0.423556742869572,8.60412816870209
-0.161071209311787,9.81954743936727,10,7.07620802822837,-0.779218163800415,7.27798647943789
0.59536398918251,13.7028156071528,15,11.7043451436817,0.40947087183296,12.6449325602918
-0.827890901721927,7.23511754338227,7,4.19665890259474,0.0352643977656275,10.6637402427943
0.441718781492677,12.8364623772147,14,10.6361280129632,0.637240189017333,13.9687473508643
1.14901997280393,17.0220337422758,17,15.9847115930698,1.18311493565066,17.3407641293221
-1.31509178273745,5.78135879763774,5,2.61892443260479,-1.40092248727365,5.43399780423895
0.339026560870334,12.277653432414,13,9.95822923912307,0.266140744444796,11.8553834993268
-1.59952957337198,5.06962500844967,4,1.84762015708486,-1.82367247180466,4.45215110202153
2.27214605124837,22.5088012490153,23,23.6667946124846,2.19385704618313,22.3824379920405
-1.15908020077035,6.21231176405753,6,3.08530136148171,-1.52967653283999,5.11465181916895
0.585333829098688,13.6452333135153,16,11.6326955446745,-0.249512997687374,9.3372137618693
-0.730554491576143,7.56625140677308,8,4.55894758238669,-1.30830020096882,5.67576553021826
-0.170041755649909,9.77960927295537,10,7.03065094627013,-0.4574063521155,8.46819172638904
-1.17971632674502,6.15354316315621,4,3.02167611135932,-1.66750867518365,4.79303508233869
-0.719513215309825,7.60474587140984,8,4.60116528070982,-1.58192341782813,4.99035325851435
-0.411607843543818,8.75886813051178,8,5.87857818261842,-0.298094359451333,9.12675852838397
-0.212338619159441,9.59327731177537,10,6.81859931133646,-0.253841483315958,9.3182774071057
1.07787965400108,16.5884391846574,18,15.4096611509985,1.06957535148772,16.6337176398428
0.327515259976943,12.2160928553932,14,9.88407945563354,0.427271355023715,12.7454781127736
-0.566774811128174,8.1574239318886,8,5.20990867749826,-0.335816631935641,8.9664776391414
2.06391212885342,21.8031278189337,22,22.6136649026572,2.02832980221779,21.7977465999339
-0.270310007845976,9.34317858296042,8,6.5352373463483,-0.137666131549869,9.83919697751369
-0.0129833818428256,10.5001807704014,11,7.85855149991832,-0.177462490148798,9.65777999351844
-0.971897604414726,6.77135924357353,6,3.69156922921579,-0.94979610064351,6.71697863638241
-0.160305370406553,9.82296388346845,10,7.08010688896578,0.557194247691327,13.4947391106288
-0.664922223317078,7.79792597503993,8,4.81337333662768,-0.268468916641147,9.25455367708729
-0.747367330270372,7.50800382380846,6,4.49510792170013,0.164739059219409,11.3194466002201
0.0592556496585716,10.8468003037222,10,8.2614320105643,-0.101205535780859,10.0081410742627
-0.0100418492445854,10.5141082609309,12,7.87468038977175,0.174150339997394,11.3683702919944
0.498630044166007,13.1533247789281,12,11.0243873850511,0.355823530641434,12.3451668303094
0.560037154600351,13.500615697977,13,11.4531557621931,0.791766026754918,14.9058297808812
1.009147772896,16.1691771015727,14,14.8578996136613,1.28456661459916,17.964713940116
-1.68156842020168,4.88064298787588,3,1.64195637598063,-1.85120633424152,4.39450011104301
-0.971966349555787,6.77114504892459,7,3.69133647327868,-1.08622024371554,6.29988663425396
-0.534799742576233,8.27800019877545,9,5.34341356889301,-0.111590383209178,9.95975514453391
0.18769530655649,11.4864978053296,13,9.01320388677667,-0.0929670751447555,10.0466775487216
-0.382415681183926,8.87668167110555,9,6.01039631552754,0.397248538330688,12.576203845861
-1.91418995541869,4.38083796030527,2,1.09442740198757,-1.39294794181365,5.45440737321352
1.22542896547344,17.4855576640223,17,16.6042412884577,1.58958472710714,19.7385825411915
-0.215699088689122,9.57861312301193,10,6.80194531249214,0.251812986193156,11.7784901591378
1.08930286054754,16.6581255141471,18,15.5017827012982,1.10340122028119,16.8449219311978
-1.23116735831074,6.00939377652798,5,2.86566208439394,-1.39174066829372,5.4575037642525
0.973314277390023,15.9509013945352,16,14.5723592265758,0.928141361811834,15.7502765396444
-0.755737757691955,7.47916999358592,7,4.46352416928391,-0.924923257431997,6.79597530700415
-1.63920205331358,4.97737258270993,4,1.74729449823439,-1.8400153298494,4.41784595412241
-0.265090656821725,9.36544651261864,9,6.56040946038801,-0.270342338449823,9.24642212182688
-0.514872523975383,8.35401837799922,9,5.42771979110488,-0.527869568406982,8.19197568459699
-1.0292346266576,6.5950220293411,7,3.50009055369414,-1.03795240107791,6.44438534932637
2.61346645388354,23.3442781429093,25,25,2.17767503360916,22.329940686742
1.06066075835992,16.4833822755942,18,15.2710017248959,1.33567301239046,18.2744247972736
0.774631004587133,14.7527586720356,16,13.0268774775048,0.70569576898466,14.3806548603299
-0.00251945127045361,10.5497972958271,12,7.91603294561788,0.145995794384673,11.2225163100644
0.856739911492326,15.2446375620874,16,13.6567832384478,0.865743291989254,15.3624216883505
-0.163335449716522,9.80945282954694,10,7.06468963456772,0.417522139421466,12.6903442298696
-2.13672140589677,3.94866028860001,1,0.614346454477201,-2.48064239464184,3.25295651696944
-0.31188094393433,9.16757130034796,9,6.3371133166954,-0.48336196885765,8.36539039801121
-0.879469963642766,7.06550301152095,7,4.01164457710308,-0.93976495171059,6.74872548005754
-1.39232848398808,5.57900286480152,5,2.39993099268531,-0.905199662776249,6.85928514086418
1.40568728384406,18.5578710171269,20,18.0553723490308,1.17881637995963,17.3141220106699
-2.01692720384123,4.17600807209005,2,0.867868424398569,-2.41165401782918,3.36300363289391
-0.469343213231876,8.53024624972059,9,5.62358106268555,-0.881502659922187,6.93613845094097
-0.0267995039566169,10.4349769662935,10,7.783106732697,-0.381564189247361,8.77573701699278
0.190649398344797,11.5015590668093,10,9.03103526033567,0.467665285267114,12.9755819591335
-0.367953546075057,8.93560429025561,9,6.07643109596934,-0.0640313124324892,10.1830886183424
0.837899256138972,15.1312833007364,15,13.5110476153974,0.270762018300377,11.880265404045
2.61346645388354,23.3442781429093,25,25,2.67741028295186,23.5470701070828
-0.506178509744666,8.38739577214195,8,5.46477033720483,-0.736323564050337,7.42636916286787
-0.792328109050736,7.35440535829725,7,4.32699606136294,-0.712563346097627,7.5098720808154
0.125189347487057,11.1714687635028,12,8.64162729423025,-0.0483606828705856,10.2576533774436
-0.244320869677185,9.45454700943068,10,6.66124214454839,-0.605427669861619,7.89828916445083
0.970858844558211,15.9359584670925,17,14.5528551752373,0.105696017268893,11.0163972444229
-1.29990470173519,5.82198516083045,5,2.66288217818146,-1.59740202820575,4.95409487484262
-0.248808671289288,9.4352286274316,10,6.63936480331871,-1.08490747377042,6.30377319121953
-0.12771263046134,9.96935700771648,10,7.24743314016104,0.367275488940383,12.4087399698195
0.133091554886943,11.2109086206238,11,8.68800163979761,-0.0741293813159932,10.1352960388627
-0.713111476558929,7.62715335622132,8,4.6257502996579,-1.19978374611945,5.9726145737522
1.74054083616638,20.3819744298312,21,20.5800773723251,1.99156291872054,21.6532664685397
-0.344402022972875,9.03235267610155,9,6.18501597576545,-0.17980009238213,9.64722035521749
-0.541130396577538,8.25399088212435,9,5.31680878875472,-0.355860620475114,8.88241708182359
0.255537348792958,11.8362687579251,11,9.42889057067362,0.660711905913577,14.1093432630473
-0.0587930229058493,10.2853320959458,10,7.61036251031558,-0.0719767998403737,10.1454670076358
0.738778105716301,14.5398995186266,14,12.7563088058102,0.915724338951087,15.6729401813643
-0.740400352634813,7.53208682072563,8,4.52149698245801,-1.11408477033556,6.21795720980352
-0.0895001936948149,10.1434720197775,11,7.44711904489628,0.235688691928786,11.6924103183574
0.485611971191627,13.0804102193557,14,10.9347947492425,-0.646872484009653,7.74569322634217
1.15104236878136,17.0343397928958,19,16.0010963897532,1.27324431410233,17.8956245894127
-0.711324978945387,7.63341809411373,6,4.63262519866966,-0.756913234839406,7.35476700388273
-0.175584287363361,9.75500664964873,10,7.00260574597813,-0.338831678015976,8.95378424479423
-0.555006919251779,8.20160000089538,6,5.25879088568636,-0.345710074478729,8.92489092216338
0.128360030852411,11.1872800998618,10,8.66021369320743,0.111092875603887,11.0438181847276
0.155299799074744,11.3223512850795,13,8.8192622366486,-0.555432007308299,8.08637893709154
0.327135492156499,12.2140657081452,13,9.8816395364683,-0.306131780199192,9.0923790510074
-0.0407296028433363,10.3695899899454,10,7.70755757435478,0.612030923999302,13.8185288734526
-1.83686981811581,4.54126810152104,2,1.27088339216859,-0.857515343347396,7.01482056441367
-0.0196592288365657,10.4686310424958,11,7.82203313597094,-0.204063605610571,9.53824670419872
0.91716199023805,15.609793716718,16,14.128548984227,1.19928521888043,17.440861540503
-0.208183670890999,9.61143680683008,10,6.8392297923639,-0.715320111616051,7.50013533394278
0.878358659938083,15.3750208418182,17,13.824832183143,1.11820525107817,16.9372442682588
-1.05277270061008,6.52395565090801,6,3.42299463377997,-1.2147766661663,5.93069839315909
-0.121279605952452,9.99848153482806,10,7.28078366705737,0.0975422643976218,10.9750759476496
-1.34950121078537,5.69033631380998,5,2.52043048953512,-1.99218977551128,4.11022066265302
1.27689652618764,17.7954762861067,18,17.0211275150884,0.618369148233299,13.8562190181289
-0.537316834798223,8.26844589088472,8,5.332825149732,-1.00228297728591,6.55330995034483
-1.27689683045889,5.88406664191833,4,2.73005317677325,-1.27263059598858,5.77168486782322
-1.1145867271176,6.34091381356039,5,3.22458518458357,-1.10363061854623,6.24856909063102
2.48215913642197,23.0650977262414,24,24.5387109233251,3.27296548022926,24.2490662110942
-0.288558782451767,9.26570788670925,8,6.44774914297829,-0.349941062020815,8.90716301579623
0.401927254409012,12.6179099709266,14,10.36996424989,0.206260395932522,11.5365594108296
-0.266876313525124,9.35782262027125,10,6.55179000846655,0.0716415416251381,10.8446748857029
-0.418539184119702,8.73111444632575,9,5.84756677974334,-0.556111855608904,8.08379151365114
0.792581677208576,14.8597977956286,17,13.1634006197391,1.19637707485126,17.4228746426975
-0.874324653973087,7.08224462077807,7,4.02989072781372,-1.03427661947792,6.45552529824284
-0.289892831394038,9.26006803428969,10,6.441385222668,-0.369925386254385,8.82388781531726
-0.697252151540072,7.68294507269995,8,4.68699704843919,-1.1964672221398,5.98192656496442
1.02300029159879,16.2536389240914,18,14.9687078652865,1.41270347947189,18.7333393083412
-0.855327594577984,7.14439765777174,7,4.09765850571174,-0.70977348570394,7.51973869360489
-1.05328157283254,6.5224276608297,6,3.42133742144917,-0.453125044625459,8.48526772273604
-0.749402197429777,7.50098418154545,7,4.48741770143686,0.227173123118345,11.6471453148002
-0.00280888984628083,10.5484221728155,11,7.91443900398937,-0.534845113723773,8.16512212676704
-0.0513742521044775,10.3198648729815,9,7.65017611062046,0.295487762210232,12.0140584044415
-0.753090737942571,7.48827640965062,8,4.47349778266434,-0.147476466158543,9.79418636500506
-0.465735546130398,8.54436256212967,9,5.63929593657576,-0.608670847528046,7.8862401468766
0.0446579811207866,10.7759879686701,11,8.17887466414153,-0.168982007796171,9.69617875110637
1.01319635034653,16.1938584972298,17,14.890261698425,0.99064379512424,16.1403562933819
1.83329877894907,20.8289103556461,22,21.2112489450338,1.81513951736977,20.8859221009977
0.100797881815601,11.0504423143717,11,8.4995783976721,-1.2665144789241,5.78829264597017
-0.604724494945936,8.01653758173666,9,5.05424451289596,-0.893876541790964,6.89589985636276
0.10618604335083,11.077084883331,12,8.53081562895617,-0.201825721104315,9.54824941405076
-0.0563581422262846,10.2966547954768,11,7.62341342809017,0.494104307453881,13.1276128626899
0.612363156723838,13.8007122270741,14,11.8263698195805,-0.23543267996725,9.3990642869209
0.172673895413301,11.4101521745508,13,8.9229104224391,-0.167149674790897,9.70449389669052
0.765592636500848,14.6989781286329,16,12.9583999841563,0.348044579838366,12.3021145654958
1.30461761393834,17.9613522587215,20,17.2451077834006,0.854647108379724,15.2936824551099
0.383011543310229,12.5149057214036,14,10.2449821568496,0.983644188732397,16.0966225029239
0.422525247533875,12.7307295165288,13,10.5071950253438,-0.0527567325299019,10.2366870147988
1.08458321263343,16.6293351452118,17,15.4637093371293,0.78835847527105,14.8849031367094
-0.54954596303208,8.22217916650783,8,5.28157439685523,-0.442658897244226,8.52715467800057
0.793912671998553,14.8677462340239,16,13.1735507906922,0.61426168591919,13.8317879754913
0.364845629444916,12.4165330315229,12,10.1258952979141,-0.233264994641488,9.40862049566426
-0.775741036174952,7.41070646321177,7,4.38857865431653,-0.596067208397838,7.93316851301162
0.879164466429596,15.3798868111629,16,13.8311125050051,0.127021686924709,11.1250798260539
-0.219870693257734,9.5604379355972,9,6.78131078755018,-0.377819147489203,8.7912026815952
1.23747400558988,17.5582887596376,19,16.7018869053361,1.3989143100602,18.6519796422131
1.8391545358895,20.8561108010623,22,21.2498668155173,2.5267481690594,23.2595142657737
1.48205167759876,18.9975133304824,20,18.657271747524,1.81515210589614,20.885981139278
0.999183121083429,16.1084444593512,17,14.7783317905247,0.948785155714553,15.87898618565
-0.378834353937064,8.89123852613753,9,6.02670348426884,0.185046843153875,11.4252256842469
-0.0482631229320838,10.3343765926827,11,7.66691586410225,-0.595379906993347,7.93573563151675
-0.53728621696529,8.26856204483281,8,5.33295386553357,-0.939990733331166,6.74800925479
0.352918668631943,12.3522409856992,13,10.048210566516,0.168625520761734,11.339629520237
-1.38767238929945,5.59100293163948,5,2.41292103591404,-2.29923138856595,3.54975875787077
1.99284118402285,21.5244935063367,23,22.2079050913394,1.81242820731372,20.8731926209451
-1.81183725510556,4.59439901488961,3,1.32915750107351,-1.25527904803562,5.81892537419697
-1.68494271517478,4.87301718367359,3,1.63364503330039,-1.58128440334371,4.99185565174856
0.318360691842689,12.1672947097598,12,9.82537645291823,0.320037367911928,12.14799598903
-0.113336085062684,10.0345493364941,10,7.32211339987596,-0.241301883820267,9.37323585281216
1.34036967758329,18.1739743798633,19,17.5330633136504,1.52761664235132,19.3953371192838
0.837549560216848,15.129181914494,14,13.5083491549919,0.978509301187971,16.0645453054076
-1.33230061919352,5.735659840467,5,2.56947606518313,-1.13825853973116,6.14774671220951
-0.0713437529848301,10.2271413336864,9,7.54334014209809,0.24459693785199,11.7399073964276
0.359895106912323,12.3898187977262,13,10.0936022936994,0.847318373767888,15.2483268544494
-0.351132046117059,9.00460557524919,8,6.15385389998141,-0.16171317893774,9.72920353787742
-0.313058532223622,9.16264204353278,10,6.33156180844672,0.409566724604626,12.6454725586149
-0.549671227521457,8.22170655521119,8,5.28105107545141,-0.646023907451488,7.74878774122466
0.0561212525511323,10.8315627712727,10,8.24365618580946,-0.0256171782075242,10.3667338216954
0.353719286326981,12.3565493295435,12,10.053412798275,0.0646386943956194,10.8096425998348
-0.197714822599963,9.65733105391157,11,6.89140302637576,-0.589612951987908,7.95730837471873
0.461570949754025,12.9464292739975,15,10.7705552429568,0.544170015900022,13.4184629821767
0.238712964958659,11.7487748318474,12,9.32459636127701,-0.126731156137082,9.88959061557424
0.280287881282879,11.9658746764496,13,9.58376749028056,0.706895952897501,14.3879253925539
0.659083369639025,14.0716838023966,15,12.165515198859,0.698792368578674,14.3388663523213
-2.0131344338046,4.1834051133794,2,0.876078268887374,-1.43671529896156,5.34331267699788
-0.256737272330148,9.40118795404642,10,6.60083558411456,-0.577669436321351,8.0021727312931
-0.766487763109785,7.44229954396521,6,4.4231546760542,-0.452050168801997,8.4895601838035
-0.382595534697358,8.87595122592298,9,6.00957815802597,-0.129413296546762,9.8772082429876
-1.09822272595507,6.38887016373783,6,3.27654728106625,-0.943309871835768,6.73748913381642
1.58541817665902,19.5727842117064,21,19.4509597300446,1.88728858455649,21.2143907191846
-1.54545042809135,5.19804225890871,3,1.98708716313073,-1.42430261980798,5.37459196658942
0.552514062948355,13.4577782889244,14,11.4000860842339,0.68659885265059,14.2651871515036
-0.218051318532879,9.56836084458368,9,6.79030483222565,-0.177637779694399,9.65698778758907
-1.34799414841528,5.69429336888256,5,2.5247126756745,-2.10710723882778,3.891412408933
-0.306036441971491,9.19207252592791,10,6.36471536054727,0.0170445505579841,10.5740919907497
0.544179527669417,13.4104134754143,12,11.3414672453303,0.362545602202018,12.3824552555954
0.00368262951831155,10.5793002933587,9,7.95024224364202,0.0482829276435502,10.7281949573952
-0.667631128308947,7.78822719589144,7,4.80270523191453,-0.853711129787983,7.02738167055699
0.663262056543085,14.0960518166617,14,12.1961137174087,0.636619957218279,13.9650415773436
1.65015518713604,19.9191584684469,20,19.9323422390778,2.00580905432404,21.7098852684893
1.28856872820196,17.8654194565328,18,17.1154991446705,1.0798002296056,16.6975907876671
-1.36748075426407,5.64333484426713,4,2.46956411135604,-1.60089510125109,4.9459477588212
0.0366533993100654,10.7373234309275,12,8.13385194168563,-0.0353474566680608,10.3199415107726
1.41466605337056,18.6101169960549,19,18.1266915751902,1.32141483082886,18.1883946601972
-1.20666398764329,6.07762476429667,6,2.93950186788693,-1.41398474156506,5.40072923797633
1.81554336999139,20.745683400587,22,21.0932420162866,1.52993668327323,19.4083756830911
1.24820823542148,17.6230075324678,19,16.7888731621846,1.00330075888251,16.2194562342271
-0.705992321488152,7.65214837675061,8,4.65318330576587,-0.586963986598618,7.96723714223997
-0.455386448852066,8.5849819872046,8,5.68453695310564,-0.095270802425671,10.035888090801
-0.517674449544907,8.34328887191361,9,5.41581395593197,0.136399696589978,11.1731514270108
0.456654770768003,12.919140266922,13,10.737164727789,0.86006569318179,15.32723980056
-0.357198852300632,8.97966183484229,9,6.12585418390304,0.260032290888396,11.8225546593532
0.213093690999677,11.616494966244,13,9.16731214926287,0.603561038550614,13.7682466380527
-0.1429813237635,9.90053408270267,10,7.16870513746111,0.106516758338909,11.0205637133957
-0.224303290061126,9.54116030599862,10,6.75943295777648,-0.624413506518645,7.82801436244217
-1.6933892900561,4.85397838890629,3,1.61289005799891,-1.44284093108693,5.32794229343705
0.43280315622464,12.7872760615814,13,10.5761103192855,1.08506309532588,16.730457955865
0.734916964188398,14.5170534858173,16,12.7273421486989,0.712463263735106,14.4216721379081
-1.26174461678499,5.92530588073407,5,2.77467381794191,-1.30326752718374,5.68920249137626
1.71797481995006,20.2688414841574,21,20.421230317621,1.58093043160207,19.6912913403197
-1.75027003183222,4.72761617544925,3,1.4749569946683,-1.25990238529286,5.80630064923261
-0.356593075329869,8.98214955618275,9,6.12864609535111,-0.217145550702919,9.47996979560903
0.359950980076854,12.3901200773388,11,10.0939663795422,0.749489416426936,14.6469502553459
0.203450023889188,11.5670011276594,11,9.10858466483663,-0.222257408047529,9.45728842897612
0.180142808608792,11.4480623657584,12,8.96772696474044,-0.199487800048218,9.55870971220817
1.59885247771316,19.6456119814994,21,19.5519479549593,2.11699923891914,22.1242006643846
-0.560507921006967,8.18092060281459,9,5.23590411527193,-0.511129015296734,8.25677971898561
-0.901999356864518,6.99265835020265,5,3.93229111633047,-1.3518346948113,5.56083455130452
2.17825637312407,22.2107250222228,24,23.2165879562001,2.47769312276038,23.1526140216842
0.231497890147019,11.7114047835092,12,9.28011421525884,0.355042997601481,12.3408422099264
0.399516786963863,12.6047517692843,12,10.3539820499976,0.369338931658722,12.4202190350526
0.165414332003323,11.3733999608558,13,8.87949963221803,0.0090983826889141,10.5351981451874
1.335474347956,18.1449560813665,17,17.4937075080574,1.33923327144718,18.2958578580865
0.286101449936586,11.9964705364034,11,9.62039620662297,0.256304758528108,11.802555507982
1.41431358304106,18.608068626947,20,18.1238943538421,1.52671223797132,19.3902505932017
0.0922677082854599,11.0083711840321,12,8.45028989026664,0.475652682830179,13.0213947742166
-1.06082235320937,6.49982643786446,5,3.39682678890758,-1.15407829690635,6.10223058035621
1.06622079400574,16.5173063478345,16,15.3157473803944,0.818396967370525,15.0697155751343
-1.35282855167205,5.68160932467505,4,2.51098631821372,-0.509636297329541,8.26258279206606
-0.0990090482439007,10.0998944391283,11,7.39707224621113,-0.155732900680342,9.75645175678872
-0.794304283271346,7.34772593898142,8,4.31969293698391,-1.06174014422154,6.37276008739375
-0.80772639384517,7.30251806056422,7,4.2702794566169,-0.736103711239946,7.42713750336134
0.512564492479634,13.23165146767,14,11.1207957191935,0.470121584813078,12.9896595588793
0.283728354577356,11.9839743141127,12,9.60543288905528,0.199441231196021,11.5006779383298
2.3053701575853,22.6066672151738,23,23.8167870095088,2.22485628700982,22.4802643993821
0.725655276497788,14.4623168132707,15,12.6579991209571,0.620995955288497,13.8718548679053
-0.397286377329127,8.81647934926702,8,5.94300198255389,-0.685661729324364,7.60555853449705
-0.34713330533662,9.02108220430843,8,6.17235641138652,-1.01368618529988,6.51828727282491
-1.05623641509415,6.51356215647492,5,3.41172249673241,-0.914853426075795,6.82822380805816
-1.40610884211893,5.54363412729657,5,2.36164095271159,-1.56400873270544,5.03263926791194
1.55831842293798,19.4244471196949,20,19.2456256511266,1.30209042999771,18.0713212266472
-0.244614386258193,9.45328241029736,10,6.65980977451293,-0.598298358702966,7.92484073723449
-0.690115546150119,7.7081819649622,7,4.71471725861408,-0.400912570240487,8.69625603572385
0.055796429854189,10.8299847054428,11,8.24181558771741,-0.301839327183224,9.11072425791517
-0.247011591744174,9.44296003304166,10,6.64811931340041,0.643579058377047,14.0066490666702
0.551349686725252,13.4511552902496,14,11.3918856714985,0.703414950914006,14.3668424287743
-0.888609673587026,7.03586121923824,7,3.97934692359742,-0.858454860847623,7.01172187712471
0.697455815461057,14.2962301235578,14,12.4480949706255,0.201790479147629,11.5130294277551
-1.09642524622967,6.39415966304658,6,3.28227944008752,-1.25484715745302,5.82010611075803
-0.431481067579889,8.67951885806802,8,5.78995635005584,-0.268760548404586,9.25328740834004
-1.35799018892814,5.66809722363219,4,2.49636342343217,-1.33913847263609,5.59411268295484
0.891317238374917,15.4533235488123,17,13.9259697930955,0.706246210119065,14.383989150686
0.12213678804196,11.1562636120929,10,8.62375972189104,0.535079078023691,13.3653697357138
0.520691784076327,13.2774675819389,14,11.1772679633406,0.419926764573068,12.7039281550382
-0.281987541469042,9.29353534627949,10,6.47915952534883,-0.375067977140772,8.80258088790759
1.04521951047643,16.3891717387433,17,15.1468847387277,0.400319760659229,12.593450145429
0.97402772634629,15.9552435882304,16,14.5780278722589,0.275610633809097,11.9064135412217
-0.61087573221771,7.99392641199613,7,5.02929377040153,-0.39515257897136,8.71984383388385
-2.0655142785722,4.08234071068284,2,0.763706775725944,-2.94117494547917,2.59949835130679
0.718554733554287,14.4204145444456,14,12.6049707216771,0.476090121480707,13.0239066992727
0.658859611655501,14.0703795544464,15,12.1638779391271,0.169347795433102,11.3433835696056
0.128534143552765,11.1881488775947,11,8.66123514309009,0.134481880145453,11.1633069228513
1.40073902477315,18.5290198785751,20,18.0160128000009,1.23852501845271,17.682832469315
-1.12586901120007,6.30805730213304,5,3.18899167643604,-0.92782161370721,6.78672193167903
-0.528263068769856,8.3028620017087,8,5.37097417872918,-0.782780146600846,7.26580024372192
-1.10764828182145,6.36120402180687,6,3.24656858377277,-0.713215524041101,7.50756747310567
0.0597245854961735,10.84908152508,11,8.26409376035765,0.61173190011109,13.8167520530677
-0.959514492381849,6.81005203100167,7,3.73362217731977,-1.47526800972086,5.2472952945908
1.36209820696819,18.3023831413792,19,17.7074281192234,0.983044499186018,16.0928760286639
-0.126358683528259,9.97548048836439,10,7.25444344332012,0.147986134126807,11.2327773197552
0.8554957201724,15.23714379555,16,13.6471382602566,0.672165921931038,14.1781997172618
-0.387072286967886,8.8577880277225,9,5.98923747816074,-0.507244261000421,8.27189047752475
0.681057974101507,14.2000626580496,14,12.3269029516277,1.06141607436337,16.5827339316602
0.677664207630301,14.1801983691318,13,12.3019013717196,0.665694817533308,14.1392787884179
-0.462697863829857,8.55626603238488,9,5.65255040676716,0.0167153491711338,10.5724781957455
0.424950494939217,12.7440575796444,13,10.5234303760811,0.38456236040938,12.5051357269159
-0.417963095902211,8.73341794902145,8,5.85014007156871,-0.609709494432834,7.88238527093341
0.75184181820721,14.6173103177493,15,12.8545643649429,0.64344477652197,14.0058456324661
-0.926756858362625,6.91346768524578,7,3.84609161637299,-0.90475614173547,6.86071561431209
-1.38988958569766,5.58528545253901,4,2.40673194907182,-2.0114444749041,4.07277053667022
-0.18085050283358,9.7316825596166,10,6.97603115431675,-0.557098000506962,8.08003982760943
-0.719967009535291,7.60315995786113,8,4.59942553709589,0.103045109972453,11.002948914221
0.782781756896744,14.8013242487795,16,13.0887821415345,0.679884326597122,14.2246880921676
2.25852810519869,22.467556168057,24,23.6039306559721,2.5912968167108,23.3899106899038
0.22598147446984,11.6828943599786,12,9.24620335669421,-0.347851041699367,8.91591597895783
0.98128068704878,15.9993960795488,16,14.6356950331263,1.15392647222656,17.159610363961
-1.20762660030524,6.07492998008577,5,2.93658534705226,-0.802756377834096,7.19783887235789
-0.541494742089055,8.2526111442972,8,5.31528021928143,-0.353266741256429,8.89325225770794
-0.341835362019243,9.04295594873529,10,6.1969285851902,-0.739024664667381,7.41693591552622
0.284325262836233,11.9871165980173,12,9.60919514200598,0.511361966728254,13.2274384247122
0.490500643728793,13.1077620195934,15,10.9683854265504,0.404135634280073,12.6149003022299
-0.761697841309643,7.45870582236193,7,4.44111554007254,-0.620647443180053,7.84190418690024
-1.53710772519859,5.21813117286434,4,2.00888737937592,-1.69114292375948,4.73988523909412
0.235708891554521,11.7332043447946,13,9.30605795164796,-0.166602055156639,9.70698027851156
-0.483500751972006,8.47506647320154,9,5.56218975062809,-0.796195359956258,7.22008901759302
-1.01297716835155,6.64455373577379,7,3.55384832236413,-1.48907502289783,5.21332050009109
-1.3130434037989,5.78682207739261,4,2.62483578228635,-1.02549578615625,6.48221541728461
-1.50442660890182,5.29755335434565,4,2.09503560816677,-2.39914738184242,3.38331930863051
0.061470827248064,10.8575799529274,11,8.27401099345663,0.0509292159217729,10.7413373259052
1.6352290057922,19.8403400539369,20,19.8225596834414,1.46513103380935,19.0391131594867
-1.44326362622399,5.44935848297947,3,2.25954860313677,-1.59738684690294,4.95413031149171
-0.816473616064158,7.27320420836451,7,4.23825310257692,-0.639681182860348,7.77195719731476
-0.76937056754618,7.43244265241909,6,4.41236561802913,-0.251305033211475,9.3293695162316
-0.30712108309921,9.18752088331152,10,6.35958667997708,-0.248769189449613,9.34047145068315
-0.624000847026192,7.94588860913109,8,4.97631444696148,-1.22603668454533,5.89941152288332
2.61346645388354,23.3442781429093,25,25,2.4010923481003,22.9712408487396
-1.6211096486007,5.01924107805049,4,1.79284242241557,-1.03336665581185,6.45828606067422
0.25639633406434,11.8407490634976,11,9.4342367921082,0.270392215124094,11.8782728610393
0.267925515664976,11.9010069267305,12,9.50619411733581,0.546185832706305,13.4302523508675
-0.832271049455792,7.22055836806997,6,4.18076385282628,-0.695104637462428,7.5718318903584
-0.616016166119988,7.97507869670796,7,5.00850256808492,-0.18492061830353,9.62412683966926
-0.272694067835355,9.33302354864644,10,6.52376157774479,0.194893309958511,11.4767962923151
-0.156021874874484,9.84209254929484,10,7.10194172897732,-0.522267205849872,8.21360647022775
0.849187130069324,15.1991645660341,16,13.5982792933543,0.683699292535692,14.2476918189298
0.657750921819701,14.0639180841607,15,12.1557673650756,0.679769455599864,14.2239957007578
0.382809482367063,12.5138085459833,12,10.2436524679582,0.785954605525665,14.8701464989153
-0.309309938783769,9.17834188299789,10,6.34924538340423,-0.0661465159868569,10.173061043292
0.705086203942025,14.341084080801,16,12.5047077970992,0.347544901709528,12.2993527550479
-0.18522437432092,9.71234916462392,11,6.9540131047838,-0.535931763058884,8.16094676972901
1.62615540253348,19.7921137442631,20,19.7554591252339,1.40064621860776,18.6622185343099
-0.543174536481271,8.24625283886471,9,5.30823649659294,0.0431996787850233,10.7029882831752
-0.278006040324541,9.31043378166841,9,6.49824211042412,0.0322532788563149,10.6488795086208
-0.206973298760269,9.61673273501711,10,6.84524778277189,-0.046434260292728,10.266853195405
0.612213232244574,13.7998471647888,14,11.8252903818189,-0.0197569895207219,10.3950051161234
-0.782436785488405,7.3879281340107,7,4.36365828390707,-0.272660511036163,9.23636952734623
0.544490438597834,13.4121786024109,14,11.3436506475065,0.712198080417749,14.4200639328691
-0.450844514556673,8.6028672793267,7,5.70446748764669,-0.180841151918908,9.64252102847446
-0.311947980673646,9.16729062514649,8,6.33679719585098,-0.0689933533699263,10.1595789288756
0.654174140513626,14.0430827316594,15,12.1296222614336,0.850546067263119,15.2682976876473
-0.632899407451731,7.91348089433988,8,4.94059504796196,-0.631584396947928,7.80163519666882
0.379798355251997,12.4974662435157,12,10.2238508662564,0.280196859025928,11.9311862907434
0.296043467511401,12.0489279954044,13,9.68325700937515,0.268723070275374,11.8692824397961
-0.218623750357089,9.56586740225742,10,6.78747413364025,-0.0508517791168989,10.2457677536188
-0.99896937683026,6.68752677031997,6,3.60050448342131,-1.62915553338586,4.88050890848963
-0.0624842884228258,10.2681877144585,9,7.59060739712082,-0.493854834739002,8.32418238494064
-1.68828036995041,4.86548545937105,3,1.62543518881159,-2.22773660097151,3.67349048959126
0.29605489802235,12.0489884039396,13,9.68332944172189,0.472924016832455,13.0057326937038
-1.2232462375076,6.03136768765978,5,2.88944115577045,-1.52005113192901,5.13787728536829
0.352062468442084,12.3476347136881,13,10.0426491621334,0.509582744348375,13.2171254362868
0.511324403278792,13.2246692044195,15,11.1121946419545,-0.0637015454130843,10.1846527443858
-0.833042852619665,7.21799597867131,7,4.17796663147819,-0.460726428212613,8.4549728949196
2.11504263125296,21.9915539367554,23,22.8908271706709,2.11428798411584,22.1146756678056
-0.921353675491587,6.93067441353177,7,3.86481548149045,-1.02053184831835,6.49735293794706
-0.544895105676436,8.23974512943055,8,5.30102802933073,0.184848223022165,11.4241873100839
1.53437296463763,19.2918525563336,21,19.0624855038796,0.969120821170476,16.0059108857467
-0.411614001664182,8.75884343552583,9,5.87855058197854,-0.602120985796367,7.91059310010287
-1.13349508828291,6.28594379540004,5,3.16503929307306,-0.827550211200401,7.11438070578039
-0.573489747672638,8.13232035520269,9,5.18214634660195,-0.814525022182442,7.15810186425927
1.15705069198576,17.0708902971381,19,16.049781807702,1.18202798766191,17.3340285734883
2.32796237317691,22.6710130839677,23,23.9160866186411,2.22345555488082,22.475921035021
-1.68244950355392,4.87865065969659,4,1.63978504461332,-1.44880387979727,5.31302175183021
1.01509212100142,16.2054168053763,16,14.905422064975,1.13346190581459,17.0322947223716
-0.47550816683949,8.50617558315764,8,5.59679352988442,0.140210219953338,11.1927325639976
1.17129583373404,17.1574864431815,17,16.1652503114381,1.06906724104481,16.6305430147861
0.599935420449908,13.7291044825863,14,11.7370870888092,0.961740716922791,15.9598345641811
-1.60052817692735,5.06728278983203,4,1.84507446589936,-1.38774963728107,5.46775220310101
-0.436509227908033,8.65955183509119,8,5.76767600822842,-0.510162033557462,8.26053848480542
1.63401253819836,19.8338881205051,21,19.8135795372899,1.82331464927164,20.9241368279436
0.267217839516667,11.8973015919119,13,9.50176650070305,0.358384200450064,12.3593619664932
0.72071717381554,14.433169944109,14,12.6211079175564,0.220841076726138,11.6135749219796
0.977255323912208,15.9748895211135,17,14.6036811806057,0.975967384433587,16.0486681712312
-0.928630013280398,6.90751241143081,7,3.83961198947355,-0.339764075170013,8.94986234581566
1.7644687348489,20.5000964506306,21,20.746308132348,1.98282604758325,21.6181446601312
-0.164742468394706,9.80318467529396,10,7.05753861124072,0.0763987391945815,10.8685277296286
0.334438287756429,12.2530894663143,13,9.9286293475385,0.0988632746530755,10.9817617538914
-0.741466702141432,7.52839579671668,8,4.51745197594136,-1.07999644398638,6.31833406819452
-0.153972358124084,9.85125688559349,10,7.11240564834586,-0.753470815407847,7.36668956598418
-0.867412313624545,7.10479761151311,7,4.05447574676179,-0.372326223878294,8.81393437461263
-0.0656826615489379,10.2533528491255,10,7.57351938164536,-0.751292021360741,7.37424574136455
2.40589285009597,22.8797358551134,24,24.242433235587,1.71594673610243,20.4027049378141
-0.964219271534416,6.79532553898891,6,3.71761510918724,-1.36411577596415,5.52883060476902
-0.393805587624186,8.83053601994615,9,5.95873121211989,-0.115929243849046,9.9396020935308
1.54393866682691,19.3449878339186,21,19.1358309991822,1.16279878687276,17.2147336198737
0.918180014215924,15.6159647320018,18,14.1365515016223,0.991501028560005,16.145712881624
0.0843132853951935,10.9692586431458,10,8.40450920227989,-0.174411285028335,9.67157929891498
1.18690255177259,17.2522473957865,19,16.2918013287111,0.836579258910247,15.1819329030989
-0.15635006896051,9.84062575600448,10,7.10026711718117,-0.301581133385371,9.11182886254431
-0.317290345137971,9.14494863110199,9,6.31163920386485,-0.35326486953695,8.89326008088551
1.89460051795723,21.1074578667099,20,21.6079746868243,1.27948472091808,17.9337236025791
0.221990240690411,11.6622998202053,13,9.22172154095917,-0.0592499892634554,10.2057880143563
0.167638599785013,11.3846505218544,12,8.89278466615611,0.507477827691118,13.2049308790522
-0.638576324354546,7.89287382484215,8,4.91789131235206,-1.18950900017232,6.00151072239146
-1.44747055958983,5.43878287054818,4,2.24809298596903,-0.605914897983669,7.89647784381705
-0.90519762565983,6.98237784536553,6,3.92109685660837,-1.73603274034255,4.64048909935186
-0.294941621914897,9.23875264272009,9,6.41733961998579,0.00893903060399254,10.5344194392148
-0.3588356092655,8.97294348422479,9,6.11831499094927,-1.3633826670803,5.53073594093043
-0.737708401537311,7.54141259095544,6,4.53171801709474,-1.43672786443388,5.34328110335674
-0.245764250036658,9.44832979263875,11,6.6542004562395,-0.0559918087078422,10.2212820954829
-0.243866493741279,9.45650496964277,10,6.6634599336413,-1.36509037856807,5.52629863372043
-0.24637980610241,9.44567949444934,9,6.65119896602242,-1.00223223697475,6.55346621260804
1.2941460226493,17.8987898784212,19,17.160561503043,1.38785809300008,18.5864828505078
0.0773535239480117,10.9351312228985,11,8.36459625893538,-0.397563216534816,8.70996442618061
-0.289892831394038,9.26006803428969,10,6.441385222668,-0.171219244134221,9.68603507949886
0.476007183926179,13.0267770980253,14,10.8689887689486,0.530601438538047,13.3392643652862
-0.925434982394551,6.91767335445656,5,3.85066781408252,-0.890437086083145,6.9070608599343
0.564133036481491,13.5239714047179,13,11.482111867763,1.18895052702737,17.3769109072452
0.211309009218751,11.6073231299069,13,9.15642419671248,0.230848512948069,11.6666654404484
0.793107090076148,14.8629352669453,16,13.1674069733066,0.807799419985798,15.0044284973156
0.664709108944949,14.1044952191667,14,12.2067197916638,0.668705432390319,14.1573800758777
0.642731224161503,13.9765314821917,14,12.0461914119344,1.0035356209281,16.2209241960251
-0.767301691406216,7.43951525057271,7,4.42010693325113,-1.59700554722943,4.95502043302099
-1.05059034252993,6.5305126342037,5,3.4301063364549,-1.78858985541647,4.52665110226757
-1.15580859904387,6.22167950573746,5,3.0954445524612,-1.17693958870395,6.0370503558133
-1.99551552351286,4.21793084452491,2,0.914368308861086,-2.81385853698229,2.76680251521248
-0.626361816725222,7.937277529107,8,4.96682169618501,-0.325555606377218,9.00980673060547
1.12527854069388,16.8774645362155,19,15.7924883122312,1.31330055361104,18.139300472893
-2.08359469093722,4.0479967170697,2,0.725416735752232,-1.00676782086421,6.53951305489351
0.273118769037632,11.9282248460657,12,9.53872915774155,0.426489820696692,12.7410525314161
0.912438873824325,15.5811706116458,17,14.0914436736922,1.0532461714419,16.5316740253646
0.2194930181717,11.6494285338657,12,9.20642660933722,-0.253697292139592,9.31890763270967
0.804394491361799,14.9303967606609,17,13.2536151366067,0.241508185536403,11.7234220213713
-1.36351157262831,5.65367816961364,5,2.48075848239748,-1.99601616420593,4.1027526825714
-1.71779028076292,4.7993786801505,3,1.55333046172224,-1.71488932342522,4.68705372730485
0.305857488447433,12.1008756336512,13,9.74558148125817,0.083304509177443,10.9032321502388
0.26742077439648,11.8983640539233,13,9.50303603025376,-0.38992213606942,8.74131708889078
-0.530217692751786,8.29542013521283,7,5.36272328259452,-0.24652822124049,9.35029280671423
0.366168609157708,12.4236789955006,13,10.1345369212967,0.896638495532386,15.5542071115434
-2.23477271110357,3.77135922301239,1,0.414789192212428,-3.17096544029396,2.32101556852747
0.10383343174076,11.0654455769614,9,8.5171667583122,-0.216979829844615,9.48070595351709
0.714516252858132,14.3966067191795,16,12.5748627355183,0.925236783312048,15.7321802196737
0.986624046177793,16.0319343890354,17,14.6782243982586,1.15488189758465,17.1655486544671
-0.265913899098559,9.3619309499163,9,6.55643465888291,0.0951976116385679,10.9632177014543
-0.10384083782729,10.0778147156073,10,7.37173245372876,0.238539778656117,11.7075956889503
2.34216695970571,22.710572050433,24,23.9774221560244,2.90646351645761,23.8853570437944
-0.595768986625036,8.04956873353607,8,5.0907092177774,-1.0528824790137,6.39933648851168
-1.52418689156412,5.2493926138716,4,2.04280356468298,-1.79098866995346,4.52151947084966
-0.886074271336746,7.04407163088575,7,3.98829196030951,-1.20113442608626,5.9688263436816
0.28012923879936,11.965040580918,13,9.5827692885248,0.99944684534529,16.1953689362493
0.14196212230935,11.255315514545,12,8.74026580057609,0.148281281446014,11.23429957194
1.35064345129603,18.234770584718,19,17.6155748374507,1.49711163509492,19.2226211610856
-1.29146319457589,5.84468762600263,4,2.68744586069439,-0.872798122707975,6.96458694675108
0.163838935613795,11.3654368032867,11,8.8700985221186,0.120201722805923,11.0902273618998
-0.436303770109993,8.66036685316515,8,5.76858529556145,-0.750230038816263,7.3779315910322
-1.31024437680019,5.79429561086,4,2.63292221078902,-0.771073633301566,7.30592817301326
-0.840634112426763,7.19284089919419,6,4.15051060880383,-0.836571666314306,7.08425714795351
-0.643954095281428,7.87340118972325,8,4.89644391057215,-0.263486831746588,9.27621136912483
0.118787133368113,11.1395979485678,11,8.60418293414572,0.180761908472058,11.4028409447511
1.48740286537427,19.0278922685309,20,18.6990102611158,1.51383332483525,19.3175885827974
-0.658214651102884,7.82199240909658,8,4.8398515977104,-0.501667760238295,8.29362964455945
0.387493625228697,12.5392601683515,12,10.2745064193242,0.384861234257069,12.5068068519902
-2.4497826550257,3.4085855597755,0,0,-1.85102924228051,4.39486863283386
-1.2146365861342,6.05534134066811,5,2.91538545933472,-1.2105412726488,5.94250956874649
-0.94318729945146,6.86140377760821,6,3.78945605653016,-0.774732835036492,7.29336104920585
-0.0407932997288178,10.3692918192345,10,7.70721330893211,0.378249543857116,12.4698741060526
-0.506623561842322,8.38568403208994,8,5.46286971115308,-0.544003461543185,8.12999837455034
-0.702556756172615,7.66423933854072,8,4.66645703600776,-0.071152554073795,10.1493639960907
0.737828544939176,14.5342796109262,15,12.7491819611381,0.676327384279522,14.2032556492874
1.26701279253286,17.7361436321398,18,16.9411547575941,1.3648349477097,18.4493800247157
0.0498036108786139,10.8009047027975,12,8.20790929978756,0.150071715142119,11.2435375002196
0.0193661658846836,10.6542205895894,11,8.03721357910051,0.510696303197781,13.2235794410148
-0.515792804506647,8.35049284408348,8,5.42380749759024,0.0663870081401627,10.8183797053391
0.607675787807059,13.7736800769112,14,11.7926485359791,0.61426168591919,13.8317879754913
-0.734620006656376,7.55212580347258,7,4.54346126491771,0.285195395100929,11.958229969418
-0.0128536246793623,10.5007948065337,9,7.85926248793465,0.0488554147830259,10.7310369612924
0.315693110504071,12.1531018597803,11,9.80831513488818,0.336503755311905,12.2384388344884
0.602370829490303,13.7431210964687,15,11.754552196262,0.620691195302064,13.8700403434057
-0.205834328781907,9.62171868265822,9,6.85091412331366,0.150563649559289,11.2460767646061
0.654540780267549,14.0452177509374,14,12.1323008235269,0.847576695812849,15.2499249161836
0.304878669224513,12.0956871793333,12,9.7393532638184,-0.177323260332116,9.65840927353498
1.01561621775212,16.2086122846481,17,14.9096139743017,1.05232395619901,16.5259098967927
0.197536637715836,11.5367333862979,12,9.07270276328273,0.587111403303732,13.6708703205631
1.72053862084674,20.281778250278,20,20.4393770299224,1.80067771578469,20.8177069835584
-0.833455195618995,7.21662736738862,8,4.1764726270481,-0.350674942711079,8.90409150847927
-0.90754008774484,6.97485774776274,7,3.91290909685713,-0.590252818416539,7.95491190363019
-0.330588365611489,9.08955744715068,9,6.24931320667812,-0.476185203993927,8.39369131435808
1.93554991856517,21.2857461939719,23,21.863494213414,1.35985457771779,18.419600028195
0.880286549208834,15.3866633644048,16,13.839859779188,1.09896137426459,16.8172184612251
1.08195875429808,16.6133247212396,17,15.4425451645946,1.44301862304313,18.9108617700378
1.1424477284228,16.9820319275922,16,15.9314756045426,1.03808387232169,16.4368956703752
0.446873767246046,12.8649584988525,13,10.6709302043648,0.215971754470173,11.5878105685369
0.528267411483127,13.3202604622612,13,11.23006682393,-0.136484185544298,9.84463261546026
1.61116482956815,19.7119315944318,22,19.6440147091157,1.8373443897275,20.9891308761639
0.198319221529853,11.5407354969508,12,9.07744577913737,0.78874732853785,14.8872906696564
0.235448226014592,11.7318540270577,12,9.30445055802658,0.602766952173974,13.7635374289735
0.141892574882343,11.2549668031491,11,8.7398551845231,-0.229758529941118,9.42409805046089
1.01711199740628,16.2177325024297,17,14.9215794921653,1.54012694469352,19.4654770986
0.41944217696661,12.7137998245345,13,10.486579556668,0.562132278932881,13.5237229602682
-0.0234690381038384,10.450662721998,10,7.80124630112573,0.295110503775647,12.0120086574552
-0.694276370281427,7.69345830613306,7,4.69854358324191,-0.680595801704025,7.62371450252959
1.42857535784069,18.6907768808181,20,18.2369083217758,1.66076699612412,20.1190000317073
1.06685566901411,16.5211799595502,18,15.3208584180328,1.88833368134676,21.2190013695944
-0.727196673378289,7.5779377727959,7,4.571761929192,-0.698904670671862,7.55830210185234
0.711287128136384,14.3775830848443,14,12.5508161313618,0.571277967892655,13.5774960882303
0.480217135103853,13.0502682720975,14,10.897801726769,0.798555876171977,14.9475579733246
0.234355688868393,11.7261956838893,12,9.29771550901954,-0.491425707991037,8.3337042579685
-1.19252478080598,6.1173426789505,4,2.98249034164074,-0.87685898279563,6.95130043236837
-0.514891420662734,8.35394597154231,8,5.42763943914166,-0.460860094519759,8.45444113033978
0.74731469646156,14.5904645163591,15,12.8204711789749,0.477985238677323,13.0347926313232
-0.558619334112114,8.18801446210565,8,5.24375432305755,0.447779392896061,12.8619692753829
-0.403479175460304,8.79152328261544,8,5.91508648908149,-0.207005266281443,9.52511319753372
0.784101164302539,14.8091916652774,16,13.098816432298,0.93308506549272,15.7810849897928
0.0378256936264215,10.7429786475194,10,8.14043472054332,0.303767901217862,12.0591115977603
-0.358127824881218,8.97584812361099,8,6.12157439946863,0.0900523626327147,10.937232699591
1.28845886459964,17.8647617806539,19,17.1146112793562,1.52670450605927,19.3902070984276
-1.27949193674032,5.87703196146126,5,2.72244177445812,-1.54773313448448,5.07135770626447
0.0417310888988519,10.7618366227149,11,8.16239172329201,0.164037064385176,11.315804124283
2.15199796683837,22.1215191853954,24,23.0835203500586,2.4745331571186,23.1454866153336
0.594007899334007,13.6950225171952,13,11.6946428016176,0.972052842660619,16.0242202348506
-0.152942212983793,9.85586604386654,11,7.11766918168298,0.051356562960095,10.7434609624022
-0.193881794440298,9.67418456910193,11,6.91057464879967,-0.174224975789067,9.67242248770289
0.979774112022231,15.9902233927916,16,14.6237106326493,1.27213186705782,17.8888278793903
1.4348379598051,18.7269807753173,19,18.2864223604921,1.38567142346221,18.5735021476088
0.0247456713656484,10.680022244502,10,8.06719872818222,0.24711476999534,11.7533587609557
0.360990737797717,12.395727605967,14,10.1007433408229,0.743255668506774,14.6089230920926
0.453478462820607,12.9015288805632,13,10.7156266854503,0.657134202568457,14.0878684487156
0.754875065871122,14.6353090125207,16,12.8774330317357,0.496884516737277,13.1436636080965
-0.473307771198967,8.5147593686699,8,5.6063448794951,-0.159385193427127,9.73980229926045
0.132180496344394,11.2063557956944,12,8.68264620955667,0.201363232567006,11.5107823449187
1.06453506078331,16.5070210211023,16,15.3021781597696,0.74936720067322,14.6462043404765
1.23830600888896,17.5633084367388,18,16.7086303973529,1.22473041215631,17.597931585752
0.211602804704651,11.60883261735,13,9.15821596345208,0.330449538884035,12.2051294540124
-0.900122353545986,6.99869876770581,7,3.93886896888822,-0.778096079314013,7.28182962574859
0.57288527858356,13.5739567440687,14,11.544134220052,1.05256667933839,16.5274269998732
-0.812549613113007,7.28633996907888,8,4.25260295837865,-0.928691340874285,6.78394770132223
-0.0415944379393494,10.3655422571191,12,7.70288428579447,-0.325256864058533,9.01107123931088
2.61346645388354,23.3442781429093,25,25,3.27251882406899,24.2487218580504
-0.954834724670888,6.82473161237718,6,3.74958036224326,-0.885301826857007,6.9237587472499
0.0164226596347883,10.6401251103884,11,8.02083985965161,0.77834577871358,14.8234721846881
-0.239073721846758,9.4771803881237,9,6.6868843805204,-0.345543628036461,8.92558903172734
-0.0402167529125057,10.3719909569623,11,7.71032979208383,0.0166180693814923,10.5720013562553
1.25564655645827,17.667797444344,19,16.8491272845998,1.06449814357171,16.6019936990909
-0.75768642422124,7.47247307923053,6,4.45619027141346,-0.275955167898749,9.2221003461785
-0.856927612317728,7.13914207685289,7,4.09192634669047,-0.653490214252682,7.72160282522089
1.25730349338588,17.6777680792203,19,16.8625463327191,0.837036396103219,15.1847574440913
-0.141883318076299,9.90546903586305,10,7.17434654942079,-0.509798190600346,8.2619532222
-0.226621072549173,9.53109434702593,10,6.74801267845479,-0.858048955859032,7.01306045035855
-0.226340588622459,9.53231194903516,9,6.74939397859095,-0.715529273628583,7.49939710480988
-1.15721425434397,6.21765291561046,5,3.09108460031569,-0.824120180865228,7.12586789309047
-0.843033590177409,7.18490784569282,7,4.14185356681818,0.32292460548349,12.1638193794626
-0.112949189819266,10.0363090028368,10,7.32413059127044,0.908023812566344,15.6250139280339
0.660737741866859,14.0813287471974,14,12.1776242347561,0.897654400779486,15.5605224922219
-1.5549384984821,5.1752863691227,4,1.9623874949134,-2.60070049579033,3.06935873627527
-0.652453233693841,7.84272231526281,8,4.86266649332408,-0.223180519138136,9.45319800457967
-1.99551552351286,4.21793084452491,2,0.914368308861086,-0.936484717963808,6.75913972131424
1.13316127449682,16.9254848741923,18,15.8562837076969,0.96115555138959,15.9561818125095
0.169369086260431,11.3934096022889,11,8.90313002617321,0.0577292673029322,10.7751715499206
0.80756000591985,14.9493362091852,16,13.2778395969505,0.65706952398438,14.0874803667147
-0.459472795910831,8.56892124949983,8,5.66664498828138,-0.480593872310736,8.37629495151542
-1.26731160300077,5.91012152728064,5,2.75824429930013,-0.827556521973237,7.11435958824462
-2.2156954544391,3.80525380337288,1,0.45307923218614,-1.76726371102227,4.57251775585106
0.0295995252770125,10.7033481689929,10,8.09432144185686,0.241334941495857,11.7224979041208
0.0420730765706873,10.7634893049382,11,8.16431643681856,-0.150526736767471,9.78023003000798
-0.0886616564979369,10.1473228694003,11,7.45154380300142,0.499819473366767,13.1606207808437
0.0274593521093718,10.6930579327575,12,8.08235452763745,0.143203393687258,11.2081331834246
-0.35043981284728,9.0074558561819,9,6.15705422356892,-0.695055815359217,7.57200587718473
-1.1405186682536,6.26564509673621,6,3.14305479421909,-1.45203845571902,5.30494530603763
-0.197081614374895,9.66011337227204,10,6.89456758066714,-0.57421702666376,8.01518831017775
-0.940595205157659,6.86959157362403,6,3.79836095737753,-0.350674942711079,8.90409150847927
0.210107033223391,11.6011491013782,10,9.14909624597962,-0.319954576741077,9.03354302724663
-1.15538565103289,6.22289157108818,5,3.09675697864946,-0.751286084990045,7.37426633970727
0.118470784998958,11.1380250556485,12,8.6023356710624,0.121820622746348,11.0984923861427
-0.303651631049923,9.20208768702284,10,6.3760017988428,-0.298861622414052,9.12347125650831
-0.256930601717005,9.40035933381247,10,6.59989802973056,0.0202317748380821,10.5897272551796
0.17977862484096,11.4462115620252,12,8.9655380912866,0.656463790168048,14.0838461159229
0.892549162556643,15.4607729944762,16,13.9356000208271,0.896853729595139,15.5555450704552
-1.00027754555465,6.68350194855459,7,3.59613402640523,-0.916973049263493,6.82142290997889
0.238630179673189,11.7483455339649,12,9.32408514555978,0.384436633389921,12.5044327819332
0.527573712845047,13.3163384666265,13,11.2252256425828,0.56328284264562,13.5304812532443
0.253807879006755,11.8272520570352,11,9.41813285972698,-0.122059084138763,9.91119352236315
-0.000161008900109126,10.5610079829849,10,7.92902934517618,0.45503401696918,12.9033424678644
-1.36060505360809,5.66126404642726,5,2.48896832688628,-1.38521716227078,5.474265089134
-0.319802248422378,9.1344614032579,9,6.29983390433797,-0.122634725520154,9.90852952860106
-2.16280265496457,3.9007433931948,1,0.560588685807215,-1.68378385080435,4.75637362104759
0.0531415390294336,10.8170938302478,11,8.22678256321063,0.316236382208215,12.1271876052431
-0.232425644838711,9.50592833124974,10,6.71947087510231,-0.399699804868029,8.70121726606543
-0.488378880547082,8.45613355413532,9,5.54113911537698,-1.17701684133275,6.03683128485176
0.0632292816198811,10.8661434323188,12,8.28400603766763,-0.229926300291235,9.42335696609254
1.19881101920807,17.3244636690812,17,16.3883805389703,1.27506662437565,17.9067551087654
1.29891294797864,17.9272849239294,19,17.1990591299596,1.00757829745606,16.246193061439
1.90624751879225,21.1588091954512,23,21.6814348341593,2.26018690996385,22.5874384310808
-0.356919909528256,8.98080727764537,8,6.12713967127478,0.358725483296715,12.3612547429487
-1.70109956637097,4.83666167919378,3,1.59400651863622,-2.06659645544298,3.96726794797418
-0.199372674321243,9.65004991153502,10,6.88312245146618,-0.121495098210662,9.9138042088692
1.47318489801995,18.9470449996477,20,18.5879742008283,1.23792154993509,17.6791223049514
-0.416635839464447,8.73872722594201,9,5.85607158757778,-0.227804992985579,9.43273135473595
-0.589739749949557,8.07188160559384,8,5.11535220031155,-1.46297211124561,5.27773386876294
0.181246833920925,11.4536745314721,13,8.97436481745784,0.201202567717067,11.5099374251184
0.938572563186014,15.7396904280955,16,14.2972049366631,0.865890383492037,15.3633334304597
-1.36963559095057,5.63772728598051,3,2.46349503069125,-1.94862738829699,4.19614950367892
-0.428266301418485,8.69230791579312,9,5.80423131184966,-0.163638806892984,9.72044465326771
-1.14657002618164,6.24820810794217,6,3.1241712548564,-1.83709896151935,4.42394919578955
-0.546692595272955,8.23295181559743,7,5.29350402769065,-0.514537604700558,8.24354367464597
1.57827286969171,19.5338556132755,21,19.397026667509,1.50363275991592,19.2597391609435
1.54864092674099,19.371027121958,21,19.1717964425138,1.64935062487958,20.0590506408963
-0.0816018483671066,10.1797951227936,9,7.48887002868758,-0.928253625711281,6.78534376904735
-1.31336380540805,5.7859671929862,5,2.62391078661533,-1.11261602034526,6.22224889859218
0.503366220310769,13.1799149800551,13,11.0570966757951,0.308393027980382,12.0843314107751
0.16802587583957,11.3866103049966,11,8.89509918969034,-0.528674696876683,8.18887172883158
1.81674964814884,20.7513733205441,22,21.1013024222368,1.75793885923362,20.6116009728265
-0.285733919136196,9.27766090632442,9,6.46123906911876,0.361499250170057,12.3766457820268
-1.01054700360631,6.65198932177137,6,3.56192006803263,-0.76061371786521,7.34197239323727
1.96030818958299,21.3904602868531,23,22.0142161756167,1.7769293957827,20.704006038725
-0.893859947443178,7.01888936012131,7,3.96085895420153,-0.950307741713009,6.71536343269486
-0.16591822405854,9.79794955585034,11,7.05156683917304,0.0720161876677594,10.8465517794111
-0.0687532724626044,10.2391282562171,10,7.55713945334004,-0.0329107601219377,10.3316419231442
0.210368841587208,11.6024936800447,13,9.15069203769121,0.345106903590434,12.2858838134023
0.930445180650157,15.6903553600763,16,14.2330978992424,0.603216913242376,13.7662057501904
-0.87044005574216,7.09491020984277,7,4.0436967456194,-0.496608632128542,8.31340086256125
-0.780002235861442,7.39620223109242,6,4.37270963424732,-0.825094425732514,7.1226032363377
0.0170766599105732,10.6432555309417,11,8.02447580782908,-0.258135518052137,9.29952766890055
-0.0529931825518542,10.3123204781637,12,7.6414754750133,0.0201281102594545,10.5892184037177
1.09549339186968,16.695884492116,18,15.5517463649451,0.718207626011112,14.4565276475312
0.615738681616871,13.8201967135524,15,11.850688370417,0.733676783858914,14.5505666957001
0.92145286199962,15.635807647568,16,14.1622902827208,0.262888828833098,11.8378980706517
-1.46507804433558,5.39473658254445,5,2.20037373042053,-1.81033276171675,4.48034008163138
1.12516235776641,16.8767566376473,18,15.7915482654564,1.07367907910354,16.6593555420536
-0.850651443356423,7.15977939639937,8,4.11443700817134,-1.00205174716999,6.55402208802544
1.13118882539543,16.9134707287781,16,15.8403177853493,1.05779397223575,16.5600977388148
-0.70786509936608,7.64556532874981,7,4.64595722978366,-0.416967006788681,8.63083962216272
0.107976891340685,11.085951638171,10,8.54121565421424,0.045718789085844,10.7154736520754
-0.624307210967242,7.94477070244286,7,4.97508200956108,-0.60344872569236,7.90565037048719
1.27352183491939,17.775228507743,19,16.993827590788,1.14597803871684,17.1101878308414
-0.0670334836859866,10.2470930373565,11,7.56631045435622,0.656924048282733,14.0866075077425
-0.213815818530456,9.58682867861916,11,6.8112750396674,-0.0408613045259003,10.2935085834002
-1.47220891299311,5.37699713506686,3,2.18115120733211,-1.63062894744463,4.87712016780654
-0.260453956911451,9.38526988277303,10,6.58282755810247,-0.949406963645509,6.71820736885779
2.11790130441235,22.0017929249859,23,22.9059604126603,2.5388152698844,23.2847575241872
-0.419540457679855,8.72711221099737,8,5.8430960533429,-0.494217160624562,8.32276303559924
1.91594139415418,21.2011612579146,22,21.7421022952501,2.42216572362399,23.0229581266203
-0.277125048864772,9.31417677858491,10,6.50246975555856,-0.516926328943097,8.23428046003546
0.495284063506046,13.1345596413498,14,11.0013158061778,0.467531761462864,12.9748169812027
0.733461544670123,14.5084459425848,16,12.7164322762584,1.00258286930933,16.214969234694
-1.87706428517879,4.45718241052479,3,1.17849596793837,-1.26626414596551,5.78897341402657
1.38789918601471,18.4539695333864,19,17.9137076056406,0.680233602847218,14.2267934698885
0.997221514317618,16.0964915893685,17,14.762682761199,0.669373237365985,14.1613967279823
-0.0174960863754139,10.4788449929459,12,7.833852883643,0.268570423553391,11.8684605029647
-0.44972188619604,8.60729349348087,9,5.70940082953603,-0.336080418944868,8.96536639939452
-0.366810441506765,8.94027738216683,9,6.08167136011654,-0.869588439474371,6.97510671574528
-0.713211279425674,7.62680352549951,7,4.62536641436335,-1.43510012633068,5.34737269398384
-0.514339981526868,8.35605917142354,6,5.42998457096566,-0.297073040800614,9.13113603655524
-0.718182735459095,7.60939749336921,7,4.60626831812153,-1.01728529308845,6.50727257829661
1.95056742574146,21.3495408354648,22,21.9552580266266,1.7060331657419,20.352490729506
1.22061207657182,17.4564415544002,19,16.5651839671004,0.904647270570424,15.6040080186544
-1.71779028076292,4.7993786801505,3,1.55333046172224,-1.43558289668684,5.34615884986042
-1.36060505360809,5.66126404642726,5,2.48896832688628,-2.03178923468105,4.03354910271667
-0.339813333978791,9.05131752006716,9,6.20632437483156,-0.472473249468996,8.40836613564945
-0.326837249490124,9.10515023822922,9,6.26685145662568,-0.516692140653981,8.23518816008759
-0.0538121523031751,10.3085058221414,11,7.63707673161187,0.298014140137817,12.0277915525587
0.96357335215953,15.8916340177087,16,14.4950345012473,0.584384318278565,13.6547629170545
1.28646738339384,17.8528379848967,18,17.0985157089822,1.26606773113161,17.8517518815918
-1.34204444878545,5.70994165888584,4,2.54164636709961,-1.35271522254525,5.55853386152815
-0.0765466484087367,10.2031032302668,10,7.51567825317944,0.0672045382013996,10.8224673171381
1.48504989061506,19.0145417404868,20,18.6806652158472,1.60246872536333,19.8085816145027
-0.227042575878388,9.52926483783372,10,6.74593726841114,0.0666695034868817,10.8197920211756
1.44538709583909,18.7878016464944,20,18.3696645505293,1.47122073449722,19.0742408556417
-0.146020140961035,9.88688772493244,10,7.15310828323216,-0.270844239820203,9.24424478021309
0.116755778397882,11.1295011414458,11,8.59232601203475,-0.345415318341338,8.9261272241605
-1.76629352218639,4.6925932432734,3,1.43666695469459,-1.35237159711493,5.55943159249385
1.25238317643181,17.648152907313,18,16.8226948747718,1.38008037140151,18.540272380743
0.339372735463502,12.2795081555143,12,9.96046488197921,0.596166333551401,13.724426615965
-0.758766951516676,7.46876222167233,8,4.45212672816995,-0.590080040414858,7.95555893236305
-0.217443240738249,9.57101020906544,10,6.79331269959833,0.104207506189926,11.008844193456
-1.22674504663956,6.02165194017219,5,2.8789271351418,-1.08615522827982,6.30007906076122
-1.22831658356035,6.01729299638874,6,2.87421011258899,-0.890219665296874,6.90776700219209
-0.0222723170204568,10.4563039848836,10,7.80777157604255,0.121691549734751,11.0978332394891
0.810177209066287,14.9650016111212,14,13.2978836670553,0.620303235122972,13.8677306262765
-1.18395993505338,6.14152613958511,5,3.00866760279582,-1.2800512158662,5.7515983866685
-0.504263678358512,8.3947643703396,8,5.47295267295712,-0.850788798241363,7.037046348121
0.706148085188591,14.3473313453561,16,12.5125972249504,0.431685517023971,12.7704931457135
-0.677740878894894,7.75213552089057,8,4.76301967358979,-0.685664789319622,7.60554758083251
-1.07638685172384,6.4534213076581,6,3.34651249972433,-0.695236987218543,7.57136025715454
0.611553503689051,13.7960408882878,15,11.8205410999531,0.859559137622461,15.3241018802785
0.857676873840354,15.2502816265737,16,13.6640485061957,0.876558658838641,15.4294960586568
-0.258488458678692,9.39368474133918,10,6.59234652980457,-0.480602189495689,8.37626216603298
0.799629007899712,14.9019010993931,16,13.2171859732387,0.41468476166635,12.6743281063148
1.56821417511378,19.4788309716588,20,19.3208502409611,1.54116961117727,19.471304178521
0.943673919811416,15.7706725157488,15,14.3374956103969,0.833488723538273,15.1628412358464
2.33158420347299,22.6811650775785,23,23.9318056920472,2.25331092893395,22.5669367197586
-0.223240786483095,9.54577794383437,9,6.76467265236592,0.28960617218171,11.9821315469967
1.68883534563955,20.1203353501326,21,20.2132303255944,1.10377302114615,16.84724157137
-0.238345283059157,9.48032642793137,10,6.69044957459283,-0.46552223437796,8.43591434508477
0.00853559461713997,10.6024347782615,11,7.97708264117037,0.491383705214505,13.111917908751
0.128926690113573,11.1901077847644,12,8.66353836663479,0.352343295895981,12.3258924845762
0.606054809563889,13.7643385685835,15,11.7810001898663,0.71204032600476,14.4191072672793
0.108564800857015,11.0888637311993,12,8.54463176886706,0.528713228279349,13.3282647724473
0.458213276874552,12.9277872767012,14,10.7477428573275,0.260880436294986,11.8271087575707
1.23176481095786,17.5238290567831,17,16.6556082849674,1.32912011148972,18.2349245265001
-0.575496366508642,8.12483329983303,9,5.17386849639518,-0.507209051220021,8.27202756037556
-0.303601272110352,9.20229928251405,10,6.37624027697856,-0.672074583104042,7.65435248892281
1.27861729695861,17.8057963654592,18,17.0350453941903,1.02090994366364,16.3295315862655
-1.34709870359513,5.69664579044232,5,2.52725836685999,-1.07405501990379,6.33599522248341
0.510038662007127,13.2174322874447,14,11.1032813091004,0.85137075292485,15.2734014415944
0.30922108157346,12.1187175340223,12,9.76700454863231,1.01708011246998,16.3055896044705
-0.149616039827888,9.87076153841725,10,7.13468289499323,0.599267624560173,13.7427953857554
-0.711682015576985,7.63216566308816,6,4.63125073800728,0.289872384945957,11.9835752624726
0.0848724886034808,10.9720045354296,12,8.40772192258513,-0.549743264545424,8.10806199878244
1.30882741503028,17.9864687753098,20,17.2790734600797,1.57145929092105,19.6392901034948
-0.62579674064333,7.93933767828073,7,4.96909266618885,-0.42657494225755,8.59192096024859
-0.752643157612301,7.48981728084905,6,4.47518550779125,-0.890698127660952,6.90621314192022
-0.887448772346924,7.03961939652103,5,3.98344126701578,-1.08535109585302,6.30245954410976
-0.616521581710248,7.97322790957496,8,5.00646126279119,-0.260533793283491,9.28907124436304
-0.521116061279242,8.33012806650904,9,5.40121320516147,-1.26173057858641,5.80131600935314
-0.0502341079200175,10.325180959732,9,7.65630778421513,0.253877644137157,11.7895472374805
0.941911467185441,15.7599672761841,17,14.3235711980847,1.41348928060059,18.7379645319599
1.04434439297817,16.3838327871967,17,15.1398574358249,0.977011824135319,16.0551917066884
2.05014845545175,21.7506880619304,23,22.5369497464249,2.4408123698935,23.0675534577284
1.4341406969635,18.7229534565605,19,18.2809130852058,1.23860654552487,17.6833336746163
-0.725724690926608,7.58306639093035,8,4.57738620933331,-0.719181530082313,7.48651841408153
0.0982432744478114,11.0378290575103,10,8.48479643033019,-0.409080164087227,8.66291554382272
-0.860416988650641,7.12769379621744,7,4.07944109440761,-0.107991160002924,9.97650088107423
-0.816681656369367,7.27250843950888,6,4.23749308908326,-1.5644890575999,5.0315009824287
-0.567276038206132,8.15554750527191,7,5.20783312743193,-0.57123453100127,8.02644933208366
-0.0412470490641275,10.3671679943523,9,7.70476122281834,0.110688978443159,11.0417640660912
-1.27584945747521,5.88690814775211,5,2.73312764154701,-0.96140427245328,6.68042910459775
-0.746890271973657,7.50965046094457,8,4.49691196350993,-0.172176567326227,9.68169755702152
1.14320612824671,16.9866487004397,19,15.9376179014835,1.03350545693178,16.4082736995652
-1.32048417245884,5.76700078496149,5,2.60338869819055,-1.5815305490621,4.99127688422896
0.684703306470361,14.2214143962048,15,12.3537888004053,0.309115978051886,12.0882769877482
-0.370110650813176,8.92679219650664,10,6.06655072888413,-0.71298786331782,7.508371879043
0.154249591463707,11.3170613193433,12,8.81302406586274,0.115585701074969,11.0666888626988
0.167370293825514,11.3832929355889,11,8.89118140352166,0.0145852121051175,10.5620410882377
0.246932511743117,11.7914583379554,12,9.3754497239551,-0.912347643829144,6.8362725581054
-0.951292538216072,6.83586365717691,7,3.76168343483567,-1.2909611987726,5.72219272142284
-0.660407326695927,7.81411718239582,6,4.83118612079239,-1.04115611252412,6.43469187269378
0.0736560960420238,10.9170365905188,11,8.34344644555577,0.507294968742582,13.2038718310378
0.851498096624483,15.2130737390329,16,13.6161685339626,1.2270968100208,17.6125091468938
-1.1615456278827,6.20526157956892,6,3.07766781809424,-1.48853970333021,5.2146337420914
-1.04676028563949,6.54203596942606,6,3.44260531488468,-0.449671256813644,8.49906784204017
-0.923721056131509,6.92313014326202,7,3.85660563700164,-0.877146259003361,6.95036148015115
1.38855597711233,18.4578149766512,19,17.9189467040455,1.33408367229895,18.2648504681077
-0.300723077244606,9.21440029096438,10,6.38988032092623,-0.0440155725292828,10.2784142331621
0.109093629125486,11.0914837113263,10,8.5477054032189,0.577449975615602,13.613852286084
0.629919935638118,13.9022157519898,15,11.9531719041427,1.03882469320441,16.4415268393415
1.41936000223218,18.6373751890503,19,18.1639231897465,1.8244147930152,20.9292602465234
0.206509120379648,11.5826834286504,12,9.12718550707902,1.06571299480877,16.6095848592025
-1.7005066754648,4.83799115805132,3,1.59545649151811,-1.98254550728302,4.12910025477389
-1.017864292587,6.62962549644152,6,3.53764427943582,-0.925515437117846,6.79408366085384
-0.145058935305614,9.8912023637188,11,7.15803913869125,0.412170763751614,12.660148653216
-1.94339160631885,4.32166555342153,2,1.02913564668963,-2.07149562074368,3.95802125861858
0.808365350034117,14.9541560101202,16,13.2840058892354,0.892669763993399,15.5295406676741
-0.165339941787784,9.80052407486686,11,7.05450354695069,0.799107888456789,14.9509521936011
-0.423030920299957,8.71317403243493,9,5.82752883941847,-0.643002729771823,7.75981519273461
-1.00834073880729,6.65874697801002,6,3.56925628860304,-1.08432105715589,6.3055101018945
-0.912160082560621,6.96004951881621,7,3.8967879565646,-0.843108189226325,7.06251166826088
-1.00310765772904,6.67480279775631,5,3.58668831041315,-2.01284908547987,4.07005119083874
0.473144434579773,13.0108185766975,14,10.8494237409818,0.559453822313174,13.5079973550969
0.678658921600492,14.1860191988437,15,12.3092264533894,0.347691261326293,12.3001616653075
-0.918664817511368,6.93925303828638,7,3.87415167312157,-0.659223945120349,7.70079132245704
-1.19300291775454,6.11599539413152,4,2.98103203659319,-0.987467482458251,6.59909657413195
-1.04057310089394,6.5606936354611,5,3.46284478105978,-1.7463796987678,4.61786354335879
0.0980984628497547,11.0371144111511,11,8.48395903367555,0.49687974722306,13.1436360623665
-0.50295976578164,8.39978563213818,9,5.47852903696894,-0.556956891268051,8.08057655665773
0.317758102079347,12.1640875829624,11,9.82152065862799,0.422612942476072,12.7191140228248
1.85908177377346,20.9477435972347,22,21.3801524466249,2.08879512053116,22.0237133373802
1.09146303106095,16.6713019659422,17,15.519214275589,1.13243195769189,17.0258814084281
-0.239699025839303,9.47448054267361,8,6.6838250081177,0.345677702492328,12.2890363041738
-1.24630704355126,5.96761380744522,6,2.820452343919,-1.41183304085934,5.40619564697546
1.12957369589327,16.9036321484098,16,15.827245531108,0.806663268487522,14.9974345437128
-0.933317961579899,6.89263041382515,6,3.82342128064689,-1.647506958927,4.83846363332991
1.62402707424249,19.7807678997899,21,19.7396806951845,1.93656334544823,21.4271266922735
0.643928717935801,13.9834884282717,14,12.0549071245881,0.715362620789919,14.4392603077422
-1.26731160300077,5.91012152728064,5,2.75824429930013,-0.935723954400795,6.76155734924122
0.153422673283804,11.3128974683645,11,8.808114387102,0.306558424200158,12.0743230949529
0.684558516390239,14.2205660250589,16,12.3527203019889,0.345159389297007,12.2861736650647
0.244579992736352,11.7792298371829,12,9.36087554599395,-0.0368045608675223,10.3129504490093
-0.406197801501133,8.78058889437657,10,5.90285946676673,0.0665453955954481,10.8191715332093
-0.197069823519439,9.6601651882494,11,6.89462651685402,-0.0766916617570709,10.123201148752
1.02230782816011,16.2494160359906,18,14.9631635336327,0.93308506549272,15.7810849897928
0.0252339660061049,10.682366867784,11,8.06992435669548,0.347312359229395,12.2980676010939
1.24407225434128,17.5980821743743,19,16.7553610017867,1.04829945267838,16.5007545029111
-0.490686425337371,8.44719177537539,8,5.53119955772711,-0.116089652486708,9.93885774148043
-0.128800967913357,9.96443723295727,10,7.24180152290707,0.0710742895090531,10.8418335995625
0.665247158278358,14.1076353246238,15,12.210664698661,1.0574919559254,16.5582102187333
-1.3945326153998,5.57333097059997,4,2.39379098137238,-1.52097677314584,5.13563931723462
0.704676651407929,14.3386749356679,16,12.5016656676779,0.97851317226719,16.064569485703
2.36771307444069,22.7799999262263,23,24.0856316911389,2.43131173788033,23.0449672231724
0.417106305927582,12.7009831975006,12,10.470977927883,0.912079125507947,15.6502497900343
-0.00637319895230779,10.5315007294284,11,7.89482884306522,-0.738974281540826,7.41711176138209
-0.160484593021934,9.82216426661287,10,7.07919433791901,0.0944009625215519,10.9591910242104
-0.335789186460063,9.06798001262086,9,6.22505227098121,-0.45817800985256,8.46511756899961
-0.464910712387412,8.54759318115884,9,5.64289294492246,0.0711916150899438,10.8424212154002
0.117836917808033,11.134873994242,11,8.598635145951,0.16195964965925,11.3050304591524
0.204847519147967,11.5741632629805,12,9.11707887828146,0.104066648243955,11.0081296701444
0.393291493395551,12.5708126465756,13,10.3127812060796,0.469843791016276,12.9880669768339
-1.2179292806437,6.04616174557856,5,2.90545113605921,-2.17119797631385,3.77417063896034
-0.764573758684051,7.44885104588605,7,4.43032651192477,-0.246905796245167,9.3486373486244
-0.819505171600086,7.26307200226456,6,4.22718595066026,-0.92882207621697,6.78353078467347
0.574261495200282,13.5818261258357,15,11.5539049876376,0.446736151704856,12.8560267104562
0.938884677549313,15.7415856530564,15,14.2996688774257,1.41299907344236,18.7350793174356
0.174671503318471,11.4202817529501,12,8.93488159470036,0.0768141829176157,10.8706128824765
-0.170404608634789,9.77799689524852,10,7.02881251538906,-0.106603505028368,9.98296389724362
-1.18297053352435,6.14432585078491,6,3.01169826350354,-1.49779473834389,5.19197477332588
-0.291159100029179,9.25471769279029,9,6.43534863208447,-0.0949052893459975,10.0375992653907
0.11429778452232,11.1172937036486,12,8.57799412519438,-0.397790175915271,8.70903485101271
-0.753090737942571,7.48827640965062,8,4.47349778266434,-0.798804739514437,7.21123160486267
-0.720358173314954,7.60179318597734,8,4.59792622176474,-0.623625647359503,7.83091806675883
-0.732087352316571,7.56092243445874,6,4.553104925185,-1.05707914679972,6.38673098969158
-0.554367710830274,8.20400621356509,8,5.26145444489348,0.227887194779739,11.6509357966518
-0.407358798759004,8.77592328387257,10,5.89764304503835,0.00458282895746665,10.5131513237673
-1.89721494748648,4.41558899734452,2,1.13271744196128,-1.34615084188912,5.57570827357934
-0.649918360692288,7.85186000910108,7,4.87272547248574,-0.706421836392264,7.53160941141886
-0.0470752592816289,10.3399220177446,11,7.67331408583572,-0.216813962352182,9.48144281643011
-0.0448683107283292,10.3502318206553,11,7.68521141233144,-0.0554810852764,10.2237127076724
-2.01692720384123,4.17600807209005,2,0.867868424398569,-1.6297772187228,4.87907880219259
-1.85675539869014,4.49948048663891,3,1.22499585240089,-1.18910263655983,6.00265642498385
-0.0183845820304028,10.4746486450697,11,7.82899648333366,-0.0411258610823384,10.2922418279675
1.32864142386196,18.104400190603,19,17.4387335881146,1.39988970994977,18.6577468256399
-1.14391522681412,6.25585200643657,6,3.13244910506317,-1.98614798738598,4.12203851391149
0.100068035835668,11.046837526428,12,8.49535337900367,0.0805766474085552,10.889512383773
-0.101634294634122,10.087892591119,10,7.38329684994069,-0.0161498669457047,10.4124405826252
0.976408617776241,15.9697354067136,17,14.5969500887455,0.420280026633248,12.7059245761611
0.403607034353057,12.6270850420135,12,10.3811113179623,0.562087642150013,13.5234608067058
0.526677438510494,13.311272190343,13,11.2189726356636,0.465970898071813,12.9658766796505
0.32995298192633,12.2291108454513,13,9.89975090224185,0.367234974268216,12.4085146581521
-0.263966476400517,9.37024917481807,10,6.56583994386115,-0.432155369820568,8.56939541772332
-1.08580567645272,6.42549868043901,6,3.31624466420425,-0.921289566626096,6.80759435619341
-0.759444167157845,7.4664373863135,8,4.44958103698445,-0.964995856704237,6.66916138252908
0.712892119829118,14.3870370867593,15,12.5627651118849,1.04325596600973,16.4692279125927
1.93333140816858,21.2762492642703,22,21.8498492104357,1.49789430267844,19.2270815897502
0.75460427865929,14.6337018397526,16,12.8753906421499,0.42426869003382,12.7284805178512
1.12264209303325,16.8613998667033,17,15.771158276952,1.47360321433695,19.0879607258709
-1.31531515956521,5.78076332981706,5,2.6182801257855,-0.651139310551511,7.73015214235195
-1.92366713848501,4.36154991722987,2,1.07315784568461,-2.13586689696328,3.83838719891893
-0.232019613664398,9.50768670997985,10,6.72146465288298,0.119796388530637,11.0881587884015
1.3679672778923,18.3369529211495,19,17.75442881092,1.44498942307891,18.9223358783626
-0.93002521469313,6.90307998737582,6,3.8347895391516,-1.90148052263564,4.29105847825287
1.2814535803237,17.8228000638124,18,17.0579819386445,1.27180088418009,17.8868053878201
-1.94339160631885,4.32166555342153,2,1.02913564668963,-1.95147056742879,4.19048992014999
0.225761497854672,11.6817585645571,11,9.2448528767166,0.460045503359342,12.931972881546
-0.0753462618812985,10.2086447713226,11,7.52205392489146,-0.216819180111131,9.48141963582621
0.233693063865569,11.7227649103218,13,9.29363233005075,0.260875186649635,11.827080565631
0.0250823291281165,10.6816387128321,11,8.06907786022504,-0.339934066562746,8.94914749747459
0.200654356678526,11.5526837560565,12,9.09160857581138,0.587499971211612,13.6731662198493
0.176180575626403,11.427938756696,13,8.94393249749057,0.222765513925301,11.6237696945729
0.849345355772734,15.2001167634953,17,13.5995037958656,0.353494461157766,12.3322655525529
1.96194650617373,21.3973069968364,23,22.0240888618348,1.83727421133909,20.9888076258573
0.0825597544129661,10.9606518490105,12,8.39444044979515,-0.511631224422975,8.25482824532973
-0.201256619624509,9.64178186614115,11,6.87372100455144,0.735831714193318,14.5636867306813
-0.135371829957018,9.9347801133446,9,7.20786566559028,-0.213877427574042,9.49449719691372
-1.02350505324268,6.61243648885137,5,3.51898853823308,-0.427363743993263,8.58873342294124
-0.31267725256491,9.16423776687597,9,6.33335891209897,-0.108416505875164,9.97452058826793
-0.55085053224954,8.21725844288834,7,5.27612588960122,-1.19469351830482,5.98691264390934
0.0277210104565747,10.6943155712019,11,8.08381693806664,0.995729992886929,16.1721399996121
-0.465841880487845,8.54394616880244,7,5.63883233429987,-1.15943101828741,6.08690645878203
0.129047591255932,11.1907111681571,12,8.66424782700707,-0.0349054210250651,10.3220631874096
-0.664922223317078,7.79792597503993,8,4.81337333662768,-0.880446304331634,6.9395845952751
0.103351846982746,11.0630642212466,12,8.51437469357447,0.284491340495066,11.9544180480935
0.488507094261795,13.0966039036633,14,10.9546796461557,0.627863460541102,13.912775894279
1.69789375809964,20.1667872992512,21,20.2782305437765,1.47113915152991,19.0737708159018
-0.452297685522408,8.59714107245721,10,5.69808578277357,-0.649366939797696,7.73660384972536
-0.410106710131293,8.76488988320364,7,5.88530883601948,-0.327679164480085,9.00082310612968
-0.530311517271159,8.29506307867924,8,5.36232743503774,0.210989426687377,11.5614944225419
0.632925597376233,13.9196324030072,14,11.9749582245409,0.540954160544131,13.3996676504663
-0.923436722352331,6.9240358160604,5,3.8575911784738,-0.709605967925325,7.5203315523229
-1.48209651542829,5.35249356773974,4,2.15459520444344,-1.59056111675537,4.97008801881202
1.84172971040114,20.8680335098041,22,21.266802114998,1.66734002903727,20.1533253015707
-0.233141699170301,9.50282808005318,10,6.71595575687151,0.0923980400541428,10.9490726670579
0.269921973493532,11.911464882341,12,9.51869267267301,0.4231240630295,12.7220049229432
0.0259484385115478,10.6857983057394,10,8.07391366360794,0.257914916172943,11.8111912598295
0.0387275095646726,10.7473307697717,11,8.14550123467417,-0.743523245515231,7.40125203953228
-0.800308418207314,7.32746890150403,7,4.2975480403291,-0.982650254572973,6.61405346280836
-0.495722807411075,8.42770740399395,8,5.50954629643173,-0.956460085153548,6.69597175917189
-0.914450764628844,6.95271887427568,6,3.88880825677174,-1.13201460029902,6.16580511715281
-0.488708388118879,8.45485614715626,9,5.53971907362855,-0.0162901555152864,10.4117620017964
-0.4345632580234,8.66727413389877,9,5.77629204214143,-0.171889494447009,9.68299806292189
-0.281267655864567,9.29658859627491,10,6.48260694266614,-0.429429063302183,8.58039298377242
-0.938270980603175,6.87694146867244,7,3.80635515581704,-0.633565068329395,7.79436474093527
-0.785724063811912,7.37677045949632,7,4.35145397185562,-1.24455025821983,5.84832730034043
-0.0248737284578899,10.444044459306,10,7.79359194925992,-0.656712996975215,7.70989826606052
-1.29707974200307,5.82957291865847,5,2.67109202267026,-1.8874984283697,4.31959323792398
1.58214028725532,19.5549423478383,21,19.4262368375179,2.04951231257045,21.8785517831943
-0.142143549476225,9.90429923405699,10,7.17300923292256,-0.180835993223031,9.64254430951347
-0.612704530406098,7.98721602159195,7,5.02189074183945,-0.141156222353481,9.82316247276176
0.226037011994303,11.6831811278275,12,9.24654433405953,0.649586340853616,14.0426150345976
-0.869272466348522,7.09872147649959,7,4.04785155658618,-0.792412766005652,7.23294838329336
-0.272376668429986,9.3343749370258,10,6.5252885907875,-0.424096314950489,8.60194460497935
0.464118538152317,12.9605852107144,14,10.7878844817777,0.470276813623825,12.9905495338845
0.208395265508459,11.5923608956004,12,9.1386673094334,0.621188273917213,13.8729999855017
1.09731840790427,16.7070151425218,16,15.5664811929876,1.2106221993425,17.5109137428132
-0.663805688489325,7.80192699347842,8,4.81777467019608,-1.05707494214044,6.38674360667394
-0.637970012891071,7.89507220852483,8,4.92031303400034,0.366928669575353,12.4068113177255
-0.452297685522408,8.59714107245721,10,5.69808578277357,-0.526004020104617,8.19917229632169
-1.03296919159624,6.58369565351477,6,3.48780059195885,-0.45849337550664,8.46386152046257
0.51894007569752,13.267584484868,14,11.1650812437021,0.795202414800957,14.9269437454
0.781429555519382,14.7932629642322,16,13.0785023208134,0.568908235155819,13.563551519068
-0.189812692873672,9.69210540002934,10,6.93096766557972,-0.300990103924894,9.11435788693009
1.27945476296528,17.8108178739673,19,17.0418183360233,1.12381504968244,16.9722059098806
-0.307765352331512,9.18481823820948,9,6.3565416194933,-0.493735483654577,8.32464997472619
-1.326632025364,5.75067386331671,5,2.58572224483306,-1.48416199135142,5.22538524548568
-0.921353675491587,6.93067441353177,7,3.86481548149045,-0.517298522527266,8.23283806384461
1.85856923066075,20.9454048630788,22,21.3768234624909,2.20514339232459,22.418469867335
-1.48611682575374,5.34256145159079,4,2.14382983910497,-1.88748611333689,4.31961844956747
0.560548847124705,13.5035322147778,14,11.4567707900695,0.584247952173522,13.6539577484335
0.538812199489473,13.3799633685628,14,11.3038152028998,0.563278094285291,13.5304533579588
0.684883240631558,14.2224687216169,14,12.35511671979,0.419868490348457,12.7035988448005
-0.285832443005256,9.27724377443092,10,6.46076824954104,-0.870011068633729,6.97372062602103
0.230313797023432,11.7052805515153,12,9.27282807018225,-0.0202694712288405,10.3925300524745
1.48119067765522,18.9926197890629,20,18.6505501612743,1.88726524350399,21.2142876970059
0.0161229825361297,10.6386909455109,11,8.01917417711752,-0.176834798824198,9.66061728403987
-1.8048630380489,4.60930713970671,3,1.3454953492507,-1.49154443257493,5.20726674272327
-1.66182461178652,4.92549407034609,3,1.69081861263679,-1.93419684162179,4.22498614019269
-0.236432296860063,9.48859296839412,10,6.69981856099218,0.0855083801158766,10.9143270928529
-0.138874445602733,9.91900364118463,8,7.1898216851631,-0.544627132217735,8.12761197164416
-1.57572124732348,5.12577806216994,4,1.90862972624342,-1.51349497313589,5.15375565247594
-0.254247745955718,9.41186424000954,8,6.61291680850983,0.355431779417759,12.3429961605104
-0.560422897577889,8.18123983686852,8,5.23625736666237,-0.254135983058818,9.31699034349556
-1.68389510341288,4.87538352691809,3,1.63622421695936,-2.17862027052012,3.76080830191325
-0.331516857492502,9.08570173315211,10,6.24497723717501,-0.804787314230421,7.19096549244025
-1.68490148021549,4.87311030422511,3,1.63374653149183,-1.6206457672966,4.90012525925376
0.440951253569114,12.8322231273059,13,10.6309525728385,-0.2135887385244,9.49578147380524
1.47502979044854,18.9575591814793,19,18.6024067579703,1.42815528910229,18.8240607577964
0.56739313804771,13.5425779490825,15,11.5051909218764,1.19527861704031,17.4160788998896
0.607053127251661,13.770091348211,15,11.7881733017276,0.761582265356197,14.72082863474
-0.798099744556642,7.3349141991772,7,4.30568656194686,-1.17796010488403,6.03415704419076
-0.188323247186913,9.69867265648547,10,6.93844275824103,0.0538216138791445,10.7557176370638
0.28983073030283,12.016127656493,14,9.64394285876397,0.628213632899081,13.9148640959646
-0.881818027500883,7.05787600914518,7,4.00333323442284,-0.384211210751752,8.76482173665692
-0.526320956598489,8.31026264637353,9,5.379180389027,-0.239461433397373,9.38132786213729
-0.542327576983871,8.24945812836657,8,5.31178721982488,0.161953548608496,11.3049988306967
-0.0480487879504001,10.3353770029331,10,7.66807006447255,-0.252142460673784,9.32570599578452
-0.823022564255183,7.25133351666958,6,4.21436596837629,-1.33280937284194,5.61077536505504
0.674867140099698,14.1638368370469,15,12.2813166077224,0.268687367348062,11.8690901910756
0.376602834436296,12.4801393691179,13,10.2028643898644,0.246064887298285,11.7477483952044
-0.568238085748107,8.15194709909306,8,5.20385082787964,-0.965164311010535,6.66863336972922
-0.344853487524648,9.03048881912173,9,6.18292221015314,-1.18741220376415,6.00742478205663
-1.36412175477191,5.65208688586688,4,2.47903628869156,-0.496651677306216,8.31323244410248
-0.23378643769986,9.50003739615265,9,6.71279181926953,-0.124752053634696,9.89873642059792
0.346259557955419,12.3164477248886,13,10.0050108714937,0.571777287397899,13.5804353252331
1.53949311622059,19.3203210161948,20,19.101774576282,1.27963459738609,17.9346380402906
1.54104811676512,19.3289545706103,21,19.1136930797655,1.56435636244726,19.6001249716976
-1.18575811786369,6.13644103793834,5,3.00316309800621,-2.11394675463757,3.8787403946284
-0.490896955268942,8.44637642259896,8,5.53029329903408,-0.155955128059766,9.7554379555792
-1.45906437537841,5.40974100405248,4,2.21663082332019,-0.650832329567497,7.73126921403708
-1.29876383268145,5.82504833435186,5,2.66619649065643,-1.02860261673144,6.47275923881838
0.19642435728886,11.5310470838714,11,9.06596450708458,-0.147765900972406,9.79286128777175
-1.01851598504235,6.62763734464072,5,3.53548635503387,-0.583825577374381,7.9790164582123
-1.20510801344647,6.08198312311245,5,2.94421889043974,-1.64919637668841,4.83461058792256
-0.363390556881746,8.95427193283512,8,6.09736717610281,-0.349764202055247,8.90790338007095
-1.40610884211893,5.54363412729657,5,2.36164095271159,-1.88554500781886,4.3235940727889
-0.207022866233456,9.61651580240785,10,6.84500126017027,-0.287329777241791,9.17299790331172
-1.24696935746961,5.96579260085565,5,2.81848169486956,-2.04569955208751,4.00693683869196
-0.66605545280924,7.79386719408614,8,4.8089087246541,-0.931699189622601,6.77436218882695
-1.47630697175975,5.36682807830704,4,2.17013093885767,-0.978868605791014,6.6258189864662
-0.978385804410273,6.75117300820777,7,3.66963562619197,-0.568870826599753,8.03538519870081
-0.400376262246442,8.80401914338132,10,5.92906257796958,0.213695919912808,11.5757840482077
0.920534870164765,15.6302413981432,17,14.1550691246969,1.01707143399363,16.3055353521524
-0.572343914086103,8.13659868296966,8,5.18687700495868,0.00402150494402694,10.5104135073014
1.55631151806586,19.413387951722,20,19.2303362651986,1.45637114549985,18.9884354987167
0.372618375306556,12.4585580837505,14,10.1767365980412,0.62328545365614,13.8854903189927
-1.53090965686884,5.23310456747941,4,2.02513355902584,-1.05219340876631,6.40140863674049
0.0498036108786139,10.8009047027975,12,8.20790929978756,0.180472755669554,11.4013316519677
0.136899867084777,11.2299560459737,12,8.71041285618436,-0.265328925594201,9.26819798007722
0.58377698810643,13.6363077815898,15,11.6215977869076,1.09863214779246,16.8151639183894
1.21424663655514,17.4179397331157,18,16.5135651706924,1.01361200299816,16.2839095048279
0.033532664517487,10.722281067782,11,8.11634635985576,0.141084470691622,11.1972290184004
-0.725372777752502,7.58429301866547,6,4.57873144429528,-0.651139310551511,7.73015214235195
2.15199796683837,22.1215191853954,24,23.0835203500586,1.87582807435677,21.1635519446301
-1.03097563510408,6.58973941276549,7,3.49435839467287,-1.20086199601295,5.96959023062752
0.546448774261431,13.4232997678744,15,11.3574091538513,1.52901067004026,19.4031731994868
-1.2766929211236,5.88461973903167,5,2.73065161894693,-0.943309871835768,6.73748913381642
0.417516878194062,12.7032353263543,14,10.4737191035824,0.893444838268527,15.5343572494575
-1.02196415135476,6.61712766991216,6,3.52407977667579,-1.73831048116908,4.63549930386763
-0.187389972519799,9.70278970936873,10,6.9431294540908,0.248698004292265,11.7618231223154
-0.258488458678692,9.39368474133918,10,6.59234652980457,0.289872384945957,11.9835752624726
1.63174581692774,19.8218545495356,20,19.7968331591367,1.33457005930795,18.2677809226988
-0.256332767070468,9.40292190422132,8,6.6027975373034,0.0618725620429568,10.7958311980559
-0.423104533036691,8.71288030998369,9,5.82720083019068,0.0616202343511127,10.7945720606794
1.86637988810836,20.9809404469902,23,21.4274267529156,1.9827898168073,21.6179983832355
-2.4497826550257,3.4085855597755,0,0,-2.54525319251103,3.15292542507379
-0.0386768424338182,10.3792031305426,10,7.71865802034092,-0.204019875381508,9.53844207219699
-0.931452524636281,6.89854847471778,6,3.82985949389329,-1.053138051107,6.39856811268497
-0.579556289981267,8.10970554948096,8,5.15714595775483,-1.28046607113982,5.75047748864987
-0.240002622243663,9.47316997453434,10,6.68233997703913,-0.308730392280214,9.08129022289629
-0.829073069230797,7.2311852750893,8,4.19236556280922,-0.254394663930039,9.31585995922584
0.740593484213636,14.5506463108116,15,12.7699396711567,0.301616115783815,12.0473915480196
0.764328718492912,14.6914637902756,16,12.9488383974318,1.31423923395343,18.1449846811403
-0.15617774309122,9.84139590505086,10,7.10114637625757,0.0465116942007242,10.7194060690094
1.01667957269329,16.2150958378426,17,14.918120036985,1.09440902316764,16.7888064413897
-0.386333343511793,8.86078365321265,8,5.99259176021505,-1.13772539617549,6.14928656992463
0.230134622001893,11.7043540568898,10,9.27172588619461,0.689874768343233,14.2849650733876
0.0710391212512105,10.9042445605362,11,8.32849970696888,0.192272685272223,11.4630528833671
1.27166393906474,17.7640765626292,17,16.9787952816183,0.8179450332559,15.0669295660745
0.419984987386982,12.7167793986764,13,10.4902072366178,0.298896577482713,12.0325911242246
-0.0249421960694324,10.4437219635944,11,7.79321899505679,-0.140288915189974,9.82714490062017
0.700010647317356,14.3112409753037,16,12.4670348948718,0.917687870290392,15.6851650932594
-1.08579238126588,6.42553801041456,6,3.31628729392185,-0.746070774262035,7.39238517586812
-0.817138490485164,7.27098083713816,7,4.23582445591905,-1.09351136111852,6.27834452120097
2.16240218762191,22.1571751005237,23,23.1366254074258,2.78637125269532,23.7212232549999
1.00832764252364,16.1641777358003,18,14.8513463179367,0.940484236441557,15.8272130879797
0.161402573956449,11.3531304629416,12,8.85557329540721,0.0350864233707675,10.6628613937143
-0.608665761008152,8.00204279706127,7,5.0382489474641,-0.961607962026553,6.67978956397139
-0.258638368008976,9.39304269068792,10,6.59162017952379,-0.251429845647473,9.32882340904207
0.730639784208144,14.4917640270758,16,12.6952940771597,0.881133043882541,15.4578864567672
0.0490279538344503,10.7971456368862,11,8.20352795699392,0.113326827083283,11.0551852037735
0.012056114412194,10.6192443925998,11,7.99659355636552,0.00877135768363132,10.5336001257108
-0.41063559882452,8.76276781109818,9,5.88293686218487,-0.669066295455784,7.66519833531209
-0.985869607490507,6.72796328230354,6,3.64442148563433,-1.35273422525346,5.55848422060359
-1.18068126426572,6.1508086244595,5,3.01871590989655,-1.25957158921078,5.80720303255471
-0.527318976396145,8.3064587768049,8,5.37496233862183,-0.712333227182791,7.51068542457258
0.64715169125628,14.0022214343865,15,12.0783826418164,0.832367570878984,15.1559170955704
0.983194847824976,16.011051342799,17,14.6509260485874,0.556201944589714,13.4889190210621
0.33799661022102,12.2721363806291,14,9.95157966776263,0.683339070652368,14.2455190008582
0.867539609084252,15.3097305297236,16,13.7406245923317,0.815023775241513,15.048924973178
0.0959377627835023,11.0264558554764,12,8.47147131868192,0.284303501695554,11.9534011964281
1.52182455514299,19.2218217351397,21,18.9659097487925,1.63208896639043,19.9676198894224
1.42010059180722,18.6416723519838,20,18.1697940286794,1.02877028419715,16.3786712556038
-1.22555946096661,6.02494243407776,6,2.88248796279576,-1.09320352815023,6.2792525362127
0.425171800157149,12.7452742369568,14,10.5249126730809,0.190635067782368,11.4544712928159
-1.13108172522007,6.29293358440127,5,3.17261005616507,-1.30201966103484,5.69253910087218
-1.17253279636182,6.173938301169,6,3.04375518508682,-0.931648344397371,6.77452411025408
0.0673303730825557,10.8861371894962,12,8.3073495979071,0.350029946054383,12.3130923823646
-0.825236358260481,7.2439551217973,7,4.20630869510867,-0.628457175842444,7.81312815230667
-1.15908020077035,6.21231176405753,6,3.08530136148171,-1.04115611252412,6.43469187269378
0.898312988547884,15.4956391067888,17,13.9806922216069,0.577412647308239,13.6136322422291
-1.61786294907585,5.02679028105992,4,1.80105226690438,-1.38027152131163,5.4870060701317
-0.143369956498945,9.89878791388772,10,7.16670913714063,-0.0553436229912979,10.2243669998954
-1.0074716039506,6.66141095251336,5,3.57214844903899,-0.571529163883896,8.02533618266241
0.169115995848467,11.3921282186497,11,8.9016164540397,0.294546984579909,12.0089473866347
0.0331024244565763,10.7202086491215,12,8.11393503517452,0.390323708820787,12.5373767565534
-0.300942935139441,9.21347540154317,9,6.38883768837125,-0.603801886007375,7.90433619394097
1.48909311560489,19.0374753400257,20,18.7121807067726,1.52853695788925,19.4005109466599
0.273958042889651,11.9326278615655,12,9.54399422585897,0.032417400860964,10.6496890394577
-2.23477271110357,3.77135922301239,1,0.414789192212428,-2.17343486743856,3.77013891130801
-0.445088234741522,8.62558584707477,7,5.72979312185015,-0.81394647758318,7.16005013404851
0.224708043595185,11.6763204890714,13,9.23838739836415,0.303772727993818,12.0591378969901
0.645885436957169,13.9948600002453,15,12.0691564019188,1.03315798801265,16.4061014720529
-0.696777999596923,7.68461927149771,8,4.68883568238723,-0.29885445622879,9.12350195417249
-0.64577587761908,7.8668153013031,8,4.88919154877338,-0.962125136317834,6.6781660279142
0.78197420442093,14.7965097388475,16,13.082642425138,0.669635015259058,14.1629713920937
0.0445198642752191,10.7753198303597,10,8.17809632604679,0.382224359955934,12.4920683144421
0.911256952808153,15.5740098166047,16,14.0821641559221,1.22092050468565,17.5744505263252
-0.530112572559258,8.29582019602762,8,5.36316680926636,-0.889845414605013,6.90898266983631
-1.06476183872414,6.48804985381704,6,3.38405673468732,-1.71630656032838,4.68391856194441
0.0605215676493504,10.8529595054372,12,8.2686189333676,0.50478680082159,13.1893506880904
-0.858542572804957,7.13384129701249,6,4.08614523075087,-1.18228655763644,6.02190631617008
1.02935258712777,16.2923807659275,18,15.0195934561672,1.10692788468635,16.8669226178385
0.361118538820774,12.396416974251,12,10.1015765349397,0.513837204300512,13.241793812066
-1.13855233869847,6.27132141098019,5,3.14920232113118,-0.695750857554482,7.56952934192645
-0.353927235435165,8.99310500230179,10,6.14094269695777,-0.740155820280536,7.41298909380671
1.23644885306439,17.5521030071673,19,16.6935776548672,1.50677067814486,19.2775626259855
0.521029197562748,13.2793717745482,15,11.1796163124884,0.811445840294709,15.0268823659087
0.202327188429572,11.5612491205685,12,9.10176385181707,0.486159898316292,13.0818146275942
-1.12154387755855,6.32063312051964,6,3.20261439049575,-1.15752299863968,6.09236443708096
1.67561402558686,20.0520800794008,20,20.1178192646082,1.084472134324,16.7267676799201
0.362760303008116,12.4052751705831,13,10.1122840278189,0.814859839625738,15.0479147896135
-0.427361815743392,8.69590941152481,8,5.808251843013,0.298776098706172,12.0319357576777
-0.25412303760487,9.41239934428549,9,6.61352239718155,-0.09709143199839,10.0273686107139
-1.53059591954391,5.23386360538593,3,2.02595705650542,-0.978146787277315,6.62806712009557
-1.50169399782998,5.30424705947391,4,2.10229349237424,-1.42825917096937,5.36460220754771
0.557068540468339,13.483702571228,13,11.4321965936529,1.03858134332738,16.4400055642127
-1.01221042991982,6.64689883935535,7,3.55639401354962,-0.43228078248011,8.56888985202669
1.4692660939906,18.9246884356978,20,18.5572935149854,1.46465942106337,19.0363891912257
2.2499266827662,22.441161759565,23,23.5638043790237,2.28702805753867,22.6658440435912
-0.253608886073722,9.4146057862895,9,6.61601954194897,-0.0187289141132373,10.3999718327886
-1.72762817085561,4.777532680259,3,1.52948338462777,-1.4355664682483,5.34620015193796
2.61346645388354,23.3442781429093,25,25,2.80272985824291,23.7451990877187
1.80742590294524,20.7072599002458,21,21.038838297597,1.91859530950654,21.3506563841976
-0.313155237599199,9.16223735569408,9,6.33110605782075,-0.883614032175836,6.9292557172442
0.361773017217823,12.39994770229,13,10.1058441004873,0.00212980768408797,10.5011914569851
-0.576910501217357,8.11956094719825,7,5.16803986553184,-0.770165064533152,7.30905194165545
-0.116838671174927,10.0186314681816,10,7.30386938596258,0.522646720879853,13.2929611385918
2.07308011865973,21.8376529185653,23,22.6642681930819,1.27244138284747,17.8907190757097
-1.01221042991982,6.64689883935535,7,3.55639401354962,-1.27425095458237,5.76729286675549
0.225731770846009,11.6816050829387,11,9.24467038716212,-0.820761811482702,7.1371332639308
-1.00642538834541,6.66461909542063,5,3.57563146974679,-0.941002597740208,6.74480035848556
2.24995381950888,22.4412454511121,23,23.5639314874791,1.96293780930042,21.5370653463619
0.0135231272186706,10.6262557186041,10,8.00473373475297,-0.404353319901205,8.68219549523133
-0.617344038547591,7.97021704421575,7,5.00314058635935,-0.804138993904738,7.19315890758534
-0.690465931367909,7.70694100905258,6,4.71335396028149,-0.80717452013387,7.1828948602577
-0.864001860705247,7.11595114397222,6,4.06663645382853,-0.803798088025302,7.19431254111167
0.841667841745552,15.1539354242494,17,13.5401434160564,0.994788559252127,16.1662566853848
-0.751823728347451,7.49263911645897,7,4.47827636926918,-0.0895799274473879,10.0625601806592
1.07854098690525,16.5924738884791,17,15.4149916448869,0.676733985856835,14.2057048792748
-0.550338365529757,8.21918995040471,8,5.27826451303332,-0.577144615769385,8.00414994252294
0.619802028201929,13.8436711211789,13,11.8800007570266,0.850546722778074,15.2683017442661
1.34432587344239,18.1974025138548,18,17.564850393661,1.44262323555691,18.9085587954589
-0.0273835258312588,10.4322284509027,10,7.77992888968267,0.148386261003797,11.2348410549755
0.520554727986139,13.2766941534242,14,11.1763141601089,0.225381160755125,11.6376373068328
-0.466952433026712,8.53959853743426,9,5.63399198879537,-0.12722676210165,9.88730153415469
-0.507755389035809,8.38133237027472,8,5.45803810398488,-1.08929682738148,6.29078760691535
-1.10717727155653,6.3625837282731,4,3.24806351042849,-1.00676900326912,6.53950942128317
0.396610105459202,12.5888973024427,12,10.3347313202909,0.52236809404744,13.2913410203694
1.27795733021772,17.8018386587929,19,17.0297076757557,1.48841982410766,19.1729864771109
1.09983274054987,16.7223490720197,18,15.5867851586972,1.68598825257534,20.2499376461737
-1.45052762229556,5.43111040149714,4,2.23978164328879,-1.4583204891798,5.28929397671274
-0.695354399722735,7.68964806605472,7,4.6943586525116,-1.02915047875618,6.47109316850118
-0.188703365665662,9.69699625529259,11,6.93653452083076,0.958286015223325,15.9382708329941
0.322727417010888,12.1905537839128,12,9.85334836059031,-0.0436847071396751,10.2799966268209
0.509644719916505,13.2152154339833,12,11.100551219432,0.195606182092536,11.4805370766774
-1.33609687353282,5.72562642617691,5,2.5586190313174,-1.93522773057187,4.22291991784688
0.264111763306197,11.8810486723872,13,9.48234983521156,-0.0135263260685027,10.4251378832473
-0.279422369421798,9.30441927158119,11,6.49144948708412,-0.648658716110935,7.7391834076363
-0.481213921273162,8.4839561599254,9,5.57207616094378,-0.498972271068931,8.30415789203358
-0.835986123758406,7.2082325683754,7,4.16730921014286,-1.1595109825011,6.08667782438863
-0.479192712287109,8.49182077085364,9,5.58082383357224,-0.982119633888593,6.61570306482279
1.18498575689033,17.2406158820283,18,16.2762567768046,1.27833355737933,17.9266991063746
-0.762022166205264,7.45759382880277,8,4.43989805841876,-1.87065972353666,4.35419644531463
-0.868754947491826,7.10041141974782,7,4.04969388515441,-0.394996302345661,8.72048467224468
-0.375063866558161,8.90658873240277,8,6.04390418572083,-0.650826783345165,7.73128939765164
0.0107743469802842,10.6131216406218,10,7.98948604387698,-0.0929643952453085,10.0466901060654
2.05701546844759,21.7769427448932,23,22.5753366401251,2.31918810021677,22.7564334285168
0.103815204925765,11.0653554407756,12,8.51706107374724,0.187305684364777,11.4370400434173
0.907139956562235,15.5490726165003,16,14.0498589550416,1.02571089642298,16.3595451036063
-0.972797955485535,6.7685544806969,6,3.68852145063544,-0.761533670264073,7.33879510150454
-1.31244699029171,5.78841373686339,5,2.62655797599226,-1.63078409049466,4.87676348276097
-1.27015172614195,5.90238961966799,4,2.74987841475708,-1.19578471205772,5.98384468556939
0.281508461851521,11.9722935772745,13,9.59144993265383,0.103232128509207,11.0038972318044
1.02389769338207,16.2591117088557,17,14.9758938702665,1.5410388062686,19.4705733172424
-1.2408508427566,5.98263788586629,5,2.83670943681866,-1.42304729037478,5.37776531936375
0.597699395731485,13.7162423255455,15,11.7210652823663,0.549166711979644,13.447696745623
-0.371492327180028,8.92115216999975,10,6.06022782832039,-0.409375691824988,8.66171152906076
1.38851546512832,18.4575778029848,19,17.918623565678,1.49591279542067,19.2157860643521
-0.0269125902179747,10.4344447124694,10,7.78249132412567,-0.106273366009311,9.98450208149176
-0.898510879962291,7.00388880479619,7,3.94452110602435,-1.32160028216358,5.64040620756095
-0.558682083704805,8.18777866762558,8,5.243493373576,-0.763324966252628,7.3326123860385
1.12577638899809,16.880497867338,18,15.7965165261907,1.290532811285,18.0010549838617
0.440984414012426,12.832406261738,14,10.6311761400602,0.437037289125795,12.8008648510209
-2.4497826550257,3.4085855597755,0,0,-2.00657280354084,4.08221540978157
0.440290371894986,12.8285736498064,13,10.6264975516042,1.0427749668154,16.4662211135185
1.65590315161742,19.9493375188862,20,19.9744162342696,1.58102813023632,19.6918264186855
1.23838188535204,17.5637661902029,19,16.7092453761325,1.01381441381125,16.2851748111449
0.289621525616716,12.0150243030695,9,9.64262090481713,0.900256790062728,15.5767026911084
0.562095335025622,13.5123490199232,14,11.4677006803997,0.677138516600437,14.2081418297414
-1.49812381018867,5.31300483335818,3,2.11178882423479,-0.956634642113485,6.69542239641737
-0.302839980785355,9.20549858996685,9,6.37984616760002,-0.877455660699647,6.9493503550522
-0.801675495669172,7.32286431706782,7,4.29251509995332,-1.057423928372,6.38569648399878
-1.64247759708364,4.96982857716806,4,1.73908465374559,-0.798464243276382,7.21238677932431
-0.561557368923541,8.17698128149341,8,5.2315451736404,-0.404842283009481,8.68019916084861
0.368894188916664,12.4384100651041,14,10.152355696378,0.609016900030576,13.8006248077917
-0.104925009516754,10.0728662866339,9,7.36605502170781,-0.7358863902944,7.42789707436189
2.44057991165332,22.9662813241836,24,24.3799213865015,2.48474201638337,23.1684062175164
0.100079785420612,11.0468955512492,12,8.49542138472163,0.230514160963581,11.664888640618
0.398143629548439,12.5972601965423,13,10.3448847985621,0.621145759125762,13.8727468366444
1.03364882815339,16.3185860161346,17,15.0540337356644,1.09462147684253,16.7901325430885
1.68662746205341,20.1089745459046,21,20.197341467505,2.0289415346839,21.8001051120812
0.32406147681294,12.1976659791305,13,9.8619046355245,0.587697686186368,13.6743345224416
-0.668488770365962,7.78515902408877,7,4.7993307323484,-1.03036462895288,6.46740242962146
-0.737109123400205,7.54349023020809,6,4.53399528152619,-0.573975713149028,8.01609885184845
0.688940112111571,14.2462499364262,15,12.3850772201027,0.912294857290843,15.6515924869953
-0.80094309189618,7.32533084021286,7,4.29521104384884,-0.653845386701854,7.72031202847056
1.74130743287236,20.3857883946973,20,20.5854385523314,1.83822724591432,20.9931958207598
-0.501004286669374,8.40732146882887,9,5.48689885934256,0.134406098682738,11.1629180682383
-1.09391749125033,6.40154654640459,6,3.29028479217316,-0.642824142752246,7.76046753757766
-1.17778429704824,6.15902194977835,5,3.02760710597776,-2.26348043366728,3.61113766838951
0.759908708161102,14.665197908629,16,12.9154285316688,0.0857663342790806,10.9156263292107
-1.29990470173519,5.82198516083045,5,2.66288217818146,-0.677447937136262,7.63501822665283
2.61346645388354,23.3442781429093,25,25,1.87584205215306,21.1636142604469
0.332708639407385,12.2438387008913,13,9.91748638422609,0.48717960215414,13.0876875216084
0.367036186244753,12.4283667046327,11,10.1402065439687,-0.260657175266698,9.28853360313267
-0.120336545204437,10.0027574758496,10,7.2856817781123,-0.592623024584519,7.94604113419364
-1.09995126796697,6.38378761000688,5,3.27103954581643,-0.954349786016226,6.70261686222754
-0.415095299667915,8.74489354253669,8,5.8629613052471,-0.344801019334601,8.92870432312091
0.568464190132291,13.5486940310655,15,11.5127792548886,0.394460635345601,12.5605624096919
-0.35831038674762,8.97509883242468,9,6.12073357367938,-1.01687081507701,6.50854008805623
-0.855167315134476,7.14492433906234,7,4.09823296524303,-0.540864523337739,8.14201974708853
-0.592368644702442,8.06214522912833,7,5.10459799742661,-1.25563406301849,5.8179549846831
-1.00999592212073,6.6536766143951,6,3.56375178381343,-0.836402313651936,7.08482144379658
-0.101523081673086,10.0884007671686,11,7.38388004932494,0.173572109436887,11.3653595390837
0.0636291506485542,10.8680915369063,11,8.28628007501282,0.502500112844654,13.1761202615114
-0.10784463310433,10.0595511268577,11,7.35078123468876,-0.270165310705386,9.24719021734592
0.808869565783586,14.9571739105749,15,13.2878672074635,1.90595050382716,21.2960803108023
2.44057991165332,22.9662813241836,24,24.3799213865015,2.93184898815804,23.9167364042096
-0.746050224124286,7.51255087680731,7,4.50008973047091,-0.893505905669679,6.89710168983252
-0.82558343706786,7.24279901057106,6,4.20504627487639,-0.452172066810946,8.48907328303179
-0.755888153656927,7.47865292198658,7,4.46295789303934,-0.090117450386718,10.0600381788755
0.310022703346986,12.1229725044028,13,9.77211485817357,0.378210825881878,12.469658050172
-0.536032855158901,8.27331824599562,8,5.33822465478781,-0.256681342605981,9.30587326778127
0.623133485679299,13.8629332315549,14,11.9040647099346,0.638036986649793,13.9735087953889
0.692660483045896,14.2680752646397,15,12.412587328405,1.30741963207475,18.1036599041497
2.61346645388354,23.3442781429093,25,25,2.11699923891914,22.1242006643846
-0.0278848965925123,10.4298694064585,11,7.77720150605536,0.0111651176828757,10.5453021832386
0.596577532870089,13.7097916043811,15,11.7130316463321,0.617400943937193,13.8504581596543
0.646302738934493,13.9972857870339,16,12.0721965254841,1.30908215290441,18.1137403420767
0.308860047154241,12.1168015365799,12,9.76470355808064,0.623451916797847,13.8864819833401
0.447016937047364,12.8657505150686,12,10.6718978142972,1.06958547405757,16.6337808842028
-0.0694740998735134,10.2357915360472,10,7.55329787329184,-0.108856818197764,9.9724709912521
0.686792481829377,14.2336582450599,16,12.369211775801,0.407218000763994,12.6322451976353
-0.012215899549282,10.5038130948122,11,7.8627574810408,-0.404348457381562,8.68221535013546
0.859001283576001,15.2582606699882,16,13.674320888687,0.827882310250457,15.1282258972281
1.07532319540523,16.5728423087917,17,15.3890588334628,0.869534568039457,15.3859261204115
-0.0248917920901493,10.4439593752638,10,7.79349355249951,-0.377945470443543,8.79068058220179
1.05873149512412,16.4716110408704,17,15.25548203189,1.22497027921219,17.5994094659669
1.90624751879225,21.1588091954512,23,21.6814348341593,2.07045145109044,21.9566847085801
-0.425435130289158,8.70358587919305,9,5.81682234255383,-0.552564289390158,8.09730222388628
-0.0879317409851903,10.1506759422451,11,7.45539689510305,-0.134435277374801,9.85406182611039
-0.301935494825778,9.20930102119892,9,6.38413212188202,-0.29552681172598,9.13776719953523
0.868628945431999,15.3163008136611,14,13.7490934853793,0.76669663770723,14.7521161677466
1.04029083527983,16.3591034260003,17,15.1073169099795,0.973154142987946,16.0310979591206
-1.40566998934932,5.54475710846533,4,2.36285677149792,-1.44251795834992,5.32875161009612
-0.888750234723883,7.03540631663879,6,3.97885134128776,-1.71327802046677,4.69062064409178
-0.439823472180358,8.64641491227714,9,5.75302143111117,-0.0830985802106474,10.0930148288052
-1.34860516427618,5.69268871577558,5,2.52297618072062,-2.06836850653354,3.96392104091519
0.496994976184319,13.1441528028929,14,11.0131092874163,-0.0584488670972089,10.2095957618491
0.147965100627091,11.2854472451984,11,8.77575887073233,-0.00194537568072715,10.4813487988948
-0.823016737119599,7.25135294785069,6,4.21438718832765,0.294617648523907,12.0093312309742
0.252571417657919,11.8208088737555,12,9.41044694006578,0.814070237113019,15.0430495004491
0.805541368322147,14.9372575849961,14,13.2623893468902,0.372534182099384,12.4380090035026
-0.162716207294015,9.81221265184661,9,7.06783847302631,-0.627965278932449,7.81493748468602
-0.0811202208968632,10.1820137490043,10,7.49142124345916,0.150196872887104,11.2441834947268
0.320141943828304,12.1767785449064,14,9.83678013194695,0.642607242497176,14.0008350199546
-0.0616483951833196,10.2720678962515,11,7.59507781027138,0.736678637482441,14.5688444343695
-0.0683268328184829,10.2411027006123,11,7.55941276937496,0.292151754697146,11.9959419372004
-1.44525203083102,5.44435743319673,5,2.25413149909052,-2.25918530766709,3.61857780626732
-0.581880697493707,8.10105690700984,7,5.14758737915242,-0.0719724118574587,10.1454877502298
-0.807571691469095,7.30303755274954,6,4.27084712123426,-0.466652199715203,8.43143002531228
0.365559168099445,12.4203867927003,13,10.1305554801328,0.634054862113517,13.9497208313916
-0.027324435488437,10.4325065125598,11,7.78025037688259,0.129014815777478,11.1352823924396
-1.57727325743725,5.1220993300685,4,1.90463406217603,-1.28449116255071,5.73961334445765
-0.0207840225989748,10.4633233718753,12,7.81589205487055,0.42920138949489,12.7564116325255
-0.828750760841549,7.23225716632319,7,4.1935358583659,0.0413081905580526,10.6936217456901
-0.500157229423848,8.41058780511485,7,5.49052701335289,0.229962354373385,11.6619567093809
-1.39640169516601,5.56852567600414,4,2.38858898929735,-1.00682816621654,6.53932761214105
0.960274847827049,15.871572593827,17,14.4688809909442,0.904277118985437,15.6017055965173
-0.176935378559179,9.74901782993199,9,6.99578108779658,-0.377552155248034,8.79230627366132
-0.423422617125281,8.71161123033124,9,5.82578362850469,-0.844038780568453,7.05942130449558
-0.371492327180028,8.92115216999975,10,6.06022782832039,-0.45817800985256,8.46511756899961
-0.564820878439473,8.16474281918646,9,5.21800483526321,-0.97390271082881,6.64130106039216
-0.0717489113200958,10.225267660427,10,7.5411834960874,-0.0270973276552902,10.3596038425867
0.104411140462772,11.068302803679,12,8.52051696398222,0.232895508196031,11.6775480548697
0.534439907317634,13.3551887568959,14,11.2732001190752,1.27832923267343,17.9266727135616
0.313634296546973,12.1421561827349,13,9.79516106060377,0.623850105028078,13.8888542416945
0.900426739799895,15.5084304361995,16,13.9972431347024,0.935533491440202,15.7963467589161
0.549002282855837,13.4378090158804,15,11.3753644084353,1.12246970464978,16.9638226157382
1.82840542440259,20.8060857310938,20,21.1788630657367,1.79851374876631,20.8074326990337
-0.027452107523156,10.4319057338035,11,7.77955577553676,0.364323486359051,12.3923306629102
0.236540861807641,11.7375149701143,11,9.31118957351296,0.036897827771556,10.6718091269286
0.705243893759727,14.3420117227381,16,12.5058792123109,0.928141361811834,15.7502765396444
-0.71711572288507,7.61313000808303,7,4.6103632897533,0.00967471680063144,10.5380149343892
-0.513080190537736,8.36088882748819,9,5.43534461515154,-0.174192022096401,9.67257163491572
-0.195875140957095,9.66541664236442,9,6.90059991576416,-0.116373174095292,9.93754222621957
1.9231946089864,21.232618720833,22,21.7872124209115,1.72550704752255,20.4508085515068
0.0536386448555585,10.8195065590544,10,8.2295959009049,-0.0968836548511997,10.0283405558337
0.831639960792925,15.0936845582127,16,13.4627835649443,0.715429325258764,14.4396650602183
0.0834978295144033,10.965255474863,12,8.39982581073933,0.208495000030625,11.5483366730816
1.91401155944145,21.1927580853222,22,21.7300591872313,2.35653712835411,22.8571648323038
0.123599643740047,11.1635481673786,12,8.63231903803624,0.603753954867718,13.769390827913
0.439723255723336,12.8254425029879,14,10.6226755678133,0.419876133200126,12.7036420345721
-0.604592064960221,8.01702506479492,8,5.05478253238953,-0.706297012081991,7.53205187313634
0.343880091748754,12.3036757900932,14,9.9896047272226,0.420850349905234,12.7091481345839
0.0942983915499403,11.0183746207321,11,8.46200521943062,0.177245758444494,11.3844984718819
-0.00431514265786702,10.541268443623,11,7.90614770178974,0.201609780792554,11.5120790113574
-1.14098271583743,6.26430624447078,6,3.1416048213372,-0.275189221205452,9.22541579541946
1.77465659166346,20.549803448267,22,20.8163799179766,1.81301167189318,20.8759342878646
-0.164794638348684,9.80295233198708,10,7.0572735602956,-0.101666070249726,10.0059908118029
-0.849942902067392,7.16211293303469,8,4.11698269935684,-0.171350574539501,9.68543993000868
1.30237598437251,17.9479699824793,18,17.2270160794489,1.02089557123891,16.3294417368207
0.35555130839932,12.3664119412372,13,10.0653236255184,0.964378194554832,15.9762995286648
-0.949743776351134,6.84073661074798,6,3.76698183508701,-0.748943860756733,7.38239805286405
-0.553169403170163,8.20851892977241,8,5.26645008238358,-0.806724298184096,7.1844162631567
1.05858588924417,16.4707226405366,18,15.2543108634113,0.885186394890371,15.4830532192552
-0.141883782771453,9.90546694683765,9,7.17434416121938,-0.481694433357737,8.37195775490091
1.16458296906938,17.1166902751977,18,16.1108307967049,1.13353043523286,17.0327214253311
1.4516887190448,18.8240335508033,20,18.4192894683788,1.52200114780555,19.3637203263314
1.35060178343715,18.2345243012021,19,17.6152404298454,2.07218026702159,21.9630583743587
-0.927980311278997,6.90957741631645,7,3.84185877268287,-0.0113737744363656,10.435565832173
-1.85675539869014,4.49948048663891,3,1.22499585240089,-1.96789860668524,4.15792931999131
-0.206052308295227,9.62076427414169,10,6.84982942957913,0.0597125610802281,10.7850566303267
-0.511355665919644,8.3675045141476,8,5.44268754098807,-0.692419004292138,7.58140863909697
-0.712176969102718,7.63042977520319,8,4.62934575469597,-1.20426688002052,5.96005003370208
0.94577846582344,15.7834574557391,17,14.3541289485277,0.475498380677653,13.0205087900699
0.26102908396697,11.8649346919569,13,9.46310628960122,0.510126068853539,13.2202742187943
-0.18694012394272,9.70477474152141,9,6.94538928079231,-0.603651042931279,7.90489748288811
2.39105734199549,22.8415468605337,24,24.1821958400176,2.80970345994913,23.7552577333144
-0.139015378073863,9.91836932400497,10,7.1890963243206,-0.426414185722712,8.59257071743958
0.524844424180516,13.3009145248482,15,11.2061910112849,0.660711905913577,14.1093432630473
-0.916482514231021,6.94622327013541,7,3.88173801926942,-0.475207018604617,8.39755601268613
0.835774150490367,15.1185146267489,17,13.4946527447821,0.973321803415371,16.0321450388915
-1.81040659971751,4.59745342645892,3,1.33250530602196,-1.05313437493356,6.39857916441775
-0.268832324138169,9.34947800708734,9,6.54235721475179,-0.0488995430201164,10.2550813080523
-0.736985354680541,7.5439193947384,7,4.53446568925161,-0.404623270078797,8.68109328954886
0.51112379294632,13.2235398899398,14,11.1108036278283,0.623852430478883,13.8888680964809
0.41159370332618,12.6707707194728,13,10.4342185229814,0.353070757224587,12.3299195771551
2.61346645388354,23.3442781429093,25,25,2.66991220132338,23.5341054190403
0.134037686808305,11.2156382996255,12,8.69356568429733,-0.206183146250555,9.52878197989059
1.50867646434738,19.1480560649017,20,18.8642953589144,1.24525881832862,17.7242067827239
0.645831433076279,13.9945460901289,16,12.0687630051729,0.654073093926415,14.0695069646932
0.112029645785668,11.1060388551581,11,8.56478409442631,-0.702767631237417,7.54457323406834
1.01203521648555,16.1867795288882,18,14.8809782571398,1.27180249414729,17.886815225944
-0.497525237261001,8.42074485646724,8,5.50181047388049,-0.449957771348334,8.49792219174514
0.360821593151425,12.3948152685484,12,10.0996406788475,-0.316319548075324,9.04897984770336
0.304194741771363,12.0920628329064,12,9.73500304047516,-0.281823908933155,9.19673471859021
-1.09517319433132,6.39784667314004,6,3.2862751041549,-1.30656647189815,5.68039093578476
-0.279683020179048,9.3033127993988,9,6.49019995533129,0.260027648835127,11.8225297376036
0.436909672363689,12.8099156719157,14,10.6037270364054,0.241508837549286,11.7234254994398
-0.726514169563303,7.58031529781404,7,4.57436918442952,-0.654385258348076,7.71835039814684
-0.189710540101897,9.69255568223345,11,6.93148016110225,-0.634755322057788,7.78999894471225
-0.799080557262567,7.33160701897001,7,4.30207136170517,-0.983172357601866,6.61243074597819
-1.40404054614857,5.54892863587549,5,2.36737311173286,-0.943748524514497,6.73610005012616
0.285161524971436,11.9915199329731,14,9.61446770609486,0.628260098617696,13.9151411994616
-0.288588474654793,9.26558232450927,10,6.44760745291694,-0.217844008723907,9.47686772467594
0.208913444814918,11.5950206793059,13,9.14182344594198,0.108353092511834,11.0298905430143
0.329896904850847,12.2288112689015,14,9.89939021035499,0.0252228832748717,10.614251747488
-1.52201015309172,5.25467698343937,4,2.04853572370425,-1.26499208888062,5.79243394019638
0.126470932669937,11.177857497682,12,8.64913652314753,0.267686116017265,11.8636997311982
-1.22912461942701,6.01505297057694,4,2.87178608801824,-1.71486985055298,4.68709681857171
0.613270198979469,13.8059464742763,15,11.8329016362306,0.735828225875793,14.5636654886001
-0.149053985411741,9.87328056927897,11,7.13756066890228,0.0532446902832606,10.7528480038127
-0.390788335472754,8.84273801346223,9,5.9723883888991,-0.201826226368934,9.54824715455652
-0.474629350919774,8.50960286042234,8,5.60060695833068,-0.345201095072442,8.92702584918034
0.246560970874797,11.7895264101324,13,9.37314694153774,0.565457019423037,13.5432573272357
-0.864132300602217,7.11552423495158,7,4.06617096706255,-0.7261194245631,7.46211522060047
0.329756939712572,12.2280635661966,12,9.89848998282631,0.309264571659566,12.0890880698629
0.780964323689144,14.7904898315711,15,13.074966403572,0.49022116652857,13.105214836364
0.383507992657985,12.5176016857279,13,10.2482495922609,0.757005508497308,14.6928512598982
0.422062942281101,12.7281899540352,13,10.5041020630347,0.540575754048705,13.3974570258103
-0.091342927786922,10.1350140909478,11,7.43740187251358,0.169605037992015,11.3447208378893
1.23984593880029,17.5725977391397,18,16.7211112109189,0.892971478834619,15.5314155906934
0.349784911823931,12.3353876090475,12,10.0278654227477,0.308692123684926,12.0859636431885
0.0793009726463057,10.9446717291712,12,8.37575107219065,-0.42912612428009,8.58161585425972
-0.256495746074082,9.40222324365892,10,6.6020069993263,-0.0637060333109176,10.1846314562881
-1.22831658356035,6.01729299638874,6,2.87421011258899,-1.25449127277521,5.82107923551485
-0.366607811676252,8.94110598863915,9,6.08260058233488,-0.308730392280214,9.08129022289629
0.129784416600837,11.1943890244922,12,8.66857247265924,0.103617609341842,11.005852109131
1.1798898212541,17.2096830486463,17,16.2349324870919,1.64059373143379,20.0127848057704
-1.66315879031955,4.9224508236575,3,1.68750430016181,-0.924739709666911,6.79656173616731
-0.473439153810888,8.51424660840106,7,5.60577428074349,-1.06542252701441,6.36174424722552
0.442205414025313,12.8391506482829,14,10.6394102181864,-0.129410226110612,9.8772224098727
0.670565198885701,14.1386905615099,15,12.2496939953285,0.460775416503098,12.936146230298
0.951414364242716,15.8177045036839,17,14.3987052693694,0.989915467658766,16.1358052905153
0.0879573449148705,10.9871625181378,11,8.42546046260039,0.223098805537521,11.6255360240493
-0.0728136862993972,10.2203449972191,9,7.5355177981134,0.0462528082254716,10.7181219873197
-0.332744999719691,9.0806040356022,10,6.23924507815374,-0.366970703565455,8.8361523670426
-1.14391522681412,6.25585200643657,6,3.13244910506317,-0.68936112965794,7.59232762714759
0.78353359644851,14.8058071507179,15,13.0944995368045,0.541753180351169,13.404336163781
0.0651137223555671,10.8753267061787,12,8.2947266076827,0.00158114039479366,10.4985180132274
-0.201115409960645,9.64240136686234,10,6.87442537264996,0.19560376152689,11.4805243731722
0.669043918367532,14.1298034372518,12,12.23852220006,1.15921592041668,17.1924792260855
1.52157970470477,19.2204516273001,20,18.9640213406784,1.40461111624697,18.6856370004895
-0.828880255237423,7.23182649183592,7,4.19306564430267,-0.383903000329558,8.76609199623433
0.275509072858759,11.9407681020473,13,9.55372961788718,0.676136332715787,14.2021048871918
1.41175738822009,18.5932069967022,19,18.103602134561,1.45635644302948,18.9883502977067
0.38387360622189,12.5195874040057,12,10.250656358055,0.355561759869474,12.3437163445078
1.29692961566206,17.9154322751024,19,17.1830437566032,1.52671060204151,19.3902413905236
1.34292147834676,18.1890882477672,19,17.5535683561183,1.52161080932166,19.3615195846573
-0.294946758563975,9.23873097973523,10,6.41731518736821,0.103232128509207,11.0038972318044
1.39928263993539,18.5205206081437,19,18.0044211329554,1.32181134195206,18.1907912278154
-0.398979996799229,8.80964761608185,9,5.9353588327799,-0.628954741998014,7.81129839442982
-0.884724567007801,7.04844626003471,6,3.99305832531158,-0.937239282956284,6.75674265497129
0.218205631265381,11.642797317359,13,9.19854849802688,-0.0738776939357435,10.136484792541
-0.185630314456365,9.7105565983664,10,6.95197206536396,-0.39251573692154,8.73066279234311
-0.0854900812302149,10.1618995055881,11,7.46829615622147,-0.669021677255372,7.66535931461081
0.249293424669632,11.8037401663425,14,9.39009156405427,-0.510579062140048,8.25891724017824
0.021167647671145,10.6628551153462,11,8.04724621045381,-0.457679525294771,8.46710332375696
1.87944352737118,21.0398734735754,23,21.5114515780426,1.59143886560918,19.7486861574132
-0.493735551347669,8.43539035797898,7,5.51808360760252,0.0295313532891135,10.6354613325009
0.256055072780105,11.8389689554332,11,9.43211257403506,0.484593325830917,13.0727952777451
0.982769073986367,16.0084587224032,15,14.6475377353929,1.2657931752286,17.8500722250958
0.0782839176641866,10.9396883398735,11,8.36992416877807,0.37236865877526,12.4370869963219
0.144336272152902,11.2672247353125,11,8.75429113813116,0.84030380578944,15.2049503887834
0.122867025863171,11.1598994810495,11,8.62803167410764,0.355265373065351,12.3420741943765
2.11554866028089,21.9933686684786,22,22.8935087746655,1.890311726142,21.2277162635608
0.0115860183911326,10.6169984865083,10,7.99398631588758,-0.263332049504366,9.27688499462941
0.568608272747537,13.5495169141854,13,11.5138003004776,0.646378676801272,14.0234049070283
1.34626962359756,18.2089054661212,18,17.5804617035877,1.25464100163066,17.7817731001972
-0.324327693483697,9.11559609381468,8,6.27860354338241,-0.637141661604809,7.78125335268161
1.63184061920991,19.8223581294061,21,19.7975338926665,1.12377320295258,16.9719451608364
-0.452420547269288,8.59665710473042,9,5.69754644333732,-0.338453136086615,8.95537696114691
-1.13933783953373,6.26905325271356,5,3.14674585561501,-1.22602474598697,5.89944460781419
-0.71483434073091,7.62111656250022,8,4.61912610948228,-0.382142281589754,8.7733520628424
-0.857638595508757,7.136807938338,7,4.08938065550497,-0.779658673750798,7.27647829054779
-0.729671790036406,7.56932178922656,7,4.56231412484451,-0.141158057845121,9.82315404627452
-0.527301650029246,8.30652480040518,7,5.37503554885272,-0.0189816166210475,10.3987508132698
-0.792060659364018,7.35530979277267,6,4.32798499586265,-0.461043406146948,8.4537119153835
0.914452922826303,15.5933747063925,16,14.1072617526568,1.54172761301723,19.4744214523859
-0.101191977863025,10.0899138459859,10,7.38561654518914,-0.0664678542352492,10.1715384425047
1.09358845795112,16.6842659276425,18,15.5363687690009,0.791614879017013,14.9049013290701
-0.836148935060442,7.20769287305245,7,4.16672013146783,-0.944121086140992,6.73492048463699
1.4968826105728,19.0815599165693,20,18.7727927639944,1.01327103135366,16.2817780357043
-0.157764517900433,9.83430643430503,10,7.09305304537234,-0.599514859611622,7.92030382958545
0.758919354535434,14.6593213141065,15,12.90795614297,1.33456321085218,18.2677396636723
1.24635791285786,17.6118584020674,19,16.7738814711855,1.00215796206801,16.2123134785575
1.9958487360112,21.5366791230361,23,22.2255594474007,1.72764139038219,20.4615043056472
0.195206966110801,11.5248259377256,13,9.05859346175638,0.850845219649441,15.2701490064012
-1.17531109783909,6.16604238708555,5,3.03520715689177,-0.602429012046881,7.90944614629953
-1.33731954001062,5.72239860651562,4,2.5551262093814,-1.36828440524819,5.51800871970025
-0.245545204752054,9.44927306537903,9,6.65526876087607,-0.350281772121704,8.90573691612112
-1.89721494748648,4.41558899734452,2,1.13271744196128,-0.982972584011156,6.61305160270264
0.29852098596468,12.0620265229788,12,9.69896503811078,0.289910617993398,11.9837826171522
1.67547718220896,20.0513708240733,20,20.1168284358814,0.59534365955887,13.7195561709758
-1.17414242637293,6.16936252934319,6,3.0388014770192,-1.36437798184083,5.52814929389564
0.654761603708545,14.0465037309745,15,12.1339142550537,0.605471258538622,13.7795784008436
-0.812863565577763,7.28528813681937,7,4.25145382536759,-1.15336575279784,6.10427341038291
1.01114779313859,16.1813694421289,18,14.8738842436151,1.0610243596576,16.5802860142924
0.0258720489324189,10.6854313805478,11,8.07348707079886,0.00144094760006283,10.4978350028801
0.508107919384319,13.2065694923934,13,11.0899049204226,0.460371402340603,12.9338361341999
0.49418731129835,13.1284124032465,15,10.9937599697857,1.05301169611312,16.5302084912796
-1.74144237738234,4.74701792279921,3,1.49615688238584,-1.7756918983637,4.55433827904726
-1.26342497885419,5.92071853905246,5,2.76971028021012,-1.66909435872166,4.78945125211312
-0.13847796689723,9.92078833114355,10,7.19186258380833,-0.396994951138068,8.71229233930034
0.648114596115376,14.0078206602995,14,12.0854012747871,0.562953296626101,13.5285453395801
-0.0872946601156582,10.1536033525936,11,7.45876107456858,-0.574656313863095,8.01353102494978
-1.16934815475257,6.18300129770045,5,3.05356697800885,-0.0666301293305106,10.1707696098937
0.150051146859485,11.2959332267297,11,8.78811630018986,-0.261083365214625,9.28667669262593
0.575660642225991,13.5898292903264,13,11.5638436345234,1.37518291722988,18.5111186834898
0.176253376232225,11.4283082482074,11,8.94436929193116,0.220006991385151,11.609158484506
-0.408409415214681,8.77170329017022,9,5.89292523182601,-0.549457034503989,8.10915451488476
-1.00301428977763,6.67508961157074,5,3.58699972825151,-0.839432040565944,7.07473303119244
-0.286200428508245,9.27568594617776,10,6.45900995240029,-0.0762017686423744,10.1255126204724
0.395329995167863,12.5819192788076,12,10.3262607181434,0.751240769884038,14.6576408533355
0.151492802277321,11.3031845949365,13,8.79666354611241,-0.0406912588165116,10.2943228727881
0.436447268932663,12.8073650746518,13,10.6006149990089,-0.0159668279334283,10.4133260071487
-0.50891384319535,8.37688059592726,7,5.45309571248129,-0.917468179414307,6.81983525168217
-0.952454679615135,6.83220940811036,6,3.7577102967395,-0.0256147833209686,10.3667453615222
-0.332383090734224,9.08210594555753,9,6.24093385827992,-0.66973857803316,7.66277319916954
-0.532840060603252,8.28544612481985,8,5.35166657060088,-0.774200184074418,7.2951890206812
-0.574078963763376,8.13012118674841,9,5.1797147952895,-1.58192341782813,4.99035325851435
-1.4142684907111,5.52279475217285,4,2.33907770012141,-0.960505753034908,6.6832509970866
0.988903397143594,16.0458170285301,16,14.6963778592068,1.17804420021481,17.309334694751
0.659397243578265,14.0735134236746,14,12.1678120540764,0.976430263313322,16.0515592680694
-0.890309932915515,7.03036057008146,7,3.97335453712937,-1.96909477778752,4.15556783581705
0.204570322972611,11.5727423635902,11,9.11539359701852,-0.53881769812297,8.14986811781284
0.061539702918075,10.8579152638203,12,8.27440232271237,-0.095132463781644,10.0365357016946
-0.770086022474431,7.42999836604937,6,4.40969038695094,-1.36436243996441,5.52818967530869
-0.150607911337245,9.86631755259039,10,7.12960639662935,0.372240464919839,12.4363729564337
-1.39222363339775,5.57927281731915,3,2.4002232218871,-1.24988830200856,5.83368011585794
-1.06724832246359,6.48062770267218,6,3.37600895219839,-0.778442143581605,7.28064413480523
-1.95796465721347,4.29242104930875,1,0.996821409815792,-2.32465329717327,3.50670482047438
-0.0764010629394229,10.2037751793035,11,7.51645130576288,-0.0431490859168412,10.2825587412422
-0.180427257645625,9.73355524239465,8,6.97816434611132,-0.549290976361137,8.1097884121198
0.00693279874011285,10.5947893451898,10,7.96821097597896,0.481493590445806,13.0549603251066
0.954611775572869,15.8371397964388,16,14.4240157494314,0.803750351868225,14.9795079991052
-0.535611455274115,8.27491795204874,8,5.33999753146465,-0.217841528068206,9.47687874036179
0.891585003865843,15.4549426473793,16,13.9280627502085,1.14778686162613,17.1214380303278
-1.20092620875797,6.09371182076486,4,2.95691304695691,-1.36776069684747,5.51936713371073
-0.128568077685046,9.9654898188901,10,7.24300635847316,-0.258144328200831,9.29948923646219
-0.470538898737333,8.5255726500993,9,5.61837907061052,0.0406523508184442,10.6903757031031
-1.15673872336669,6.21901481681232,6,3.09255924568918,-0.397793681513059,8.70902049362215
1.29189446222333,17.8853222123097,18,17.1423723293995,1.42181194922182,18.7868759597222
0.166813081172005,11.3804739374526,12,8.8878524215512,-0.0599394546312351,10.2025119867837
-0.392719878198453,8.83492486406489,9,5.9636431060008,-0.0711495481487313,10.14937821039
-1.03435914678887,6.57948504807327,6,3.4832320293494,-0.49702254603989,8.3117815238795
-0.914286792831312,6.9532433627073,6,3.88937916400339,-0.730575909642679,7.44648242771473
0.935925118301751,15.7236163967371,17,14.2763111392219,0.703618219469505,14.3680731694611
1.63320457851986,19.8296005048892,20,19.8076123408906,0.8775767812953,15.4358138572709
0.361480620927506,12.3983702186471,11,10.1039373646218,0.182349080646075,11.4111283504778
1.11977117093425,16.8439044308976,18,15.7479353897411,1.02619128196983,16.3625482914921
1.93842583026801,21.2980295038386,23,21.8811485694752,1.77762256947767,20.7073541338672
0.322953304401271,12.1917578332477,11,9.85479678518452,0.0488549168091867,10.7310344889169
-0.0716180940038999,10.2258725981318,11,7.54187978541912,0.614453268234666,13.8329270027418
0.978708069041171,15.9837332907213,16,14.6152323912101,0.86652193126878,15.3672482145247
-0.403589771452137,8.79107820934749,9,5.91458875263064,0.195055727193818,11.4776484893322
-0.033481248533155,10.4035688327354,11,7.74680386694295,0.222360082212525,11.6216213284892
-0.74982481455819,7.49952710019161,6,4.48582151622757,-0.726463652369111,7.46090653321372
0.909350625885178,15.5624617597885,17,14.0672020801968,1.38540119695941,18.5718973960615
-0.0524132835924163,10.315022318078,10,7.64459123107015,0.0901952486300944,10.9379536203369
-1.02760989552862,6.59995561671022,5,3.50544418243503,-0.912793057576064,6.83484115679288
0.0554085199450349,10.828100399089,12,8.23961788656219,-0.062237423290401,10.1915998474723
0.66600671567055,14.1120687636751,15,12.2162348817192,0.958290228525224,15.9382971297239
0.110407086895061,11.0979931796641,12,8.55534278155529,-0.649685194108681,7.73544495573373
0.511327825029519,13.2246884673139,14,11.1122183690101,1.04206489075189,16.461782293298
0.254470237183976,11.8307046895377,13,9.42225188921606,0.370238700057906,12.4252268201172
0.242439621320205,11.7681124749937,11,9.34762918364864,0.317270897640723,12.1328484635622
-0.512052686595798,8.36482996694776,8,5.43971889118448,-0.365085000279259,8.84398834660896
-1.15673872336669,6.21901481681232,6,3.09255924568918,-0.145800031365381,9.80186458073332
-0.548334491247466,8.22675130065146,8,5.28663732006291,-0.26318762861349,9.2775135684791
1.3357589076418,18.1466437403244,20,17.495995896159,1.14754867943091,17.1199567298406
0.281073421987441,11.9700054560941,14,9.58871127193504,-0.516879379191107,8.23446242655916
-1.32776699917729,5.7476646558932,5,2.58246610841187,-0.820707103416199,7.13731692662142
-0.0694650022999649,10.2358336428958,11,7.55334634936731,-0.528240935395227,8.19054383405504
-0.712035167324678,7.63092705886787,8,4.62989147482075,-1.40514208989279,5.42322882448906
-1.25794078051411,5.93570315244366,5,2.78592381391712,-1.81264681315651,4.4754379637606
0.261289632633016,11.8662960118488,12,9.46473172260884,0.0349423512120118,10.662150001566
-0.866901979364169,7.10646550415516,6,4.05629415701209,-0.284340321112715,9.18587874729445
-1.17039894456257,6.18000946320522,5,3.05032791906377,-2.46916780483978,3.27102585668781
-0.943893776707189,6.85917386554441,6,3.78703096217194,-1.04796033648838,6.41415302029714
-0.270412801109624,9.34274051782852,10,6.53474226013702,0.0294127513942291,10.6348769956221
0.0360741707012101,10.734530125282,12,8.1306007854443,-0.0221754089020493,10.3833297426083
0.287183743407981,12.0021728744322,12,9.62722576676205,0.615395909022461,13.8385320589634
0.483541620228188,13.0688375881691,13,10.9205887275003,0.587497717429528,13.6731529025086
1.65858826408015,19.9634019734908,21,19.9940315873291,1.89894733273179,21.2655844614054
-0.716671141779817,7.61468572904016,7,4.61207014572821,-0.908465307566741,6.84876184972938
-0.30763097033222,9.18538189584916,8,6.35717667733527,-0.361466173653813,8.85904513340085
0.976323365712005,15.9692164688556,17,14.59627241127,1.32268757376743,18.1960864698386
1.05500503739203,16.4488745330938,17,15.2255147560999,0.952606608541924,15.902828407406
-0.900593916436349,6.99718073662224,6,3.93721583543215,-0.908635900469564,6.84821257607217
0.358350275587001,12.3814907922488,13,10.0835391880769,0.339067637625953,12.2525645336542
-1.54122005956972,5.20821944583164,4,1.99813184370162,-1.80162394894599,4.49883483160243
1.7414011131769,20.386254338861,21,20.5860935441965,1.56570114377525,19.6075508749854
-0.690147706699819,7.70806805406013,8,4.71459211654704,-0.372147707556496,8.81467409602968
0.891637828851553,15.455262069628,17,13.9284756652496,0.981924902383797,16.0858816920758
1.74476966873613,20.4029894453083,22,20.6096225929332,1.58943089396731,19.7377438194652
-1.52418824114609,5.24938933915134,4,2.04280001238334,-1.63888985811326,4.85816272008643
1.57781366576099,19.5313492698791,20,19.393555431878,1.49579871526029,19.215135462087
0.399751392548463,12.6060320174758,13,10.355536851842,0.785798510917798,14.8691884576179
0.512989761601955,13.2340464455173,13,11.1237462785009,0.161421288915563,11.3022398174985
0.685696694259892,14.2272356272491,14,12.3611210041811,0.969905765094117,16.0108123559818
0.249485587094264,11.8047402517181,12,9.39128400178793,0.380895453245869,12.4846450598426
1.77656962636116,20.5590977095223,22,20.8294901033728,1.39842964508225,18.6491133210353
-0.452046607378596,8.59813018192665,9,5.69918807261229,-0.327679164480085,9.00082310612968
1.30822337448847,17.9828662042876,19,17.274200792793,1.35798487232495,18.4084093334958
0.426841924781367,12.754458487043,13,10.5361035050816,0.660532814284413,14.1082679095997
-0.330420952335428,9.09025282182446,9,6.25009522911672,-0.528202552145235,8.19069181381479
-1.19645414552418,6.10627926124544,5,2.97051543488046,-2.0504321972624,3.99792032029646
0.640896252299856,13.9658745215702,15,12.0328428967878,0.584888001238217,13.6577371189037
1.45111272597858,18.8207249667009,21,18.4147567513092,1.98077840154848,21.609869390485
-0.8753844825771,7.07879298028378,6,4.02612862476191,-0.753836997043791,7.36542039605161
0.371593570532635,12.4530115729819,12,10.1700236999684,0.562140196196817,13.5237694589663
0.384592023558777,12.5234899020734,12,10.2553866531173,0.45731476443833,12.9163672469325
0.221269846581591,11.6585856099205,11,9.21730748866237,-0.461046042984408,8.45370142647733
0.910823545188146,15.5713841632833,16,14.0787619619702,0.774241040478274,14.7983145599691
-0.822217572171033,7.25401833363316,6,4.21729798696367,-0.593635706331512,7.94225407360051
-1.55368551205078,5.17828595549151,4,1.96564363133458,-0.851258754817512,7.03549121011922
0.410285169513015,12.6636062700303,14,10.4255052975583,0.528469129070016,13.3268431852247
1.4758959435758,18.9624930485095,20,18.6091801454136,1.19425460260547,17.409742844864
-0.197205429226472,9.65956927204814,11,6.89394871756126,-1.08563700436764,6.30161306193872
-0.224748704230772,9.53922514738971,11,6.75723725342113,0.0807223264522938,10.8902447093056
-1.87706428517879,4.45718241052479,3,1.17849596793837,-2.39670668069355,3.3872972097815
0.253644437990559,11.8264002156896,12,9.41711665347105,0.570642285374904,13.5737546642878
1.00585588186027,16.1491111963895,16,14.8316004684905,1.13624294081774,17.0496091721115
-0.113609756091308,10.0333047992739,10,7.32068677153264,0.0598568749203178,10.7857762157123
-0.681178048584785,7.73990237301293,6,4.74957309320833,-0.779668975062515,7.27644302537672
-0.58062952971767,8.10571112620436,6,5.15273111157754,-0.463964991467985,8.44209818802787
1.05933970022423,16.4753219487316,17,15.2603742877817,1.64934790361164,20.0590363012647
1.45453048605969,18.8403476865859,21,18.4416429285323,1.48916508883669,19.1772494640752
-0.432169573715927,8.67678216994154,9,5.78690212495374,0.296950997477405,12.0220110003238
-0.578991660572038,8.11180777887924,8,5.15946956506415,0.0300675017778823,10.6381032142658
-0.803995406151457,7.31505695431242,8,4.28398208066917,-0.873812666660085,6.96126510830468
1.52241627560472,19.2251322520104,21,18.9704727698297,1.65643364556001,20.0962941540341
-0.689535221655515,7.71023772718421,8,4.71697574573266,-0.222253919818673,9.45730388891783
-1.72018924261768,4.79404272473457,3,1.54750663417371,-1.45064400857582,5.30842563930624
0.600094940764708,13.730022336016,13,11.7382305933939,0.475094139662351,13.0181878668951
1.39587996789004,18.5006495118737,17,17.9773259144118,1.27028616202986,17.8775479068969
0.788412144126181,14.8349085475022,17,13.1316280137079,0.414377707767102,12.6725956914549
0.114550542142218,11.1185485012633,12,8.57946711246471,0.113688991092879,11.0570289140096
-0.217790947317989,9.56949518659883,8,6.79159264969302,-0.677096022209616,7.63628297234232
1.08228786283986,16.6153324705087,17,15.4451988716603,1.3450385485686,18.3307632684221
0.599722189796926,13.7278776415316,16,11.73555866968,0.15880773859657,11.2887001262726
-0.111250504501984,10.044038167188,9,7.33299180043228,-0.243779208636547,9.36235405539401
-1.61884232364868,5.02451189302285,4,1.79857458143684,-1.04823087237008,6.41333776216603
0.550579898850576,13.4467777683798,13,11.3864662182868,0.865680838895521,15.3620345789155
0.784442877375503,14.811229508767,15,13.1014158190301,0.957258283207071,15.9318565426595
0.297160117868765,12.0548303784722,12,9.69033468651158,-0.103983796719201,9.99517555518641
-0.579798133265467,8.10880528064099,8,5.15615090882827,-0.473208714239351,8.40545654332631
0.110354380649807,11.0977319085445,13,8.55503621787102,0.381213877978747,12.4864234990396
-0.543626795711971,8.24454177484659,7,5.30634110824512,-0.217439247817079,9.47866527877944
0.211181877588765,11.6066699894035,12,9.15564893583145,0.446555151908684,12.8549958708909
0.276200222931906,11.9443967867304,13,9.55806996055853,0.0800419104248874,10.8868246265541
2.61346645388354,23.3442781429093,25,25,2.22539404440233,22.4819299430404
-1.80730777097492,4.60407600543036,3,1.33976319022943,-1.15970913984085,6.08611128821187
-1.03282144528146,6.58414337978442,6,3.48828638907791,-0.156071438276439,9.75490738708573
-0.193036056342576,9.67790681897003,10,6.9148097670387,-0.222253919818673,9.45730388891783
-0.407583525708112,8.77502046409392,10,5.89663369182648,-0.372153144381546,8.81465156646656
-1.1335844029544,6.28568526177744,5,3.16475927549678,-1.77412121481324,4.5577209791241
0.0708390745175599,10.9032672253072,12,8.32735792345092,-0.253841483315958,9.3182774071057
-1.21563604076531,6.05255354450003,4,2.91236843443092,-1.51452820519655,5.15125009645088
-0.699070078313049,7.67652942257926,7,4.67995167279665,-0.96103549913928,6.68158712938356
-0.906586454351254,6.97791826506024,6,3.91624126287972,-0.152739408436886,9.77011752060393
0.89922327121796,15.5011473429342,16,13.9878188976219,0.914909947258215,15.6678703028032
-0.110371073196034,10.0480417355312,11,7.33758231851987,-0.400748459707,8.69692722434292
-0.916283710254031,6.94685859072894,7,3.88242952332834,-0.791477449877061,7.23613166771409
-0.281741279198713,9.29457971311262,9,6.48033869414554,-0.339810474704866,8.9496672208808
-1.31630946294824,5.77811349011147,4,2.61541294740009,-0.836568241823534,7.08426855816463
0.128678009338988,11.1888667722117,12,8.66207920995588,0.419571720610775,12.7019218738715
-0.531516756189954,8.29047777394376,8,5.35724418707743,0.134146885938278,11.1615880631601
-0.0595730272664562,10.2817072170646,10,7.60618502898805,-0.220047582771034,9.4670871966104
-0.658632219200019,7.82049206836479,7,4.83820062572309,-0.00900952025935926,10.4470298778495
0.530843102892853,13.3348288486889,14,11.2480533221964,0.155001318342175,11.2690040853897
-1.10765883557465,6.36117311062061,6,3.2465350912993,-0.689509557432621,7.5917972590924
-0.793987478976794,7.34879632557995,7,4.32086323254059,-0.449503584018535,8.49973836499191
0.0856809202602904,10.9759752348583,11,8.41236802825781,0.0768186697724738,10.8706354042786
0.816007007830673,14.9999171562916,16,13.3425821912933,0.672021640912176,14.1773313799782
-0.0586519235290741,10.2859879400393,12,7.61111837087739,0.0826496652249816,10.8999372937164
-0.83793288979962,7.20178194813385,7,4.16026858411979,-1.04418737967217,6.42553368725523
-1.67627572706878,4.89262744313271,3,1.65501608779478,-1.78941106874259,4.52489370782298
-1.16176467546812,6.20463556871081,6,3.07699001880147,-0.103846034030205,9.99581810429121
-0.79632239594006,7.34091096121057,6,4.31224221844771,-1.28598169172742,5.73559542215294
-0.882716866531485,7.05495855177068,5,4.00015418409664,-1.14685330684613,6.12297605796313
0.504502288860449,13.1862981322032,14,11.0649516983234,0.527912884655568,13.3236040577849
0.28652114098281,11.9986815468452,13,9.62304417736289,0.377340249579695,12.4648007021663
0.575354947978937,13.5880804806661,14,11.5616717407831,0.663496707142583,14.1260696107496
0.490027727452908,13.1051145153004,12,10.9651331187543,0.928575855749414,15.7529838525234
-1.04349719706033,6.55186936817275,5,3.45327206195696,-1.18973075404325,6.00088560114494
-0.190986264295882,9.68693374577921,10,6.92508180889924,-0.217952955829299,9.47638394221329
0.195834460745018,11.5280322501421,12,9.06239228954255,0.53852869524095,13.3855019206165
-0.1738508417722,9.7626951703319,11,7.01136856570712,-0.404095270963975,8.6832492359002
0.419875797282492,12.7161799989199,12,10.4894774377769,0.917728630003686,15.6854188807953
-0.33158937118899,9.08540067297255,9,6.24463869137596,-0.347581537859213,8.91704526034708
-0.808335993003852,7.30047137615065,7,4.2680430182546,-1.51371641811963,5.15321855520504
-0.487974518513081,8.45770140513267,8,5.54288207478674,-0.802745198544691,7.19787672525637
0.371906631200292,12.4547057562443,13,10.172074065907,0.31472393254262,12.118914952482
-0.846676154926182,7.17288150793875,6,4.1287311754427,-1.68581439611808,4.75181858111024
-0.276469931852515,9.31696102815809,9,6.50561471596065,-0.339459440575842,8.9511435339532
-0.662725656524722,7.80579912577279,7,4.82203446795831,-0.801959198830909,7.20053861259921
1.15293502078698,17.0458549362166,18,16.0164312949146,0.939645596942692,15.8219838046893
-0.672236759428471,7.77176471417975,7,4.78460089439779,-0.833176895575821,7.09557746371024
0.0191002572696153,10.6529465892912,10,8.03573345399132,0.106239143275843,11.0191542621184
1.08583821098834,16.6369909966513,18,15.4738317667612,0.171679622353303,11.3555101238511
-0.577676865059324,8.11670508860804,7,5.16488289489572,-1.35954313222294,5.54072540780461
-0.0323386653787013,10.4089338368199,11,7.75300321135095,0.19560376152689,11.4805243731722
-0.980611155004511,6.74426319050527,5,3.66212855141588,-1.70268772423851,4.71412910956119
0.00212253356565523,10.5718723550497,12,7.94162731777782,0.251391433832635,11.7762335465703
0.467451762908604,12.9791216611105,14,10.810584671663,0.581329721416324,13.6367333799033
-0.288507028375366,9.26592674781164,9,6.44799611657202,-0.244519093461196,9.35910637912902
0.610434690215519,13.7895872403676,16,11.8124894812823,0.291852406265443,11.9943172892767
-0.464498489916829,8.54920816971226,9,5.64469116822979,-0.646938199802064,7.74545363152882
0.0265155916218242,10.6885228693775,12,8.07708139092629,0.238572268474516,11.707768822547
-1.18085668895576,6.15031161673884,6,3.01817789040298,-0.853763044520498,7.02721010061607
-0.191955999468403,9.68266224591882,11,6.92022088901395,0.0670330229069778,10.8216096405505
-0.214898242343305,9.58210593717683,10,6.80591162228763,-0.0138509327875289,10.4235661308234
1.09685097190719,16.7041643278742,17,15.5627069859641,0.858164741996595,15.3154649913945
0.963204911310775,15.8893929648085,16,14.4921123976643,0.88034903952168,15.4530197563945
-0.099444435468122,10.0979031027007,10,7.39478640064329,0.0018705920643195,10.4999283256046
0.0649819038520365,10.874684116575,12,8.2939763760432,-0.014261112882848,10.4215803270867
0.338772001780951,12.2762896917142,14,9.95658547650313,0.611508459680327,13.8154244326958
-0.337138992097365,9.06238775428602,9,6.21876615866023,-0.890490553212528,6.90688721983275
-0.602107204343311,8.02617736829337,8,5.06488439740061,-0.0852222962742224,10.0830267588685
-0.0392030223253468,10.3767382763086,11,7.71581159323188,-0.290130286395076,9.16094681253947
1.01278771660072,16.1913671910479,18,14.8869944290112,1.08167031919087,16.7092704672895
0.295411556713393,12.045588788768,12,9.67925331784268,0.932803453647699,15.7793297668903
-0.900714866618198,6.99679143258314,6,3.93679188809858,-0.900806650772677,6.87346708751839
-0.0924625586829912,10.1298781643602,9,7.43150214898077,0.056137793952992,10.7672449330969
-1.30048691072347,5.82042256916066,5,2.66119147337718,-0.751095064657923,7.37492918348879
-0.177644597355382,9.74587549563605,10,6.99220052691101,-0.110439481843944,9.96510704989134
0.324037233671808,12.1975367063332,13,9.86174910235591,0.900061117529277,15.5754859882737
-0.357074771441743,8.98017133995907,8,6.12642597889932,-0.463424042832291,8.44424735118473
0.604290689630556,13.7541760820277,13,11.768330887878,0.82109836851556,15.0863720704973
-0.418488367834288,8.73131761312791,9,5.84779373737101,0.38721902710696,12.5199956055965
0.427045304546166,12.7555772022854,14,10.537466798869,0.131934068844468,11.1502395034261
-0.936422524771639,6.88279240431252,6,3.81271939061379,-1.30157665737203,5.69372409370946
-0.925524226922707,6.91738933502753,6,3.85035876603931,-0.227654154816143,9.43339826584667
0.475749905369603,13.0253423776299,12,10.8672295211959,0.484368380528794,13.0715004998062
-0.0601509373311494,10.2790222425483,10,7.6030909483668,0.168911950401419,11.341118129715
-1.1314764472107,6.29178983188118,5,3.17137122081236,-2.16658136859714,3.78250425008715
0.243464713950913,11.7734359395152,12,9.35397168340199,0.434337106793215,12.7855352035803
-0.351800106836188,9.0018556327279,9,6.1507664010882,-0.161456804005491,9.7303702303438
0.19829874808446,11.5406307825328,10,9.07732167357539,0.48116309791193,13.0530596643272
2.0564701643906,21.7748645268463,22,22.5722965165598,1.88918401743452,21.2227496578087
-1.12914313665543,6.29855385007464,6,3.17869764481587,-1.85100512639741,4.39491881936104
1.00816563879321,16.1631902071622,17,14.8500519136709,0.832319953863706,15.155623037689
0.620488496082992,13.84763903106,13,11.8849569818849,0.799253950022746,14.9518503420673
0.319847829584166,12.175212237166,14,9.83489658022463,0.827478259767442,15.1257321047726
0.0762179682902148,10.9295713454487,12,8.35809671612939,0.560044397135877,13.5114638172517
-0.151503595164622,9.86230607419872,8,7.12502436919676,0.0762835639535963,10.8679497133682
-0.867981033668622,7.10293935729156,6,4.05244983502427,-0.896943946146605,6.8859615455554
1.14729747747339,17.0115513359442,18,15.9707576248142,0.807796080191809,15.0044079365628
0.560802116919013,13.5049759230916,14,11.4585603570372,0.361678248002666,12.3776394642698
-0.469711598917673,8.52880607041961,8,5.62197801282507,-0.722538338347636,7.47470121573217
-0.586463611297975,8.08403118614556,8,5.12877420340394,-0.617799202793543,7.85242534750193
1.30119021454622,17.940888774229,17,17.2174444269459,1.91435545824988,21.3324267367966
0.979762847729161,15.9901548135454,16,14.6236210397026,1.33993846425811,18.3001008220726
-0.208477663863181,9.6101508566009,9,6.83776861002663,-0.634407309113799,7.79127518630952
-0.539852288405677,8.25883271452339,8,5.32217318308069,0.0623234733599374,10.7980815950522
-1.5997964150605,5.06899903053087,3,1.84693980667208,-1.65044180817622,4.83177203356576
-0.743222536599007,7.522322103714,7,4.51079622733555,-0.884280560099459,6.92708437855084
0.458967140591168,12.9319712598256,13,10.7528619912401,0.325341859003012,12.1770785042467
-0.35449160166735,8.99078464873202,9,6.13833807540009,0.699158613471577,14.3410820055145
-1.29196608247554,5.8433327372517,5,2.68597989796556,-0.531070712077622,8.17964145110263
1.14793334888479,17.0154211196048,18,15.9759087080168,1.15767445518347,17.1829022311287
-0.763548159830393,7.45236394265833,7,4.43417228008602,-0.199192779247601,9.56003044987937
0.315324361616288,12.1511408802903,13,9.8059582656149,0.452267738000879,12.887556257315
0.754491653222564,14.6330334082982,14,12.8745412224551,0.795357282501479,14.9278955283349
0.72666147716904,14.4682590621413,15,12.6655230810773,-0.0713092939881673,10.1486228352828
0.576422996934526,13.5941911116876,13,11.5692610695699,0.487333952012156,13.0885766283101
-0.367290306204867,8.93831537970109,9,6.07947117387006,-0.233267119105456,9.40861112552107
-0.0554890534325469,10.3006988754661,10,7.62807554172303,-0.268342134824611,9.25510421661555
-0.728369313536586,7.57385455864297,6,4.56728436784242,-0.921348600282282,6.80740543041674
-0.315348555299279,9.15306336663664,9,6.32077546851821,0.0978241205223631,10.9765021740075
-1.29990470173519,5.82198516083045,5,2.66288217818146,-0.897114531486033,6.88540927889025
-0.136439483293464,9.92996880991933,11,7.20236221333434,-0.0972148112665818,10.0267915043593
0.820692862032322,15.0280021502765,16,13.3785599924271,0.636669490078799,13.9653375091942
