"Items","Difficulty","Discrimination"
"Item1",1.42902493030255,0.00601079619047112
"Item2",-0.205457656921212,1.74475427596291
"Item3",1.2293783670107,0.432219657251003
"Item4",1.51996508829995,0.168530267435522
"Item5",-1.47913304695009,2.97824577826115
"Item6",-1.20880402712492,2.96236160011569
"Item7",-1.71841773954817,3.01498974305336
"Item8",0.941260901878355,0.38446965920376
"Item9",1.49348160491606,0.0299708556175044
"Item10",-1.62954744867532,2.96525851347935
"Item11",0.942102799009946,0.539791931619952
"Item12",-1.76470072171558,2.95652264997963
"Item13",-1.40235009048979,3.03949630160088
"Item14",-1.92603575683623,3.3163414596778
"Item15",0.55878169168421,0.8930065271212
"Item16",-0.336936799392644,1.771990976209
"Item17",-1.63317712366021,3.11746962687296
"Item18",-0.307693338856931,1.95480328924794
"Item19",0.795598936587451,0.700783270253097
"Item20",-1.64036063952795,3.17112903685708
