"Items","Difficulty","Discrimination"
"Item1",1.9266683418693,-0.322434386341753
"Item2",-0.113538937933356,1.42836165634174
"Item3",-0.417354275670184,1.98724128810501
"Item4",1.42398236725821,0.158027651172283
"Item5",1.11655005755288,0.564955688937616
"Item6",1.78738685631147,-0.346626980978387
"Item7",0.559967490715499,0.937523734298398
"Item8",-1.6736814855374,3.18515308288143
"Item9",-0.606496614777566,2.2174371851811
"Item10",1.47043482329233,0.340493656657018
"Item11",-0.395201269167155,1.98326458229397
"Item12",-2.1393844081728,3.57445924225165
"Item13",1.04490972477813,0.496478139329068
"Item14",1.12781803656631,0.409920269704752
"Item15",-1.0169954875822,2.35154597919173
"Item16",0.300812583678933,0.856786744398581
"Item17",2.17242963836438,-0.793664270111231
"Item18",-0.685599884859765,2.32859645972934
"Item19",2.04484878422067,-0.396340108258105
"Item20",-1.30376111321056,2.84243657416669
