"Items","Difficulty","Discrimination"
"Item1",1.19258446853604,0.325209770000913
"Item2",-1.96012934253776,3.68857195722876
"Item3",-1.47368231896865,3.1711516607051
"Item4",0.610678473083493,1.39863969862813
"Item5",2.29311603531456,-0.574162748392193
"Item6",-2.06724294007158,3.54036890465584
"Item7",-0.777276413571453,2.19345211760676
"Item8",-1.46940391303522,3.21891560812422
"Item9",-1.32694566381494,2.78802635243555
"Item10",-0.567221164688674,2.09766282053953
"Item11",0.968065488810647,0.539360975322987
"Item12",-1.0308769195467,2.65875850822174
"Item13",-1.12178209682156,2.75709682049559
"Item14",-1.15131400799229,2.6152700862745
"Item15",1.0185481386615,0.532132352844457
"Item16",-0.678916487560923,2.31796385213726
"Item17",1.01234452850975,0.637686066813616
"Item18",2.90998870917796,-1.16058965970121
"Item19",0.079654121275172,1.67133822389383
"Item20",1.3866648445238,0.138563452400959
