"Items","Difficulty","Discrimination"
"Item1",1.85098814890236,-0.185098718263359
"Item2",-2.51110870065071,3.89732607676568
"Item3",-1.05069667303453,2.57945362899135
"Item4",-0.981757665217681,2.69690715158488
"Item5",-1.15472129486811,2.80942171091937
"Item6",-1.35678412412349,2.51676004125899
"Item7",-0.926139428869635,2.41400521485814
"Item8",-0.462514309399281,2.03952461449907
"Item9",0.104310360686909,1.17522474527309
"Item10",1.37970798312969,0.13433824882919
"Item11",2.0337545921946,-0.501438342583427
"Item12",-1.47994383517257,2.88790308047924
"Item13",0.898012497952308,0.45187960753868
"Item14",-0.693688705830014,2.11240135142513
"Item15",-0.259253267647987,1.65353097224532
"Item16",0.684545686533773,0.90124745077441
"Item17",-1.34599672488178,2.61622830726505
"Item18",-0.214853013551728,1.7258635340696
"Item19",1.73325526127014,-0.243427396709191
"Item20",0.601425827275588,0.786507851550195
