"Items","Difficulty","Discrimination"
"Item1",-1.38418401271078,3.09471145255484
"Item2",1.46914398865269,0.141962826674047
"Item3",-0.503811831070194,2.00112685302117
"Item4",-1.57331632119264,3.44803937468817
"Item5",-1.55392271985945,3.11483900965598
"Item6",1.18065024550834,0.414205570278479
"Item7",-0.851484534361026,2.29156889096608
"Item8",-0.474585066285783,2.17779027409218
"Item9",1.2834408200066,0.21061546497502
"Item10",0.0149850012914998,1.27345534938374
"Item11",0.281153049571667,1.43930550345625
"Item12",-1.02870984096026,2.53230967854627
"Item13",-1.69146859538944,3.19653134542841
"Item14",-0.226738661183639,1.65985841848416
"Item15",0.687741834899177,0.812768777163539
"Item16",0.922545249256292,0.50902610829079
"Item17",1.4582691522662,-0.0314711568008982
"Item18",0.438840638369875,0.961020515796417
"Item19",1.64144286506411,-0.397964511706763
"Item20",1.74173598271103,-0.436603663348726
