"Items","Difficulty","Discrimination"
"Item1",0.597604003387788,0.854509505123815
"Item2",0.896211375344374,0.571861451079865
"Item3",1.20863698309628,0.118945622583571
"Item4",0.888545530005616,0.768404826138254
"Item5",1.23104415078269,0.328863102451671
"Item6",1.88114659904525,-0.394810134451357
"Item7",-1.73218182271243,3.1671897496978
"Item8",1.99652990227356,-0.606843114904394
"Item9",-1.67599755819024,3.20781346303076
"Item10",0.999464613117325,0.474699377233738
"Item11",0.713840153869248,0.922626763290129
"Item12",0.618838742627886,1.04082295134143
"Item13",-2.06245049441819,3.69328912573061
"Item14",-0.693532836893186,2.01251760820854
"Item15",-0.0217714829547252,1.52542147138163
"Item16",1.68537791525279,-0.358929744701206
"Item17",1.62974050823516,-0.257118786217619
"Item18",1.34478885297687,0.120027507516812
"Item19",-0.748917007962862,2.31472017037666
"Item20",-1.17099995844924,2.70296550737434
