"Items","Difficulty","Discrimination"
"Item1",0.338127421712143,0.554064286318229
"Item2",-1.75110094349315,0.5924448774114
"Item3",0.0648429535803076,2.88126204307959
"Item4",-1.08945609773486,2.97828385094557
"Item5",-0.152654927535943,0.401772468682003
"Item6",-1.93117842040606,0.471033773430212
"Item7",-0.137753058295089,2.99176548504609
"Item8",-1.08575175115184,0.503792717382989
"Item9",0.751692131129779,0.500915975917483
"Item10",-0.0596706495161159,2.96423273839964
"Item11",1.57446166596153,0.443435148503699
"Item12",-0.496744269830621,0.390173864615508
"Item13",0.935527976099356,0.649071053735491
"Item14",-0.284843448942108,0.425053981697191
"Item15",0.108298756735355,0.710699048371611
"Item16",1.17701844358383,0.573397460015736
"Item17",-0.449213713094294,0.381823266446787
"Item18",-1.38619995605113,3.04813768884043
"Item19",0.743349996543311,0.473125817879678
"Item20",-1.96294812444896,0.531417339275971
