"Items","Difficulty","Discrimination"
"Item1",0.530520592332229,0.467615397183678
"Item2",-1.78186090516747,2.86891353333074
"Item3",0.76572251753088,0.419980102177753
"Item4",2.03387926225867,0.468934916845939
"Item5",2.75476688772373,2.64154452343664
"Item6",0.349136169802931,0.553377442401294
"Item7",0.383468134210676,3.16704606240105
"Item8",1.89514106456092,0.653258503007458
"Item9",1.2623416676104,0.269370691771428
"Item10",-0.170964256011171,0.442450205826672
"Item11",-0.954106682652756,0.550291089017645
"Item12",1.21402911967303,0.610905998724443
"Item13",2.1348174782465,3.02151275419872
"Item14",1.97390173512514,2.93615827007422
"Item15",-2.56114465085022,0.48715182983289
"Item16",-1.0506071676495,3.07284413310855
"Item17",1.55245935481926,0.545907888176724
"Item18",-0.144063874896006,0.576849666463116
"Item19",-1.05103751173409,0.398498214865196
"Item20",1.1500063742897,0.601603516504434
