"Items","Difficulty","Discrimination"
"Item1",-1.64532407228696,0.567026472056808
"Item2",0.102988744756841,0.669863928644969
"Item3",-0.85072528655213,0.334481301087887
"Item4",1.71670354973873,0.359670671828752
"Item5",-1.94916731994475,0.446246228893097
"Item6",1.42799063139635,0.46561593250512
"Item7",1.48171122186604,0.637197648639376
"Item8",-0.152069897635066,3.43058477289211
"Item9",-0.494656229379767,0.621321473487115
"Item10",-1.91547822763144,0.532403117126442
"Item11",1.60930129022576,0.428863267941343
"Item12",0.191197363656217,0.551899657745781
"Item13",1.43613889272698,0.565582720876146
"Item14",0.332627902407101,0.492735904746253
"Item15",-1.53695565365393,0.634178612137231
"Item16",-0.193466755888631,0.593412843695251
"Item17",-0.994557417020428,0.44809089351589
"Item18",0.109849204444707,0.517527942891516
"Item19",-1.41038164747986,0.548901169418557
"Item20",-0.686206730906271,0.65528079949468
