"Items","Difficulty","Discrimination"
"Item1",0.884030806879464,0.539500745873674
"Item2",-2.96464021804049,0.347299307821265
"Item3",-0.22231388769672,0.478318980225579
"Item4",0.397878799721881,0.267556858748588
"Item5",-1.03219033241362,0.559649005615695
"Item6",1.11665836632632,0.561218577892098
"Item7",1.98900273758483,3.25545652554935
"Item8",-1.91014062374628,0.480503383223784
"Item9",-0.839652171267258,2.73359513177913
"Item10",-1.17841758367482,3.00614617041531
"Item11",-1.39082043104668,3.35780645328781
"Item12",-2.52634672565731,0.489338332117846
"Item13",1.96393856314068,0.468848795408129
"Item14",1.11155028545338,3.00466947520319
"Item15",0.733661875174986,0.354257727104673
"Item16",1.51720843064754,3.12105042590446
"Item17",1.65577688314728,0.473171230731184
"Item18",0.0262022526186585,0.4708043891578
"Item19",-0.870120758149669,3.2232985964339
"Item20",2.04078377362037,0.450338217433785
