"Items","Difficulty","Discrimination"
"Item1",-0.677776913146398,0.524321624444813
"Item2",0.0084211815478652,3.1349783291254
"Item3",-0.515646375486994,3.2325067021753
"Item4",-0.583570548734621,3.07414170220251
"Item5",1.55506126054689,0.511897200685178
"Item6",-2.07833696435548,0.419083997167031
"Item7",1.70153194157069,0.52239104429688
"Item8",1.66386409212144,0.647893659336795
"Item9",0.408445490522541,0.589860793916305
"Item10",-0.732400483686383,0.582230041265025
"Item11",1.22969689639219,3.09272898938277
"Item12",-0.148714861883578,3.04201716473398
"Item13",1.79172155348237,0.412472287592638
"Item14",-0.52941468290729,0.562546560956661
"Item15",1.54440890893144,0.299524298249392
"Item16",-0.462596748701676,0.480567270027432
"Item17",1.53045946982628,0.336624349034395
"Item18",0.845823431489382,2.91004006864676
"Item19",0.104642899268372,0.448760823143309
"Item20",1.50379171125147,3.18897874141105
