"Items","Difficulty","Discrimination"
"Item1",-1.16583862155306,0.49428176428225
"Item2",1.3733898946581,0.505675128749762
"Item3",-0.542370683347663,0.41242269384576
"Item4",0.705245027111436,0.634361388620431
"Item5",-0.545401365763434,0.628821895708412
"Item6",1.18109816785418,0.591322073568547
"Item7",-2.23949045282269,0.60014143833333
"Item8",-1.75941544738502,3.33588641872275
"Item9",2.12649053562731,3.08450210073282
"Item10",-0.865956158272499,3.09591515403357
"Item11",0.964392392025015,3.28718624268702
"Item12",0.752710071019535,0.631944251722809
"Item13",-0.305780346398453,3.03662714225092
"Item14",1.2583344723354,0.423828681212309
"Item15",-1.05444075559391,2.68391722494128
"Item16",1.99964492799056,3.15826376445
"Item17",1.1605203078186,2.84499160999869
"Item18",2.25851244667958,0.610001527697974
"Item19",2.16213057994361,2.87176641787975
"Item20",-1.34970020671233,0.476606265507036
