"Items","Est.Discrimination.2PL","Est.Difficulty.2PL"
"Item1",0.688059315179191,-0.829161062891781
"Item2",1.76681869813865,0.125179402159373
"Item3",2.01683120895201,0.522392525999091
"Item4",-0.507280505475015,-1.54997672849988
"Item5",0.961043515606976,-0.494506431104635
"Item6",0.0343430728737476,-1.23678425058051
"Item7",4.11402445293291,2.22454561836642
"Item8",2.48428286694734,1.12145945348506
"Item9",-0.324743829762845,-1.87395416577551
"Item10",-0.0290141772445698,-4.52979676813153
"Item11",-1.08407252075637,-2.55966404190159
"Item12",1.82660465056532,0.345080345587461
"Item13",3.48396491916777,1.62083712134308
"Item14",3.37737109340743,1.81241687868095
"Item15",1.77939403055051,0.294145314700396
"Item16",-1.08356212565587,-2.64453844585816
"Item17",0.181924478363918,-0.995999351265117
"Item18",2.19188706507106,0.76886986495052
"Item19",-0.821736048906843,-2.4382203943197
"Item20",0.522344156720916,-0.994820174707275
"Item21",1.0348431582909,-0.450939581303696
"Item22",3.73133305742566,1.9173364192434
"Item23",2.41846982716283,0.983211345807766
"Item24",3.07183396255059,1.62286763758973
"Item25",-0.224309349191375,-1.30537431845427
"Item26",3.27275493766239,1.65130344521267
"Item27",0.650387831415181,-0.660853357877427
"Item28",0.882928218052352,-0.696074605312667
"Item29",2.87598444563185,1.30147102271542
"Item30",0.26436496972505,-1.01241873339235
"Item31",1.87231253545335,0.651154934865703
"Item32",0.275194879211817,-1.56542697500897
"Item33",3.8698911577268,2.12557949332598
"Item34",1.8462505665288,0.0304526024531792
"Item35",1.5463129765685,-0.0368932157152577
