"Items","Est.Discrimination.2PL","Est.Difficulty.2PL"
"Item1",1.67623395691039,0.165898924283622
"Item2",2.14626025865449,0.412329182468893
"Item3",2.88441576604397,1.30707776817832
"Item4",0.48624553015872,-0.890902883404059
"Item5",0.842326748591525,-0.503929038408606
"Item6",2.94391427085977,1.45598994132994
"Item7",3.01753948417492,1.65111285993413
"Item8",3.20267400015802,1.39141773932891
"Item9",0.520553187048783,-0.983877199926396
"Item10",0.832869278084465,-0.548337623561381
"Item11",0.125645694277225,-1.8881144274672
"Item12",2.37972011132996,0.807769267391105
"Item13",-0.418861591253048,-1.67478524953791
"Item14",-0.0835746184599959,-1.24836226911918
"Item15",0.128619581883278,-0.894272306065809
"Item16",0.128590825776423,-1.45357163691681
"Item17",1.73505283672618,0.0914223581021153
"Item18",2.71786758905843,1.34017662303943
"Item19",-0.480190032270551,-1.91069093143984
"Item20",-0.284248377980286,-1.82291437275866
"Item21",1.21351615587978,-0.304348084538956
"Item22",1.23052629303272,-0.167574721513934
"Item23",3.35750285205403,1.84608277441531
"Item24",2.4323946079589,0.569314702586608
"Item25",0.333774509961813,-1.26533427264749
"Item26",2.89550280040426,1.15154925373799
"Item27",1.82282161019718,0.454746383455363
"Item28",0.390487829784578,-1.10267468391226
"Item29",0.538193232012793,-1.07686296333538
"Item30",2.26258102033363,0.576195514720862
"Item31",1.80671307948347,0.290428120310426
"Item32",0.717251727097098,-0.711843377078039
"Item33",2.57989145458956,1.09036606191525
"Item34",2.23489999035035,0.745327259705653
"Item35",3.35735686067611,1.57110897905215
