"Items","Est.Discrimination.2PL","Est.Difficulty.2PL"
"Item1",2.58049588604435,0.8204325569004
"Item2",-0.448427529547141,-1.96482899678529
"Item3",3.21134553120871,1.76966939283634
"Item4",1.41807101636899,0.0815653309570195
"Item5",-0.795987675956506,-2.43590119186249
"Item6",3.54958511444539,1.86499016110225
"Item7",1.61587538631574,0.383083505294642
"Item8",-0.543060965048228,-1.6612795294764
"Item9",2.61492639698401,1.13406845753719
"Item10",2.61128164106204,0.924474919805623
"Item11",2.60479881767171,0.942359429452215
"Item12",0.543142523689871,-0.823964643781689
"Item13",0.75321884319574,-0.890047897647459
"Item14",2.89344787983787,1.3898985767502
"Item15",0.794635069489837,-0.843269440478502
"Item16",2.8869349867063,1.15927178200571
"Item17",-0.220436537395731,-1.57235695820022
"Item18",2.35665834159948,0.727052089999821
"Item19",1.58341769587714,0.118209131656837
"Item20",2.18631105888682,0.815367215760292
"Item21",2.30516862434072,0.860553233880816
"Item22",2.40427725427377,0.891388642418382
"Item23",-0.36669694733142,-1.72938338986318
"Item24",0.216763508099401,-1.21652398830488
"Item25",-0.267920871257493,-1.90734178553204
"Item26",-0.0148859707101748,2.09857012698755
"Item27",0.521635972223883,-1.12827202905127
"Item28",2.88150604257955,1.40964285517351
"Item29",-1.04311524302048,-2.39277809854229
"Item30",3.74957872295327,2.08614156323103
"Item31",-1.03507991933743,-2.58638025908689
"Item32",2.59522783420581,1.12532096831273
"Item33",2.44802741622882,1.05988512373725
"Item34",-0.598025550078322,-1.96662598627024
"Item35",0.305664045098782,-0.885894456921267
