"Items","Est.Discrimination.2PL","Est.Difficulty.2PL"
"Item1",1.53497615909143,-0.0335135718624673
"Item2",-0.327392061136645,-1.91933749492859
"Item3",0.723004623982795,-0.879433693628609
"Item4",2.29314728072887,1.13355409678507
"Item5",-0.136646154567982,-1.56448236671065
"Item6",3.63366666543582,1.89199225042637
"Item7",1.78464140367455,0.326348114041392
"Item8",2.80159741601168,1.5360336226344
"Item9",1.64021394668503,0.11415582102917
"Item10",2.95497072150123,1.66667156503252
"Item11",1.932709495249,0.43752594967203
"Item12",0.826170763955104,-0.804680347920806
"Item13",0.493293050943629,-0.929396492036405
"Item14",2.1207384094263,0.485100540756455
"Item15",2.51214618223382,1.18266378453254
"Item16",0.863781330584389,-0.696117002369061
"Item17",1.58481639187703,0.133784867844505
"Item18",1.55197159500015,-0.0941965739583088
"Item19",2.89025862514746,1.49309220475281
"Item20",1.31827820298531,0.138074037809219
"Item21",2.37312940671454,0.981142437232588
"Item22",0.901565615978373,-0.654352374918422
"Item23",3.01476649152247,1.66131932738538
"Item24",-0.262661317703386,-1.33823603764617
"Item25",1.18644337012335,-0.323554334932315
"Item26",-0.278456865087064,-1.40108721249313
"Item27",2.39680895445555,1.14498376795236
"Item28",3.06309549357024,1.4815232405691
"Item29",1.6338729841198,0.191446084865414
"Item30",1.05383720034889,-0.495740200037564
"Item31",1.69572884920597,0.22755709343355
"Item32",0.544849318428332,-1.11748234327467
"Item33",3.42676663518799,2.33541915023125
"Item34",-1.34907163028369,-2.74019835775233
"Item35",0.538837120743009,-0.900729851722094
