"Items","Est.Discrimination.2PL","Est.Difficulty.2PL"
"Item1",3.28470347121702,2.05952988758058
"Item2",1.62236486370126,0.163447665860438
"Item3",1.02555547684187,-0.466955479179451
"Item4",3.13555851470441,1.85474321061296
"Item5",-0.0758895323897639,-1.8501120577347
"Item6",2.74084854156574,1.437318030798
"Item7",0.447765004012117,-1.24649739532657
"Item8",-0.0185798080964292,-2.41166413490812
"Item9",1.60397504344808,0.421169209424784
"Item10",2.41145503290316,0.967266088464866
"Item11",1.10332182713504,-0.412780340772579
"Item12",2.98061565085275,1.46030546669551
"Item13",1.91312049250735,0.444915589699208
"Item14",-0.293256793876508,-1.70688348427982
"Item15",0.225248433980402,-1.2998249472456
"Item16",1.19182919665251,-0.396382189942534
"Item17",-0.400704985424867,-2.02970568075276
"Item18",1.72053649011951,0.202945737672678
"Item19",1.34894327066287,-0.231072072034837
"Item20",1.96550812716193,0.436410740371731
"Item21",2.8162773878024,1.41895102634311
"Item22",1.93657411638828,0.52300744613731
"Item23",2.80886941993533,1.38965149677128
"Item24",3.29348377786951,1.81464383974243
"Item25",2.26454847411051,0.631230252098629
"Item26",1.07022281288898,-0.287261612177732
"Item27",1.9119378002402,0.33587481049622
"Item28",3.49072370197295,2.03786376443794
"Item29",1.92372339052118,0.31698736942641
"Item30",1.30647761162611,-0.191774548926978
"Item31",-0.415139096873472,-1.93169683478018
"Item32",0.999767790990886,-0.583310969607108
"Item33",0.245365154726964,-1.60793359437147
"Item34",2.35589742968513,0.767007391606046
"Item35",1.46799538418414,-0.230614752499998
