"Items","Est.Discrimination.2PL","Est.Difficulty.2PL"
"Item1",1.49421424138891,0.180997652328479
"Item2",0.913627844024231,-0.490224508061615
"Item3",2.62615802549787,1.51390504920182
"Item4",0.978593464939717,-0.968800578547931
"Item5",0.570036493842651,-1.12367128918548
"Item6",0.163298402412789,-1.37171848706955
"Item7",-0.0990198417621215,-1.25703779630287
"Item8",0.743284940521516,-0.882782795582562
"Item9",0.274053092242119,-1.53447445262506
"Item10",0.115039041147843,-0.970910678713144
"Item11",0.401329889757896,-1.31488328799661
"Item12",-0.215671640193846,-1.8819474615623
"Item13",0.482686808460237,-1.06407480212971
"Item14",1.53301278668506,0.0235767824414873
"Item15",1.06289993447218,-0.150686153286459
"Item16",1.16714537560853,-0.276581449716569
"Item17",0.651742920431208,-0.72026952961862
"Item18",-0.386850088321723,-1.70133048221139
"Item19",0.715534034612993,-0.982176682103618
"Item20",-0.124492034665576,-1.85314278225282
"Item21",0.417485284676975,-1.31024777364226
"Item22",2.44427626841697,0.680931935681457
"Item23",-0.798218787776287,-2.53709210591579
"Item24",0.593744947244212,-0.881975071637958
"Item25",0.400501581278267,-1.14440598527299
"Item26",0.209185213191854,-1.18110143119461
"Item27",-0.48993508439205,-2.04375501333182
"Item28",0.707550998361369,-0.91593272185961
"Item29",3.85101599590508,2.35547571231765
"Item30",0.331050757083672,-1.53349996146511
"Item31",0.67386374964838,-0.906874516725275
"Item32",4.03715419414859,2.15713130391804
"Item33",3.53163300803042,1.94883271426798
"Item34",2.69590966374319,1.35155678251781
"Item35",-0.0247899525448413,-1.28966896143791
