"Items","Est.Discrimination.2PL","Est.Difficulty.2PL"
"Item1",2.87434654130562,1.48881485264861
"Item2",1.1121018910914,-0.331577144810516
"Item3",2.63869104067991,1.09411719080082
"Item4",1.22268493773631,-0.380098246672645
"Item5",3.80812595775362,2.06595664032029
"Item6",0.38164396079461,-1.2104785202429
"Item7",3.25106213767971,1.41235934543472
"Item8",1.06773233701595,-0.452439342830064
"Item9",1.22530375265625,-0.356178508563494
"Item10",1.1498611686938,-0.363248835292904
"Item11",-0.165437197749303,-1.41308386580472
"Item12",1.32445732166571,-0.0227206593512462
"Item13",0.46708858593203,-1.11891132158832
"Item14",2.2597120916844,0.755713114642968
"Item15",2.55724554519784,1.12902820381182
"Item16",1.66310999867915,-0.043584420641263
"Item17",0.628691690287033,-0.934351774043751
"Item18",3.99436995300039,2.1611265165326
"Item19",0.0439653961652387,-2.93379733708234
"Item20",1.6724177410434,0.304760751975098
"Item21",-0.576922097494009,-1.7749700950287
"Item22",2.91537628297203,1.30126336823061
"Item23",1.39878404440593,-0.17691601031199
"Item24",1.59888828680067,0.174519339025014
"Item25",0.785807753368851,-0.613140307582565
"Item26",3.44525609133157,1.64907794717854
"Item27",0.570870143058191,-0.88217724666361
"Item28",2.54433289240887,1.06003158790195
"Item29",0.799173314658417,-0.612286969831112
"Item30",2.8324020273324,1.26639135668756
"Item31",2.92273034591754,1.21852898879029
"Item32",2.94402638688566,1.59480357951674
"Item33",0.141492773728662,-1.2356314721431
"Item34",0.56279073257304,-0.990118404971594
"Item35",1.86378967352783,0.423073410428242
