"Items","Est.Discrimination.2PL","Est.Difficulty.2PL"
"Item1",3.41390707512659,-2.29449738292246
"Item2",1.05172612131219,0.996280389667097
"Item3",0.976189090932413,0.830259487411623
"Item4",1.06899116021059,0.990719260700003
"Item5",3.29112656538156,1.92183298006245
"Item6",0.757846955797323,1.20855850230942
"Item7",1.2337549255096,-1.41018222613407
"Item8",2.00630061031005,-0.826315190949176
"Item9",3.24999250522741,-2.20316836952674
"Item10",1.5021829100306,1.19312022691342
"Item11",2.99260748333107,-1.52949336988469
"Item12",1.37294260876872,-0.480830821587997
"Item13",2.73031833903098,2.14841971713723
"Item14",2.95419080613419,1.5835534811394
"Item15",1.88543314837876,-0.0418541317954062
"Item16",1.14014773304671,-1.33227381863495
"Item17",1.27099994063032,-1.46085180757199
"Item18",1.29542436376542,1.16650269775297
"Item19",3.40326396285506,1.77948523232918
"Item20",1.91812659199355,-1.43305432460359
"Item21",2.82442010119683,1.97512706284512
"Item22",1.28598672251357,1.35444181216896
"Item23",1.5696296715013,-1.24743975033703
"Item24",0.991271449422281,-1.0195860251637
"Item25",1.45497575041439,1.11018578941544
