"Items","Est.Discrimination.2PL","Est.Difficulty.2PL"
"Item1",1.66713257999112,-0.0988613769885492
"Item2",3.22410678613573,-1.72739067933165
"Item3",0.744472240266609,-0.803749905189221
"Item4",1.80915389363277,1.38075621930689
"Item5",1.11417428695005,1.18988500210213
"Item6",0.569636341567012,1.41213604248743
"Item7",1.69191808332313,0.133727752160484
"Item8",3.04665744427319,1.73613440728002
"Item9",2.09063821109003,-0.838092991162136
"Item10",1.90901983017712,-0.772691140316047
"Item11",2.74980303867936,1.34424806360921
"Item12",2.99764470746577,-1.73716914554661
"Item13",1.39425868366566,-1.23752225044709
"Item14",2.00466301035426,-0.966801091021483
"Item15",1.05407158530828,-0.1806219120542
"Item16",1.32317940315042,-0.339214360103557
"Item17",3.05616818150073,-2.32562931792493
"Item18",3.04122143529401,-2.04308505651076
"Item19",1.03653621798826,-0.22728470218426
"Item20",1.7355820718615,-0.938552967068231
"Item21",2.60313487954588,1.43853773875295
"Item22",0.893212342405798,-1.38837642903742
"Item23",1.21392113025867,1.47560995171152
"Item24",1.86956844577205,0.288154447974514
"Item25",3.09555645584719,1.79053482186902
