"Items","Difficulty","Discrimination"
"Item1",-0.28008128298381,1.32114631743635
"Item2",-1.38491092878392,2.53416561876086
"Item3",-0.872916140434438,1.9779733557839
"Item4",-0.55658916557666,1.62627579514975
"Item5",-1.74163387220654,2.88034504338152
"Item6",0.241421287657099,1.22771213209982
"Item7",1.4506380691449,2.68221513316279
"Item8",1.95435223575184,3.12093366734778
"Item9",-1.11048794136986,2.17820736763995
"Item10",-0.973179747566331,2.11517246078846
"Item11",0.555809824075232,1.21884834453418
"Item12",1.73896023811393,2.95347418460311
"Item13",1.84129629371102,3.20188183622332
"Item14",-1.7856568018423,2.98956682683121
"Item15",-0.043600517313956,1.09747271577421
