"Items","Difficulty","Discrimination"
"Item1",1.48478541787403,0.927129338321094
"Item2",2.79355740698151,3.00807198188304
"Item3",-0.851117287410734,0.781234434446517
"Item4",-1.08057215015423,2.13066517736085
"Item5",1.93890545299675,3.40362965910012
"Item6",-1.39260136215776,1.39439871522369
"Item7",-1.09803069313587,1.34141275381827
"Item8",0.568722880425154,0.478194047401419
"Item9",1.87160175428038,3.08237551832039
"Item10",-0.74282721518406,1.14660112902149
"Item11",-0.487011076021471,1.01065790899041
"Item12",-0.344849743327632,0.933813379690859
"Item13",-1.56320506374128,3.15309849107078
"Item14",-1.06127276779258,1.84905868421537
"Item15",0.336332025107497,1.29112643042208
