"Items","Difficulty","Discrimination"
"Item1",-1.20622752174743,2.44185879149774
"Item2",1.54117206163523,2.91131513680638
"Item3",-0.443709509531915,0.979019162325378
"Item4",-0.433865448300036,0.721855676796667
"Item5",0.739994212432277,1.7494067767172
"Item6",1.81290502472732,3.12899545710112
"Item7",0.627888368642136,1.51171971538817
"Item8",-1.90374503165174,3.31779288930516
"Item9",1.62463655088119,2.85957204025567
"Item10",0.142998455035161,0.913503897668687
"Item11",-1.60889573965648,2.58851934151167
"Item12",-1.35180307639204,1.88016653519982
"Item13",1.72758293598371,2.9487540663419
"Item14",0.983028118843591,1.8834223914158
"Item15",-0.0980909007596411,0.977406229148169
