"Items","Est.Discrimination.2PL","Est.Difficulty.2PL"
"Item1",0.963924162379448,-1.13738324617219
"Item2",1.86068388171191,0.101706374333603
"Item3",2.89394431232452,1.68077810666334
"Item4",3.2713597796736,1.09652262760305
"Item5",0.806437832377822,-1.26639115479356
"Item6",2.78892271791084,1.14274150443812
"Item7",1.1989128867259,-0.558098846601386
"Item8",1.07607090358686,-0.904707862691766
"Item9",0.636223184463321,-1.81836500764035
"Item10",0.973736577489739,-1.11969337597372
