"Items","Est.Discrimination.2PL","Est.Difficulty.2PL"
"Item1",0.491217675834366,-2.04298789711928
"Item2",1.44107243311084,-0.562160228634103
"Item3",1.02687737415279,-0.472989084558917
"Item4",1.16015416641154,-0.643271320817012
"Item5",1.56008049979105,-0.370027899030421
"Item6",0.821761472020904,-1.88997547117939
"Item7",0.643965037538591,-2.00562527992289
"Item8",2.54200886330916,0.498231846018979
"Item9",1.01315820845412,-0.641549476065545
"Item10",0.934442773791176,-1.50084395208856
