"Items","Est.Discrimination.2PL","Est.Difficulty.2PL"
"Item1",2.27417462399422,0.330369450751021
"Item2",1.49613894327125,-0.248847860034446
"Item3",0.984851719965712,-0.811814626261098
"Item4",2.7992417795044,0.875193594485926
"Item5",3.10149848968523,1.53275468027999
"Item6",3.0046165931809,2.13491711465247
"Item7",2.55536730035587,1.15807390187576
"Item8",1.66919188429921,-0.183932258046873
"Item9",0.736630043273268,-1.60331136190846
"Item10",2.85946390847942,1.25226751930218
