"Items","Est.Discrimination.2PL","Est.Difficulty.2PL"
"Item1",3.12187918343266,1.53394634467356
"Item2",2.20592503699015,0.231758757520298
"Item3",1.42065920644015,-0.596602780346315
"Item4",0.670642385323485,-1.41507080701591
"Item5",0.576316953689204,-2.06617730665109
"Item6",2.37541314290273,0.591511279937004
"Item7",2.04929679873444,0.0828977366173115
"Item8",0.488392856585811,-2.35526516904261
"Item9",0.769459773039868,-1.03536244495599
"Item10",1.58079062830883,-0.455517837694456
