"Items","Est.Discrimination.2PL","Est.Difficulty.2PL"
"Item1",3.21716905720655,0.993205732241261
"Item2",1.20021547926786,-0.774022681827221
"Item3",3.29517361744379,1.44673189431546
"Item4",3.02437375274413,1.61411481700023
"Item5",3.01908340369301,1.1805351997587
"Item6",0.947359949543348,-0.907506491953102
"Item7",1.29330753073971,-0.637331208105409
"Item8",0.46807469387601,-2.02223205134797
"Item9",0.765988770315609,-1.59629213492057
"Item10",0.723244164901321,-1.71588480320112
