"Items","Difficulty","Discrimination"
"Item1",1.03560669937341,2.43157191510392
"Item2",1.03613623809321,2.78688529381959
"Item3",0.641913766246933,2.40084377314707
"Item4",-0.554201601793298,2.85298756365133
"Item5",1.36634587275009,2.73376416988469
"Item6",0.675491990388543,2.5438801751892
"Item7",-1.86405607453436,3.26532125915133
"Item8",-0.563787972730206,2.91861074926881
"Item9",0.547584834078701,2.40440348411168
"Item10",-0.756571136557447,3.05170705552551
"Item11",-0.842447102074543,3.07266218946739
"Item12",-1.18630042048386,3.57965046999799
"Item13",-1.95935523581415,3.10081505823214
"Item14",2.46343411965594,0.863801177652952
"Item15",0.315224975368435,2.76249495716188
"Item16",-1.54818721341103,3.27121587231216
"Item17",1.44752813841151,2.58414354062353
"Item18",1.43316672727364,1.86781562051573
"Item19",-1.29557079422996,3.14225135595705
"Item20",-1.18498418850191,3.20317806016098
"Item21",0.398464912710969,3.06240877933412
"Item22",-1.77306539079908,3.32583971422517
"Item23",1.44881825892199,2.33518179875644
"Item24",0.813907940422747,2.40254757110307
"Item25",-2.2075140849998,3.14269665126596
"Item26",0.425956886527315,3.02914940006413
"Item27",1.80635277431523,2.22341099239778
"Item28",-1.80040697197556,3.18498956060913
"Item29",-1.16663742739197,3.07391807344174
"Item30",0.532493334152607,2.81206478919473
