"Items","Difficulty","Discrimination"
"Item1",2.15890652076303,3.43035835659475
"Item2",1.96099396061345,3.40538945789114
"Item3",1.75400857028421,3.10942836612341
"Item4",-1.24813551624111,-0.133567994104131
"Item5",2.14674967999891,3.46386819116134
"Item6",-1.08854142904323,0.476106403544081
"Item7",1.79407603174698,3.16564275910628
"Item8",-0.728772658622972,0.560831655986938
"Item9",-1.10083887203326,0.54377258613568
"Item10",1.03255049020977,2.25351874595869
"Item11",-0.818609974390312,0.548923209361559
"Item12",-0.0498754774233091,1.40729795257263
"Item13",2.38462654125987,3.70201799803094
"Item14",-0.734265101559852,0.976376195907241
"Item15",-2.15591347512535,-0.583844396642486
"Item16",-1.71292215106465,-0.15200692894012
"Item17",-1.44082646307472,-0.0361199074034682
"Item18",-1.37861022942194,-0.103885127155586
"Item19",-1.36551370280001,0.09892909017949
"Item20",-0.737384963281011,0.878074410311991
