"Items","Difficulty","Discrimination"
"Item1",-0.330323790578971,1.2175508372336
"Item2",1.12660464749193,2.55564798027909
"Item3",1.30213105376487,2.69787043013895
"Item4",0.646613842638136,2.04249654461423
"Item5",1.39536153450259,2.9088571290553
"Item6",0.453043536132263,1.84265293734957
"Item7",1.83155034510309,3.37244922508121
"Item8",0.735838909045133,2.33999486827858
"Item9",2.26446470230391,3.68310829001316
"Item10",1.73786271913211,3.1631894681764
"Item11",-0.148216613804606,1.27812347618784
"Item12",-0.562790919371499,1.10104560250447
"Item13",-1.90557947095451,-0.419443818381182
"Item14",-0.080234268878975,1.41882827551946
"Item15",-0.163800051540264,1.24441408089738
"Item16",0.374557685715287,1.84310914852896
"Item17",0.940366902836498,2.68118644158824
"Item18",0.244426372798986,1.71062025752183
"Item19",-1.81180887274124,-0.367058255628997
"Item20",-1.69160199394711,-0.264890944233051
