"Items","Difficulty","Discrimination"
"Item1",-1.17053218430013,0.427295045363313
"Item2",0.898806911516453,2.15981664620172
"Item3",-1.67704044016081,-0.162071611151023
"Item4",1.10932828016934,2.65109041661695
"Item5",-0.104864740063405,1.48341667848847
"Item6",1.44813130066879,3.04436522688283
"Item7",-0.834263062360471,0.424628651489067
"Item8",0.979912081891528,2.15538671405707
"Item9",0.551803651275799,2.21439999768122
"Item10",-0.63303167507701,0.950026865756349
"Item11",1.92792710777208,3.47728558830065
"Item12",0.900861148904978,2.28329539924207
"Item13",-1.72673692325578,-0.424161773541987
"Item14",-0.473786000596168,0.902241570594487
"Item15",-0.765847032441407,0.854910986295337
"Item16",-1.31672547176624,0.16058270390014
"Item17",1.37840314254043,2.70262978653764
"Item18",-0.882448545616108,0.707252981261485
"Item19",1.14253839996059,2.83676272094515
"Item20",-0.874971421447493,0.535870360379075
