"Items","Difficulty","Discrimination"
"Item1",1.45703918003889,0.25
"Item2",-1.12872426190831,3
"Item3",-1.74760165479899,3
"Item4",-0.737090194958788,0.25
"Item5",-1.60535201620867,3
"Item6",-0.715875130841515,0.25
"Item7",0.280141831840473,0.25
"Item8",-0.961780501325287,0.25
"Item9",-1.68237707386936,3
"Item10",-1.407273720007,0.25
"Item11",-1.54056197825933,0.25
"Item12",0.491489633294411,3
"Item13",0.519388627593431,0.25
"Item14",0.56606464864582,3
"Item15",0.813818502123105,0.25
