"Items","Difficulty","Discrimination"
"Item1",0.762767139970942,0.25
"Item2",-2.2173336814269,0.25
"Item3",1.25182808147488,0.25
"Item4",1.84646470070871,3
"Item5",0.0659002030395871,3
"Item6",-1.05961834445773,3
"Item7",-0.278650182404805,0.25
"Item8",-1.18016470081394,0.25
"Item9",0.906876691641438,0.25
"Item10",-0.983991696053208,0.25
"Item11",0.130469771983952,0.25
"Item12",-2.05626194121136,3
"Item13",0.19708766977169,0.25
"Item14",0.243290894070235,0.25
"Item15",-0.845810490251201,0.25
