"Items","Difficulty","Discrimination"
"Item1",-1.70023678657168,0.664933118489955
"Item2",-0.823519031474619,1.15662362174409
"Item3",0.405259052368528,2.27323916265354
"Item4",2.02515868403369,3.18606040338409
"Item5",-0.680907316757487,1.14900948752588
"Item6",-0.73129714458569,1.26287385831761
"Item7",-0.807928499672833,1.20740716296692
"Item8",-0.915160760805108,0.952854177647771
"Item9",-0.996928703530384,0.812202047231459
"Item10",0.784018672136955,2.63437027359867
"Item11",-1.90465655126123,0.507660190528023
"Item12",0.772738656636346,2.68083050830028
"Item13",-0.704126161004203,1.31687000779705
"Item14",1.9282475723617,3.15800177510045
"Item15",0.564253720647445,2.41487958343797
"Item16",-1.85677469275921,0.589694383328657
"Item17",-1.26821691387488,0.8969723301854
"Item18",-1.10319075319812,0.975420394333409
"Item19",-0.954322599547473,1.03740449604057
"Item20",-1.66708488544148,0.842129787959783
"Item21",0.070191541476313,1.97352478231499
"Item22",1.57990143749967,3.02091883499289
"Item23",-0.974508995044994,1.10367193739253
"Item24",-1.71924195951828,0.771129314973552
"Item25",-0.255163975067723,1.55698904574293
"Item26",0.947666264055903,2.77197709561423
"Item27",2.39714648689477,3.17252917879672
"Item28",-1.72251607199393,0.649701553823031
"Item29",0.223978572040562,2.04089632696046
"Item30",1.49968133786374,2.8500267042599
"Item31",-0.672204555641551,1.28811204392287
"Item32",-1.85831014302705,0.497840699057762
"Item33",0.0775816617515504,1.95413139468234
"Item34",-1.65961620724965,0.787508988968753
"Item35",1.66839378906175,3.03663287104186
