"Items","Difficulty","Discrimination"
"Item1",-1.26585413324887,1.32817295144603
"Item2",1.70997758576325,3.06008827455613
"Item3",2.73253574277149,2.75384623867958
"Item4",1.78741808926553,3.51585898313567
"Item5",0.168223756802143,2.25614721790435
"Item6",2.39216989950655,2.91227600944347
"Item7",0.741134090382146,2.2645754606684
"Item8",0.773879687211453,2.0183032776231
"Item9",-1.5602871472518,0.153583446984913
"Item10",2.24361230901282,3.26087219571635
"Item11",-0.704357118079561,0.784322409946918
"Item12",0.656384027141081,2.5567771144333
"Item13",-0.575098152404101,1.1597332899761
"Item14",0.33747243322202,2.32548358895943
"Item15",2.04425257737639,2.74822286623896
"Item16",0.00541179120283003,2.02155928811872
"Item17",-1.55512684683771,0.807107478229227
"Item18",1.81511536400176,3.28549008034652
"Item19",-1.48052720504883,0.891204394353456
"Item20",2.33788196043707,2.97571598000648
"Item21",1.55376345969933,3.24292447594352
"Item22",0.675177365048697,2.38747537743755
"Item23",0.700971916334034,2.07200285677986
"Item24",1.34968934821952,3.21628122701568
"Item25",-1.40091060644149,1.01758926923402
"Item26",-1.70572486068897,0.741519179378337
"Item27",1.91004775951365,3.08427979074257
"Item28",0.139492101083133,1.99494179785895
"Item29",1.77007028331721,3.54331067091478
"Item30",1.28875513307529,3.27945029000751
"Item31",-0.895883632919838,0.981515526876034
"Item32",2.17447225469243,3.20521237847837
"Item33",1.37747098241218,2.89610240607164
"Item34",0.0498003324049761,1.73809478767069
"Item35",1.99710975989601,3.55717285041665
