"Items","Difficulty","Discrimination"
"Item1",0.0655575952879663,1.81085060814022
"Item2",-0.968233275958807,0.901611128470678
"Item3",1.49254752446467,2.84945207033774
"Item4",-1.84529383975154,0.981374446449962
"Item5",-0.106821956940277,2.01794701302068
"Item6",-1.24181503948279,0.928845850355739
"Item7",-0.210557066483062,1.14954306843985
"Item8",1.99859176989255,3.31007325423707
"Item9",1.38575208340215,2.98030917777683
"Item10",1.90436724979796,3.18913338400744
"Item11",-0.165467994389735,1.94715992568256
"Item12",-0.365695245459506,1.60268328510554
"Item13",1.01871991681316,2.84292978356951
"Item14",0.433046661560438,2.43490385376217
"Item15",1.34409246700381,3.02506868555091
"Item16",-0.00834611330866486,2.14888094347754
"Item17",1.09393695995569,3.13761141233853
"Item18",0.693249552780936,2.82825063716908
"Item19",-1.83180396963048,0.498014221755493
"Item20",-0.252633502126613,1.92650771128892
"Item21",-1.03069387891616,0.88834603174964
"Item22",-0.594414365935794,1.08072283857479
"Item23",0.0106004620741602,2.09373594203276
"Item24",1.54686677407381,2.98312158599245
"Item25",2.27550192010013,3.01735734409092
"Item26",1.75466282851428,3.07214993653118
"Item27",1.50697298394752,3.42339567980049
"Item28",-1.00522379983741,1.27265395319748
"Item29",1.15665272367861,2.67064957093503
"Item30",0.319411876676337,1.97547073573284
"Item31",-0.58221470585897,1.13242879665513
"Item32",0.317502454149271,2.14728009620101
"Item33",0.293854467921907,2.37245057743105
"Item34",0.934900947145015,2.47001039270659
"Item35",-2.03927849211228,0.50076562900666
