"Items","Difficulty","Discrimination"
"Item1",0.682799035390326,2.39536246439547
"Item2",-1.76737951275076,0.7370349086697
"Item3",-0.372997292351596,1.5010330626627
"Item4",0.960806670834268,2.82867098703318
"Item5",-0.176118395317751,1.67021560449646
"Item6",0.851333048623788,2.53022226129349
"Item7",-2.49602569078837,0.673840754800695
"Item8",1.3037290250664,2.84090268055714
"Item9",-1.52657396317458,0.69146912119283
"Item10",0.7673853850781,2.54717540391526
"Item11",-0.854176604167255,1.1781032749111
"Item12",-0.092089074119261,1.78553896237426
"Item13",0.854211900861407,2.71109179992796
"Item14",-0.312879207165732,1.49947349742344
"Item15",1.72376504028666,2.93002941165728
"Item16",-0.850113617983534,1.19066540198549
"Item17",-2.15705332738328,0.615718634425306
"Item18",-1.65343699253212,0.764804248906732
"Item19",-2.03995177205521,0.630140818452199
"Item20",-2.12171951271329,0.55966949966988
"Item21",1.50542256831387,2.96265443765216
"Item22",-0.230535619096715,1.660532559105
"Item23",-1.21574485857862,0.823489838969194
"Item24",1.6328646234268,3.04196652895357
"Item25",-1.23607638597311,1.11628909592721
"Item26",0.491120251843897,2.28186502050184
"Item27",-2.68113641303958,0.392099757000231
"Item28",1.74087271466439,3.00623856900816
"Item29",-0.680269080448503,1.15789875141471
"Item30",1.25425969523307,2.95635667806395
"Item31",0.962989470800751,2.83638566015644
"Item32",0.695584999334016,2.64650758644174
"Item33",1.33097210694692,2.84899203003022
"Item34",0.0648072773072683,1.98130522853986
"Item35",1.74849822271211,2.92444843138946
