"Items","Difficulty","Discrimination"
"Item1",0.0103132858093551,1.83737169564713
"Item2",-2.33704740599513,0.58438084157261
"Item3",0.87929156401884,2.6067785935179
"Item4",-1.63746339592694,0.861784003929751
"Item5",2.28443185579519,3.24475800952484
"Item6",2.49292591081653,3.17362664966834
"Item7",-1.24973005593031,0.76345485150188
"Item8",-3.53002561786099,0.551597122681648
"Item9",-1.0883247188047,0.923145721541246
"Item10",0.281129522233605,2.16704212738706
"Item11",-1.61878199970312,0.737299316365868
"Item12",1.353075164231,2.90249580229441
"Item13",1.31560738909481,2.94526180898755
"Item14",-2.33983635153497,0.597090480093366
"Item15",1.40665462930822,2.89441468157099
"Item16",-0.0565217258208291,1.77415773081418
"Item17",-0.566446676882449,1.20117339299891
"Item18",-1.33410486408673,0.718705029951221
"Item19",-0.738577759433755,1.13121381505577
"Item20",1.36894150737998,2.9632751441135
"Item21",-1.07158397234087,0.946742817392588
"Item22",1.4277147830003,3.00279915373478
"Item23",1.95860773712033,3.17213481097391
"Item24",1.37226396206531,2.92766751156949
"Item25",-0.495659922542574,1.42188356851377
"Item26",-1.00167372238217,0.935045029266044
"Item27",-1.94372828242267,0.769051460725706
"Item28",1.18665189409532,2.75504860029639
"Item29",-1.21789187241402,0.864607791266916
"Item30",-0.632982068109005,1.22557657630826
"Item31",1.28894062556874,2.84771385817079
"Item32",2.10349712597054,3.06008903372056
"Item33",2.09614105673981,3.21354350008433
"Item34",1.84531521206199,2.95128123272394
"Item35",-0.00992343413076556,1.91297749525336
