"Items","Difficulty","Discrimination"
"Item1",2.05578318965991,3.20906371936898
"Item2",1.37704935634003,2.83388599558412
"Item3",-1.9100724479225,0.580943278164868
"Item4",1.51186393345161,2.89975214970087
"Item5",-1.45316200776365,0.889937151371854
"Item6",0.112167566728595,2.02071306605167
"Item7",-1.17933449089489,0.819751765034548
"Item8",-1.23030610201648,0.927030736288057
"Item9",-1.13889424779591,1.05335327142376
"Item10",-0.81865975828062,1.18149986818369
"Item11",-1.07941926959457,0.968156365210299
"Item12",0.141243620066374,2.17346942065878
"Item13",-2.17752439144224,0.461501272388042
"Item14",-1.36055695237696,0.939001619187412
"Item15",-1.14113131784793,0.885993263364219
"Item16",-0.980552570224028,0.998631877462671
"Item17",1.07544510009894,2.76471213313025
"Item18",1.3060234984585,2.97319184005972
"Item19",1.62766281464027,3.13477911960696
"Item20",1.24820144026971,2.97610678296551
"Item21",1.74761124907004,3.09908516238009
"Item22",-1.06598185429917,0.976306657024426
"Item23",1.02270449869846,2.86752908090476
"Item24",-2.7093275641378,0.658207122692734
"Item25",1.53132543832993,2.94295804916739
"Item26",-0.0685937298897577,1.95431195724942
"Item27",-0.636005045797325,1.31060804668309
"Item28",1.29733388392392,2.68792567084522
"Item29",-0.104605123446369,1.68246138053462
"Item30",0.0999924701962645,1.8947182858875
"Item31",-1.75454707644865,0.703953284761599
"Item32",1.16611782206928,2.85568714571038
"Item33",0.403019951923134,2.13036378750628
"Item34",1.83222836070665,3.001374290522
"Item35",0.530585025668043,2.36536318074336
