"Items","Difficulty","Discrimination"
"Item1",-0.459982538869456,1.40623534901739
"Item2",-0.485113983418899,1.55397744006993
"Item3",0.0960695474275683,2.16270438833415
"Item4",-1.16066260738905,0.811340994092635
"Item5",0.569066587978565,2.48996941351587
"Item6",0.3463563399101,2.53187262795486
"Item7",1.99398805790813,3.58035840278484
"Item8",-1.33269704312747,0.843897751040397
"Item9",1.97425802942797,3.02332380320358
"Item10",1.66493379348471,3.0700920625576
"Item11",-0.952404026304544,1.27512010158815
"Item12",0.439447985655905,2.39835833513805
"Item13",0.214882884967257,2.01161497226339
"Item14",1.52506484617558,3.21292242417457
"Item15",1.29940454043614,3.00642983543444
"Item16",-1.21805521662083,0.604971489737571
"Item17",-1.2273921135203,0.745534183134516
"Item18",1.4031127287074,3.23927617049082
"Item19",1.02271949695494,2.3553873146295
"Item20",0.947162933976208,2.31862423783929
"Item21",1.09955774726256,3.18797594206262
"Item22",-0.855521069136801,1.01547238253494
"Item23",-1.14392719061612,1.33485847194235
"Item24",-1.66344831040355,0.719402810101666
"Item25",-1.43010238477163,0.714109084448684
"Item26",2.4617626325942,2.90911913038272
"Item27",0.894755244719286,2.66383824176893
"Item28",1.16244872659736,2.64035962787872
"Item29",1.23596849982967,3.02204680871178
"Item30",-1.04273402596028,0.694225309842026
"Item31",-1.55369685516413,0.85470018024897
"Item32",-0.975872368532127,0.788394860866298
"Item33",0.626363612081524,2.63276347109935
"Item34",1.19447688779259,2.59326722861229
"Item35",-0.76981400801763,0.993478215967409
