"Items","Est.Discrimination.2PL","Est.Difficulty.2PL"
"Item1",1.10944152991991,-1.35336482541617
"Item2",1.13255914024903,0.837737370490974
"Item3",1.31234511089812,-0.45499972327205
"Item4",1.23409953763133,1.21473935625469
"Item5",1.10681697993396,-0.742360037943916
"Item6",0.829634244392506,-0.0991062678147484
"Item7",1.00224377220942,0.990988320143458
"Item8",0.990658704707182,-1.25683993901453
"Item9",2.67830380859543,-1.48785651163441
"Item10",0.922108607755619,-0.276200578310573
"Item11",0.813540173346911,-0.0611249094580403
"Item12",0.852335452694164,1.56132692455678
"Item13",0.984775485134026,1.70809664722807
"Item14",3.75314492785132,-1.66104091606236
"Item15",1.08786434077902,0.769443395996905
"Item16",1.10276747196599,0.730622045904413
"Item17",0.843181824010805,-0.675611997287347
"Item18",1.05091270430336,0.921200398986432
"Item19",0.744702646618479,0.0867682175700155
"Item20",0.833342021524839,-1.42337002427283
"Item21",0.892808920075048,-0.125409715757069
"Item22",1.09570961081562,0.0568392433647471
"Item23",2.54774824025412,-1.92629592004708
"Item24",0.971654483821831,0.0935069863563542
"Item25",0.889124997057851,0.382453143459104
"Item26",2.78824215975002,-1.50077027794498
"Item27",0.924555146151143,1.59448238204654
"Item28",2.47593547842029,-2.68840464733448
"Item29",1.04377372755353,-1.28239828488833
"Item30",0.950615210026771,-0.37920100800814
