"Items","Difficulty","Discrimination"
"Item1",0.0469485518316405,1.29296658135067
"Item2",-1.51420762588569,1.99564230899054
"Item3",1.30567020309855,2.34067019762152
"Item4",-1.85714834092186,3.13797976695094
"Item5",0.553689075723954,1.80353304725744
"Item6",-1.67514202721895,3.3276111338061
"Item7",1.91007138156833,2.88795225316397
"Item8",0.756810535966614,1.39088270965327
"Item9",0.935290003852161,1.62214888500047
"Item10",-0.917319328485818,1.58897146370634
"Item11",-1.24657021294625,2.29038768644544
"Item12",0.434035032196878,1.73864044709522
"Item13",-1.88309758724726,3.13538724830299
"Item14",-1.41013290215941,2.63108867813125
"Item15",-0.0314498728381746,0.825037772670737
"Item16",-0.0634038381137865,1.36127444412187
"Item17",-0.60090228447579,1.18987314357147
"Item18",-1.51215887138691,2.33787250080834
"Item19",-1.97920237435064,2.69888062463748
"Item20",-1.10630399089493,2.20894303084927
"Item21",-1.11747468045941,2.31121181953679
"Item22",-0.536507830097982,1.44625412893623
"Item23",-1.67332337991203,3.13908589449714
"Item24",0.369173516792028,1.21524828058308
"Item25",-0.952344372370886,2.13289242743726
"Item26",-2.0228912970592,3.44606671129329
"Item27",0.898950009199461,1.74741437424156
"Item28",1.96159620703633,2.67417938646114
"Item29",1.27742789791464,2.38529085857436
"Item30",-0.641474237161357,1.50547394237376
