"Items","Difficulty","Discrimination"
"Item1",1.92591470897343,3.10780605520021
"Item2",1.2422613566352,2.32321343927348
"Item3",0.917050921524581,1.94237687360158
"Item4",1.0585666678933,2.1323329899344
"Item5",-0.895703963451342,2.08307813927924
"Item6",-1.30574162708072,2.24088770796877
"Item7",1.62379945878036,3.2820311552167
"Item8",-0.551054071963593,1.54352938977743
"Item9",-0.834039063388616,1.84802408648388
"Item10",-2.06149759071444,3.51043208985194
"Item11",-1.42072787844517,2.33516265913187
"Item12",0.168227882790373,1.16418320471983
"Item13",0.723557785520132,1.31572186731943
"Item14",-0.702644293701148,1.08238807969189
"Item15",-1.60748378745478,2.80779363160399
"Item16",2.54131992311149,3.28466290073772
"Item17",-1.60769045809259,3.16402834679576
"Item18",1.17146329925942,2.18408603515033
"Item19",2.07467299080985,2.89784377838628
"Item20",0.927467147552268,2.09437864096757
"Item21",0.376731216178098,1.09137677279745
"Item22",-1.21346797822971,2.18660565101611
"Item23",1.61897493452778,2.35201429273857
"Item24",0.351902323375773,1.0170809875146
"Item25",2.02034439482738,3.12045167657483
"Item26",0.632994143819235,1.51188853879788
"Item27",1.417479327102,2.82837178933306
"Item28",1.64272297889898,2.5651592420791
"Item29",1.30362882112764,2.65763735221245
"Item30",-1.06587145891858,2.20925373061316
