"Items","Difficulty","Discrimination"
"Item1",1.85176971660961,3.17835451197198
"Item2",-2.4198954095773,2.91511294264267
"Item3",1.05294083833468,2.3113970257945
"Item4",-0.103439291471449,1.10019468612212
"Item5",0.911013017389618,1.52066110396549
"Item6",-2.20194574092388,3.03169329589972
"Item7",-1.81397293804488,3.31102622226685
"Item8",0.788741893663224,1.11018453977708
"Item9",1.98022981656304,3.17755564517525
"Item10",-0.993375283970385,1.47855692563726
"Item11",0.389101073762934,1.39535813893643
"Item12",2.40565674727097,3.21186530317182
"Item13",-0.233141258554591,2.43636489955684
"Item14",-2.01514977249941,3.11421318906143
"Item15",-2.65996110517893,3.13513261266774
"Item16",-1.95392925665056,3.00685004926415
"Item17",0.0499554123111774,1.4261631012526
"Item18",0.668551520964492,2.37933771406876
"Item19",0.830060779169468,1.54639531448193
"Item20",2.17900988941294,2.94414935125297
"Item21",0.0673512620605168,1.42226526181646
"Item22",0.957518052376424,2.04657319197154
"Item23",-2.31973742504981,3.07358989315509
"Item24",1.21607544726425,1.25482162736184
"Item25",-1.00385068114516,1.72029404798748
"Item26",-1.59859973442765,2.86646567265597
"Item27",-0.710122683185256,1.73193935127618
"Item28",1.14848534496472,1.20188672928954
"Item29",-0.534989226506568,1.34795862619772
"Item30",-1.16129429319008,1.28534630942975
