"Items","Difficulty","Discrimination"
"Item1",-1.6724708448714,2.99272107810497
"Item2",-1.97159596449104,3.02433002300013
"Item3",-1.11962536799564,1.62913157573817
"Item4",-0.599287266906228,1.90923491820495
"Item5",1.71335831296307,3.01795206772059
"Item6",0.846750977945395,1.46920429723703
"Item7",-0.84344417840826,2.03740619248421
"Item8",0.870351303044303,0.889531576781684
"Item9",1.32222478401561,1.57139501514733
"Item10",-0.535562664974345,0.933898570547974
"Item11",-0.645591610740348,2.02155127059657
"Item12",0.317181665880424,2.20047224687613
"Item13",-1.20921938130785,0.755778293273585
"Item14",-1.43530743322446,1.34536175040207
"Item15",-1.609169598402,3.37314852132543
"Item16",1.45511454667467,1.6491253102324
"Item17",1.31272642104681,2.51257897438455
"Item18",1.73302619329267,3.26383492929307
"Item19",-0.528295940228213,2.07370502505945
"Item20",1.24622701460265,1.03141802224009
"Item21",1.44975200380581,1.97027929325507
"Item22",0.247229596382389,1.60562549299649
"Item23",1.74679174776875,3.1830815331176
"Item24",0.810136696981142,1.3805073238182
"Item25",1.99316802896232,2.97111492121572
"Item26",-0.525506922058811,1.10746144231712
"Item27",0.931758753217552,2.41851955576429
"Item28",0.782336827729418,0.759319026076556
"Item29",0.0639669687078508,1.82201688558781
"Item30",1.70374721338402,3.10505625816612
