"Items","Est.Discrimination.2PL","Est.Difficulty.2PL"
"Item1",2.57370638306453,0.869574917074618
"Item2",3.22287730378852,-1.38699977907478
"Item3",2.98059884064088,-1.38809290266864
"Item4",3.27604134371386,-1.65652012079865
"Item5",2.33212641716779,1.36881634159646
"Item6",2.60770046956596,0.408116451771237
"Item7",3.45456899635038,-1.6743831765823
"Item8",2.4010735639053,0.829284399798623
"Item9",2.74092124549342,-0.801051955309387
"Item10",2.4667649022335,0.825933436625578
