"Items","Est.Discrimination.2PL","Est.Difficulty.2PL"
"Item1",2.92213710683763,0.185247936422555
"Item2",2.4415375859884,1.28234984360183
"Item3",2.29579330876045,1.0418805728258
"Item4",2.80656736093067,-1.41666674015768
"Item5",2.91118025341035,-1.23532338261836
"Item6",2.05527105113977,1.76643088137368
"Item7",2.66511636483023,0.326308018938665
"Item8",3.26437484032683,-1.63140628217773
"Item9",1.61261855480326,1.94937256147853
"Item10",3.00198893617512,-0.39594571106468
