"Items","Est.Discrimination.2PL","Est.Difficulty.2PL"
"Item1",3.72954397509949,-2.12940451220216
"Item2",2.54482609392776,0.844414047165009
"Item3",2.93535228470936,0.223340604225746
"Item4",2.59993730250619,0.49762566352441
"Item5",2.55484784293634,1.10351903636057
"Item6",3.09454125536793,-1.48631903702832
"Item7",3.00125680572674,-0.857433214933817
"Item8",3.19147837587048,-0.977707270883256
"Item9",2.54634780007514,1.07335387735977
"Item10",2.32847704998282,1.34763046636378
