"Items","Est.Discrimination.2PL","Est.Difficulty.2PL"
"Item1",2.30429106241465,1.47830340086564
"Item2",1.40668901465986,2.2751523409178
"Item3",3.65666105306416,-1.62079619747648
"Item4",3.0584371726366,-0.429836500500642
"Item5",2.24760059907921,1.2612836754697
"Item6",3.11626137381751,-2.21780889709723
"Item7",3.12942934689654,-0.712712118667357
"Item8",2.24727154259818,1.06346294917078
"Item9",2.17175996223251,0.752150241684412
"Item10",2.48243852596516,0.355621651518518
