"Items","Est.Discrimination.2PL","Est.Difficulty.2PL"
"Item1",2.68696463540479,0.827640507777977
"Item2",3.0998380289693,-1.70355299114122
"Item3",1.71400629226336,1.87832118661488
"Item4",3.0581141063058,-1.49462334468096
"Item5",2.19301771020001,1.27233733487073
"Item6",2.38937025919634,1.17601105029031
"Item7",3.04345967995687,-0.939733599985716
"Item8",2.82615901142138,0.288503211357215
"Item9",3.22913755267749,-1.42259369592197
"Item10",3.40876525921462,-1.03591364533108
