"Items","Difficulty","Discrimination"
"Item1",0.669637012129533,3.36294916839826
"Item2",-0.434708706727814,2.64759669441637
"Item3",-0.477896493782156,3.2529167746993
"Item4",0.397084898102686,3.23247716567337
"Item5",-1.80083291798786,2.15172518614933
"Item6",-0.606097389551545,2.1957538247245
"Item7",-1.72474544276153,1.90000326287101
"Item8",-0.818082855195007,2.42590168423903
"Item9",-1.02625181421465,2.78982741777521
"Item10",0.739703640227991,2.76155512319362
"Item11",-0.185639278494597,3.14163467408017
"Item12",-1.06604114750491,2.67424336475282
"Item13",-0.0171280203507055,2.66240035203748
"Item14",-1.60871384717592,2.77060410746397
"Item15",-1.08948865912625,2.72972068231331
"Item16",0.602003257582797,2.83900846124533
"Item17",1.24354465355774,3.24637133383495
"Item18",0.141186006940627,2.86233953220114
"Item19",0.538046091445269,2.41721688591793
"Item20",-2.17301058245309,1.73585106749048
"Item21",-1.17995624075264,2.33258690061132
"Item22",-1.34293441865178,2.36283128140597
"Item23",-1.55190759013471,2.15425547715404
"Item24",-0.0872815205273622,2.87076699822444
"Item25",0.910636270877748,2.84126183895716
"Item26",0.411819782342878,2.97188619744995
"Item27",-0.309609772418665,3.56909279838018
"Item28",-0.818310822988317,2.33031406602522
"Item29",0.386213283123107,3.19711570089689
"Item30",-1.98696071506058,1.6226299566618
"Item31",-1.44603231695877,2.33340764638497
"Item32",1.19859996580641,3.43054569619682
"Item33",1.15798039323747,2.93080660724802
"Item34",-1.77950901768799,1.85531731201173
"Item35",1.92962294616948,2.70464670015931
