"Items","Est.Discrimination.2PL","Est.Difficulty.2PL"
"Item1",1.7294222016414,-0.315803510365638
"Item2",0.265038924337656,1.34289368868843
"Item3",1.71421683915118,-0.0433734503666807
"Item4",2.14393558552525,-0.604752436193669
"Item5",1.46001998415925,-0.0989559866819486
"Item6",1.77430638578967,-0.149988984154369
"Item7",3.34632955607422,-1.78790730918289
"Item8",2.82586759855357,-0.986483292293806
"Item9",0.744483738710286,1.01995042451617
"Item10",0.618161674224263,0.9595645968844
"Item11",1.32611040547232,0.0467252489763451
"Item12",0.477897757142895,1.16160489309092
"Item13",1.68201310718233,-0.321399020464278
"Item14",1.5465724009407,-0.150431975835273
"Item15",2.25222790698191,-0.677414298603538
"Item16",-0.0465900236947146,2.94145557296815
"Item17",3.64146840374683,-1.74462411109302
"Item18",1.54944542900371,-0.0967026944421819
"Item19",-0.484931967434043,1.56064235641941
"Item20",0.168882359937843,1.91976041294719
"Item21",0.962952998330312,0.512309838422089
"Item22",2.33306193898254,-0.775777696550054
"Item23",3.58416084769805,-1.73092796379039
"Item24",2.43147993928005,-1.14575765024647
"Item25",3.20971739742299,-1.58945540598109
