"Items","Difficulty","Discrimination"
"Item1",1.91333861189794,2.58642584039504
"Item2",1.40083201685568,2.04329714899022
"Item3",-0.229453082241332,1.12726712188473
"Item4",-0.518026892525303,0.835763376080516
"Item5",0.147135449245915,1.25704068944306
"Item6",-1.06903789062793,0.79057358632402
"Item7",1.66377573809189,2.20980739155633
"Item8",-1.39880218446556,0.621873462679499
"Item9",0.240598954572197,1.32992220781229
"Item10",-1.66228256697766,0.832223749379924
"Item11",-1.36131801976297,0.612571356943793
"Item12",-1.40872500687218,0.688471950130327
"Item13",-2.1856152622015,0.512416030837941
"Item14",-1.85849282239703,0.707532345622423
"Item15",-1.28905532851937,0.514707848181312
"Item16",-1.45907290998207,0.673866826089801
"Item17",0.524395127602474,1.43725485680241
"Item18",1.18613418822764,1.88240491484186
"Item19",2.00968207746805,2.61716615486133
"Item20",0.2342059307188,1.26631139332876
"Item21",-1.0561902012073,0.875322168775241
"Item22",2.12378897921126,2.79542704341616
"Item23",1.35020529085132,2.06253274196946
"Item24",-1.01065127075953,0.825817560560963
"Item25",-1.15134082387878,0.832706434393509
"Item26",-2.34463437617388,0.547070589855785
"Item27",-1.96929982106905,0.760780855188664
"Item28",1.08274645979049,1.80476814639503
"Item29",-1.18237983450481,0.629337821424748
"Item30",1.97084688609359,2.73891444390304
