"Items","Difficulty","Discrimination"
"Item1",0.192439142304489,1.45229040677524
"Item2",0.136997758490446,1.06803736111197
"Item3",1.549641745402,2.41592822290877
"Item4",0.147896540307135,1.20215263092314
"Item5",-0.612443155694002,1.03090997518874
"Item6",1.22786112804162,1.75399509852705
"Item7",-0.469730693368202,1.06708815198446
"Item8",1.67013137398809,2.37633608205109
"Item9",0.894151440042432,1.48289027501828
"Item10",-0.88152635715316,0.850558738453943
"Item11",1.62813719203838,2.12543127661465
"Item12",-1.75211129781577,0.728733294884868
"Item13",0.778203585036649,1.76901506337204
"Item14",2.17579960681054,2.83756951322279
"Item15",-0.628630437330704,0.823858189255054
"Item16",-0.0557534989566551,1.19308386228437
"Item17",0.47300281314716,1.65929212864096
"Item18",-0.0716232146887296,1.15263658108648
"Item19",0.763645746248036,1.64395008428802
"Item20",1.33986116395528,2.14241785937003
"Item21",-0.179657171356609,1.1316348074496
"Item22",0.105966964274118,1.34842477378015
"Item23",1.94699025612164,2.71447090090065
"Item24",-1.72739657432762,0.616816312106295
"Item25",0.746909139229753,1.58693467088112
"Item26",-1.14862453304023,0.540987169364315
"Item27",-0.190411678376118,1.01834483230901
"Item28",-1.07444984032963,0.785580665809864
"Item29",0.900131698313984,1.62012317193136
"Item30",1.08868577146031,1.83635270321804
