"Items","Difficulty","Discrimination"
"Item1",2.38306977260894,3.21188049334781
"Item2",0.691708078754238,1.36929020911813
"Item3",-0.00209098173323913,1.39564925606565
"Item4",2.11279372520299,3.01707795178859
"Item5",-1.31115717268418,0.57629688976171
"Item6",1.54750198063698,2.31354714146746
"Item7",-1.32719190867714,0.614048732981819
"Item8",2.20345166684303,3.10020166892759
"Item9",-1.26854198225074,0.747085884252322
"Item10",-0.113077578797723,1.10111421843485
"Item11",0.770060037051493,1.72787091370832
"Item12",0.736367095485611,1.565525885525
"Item13",0.516792068241355,1.51105256415534
"Item14",-1.07504613290282,0.820042264715181
"Item15",0.821609531187329,1.71506467613793
"Item16",0.918395772038678,1.81260902812427
"Item17",0.654462430244503,1.6000437672772
"Item18",-2.07684029178995,0.55018453400711
"Item19",0.97346582330354,1.98442439344151
"Item20",1.23846580379536,1.92753987939301
"Item21",0.00635687189319907,1.01430805273522
"Item22",-1.59283638108215,0.690305388109289
"Item23",1.0140536239133,1.86039551086622
"Item24",-0.386383753812048,1.04163819301789
"Item25",-1.03370438132905,0.709920405778174
"Item26",-1.3221068706556,0.817489779887691
"Item27",-1.21003484846549,0.834517834869594
"Item28",-1.36445083876037,0.812465080355455
"Item29",-0.261615260632384,0.979379983765583
"Item30",0.864459301457637,1.80305648613594
