"Items","Difficulty","Discrimination"
"Item1",0.782213102124786,1.53902101008563
"Item2",-0.699272848421288,0.954452375854151
"Item3",-1.07027444877262,0.770108243385642
"Item4",-0.807288582752187,0.970944189548378
"Item5",-0.927097256437402,0.695275709796538
"Item6",2.37319749319403,3.11463272407565
"Item7",-1.2976904274579,0.757585030903135
"Item8",1.58681829379285,2.42694088419652
"Item9",-0.610926350190782,0.775854420163051
"Item10",-0.42898850224377,0.953076923212255
"Item11",1.37792498945781,2.06828470410296
"Item12",-1.40538199164329,0.68832927727797
"Item13",1.54882179956698,2.18795380935923
"Item14",-0.889306555775243,0.775437814034599
"Item15",-1.12879598041276,0.823259335252716
"Item16",1.66957303361558,2.39361602118627
"Item17",0.649502008242415,1.50187373965172
"Item18",-0.0121717901821045,1.27050863993265
"Item19",0.998703730403757,1.88243206203527
"Item20",1.42476410588844,2.10340897979564
"Item21",-0.874233814740937,0.827113369257733
"Item22",-0.940663132962527,0.939618360808602
"Item23",1.7456210387718,2.31320301888857
"Item24",-2.02860612797198,0.463896362799692
"Item25",-0.685622843423774,0.974251216671813
"Item26",1.73314245837416,2.39152560007568
"Item27",-1.46173647547346,0.791251248531981
"Item28",-0.54417366315027,0.927975917001916
"Item29",2.1220155705906,2.86257831084054
"Item30",-2.23153839231635,0.529281637573002
