"Items","Difficulty","Discrimination"
"Item1",-0.902219888294047,1.12047671329233
"Item2",0.0895718258029874,0.8783925839793
"Item3",-0.0170502406157137,0.661993133294847
"Item4",-1.48197405140658,1.06367183108245
"Item5",-2.34752734624209,0.867462937993981
"Item6",0.511297154598246,0.918052058720086
"Item7",1.46195690288908,1.18098905442278
"Item8",-0.599407133990704,0.791089854179267
"Item9",-1.75605558213413,0.959804397889665
"Item10",-0.513868026504506,1.14672592636971
"Item11",0.619309242518336,0.749413407662598
"Item12",0.95760756544311,0.996577251518544
"Item13",-0.224872380375366,0.973302535101118
"Item14",-0.727327828687342,1.07048618395931
"Item15",0.194986839820271,1.08279319408298
"Item16",0.85849049192897,1.25909903159009
"Item17",-1.46170919436479,1.25028808183515
"Item18",-1.1952985579783,1.48176414609591
"Item19",-0.612748790340506,1.0772065159348
"Item20",-1.85758119879455,1.0484680504381
"Item21",-0.804702756015188,0.965528553945535
"Item22",0.47594305233771,0.738092699469177
"Item23",0.923548090776512,1.30768104438391
"Item24",-1.44713749752283,0.847568207403304
"Item25",0.764881559911818,0.897567495955416
"Item26",-1.73950961403399,1.06701574254194
"Item27",-1.18321130989619,0.886309059049842
"Item28",-0.7581029146263,1.16399124773927
"Item29",-1.6932910090066,0.903430903843149
"Item30",-2.59497183280372,0.890017163116106
