"Items","Difficulty","Discrimination"
"Item1",-1.46036684634143,0.564441146388809
"Item2",1.11688196792754,1.84996966378607
"Item3",-1.99255597914602,0.604030937548584
"Item4",-1.60539702996089,0.42985096089768
"Item5",-2.40452731073815,0.301689319800816
"Item6",-1.07725383410444,0.82783182698874
"Item7",-1.16772405242358,0.597090807627853
"Item8",-0.156947861484164,1.01599304020304
"Item9",1.05519041992813,1.80318557740044
"Item10",-2.0048002048388,0.644136778149336
"Item11",1.48314061557114,2.11887554910477
"Item12",-0.727025774656109,1.08074169786296
"Item13",-0.277904171136714,1.17042849760766
"Item14",0.852250097044421,1.72688410329432
"Item15",1.24662951566138,1.99371204348979
"Item16",0.244943778881993,1.35988670873404
"Item17",2.03915397888685,2.79597399715883
"Item18",1.4738642315371,2.3020667101796
"Item19",0.364765001916303,1.20282548630149
"Item20",0.115166710699247,1.27916508921805
"Item21",0.0423287380560301,1.15039332065202
"Item22",1.20672252278888,1.82080534072298
"Item23",2.65309819884846,3.5813493882004
"Item24",-1.92062585053393,0.718182173131322
"Item25",1.72005531715048,2.26805400404826
"Item26",1.86179420214786,2.68632946589373
"Item27",-0.570579558217159,0.845030505465792
"Item28",-1.0624866382865,0.934069250907028
"Item29",-1.17467827157768,0.652573693421222
"Item30",1.93959547832979,2.5708153705681
