"Items","Difficulty","Discrimination"
"Item1",1.15818333013575,1.92722918485974
"Item2",-1.19915719078371,0.607510568043852
"Item3",0.692047644455395,1.57300778611281
"Item4",1.79529199566998,2.42561004391341
"Item5",1.59414533658089,2.26331117430744
"Item6",1.46162704326627,2.13333523814528
"Item7",2.09713468791457,2.7309239537128
"Item8",-0.200327257056732,1.16962818675402
"Item9",1.74990490528948,2.20996376589244
"Item10",1.24442817703278,1.9228887191425
"Item11",0.297275748990527,1.28124381561435
"Item12",-0.698660966401847,0.954387147122873
"Item13",1.82711715301325,2.49836728065991
"Item14",-0.409372605706659,1.04917732931957
"Item15",1.78241565839038,2.34776616539668
"Item16",2.00692418244032,2.67134090579098
"Item17",0.316398286988136,1.28545293158206
"Item18",-0.0145322120005879,1.18612320862047
"Item19",-0.415386963571396,0.977610611847648
"Item20",-1.18783064846108,0.831290118229804
"Item21",1.29268159794178,2.0808033032159
"Item22",-2.3688346846158,0.287751077144633
"Item23",-0.493839119731807,0.967481083281427
"Item24",-0.323407831495931,1.02867642147602
"Item25",1.24948220234009,2.00727424638683
"Item26",-0.410149256476523,1.11628246833584
"Item27",2.27034717793708,2.90993784045744
"Item28",1.82864420669931,2.5265632938177
"Item29",-0.232565115128191,1.11061474707866
"Item30",0.333700598028902,1.36879785733643
