"Items","Difficulty","Discrimination"
"Item1",0.472782013224168,0.745654753134538
"Item2",0.29248225734754,0.785549406518294
"Item3",0.134738441469345,0.894963275616373
"Item4",-1.72626553492144,0.736039586559645
"Item5",-0.612722698059061,1.11615927787463
"Item6",-1.88365495931698,1.10200234251087
"Item7",1.62482046373534,2.84285850985858
"Item8",0.977939458963002,0.936424907660245
"Item9",0.271171654719393,0.646185778119674
"Item10",-2.03325805861058,0.756952627033367
"Item11",0.220224397925221,1.07447493146212
"Item12",0.290136379750766,0.8219108060114
"Item13",0.209094233998387,0.966250611146125
"Item14",1.72867649086411,2.11429554656495
"Item15",-1.27327236911545,0.87343442956897
"Item16",0.827593679436575,1.27383292790295
"Item17",0.565890873919858,0.810212259630982
"Item18",1.78431586066262,2.01952761779893
"Item19",-1.16161612364246,1.0488313888921
"Item20",1.49074650551637,0.951225805052402
"Item21",-1.16388898707819,0.913939818235301
"Item22",1.59864693688423,2.26837565573807
"Item23",0.735257659976747,0.852661036375709
"Item24",-0.568290518946288,1.09356191555772
"Item25",1.2853821211927,1.10476499292049
"Item26",-0.615640682859482,1.46841458065723
"Item27",0.510752508973505,1.3339731855189
"Item28",1.22483131263371,1.15729482944858
"Item29",1.95204587456738,2.723233575523
"Item30",1.49448776367915,1.12813528912466
