"Items","Difficulty","Discrimination"
"Item1",-2.03091900910945,0.91878716014746
"Item2",1.65311048886553,2.86129470374521
"Item3",-1.72652305407891,1.04239433479373
"Item4",0.106410899563327,0.896593470309707
"Item5",1.19457123393218,0.804809089816435
"Item6",0.769852535796884,0.741236168739508
"Item7",-0.691608622259445,0.910566433026384
"Item8",1.84159843687651,3.19338766963035
"Item9",-0.602106604065199,0.910661974326365
"Item10",2.34199357608822,1.92113156089679
"Item11",0.0978784417509043,0.785610242664109
"Item12",-1.25286489473544,0.936562721631316
"Item13",0.729793752468244,0.701008084168684
"Item14",0.153052858523066,0.814014554084427
"Item15",-1.35303326436582,1.24567343475974
"Item16",0.17154218246482,0.93899598272689
"Item17",-2.2353086399916,1.07567245893962
"Item18",1.42696300688038,1.12804385481257
"Item19",-0.61200880565057,1.0567104143606
"Item20",-1.19008774619527,1.08386474599644
"Item21",-1.52940298617591,0.865929194245278
"Item22",-0.190129400701677,1.04386368814564
"Item23",0.13206722511849,0.759235325213473
"Item24",1.76569621887845,1.86297838473858
"Item25",-0.41034913902893,1.10299078751159
"Item26",-1.8122321548645,0.816270307402935
"Item27",-1.73524551352846,0.952507522457398
"Item28",1.47119295680692,1.01284253423995
"Item29",-1.3524406057411,0.744354513890557
"Item30",-2.10777573680868,1.1309342021317
