"Items","Difficulty","Discrimination"
"Item1",1.84146115530926,2.36855041015746
"Item2",0.411723941428539,1.023738519739
"Item3",-1.87907570426167,1.23596342665864
"Item4",-1.51476310750155,0.60253667825883
"Item5",0.172173186360628,1.66534011173104
"Item6",1.36704418000347,2.10448291181773
"Item7",-1.20501816575248,0.600422662303826
"Item8",-0.67977031473088,0.942104858605967
"Item9",-1.18462346130833,0.825630662301001
"Item10",-0.621200915344736,1.21542497472134
"Item11",-0.522695575035785,0.793045252508431
"Item12",-1.79040358925277,0.943437003564434
"Item13",0.0953426216965784,1.37275055262693
"Item14",-0.342479100623945,0.666002572076585
"Item15",0.246742513660313,0.719133813429251
"Item16",-1.34568829988802,0.538351964004344
"Item17",1.23842032443067,2.13915129518096
"Item18",-0.594953264718949,1.01700110107679
"Item19",-0.433471681610003,0.922174541898886
"Item20",1.28513092999941,2.30201316827003
"Item21",-0.0830135690286244,1.44286421058988
"Item22",-1.54397847794724,0.673627740166205
"Item23",-0.900105129913614,0.595954399200237
"Item24",-0.555257643515124,0.993380383936112
"Item25",-1.7362806236514,0.675058362804632
"Item26",-1.65837685230235,0.377041883047396
"Item27",1.25651636433608,1.94724156571445
"Item28",1.40503191226725,2.23575947101527
"Item29",1.42217211669103,2.12194967516564
"Item30",2.22217074254784,2.79207288693353
