"Items","Difficulty","Discrimination"
"Item1",2.14096460440793,-0.455517049101314
"Item2",1.45677581553238,-0.00173098202839848
"Item3",-1.20314731993405,2.39477735238982
"Item4",-1.24748298324122,2.74121274763748
"Item5",1.1219866448127,0.276253463977939
"Item6",0.533168536396744,0.789620913638194
"Item7",-1.69990058927649,3.11678222253533
"Item8",-0.941202209771037,2.25262625667183
"Item9",1.32563031628772,0.303416793350585
"Item10",-0.264017979816326,1.73712213004399
"Item11",-0.550642726081685,1.74831651631427
"Item12",-2.29726473128503,3.92810970409536
"Item13",0.202343310218858,1.10546777984685
"Item14",-2.16928490297082,3.74829236856606
"Item15",-1.62417666944311,2.80181723637769
"Item16",1.37362293461227,0.20583837834216
"Item17",-0.120532653039609,1.74892398949302
"Item18",1.85536385273215,-0.389657814430817
"Item19",2.14151620257655,-0.719769335253847
"Item20",-1.70666236772678,3.27775122830499
"Item21",-0.95579411772946,2.5162199146362
"Item22",-1.0467524010435,2.66486655940312
"Item23",0.0399753238054033,1.63953452186496
"Item24",-1.39063026644322,3.03132338870055
"Item25",0.860603696071342,0.824911584664699
"Item26",0.329356786527585,1.19469321164998
"Item27",0.0757466507707251,1.24386838620938
"Item28",-0.678633089519533,2.20226949082569
"Item29",0.181707286442742,1.40525851357593
"Item30",0.994592382483559,0.434600953184566
"Item31",0.302213104733631,0.875166842741297
"Item32",1.10523278012201,0.569576296871213
"Item33",2.11179678135919,-0.806543696252261
"Item34",-1.53880061899098,2.9934584769993
"Item35",-0.368279600783487,2.01173444181804
"Item36",-0.589778804541551,2.12579191767774
"Item37",-0.159941274411337,1.71984357932186
"Item38",-1.1447044989314,2.62198187629975
"Item39",2.29207520524802,-0.925043747715873
"Item40",0.927320732559786,0.983285192123453
