"Items","Difficulty","Discrimination"
"Item1",-0.12805633660379,1.51043214036436
"Item2",-0.958607312334342,2.28061005705538
"Item3",-0.903115054389424,2.50426806431194
"Item4",-1.40270459329672,2.97608352686954
"Item5",0.277744159663068,1.2088593259626
"Item6",-1.97855370965957,3.67986233905957
"Item7",-2.01818950312685,3.35155191760689
"Item8",-0.390839243175674,1.82889827993256
"Item9",0.825668736719272,0.831815169051067
"Item10",0.170166830778271,1.42141906773158
"Item11",2.00048321802775,-0.697068747419605
"Item12",-1.84687949635939,3.53051210330284
"Item13",-1.23025085544782,2.59061041140486
"Item14",-1.07107196273953,2.49947355223461
"Item15",1.96178001935613,-0.337801220917559
"Item16",-1.16209589476242,2.6101966146181
"Item17",-1.8294993906779,3.21523239719996
"Item18",1.71944176590349,-0.335316805518327
"Item19",0.647264572945504,0.86850480248792
"Item20",-1.21500492650823,2.76662654878322
"Item21",0.895534171642889,0.483593486814065
"Item22",2.37741216981061,-0.779654576018128
"Item23",-0.779671937397942,2.13021036113506
"Item24",-0.566528372144069,2.17579119596455
"Item25",0.956832155657228,0.539871334320547
"Item26",1.27585018257293,0.276495739880466
"Item27",0.723357052105224,0.821721530757941
"Item28",-0.63955179516946,2.04576252800005
"Item29",1.45199862574224,-0.145871985047346
"Item30",-1.35327941999623,2.84740131452116
"Item31",0.66086151053162,0.552779731560198
"Item32",-1.15173940632997,2.48735306939025
"Item33",2.23127615475294,-0.636845742902475
"Item34",0.91160895908148,0.355695203783306
"Item35",0.250253202108956,1.44726116669015
"Item36",-0.39137947724599,1.9165057232217
"Item37",0.24442154328317,1.33416897977092
"Item38",-0.825866436635121,2.12172212180304
"Item39",0.0965761945437515,1.59997879516883
"Item40",-0.591482664367245,2.01828144351746
