"Items","Difficulty","Discrimination"
"Item1",0.371453067350662,1.13093156285866
"Item2",1.32073421304563,-0.0881894448601447
"Item3",2.44012827129299,-1.02234005998993
"Item4",-0.569867246526548,2.02840369005146
"Item5",-1.58409033128974,3.1886902125385
"Item6",0.875344455949402,0.677432889061682
"Item7",-1.2138492839793,2.74336400993768
"Item8",1.94164981724436,-0.175705583149371
"Item9",0.451770595064953,0.831173632289238
"Item10",-1.90955266120954,3.44847988047577
"Item11",-1.53507170456446,2.87427195413736
"Item12",1.41969860988912,-0.201386383767662
"Item13",0.21906381546414,1.40176030207571
"Item14",1.18632008780645,0.460771943118757
"Item15",-0.790687423169956,2.48085381192138
"Item16",0.730961009795187,0.835203436100904
"Item17",-1.80472368526145,3.46021447462011
"Item18",1.43225669080579,0.256228239288294
"Item19",-0.560287779032807,1.66288738997544
"Item20",-1.74097079735386,3.20942291183024
"Item21",-2.2618432196169,3.76183180554658
"Item22",-0.238013020943492,1.72503511482601
"Item23",-1.21307966401935,2.82375643435236
"Item24",1.36775277618827,0.174328964965783
"Item25",2.28887546045057,-0.874406648168455
"Item26",-0.82670110723688,2.45633392555605
"Item27",-1.53045951955082,2.98881875465964
"Item28",0.662008162117257,0.666263552247415
"Item29",-1.33694289966355,2.99109743494196
"Item30",1.29410306934433,0.347803279153334
"Item31",-0.77717395675832,2.06670307608154
"Item32",-0.146581665848624,1.50451834539633
"Item33",0.775776076657449,0.722213469802183
"Item34",-1.56520172464492,2.815502734368
"Item35",0.958980411941824,0.487100332953939
"Item36",1.05850447398137,0.444182395295797
"Item37",1.53275839502511,-0.13634188962667
"Item38",1.53171324503106,-0.171349482177841
"Item39",1.95514207307199,-0.341303147836279
"Item40",-0.000249858829318822,1.46068293519292
