"ID","Theta","Item1","Item2","Item3","Item4","Item5","Item6","Item7","Item8","Item9","Item10","Item11","Item12","Item13","Item14","Item15"
1,-0.412690618407997,0,0,1,0,1,1,1,1,1,1,1,0,0,0,1
2,0.13736230808308,0,0,1,0,1,0,1,0,1,1,1,0,0,0,1
3,0.00957688923945634,1,0,1,1,1,0,1,0,0,1,1,0,1,0,1
4,0.778480679474403,1,0,1,0,1,0,1,1,1,1,1,0,1,0,1
5,-0.306460656161633,0,0,1,0,1,0,1,0,1,1,0,0,0,0,1
6,0.20133703092516,1,0,1,0,1,1,1,0,1,1,0,0,0,0,1
7,-0.0429067473579133,0,0,1,0,1,0,1,0,0,1,1,0,0,0,1
8,0.586728609792478,1,0,1,0,1,0,1,1,1,1,1,0,0,0,1
9,0.0507715353573677,1,0,1,0,1,0,1,0,0,1,1,0,0,0,1
10,-0.182794974280727,1,0,1,0,1,1,1,0,0,1,1,0,0,0,0
11,1.49743115094206,0,1,1,0,1,1,1,1,1,1,0,1,0,1,1
12,0.44084713763042,1,0,1,0,1,0,1,1,1,1,0,0,0,0,1
13,-0.763884474162329,0,0,1,0,0,0,1,0,0,1,1,0,0,0,0
14,-0.377654832284904,0,0,1,0,1,1,1,0,0,1,1,1,0,1,0
15,-0.784777363427909,0,0,1,0,1,0,1,0,0,1,0,0,0,0,0
16,-1.15927631122295,1,0,1,0,1,0,1,0,0,1,1,0,0,0,0
17,-0.311623416256105,1,0,1,0,1,0,1,0,0,1,1,0,0,0,0
18,0.803151249960536,0,0,1,0,1,1,1,1,1,1,1,0,0,0,1
19,-1.17818877083936,1,0,1,0,0,0,0,0,0,0,1,0,0,0,1
20,-2.40337258681302,1,0,1,0,1,0,0,0,0,0,1,0,0,0,0
21,-0.119534167839458,1,0,1,0,1,0,1,0,1,1,0,0,0,1,0
22,-0.915427014609726,1,0,1,0,1,0,1,0,0,1,0,0,0,0,0
23,0.260272918141218,0,0,1,0,1,0,1,0,1,1,0,0,0,0,1
24,-1.20164706435448,1,0,1,0,1,1,1,0,1,1,0,0,0,0,0
25,1.11909593937632,0,1,1,0,1,0,1,1,0,1,1,1,1,0,1
26,1.00684470015166,1,0,1,0,1,1,1,1,1,1,1,0,0,0,1
27,0.599301210893435,1,0,1,1,1,0,1,1,0,1,1,0,1,0,1
28,0.0896717885317898,1,0,1,0,1,0,1,0,0,1,1,0,0,0,0
29,0.0596405797547843,1,0,1,0,1,1,1,0,1,1,1,0,0,0,0
30,2.36044906402587,0,0,1,1,1,0,1,1,1,1,1,1,1,1,1
31,1.63774594999878,1,1,1,1,1,1,1,1,1,1,1,1,1,0,1
32,-1.23785399784691,0,0,1,0,1,0,1,0,0,1,0,0,0,0,0
33,-0.232311345409369,0,0,1,0,1,0,1,0,0,1,1,0,0,0,0
34,0.618329661532865,1,0,1,0,1,0,1,1,0,1,1,0,0,0,1
35,0.991425041932002,0,0,1,0,1,1,1,1,1,1,1,1,1,1,1
36,-1.82707764235707,1,0,1,0,1,0,0,0,0,0,0,0,0,0,0
37,0.0974908365088814,0,0,1,0,1,0,1,0,0,1,1,0,0,1,1
38,-1.03706186470379,0,0,1,0,1,0,1,0,0,1,1,0,0,0,0
39,0.353082785854928,1,0,1,0,1,0,1,0,1,1,0,0,0,0,0
40,-0.440177248565781,0,0,1,0,1,0,1,0,0,1,1,0,0,0,1
41,0.92803572760628,0,0,1,0,1,1,1,1,1,1,1,0,0,1,1
42,0.0740178118779203,1,0,1,0,1,0,1,0,1,1,1,0,0,0,1
43,-0.813630892747166,0,0,1,0,1,0,1,0,0,1,1,0,0,0,0
44,1.46527584445069,1,0,1,0,1,1,1,1,1,1,1,1,0,1,1
45,-0.908754291663294,0,0,1,0,1,1,1,0,1,1,1,0,0,0,0
46,0.791933228365938,0,0,1,0,1,0,1,1,1,1,1,0,0,0,1
47,1.50591379180118,1,0,1,1,1,0,1,1,1,1,1,0,0,1,1
48,0.998481063402729,1,0,1,1,1,0,1,1,1,1,1,1,0,1,1
49,-0.745579334334381,1,0,1,0,1,1,1,0,0,1,1,0,0,0,0
50,2.0890381251335,1,0,1,1,1,0,1,1,1,1,1,1,1,1,1
51,1.47215430140197,0,0,1,1,1,1,1,1,1,1,0,1,0,0,1
52,-0.739095033174039,0,0,1,0,1,0,1,0,0,1,0,0,0,0,1
53,-0.194903495420876,0,0,1,0,1,1,1,0,0,1,1,0,0,1,1
54,-0.137406796515826,1,0,1,0,1,1,1,0,0,1,1,0,0,0,0
55,-0.0320997983914573,0,0,1,0,1,0,1,0,0,1,0,0,0,0,0
56,-0.256309930315593,1,0,1,0,1,0,1,0,0,1,1,0,0,0,1
57,0.77832765725472,0,0,1,0,1,1,1,1,0,1,0,0,0,1,1
58,-2.02583425879634,0,0,1,0,0,0,0,0,0,0,1,0,0,1,0
59,-0.16432195119403,1,0,1,0,1,1,1,0,1,1,1,1,0,1,1
60,-2.69505792846013,1,0,0,0,0,0,0,0,0,0,1,0,0,0,0
61,-0.889290297579943,1,0,1,0,1,0,1,0,0,1,0,0,0,0,1
62,1.80340824238334,0,1,1,1,1,1,1,1,1,1,1,1,1,1,1
63,0.375191435553514,0,0,1,0,1,0,1,0,1,1,1,0,0,1,0
64,-0.47301000489349,0,0,1,0,1,1,1,0,0,1,1,0,0,1,0
65,-0.0134739931423219,1,0,1,0,1,1,1,0,1,1,1,0,0,0,1
66,2.10705609900024,1,1,1,1,1,1,1,1,1,1,1,1,1,0,1
67,-0.443492605244869,1,0,1,0,0,1,1,0,0,1,1,0,0,1,1
68,-0.560025387512574,0,0,1,0,1,0,1,0,0,1,1,0,0,1,0
69,-0.432185619270175,1,0,1,0,1,1,1,0,0,1,1,0,0,1,0
70,0.126432573028104,1,0,1,0,1,0,1,0,0,1,1,0,0,1,1
71,-1.27537686112845,0,0,1,0,1,0,1,0,0,0,0,0,0,0,0
72,-0.195736407823199,0,0,1,0,1,0,1,0,0,1,1,0,0,0,1
73,-0.0192236433209768,0,0,1,0,1,0,1,0,0,1,1,0,0,0,1
74,0.836166830705029,0,1,1,0,1,0,1,0,0,1,1,0,0,0,1
75,-1.63899535016763,0,0,1,0,0,0,1,0,0,0,0,0,0,0,0
76,0.265844581282567,1,0,1,0,1,0,1,0,1,1,0,0,0,0,0
77,-0.568124030901103,1,0,1,0,1,1,1,0,0,1,1,0,0,0,0
78,0.107957569615688,1,0,1,0,1,1,1,0,1,1,0,0,0,0,1
79,0.90373969562163,1,0,1,0,1,0,1,1,1,1,0,1,1,0,1
80,-0.407208444832455,1,0,1,0,1,1,1,0,0,1,1,1,0,0,1
81,-1.79848618810905,1,0,1,0,1,1,1,0,0,0,0,0,0,1,0
82,1.36840786589055,0,0,1,0,1,1,1,1,0,1,0,1,0,1,1
83,1.21968932773841,1,0,1,0,1,0,1,1,1,1,1,1,0,1,1
84,0.0428698158311393,1,0,1,0,1,0,1,1,0,1,1,0,0,1,1
85,-0.0305594700511093,1,0,1,0,1,0,1,0,0,1,1,0,0,0,1
86,0.64922951732837,1,0,1,0,1,0,1,0,1,1,1,0,0,1,1
87,-0.833144374454675,1,0,1,0,1,1,1,0,0,1,0,0,0,0,0
88,0.742231720192042,0,0,1,0,1,0,1,1,0,1,1,0,0,0,1
89,0.414639032182855,0,0,1,0,1,0,1,1,1,1,1,0,0,1,1
90,1.43568311797888,0,0,1,1,1,1,1,1,1,1,0,0,0,1,1
91,-0.21966627124597,1,0,1,0,1,1,1,0,0,1,1,0,0,0,1
92,0.0665786754070937,1,0,1,0,1,1,1,0,0,1,0,0,0,0,1
93,1.06924668719455,1,0,1,0,1,1,1,0,1,1,0,1,1,1,1
94,-0.499298944354567,1,0,1,0,1,0,1,0,1,1,1,0,0,0,1
95,0.225815498706729,0,0,1,0,1,0,1,1,1,1,0,0,0,1,1
96,1.04398017593557,1,0,1,0,1,1,1,1,1,1,1,0,0,1,1
97,0.969341664949023,1,1,1,0,1,1,1,1,1,1,1,0,0,0,0
98,-0.25698654434664,0,0,1,0,1,0,1,0,0,1,0,0,0,0,0
99,-0.00675868099174206,1,0,1,0,1,0,1,0,1,1,1,0,0,1,0
100,0.637427621027925,1,0,1,0,1,0,1,1,0,1,0,0,0,0,1
101,0.136787686600622,1,0,1,0,1,0,1,0,1,1,1,0,0,0,1
102,1.32334076250811,1,0,1,1,1,0,1,1,0,1,0,1,1,1,1
103,0.70315045939388,0,0,1,0,1,1,1,1,1,1,1,1,0,0,1
104,-0.92572357299018,0,0,1,0,1,1,1,0,0,1,1,0,0,0,0
105,-1.15793790793928,0,0,1,0,1,0,1,0,1,1,1,0,0,0,0
106,-0.111373981517616,0,0,1,0,1,0,1,0,1,1,1,0,0,0,1
107,1.17274547477387,1,0,1,0,1,1,1,1,1,1,1,1,0,1,1
108,0.113360776135415,1,0,1,0,1,0,1,1,0,1,1,0,0,0,1
109,-0.427054440871106,1,0,1,0,1,0,1,0,0,1,1,0,0,1,0
110,-0.614382945540541,0,0,1,0,1,0,1,0,0,1,1,0,0,0,0
111,-1.72452155087663,0,0,0,0,1,0,1,0,0,0,0,0,0,0,0
112,-0.27960644812475,0,0,1,0,0,1,1,0,0,0,1,0,0,1,0
113,-0.429932418941794,0,0,1,0,1,0,1,0,0,1,1,0,0,0,0
114,-1.96971629240509,1,0,0,0,0,0,1,0,0,0,0,0,0,0,0
115,-1.15856510551727,0,0,1,0,1,0,1,0,0,1,0,0,0,0,1
116,0.646234817330861,1,0,1,0,1,0,1,0,0,1,0,1,0,0,1
117,-0.722381859471338,1,0,1,0,1,0,1,0,0,1,1,0,0,0,0
118,-1.82857523327614,0,0,1,0,0,0,1,0,0,0,1,0,0,0,0
119,-0.132011591970552,1,0,1,0,1,0,1,0,0,1,1,0,0,0,0
120,-1.59896117593665,0,0,1,0,1,0,1,0,1,0,1,0,0,0,0
121,-0.372268109101803,1,0,1,0,1,0,1,1,0,1,0,1,0,0,0
122,2.20079124209619,1,0,1,1,1,1,1,1,1,1,0,1,1,1,1
123,1.13796452808716,1,0,1,1,1,1,1,1,0,1,1,0,1,1,1
124,-0.719694612124225,1,0,1,0,0,0,1,0,0,1,1,0,0,0,0
125,0.760188644218441,1,0,1,1,1,1,1,1,0,1,1,1,0,1,1
126,-0.208463301918651,1,0,1,0,1,0,1,0,0,1,0,0,0,0,0
127,0.847302034652226,1,0,1,1,1,0,1,1,0,1,1,1,0,1,1
128,0.381119568159375,1,0,1,1,1,1,1,0,0,1,1,1,0,0,1
129,0.40937025393806,0,0,1,0,1,0,1,1,0,1,1,0,0,0,1
130,1.19113641604063,0,0,1,0,1,0,1,1,1,1,1,1,0,1,1
131,-0.316557270313841,0,0,1,0,1,0,1,0,0,1,0,0,0,0,1
132,0.193039344364922,0,0,1,0,1,0,1,0,1,1,0,0,0,1,1
133,0.936186137422973,0,1,1,0,1,1,1,1,1,1,1,1,1,0,1
134,0.990893732919503,1,0,1,0,1,1,1,1,1,1,1,0,0,1,1
135,-1.11337482777125,1,0,1,0,1,0,1,0,1,1,1,0,0,0,0
136,-1.03761864519415,1,0,1,0,1,0,1,0,0,1,0,0,0,1,0
137,0.353428839260514,1,0,1,0,1,0,1,0,0,1,0,0,1,0,1
138,0.134364101384337,0,0,1,0,1,0,1,0,1,1,1,0,0,0,0
139,0.224816562137681,0,0,1,0,1,0,1,1,1,1,1,0,0,0,1
140,0.0483327323326144,1,0,1,0,1,1,1,0,0,1,1,0,0,0,1
141,-0.671595443126049,0,0,1,0,1,1,1,0,0,1,1,0,0,0,0
142,-0.774451422844966,1,0,1,0,1,0,1,0,1,1,0,0,0,0,0
143,0.0584931413204502,1,0,1,0,1,0,1,0,0,1,0,0,0,0,0
144,0.457915211290498,1,0,1,0,1,1,1,0,1,1,1,0,0,1,1
145,-1.32317599522814,0,0,1,0,0,0,1,0,0,0,1,0,0,0,0
146,-0.106220847242328,1,0,1,0,1,1,1,0,0,1,1,0,0,0,1
147,-1.00382324028237,0,0,1,0,0,1,1,0,0,1,0,0,0,0,0
148,1.05611435761517,1,0,1,1,1,0,1,1,1,1,0,1,1,0,1
149,0.958278027024629,0,0,1,0,1,1,1,1,1,1,1,1,0,0,1
150,-0.491027957537963,1,0,1,0,0,0,1,0,0,1,0,0,0,0,0
151,0.147975172320174,1,0,1,0,1,0,1,0,0,1,1,0,0,0,1
152,1.2149028776426,0,0,1,0,1,0,1,1,1,1,1,1,0,0,1
153,0.859743724631583,0,0,1,0,1,0,1,1,0,1,1,1,0,0,1
154,0.119166862888135,1,0,1,0,1,0,1,0,0,1,1,0,0,0,1
155,0.243943418971348,1,0,1,0,1,0,1,0,0,1,1,0,1,0,1
156,0.76774580412765,1,0,1,0,1,0,1,1,1,1,1,0,0,0,1
157,-0.249001031272493,0,0,1,0,1,0,1,0,0,1,0,0,0,0,0
158,-1.53926621080666,0,0,1,0,0,0,0,0,0,0,1,0,0,0,0
159,-0.477917205180389,0,0,1,0,1,0,1,0,1,1,0,0,0,0,0
160,-0.865645052483747,0,0,1,0,1,0,1,0,1,1,1,0,0,0,0
161,1.32687040942071,1,0,1,0,1,1,1,1,1,1,1,1,0,0,1
162,-0.333353830553866,1,0,1,0,1,0,1,0,1,1,1,0,0,0,1
163,-1.9460470537691,0,0,1,0,1,0,1,0,0,0,0,0,0,0,0
164,-0.116173145190391,1,0,1,0,1,0,1,0,1,1,0,0,0,1,0
165,-0.969393063492772,0,0,1,0,1,0,1,0,0,1,0,0,0,0,0
166,-2.00614615480167,1,0,1,0,1,0,1,0,0,0,0,0,0,0,0
167,0.0408413282440338,1,0,1,0,1,0,1,0,0,1,1,0,0,1,0
168,0.901458205131799,1,0,1,0,1,0,1,1,1,1,1,0,0,0,1
169,-1.46314673970005,0,0,1,0,1,0,0,0,0,0,1,0,0,0,0
170,0.417918720105976,1,0,1,0,1,1,1,0,1,1,0,0,0,0,1
171,-1.1893139841226,1,0,1,0,1,0,1,0,1,1,1,0,0,0,0
172,0.865587888266714,1,0,1,0,1,1,1,1,1,1,1,0,0,0,1
173,0.0686796601671421,1,0,1,0,1,0,1,0,0,1,1,0,1,0,1
174,0.131758027306413,1,0,1,0,1,0,1,0,1,1,1,1,0,1,0
175,0.782571479954784,1,0,1,0,1,0,1,1,1,1,1,0,0,0,1
176,0.905157057411636,1,0,1,0,1,0,1,1,0,1,1,0,0,1,1
177,1.74866495866357,1,1,1,0,1,0,1,1,1,1,1,1,1,1,1
178,-0.683583786807972,0,0,1,0,1,0,1,0,0,0,1,0,0,1,1
179,0.251717711354507,1,0,1,0,1,1,1,1,0,1,1,0,0,0,1
180,0.746541517777117,0,0,1,1,1,1,1,1,1,1,1,0,1,1,1
181,-0.730005395355435,1,0,1,0,1,1,1,0,1,1,1,0,0,0,0
182,-0.846427618703988,0,0,1,0,1,0,1,0,0,1,1,0,0,0,0
183,-2.11078781822911,0,0,1,0,1,0,0,0,0,0,1,0,0,1,0
184,-0.265930553112997,1,0,1,0,1,0,1,0,0,1,1,0,0,0,0
185,-0.0945243152344251,1,0,1,0,1,1,1,0,0,1,0,0,0,1,0
186,-1.60490349837888,0,0,1,0,0,0,1,0,0,0,0,0,0,0,0
187,1.20663901305833,0,0,1,0,1,1,1,1,1,1,1,1,1,0,1
188,-1.08501066122803,0,0,1,0,1,0,0,0,1,1,1,0,0,0,1
189,0.0464659721287255,0,0,1,0,1,1,1,1,0,1,1,0,0,0,1
190,-0.275893640100704,1,0,1,0,1,0,1,0,0,1,1,0,0,0,0
191,0.29693984541214,0,0,1,0,1,1,1,0,0,1,1,0,0,0,0
192,-0.0255655135853434,0,0,1,0,1,0,1,0,0,1,1,1,0,1,1
193,-0.355400709778821,1,0,1,0,1,0,1,0,0,1,1,0,0,0,1
194,1.02481598236535,1,0,1,1,1,0,1,1,1,1,1,0,1,0,1
195,0.00900313731850814,1,0,1,0,1,0,1,0,0,1,1,0,1,0,1
196,-0.35079746126628,1,0,1,0,1,0,1,0,0,1,1,0,0,0,1
197,-1.16374667298983,1,0,1,0,1,0,1,0,0,1,0,0,0,0,0
198,-1.05719352111569,0,0,1,0,1,0,0,0,1,1,0,0,0,0,0
199,0.232943330837573,0,0,1,0,1,0,1,0,1,1,0,0,0,0,1
200,-0.437900977187584,0,0,1,0,1,1,1,0,1,1,1,0,0,1,0
201,-0.285011288891915,1,0,1,0,1,0,1,0,1,1,0,0,0,0,1
202,-1.78784336586005,1,0,1,0,1,0,1,0,0,0,0,0,0,0,0
203,1.435068030438,0,0,1,1,1,1,1,1,1,1,1,1,0,0,1
204,0.440130679924087,1,0,1,0,1,0,1,1,1,1,0,0,0,1,1
205,0.962136200135523,1,0,1,0,1,1,1,1,1,1,1,1,0,1,1
206,0.835916457761846,0,0,1,1,1,1,1,1,1,1,1,0,0,0,1
207,-0.124860193663025,0,0,1,0,1,0,1,0,1,1,1,0,0,1,1
208,-0.35265308946952,1,0,1,0,1,0,1,0,0,1,1,0,0,0,1
209,-0.147686515383692,1,0,1,0,1,0,1,0,0,1,0,0,0,0,0
210,0.889832342771209,1,0,1,1,1,1,1,1,0,1,1,0,0,1,1
211,2.69804145053536,1,1,1,1,1,1,1,1,1,1,1,1,1,1,1
212,0.134069532391979,1,0,1,0,1,0,1,0,1,1,1,1,0,0,0
213,0.531648903573569,1,0,1,0,1,1,1,0,0,1,1,0,0,1,1
214,0.0205995257518453,1,0,1,0,1,0,1,1,1,1,1,0,0,0,1
215,0.8512168436607,0,0,1,0,1,1,1,0,1,1,0,1,1,0,1
216,0.863651359663857,0,0,1,0,1,0,1,1,1,1,1,0,0,1,1
217,-0.903802401930329,1,0,1,0,1,1,1,0,0,1,1,0,0,0,0
218,0.598523257427999,0,0,1,0,1,1,1,1,1,1,1,0,0,0,1
219,-0.0992965663718226,1,0,1,0,1,0,1,0,0,1,0,0,0,1,1
220,-0.634352982237711,0,0,1,0,1,0,1,0,1,1,0,0,0,0,1
221,-1.33330978949965,1,0,1,0,1,1,1,0,0,0,1,0,0,0,0
222,0.568847366300322,0,0,1,0,1,0,1,0,1,1,0,0,0,1,1
223,1.6041487123288,0,0,1,1,1,1,1,1,1,1,1,1,1,1,1
224,0.528227995755987,0,0,1,0,1,0,1,0,0,1,0,0,0,1,1
225,0.384097587552464,0,0,1,0,1,0,1,1,1,1,1,0,0,0,1
226,-0.330536022992175,0,0,1,0,1,0,1,0,0,1,1,0,0,0,1
227,0.316294489170851,1,0,1,0,1,0,1,0,0,1,1,0,0,0,1
228,-0.677330162382573,0,0,1,0,1,0,1,0,1,1,1,0,0,0,1
229,-0.495765096825928,0,0,1,0,1,1,1,0,0,1,0,0,0,0,0
230,1.54756300072295,0,0,1,0,1,1,1,1,0,1,1,1,0,0,1
231,0.134074656254537,1,0,1,0,1,0,1,0,0,1,1,0,0,0,1
232,-1.54863611509149,0,0,0,0,1,0,1,0,0,0,0,0,0,0,0
233,-0.814429982207961,0,0,1,0,1,0,1,0,0,1,1,0,0,0,0
234,-2.47059475988159,0,0,0,0,0,0,0,0,0,0,1,0,0,1,0
235,-0.549192335699244,0,0,1,0,1,1,1,0,1,1,0,0,0,0,0
236,0.129607486613298,1,0,1,0,1,0,1,0,0,1,1,0,0,0,1
237,-2.25318698886862,0,0,0,0,0,0,0,0,0,0,0,0,0,0,0
238,-0.0067541944914802,1,0,1,0,1,1,1,0,1,1,1,0,0,1,1
239,-0.345496113327048,0,0,1,0,1,1,1,0,0,1,1,0,0,0,1
240,-0.279721186624423,1,0,1,0,1,0,1,0,1,1,1,0,0,0,1
241,0.486277517341558,1,0,1,0,1,0,1,1,0,1,1,0,0,0,1
242,-0.126511726984165,0,0,1,0,1,1,1,0,0,1,1,0,0,0,1
243,0.650118157111366,1,0,1,0,1,0,1,0,0,1,1,0,0,1,1
244,-0.353040973113369,1,0,1,0,1,1,1,0,0,1,1,0,0,0,0
245,1.47645209176805,1,0,1,1,1,1,1,1,1,1,1,1,0,1,1
246,-2.13635107275772,1,0,1,0,0,0,0,0,0,0,1,0,0,0,0
247,0.420428118987927,1,0,1,0,1,0,1,0,0,1,1,0,0,0,1
248,-0.251423014683498,1,0,1,0,1,0,1,1,0,1,1,0,0,1,0
249,-1.09818615671752,0,0,1,0,1,0,1,0,1,1,0,0,0,1,0
250,1.76011605000405,0,0,1,1,1,1,1,1,1,1,0,1,1,1,1
251,0.0528458290073262,1,0,1,0,1,0,1,0,0,1,0,0,0,0,0
252,1.81603412639275,1,1,1,0,1,0,1,1,1,1,1,1,0,0,1
253,-0.702735573880995,0,0,1,0,1,0,1,0,1,1,0,0,0,1,0
254,1.07451515615744,0,0,1,0,1,1,1,0,0,1,0,0,1,1,1
255,-1.12731438717529,1,0,1,0,1,0,1,0,0,1,0,0,0,0,0
256,-0.219703547326376,1,0,1,0,1,0,1,0,1,1,0,0,0,0,1
257,0.134616413626562,0,0,1,0,1,0,1,1,0,1,1,0,0,1,1
258,0.979779800336162,1,0,1,0,1,0,1,0,1,1,1,0,1,1,1
259,-0.34750731435547,1,0,1,0,1,0,1,0,0,1,1,0,0,1,0
260,1.11964104081711,0,0,1,0,1,0,1,0,0,1,1,1,0,0,1
261,2.33491034822541,1,1,1,1,1,1,1,1,1,1,1,1,1,1,1
262,1.12785410981554,0,0,1,1,1,0,1,1,1,1,1,1,0,1,1
263,0.916033581772034,1,0,1,0,1,1,1,1,1,1,1,0,0,1,0
264,0.556693115783519,1,0,1,0,1,1,1,0,0,1,1,0,0,1,1
265,-1.37983704329212,0,0,1,0,1,0,1,0,0,0,1,0,0,0,0
266,0.462814092884449,0,0,1,0,1,0,1,0,0,1,0,0,0,0,1
267,-0.189752169679548,1,0,1,0,1,0,1,0,0,1,1,0,0,0,0
268,0.0747082669985193,1,0,1,0,1,0,1,0,1,1,1,0,0,0,1
269,0.335543804578364,1,0,1,0,1,0,1,1,1,1,1,1,0,0,1
270,0.0188631356924301,0,0,1,0,1,1,1,0,0,1,1,0,1,0,1
271,-0.249006280857584,0,0,1,0,1,0,1,0,1,1,1,0,0,0,1
272,-2.10778081509895,1,0,1,0,0,0,0,0,0,0,0,0,0,0,0
273,-0.116429825888047,0,0,1,0,1,0,1,1,1,1,1,1,0,0,1
274,-0.796141474506654,0,0,1,0,1,0,1,0,0,1,1,0,0,0,0
275,-0.921707902029831,1,0,1,0,1,0,1,0,1,1,0,0,0,0,1
276,0.169013890015828,1,0,1,0,1,0,1,0,1,1,0,0,0,0,1
277,-0.338036503379505,0,0,1,1,1,1,1,0,0,1,1,0,0,0,1
278,1.22475868965552,1,0,1,0,1,0,1,1,1,1,1,1,1,0,1
279,0.298958212327334,1,0,1,0,1,0,1,0,1,1,0,0,0,0,1
280,-1.0021541639224,1,0,1,0,1,0,0,0,0,1,1,0,0,0,0
281,0.281857510548719,1,0,1,0,1,1,1,0,1,1,0,0,0,0,1
282,0.022050142975049,0,0,1,0,1,0,1,0,0,1,1,1,0,1,1
283,0.115815075847687,1,0,1,0,1,0,1,0,1,1,1,0,0,0,0
284,-0.145186118240344,0,0,1,0,1,0,1,0,0,1,1,0,0,1,1
285,0.703885265274459,0,0,1,0,1,0,1,1,0,1,1,1,1,1,1
286,-0.561931699579025,1,0,1,0,1,1,1,0,0,1,1,0,0,0,0
287,-1.14689300326993,1,0,1,0,1,0,1,0,1,1,1,0,0,1,0
288,0.890627414047715,1,0,1,0,1,0,1,0,1,1,1,1,0,0,1
289,2.5377153023162,1,0,1,1,1,0,1,1,1,1,1,1,1,1,1
290,-1.05289816352397,0,0,1,0,1,0,1,0,0,1,0,0,0,0,0
291,0.544615796803951,0,0,1,0,1,0,1,0,1,1,0,0,0,1,0
292,0.0188580564728776,0,0,1,0,1,0,1,0,1,1,1,0,0,0,1
293,0.862284163680501,0,0,1,0,1,0,1,1,1,1,1,0,0,0,1
294,0.322625934773932,1,0,1,0,1,0,1,0,0,1,1,0,0,1,0
295,0.295232888789073,0,0,1,0,1,0,1,0,0,1,0,0,0,0,1
296,-0.148595273062279,0,0,1,0,1,1,1,0,1,1,0,0,0,0,1
297,1.62271482514252,0,0,1,1,1,0,1,1,1,1,0,1,1,0,1
298,1.13208305314022,0,0,1,0,1,0,1,1,1,1,1,1,0,0,1
299,1.25415231114499,0,0,1,1,1,0,1,1,1,1,0,0,1,1,1
300,1.8542604989977,0,0,1,1,1,1,1,1,0,1,1,0,1,0,1
301,1.51448140356836,0,0,1,1,1,0,1,1,1,1,1,1,0,1,1
302,0.158882661434036,0,0,1,0,1,0,1,0,1,1,1,0,0,1,1
303,0.576554609798604,1,0,1,0,1,1,1,1,1,1,0,0,0,0,0
304,-0.603369174277702,0,0,1,0,1,0,1,0,1,1,1,0,0,0,0
305,-0.615032408465615,0,0,1,0,1,0,1,0,1,1,1,0,0,1,1
306,-1.52623517123302,0,0,1,0,0,0,1,0,0,1,1,0,0,0,0
307,1.37396473380813,0,1,1,0,1,0,1,1,0,1,1,0,0,0,1
308,-1.89106832097074,0,0,0,0,0,0,1,0,0,0,0,0,0,0,0
309,1.28604166594421,1,0,1,0,1,1,1,1,0,1,1,0,0,0,1
310,0.192376931280562,1,0,1,0,1,1,1,0,1,1,1,0,1,0,1
311,2.7713257121687,1,1,1,1,1,1,1,1,1,1,1,0,1,1,1
312,0.18507765024889,1,0,1,0,1,0,1,0,0,1,1,0,0,0,1
313,-1.32275825453463,1,0,1,0,1,0,1,0,1,0,1,0,0,0,0
314,1.37535430510939,1,0,1,0,1,0,1,1,0,1,1,1,1,1,1
315,-1.47131107117611,1,0,1,0,1,0,1,0,1,1,1,0,0,0,0
316,-2.54406900904338,1,0,0,0,0,0,0,0,0,0,1,0,0,0,0
317,-0.372665646675739,1,0,1,0,1,0,1,0,1,1,0,0,0,0,0
318,1.81249812989473,1,0,1,1,1,0,1,1,1,1,0,1,0,1,1
319,-0.312003542235417,1,0,1,0,1,0,1,1,0,1,0,0,0,0,0
320,-0.549323605156043,0,0,1,0,0,1,1,0,0,1,1,0,0,0,1
321,-0.0872225512774948,1,0,1,0,1,0,1,0,0,1,1,0,0,0,1
322,1.38599073101109,0,0,1,1,1,0,1,1,0,1,1,1,0,1,1
323,1.28086036089122,0,0,1,0,1,0,1,1,1,1,1,0,0,0,1
324,-0.0167459478844938,1,0,1,0,1,1,1,1,1,1,1,0,0,0,1
325,0.666675780689242,1,0,1,0,1,1,1,1,1,1,1,0,1,0,1
326,-0.964928682414795,0,0,1,0,1,0,1,0,0,1,1,0,0,0,0
327,-0.330540751053043,0,0,1,0,1,0,1,1,0,1,1,0,0,1,1
328,1.58212468904798,0,1,1,1,1,0,1,1,1,1,1,1,1,0,1
329,-0.514830664191378,1,0,1,0,1,1,1,0,1,1,1,0,0,0,1
330,-0.256606388148924,1,0,1,0,1,0,1,0,1,1,1,0,0,1,0
331,-1.38758174972951,1,0,1,0,1,0,1,0,0,0,1,0,0,0,0
332,-0.956732083013923,0,0,1,0,1,0,1,0,0,1,1,0,0,0,1
333,-0.268043123581631,1,0,1,0,1,1,1,0,1,1,1,0,0,1,1
334,-1.17396629739562,1,0,1,0,1,0,1,0,0,0,1,0,0,0,0
335,-1.22089365889318,0,0,1,0,1,0,0,0,0,0,1,0,0,0,0
336,-0.510240492492741,0,0,1,0,1,0,1,0,1,1,1,0,0,0,0
337,-0.936064939806944,1,0,1,0,1,1,1,0,0,1,1,0,0,1,0
338,-0.291878559665245,0,0,1,0,1,0,1,0,1,1,0,0,0,0,0
339,-0.458588123256919,0,0,1,0,1,1,1,0,0,1,0,0,0,1,0
340,1.00220724204126,1,0,1,1,1,0,1,1,1,1,1,0,0,0,1
341,2.02522577838972,0,0,1,1,1,0,1,1,1,1,1,1,0,0,1
342,0.0414155388049488,1,0,1,0,1,1,1,0,0,1,1,0,0,1,1
343,0.543657300361105,1,1,1,0,1,1,1,0,0,1,0,0,0,1,1
344,0.512093513444666,1,0,1,0,1,0,1,1,1,1,1,1,0,1,1
345,1.43023349828848,0,0,1,1,1,0,1,1,1,1,1,1,0,0,1
346,0.555912183213714,1,0,1,0,1,0,1,1,1,1,1,1,0,0,1
347,-2.17328632543522,1,0,0,0,0,0,1,0,0,0,0,0,0,0,0
348,-0.304191913899946,1,0,1,0,1,1,1,0,0,1,1,0,0,0,1
349,0.0410564277392641,0,0,1,0,1,0,1,0,1,1,1,0,0,1,1
350,0.285264162181464,0,0,1,0,1,0,1,0,1,1,0,1,0,0,1
351,0.1738381057914,0,0,1,0,1,0,1,0,1,1,1,0,0,0,1
352,-0.366742738494496,1,0,1,0,1,0,1,0,0,1,0,0,0,0,0
353,0.39777392924221,1,0,1,0,1,1,1,1,1,1,1,0,0,0,1
354,0.163993804021996,1,0,1,0,1,0,1,0,1,1,0,0,1,0,1
355,-0.137597996262825,1,0,1,0,1,1,1,0,1,0,0,0,0,0,1
356,-1.09819542593298,0,0,1,0,1,0,1,0,0,0,1,0,1,0,0
357,-0.986492800480931,0,0,1,0,1,0,1,0,0,1,1,0,0,0,1
358,-1.5272923001091,1,0,1,0,1,0,1,0,0,0,0,0,0,1,0
359,0.840350273875246,1,0,1,1,1,0,1,0,1,1,1,1,0,0,1
360,0.896255640058157,1,0,1,0,1,1,1,1,0,1,1,1,0,0,1
361,-0.455782555191339,1,0,1,0,1,0,1,0,0,1,0,0,0,0,0
362,-0.241773947304223,1,0,1,0,1,1,1,0,0,1,1,0,0,0,0
363,-0.230153829211789,1,0,1,0,1,0,1,0,0,1,1,0,0,1,1
364,1.52754487335633,1,0,1,1,1,0,1,1,1,1,1,0,0,1,1
365,1.23987725248634,0,0,1,1,1,0,1,1,1,1,1,1,1,0,1
366,0.281519238037707,1,0,1,0,1,0,1,0,0,1,1,0,0,0,1
367,-0.668755104557138,0,0,1,0,1,0,1,0,0,1,0,0,0,0,0
368,1.75959769903322,0,0,1,0,1,0,1,1,1,1,1,1,1,1,1
369,-0.0299899868758918,0,0,1,0,1,0,1,0,1,1,0,0,0,0,0
370,-0.0458469254525026,1,0,1,0,1,0,1,0,0,1,0,0,0,0,0
371,-1.61908099990392,0,0,1,0,0,0,1,0,0,0,0,0,0,0,0
372,-1.36392419182544,1,0,1,0,1,1,0,0,0,1,0,0,0,0,0
373,0.467723043323793,1,0,1,0,1,0,1,1,0,1,1,0,0,0,1
374,2.00857402461242,0,0,1,1,1,1,1,1,1,1,1,1,1,0,1
375,1.88741458786695,1,0,1,0,1,0,1,1,0,1,1,1,1,1,1
376,-0.403834548071235,1,0,1,0,1,0,1,0,0,1,0,0,0,1,1
377,0.543529217204153,1,0,1,0,1,0,1,1,1,1,1,0,1,1,1
378,-0.896372067639388,0,0,1,0,1,0,1,0,0,1,1,0,0,0,0
379,0.407521255992859,1,0,1,0,1,0,1,0,1,1,1,0,0,1,1
380,-0.344918333816334,0,0,1,1,1,1,1,0,1,1,1,0,0,1,0
381,-0.803305379931954,1,0,1,0,1,0,1,0,0,1,0,1,0,0,0
382,-0.818386584188324,1,0,1,0,1,0,1,0,0,0,1,0,0,0,0
383,-0.525524192262624,0,0,1,0,1,1,1,0,1,1,1,0,0,0,0
384,-0.795691020695038,0,0,1,0,1,0,1,0,0,1,0,0,0,1,1
385,-0.369390470359783,1,0,1,0,1,0,1,0,0,1,0,0,1,1,1
386,-0.735816335372144,1,0,1,0,1,0,1,0,0,1,1,0,0,1,0
387,2.19757093198291,0,1,1,0,1,0,1,1,1,1,0,1,1,0,1
388,-0.839943496381815,1,0,1,0,1,0,1,0,0,1,1,0,0,0,0
389,0.347124791126064,0,0,1,0,1,0,1,1,0,1,1,1,0,0,1
390,1.20453197818892,1,0,1,1,1,0,1,1,1,1,1,1,1,0,1
391,-0.884232356261309,0,0,1,0,1,0,1,0,0,1,1,0,0,0,0
392,0.0599275824937171,0,0,1,0,1,0,1,0,1,1,0,0,0,0,1
393,0.153287969476105,1,0,1,0,1,1,1,0,0,1,1,0,0,0,1
394,1.60207488504727,1,0,1,0,1,1,1,1,1,1,1,1,1,1,1
395,-1.20021461284539,1,0,1,0,1,0,1,0,1,1,1,0,0,0,0
396,0.230901579329215,1,0,1,0,1,0,1,0,1,1,0,0,0,0,1
397,-0.49102290818475,1,0,1,0,1,0,1,0,0,1,1,0,0,0,1
398,-1.9354507916575,1,0,1,0,0,0,1,0,0,0,1,0,0,0,0
399,-1.57246707580875,1,0,1,0,1,0,1,0,0,0,0,0,0,1,0
400,-1.26677149228948,1,0,1,0,0,0,1,0,1,0,1,0,0,0,0
401,1.35961483412166,0,0,1,0,1,0,1,1,0,1,0,1,0,1,1
402,0.0740517488836545,1,0,1,0,1,0,1,0,1,1,1,0,0,0,0
403,1.81101741809576,1,0,1,0,1,1,1,1,1,1,1,1,1,0,1
404,-1.51347890448874,0,0,1,0,0,0,1,0,0,0,0,0,0,0,0
405,-0.365006484380109,1,0,1,0,1,0,1,0,1,1,1,0,0,1,0
406,-0.154983133903616,1,0,1,0,1,0,1,0,0,1,1,0,0,0,0
407,-0.857737038082635,0,0,1,0,1,0,1,0,0,1,0,0,0,0,0
408,0.404229926317432,1,0,1,1,1,0,1,0,1,1,1,0,0,0,1
409,-1.00233673348121,0,0,1,0,1,0,1,0,1,1,1,0,0,0,1
410,-0.108906034357474,0,0,1,0,1,0,1,0,1,1,0,0,1,0,1
411,2.05300374486497,1,1,1,1,1,0,1,1,1,1,1,1,1,0,1
412,0.364348127924767,0,0,1,0,1,0,1,1,0,1,1,0,0,0,1
413,0.148525859453048,0,0,1,0,1,0,1,1,1,1,0,0,0,1,1
414,-0.230527038253394,0,0,1,0,1,0,1,0,0,1,0,0,0,0,1
415,-0.813623825735824,1,0,1,0,1,0,1,0,0,1,1,0,0,0,0
416,0.281985219119714,0,0,1,0,1,0,1,0,0,1,0,0,0,1,1
417,0.983660724933179,1,0,1,1,1,0,1,1,0,1,0,1,0,0,1
418,1.11295794496927,1,0,1,0,1,0,1,1,1,1,1,0,1,0,1
419,-0.950324493646943,0,0,1,0,1,0,0,0,0,1,1,0,0,0,0
420,1.42920961213938,0,0,1,1,1,1,1,1,0,1,1,1,0,1,1
421,0.750622308161667,1,0,1,0,1,0,1,0,0,1,1,1,0,1,1
422,0.770313737593887,1,1,1,0,1,1,1,1,1,1,1,0,0,0,1
423,-1.32903787770039,1,0,1,0,1,0,1,0,0,0,0,0,0,0,0
424,1.4507255160288,0,0,1,0,1,0,1,1,0,1,1,1,0,1,1
425,-1.73489083932428,1,0,0,0,1,0,0,0,0,0,1,0,0,0,0
426,-0.467039270695965,0,0,1,0,1,0,1,0,0,1,0,0,0,0,0
427,-1.66802609461318,0,0,1,0,0,0,1,0,0,0,1,0,0,0,0
428,-2.52961504733303,0,0,0,0,0,0,0,0,0,0,0,0,0,0,0
429,-0.367482151881637,0,0,1,0,1,0,1,0,1,1,1,0,0,1,1
430,0.915545932230562,0,0,1,0,1,0,1,1,1,1,1,0,0,1,1
431,-1.10268866969318,1,0,1,0,1,0,1,0,1,1,0,0,0,1,0
432,-1.4244126380263,1,0,1,0,1,0,1,0,1,0,0,0,0,0,0
433,-0.656433407056594,1,0,1,0,1,0,1,0,0,0,1,1,1,0,0
434,-2.33371078642899,1,0,1,0,0,0,1,0,0,0,0,0,0,0,0
435,-0.0371642294371512,1,0,1,0,1,0,1,0,1,1,0,0,0,0,0
436,1.6496524630249,1,0,1,1,1,0,1,1,1,1,1,1,0,1,1
437,-0.386610560904217,0,0,1,0,1,1,1,0,0,1,0,0,0,1,0
438,-1.76470666956308,0,0,1,0,0,0,1,0,0,0,1,0,0,0,0
439,-0.308703823712453,0,0,1,0,1,0,1,0,1,1,1,0,0,0,1
440,-0.567985414073622,1,0,1,0,1,1,1,0,1,1,1,0,0,0,0
441,-0.883758453950546,1,0,1,0,1,0,1,0,0,1,1,0,0,0,1
442,-0.420822225516005,0,0,1,0,1,0,1,0,0,1,1,0,0,0,0
443,-0.0690425380741669,1,0,1,0,1,0,1,0,0,1,1,0,0,0,1
444,0.576845098280084,0,0,1,0,1,1,1,1,1,1,1,0,0,0,1
445,-0.242108710977779,0,0,1,0,1,0,1,0,1,1,0,0,0,0,0
446,0.682964022430845,1,0,1,0,1,0,1,1,1,1,1,1,0,1,0
447,0.883874706316758,1,0,1,0,1,0,1,0,0,1,1,1,0,1,1
448,-0.443181720638274,1,0,1,0,1,0,1,0,0,1,0,0,0,0,0
449,1.35308014361371,1,1,1,1,1,1,1,1,1,1,0,1,1,1,1
450,-0.668396398904534,0,0,1,0,1,0,1,0,1,1,1,0,0,1,0
451,-0.0196659994873209,1,0,1,0,1,0,1,0,1,1,0,0,0,1,1
452,-1.38787193896562,1,0,1,0,1,0,0,0,0,0,0,0,0,0,0
453,0.129930225714052,0,0,1,0,1,0,1,1,0,1,1,0,0,0,1
454,-0.742322154505962,1,0,1,0,1,0,1,0,0,1,1,0,0,0,0
455,0.0800842630487644,1,0,1,0,1,0,1,0,0,1,0,0,0,0,0
456,-0.463818593391523,1,0,1,0,1,0,1,0,1,1,1,0,0,0,0
457,0.0138821315157643,0,0,1,0,1,0,1,0,1,1,1,0,0,0,1
458,0.106472227945255,1,0,1,0,1,0,1,0,0,1,1,0,0,0,1
459,0.0579523486908976,0,0,1,0,1,0,1,0,0,1,1,0,0,0,1
460,-0.792772299324735,0,0,1,0,1,0,1,0,0,1,1,0,0,0,1
461,0.501698375771849,1,0,1,0,1,0,1,0,1,1,1,0,0,1,1
462,0.0638235118614908,1,0,1,0,1,0,1,1,0,1,0,0,0,0,1
463,-0.803701542007328,1,0,1,0,1,1,1,0,0,1,1,0,0,0,0
464,2.42082822059724,0,0,1,1,1,0,1,1,1,1,1,1,1,1,1
465,0.17408254171916,1,0,1,0,1,0,1,1,1,1,1,0,0,1,1
466,-0.282282332158397,1,0,1,0,1,0,1,1,0,1,1,0,0,0,1
467,0.347244356134077,0,0,1,0,1,0,1,0,0,1,1,0,0,1,1
468,0.523032727865058,1,0,1,1,1,0,1,1,1,1,1,0,0,1,1
469,-0.0647279421182789,1,0,1,0,1,1,1,0,0,1,1,0,0,0,1
470,0.437860028257617,0,0,1,0,1,1,1,1,1,1,1,0,1,0,1
471,0.422521257414749,0,0,1,1,1,1,1,1,0,1,1,0,0,0,1
472,0.843516338971444,1,0,1,0,1,1,1,0,0,1,1,1,0,0,1
473,-1.59897945411489,1,0,1,0,0,0,1,0,0,1,0,0,0,0,0
474,-0.862397812241847,0,0,1,0,1,0,1,0,0,1,1,0,0,0,0
475,-1.71351043431072,1,0,1,0,0,0,0,0,0,0,1,0,0,0,0
476,1.0288924821333,1,0,1,0,1,0,1,1,1,1,1,0,0,1,1
477,-0.559901389444323,1,0,1,0,1,1,1,0,0,1,1,0,0,0,0
478,-1.68417934405009,0,0,1,0,1,0,1,0,0,0,0,0,0,1,0
479,-0.289674021530523,1,0,1,0,1,0,1,0,1,1,1,0,0,0,0
480,-1.15321276183158,0,0,1,0,1,1,1,0,1,0,0,0,0,0,1
481,-1.26604657415384,1,0,1,0,1,0,1,0,0,1,1,0,0,0,0
482,2.19631177040199,0,1,1,0,1,1,1,1,1,1,1,1,1,0,1
483,-1.54919020852227,1,0,1,0,1,0,1,0,0,0,0,0,0,1,0
484,0.555105975860969,0,0,1,0,1,0,1,1,1,1,0,0,1,0,1
485,-0.140368768801117,1,0,1,0,1,1,1,0,0,1,0,0,0,0,1
486,-1.58227148215554,1,0,1,0,0,0,1,0,0,0,1,0,0,0,0
487,1.87075898983233,0,1,1,0,1,0,1,1,1,1,0,1,1,1,1
488,-2.26471465261083,1,0,0,0,1,0,0,0,0,0,0,0,0,0,0
489,0.481334875928442,0,0,1,0,1,0,1,1,0,1,0,0,0,1,1
490,-0.628268903813005,0,0,1,0,1,0,1,0,1,1,1,0,0,0,1
491,-0.983788110791453,0,0,1,0,1,0,1,0,0,0,1,0,0,0,1
492,0.991432371697843,1,0,1,0,1,0,1,1,1,1,1,1,0,1,1
493,-1.36339850121675,0,0,1,0,1,0,0,0,0,0,0,0,0,0,0
494,-0.98219809989942,1,0,1,0,0,0,1,0,0,1,1,0,0,0,0
495,1.51961445986792,1,1,1,0,1,1,1,1,1,1,0,1,0,0,1
496,0.556308323813929,1,0,1,0,1,1,1,0,1,1,1,1,0,1,1
497,-0.336495950439693,1,0,1,0,1,0,1,0,0,1,1,0,0,1,0
498,0.25724490224399,0,0,1,0,1,0,1,1,1,1,1,0,0,0,1
499,0.928529039103657,1,0,1,0,1,1,1,1,1,1,1,1,0,1,1
500,0.136535473240608,0,0,1,0,1,0,1,1,0,1,1,1,0,0,0
501,0.271205013417071,1,0,1,0,1,0,1,0,1,1,1,0,0,0,1
502,-0.732598774333913,1,0,1,0,1,0,1,0,0,1,1,0,0,1,0
503,-0.292557149282438,0,0,1,0,1,0,1,0,0,1,1,0,0,1,0
504,-1.1290128064921,1,0,1,0,1,1,1,0,0,1,1,0,0,0,0
505,-0.432500591326964,1,0,1,0,1,0,1,0,0,1,0,0,0,0,1
506,0.304228056646217,1,0,1,0,1,0,1,0,1,1,0,0,0,1,1
507,0.380643703758795,1,0,1,0,1,1,1,1,0,1,1,0,0,1,1
508,-1.08866379946469,0,0,1,0,1,0,1,0,0,1,0,0,0,0,1
509,2.20074066256155,1,1,1,1,1,0,1,1,1,1,1,1,1,1,1
510,0.00888802149828003,1,0,1,0,1,0,1,0,0,1,0,0,0,0,1
511,-0.381778834268467,0,0,1,0,1,0,1,0,0,1,0,0,0,0,1
512,-0.48391893178905,0,0,1,0,1,0,1,0,1,1,0,0,0,0,0
513,0.361603182468782,0,0,1,0,1,0,1,1,1,1,0,0,0,0,1
514,-1.67080192185036,1,0,1,0,1,0,1,0,0,0,1,0,0,0,0
515,-0.190667421641631,1,0,1,0,1,1,1,0,0,1,1,0,1,0,0
516,1.74565271101148,1,0,1,1,1,0,1,1,1,1,1,0,1,1,1
517,1.15913252635814,1,0,1,1,1,1,1,1,1,1,0,1,0,1,1
518,0.962144244759192,0,0,1,0,1,0,1,1,1,1,0,1,0,0,1
519,-2.16759945183769,1,0,1,0,0,0,1,0,0,0,0,0,0,0,0
520,0.642664591170687,1,0,1,0,1,0,1,1,1,1,0,1,0,0,1
521,0.559316823862193,1,0,1,0,1,1,1,1,1,1,1,0,0,1,1
522,0.254168121480845,1,0,1,0,1,0,1,0,1,1,0,0,0,1,1
523,-0.0411348709962935,1,0,1,0,1,0,1,0,0,1,0,0,0,1,0
524,0.669307598116162,1,0,1,0,1,1,1,1,1,1,1,0,0,1,1
525,-0.0624489167558478,1,0,1,0,1,0,1,0,1,1,1,0,0,0,1
526,-0.466576336525352,1,0,1,0,1,0,1,0,1,1,1,0,0,1,0
527,0.730371204945446,1,0,1,0,1,0,1,1,0,1,1,0,0,1,1
528,0.631566250406547,0,0,1,0,1,0,1,0,0,1,1,1,0,1,1
529,-1.07025163934091,1,0,1,0,1,0,1,0,0,0,1,0,0,0,0
530,1.78823163758482,1,0,1,1,1,0,1,1,1,1,1,1,0,1,1
531,-1.07458513394444,1,0,1,0,1,0,1,0,0,1,1,0,0,0,0
532,0.629018758837929,0,0,1,0,1,0,1,0,0,1,1,0,0,1,1
533,1.20148515844929,0,0,1,0,1,0,1,1,0,1,1,1,0,1,1
534,-0.260690617976262,1,0,1,0,1,0,1,0,1,1,0,0,0,0,1
535,0.113072071859356,0,0,1,0,1,0,1,0,0,1,1,0,0,0,1
536,0.493112036274887,1,0,1,0,1,0,1,0,0,1,1,0,0,1,1
537,-1.1321440229223,0,0,1,0,1,0,1,0,0,0,1,0,0,1,0
538,-0.727148718747878,0,0,1,0,1,0,1,0,1,1,1,0,0,0,0
539,0.101341445603036,0,0,1,0,1,0,1,0,0,1,0,0,0,0,1
540,1.37460295919284,0,0,1,0,1,0,1,1,1,1,0,1,0,1,1
541,-0.982260676457453,1,0,1,0,1,1,1,0,0,0,1,0,0,1,0
542,-0.140614718274596,1,0,1,0,1,0,1,0,1,1,1,0,0,0,1
543,0.562353487925882,1,0,1,0,1,0,1,1,0,1,0,0,0,0,1
544,-0.820995752883931,0,0,1,0,1,1,1,0,0,1,0,0,0,0,0
545,1.68570874978195,1,0,1,0,1,1,1,1,1,1,1,1,0,1,1
546,1.11903123308518,1,0,1,0,1,1,1,1,1,1,1,0,1,1,1
547,-1.80010430111464,0,0,1,0,0,0,0,0,0,0,1,0,0,0,0
548,0.692639502789324,1,0,1,0,1,0,1,0,1,1,1,0,0,0,1
549,0.0850234271329046,0,0,1,0,1,0,1,0,1,1,0,0,0,1,1
550,-0.612181959587377,1,0,1,0,1,0,1,0,1,0,1,0,0,1,1
551,1.6377288325454,1,1,1,1,1,0,1,1,1,1,1,0,1,1,1
552,-1.48386783885467,1,0,1,0,1,1,1,0,0,1,1,0,0,0,0
553,-0.206912366893753,0,0,1,0,1,0,1,0,1,1,1,0,0,0,1
554,-1.73409764494565,0,0,1,0,1,0,1,0,0,0,1,0,0,0,0
555,-0.682454482990123,0,0,1,0,1,0,1,0,1,1,1,0,0,0,0
556,-0.158632632646472,1,0,1,0,1,0,1,0,0,1,1,1,0,0,1
557,2.40271036309214,1,1,1,0,1,0,1,1,1,1,1,1,1,1,1
558,-0.496544668257788,1,0,1,0,0,0,1,0,1,1,1,0,1,0,0
559,-1.62045983551058,0,0,1,0,1,0,1,0,0,0,1,0,0,0,0
560,0.225777727772563,0,0,1,0,1,0,1,0,0,1,1,0,0,1,1
561,0.340553229564293,1,0,1,0,1,0,1,0,1,1,1,0,0,0,1
562,0.243822354894102,0,0,1,0,1,0,1,1,0,1,1,0,0,1,0
563,0.939724560858558,1,0,1,0,1,1,1,0,1,1,0,1,0,0,1
564,-0.257439058001399,1,0,1,0,1,0,1,0,0,0,1,0,0,0,1
565,-1.24492530629605,0,0,1,0,1,0,1,0,0,0,0,0,0,0,0
566,0.0329204054296802,0,0,1,0,1,0,1,0,1,1,1,0,0,0,1
567,-1.3356749863161,0,0,1,0,1,0,1,0,0,0,0,0,0,1,0
568,0.496178120381343,1,0,1,0,1,0,1,1,1,1,1,0,0,0,1
569,0.803755794629954,1,0,1,0,1,0,1,1,1,1,1,0,0,0,1
570,0.477869804598991,0,0,1,0,1,0,1,1,1,1,1,0,0,0,1
571,-0.570614285845299,1,0,1,0,1,0,1,0,0,1,0,0,0,0,0
572,0.880212365268277,1,0,1,0,1,0,1,1,0,1,1,0,1,0,1
573,-0.437905909304747,1,0,1,0,1,0,1,0,1,1,1,0,0,0,1
574,-0.28462823789402,1,0,1,0,1,0,1,0,0,1,0,0,0,0,0
575,0.411710958800745,1,0,1,0,1,0,1,0,0,1,1,0,0,1,0
576,-0.739317410832947,1,0,1,0,1,0,1,0,1,1,1,0,0,1,1
577,0.251834214104757,0,0,1,0,1,1,1,0,1,1,1,0,0,1,1
578,-0.810685119138112,1,0,1,0,1,1,1,0,0,1,1,0,0,0,0
579,-1.02992260403309,1,0,1,0,1,0,1,0,0,0,1,0,0,0,0
580,0.155598748124566,0,0,1,0,1,1,1,0,0,1,0,0,0,0,0
581,1.84082323826426,1,1,1,1,1,1,1,1,1,1,1,1,0,1,1
582,0.657185091926973,0,0,1,0,1,0,1,0,1,1,1,1,0,1,0
583,0.00871117698782952,1,0,1,0,1,0,1,0,0,1,1,0,0,1,0
584,-0.263281130534046,1,0,1,0,1,0,1,0,0,1,1,0,0,0,1
585,-0.273346950756577,1,0,1,0,1,1,1,0,1,1,1,0,0,1,0
586,1.16905754801452,1,0,1,0,1,1,1,1,1,1,0,0,0,1,1
587,0.0488656310135725,1,0,1,0,1,0,1,1,1,1,1,0,0,0,0
588,-0.0975279119341962,1,0,1,0,1,0,1,0,1,1,1,0,0,0,0
589,-0.944048424547966,1,0,1,0,1,1,1,0,0,1,0,0,0,0,0
590,1.1530697012433,0,1,1,0,1,1,1,0,1,1,0,1,0,0,1
591,0.0507349515056284,0,0,1,0,1,0,1,0,1,1,1,0,0,0,1
592,-0.0538292048877758,1,0,1,0,1,0,1,0,0,1,1,0,1,1,0
593,-0.767310749577016,1,0,1,0,1,0,1,0,1,1,1,0,0,1,0
594,1.98424798608464,1,1,1,0,1,1,1,1,1,1,1,1,1,1,1
595,1.59881907752814,0,0,1,0,1,1,1,1,1,1,1,1,1,1,1
596,0.415264330111835,1,0,1,0,1,0,1,0,1,1,1,0,0,0,1
597,-0.282162691625416,1,0,1,0,1,1,1,0,0,1,1,0,0,0,0
598,1.55712929006795,1,0,1,1,1,0,1,1,0,1,1,1,1,0,1
599,1.36905384686441,1,0,1,0,1,1,1,1,1,1,1,1,1,1,1
600,-0.384752789693125,0,0,1,0,1,0,1,0,0,1,0,0,0,0,0
601,2.28589062316776,1,1,1,1,1,0,1,1,1,1,1,1,1,1,1
602,-0.0250329246421619,1,0,1,0,1,0,1,1,0,1,0,0,0,0,1
603,0.859335140070091,1,0,1,0,1,1,1,1,1,1,1,0,1,1,1
604,0.189711869115907,0,0,1,0,1,0,1,1,1,1,1,0,0,0,1
605,-0.340250360007594,0,0,1,0,1,1,1,0,1,1,0,0,0,0,0
606,0.778869125941904,1,0,1,0,1,0,1,1,0,1,1,0,0,1,1
607,-0.0462106702670003,1,0,1,0,1,0,1,0,0,1,1,0,0,1,1
608,0.537651781144984,1,0,1,0,1,1,1,0,1,1,0,0,0,1,1
609,0.24951742368185,0,0,1,0,1,0,1,1,1,1,1,0,0,1,1
610,-0.929472838223029,0,0,1,0,0,0,0,0,0,1,0,0,0,0,0
611,-0.183086657571749,1,0,1,0,1,0,1,0,0,1,1,0,0,0,0
612,0.869339200086771,1,0,1,0,1,0,1,1,1,1,1,1,1,1,1
613,-0.502027642811015,0,0,1,0,1,0,1,0,1,1,1,0,0,0,0
614,-0.839473729144055,1,0,1,0,1,0,0,0,0,1,1,0,0,0,0
615,0.311013125372653,1,0,1,0,1,0,1,0,1,1,0,0,0,1,1
616,-0.767152842005397,1,0,1,0,1,1,1,0,0,1,0,0,0,0,0
617,0.466612158073779,0,0,1,0,1,1,1,1,1,1,0,1,0,0,1
618,-1.5495715186254,1,0,1,0,0,0,0,0,0,1,0,0,0,0,0
619,-0.150480912926163,0,0,1,0,1,0,1,0,1,1,0,0,0,1,0
620,-0.048288008400837,1,0,1,0,1,0,1,0,0,1,1,0,0,0,0
621,-0.0950955237457,0,0,1,0,1,0,1,0,0,1,1,0,0,0,0
622,-0.939158027284993,0,0,1,0,1,1,1,0,1,1,0,0,0,0,0
623,-1.08924390806211,0,0,1,0,1,0,0,0,0,1,1,0,0,0,0
624,1.09475114871213,0,0,1,0,1,1,1,1,1,1,1,0,1,1,1
625,1.17404870615092,1,1,1,0,1,0,1,1,1,1,1,1,1,1,1
626,-0.5550625910748,0,0,1,0,1,0,1,0,1,1,1,0,0,0,0
627,-1.48300580926269,1,0,1,0,1,0,1,0,0,0,1,0,0,0,0
628,0.193043905278549,0,0,1,0,1,0,1,0,1,1,1,0,0,0,1
629,-1.65965142624301,1,0,1,0,1,0,1,0,0,0,1,0,0,0,0
630,-0.552688758149671,1,0,1,0,0,0,1,0,0,1,0,0,0,0,0
631,0.773192716575819,1,0,1,0,1,1,1,1,0,1,1,1,0,0,1
632,0.842898205429555,1,0,1,0,1,0,1,0,1,1,1,1,0,0,1
633,-1.26452810927961,0,0,1,0,1,1,1,0,0,0,0,0,0,0,0
634,0.584257967586203,0,0,1,0,1,0,1,0,0,1,1,0,0,1,1
635,-1.1776886959272,1,0,1,0,1,0,1,0,0,1,1,0,0,0,0
636,0.0197056029493006,1,0,1,0,1,0,1,0,1,1,1,0,0,0,1
637,-1.51257779997523,1,0,1,0,1,0,1,0,0,1,1,0,0,0,0
638,-0.392178429542204,1,0,1,0,1,0,1,0,0,1,1,0,0,0,1
639,0.671546210475082,1,0,1,0,1,1,1,1,1,1,1,0,0,1,1
640,-0.973097198549644,0,0,1,0,1,1,1,0,1,0,1,0,0,0,0
641,0.767975837768581,0,0,1,0,1,0,1,1,1,1,1,0,0,0,1
642,0.590338339781307,1,0,1,0,1,0,1,1,0,1,1,0,0,0,1
643,-0.458555356206768,1,0,1,0,1,0,1,0,0,1,1,0,0,0,0
644,-0.574662276664892,1,0,1,0,1,1,1,0,0,1,1,0,0,0,0
645,-0.897172029477981,0,0,1,0,1,0,1,0,0,1,1,0,0,1,0
646,0.279086263981173,0,0,1,0,1,0,1,1,1,1,1,0,0,1,0
647,0.217777585207344,1,0,1,0,1,0,1,0,1,1,1,0,1,1,1
648,1.06974129910485,1,0,1,0,1,0,1,1,0,1,1,1,1,0,1
649,1.11128973856587,0,1,1,0,1,0,1,1,1,1,1,1,0,1,1
650,-1.81287617821945,0,0,1,0,0,0,0,0,0,0,0,0,0,0,0
651,0.407471499122816,1,0,1,0,1,0,1,0,1,1,1,0,1,0,1
652,-2.11305291450299,0,0,1,0,0,0,1,0,0,0,0,0,0,0,0
653,0.51786535031684,1,0,1,0,1,0,1,1,0,1,0,0,0,0,1
654,0.487365544504081,0,0,1,0,1,0,1,1,1,1,0,0,0,0,0
655,0.0250647589716827,1,0,1,0,1,0,1,0,0,1,0,1,0,1,1
656,-0.28189871327892,0,0,1,0,1,0,1,0,1,1,1,0,0,0,1
657,-1.20603744142715,0,0,1,0,0,0,1,0,0,0,0,0,0,0,0
658,0.320058355946045,1,0,1,0,1,0,1,0,1,1,1,1,0,0,1
659,-0.961496137707218,0,0,1,0,1,1,1,0,1,1,1,0,0,0,0
660,-1.18295301789765,0,0,1,0,0,0,1,0,0,1,1,0,0,0,1
661,0.612433262555435,1,0,1,0,1,0,1,1,1,1,1,0,0,1,1
662,-0.544242729489223,0,0,1,1,1,0,1,0,0,1,0,0,0,0,0
663,1.57360953668,1,0,1,1,1,1,1,1,1,1,1,1,0,1,0
664,-0.65443824354043,0,0,1,0,1,0,1,0,0,1,1,0,0,1,0
665,-0.998080972552984,1,0,1,0,1,0,1,0,1,1,1,0,0,1,0
666,1.1947698040092,1,0,1,0,1,1,1,1,1,1,1,1,1,1,1
667,0.907449682640389,1,0,1,0,1,0,1,1,1,1,1,1,0,0,1
668,0.0185762300549913,1,0,1,0,1,0,1,0,1,1,1,0,0,0,0
669,0.275261861608181,0,0,1,0,1,1,1,1,0,1,1,0,0,1,1
670,0.161161880844173,1,0,1,0,1,1,1,0,0,1,1,0,0,1,1
671,0.260614498589191,1,0,1,0,1,1,1,0,1,1,0,0,0,0,1
672,0.380076172171552,0,0,1,0,1,0,1,0,0,1,1,0,1,0,1
673,0.726877362766038,1,0,1,0,1,0,1,1,1,1,1,0,0,0,1
674,0.263324581419166,1,0,1,0,1,1,1,1,1,1,1,0,0,1,1
675,1.58811611273296,0,0,1,0,1,0,1,1,1,1,1,1,0,1,1
676,-1.44981336218113,0,0,1,0,0,0,1,0,0,1,1,0,0,0,0
677,0.00415326034243715,0,0,1,0,1,0,1,0,1,1,0,0,0,1,0
678,-0.183196750542769,1,0,1,0,1,0,1,1,0,1,1,0,0,0,1
679,-0.299375152918108,0,0,1,0,1,0,1,0,0,1,1,1,0,0,1
680,0.136498134085806,0,0,1,0,1,0,1,0,0,1,1,0,1,1,1
681,-0.736195056284046,0,0,1,0,1,1,1,0,0,1,1,0,0,0,0
682,0.538027477347535,1,0,1,0,1,0,1,1,1,1,0,0,0,1,1
683,0.817476102371584,0,0,1,0,1,0,1,1,1,1,1,1,1,1,1
684,0.372352242940126,0,0,1,0,1,1,1,0,1,1,0,0,0,0,1
685,0.0142072780076888,0,0,1,0,1,0,1,1,0,1,0,0,0,1,1
686,0.869813701828455,0,0,1,0,1,0,1,1,0,1,0,1,0,0,1
687,-0.964651095767308,0,0,1,0,1,0,1,0,0,0,0,0,0,0,0
688,0.55969106843516,0,0,1,0,1,0,1,0,0,1,1,0,0,0,1
689,0.729675631236871,1,0,1,0,1,0,1,1,0,1,1,0,0,0,1
690,-0.66284882220701,0,0,1,0,1,1,1,0,0,1,1,0,0,0,0
691,0.602633939817432,1,0,1,1,1,0,1,1,0,1,0,1,1,0,1
692,0.972058235641706,1,1,1,0,1,0,1,0,0,1,1,0,0,1,1
693,0.316629458339902,1,0,1,0,1,0,1,0,0,1,1,0,0,1,1
694,-0.964463762407521,0,0,1,0,1,1,1,0,0,1,1,0,0,0,0
695,-0.608466626021159,0,0,1,0,1,0,1,0,0,1,1,0,0,0,0
696,-0.598230732122963,1,0,1,0,1,0,1,0,0,1,1,0,0,0,0
697,0.709547690041507,0,0,1,0,1,0,1,0,1,1,0,0,1,1,1
698,-0.361992229437161,0,0,1,0,1,0,1,0,1,1,1,0,0,0,1
699,-0.216701708551133,0,0,1,0,1,0,1,0,0,1,1,0,0,1,0
700,1.10737967301859,1,0,1,1,1,0,1,0,1,1,0,0,0,0,1
701,-0.749715358329859,0,0,1,0,1,0,1,0,1,0,0,0,1,0,1
702,0.0428653162947489,0,0,1,0,1,1,1,0,1,1,1,0,0,0,1
703,-0.333137202211857,0,0,1,0,1,0,1,0,1,1,1,0,0,1,0
704,-0.19062549881212,1,0,1,0,1,0,1,0,1,1,1,0,0,0,0
705,-2.6966388756593,1,0,0,0,0,0,0,0,1,0,1,0,0,0,0
706,-0.496413945146043,1,0,1,0,1,0,1,0,0,1,1,0,0,0,1
707,-0.113434986504718,1,0,1,0,1,1,1,0,1,1,1,0,0,0,1
708,0.924284601342417,1,0,1,0,1,0,1,1,1,1,1,1,0,1,1
709,0.0200307726564303,1,0,1,0,1,0,1,1,1,1,1,0,0,0,1
710,0.57398805708434,1,0,1,0,1,0,1,0,1,1,1,1,0,0,1
711,-1.44172094498263,1,0,1,0,1,0,1,0,0,0,1,0,0,0,0
712,0.873830751639239,1,0,1,0,1,0,1,1,0,1,0,0,0,1,1
713,-1.49632129613193,0,0,1,0,1,1,1,0,0,1,1,0,0,0,0
714,0.154903974004362,1,0,1,0,1,0,1,0,1,1,1,0,0,0,1
715,0.0169983199552049,0,1,1,0,1,0,1,0,1,1,0,0,0,1,1
716,-1.8515027463435,0,0,1,0,1,0,1,0,0,0,1,0,0,0,0
717,-0.466535436031446,1,0,1,0,1,0,1,0,0,1,1,0,0,1,0
718,1.34525663810535,1,0,1,0,1,1,1,1,1,1,1,1,1,1,1
719,1.32101309924142,1,1,1,1,1,0,1,1,1,1,1,1,0,0,1
720,2.10701483876258,1,1,1,1,1,0,1,1,1,1,1,1,1,1,1
721,-0.26838014670822,0,0,1,0,1,0,1,0,0,1,0,0,0,1,0
722,-1.53832897206458,0,0,1,0,1,1,1,0,0,1,0,0,0,0,0
723,-0.56273557130952,1,0,1,0,1,0,1,0,0,1,1,0,0,0,1
724,-0.811482289358033,1,0,1,0,1,1,1,0,1,1,1,0,0,0,0
725,-0.446906954789376,0,0,1,0,1,0,1,0,0,1,1,0,0,1,1
726,-0.128986614225695,0,0,1,0,1,0,1,0,1,1,0,0,0,0,1
727,0.527852959508566,1,0,1,0,1,0,1,1,1,1,1,0,0,0,1
728,1.33991659660666,1,1,1,0,1,0,1,1,1,1,1,1,1,1,1
729,-0.392172950905407,0,1,1,0,1,0,1,0,0,1,1,0,0,0,0
730,-0.586689736543681,0,0,1,0,1,0,1,0,0,0,0,0,0,0,0
731,0.851210410753621,0,0,1,0,1,0,1,0,1,1,1,0,0,0,1
732,0.510609632812145,0,0,1,0,1,0,1,1,1,1,0,0,0,0,0
733,0.106179234682683,1,0,1,0,1,0,1,0,0,1,1,1,0,1,1
734,0.281524523449435,1,0,1,0,1,0,1,1,1,1,1,0,0,0,1
735,0.621114572092338,1,0,1,0,1,1,1,0,1,1,1,1,0,0,1
736,1.75016676649786,1,0,1,0,1,1,1,1,1,1,1,1,1,1,1
737,-0.553017761630678,1,0,1,0,1,0,1,0,0,0,1,0,0,1,0
738,0.74697115835985,0,0,1,0,1,0,1,0,1,1,0,1,0,0,1
739,1.00316409212059,1,0,1,0,1,0,1,0,1,1,1,0,1,0,1
740,0.555100061283589,1,0,1,0,1,1,1,1,1,1,1,0,1,0,1
741,0.952592557916721,1,0,1,0,1,0,1,1,1,1,1,0,1,1,1
742,-2.77520829035083,1,0,0,0,0,1,0,0,0,0,0,0,0,0,0
743,0.694662620586855,0,0,1,0,1,1,1,1,0,1,0,1,0,1,1
744,2.1074159452327,1,1,1,1,1,1,1,1,1,1,1,1,1,1,1
745,0.367009765696505,1,0,1,0,1,1,1,1,1,1,0,0,0,0,1
746,-0.136572720403621,1,0,1,0,1,0,1,0,1,1,0,0,0,0,1
747,0.090366139041058,1,0,1,0,1,0,1,0,0,1,1,0,0,0,0
748,0.493231753947324,1,0,1,0,1,0,1,1,1,1,1,0,0,1,1
749,-1.39409116796136,1,0,1,0,1,1,1,0,0,0,1,0,0,0,0
750,0.465854382814645,1,0,1,0,1,0,1,1,1,1,1,0,0,1,1
751,-0.828046565593702,1,0,1,0,1,0,1,0,1,1,1,0,0,1,0
752,0.769925737448176,1,0,1,0,1,0,1,1,1,1,1,0,0,0,1
753,-0.432225394164901,1,0,1,0,1,0,1,0,0,1,0,0,0,1,1
754,-1.90311303531502,1,0,1,0,1,0,0,0,0,0,1,0,0,1,0
755,0.598823245264873,0,0,1,0,1,0,1,1,1,1,1,0,0,1,1
756,1.51974455235678,1,1,1,0,1,1,1,1,1,1,0,1,1,1,1
757,-0.178403662565064,0,0,1,0,1,0,1,0,0,1,1,0,0,0,0
758,-0.59925416835815,0,0,1,0,1,0,1,0,1,1,0,0,0,1,0
759,-0.0253913243471047,1,0,1,0,1,0,1,0,1,1,1,0,0,1,0
760,-0.662443896626748,1,0,1,0,1,0,1,0,0,1,1,0,0,0,0
761,0.890258601394433,1,0,1,0,1,0,1,1,1,1,1,0,0,0,0
762,1.05340360306732,1,0,1,0,1,0,1,1,1,1,0,1,0,1,1
763,-0.520725983651655,1,0,1,0,1,0,1,0,0,1,1,0,0,0,0
764,0.751538597660723,0,0,1,0,1,0,1,0,0,1,0,1,0,1,1
765,-0.940169139932537,0,0,1,0,1,0,1,0,1,1,1,0,0,1,0
766,0.709965924054579,0,0,1,0,1,0,1,0,1,1,1,0,0,0,1
767,-2.80300205011486,1,0,0,0,0,0,0,0,0,0,1,0,0,0,0
768,0.415259449848284,0,0,1,0,1,0,1,1,0,1,1,0,0,1,1
769,-1.59819157376592,1,0,1,0,0,0,0,0,0,1,0,0,0,0,0
770,0.700721214865509,1,0,1,0,1,1,1,1,0,1,0,0,0,0,0
771,0.119617761731006,0,0,1,0,1,1,1,1,1,1,0,0,0,1,1
772,-2.37043739868406,0,0,0,0,0,0,0,0,0,0,1,0,0,0,0
773,1.80154916711035,1,1,1,1,1,1,1,1,0,1,1,1,1,1,1
774,1.44347150377145,1,0,1,0,1,0,1,1,1,1,1,1,1,1,1
775,0.514919958850994,0,0,1,0,1,0,1,1,1,1,1,0,0,0,1
776,-0.718385036907419,1,0,1,0,1,0,1,0,1,1,0,0,0,0,0
777,-0.375275851228661,0,0,1,0,1,0,1,1,0,1,1,0,0,0,1
778,1.32171202437641,0,1,1,0,1,0,1,1,1,1,1,1,0,1,1
779,0.159248606962795,1,0,1,0,1,0,1,1,0,1,1,0,0,0,0
780,-0.917705707949305,1,0,1,0,0,0,1,0,0,1,0,0,0,0,0
781,-0.119789680879149,1,0,1,0,1,0,1,0,1,1,0,0,0,1,1
782,-1.35950905043108,0,0,1,0,1,0,1,0,0,1,0,0,0,0,0
783,-0.452460085204848,1,0,1,0,1,0,1,0,0,1,1,0,0,0,0
784,1.70580871901618,1,0,1,1,1,0,1,1,0,1,1,1,1,1,1
785,0.169052917583411,1,0,1,0,1,0,1,0,1,1,1,0,0,0,1
786,0.817482348949278,1,0,1,0,1,0,1,1,0,1,1,1,0,0,1
787,0.68240488394646,1,0,1,0,1,0,1,1,1,1,1,1,0,0,1
788,-0.316366658888734,0,0,1,0,1,0,1,0,1,1,1,0,0,0,0
789,-0.643367947165485,1,0,1,0,1,0,1,0,0,1,0,0,0,0,0
790,-2.32385539473235,1,0,0,0,1,0,0,0,0,0,0,0,0,0,0
791,-0.198555388718731,0,0,1,0,1,0,1,0,1,1,0,0,0,0,1
792,0.251498642441402,1,0,1,0,1,0,1,1,1,1,1,0,0,1,1
793,0.781632728740869,1,0,1,0,1,0,1,1,1,1,1,0,0,0,0
794,1.7866003895276,1,0,1,0,1,1,1,1,1,1,1,1,0,0,1
795,0.827186124220168,1,0,1,0,1,0,1,1,0,1,1,1,0,0,1
796,-1.73652962749397,0,0,1,0,0,0,0,0,0,0,1,0,0,0,0
797,-1.01720532597813,1,0,0,0,1,0,1,0,0,1,1,0,0,0,0
798,1.75957375698843,0,0,1,0,1,0,1,1,1,1,1,1,1,0,1
799,-1.51883060121122,1,0,1,0,0,0,1,0,0,0,1,0,0,0,0
800,-0.273049178404171,1,0,1,0,1,0,1,0,0,1,1,0,0,0,0
801,-1.27317371661266,0,0,1,0,1,1,1,0,0,0,0,0,0,1,0
802,-0.93335072494448,0,0,1,0,1,1,1,0,0,1,0,0,0,1,0
803,-0.589947300522441,1,0,1,0,1,0,1,0,0,1,0,0,0,0,0
804,-0.314677773373825,1,0,1,0,1,0,1,0,0,1,0,0,0,1,0
805,0.0110994426334623,0,0,1,0,1,1,1,1,0,1,1,0,0,0,0
806,1.36767662675966,1,0,1,1,1,0,1,1,1,1,1,0,0,1,0
807,-0.0646169227642538,1,0,1,0,1,0,1,0,1,1,0,0,0,1,1
808,1.27207534556075,0,0,1,1,1,1,1,1,1,1,1,0,0,0,1
809,0.432543741517295,0,0,1,0,1,0,1,0,1,1,1,0,0,0,1
810,0.953044222396443,1,0,1,0,1,1,1,1,1,1,1,1,0,0,1
811,-2.76196173340218,1,0,0,0,0,0,1,0,0,0,1,0,0,0,0
812,-0.0717168052590772,0,0,1,0,1,0,1,0,1,1,1,0,0,0,0
813,0.6629462569324,1,0,1,0,1,1,1,0,0,1,1,0,0,0,0
814,-1.19485064151115,0,0,1,0,1,1,1,0,0,0,1,0,0,0,0
815,0.148637714703277,1,0,1,0,1,0,1,0,1,1,1,0,0,0,0
816,0.171157963186745,1,0,1,0,1,0,1,0,0,1,1,0,0,1,1
817,-2.03257543879773,0,0,1,0,0,0,1,0,0,0,0,0,0,0,0
818,0.643719539382963,1,0,1,0,1,0,1,1,0,1,0,1,0,0,1
819,0.466174147760838,1,0,1,0,1,1,1,0,0,1,1,0,0,0,1
820,-0.328513336297257,1,0,1,0,1,0,1,0,0,1,0,0,0,0,0
821,0.129823607519082,0,0,1,0,1,0,1,0,0,1,1,1,0,0,0
822,0.14819262605615,1,0,1,0,1,0,1,0,0,1,1,0,0,0,1
823,-0.648960333419168,1,0,1,0,1,0,1,0,0,1,1,0,0,0,0
824,-1.4564821987342,1,0,1,0,0,0,1,0,0,0,1,0,0,0,0
825,0.106183743581008,1,0,1,0,1,0,1,0,1,1,1,0,0,1,0
826,1.29088811667977,1,0,1,1,1,0,1,1,1,1,1,1,0,0,1
827,-0.409591938591017,1,0,1,0,1,1,1,0,0,1,1,0,1,0,0
828,0.31203694353622,1,0,1,0,1,0,1,0,1,1,1,0,0,0,0
829,1.70194908344671,1,0,1,1,1,1,1,1,1,1,1,1,1,0,1
830,0.258067837839081,0,0,1,0,1,0,1,1,1,1,0,0,0,1,1
831,-0.41225050905369,0,0,1,0,1,0,1,0,1,1,1,0,0,1,0
832,0.814477661082772,0,0,1,0,1,1,1,1,1,1,1,0,0,0,1
833,0.340547842152766,1,0,1,0,1,0,1,0,0,1,0,0,0,1,1
834,0.210900230304779,0,0,1,0,1,0,1,1,1,1,0,0,0,0,0
835,-0.719273460733834,1,0,1,0,1,0,1,0,0,1,1,0,0,0,0
836,-1.48093986115997,1,0,1,0,0,0,1,0,0,0,0,0,0,0,0
837,0.239339704409138,0,0,1,0,1,0,1,0,1,1,1,0,0,0,1
838,0.665965062933136,0,0,1,0,1,0,1,0,1,1,1,1,0,0,1
839,-0.370278120570168,0,0,1,0,1,0,1,0,1,1,1,0,0,0,0
840,0.289376285601226,0,0,1,0,1,1,1,0,1,1,0,0,0,1,1
841,0.61763523673251,1,0,1,0,1,0,1,1,1,1,1,0,1,1,0
842,-0.739466156789948,1,0,1,0,1,0,1,0,0,1,1,0,0,1,0
843,0.589650231063918,0,0,1,0,1,0,1,0,1,1,1,1,0,1,1
844,-0.124865316044432,0,0,1,0,1,1,1,0,1,1,1,0,0,0,1
845,0.89346830450574,1,0,1,0,1,0,1,1,0,1,1,1,0,1,1
846,-0.893772232885426,1,0,1,0,1,1,1,0,0,0,0,0,0,0,0
847,0.994865885947442,1,0,1,0,1,1,1,1,1,1,1,0,0,1,1
848,0.706384498119565,1,0,1,1,1,0,1,1,1,1,1,0,0,1,1
849,1.34769096772135,0,0,1,0,1,1,1,1,0,1,1,0,0,0,1
850,0.343158461516128,0,0,1,0,1,0,1,0,1,1,1,0,0,0,1
851,-1.26596449298339,0,0,1,0,1,1,1,0,0,0,0,0,0,0,0
852,0.0972071060509798,0,0,1,0,1,0,1,0,1,1,1,0,0,0,1
853,-1.87283433212348,1,0,0,0,1,0,1,0,0,0,1,0,0,0,0
854,-0.761444837255734,0,0,1,0,1,0,1,0,0,1,1,0,0,0,0
855,-0.540725955249998,0,0,1,0,1,0,1,0,0,1,1,0,0,1,0
856,-0.0924095637209487,0,0,1,0,1,0,1,0,0,1,1,0,0,0,0
857,-0.153332575099127,1,0,1,0,0,0,1,0,0,1,0,0,0,0,0
858,0.65367902522312,1,0,1,0,1,1,1,1,1,1,0,1,0,0,0
859,0.869642185593155,0,0,1,0,1,0,1,1,1,1,1,1,0,0,1
860,0.773624312963585,1,0,1,0,1,0,1,1,1,1,1,0,1,0,1
861,-0.273341681792166,0,0,1,0,1,0,1,0,0,1,1,0,0,0,1
862,-1.74680744266137,1,0,0,0,1,0,0,0,0,0,1,0,0,0,0
863,-0.78207550146701,0,0,1,0,1,0,1,0,0,1,1,0,0,0,0
864,0.695070043104202,1,0,1,1,1,0,1,1,0,1,0,1,0,0,0
865,0.463457758929866,1,0,1,0,1,1,1,1,1,1,1,0,0,0,1
866,-0.0191896636982592,0,0,1,0,1,0,1,0,1,1,1,0,0,0,0
867,1.0861065203023,0,0,1,1,1,0,1,1,1,1,1,1,0,1,1
868,0.383869430361647,1,0,1,0,1,0,1,1,1,1,1,0,0,0,1
869,-0.055535165885514,1,0,1,0,1,0,1,0,1,1,1,0,0,0,1
870,1.49155830086782,1,0,1,0,1,0,1,1,0,1,1,1,1,1,1
871,-2.26612544424597,1,0,0,0,0,0,0,0,0,0,0,0,0,0,0
872,0.904718308423659,1,0,1,0,1,0,1,1,1,1,1,1,0,0,1
873,0.331531704397316,1,0,1,0,1,0,1,0,1,1,1,1,0,1,1
874,1.36694607957851,0,0,1,0,1,1,1,1,1,1,1,1,0,0,1
875,-1.14216235283608,0,0,1,0,0,1,1,0,0,1,0,0,0,0,0
876,-0.177748218821855,1,0,1,1,1,1,1,0,0,1,1,0,0,0,0
877,-0.847769114382495,1,0,1,0,1,0,1,0,0,0,1,0,0,0,0
878,-0.517913700900967,0,0,1,0,0,0,1,0,0,1,1,0,0,1,1
879,0.260278168945472,1,0,1,0,1,0,1,0,0,1,1,0,0,0,1
880,-0.559896151669197,1,0,1,0,1,0,1,0,0,1,1,0,0,0,0
881,-1.34143562229011,1,0,1,0,0,0,1,0,0,0,1,0,0,0,0
882,0.68322015308486,0,0,1,0,1,1,1,0,1,1,1,0,0,0,1
883,-3.13306862954316,1,0,0,0,0,0,0,0,0,0,0,0,0,0,0
884,0.580598440053685,0,0,1,0,1,0,1,1,0,1,1,0,0,1,1
885,-0.08726627030258,1,0,1,0,1,0,1,0,1,1,1,1,0,0,0
886,-1.39237496408518,0,0,1,0,0,0,1,0,0,0,0,0,0,0,0
887,-0.952723432289232,0,0,1,0,1,1,1,0,0,0,0,0,0,1,0
888,-0.214200855450066,1,0,1,0,1,0,1,0,1,1,1,0,0,1,0
889,-0.222352449744266,1,0,1,0,1,0,1,0,1,1,0,0,0,0,1
890,-3.21535727435601,1,0,0,0,0,0,0,0,0,0,1,0,0,0,0
891,0.820490969333659,1,0,1,0,1,0,1,1,0,1,1,0,0,1,1
892,0.953623660055924,1,0,1,0,1,0,1,0,1,1,1,0,1,1,1
893,-0.424258145672524,0,0,1,0,1,0,1,0,0,1,1,0,0,0,1
894,-1.23446684538463,0,0,1,0,1,0,1,0,0,1,1,0,0,0,0
895,1.48082133027087,0,1,1,1,1,1,1,1,1,1,1,1,0,1,1
896,-1.83749527010455,0,0,1,0,0,0,0,0,0,0,0,0,0,1,0
897,1.96695080641707,1,0,1,0,1,1,1,1,1,1,1,1,1,1,1
898,-0.375231355033627,1,0,1,0,1,0,1,0,1,1,1,1,0,1,0
899,0.798447121939922,1,0,1,0,1,0,1,0,1,1,1,0,0,0,1
900,-1.59663081509739,1,0,1,0,0,0,0,0,1,0,1,0,0,0,0
901,1.08462570955714,1,0,1,0,1,0,1,1,1,1,1,1,0,0,1
902,1.11855951225131,1,0,1,0,1,0,1,1,1,1,1,0,0,0,1
903,-0.50239136316194,1,0,1,0,1,0,1,1,0,1,0,0,0,1,0
904,-0.268375489822989,1,0,1,0,1,1,1,0,1,1,0,0,0,1,0
905,-0.685585117307321,0,0,1,0,1,0,1,0,0,0,1,0,0,0,1
906,1.40748140346395,1,0,1,0,1,0,1,1,1,1,1,1,0,1,1
907,-1.56668654295858,1,0,1,0,1,0,1,0,0,0,1,0,0,0,0
908,-0.92083775592494,0,0,1,0,1,0,1,0,0,1,1,0,0,0,0
909,0.182465759542767,0,0,1,0,1,1,1,0,1,1,0,0,0,0,0
910,2.13563223128688,1,1,1,0,1,1,1,1,1,1,1,1,1,0,1
911,-1.96975158170812,0,0,1,0,0,0,0,0,0,0,1,0,0,0,0
912,-0.925409339848114,0,0,1,0,1,0,1,0,0,0,0,0,0,0,0
913,-1.10269796839401,1,0,1,0,0,0,1,0,0,0,0,0,0,0,0
914,-0.932861757529895,0,0,1,0,1,0,1,0,1,0,1,0,0,1,0
915,1.46432536110466,1,1,1,0,1,0,1,1,0,1,1,1,1,0,1
916,0.267777453768352,0,0,1,0,1,0,1,1,1,1,1,0,0,1,0
917,-1.93198316192334,0,0,0,0,0,0,0,0,0,0,1,0,0,0,0
918,-0.284286043018928,1,0,1,0,1,0,1,0,1,1,0,0,0,1,1
919,0.82793677846394,0,0,1,0,1,1,1,0,0,1,1,1,0,0,1
920,0.0161376132278029,1,0,1,0,1,0,1,0,1,1,0,0,0,0,1
921,-0.0280091194121724,0,0,1,0,1,0,1,1,0,1,1,0,0,0,1
922,1.39399841625801,0,0,1,1,1,1,1,1,1,1,1,1,1,0,1
923,0.858913768301866,1,0,1,0,1,1,1,1,0,1,1,0,0,0,1
924,-1.05234018403433,1,0,1,0,1,0,1,0,0,0,1,0,0,0,1
925,0.766873035420365,0,0,1,0,1,1,1,1,1,1,1,1,0,0,1
926,-2.66124163554065,1,0,0,0,0,0,0,0,0,0,1,0,0,1,0
927,0.509874140635028,1,0,1,0,1,0,1,1,0,1,0,0,0,1,1
928,-0.103917617661665,0,0,1,0,1,0,1,0,1,1,1,0,0,0,1
929,1.9501374563939,1,1,1,1,1,0,1,1,0,1,1,0,1,1,1
930,-0.119245936578962,1,0,1,0,1,1,1,0,0,1,1,0,0,0,1
931,2.16983638306539,0,1,1,1,1,0,1,1,1,1,1,1,1,1,1
932,-0.729624368553052,1,0,1,0,1,0,1,0,0,1,1,0,0,0,0
933,0.350714591026236,1,0,1,0,1,0,1,1,0,1,1,0,0,0,1
934,-0.027180111217114,1,0,1,0,1,1,1,0,0,1,1,0,0,1,1
935,-0.683324975362664,1,0,1,0,1,0,1,0,1,1,0,0,0,0,1
936,-1.1904784992713,0,0,1,0,1,0,1,0,0,1,0,0,0,1,0
937,0.216111243568052,1,0,1,0,1,0,1,0,1,1,1,0,0,0,0
938,0.132413945867042,1,0,1,0,1,1,1,0,1,1,1,0,0,0,1
939,-0.596496499927893,0,0,1,0,1,0,1,0,0,1,1,0,0,0,0
940,1.74567321407548,0,0,1,1,1,1,1,1,1,1,1,1,1,1,1
941,-0.682859234865772,0,0,1,0,1,0,1,0,1,1,1,0,0,0,0
942,-1.65739920198545,1,0,0,0,1,0,1,0,0,0,0,0,0,0,0
943,-0.0295471700751897,1,0,1,0,1,0,1,0,1,1,1,0,0,1,1
944,1.16912486001495,1,0,1,0,1,1,1,1,0,1,1,1,0,1,1
945,-1.30917795943976,1,0,1,0,1,0,1,0,0,0,1,0,0,0,0
946,0.15340732476497,1,0,1,0,1,0,1,1,1,1,1,0,0,1,0
947,-0.0715014910344273,1,0,1,0,1,0,1,0,0,1,1,0,0,0,1
948,-0.0271851881958493,1,0,1,0,1,0,1,1,0,1,1,0,0,1,0
949,-2.20320534934789,1,0,1,0,0,0,0,0,0,0,1,0,0,0,0
950,0.0458916371423004,1,0,1,0,1,0,1,0,0,1,0,1,0,0,1
951,0.455505597976451,0,0,1,0,1,0,1,0,1,1,0,1,0,1,1
952,-0.756987113395918,1,0,1,0,1,0,1,0,1,1,1,0,0,0,0
953,1.69474380951665,1,0,1,0,1,1,1,1,1,1,1,1,0,0,1
954,1.91798128932024,1,1,1,1,1,1,1,1,1,1,0,1,1,1,1
955,-0.954199772067245,1,0,1,0,1,0,1,0,0,1,0,0,0,0,0
956,1.92959683391064,1,0,1,0,1,1,1,1,1,1,0,1,1,0,1
957,1.87614858072313,1,0,1,0,1,0,1,1,1,1,1,0,1,0,1
958,1.30926494437626,0,0,1,0,1,1,1,1,1,1,1,0,0,1,1
959,0.138170478584382,1,0,1,0,1,0,1,0,0,1,1,1,0,1,1
960,-0.0927405647958131,1,0,1,0,1,0,1,0,1,1,0,0,0,0,1
961,-1.40583191063407,0,0,1,0,1,0,1,0,0,1,0,0,0,0,0
962,0.263616316397734,1,0,1,0,1,0,1,0,1,1,1,0,0,0,1
963,-0.177412785765275,1,0,1,0,1,0,1,0,1,1,1,0,0,0,0
964,0.836730384700606,1,0,1,1,1,0,1,0,1,1,0,1,0,0,1
965,-0.550320867412107,0,0,1,0,1,0,1,0,1,1,1,0,0,0,0
966,-0.808007428138892,0,0,1,0,0,1,1,0,0,1,0,0,0,0,0
967,0.19921530635527,1,0,1,0,1,0,1,1,1,1,1,0,0,0,0
968,-1.35289673894315,1,0,1,0,1,0,1,0,1,1,0,0,0,0,0
969,0.158672740052935,1,0,1,0,1,0,1,0,0,1,0,1,0,0,0
970,1.63187912932669,0,0,1,1,1,0,1,1,0,1,0,1,0,1,1
971,0.491067230167251,0,0,1,0,1,1,1,1,0,1,1,1,0,1,1
972,0.877256547840759,1,0,1,0,1,0,1,0,0,1,1,0,0,1,1
973,0.0271068047135762,1,0,1,0,1,0,1,0,1,1,1,0,0,0,0
974,0.0875894710924279,1,0,1,0,1,0,1,0,0,1,1,0,0,0,0
975,1.64091562880329,1,0,1,1,1,0,1,1,1,1,1,0,0,1,1
976,0.084858562180978,1,0,1,0,1,0,1,0,1,1,1,0,0,0,1
977,0.764475778635808,1,0,1,1,1,0,1,1,1,1,0,0,0,0,1
978,0.640329044590601,0,0,1,0,1,0,1,1,0,1,1,1,1,0,1
979,-1.10789923519735,1,0,1,0,1,0,1,0,0,1,1,0,0,0,0
980,-0.15917454317552,0,0,1,0,1,0,1,0,0,1,1,0,1,0,1
981,0.47583173001437,0,0,1,0,1,1,1,1,0,1,1,0,0,0,1
982,0.666010857642391,0,0,1,0,1,1,1,0,0,1,1,0,0,1,1
983,0.435519227592562,1,0,1,0,1,1,1,1,1,1,1,0,0,1,1
984,0.799796313140464,1,0,1,0,1,0,1,1,0,1,1,0,0,1,1
985,-0.381902973763107,0,0,1,0,1,0,1,0,1,1,1,0,0,1,0
986,0.587710558074243,1,0,1,0,1,0,1,1,1,1,1,0,0,0,1
987,0.278968739511162,0,0,1,0,1,1,1,1,1,1,1,0,0,1,1
988,0.25840921196188,0,0,1,0,1,0,1,0,1,1,1,0,0,0,1
989,-0.496127926955183,0,0,1,0,1,0,1,0,1,1,0,0,0,1,0
990,1.09423428825722,0,0,1,0,1,0,1,1,1,1,1,0,0,1,1
991,1.05769341971727,0,0,1,0,1,0,1,1,0,1,1,0,1,1,1
992,0.0429754571004874,1,0,1,0,1,1,1,0,0,1,1,0,0,1,1
993,-0.982662878157068,1,0,1,0,1,1,1,0,0,1,1,0,0,1,0
994,-0.475417423312651,1,0,1,0,1,0,1,0,0,1,1,0,0,1,1
995,-1.94528494265543,1,0,0,0,0,0,1,0,0,0,0,0,0,1,0
996,-0.860222292536891,0,0,1,0,1,0,1,0,1,1,0,0,0,0,1
997,0.735720065135912,0,0,1,0,1,0,1,1,0,1,1,0,0,0,1
998,-0.840917306867295,1,0,1,0,1,0,1,0,0,1,0,0,0,1,0
999,-0.384871758773134,1,0,1,0,1,1,1,0,0,1,0,0,0,0,0
1000,-0.782854696668855,0,0,1,0,1,0,1,0,0,1,0,0,0,0,0
1001,0.918075244050984,1,0,1,1,1,1,1,1,0,1,0,1,0,0,1
1002,-0.281560444278967,0,0,1,0,1,0,1,0,0,1,0,0,0,0,1
1003,-0.99538924936736,0,0,1,0,0,0,1,0,0,0,1,0,0,0,0
1004,0.764854034338805,1,0,1,0,1,0,1,1,1,1,1,1,0,1,1
1005,0.072120884064708,0,0,1,0,1,0,1,0,1,1,0,0,0,1,0
1006,0.116210288256728,0,0,1,0,1,1,1,0,1,1,1,0,0,1,1
1007,0.257514961837792,0,0,1,0,1,0,1,1,0,1,1,0,0,0,1
1008,0.0407310568330632,0,0,1,0,1,0,1,1,0,1,1,0,0,0,0
1009,-0.358150033760718,0,0,1,0,1,0,1,0,0,1,1,0,0,1,0
1010,-1.16351541830931,0,0,1,0,1,0,1,0,0,0,0,0,0,1,0
1011,-0.706023487222956,0,0,1,0,1,0,1,0,0,1,1,0,0,0,1
1012,-1.73655259145459,1,0,1,0,1,0,0,0,0,0,0,0,0,0,0
1013,-0.227645498159585,0,0,1,0,1,0,1,0,1,1,0,0,1,0,1
1014,1.08024543435334,1,0,1,0,1,0,1,1,1,1,1,0,1,1,1
1015,-0.392305173357243,0,0,1,0,1,0,1,0,1,1,1,0,0,0,1
1016,0.943045621576863,0,0,1,0,1,0,1,1,1,1,1,0,0,1,1
1017,-1.27214682860242,0,0,1,0,1,0,1,0,0,1,1,0,0,0,0
1018,-0.870062476315595,0,0,1,0,1,0,1,0,0,1,1,0,0,0,0
1019,2.17678791292571,0,0,1,1,1,1,1,1,1,1,1,1,0,1,1
1020,-1.78801070309357,1,0,1,0,0,1,0,0,0,1,0,0,0,1,0
1021,1.52820951246138,1,0,1,0,1,1,1,1,0,1,1,1,1,1,1
1022,-0.145843245180398,0,0,1,0,1,0,1,0,1,1,0,0,0,1,1
1023,-2.04798406337472,1,0,0,0,1,0,1,0,0,0,0,0,0,0,0
1024,-0.549706915190789,0,0,1,0,1,1,1,0,0,0,0,0,0,0,0
1025,-0.606849827938553,0,0,1,0,1,0,1,0,0,1,1,0,0,0,0
1026,0.452503627783594,1,0,1,0,1,0,1,0,1,1,1,0,0,0,1
1027,-0.617981147312251,0,0,1,0,1,0,1,0,0,1,1,0,0,0,0
1028,1.00685214583457,1,0,1,0,1,0,1,1,1,1,0,1,0,0,1
1029,1.13795484767163,0,0,1,0,1,1,1,1,1,1,0,0,0,1,1
1030,-1.84102412663886,0,0,1,0,1,0,0,0,0,1,1,0,0,0,0
1031,0.452508588410588,1,0,1,0,1,1,1,1,1,1,0,0,0,1,0
1032,0.222427557873087,1,0,1,0,1,0,1,0,0,1,0,0,1,0,1
1033,0.634743111421192,0,0,1,1,1,0,1,1,1,1,1,0,0,0,1
1034,0.76077667581349,1,0,1,0,1,0,1,1,0,1,1,0,0,0,1
1035,0.417923600463041,0,0,1,0,1,0,1,1,1,1,1,0,0,1,1
1036,0.111007030676331,0,0,1,0,1,1,1,0,1,1,1,0,0,0,1
1037,-2.42698883949542,1,0,1,0,0,0,0,0,0,0,0,0,0,0,0
1038,1.17275439802673,0,0,1,1,1,1,1,1,1,1,1,0,1,1,1
1039,0.763989183455719,1,0,1,0,1,0,1,1,1,1,0,1,0,0,1
1040,0.639669954307139,0,0,1,1,1,1,1,1,0,1,1,0,0,1,1
1041,0.706443453494474,0,0,1,0,1,1,1,1,0,1,1,0,0,0,0
1042,-1.93570510095934,0,0,1,0,0,0,1,0,0,0,0,0,0,0,0
1043,-0.284883477359422,0,0,1,0,1,0,1,0,0,0,1,0,0,0,0
1044,1.09378201430223,1,0,1,0,1,0,1,1,1,1,0,0,0,0,1
1045,0.726350436302296,0,0,1,0,1,0,1,1,1,1,1,0,0,0,1
1046,1.26468083096065,1,0,1,1,1,0,1,1,1,1,1,1,0,1,1
1047,1.02943783999342,1,0,1,0,1,0,1,0,1,1,1,0,0,1,1
1048,-0.122357166911632,0,0,1,0,1,0,1,0,0,1,1,0,0,0,0
1049,-0.437940526225808,1,0,1,0,1,0,1,0,0,1,1,0,1,0,1
1050,0.0531713973785017,1,0,1,0,1,0,1,0,0,1,0,0,0,1,1
1051,1.82380535520896,1,0,1,1,1,0,1,1,1,1,1,1,1,1,1
1052,-0.121990244199542,1,0,1,1,1,0,1,0,0,1,1,0,0,0,0
1053,-0.730473129861172,0,0,1,0,1,0,1,0,1,1,1,0,0,0,0
1054,-0.338345620262745,1,0,1,0,1,0,1,0,0,1,1,0,0,1,1
1055,-0.26298416613241,0,0,1,0,1,1,1,0,0,1,1,0,0,0,0
1056,-0.881112685465839,0,0,1,0,1,0,1,0,1,1,0,0,0,0,1
1057,0.611649102479772,0,0,1,0,1,0,1,0,1,1,1,0,0,0,1
1058,0.281862790617344,1,0,1,0,1,0,1,0,0,1,0,0,0,1,1
1059,0.463133406542102,0,0,1,0,1,0,1,1,1,1,1,0,0,0,1
1060,-1.22536908199929,1,0,1,0,1,0,1,0,0,1,1,0,0,0,0
1061,0.407163153619261,0,0,1,0,1,1,1,0,1,1,1,0,0,0,1
1062,-1.29728146842318,1,0,1,0,0,0,1,0,0,0,1,0,0,0,0
1063,-1.42412116877898,0,0,1,0,1,0,1,0,0,0,0,0,0,0,0
1064,0.0135525001864564,1,0,1,0,1,1,1,0,0,1,1,0,0,1,0
1065,-0.426660752896128,0,0,1,0,1,0,1,0,1,1,1,0,0,0,0
1066,0.577183936228763,0,0,1,0,1,1,1,1,1,1,1,0,0,1,1
1067,-0.0921988232922754,1,0,1,0,1,0,1,0,1,1,1,1,0,1,1
1068,0.56488117349578,1,0,1,0,1,1,1,0,1,1,1,0,0,0,1
1069,0.090692574161711,1,0,1,0,1,1,1,0,1,1,1,0,0,1,1
1070,-0.153071881537212,0,0,1,0,1,1,1,0,1,1,1,0,0,0,0
1071,-1.45133709526478,0,0,1,0,1,0,0,0,0,0,0,0,0,1,0
1072,-0.178296266518534,1,0,1,0,1,0,1,0,0,1,1,0,0,0,1
1073,-0.154977992041272,1,0,1,0,1,0,1,0,0,1,0,0,0,0,0
1074,-0.803043478017378,1,0,1,0,1,0,1,0,1,1,0,0,0,0,0
1075,1.54032565976714,1,0,1,0,1,0,1,1,1,1,1,1,1,1,1
1076,0.460876770091022,1,0,1,0,1,1,1,1,0,1,1,0,0,0,1
1077,0.262943170511649,0,0,1,0,1,0,1,0,1,1,0,0,0,0,1
1078,-0.0560634725330751,1,0,1,0,1,0,1,0,1,1,1,0,0,1,1
1079,0.96607463761796,0,0,1,0,1,0,1,0,0,1,1,1,0,1,1
1080,1.26460490057414,1,0,1,0,1,0,1,1,1,1,1,0,0,1,1
1081,0.802253871854822,1,0,1,0,1,0,1,1,1,1,1,0,1,1,0
1082,-0.998957714454114,1,0,1,0,1,0,1,0,1,1,1,0,0,1,0
1083,-0.774458295075797,1,0,1,0,1,0,1,0,0,1,1,0,0,0,0
1084,0.523405520463395,1,0,1,0,1,1,1,1,1,1,1,0,0,0,1
1085,1.15865253764051,0,0,1,0,1,1,1,1,1,1,0,1,1,1,1
1086,1.85487817965713,1,1,1,0,1,0,1,1,1,1,1,1,1,0,1
1087,-1.13315999456826,0,0,1,0,1,1,1,0,0,0,0,0,0,0,0
1088,-0.685529654263184,1,0,1,0,1,0,1,0,0,0,1,0,0,0,0
1089,0.70035456906731,1,0,1,0,1,0,1,1,1,1,1,0,0,0,1
1090,0.778875184263129,1,0,1,0,1,0,1,0,0,1,1,0,0,0,1
1091,0.101130815007501,0,0,1,0,1,0,1,0,0,1,1,0,0,0,0
1092,0.357761119333988,1,0,1,0,1,0,1,1,0,1,0,0,0,0,1
1093,-0.859229365400622,1,0,1,0,1,0,1,0,1,1,0,0,0,0,0
1094,0.17981592004227,1,0,1,0,1,0,1,0,0,1,0,0,0,0,0
1095,-0.114012415160059,0,0,1,0,1,1,1,0,1,1,1,0,0,1,0
1096,-0.692583855911888,1,0,1,0,1,0,1,0,0,1,1,0,0,1,0
1097,-0.176914734096076,1,0,1,0,1,0,1,0,0,1,1,0,0,0,1
1098,0.949815587149821,0,0,1,0,1,0,1,1,0,1,1,1,0,1,1
1099,0.615513804423652,1,0,1,1,1,1,1,0,0,1,1,1,1,0,1
1100,2.13676262617502,0,1,1,1,1,1,1,1,1,1,1,1,1,1,1
1101,0.833248086663158,0,0,1,0,1,1,1,1,1,1,0,1,0,0,1
1102,1.06612389029118,1,0,1,0,1,0,1,1,0,1,1,1,0,1,1
1103,-0.0323118355817673,1,0,1,0,1,0,1,0,1,1,0,0,0,1,0
1104,-1.85469703637545,1,0,0,0,0,0,1,0,0,0,0,0,0,0,0
1105,-0.37747119626382,0,0,1,0,1,0,1,0,0,1,1,0,0,0,0
1106,-0.0879144846893962,1,0,1,0,1,1,1,0,0,1,1,0,0,0,1
1107,-2.03092125172915,1,0,1,0,0,0,0,0,0,0,0,0,0,1,0
1108,-0.163740459002575,0,0,1,0,1,0,1,0,0,0,1,0,0,0,0
1109,0.62343896841592,1,0,1,0,1,0,1,0,1,1,1,0,0,1,1
1110,0.736572635135881,1,0,1,0,1,0,1,0,1,1,0,0,0,0,1
1111,0.893460739649771,1,0,1,0,1,0,1,1,1,1,1,1,0,0,1
1112,1.94771019893118,0,1,1,1,1,0,1,1,1,1,1,1,1,1,1
1113,1.38692416311113,1,1,1,0,1,0,1,1,1,1,1,0,0,0,1
1114,-0.628521449530787,1,0,1,0,1,0,1,0,0,1,1,0,0,0,1
1115,-0.730847757800579,1,0,1,0,1,0,1,0,0,1,0,0,0,0,1
1116,-0.132043633345853,1,0,1,0,1,0,1,0,0,1,1,0,0,0,1
1117,0.208969415187589,0,0,1,0,1,0,1,1,0,1,0,0,0,0,0
1118,0.417684526190413,1,0,1,0,1,1,1,1,1,1,1,0,0,0,0
1119,-1.16311699225471,0,0,1,0,1,0,1,0,0,1,1,0,0,1,0
1120,-0.933357647677107,1,0,1,0,1,1,1,0,0,1,1,0,0,0,0
1121,-0.0827204414668726,1,0,1,0,1,0,1,0,0,1,1,0,0,1,1
1122,0.60346337342503,1,0,1,0,1,0,1,1,0,1,1,0,0,0,1
1123,1.15432596334265,0,0,1,0,1,1,1,1,1,1,1,1,1,0,1
1124,-0.820831366621033,1,0,1,0,1,0,1,0,0,1,1,0,0,1,0
1125,-0.565174039107601,1,0,1,0,1,0,1,0,0,1,1,0,0,1,1
1126,-0.190331798578007,1,0,1,0,1,1,1,0,0,1,0,0,0,0,0
1127,1.70285174377321,0,0,1,0,1,0,1,1,1,1,1,1,1,0,1
1128,-2.17752394021812,0,0,0,0,0,0,0,0,0,0,0,0,0,0,0
1129,0.643064318436445,1,0,1,0,1,1,1,1,1,1,1,0,0,1,1
1130,0.394876269223897,0,0,1,0,1,0,1,0,1,1,1,0,0,0,1
1131,0.840813157605903,1,0,1,0,1,0,1,1,1,1,1,0,0,1,1
1132,-0.71588844019859,1,0,1,0,1,0,1,0,0,1,1,0,0,0,0
1133,1.07039905682829,0,0,1,0,1,1,1,1,0,1,1,1,0,0,1
1134,1.16431883778675,0,0,1,0,1,1,1,1,1,1,1,0,0,0,1
1135,-0.0906528231408073,1,0,1,0,1,0,1,0,1,1,0,0,0,0,1
1136,0.504424385109324,0,0,1,0,1,0,1,1,0,1,0,0,0,0,1
1137,-0.0349487431939509,1,0,1,0,1,0,1,0,1,1,1,0,0,1,1
1138,0.465529675919334,0,0,1,0,1,0,1,1,1,1,1,0,0,1,1
1139,-0.651426252191527,1,0,1,0,1,0,1,0,0,1,1,0,0,0,0
1140,0.571191867703672,1,0,1,0,1,1,1,1,1,1,1,0,0,0,0
1141,-0.0738038026816585,0,0,1,0,1,0,1,0,1,1,0,0,0,1,0
1142,-0.432939396672179,0,0,1,0,1,1,1,0,0,0,1,0,0,1,0
1143,2.00642224283944,0,1,1,0,1,0,1,1,1,1,0,1,0,1,1
1144,0.334129022485826,0,0,1,0,1,0,1,1,1,1,0,0,0,0,1
1145,-0.26841042087242,1,0,1,0,1,0,1,0,1,1,0,0,0,0,1
1146,1.71241904032813,1,0,1,0,1,0,1,1,1,1,1,1,1,1,1
1147,-0.27263381957903,1,0,1,0,1,1,1,0,0,1,1,0,0,0,0
1148,0.38730304375006,1,0,1,0,1,1,1,0,1,1,1,0,0,1,1
1149,0.124943977793804,1,0,1,0,1,1,1,1,0,1,1,0,0,0,0
1150,0.873823328133713,0,0,1,0,1,0,1,1,1,1,1,0,0,0,1
1151,0.423948698209423,1,0,1,0,1,0,1,0,1,1,0,0,0,0,1
1152,-0.0410168134919753,0,0,1,0,1,1,1,0,1,1,1,0,0,0,1
1153,-0.0582427487109797,1,0,1,0,1,0,1,0,1,1,0,0,0,1,1
1154,-0.394609035670895,0,0,1,0,1,0,1,0,0,1,1,0,0,0,0
1155,1.79826415679557,0,0,1,1,1,1,1,1,1,1,1,1,0,1,1
1156,-0.258485147456673,1,0,1,0,1,1,1,1,0,1,1,0,0,0,0
1157,1.30093208045022,0,0,1,0,1,0,1,1,1,1,1,1,0,0,1
1158,1.3587960012343,1,0,1,1,1,1,1,1,1,1,1,0,1,0,1
1159,0.216957596397462,1,0,1,0,1,0,1,0,0,1,1,0,0,0,1
1160,1.0891196792209,1,0,1,1,1,0,1,1,0,1,1,0,0,1,1
1161,0.206288570198686,1,0,1,0,1,0,1,0,1,1,1,0,0,0,1
1162,-0.119211854784705,1,0,1,0,1,0,1,0,0,1,1,0,0,0,1
1163,-0.275185119609856,0,0,1,0,1,1,1,0,0,1,0,0,0,0,1
1164,-0.129856314945616,0,0,1,0,1,1,1,0,0,1,1,1,0,0,0
1165,-1.68301431374755,0,0,1,0,1,0,1,0,0,1,1,0,0,0,0
1166,0.299292873280891,1,0,1,0,1,0,1,0,0,1,1,0,1,0,1
1167,0.95769424032509,1,0,1,0,1,0,1,0,0,1,1,1,0,1,1
1168,2.54582257732627,1,1,1,1,1,1,1,1,1,1,1,1,1,0,1
1169,0.2445345014068,1,0,1,0,1,0,1,0,1,1,1,0,0,1,1
1170,0.820886414046529,1,0,1,0,1,1,1,0,1,1,0,0,0,0,1
1171,-0.535543742323406,0,0,1,0,1,1,1,1,0,1,0,0,0,1,0
1172,0.287470327134309,1,0,1,0,1,0,1,0,1,1,0,0,0,1,1
1173,1.81118114496995,1,0,1,1,1,0,1,1,1,1,1,1,1,1,1
1174,-0.0144494075806685,0,0,1,0,1,0,1,0,1,1,0,0,0,0,0
1175,-0.279939254447586,1,0,1,0,1,0,1,0,0,1,1,0,0,1,0
1176,-0.0720376647708943,0,0,1,0,1,1,1,0,1,1,1,0,0,0,0
1177,0.483869055673616,1,0,1,0,1,0,1,0,1,1,1,0,1,0,1
1178,0.904548137574715,0,0,1,0,1,1,1,1,1,1,1,0,0,1,1
1179,-0.194781305367565,0,0,1,0,1,0,1,0,0,1,0,0,0,1,1
1180,-1.59028435700267,0,0,1,0,1,0,1,0,0,0,1,0,0,0,0
1181,-0.932914290058588,0,0,1,0,1,0,1,0,0,0,1,0,0,0,0
1182,1.1677619075561,0,0,1,0,1,0,1,1,0,1,1,0,0,1,1
1183,1.01727623628055,1,0,1,0,1,1,1,1,1,1,1,0,0,0,1
1184,2.93911291284522,0,1,1,1,1,0,1,1,1,1,1,1,1,1,1
1185,1.2433448820283,1,0,1,1,1,0,1,1,1,1,1,1,0,1,1
1186,-0.911897347614633,0,0,1,0,0,0,1,0,0,0,1,0,0,0,0
1187,-1.19955602436029,1,0,1,0,1,0,1,0,0,0,0,0,0,1,0
1188,-0.511071152957575,1,0,1,0,1,1,1,0,0,1,1,0,0,1,0
1189,-0.403792478668557,0,0,1,0,1,0,1,0,0,1,1,0,0,0,0
1190,-0.987351967225315,1,0,1,0,1,0,1,0,0,0,0,0,0,0,0
1191,-0.420508817003626,1,0,1,0,1,0,1,0,0,0,1,1,0,0,0
1192,0.69470019294865,1,0,1,1,1,1,1,1,0,1,1,0,0,0,0
1193,-1.85087733711945,1,0,1,0,1,0,0,0,0,0,0,0,0,1,0
1194,0.214281337957559,1,0,1,0,1,0,1,0,0,1,1,0,0,1,1
1195,0.650526107883527,0,0,1,0,1,1,1,1,0,1,1,0,0,0,1
1196,-0.0253963959913078,1,0,1,0,1,0,1,0,1,1,0,0,0,1,0
1197,-2.02806915136516,0,0,1,0,1,0,0,0,0,0,1,0,0,0,0
1198,0.466488975579894,0,0,1,0,1,1,1,0,0,1,1,0,0,0,1
1199,-0.650220859432117,0,0,1,0,1,0,1,0,1,1,0,0,0,0,0
1200,1.19442443984725,0,0,1,0,1,0,1,1,1,1,1,0,0,0,1
1201,-0.0740914439356453,1,0,1,0,1,1,1,0,0,1,1,0,0,1,0
1202,0.248590275464605,1,0,1,0,1,0,1,1,0,1,1,0,0,0,1
1203,0.480569444032779,1,0,1,0,1,0,1,1,1,1,1,0,0,0,0
1204,0.131391137377294,0,0,1,0,1,0,1,0,0,1,1,0,0,1,0
1205,-0.268747472090397,0,0,1,0,1,0,1,0,1,1,1,0,0,0,0
1206,-1.29576281584643,0,0,1,0,1,0,1,0,1,1,1,0,0,0,0
1207,2.32880886151223,1,1,1,1,1,1,1,1,1,1,1,1,1,0,1
1208,-0.680062813372477,1,0,1,0,1,1,1,0,0,1,1,0,0,1,0
1209,-1.04502913897267,1,0,1,0,1,0,1,0,0,0,1,0,0,0,0
1210,-1.27881315552142,1,0,1,0,1,0,1,0,0,1,1,0,0,0,0
1211,-0.446861313741242,0,0,1,0,1,0,1,0,0,1,1,1,0,0,0
1212,-0.535671285935652,0,0,1,0,0,0,1,0,1,1,1,0,0,0,0
1213,0.331183518780072,1,0,1,0,1,1,1,1,1,1,1,0,0,1,1
1214,-1.61909765242402,0,0,1,0,1,0,1,0,0,0,1,0,0,0,0
1215,0.235091010898452,0,0,1,0,1,0,1,0,1,1,1,1,0,0,0
1216,-0.633651550318208,0,0,1,0,1,1,1,0,0,1,1,0,0,1,0
1217,-1.48191545492442,1,0,1,0,1,0,0,0,0,0,0,0,0,0,0
1218,1.83616211154007,0,0,1,1,1,1,1,1,0,1,1,1,1,1,1
1219,-1.73668387170966,0,0,1,0,1,1,1,0,0,0,1,0,0,0,0
1220,0.0623748871623746,1,0,1,0,1,0,1,0,0,1,0,0,0,1,1
1221,0.326301116307674,0,0,1,0,1,1,1,0,1,1,1,0,0,1,1
1222,-1.153770690111,1,0,1,0,1,1,1,0,0,1,1,0,0,0,0
1223,-0.562741511855299,1,0,1,0,1,0,1,0,0,1,1,0,0,0,0
1224,-0.0508129779717065,1,0,1,0,1,0,1,0,0,1,0,0,0,0,0
1225,0.0486199327659543,1,0,1,0,1,0,1,0,1,1,1,1,0,0,1
1226,-0.60671663995579,1,0,1,0,1,0,1,0,1,1,0,0,0,0,0
1227,-0.549948553204342,1,0,1,0,1,0,1,0,0,1,1,0,0,1,0
1228,-0.435243017479203,1,0,1,0,1,0,1,0,0,1,0,0,0,0,1
1229,1.8238321446955,1,0,1,1,1,0,1,1,0,1,1,1,1,1,1
1230,0.98232430930256,1,0,1,0,1,1,1,1,1,1,1,1,1,1,1
1231,0.531654752461338,1,0,1,0,1,1,1,0,1,1,1,1,0,1,1
1232,-0.789506620454265,0,0,1,0,1,0,1,0,1,1,0,0,0,1,0
1233,0.299341230990564,1,0,1,0,1,1,1,1,1,1,1,0,0,0,0
1234,0.0983535449931667,0,0,1,0,1,0,1,0,1,1,1,1,0,0,0
1235,-1.05177477698382,0,0,1,0,1,0,0,0,0,1,1,0,0,0,1
1236,-0.134941311220223,1,0,1,0,1,0,1,0,0,1,1,0,0,0,1
1237,0.721633925359973,1,0,1,0,1,0,1,1,1,1,1,1,1,0,1
1238,0.0534203771838918,1,0,1,0,1,1,1,0,1,1,1,0,0,0,1
1239,1.95206189927109,0,0,1,0,1,1,1,1,1,1,1,1,0,1,1
1240,0.182281410926669,1,0,1,0,1,0,1,0,0,1,1,0,0,1,1
1241,-0.116461945488379,0,0,1,0,1,0,1,0,0,1,0,0,0,0,0
1242,0.592875829883313,0,0,1,0,1,1,1,1,1,1,1,1,0,0,1
1243,-1.06092511753444,1,0,1,0,1,1,1,0,1,1,0,0,0,0,0
1244,0.206283383217931,1,0,1,0,1,0,1,0,1,1,1,0,0,0,0
1245,0.110434282529173,0,0,1,0,1,0,1,0,1,1,1,0,0,0,1
1246,-2.54683552858063,0,0,1,0,0,0,0,0,0,0,0,0,0,0,0
1247,0.612087255540908,1,0,1,0,1,0,1,1,0,1,1,0,0,1,1
1248,0.0696573328567294,1,0,1,0,1,0,1,1,1,1,1,0,0,1,1
1249,0.449924252046033,1,0,1,0,1,0,1,0,0,1,1,0,0,0,1
1250,-0.185002491793996,1,0,1,0,1,0,1,0,1,1,0,0,0,0,1
1251,0.0623703973267016,1,0,1,0,1,1,1,0,1,1,0,0,0,1,1
1252,-0.232315951340307,0,0,1,0,1,0,1,0,0,1,0,0,0,0,1
1253,-1.2393440956052,0,0,1,0,1,0,1,0,0,1,0,0,0,0,0
1254,-0.473336541404544,1,0,1,0,0,0,1,0,1,1,1,0,0,0,0
1255,0.56036813314266,0,0,1,0,1,0,1,1,1,1,1,0,1,0,1
1256,-0.559225197795858,1,0,1,0,0,0,1,0,0,1,0,0,1,0,1
1257,1.29717786409868,1,0,1,0,1,1,1,1,0,1,1,1,1,1,1
1258,0.650124439972191,0,0,1,0,1,1,1,1,1,1,1,0,0,1,1
1259,-0.0256833603328166,1,0,1,0,1,0,1,0,1,1,1,0,0,0,1
1260,-0.0342981304587785,1,0,1,0,1,0,1,0,0,1,1,0,0,0,1
1261,1.12854595599862,0,0,1,0,1,0,1,0,0,1,0,1,1,1,1
1262,-0.177383110725196,0,0,1,0,1,0,1,0,1,1,0,0,0,0,0
1263,1.87448394129407,1,0,1,0,1,0,1,1,1,1,1,1,0,1,1
1264,-1.69200987945211,1,0,1,0,1,0,0,0,0,1,0,0,0,0,0
1265,0.689076913299616,0,0,1,0,1,1,1,0,1,1,0,0,0,1,1
1266,0.460600320917826,1,0,1,0,1,0,1,0,1,1,1,0,0,0,0
1267,0.899933690937863,1,0,1,0,1,1,1,0,1,1,0,0,0,0,1
1268,-1.87594803241579,0,0,1,0,1,0,1,0,0,0,1,0,0,0,0
1269,1.2325367048003,1,0,1,0,1,0,1,1,0,1,0,0,0,1,1
1270,0.746815863064869,0,0,1,0,1,1,1,1,1,1,1,0,0,0,1
1271,0.801805437168522,0,0,1,0,1,0,1,0,1,1,1,0,0,0,1
1272,1.22028662666268,1,0,1,0,1,0,1,1,0,1,1,1,0,1,1
1273,0.14576374305177,0,0,1,0,1,0,1,0,0,1,1,0,0,0,1
1274,0.194818915246004,0,0,1,0,1,0,1,1,1,1,1,0,0,1,1
1275,-0.586635354052593,0,0,1,0,1,1,1,0,0,1,1,0,0,0,0
1276,-0.840297318096457,1,0,1,0,0,0,1,0,0,1,1,0,0,1,0
1277,0.347429487870885,0,0,1,0,1,0,1,0,1,1,1,0,1,0,1
1278,-0.546468102341066,0,0,1,0,1,0,1,0,0,1,1,0,0,1,1
1279,-0.266223117960888,0,0,1,0,1,0,1,0,0,1,0,0,0,0,0
1280,0.085146478528251,0,0,1,0,1,0,1,1,1,1,1,0,0,1,1
1281,-0.322553459816716,0,0,1,0,1,1,1,0,0,1,0,0,0,0,1
1282,-1.65738148431194,0,0,1,0,1,0,1,0,0,0,0,0,0,0,0
1283,-0.0455306726565354,1,0,1,0,1,0,1,1,1,1,0,0,0,0,0
1284,-0.525903308211764,0,0,1,0,1,1,1,0,0,1,1,0,0,0,1
1285,-0.903628770694829,0,0,1,0,1,0,1,0,0,1,1,0,0,0,1
1286,0.603468748154513,0,0,1,0,1,1,1,0,0,1,1,0,0,1,1
1287,-0.050487449391206,1,0,1,0,1,0,1,0,0,1,0,0,0,0,1
1288,-1.07422019695362,1,0,1,0,1,0,1,0,0,0,0,0,0,1,0
1289,1.66109879866018,1,0,1,0,1,0,1,1,1,1,1,1,0,0,1
1290,0.791540770932769,0,0,1,0,1,0,1,0,1,1,1,0,0,1,1
1291,1.27955839623276,0,0,1,0,1,0,1,1,0,1,1,1,0,0,1
1292,1.04931260900324,1,0,1,0,1,0,1,1,1,1,0,0,0,1,1
1293,-0.129200611952,0,0,1,0,1,0,1,0,1,1,1,0,0,0,1
1294,-0.76803262549529,1,0,1,0,1,0,1,0,1,1,1,0,0,0,0
1295,0.137961646823546,0,0,1,0,1,0,1,0,1,1,0,0,0,0,1
1296,0.0714644821284116,1,0,1,0,1,1,1,1,0,1,1,0,0,0,0
1297,-0.486960193489701,1,0,1,0,1,0,1,0,0,1,0,0,0,0,1
1298,0.712337089376536,1,0,1,0,1,0,1,0,0,1,1,0,0,0,1
1299,0.143339220236025,0,0,1,0,1,1,1,1,0,1,0,1,0,1,1
1300,-0.268717188904775,0,0,1,0,1,0,1,0,1,1,1,0,0,1,1
1301,0.399705222239232,0,0,1,0,1,0,1,1,1,1,1,0,0,0,1
1302,-1.21952476611404,1,0,1,0,1,0,1,0,0,0,1,0,0,0,0
1303,-2.10773390705626,1,0,0,0,0,0,0,0,0,0,1,0,0,0,0
1304,-0.779696785120297,0,0,1,0,1,1,1,0,0,0,0,0,0,0,0
1305,-1.52949241913441,1,0,1,0,0,1,1,0,0,1,0,0,0,0,0
1306,0.463138405418044,1,0,1,0,1,0,1,0,1,1,1,0,0,0,1
1307,-0.942976404509735,0,0,1,0,1,0,1,0,0,0,1,0,0,0,0
1308,-0.761595695145371,0,0,1,1,1,1,1,0,0,1,1,0,0,0,0
1309,0.230191721600285,0,0,1,0,1,1,1,0,0,1,1,0,0,0,1
1310,-0.0593176753284649,0,0,1,0,1,0,1,0,1,1,1,0,0,0,1
1311,0.106467712961607,0,0,1,0,1,0,1,0,0,1,1,0,0,0,1
1312,-1.20470343139569,0,0,1,0,1,0,0,0,1,1,1,0,0,1,0
1313,1.89936442160124,0,0,1,1,1,0,1,1,1,1,1,1,1,1,1
1314,0.371967233979407,1,0,1,0,1,0,1,0,1,1,0,1,0,0,0
1315,-0.190078635295316,0,0,1,0,1,1,1,0,1,1,0,0,0,0,1
1316,0.550417605133436,0,0,1,0,1,0,1,0,1,1,1,1,0,1,1
1317,0.192339572116827,1,0,1,0,1,0,1,0,0,1,1,0,1,1,1
1318,-0.249262736927744,1,0,1,0,1,1,1,0,0,1,1,0,0,0,1
1319,-0.61218735188573,0,0,1,0,0,1,1,0,1,1,0,0,0,0,0
1320,0.839425076137691,1,0,1,1,1,0,1,1,0,1,1,0,0,1,1
1321,0.541480661551885,0,0,1,1,1,0,1,0,0,1,1,0,0,0,1
1322,0.473057295688258,1,0,1,0,1,0,1,0,1,1,1,1,0,0,1
1323,0.911837794113525,1,0,1,0,1,1,1,1,0,1,1,1,0,0,1
1324,-0.637689147482485,1,0,1,0,1,1,1,0,0,1,1,0,0,0,0
1325,-0.344619281096519,0,0,1,0,1,1,1,0,0,1,0,0,0,0,0
1326,-0.769826368255846,0,0,1,0,1,1,1,0,0,1,1,0,0,0,0
1327,1.52925545301834,1,0,1,0,1,1,1,1,1,1,1,1,1,0,1
1328,-1.387020724602,0,0,1,0,1,0,1,0,0,0,0,0,0,0,0
1329,-0.660698006831054,0,0,1,0,1,0,1,0,1,1,0,0,0,0,0
1330,1.09909273423856,1,0,1,0,1,0,1,1,1,1,1,0,0,1,1
1331,0.150662772733724,1,0,1,0,1,0,1,0,1,1,1,0,0,0,1
1332,1.01781069060375,1,0,1,0,1,0,1,1,1,1,1,1,0,0,1
1333,0.880269258803591,1,0,1,0,1,0,1,1,0,1,1,0,0,0,1
1334,0.395491094005967,1,0,1,0,1,0,1,0,0,1,1,0,0,0,1
1335,-0.453052116976711,0,0,1,0,1,0,1,0,0,1,0,0,0,0,1
1336,-0.30938114324092,0,0,1,0,1,0,1,0,0,1,0,0,0,1,0
1337,-0.477911509419709,1,0,1,0,1,0,1,0,1,1,1,0,0,1,0
1338,0.268456738689889,1,0,1,0,1,0,1,0,0,1,1,0,0,1,1
1339,0.74012998781875,0,0,1,0,1,1,1,1,0,1,1,0,1,1,0
1340,-0.688983438751193,1,0,1,0,1,0,1,0,0,0,1,0,0,1,0
1341,-0.25450530065815,1,0,1,0,1,0,1,1,0,1,0,0,0,0,1
1342,-2.42157059677183,0,0,1,0,0,0,1,0,0,0,0,0,0,0,0
1343,1.11234590719909,1,0,1,0,1,0,1,1,1,1,1,1,1,1,1
1344,-0.369395897840722,0,0,1,0,1,0,1,0,0,1,1,0,0,0,1
1345,-1.13836270506351,1,0,1,0,1,0,1,0,0,1,1,0,0,0,0
1346,0.193336178543735,1,0,1,0,1,1,1,1,0,1,1,0,0,0,1
1347,-0.322891233600035,0,0,1,0,1,0,1,0,0,1,0,0,0,0,0
1348,1.30927548282922,1,0,1,0,1,0,1,1,1,1,1,1,1,0,1
1349,2.13320691756492,1,1,1,1,1,0,1,1,1,1,1,1,1,1,1
1350,0.666822744948542,1,1,1,0,1,1,1,1,1,1,1,1,0,0,0
1351,0.418044836688223,0,0,1,0,1,1,1,0,1,1,1,0,0,0,1
1352,1.22104904249298,1,0,1,0,1,0,1,1,1,1,1,0,1,1,1
1353,-1.25027663735669,0,0,1,0,1,0,0,0,0,0,1,0,0,0,0
1354,-1.11789490867271,1,0,1,0,1,1,1,0,0,0,0,0,0,0,0
1355,-1.11249053925834,0,0,1,0,1,0,0,0,0,1,1,0,0,0,0
1356,-0.640818894972289,0,0,1,0,1,0,1,0,0,1,1,0,0,0,0
1357,-1.49831604189832,1,0,1,0,1,0,0,0,0,0,1,0,0,0,0
1358,-1.9694309303087,0,0,1,0,1,0,0,0,0,0,0,0,0,0,0
1359,0.82759291157078,1,0,1,0,1,0,1,1,1,1,1,1,0,0,1
1360,-1.20163660377735,0,0,1,0,1,0,0,0,0,0,1,0,0,0,0
1361,0.0711385569005487,0,0,1,0,1,1,1,1,0,1,1,0,0,0,1
1362,0.860158921187173,1,0,1,0,1,1,1,0,1,1,0,1,0,0,1
1363,0.632016709519804,0,0,1,0,1,0,1,1,1,1,0,0,0,0,1
1364,1.7748523676471,1,0,1,0,1,0,1,1,1,1,1,1,0,1,1
1365,-0.876528284121998,1,0,1,0,0,0,1,0,0,0,1,0,0,1,0
1366,1.17754087265971,1,0,1,1,1,0,1,1,1,1,1,1,1,0,1
1367,0.121622831275125,1,0,1,0,1,0,1,0,0,1,1,0,0,1,0
1368,-0.120228274115142,0,0,1,0,1,0,1,0,1,1,1,0,1,1,0
1369,0.0900345996641001,1,0,1,0,1,1,1,1,1,1,1,1,0,1,1
1370,-0.301590549798934,0,0,1,0,1,0,1,0,1,1,1,0,0,1,0
1371,0.511767441222008,0,0,1,0,1,0,1,1,1,1,1,1,0,1,1
1372,-1.52168522241927,0,0,1,0,1,0,1,0,1,0,0,0,1,0,0
1373,0.25183945547045,0,0,1,0,1,0,1,1,1,1,1,0,0,0,1
1374,0.0086011442176213,1,0,1,0,1,0,1,0,0,1,1,0,0,0,1
1375,1.59922597641941,1,0,1,1,1,0,1,0,0,1,1,1,1,1,1
1376,-0.709230543668496,1,0,1,0,0,0,1,0,0,1,0,0,0,0,1
1377,0.798838336631702,0,0,1,0,1,0,1,1,1,1,1,0,0,0,1
1378,-1.04107946548462,1,0,1,0,0,0,1,0,0,0,1,0,0,0,0
1379,1.4303217578582,0,0,1,0,1,1,1,1,1,1,1,1,1,0,1
1380,1.00221565751387,1,0,1,0,1,0,1,1,1,1,1,1,0,1,1
1381,-0.568749617560859,0,0,1,0,1,1,1,0,0,1,0,0,0,1,0
1382,-1.52833676685771,1,0,1,0,1,0,1,0,0,0,0,0,0,1,0
1383,0.254543432595037,1,0,1,0,1,0,1,1,1,1,1,0,0,0,1
1384,-0.560411670731178,1,0,1,0,1,0,1,0,0,1,1,0,0,0,1
1385,-1.03415385447241,0,0,1,0,1,1,1,0,0,1,0,0,0,0,1
1386,-0.0621231653704937,1,0,1,0,1,0,1,0,1,1,0,0,0,1,1
1387,-0.137151826169902,1,0,1,0,1,0,1,0,0,1,0,0,0,0,1
1388,-0.115600664169232,1,0,1,0,1,0,1,0,0,1,0,0,0,0,1
1389,1.88505904771058,1,1,1,1,1,0,1,1,1,1,1,1,1,1,1
1390,1.02536576756504,1,0,1,1,1,0,1,1,1,1,1,1,0,1,1
1391,-0.817935059277223,1,0,1,0,1,1,1,0,0,1,0,0,0,0,0
1392,0.384481632288118,1,0,1,0,1,1,1,1,0,1,1,0,0,1,1
1393,-0.0144910166079095,1,0,1,0,1,0,1,0,1,1,1,1,0,0,1
1394,0.243938800062728,1,0,1,0,1,0,1,0,0,1,0,0,0,0,0
1395,-1.06568325934257,1,0,1,0,0,0,1,0,1,1,0,0,0,0,0
1396,1.14572319566479,1,0,1,1,1,0,1,1,1,1,0,1,1,0,1
1397,-0.177743056880745,1,0,1,0,1,1,1,1,0,1,1,0,0,0,0
1398,-1.10691544989607,1,0,1,0,0,0,1,0,0,1,1,0,0,0,0
1399,0.730050057045603,1,0,1,0,1,0,1,1,1,1,1,1,0,1,1
1400,-0.807609914539713,1,0,1,0,1,1,1,0,1,1,1,0,0,1,0
1401,0.535341404273698,0,0,1,0,1,0,1,1,1,1,1,1,0,1,1
1402,0.316327853086387,1,0,1,0,1,0,1,0,1,1,0,0,0,0,0
1403,-1.2347090064705,0,0,1,0,0,0,1,0,0,1,0,0,0,0,0
1404,-1.51848101946604,1,0,1,0,1,0,1,0,0,0,1,0,0,0,0
1405,-0.409285520898756,1,0,1,0,1,0,1,0,1,1,1,0,0,0,1
1406,0.0280442442268257,0,0,1,0,1,0,1,1,0,1,1,1,0,0,0
1407,-0.0768289643738495,1,0,1,0,1,1,1,0,1,1,1,0,0,0,1
1408,1.63761717734846,0,0,1,1,1,0,1,1,1,1,1,1,0,1,1
1409,-0.554862253162723,1,0,1,0,1,1,1,1,0,1,1,0,0,1,0
1410,1.93333074541479,0,0,1,1,1,1,1,1,1,1,0,1,1,1,1
1411,-1.43587555930917,1,0,1,0,1,0,1,0,0,0,0,0,0,0,0
1412,-0.0221238948119595,0,0,1,0,1,0,1,0,1,1,1,0,0,0,0
1413,-0.362722854843723,0,0,1,0,1,0,1,0,1,1,1,0,0,0,0
1414,0.602780590396272,1,0,1,0,1,0,1,0,1,1,1,1,0,0,1
1415,-0.689857449511049,0,0,1,0,1,1,1,0,0,0,0,0,0,0,0
1416,0.994395444010638,1,0,1,0,1,0,1,0,1,1,1,1,1,1,1
1417,0.490458255018489,1,0,1,0,1,1,1,0,1,1,1,0,0,0,1
1418,-0.411620449967328,0,0,1,0,1,0,1,1,1,1,1,0,0,0,0
1419,-0.733295817010991,0,0,1,0,1,0,1,0,1,1,1,0,0,0,0
1420,-1.33488211573342,0,0,1,0,0,0,1,0,0,0,1,0,0,1,1
1421,-0.5138515266208,0,0,1,0,1,0,1,0,0,1,0,0,0,1,0
1422,0.502441028002035,1,0,1,0,1,1,1,0,1,1,1,1,0,1,1
1423,-0.180769713427063,1,0,1,0,0,0,1,0,1,1,1,0,0,1,1
1424,-0.241890326817484,1,0,1,0,1,1,1,0,0,1,1,0,0,0,0
1425,0.810787546331994,1,0,1,0,1,0,1,0,0,1,1,0,0,1,1
1426,0.432853176080922,1,0,1,0,1,1,1,1,1,1,1,0,0,0,1
1427,-1.68198341434993,0,0,1,0,0,0,1,0,0,1,1,0,0,0,0
1428,1.13664420346741,0,0,1,1,1,0,1,1,1,1,1,0,1,0,1
1429,-0.17441400212756,1,0,1,0,1,1,1,0,0,1,1,0,0,1,0
1430,0.81079377572204,1,0,1,0,1,0,1,1,1,1,0,0,0,1,1
1431,-1.56556098353074,1,0,1,0,1,0,1,1,0,0,0,0,0,0,0
1432,1.35850554550233,0,0,1,1,1,1,1,1,1,1,1,1,0,0,1
1433,-0.993852519434772,0,0,1,0,1,0,1,0,1,1,1,0,0,0,0
1434,0.26099065472146,1,0,1,0,1,1,1,1,0,1,1,0,0,0,1
1435,2.1943236646799,1,0,1,1,1,1,1,1,1,1,1,1,1,1,1
1436,0.00953825037437466,1,0,1,0,1,0,1,1,0,1,0,0,0,0,0
1437,-0.592782594751094,0,0,1,0,1,0,1,0,0,1,0,0,0,0,0
1438,-0.657501269293033,0,0,1,0,1,1,1,0,0,1,1,0,0,0,1
1439,0.104001210585741,1,0,1,0,1,0,1,1,1,1,1,0,0,0,1
1440,1.5414174430461,1,0,1,0,1,1,1,1,0,1,1,0,1,0,0
1441,0.719742811363767,1,0,1,0,1,0,1,0,1,1,1,0,0,0,1
1442,-1.29601903054804,0,0,1,0,0,0,1,0,0,0,1,0,0,1,0
1443,-0.239715031061498,0,0,1,0,1,0,1,0,1,1,1,0,0,0,1
1444,0.954068683819296,0,0,1,0,1,0,1,1,1,1,1,1,0,0,0
1445,1.43659490639726,0,0,1,0,1,1,1,1,1,1,1,1,0,1,1
1446,0.896924368610992,0,0,1,0,1,0,1,0,0,1,0,0,0,0,1
1447,0.881714516940781,1,0,1,0,1,0,1,0,1,1,1,0,0,1,1
1448,-1.91395485926484,0,0,0,0,1,0,0,0,0,0,0,0,0,0,0
1449,0.580983282042335,0,0,1,0,1,1,1,1,1,1,0,0,0,0,1
1450,0.630772710991412,1,0,1,0,1,0,1,1,0,1,1,1,0,0,0
1451,-0.817928801811159,0,0,1,0,1,1,1,0,0,1,0,0,0,0,0
1452,1.30901589843695,1,0,1,0,1,0,1,1,1,1,0,0,1,0,1
1453,0.0195921025819932,1,0,1,0,1,1,1,0,1,1,1,0,0,1,1
1454,1.01226406050482,1,0,1,0,1,1,1,1,1,1,1,0,0,0,1
1455,1.99054122466266,0,1,1,1,1,0,1,1,1,1,1,1,1,1,1
1456,-0.721684898235164,1,0,1,0,1,0,1,0,1,0,1,0,0,0,0
1457,0.161705655310573,0,0,1,1,1,0,1,0,1,1,1,0,0,0,1
1458,-0.417998686266987,0,0,1,0,1,0,1,0,0,1,1,0,0,0,0
1459,0.155894251283928,1,0,1,0,1,1,1,0,1,1,1,0,0,0,0
1460,0.47010326231813,0,0,1,0,1,0,1,1,1,1,1,0,0,0,1
1461,-1.36684076200016,0,0,1,0,0,0,1,0,0,0,1,0,0,0,0
1462,-0.400324376544249,0,0,1,0,1,0,1,0,1,1,0,0,0,0,0
1463,1.05283756309796,1,0,1,0,1,1,1,1,0,1,1,1,1,1,1
1464,-0.726446023451162,0,0,1,0,1,0,1,0,0,1,0,0,0,0,0
1465,-1.51951155634684,1,0,1,0,0,0,0,0,0,0,0,0,0,0,0
1466,-2.23125977666866,0,0,1,0,0,0,0,0,0,0,0,0,0,0,0
1467,0.423546042380886,1,0,1,0,1,1,1,0,1,1,1,1,0,0,1
1468,-0.442421435989269,1,0,1,0,1,0,1,0,0,1,0,0,0,0,1
1469,-0.617199727547366,0,0,1,0,1,0,1,0,0,1,1,0,0,0,0
1470,-1.18703383923477,1,0,1,0,0,0,1,0,0,1,1,0,0,0,0
1471,-1.61071891099972,1,0,1,0,0,0,1,0,0,0,1,0,0,0,0
1472,0.358490817567437,1,0,1,0,1,1,1,0,0,1,1,0,0,0,1
1473,-0.290013073708756,1,0,1,0,1,0,1,0,0,1,1,0,0,0,1
1474,-0.124287124076937,1,0,1,0,1,0,1,0,0,1,1,0,0,0,0
1475,-2.52184485018615,1,0,0,0,0,0,0,0,0,0,1,0,0,0,0
1476,0.397375847426135,0,0,1,0,1,0,1,0,1,1,0,0,0,0,1
1477,-0.807854511018628,1,0,1,0,0,0,1,0,1,1,1,0,0,0,0
1478,0.574283604540499,0,0,1,0,1,0,1,1,1,1,1,0,1,0,1
1479,0.145401658704195,1,0,1,0,1,0,1,0,1,1,0,0,0,0,1
1480,-0.623703817676366,1,0,1,0,1,1,1,0,1,1,0,0,0,0,0
1481,0.65957609225615,0,0,1,0,1,0,1,1,1,1,1,0,0,1,1
1482,0.358108136946857,1,0,1,0,1,0,1,0,0,1,1,0,0,0,1
1483,1.39429710908615,1,0,1,0,1,0,1,1,1,1,1,1,1,1,1
1484,0.628314230362606,1,0,1,0,1,0,1,1,1,1,1,0,1,0,1
1485,0.218110505458691,1,0,1,0,1,0,1,1,1,1,1,0,0,1,1
1486,1.39969354569772,0,0,1,0,1,1,1,1,1,1,1,0,1,0,1
1487,-1.5134629504525,1,0,1,0,1,0,1,0,1,0,1,0,0,0,0
1488,0.63773475086395,1,0,1,0,1,0,1,0,1,1,1,0,0,1,0
1489,-1.07089705740804,0,0,1,0,1,0,1,0,0,1,1,0,0,0,0
1490,-1.92935946521051,0,0,1,0,1,0,1,0,0,0,1,0,0,0,0
1491,0.0906874812940026,1,0,1,0,1,0,1,0,0,1,1,0,0,1,1
1492,-3.13375923808652,0,0,0,0,0,0,0,0,0,0,0,0,0,0,0
1493,0.511113558547982,1,0,1,0,1,0,1,1,0,1,1,0,0,1,1
1494,-1.12333383186322,1,0,1,0,1,1,1,0,0,1,1,0,0,0,0
1495,-0.113682124378283,1,0,1,0,1,0,1,0,0,1,1,0,0,0,1
1496,-2.3256097572184,0,0,1,0,0,0,0,0,0,0,1,0,0,0,0
1497,-0.381041384852982,1,0,1,0,1,1,1,0,0,1,1,0,0,1,1
1498,-0.576932011226906,0,0,1,0,1,0,1,0,0,1,1,0,0,0,1
1499,0.547560395046427,1,0,1,0,1,0,1,1,0,1,0,0,0,0,0
1500,0.199552134938193,1,0,1,0,1,0,1,0,0,1,1,0,0,0,1
1501,-0.375013907832281,0,0,1,0,1,0,1,0,0,1,1,0,0,1,0
1502,1.27158276390475,1,0,1,1,1,0,1,1,0,1,1,0,1,0,1
1503,0.442462469145771,1,0,1,0,1,0,1,0,0,1,1,0,0,0,1
1504,1.32845237136435,1,1,1,0,1,1,1,1,1,1,1,0,0,1,1
1505,-1.5572624305774,1,0,1,0,0,0,0,0,0,1,0,0,0,0,0
1506,1.55589183324512,1,0,1,0,1,0,1,1,1,1,1,1,1,1,1
1507,-0.195741595134926,1,0,1,0,1,0,1,0,0,1,0,0,0,0,1
1508,0.97977157910665,0,0,1,1,1,0,1,1,1,1,1,0,0,1,1
1509,-0.636634888284362,1,0,1,0,1,0,1,0,0,1,0,0,0,0,0
1510,-0.885261990463921,0,0,1,0,1,0,1,0,0,1,0,0,0,0,0
1511,-2.03001686582599,1,0,1,0,0,0,1,0,0,1,0,0,0,0,0
1512,-1.04522094700637,1,0,1,0,1,0,1,0,0,1,0,0,0,0,0
1513,-0.349841734721531,1,0,1,0,1,1,1,0,0,1,0,0,0,0,0
1514,0.458631783982564,0,0,1,0,1,0,1,1,1,1,1,0,1,0,1
1515,1.39322903932167,0,0,1,0,1,0,1,1,1,1,1,0,0,1,1
1516,-0.0762490793705163,0,0,1,0,1,0,1,0,0,1,0,0,0,0,1
1517,0.281980563092492,1,0,1,0,1,0,1,1,0,1,1,0,0,1,1
1518,2.52871142862461,1,1,1,1,1,0,1,1,1,1,1,1,1,1,1
1519,1.05763396803133,0,0,1,1,1,0,1,1,0,1,1,0,0,0,1
1520,-2.9676827303389,1,0,0,0,0,0,0,0,0,0,0,0,0,0,0
1521,-0.768025813001798,0,0,1,0,1,0,1,0,0,1,1,0,0,1,1
1522,-1.47067739517107,1,0,1,0,1,0,1,0,0,0,0,0,0,0,0
1523,1.13331802001698,0,0,1,0,1,1,1,1,1,1,1,1,0,0,1
1524,-0.0377000112971819,0,0,1,0,1,0,1,0,1,1,1,0,0,0,0
1525,0.399971037135307,1,0,1,0,1,0,1,0,1,1,1,0,0,0,1
1526,-0.520593657222035,1,0,1,0,1,0,1,0,0,1,1,0,0,0,1
1527,-0.222945153066311,0,0,1,0,1,0,1,0,0,1,0,1,0,0,0
1528,0.857313855004839,1,0,1,0,1,0,1,1,1,1,1,1,0,1,1
1529,2.17407064474762,1,1,1,1,1,0,1,1,1,1,0,1,1,0,1
1530,-0.426703222744815,0,0,1,0,1,0,1,1,1,1,0,0,0,0,1
1531,1.28455646653617,1,0,1,1,1,0,1,1,1,1,1,1,1,0,1
1532,1.18418858654177,1,0,1,0,1,1,1,1,1,1,1,1,0,1,1
1533,0.358796729707302,1,1,1,0,1,0,1,1,1,1,0,0,0,1,0
1534,2.40858094555651,1,1,1,1,1,0,1,1,1,1,1,1,1,1,1
1535,0.374930172128238,1,0,1,0,1,0,1,0,0,1,1,0,0,0,1
1536,0.867014717973509,1,0,1,0,1,0,1,1,1,1,0,1,0,0,1
1537,-1.18939294823282,1,0,1,0,1,0,1,0,0,0,0,0,0,0,0
1538,-1.11950388714044,1,0,1,0,1,0,1,0,0,1,1,0,0,1,0
1539,0.38761775029728,0,0,1,0,1,1,1,0,1,1,1,1,0,0,0
1540,0.422840473047406,1,0,1,0,1,1,1,0,0,1,1,0,1,0,0
1541,0.525199526984412,1,0,1,0,1,0,1,0,0,1,1,0,0,1,1
1542,0.504839899587799,1,0,1,0,1,0,1,0,0,1,1,1,0,1,1
1543,1.85428885300822,1,0,1,1,1,0,1,1,1,1,1,1,1,1,1
1544,-1.3392999726961,1,0,1,0,1,0,1,0,0,1,0,0,0,0,0
1545,0.650266836002717,1,0,1,0,1,1,1,1,1,1,1,0,0,0,1
1546,-1.443666521008,0,0,1,0,0,0,0,0,0,1,1,0,0,0,0
1547,-2.47130828561108,0,0,0,0,1,0,0,0,0,0,0,0,0,0,0
1548,2.40643885369521,1,1,1,1,1,0,1,1,1,1,1,1,1,1,1
1549,0.00925586712260234,1,0,1,0,1,1,1,0,1,1,1,0,0,1,0
1550,0.0824339484827433,1,0,1,0,1,1,1,0,0,1,1,0,0,0,1
1551,-0.472689215032495,0,0,1,0,1,0,1,0,0,1,1,0,0,0,0
1552,0.475826708799082,0,0,1,0,1,0,1,1,1,1,1,0,0,1,0
1553,0.65978604087837,1,0,1,0,1,0,1,0,1,1,1,0,0,0,1
1554,-0.870544694902517,0,0,1,0,1,0,1,0,0,1,1,0,0,0,0
1555,0.45581819320935,0,0,1,0,1,0,1,0,1,1,0,0,0,0,1
1556,-0.55715294160139,1,0,1,0,1,0,1,0,0,1,0,0,0,0,0
1557,0.110761390327432,1,0,1,0,1,1,1,0,0,1,0,0,0,0,0
1558,-1.52052947198232,0,0,1,0,1,0,1,0,0,0,1,0,0,0,0
1559,1.12724020571813,1,0,1,1,1,0,1,1,1,1,1,1,0,1,1
1560,-0.0971628315123824,1,0,1,0,1,0,1,0,0,1,1,0,0,0,1
1561,-0.653632957641577,1,0,1,0,1,0,1,0,0,1,1,0,0,0,0
1562,0.30840439115624,0,0,1,0,1,0,1,1,0,1,1,1,0,0,1
1563,0.0438460534216709,0,0,1,0,1,0,1,0,0,1,1,0,0,0,0
1564,-0.171117793763364,0,0,1,0,1,1,1,0,1,1,1,0,0,0,0
1565,1.03359727054866,1,0,1,0,1,0,1,1,0,1,1,1,1,0,1
1566,0.437271503296371,0,0,1,0,1,1,1,0,0,1,1,0,0,1,1
1567,1.18396106234889,0,0,1,1,1,0,1,1,1,1,1,1,0,1,1
1568,0.262651497158382,1,0,1,0,1,0,1,0,1,1,0,0,0,0,1
1569,0.928717264768963,0,0,1,0,1,0,1,1,1,1,1,0,0,0,1
1570,-1.12840771275234,0,0,1,0,1,0,1,0,0,0,1,0,0,1,0
1571,0.282195804910623,1,0,1,0,1,0,1,0,0,1,1,0,0,0,1
1572,-0.0902920998899262,1,0,1,0,1,1,1,0,1,1,1,0,0,0,0
1573,0.749767400346088,1,0,1,0,1,0,1,1,1,1,1,1,0,1,1
1574,1.01322216162165,1,0,1,0,1,0,1,1,1,1,1,0,0,1,1
1575,0.298996552850393,0,0,1,0,1,0,1,0,1,1,1,0,0,1,1
1576,-0.400677849427302,1,0,1,0,1,0,1,0,0,1,1,0,0,0,0
1577,-0.657282517715551,1,0,1,0,1,1,1,0,0,1,1,0,0,0,0
1578,-0.0925202226532781,1,0,1,0,1,1,1,0,1,1,0,0,0,0,1
1579,-1.18337555280091,0,0,1,0,1,0,1,0,0,0,0,0,0,0,0
1580,-0.211189730790089,1,0,1,0,1,0,1,0,0,1,0,0,0,1,0
1581,-1.37523929674461,0,0,1,0,1,1,1,0,0,1,1,0,0,0,0
1582,0.00711435380850297,1,0,1,0,1,1,1,0,0,1,1,0,0,1,0
1583,1.07472394825088,1,0,1,0,1,0,1,1,1,1,1,1,0,0,1
1584,0.0280779460338173,1,0,1,0,1,0,1,0,1,1,1,0,0,1,1
1585,-1.52157750289286,0,0,1,0,1,0,0,0,0,0,0,0,0,0,0
1586,0.943098642375691,0,0,1,0,1,0,1,1,1,1,1,1,0,1,1
1587,0.5359671593305,1,0,1,0,1,0,1,0,0,1,1,0,0,0,1
1588,0.140447465685387,0,0,1,1,1,0,1,0,1,1,1,0,0,1,1
1589,0.712666114321267,1,0,1,0,1,1,1,1,1,1,1,1,0,1,1
1590,0.426741356554334,1,0,1,0,1,1,1,1,1,1,1,0,0,0,1
1591,-0.289334995197544,0,0,1,0,1,0,1,0,0,1,1,0,0,0,0
1592,-0.0971673347851345,0,0,1,0,1,0,1,0,1,1,1,0,0,0,0
1593,-0.375624702334505,0,0,1,0,1,0,1,0,0,1,1,0,0,0,0
1594,0.233233486483528,0,0,1,0,1,1,1,1,1,1,1,0,0,0,1
1595,0.317318521302989,1,0,1,0,1,0,1,0,0,1,0,0,0,1,1
1596,1.23917458888364,0,0,1,1,1,0,1,1,1,1,1,1,0,0,1
1597,0.956856403300983,1,0,1,0,1,0,1,1,1,1,1,1,0,1,1
1598,-0.93624381512992,0,0,1,0,0,0,0,0,0,0,0,0,0,0,0
1599,-0.304314987503339,0,0,1,0,1,0,1,0,0,1,0,0,0,0,1
1600,-0.83585734204776,1,0,1,0,1,1,1,0,0,0,1,0,0,0,0
1601,-0.330413655963014,1,0,1,0,1,0,1,0,0,0,1,0,1,0,0
1602,-0.176657874932383,1,0,1,0,1,0,1,0,1,1,0,0,0,0,0
1603,-0.291991513670575,0,0,1,0,1,0,1,0,0,1,1,0,0,0,0
1604,-0.821748676260987,0,0,1,0,1,1,1,0,0,1,1,0,0,0,1
1605,-0.557532675147093,1,0,1,0,1,0,1,0,0,1,1,0,0,0,0
1606,-2.97087967959005,1,0,0,0,0,0,0,0,0,0,1,0,0,1,0
1607,0.442502265009133,1,0,1,0,1,0,1,1,0,1,0,1,0,0,0
1608,-1.56322579634482,1,0,1,0,1,0,1,0,0,0,1,0,0,0,0
1609,-0.836270571057741,0,0,1,0,1,0,1,0,0,1,1,0,0,0,0
1610,1.17211733794445,1,0,1,1,1,0,1,1,1,1,1,0,0,0,1
1611,0.680331795625461,1,0,1,0,1,0,1,1,1,1,1,0,1,0,1
1612,0.297800680872504,1,0,1,0,1,0,1,0,1,1,1,0,0,0,0
1613,-0.770707988158,0,0,1,0,1,0,1,0,1,1,1,0,0,0,0
1614,0.82510846206477,0,0,1,0,1,0,1,1,1,1,1,1,0,0,1
1615,-1.84907763498679,1,0,0,0,0,0,1,0,0,0,1,0,0,0,0
1616,0.553063529347855,1,0,1,0,1,0,1,0,1,1,1,0,0,0,0
1617,-1.4506344147307,1,0,1,0,1,0,1,0,0,1,0,0,0,0,0
1618,-0.303585760912713,1,0,1,0,1,0,1,0,1,1,1,0,0,0,1
1619,0.182578246506931,1,0,1,0,1,0,1,0,0,1,1,0,0,1,0
1620,1.01370155448651,0,0,1,1,1,0,1,1,1,1,1,0,0,0,1
1621,1.4632413132807,0,0,1,0,1,0,1,1,1,1,1,1,0,1,1
1622,0.646900193282609,0,0,1,0,1,0,1,1,1,1,0,1,1,0,1
1623,2.54494764990283,1,0,1,1,1,1,1,1,1,1,1,1,0,1,1
1624,0.30582606866373,0,0,1,0,1,1,1,0,0,1,1,0,0,1,1
1625,-0.757474400347802,1,0,1,0,1,0,1,0,0,1,1,0,0,0,1
1626,-0.311964717560139,0,0,1,0,1,1,1,0,1,1,0,0,0,1,0
1627,-0.225181176389279,1,0,1,0,1,0,1,0,0,1,1,0,0,0,0
1628,1.05240493123954,1,1,1,0,1,0,1,1,1,1,1,1,0,0,1
1629,-0.16929836696693,1,0,1,0,1,0,1,0,0,1,1,0,0,0,1
1630,0.0924511308999812,0,0,1,1,1,0,1,0,0,1,1,0,0,1,1
1631,-1.22045130932819,0,0,1,0,1,0,1,0,1,1,1,0,0,1,0
1632,-1.13733187412562,0,0,1,0,0,0,1,0,0,1,1,0,0,0,0
1633,0.414634142378286,0,0,1,0,1,0,1,0,0,1,1,0,0,0,1
1634,-0.101751808814921,1,0,1,0,1,1,1,0,0,1,1,0,0,1,1
1635,-0.730703080504894,1,0,1,0,1,0,1,0,0,1,0,0,0,1,0
1636,0.426385277786662,1,0,1,1,1,1,1,1,1,1,1,0,0,1,0
1637,0.733079336100535,1,0,1,0,1,1,1,1,1,1,1,0,0,0,1
1638,-1.3354170736842,1,0,1,0,1,0,1,0,0,0,1,0,0,1,0
1639,-0.589611282335113,1,0,1,0,1,0,1,0,1,1,1,0,0,0,1
1640,0.0743054714412783,1,0,1,0,0,1,1,0,1,1,1,0,0,0,0
1641,2.22653908303723,0,1,1,1,1,0,1,1,1,1,1,1,0,1,1
1642,0.859168202608496,0,0,1,1,1,0,1,1,1,1,1,0,1,1,1
1643,-0.00687216040405397,0,0,1,0,1,0,1,0,1,1,1,0,0,0,1
1644,-0.134106754436067,0,0,1,0,1,0,1,0,0,1,0,0,0,0,1
1645,-0.32002452910559,0,0,1,0,1,0,1,0,0,1,1,0,0,0,1
1646,-1.00732674982747,0,0,1,0,1,0,1,0,1,0,1,0,0,0,0
1647,0.496780538474952,1,1,1,0,1,0,1,0,1,1,1,0,1,0,1
1648,1.12455173427279,0,0,1,0,1,0,1,0,1,1,0,0,0,0,1
1649,-0.111378494993866,1,0,1,0,1,1,1,0,0,1,0,0,0,0,1
1650,-0.858866439363626,1,0,1,0,1,0,1,0,0,1,0,0,0,0,0
1651,-0.330757022974515,1,0,1,0,1,0,1,0,1,1,0,0,0,1,0
1652,0.187536617640744,0,0,1,0,1,0,1,0,0,1,0,0,0,1,1
1653,-0.334041269749809,0,0,1,0,1,0,1,0,0,1,0,1,0,0,1
1654,-0.380994391081566,1,0,1,0,1,0,1,0,0,1,0,0,0,1,0
1655,-0.481622665230273,0,0,1,0,1,0,1,0,1,1,0,0,0,1,0
1656,1.57359199025096,0,0,1,0,1,1,1,1,1,1,1,1,0,0,1
1657,0.764469772792268,0,0,1,0,1,0,1,1,1,1,1,1,0,1,1
1658,-1.64009533493433,0,0,1,0,0,0,1,0,0,0,0,0,0,0,0
1659,-1.42183301242171,1,0,1,0,1,0,1,0,1,0,1,0,0,1,0
1660,0.904555782685533,1,0,1,0,1,1,1,1,1,1,0,1,1,1,1
1661,0.0404101537580941,0,0,1,0,1,1,1,0,1,1,0,0,0,0,0
1662,-0.504751394890191,1,0,1,0,1,0,1,0,0,1,1,0,0,0,1
1663,-1.07090604330356,0,0,1,0,1,0,1,0,0,0,1,0,0,0,0
1664,1.05277867437745,1,0,1,1,1,0,1,1,1,1,1,0,0,0,1
1665,-0.920901108291669,1,0,1,0,1,0,1,0,0,1,1,0,0,0,0
1666,2.54507705460352,0,1,1,1,1,0,1,1,1,1,1,1,1,1,1
1667,0.403744331999936,0,0,1,0,1,0,1,1,0,1,1,0,0,1,1
1668,-0.19270676757714,0,0,1,0,1,0,1,0,0,1,1,0,0,1,1
1669,0.13736230808308,0,0,1,0,1,1,1,0,1,1,0,0,0,0,1
1670,0.778480679474403,1,0,1,0,1,1,1,0,1,1,1,0,0,1,1
1671,0.20133703092516,0,0,1,0,1,0,1,0,0,1,1,0,0,1,0
1672,1.06199823727172,1,0,1,0,1,0,1,1,0,1,1,1,0,0,1
1673,-0.182794974280727,1,0,1,0,1,1,1,0,0,1,1,0,0,0,0
1674,1.18783074270942,0,0,1,1,1,0,1,1,0,1,1,1,1,1,1
1675,-1.43577229286491,0,0,0,0,1,1,1,0,0,0,1,0,0,0,0
1676,0.336408121818424,1,0,1,0,1,0,1,0,1,1,0,0,0,1,1
1677,-0.929650162014662,1,0,1,0,1,0,1,0,0,1,1,0,0,0,0
1678,-0.119534167839458,1,0,1,0,1,0,1,1,1,1,1,0,0,0,1
1679,0.760342536247887,0,0,1,0,1,0,1,1,1,1,1,0,0,1,1
1680,-1.20164706435448,0,0,1,0,1,0,0,0,0,0,0,0,0,0,0
1681,1.2058854805849,0,0,1,0,1,0,1,1,1,1,1,0,1,1,1
1682,0.198853906884624,0,0,1,0,1,0,1,0,1,1,1,0,0,1,1
1683,2.36044906402587,1,1,1,1,1,1,1,1,1,1,1,1,1,1,1
1684,0.392220881898556,0,0,1,1,1,0,1,0,0,1,1,1,0,0,1
1685,0.991425041932002,1,0,1,0,1,0,1,1,1,1,1,0,0,1,1
1686,0.0974908365088814,0,0,1,0,1,1,1,0,0,1,1,0,0,0,1
1687,1.17869946793568,1,0,1,0,1,0,1,1,1,1,1,1,1,0,1
1688,0.92803572760628,1,0,1,0,1,1,1,1,1,1,1,0,0,1,1
1689,-0.666367665031322,1,0,1,0,1,0,1,0,0,1,0,0,0,1,1
1690,-0.71224842692354,0,0,1,0,0,0,1,0,0,1,1,0,0,0,1
1691,-0.32565465338627,1,0,1,0,1,1,1,0,0,1,1,0,0,1,1
1692,-0.745579334334381,1,0,1,0,1,0,1,0,0,0,1,0,0,0,0
1693,-0.983322794604602,0,0,1,0,1,1,1,0,1,1,0,0,0,1,0
1694,1.58112269163383,0,0,1,0,1,0,1,1,1,1,1,1,0,0,1
1695,1.59169676524327,1,1,1,1,1,0,1,1,0,1,1,1,1,1,1
1696,-0.900853086067588,0,0,1,0,1,0,1,0,0,1,1,0,0,0,0
1697,-2.32929721586063,1,0,1,0,0,0,0,0,0,0,0,0,0,0,0
1698,1.80340824238334,1,0,1,1,1,0,1,1,1,1,1,1,0,1,1
1699,0.187205747708834,1,0,1,0,1,0,1,0,0,1,1,0,0,1,1
1700,-0.0134739931423219,1,0,1,0,1,0,1,0,1,1,1,0,0,0,1
1701,-0.560025387512574,1,0,1,0,1,0,1,0,0,1,0,0,0,0,0
1702,0.126432573028104,1,0,1,0,1,0,1,0,1,1,0,0,0,0,0
1703,-0.195736407823199,1,0,1,0,1,0,1,0,0,1,1,0,0,0,1
1704,0.836166830705029,1,0,1,0,1,1,1,1,0,1,0,1,0,0,0
1705,0.265844581282567,0,0,1,0,1,0,1,1,1,1,1,0,0,0,1
1706,0.107957569615688,0,0,1,0,1,0,1,0,1,1,1,0,0,0,1
1707,-0.301585866604976,0,0,1,0,1,1,1,0,0,1,0,0,0,0,1
1708,1.36840786589055,1,1,1,0,1,0,1,1,1,1,0,1,0,0,1
1709,1.26686380493937,0,0,1,0,1,0,1,1,1,1,1,0,1,1,1
1710,-0.846838112199001,1,0,1,0,1,0,1,0,0,1,0,0,0,0,0
1711,-0.769975775484986,0,0,1,0,1,0,1,0,0,1,1,0,0,0,0
1712,1.43568311797888,0,1,1,0,1,1,1,1,1,1,1,1,0,0,1
1713,-1.04183794510082,0,0,1,0,1,0,1,0,0,0,1,0,0,0,0
1714,0.682399222013988,1,0,1,0,1,0,1,1,1,1,1,1,0,0,1
1715,0.649272218539635,0,0,1,0,1,0,1,1,1,1,0,0,1,0,1
1716,-0.484558320923587,1,0,1,0,1,0,1,0,0,1,1,0,0,0,0
1717,0.327985674455336,1,0,1,0,1,0,1,1,1,1,1,1,0,0,1
1718,1.32334076250811,1,1,1,0,1,0,1,1,1,1,1,1,0,1,1
1719,1.30697022511923,1,1,1,0,1,0,1,1,1,1,1,1,0,0,1
1720,-0.650023001126035,1,0,1,0,1,0,1,0,0,1,1,0,0,0,1
1721,0.493479203428268,0,0,1,0,1,0,1,0,0,1,1,0,0,1,1
1722,0.113101317676811,1,0,1,0,1,1,1,0,0,1,1,1,0,0,0
1723,0.427324422676839,1,0,1,0,1,1,1,0,1,1,1,0,1,0,1
1724,-1.96971629240509,1,0,1,0,0,0,0,0,1,0,1,0,0,0,0
1725,1.96299583941312,1,1,1,1,1,1,1,1,1,1,1,1,0,1,1
1726,-1.54741505557496,1,0,1,0,1,0,0,0,1,0,0,0,0,0,0
1727,0.463895046398662,1,0,1,0,1,1,1,0,0,1,1,0,0,1,0
1728,-0.372268109101803,1,0,1,0,1,1,1,0,0,1,0,0,0,0,0
1729,0.680019696998721,1,0,1,0,1,0,1,0,1,1,1,0,0,1,1
1730,0.760188644218441,1,0,1,0,1,1,1,1,1,1,1,1,0,1,1
1731,0.847302034652226,1,0,1,0,1,1,1,1,1,1,1,1,0,1,1
1732,2.09419108768765,1,0,1,1,1,0,1,1,1,1,1,1,1,1,1
1733,0.0686384180601982,1,0,1,0,1,0,1,0,0,1,1,0,0,0,1
1734,0.427013688364151,1,0,1,0,1,0,1,1,0,1,1,0,0,1,1
1735,-0.999438641145151,0,0,1,0,1,0,1,0,0,1,0,0,0,0,0
1736,-1.03761864519415,0,0,1,0,1,0,1,0,0,0,0,0,0,0,0
1737,0.134364101384337,0,0,1,0,1,0,1,1,0,1,0,0,0,1,0
1738,0.718856793560142,1,0,1,0,1,0,1,1,1,1,1,1,0,0,1
1739,-0.774451422844966,1,0,1,0,1,0,1,0,0,1,0,0,0,0,0
1740,-2.41371248768916,1,0,0,0,0,0,0,0,0,0,0,0,0,0,0
1741,-1.74683075990848,1,0,1,0,1,0,1,0,0,0,0,0,0,0,0
1742,-0.163772800311833,1,0,1,0,1,0,1,0,0,1,1,1,0,0,0
1743,0.155198847939755,1,0,1,0,1,0,1,0,1,1,1,0,0,0,1
1744,0.477834543900674,1,0,1,0,1,0,1,1,1,1,0,0,0,0,1
1745,-0.155524735413133,1,0,1,0,1,1,1,0,0,1,0,0,0,1,1
1746,0.282243926829155,1,0,1,0,1,0,1,1,1,1,0,1,0,0,1
1747,-1.10247698131619,0,0,1,0,0,0,1,0,0,1,0,0,0,0,0
1748,0.358673310751105,1,0,1,0,1,0,1,1,1,1,1,0,0,0,0
1749,1.27455427171248,1,0,1,0,1,0,1,0,1,1,1,1,1,1,0
1750,-0.783011697595471,1,0,1,0,1,0,1,0,0,1,0,1,0,0,0
1751,-0.559645126612881,0,0,1,0,1,0,1,0,0,1,1,0,0,0,1
1752,-0.960658313522507,0,0,1,0,1,0,1,0,0,1,1,0,0,0,0
1753,2.19306668829581,0,1,1,1,1,1,1,1,1,1,1,1,1,1,1
1754,-0.620856125991575,0,0,1,0,1,0,1,0,0,1,1,0,0,0,1
1755,-1.0801050081752,1,0,1,0,1,0,1,0,0,1,1,0,0,0,0
1756,-1.09311129860799,1,0,1,0,1,0,1,0,0,0,1,0,0,1,0
1757,1.14099885630625,0,0,1,0,1,1,1,0,0,1,0,1,0,1,1
1758,-1.62959038599313,1,0,1,0,1,0,0,0,0,1,0,0,0,0,0
1759,0.251717711354507,0,0,1,1,1,1,1,0,1,1,1,0,0,1,0
1760,-0.309044812991768,1,0,1,0,1,1,1,0,0,1,0,0,0,0,1
1761,-0.0344137555482323,1,0,1,0,1,1,1,0,0,1,0,0,0,0,1
1762,0.303552441079137,0,0,1,0,1,0,1,0,0,1,1,0,0,1,1
1763,-0.531367216475206,0,0,1,0,1,0,1,0,1,1,1,0,0,1,0
1764,0.0464659721287255,0,0,1,0,1,1,1,0,0,1,0,0,0,0,1
1765,0.29693984541214,1,0,1,0,1,0,1,0,0,1,1,0,0,0,1
1766,-0.303886161497813,0,0,1,0,1,0,1,0,0,1,0,0,0,0,0
1767,0.00900313731850814,0,0,1,0,1,0,1,0,1,1,1,0,0,1,1
1768,1.81605748688869,1,0,1,1,1,1,1,1,1,1,1,1,1,1,1
1769,1.54836086414788,1,1,1,1,1,1,1,1,1,1,1,0,1,1,1
1770,0.593125829311484,1,0,1,0,1,0,1,1,0,1,1,0,0,0,1
1771,1.96520221901684,1,0,1,1,1,1,1,1,1,1,1,1,1,1,1
1772,0.440130679924087,1,0,1,0,1,0,1,1,1,1,1,0,0,1,1
1773,-1.55724531738245,1,0,0,0,0,0,1,0,1,1,1,0,0,0,0
1774,-1.28546648093485,1,0,1,0,1,0,1,0,1,0,1,0,0,0,0
1775,0.452775485512928,0,0,1,0,1,0,1,0,1,1,1,0,0,0,1
1776,-0.754469934176086,0,0,1,0,1,0,1,0,1,1,0,0,0,1,0
1777,-0.916416076554827,1,0,1,0,1,0,1,0,1,1,1,0,0,0,0
1778,-0.587657829419146,1,0,1,0,1,0,1,0,1,1,0,0,0,1,1
1779,-0.903802401930329,1,0,1,0,1,0,1,0,0,1,0,0,0,1,0
1780,-0.0992965663718226,1,0,1,0,1,1,1,0,1,1,1,0,1,0,0
1781,-0.216445438401693,1,0,1,0,1,0,1,0,0,1,0,0,0,0,1
1782,1.2952799148911,1,1,1,0,1,0,1,1,0,1,0,1,0,0,1
1783,0.528227995755987,1,0,1,0,1,0,1,1,0,1,1,0,0,1,1
1784,-0.330536022992175,1,0,1,0,1,1,1,0,0,1,1,0,0,1,0
1785,0.983727730249585,1,0,1,0,1,0,1,1,0,1,0,0,1,1,1
1786,-2.53588522867034,0,0,0,0,0,0,0,0,0,0,1,0,0,0,0
1787,-1.54863611509149,0,0,1,0,0,0,1,0,0,1,0,0,0,1,0
1788,1.33392258885343,1,0,1,1,1,0,1,0,1,1,1,1,0,1,1
1789,0.0992176591226927,1,0,1,0,1,0,1,0,1,1,1,0,0,0,1
1790,0.75442723415333,1,0,1,0,1,1,1,1,1,1,1,1,0,0,0
1791,1.37542914139963,1,0,1,0,1,1,1,1,1,1,1,1,0,1,1
1792,0.486277517341558,0,0,1,0,1,0,1,0,1,1,1,1,0,1,1
1793,1.04367966687381,1,0,1,0,1,1,1,1,1,1,1,1,0,0,1
1794,-0.827992138007153,0,0,1,0,1,0,1,0,1,1,1,0,0,0,1
1795,0.420428118987927,0,0,1,0,1,0,1,0,1,1,1,0,0,1,1
1796,-0.251423014683498,1,0,1,0,1,1,1,0,0,1,0,0,0,0,0
1797,1.31345410892885,1,0,1,0,1,1,1,1,1,1,1,0,1,1,1
1798,1.81603412639275,1,1,1,0,1,0,1,1,0,1,1,1,1,0,1
1799,-0.743408051495008,0,0,1,0,1,0,1,0,1,1,1,0,0,1,0
1800,-1.18768149339657,0,0,1,0,1,0,1,0,0,0,1,0,0,0,0
1801,-1.8903903401134,1,0,1,0,0,1,0,0,0,0,0,0,0,0,0
1802,-0.712710207266352,0,0,1,0,1,0,1,0,0,1,1,0,0,1,1
1803,2.33491034822541,1,1,1,1,1,0,1,1,1,1,1,1,1,1,1
1804,-0.596145872955134,0,0,1,0,1,0,1,0,0,1,0,0,0,0,0
1805,0.435156871266662,1,0,1,0,1,0,1,0,1,1,0,0,0,0,1
1806,-2.32392213584012,0,0,1,0,0,1,0,0,0,0,1,0,0,0,0
1807,0.137966159656579,1,0,1,0,1,0,1,0,1,1,1,1,0,1,1
1808,-2.9417614661314,1,0,0,0,0,0,0,0,0,0,0,0,0,0,0
1809,-1.06136521078048,0,0,1,0,1,0,1,0,0,1,1,0,0,1,1
1810,-2.10778081509895,0,0,1,0,0,0,0,0,0,0,1,0,0,0,0
1811,-0.0948124643964484,0,0,1,0,1,0,1,0,0,1,1,0,0,0,1
1812,0.943941002371325,1,0,1,0,1,0,1,1,0,1,1,0,1,1,1
1813,-0.338036503379505,0,0,1,0,1,0,1,0,1,1,1,0,0,0,0
1814,0.298958212327334,1,0,1,0,1,0,1,0,1,1,1,0,1,0,1
1815,-0.528603019977057,1,0,1,0,1,1,1,1,1,1,1,0,0,1,0
1816,1.91641927897325,0,1,1,1,1,1,1,1,1,1,1,1,1,1,1
1817,-0.979652670907079,0,0,1,0,1,0,1,0,1,1,0,0,0,0,1
1818,-0.306160023882716,1,0,1,0,0,0,1,0,1,1,1,0,0,1,1
1819,-1.14689300326993,0,0,1,0,1,0,1,0,1,0,1,0,0,0,1
1820,0.531456947708897,1,0,1,1,1,0,1,0,0,1,0,0,0,0,1
1821,-0.866174866359794,0,0,1,0,0,0,1,0,0,1,1,0,0,0,0
1822,0.335497571883135,1,0,1,0,1,1,1,1,1,1,0,0,0,1,0
1823,-0.148595273062279,0,0,1,0,1,0,1,0,1,1,1,0,0,0,0
1824,1.62271482514252,1,0,1,1,1,1,1,1,1,1,1,1,0,1,1
1825,-0.778769256738467,0,0,1,0,0,0,1,0,0,1,1,0,0,0,0
1826,-0.976470870941035,1,0,1,0,1,1,1,0,0,1,1,0,0,0,1
1827,-0.83948095108674,0,0,1,0,1,0,1,0,0,1,1,0,0,0,0
1828,-0.603369174277702,0,0,1,0,1,0,1,0,0,0,1,0,0,1,0
1829,-1.52623517123302,0,0,1,0,0,0,1,0,0,0,1,0,0,0,0
1830,1.37396473380813,1,0,1,0,1,0,1,1,1,1,1,1,0,0,1
1831,-1.71600618787169,1,0,1,0,0,0,1,0,0,0,1,0,0,0,0
1832,0.211935094450182,0,0,1,0,1,1,1,1,1,1,1,1,0,0,0
1833,-0.683589451658074,1,0,1,0,1,0,1,0,0,1,1,0,0,1,0
1834,-0.342165837477373,1,0,1,0,1,0,1,0,0,1,1,0,0,0,0
1835,-0.0414551691071597,1,0,1,0,1,0,1,0,0,1,0,0,0,0,0
1836,-0.563077625090192,0,0,1,0,1,0,1,0,0,0,1,0,0,0,0
1837,0.397065437685195,0,0,1,0,1,0,1,0,1,1,1,0,0,0,0
1838,-0.312003542235417,0,0,1,0,1,0,1,0,1,1,1,0,0,0,0
1839,-0.211194925847527,1,0,1,0,1,1,1,0,1,1,1,1,0,0,1
1840,1.38599073101109,0,1,1,0,1,0,1,1,0,1,1,1,1,1,1
1841,-1.49731795807634,1,0,1,0,1,0,0,0,0,0,0,0,0,0,0
1842,-1.01327682118215,1,0,1,0,1,0,1,0,1,1,0,0,0,0,0
1843,-0.330540751053043,1,0,1,0,1,0,1,0,0,1,1,0,0,0,0
1844,-0.514830664191378,0,0,1,0,1,0,1,0,1,1,1,0,0,0,0
1845,-1.38758174972951,1,0,1,0,1,0,1,0,1,0,1,0,0,0,0
1846,1.04838148657521,1,0,1,0,1,1,1,1,0,1,0,1,1,0,1
1847,-1.17396629739562,0,0,1,0,1,0,1,0,0,1,1,0,0,0,0
1848,-0.430112780001453,1,0,1,0,1,0,1,0,0,1,0,0,0,0,0
1849,-0.936064939806944,1,0,1,0,1,0,1,0,0,0,0,0,0,0,0
1850,-0.458588123256919,1,0,1,0,1,0,1,0,0,1,0,0,0,0,1
1851,0.403749845106009,0,0,1,0,1,1,1,1,1,1,0,0,0,1,1
1852,-1.81080113831272,0,0,1,0,0,0,0,0,0,0,0,0,0,0,0
1853,0.512093513444666,0,0,1,0,1,1,1,1,1,1,1,1,0,0,1
1854,0.555912183213714,0,0,1,1,1,0,1,1,1,1,1,1,0,1,1
1855,0.554813619838236,0,0,1,0,1,0,1,1,1,1,1,0,0,0,1
1856,-0.235683843882306,1,0,1,0,1,1,1,0,1,1,1,0,0,0,1
1857,1.68554765160278,0,1,1,1,1,0,1,1,0,1,1,1,0,1,1
1858,0.39777392924221,0,0,1,1,1,0,1,1,1,1,1,0,0,1,1
1859,-0.764035792190568,0,0,1,0,1,1,1,0,0,1,0,0,0,0,0
1860,0.686765834112396,0,0,1,1,1,0,1,1,1,1,0,0,0,0,1
1861,-1.0902296438937,0,0,1,0,1,1,1,0,1,1,1,0,0,0,0
1862,0.896255640058157,1,0,1,0,1,0,1,1,0,1,0,0,1,1,1
1863,-0.241773947304223,1,0,1,0,1,0,1,0,1,1,0,0,0,0,0
1864,-0.86969954258825,0,0,1,0,1,0,1,0,0,0,1,0,0,0,0
1865,1.08004746522698,1,0,1,0,1,0,1,1,0,1,1,0,1,0,1
1866,0.281519238037707,1,0,1,0,1,0,1,0,1,1,1,0,0,0,1
1867,1.75959769903322,1,0,1,1,1,1,1,1,1,1,0,0,1,1,1
1868,0.339483222400246,1,0,1,0,1,0,1,1,1,1,1,1,1,0,1
1869,-1.61908099990392,0,0,1,0,1,0,0,0,0,0,1,0,0,0,0
1870,0.467723043323793,1,0,1,0,1,0,1,0,1,1,1,0,0,1,1
1871,0.294928572298948,0,0,1,0,1,0,1,1,0,1,1,0,0,0,1
1872,-0.85091048405679,1,0,1,0,1,0,1,0,1,1,0,0,0,0,1
1873,-0.896372067639388,1,0,1,0,1,0,1,0,0,1,1,0,0,0,0
1874,0.387612270936506,1,0,1,0,1,0,1,0,1,1,1,0,0,1,1
1875,-0.311054688821191,1,0,1,0,1,1,1,0,1,1,1,0,0,0,0
1876,-0.525524192262624,0,0,1,0,0,1,1,0,0,1,1,0,0,0,1
1877,0.490463984513595,0,0,1,0,1,0,1,0,1,1,1,0,0,1,1
1878,-0.58697610173831,1,0,1,0,1,0,1,0,0,1,1,0,0,0,1
1879,-0.0740959435672047,0,0,1,0,1,0,1,0,0,1,0,0,0,0,1
1880,1.4419298787523,0,0,1,0,1,0,1,1,1,1,1,1,1,1,1
1881,0.0599275824937171,0,0,1,0,1,0,1,1,0,1,1,0,1,0,1
1882,1.29678583848521,1,0,1,0,1,1,1,1,1,1,1,0,0,0,1
1883,-1.23907961011986,0,0,1,0,0,0,1,0,0,1,0,0,0,0,0
1884,1.80343415101087,1,0,1,0,1,0,1,1,1,1,1,1,1,1,1
1885,-1.57246707580875,0,0,0,0,0,0,1,0,1,0,1,0,0,0,0
1886,-0.397689606322869,1,0,1,0,1,0,1,0,0,1,1,0,0,0,0
1887,0.0740517488836545,1,0,1,0,1,1,1,0,0,1,1,0,0,0,1
1888,1.03866940447467,0,0,1,0,1,0,1,1,1,1,1,0,0,0,1
1889,0.698208919413669,1,0,1,0,1,1,1,1,1,1,1,0,0,0,1
1890,-0.857737038082635,1,0,1,0,1,0,1,0,0,1,1,0,0,1,0
1891,0.352692680769658,1,0,1,0,1,1,1,0,1,1,1,0,0,1,1
1892,0.76111556814764,1,0,1,0,1,1,1,1,1,1,1,0,0,1,0
1893,0.501334779547449,1,0,1,0,1,0,1,0,1,1,0,0,0,0,1
1894,1.21686533586004,1,0,1,0,1,0,1,1,1,1,1,0,1,0,1
1895,0.267739738370456,0,0,1,0,1,0,1,0,1,1,1,1,0,0,0
1896,-0.437190373414387,1,0,1,0,1,1,1,0,0,1,1,0,0,0,0
1897,-1.42410715709071,1,0,1,0,1,0,1,0,0,1,0,0,0,0,0
1898,-1.22157898837675,1,0,1,0,1,0,1,0,0,0,0,0,0,0,0
1899,1.82836450801392,0,0,1,1,1,1,1,1,1,1,0,1,1,1,1
1900,-1.32903787770039,1,0,1,0,0,0,1,0,0,1,1,0,0,0,0
1901,-1.73489083932428,1,0,1,0,0,1,0,0,0,0,0,0,0,0,0
1902,-0.467039270695965,1,0,1,0,1,0,1,0,1,1,0,0,0,1,0
1903,0.169590756129307,0,0,1,0,1,0,1,0,0,1,1,0,0,1,1
1904,0.251168356961375,0,0,1,0,1,0,1,1,0,1,0,0,0,0,0
1905,-1.08164842706153,0,0,1,0,1,0,1,0,0,1,0,0,0,0,0
1906,-0.857201357060655,0,0,1,0,0,0,1,0,0,1,1,0,0,0,0
1907,-2.33371078642899,1,0,1,0,1,0,1,0,0,0,1,0,0,0,0
1908,-0.127460917455176,1,0,1,0,1,1,1,0,1,1,1,0,0,0,1
1909,-1.76470666956308,1,0,1,0,0,0,0,0,0,0,1,0,0,0,0
1910,1.4980914088411,1,0,1,1,1,0,1,1,1,1,1,1,1,0,1
1911,-0.897351790030596,1,0,1,0,1,0,1,0,0,1,0,0,0,0,0
1912,0.576845098280084,1,0,1,0,1,0,1,1,0,1,0,1,0,0,1
1913,-0.384135067451957,1,0,1,0,1,0,1,0,1,1,1,0,0,0,0
1914,0.883874706316758,0,0,1,0,1,1,1,1,0,1,0,0,0,1,1
1915,-0.84439501590821,0,0,1,0,1,0,1,0,0,1,1,0,0,0,0
1916,-0.58184567268155,0,0,1,0,1,0,1,0,1,1,1,0,0,1,0
1917,-0.736521113398298,0,0,1,0,1,0,1,0,1,1,1,0,0,0,1
1918,-0.211312483853685,1,0,1,0,1,0,1,0,1,1,1,0,0,0,0
1919,0.198517750539127,1,0,1,0,1,0,1,0,1,1,1,0,0,0,1
1920,1.8857142626393,1,0,1,1,1,1,1,1,1,1,1,1,0,0,1
1921,0.167154495552192,1,0,1,1,1,1,1,0,0,1,1,0,0,1,1
1922,2.0952063333733,1,0,1,1,1,0,1,1,1,1,1,1,1,0,1
1923,-0.66591862648378,0,0,1,0,1,0,1,0,0,1,1,0,0,0,1
1924,1.62057812220522,1,0,1,0,1,0,1,1,1,1,1,1,0,1,1
1925,-1.31414292155213,1,0,1,0,0,0,1,0,0,1,1,0,0,0,0
1926,-2.53870737892679,1,0,0,0,0,0,0,0,0,0,1,0,0,0,0
1927,0.0535432835779523,0,0,1,0,1,0,1,0,1,1,1,0,0,1,0
1928,0.843516338971444,1,0,1,0,1,1,1,0,1,1,1,1,0,1,1
1929,-1.96946214643143,1,0,1,0,0,0,0,0,0,0,0,0,0,0,0
1930,0.757376556024297,0,0,1,0,1,0,1,1,1,1,0,0,0,1,1
1931,1.1382790538994,0,0,1,1,1,0,1,1,0,1,0,1,0,1,1
1932,-0.289674021530523,1,0,1,0,1,0,1,0,0,1,1,0,0,0,1
1933,-0.496869179938788,1,0,1,0,1,0,1,0,1,1,1,0,0,0,0
1934,-0.4810173342725,0,0,1,0,1,0,1,0,1,1,0,0,0,0,1
1935,-0.3745392526614,0,0,1,0,1,0,1,0,0,1,1,0,0,0,1
1936,0.706801780507283,0,0,1,1,1,0,1,0,1,1,1,0,0,1,1
1937,1.87075898983233,0,0,1,1,1,1,1,1,1,1,1,1,0,0,1
1938,-1.14752944514472,1,0,1,0,0,1,1,0,0,0,0,0,0,0,0
1939,-1.50454153829495,1,0,1,0,1,0,1,0,0,0,1,0,0,0,0
1940,0.211227460299705,1,0,1,0,1,0,1,1,1,1,0,0,0,0,1
1941,-0.98219809989942,0,0,1,0,0,0,1,0,0,1,1,0,0,0,1
1942,0.556308323813929,0,0,1,0,1,0,1,0,1,1,1,0,0,0,1
1943,0.25724490224399,0,0,1,0,1,0,1,1,0,1,0,0,1,0,1
1944,-0.562309911830687,0,0,1,0,1,0,1,0,1,1,1,0,0,0,0
1945,-0.732598774333913,1,0,1,0,1,0,1,0,0,0,1,0,0,0,0
1946,1.05592035699745,0,0,1,0,1,1,1,0,1,1,1,1,0,1,1
1947,-0.432500591326964,0,0,1,0,1,0,1,0,0,1,0,0,0,1,0
1948,-0.188118496765546,1,0,1,0,1,0,1,0,1,1,1,0,0,1,0
1949,0.702789709087311,1,0,1,0,1,0,1,0,1,1,1,1,0,0,1
1950,-0.0900716465888558,1,0,1,0,1,1,1,0,0,1,1,0,0,0,1
1951,-0.48391893178905,1,0,1,0,1,0,1,0,0,1,1,0,0,1,1
1952,0.103424403884641,1,0,1,0,1,0,1,0,0,1,1,0,0,0,1
1953,0.384442785069098,0,0,1,0,1,0,1,1,1,1,1,1,0,0,1
1954,1.15913252635814,1,0,1,1,1,0,1,1,1,1,1,1,0,0,1
1955,-2.16759945183769,1,0,1,0,0,0,0,0,1,0,1,0,0,0,0
1956,-0.771145586346818,0,0,1,0,1,0,1,0,0,1,0,0,0,0,1
1957,0.876902400528493,0,0,1,0,1,0,1,0,1,1,1,0,0,1,1
1958,-0.0411348709962935,1,0,1,0,1,0,1,0,0,1,1,0,0,1,0
1959,-0.22993329264267,0,0,1,0,1,0,1,0,0,1,1,0,0,1,1
1960,-0.58132415707311,1,0,1,0,1,1,1,0,1,1,0,0,0,0,0
1961,0.0986847362333852,0,0,1,0,1,1,1,0,1,1,1,0,0,1,1
1962,-0.650617019838352,0,0,1,0,1,0,1,0,0,1,1,0,0,0,0
1963,0.339116900042257,0,0,1,0,1,0,1,1,1,1,1,0,1,0,1
1964,-0.562939763410204,1,0,1,0,1,0,1,0,0,1,1,0,0,0,0
1965,-0.454822357574417,1,0,1,0,1,0,1,0,0,1,0,0,0,0,0
1966,0.493112036274887,1,0,1,0,1,0,1,1,0,1,1,0,0,0,1
1967,1.18914833011592,1,0,1,0,1,0,1,1,1,1,0,0,0,0,1
1968,-1.29154114592234,0,0,0,0,1,0,1,0,0,0,1,0,0,0,0
1969,-0.80420351977671,1,0,1,0,1,0,1,0,0,0,1,0,0,0,1
1970,0.562353487925882,1,0,1,0,1,1,1,0,0,1,1,0,0,0,0
1971,1.68570874978195,1,0,1,1,1,1,1,1,1,1,1,1,0,0,1
1972,1.11903123308518,0,1,1,0,1,0,1,1,1,1,0,0,0,1,1
1973,-0.0946939712243607,1,0,1,0,1,0,1,0,0,1,1,0,0,1,1
1974,0.577656183733938,0,0,1,0,1,0,1,0,0,1,1,1,0,0,1
1975,1.6377288325454,1,0,1,1,1,1,1,1,1,1,1,0,0,0,1
1976,-1.27022347093398,0,0,1,0,1,0,1,0,0,0,1,0,0,0,0
1977,-1.73409764494565,0,0,1,0,1,0,1,0,0,1,0,0,0,0,0
1978,-0.158632632646472,0,0,1,0,1,0,1,0,0,1,0,0,1,0,0
1979,-0.295309903694891,1,0,1,0,1,0,1,0,0,1,1,0,0,0,0
1980,-0.48065236855987,0,0,1,0,1,1,1,0,0,1,0,0,0,0,0
1981,0.340553229564293,1,0,1,0,1,0,1,1,1,1,1,0,0,0,1
1982,0.939724560858558,1,0,1,0,1,0,1,0,0,1,1,1,0,0,1
1983,-0.097281188615549,0,0,1,0,1,0,1,0,0,1,0,0,0,0,1
1984,-0.528938080840569,0,0,1,0,1,0,1,0,0,1,0,0,0,0,1
1985,0.659581651261792,1,0,1,0,1,1,1,1,1,1,1,0,0,0,1
1986,0.477869804598991,0,0,1,0,1,0,1,0,0,1,1,0,0,1,0
1987,-1.05718567695345,0,0,1,0,0,0,1,0,0,1,1,0,0,0,0
1988,0.795639954600934,1,0,1,0,1,0,1,1,1,1,1,0,0,1,1
1989,0.411710958800745,1,0,1,1,1,1,1,0,1,1,1,0,0,1,1
1990,0.136825012285813,1,0,1,0,1,0,1,0,1,1,1,0,0,0,0
1991,0.367127802981006,0,0,1,0,1,0,1,0,1,1,0,0,0,1,0
1992,0.14264300898967,1,0,1,0,1,0,1,0,0,1,1,1,0,1,1
1993,0.0806257384051711,0,0,1,0,1,1,1,0,0,1,1,0,0,0,0
1994,0.00871117698782952,1,0,1,0,1,0,1,1,0,1,1,0,0,0,0
1995,0.936130450645944,1,0,1,0,1,0,1,1,0,1,1,0,0,1,0
1996,0.509869035036952,1,0,1,0,1,1,1,1,1,1,0,1,1,0,1
1997,1.20978799200083,1,0,1,0,1,0,1,1,1,1,1,1,1,1,0
1998,-0.313693287540216,1,0,1,0,1,1,1,0,0,1,1,0,1,0,0
1999,0.0507349515056284,1,0,1,0,1,1,1,0,1,1,1,0,0,0,1
2000,-0.232905410850468,0,0,1,0,1,1,1,0,1,1,1,0,0,0,1
2001,0.885138977549127,1,0,1,0,1,1,1,1,1,1,1,1,0,1,1
2002,0.415264330111835,1,0,1,0,1,0,1,0,1,1,0,0,0,0,1
2003,-0.91752622642402,1,0,1,0,1,0,1,0,0,1,1,0,0,0,1
2004,1.36905384686441,0,1,1,0,1,1,1,1,1,1,1,1,0,1,1
2005,2.28589062316776,0,1,1,1,1,0,1,1,1,1,1,1,1,1,1
2006,-0.0250329246421619,0,0,1,0,1,0,1,1,0,1,1,0,0,0,0
2007,-0.811639401401585,1,0,1,0,1,0,1,0,1,1,0,0,0,0,0
2008,0.499221189928824,0,0,1,0,1,1,1,0,1,1,0,0,0,1,0
2009,1.87072968854242,1,0,1,1,1,1,1,1,1,1,1,1,1,1,1
2010,0.24951742368185,0,0,1,0,1,0,1,0,0,1,0,0,0,0,1
2011,-0.183086657571749,1,0,1,0,1,1,1,0,0,1,0,0,0,0,0
2012,0.412287753831341,1,0,1,0,1,0,1,0,1,1,1,0,0,1,1
2013,1.21543168869942,1,0,1,1,1,0,1,1,1,1,1,1,0,1,1
2014,-0.211522181857778,0,0,1,0,1,0,1,0,0,1,0,0,1,1,0
2015,-2.26044511427781,0,0,0,0,1,0,0,0,0,0,1,0,0,1,0
2016,-0.131355724621629,1,0,1,0,1,0,1,0,0,1,0,0,0,0,0
2017,-1.72689289312131,1,0,1,0,1,0,0,0,0,0,0,0,0,0,0
2018,0.101019770001884,1,0,1,0,1,0,1,0,0,1,1,0,0,0,1
2019,0.83988036828654,1,0,1,0,1,1,1,1,1,1,1,1,1,1,1
2020,-0.5550625910748,1,0,1,0,1,0,1,0,0,1,1,0,0,0,0
2021,0.178003455798064,0,0,1,0,1,0,1,1,1,1,1,0,0,1,1
2022,0.203370284734556,1,0,1,0,1,0,1,0,0,1,1,0,0,1,1
2023,-0.290352167524525,1,0,1,0,1,0,1,0,1,1,1,0,0,0,0
2024,-1.26452810927961,0,0,1,0,1,0,1,0,0,0,0,0,0,0,0
2025,-1.04875960524371,1,0,1,0,1,0,1,0,0,1,0,0,0,0,0
2026,-0.382252701829234,0,0,1,0,1,1,1,0,1,1,0,0,0,0,0
2027,-1.15801402065029,1,0,1,0,0,0,1,0,0,1,0,0,0,0,0
2028,-0.096992967924621,1,0,1,0,1,0,1,0,0,1,0,0,1,0,0
2029,0.767975837768581,1,0,1,0,1,1,1,1,0,1,1,1,0,1,0
2030,0.590338339781307,0,0,1,0,1,0,1,0,1,1,0,1,0,0,1
2031,0.727197179765966,0,0,1,0,1,0,1,1,1,1,1,0,1,0,1
2032,-1.3023566647404,1,0,1,0,1,0,1,0,0,1,1,0,0,0,0
2033,-0.672308094406694,1,0,1,0,1,0,1,0,0,1,1,0,0,0,0
2034,0.180150897384736,0,0,1,0,1,0,1,0,0,1,0,1,0,1,1
2035,-1.81287617821945,1,0,1,0,0,0,0,0,0,0,0,0,0,0,0
2036,1.48117447491578,1,0,1,0,1,0,1,1,1,1,1,1,1,1,1
2037,2.11005843311158,0,1,1,1,1,1,1,1,0,1,1,1,0,1,1
2038,0.0250647589716827,1,0,1,0,1,0,1,0,1,1,1,0,0,0,1
2039,-0.0199860909039819,0,0,1,0,1,0,1,1,0,1,1,0,0,1,0
2040,-0.961496137707218,1,0,1,0,1,0,1,0,0,1,1,0,0,0,0
2041,-1.2744650826056,1,0,1,0,1,1,1,0,1,0,1,0,0,0,0
2042,-1.40683017175493,0,0,1,0,1,0,0,0,0,1,1,0,0,0,0
2043,-0.65443824354043,1,0,1,0,1,0,1,0,0,1,1,0,0,0,0
2044,0.66321047662406,1,0,1,0,1,0,1,0,1,1,0,0,0,1,1
2045,0.907449682640389,0,0,1,0,1,0,1,1,0,1,1,0,1,0,1
2046,0.275261861608181,1,0,1,0,1,1,1,0,1,1,1,0,0,1,1
2047,1.26171094743421,1,0,1,1,1,0,1,1,1,1,1,1,0,1,1
2048,0.254839738443044,1,0,1,0,1,1,1,0,1,1,0,0,0,0,1
2049,0.726877362766038,1,0,1,0,1,1,1,1,1,1,1,1,1,1,1
2050,0.0767506853255315,1,0,1,0,1,0,1,0,0,1,0,0,0,0,1
2051,0.504706748417697,1,0,1,0,1,0,1,0,0,1,0,1,0,1,1
2052,-0.299375152918108,0,0,1,0,1,0,1,0,1,1,0,0,0,0,1
2053,-0.911233310924309,0,0,1,0,1,0,1,0,0,1,1,0,0,0,0
2054,-0.789352275031936,0,0,1,0,1,0,1,1,0,1,1,0,0,0,0
2055,0.41260007876486,1,0,1,0,1,1,1,1,1,1,0,1,1,0,1
2056,-0.866648071125585,1,0,1,0,1,1,1,0,0,1,1,0,0,0,0
2057,1.03754620705533,0,0,1,0,1,0,1,1,1,1,1,0,0,0,1
2058,1.90462431692128,0,0,1,0,1,1,1,1,1,1,1,1,1,1,1
2059,0.0767455881727416,1,0,1,0,1,1,1,0,0,1,0,0,0,0,0
2060,0.691813263011656,1,0,1,1,1,0,1,0,1,1,1,1,0,1,1
2061,0.150117191530116,0,0,1,0,1,1,1,0,0,1,1,0,0,0,1
2062,-0.543952639799503,0,0,1,0,1,0,1,0,1,1,0,0,0,0,0
2063,1.80319903118681,1,1,1,0,1,0,1,1,1,1,1,1,0,1,1
2064,0.423109328716,0,0,1,0,1,0,1,0,1,1,0,1,0,1,1
2065,-0.113434986504718,0,0,1,0,1,0,1,0,1,1,1,0,0,0,0
2066,-0.311662234659338,1,0,1,0,1,1,1,0,1,1,1,0,0,1,1
2067,0.246729213666006,0,0,1,0,1,1,1,0,0,1,1,1,0,1,1
2068,1.7339518480535,1,0,1,1,1,1,1,1,1,1,1,1,0,0,1
2069,2.07262458743772,0,1,1,1,1,0,1,1,1,1,0,1,1,1,1
2070,1.34525663810535,0,0,1,0,1,1,1,1,0,1,1,1,1,1,1
2071,0.032715225305651,0,0,1,0,1,1,1,0,0,1,0,0,0,0,1
2072,-1.04454278083289,1,0,1,0,1,0,1,0,0,0,0,0,0,0,0
2073,-0.333010162108942,0,0,1,0,1,0,1,0,0,1,1,1,0,0,0
2074,0.527852959508566,1,0,1,0,1,0,1,1,1,1,1,0,0,1,1
2075,0.727244386156206,0,0,1,0,1,0,1,1,1,1,1,0,0,1,1
2076,-0.932471111671043,1,0,1,0,0,1,1,0,0,1,1,0,0,0,1
2077,0.281524523449435,1,0,1,0,1,1,1,0,0,1,0,0,0,0,1
2078,1.75016676649786,1,0,1,0,1,0,1,1,1,1,0,1,0,1,0
2079,0.507072375982051,1,0,1,0,1,1,1,1,1,1,1,1,0,1,0
2080,1.12806764560325,1,0,1,0,1,0,1,1,1,1,1,0,1,1,1
2081,-2.22995725117037,0,0,0,0,0,0,0,0,0,0,0,0,0,0,0
2082,0.137519172769682,0,0,1,0,1,0,1,0,0,1,0,0,0,0,1
2083,0.265473437746215,1,0,1,0,1,0,1,0,0,1,0,0,0,1,1
2084,-0.325920665806561,0,0,1,0,1,0,1,0,0,1,1,0,0,0,0
2085,0.779646387014812,1,0,1,0,1,1,1,0,1,1,1,0,1,0,1
2086,-0.432225394164901,1,0,1,0,1,0,1,0,0,1,1,0,0,0,0
2087,-0.303629336840879,0,0,1,0,1,0,1,0,1,1,1,0,0,1,0
2088,0.828567240489336,1,0,1,0,1,0,1,0,0,1,0,0,0,1,1
2089,-0.0253913243471047,1,0,1,0,1,0,1,0,0,1,1,0,0,0,0
2090,-0.893405289643194,1,0,1,0,0,0,1,0,0,1,1,0,0,0,0
2091,-0.32001919808202,1,0,1,0,1,0,1,0,1,1,0,0,0,1,1
2092,-0.397731406445297,1,0,1,0,1,1,1,1,0,1,1,0,0,1,1
2093,0.415259449848284,0,0,1,1,1,0,1,1,0,1,1,0,1,0,0
2094,0.51098697504135,1,0,1,0,1,1,1,0,1,1,0,0,1,0,1
2095,0.570568040747658,1,0,1,0,1,1,1,0,0,1,1,0,0,1,1
2096,1.20476918633945,1,0,1,0,1,1,1,1,1,1,1,1,0,1,1
2097,0.621251661081324,1,0,1,0,1,1,1,1,0,1,1,0,0,0,1
2098,-0.176623351209138,1,0,1,0,1,1,1,0,1,1,1,0,0,0,1
2099,-0.680276619433577,0,0,1,0,1,0,1,0,1,1,0,0,0,0,0
2100,0.589859745487695,1,0,1,0,1,1,1,0,1,1,1,0,1,0,1
2101,1.09910093761802,0,0,1,0,1,0,1,1,1,1,1,0,1,1,1
2102,0.096918889487581,1,0,1,0,1,0,1,0,0,1,1,0,0,1,1
2103,0.169052917583411,0,0,1,0,1,1,1,0,1,1,1,1,0,0,0
2104,0.68240488394646,1,0,1,0,1,0,1,1,0,1,1,0,0,0,0
2105,-0.110724255308767,0,0,1,0,1,1,1,0,0,1,1,0,0,0,0
2106,0.412647825700127,0,0,1,0,1,0,1,0,1,1,1,0,0,1,1
2107,0.89303324476311,0,0,1,0,1,0,1,1,1,1,1,1,0,0,1
2108,0.342544620844006,1,0,1,0,1,0,1,0,1,1,1,0,0,0,1
2109,0.827186124220168,1,0,1,0,1,1,1,0,1,1,1,1,0,0,1
2110,-1.01720532597813,1,0,1,0,1,0,1,0,0,1,0,0,0,1,0
2111,1.72671704050699,0,0,1,0,1,1,1,1,1,1,1,1,1,1,1
2112,-0.0558224704811489,0,0,1,0,1,0,1,0,1,1,0,0,0,0,0
2113,1.21038452741363,1,0,1,0,1,0,1,1,1,1,1,0,1,1,1
2114,-0.0825172258316394,1,0,1,0,1,0,1,0,0,1,1,0,0,0,0
2115,-0.224892168412988,1,0,1,0,1,0,1,0,1,1,1,0,0,0,0
2116,-0.0646169227642538,0,0,1,0,1,1,1,0,1,1,1,0,0,0,1
2117,0.265590515121966,0,0,1,0,1,1,1,0,1,1,1,0,0,1,1
2118,0.953044222396443,0,0,1,0,1,0,1,1,1,1,1,0,1,1,1
2119,-0.715926383223607,1,0,1,0,1,1,1,0,1,1,0,0,0,0,0
2120,-0.292595575992038,1,0,1,0,1,0,1,0,1,1,0,0,0,0,0
2121,0.148637714703277,0,0,1,0,1,1,1,0,1,1,0,0,0,0,0
2122,-0.411982699268253,1,0,1,0,1,0,1,0,0,1,0,0,0,0,1
2123,-0.993860856847801,0,0,1,0,0,0,1,0,0,0,1,0,0,0,0
2124,0.571574614184043,1,0,1,0,1,0,1,0,1,1,0,0,1,1,1
2125,0.14819262605615,1,0,1,0,1,0,1,0,1,1,0,0,0,0,0
2126,0.37304922689877,1,0,1,0,1,0,1,1,1,1,0,0,0,0,1
2127,-1.40758078679753,0,0,1,0,1,0,1,0,0,0,1,0,0,0,0
2128,-0.392568850009271,1,0,1,0,1,0,1,0,0,1,0,0,0,0,0
2129,-0.409591938591017,1,0,1,0,1,0,1,0,0,1,1,0,0,0,0
2130,0.455864029141747,0,0,1,0,1,0,1,1,1,1,1,1,1,0,1
2131,-0.0761304787387548,1,0,1,0,1,0,1,0,1,1,0,0,0,1,1
2132,-1.80362175033651,0,0,1,0,0,0,1,0,0,0,1,0,0,0,0
2133,0.438339341399144,1,0,1,0,1,0,1,0,0,1,1,0,1,0,1
2134,1.51141777556068,1,0,1,1,1,0,1,1,1,1,0,0,0,1,1
2135,-0.547511968751094,1,0,1,0,1,0,1,0,0,1,1,0,0,1,0
2136,-1.5970267038755,0,0,1,0,1,0,1,0,0,0,0,0,0,0,0
2137,0.218150057348181,1,0,1,0,1,1,1,0,1,1,1,1,0,0,1
2138,-0.954017110301846,0,0,1,0,1,0,1,0,0,1,1,0,0,1,0
2139,-1.15503673666539,0,0,1,0,1,0,1,0,0,0,1,0,0,0,1
2140,0.89346830450574,0,1,1,0,1,0,1,0,0,1,0,0,1,1,1
2141,-1.63856306528103,0,0,0,0,0,0,1,0,1,0,0,0,0,1,0
2142,-0.210862500449055,1,0,1,0,1,0,1,0,1,1,1,0,0,0,1
2143,0.146058811357055,0,0,1,0,1,1,1,0,0,1,1,0,0,0,0
2144,-1.26596449298339,0,0,1,0,1,0,1,0,0,1,1,0,0,0,0
2145,-1.77384672148026,0,0,1,0,1,0,1,0,0,0,1,0,0,0,0
2146,0.908687226839972,0,0,1,0,1,1,1,1,0,1,1,0,0,1,1
2147,-2.41300750640319,0,0,0,0,0,0,0,0,1,0,0,0,0,0,0
2148,-0.746161148870398,1,0,1,0,1,0,0,0,1,0,1,0,0,1,0
2149,2.22261824727225,0,0,1,1,1,0,1,1,0,1,1,1,1,1,1
2150,-0.273341681792166,0,0,1,0,1,0,1,0,0,1,1,0,0,0,0
2151,0.672576051788943,0,0,1,0,1,1,1,0,0,1,1,0,0,0,1
2152,-0.0575863520063789,1,0,1,0,1,1,1,0,0,1,1,0,0,0,0
2153,0.455499962852735,1,0,1,0,1,1,1,0,0,1,1,0,0,0,1
2154,1.0861065203023,0,0,1,0,1,1,1,1,1,1,1,1,0,0,1
2155,-0.055535165885514,1,0,1,0,1,0,1,0,1,1,1,0,0,1,1
2156,3.16840692141304,1,1,1,1,1,1,1,1,1,1,1,1,1,1,1
2157,1.9474668630429,1,0,1,0,1,1,1,1,1,1,1,1,0,1,1
2158,0.00614804197109747,1,0,1,0,1,0,1,0,1,1,1,0,0,0,1
2159,0.90886502367689,0,0,1,0,1,1,1,1,1,1,1,0,0,0,0
2160,-2.07054921984771,0,0,1,0,1,0,1,0,0,0,0,0,0,1,0
2161,-0.986822773692306,1,0,1,0,1,1,1,0,0,1,0,0,0,1,0
2162,0.206836901839276,1,0,1,0,1,1,1,0,0,1,0,0,0,1,1
2163,-1.34143562229011,1,0,1,0,1,0,1,0,1,0,0,0,0,1,1
2164,0.076462967169872,1,0,1,0,1,0,1,0,0,1,1,0,1,0,0
2165,0.580598440053685,1,0,1,0,1,0,1,1,0,1,1,0,1,0,1
2166,-0.182905028063986,1,0,1,0,1,0,1,0,0,1,0,0,0,0,1
2167,0.00929001249573137,1,0,1,0,1,0,1,0,0,1,0,0,0,0,1
2168,-2.04503004243116,0,0,1,0,1,1,0,0,0,1,0,0,0,0,0
2169,-1.36310056298207,1,0,1,0,0,0,0,0,1,1,1,0,0,0,0
2170,0.113755736350911,1,0,1,0,1,0,1,0,1,1,1,0,0,1,1
2171,-0.0551249368407705,1,0,1,0,1,0,1,0,1,1,1,0,0,0,1
2172,0.574277600353944,0,0,1,0,1,0,1,0,0,1,1,0,0,0,1
2173,-0.478919326589767,0,0,1,0,1,1,1,0,1,1,0,0,0,0,1
2174,0.798447121939922,1,0,1,1,1,1,1,1,0,1,1,0,0,1,1
2175,-0.536046587320314,1,0,1,0,1,0,1,0,1,1,1,0,0,0,1
2176,0.549616119378228,0,0,1,1,1,0,1,0,0,1,1,1,0,1,0
2177,-0.50239136316194,0,0,1,0,1,0,1,0,0,1,1,0,0,0,0
2178,0.53559185538957,0,0,1,0,1,0,1,1,0,1,1,0,1,0,1
2179,-2.78693260745521,0,0,1,0,0,0,0,0,0,0,1,0,0,0,0
2180,-0.81458685185493,0,0,1,0,1,0,1,0,0,1,1,0,0,0,0
2181,0.0371228111900302,0,0,1,0,1,0,1,0,1,1,1,0,0,1,0
2182,0.352698074405855,1,0,1,0,1,0,1,1,0,1,0,0,0,1,1
2183,1.63175100518889,1,1,1,1,1,0,1,1,1,1,1,0,1,1,1
2184,-1.38759509515376,0,0,1,0,1,0,1,0,0,0,0,0,0,1,0
2185,0.0641160471812559,0,0,1,0,1,0,1,0,0,1,0,0,0,0,1
2186,-1.93198316192334,0,0,1,0,1,0,0,0,0,0,1,0,0,0,0
2187,0.983719504752112,1,0,1,0,1,0,1,1,1,1,1,0,0,0,1
2188,0.155779544387233,0,0,1,0,1,1,1,0,0,1,0,0,0,0,1
2189,-0.0561052831102659,1,0,1,0,1,0,1,0,0,1,1,0,0,0,0
2190,-1.56626789083348,1,0,0,0,0,0,1,0,0,0,1,0,0,0,0
2191,2.0085403560786,0,0,1,1,1,1,1,1,1,1,1,1,1,0,1
2192,0.538820658409031,1,0,1,0,1,0,1,0,0,1,1,0,0,0,1
2193,0.34315308526799,0,0,1,0,1,1,1,1,0,1,1,1,0,0,0
2194,-0.792372621952984,0,0,1,0,1,0,1,0,0,1,1,0,0,0,1
2195,-1.04895086069986,0,0,1,0,1,0,1,0,0,1,1,0,0,0,1
2196,0.850966945954948,1,0,1,0,1,1,1,1,1,1,0,1,1,0,1
2197,-1.1904784992713,1,0,1,0,1,0,1,0,0,1,0,0,0,0,0
2198,0.217782179977493,0,0,1,0,1,1,1,0,0,1,1,0,1,1,1
2199,0.63479381608585,0,0,1,0,1,1,1,0,0,1,0,0,0,0,1
2200,1.7486442865393,1,0,1,0,1,1,1,1,0,1,0,0,1,1,1
2201,0.961042474438985,1,0,1,0,1,0,1,1,1,1,0,0,1,1,1
2202,-2.29043457287409,0,0,0,0,0,0,0,0,0,0,0,0,0,0,0
2203,0.0716771089391423,0,0,1,0,1,0,1,0,1,1,1,1,0,0,1
2204,-1.21535942959044,1,0,0,0,1,0,1,0,1,1,1,0,0,0,0
2205,-2.20320534934789,0,0,0,0,0,0,0,0,0,0,1,0,0,0,0
2206,1.09811818039829,0,0,1,0,1,1,1,1,1,1,1,1,1,0,1
2207,-0.756987113395918,0,0,1,0,1,1,1,0,0,1,1,0,0,1,0
2208,-0.954199772067245,0,0,1,0,1,0,1,0,0,0,0,0,0,0,0
2209,1.17703580756749,0,0,1,1,1,1,1,0,1,1,1,1,0,0,1
2210,1.53819968174375,0,0,1,0,1,1,1,1,1,1,1,1,1,0,1
2211,-1.40583191063407,0,0,1,0,1,0,0,0,0,0,1,0,0,0,0
2212,0.531038529505244,0,0,1,0,1,1,1,0,1,1,1,0,0,0,1
2213,1.72433846076098,1,0,1,1,1,1,1,1,0,1,1,1,1,1,1
2214,-0.808007428138892,1,0,1,0,1,1,0,0,1,1,1,0,0,0,0
2215,-1.35289673894315,0,0,1,0,0,0,1,0,0,1,1,0,0,0,0
2216,1.63187912932669,1,0,1,0,1,0,1,1,1,1,1,1,0,1,1
2217,-0.574329939364776,0,0,0,0,1,0,1,0,1,0,1,0,1,0,0
2218,-0.258363027509913,1,0,1,0,1,0,1,0,1,1,0,0,0,1,0
2219,-0.462901158866234,0,0,1,0,1,0,1,0,1,1,1,0,0,0,1
2220,0.764475778635808,1,0,1,0,1,1,1,0,1,1,1,1,1,0,1
2221,-0.730322628596078,0,0,1,0,1,0,0,0,0,1,1,0,0,1,1
2222,-0.15917454317552,0,0,1,0,1,0,1,0,0,1,1,0,0,0,0
2223,0.257062764824628,1,0,1,0,1,0,1,0,0,1,1,0,0,0,1
2224,0.435519227592562,1,0,1,0,1,0,1,0,1,1,1,0,0,1,1
2225,-0.198891539674646,0,0,1,0,1,0,1,0,0,1,1,0,0,0,0
2226,-1.07364147388153,1,0,1,0,0,0,1,0,1,1,1,0,0,0,0
2227,0.423943148731838,0,0,1,0,1,0,1,1,1,1,0,1,0,0,1
2228,1.27890823245996,1,0,1,0,1,1,1,1,1,1,1,1,0,1,1
2229,0.469869403331276,0,0,1,0,1,0,1,1,1,1,1,0,0,0,1
2230,1.05769341971727,0,0,1,0,1,1,1,1,1,1,1,1,0,1,1
2231,-1.02621194820123,1,0,1,0,1,0,1,0,1,1,1,0,0,1,0
2232,2.67251868701411,0,0,1,1,1,0,1,1,1,1,1,1,1,1,1
2233,-1.94528494265543,1,0,0,0,0,0,0,0,0,0,1,0,0,0,0
2234,1.08969897177761,0,0,1,0,1,1,1,0,1,1,1,0,1,0,1
2235,1.5494489360276,0,0,1,1,1,1,1,1,1,1,1,0,1,0,1
2236,-0.384871758773134,1,0,1,0,1,0,1,0,1,1,1,0,0,1,1
2237,-0.612385866888751,0,0,1,0,1,0,1,0,0,1,1,0,0,0,0
2238,0.648911832038763,1,0,1,0,1,1,1,0,1,1,0,1,0,0,0
2239,-0.853664597300452,0,0,1,0,1,1,1,0,0,1,0,0,0,0,0
2240,0.554818856569415,1,0,1,0,1,1,1,0,1,1,1,0,0,1,1
2241,0.218115100573916,1,0,1,0,1,0,1,0,0,1,0,0,0,0,1
2242,-0.251763204996161,1,0,1,0,1,0,1,0,0,1,1,0,0,0,0
2243,-1.16351541830931,0,0,1,0,1,0,1,0,0,1,0,0,0,1,0
2244,-1.73655259145459,1,0,1,0,1,0,0,0,0,0,1,0,0,0,0
2245,-1.07032937719954,1,0,1,0,1,0,1,0,0,0,0,0,0,0,0
2246,2.48372420380282,1,0,1,1,1,0,1,1,1,1,1,1,1,1,1
2247,0.321009917345789,1,0,1,0,1,0,1,1,1,1,1,0,0,0,1
2248,0.366826386963954,1,0,1,0,1,0,1,0,1,1,1,0,0,0,0
2249,-0.193256628942059,0,0,1,0,1,1,1,0,0,1,0,0,0,0,0
2250,1.36548053374914,1,0,1,0,1,1,1,1,1,1,1,1,1,1,1
2251,0.188202974006808,1,0,1,0,1,1,1,1,1,1,1,0,0,0,1
2252,-1.02585293667452,0,0,1,0,1,1,1,0,0,1,1,0,0,0,0
2253,0.452503627783594,1,0,1,0,1,0,1,1,0,1,1,0,0,0,1
2254,-0.916645772685475,1,0,1,0,1,0,1,0,1,0,1,0,0,0,0
2255,0.837137549934787,0,0,1,0,1,0,1,0,0,1,1,0,0,0,1
2256,1.7057870007377,1,0,1,0,1,0,1,1,1,1,1,1,1,0,1
2257,-0.929149452844506,1,0,1,0,1,0,1,0,1,0,1,0,0,0,0
2258,0.634743111421192,0,0,1,0,1,0,1,1,1,1,1,1,0,1,1
2259,-0.198924074529929,0,0,1,0,1,0,1,0,1,1,1,0,0,0,1
2260,0.211819356647124,0,0,1,0,1,0,1,0,1,1,0,0,1,1,1
2261,0.531033354994522,1,0,1,0,1,0,1,0,0,1,0,0,0,0,1
2262,-0.884713068410751,0,0,1,0,1,0,1,0,0,1,1,1,0,0,0
2263,0.254132703474457,0,0,1,0,1,1,1,0,0,1,0,0,0,0,1
2264,-0.813681140771861,0,0,1,0,1,0,1,0,0,1,1,0,0,0,0
2265,0.383747613624867,1,0,1,0,1,0,1,0,0,1,1,0,0,0,1
2266,-1.929388291283,0,0,1,0,1,1,0,0,0,0,0,0,0,0,0
2267,1.50644632377695,0,0,1,0,1,1,1,0,1,1,1,1,0,1,1
2268,1.2255243591642,0,0,1,0,1,0,1,1,1,1,1,1,1,0,1
2269,-1.3860941709333,0,0,1,0,1,0,1,0,0,0,0,0,0,1,0
2270,-0.211859855746406,1,0,1,0,1,1,1,1,1,1,1,0,1,0,0
2271,-0.00622192854706127,1,0,1,0,1,0,1,0,0,1,0,0,0,1,1
2272,-0.0252830493183191,1,0,1,0,1,0,1,1,1,1,1,0,0,0,0
2273,2.04566461674121,1,0,1,1,1,1,1,1,1,1,0,1,1,1,1
2274,-0.136460900904524,1,0,1,0,1,0,1,0,1,1,1,1,0,1,1
2275,0.639663703800798,0,0,1,0,1,0,1,1,1,1,0,0,0,1,1
2276,-0.859807077359208,0,0,1,0,1,0,1,0,0,0,0,0,0,0,1
2277,0.374924707218461,0,0,1,0,1,0,1,1,0,1,1,0,0,0,1
2278,-1.69218217699053,0,0,1,0,1,0,0,0,0,0,0,0,0,0,0
2279,-2.61146773342157,1,0,0,0,0,0,1,0,0,0,1,0,0,0,0
2280,-0.748809429743244,0,0,1,0,1,0,1,0,1,1,1,0,0,0,0
2281,-0.587030508971024,0,0,1,0,1,0,1,0,0,0,1,0,0,0,0
2282,-0.994037740407053,0,0,1,0,1,0,1,0,0,1,0,0,0,0,1
2283,1.88508915471365,0,1,1,0,1,0,1,1,1,1,1,1,0,1,1
2284,0.134322417027616,0,0,1,0,1,1,1,0,0,1,1,0,0,0,0
2285,-1.27872026284978,0,0,1,0,0,0,1,0,0,1,1,0,0,0,0
2286,0.0192632473349814,1,0,1,0,1,0,1,0,0,1,1,0,0,0,1
2287,-0.0802598470638888,0,0,1,0,1,0,1,0,0,1,1,0,0,1,1
2288,-0.116141030496928,1,0,1,0,1,1,1,0,1,1,1,1,0,0,1
2289,0.0561422586029222,0,0,1,0,1,0,1,0,1,1,0,0,0,0,1
2290,-1.32905015801687,1,0,1,0,1,0,1,0,0,1,0,0,0,0,0
2291,-1.17260895429468,1,0,1,0,1,0,1,0,0,0,1,0,0,0,0
2292,-0.193291261105487,1,0,1,0,1,0,1,0,1,1,0,0,0,1,0
2293,-0.669568471903103,1,0,1,0,1,0,1,0,0,1,1,0,0,1,0
2294,-0.478521809726019,1,0,1,0,1,0,1,0,0,1,0,0,0,0,0
2295,-1.41335878896196,1,0,1,0,1,0,1,0,0,0,1,0,0,0,0
2296,0.0803336802306257,0,0,1,0,1,0,1,0,1,1,1,1,0,0,0
2297,0.45218585297058,0,0,1,0,1,0,1,0,1,1,1,0,0,0,1
2298,-2.66516708937608,0,0,0,0,0,0,0,0,0,0,0,0,0,0,0
2299,0.921388659920827,1,0,1,0,1,1,1,1,1,1,1,0,0,0,1
2300,0.386993857759586,1,0,1,0,1,0,1,0,1,1,1,0,0,1,1
2301,-1.17688812628169,0,0,1,0,1,0,1,0,0,0,0,0,0,0,0
2302,-1.1692032773961,0,0,1,0,1,0,1,0,0,1,0,0,0,0,0
2303,0.270985299964509,0,0,1,0,1,1,1,1,0,1,1,0,0,1,1
2304,0.944106512972457,1,0,1,0,1,0,1,1,1,1,1,0,0,0,1
2305,0.227726238203815,0,0,1,0,1,0,1,1,1,1,0,0,0,0,0
2306,-1.56557827967263,1,0,1,0,0,0,1,0,0,0,0,0,0,0,0
2307,0.773631165516637,0,0,1,0,1,0,1,1,1,1,1,0,0,0,1
2308,-0.958340210239535,0,0,1,0,1,0,1,0,0,0,0,0,0,1,1
2309,-0.689493562023734,1,0,1,0,1,0,1,0,0,1,1,0,0,0,1
2310,-0.0376949163329985,1,0,1,0,1,0,1,1,0,1,0,0,0,1,0
2311,-0.447500983907978,1,0,1,0,1,0,1,0,0,1,1,0,0,0,1
2312,-1.00328533277464,1,0,1,0,1,0,1,0,0,1,1,0,0,0,0
2313,1.05669021754169,1,0,1,0,1,0,1,1,1,1,1,0,0,1,1
2314,0.559179241532112,0,0,1,0,1,0,1,1,1,1,1,0,0,0,1
2315,0.461243321483031,1,0,1,0,1,1,1,1,1,1,1,0,0,1,1
2316,2.89822059681095,1,1,1,1,1,1,1,1,1,1,1,1,1,1,1
2317,1.25010509315782,1,0,1,0,1,1,1,1,1,1,1,0,1,0,1
2318,0.291950207911531,0,0,1,0,1,0,1,0,1,1,1,1,0,0,1
2319,-0.450327507744826,1,0,1,0,1,0,1,0,1,1,1,0,0,0,0
2320,-1.23995168833375,1,0,1,0,1,0,1,0,0,0,1,0,0,0,0
2321,0.350368877432355,1,0,1,0,1,1,1,1,0,1,0,0,0,0,1
2322,-0.682914410472323,0,0,1,0,1,1,1,0,0,1,0,0,0,0,0
2323,-1.27381915623663,1,0,1,0,1,0,1,0,1,0,1,0,0,0,0
2324,-0.153077020396327,0,0,1,0,1,0,1,0,0,1,1,0,0,0,0
2325,-0.57693730781236,0,0,1,0,1,0,0,0,0,1,1,0,0,0,0
2326,0.733772720888867,1,0,1,0,1,0,1,1,1,1,0,0,0,1,1
2327,-0.46817852320774,0,0,1,0,1,0,1,0,0,1,0,0,0,1,0
2328,0.162030510881816,0,0,1,0,1,0,1,0,0,1,1,0,1,1,1
2329,-0.557409023779898,1,0,1,0,1,0,1,0,1,1,1,0,0,0,0
2330,-0.782471922037751,1,0,1,0,1,0,1,0,0,1,0,0,0,0,1
2331,-0.432180054668954,0,0,1,0,1,0,1,0,1,0,0,0,0,0,0
2332,-0.256314569812508,0,0,1,0,1,0,1,0,0,1,0,0,0,0,1
2333,1.12746202607627,0,0,1,0,1,0,1,1,1,1,0,0,0,0,1
2334,1.01206791257627,1,0,1,0,1,1,1,1,1,1,1,0,0,0,1
2335,1.39171632582485,0,0,1,0,1,0,1,1,0,1,1,1,0,0,1
2336,-0.14105963675671,0,0,1,0,1,1,1,0,0,1,1,0,0,0,1
2337,0.844283068662373,1,0,1,0,1,1,1,1,0,1,1,0,0,1,1
2338,0.270642779225531,1,0,1,0,1,0,1,1,1,1,1,1,0,0,0
2339,-0.352307132079995,1,0,1,0,1,0,1,0,0,1,1,0,0,0,0
2340,0.372310209198296,0,0,1,0,1,0,1,1,1,1,1,0,0,0,1
2341,-1.3126025406006,1,0,1,0,1,1,0,0,0,1,1,0,0,0,0
2342,-0.420503278319575,0,0,1,0,1,0,1,0,1,1,1,0,0,0,0
2343,-0.904234069726942,1,0,1,0,1,0,1,0,0,1,0,0,0,1,0
2344,1.11294965049239,1,1,1,0,1,1,1,0,1,1,1,1,1,1,1
2345,0.599171848770547,0,0,1,0,1,0,1,0,0,1,1,1,0,0,1
2346,0.918082963300185,0,0,1,1,1,0,1,1,1,1,1,0,1,0,1
2347,-0.912773976316543,1,0,1,0,1,0,1,0,0,0,0,0,0,0,1
2348,-0.640776431417593,0,0,1,0,1,0,1,0,1,1,1,0,0,0,1
2349,-0.719226932663739,0,0,1,0,1,0,1,0,0,1,0,0,0,0,0
2350,0.561888151692867,1,0,1,0,1,0,1,1,1,1,0,0,0,0,1
2351,-0.876957058740971,1,0,1,0,1,0,1,0,0,1,1,0,0,0,1
2352,-2.40328139883628,0,0,1,0,0,0,1,0,0,0,0,0,0,0,0
2353,-0.623355421000301,1,0,1,0,1,0,1,0,1,1,1,0,0,0,0
2354,0.194824079645514,1,0,1,0,1,1,1,0,1,1,0,0,1,0,1
2355,1.23393724621401,1,0,1,0,1,1,1,1,0,1,0,0,0,0,1
2356,1.87302167710839,1,0,1,0,1,1,1,1,1,1,1,1,0,1,1
2357,0.668445515465707,1,0,1,0,1,0,1,1,1,1,1,0,0,0,1
2358,0.243521609113224,1,0,1,0,1,1,1,0,0,1,1,0,0,0,1
2359,-2.94467629800537,0,0,0,0,0,0,0,0,0,0,0,0,0,0,0
2360,-1.93120767553235,1,0,1,0,0,0,0,0,0,1,0,0,0,0,0
2361,0.344960028252167,0,0,1,0,1,1,1,0,0,1,1,0,0,1,1
2362,-0.709642135928484,1,0,1,0,1,1,1,0,0,1,1,0,0,0,0
2363,-0.214499580292797,1,0,1,0,1,0,1,0,1,1,1,0,0,0,1
2364,-0.415339177109632,0,0,1,0,1,0,1,0,1,1,0,0,0,0,0
2365,-0.824596376341548,0,0,1,0,1,1,1,0,0,1,1,0,0,0,0
2366,1.35849424489364,1,0,1,0,1,0,1,1,1,1,1,1,0,0,1
2367,-0.526316067172629,1,0,1,0,1,0,1,0,1,1,1,0,0,0,0
2368,-0.978718794981225,1,0,1,0,1,0,1,0,0,1,1,0,0,1,0
2369,1.32914592277265,1,1,1,0,1,1,1,1,1,1,1,1,0,0,1
2370,-0.0951006302294775,1,0,1,0,1,0,1,0,0,1,1,0,0,0,1
2371,1.23340656869086,0,0,1,1,1,1,1,1,1,1,1,0,1,1,1
2372,-0.0620049845666003,1,0,1,0,1,0,1,0,0,1,0,1,0,0,1
2373,0.969800648356023,1,0,1,0,1,0,1,1,1,1,1,0,0,0,1
2374,0.754372333505652,0,0,1,0,1,0,1,1,1,1,1,1,0,0,0
2375,0.46553466565422,1,0,1,0,0,0,1,0,1,1,0,0,0,1,1
2376,0.791486928277743,1,0,1,0,1,1,1,1,0,1,0,0,0,0,1
2377,0.59244190942736,1,0,1,1,1,1,1,1,0,1,0,0,0,1,0
2378,0.452821435204985,0,0,1,0,1,1,1,0,1,1,1,1,0,0,1
2379,-0.242103481193406,0,0,1,0,1,0,1,0,0,1,1,0,0,0,1
2380,0.22007441827431,1,0,1,0,1,1,1,0,0,1,1,0,0,1,1
2381,-0.180881570157098,0,0,1,0,1,0,1,0,1,1,1,0,0,0,0
2382,-0.422561918972149,1,0,1,0,1,0,1,1,0,1,1,0,0,1,0
2383,0.484480936817545,0,0,1,0,1,0,1,1,0,1,1,0,0,1,1
2384,-0.19925569654576,0,0,1,0,1,0,1,0,1,1,1,0,0,1,1
2385,0.908694902986854,0,0,1,0,1,0,1,1,1,1,0,0,0,1,1
2386,-0.101628438850312,0,0,1,0,1,0,1,0,1,1,0,0,0,0,0
2387,-0.555486492997398,1,0,1,0,1,0,1,0,0,1,0,0,1,0,0
2388,-0.339077497803853,1,0,1,0,1,1,1,0,1,1,1,0,0,0,1
2389,-0.715191061781626,1,0,1,0,1,0,1,0,0,1,0,0,0,0,1
2390,-0.119905328696525,0,0,1,0,1,0,1,0,0,1,1,0,0,0,0
2391,-0.164317414456366,1,0,1,0,1,0,1,0,1,1,0,0,0,0,1
2392,-1.17226268647815,1,0,1,0,1,0,1,0,0,1,1,0,0,0,1
2393,0.124616100770493,1,0,1,0,1,0,1,1,1,1,1,0,0,0,1
2394,-1.09410095862715,0,0,1,0,1,0,1,0,0,0,1,0,0,0,0
2395,1.77400018098692,0,0,1,0,1,1,1,1,1,1,1,1,0,0,1
2396,-1.11459245405087,1,0,1,0,1,0,1,0,0,0,0,0,0,1,1
2397,0.319946935920339,1,0,1,0,1,0,1,1,0,1,0,0,1,0,0
2398,-0.703791002201896,0,0,1,0,1,0,1,0,0,0,0,0,0,1,0
2399,0.794852874551664,1,0,1,0,1,0,1,0,1,1,0,0,0,1,1
2400,0.866587388556837,1,0,1,0,1,0,1,1,1,1,1,0,0,1,1
2401,0.137481374672842,0,0,1,0,1,0,1,0,1,1,1,0,0,1,1
2402,1.16366875493968,0,0,1,0,1,0,1,1,1,1,1,0,1,1,1
2403,0.0557392031071313,0,0,1,0,1,0,1,0,0,1,1,0,0,0,0
2404,-0.662581293474423,1,0,1,0,1,0,1,0,0,1,0,0,0,0,0
2405,1.51233134330583,1,1,1,1,1,0,1,1,1,1,1,0,1,0,1
2406,0.977637931269984,1,0,1,1,1,0,1,1,1,1,1,0,0,1,1
2407,-0.900859816994476,1,0,1,0,1,0,1,0,0,1,0,0,0,0,0
2408,0.273270418428997,0,0,1,0,1,0,1,1,1,1,1,0,1,0,0
2409,-1.04219804311296,1,0,1,0,1,1,1,0,0,1,0,0,0,0,0
2410,-0.983600362133769,1,0,1,0,1,0,1,0,0,1,1,0,0,1,0
2411,3.23032834213163,1,1,1,1,1,1,1,1,1,1,1,1,1,1,1
2412,1.69185546980875,1,0,1,1,1,0,1,1,1,1,0,1,1,0,1
2413,1.18718180125991,0,1,1,0,1,1,1,1,1,1,1,1,1,0,1
2414,-1.32697163436975,0,0,1,0,1,0,1,0,1,0,1,0,0,0,0
2415,-0.372970506127881,1,0,1,0,1,0,1,1,0,1,0,0,0,0,0
2416,-1.28547807203238,1,0,1,0,1,0,1,0,0,0,0,0,0,1,0
2417,0.525992962427139,1,0,1,0,1,0,1,1,1,1,1,0,1,0,1
2418,-0.650622549650472,0,0,1,0,1,1,1,0,1,1,0,0,0,0,1
2419,1.1789111966679,1,1,1,0,1,0,1,1,0,1,1,1,0,0,1
2420,-0.928589516229728,1,0,1,0,1,0,1,0,0,0,1,0,0,0,0
2421,0.25442437330182,0,0,1,0,1,0,1,0,0,1,1,1,0,0,1
2422,-1.76526519886456,0,0,1,0,0,0,0,0,0,0,0,0,0,0,0
2423,-1.84967611913979,1,0,1,0,1,0,1,0,1,0,0,0,0,0,0
2424,-0.806709295041227,1,0,1,0,1,0,1,0,0,1,1,0,0,0,1
2425,-2.40786174876876,1,0,1,0,0,0,0,0,0,0,0,0,0,0,0
2426,0.225221801216715,0,0,1,0,1,1,1,0,0,1,1,0,1,0,1
2427,-1.43648375871794,1,0,1,0,0,0,1,0,0,0,0,0,0,0,0
2428,0.389215173346918,1,0,1,0,1,0,1,0,0,1,1,1,0,0,1
2429,-0.048944084944773,1,0,1,0,1,1,1,0,1,1,1,1,0,1,1
2430,-0.543620070253006,0,0,1,0,1,0,1,0,0,1,0,0,0,0,1
2431,-0.254462489681509,0,0,1,0,1,0,1,0,1,1,1,0,0,0,1
2432,1.2455510571936,1,0,1,1,1,0,1,1,1,1,1,1,1,1,1
2433,-0.164608186407245,0,0,1,0,1,0,1,0,0,1,1,0,0,1,1
2434,-0.372050748304406,1,0,1,0,1,0,1,0,1,1,1,0,0,1,0
2435,-1.5143812040471,0,0,1,0,1,0,0,0,0,1,1,0,0,0,0
2436,1.09298626213576,0,1,1,0,1,0,1,1,1,1,0,1,1,0,1
2437,0.593131176145149,1,0,1,0,1,0,1,1,0,1,1,0,1,1,1
2438,1.29173259124783,0,0,1,0,1,0,1,1,1,1,1,1,0,0,1
2439,1.7230910865317,0,0,1,0,1,0,1,1,1,1,1,0,0,0,1
2440,-0.766919755379164,0,0,1,0,1,1,1,0,1,1,1,0,0,0,1
2441,-0.484200218450645,0,0,1,0,1,0,1,0,0,1,1,0,0,1,0
2442,1.48991961798269,1,0,1,0,1,1,1,1,1,1,1,1,1,1,1
2443,0.286792744510861,0,0,1,0,1,0,1,0,1,1,1,0,0,0,1
2444,-1.06930361283568,0,0,1,0,1,0,1,0,0,1,1,0,0,1,0
2445,0.810181961807024,1,1,1,0,1,0,1,1,1,1,1,1,0,0,1
2446,-1.14760955034125,1,0,1,0,1,0,1,0,1,0,1,0,0,0,0
2447,-1.21157502046746,0,0,0,0,0,0,1,0,0,0,1,0,0,0,0
2448,-0.166498575711661,0,0,1,0,1,0,1,0,0,1,1,0,0,0,0
2449,0.510195738465748,0,0,1,0,1,0,1,1,0,1,0,0,0,0,0
2450,1.50376120963613,0,0,1,1,1,0,1,1,1,1,1,1,1,1,1
2451,-1.42863050589143,0,0,1,0,0,0,0,0,0,0,1,0,0,1,0
2452,-1.98218848514323,1,0,0,0,0,0,1,0,0,0,1,0,0,0,0
2453,-1.77641862235548,1,0,1,0,0,0,1,0,0,0,0,0,0,0,0
2454,2.58727709689227,0,1,1,1,1,1,1,1,1,1,1,1,1,1,1
2455,0.414909967575617,1,0,1,0,1,0,1,0,1,1,1,0,0,0,1
2456,0.897227677009084,1,0,1,0,1,1,1,0,0,1,1,0,0,0,1
2457,-0.960650263278282,1,0,1,0,1,0,1,0,1,1,0,0,0,0,0
2458,-0.847831712995925,0,0,1,0,1,0,1,0,0,1,1,0,0,1,0
2459,0.161486096878298,1,0,1,0,1,0,1,0,0,1,1,0,0,0,1
2460,0.770320575823211,1,0,1,0,1,0,1,1,1,1,0,0,1,0,1
2461,1.34668712167675,1,0,1,0,1,0,1,1,1,1,0,1,1,1,0
2462,-0.106216341897803,1,0,1,0,1,1,1,0,1,1,0,0,0,1,0
2463,0.742654210247458,1,0,1,0,1,1,1,1,1,1,1,0,0,1,1
2464,-0.241512736414947,0,0,1,0,1,0,1,0,1,1,1,0,0,0,1
2465,-0.84075294411271,0,0,1,0,1,0,1,0,0,1,0,0,0,0,0
2466,0.164100945333825,1,0,1,0,1,0,1,0,1,1,0,0,0,0,0
2467,-1.22535833093284,1,0,1,0,1,0,1,0,0,0,1,0,0,0,0
2468,0.476101538288145,1,0,1,1,1,0,1,0,0,1,0,0,0,0,1
2469,0.111447582266457,0,0,1,0,1,0,1,1,0,0,0,0,0,0,1
2470,0.893837497562459,0,0,1,1,1,1,1,1,1,1,1,0,0,0,1
2471,0.602086873946071,1,0,1,0,1,1,1,1,1,1,1,0,0,1,1
2472,-0.617986562269206,1,0,1,0,1,1,1,0,0,1,0,0,0,1,1
2473,-0.698573689353709,1,0,1,0,1,0,1,0,0,1,1,0,0,0,0
2474,-1.43496471153182,0,0,1,0,1,0,1,0,0,0,1,0,0,0,0
2475,-0.446552700669962,0,0,1,0,1,0,1,0,0,1,1,0,0,0,0
2476,-2.25364798730915,1,0,1,0,1,0,0,0,0,0,0,0,0,0,1
2477,0.0771537059453209,0,0,1,0,1,0,1,0,0,1,1,0,0,0,1
2478,0.853309855799863,0,0,1,0,1,0,1,1,0,1,1,0,0,1,0
2479,-1.50490836763889,1,0,1,0,1,0,1,0,1,0,0,0,0,0,0
2480,0.514914157645376,1,0,1,0,1,0,1,1,0,1,1,1,0,0,1
2481,0.358801495466481,1,0,1,0,1,1,1,0,1,1,1,0,0,0,0
2482,1.21550312655343,0,1,1,1,1,1,1,1,1,1,1,1,1,0,1
2483,0.779208200757365,0,0,1,1,1,0,1,1,0,1,1,1,0,0,1
2484,0.982606467540512,0,0,1,0,1,0,1,1,1,1,1,1,0,0,1
2485,-0.751060619118517,0,0,1,0,1,0,1,1,0,1,1,0,0,1,0
2486,-0.736941692724296,1,0,0,0,1,1,1,0,0,1,1,0,0,1,1
2487,0.811139192698472,0,0,1,0,1,1,1,1,1,1,0,0,1,1,1
2488,0.345264493394629,1,0,1,0,1,0,1,1,1,1,0,0,0,1,0
2489,0.50982419929101,0,0,1,0,1,0,1,1,1,1,1,0,0,0,1
2490,-0.961101520265538,0,0,1,0,1,0,1,0,1,1,1,0,0,0,0
2491,-1.44979882744297,0,0,1,0,1,0,1,0,0,0,1,0,0,0,0
2492,-0.246805070621087,1,0,1,0,1,0,1,0,1,1,1,0,0,1,0
2493,0.5468051728129,0,0,1,0,1,0,1,1,0,1,1,0,0,0,1
2494,-0.538741288172543,0,0,1,0,1,0,1,0,1,1,1,0,0,0,1
2495,0.265887684430143,1,0,1,0,1,1,1,1,0,1,1,1,0,0,1
2496,0.0145279219827066,0,0,1,0,1,1,1,0,0,1,1,0,0,1,1
2497,1.18417955028755,0,0,1,0,1,1,1,1,0,1,1,0,0,1,1
2498,0.663351311947717,0,0,1,1,1,0,1,1,1,1,1,0,0,1,1
2499,1.42163000614199,1,0,1,0,1,0,1,1,1,1,1,1,1,1,1
2500,1.23802322044209,1,1,1,0,1,1,1,1,1,1,0,1,0,1,1
2501,-0.817421209202015,0,0,1,0,1,0,1,0,0,0,1,0,0,0,1
2502,0.287809247797337,0,0,1,0,1,0,1,0,1,1,1,0,0,0,0
2503,0.98688672142278,1,0,1,0,1,0,1,0,1,1,1,0,1,1,1
2504,0.58706939146808,1,0,1,0,1,0,1,0,1,1,0,0,1,0,1
2505,-0.770753722882666,1,0,1,0,1,1,1,0,0,1,1,0,0,0,0
2506,0.440531014611561,1,0,1,0,1,0,1,1,1,1,1,0,0,0,1
2507,-2.35639042008986,0,0,1,0,0,0,0,0,1,0,0,0,0,0,0
2508,-0.138249891484387,0,0,1,0,1,0,1,0,0,1,0,0,0,0,1
2509,-0.692904554261892,0,0,1,0,1,1,1,0,1,1,0,0,0,1,0
2510,-0.98996764174768,1,0,1,0,1,0,1,0,0,1,1,0,0,1,0
2511,-0.880161065009004,1,0,1,0,1,0,1,0,0,1,0,0,0,0,0
2512,-1.62030464050342,0,0,1,0,0,0,1,0,0,0,1,0,0,0,0
2513,0.0878774503730668,0,0,1,0,1,0,1,0,1,1,1,0,0,1,1
2514,-1.03742042632303,1,0,1,0,1,0,1,0,0,0,1,0,0,1,0
2515,1.02986698986305,0,0,1,0,1,1,1,1,1,1,1,0,0,1,1
2516,-0.742328051306168,0,0,1,0,0,0,1,0,1,1,0,0,0,1,1
2517,-0.423991683627474,0,0,1,1,1,0,1,0,1,1,1,0,0,0,1
2518,0.634749337631224,1,0,1,0,1,0,1,0,1,1,1,1,0,0,1
2519,1.93596305542571,1,0,1,1,1,1,1,1,1,1,1,1,1,0,1
2520,-0.916715482077035,0,0,1,0,1,0,1,0,0,1,0,0,0,1,0
2521,-0.326218476403327,1,0,1,0,1,0,1,0,1,1,0,0,0,1,0
2522,-0.124979364992481,0,0,1,0,1,0,1,0,1,1,1,0,0,0,1
2523,-1.98448026746635,1,0,0,0,0,0,0,0,0,0,0,0,0,0,0
2524,0.0171113686785523,0,0,1,0,1,0,1,0,0,1,1,0,0,1,1
2525,-0.901341008037902,0,0,1,0,1,0,1,0,0,0,1,0,0,0,0
2526,0.412023202567755,0,0,1,0,1,0,1,0,1,1,1,1,0,1,1
2527,-0.948853589091628,1,0,1,0,1,0,1,0,1,1,1,0,0,0,0
2528,-1.74830427857699,1,0,1,0,1,0,0,0,0,0,0,0,0,0,0
2529,1.08055249435455,0,0,1,0,1,0,1,1,1,1,1,1,0,0,1
2530,1.04120599007445,1,0,1,0,1,1,1,1,1,1,1,1,0,1,1
2531,-0.0195105591991718,0,0,1,0,1,1,1,0,1,1,1,0,0,1,0
2532,0.884828537634744,1,0,1,1,1,1,1,0,1,1,1,1,0,1,1
2533,-1.47225810067697,0,0,1,0,1,0,0,0,0,0,1,0,0,0,0
2534,-0.774503973560839,0,0,1,0,1,0,1,0,0,1,0,0,0,0,0
2535,0.17449372009729,1,0,1,0,1,0,1,0,0,1,0,0,0,0,1
2536,1.71331915117265,0,1,1,1,1,0,1,1,1,1,1,1,1,0,1
2537,1.49709358311737,0,0,1,0,1,1,1,1,1,1,1,1,1,1,1
2538,1.51449742002034,0,0,1,0,1,1,1,1,1,1,1,1,0,0,1
2539,0.168684111079765,0,0,1,0,1,0,1,0,1,1,1,0,0,1,1
2540,1.39183773234912,1,0,1,1,1,0,1,1,1,1,1,1,0,1,1
2541,-1.2838949745861,0,0,1,0,0,0,1,0,1,1,1,0,0,0,0
2542,-0.751214248732865,1,0,1,0,0,0,1,0,0,1,1,0,0,0,0
2543,-0.176079720795662,1,0,1,0,1,1,1,0,0,1,1,0,0,0,1
2544,-0.907938932928345,0,0,1,0,1,0,1,0,1,1,1,0,0,0,0
2545,-1.45836280454777,1,0,0,0,0,0,1,0,0,0,0,0,0,0,0
2546,-0.320328298676872,0,0,1,0,1,1,1,0,0,1,1,0,0,1,1
2547,-0.273606507547438,1,0,1,0,1,0,1,0,0,1,0,0,0,0,0
2548,1.9801245679261,1,0,1,0,1,1,1,1,1,1,1,1,1,0,1
2549,0.074588033163779,0,0,1,0,1,1,1,0,0,1,1,0,0,0,0
2550,-0.0367622685129925,0,0,1,0,1,0,1,0,0,1,1,0,0,0,1
2551,-0.880640077381558,1,0,1,0,1,0,1,0,0,1,0,0,0,0,0
2552,0.538032663168704,1,0,1,0,1,0,1,0,1,1,0,1,0,0,1
2553,0.0507760170434503,1,0,1,0,1,0,1,1,0,1,1,0,0,0,1
2554,0.470878380131185,0,0,1,0,1,0,1,0,1,1,0,0,0,0,1
2555,0.289974586384845,0,0,1,0,1,0,1,0,0,1,1,0,0,1,1
2556,0.0374864287008994,1,0,1,0,1,1,1,0,1,1,1,0,0,0,1
2557,-1.26525164109555,1,0,1,0,1,0,1,0,0,0,1,0,0,0,0
2558,-1.04925691166474,1,0,1,0,1,0,1,0,1,1,0,0,0,0,0
2559,-0.735822975520628,1,0,1,0,1,0,1,0,0,1,1,0,0,1,0
2560,0.232825353569563,0,0,1,0,1,0,1,1,1,1,1,0,0,1,1
2561,2.4332893590146,1,1,1,0,1,1,1,1,1,1,1,1,1,1,1
2562,0.807154760897356,0,0,1,0,1,0,1,1,1,1,0,1,0,0,1
2563,-0.0271482031058413,1,0,1,0,1,1,1,0,1,1,0,0,0,0,1
2564,0.27942428798146,1,0,1,0,1,0,1,0,0,1,1,0,1,1,1
2565,-1.26678150023987,0,0,1,0,1,0,1,0,0,0,0,0,0,0,0
2566,-0.478925018299459,1,0,1,0,1,0,1,0,0,1,0,0,0,0,0
2567,-0.0624438141557702,0,0,1,0,1,0,1,0,0,1,1,0,0,0,1
2568,0.897774910026662,0,0,1,0,1,1,1,1,1,1,0,1,0,1,1
2569,-0.523077781463524,1,0,1,0,1,0,1,0,1,1,0,0,0,0,0
2570,0.24184955522353,0,0,1,0,1,0,1,0,1,1,1,0,0,1,1
2571,-1.18930491536803,0,0,1,0,1,0,1,0,0,1,0,0,0,0,0
2572,0.867067268191841,0,0,1,1,1,0,1,0,0,1,1,0,1,1,1
2573,-0.691860524562485,0,0,1,0,1,0,0,0,1,1,1,0,0,0,1
2574,0.45523255104686,0,0,1,0,0,0,1,0,1,1,0,0,0,0,1
2575,0.26095086164756,0,0,1,0,1,0,1,0,1,1,0,0,1,0,1
2576,0.662541293947965,1,0,1,0,1,0,1,1,1,1,1,0,0,1,1
2577,-0.286831200754933,0,0,1,0,1,1,1,0,1,1,1,0,0,0,1
2578,-1.05270144309584,1,0,1,0,1,0,1,0,0,1,0,0,0,0,1
2579,0.116392673108853,1,0,1,0,1,0,1,0,0,1,1,0,0,0,1
2580,-0.660548326134792,0,0,1,0,1,0,1,0,0,1,1,0,0,0,0
2581,-0.261026983186818,1,0,1,0,1,1,1,1,0,1,0,0,0,0,1
2582,-1.13835415381208,0,0,1,0,1,0,1,0,0,0,0,0,0,1,0
2583,-0.350750973836908,1,0,1,0,1,0,1,0,0,1,0,1,0,0,1
2584,-0.027430684713497,0,0,1,0,1,0,1,0,0,1,0,0,0,1,0
2585,0.124365791257219,1,0,1,0,1,0,1,1,1,1,0,0,0,0,1
2586,-0.692078145731513,0,0,1,0,1,0,1,0,0,1,1,0,0,0,1
2587,-0.686401410602701,1,0,1,0,1,0,1,0,0,1,0,0,0,0,1
2588,-0.990829514544823,1,0,1,0,1,0,1,0,0,0,0,0,0,1,0
2589,-1.23261558922352,0,0,1,0,1,0,1,0,0,1,1,0,0,0,0
2590,-0.634703831938022,0,0,1,0,1,0,1,0,0,1,1,0,0,0,0
2591,1.40593829131966,0,0,1,1,1,1,1,1,1,1,1,1,0,1,1
2592,0.549655991658233,0,0,1,0,1,0,1,1,0,1,0,0,0,0,1
2593,0.774112197039938,0,0,1,0,1,1,1,1,0,1,1,0,0,1,1
2594,0.943037707097684,0,0,1,0,1,1,1,0,1,1,0,0,0,1,1
2595,-0.880813705244829,1,0,1,0,1,0,1,0,0,0,1,0,0,0,0
2596,0.2224327735274,1,0,1,0,1,0,1,0,1,1,0,0,0,0,1
2597,0.740123317238043,0,0,1,0,1,1,1,1,1,1,1,0,1,1,1
2598,0.0972414064526435,1,0,1,0,1,1,1,0,0,1,1,1,0,0,1
2599,-0.284883477359422,0,0,1,0,1,0,1,0,0,1,1,0,0,0,0
2600,1.09378201430223,1,0,1,1,1,0,1,0,0,1,1,0,0,1,1
2601,-0.386953761528483,1,0,1,0,1,0,1,0,0,1,0,0,0,0,0
2602,-0.384139887187107,1,0,1,0,1,1,1,0,1,1,1,0,0,0,0
2603,-0.0577046562785785,1,0,1,0,1,0,1,0,0,1,1,0,0,1,0
2604,-1.42941438909693,0,0,1,0,1,0,1,0,0,0,1,0,0,0,0
2605,0.0531713973785017,1,0,1,0,1,1,1,0,0,1,1,0,0,0,1
2606,1.82380535520896,1,0,1,0,1,0,1,1,1,1,0,0,1,0,1
2607,1.20970741117437,0,0,1,0,1,1,1,1,1,1,1,1,0,1,1
2608,0.54675443923817,0,0,1,0,1,0,1,1,0,1,1,0,0,0,1
2609,-0.429489106164222,1,0,1,0,1,0,1,1,0,1,1,0,0,1,0
2610,1.14682119059169,0,0,1,0,1,0,1,1,1,1,1,0,0,1,1
2611,-0.143673594170489,0,0,1,0,1,0,1,0,0,1,0,0,0,1,0
2612,-0.753554629654952,1,0,1,0,1,0,1,0,1,1,1,0,0,0,0
2613,-0.80460615722927,0,0,1,0,1,0,1,0,0,0,1,0,0,0,0
2614,0.0135525001864564,0,0,1,0,1,0,1,0,1,1,1,0,0,1,1
2615,-1.211661393782,0,0,1,0,1,1,1,0,0,1,1,0,0,0,0
2616,-0.122245837819009,0,0,1,0,1,0,1,0,1,1,1,0,0,0,1
2617,0.56488117349578,1,0,1,0,1,1,1,0,1,1,1,1,1,0,1
2618,-0.60136007547816,0,0,1,0,1,0,1,0,0,1,1,0,0,0,0
2619,-0.742557842418357,0,0,1,0,1,0,1,0,0,1,1,0,0,0,0
2620,-0.155819621316867,0,0,1,0,1,0,1,0,1,1,0,0,1,1,0
2621,0.308434859111984,1,0,1,0,1,0,1,1,0,1,1,0,0,0,1
2622,3.27106492061725,1,1,1,1,1,1,1,1,1,1,1,1,1,1,1
2623,-0.791594510285094,1,0,1,0,1,1,1,0,0,1,0,0,0,1,0
2624,-0.193251454380037,0,0,1,0,1,0,1,0,1,1,1,0,0,0,1
2625,0.108648203397062,0,0,1,1,1,0,1,1,1,1,1,1,0,1,0
2626,-0.460563936383229,0,0,1,0,1,1,1,0,1,1,1,0,0,0,0
2627,0.399660301316438,1,0,1,1,1,1,1,0,1,1,1,0,0,0,1
2628,1.15865253764051,1,0,1,0,1,1,1,1,1,1,1,1,0,1,1
2629,1.09297703648413,1,0,1,0,1,0,1,1,1,1,1,1,0,1,1
2630,-0.134690811184745,0,0,1,0,1,0,1,0,0,1,0,0,0,0,1
2631,-0.131679134158013,1,0,1,0,1,0,1,0,0,1,0,0,0,0,0
2632,0.75693755125009,1,0,1,0,1,1,1,0,1,1,0,0,1,1,1
2633,-0.158593528645948,0,0,1,0,1,0,1,0,1,1,1,0,0,1,0
2634,-0.90503924498022,1,0,1,0,1,0,1,0,0,0,1,0,0,0,0
2635,0.284252898312054,0,0,1,0,1,0,1,0,0,1,1,0,0,1,0
2636,-0.176914734096076,0,0,1,0,1,1,1,0,0,1,1,0,0,0,1
2637,-1.158575059459,1,0,1,0,1,0,1,0,0,1,0,0,0,0,0
2638,0.603029920729756,0,0,1,0,1,0,1,1,0,1,1,0,0,0,1
2639,-0.496863450647064,0,0,1,0,1,0,1,0,0,1,0,0,0,0,1
2640,-0.0323118355817673,1,0,1,0,1,1,1,0,1,1,1,0,0,0,1
2641,-0.37747119626382,0,0,1,0,1,0,1,0,0,1,0,0,0,0,1
2642,-2.03092125172915,1,0,1,0,1,0,0,0,0,0,0,0,0,0,0
2643,-1.42861804613311,0,0,1,0,1,0,1,0,0,1,1,0,0,0,0
2644,1.80049902560243,0,0,1,1,1,1,1,1,1,1,1,1,1,1,1
2645,-0.230148624968126,1,0,1,0,1,0,1,0,0,1,1,0,0,0,1
2646,-0.394476855733296,1,0,1,0,1,0,1,0,0,1,1,0,0,1,0
2647,-0.804446419581854,0,0,1,0,1,1,1,0,0,0,1,0,0,0,0
2648,-1.16311699225471,1,0,1,0,1,0,0,0,0,1,1,0,0,0,0
2649,0.115555692158459,1,0,1,0,1,0,1,1,0,1,1,0,0,1,0
2650,1.01775764194676,0,0,1,0,1,0,1,1,1,1,1,1,0,1,1
2651,0.972645603177524,1,0,1,0,1,0,1,1,0,1,0,0,0,1,1
2652,0.56299104314355,1,0,1,0,1,1,1,0,0,1,1,0,0,0,1
2653,-2.17752394021812,0,0,0,0,1,0,0,0,0,0,1,0,0,0,0
2654,0.876481139862845,1,0,1,0,1,0,1,1,1,1,1,1,1,1,1
2655,-0.71588844019859,1,0,1,0,1,0,1,0,1,1,1,0,0,0,1
2656,1.16431883778675,1,1,1,0,1,1,1,1,0,1,1,0,0,1,1
2657,0.504424385109324,1,0,1,0,1,1,1,1,0,1,1,0,1,1,1
2658,0.465529675919334,1,0,1,1,1,0,1,0,0,1,1,1,0,1,1
2659,-0.0302387089344751,0,0,1,0,1,0,1,0,0,1,1,0,0,1,1
2660,-0.494164299694358,0,0,1,0,1,1,1,1,0,1,0,0,0,0,0
2661,1.17403978894942,0,0,1,0,1,1,1,1,1,1,1,0,1,1,1
2662,-2.28489038057284,0,0,1,0,0,0,1,0,1,0,1,0,0,0,0
2663,2.75994145666609,1,0,1,1,1,1,1,1,1,1,1,1,1,1,1
2664,0.124943977793804,1,0,1,0,1,0,1,0,0,1,1,0,0,0,0
2665,0.173500103430877,0,0,1,0,1,0,1,0,1,1,1,0,0,0,0
2666,-0.0513439785069781,1,0,1,0,1,0,1,0,1,1,1,0,0,0,1
2667,-0.598573829107884,1,0,1,0,1,0,1,0,1,1,1,0,0,1,0
2668,-0.0410168134919753,1,0,1,0,1,0,1,0,0,1,1,0,0,0,1
2669,0.0596018949615858,1,0,1,0,1,1,1,0,1,1,1,0,0,1,1
2670,-0.0582427487109797,0,0,1,0,1,0,1,0,1,1,1,0,0,0,1
2671,0.0620491484607811,0,0,1,0,1,0,1,0,0,1,1,0,0,0,1
2672,-0.904607283106152,1,0,1,0,1,0,1,0,1,1,1,0,0,0,1
2673,-0.113723699729772,1,0,1,0,1,0,1,0,1,1,1,0,0,1,1
2674,1.03811199538152,0,0,1,0,1,0,1,1,1,1,0,0,1,1,1
2675,-0.306766649095324,1,0,1,0,1,0,1,0,0,1,0,0,0,0,1
2676,-1.3580648531506,0,0,1,0,1,0,1,0,1,0,1,0,0,0,0
2677,0.95737038793511,1,0,1,0,1,0,1,0,1,1,1,0,0,1,1
2678,1.21626408509836,1,0,1,1,1,0,1,1,1,1,1,1,0,0,1
2679,0.11982172454554,1,0,1,0,1,0,1,0,1,1,1,0,0,1,0
2680,-1.42331680126589,0,0,1,0,1,0,0,0,0,1,1,0,0,1,0
2681,-1.62165056288484,1,0,1,0,0,1,1,0,0,0,0,0,0,0,0
2682,0.190582751901946,0,0,1,0,1,0,1,0,1,1,0,1,0,0,0
2683,1.60413027745528,0,1,1,0,1,0,1,1,1,1,1,0,1,0,1
2684,0.904548137574715,0,0,1,0,1,1,1,1,1,1,1,1,0,0,1
2685,-1.08984060975126,0,0,1,0,1,0,1,0,0,1,1,0,0,0,0
2686,1.14231195780721,1,1,1,0,1,0,1,1,1,1,1,0,0,0,1
2687,-0.709648673506231,1,0,1,0,1,0,1,0,1,1,0,0,0,0,1
2688,0.0509838786777799,0,0,1,0,1,0,1,0,1,1,1,0,0,0,1
2689,1.26469078965076,1,0,1,1,1,0,1,1,1,1,1,1,0,0,1
2690,-2.1161413348912,1,0,1,0,0,0,0,0,1,0,0,0,0,0,0
2691,-0.217154185078458,0,0,1,0,1,0,1,0,0,1,0,0,0,0,1
2692,-0.417649459509716,1,0,1,0,1,1,1,0,0,1,1,0,0,0,0
2693,0.297619435555964,0,0,1,0,1,1,1,0,1,1,0,0,0,0,1
2694,0.333999728441411,0,0,1,0,1,0,1,1,1,1,0,0,0,0,1
2695,1.32127790508626,0,0,1,1,1,0,1,1,1,1,1,0,1,0,1
2696,0.517496269315512,0,0,1,0,1,0,1,1,1,1,1,0,0,1,1
2697,0.881543828119045,1,0,1,0,1,0,1,0,0,1,1,1,0,0,1
2698,0.881227552942108,1,0,1,0,1,1,1,0,1,1,1,0,0,1,1
2699,0.319942223414608,0,0,1,0,1,0,1,1,1,1,0,0,0,0,1
2700,-1.37376375542849,0,0,1,0,1,0,1,0,0,1,1,0,0,0,0
2701,-0.632064680417093,0,0,1,0,1,0,1,0,0,1,1,1,0,0,0
2702,-0.535671285935652,0,0,1,0,1,0,1,0,1,1,0,0,0,0,0
2703,-1.57386184965107,0,0,1,0,1,0,1,0,0,0,0,0,0,0,0
2704,-0.633651550318208,0,0,1,0,1,0,1,0,0,1,0,0,0,0,0
2705,0.304268831481037,1,0,1,0,1,0,1,1,0,1,1,0,0,1,1
2706,-1.73668387170966,1,0,1,0,1,0,1,0,0,0,1,0,0,1,0
2707,0.774405254511535,0,0,1,0,1,1,1,0,1,1,1,0,1,1,0
2708,0.0327107443232298,0,0,1,0,1,1,1,0,1,1,1,0,1,1,1
2709,-0.0508129779717065,0,0,1,0,1,1,1,0,0,1,0,0,0,0,1
2710,-0.0432276693619465,1,0,1,0,1,0,1,0,1,1,1,0,0,0,1
2711,-0.435243017479203,1,0,1,0,1,0,1,0,0,1,1,0,0,0,0
2712,-0.756993075553208,1,0,1,0,1,0,1,0,0,1,0,0,0,0,0
2713,0.48692335300926,1,0,1,0,1,0,1,1,1,1,1,1,0,0,0
2714,-0.0558179753684465,1,0,1,0,1,0,1,0,1,1,1,0,0,1,1
2715,-1.56516036540786,1,0,1,0,1,0,1,0,0,0,0,0,0,0,0
2716,-1.10314442474674,1,0,1,0,1,0,1,0,0,0,0,0,0,1,0
2717,1.36495977813981,1,0,1,1,1,1,1,1,0,1,1,1,0,1,1
2718,-1.64936510419941,0,0,1,0,1,0,0,0,0,0,0,0,0,0,0
2719,-0.116461945488379,1,0,1,0,1,0,1,0,0,1,1,0,0,0,1
2720,-1.06092511753444,0,0,1,0,1,0,1,0,0,1,1,0,0,0,0
2721,0.110434282529173,1,0,1,0,1,0,1,0,1,1,1,0,0,0,0
2722,0.612087255540908,1,0,1,0,1,0,1,1,0,1,1,0,0,1,1
2723,-0.483596462477608,0,0,1,0,1,0,1,0,0,1,1,0,0,0,0
2724,-1.63081810013117,0,0,1,0,1,1,0,0,0,0,0,0,0,0,0
2725,-1.29668365775167,1,0,1,0,1,0,1,0,0,1,0,0,0,1,0
2726,-0.0593494825908862,1,0,1,0,1,1,1,1,0,1,1,0,0,0,1
2727,0.877436258769817,1,0,1,0,1,0,1,1,1,1,1,1,0,0,1
2728,1.20477970536109,1,0,1,0,1,0,1,1,1,1,1,1,1,1,1
2729,1.63066845215496,0,0,1,1,1,0,1,1,1,1,1,1,0,0,1
2730,0.63196315951056,1,0,1,0,1,0,1,1,0,1,1,0,0,1,1
2731,-0.162109914568059,0,0,1,0,1,1,1,0,1,1,1,0,0,0,1
2732,0.821294554450758,1,0,1,0,1,1,1,1,1,1,1,0,0,0,1
2733,-0.101420504605858,1,0,1,0,1,0,1,0,1,1,1,0,0,0,0
2734,0.395139566863138,1,0,1,0,1,1,1,0,1,1,1,0,0,1,0
2735,0.746815863064869,0,0,1,0,1,1,1,0,1,1,0,0,0,1,1
2736,1.22028662666268,0,0,1,0,1,1,1,1,1,1,1,1,0,0,1
2737,0.194818915246004,1,0,1,0,1,0,1,0,0,1,1,0,0,0,1
2738,-0.840297318096457,1,0,1,0,1,1,1,0,0,1,1,0,0,0,0
2739,0.840805899137308,0,0,1,0,1,1,1,1,1,1,1,0,0,0,1
2740,-0.452867607549368,1,0,1,0,1,0,1,0,0,1,1,1,1,0,0
2741,-1.65738148431194,0,0,1,0,1,0,1,0,0,1,0,0,0,0,0
2742,0.356181976127311,0,0,1,0,1,0,1,1,1,1,0,0,0,1,1
2743,-1.13324335038677,0,0,1,0,0,1,1,0,0,1,1,0,0,0,0
2744,1.54661368433629,1,0,1,1,1,0,1,1,1,1,0,1,1,1,1
2745,1.16735647865535,0,0,1,1,1,0,1,1,1,1,1,0,0,1,0
2746,1.18826997219062,1,0,1,0,1,0,1,0,1,1,1,1,1,1,1
2747,-0.972176492803975,0,0,1,0,1,0,1,0,0,0,0,0,0,0,0
2748,-0.129200611952,1,0,1,0,1,1,1,0,0,1,1,0,0,0,1
2749,0.137961646823546,0,0,1,0,1,0,1,0,1,1,1,0,0,1,0
2750,-1.6472938136269,0,0,1,0,1,0,1,0,0,0,1,0,0,0,0
2751,0.143339220236025,0,0,1,0,1,0,1,1,0,1,1,0,0,0,1
2752,-0.751441001864833,0,0,1,0,1,0,1,0,1,1,1,0,0,0,0
2753,-0.173753848986364,1,0,1,0,1,1,1,0,0,1,0,1,0,0,0
2754,0.377694790131327,0,0,1,0,1,0,1,0,0,1,1,0,1,0,0
2755,0.544322520479227,0,0,1,0,1,0,1,1,1,1,1,0,0,0,1
2756,-0.0593176753284649,1,0,1,0,1,1,1,0,0,1,1,0,0,1,0
2757,0.208425586002087,0,0,1,0,1,0,1,0,0,1,1,0,0,0,1
2758,-0.190078635295316,1,0,1,0,1,1,1,0,1,1,1,0,0,0,1
2759,-0.249262736927744,1,0,1,1,1,1,1,0,1,1,1,0,0,0,1
2760,0.839425076137691,1,0,1,0,1,1,1,0,1,1,0,0,1,1,1
2761,0.763553082295223,0,0,1,0,1,0,1,1,1,1,1,1,0,0,1
2762,-0.344619281096519,0,0,1,0,1,0,1,0,0,1,1,0,0,1,1
2763,1.24894356076047,0,0,1,0,1,1,1,1,1,1,1,0,0,0,1
2764,-0.398037045342937,0,0,1,0,1,0,1,0,0,1,0,0,0,0,0
2765,1.12348112307336,0,0,1,0,1,0,1,1,1,1,1,1,1,0,1
2766,-0.965565147637235,1,0,1,0,1,0,1,0,0,1,0,0,0,0,0
2767,-0.0256782750090332,1,0,1,0,1,0,1,0,0,1,1,0,0,1,0
2768,0.718429331128399,0,0,1,0,1,0,1,1,1,1,1,0,1,1,1
2769,-0.688983438751193,1,0,1,0,1,1,1,0,0,1,0,0,0,0,1
2770,-0.546850820263061,0,0,1,0,1,0,1,0,0,1,1,0,1,0,0
2771,-0.369395897840722,0,0,1,0,1,1,1,0,0,1,1,0,0,0,1
2772,-0.380999850888934,0,0,1,0,1,0,1,0,1,1,1,0,0,0,0
2773,-0.330419023978554,0,0,1,0,1,0,1,0,0,1,1,0,0,0,0
2774,0.434888507031581,0,0,1,0,1,0,1,0,0,1,1,0,0,1,1
2775,-1.25027663735669,1,0,1,0,1,0,1,0,0,1,0,0,0,0,0
2776,-1.05756520765553,1,0,1,0,1,0,1,0,0,1,1,0,0,0,0
2777,-0.75775736516071,0,0,1,0,1,0,1,0,1,1,0,0,0,0,0
2778,0.308399693261405,0,0,1,0,1,0,1,0,0,1,1,0,0,0,1
2779,0.860158921187173,1,0,1,0,1,0,1,1,1,1,1,0,0,0,1
2780,0.865752523920398,0,0,1,1,1,0,1,1,0,1,1,1,0,1,1
2781,1.17754087265971,1,0,1,0,1,0,1,1,1,1,1,0,1,1,1
2782,-0.292896490064111,0,0,1,0,1,0,1,0,0,1,1,0,0,1,0
2783,-0.301590549798934,0,0,1,0,1,0,1,0,0,1,1,0,0,0,1
2784,2.49085150424507,0,1,1,1,1,0,1,1,1,1,1,1,1,1,1
2785,1.59922597641941,0,0,1,1,1,0,1,1,1,1,1,1,0,1,1
2786,0.798838336631702,1,0,1,0,1,1,1,1,1,1,1,0,0,1,1
2787,-0.201964766273531,0,0,1,0,1,1,1,0,1,1,0,0,0,0,1
2788,0.869175175965494,1,0,1,0,1,0,1,1,1,1,1,1,0,1,1
2789,-1.35371069320834,1,0,1,0,1,0,1,0,1,1,0,0,0,0,0
2790,-1.45599535976533,1,0,1,0,1,0,1,0,1,0,1,0,0,0,0
2791,-1.36822098564043,0,0,1,0,0,0,0,0,0,0,0,0,0,0,0
2792,-0.669209586467809,0,0,1,0,1,1,1,0,0,1,1,0,0,0,0
2793,-1.75724922912044,0,0,0,0,0,0,1,0,0,0,0,0,0,0,0
2794,1.20081630498814,0,0,1,0,1,0,1,1,1,1,1,0,1,0,1
2795,0.535586683202055,0,0,1,0,1,1,1,1,1,1,1,1,0,1,1
2796,1.14572319566479,0,0,1,0,1,0,1,1,1,1,0,1,1,1,1
2797,-0.177743056880745,1,0,1,0,1,0,1,1,0,1,1,0,0,0,1
2798,0.469740193404909,1,0,1,0,1,1,1,1,1,1,0,0,0,0,1
2799,1.0381033034016,1,0,1,0,1,0,1,0,0,1,1,0,1,0,1
2800,0.733072696073982,0,0,1,0,1,0,1,1,1,1,1,1,1,1,1
2801,-1.2347090064705,0,0,1,0,1,0,1,0,1,1,1,0,0,0,0
2802,0.490700491271439,1,0,1,0,1,1,1,0,1,1,1,0,0,0,1
2803,0.0280442442268257,1,0,1,0,1,1,1,1,0,1,1,0,0,0,1
2804,2.16801436182846,0,1,1,1,1,1,1,1,1,1,1,1,1,1,1
2805,-0.962019549873979,1,0,1,0,1,0,1,0,1,1,0,0,0,0,0
2806,-1.43587555930917,1,0,1,0,1,0,1,0,0,0,1,0,0,0,0
2807,0.60144841762024,1,0,1,0,1,0,1,1,0,1,1,0,0,1,1
2808,-0.481661506652878,1,0,1,0,1,0,1,0,0,1,1,0,0,0,1
2809,-0.66677367113266,1,0,1,0,1,0,1,0,0,1,1,0,0,0,0
2810,0.814031838605476,1,0,1,0,1,0,1,1,1,1,1,0,0,0,1
2811,0.729902723450323,1,0,1,0,1,0,1,1,1,1,1,1,0,0,1
2812,-1.20096763887073,1,0,0,0,0,0,1,0,0,1,1,0,0,0,0
2813,-2.39545636084321,0,0,0,0,0,0,0,0,0,0,1,0,0,0,0
2814,-1.70163601275789,0,0,0,0,0,0,1,0,0,0,1,0,0,0,0
2815,-1.68198341434993,1,0,1,0,0,0,1,0,0,0,0,0,0,0,0
2816,-0.176366511570447,0,0,1,0,1,1,1,0,1,1,0,0,0,0,1
2817,0.81079377572204,0,0,1,0,1,1,1,0,1,1,1,1,0,1,1
2818,1.83595290386165,0,1,1,1,1,0,1,1,0,1,1,1,0,1,1
2819,-0.993852519434772,1,0,1,0,1,0,1,0,0,0,0,0,0,0,0
2820,0.836682348580021,1,0,1,0,1,0,1,0,0,1,1,0,0,0,1
2821,-0.592782594751094,0,0,1,0,1,0,1,0,0,1,1,0,0,1,1
2822,-0.70918009713803,0,0,1,0,1,0,1,0,1,1,1,0,0,1,0
2823,0.719742811363767,0,1,1,0,1,1,1,1,1,1,0,1,0,1,1
2824,0.869649578089958,1,0,1,0,1,0,1,1,1,1,0,1,1,0,1
2825,-2.23388120641408,1,0,1,0,0,0,0,0,0,0,0,0,0,0,0
2826,-0.676518889666726,0,0,1,0,1,0,1,0,1,1,1,0,0,1,0
2827,-0.93712652918424,1,0,1,0,1,1,1,0,0,1,1,0,0,0,0
2828,0.115560812282548,1,0,1,0,1,0,1,1,0,1,1,0,0,1,1
2829,-0.770701151336877,1,0,1,0,0,0,1,0,0,1,0,0,0,0,0
2830,-1.27474161539174,0,0,0,0,1,0,1,0,0,0,1,0,0,0,0
2831,-0.36708800338834,0,0,1,0,1,1,1,0,0,1,1,0,0,0,1
2832,1.99054122466266,0,0,1,1,1,0,1,1,1,1,1,1,0,1,1
2833,0.161705655310573,0,0,1,0,1,1,1,0,1,1,1,0,0,0,1
2834,0.155894251283928,0,0,1,0,1,0,1,1,1,1,0,0,1,0,1
2835,0.0646858762012053,0,0,1,0,1,1,1,0,1,1,0,0,1,0,1
2836,-1.09363948630056,0,0,1,0,1,0,1,0,0,1,0,0,0,0,0
2837,0.567649611446807,0,0,1,0,1,0,1,0,1,1,0,0,0,0,1
2838,-1.43578652958675,0,0,1,0,0,0,1,0,0,0,0,0,0,0,0
2839,-0.614639649781937,0,0,1,0,1,1,1,0,0,1,0,0,0,0,1
2840,-0.282616012484356,0,0,1,0,1,0,1,0,1,1,0,0,0,0,1
2841,-1.61071891099972,1,0,1,0,1,0,1,0,0,0,0,0,0,0,0
2842,0.508012418108089,1,0,1,0,1,0,1,1,0,1,1,0,0,0,1
2843,-0.124287124076937,1,0,1,0,1,0,1,0,0,1,1,0,0,0,1
2844,-2.01235127102541,1,0,0,0,1,1,1,0,0,0,1,0,0,0,0
2845,-0.807854511018628,0,0,1,0,1,0,1,0,0,1,1,0,0,0,0
2846,-2.43814371634565,0,0,0,0,1,0,0,0,0,0,0,0,0,0,0
2847,1.04768895260376,1,0,1,0,1,0,1,1,1,1,1,0,1,1,1
2848,1.29098419715126,0,0,1,0,1,0,1,1,1,1,1,0,1,0,1
2849,-0.573557299210977,1,0,1,0,1,0,1,0,0,1,1,0,0,0,0
2850,0.628314230362606,0,0,1,0,1,0,1,0,1,1,1,0,1,1,1
2851,0.810336014927018,0,0,1,0,1,0,1,1,1,1,1,0,0,1,1
2852,-0.0802547611440406,1,0,1,0,1,1,1,0,0,1,0,0,0,0,1
2853,-0.719641482984151,0,0,1,0,0,0,1,0,0,1,1,0,0,0,0
2854,1.30765375174799,0,0,1,0,1,0,1,1,1,1,1,0,1,1,1
2855,0.0906874812940026,0,0,1,0,1,0,1,0,0,1,0,0,0,1,0
2856,0.48354660356966,1,0,1,1,1,0,1,1,1,1,1,0,0,1,1
2857,0.502302108130397,0,0,1,0,1,0,1,0,1,1,1,0,0,0,1
2858,-0.113682124378283,0,0,1,0,1,0,1,0,0,1,1,0,0,0,0
2859,1.59689461993307,1,0,1,0,1,0,1,1,1,1,1,1,0,1,1
2860,0.429889333191408,1,0,1,0,1,1,1,1,0,1,1,0,0,0,1
2861,0.732921898269726,1,0,1,0,1,0,1,1,1,1,1,0,0,1,1
2862,0.788232203277443,0,0,1,1,1,0,1,1,1,1,1,0,0,0,1
2863,-0.854192433126477,0,0,1,0,1,0,1,0,1,0,1,0,0,0,0
2864,0.30844018330789,1,1,1,0,1,0,1,1,1,1,0,0,0,0,0
2865,-0.636634888284362,1,0,1,0,1,0,1,0,0,1,1,0,0,0,1
2866,1.13363911633966,1,0,1,0,1,0,1,1,1,1,0,0,1,1,1
2867,-1.08134477249331,0,0,1,0,1,0,1,0,0,0,0,0,0,0,0
2868,-0.682907998358145,1,0,1,0,1,0,1,0,1,0,1,0,0,0,0
2869,1.39322903932167,0,0,1,1,1,1,1,1,1,1,1,1,0,0,1
2870,-0.311277449534408,1,0,1,0,1,0,1,0,0,1,1,0,0,1,0
2871,2.52871142862461,1,1,1,1,1,0,1,1,1,1,1,1,1,1,1
2872,-0.347471210629729,1,0,1,0,1,1,1,0,1,1,0,0,0,0,0
2873,1.02462843479745,1,0,1,0,1,1,1,1,1,1,1,1,1,1,1
2874,1.13331802001698,1,1,1,0,1,0,1,1,1,1,0,1,0,0,1
2875,0.399971037135307,0,0,1,0,1,1,1,1,1,1,1,0,0,0,0
2876,-0.222945153066311,0,0,1,0,1,0,1,0,1,1,1,0,0,1,1
2877,2.17407064474762,1,0,1,1,1,1,1,1,1,1,1,1,1,1,1
2878,-0.426703222744815,0,0,1,0,1,1,1,0,0,1,1,0,0,1,0
2879,1.92962567443659,1,1,1,1,1,0,1,1,1,1,1,1,1,1,1
2880,0.507686083863117,1,0,1,0,1,0,1,0,0,1,1,0,0,0,0
2881,-1.09489381867574,0,0,1,0,1,0,0,0,0,0,1,0,0,0,0
2882,-1.18939294823282,1,0,0,0,1,0,1,0,0,1,0,0,0,1,0
2883,0.38761775029728,1,0,1,0,1,1,1,0,1,1,1,0,0,0,0
2884,-0.24669116738129,1,0,1,0,1,0,1,0,1,1,1,0,0,1,1
2885,1.41169075521974,0,0,1,0,1,1,1,1,1,1,1,1,0,0,1
2886,-0.705650395110541,1,0,1,0,1,0,1,0,1,1,1,0,0,0,0
2887,-0.583573973477825,0,0,1,0,1,0,1,0,1,1,0,0,0,0,1
2888,-0.0821865224625468,1,0,1,0,1,0,1,0,1,1,1,0,0,0,1
2889,-0.739795051029008,1,0,1,0,1,0,1,0,0,1,1,0,0,0,0
2890,-1.21474864736841,1,0,1,0,1,0,1,0,1,1,1,0,0,0,0
2891,-1.66847159594254,0,0,1,0,0,0,0,0,0,0,1,0,0,1,0
2892,-1.82725647201878,1,0,1,0,1,0,0,0,0,0,1,0,0,0,0
2893,-0.201047506452992,1,0,1,0,1,1,1,0,0,1,0,0,0,0,0
2894,0.624235029977249,0,0,1,0,1,1,1,1,1,1,1,0,1,0,1
2895,-0.862345473556784,1,0,1,0,1,0,1,0,0,1,1,0,0,0,1
2896,0.262651497158382,0,0,1,0,1,1,1,0,0,1,1,0,0,1,1
2897,-0.308481718380124,1,0,1,0,1,0,1,0,0,1,1,0,0,0,1
2898,0.122647532759951,1,0,1,0,1,0,1,0,1,1,0,0,0,1,1
2899,-1.76147419262163,0,0,1,0,0,0,0,0,0,0,1,0,0,0,0
2900,-1.5834027474402,1,0,1,0,1,0,1,0,0,0,1,0,0,1,0
2901,-0.355225576716296,0,0,1,0,1,0,1,0,0,1,0,0,0,0,0
2902,-0.17807334819252,0,0,1,0,1,1,1,0,0,1,1,0,0,0,1
2903,0.745628450431547,1,0,1,1,1,1,1,0,1,1,1,0,0,0,1
2904,0.00711435380850297,1,0,1,0,1,0,1,0,1,1,1,0,0,1,1
2905,0.722010886031831,1,0,1,0,1,1,1,1,0,1,0,0,1,0,1
2906,0.375669417880429,1,0,1,0,1,1,1,1,1,1,1,1,0,1,1
2907,1.04932142480616,1,0,1,0,1,0,1,1,1,1,1,1,0,1,1
2908,1.58351632362386,0,0,1,0,1,0,1,1,1,1,1,0,0,1,1
2909,0.773673591610215,1,0,1,1,1,0,1,1,1,1,1,0,1,0,1
2910,-1.96749434210768,0,0,0,0,1,0,0,0,0,0,0,0,0,0,0
2911,-0.375624702334505,1,0,1,0,1,0,1,0,0,1,1,0,0,0,1
2912,-0.679611385830126,0,0,1,0,1,0,1,0,1,1,1,0,0,0,0
2913,0.754747698050892,1,0,1,0,1,0,1,1,1,1,1,1,0,0,1
2914,0.589996920329144,1,0,1,0,1,0,1,1,0,1,1,0,1,0,1
2915,-1.91595692457156,0,0,0,0,0,0,1,0,0,0,0,0,0,0,0
2916,-0.24155557970598,1,0,1,0,1,0,1,0,0,1,1,0,0,0,0
2917,0.0320646761513713,1,0,1,0,1,0,1,1,1,1,0,0,0,1,0
2918,-0.99498584856254,0,0,1,0,1,0,1,0,0,1,0,0,0,0,0
2919,-0.47236848342412,1,0,1,0,1,0,1,0,0,1,0,0,0,0,0
2920,-0.291991513670575,0,0,1,0,1,0,1,0,0,1,1,0,0,0,0
2921,-0.821748676260987,0,0,1,0,1,0,1,0,0,0,1,0,0,0,0
2922,-0.557532675147093,1,0,1,0,0,0,1,0,1,1,1,0,0,0,0
2923,-0.880633476741866,0,0,1,0,1,0,1,0,0,1,1,0,0,0,0
2924,0.105602277453986,0,0,1,0,1,0,1,1,0,1,1,0,0,0,0
2925,-0.836270571057741,0,0,1,0,1,0,1,0,0,1,1,0,0,0,1
2926,-0.552349357196398,0,0,1,0,0,0,1,0,1,1,1,0,1,0,0
2927,1.71191010819498,1,0,1,0,1,1,1,1,1,1,1,1,1,0,1
2928,-0.356137569849373,1,0,1,0,1,0,1,0,0,1,1,0,0,0,0
2929,0.897296149331055,0,0,1,0,1,0,1,1,1,1,1,0,1,0,1
2930,-1.65050381567957,0,0,0,0,1,0,1,0,0,0,1,0,0,0,0
2931,0.788968987105785,1,0,1,0,1,0,1,0,0,1,1,0,0,1,1
2932,-0.732976427258803,1,0,1,0,1,0,1,0,1,0,0,0,0,1,0
2933,0.182578246506931,0,0,1,0,1,1,1,1,1,1,0,0,0,1,1
2934,1.01370155448651,1,0,1,0,1,0,1,1,0,1,0,1,0,0,1
2935,1.4632413132807,0,0,1,1,1,1,1,1,1,1,1,1,0,1,1
2936,0.253831809913402,1,0,1,0,1,0,1,0,0,1,1,0,0,0,0
2937,-0.409279994400351,1,0,1,0,1,0,1,0,0,1,0,0,0,0,0
2938,-0.311964717560139,1,0,1,0,1,0,1,0,0,1,1,0,1,0,1
2939,-0.0221188248344259,0,0,1,0,1,0,1,0,0,1,1,0,0,0,1
2940,-0.16929836696693,1,0,1,0,1,1,1,0,1,1,1,0,0,0,0
2941,0.876835139650114,1,0,1,0,1,0,1,0,1,1,1,0,0,1,1
2942,0.0511015493049152,0,0,1,0,1,0,1,0,0,0,1,0,0,1,0
2943,1.6388437016351,1,0,1,1,1,0,1,1,1,1,1,1,0,1,1
2944,0.365270399025964,0,0,1,0,1,1,1,0,1,1,1,0,0,0,0
2945,0.184960385056742,0,0,1,0,1,1,1,0,0,1,1,0,1,0,1
2946,0.70959427393602,1,0,1,0,1,0,1,0,0,1,1,0,0,1,1
2947,0.272710338318963,1,0,1,0,1,0,1,0,1,1,0,0,0,1,0
2948,0.447185083643363,1,0,1,0,1,0,1,0,0,1,1,0,1,1,1
2949,-0.0689272946988029,0,0,1,0,1,0,1,0,0,1,1,0,0,0,0
2950,1.1137804925018,1,0,1,0,1,1,1,1,0,1,1,1,0,0,1
2951,0.306843791510298,1,0,1,0,1,0,1,1,1,1,0,0,0,0,1
2952,0.651323460979263,1,0,1,0,1,1,1,0,0,1,1,1,0,0,1
2953,-0.12170207289594,1,0,1,0,1,0,1,0,0,1,1,0,0,0,0
2954,-0.437309142699518,0,0,1,0,1,0,1,0,1,1,0,0,0,0,1
2955,-0.598440967264294,0,0,1,0,1,0,1,0,0,1,1,0,0,1,0
2956,-0.334041269749809,1,0,1,0,1,0,1,0,0,1,1,0,0,0,0
2957,-0.380994391081566,0,0,1,0,1,1,1,0,0,1,0,0,0,1,1
2958,0.126721746625157,0,0,1,0,1,0,1,0,1,1,0,0,0,1,1
2959,1.08558925259708,1,0,1,1,1,1,1,1,1,1,1,0,0,1,1
2960,-0.0552478646323853,1,0,1,0,1,0,1,0,1,1,1,0,0,0,1
2961,-1.63897816994585,1,0,1,0,1,0,0,0,0,0,0,0,0,0,0
2962,1.03304112483395,0,0,1,0,1,0,1,1,1,1,1,1,1,1,1
2963,1.06180381101104,1,0,1,1,1,1,1,1,0,1,0,0,1,0,1
2964,-0.504751394890191,0,0,1,0,1,0,1,0,0,1,0,0,0,1,0
2965,-0.611403318214606,1,0,1,0,1,0,1,0,0,1,1,0,0,0,1
2966,1.20545174706907,1,0,1,0,1,0,1,1,1,1,1,0,0,1,1
2967,0.40028731725208,0,0,1,0,1,0,1,0,0,1,1,0,0,0,1
2968,-0.19270676757714,1,0,1,0,1,0,1,0,1,1,1,0,0,0,0
2969,-0.0141293417774177,0,0,1,0,1,0,1,0,0,1,1,0,0,0,0
2970,0.20133703092516,0,0,1,0,1,0,1,0,0,1,0,0,1,0,1
2971,-0.63369894818012,0,0,1,0,1,0,1,0,1,1,1,0,0,0,1
2972,1.18783074270942,1,0,1,0,1,0,1,1,1,1,1,1,0,1,1
2973,-1.0021457830213,0,0,1,0,1,1,1,0,0,1,0,0,0,1,0
2974,0.645881367759845,1,0,1,0,1,1,1,0,1,1,0,0,1,1,1
2975,-2.40337258681302,1,0,0,0,0,0,1,0,0,0,0,0,0,0,0
2976,1.27334930599301,1,0,1,0,1,1,1,1,1,1,1,1,0,1,1
2977,1.2058854805849,0,0,1,1,1,0,1,1,0,1,1,0,0,1,1
2978,0.0596405797547843,1,0,1,1,1,0,1,0,1,1,1,0,0,1,0
2979,0.392220881898556,1,0,1,0,1,1,1,0,0,1,1,1,1,0,0
2980,0.991425041932002,0,0,1,0,1,0,1,1,1,1,1,1,0,0,1
2981,-0.0404790296204875,1,0,1,0,1,0,1,0,1,1,1,0,0,1,0
2982,-0.440177248565781,1,0,1,0,1,0,1,0,0,1,0,0,0,0,0
2983,-0.93330511473326,0,0,1,0,0,0,1,0,0,0,1,0,0,0,0
2984,0.939264744930479,0,0,1,1,1,0,1,1,0,1,1,0,0,1,1
2985,-0.32565465338627,0,0,1,0,1,0,1,0,0,1,1,0,0,1,0
2986,2.0890381251335,0,0,1,0,1,0,1,1,0,1,1,1,1,1,1
2987,-1.34169520203886,0,0,1,0,1,0,1,0,1,0,0,0,0,0,0
2988,1.59169676524327,1,0,1,0,1,0,1,1,1,1,1,1,0,1,1
2989,0.0944501092892955,1,0,1,0,1,0,1,0,1,1,0,0,0,1,0
2990,1.49907508216103,0,0,1,0,1,0,1,1,1,1,1,0,0,1,1
2991,0.375191435553514,0,0,1,0,1,0,1,0,1,1,1,0,0,0,1
2992,2.13001069913474,0,0,1,0,1,0,1,1,1,1,1,1,1,1,1
2993,-0.432185619270175,1,0,1,0,1,1,1,0,1,1,0,0,0,0,1
2994,-0.195736407823199,1,0,1,0,1,0,1,0,1,1,1,0,1,1,0
2995,1.61295730326981,1,0,1,0,1,0,1,1,1,1,1,1,1,1,1
2996,1.21114076019899,0,0,1,1,1,0,1,1,1,1,0,1,1,1,1
2997,-0.407208444832455,1,0,1,0,1,0,1,0,0,1,0,0,0,1,1
2998,1.36840786589055,1,0,1,0,1,0,1,1,1,1,1,1,0,1,1
2999,1.26686380493937,1,0,1,1,1,0,1,1,0,1,0,1,0,1,1
3000,-0.833144374454675,0,0,1,0,1,0,1,0,1,0,1,0,0,0,0
3001,0.414639032182855,1,0,1,0,1,1,1,0,1,1,0,0,0,0,1
3002,0.377700242625771,1,0,1,0,1,1,1,0,1,1,0,0,0,1,0
3003,-0.499298944354567,1,0,1,0,1,0,1,0,0,1,1,0,0,0,0
3004,0.649272218539635,0,0,1,0,1,0,1,1,1,1,0,0,0,0,1
3005,-0.00675868099174206,0,0,1,0,1,0,1,0,1,1,1,0,0,0,0
3006,0.136787686600622,1,0,1,0,1,0,1,0,0,1,1,0,0,1,1
3007,-0.154871174843826,1,0,1,0,1,0,1,0,0,0,0,0,0,0,1
3008,-0.111373981517616,1,0,1,0,1,1,1,0,1,1,0,0,0,0,1
3009,-2.02579934854655,0,0,1,0,0,0,1,0,0,0,1,0,0,0,0
3010,-0.27960644812475,1,0,1,0,1,0,1,0,0,1,1,0,0,0,0
3011,0.454909426317404,0,0,1,0,1,1,1,0,0,1,1,0,0,1,1
3012,0.859701241061007,1,1,1,0,1,1,1,1,1,1,1,0,0,1,1
3013,-0.977518788582393,1,0,1,0,1,0,1,0,1,0,0,0,0,0,0
3014,0.760188644218441,0,0,1,0,1,0,1,0,0,1,0,0,0,0,0
3015,0.568711857209225,0,0,1,0,1,0,1,1,1,1,1,1,1,1,1
3016,0.0686384180601982,0,0,1,0,1,0,1,1,0,1,1,0,0,1,1
3017,0.990893732919503,1,0,1,0,1,0,1,1,1,1,1,1,0,1,1
3018,-1.26597580063306,1,0,1,0,1,0,1,0,0,0,1,0,0,0,0
3019,0.562649710408033,1,0,1,0,1,1,1,1,1,1,0,1,0,0,1
3020,-0.364883118258403,1,0,1,0,1,0,1,0,1,1,1,0,0,0,0
3021,-1.74683075990848,0,0,1,0,1,0,0,0,0,0,1,0,0,0,0
3022,-1.00382324028237,1,0,1,0,1,0,1,0,0,1,1,0,0,1,0
3023,-0.491027957537963,1,0,1,0,1,1,1,0,0,1,1,0,0,0,1
3024,1.2149028776426,0,0,1,0,1,0,1,1,0,1,1,0,0,1,1
3025,0.119166862888135,0,0,1,0,1,0,1,0,1,1,1,0,0,1,0
3026,0.150658240183676,0,0,1,0,1,1,1,0,0,1,1,0,0,0,0
3027,0.358673310751105,0,0,1,0,1,0,1,1,1,1,1,0,0,0,1
3028,1.27455427171248,1,0,1,0,1,0,1,1,1,1,1,1,1,1,0
3029,-1.9460470537691,0,0,1,0,0,0,0,0,0,0,1,0,0,0,0
3030,0.153402177959136,1,0,1,0,1,1,1,1,0,1,1,0,0,1,1
3031,-1.46314673970005,1,0,1,0,1,0,1,0,0,1,1,0,0,0,0
3032,-1.1893139841226,0,0,1,0,1,0,1,0,0,0,1,0,0,0,0
3033,-1.09311129860799,1,0,1,0,1,0,1,0,0,0,0,0,0,0,0
3034,1.14099885630625,1,0,1,0,1,0,1,0,0,1,1,1,1,0,1
3035,-0.683583786807972,0,0,1,0,1,0,1,0,1,0,0,0,0,0,0
3036,0.746541517777117,0,0,1,0,1,1,1,0,1,1,1,1,0,0,1
3037,0.686039716082996,1,0,1,0,1,0,1,1,1,1,1,0,1,1,1
3038,-0.0945243152344251,1,0,1,0,1,1,1,0,1,1,1,0,0,0,1
3039,-0.531367216475206,0,0,1,0,1,0,1,0,1,1,0,0,0,1,0
3040,0.551971933553057,1,0,1,0,1,0,1,1,0,1,0,0,0,1,1
3041,2.17373197102977,1,0,1,1,1,1,1,1,1,1,1,1,0,1,1
3042,0.753508374318473,0,0,1,0,1,0,1,1,0,1,1,1,0,0,1
3043,-0.35079746126628,0,0,1,0,1,1,1,0,1,1,1,0,0,0,0
3044,-0.287546863980083,0,0,1,0,1,1,1,0,0,1,1,1,0,1,1
3045,-1.78784336586005,1,0,1,0,0,0,1,0,0,0,0,0,0,0,0
3046,1.56640287418181,0,0,1,0,1,1,1,1,0,1,1,1,1,1,1
3047,-0.124860193663025,0,0,1,0,1,0,1,0,1,1,1,0,0,0,0
3048,2.43876596836078,1,1,1,1,1,1,1,1,1,1,1,1,1,1,1
3049,-0.290385430244209,0,0,1,0,1,0,1,0,0,1,1,0,0,0,1
3050,0.0205995257518453,0,0,1,0,1,1,1,0,0,1,1,0,0,0,1
3051,-1.22097503983943,0,0,1,0,1,0,1,0,0,0,1,0,0,1,0
3052,-0.904659142324008,0,0,1,0,1,0,1,0,0,0,0,0,0,1,0
3053,-1.33330978949965,0,0,1,0,1,0,1,0,0,1,1,0,0,0,0
3054,1.83968231362488,1,0,1,0,1,0,1,1,1,1,1,0,1,1,1
3055,1.13663566986572,1,0,1,0,1,1,1,1,1,1,1,1,1,0,1
3056,1.09377384838907,1,0,1,0,1,1,1,1,1,1,1,1,0,1,1
3057,-2.53588522867034,0,0,0,0,0,0,0,0,0,0,0,0,0,0,0
3058,-0.00961647709402194,0,0,1,0,1,0,1,0,1,1,1,0,0,0,0
3059,-0.549192335699244,1,0,1,0,1,0,1,0,0,1,1,0,0,0,0
3060,-2.25318698886862,1,0,0,0,1,0,1,0,0,0,1,0,0,0,0
3061,1.37542914139963,1,0,1,0,1,0,1,1,0,1,1,0,0,1,1
3062,-0.347780707859079,0,0,1,0,1,0,1,0,0,1,1,0,0,0,1
3063,1.47645209176805,0,0,1,0,1,0,1,1,1,1,1,1,1,1,1
3064,-0.782615921943922,1,0,1,0,1,0,1,0,0,1,0,0,0,0,0
3065,0.400720419700152,1,0,1,0,1,0,1,1,1,1,0,0,0,1,0
3066,0.100808561478269,1,0,1,0,1,0,1,0,1,1,1,0,0,0,1
3067,-1.94964606377728,0,0,1,0,1,0,1,0,0,0,0,0,0,0,0
3068,0.134616413626562,0,0,1,0,1,1,1,0,0,1,1,0,0,1,0
3069,-0.712710207266352,1,0,1,0,1,0,1,0,0,1,1,0,0,0,1
3070,0.219966134121044,0,0,1,0,1,0,1,0,0,1,1,0,0,0,1
3071,0.435156871266662,1,0,1,0,1,0,1,1,0,1,1,0,0,0,1
3072,-0.0665047704754297,0,0,1,0,1,0,1,0,0,1,1,0,0,1,0
3073,-2.9417614661314,0,0,0,0,0,0,0,0,0,0,0,0,0,0,0
3074,-0.249006280857584,1,0,1,0,1,0,1,0,0,1,1,0,0,0,0
3075,2.37182003546851,1,1,1,0,1,0,1,1,1,1,1,1,0,1,1
3076,0.169013890015828,0,0,1,0,1,0,1,0,0,1,0,0,0,0,1
3077,1.22475868965552,0,0,1,0,1,0,1,1,0,1,1,1,0,0,1
3078,1.08056162094163,0,0,1,0,1,0,1,1,1,1,1,1,0,0,0
3079,0.449919287990553,1,0,1,0,1,1,1,1,1,1,0,1,0,0,1
3080,-0.979652670907079,1,0,1,0,1,0,1,0,0,1,0,0,0,0,0
3081,-0.561931699579025,1,0,1,0,1,1,1,0,0,1,0,0,0,0,0
3082,0.480934389702783,1,0,1,0,1,0,1,1,0,1,1,0,1,1,1
3083,-0.617194315221121,0,0,1,0,1,0,1,0,0,1,1,0,0,1,0
3084,0.920950195968091,0,0,1,0,1,0,1,0,1,1,1,1,0,0,1
3085,0.295232888789073,0,0,1,0,1,0,1,1,1,1,1,0,0,0,1
3086,-1.01678971458007,1,0,1,0,1,0,1,0,0,1,1,0,0,1,0
3087,2.19437332603933,1,1,1,1,1,0,1,1,1,1,1,1,1,1,1
3088,-0.603369174277702,0,0,1,0,1,0,1,0,0,1,1,0,0,0,1
3089,2.00559942093425,1,0,1,0,1,0,1,1,1,1,1,1,0,1,1
3090,0.392489378205697,1,0,1,0,1,0,1,0,0,1,1,0,0,1,1
3091,1.78604307782064,1,0,1,1,1,1,1,1,0,1,1,1,1,1,1
3092,0.256687208252438,1,0,1,0,1,0,1,0,0,1,1,0,0,0,0
3093,-0.563077625090192,1,0,1,0,1,0,1,0,0,0,1,0,0,0,1
3094,-0.692910998283819,0,0,1,0,1,0,1,0,0,1,0,0,0,0,0
3095,-0.357713830338205,1,0,1,0,1,0,1,0,1,1,0,0,0,0,1
3096,1.38599073101109,1,0,1,1,1,0,1,1,1,1,1,1,0,1,1
3097,-0.0167459478844938,1,0,1,0,1,1,1,0,1,1,0,0,0,1,0
3098,-0.179895415816272,1,0,1,0,1,0,1,0,0,1,1,0,0,0,1
3099,1.39353922696352,0,0,1,1,1,1,1,1,1,1,1,1,0,1,1
3100,0.11364497413104,1,0,1,0,1,0,1,0,1,1,1,0,0,1,1
3101,0.103708285680192,1,0,1,0,1,0,1,0,0,0,1,0,0,1,0
3102,-0.339522623692524,1,0,1,0,1,0,1,0,1,1,1,0,0,0,0
3103,0.29296814387724,1,0,1,0,1,0,1,0,0,1,1,0,0,0,0
3104,-0.291878559665245,0,0,1,0,1,0,1,0,1,1,1,0,0,0,0
3105,2.02522577838972,1,0,1,1,1,0,1,1,1,1,1,1,1,0,1
3106,-0.0953516414419855,1,0,1,0,1,0,1,0,0,1,1,0,0,0,1
3107,-2.17328632543522,0,0,1,0,0,0,1,0,0,0,0,0,0,0,0
3108,1.11451100330988,0,0,1,1,1,0,1,1,1,1,1,1,0,1,1
3109,0.208430166618676,0,0,1,0,1,0,1,1,1,1,1,0,0,1,1
3110,-0.366742738494496,1,0,1,0,0,0,1,1,1,1,1,0,0,0,1
3111,0.961233224748215,0,0,1,0,1,0,1,1,1,1,0,1,0,1,1
3112,-0.143265034883449,0,0,1,0,1,0,1,0,0,1,0,0,0,0,0
3113,0.840350273875246,0,0,1,0,1,0,1,1,1,1,1,0,0,1,1
3114,-0.455782555191339,1,0,1,0,1,0,1,0,0,1,1,0,0,0,0
3115,1.52754487335633,0,0,1,1,1,1,1,1,1,1,0,0,1,1,1
3116,-1.30832537828625,1,0,1,0,1,1,1,0,0,0,1,0,0,0,0
3117,-0.475461500590775,1,0,1,0,1,0,1,0,0,0,1,0,0,0,0
3118,-1.36392419182544,1,0,1,0,1,0,1,0,0,1,0,0,0,0,0
3119,1.6958078883401,1,0,1,1,1,1,1,1,1,1,1,1,0,1,1
3120,0.543529217204153,1,0,1,0,1,0,1,0,0,1,1,1,0,1,0
3121,-1.29022119963957,1,0,1,0,1,0,1,0,0,1,1,0,0,0,0
3122,0.294933257158972,1,0,1,0,1,0,1,0,1,1,0,0,0,0,1
3123,-0.525524192262624,1,0,1,0,1,0,1,0,1,1,1,0,0,0,1
3124,-0.369390470359783,1,0,1,0,1,0,1,0,1,1,1,0,0,0,0
3125,-1.31498964419142,1,0,1,0,1,0,1,0,0,0,1,0,0,0,0
3126,-2.4324795179113,1,0,1,0,0,0,0,0,0,0,0,0,0,0,0
3127,0.0599275824937171,1,0,1,0,1,0,1,0,1,1,1,0,0,0,1
3128,-0.475873390287491,1,0,1,0,1,0,1,0,0,1,1,0,0,1,0
3129,1.80343415101087,0,1,1,1,1,1,1,1,1,1,1,1,0,1,1
3130,-1.26677149228948,1,0,1,0,1,0,1,0,1,0,1,0,0,0,0
3131,-0.535261995173181,0,0,1,0,1,0,1,0,0,1,1,0,0,0,1
3132,1.03866940447467,0,1,1,0,1,0,1,1,1,1,1,1,0,0,1
3133,-0.601486902975079,0,0,1,0,1,0,1,0,0,1,1,0,0,0,1
3134,0.404229926317432,0,0,1,0,1,0,1,0,0,1,0,0,0,0,0
3135,-0.108906034357474,1,0,1,0,1,0,1,0,0,1,1,0,0,0,1
3136,0.818438587528887,1,0,1,0,1,0,1,1,1,1,1,1,1,0,0
3137,0.267739738370456,1,0,1,0,1,0,1,0,1,1,1,0,1,0,0
3138,-0.634839339714359,0,0,1,0,1,0,1,0,1,1,1,0,0,1,0
3139,-0.950324493646943,1,0,1,0,1,1,1,0,0,0,1,0,0,0,0
3140,0.552926094851977,0,0,1,0,1,0,1,0,0,1,1,0,1,0,0
3141,0.557109486804307,0,0,1,1,1,0,1,0,0,1,0,0,1,1,1
3142,-1.66802609461318,0,0,1,0,1,0,0,0,0,0,1,0,0,0,0
3143,-0.440450442053629,1,0,1,0,1,0,1,0,1,1,0,0,0,0,1
3144,1.60399802583566,1,0,1,0,1,0,1,1,1,1,0,0,0,1,1
3145,-0.811645626788863,1,0,1,0,1,0,1,0,0,1,1,0,0,0,0
3146,1.6496524630249,1,0,1,1,1,0,1,1,1,1,1,1,0,0,1
3147,-0.308703823712453,0,0,1,0,1,0,1,0,0,1,1,0,0,0,1
3148,0.0138776539526634,1,0,1,0,1,1,1,0,1,1,1,0,0,0,1
3149,0.576845098280084,1,0,1,0,1,1,1,1,1,1,1,0,1,0,1
3150,-0.384135067451957,1,0,1,0,1,0,1,0,0,1,0,0,0,0,0
3151,-2.06600880737798,0,0,0,0,0,0,1,0,0,0,0,0,0,0,0
3152,0.802989229741257,1,0,1,1,1,1,1,0,0,1,1,0,1,0,1
3153,-1.38787193896562,1,0,1,0,1,0,1,0,0,0,0,0,0,0,0
3154,0.817876814280833,1,0,1,0,1,0,1,1,1,1,1,0,0,0,0
3155,-2.08617674836904,0,0,1,0,0,0,1,0,0,0,1,0,0,0,0
3156,-1.45680913119919,1,0,1,0,1,0,1,0,0,0,1,0,0,0,0
3157,0.407168033377989,1,0,1,0,1,0,1,0,0,1,0,1,0,0,0
3158,-1.06474351500844,0,0,1,0,1,0,1,0,1,1,1,0,0,1,0
3159,-0.282282332158397,0,0,1,0,1,0,1,0,1,1,0,0,0,0,1
3160,-1.46441835167796,1,0,1,0,0,0,0,0,0,0,1,0,0,1,0
3161,0.422521257414749,0,0,1,0,1,1,1,0,1,1,1,0,0,1,1
3162,0.151103659612407,1,0,1,0,1,0,1,0,1,1,0,0,0,0,1
3163,1.60311093066909,1,0,1,1,1,0,1,1,0,1,1,1,1,0,1
3164,-1.68417934405009,1,0,1,0,1,0,0,0,0,0,0,0,0,0,0
3165,1.0651889755148,0,0,1,0,1,1,1,1,1,1,1,0,1,1,1
3166,-0.4810173342725,0,0,1,0,1,0,1,0,0,1,1,0,0,0,0
3167,-2.48922467882057,1,0,1,0,0,0,0,0,0,0,0,0,0,0,0
3168,-0.603077040729098,0,0,1,0,1,0,1,0,0,0,0,0,0,0,1
3169,-1.14752944514472,1,0,1,0,1,0,1,0,0,1,1,0,0,0,0
3170,-0.983788110791453,1,0,1,0,1,0,1,0,0,1,1,0,0,0,0
3171,0.211227460299705,0,0,1,0,1,0,1,0,1,1,1,0,0,0,1
3172,1.51961445986792,1,0,1,0,1,0,1,1,1,1,1,1,1,0,1
3173,0.25724490224399,1,0,1,0,1,1,1,0,1,1,1,0,0,0,1
3174,-0.562309911830687,1,0,1,0,1,0,1,0,0,1,1,0,0,0,1
3175,-0.640371790238656,1,0,1,0,1,0,1,1,0,0,0,0,0,1,0
3176,1.83905657812235,0,1,1,1,1,0,1,1,1,1,1,1,1,1,1
3177,-0.0665339091753227,1,0,1,0,1,0,1,1,0,1,1,0,0,1,0
3178,-0.748949748714733,1,0,1,0,1,1,1,0,1,1,1,0,0,1,0
3179,0.103424403884641,0,0,1,0,1,0,1,0,0,1,1,0,0,0,1
3180,0.384442785069098,0,0,1,0,1,0,1,0,0,1,1,0,0,0,1
3181,-0.979645418430362,1,0,1,0,1,0,1,0,0,0,1,0,0,0,0
3182,-0.771145586346818,1,0,1,0,1,0,1,0,1,1,1,0,0,0,0
3183,-0.63122103501057,0,0,1,0,1,1,1,0,1,1,0,0,0,1,1
3184,0.96590560368882,1,0,1,0,1,1,1,1,0,1,1,1,0,0,1
3185,-0.0503724734844408,0,0,1,0,1,0,1,0,0,1,1,0,0,0,0
3186,-0.612391982049889,0,0,1,0,1,0,1,0,1,1,1,0,0,1,0
3187,-1.07025163934091,0,0,1,0,1,0,1,0,0,1,0,0,0,0,0
3188,0.339116900042257,1,0,1,0,1,0,1,0,0,1,1,0,0,0,1
3189,-0.562939763410204,1,0,1,0,1,1,1,0,0,0,0,0,0,0,1
3190,-0.72242949369227,1,0,1,0,1,0,1,0,0,1,1,0,0,0,0
3191,0.598480098373102,0,0,1,0,1,0,1,1,0,1,1,0,0,0,1
3192,0.750042207660857,1,0,1,0,1,1,1,0,1,1,1,1,0,0,0
3193,1.37460295919284,1,1,1,0,1,1,1,1,1,1,1,0,0,0,1
3194,-0.590239375152985,1,0,1,0,1,0,1,0,0,1,1,0,0,0,0
3195,1.68570874978195,0,0,1,0,1,0,1,1,1,1,1,1,1,1,1
3196,-0.93966347678566,0,0,1,0,1,0,1,0,0,1,1,0,0,0,1
3197,0.199517149862311,1,0,1,0,1,0,1,0,1,1,1,0,0,0,1
3198,-1.59909987746537,0,0,1,0,1,0,0,0,0,0,0,0,0,0,0
3199,-0.598435592545569,0,0,1,0,1,0,1,0,1,1,1,0,0,0,0
3200,-1.1139081369014,1,0,1,0,1,0,1,0,0,1,1,0,0,1,0
3201,-1.62045983551058,1,0,1,0,1,0,0,0,0,1,0,0,0,0,0
3202,0.340553229564293,0,0,1,0,1,0,1,1,1,1,1,1,0,0,1
3203,-0.487006366671173,0,0,1,0,1,1,1,0,1,1,1,0,0,0,0
3204,-1.3356749863161,1,0,1,0,0,0,1,0,0,1,0,0,0,0,0
3205,-1.66080585327599,0,0,0,0,0,1,0,0,1,0,0,0,0,0,0
3206,-1.05718567695345,1,0,1,0,1,0,1,0,0,1,1,0,0,1,0
3207,-0.292891805496832,0,0,1,0,1,0,1,0,1,1,1,0,0,1,0
3208,-0.260311102372024,0,0,1,0,1,1,1,0,1,1,1,0,0,0,0
3209,0.251834214104757,0,0,1,1,1,0,1,0,0,1,1,0,1,1,1
3210,0.355748142591634,1,0,1,0,1,0,1,0,0,1,1,0,0,0,1
3211,0.203480802934256,1,0,1,0,1,0,1,0,0,1,0,0,0,0,1
3212,0.764712237307689,1,0,1,0,1,0,1,1,0,1,1,0,0,0,1
3213,0.437864971078504,0,0,1,0,1,1,1,0,0,1,1,0,0,1,1
3214,0.509869035036952,0,0,1,0,1,0,1,1,1,1,1,0,0,0,1
3215,1.20978799200083,0,0,1,0,1,0,1,1,1,1,1,1,1,0,1
3216,1.90134233641151,1,1,1,1,1,0,1,1,0,1,1,1,1,1,1
3217,2.3287412628573,1,0,1,1,1,0,1,1,1,1,1,1,1,1,1
3218,1.98424798608464,1,0,1,0,1,0,1,1,1,1,1,1,1,1,1
3219,-0.203738434236168,0,0,1,0,1,1,1,0,1,1,0,0,0,0,0
3220,-1.00619124844594,1,0,1,0,1,1,1,0,0,1,0,0,0,0,0
3221,2.28589062316776,0,0,1,1,1,0,1,1,1,1,1,1,1,0,1
3222,0.493879793490226,1,0,1,0,1,0,1,0,1,1,1,0,0,0,1
3223,0.499221189928824,0,0,1,0,1,0,1,1,0,1,1,0,0,0,1
3224,0.1479412580188,1,0,1,0,1,1,1,0,0,1,1,0,0,0,1
3225,-0.183086657571749,1,0,1,0,1,1,1,0,0,1,1,0,0,0,1
3226,2.04738767680272,1,0,1,1,1,1,1,1,1,1,1,1,1,1,1
3227,0.171152806141452,0,0,1,0,1,0,1,0,1,1,1,0,0,0,1
3228,-2.26044511427781,1,0,0,0,0,0,0,0,0,0,0,0,0,0,0
3229,-0.0370493314938894,1,0,1,0,1,0,1,0,0,1,1,0,0,0,0
3230,-0.939158027284993,1,0,1,0,1,0,1,0,0,1,1,0,0,0,0
3231,0.577317278314783,0,0,1,0,1,0,1,1,1,1,1,0,0,1,1
3232,-1.48300580926269,1,0,1,0,1,0,1,0,0,0,1,0,0,0,0
3233,-1.65965142624301,0,0,1,0,0,0,1,0,0,0,0,0,0,0,0
3234,1.24430583682724,1,0,1,0,1,0,1,1,1,1,1,1,1,1,1
3235,0.202040018000786,1,0,1,0,1,0,1,1,1,1,1,0,1,0,1
3236,0.779603743148162,1,0,1,0,1,1,1,0,1,1,1,0,0,1,1
3237,-1.15801402065029,0,0,0,0,0,0,1,0,0,0,0,0,0,0,1
3238,0.999377366592838,1,0,1,0,1,0,1,1,1,1,1,0,0,0,1
3239,0.660646164684886,1,0,1,0,1,0,1,0,1,1,1,0,0,1,0
3240,-0.127456396484439,0,0,1,0,1,1,1,0,0,1,1,0,0,1,0
3241,0.91233738658103,1,0,1,0,1,0,1,1,1,1,1,0,0,0,1
3242,0.217777585207344,1,0,1,0,1,0,1,0,0,1,1,1,0,0,1
3243,1.11128973856587,1,0,1,0,1,0,1,1,1,1,1,1,0,0,1
3244,0.69248996563807,1,0,1,0,1,1,1,0,1,1,1,0,0,1,1
3245,-0.383821676496755,1,0,1,0,1,1,1,0,1,1,0,0,0,0,0
3246,-0.698567196307138,1,0,1,0,1,0,1,0,1,1,1,0,0,0,0
3247,-1.20603744142715,0,0,1,0,1,0,1,0,0,1,1,0,0,0,0
3248,0.703524326276663,0,0,1,0,1,1,1,0,1,1,1,0,0,1,1
3249,-0.832377574164371,0,0,0,0,1,0,1,0,0,1,0,0,0,1,0
3250,-0.810290559779046,1,0,1,0,1,0,1,0,0,1,0,0,0,0,0
3251,1.1947698040092,0,0,1,0,1,1,1,1,1,1,1,1,0,0,1
3252,-0.51102425194878,0,0,1,0,1,0,1,0,0,1,0,0,0,0,0
3253,1.26171094743421,0,0,1,0,1,1,1,1,1,1,1,0,1,1,1
3254,0.695076510940674,0,0,1,0,1,0,1,1,1,1,0,1,0,1,0
3255,-0.384402726085657,1,0,1,0,1,0,1,0,1,1,1,0,0,0,0
3256,-0.611700091745273,1,0,1,0,1,0,1,0,0,1,0,0,0,0,0
3257,-0.299375152918108,1,0,1,0,1,0,1,0,0,1,1,0,0,0,0
3258,-2.05235952365039,1,0,1,0,1,0,1,0,0,0,1,0,0,0,0
3259,0.243643280848314,1,0,1,0,1,0,1,0,1,1,1,0,0,0,0
3260,0.409989320458654,0,0,1,0,1,0,1,1,0,1,1,0,0,0,0
3261,1.05706538501101,1,0,1,0,1,1,1,1,0,1,1,1,0,1,1
3262,0.0169932418655976,1,0,1,0,1,0,1,0,0,1,1,0,0,0,1
3263,-1.63202907450131,1,0,1,0,1,0,0,0,0,0,1,0,0,0,0
3264,0.316629458339902,0,0,1,0,1,0,1,0,0,1,1,0,1,0,1
3265,1.58314605970893,0,0,1,0,1,0,1,1,1,1,1,1,1,1,1
3266,-1.48265973287566,0,0,1,0,1,0,1,0,0,1,0,0,0,0,0
3267,1.10737967301859,1,0,1,1,1,0,1,1,0,1,1,0,1,0,1
3268,0.757803770715274,1,0,1,1,1,1,1,1,1,1,0,0,1,1,1
3269,-1.68587267735693,0,0,1,0,1,0,1,0,0,0,0,0,0,0,0
3270,-1.96353528849673,0,0,1,0,0,0,1,0,0,0,0,0,0,0,0
3271,1.49058562017367,1,0,1,0,1,0,1,1,1,1,1,1,1,1,0
3272,-0.475423096371231,1,0,1,0,1,0,1,0,0,1,1,0,0,0,0
3273,-1.05656212773564,0,0,1,0,1,0,1,0,0,0,1,0,0,0,0
3274,1.39827655008067,1,0,1,0,1,1,1,1,1,1,1,1,1,1,1
3275,-0.279725851517277,1,0,1,0,1,0,1,0,1,1,1,0,0,0,1
3276,0.163698525302339,0,0,1,0,1,0,1,1,1,1,1,0,0,0,1
3277,1.35136676457759,0,0,1,0,1,0,1,1,1,1,1,1,0,0,1
3278,-0.26838014670822,0,0,1,0,1,0,1,1,1,1,0,0,0,0,1
3279,-0.598875632543047,1,0,1,0,1,0,1,0,1,1,1,0,1,0,0
3280,-0.446906954789376,0,0,1,0,0,1,1,0,1,0,1,0,0,0,0
3281,-0.480527697355384,0,0,1,0,1,0,1,0,1,1,0,0,0,0,0
3282,0.727244386156206,1,0,1,0,1,0,1,1,1,1,1,0,1,0,1
3283,0.851210410753621,1,0,1,0,1,0,1,1,0,1,0,0,0,1,1
3284,-1.09370239002101,0,0,1,0,1,0,1,0,0,1,1,0,0,0,0
3285,-0.6540355441397,1,0,1,0,1,0,1,0,0,1,0,0,0,0,1
3286,-0.272926895545569,0,0,1,0,1,0,1,0,0,1,0,0,0,1,0
3287,1.12806764560325,1,0,1,0,1,1,1,1,1,1,1,0,1,1,1
3288,0.0900027122540048,1,0,1,0,1,0,0,0,1,1,1,0,0,0,1
3289,0.694662620586855,1,0,1,0,1,0,1,1,0,1,1,0,1,0,1
3290,0.609500634407198,0,0,1,0,1,1,1,1,1,1,1,0,0,1,0
3291,0.297239661834614,0,0,1,0,1,0,1,0,0,1,1,0,0,0,1
3292,-0.153362116983718,0,0,1,0,1,0,1,0,1,1,0,0,0,0,0
3293,0.338124533231718,1,0,1,0,1,0,1,0,0,1,0,0,1,0,1
3294,0.0535387874898058,0,0,1,0,1,0,1,1,1,1,0,0,0,0,1
3295,-0.297872609350268,1,0,1,0,1,1,1,0,1,1,1,1,0,0,1
3296,1.51974455235678,0,0,1,0,1,1,1,1,1,1,0,1,0,1,1
3297,-0.59925416835815,1,0,1,0,1,1,1,0,0,1,1,0,0,0,0
3298,-1.77835917743683,0,0,1,0,1,0,1,0,1,0,1,0,0,0,0
3299,0.424660174170764,0,0,1,0,1,1,1,1,0,1,1,0,0,1,1
3300,0.11046622685052,0,0,1,0,1,0,1,0,0,1,1,0,0,0,1
3301,-2.80300205011486,0,0,0,0,0,0,0,0,0,0,0,0,0,0,0
3302,-1.59819157376592,1,0,1,0,0,1,0,0,0,0,1,0,0,0,0
3303,0.119617761731006,0,0,1,0,1,0,1,0,1,1,1,0,0,1,1
3304,0.00683255405050585,1,0,1,0,1,0,1,0,0,1,1,0,0,0,1
3305,-0.718385036907419,1,0,1,0,1,0,1,0,0,1,1,0,0,1,0
3306,-0.176623351209138,0,0,1,0,1,1,1,0,1,1,1,0,0,0,0
3307,0.424298856433222,0,0,1,0,1,0,1,0,1,1,1,0,0,0,1
3308,1.27863667464463,1,0,1,0,1,0,1,1,1,1,1,1,0,1,1
3309,-0.501983656523181,1,0,1,0,1,0,1,0,1,1,1,0,0,0,0
3310,-0.573895498104858,1,0,1,0,1,0,1,0,1,0,1,0,0,0,0
3311,-0.257278415306763,0,0,1,0,1,1,1,0,0,1,0,0,0,1,1
3312,0.353433609739479,1,0,1,0,1,1,1,1,1,1,1,0,0,1,1
3313,1.76164834269783,1,1,1,0,1,1,1,1,1,1,1,1,0,1,1
3314,0.751103985214641,1,0,1,1,1,0,1,0,0,1,0,1,0,1,1
3315,-0.292330808681216,1,0,1,0,1,0,1,0,0,1,1,0,0,1,1
3316,-0.624187286849205,0,0,1,0,1,0,1,0,1,1,0,0,0,0,0
3317,1.75957375698843,1,0,1,0,1,0,1,1,1,1,1,1,1,0,1
3318,-0.0558224704811489,1,0,1,0,1,0,1,0,0,1,0,0,0,0,0
3319,1.35147047785134,1,0,1,0,1,0,1,1,1,1,1,1,1,0,1
3320,1.36767662675966,1,0,1,1,1,1,1,1,1,1,1,1,0,1,1
3321,1.27207534556075,1,0,1,0,1,1,1,1,1,1,1,1,0,0,1
3322,0.449162017110342,0,0,1,0,1,0,1,1,1,1,1,0,0,1,1
3323,-0.0717168052590772,0,0,1,0,1,0,1,0,0,1,1,0,0,0,1
3324,-2.19675371583098,0,0,1,0,1,0,0,0,0,0,1,0,0,0,0
3325,1.98274982504775,1,1,1,0,1,1,1,1,1,1,1,1,0,0,1
3326,1.69233665530335,0,0,1,0,1,1,1,1,0,1,1,1,0,1,1
3327,1.02985937674914,1,0,1,1,1,0,1,1,1,1,1,0,0,0,1
3328,-1.49930188258283,1,0,1,0,1,0,1,0,0,1,0,0,0,0,0
3329,1.03747647062623,1,0,1,0,1,0,1,1,1,1,1,0,1,0,1
3330,-0.392568850009271,1,0,1,0,1,0,1,0,1,1,0,0,0,1,1
3331,0.00204011422868741,0,0,1,0,1,0,1,1,1,1,1,0,0,0,1
3332,0.124610998698543,0,0,1,0,1,1,1,0,0,1,1,0,0,0,1
3333,-0.63127091123206,0,0,1,0,1,0,1,0,0,1,0,1,0,0,0
3334,1.00719683507413,1,0,1,0,1,0,1,1,1,1,1,0,1,1,1
3335,0.426973820767322,0,0,1,0,1,0,1,1,1,1,1,0,0,1,1
3336,-1.47570911625818,1,0,1,0,0,0,1,0,0,0,1,0,0,0,0
3337,-0.281939360936453,0,0,1,0,1,1,1,0,0,1,1,0,0,0,1
3338,0.61763523673251,1,0,1,0,1,1,1,0,1,1,1,0,0,1,1
3339,-1.15503673666539,0,0,1,0,1,0,0,0,0,0,1,0,0,0,0
3340,-0.89014924999397,1,0,1,0,1,0,1,0,0,1,0,0,0,0,1
3341,0.706384498119565,0,0,1,0,1,0,1,1,1,1,1,1,0,0,1
3342,-0.325915945144255,0,0,1,0,1,0,1,0,0,1,0,0,1,0,0
3343,0.0972071060509798,1,0,1,0,1,0,1,0,1,1,1,0,0,0,1
3344,1.98849798043221,1,0,1,1,1,0,1,1,1,1,1,1,1,1,1
3345,0.447538797697479,1,0,1,0,1,0,1,1,1,1,0,0,0,1,1
3346,0.65367902522312,1,0,1,0,1,0,1,1,1,1,1,0,0,1,1
3347,0.773624312963585,0,1,1,0,1,0,1,1,1,1,1,0,0,0,1
3348,-1.74680744266137,1,0,1,0,1,0,0,0,1,1,1,0,0,0,0
3349,-0.0575863520063789,1,0,1,0,1,0,1,0,0,1,1,0,0,0,1
3350,-0.339556101418262,1,0,1,0,1,0,1,0,1,1,1,0,0,0,0
3351,-0.381783651097251,1,0,1,0,1,0,1,0,1,1,0,0,0,0,0
3352,0.132085968704422,1,0,1,0,1,0,1,0,1,1,1,0,0,0,1
3353,0.535347256216311,1,0,1,0,1,0,1,0,1,1,0,1,1,0,1
3354,0.748900485118004,1,0,1,0,1,0,1,0,1,1,1,0,0,1,1
3355,-0.517913700900967,1,0,1,0,1,1,1,0,0,1,1,0,0,1,1
3356,0.0560315878171842,1,0,1,0,1,0,1,0,0,1,1,0,0,0,0
3357,0.076462967169872,1,0,1,0,1,1,1,0,1,1,1,0,0,0,1
3358,-0.08726627030258,1,0,1,0,1,0,1,0,1,1,0,0,0,0,1
3359,0.750198094151759,1,0,1,0,1,0,1,1,1,1,1,0,0,0,0
3360,-0.222352449744266,0,0,1,0,1,0,1,0,0,1,0,0,0,0,0
3361,0.820490969333659,1,0,1,0,1,1,1,1,1,1,1,0,0,0,1
3362,-1.42184532887005,0,0,1,0,1,0,1,0,0,0,1,0,0,0,1
3363,-0.0551249368407705,1,0,1,0,1,1,1,0,1,1,0,0,0,0,1
3364,0.746057822486204,1,0,1,0,1,1,1,1,1,1,1,1,0,1,1
3365,-0.076418176341709,1,0,1,0,1,0,1,1,0,1,0,0,0,0,1
3366,0.0113860985503722,1,0,1,0,1,1,1,1,0,1,1,0,0,0,0
3367,-0.037159737558871,1,0,1,0,1,0,1,0,1,1,1,0,0,0,1
3368,-0.50239136316194,0,0,1,0,1,0,1,0,1,1,0,0,0,0,1
3369,-1.35726050118393,0,0,1,0,1,0,1,0,0,1,0,0,0,0,0
3370,0.058955031018044,1,0,1,0,1,0,1,0,1,1,0,0,0,1,1
3371,-0.92083775592494,1,0,1,0,1,0,1,0,0,1,1,0,0,0,1
3372,2.13563223128688,1,0,1,1,1,0,1,1,1,1,1,1,0,1,1
3373,-0.925409339848114,1,0,1,0,1,0,1,0,0,1,1,0,0,0,0
3374,-1.38759509515376,0,0,0,0,1,0,1,0,1,1,0,0,0,0,0
3375,-0.87377318872137,1,0,1,0,1,0,1,0,1,1,0,0,0,0,1
3376,-1.83813378698451,1,0,1,0,0,0,1,0,0,0,1,0,0,0,0
3377,-0.0111390373356545,0,0,1,0,1,1,1,1,1,1,1,0,0,0,1
3378,-0.0561052831102659,0,0,1,0,1,1,1,0,1,1,1,0,0,0,0
3379,1.93592991574684,1,0,1,1,1,1,1,1,1,1,1,1,1,1,1
3380,-0.249592875784919,0,0,1,0,1,0,1,0,1,1,1,0,0,1,1
3381,1.9501374563939,0,1,1,0,1,1,1,1,1,1,1,1,0,1,1
3382,-1.32834443550635,0,0,1,0,1,0,0,0,1,1,1,0,0,0,1
3383,-1.04895086069986,1,0,1,0,1,0,1,0,0,1,1,0,0,1,0
3384,-0.027180111217114,1,0,1,0,1,1,1,0,0,1,1,0,0,1,1
3385,-0.880154471990707,1,0,1,0,1,0,1,0,0,1,0,0,0,0,0
3386,0.216111243568052,1,0,1,0,1,0,1,0,0,1,1,0,0,1,0
3387,0.122074025969917,1,0,1,0,1,0,1,1,0,1,1,0,0,0,0
3388,-0.722810556244329,1,0,1,0,1,0,1,0,0,1,1,0,0,0,1
3389,0.496050117863221,1,0,1,0,1,0,1,0,1,1,1,0,0,0,1
3390,-2.29043457287409,0,0,1,0,0,0,0,0,1,0,1,0,0,0,0
3391,-1.13788947651652,0,0,1,0,1,0,1,0,0,0,0,0,0,1,0
3392,1.76507717614977,0,0,1,0,1,1,1,1,1,1,1,1,1,1,1
3393,0.455505597976451,0,0,1,0,1,0,1,1,0,1,1,0,0,0,1
3394,1.69474380951665,1,0,1,0,1,1,1,1,0,1,1,1,1,1,1
3395,1.92959683391064,1,0,1,1,1,1,1,1,1,1,1,1,1,1,1
3396,-1.58139626539264,0,0,1,0,0,0,1,0,0,0,0,0,0,1,0
3397,1.96917444692895,1,0,1,1,1,1,1,1,1,1,1,1,1,1,1
3398,0.263616316397734,1,0,1,0,1,0,1,0,1,1,1,0,0,0,1
3399,0.836730384700606,1,0,1,1,1,0,1,0,1,1,0,0,0,0,1
3400,1.0411357463274,1,0,1,0,1,0,1,1,0,1,1,0,1,0,1
3401,-0.202075247294441,0,0,1,0,1,0,1,0,0,1,1,0,0,0,1
3402,-0.04800082476793,1,0,1,0,1,0,1,0,0,1,1,0,0,0,1
3403,-0.574329939364776,0,0,1,0,1,0,1,0,0,1,1,0,0,0,0
3404,-0.258363027509913,0,0,1,0,1,0,1,0,0,1,1,0,0,1,1
3405,-0.462901158866234,1,0,1,0,1,0,1,0,0,1,1,0,0,1,0
3406,0.764475778635808,0,0,1,0,1,1,1,1,1,1,1,0,1,0,1
3407,0.694705880194337,0,0,1,0,1,0,1,1,0,1,1,0,0,1,0
3408,0.47583173001437,0,0,1,1,1,1,1,1,0,1,1,0,0,0,1
3409,0.435519227592562,1,0,1,0,1,0,1,1,1,1,1,0,1,0,0
3410,-0.198891539674646,1,0,1,0,1,0,1,0,1,1,0,0,0,1,0
3411,0.587710558074243,1,0,1,0,1,0,1,0,0,1,0,0,0,0,1
3412,0.858260565276884,1,0,1,1,1,0,1,1,1,1,1,0,0,1,1
3413,-1.35724776357126,0,0,1,0,0,1,1,0,0,0,0,0,0,0,0
3414,-0.0329624120805585,0,0,1,0,1,0,1,0,0,1,1,0,0,1,0
3415,-0.982662878157068,1,0,1,0,1,0,1,0,0,1,1,0,0,1,1
3416,-0.381036562261753,0,0,1,0,1,0,1,0,1,1,1,0,0,0,0
3417,-0.836779781677683,0,0,1,0,0,1,1,0,0,1,0,0,0,0,0
3418,-0.148600409420089,1,0,1,0,1,1,1,0,0,1,1,0,0,0,1
3419,-0.384871758773134,1,0,1,0,1,0,1,0,0,1,1,0,0,1,0
3420,-0.612385866888751,1,0,1,0,1,0,1,0,1,1,1,0,0,0,0
3421,0.648911832038763,1,0,1,0,1,0,1,1,0,1,1,0,0,0,1
3422,-0.853664597300452,1,0,1,0,1,0,1,0,0,1,0,0,0,1,0
3423,0.554818856569415,1,0,1,0,1,0,1,0,1,1,1,1,0,0,1
3424,0.257514961837792,0,0,1,0,1,0,1,0,1,1,1,0,0,1,1
3425,-0.0670797733346657,1,0,1,0,1,0,1,0,0,1,1,0,0,0,1
3426,-1.82571187923708,1,0,1,0,1,0,1,0,0,1,1,0,0,0,0
3427,-0.238711389338203,0,0,1,0,1,1,1,0,0,1,1,0,0,0,1
3428,-1.88700629814223,0,0,1,0,0,0,0,0,0,0,0,0,0,0,0
3429,-0.45482798260345,1,0,1,0,1,0,1,0,0,1,0,0,0,0,0
3430,0.400598118870769,1,0,1,0,1,0,1,0,0,1,1,0,0,0,1
3431,-0.0247046515635849,0,0,1,0,1,0,1,0,0,1,1,0,0,1,1
3432,1.52820951246138,1,0,1,0,1,0,1,1,0,1,0,0,1,1,1
3433,-2.04798406337472,1,0,0,0,1,0,0,0,0,0,1,0,0,0,0
3434,-0.606849827938553,0,0,1,0,1,0,1,0,1,1,1,0,0,0,1
3435,-0.483786675087023,1,0,1,0,1,0,1,0,1,1,1,0,0,1,0
3436,1.00685214583457,1,0,1,0,1,1,1,0,1,1,1,1,0,0,1
3437,-0.452734286392926,0,0,1,0,1,0,1,0,0,1,1,0,0,0,0
3438,-1.39192159585559,0,0,1,0,1,0,1,0,0,0,0,0,0,1,0
3439,-1.89109510901163,1,0,1,0,0,0,0,0,0,0,0,0,0,0,0
3440,0.417923600463041,0,0,1,0,1,0,1,1,0,1,0,0,0,1,1
3441,0.598957949364564,1,0,1,0,1,0,1,1,1,1,1,0,1,0,1
3442,1.37544066764379,0,0,1,0,1,1,1,1,0,1,0,1,1,1,1
3443,0.0253181621596248,1,0,1,0,1,0,1,0,1,1,0,0,0,0,0
3444,-0.108247464054343,1,0,1,0,1,0,1,0,0,1,1,0,0,0,1
3445,-2.33434705202146,0,0,0,0,0,0,0,0,0,0,0,0,0,0,0
3446,1.03699816945266,1,0,1,0,1,1,1,1,0,1,1,0,0,1,0
3447,1.01207639441149,0,0,1,0,1,1,1,1,0,1,1,0,0,1,1
3448,-3.27952011263198,0,0,0,0,0,0,0,0,0,0,1,0,0,0,0
3449,2.04566461674121,1,0,1,1,1,1,1,1,1,1,1,1,1,1,1
3450,0.559559414554657,0,0,1,0,1,1,1,0,1,1,0,0,0,1,1
3451,0.91702584228653,1,0,1,0,1,1,1,1,1,1,1,0,1,0,1
3452,0.62041351413229,0,0,1,0,1,0,1,1,1,1,1,0,0,0,1
3453,1.80175784309088,1,0,1,0,1,1,1,1,1,1,1,1,1,0,1
3454,-0.290008400036077,0,0,1,0,1,0,1,0,1,1,1,0,0,0,1
3455,-0.150371285646775,0,0,1,0,1,0,1,0,1,1,1,0,0,0,1
3456,0.09248317063428,1,0,1,0,1,0,1,0,1,1,0,0,0,1,1
3457,-1.44897880317287,1,0,1,0,1,1,1,0,0,0,1,0,0,0,0
3458,-0.576801171772567,0,0,1,0,1,0,1,0,0,1,1,0,0,1,0
3459,-1.31363945106889,0,0,1,0,1,0,1,0,0,0,1,0,0,0,0
3460,0.0827992310878508,1,0,1,0,1,0,1,0,0,1,0,0,0,0,1
3461,0.29750083158661,1,0,1,1,1,1,1,0,1,1,1,0,0,0,1
3462,-0.116141030496928,1,0,1,0,1,0,1,0,0,1,1,0,0,1,1
3463,0.0561422586029222,1,0,1,0,1,1,1,1,1,1,1,0,0,0,0
3464,1.76235959059568,1,1,1,0,1,0,1,1,1,1,1,1,1,0,1
3465,-0.193291261105487,1,0,1,0,1,0,1,0,1,1,1,0,0,0,1
3466,0.510156672527621,1,0,1,0,1,1,1,0,0,1,1,0,0,0,1
3467,-0.223234656765646,0,0,1,0,1,0,1,0,1,1,1,0,0,0,0
3468,-0.241225467331224,0,0,1,0,1,0,1,0,1,1,1,0,0,0,0
3469,-1.23385246143922,1,0,1,0,1,0,0,0,0,0,1,0,0,0,0
3470,0.386993857759586,0,0,1,0,1,0,1,1,0,1,1,1,0,0,1
3471,-0.526270851360964,0,0,1,0,1,0,1,0,0,1,1,0,0,0,0
3472,-1.25026554012177,0,0,1,0,1,0,1,0,1,1,1,0,0,1,0
3473,-0.223239243149743,0,0,1,0,1,0,1,0,0,1,1,0,0,0,0
3474,-1.35952184213005,1,0,1,0,0,1,1,0,0,0,1,0,0,0,0
3475,-1.56557827967263,1,0,1,0,1,0,1,0,1,0,0,0,0,0,0
3476,0.987423256834185,0,1,1,0,1,0,1,1,1,1,1,1,0,1,1
3477,0.256390762441475,1,0,1,0,1,0,1,0,1,1,1,0,0,1,1
3478,1.08559842084657,0,0,1,0,1,1,1,0,1,1,1,0,1,1,1
3479,-0.510852622595628,0,0,1,0,1,0,1,0,0,1,1,0,0,0,0
3480,1.6583951002108,0,1,1,1,1,1,1,1,1,1,1,1,1,1,1
3481,-0.276158500379342,0,0,1,0,1,0,1,0,1,1,0,0,0,1,0
3482,1.05669021754169,1,0,1,0,1,0,1,1,1,1,1,0,0,0,1
3483,0.559179241532112,0,0,1,0,1,0,1,1,1,1,1,1,0,1,1
3484,-0.814422919953187,1,0,1,0,1,0,1,0,1,1,0,0,0,0,0
3485,2.89822059681095,0,1,1,1,1,1,1,1,1,1,1,1,1,1,1
3486,2.33483254492499,0,1,1,1,1,1,1,1,1,1,1,1,1,1,1
3487,-0.450327507744826,0,0,1,0,0,0,1,0,0,1,0,0,1,0,0
3488,-1.23995168833375,1,0,1,0,1,0,1,0,0,1,1,0,0,0,0
3489,-0.994322711373116,1,0,1,0,1,0,1,0,0,1,0,0,1,1,0
3490,-0.682914410472323,0,0,1,0,1,0,1,0,0,1,0,0,0,0,1
3491,-0.238668428877852,1,0,1,0,1,0,1,0,0,1,1,0,0,0,1
3492,-1.66804651889822,0,0,1,0,1,0,1,0,0,0,1,0,0,0,0
3493,-0.45518896297609,0,0,1,0,1,0,1,0,1,1,1,0,0,0,0
3494,-0.46817852320774,0,0,1,0,1,0,1,0,0,0,1,0,0,1,0
3495,-0.24386314871215,1,0,1,0,1,0,1,0,1,1,1,0,0,0,1
3496,-0.782471922037751,1,0,1,0,1,0,1,0,0,1,1,0,1,0,0
3497,-2.07088131432595,1,0,1,0,0,0,0,0,0,0,0,0,0,0,0
3498,0.954133106685795,1,0,1,0,1,0,1,1,1,1,1,1,0,1,1
3499,-0.299379839325001,1,0,1,0,1,0,1,0,1,1,1,0,0,1,1
3500,-1.22044189085168,1,0,1,0,1,0,1,0,0,1,0,0,0,1,0
3501,1.06035270699487,0,0,1,0,1,1,1,0,1,1,1,0,0,1,1
3502,-0.484517734033624,0,0,1,0,1,0,1,0,0,1,0,0,0,0,1
3503,-1.29509895816298,0,0,1,0,1,0,1,0,0,1,1,0,0,1,0
3504,1.73505707369903,0,0,1,0,1,0,1,1,1,1,0,1,1,0,1
3505,0.372310209198296,1,0,1,1,1,0,1,0,1,1,1,0,1,0,0
3506,0.225810295781462,1,0,1,0,1,1,1,0,0,1,0,1,0,0,1
3507,-0.904234069726942,0,0,0,0,0,0,1,0,0,1,1,0,0,0,0
3508,0.381595573222918,0,0,1,0,1,0,1,0,1,1,1,0,0,0,1
3509,-0.672628321679431,0,0,1,0,0,0,1,1,0,0,1,0,0,0,0
3510,1.31269624993364,0,0,1,0,1,1,1,1,1,1,0,1,0,1,1
3511,0.0323854520212394,0,0,1,0,1,0,1,0,1,1,0,0,0,0,1
3512,1.59883730573751,1,1,1,0,1,0,1,1,1,1,1,0,1,1,1
3513,-0.679250053793439,0,0,1,0,1,0,1,0,0,1,1,0,0,1,0
3514,-1.47165183188935,0,0,0,0,1,1,0,0,0,0,1,0,0,0,0
3515,0.194824079645514,1,0,1,0,1,1,1,0,1,1,1,0,0,0,1
3516,-0.803049668882682,0,0,1,0,1,0,1,0,1,1,1,0,0,1,0
3517,0.587756458988495,1,0,1,0,1,1,1,0,1,1,1,1,0,0,1
3518,-0.994515350366401,0,0,1,0,1,0,1,0,0,1,0,0,0,0,0
3519,-0.314708463941063,1,0,1,0,1,1,1,0,0,1,1,0,0,0,1
3520,-0.611348127306177,0,0,1,0,1,0,1,0,0,1,1,0,0,0,0
3521,-0.709642135928484,1,0,1,0,1,0,1,0,1,1,1,0,0,0,1
3522,0.559184488205413,1,0,1,0,1,1,1,0,1,1,1,0,0,0,1
3523,-0.824596376341548,0,0,1,0,1,0,0,0,1,1,1,0,0,0,0
3524,-0.576598526758672,0,0,1,0,1,0,1,0,1,1,0,0,0,1,1
3525,0.925787574193005,0,0,1,0,1,0,1,1,1,1,1,1,0,1,1
3526,0.78867583149907,0,0,1,1,1,1,1,0,0,1,1,0,0,0,1
3527,-0.0951006302294775,0,0,1,0,1,1,1,0,0,1,1,0,0,0,0
3528,-0.904068024217984,0,0,1,0,1,0,1,0,0,0,1,0,0,1,0
3529,-0.275297701093718,1,0,1,0,1,0,1,0,0,1,1,0,0,0,0
3530,0.268676144376014,1,0,1,0,1,0,1,0,0,1,0,0,0,0,1
3531,0.46553466565422,0,0,1,1,1,0,1,1,0,1,0,0,0,0,1
3532,0.791486928277743,0,0,1,0,1,0,1,1,1,1,1,0,0,1,1
3533,1.52145151876615,1,1,1,0,1,1,1,1,1,1,1,1,1,0,1
3534,1.71382930194678,1,0,1,1,1,1,1,1,0,1,1,1,1,0,1
3535,0.94010335733118,1,0,1,0,1,1,1,1,0,1,1,1,1,0,1
3536,-0.422561918972149,1,0,1,0,1,0,1,0,0,1,1,0,0,0,1
3537,-1.72274536528297,0,0,1,0,0,0,1,0,0,0,1,0,0,0,0
3538,-1.46503268195911,1,0,1,0,1,0,0,0,1,1,0,0,0,0,0
3539,-0.611397908713032,0,0,1,0,1,0,1,0,0,1,1,0,0,0,0
3540,1.00227527928452,1,0,1,0,1,1,1,1,1,1,1,1,0,0,1
3541,-0.0857548276674481,0,0,1,0,1,1,1,0,0,1,1,0,0,1,1
3542,1.44439357038014,0,0,1,0,1,1,1,1,1,1,1,1,0,0,1
3543,0.2414799555477,0,0,1,0,1,0,1,1,1,1,1,0,0,0,1
3544,1.92989443660185,0,0,1,1,1,1,1,1,1,1,1,1,1,1,1
3545,-0.108613491953947,1,0,1,0,1,1,1,1,0,1,1,0,0,1,1
3546,1.77400018098692,0,1,1,1,1,1,1,1,1,1,0,1,1,1,1
3547,-0.628670465904241,0,0,1,0,1,0,1,0,1,1,1,0,0,0,0
3548,-0.703791002201896,0,0,1,0,1,0,1,0,0,1,1,0,0,0,0
3549,0.794852874551664,1,0,1,0,1,0,1,1,0,1,0,1,1,0,1
3550,-0.750300159996104,1,0,1,0,1,1,1,0,0,1,0,0,0,0,0
3551,-0.174122742070308,0,0,1,0,1,0,1,0,0,1,0,0,0,0,1
3552,0.0692084078037721,1,0,1,0,1,0,1,0,1,1,0,0,0,0,0
3553,0.763943883083354,0,0,1,0,1,1,1,1,1,1,1,0,1,1,0
3554,0.511722891865292,0,0,1,0,1,0,1,0,0,1,1,1,1,0,1
3555,0.0482146516096693,0,0,1,0,1,1,1,0,1,1,0,1,0,1,1
3556,-0.669215188937484,1,0,1,0,1,0,1,0,1,1,1,0,0,0,1
3557,0.972638419136487,0,0,1,0,1,1,1,1,1,1,1,0,0,1,1
3558,0.528848289683036,1,0,1,0,1,0,1,0,1,1,1,0,0,0,0
3559,-1.0896407924788,0,0,1,0,1,0,1,0,0,1,0,0,0,0,0
3560,-0.54671470636803,0,0,1,0,1,0,1,0,0,1,1,0,1,0,1
3561,0.404802704753748,1,0,1,0,1,0,1,0,1,1,1,0,0,1,1
3562,0.161156722187513,1,0,1,0,1,0,1,1,0,1,0,0,0,0,1
3563,-1.75994236804751,1,0,1,0,0,0,1,0,0,1,0,0,0,1,0
3564,0.587751135703101,1,0,1,0,1,1,1,1,1,1,1,1,0,1,1
3565,0.794846719581692,0,0,1,0,1,1,1,0,1,1,1,0,0,0,1
3566,-0.254796373667886,0,0,1,0,1,0,1,1,1,1,1,0,0,1,0
3567,-0.308358163138712,0,0,1,0,1,1,1,0,0,1,1,0,0,0,0
3568,0.657241906284139,1,0,1,0,1,0,1,0,1,1,1,0,1,0,1
3569,1.27528757537571,1,0,1,1,1,0,1,1,1,1,1,1,0,0,1
3570,-1.72323416114607,1,0,1,0,1,0,0,0,0,1,0,0,0,1,0
3571,-0.048944084944773,1,0,1,0,1,0,1,0,0,1,1,0,0,1,1
3572,0.527903378291776,1,0,1,0,1,1,1,1,1,1,0,1,0,0,1
3573,-0.494169351263543,0,0,1,0,1,0,1,0,0,1,1,0,0,1,1
3574,0.843826116140561,1,0,1,0,1,1,1,1,1,1,1,0,0,0,1
3575,-0.407083380343198,1,0,1,0,1,1,1,0,1,1,0,0,0,0,0
3576,-1.5143812040471,1,0,1,0,0,0,0,0,0,0,0,0,0,0,0
3577,1.09298626213576,1,0,1,0,1,0,1,1,0,1,1,1,0,1,1
3578,0.352346730357248,1,0,1,0,1,1,1,1,1,1,1,0,1,1,0
3579,1.36693465195193,1,0,1,0,1,1,1,1,1,1,1,1,0,1,1
3580,-0.766919755379164,1,0,1,0,1,1,1,0,1,1,0,0,0,1,0
3581,1.38141614398262,1,0,1,1,1,0,1,1,1,1,1,0,0,0,1
3582,0.722055795499735,0,0,1,0,1,1,1,0,1,1,1,0,1,1,1
3583,-1.74531439588119,1,0,1,0,0,0,0,0,0,0,0,0,0,0,0
3584,1.28538216482071,1,0,1,0,1,0,1,1,1,1,1,0,1,1,1
3585,0.176869352256166,1,0,1,0,1,0,1,0,0,1,0,0,0,1,1
3586,-0.263697765180016,1,0,1,0,1,0,1,0,0,0,0,0,0,1,0
3587,-1.09863994658683,0,0,1,0,1,0,1,0,0,0,1,0,0,0,0
3588,-1.42863050589143,0,0,1,0,1,0,0,0,1,0,1,0,0,0,0
3589,-0.429927513030156,0,0,1,0,1,0,1,0,0,1,0,0,0,0,1
3590,0.455550757520815,0,0,1,0,1,0,1,0,1,1,1,0,0,1,1
3591,0.414909967575617,1,0,1,0,1,1,1,1,1,1,1,0,1,1,1
3592,0.204071739557111,1,0,1,0,1,1,1,0,1,1,1,0,1,1,1
3593,-0.0614301715086918,1,0,1,0,1,0,1,0,1,1,0,0,0,0,1
3594,-0.467044931010286,1,0,1,0,1,0,1,0,0,1,1,0,0,1,0
3595,-1.74585496418351,0,0,1,0,0,0,1,0,0,0,0,0,0,1,0
3596,-0.736947584987868,1,0,1,0,1,0,1,0,0,1,1,0,0,1,0
3597,-1.04182921516027,0,0,1,0,1,1,1,0,0,1,1,0,0,0,0
3598,0.256681969123732,1,0,1,0,1,0,1,0,1,1,1,1,0,0,1
3599,-2.8960655089628,1,0,0,0,0,0,0,0,0,0,0,0,0,0,0
3600,-0.665512857720773,1,0,1,0,1,0,1,0,1,1,1,0,0,0,0
3601,1.40507734586066,1,0,1,0,1,0,1,1,1,1,1,1,1,0,1
3602,-0.510846833719494,1,0,1,0,1,0,1,0,0,1,1,0,0,1,0
3603,0.110756875004598,1,0,1,0,1,1,1,1,0,1,1,0,0,0,1
3604,0.602086873946071,1,0,1,0,1,0,1,1,0,1,1,1,0,1,1
3605,-0.617986562269206,1,0,1,0,1,0,1,0,0,1,1,0,0,0,0
3606,-0.00419285671200511,1,0,1,0,1,0,1,0,1,1,1,0,0,1,1
3607,0.732654066021305,1,0,1,0,1,1,1,0,0,1,1,0,0,1,1
3608,-1.26670065197037,1,0,1,0,1,0,1,0,0,0,0,0,0,0,0
3609,0.719315848352518,0,0,1,0,1,0,1,0,1,1,1,0,0,1,1
3610,0.331402364532033,0,0,1,0,1,0,1,0,1,1,1,0,0,1,1
3611,1.38684071199259,0,0,1,0,1,1,1,1,1,1,1,1,0,0,1
3612,0.17218666949685,0,0,1,0,1,0,1,0,1,1,0,0,0,1,1
3613,-0.279049753152785,0,0,1,0,1,0,1,1,0,1,0,0,0,0,1
3614,-1.36311189680578,0,0,1,0,1,1,0,0,0,1,0,0,0,0,0
3615,-1.40671784320664,0,0,1,0,0,0,1,0,0,1,0,0,0,0,0
3616,-0.751060619118517,0,0,1,0,1,0,1,0,1,1,1,0,0,1,0
3617,1.58809819659211,1,0,1,0,1,0,1,1,1,1,1,1,0,1,1
3618,0.917201160035602,0,0,1,0,1,0,1,1,1,1,0,1,0,1,1
3619,-1.27215824388429,0,0,1,0,0,0,1,0,0,1,1,0,0,0,0
3620,-0.961101520265538,0,0,1,0,1,0,1,0,0,1,1,0,0,0,0
3621,-1.44979882744297,0,0,1,0,1,0,0,0,0,0,1,0,0,0,0
3622,-0.0670752883520228,1,0,1,0,1,0,1,0,1,1,0,0,1,0,1
3623,-0.0226591384116574,0,0,1,0,1,0,1,0,1,1,1,0,0,0,0
3624,0.432144785010223,1,0,1,0,1,1,1,0,1,1,0,0,0,0,1
3625,-0.863594307222629,1,0,1,0,0,0,1,0,0,1,1,0,0,1,0
3626,-0.850094064921403,1,0,1,0,1,1,1,0,0,0,1,0,0,0,0
3627,1.23802322044209,1,0,1,0,1,0,1,1,0,1,0,1,1,0,1
3628,0.76988323832801,0,0,1,0,1,0,1,0,1,1,0,1,0,0,0
3629,0.064653902836667,1,0,1,0,1,0,1,0,1,1,1,0,0,0,1
3630,1.3527866970516,0,0,1,1,1,0,1,1,1,1,0,1,0,1,1
3631,-1.18272099584035,1,0,1,0,1,0,1,0,0,0,1,0,0,0,0
3632,-0.470922299727719,0,0,1,0,1,0,1,0,1,1,0,0,0,0,0
3633,1.40595033701538,0,0,1,0,1,1,1,1,1,1,1,1,1,0,1
3634,-0.358145257311262,0,0,1,0,1,0,1,0,0,1,1,0,0,0,0
3635,1.20654912234023,0,0,1,0,1,0,1,1,1,1,1,1,0,1,1
3636,0.824936387690695,0,0,1,0,1,1,1,1,1,1,1,0,0,0,1
3637,-0.839985280709737,1,0,1,0,1,0,1,0,0,1,0,0,0,0,0
3638,-1.03860201925062,1,0,1,0,1,0,1,0,0,1,0,0,0,0,0
3639,-0.201042928201124,1,0,1,0,1,0,1,0,0,1,1,0,0,0,1
3640,0.386999333135492,0,0,1,0,1,0,1,0,1,1,0,0,0,1,1
3641,-0.633645347379293,0,0,1,0,1,0,1,0,0,1,0,0,0,0,0
3642,0.335502962633805,1,0,1,0,1,0,1,0,0,1,1,0,1,0,1
3643,-0.637478703206269,1,0,1,0,0,1,1,0,1,0,0,0,0,0,0
3644,1.03054300859378,0,0,1,0,1,0,1,1,1,1,1,1,1,0,1
3645,-1.35776942294695,1,0,1,0,1,0,1,0,0,1,0,0,0,0,0
3646,-0.948853589091628,0,0,1,0,1,0,1,0,0,0,1,0,0,0,0
3647,-1.74830427857699,0,0,1,0,1,0,1,0,0,0,0,0,0,0,0
3648,-0.901026055367548,1,0,1,0,1,0,1,0,0,1,0,0,0,0,0
3649,-0.0685963220620446,1,0,1,0,1,0,1,0,0,1,0,0,0,0,1
3650,-0.0598924155447306,1,0,1,0,1,1,1,0,1,1,1,0,0,0,1
3651,0.362688557276971,1,0,1,0,1,1,1,0,1,1,1,1,0,0,1
3652,0.17449372009729,0,0,1,0,1,0,1,1,1,1,1,0,0,0,1
3653,0.11638817261829,1,0,1,0,1,0,1,0,1,1,1,0,0,0,0
3654,-2.78895982034279,0,0,0,0,0,0,0,0,0,0,0,0,0,1,0
3655,0.309463184433615,1,0,1,0,1,0,1,1,1,1,1,0,0,0,1
3656,2.28981966291223,1,1,1,1,1,1,1,1,1,1,1,1,1,1,1
3657,0.953680982277583,0,0,1,1,1,0,1,1,1,1,0,1,0,1,1
3658,-0.176079720795662,1,0,1,0,1,0,1,0,0,1,1,0,0,0,1
3659,-0.297572749070976,1,0,1,0,1,0,1,0,0,1,1,0,0,1,1
3660,2.40848868420448,0,1,1,1,1,1,1,1,1,1,1,1,1,1,1
3661,-0.273606507547438,1,0,1,0,1,0,1,0,0,1,1,0,1,0,0
3662,-0.470559094362554,1,0,1,0,1,1,1,0,1,1,1,0,0,0,0
3663,-0.843418131799427,0,0,1,0,1,0,1,0,1,1,1,0,0,0,0
3664,0.929592852840308,1,0,1,0,1,0,1,1,1,1,1,1,1,1,0
3665,1.51321804430334,1,0,1,1,1,0,1,1,1,1,1,1,1,1,1
3666,-1.13192524412743,0,0,1,0,1,0,1,0,0,1,0,0,0,0,1
3667,0.470878380131185,1,0,1,0,1,0,1,1,0,1,1,0,0,0,1
3668,0.907875972810641,0,0,1,0,1,0,1,1,1,1,1,1,0,0,1
3669,0.0374864287008994,0,0,1,0,1,0,1,0,1,1,1,0,0,0,0
3670,-0.452422101698566,1,0,1,0,1,0,1,0,1,1,1,0,0,1,1
3671,0.27368306063769,0,0,1,0,1,0,1,0,0,1,1,0,0,0,0
3672,0.164687622240026,1,0,1,0,1,0,1,0,0,1,1,0,0,0,1
3673,1.92986177307481,1,0,1,1,1,0,1,1,1,1,1,1,1,0,1
3674,0.15098707156277,1,0,1,0,1,0,1,1,0,1,0,0,0,1,1
3675,-1.17225378200749,0,0,1,0,1,0,1,0,0,0,1,0,0,0,0
3676,-0.409724939691605,0,0,1,0,1,0,1,0,0,1,1,0,0,0,0
3677,1.38542465454184,0,0,1,1,1,1,1,1,1,1,1,1,0,1,1
3678,-0.0582376599502602,1,0,1,0,1,1,1,0,1,1,0,0,0,0,0
3679,0.296934541201027,0,0,1,0,1,0,1,0,0,1,1,1,0,0,1
3680,-0.34819809919641,1,0,1,0,1,1,1,0,1,0,1,0,0,0,0
3681,0.24184955522353,1,0,1,1,1,0,1,0,1,1,1,0,0,0,1
3682,-1.18930491536803,0,0,1,0,1,0,1,0,0,0,0,0,0,0,0
3683,0.867067268191841,0,0,1,0,1,0,1,1,0,1,0,0,1,1,1
3684,-0.691860524562485,1,0,1,0,1,1,1,0,1,1,1,0,0,0,1
3685,0.115521776188986,1,0,1,0,1,0,1,1,0,1,1,0,0,1,1
3686,1.40605528099535,1,0,1,0,1,0,1,0,0,1,1,1,0,1,1
3687,0.810189031995657,1,0,1,0,1,1,1,0,0,1,1,1,0,1,1
3688,-2.16729354797561,1,0,1,0,0,0,0,0,0,0,0,0,0,0,0
3689,-1.05270144309584,0,0,1,0,1,0,1,0,0,0,0,0,0,0,0
3690,0.509829984739161,1,0,1,0,1,1,1,0,0,1,1,1,0,0,1
3691,1.81456726497577,1,0,1,1,1,0,1,1,1,1,1,1,0,1,1
3692,-0.623698391743103,0,0,1,0,1,0,1,0,0,1,0,0,0,0,0
3693,0.784877902424837,0,0,1,0,1,0,1,1,1,1,1,1,0,0,1
3694,1.1232599759646,1,0,1,0,1,1,1,1,1,1,1,1,0,1,1
3695,2.79051847300217,0,1,1,1,1,1,1,1,1,1,1,1,1,1,1
3696,0.124365791257219,1,1,1,0,1,1,1,1,1,1,0,0,0,0,0
3697,-0.686401410602701,1,0,1,0,1,0,1,0,1,1,1,0,0,0,0
3698,-0.562608933013734,0,0,1,0,1,1,1,0,0,1,1,0,0,0,0
3699,0.050450500173941,1,0,1,0,1,0,1,0,1,1,1,1,0,0,1
3700,1.40593829131966,1,0,1,0,1,0,1,1,1,1,1,1,0,1,1
3701,0.703008605044036,0,1,1,0,1,0,1,1,1,1,1,1,1,0,1
3702,-1.33401898248935,1,0,1,0,1,0,1,0,0,1,0,0,0,0,0
3703,0.719737006733533,0,0,1,0,1,0,1,0,1,1,0,0,0,1,0
3704,0.706443453494474,0,0,1,0,1,1,1,1,1,1,1,1,0,0,1
3705,-0.284883477359422,0,0,1,0,1,0,1,0,1,1,1,0,0,0,0
3706,1.05612219709086,1,0,1,0,1,1,1,1,0,1,1,0,1,0,1
3707,0.61538028726048,0,0,1,0,1,0,1,1,0,1,0,1,1,1,1
3708,-1.42941438909693,1,0,1,0,1,0,1,0,0,0,1,0,0,0,0
3709,0.0531713973785017,1,0,1,0,1,0,1,0,1,1,1,0,0,1,1
3710,0.14580324082099,0,0,1,0,1,0,1,0,1,1,1,0,0,0,1
3711,-1.39808098315552,0,0,0,0,1,0,0,0,1,1,1,0,0,0,0
3712,1.51143179737714,0,0,1,1,1,0,1,1,1,1,1,1,0,0,1
3713,0.21677687832907,1,0,1,0,1,0,1,0,1,1,0,0,0,1,1
3714,-0.143673594170489,0,0,1,0,1,0,1,1,1,1,1,0,0,1,1
3715,2.06777254898014,0,1,1,0,1,0,1,1,1,1,1,1,0,1,1
3716,-1.29728146842318,1,0,1,0,0,0,1,0,0,1,1,0,0,0,0
3717,0.0135525001864564,1,0,1,0,1,1,1,0,1,1,0,0,0,0,1
3718,-1.29181758864785,0,0,1,0,0,0,1,0,0,1,1,0,0,0,0
3719,0.299298189912467,1,0,1,0,1,0,1,1,0,1,0,0,0,0,1
3720,1.32852298593302,1,0,1,1,1,1,1,1,0,1,1,1,0,1,1
3721,1.19559609560789,1,0,1,1,1,0,1,1,0,1,1,0,1,1,1
3722,1.54032565976714,1,0,1,1,1,0,1,1,1,1,1,0,0,1,1
3723,1.44161665056525,1,0,1,0,1,0,1,1,0,1,1,1,1,0,1
3724,-0.103384600839774,0,0,1,0,1,0,1,0,0,1,1,0,0,1,0
3725,0.802253871854822,0,0,1,0,1,1,1,0,1,1,1,0,0,0,1
3726,-0.0486517980188508,1,0,1,0,1,0,1,0,0,1,1,0,0,0,0
3727,-1.62122920154381,1,0,1,0,1,0,0,0,0,1,1,0,0,0,0
3728,-0.400682708875375,0,0,1,0,1,1,1,0,0,1,0,0,1,0,0
3729,-0.131679134158013,0,0,1,0,1,0,1,0,1,1,1,0,0,0,1
3730,0.75693755125009,1,0,1,0,1,0,1,1,1,1,1,1,0,1,1
3731,0.357761119333988,1,0,1,0,1,1,1,0,1,1,1,1,0,0,1
3732,0.17981592004227,0,0,1,0,1,0,1,0,0,1,1,0,0,0,1
3733,-0.692583855911888,0,0,1,0,1,0,1,0,0,1,0,0,0,0,0
3734,0.949815587149821,1,0,1,0,1,0,1,1,0,1,1,0,0,0,1
3735,2.13676262617502,1,1,1,0,1,1,1,1,0,1,1,1,0,1,1
3736,1.09319088125957,1,0,1,0,1,0,1,0,1,1,1,0,0,0,1
3737,-0.37747119626382,1,0,1,0,1,0,1,0,1,1,0,0,0,0,0
3738,0.244238942608639,1,0,1,0,1,0,1,0,0,1,0,0,0,1,1
3739,1.80049902560243,0,1,1,1,1,0,1,1,1,1,1,1,0,1,1
3740,-0.230148624968126,1,1,1,0,1,0,1,0,1,1,1,1,0,0,0
3741,-0.205949927035778,1,0,1,0,1,0,1,0,0,1,0,0,0,1,0
3742,0.208969415187589,0,0,1,0,1,0,1,0,0,1,0,0,0,0,1
3743,0.407123791933787,0,0,1,0,1,0,1,1,1,1,1,0,0,1,1
3744,-0.0827204414668726,0,0,1,0,1,0,1,0,0,1,1,0,0,1,0
3745,1.15432596334265,0,0,1,1,1,0,1,1,1,1,1,1,0,0,1
3746,-0.565174039107601,0,0,1,0,1,0,1,0,0,1,0,0,0,0,0
3747,0.166461164154636,1,0,1,0,1,1,1,0,0,1,1,0,0,0,1
3748,0.643064318436445,1,0,1,0,1,0,1,1,1,1,1,0,0,0,1
3749,1.18849835932095,1,0,1,0,1,0,1,0,0,1,1,0,0,0,0
3750,0.440136268998603,1,0,1,0,1,0,1,1,1,1,1,0,0,0,1
3751,0.14830900820095,0,0,1,0,1,1,1,0,1,1,1,0,0,1,1
3752,0.79489969454256,1,0,1,0,1,0,1,1,1,1,1,0,0,1,1
3753,-0.651426252191527,0,0,1,0,1,0,1,0,1,1,1,0,0,0,0
3754,-0.0738038026816585,1,0,1,0,1,0,1,0,0,1,0,0,0,1,1
3755,1.17403978894942,1,0,1,0,1,1,1,1,0,1,1,0,0,0,1
3756,-2.28489038057284,0,0,1,0,0,0,1,0,0,0,0,0,0,0,0
3757,-1.00731929727688,1,0,1,0,1,0,1,0,0,1,1,0,0,0,0
3758,-1.62834593614725,0,0,1,0,1,0,1,0,0,0,1,0,0,0,0
3759,0.490830680840913,0,0,1,0,1,0,1,0,1,1,1,0,1,0,1
3760,-0.989892639624982,1,0,1,0,1,1,1,0,0,1,1,0,0,0,0
3761,-1.5066752418051,1,0,1,0,1,0,0,0,1,1,1,0,0,0,0
3762,1.10783880393342,1,0,1,0,1,0,1,1,1,1,1,1,0,0,1
3763,0.100804049078164,1,0,1,0,1,0,1,0,1,1,1,0,0,1,1
3764,-0.124576213057623,0,0,1,0,1,1,1,1,0,1,1,0,0,0,1
3765,0.216957596397462,0,0,1,0,1,1,1,0,0,1,1,0,0,0,1
3766,-0.306766649095324,1,0,1,0,1,0,1,0,0,1,0,0,0,1,1
3767,0.141022366827419,0,0,1,0,1,0,1,0,0,1,1,0,0,1,0
3768,0.299292873280891,1,0,1,0,1,0,1,1,1,1,1,0,0,1,0
3769,0.11982172454554,0,0,1,0,1,1,1,0,1,1,1,0,0,0,1
3770,-1.42331680126589,1,0,1,0,1,1,1,0,0,0,0,0,0,1,0
3771,1.81118114496995,0,0,1,1,1,0,1,1,1,1,1,1,1,1,1
3772,-0.279939254447586,1,0,1,0,1,1,1,0,1,1,1,0,0,0,1
3773,0.483869055673616,1,0,1,0,1,0,1,1,1,1,1,0,0,1,1
3774,2.20032598503804,0,0,1,1,1,1,1,1,0,1,1,1,0,1,1
3775,1.14231195780721,0,0,1,0,1,1,1,1,1,1,1,1,0,1,1
3776,0.134901365950829,0,0,1,0,1,1,1,1,1,1,1,0,0,0,1
3777,-1.19955602436029,1,0,1,0,1,1,1,0,0,1,1,0,0,1,1
3778,-0.355100579928532,1,0,1,0,1,0,1,0,1,1,0,0,0,1,1
3779,-0.546337222388855,0,0,1,0,1,0,1,0,0,1,1,0,0,0,0
3780,0.0796421794612762,0,0,1,0,1,0,1,0,0,1,1,0,0,0,1
3781,0.343121931203648,1,0,1,0,1,1,1,0,1,1,0,0,0,1,1
3782,0.792816286752384,1,0,1,0,1,0,1,1,1,1,1,0,0,0,1
3783,-0.225146773275936,1,0,1,0,1,0,1,0,1,0,1,0,0,0,0
3784,0.0576650081243492,1,0,1,0,1,1,1,1,0,1,0,0,0,1,0
3785,-0.680062813372477,1,0,1,0,1,1,1,0,0,1,0,0,0,0,0
3786,-0.632064680417093,1,0,1,0,1,1,1,0,0,1,1,0,0,0,0
3787,0.331183518780072,1,0,1,0,1,0,1,1,0,1,0,0,0,0,1
3788,0.235091010898452,1,0,1,0,1,0,1,0,1,1,1,0,0,0,1
3789,0.227730824068317,1,0,1,0,1,0,1,1,0,1,1,0,0,1,1
3790,0.0623748871623746,0,0,1,0,1,1,1,0,0,1,1,0,0,0,1
3791,0.352352120004188,1,0,1,0,1,0,1,1,1,1,1,0,0,1,1
3792,0.0486199327659543,1,0,1,0,1,0,1,1,0,1,1,0,1,0,1
3793,1.13207338116152,1,0,1,0,1,1,1,1,1,1,1,1,0,1,1
3794,-0.756993075553208,0,0,1,0,1,0,1,0,0,1,0,0,0,0,1
3795,0.726723932597946,1,0,1,0,1,0,1,1,0,1,1,0,0,0,1
3796,-1.07363243393032,1,0,1,0,1,0,1,0,0,1,0,0,0,1,0
3797,0.420859597042982,1,0,1,1,1,0,1,0,0,1,1,0,0,0,1
3798,0.754801839924488,1,0,1,0,1,0,1,1,1,1,1,0,0,0,1
3799,-0.00390143165425825,1,0,1,0,1,1,1,0,1,1,1,0,1,0,1
3800,-0.439855638379109,0,0,1,0,1,0,1,0,0,1,1,0,0,0,1
3801,-0.082144760975366,0,0,1,0,1,1,1,1,1,1,1,0,0,0,0
3802,0.134611883050687,1,0,1,0,1,1,1,0,1,1,1,0,0,0,1
3803,-0.232315951340307,0,0,1,0,1,0,1,0,0,1,1,1,0,0,1
3804,-0.473336541404544,1,0,1,0,1,0,1,0,1,1,0,0,0,0,0
3805,-1.60179166432062,1,0,0,0,1,0,1,0,0,1,0,0,0,0,0
3806,1.29717786409868,1,0,1,0,1,0,1,1,1,1,1,1,0,0,1
3807,-0.467407550599551,0,0,1,0,1,0,1,0,0,1,1,0,0,0,1
3808,0.642614168513517,1,0,1,0,1,0,1,0,1,1,1,0,0,1,1
3809,-0.177383110725196,1,0,1,0,1,0,1,0,1,1,0,0,0,1,1
3810,-1.69200987945211,1,0,1,0,1,0,1,0,0,1,0,0,0,0,0
3811,0.460600320917826,0,0,1,0,1,0,1,0,1,1,1,0,0,1,1
3812,0.101668224922472,1,0,1,0,1,0,1,0,0,1,1,0,0,0,0
3813,0.801805437168522,1,0,1,0,1,0,1,1,1,1,1,0,0,0,1
3814,0.0119598426924686,1,0,1,0,1,0,1,0,1,1,0,0,0,1,1
3815,0.201673377945881,1,0,1,0,1,0,1,0,0,1,1,1,0,1,0
3816,0.932801065233468,1,0,1,0,1,0,1,1,1,1,1,1,0,1,1
3817,-0.67181327427823,0,0,1,0,1,0,1,0,0,1,0,0,0,0,0
3818,-0.446911908466206,1,0,1,0,1,0,1,0,0,1,0,0,0,0,0
3819,-1.0477657656625,0,0,1,0,1,0,1,0,0,1,1,0,0,0,1
3820,-0.358407088727036,1,0,1,0,1,0,1,0,0,1,1,0,0,0,1
3821,-0.972176492803975,0,0,1,0,1,0,1,0,0,1,1,0,0,0,0
3822,-0.76803262549529,0,0,1,0,1,0,1,0,0,1,1,0,0,0,0
3823,-0.486960193489701,0,0,1,0,1,1,1,0,0,1,1,0,0,0,1
3824,0.866225544948698,1,0,1,0,1,0,1,0,1,1,1,0,1,0,1
3825,-1.21952476611404,1,0,1,0,0,0,1,0,0,0,1,0,0,0,0
3826,0.47264529019407,0,0,1,0,1,0,1,1,1,1,1,0,0,0,1
3827,-0.751207503599834,1,0,1,0,1,0,1,0,0,0,0,0,0,0,0
3828,0.559944904308376,1,0,1,0,1,0,1,1,1,1,1,1,0,0,0
3829,0.208425586002087,1,0,1,0,1,0,1,0,1,1,1,0,0,0,1
3830,-0.190078635295316,1,0,1,0,1,1,1,0,0,1,0,0,0,0,0
3831,-0.227311879107619,0,0,1,0,1,0,1,0,0,1,1,0,0,0,0
3832,1.55698342480253,1,0,1,0,1,1,1,1,0,1,1,1,1,0,1
3833,0.880755797151823,1,0,1,0,1,0,1,1,1,1,1,1,0,1,1
3834,-0.803660784804258,1,0,1,0,1,1,1,0,0,1,1,1,0,1,0
3835,1.27864679816373,0,0,1,0,1,1,1,0,1,1,1,1,0,0,1
3836,-1.387020724602,1,0,1,0,1,0,1,0,0,0,1,0,0,1,0
3837,1.66111655821386,1,0,1,1,1,1,1,1,1,1,1,1,1,1,1
3838,1.01781069060375,1,0,1,0,1,0,1,1,1,1,1,0,0,1,1
3839,0.270980028592006,1,0,1,0,1,1,1,0,1,1,1,0,0,0,1
3840,-0.477911509419709,1,0,1,0,1,0,1,0,0,1,1,0,0,0,1
3841,-1.23409447330952,1,0,1,0,1,0,0,0,1,0,1,0,0,0,0
3842,-0.546850820263061,1,0,1,0,1,0,1,0,0,1,0,0,0,1,1
3843,-0.369395897840722,1,0,1,0,1,0,1,0,0,1,0,0,0,0,1
3844,-0.940723988547087,0,0,1,0,1,0,1,0,0,1,1,0,0,0,1
3845,-0.107920454302628,0,0,1,0,1,0,1,0,1,1,1,0,0,1,1
3846,1.48861374130957,0,0,1,1,1,1,1,1,1,1,0,1,0,0,1
3847,-1.11789490867271,0,0,1,0,1,0,1,0,0,0,0,0,0,0,1
3848,-0.246395460123873,0,0,1,0,1,0,1,0,0,1,0,0,0,1,0
3849,-1.9694309303087,1,0,1,0,0,0,0,0,0,0,0,0,0,0,0
3850,1.04397142063672,1,0,1,1,1,0,1,1,1,1,1,0,1,0,1
3851,0.632016709519804,1,0,1,0,1,1,1,1,1,1,1,0,0,0,1
3852,-1.68316489983693,0,0,1,0,1,0,1,0,0,1,1,0,0,0,0
3853,-0.384171662028938,0,0,1,0,1,0,0,0,0,1,0,0,0,0,1
3854,0.556439575362963,1,0,1,0,1,0,1,0,1,1,1,0,0,0,1
3855,0.511767441222008,1,0,1,0,1,1,1,1,1,1,0,0,0,0,1
3856,-1.71349102075762,1,0,1,0,0,0,1,0,0,0,0,0,0,0,0
3857,-0.832783270833808,1,0,1,0,1,0,1,0,0,0,1,0,0,1,0
3858,-1.20461750050416,0,0,1,0,1,0,1,0,1,0,1,0,0,0,0
3859,-1.77503066429744,0,0,1,0,1,1,1,0,0,0,1,0,0,0,0
3860,-1.06931260124871,1,0,1,0,1,0,1,0,0,1,1,0,0,0,0
3861,-0.3929248771471,0,0,1,0,1,0,1,0,0,1,1,1,0,0,1
3862,-1.45599535976533,1,0,1,0,0,0,1,0,0,0,0,0,0,0,0
3863,-0.115600664169232,1,0,1,0,1,0,1,0,1,1,1,0,0,0,1
3864,-0.523083597624351,0,0,1,0,1,0,1,0,0,1,0,0,0,1,1
3865,1.20081630498814,1,0,1,0,1,0,1,1,1,1,1,0,0,0,1
3866,0.795633809494002,1,0,1,1,1,0,1,1,1,1,0,0,0,1,1
3867,-1.10691544989607,1,0,1,0,1,0,1,0,0,0,1,0,0,0,0
3868,0.287764011693321,0,0,1,0,1,0,1,0,0,1,0,0,1,0,1
3869,0.699665180832777,1,0,1,0,1,0,1,1,1,1,1,0,0,1,1
3870,-0.361649916082655,0,0,1,0,1,0,1,0,0,1,1,0,0,1,1
3871,1.63761717734846,1,1,1,0,1,0,1,1,1,1,1,1,1,1,1
3872,0.713035954585959,0,0,1,0,1,1,1,0,1,1,1,1,0,1,1
3873,-0.33348089276876,1,0,1,0,1,0,1,0,1,0,1,0,0,0,0
3874,0.807906074288728,1,0,1,0,1,1,1,1,0,1,1,0,0,0,1
3875,-0.689857449511049,1,0,1,0,1,0,1,0,1,1,1,0,0,0,1
3876,-1.11843092071606,0,0,1,0,1,0,1,0,1,1,1,0,0,0,0
3877,0.814031838605476,1,0,1,0,1,1,1,0,1,1,1,1,0,1,1
3878,0.729902723450323,0,0,1,1,1,0,1,0,1,1,1,1,0,1,0
3879,0.519568597046692,1,0,1,0,1,1,1,1,0,1,1,0,0,0,1
3880,-2.39545636084321,0,0,0,0,0,0,0,0,0,0,0,0,0,0,0
3881,-1.70163601275789,0,0,1,0,1,0,1,0,0,0,0,0,0,0,0
3882,-0.0746250368662592,0,0,1,0,1,1,1,0,0,1,1,0,0,1,0
3883,1.07039007243277,1,0,1,0,1,1,1,1,1,1,1,0,1,1,1
3884,-0.167199793906944,1,0,1,0,1,0,1,0,0,1,1,0,0,0,0
3885,2.1943236646799,1,0,1,1,1,0,1,1,1,1,1,1,1,1,1
3886,-0.380732940050006,1,0,1,0,1,0,1,0,0,1,0,0,0,1,0
3887,-0.151024384203851,0,0,1,0,1,0,1,0,0,1,1,0,0,0,0
3888,1.10254527045148,1,0,1,0,1,0,1,0,1,1,1,1,0,0,1
3889,-0.239715031061498,1,0,1,0,1,0,1,0,1,1,0,0,0,0,0
3890,-2.23388120641408,0,0,1,0,1,0,0,0,0,0,0,0,0,1,0
3891,0.881714516940781,1,1,1,0,1,0,1,1,0,1,0,0,0,1,1
3892,0.730805819002215,1,0,1,0,1,0,1,1,1,1,1,1,0,0,1
3893,0.631566250406547,0,0,1,0,1,0,1,0,1,1,0,0,0,1,1
3894,-0.912218591119488,0,0,1,0,1,0,1,0,1,1,1,0,0,1,0
3895,-0.72242949369227,0,0,1,0,1,0,1,0,0,1,0,0,0,0,0
3896,1.18914833011592,0,0,1,0,1,0,1,1,1,1,1,0,1,0,1
3897,1.37460295919284,1,0,1,0,1,0,1,1,0,1,1,0,1,0,1
3898,0.562353487925882,0,0,1,0,1,0,1,1,1,1,1,0,0,1,1
3899,-0.198592476844347,1,0,1,0,1,1,1,0,0,1,1,0,0,0,1
3900,1.66703514805855,1,0,1,0,1,0,1,1,1,1,0,1,1,0,1
3901,-0.612181959587377,1,0,1,0,1,1,1,0,1,1,1,0,0,0,0
3902,0.65688038111562,1,0,1,0,1,0,1,1,0,1,1,1,0,1,1
3903,-0.395580837403437,1,0,1,0,1,0,1,0,0,1,1,0,0,0,0
3904,-1.93123665076433,1,0,1,0,0,0,0,0,0,0,0,0,0,0,0
3905,0.584643618263128,1,0,1,0,1,0,1,1,1,1,1,0,1,1,1
3906,0.243822354894102,1,0,1,0,1,0,1,1,0,1,0,0,0,0,1
3907,-0.097281188615549,1,0,1,0,1,0,1,0,0,1,0,0,0,0,1
3908,-1.50365248793427,0,0,1,0,0,0,1,0,0,0,1,0,1,0,0
3909,-1.66080585327599,0,0,1,0,0,0,1,0,0,0,0,0,0,1,0
3910,-1.05718567695345,0,0,1,0,1,1,1,0,0,1,0,0,0,0,0
3911,-0.292891805496832,0,0,1,0,1,0,1,0,1,1,1,0,0,1,0
3912,1.63050442947405,1,0,1,1,1,1,1,1,1,1,1,1,0,0,1
3913,-1.43588808672812,1,0,1,0,1,0,1,0,0,0,1,0,0,0,0
3914,-0.122689235827523,0,0,1,0,1,1,0,0,0,1,1,0,0,0,0
3915,1.84082323826426,1,0,1,0,1,1,1,1,0,1,1,1,0,0,1
3916,0.320400569115074,1,0,1,0,1,0,1,0,0,1,1,0,0,0,0
3917,-0.580638935878075,1,0,1,0,1,0,1,0,0,1,1,0,0,0,1
3918,-0.313693287540216,1,0,1,0,1,0,1,0,0,1,1,0,0,0,0
3919,0.325955187401907,1,0,1,0,1,0,1,1,1,1,0,0,0,0,0
3920,0.885138977549127,1,0,1,0,1,0,1,1,1,1,1,0,0,0,1
3921,-0.282162691625416,1,0,1,0,1,0,1,1,0,1,0,0,0,0,1
3922,-0.241517964474121,0,0,1,0,1,0,1,0,0,1,0,0,0,1,0
3923,-0.26521731017713,0,0,1,0,1,0,1,0,1,1,0,0,0,0,0
3924,-0.340250360007594,1,0,1,0,1,0,1,0,0,1,1,0,0,0,1
3925,0.537651781144984,1,0,1,0,1,0,1,1,1,1,1,1,0,0,0
3926,-2.20120699335998,0,0,1,0,0,0,0,0,0,0,0,0,0,0,0
3927,0.412287753831341,1,0,1,0,1,1,1,0,1,1,1,1,0,0,0
3928,1.21543168869942,0,0,1,0,1,1,1,1,1,1,1,1,1,0,1
3929,-0.211522181857778,1,0,1,0,1,0,1,0,1,1,1,0,0,0,1
3930,-2.26044511427781,1,0,0,0,0,0,0,0,0,0,0,0,0,0,0
3931,-1.72689289312131,1,0,1,0,1,0,0,0,0,0,1,0,0,1,0
3932,-0.939158027284993,0,0,1,0,1,1,1,0,1,1,0,0,0,0,0
3933,1.09475114871213,1,0,1,0,1,0,1,1,1,1,1,1,1,0,1
3934,0.0899982219682515,1,0,1,0,1,0,1,0,0,1,1,0,0,0,0
3935,-0.132007077434966,1,0,1,0,1,1,1,0,0,1,1,0,0,1,1
3936,-1.65965142624301,0,0,1,0,0,0,1,0,0,0,0,0,0,0,0
3937,-0.290352167524525,1,0,1,0,1,0,1,0,0,1,1,0,0,0,1
3938,0.584257967586203,1,0,1,0,1,0,1,1,1,1,1,0,0,1,1
3939,-1.3745142011362,1,0,1,0,1,0,1,0,0,1,0,0,0,0,0
3940,0.671546210475082,1,0,1,0,1,0,1,1,1,1,0,1,0,1,1
3941,0.660646164684886,0,0,1,0,1,1,1,0,1,1,1,0,1,0,1
3942,-0.466570668488289,1,0,1,0,1,0,1,0,0,1,1,0,0,0,1
3943,-0.483469265668462,1,0,1,0,1,0,1,0,0,1,1,0,0,0,0
3944,-1.81287617821945,1,0,1,0,0,0,0,0,0,0,1,0,0,0,0
3945,-2.11305291450299,1,0,0,0,0,0,0,0,0,1,0,0,0,0,0
3946,-0.698567196307138,1,0,1,0,1,0,1,0,1,1,0,0,0,0,0
3947,-0.0199860909039819,1,0,1,0,1,0,1,0,0,1,1,0,0,0,1
3948,-0.608806450583838,1,0,1,0,1,0,1,0,0,1,0,0,0,0,0
3949,-0.24710081182524,0,0,1,0,1,0,1,0,1,1,1,0,0,1,0
3950,-0.998080972552984,0,0,1,0,1,0,1,0,0,0,0,0,0,0,0
3951,-0.51102425194878,1,0,1,0,0,0,1,0,1,1,1,0,0,1,0
3952,1.26171094743421,1,0,1,0,1,1,1,1,1,1,1,1,0,1,1
3953,0.0662911781914288,0,0,1,0,1,1,1,0,1,1,1,0,0,1,0
3954,-0.623484153814528,0,0,1,0,1,0,1,0,0,1,0,0,0,1,1
3955,-0.183196750542769,1,0,1,0,1,1,1,0,1,1,1,0,0,1,1
3956,-1.07342760935541,0,0,1,0,1,1,1,0,0,0,0,0,0,0,0
3957,-0.431910473887682,1,0,1,0,1,0,1,0,0,1,1,1,0,0,0
3958,0.409989320458654,1,0,1,0,1,1,1,0,0,1,1,0,0,1,1
3959,-0.839936262598158,0,0,1,0,1,0,1,0,0,1,0,0,0,0,0
3960,-0.666324479949951,1,0,1,0,1,0,1,0,0,1,0,0,0,0,0
3961,1.90462431692128,0,0,1,0,1,0,1,1,1,1,0,1,1,1,1
3962,-0.510106142730887,0,0,1,0,1,0,1,0,0,1,1,0,0,0,0
3963,-0.0953471387056468,1,0,1,1,1,0,1,1,1,1,0,1,0,1,1
3964,-0.361992229437161,0,0,1,0,1,1,1,0,0,1,1,0,0,0,0
3965,-0.216701708551133,1,0,1,0,1,0,1,1,0,1,1,0,0,0,0
3966,-0.749715358329859,0,0,1,0,1,1,1,0,1,1,1,0,0,0,0
3967,-1.214995077121,0,0,1,0,1,0,1,0,1,0,1,0,0,0,0
3968,-0.19062549881212,1,0,1,0,1,0,1,0,1,1,1,0,0,1,0
3969,-0.16377793392157,1,0,1,0,1,0,1,1,0,1,0,0,0,0,1
3970,1.49058562017367,0,0,1,0,1,1,1,1,1,1,1,1,1,0,1
3971,0.0954258572242449,1,0,1,0,1,1,1,0,1,1,1,0,0,1,1
3972,0.873830751639239,1,0,1,0,1,0,1,1,1,1,0,0,0,0,1
3973,-2.43470381443918,0,0,0,0,0,0,0,0,0,0,0,0,0,0,0
3974,-1.8515027463435,1,0,1,0,1,0,0,0,0,0,0,0,0,0,0
3975,1.52040371336918,1,0,1,1,1,1,1,0,1,1,1,1,1,0,1
3976,-0.26838014670822,1,0,1,0,1,0,1,0,1,1,1,0,0,0,1
3977,-0.598875632543047,0,0,1,0,1,1,1,0,0,0,0,0,0,0,1
3978,-0.128986614225695,1,0,1,0,1,0,1,0,0,1,1,0,0,0,1
3979,1.33991659660666,1,0,1,0,1,1,1,1,1,1,1,1,1,1,1
3980,-0.338768942126275,0,0,1,0,1,0,1,1,0,1,0,0,0,1,0
3981,0.369619134524661,0,0,1,1,1,1,1,0,1,1,1,0,0,0,0
3982,-0.6540355441397,1,0,1,0,1,0,1,0,0,1,1,0,0,1,0
3983,-0.272926895545569,1,0,1,0,1,0,1,0,0,1,1,0,0,0,1
3984,-1.42333083398468,0,0,1,0,0,0,1,0,0,0,1,0,0,0,0
3985,-2.77520829035083,0,0,1,0,0,0,0,0,0,0,0,0,0,0,0
3986,-0.761168049348167,1,0,1,0,1,0,1,0,0,1,1,0,0,1,0
3987,-0.703109337782183,0,0,1,0,1,0,1,0,0,1,1,0,0,0,0
3988,0.090366139041058,0,0,1,0,1,0,1,0,1,1,0,0,0,0,0
3989,-1.39409116796136,1,0,1,0,1,0,0,0,0,1,1,0,0,1,0
3990,0.779646387014812,0,0,1,1,1,1,1,1,1,1,1,1,0,0,1
3991,0.769925737448176,0,0,1,0,1,1,1,1,1,1,1,0,0,0,1
3992,-0.297872609350268,1,0,1,0,1,1,1,0,0,1,0,0,0,0,1
3993,-0.303629336840879,0,0,1,0,1,0,1,0,0,1,1,0,0,0,1
3994,-0.168763313236991,0,0,1,0,1,1,1,1,0,1,0,1,0,0,1
3995,-0.103749911859833,0,0,1,0,1,0,1,0,1,1,1,0,0,0,0
3996,-0.662443896626748,1,0,1,0,1,0,1,0,0,1,0,0,0,1,0
3997,-0.893405289643194,0,0,1,0,1,0,1,0,0,1,0,0,0,0,0
3998,-0.640413494391082,0,0,1,0,1,0,1,0,0,1,1,0,0,1,0
3999,0.11046622685052,1,0,1,0,1,0,1,0,1,1,1,0,0,0,1
4000,-0.397731406445297,1,0,1,0,1,0,1,0,1,1,0,0,0,0,0
4001,0.256350851322075,1,0,1,0,1,0,1,0,0,1,0,0,0,0,1
4002,-1.59819157376592,1,0,1,0,1,0,1,0,1,0,1,0,0,0,0
4003,0.679145518388181,0,0,1,0,1,0,1,1,1,1,1,0,0,0,1
4004,0.31659606593087,0,0,1,0,1,0,1,1,1,1,1,0,0,0,1
4005,0.850452453409657,0,0,1,0,1,0,1,1,0,1,1,1,0,1,1
4006,-0.666057277901745,1,0,1,0,1,0,1,0,0,0,0,0,0,0,0
4007,-0.119789680879149,0,0,1,0,1,0,1,0,1,1,1,0,0,0,1
4008,0.096918889487581,0,0,1,0,1,1,1,0,0,1,1,0,0,1,1
4009,-1.02469131837594,1,0,1,0,1,0,1,0,0,1,0,0,0,0,0
4010,-1.5643147137567,1,0,1,0,1,1,1,0,0,0,1,0,0,0,0
4011,-2.32385539473235,0,0,0,0,1,1,0,0,0,0,0,0,0,0,0
4012,0.251498642441402,0,0,1,0,1,0,1,0,0,1,1,0,0,0,0
4013,0.827186124220168,0,0,1,0,1,1,1,1,1,1,1,1,0,1,1
4014,0.763559869058279,1,1,1,0,1,1,1,1,0,1,1,1,0,1,1
4015,-0.273049178404171,1,0,1,0,1,0,1,0,0,1,1,0,0,1,0
4016,-0.93335072494448,0,0,1,0,0,1,1,0,0,1,0,0,0,0,1
4017,-0.820429688071797,0,0,1,0,1,0,1,0,0,0,0,0,0,0,0
4018,-0.692224978642242,1,0,1,0,1,0,1,0,0,1,1,0,0,0,0
4019,0.432543741517295,0,0,1,1,1,1,1,1,0,1,1,1,0,1,1
4020,-2.76196173340218,1,0,0,0,0,0,0,0,0,0,1,0,0,0,0
4021,0.6629462569324,1,0,1,0,1,0,1,1,0,1,1,0,0,1,0
4022,1.22544725886561,1,0,1,0,1,0,1,1,1,1,1,0,0,0,1
4023,0.171157963186745,0,0,1,0,1,0,1,0,1,1,1,0,0,1,1
4024,0.643719539382963,1,0,1,0,1,1,1,1,1,1,0,0,0,1,1
4025,-0.0305639705002048,0,0,1,0,1,1,1,0,1,1,1,0,0,0,1
4026,0.202000602684472,1,0,1,0,1,0,1,0,1,1,1,0,0,0,1
4027,-0.648960333419168,0,0,1,0,1,1,1,0,0,1,1,0,0,0,0
4028,0.601442327149881,0,0,1,0,1,1,1,1,1,1,0,0,1,0,1
4029,0.00204011422868741,1,0,1,0,1,1,1,0,0,1,0,0,0,0,1
4030,0.258067837839081,0,0,1,0,1,0,1,1,0,1,0,0,0,1,1
4031,0.0596354916064872,1,0,1,0,1,0,1,1,1,1,1,0,0,1,0
4032,1.51141777556068,1,0,1,0,1,1,1,1,1,1,1,1,0,1,1
4033,-1.47570911625818,1,0,1,0,1,0,1,0,0,0,0,0,0,0,0
4034,-0.370278120570168,1,0,1,0,1,0,1,0,1,1,1,0,0,0,0
4035,-0.954017110301846,1,0,1,0,1,0,1,1,0,1,1,0,0,0,0
4036,-0.267820966716234,1,0,1,0,1,0,1,0,1,1,1,0,0,0,0
4037,-1.10217127089082,0,0,1,0,1,0,1,0,0,1,1,0,0,0,1
4038,0.706384498119565,0,0,1,0,1,0,1,1,1,0,1,1,0,0,1
4039,0.343158461516128,1,0,1,0,1,1,1,1,0,1,0,0,0,0,1
4040,-0.964471857042091,0,0,1,0,1,0,1,0,1,0,1,0,0,0,0
4041,-0.540725955249998,1,0,1,0,1,0,1,0,0,1,0,0,0,0,1
4042,0.854547423268537,0,0,1,0,1,1,1,1,1,1,1,1,0,1,1
4043,-0.535919016629579,1,0,1,0,1,0,1,0,0,1,1,0,0,0,0
4044,0.213869595735904,0,0,1,0,1,0,1,1,0,1,1,0,1,1,1
4045,0.0253517173926946,1,0,1,0,1,1,1,0,1,1,1,0,0,1,1
4046,-0.760292862057052,1,0,1,0,1,0,1,0,1,0,0,0,0,0,0
4047,-0.522465009552662,1,0,1,0,1,0,1,0,0,1,1,0,0,1,0
4048,0.904718308423659,1,0,1,0,1,1,1,0,1,1,1,0,0,1,1
4049,-1.16238722344084,1,0,1,0,1,0,1,0,0,1,0,0,0,0,0
4050,-2.07054921984771,0,0,1,0,1,1,0,0,0,0,0,0,0,0,0
4051,-0.517913700900967,1,0,1,0,1,0,1,0,0,1,1,0,0,0,0
4052,-0.426933085328333,1,0,1,0,1,0,1,0,1,1,0,0,0,0,1
4053,-1.34143562229011,1,0,1,0,1,0,0,0,0,1,1,0,0,0,0
4054,0.076462967169872,1,0,1,0,1,1,1,0,0,1,0,0,0,0,1
4055,0.580598440053685,1,0,1,0,1,1,1,0,1,1,1,1,1,1,1
4056,-0.972705310211675,1,0,1,0,1,0,1,0,1,0,1,0,0,0,0
4057,1.9180094548988,1,0,1,0,1,0,1,1,1,1,1,1,0,1,1
4058,-0.908372198519807,1,0,1,0,1,0,1,0,0,1,0,0,0,0,0
4059,0.953623660055924,0,0,1,0,1,0,1,1,1,1,1,0,0,1,1
4060,-1.0126208717663,1,0,1,0,1,0,1,0,1,0,0,0,0,0,0
4061,-1.36922949944622,1,0,1,0,1,0,1,0,1,1,0,0,0,0,1
4062,0.824136670069731,0,0,1,0,1,0,1,0,1,1,1,0,0,0,1
4063,1.08462570955714,1,0,1,0,1,0,1,1,1,1,1,1,1,1,1
4064,-0.258026905100907,1,0,1,0,1,1,1,0,0,1,1,0,0,0,1
4065,0.807160968875542,0,0,1,0,1,1,1,1,1,1,1,1,0,1,1
4066,1.83789506563381,1,1,1,1,1,1,1,1,1,1,1,1,0,1,1
4067,0.0371228111900302,0,0,1,0,1,0,1,0,0,1,1,0,0,0,0
4068,0.235640677381358,1,0,1,0,1,0,1,0,0,1,0,1,0,1,1
4069,-1.12442226169164,1,0,1,0,1,0,0,0,1,0,1,0,1,0,0
4070,-0.932861757529895,0,0,1,0,1,1,1,0,1,1,1,0,0,0,1
4071,-0.210975461040158,1,0,1,0,1,0,1,0,1,1,1,0,0,1,0
4072,-1.93198316192334,1,0,1,0,0,0,1,0,0,0,1,0,0,0,0
4073,0.82793677846394,1,0,1,0,1,1,1,1,1,1,1,0,0,0,1
4074,-1.04219034066623,0,0,1,0,1,0,1,0,0,1,1,0,0,0,0
4075,-0.305903169340876,0,0,1,0,1,0,1,0,1,1,0,0,0,0,1
4076,-1.94719122654316,0,0,1,0,1,0,1,0,0,0,0,0,0,0,0
4077,1.36578555749088,0,1,1,0,1,0,1,1,1,1,1,1,1,1,1
4078,-1.32834443550635,1,0,1,0,1,0,0,0,0,1,1,0,0,0,0
4079,0.350714591026236,1,0,1,0,1,0,1,0,0,1,1,1,1,1,1
4080,-0.880154471990707,0,0,1,0,1,0,1,0,0,1,1,0,0,0,1
4081,-0.577569231326095,0,0,1,0,1,1,1,0,0,1,1,0,0,1,0
4082,-0.722810556244329,1,0,1,0,1,0,0,0,0,1,1,0,0,0,0
4083,-0.467090514162424,1,0,1,0,1,0,1,0,0,0,1,0,0,0,0
4084,0.15340732476497,1,0,1,0,1,0,1,0,1,1,0,0,0,0,1
4085,0.66375647471988,1,0,1,1,1,0,1,1,1,1,1,1,0,1,1
4086,-0.11588945738884,0,0,1,0,1,0,1,0,1,1,1,0,1,1,1
4087,1.91798128932024,0,0,1,1,1,0,1,1,1,1,1,1,1,1,1
4088,-1.58139626539264,1,0,1,0,1,0,1,0,0,0,1,0,0,0,0
4089,-0.0797255777420784,0,0,1,0,1,0,1,0,0,1,1,0,0,0,1
4090,1.70439593053822,1,1,1,1,1,0,1,1,1,1,1,1,1,1,1
4091,1.51153789041834,1,0,1,0,1,0,1,1,1,1,0,0,1,1,1
4092,-1.21976697421,1,0,1,0,1,1,1,0,0,0,1,0,0,0,0
4093,0.238749354417035,0,0,1,0,1,0,1,0,1,1,0,1,0,0,1
4094,0.484475909137318,1,0,1,0,1,1,1,1,0,1,1,0,0,1,1
4095,-1.10789923519735,0,0,1,0,0,0,1,0,0,1,1,0,0,0,0
4096,0.47583173001437,1,0,1,1,1,0,1,1,0,1,0,0,0,1,1
4097,-0.0743424837285827,0,0,1,0,1,0,1,0,1,1,1,0,1,1,0
4098,0.587710558074243,1,0,1,0,1,0,1,0,1,1,1,0,0,0,1
4099,-0.640114581232331,0,0,1,0,1,1,1,0,1,1,1,0,0,0,0
4100,-0.128872791568328,0,0,1,0,1,1,1,1,0,1,1,0,0,0,1
4101,-0.982662878157068,1,0,1,0,1,0,1,0,0,0,1,0,0,0,0
4102,0.586733939325781,1,0,1,0,1,1,1,1,1,1,1,0,0,1,1
4103,-0.148600409420089,0,0,1,0,1,0,1,1,1,1,1,0,1,1,1
4104,-0.953167165481668,1,0,1,0,1,0,1,0,0,1,0,0,0,0,0
4105,0.134037485115783,1,0,1,0,1,0,1,0,0,1,1,0,0,0,1
4106,1.45669474049105,1,0,1,0,1,0,1,1,1,1,1,1,0,0,1
4107,-0.187829953912783,0,0,1,0,1,0,1,0,0,1,0,0,0,0,1
4108,-0.251763204996161,0,0,1,0,1,1,1,0,1,1,1,0,0,0,1
4109,-0.865695358828848,0,0,1,0,1,0,1,0,0,0,1,0,0,0,0
4110,0.49360469095998,1,0,1,0,1,0,1,0,1,1,0,0,0,0,1
4111,-0.715555781147521,0,0,1,0,1,0,1,0,1,1,1,0,0,1,0
4112,-0.870062476315595,1,0,1,0,1,0,0,0,0,1,0,0,0,0,1
4113,0.795791814001062,1,0,1,0,1,0,1,0,0,1,1,0,0,1,1
4114,1.64810464841762,0,1,1,1,1,1,1,1,1,1,1,1,1,1,1
4115,2.01073500532249,0,0,1,1,1,0,1,1,1,1,1,1,1,1,1
4116,0.499581771271816,1,0,1,0,1,0,1,1,1,1,1,0,0,1,1
4117,0.386684708371619,0,0,1,0,1,0,1,0,0,1,1,0,0,0,1
4118,-1.89109510901163,1,0,1,0,0,0,1,0,1,0,1,0,0,0,0
4119,0.211819356647124,1,0,1,0,1,0,1,0,0,1,1,0,0,1,1
4120,-1.13246976297414,0,0,1,0,1,0,1,0,0,0,1,0,0,0,0
4121,1.29594392829012,1,0,1,1,1,1,1,1,1,1,1,1,0,0,1
4122,0.383747613624867,0,0,1,0,1,1,1,0,1,1,1,0,0,1,1
4123,0.514875529706442,0,0,1,0,1,0,1,1,1,1,1,0,0,0,1
4124,-0.052813962140355,0,0,1,0,1,0,1,0,0,1,1,0,0,0,0
4125,-0.087798479182365,1,0,1,0,1,0,1,0,1,1,1,0,0,0,1
4126,0.150769673982935,1,0,1,0,1,0,1,0,1,1,1,0,0,1,0
4127,1.80322186879064,1,0,1,0,1,1,1,1,1,1,1,1,1,1,1
4128,-0.702689012531724,1,0,1,0,1,0,1,0,0,1,1,0,0,0,0
4129,0.62041351413229,0,0,1,0,1,0,1,1,0,1,1,0,0,0,1
4130,0.374924707218461,0,0,1,0,1,0,1,0,1,1,1,0,0,1,1
4131,-0.129314434423895,1,0,1,0,1,0,1,0,0,1,1,0,0,0,1
4132,-0.309419144102079,0,0,1,0,1,0,1,0,1,1,1,0,0,0,0
4133,1.08565133925643,0,0,1,1,1,0,1,1,1,1,0,1,1,1,1
4134,0.917032680370145,1,0,1,0,1,0,1,1,1,1,1,1,0,0,1
4135,0.733353112553045,0,0,1,0,1,0,1,1,0,1,1,1,0,0,1
4136,0.164652853378217,1,0,1,0,1,0,1,0,0,1,1,0,0,0,1
4137,-0.116141030496928,1,0,1,0,1,0,1,0,0,1,1,0,0,0,1
4138,-0.362381106072036,1,0,1,0,1,0,1,0,0,1,1,0,0,0,0
4139,1.52963630435575,1,0,1,1,1,1,1,1,1,1,1,1,1,1,1
4140,0.612139969037297,0,0,1,0,1,0,1,1,0,1,1,0,0,0,1
4141,1.01254675527207,0,1,1,0,1,1,1,1,0,1,1,1,1,1,1
4142,1.04938372254241,1,0,1,0,1,1,1,1,1,1,1,0,0,0,1
4143,0.608711776247916,1,0,1,1,1,0,1,0,1,1,0,0,0,0,1
4144,-1.77382218230048,0,0,1,0,0,0,1,0,0,0,1,0,0,0,0
4145,0.65688593303915,1,0,1,0,1,1,1,1,1,1,1,0,0,0,1
4146,1.08617671866596,1,0,1,0,1,0,1,1,0,1,1,1,0,0,1
4147,0.944106512972457,0,0,1,0,1,1,1,1,1,1,0,1,0,1,1
4148,0.303667978410012,0,0,1,0,1,0,1,0,0,1,1,0,0,1,1
4149,-1.68299586534673,0,0,1,0,0,1,1,0,0,0,0,0,0,0,0
4150,-0.222392198945774,0,0,1,0,1,0,1,0,1,1,1,0,0,1,0
4151,0.120154298717008,0,0,1,0,1,1,1,0,1,1,1,1,0,0,1
4152,1.82686751289635,1,1,1,0,1,0,1,1,1,1,1,1,0,1,1
4153,1.05669021754169,0,1,1,0,1,0,1,1,1,1,1,0,0,0,1
4154,1.16296259182241,0,0,1,0,1,1,1,1,1,1,1,1,1,1,1
4155,2.89822059681095,1,1,1,1,1,1,1,1,1,1,1,1,1,1,1
4156,0.291950207911531,0,0,1,0,1,0,1,0,0,1,1,1,0,1,1
4157,0.580977258958172,1,0,1,1,1,0,1,1,1,1,1,1,0,1,1
4158,0.350368877432355,0,0,1,0,1,0,1,0,0,1,1,0,0,1,1
4159,0.0714689748249608,1,0,1,0,1,0,1,0,0,1,1,0,0,0,1
4160,0.258108064345263,0,0,1,0,1,1,1,0,1,1,1,0,0,1,1
4161,-0.45518896297609,1,0,1,0,1,1,1,0,0,0,0,0,0,0,0
4162,1.71244102904154,1,0,1,1,1,0,1,1,1,1,1,1,1,1,1
4163,0.162030510881816,1,0,1,0,1,0,1,1,0,1,1,0,0,0,1
4164,-0.782471922037751,1,0,1,0,0,1,1,0,0,1,0,0,0,0,0
4165,1.12847805101507,0,0,1,0,1,0,1,1,1,1,1,1,1,0,1
4166,1.12746202607627,1,0,1,0,1,0,1,1,1,1,1,1,0,1,1
4167,-1.41424200639058,0,0,1,0,1,0,1,0,0,0,1,0,0,0,0
4168,-0.14105963675671,1,0,1,0,1,0,1,0,0,1,1,0,0,0,0
4169,0.347820221517132,1,0,1,0,1,0,1,0,0,1,1,0,0,0,1
4170,0.127127282364058,0,0,1,0,1,0,1,1,1,1,1,0,0,1,0
4171,-1.35198994031853,1,0,1,0,1,0,1,0,1,1,1,0,0,0,0
4172,-0.573901480874901,1,0,1,0,1,0,1,0,0,1,0,0,0,0,0
4173,0.235464566634858,0,0,1,0,1,0,1,0,1,1,1,0,0,1,1
4174,-0.0192281387449686,1,0,1,0,1,0,1,0,0,1,1,0,0,1,0
4175,-0.912773976316543,0,0,1,0,1,0,1,0,0,1,0,0,0,0,0
4176,0.0323854520212394,1,0,1,0,1,0,1,0,1,1,1,0,0,1,0
4177,1.59883730573751,1,0,1,0,1,1,1,1,1,1,1,0,0,1,1
4178,-2.40328139883628,1,0,0,0,0,0,0,0,0,0,0,0,0,1,0
4179,0.653133288455282,0,0,1,0,1,1,1,1,0,1,1,1,0,0,1
4180,0.309342427376916,0,0,1,0,1,0,1,0,1,1,1,0,0,0,1
4181,-0.316969881298096,0,0,1,0,1,0,1,0,0,1,0,0,0,0,0
4182,2.39618609159389,1,0,1,1,1,0,1,1,1,1,1,1,1,1,1
4183,0.101135336356243,0,0,1,0,1,0,1,0,1,1,1,0,0,1,0
4184,-0.628917617624017,1,0,1,0,1,0,1,0,0,1,0,0,0,1,0
4185,-0.709642135928484,1,0,1,0,1,0,1,0,0,1,0,0,0,0,0
4186,0.596584773236745,0,0,1,0,1,1,1,1,1,1,1,0,0,0,1
4187,-1.206047959494,0,0,1,0,1,0,1,0,0,1,1,0,0,0,0
4188,0.372582131690286,1,0,1,0,1,0,1,0,0,1,1,0,0,1,1
4189,-1.45050240279253,0,0,1,0,1,0,1,0,0,0,0,0,0,0,0
4190,0.698252104608037,1,1,1,1,1,0,1,1,1,1,1,0,0,0,1
4191,-0.384177133961668,1,0,1,0,1,0,1,0,0,1,1,0,0,0,1
4192,1.12807609829305,0,0,1,0,1,0,1,1,0,1,0,1,0,0,1
4193,0.458270635384935,1,0,1,0,1,0,1,1,1,1,1,0,0,0,1
4194,0.843818846058523,0,0,1,0,1,0,1,1,1,1,1,0,0,0,1
4195,-0.140035315066508,1,0,1,0,1,1,1,0,0,1,1,0,0,1,1
4196,0.908694902986854,1,0,1,1,1,1,1,1,1,1,0,0,0,0,1
4197,-0.78571840824157,0,0,1,0,1,0,1,0,0,1,0,0,0,0,0
4198,0.733404635271796,0,0,1,0,1,1,1,0,1,1,1,0,0,0,1
4199,1.61894416838223,1,0,1,0,1,1,1,1,1,1,1,1,0,1,1
4200,-1.09410095862715,1,0,1,0,1,0,1,0,0,1,1,0,0,0,0
4201,1.06179590448246,1,0,1,1,1,1,1,1,1,1,1,0,1,1,1
4202,-0.605683118224568,0,0,1,0,1,0,1,0,0,1,1,0,0,1,0
4203,-0.327903136090212,0,0,1,0,1,0,1,1,1,1,1,0,0,1,0
4204,-0.82083766983815,1,0,1,0,1,1,1,0,0,1,1,0,0,0,0
4205,0.68589688240923,1,0,1,0,1,0,1,1,1,1,0,1,0,1,1
4206,0.0413863067045926,1,0,1,0,1,0,1,0,1,1,0,0,0,1,0
4207,3.23032834213163,0,1,1,1,1,0,1,1,1,1,1,1,1,1,1
4208,1.36739592768699,0,0,1,0,1,0,1,1,1,1,1,0,1,1,1
4209,0.424348950256053,0,0,1,0,1,0,1,0,1,1,1,0,0,1,1
4210,0.627923693778105,1,0,1,1,1,0,1,1,0,1,1,0,0,0,1
4211,0.25442437330182,1,0,1,0,1,1,1,0,1,1,1,0,0,1,1
4212,-0.983779844962344,1,0,1,0,1,0,1,0,1,1,0,0,0,0,0
4213,0.700398188980161,1,0,1,0,1,0,1,1,1,1,0,0,0,0,1
4214,2.40188465159475,1,0,1,0,1,1,1,1,1,1,1,1,1,0,1
4215,-0.323153163640252,0,0,1,0,1,0,1,0,1,1,1,0,0,0,1
4216,0.258112706050523,1,0,1,0,1,1,1,0,1,1,1,0,0,0,1
4217,1.65937930079982,1,1,1,0,1,1,1,1,1,1,1,1,1,1,1
4218,1.47141999802857,0,0,1,1,1,0,1,1,0,1,1,1,1,1,1
4219,-1.4564692364831,1,0,1,0,1,0,1,0,0,0,1,0,0,0,0
4220,0.286792744510861,0,0,1,0,1,1,1,0,0,1,1,1,0,0,1
4221,-0.697737533381021,1,0,1,0,1,0,1,0,0,1,1,0,0,0,1
4222,1.11803181309434,0,0,1,0,1,0,1,1,1,1,1,1,1,0,1
4223,-1.09863994658683,1,0,1,0,1,0,0,0,0,0,0,0,0,1,1
4224,-1.20647642610905,0,0,1,0,1,0,1,0,1,0,1,0,0,0,0
4225,-1.77641862235548,1,0,1,0,1,0,0,0,0,0,0,0,0,0,0
4226,0.414909967575617,1,0,1,0,1,1,1,1,0,1,0,0,1,1,0
4227,0.00208143590481696,0,0,1,0,1,0,1,0,1,1,0,0,0,0,1
4228,-0.467044931010286,1,0,1,0,1,0,1,0,0,1,0,0,0,0,0
4229,0.292853282774835,0,0,1,0,1,0,1,1,1,1,1,0,0,0,1
4230,-0.719267669415029,1,0,1,0,1,0,1,0,0,1,1,0,0,0,0
4231,0.608511386253333,0,0,1,0,1,0,1,0,1,1,0,0,1,0,1
4232,0.715831116664648,1,0,1,1,1,1,1,1,1,1,1,0,0,1,1
4233,-0.663658993077117,1,0,1,0,1,0,1,0,0,1,1,0,0,0,0
4234,0.476101538288145,1,0,1,0,1,0,1,1,1,1,0,0,0,0,1
4235,1.58114043287603,1,0,1,0,1,0,1,1,1,1,1,0,1,0,1
4236,-0.88519402136144,1,0,1,0,1,0,1,0,0,1,0,0,0,1,0
4237,-0.730328482045731,1,0,1,0,1,0,1,0,0,1,1,0,0,1,0
4238,-0.446552700669962,1,0,1,0,0,0,1,0,0,1,0,0,0,0,0
4239,-0.653185642745893,1,0,1,0,1,1,1,0,0,1,0,0,0,0,0
4240,-1.06525827770976,1,0,1,0,1,0,1,0,0,1,0,0,0,1,0
4241,-1.74832765891313,1,0,1,0,1,0,0,0,0,0,0,0,0,0,0
4242,0.358801495466481,0,0,1,0,1,0,1,1,1,1,1,0,1,0,1
4243,-0.06143465251937,0,0,1,0,1,0,1,0,0,1,1,0,0,0,1
4244,0.429569807368528,1,0,1,0,1,0,1,1,1,1,0,0,0,0,1
4245,0.0827601771037017,1,0,1,0,1,0,1,0,1,1,0,0,0,1,1
4246,0.377386733611284,1,0,1,0,1,0,1,1,1,1,1,0,0,1,1
4247,1.56542611164041,0,1,1,0,1,1,1,1,1,1,1,0,1,1,1
4248,-0.377784086788714,1,0,1,0,1,0,1,0,0,1,0,0,0,0,0
4249,1.03353034444925,0,0,1,0,1,0,1,1,0,1,1,1,0,0,1
4250,-0.0458133503484758,1,0,1,0,1,0,1,1,1,1,1,0,0,0,1
4251,0.781639624361333,1,0,1,0,1,0,1,0,1,1,1,1,0,0,1
4252,1.56531036764135,1,0,1,1,1,1,1,1,1,1,1,1,1,1,1
4253,1.16359333320352,1,0,1,0,1,1,1,1,0,1,0,1,0,1,1
4254,1.13254892857817,1,0,1,0,1,1,1,1,0,1,1,0,0,1,1
4255,0.76988323832801,1,0,1,0,1,0,1,1,0,1,1,0,0,1,1
4256,0.58706939146808,1,0,1,0,1,0,1,1,0,1,1,0,0,0,1
4257,0.0848540745941026,1,0,1,0,1,0,1,1,0,1,1,0,0,0,1
4258,-1.96573985669884,0,0,0,0,0,0,0,0,0,0,0,0,0,0,0
4259,-0.998359426012911,0,0,1,0,1,0,1,0,0,1,0,0,0,0,0
4260,1.27399487080814,1,0,1,0,1,1,1,1,1,1,1,1,0,1,1
4261,0.598180157035829,0,0,1,0,1,1,1,1,0,1,1,1,1,1,1
4262,-0.271246086468802,0,1,1,0,1,1,1,0,0,1,1,0,0,0,1
4263,-0.742328051306168,0,0,1,0,1,0,1,0,0,1,1,0,0,0,0
4264,-1.26476894204469,0,0,1,0,0,0,1,0,0,0,1,0,0,0,0
4265,1.93596305542571,0,0,1,1,1,0,1,1,1,1,0,1,1,1,1
4266,-2.25732212184566,1,0,1,0,0,0,0,0,0,0,1,0,0,0,0
4267,-1.01328430857844,1,0,1,0,1,0,1,0,1,1,1,0,0,0,0
4268,0.0171113686785523,1,0,1,0,1,1,1,0,1,1,1,0,0,1,0
4269,1.30094254420336,1,0,1,1,1,1,1,0,0,1,1,1,1,0,1
4270,-0.948853589091628,0,0,1,0,1,1,1,0,0,1,0,0,0,1,0
4271,-0.782465044534863,1,0,1,0,1,0,0,0,0,0,0,0,0,0,1
4272,1.04120599007445,1,0,1,0,1,0,1,1,1,1,1,1,0,0,1
4273,-0.440050103242454,0,0,1,0,1,0,1,0,1,1,1,0,0,0,0
4274,-1.47225810067697,1,0,1,0,1,0,1,0,0,0,1,0,0,0,0
4275,-0.342471822171794,0,0,1,0,1,1,1,0,1,1,1,0,0,0,1
4276,-0.730854398453334,1,0,1,0,1,0,1,0,0,1,1,0,0,0,0
4277,1.21664405619148,1,0,1,1,1,1,1,1,1,1,1,1,0,0,0
4278,0.313770892773163,1,0,1,0,1,0,1,0,1,1,1,0,0,1,1
4279,-1.5266200192438,1,0,1,0,0,0,0,0,0,0,1,0,0,0,0
4280,1.91644743668228,1,0,1,1,1,1,1,1,1,1,1,1,1,0,1
4281,1.46419027568189,1,0,1,0,1,1,1,1,1,1,1,1,1,0,1
4282,-0.0687121566677708,1,0,1,0,1,1,1,0,1,1,1,0,0,0,1
4283,0.171482737428766,0,0,1,0,1,0,1,1,1,1,1,0,0,1,1
4284,2.03063120215272,1,1,1,1,1,1,1,1,1,1,1,1,1,0,1
4285,1.51321804430334,1,0,1,0,1,0,1,1,1,1,1,1,1,0,1
4286,0.653139587213045,1,0,1,0,1,1,1,0,1,1,0,0,0,0,1
4287,-0.504512880096406,1,0,1,0,1,0,1,0,1,1,1,0,0,0,0
4288,-1.28029895294997,1,0,1,0,1,0,1,0,0,0,0,0,0,0,0
4289,0.201708218865546,1,0,1,0,1,1,1,0,1,1,1,0,1,0,0
4290,0.0639978501322875,0,0,1,0,1,0,1,0,1,1,0,0,0,0,1
4291,-0.275483061463448,0,0,1,0,1,0,1,0,0,1,1,0,0,1,1
4292,-0.0271482031058413,1,0,1,0,1,0,1,0,1,1,1,0,0,0,1
4293,-0.483791702682406,1,0,1,0,1,0,1,0,1,1,0,0,0,0,0
4294,-1.1417633020166,1,0,1,0,1,0,1,0,0,0,0,0,0,0,0
4295,-1.01261236685338,1,0,1,0,1,0,1,0,1,1,1,0,0,0,0
4296,-0.523077781463524,0,0,1,0,1,1,1,0,0,1,1,0,0,0,1
4297,-0.897178749108682,1,0,1,0,1,0,1,0,1,1,0,0,0,0,0
4298,-1.40056349841182,1,0,1,0,1,0,1,0,0,1,0,0,0,1,0
4299,0.210942305059712,0,0,1,0,1,1,1,0,1,1,1,0,0,1,0
4300,1.21604294642969,1,0,1,0,1,0,1,1,0,1,1,0,1,0,1
4301,0.662541293947965,1,0,1,0,1,1,1,1,1,1,1,1,0,0,1
4302,-2.16729354797561,1,0,1,0,0,0,0,0,0,0,1,0,0,0,0
4303,0.509829984739161,1,0,1,0,1,0,1,1,1,1,1,1,1,1,1
4304,0.45751347163195,1,0,1,0,1,0,1,0,1,1,1,0,0,0,1
4305,-0.517130943125901,0,0,1,0,1,0,1,0,0,1,1,0,0,0,0
4306,-0.350750973836908,1,0,1,0,1,0,1,0,0,1,1,1,0,1,0
4307,0.124365791257219,1,0,1,0,1,1,1,0,0,1,1,0,0,0,0
4308,1.02161048155613,0,0,1,0,1,0,1,1,1,1,1,0,1,1,1
4309,-0.990829514544823,1,0,1,0,1,1,1,1,0,1,1,0,0,0,0
4310,0.050450500173941,1,0,1,0,1,1,1,0,0,1,0,0,0,1,0
4311,0.763989183455719,0,0,1,0,1,0,1,1,1,1,1,1,0,0,1
4312,-0.949881979928318,0,0,1,0,1,0,0,0,1,1,1,0,0,0,0
4313,-0.590385132063842,1,0,1,0,1,0,1,0,0,0,0,0,0,1,0
4314,0.646241067412373,0,0,1,0,1,0,1,1,1,1,1,1,0,0,1
4315,0.0972414064526435,1,0,1,0,1,0,1,0,0,1,0,0,0,0,1
4316,1.09378201430223,0,0,1,0,1,0,1,1,1,1,1,0,0,0,1
4317,1.04417433406125,0,0,1,1,1,1,1,1,1,1,0,1,0,0,1
4318,-0.0577046562785785,1,0,1,0,1,0,1,0,0,1,1,0,0,0,1
4319,-0.331443868739162,1,0,1,0,1,1,1,0,1,1,0,0,0,0,1
4320,0.552591885198574,1,0,1,0,1,0,1,0,0,1,1,0,0,0,1
4321,-0.461319674813866,1,0,1,0,1,0,1,0,0,1,1,0,0,0,0
4322,1.51143179737714,1,0,1,1,1,1,1,0,1,1,1,1,0,1,1
4323,0.611649102479772,1,0,1,0,1,0,1,1,1,1,0,0,0,1,1
4324,0.463133406542102,1,0,1,0,1,0,1,0,0,1,1,0,1,0,0
4325,-0.94022503151369,1,0,1,0,1,0,1,0,0,1,1,0,0,0,0
4326,0.0135525001864564,1,0,1,0,1,0,1,0,0,1,1,0,1,0,0
4327,0.577183936228763,1,0,1,0,1,0,1,1,1,1,1,0,0,1,1
4328,0.116215407674998,0,0,1,0,1,0,1,0,0,1,0,1,0,0,1
4329,0.190042891860067,0,0,1,0,1,0,1,0,0,1,0,0,0,0,1
4330,-0.155819621316867,0,0,1,1,1,0,1,0,1,1,0,0,0,1,0
4331,1.54032565976714,1,0,1,1,1,0,1,1,0,1,1,1,0,1,1
4332,-0.917956478928525,0,0,1,0,1,0,1,0,1,1,1,0,0,0,0
4333,1.98421600075517,1,0,1,1,1,1,1,1,1,1,1,1,1,1,1
4334,-0.774458295075797,0,0,1,0,1,0,1,0,0,1,0,0,0,0,0
4335,1.15865253764051,1,0,1,0,1,0,1,1,0,1,1,0,1,0,1
4336,-0.134690811184745,1,0,1,0,1,1,1,0,0,1,1,0,0,0,0
4337,0.0256096109010789,0,0,1,0,1,0,1,0,0,1,1,0,0,0,1
4338,0.814185736265289,1,0,1,0,1,0,1,1,0,1,0,0,0,0,1
4339,0.692131878683247,0,0,1,0,1,0,1,0,0,1,1,0,0,1,1
4340,-0.437672492689475,1,0,1,0,1,0,1,0,1,1,1,0,0,0,0
4341,0.603029920729756,0,0,1,0,1,0,1,0,1,1,1,1,1,0,1
4342,-0.12887730349104,0,0,1,0,1,0,1,0,1,1,0,0,0,0,1
4343,0.0454910426227451,0,0,1,0,1,1,1,0,0,1,1,0,0,1,1
4344,-0.267706150037021,0,0,1,0,1,1,1,0,0,1,1,0,0,0,0
4345,1.13719165456188,1,0,1,0,1,0,1,1,1,1,1,0,0,1,1
4346,-0.205949927035778,1,0,1,0,1,0,1,0,1,1,1,0,0,0,0
4347,-0.522332366062784,0,0,1,0,1,1,1,1,0,1,1,0,0,0,1
4348,-0.0196272277540161,1,0,1,0,1,1,1,0,0,1,1,0,0,0,1
4349,0.449289511902747,0,0,1,0,1,0,1,1,0,1,1,0,1,0,1
4350,0.364927674729581,0,0,1,0,1,0,1,0,1,1,1,0,0,1,1
4351,0.643064318436445,0,0,1,0,1,0,1,0,0,1,1,0,0,0,1
4352,1.23279302185597,0,0,1,0,1,0,1,1,1,1,1,1,0,1,0
4353,0.14830900820095,0,0,1,0,1,0,1,0,0,1,1,0,0,0,1
4354,0.465529675919334,1,0,1,0,1,0,1,0,1,1,1,0,0,0,0
4355,-0.494164299694358,1,0,1,0,1,0,1,0,0,1,1,0,0,0,1
4356,-0.470917274804204,0,0,1,0,1,0,1,0,1,1,0,0,0,0,0
4357,-0.27263381957903,0,0,1,0,1,0,1,0,1,0,0,0,0,0,1
4358,-0.299254280882185,0,0,1,0,1,0,1,0,1,1,0,0,0,1,1
4359,-0.0513439785069781,1,0,1,0,1,0,1,0,0,1,1,0,1,1,1
4360,0.709129560795094,1,0,1,0,1,0,1,0,1,1,1,0,1,0,1
4361,1.06511955338272,1,0,1,0,1,1,1,1,0,1,1,1,1,0,1
4362,0.100804049078164,1,0,1,0,1,0,1,0,1,1,0,0,0,0,0
4363,-0.113723699729772,1,0,1,0,1,0,1,0,0,1,1,0,0,0,1
4364,-0.306766649095324,1,0,1,0,1,0,1,0,0,0,0,0,0,0,1
4365,0.306848486101006,1,0,1,0,1,1,1,0,1,1,1,0,0,1,1
4366,0.2445345014068,1,0,1,0,1,0,1,1,0,1,0,0,0,0,1
4367,0.782515561259366,0,0,1,0,1,0,1,0,1,1,1,0,0,1,1
4368,-1.27142832745582,0,0,1,0,1,0,1,0,0,0,0,0,0,0,0
4369,1.14231195780721,0,0,1,0,1,1,1,1,0,1,1,1,0,1,1
4370,-0.911897347614633,1,0,1,0,1,0,1,0,0,1,1,0,0,0,0
4371,-0.265256999192558,0,0,1,0,1,0,1,0,0,1,1,0,0,0,1
4372,-0.535677146763309,0,0,1,0,1,1,1,0,0,0,1,0,0,1,1
4373,0.328893945805465,0,0,1,0,1,0,1,0,1,1,1,0,0,0,1
4374,2.07363228711219,0,1,1,1,1,1,1,1,0,1,1,1,0,0,1
4375,2.77311293301013,0,1,1,1,1,1,1,1,1,1,1,1,1,1,1
4376,1.25478238772667,1,0,1,0,1,1,1,1,1,1,1,1,0,0,1
4377,-0.633651550318208,1,0,1,0,1,0,1,0,0,1,0,0,0,0,0
4378,0.326301116307674,1,0,1,0,1,0,1,0,1,1,1,0,0,0,1
4379,-0.510111930663573,1,0,1,0,1,0,1,0,0,1,0,0,0,0,0
4380,-0.756993075553208,1,0,1,0,1,0,1,0,0,1,1,0,0,0,0
4381,-1.05177477698382,1,0,1,0,1,0,1,0,0,1,0,0,0,0,0
4382,0.182281410926669,1,0,1,0,1,1,1,1,1,1,1,0,0,1,0
4383,-0.751587931433618,0,0,1,0,1,0,1,0,0,1,1,0,0,0,0
4384,-0.593170192109256,1,0,1,0,1,0,1,0,1,1,1,0,0,0,1
4385,0.406893067589953,0,0,1,0,1,0,1,0,0,1,1,0,0,0,1
4386,0.877436258769817,1,0,1,0,1,0,1,1,0,1,1,1,1,1,1
4387,-0.414719384686789,0,0,1,0,1,0,1,0,0,1,0,0,0,1,0
4388,-0.177383110725196,0,0,1,0,1,1,1,0,0,1,0,0,0,0,1
4389,0.95259960357062,1,0,1,0,1,1,1,1,0,1,1,1,1,0,1
4390,1.37534122666056,0,0,1,0,1,1,1,1,0,1,0,1,0,0,1
4391,-0.257321130669003,1,0,1,0,1,0,1,0,1,1,1,0,0,0,0
4392,-0.586635354052593,0,0,1,0,1,0,1,0,0,1,1,0,0,0,0
4393,-0.722112602914642,0,0,1,0,1,1,1,0,0,1,0,0,0,0,1
4394,-0.0186543117912463,0,0,1,0,1,1,1,0,0,1,1,0,0,0,1
4395,-0.525903308211764,1,0,1,0,1,0,1,0,0,1,0,0,0,0,0
4396,1.54661368433629,1,0,1,1,1,0,1,1,0,1,0,1,0,1,1
4397,0.12424992085458,1,0,1,0,1,0,1,0,0,1,1,0,0,1,0
4398,-0.972176492803975,0,0,1,0,0,0,1,0,1,0,0,0,0,1,0
4399,-0.76803262549529,1,0,1,0,1,0,1,0,0,0,0,0,0,0,1
4400,0.42469980921563,1,0,1,0,1,0,1,1,1,1,1,0,1,1,0
4401,0.866225544948698,1,0,1,0,1,0,1,1,1,1,1,0,0,1,1
4402,-2.10773390705626,0,0,1,0,0,0,0,0,0,0,0,0,0,1,0
4403,0.0802995765657017,1,0,1,0,1,0,1,0,0,1,0,0,0,0,1
4404,-0.0946984856208335,0,0,1,0,1,0,1,0,1,1,1,0,0,0,1
4405,-0.900486839905966,1,0,1,0,1,0,1,0,0,1,0,0,0,0,0
4406,0.371967233979407,0,0,1,0,1,0,1,0,1,1,1,0,1,0,1
4407,0.789459092344643,1,0,1,0,1,0,1,1,0,1,0,0,1,1,1
4408,0.839425076137691,1,0,1,0,1,0,1,1,0,1,1,0,1,1,1
4409,-0.889784606690158,0,0,1,0,1,0,1,0,0,1,1,0,0,0,0
4410,0.79618557578298,1,0,1,0,1,0,1,1,1,1,1,1,0,1,1
4411,0.18787206269137,0,0,1,0,1,0,1,0,0,1,1,0,0,1,1
4412,0.137514056364547,0,0,1,0,1,0,1,0,1,1,1,0,0,0,0
4413,-0.593175546689925,0,0,1,0,1,0,1,0,1,1,1,0,0,0,1
4414,-0.0256782750090332,1,0,1,0,1,0,1,0,0,1,1,0,0,0,1
4415,0.534966244568492,1,0,1,0,1,0,1,1,0,1,1,1,0,1,1
4416,-0.244448998334214,1,0,1,0,1,0,1,0,0,1,1,0,0,0,0
4417,-2.42157059677183,1,0,0,0,0,0,0,0,0,0,0,0,0,0,0
4418,0.699518139579676,1,0,1,0,1,0,1,1,0,1,1,0,0,1,1
4419,0.702641396882395,0,0,1,0,1,1,1,1,1,1,0,0,1,1,1
4420,-0.957238902857939,0,0,1,0,1,0,1,0,0,1,1,0,0,0,0
4421,0.785176072350021,0,0,1,1,1,0,1,0,1,1,1,1,0,0,0
4422,-0.246395460123873,0,0,1,0,1,0,1,0,0,1,1,0,0,0,0
4423,0.82759291157078,1,0,1,0,1,0,1,0,1,1,1,0,0,1,1
4424,-1.19485977365632,1,0,1,0,1,0,1,0,1,0,0,0,0,0,1
4425,1.7748523676471,1,0,1,0,1,0,1,1,1,1,1,1,1,1,1
4426,0.636938108037625,1,0,1,0,1,0,1,0,1,1,0,0,0,1,1
4427,2.05266287677431,1,0,1,1,1,0,1,1,1,1,1,1,1,0,1
4428,0.206869485933062,1,0,1,1,1,0,1,0,0,1,1,0,0,1,0
4429,0.216781460962182,0,0,1,0,1,1,1,1,0,1,1,0,0,0,1
4430,0.798838336631702,1,0,1,0,1,0,1,1,0,1,0,1,1,1,1
4431,1.4303217578582,1,0,1,1,1,0,1,1,1,1,1,1,1,0,1
4432,-1.52833676685771,0,0,1,0,1,0,1,0,0,0,1,0,0,0,0
4433,0.51110776536322,1,1,1,0,1,1,1,0,1,1,1,0,1,0,1
4434,-0.528143404630985,1,0,1,0,1,1,1,0,1,1,0,0,0,1,0
4435,-1.7660907868931,1,0,1,0,1,0,1,0,0,0,1,0,0,0,0
4436,0.535586683202055,1,0,1,0,0,1,1,1,1,1,1,0,0,0,1
4437,-0.584207821951901,1,0,1,0,1,0,1,0,0,1,1,0,0,0,0
4438,-1.77520718502252,1,0,1,0,0,0,1,0,0,0,0,0,0,0,0
4439,-0.519981513194807,0,0,1,0,1,0,1,0,0,1,1,0,0,0,0
4440,-0.409285520898756,0,0,1,0,1,0,1,0,1,1,0,0,0,0,1
4441,2.16801436182846,1,0,1,1,1,1,1,1,1,1,1,1,1,1,1
4442,0.758243048937977,0,0,1,1,1,0,1,0,1,1,1,1,0,0,1
4443,-0.0221238948119595,1,0,1,0,1,0,1,0,1,1,1,0,0,0,0
4444,1.4585906249695,0,0,1,0,1,0,1,1,1,1,1,1,1,1,1
4445,-0.66677367113266,1,0,1,0,1,0,1,0,1,1,1,0,0,0,0
4446,-0.869756337513104,0,0,1,0,1,0,1,0,0,1,1,0,0,0,0
4447,-0.629066651653081,1,0,1,0,1,1,1,0,1,1,0,0,0,0,0
4448,0.71317534095161,0,0,1,0,1,0,1,1,1,1,1,0,0,0,1
4449,-1.04503791765757,0,0,1,0,1,0,1,0,0,0,1,0,0,1,1
4450,0.671497449028096,1,0,1,0,1,1,1,1,1,1,1,0,0,1,1
4451,-1.35154975424192,0,0,1,0,1,1,1,0,1,0,0,0,0,0,0
4452,2.1943236646799,1,1,1,1,1,0,1,1,1,1,1,1,1,1,1
4453,-0.668760708429554,0,0,1,0,1,0,1,0,1,1,0,0,0,0,1
4454,-0.754316927002769,0,0,1,0,1,1,1,0,1,1,1,0,0,0,0
4455,0.296901208656912,1,0,1,0,1,0,1,0,1,1,0,0,0,0,1
4456,1.43659490639726,1,0,1,0,1,1,1,1,1,1,0,1,1,1,1
4457,-0.749663594566713,1,0,1,0,1,1,1,0,0,1,0,0,0,0,0
4458,-0.770701151336877,1,0,1,0,1,0,1,0,0,1,0,0,0,0,0
4459,0.0195921025819932,1,0,1,0,1,0,1,0,1,1,1,0,0,0,1
4460,0.609201936047563,1,0,1,0,1,0,1,1,1,1,1,0,1,1,1
4461,-0.00175909359134709,1,0,1,0,1,0,1,0,1,1,1,0,0,1,1
4462,-1.36684076200016,1,0,1,0,1,0,0,0,0,0,1,0,0,0,0
4463,1.05283756309796,0,0,1,0,1,0,1,1,1,1,1,0,0,1,1
4464,0.0435548080159996,1,0,1,0,1,0,1,0,1,1,1,0,0,0,1
4465,-1.57186986526058,1,0,1,0,1,0,1,0,1,0,0,0,0,0,0
4466,-1.59704277984987,1,0,0,0,1,0,1,0,0,0,1,0,0,0,0
4467,-0.68317882207064,1,0,1,0,1,0,1,0,0,1,0,0,0,1,0
4468,-0.247105439534883,1,0,1,0,1,1,1,0,0,1,1,0,0,0,0
4469,-1.31259055081105,0,0,1,0,1,0,1,0,1,0,1,0,0,0,0
4470,0.0220456749854127,0,0,1,0,1,0,1,0,0,1,1,1,0,0,1
4471,0.358108136946857,0,0,1,0,1,0,1,0,0,1,1,1,0,0,1
4472,-0.843460245503585,1,0,1,0,1,0,0,0,0,1,1,0,0,0,0
4473,-0.0802547611440406,0,0,1,0,1,0,1,0,0,1,0,0,0,0,1
4474,0.214456610137686,0,0,1,0,1,0,1,0,1,1,1,0,0,0,1
4475,0.34465560599955,1,0,1,0,1,0,1,0,0,1,1,0,0,0,1
4476,-1.71598664784167,0,0,1,0,1,1,1,0,1,0,0,0,0,0,0
4477,-0.381041384852982,0,0,1,0,1,0,1,0,0,1,0,0,0,0,0
4478,0.158887203071218,0,0,1,0,1,0,1,0,0,1,1,0,0,0,1
4479,0.442462469145771,0,0,1,0,1,0,1,0,0,1,1,1,0,0,1
4480,0.30844018330789,0,0,1,0,1,0,1,0,0,1,1,0,0,0,1
4481,0.742602932323687,1,0,1,0,1,1,1,1,1,1,1,1,0,1,1
4482,0.0640023536900687,0,0,1,0,1,1,1,0,0,1,1,0,0,0,1
4483,1.05763396803133,0,0,1,0,1,0,1,1,0,1,1,1,0,0,1
4484,1.13331802001698,1,0,1,0,1,1,1,0,1,1,1,0,0,1,1
4485,0.577322560052332,1,0,1,0,1,1,1,0,1,1,1,1,0,1,1
4486,-1.1876917440652,1,0,1,0,1,0,1,0,0,1,1,0,0,0,0
4487,0.353308688704257,1,0,1,0,1,0,1,1,1,1,0,0,0,1,1
4488,-0.908798882673182,1,0,1,0,1,0,1,0,0,1,0,0,0,0,0
4489,0.589655551401003,1,0,1,0,1,1,1,0,1,1,1,0,0,0,1
4490,-0.145143903655931,1,0,1,0,1,1,1,0,0,1,1,0,0,1,1
4491,2.78514341586634,1,1,1,1,1,1,1,1,1,1,1,1,1,0,1
4492,-0.795740744866425,0,0,1,0,1,0,1,0,0,1,1,0,0,1,0
4493,1.24867616496671,1,0,1,0,1,1,1,1,0,1,1,0,1,1,1
4494,0.30840439115624,1,0,1,0,1,1,1,0,0,1,0,0,0,0,1
4495,-1.30910283236955,0,0,1,0,0,1,1,0,0,0,1,0,0,0,0
4496,-1.19568187444821,0,0,1,0,1,0,1,0,0,0,0,0,0,1,0
4497,0.182286570578419,1,0,1,0,1,0,1,0,1,1,1,0,0,1,1
4498,-1.35941698437324,0,0,1,0,0,1,1,0,0,1,0,0,0,0,0
4499,-0.761438856495691,1,0,1,0,1,0,1,0,1,1,0,0,0,0,0
4500,0.933236497900435,1,0,1,0,1,1,1,1,0,1,1,0,0,0,1
4501,-2.68421229080088,1,0,0,0,0,0,0,0,0,0,0,0,0,0,0
4502,0.426741356554334,0,0,1,0,1,0,1,0,0,1,1,0,0,1,0
4503,-0.150157236849465,1,0,1,0,1,0,1,0,0,1,1,0,0,1,1
4504,0.857321186497629,0,0,1,0,1,0,1,1,0,1,1,1,0,0,1
4505,-1.00786686488733,1,0,1,0,1,0,1,1,0,1,0,0,0,0,0
4506,-0.87774246082125,1,0,1,0,1,0,1,0,0,1,1,0,0,0,0
4507,-0.0736853805986939,1,0,1,0,1,1,1,0,1,1,0,0,1,0,0
4508,0.314636173069147,0,0,1,0,1,1,1,0,1,1,1,0,0,0,1
4509,-0.460958087341835,1,0,1,0,1,0,1,0,0,1,0,0,0,0,0
4510,-0.880633476741866,0,0,1,0,1,1,1,0,1,1,1,0,0,0,0
4511,-0.423152292859907,1,0,1,0,1,0,1,0,0,1,0,0,0,0,0
4512,-0.552349357196398,1,0,1,0,1,1,1,0,0,1,0,0,0,0,0
4513,-0.171447699231032,1,0,1,0,1,0,1,0,0,1,1,0,0,1,0
4514,0.82510846206477,1,0,1,0,1,1,1,1,0,1,1,1,0,1,1
4515,0.553063529347855,0,0,1,1,1,0,1,1,1,1,1,0,1,0,1
4516,-0.732976427258803,1,0,1,0,1,0,1,0,1,1,0,0,0,0,0
4517,1.01370155448651,1,0,1,0,1,1,1,1,0,1,1,0,0,1,1
4518,1.04789240733886,1,0,1,1,1,1,1,1,0,1,1,1,0,0,0
4519,0.960709278500479,1,0,1,1,1,1,1,1,1,1,1,0,0,1,1
4520,0.163810196337138,1,0,1,0,1,0,1,0,1,1,1,0,0,0,1
4521,-0.289448032040764,0,0,1,0,1,0,1,0,0,1,1,0,0,0,0
4522,1.20521311036642,0,0,1,0,1,0,1,1,1,1,1,1,1,0,1
4523,-0.284590041143872,0,0,1,0,1,0,1,0,1,1,1,0,0,0,1
4524,-0.968992660802081,0,0,1,0,1,0,1,0,0,1,1,0,0,0,0
4525,0.857617154551066,0,0,1,0,1,1,1,0,1,1,1,1,1,1,1
4526,-0.0529246139341757,1,0,1,0,1,0,1,0,0,1,1,0,1,1,0
4527,-0.0689272946988029,1,0,1,0,1,0,1,0,1,1,0,0,0,1,0
4528,-0.2952695618334,1,0,1,0,1,0,1,0,0,1,1,0,0,0,1
4529,-1.00732674982747,0,0,1,0,1,0,1,0,0,1,1,0,0,1,0
4530,-0.111378494993866,1,0,1,0,1,0,1,1,0,1,0,0,0,0,1
4531,-0.148271697950586,0,0,1,0,1,0,1,0,1,1,0,0,1,0,1
4532,0.155889115716987,1,0,1,0,1,0,1,1,1,1,0,0,0,1,1
4533,0.126721746625157,1,0,1,0,1,0,1,1,0,1,1,0,0,1,0
4534,-0.0552478646323853,0,0,1,0,1,1,1,0,0,1,1,0,0,1,0
4535,1.88894639248508,1,0,1,1,1,1,1,1,1,1,1,1,0,1,1
4536,-0.225559099094727,0,0,1,0,1,1,1,0,0,1,0,0,0,1,1
4537,0.623445135493198,0,0,1,0,1,0,1,1,0,1,1,0,1,0,0
4538,-0.101633546091275,1,0,1,0,1,1,1,0,0,1,1,0,0,1,0
4539,0.21387479136124,1,0,1,0,1,0,1,0,1,1,1,0,0,0,1
4540,-0.412690618407997,1,0,1,0,1,0,1,0,1,1,0,0,0,0,1
4541,-0.298359953497583,0,0,1,0,1,0,1,0,1,1,1,0,0,0,1
4542,-0.0429067473579133,0,0,1,1,1,0,1,0,0,1,0,0,0,1,0
4543,1.49743115094206,1,0,1,0,1,1,1,1,1,1,1,1,0,0,1
4544,-0.784777363427909,1,0,1,0,1,0,1,0,0,0,0,0,1,0,1
4545,-0.929650162014662,0,0,1,0,1,0,1,0,0,0,1,0,0,0,0
4546,0.260272918141218,1,0,1,0,1,1,1,1,0,1,1,0,0,0,1
4547,2.26095484355409,1,1,1,1,1,1,1,1,1,1,1,1,0,1,1
4548,-1.16832669171093,0,0,1,0,1,0,1,0,0,1,0,0,0,0,0
4549,0.618329661532865,1,0,1,0,1,0,1,1,0,1,1,0,0,1,1
4550,-0.0404790296204875,0,0,1,0,1,0,1,0,0,1,0,0,0,1,1
4551,0.0740178118779203,0,0,1,0,1,0,1,1,0,1,0,0,0,1,0
4552,-0.71224842692354,0,0,1,0,1,0,1,0,1,1,1,0,0,0,1
4553,2.0890381251335,1,1,1,0,1,0,1,1,1,1,1,1,1,1,1
4554,-0.13714670348559,1,0,1,0,1,0,1,0,0,1,0,0,0,0,1
4555,-0.900853086067588,1,0,1,0,1,0,1,0,0,1,1,0,0,0,0
4556,-2.48280779409224,1,0,1,0,0,0,0,0,0,0,0,0,0,0,0
4557,0.187205747708834,0,0,1,0,1,1,1,0,1,1,1,0,0,0,1
4558,-0.560025387512574,1,0,1,0,1,0,1,0,1,1,1,0,0,0,0
4559,-1.27537686112845,1,0,1,0,1,1,1,0,0,1,0,0,0,0,0
4560,1.61295730326981,1,0,1,0,1,1,1,0,1,1,1,1,0,1,1
4561,0.107957569615688,1,0,1,0,1,0,1,0,1,1,1,0,0,0,1
4562,1.36840786589055,0,0,1,0,1,0,1,1,1,1,1,1,1,1,1
4563,-0.512182875976539,0,0,1,0,1,0,1,0,0,1,1,0,0,0,0
4564,-0.460325799002213,0,0,1,0,1,0,1,0,0,0,1,0,0,1,1
4565,1.06924668719455,1,0,1,0,1,1,1,1,1,1,1,0,0,1,1
4566,-0.25698654434664,1,0,1,0,1,1,1,0,0,1,1,0,0,0,1
4567,0.136787686600622,0,0,1,0,1,0,1,0,0,1,1,0,0,0,1
4568,-0.869275338499142,0,0,1,0,1,0,1,0,1,1,0,0,0,0,1
4569,-0.427054440871106,1,0,1,0,1,0,0,0,0,1,1,0,0,0,0
4570,-0.429932418941794,0,0,1,0,1,0,1,0,1,1,1,0,0,0,0
4571,-0.298654349071606,0,0,1,0,1,1,1,0,1,1,1,0,0,0,1
4572,-0.00146303701956492,0,0,1,0,1,0,1,0,0,1,0,0,0,1,1
4573,1.11963263957534,0,0,1,1,1,0,1,1,1,1,1,1,0,0,1
4574,0.381119568159375,0,0,1,0,1,0,1,0,0,1,1,0,0,0,1
4575,1.15785174901998,0,0,1,0,1,1,1,1,1,1,0,0,1,0,0
4576,-2.68591314644266,1,0,0,0,0,0,0,0,0,1,1,0,0,0,0
4577,0.0483327323326144,1,0,1,0,1,1,1,0,0,1,0,0,0,0,1
4578,-2.41371248768916,0,0,0,0,0,0,0,0,0,0,1,0,0,0,0
4579,-0.163772800311833,0,0,1,0,1,0,1,0,0,1,1,0,0,0,0
4580,0.147975172320174,0,0,1,0,1,0,1,0,1,1,0,0,0,0,1
4581,0.119166862888135,0,0,1,0,1,0,1,0,0,1,1,0,0,0,0
4582,0.176702635957911,1,0,1,0,1,0,1,1,0,1,1,0,0,0,1
4583,0.753658110321933,1,0,1,0,1,1,1,1,1,1,1,0,0,1,1
4584,-0.559645126612881,0,0,1,0,1,1,1,1,1,1,0,0,0,0,0
4585,2.19306668829581,1,1,1,1,1,0,1,1,1,1,1,1,1,1,1
4586,0.68671411109506,1,0,1,0,1,0,1,0,0,1,1,1,0,1,1
4587,0.905157057411636,1,0,1,0,1,0,1,0,1,1,1,0,0,0,1
4588,-0.511812234605108,0,0,1,0,1,0,1,0,1,1,0,0,0,0,0
4589,-0.0344137555482323,1,0,1,0,1,0,1,0,0,1,1,0,0,0,0
4590,-1.33922871352506,0,0,1,0,1,0,1,0,0,0,1,0,0,0,0
4591,0.478969089649461,1,0,1,0,1,1,1,1,1,1,1,0,0,1,1
4592,-0.581460653303921,0,0,1,0,1,0,1,0,1,1,1,0,0,0,0
4593,0.457548558871423,1,0,1,0,1,0,1,1,0,1,1,0,0,1,1
4594,-0.0920875676980652,1,0,1,0,1,0,1,0,0,1,0,0,0,0,1
4595,0.0280487140196221,0,0,1,1,1,1,1,0,0,1,1,0,0,0,1
4596,-0.35265308946952,0,0,1,0,1,0,1,0,1,1,1,0,0,1,0
4597,-0.754469934176086,0,0,1,0,1,0,1,0,0,1,1,0,0,0,0
4598,0.158553441648272,0,0,1,0,1,0,1,1,0,1,1,0,0,0,1
4599,0.598523257427999,1,0,1,0,1,1,1,1,0,1,1,0,0,0,0
4600,0.823673888332643,1,0,1,0,1,1,1,0,1,1,1,0,0,0,0
4601,-0.330536022992175,1,0,1,0,1,0,1,0,1,1,0,0,0,0,1
4602,0.983727730249585,0,0,1,0,1,0,1,0,1,1,1,0,0,1,1
4603,-0.00961647709402194,1,0,1,0,1,0,1,0,1,1,0,0,1,1,1
4604,0.0992176591226927,1,0,1,0,1,0,1,0,0,1,1,0,0,1,0
4605,1.37542914139963,1,0,1,1,1,0,1,1,1,1,0,1,0,1,1
4606,0.549899379935888,1,0,1,0,1,1,1,1,0,1,1,1,0,0,0
4607,1.01733677563951,1,0,1,0,1,0,1,1,1,1,1,0,1,0,1
4608,0.400720419700152,0,0,1,0,1,1,1,1,1,1,1,1,0,1,0
4609,-0.743408051495008,0,0,1,0,0,0,1,0,0,0,1,0,0,0,0
4610,-0.171772484540648,0,0,1,0,1,1,1,0,0,1,1,0,0,0,1
4611,1.29593356184537,1,0,1,0,1,0,1,1,1,1,1,1,1,1,1
4612,-0.596145872955134,1,0,1,0,1,0,1,0,0,1,0,0,0,0,0
4613,-1.80138489894071,1,0,1,0,1,0,0,0,0,0,0,0,0,0,0
4614,0.0188631356924301,1,0,1,0,1,0,1,0,0,1,0,0,0,0,0
4615,-0.116429825888047,0,0,1,0,1,1,1,1,1,1,1,0,0,1,1
4616,-0.127053256160058,1,0,1,0,1,0,1,0,0,1,1,0,0,0,1
4617,-2.17334014817299,1,0,0,0,0,0,1,0,1,0,0,0,0,0,0
4618,1.91641927897325,1,1,1,1,1,0,1,1,1,1,1,1,1,0,1
4619,-1.14689300326993,0,0,1,0,1,0,1,0,0,0,0,0,0,0,0
4620,0.920950195968091,1,0,1,0,1,1,1,1,1,1,1,0,0,1,1
4621,1.13208305314022,1,0,1,0,1,0,1,1,1,1,1,0,0,0,1
4622,0.348120223778548,1,0,1,0,1,0,1,1,0,1,1,0,1,1,1
4623,0.392489378205697,1,0,1,0,1,0,1,0,0,1,1,0,0,0,0
4624,0.982134465511464,1,0,1,0,1,0,1,1,1,1,1,1,0,1,1
4625,-0.549323605156043,0,0,1,0,1,0,1,0,0,1,1,0,0,1,1
4626,-0.25815365060556,1,0,1,0,1,0,1,0,0,1,1,0,0,0,0
4627,-1.38758174972951,1,0,1,0,1,0,1,0,0,0,1,0,0,0,0
4628,-0.0851067382082593,0,0,1,0,1,0,1,0,0,1,1,0,0,1,1
4629,0.799186612725396,1,0,1,0,1,0,1,1,1,1,1,0,0,0,1
4630,-2.17328632543522,1,0,1,0,0,0,0,0,0,0,0,0,0,0,0
4631,-0.297542215827319,1,0,1,0,1,0,1,0,0,1,1,1,1,0,0
4632,-0.771185312850435,1,0,1,0,1,0,1,0,1,1,1,0,0,0,0
4633,-0.230153829211789,1,0,1,0,1,0,1,0,1,1,1,1,1,0,1
4634,1.75959769903322,1,1,1,0,1,1,1,1,1,1,1,1,1,1,1
4635,0.467723043323793,0,0,1,0,1,0,1,1,0,1,1,0,1,1,1
4636,0.407521255992859,1,0,1,1,1,0,1,1,1,1,1,1,1,1,1
4637,-1.04924808448526,0,0,1,0,1,1,1,0,1,1,0,0,0,0,0
4638,1.43658064664894,1,0,1,1,1,1,1,1,1,1,1,0,1,0,1
4639,-0.475873390287491,1,0,1,0,1,0,1,0,0,0,0,0,0,0,1
4640,-1.26677149228948,0,0,1,0,1,1,1,0,0,1,0,0,0,0,0
4641,-0.365006484380109,1,0,1,0,1,0,1,0,0,1,1,0,0,0,0
4642,-0.353350513192998,1,0,1,0,1,0,1,0,0,1,1,0,0,1,0
4643,0.281985219119714,1,0,1,0,1,1,1,0,1,1,1,0,0,1,1
4644,0.270867749170462,0,0,1,0,1,0,1,1,0,1,0,0,0,0,1
4645,-1.73489083932428,1,0,1,0,1,0,1,0,1,0,1,0,0,0,0
4646,0.35048875607927,0,0,1,0,1,1,1,0,1,1,1,0,0,1,1
4647,-1.10268866969318,0,0,1,0,1,0,1,0,0,0,1,0,0,0,0
4648,-1.20580356425641,0,0,1,0,1,0,1,0,0,0,0,0,0,1,0
4649,1.10201865260228,0,0,1,1,1,0,1,1,1,1,0,1,0,1,1
4650,0.0138776539526634,1,0,1,0,1,0,1,0,1,1,1,0,0,0,1
4651,-1.21475929170344,0,0,1,0,1,0,1,0,0,0,0,0,0,0,0
4652,0.883874706316758,0,0,1,0,1,0,1,0,1,1,1,1,0,1,1
4653,-0.668396398904534,0,0,1,0,1,0,1,0,0,1,0,0,0,0,0
4654,-0.305907870136865,0,0,1,0,1,1,1,1,0,1,1,0,0,0,0
4655,-0.463818593391523,1,0,1,0,1,1,1,0,0,1,1,0,0,0,0
4656,0.167154495552192,0,0,1,0,1,1,1,0,0,1,1,0,0,0,1
4657,0.0638235118614908,1,0,1,0,1,1,1,0,0,1,0,0,0,1,1
4658,-1.39990149399579,0,0,1,0,1,1,1,0,0,1,1,0,0,0,1
4659,-2.36578897323175,0,0,0,0,0,0,0,0,0,0,0,0,0,0,0
4660,0.151103659612407,0,0,1,0,1,0,1,0,0,1,1,0,0,0,0
4661,1.60311093066909,0,0,1,1,1,1,1,1,1,1,1,1,0,1,1
4662,1.31405543084692,0,0,1,0,1,0,1,1,0,1,1,1,1,1,1
4663,-0.4810173342725,1,0,1,0,1,0,1,0,0,1,0,0,0,0,0
4664,-2.48922467882057,1,0,0,0,0,0,0,0,0,0,0,0,0,0,0
4665,0.189672698095968,0,0,1,0,1,0,1,0,1,1,0,0,0,1,0
4666,-1.34517653386208,0,0,1,0,1,0,1,0,0,0,1,0,0,0,0
4667,-0.98219809989942,1,0,1,0,1,1,1,0,0,1,1,0,0,0,0
4668,0.301547245022938,0,0,1,0,1,0,1,0,1,1,1,0,0,1,0
4669,0.136535473240608,1,0,1,0,1,1,1,1,1,1,1,0,0,1,1
4670,-0.292557149282438,1,0,1,0,1,1,1,1,1,1,1,0,0,0,1
4671,0.304228056646217,1,0,1,0,1,0,1,0,0,1,1,0,0,1,1
4672,2.20074066256155,0,1,1,1,1,0,1,1,1,1,1,1,1,0,1
4673,-0.942984329220841,0,0,1,0,1,0,1,0,0,0,1,0,0,0,1
4674,0.889839885647662,0,0,1,0,1,0,1,1,0,1,0,0,0,1,1
4675,1.98658151265827,1,1,1,0,1,0,1,1,0,1,1,1,1,1,1
4676,0.254168121480845,0,0,1,0,1,0,1,0,1,1,1,0,0,0,1
4677,0.177783274405577,1,0,1,0,1,1,1,0,0,1,1,0,0,0,0
4678,0.631566250406547,1,0,1,0,1,1,1,1,1,1,1,0,0,1,1
4679,0.339116900042257,1,0,1,0,1,0,1,1,0,1,0,0,0,1,1
4680,-0.260690617976262,1,0,1,0,1,1,1,0,1,1,1,0,0,1,1
4681,0.598480098373102,1,0,1,0,1,0,1,0,0,1,1,0,0,0,1
4682,0.323572926223044,1,0,1,0,1,0,1,1,1,1,1,0,0,0,0
4683,0.689030600032639,0,0,1,0,1,0,1,0,0,1,0,1,0,0,1
4684,-0.00961139847557176,1,0,1,0,1,0,1,0,0,1,1,0,0,1,1
4685,1.66703514805855,0,0,1,0,1,1,1,1,1,1,0,1,1,0,1
4686,-0.216036087596078,1,0,1,0,1,1,1,0,0,1,0,0,0,1,0
4687,-1.73409764494565,0,0,1,0,0,0,1,0,0,0,1,0,0,0,0
4688,1.20662848809265,1,0,1,1,1,1,1,1,0,1,1,1,0,0,1
4689,2.90130756556597,1,0,1,1,1,1,1,1,1,1,1,1,1,1,1
4690,0.243822354894102,1,0,1,0,1,0,1,0,1,1,1,0,0,0,1
4691,-3.21614911988031,0,0,0,0,0,0,0,0,0,0,0,0,0,0,0
4692,-1.25557413120065,0,0,1,0,1,0,1,0,0,1,1,0,0,0,0
4693,-1.05718567695345,0,0,1,0,1,0,1,0,0,1,0,0,0,0,0
4694,0.411710958800745,0,0,1,0,1,1,1,0,1,1,0,0,1,0,1
4695,-1.43588808672812,0,0,1,0,0,0,1,0,1,1,0,0,0,0,0
4696,0.238964958994739,1,0,1,0,1,1,1,0,0,1,0,0,0,0,1
4697,0.00871117698782952,0,0,1,0,1,0,1,1,1,1,1,0,0,1,1
4698,-0.580638935878075,1,0,1,0,1,0,1,0,0,1,1,0,0,0,1
4699,1.90134233641151,0,1,1,1,1,0,1,1,0,1,1,1,1,1,1
4700,-0.232905410850468,1,0,1,0,1,0,1,0,1,1,1,0,0,0,1
4701,-1.30833731049688,0,0,1,0,1,0,1,0,0,0,0,0,0,0,0
4702,1.55712929006795,1,0,1,0,1,1,1,1,1,1,0,1,0,0,1
4703,-0.0506980069744184,1,0,1,0,1,0,1,0,1,1,1,0,0,1,0
4704,0.189711869115907,1,0,1,0,1,0,1,0,1,1,1,1,0,1,1
4705,0.778869125941904,1,0,1,0,1,1,1,1,1,1,1,0,0,1,1
4706,0.662939916110182,1,0,1,0,1,0,1,1,0,1,1,1,1,1,1
4707,0.412287753831341,0,0,1,0,1,0,1,1,1,1,1,0,0,0,1
4708,0.171152806141452,1,0,1,0,1,0,1,0,0,1,1,0,0,1,1
4709,-1.5495715186254,1,0,1,0,1,0,1,0,0,0,1,0,0,0,0
4710,-1.72689289312131,0,0,1,0,1,0,0,0,0,1,0,0,0,0,0
4711,-0.0738082922729418,1,0,1,0,1,0,1,0,1,1,0,0,0,0,1
4712,-0.55552634269447,1,0,1,0,1,0,1,0,1,1,1,0,0,1,1
4713,1.32266329908919,1,0,1,0,1,0,1,1,1,1,0,1,0,1,1
4714,0.423423072973864,1,0,1,0,1,0,1,0,1,1,1,0,0,1,1
4715,-1.04875960524371,0,0,1,0,1,0,1,0,0,1,1,0,0,0,0
4716,0.0110558829148414,1,0,1,0,1,0,1,0,1,1,1,0,1,1,1
4717,0.999377366592838,1,0,1,0,1,0,1,1,1,1,1,0,0,0,1
4718,-1.30144052246875,1,0,1,0,1,0,1,0,0,1,0,0,0,1,0
4719,-1.3023566647404,1,0,1,0,1,0,1,0,0,0,1,0,0,0,0
4720,-1.43122283769304,1,0,1,0,1,0,1,0,1,0,0,0,0,1,0
4721,0.407471499122816,1,0,1,0,1,1,1,1,1,1,1,0,0,1,1
4722,0.414316753146473,0,0,1,0,1,1,1,0,1,1,1,0,0,1,1
4723,0.979316299553076,0,0,1,0,1,0,1,1,0,1,0,1,1,0,1
4724,-0.608806450583838,0,0,1,0,1,0,1,0,0,1,1,0,0,1,1
4725,-0.544242729489223,0,0,1,0,1,0,1,0,0,1,1,0,0,0,0
4726,-0.565600367586579,1,0,1,0,1,0,1,0,1,1,0,0,0,1,1
4727,-0.51102425194878,0,0,1,0,1,0,1,0,1,1,1,0,1,0,0
4728,0.55998779525372,1,0,1,0,1,1,1,0,1,1,1,0,0,0,1
4729,0.804108446439724,0,0,1,0,1,0,1,1,0,1,0,1,0,0,1
4730,0.504706748417697,0,0,1,0,1,0,1,1,0,1,1,1,0,1,1
4731,-0.846844532579254,1,0,1,0,1,0,1,0,0,1,0,0,0,0,0
4732,-0.0141658719410527,0,0,1,0,1,0,1,1,1,1,1,0,0,1,1
4733,-0.666318896298907,1,0,1,0,1,0,1,0,0,1,0,0,0,0,0
4734,-0.839936262598158,0,0,1,0,1,0,1,0,0,1,0,0,0,1,1
4735,-0.666324479949951,1,0,1,0,1,0,1,0,0,1,1,0,0,0,0
4736,0.700031637285367,1,0,1,0,1,0,1,1,0,1,1,1,0,1,1
4737,-0.0953471387056468,0,0,1,0,1,1,1,0,1,1,1,0,0,0,1
4738,1.64021982651044,1,0,1,0,1,0,1,1,1,1,1,0,0,0,1
4739,0.271200370761808,1,0,1,0,1,0,1,0,0,1,0,0,0,0,1
4740,0.943544971570332,1,0,1,0,1,0,1,0,0,1,0,0,0,1,1
4741,-0.568373439554166,1,0,1,0,1,0,1,0,0,1,0,0,0,0,0
4742,-1.05656212773564,1,0,1,0,1,0,1,0,0,1,0,0,0,0,0
4743,-2.43470381443918,0,0,1,0,0,0,0,0,0,0,0,0,0,0,0
4744,0.912830412245848,1,0,1,0,1,0,1,1,1,1,1,0,1,0,1
4745,0.032715225305651,0,0,1,0,1,0,1,0,1,1,1,0,0,0,0
4746,-0.598875632543047,0,0,1,0,1,0,1,0,1,1,0,0,0,0,0
4747,-0.128986614225695,1,0,1,0,1,0,1,0,1,1,0,0,1,0,1
4748,-0.392172950905407,0,0,1,0,1,0,1,0,0,1,1,0,0,1,1
4749,-0.932471111671043,1,0,1,0,1,1,1,0,0,1,1,0,0,0,0
4750,-0.314376371780388,0,0,1,0,1,0,1,0,0,1,1,0,0,0,1
4751,0.507072375982051,1,0,1,0,1,1,1,1,1,1,1,0,0,0,0
4752,-1.42333083398468,1,0,1,0,1,0,1,0,0,0,0,0,0,0,0
4753,-2.77520829035083,0,0,0,0,0,0,0,0,0,0,1,0,0,0,0
4754,0.609500634407198,0,0,1,0,1,0,1,1,1,1,1,0,0,0,1
4755,0.860165400313282,0,0,1,0,1,1,1,0,1,1,1,0,0,0,1
4756,0.465854382814645,1,0,1,0,1,0,1,0,0,1,1,0,0,1,1
4757,-1.51333404266281,0,0,1,0,1,0,1,0,0,0,1,0,0,0,0
4758,-1.13268868696176,0,0,1,0,1,0,1,0,0,0,1,0,0,0,0
4759,-0.679604999620664,0,0,1,0,1,0,1,0,0,1,1,0,0,0,0
4760,-0.190289268839566,1,0,1,0,1,0,1,0,1,1,1,0,0,0,0
4761,-1.31421823590949,0,0,1,0,1,0,1,0,0,0,0,0,0,0,0
4762,-0.134980290466493,0,0,1,0,1,0,1,1,0,1,0,0,0,0,0
4763,-0.161997658542138,1,0,1,0,1,1,1,0,0,1,0,1,0,0,0
4764,-0.375275851228661,1,0,1,0,1,0,1,0,0,1,1,0,0,0,1
4765,1.27863667464463,0,0,1,0,1,1,1,1,1,1,0,1,0,0,1
4766,0.817482348949278,0,0,1,0,1,0,1,0,1,1,1,0,1,1,1
4767,-0.260568276470761,0,0,1,0,1,0,1,0,1,1,1,0,0,1,1
4768,0.217557361416046,0,0,1,0,1,0,1,0,1,1,0,0,0,0,1
4769,0.555153485799282,1,0,1,0,1,0,1,0,0,1,1,0,0,1,0
4770,-0.692224978642242,1,0,1,0,1,0,1,0,0,0,1,0,0,0,1
4771,-2.76196173340218,0,0,1,0,0,0,1,0,0,0,0,0,0,0,0
4772,-1.52846245050055,1,0,1,0,1,0,1,0,0,1,1,0,0,1,0
4773,0.129823607519082,1,0,1,0,1,0,1,0,0,1,0,0,0,0,1
4774,0.601442327149881,0,0,1,0,1,1,1,0,1,1,1,0,0,0,1
4775,0.286787452700691,0,0,1,0,1,0,1,1,0,1,1,0,0,0,1
4776,0.210900230304779,0,0,1,0,1,0,1,0,1,1,1,1,0,0,1
4777,-0.281939360936453,0,0,1,0,1,0,1,1,1,1,1,0,0,0,1
4778,-0.267820966716234,1,0,1,0,1,0,1,0,0,1,1,1,0,0,1
4779,0.0119547786887418,1,0,1,0,0,1,1,0,0,1,1,0,0,0,1
4780,-0.628665010526159,0,0,1,0,1,0,1,0,1,1,0,0,0,0,0
4781,-0.0924095637209487,1,0,1,0,1,0,1,0,0,1,1,0,0,0,1
4782,-0.273341681792166,1,0,1,0,1,0,1,0,1,1,1,0,0,0,0
4783,0.463457758929866,0,0,1,0,1,1,1,0,1,1,1,1,1,0,1
4784,0.61130328102949,1,0,1,0,1,0,1,1,1,1,0,0,1,1,1
4785,1.36694607957851,0,0,1,0,1,0,1,1,1,1,1,0,0,1,1
4786,0.920519684900785,1,0,1,1,1,0,1,1,1,1,1,0,0,1,1
4787,-3.13306862954316,0,0,0,0,0,0,0,0,0,0,1,0,0,0,0
4788,-1.39237496408518,1,0,1,0,1,0,0,0,0,0,1,0,0,0,0
4789,-0.222352449744266,1,0,1,0,1,0,1,0,0,1,1,1,0,1,1
4790,0.263664202544911,1,0,1,0,1,0,1,0,1,1,0,0,0,1,0
4791,-1.0126208717663,1,0,1,0,1,0,1,0,0,0,1,0,0,0,0
4792,-1.36922949944622,0,0,1,0,1,0,1,0,1,0,0,0,0,0,0
4793,0.0113860985503722,0,0,1,0,1,0,1,0,0,1,1,0,0,1,1
4794,0.549616119378228,0,0,1,0,1,1,1,0,1,1,1,1,0,0,1
4795,-0.883751812118866,1,0,1,0,1,1,1,0,0,1,1,0,0,0,0
4796,-1.56668654295858,0,0,0,0,1,1,1,0,1,0,1,0,0,0,0
4797,-0.738947120995018,0,0,1,0,1,0,1,0,0,1,0,0,0,0,0
4798,0.285228744375137,1,0,1,0,1,0,1,0,1,1,0,0,1,1,1
4799,0.124905216597087,1,0,1,0,1,0,1,0,1,1,1,1,0,0,0
4800,-0.507728399374733,1,0,1,0,1,1,1,0,0,1,1,0,0,1,0
4801,-1.72403433702904,1,0,0,0,1,0,1,0,0,0,1,0,0,0,0
4802,-0.0561052831102659,1,0,1,0,1,0,1,0,0,1,1,0,0,1,0
4803,2.0085403560786,0,0,1,0,1,0,1,1,1,1,1,1,1,0,1
4804,0.339822875779255,1,0,1,0,1,0,1,0,0,1,1,1,0,1,1
4805,0.712659561708979,0,0,1,0,1,0,1,1,0,1,1,1,0,0,1
4806,0.850966945954948,0,1,1,0,1,0,1,1,1,1,1,0,0,0,1
4807,0.866533995105722,1,0,1,0,1,0,1,1,1,1,1,0,0,1,1
4808,0.95020914453749,0,0,1,0,1,1,1,1,1,1,1,0,0,1,1
4809,-1.65739920198545,0,0,1,0,0,0,1,0,0,1,1,0,0,0,0
4810,-1.38123791548863,1,0,1,0,1,0,1,0,1,1,1,0,0,0,0
4811,-0.0271851881958493,0,0,1,0,1,0,1,0,0,1,1,0,0,0,0
4812,0.817136505880118,0,0,1,0,1,0,1,0,0,1,1,1,1,0,1
4813,0.442467403545237,0,0,1,0,1,0,1,1,0,1,0,0,0,0,1
4814,-1.41159567567194,1,0,1,0,0,0,1,0,0,0,0,0,0,0,0
4815,-0.0927405647958131,0,0,1,0,1,0,1,0,1,1,1,0,0,0,1
4816,0.205875066447485,0,0,1,0,1,0,1,0,1,1,1,0,0,0,0
4817,1.70439593053822,1,0,1,0,1,0,1,1,1,1,0,1,1,1,1
4818,-1.93009938628807,0,0,1,0,0,1,1,0,0,1,1,0,0,0,0
4819,0.491067230167251,0,0,1,0,1,1,1,0,0,1,1,0,0,0,1
4820,1.64091562880329,0,0,1,1,1,0,1,1,1,1,0,0,1,0,1
4821,0.694705880194337,1,0,1,0,1,0,1,0,1,1,1,0,0,0,1
4822,-0.904060361399142,0,0,1,0,1,1,1,0,0,1,0,0,0,0,0
4823,-0.381902973763107,0,0,1,0,1,1,1,0,0,1,1,0,0,0,1
4824,0.423943148731838,1,0,1,0,1,1,1,0,0,1,0,0,0,1,0
4825,-0.128872791568328,0,0,1,0,1,0,1,0,1,1,1,0,0,0,1
4826,-1.02621194820123,0,0,1,0,0,0,1,0,0,1,1,0,0,1,0
4827,-0.152674692770201,0,0,1,0,1,0,1,0,0,1,1,0,0,0,0
4828,0.565082282368313,1,0,1,0,1,0,1,0,1,1,1,0,0,0,0
4829,0.813726708249351,1,0,1,0,1,0,1,0,1,1,0,1,1,1,1
4830,0.648911832038763,1,0,1,0,1,1,1,1,0,1,0,1,0,1,1
4831,0.58430094914754,0,0,1,0,1,0,1,1,0,1,0,0,1,1,1
4832,0.257514961837792,0,0,1,0,1,0,1,0,1,1,1,0,0,0,1
4833,-1.82571187923708,1,0,1,0,0,0,0,0,0,0,1,0,0,0,0
4834,0.49360469095998,0,0,1,0,1,1,1,0,1,1,1,0,0,1,1
4835,0.943045621576863,1,0,1,1,1,1,1,1,0,1,1,1,0,1,1
4836,2.17678791292571,1,1,1,0,1,1,1,1,1,1,1,1,1,1,1
4837,1.91441169127556,0,0,1,1,1,0,1,1,1,1,1,1,1,1,1
4838,1.4219418189281,1,0,1,0,1,1,1,1,1,1,1,1,1,1,1
4839,-0.617981147312251,1,0,1,0,1,0,1,0,0,1,1,0,0,1,0
4840,0.169048368362416,1,0,1,0,1,1,1,0,0,1,0,0,0,0,1
4841,0.222427557873087,1,0,1,0,1,0,1,0,1,1,1,0,0,1,1
4842,0.76077667581349,0,0,1,1,1,0,1,0,1,1,1,1,1,0,1
4843,-2.42698883949542,1,0,1,0,0,0,0,0,0,1,0,0,0,0,0
4844,1.29594392829012,0,0,1,0,1,1,1,0,1,1,1,1,1,1,1
4845,0.517829400547362,1,0,1,0,1,0,1,1,0,1,1,0,0,1,1
4846,-0.439861228503849,0,0,1,0,1,0,1,0,0,1,1,0,0,0,1
4847,1.03699816945266,1,0,1,0,1,0,1,0,0,1,1,1,1,0,1
4848,-0.00622192854706127,1,0,1,0,1,1,1,0,0,1,0,0,0,0,0
4849,-0.727673230379087,1,0,1,0,1,0,1,0,0,1,1,0,0,1,1
4850,-0.702689012531724,1,0,1,0,1,0,1,0,0,1,1,0,0,0,0
4851,0.62041351413229,0,0,1,0,1,1,1,0,1,1,0,0,0,1,1
4852,-0.32881139321656,1,0,1,0,1,0,1,0,0,1,1,0,0,0,0
4853,-0.129314434423895,1,0,1,0,1,0,1,0,1,1,0,0,0,0,1
4854,0.0582007068764537,1,0,1,0,1,0,1,0,1,1,1,0,0,0,0
4855,-1.63789738710273,0,0,1,0,1,0,0,0,0,0,0,0,0,0,0
4856,0.676414385089075,1,0,1,0,1,1,1,1,1,1,1,1,0,1,1
4857,0.0827992310878508,0,0,1,0,1,0,1,0,0,1,1,1,0,0,1
4858,-0.986418304250559,1,0,1,0,1,0,1,0,1,0,1,0,0,0,1
4859,-0.362381106072036,1,0,1,0,1,0,1,0,0,1,0,0,0,1,1
4860,1.52963630435575,1,0,1,0,1,0,1,0,1,1,0,1,0,1,1
4861,-1.04360420233345,1,0,1,0,0,0,1,0,0,1,0,0,0,1,0
4862,-0.672622692394836,1,0,1,0,1,0,1,0,0,1,0,0,0,0,0
4863,-2.49157338509147,1,0,0,0,0,1,0,0,0,0,0,0,0,0,0
4864,-2.66516708937608,1,0,0,0,0,1,0,0,0,0,0,0,0,0,0
4865,-0.646990354581233,1,0,1,0,1,0,1,0,0,1,1,0,1,0,0
4866,1.03866068856257,0,0,1,0,1,0,1,1,0,1,1,1,0,1,1
4867,0.159253758863734,0,0,1,0,1,0,1,0,1,1,1,0,0,1,1
4868,1.08617671866596,1,0,1,0,1,0,1,1,1,1,1,1,0,1,1
4869,0.843871217460052,1,0,1,0,1,0,1,1,0,1,1,0,1,1,1
4870,-0.646150227580091,1,0,1,0,0,1,1,0,1,1,0,0,0,1,1
4871,1.55699847307774,1,0,1,0,1,0,1,1,1,1,1,1,0,1,1
4872,-0.54708635399801,0,0,1,0,1,0,1,0,0,1,1,0,0,0,1
4873,0.633603516362421,1,0,1,0,1,0,1,1,1,1,1,0,0,1,1
4874,-0.0376949163329985,1,0,1,0,1,0,1,0,0,1,1,0,0,1,1
4875,-2.42708547013345,0,0,0,0,0,0,1,0,0,0,1,0,0,0,0
4876,-1.02154426960016,0,0,1,0,1,1,0,0,0,1,1,0,0,0,0
4877,-1.04163088940036,1,0,1,0,1,0,1,0,0,0,0,0,0,0,0
4878,0.268334443895145,1,0,1,0,1,0,1,0,1,1,1,0,0,0,1
4879,0.843522722060717,0,0,1,0,1,0,1,0,0,1,1,1,0,1,1
4880,-1.0435533327321,1,0,1,0,1,0,1,0,0,1,1,0,0,0,0
4881,-0.450327507744826,1,0,1,0,0,0,1,0,0,1,1,0,0,0,0
4882,-1.36893982148959,1,0,1,0,1,0,1,0,0,1,0,0,1,0,0
4883,0.0714689748249608,0,0,1,0,1,1,1,0,1,1,1,1,0,1,1
4884,-0.153077020396327,1,0,1,0,1,0,1,0,1,1,1,0,0,0,1
4885,0.733772720888867,0,0,1,0,1,1,1,0,1,1,1,0,0,0,1
4886,1.52924098690846,1,1,1,1,1,1,1,1,0,1,1,1,1,1,1
4887,-1.89042076034605,0,0,1,0,0,1,1,0,0,0,1,0,0,0,0
4888,-0.782471922037751,0,0,1,0,1,0,1,0,0,1,1,0,0,1,0
4889,-0.0252785600388339,0,0,1,0,1,0,1,0,0,1,0,0,0,1,0
4890,-0.299379839325001,0,0,1,0,1,0,1,0,1,1,1,0,0,1,1
4891,-1.11795395039785,1,0,1,0,1,0,1,0,0,0,1,0,0,0,0
4892,1.49643432984496,0,0,1,0,1,0,1,1,1,1,1,1,1,1,1
4893,0.83632335214051,1,0,1,0,1,0,1,1,0,1,1,0,1,1,1
4894,0.372310209198296,1,0,1,0,1,0,1,0,0,1,0,0,1,0,1
4895,0.227683370684467,1,0,1,0,1,0,1,0,0,1,1,1,1,0,1
4896,1.85306508105516,0,0,1,1,1,0,1,1,1,1,1,1,0,0,1
4897,-0.685946606365714,0,0,1,0,1,1,0,0,1,1,1,0,0,1,0
4898,-0.253790923126025,1,0,1,0,1,0,1,0,1,1,1,1,0,0,0
4899,0.0323854520212394,1,0,1,0,1,0,1,0,0,1,1,1,0,0,1
4900,1.59883730573751,1,0,1,1,1,1,1,1,0,1,1,1,0,1,1
4901,-2.40328139883628,0,0,0,0,0,0,0,0,0,0,1,0,0,0,0
4902,-0.164431817394465,1,0,1,0,1,0,1,1,0,1,1,0,0,0,1
4903,0.365308813489337,1,0,1,0,1,0,1,0,0,1,0,0,0,0,1
4904,0.587756458988495,1,0,1,0,1,0,1,1,0,1,1,0,0,0,1
4905,-0.199140547821798,1,0,1,1,1,0,1,0,1,1,0,0,0,1,1
4906,0.183156483334839,1,0,1,0,1,1,1,0,1,1,1,1,0,1,1
4907,-1.49720677331501,0,0,0,0,1,0,0,0,0,0,0,0,0,0,0
4908,-1.52065124974383,0,0,1,0,0,0,1,0,1,0,0,0,0,0,0
4909,-0.415339177109632,1,0,1,0,1,0,1,0,0,1,1,0,0,0,0
4910,-0.576598526758672,0,0,1,0,1,0,1,0,0,1,1,0,0,0,0
4911,0.549661208501777,1,0,1,0,1,1,1,0,0,1,1,0,0,1,1
4912,-0.0343032056617559,0,0,1,0,1,1,1,0,0,1,1,0,0,1,0
4913,1.18221553902447,1,1,1,1,1,1,1,1,1,1,1,0,0,0,1
4914,-0.275297701093718,1,0,1,0,1,1,1,0,1,1,0,0,0,1,1
4915,-0.651420717045739,1,0,1,0,1,0,1,0,0,0,1,0,0,0,0
4916,0.458270635384935,1,0,1,0,1,1,1,1,1,1,1,1,0,0,1
4917,0.150082519720597,0,0,1,0,1,0,1,0,0,1,1,0,0,1,1
4918,-0.917082488444073,1,0,1,0,1,1,1,0,0,1,1,0,0,1,0
4919,-0.180881570157098,1,0,1,0,1,0,1,0,1,1,1,0,0,0,1
4920,0.85917555436702,1,0,1,0,1,0,1,1,0,1,1,0,0,1,1
4921,-0.520265196818821,1,0,1,0,1,0,1,0,0,1,1,0,0,0,0
4922,0.576888076673237,1,0,1,1,1,0,1,1,1,1,1,0,0,1,1
4923,-0.685535317435331,1,0,1,0,1,0,1,0,0,1,1,0,0,0,0
4924,0.384797673154301,1,0,1,0,1,0,1,1,0,1,1,0,1,1,1
4925,-0.164317414456366,1,0,1,0,1,0,1,1,0,1,1,0,0,0,0
4926,0.124616100770493,0,0,1,0,1,0,1,0,0,1,1,0,0,0,1
4927,2.13043026547746,1,0,1,1,1,1,1,1,1,1,1,1,0,1,1
4928,1.41257189234894,1,0,1,0,1,1,1,1,0,1,1,1,1,1,1
4929,0.220294606332921,1,0,1,0,1,0,1,1,1,1,0,1,0,1,1
4930,-0.605683118224568,0,0,1,0,1,1,1,0,0,1,1,0,0,0,0
4931,-0.740172237371851,1,0,1,0,1,0,1,0,0,1,0,0,0,1,0
4932,0.516881537589347,1,0,1,0,1,0,1,1,1,1,0,0,0,0,1
4933,-0.662581293474423,1,0,1,0,1,0,1,0,0,1,0,0,0,0,0
4934,-0.912719252012808,0,0,1,0,1,0,1,0,0,1,1,0,0,0,0
4935,-0.589605958422217,0,0,1,0,1,0,1,0,0,1,0,0,0,1,1
4936,-1.28068205854279,1,0,1,0,0,0,1,0,0,1,1,0,0,0,1
4937,0.528848289683036,1,0,1,0,1,0,1,1,0,1,0,0,0,1,1
4938,-1.18338578505059,0,0,1,0,1,0,1,0,0,1,0,0,0,0,0
4939,-1.45765328181728,0,0,1,0,0,0,0,0,0,1,0,0,0,0,0
4940,1.23838226485415,0,0,1,0,1,0,1,1,1,1,0,1,1,1,1
4941,-0.494297247201112,1,0,1,0,1,0,1,0,0,1,1,0,0,0,0
4942,2.28536841644544,1,1,1,1,1,1,1,1,1,1,1,1,1,1,1
4943,-0.583527475080396,1,0,1,0,1,0,1,0,1,1,1,0,0,0,0
4944,0.807899048607686,1,0,1,0,1,0,1,1,1,1,1,1,0,1,1
4945,-2.40786174876876,1,0,0,0,0,0,0,0,0,0,0,0,0,0,0
4946,-1.65953623093085,1,0,1,0,1,0,0,0,1,1,0,0,0,0,0
4947,0.301849257386056,0,0,1,0,1,0,1,0,1,1,1,0,0,1,0
4948,-0.543620070253006,1,0,1,0,1,0,1,0,1,1,1,0,0,0,0
4949,-0.119577879402567,0,0,1,0,1,1,1,0,1,1,1,0,0,0,1
4950,0.416980681560717,0,0,1,0,1,1,1,0,1,1,1,0,0,0,1
4951,0.232938723993932,0,0,1,0,1,0,1,1,0,1,1,0,0,0,1
4952,0.754045994450932,0,0,1,0,1,0,1,1,0,1,1,0,0,0,0
4953,1.36693465195193,1,0,1,1,1,1,1,1,0,1,1,1,0,1,1
4954,-2.40707454850009,0,0,0,0,0,0,1,0,1,0,1,0,0,0,0
4955,1.48991961798269,1,0,1,0,1,1,1,1,1,1,1,1,0,1,1
4956,2.32075922801473,1,1,1,1,1,1,1,1,1,1,1,1,1,1,1
4957,0.810181961807024,0,0,1,1,1,0,1,1,0,1,1,1,1,0,1
4958,-0.576795170933189,0,0,1,0,1,0,1,0,0,1,1,0,0,0,0
4959,-0.263697765180016,0,0,1,0,1,0,1,0,0,1,0,0,0,0,1
4960,1.57272095967362,1,0,1,1,1,1,1,1,1,1,1,0,1,1,1
4961,0.222316460450391,0,0,1,0,1,0,1,0,0,1,0,0,0,0,1
4962,0.106142497247162,0,0,1,0,1,0,1,0,1,1,1,0,0,0,1
4963,0.204071739557111,1,0,1,0,1,1,1,0,1,1,0,0,0,0,1
4964,0.722017478511232,0,0,1,1,1,1,1,1,1,1,1,0,0,0,0
4965,0.292853282774835,1,0,1,0,1,1,1,1,1,1,1,0,0,0,1
4966,-0.30585941254053,0,0,1,0,1,1,1,0,1,0,1,0,0,0,1
4967,-0.807100334887078,0,0,1,0,1,0,1,0,1,1,0,0,0,0,0
4968,-1.29726971126638,1,0,1,0,1,1,1,0,0,1,1,0,0,0,0
4969,0.63658054646683,0,0,1,0,1,0,1,1,1,1,0,0,0,1,1
4970,1.58114043287603,0,1,1,0,1,0,1,1,1,1,1,1,0,1,1
4971,-1.88549589798141,0,0,0,0,1,0,1,0,0,0,0,0,0,0,0
4972,-2.67548675875495,1,0,1,0,0,0,0,0,0,0,1,0,0,0,0
4973,0.853309855799863,1,0,1,0,1,1,1,1,1,1,1,0,0,0,1
4974,0.422800531698163,1,0,1,0,1,0,1,0,1,1,1,0,0,0,0
4975,0.0690010601886303,0,0,1,0,1,0,1,0,0,1,1,0,0,0,1
4976,-0.313804329648637,1,0,1,0,1,0,1,0,0,1,1,0,0,0,1
4977,1.56542611164041,0,0,1,1,1,1,1,1,0,1,1,0,0,0,1
4978,-0.0670752883520228,1,0,1,0,1,0,1,0,1,1,1,0,1,0,0
4979,1.83598025996258,1,0,1,1,1,0,1,1,1,1,1,1,0,1,1
4980,0.663351311947717,1,0,1,0,1,0,1,1,1,1,1,1,0,1,1
4981,-0.507122153331072,0,0,1,0,1,0,1,0,0,0,1,0,0,0,0
4982,0.58706939146808,1,0,1,0,1,0,1,0,0,1,0,0,0,0,1
4983,-2.35639042008986,0,0,0,0,0,0,0,0,0,0,1,0,0,0,0
4984,2.13353619938063,1,0,1,0,1,0,1,1,1,1,1,1,1,0,1
4985,0.0878774503730668,1,0,1,0,1,1,1,0,0,0,1,1,0,1,1
4986,-0.839985280709737,1,0,1,0,1,1,1,0,0,0,0,0,0,0,1
4987,0.22548346858529,0,0,1,0,1,0,1,0,0,1,1,0,0,1,1
4988,-0.973572160292646,1,0,1,0,1,0,1,0,0,0,1,0,1,0,0
4989,-0.637478703206269,0,0,1,0,1,0,1,1,0,1,1,0,0,0,0
4990,0.853770528245339,1,0,1,0,1,1,1,1,1,1,1,0,0,0,0
4991,-0.901026055367548,1,0,1,0,1,0,1,0,0,1,0,0,0,1,0
4992,-0.440050103242454,1,0,1,0,1,0,1,0,1,1,1,0,0,0,0
4993,-0.774503973560839,0,0,1,0,1,0,1,0,0,1,0,0,0,0,1
4994,0.643464153041631,1,0,1,0,1,0,1,0,0,1,1,0,0,1,1
4995,0.168684111079765,1,0,1,0,1,0,1,1,1,1,1,0,0,0,1
4996,1.39183773234912,0,1,1,1,1,0,1,0,1,1,1,1,0,0,1
4997,-2.17066209469755,1,0,0,0,1,0,0,0,0,0,0,0,0,0,0
4998,-0.907938932928345,1,0,1,0,1,0,1,0,0,1,1,0,0,0,0
4999,-0.47055407868612,1,0,1,0,1,0,1,1,0,1,1,0,0,0,1
5000,-0.598224652623084,1,0,1,0,1,0,1,0,1,1,1,0,0,0,0
