"Items","Difficulty","Discrimination"
"Item1",-2.61102315097692,0.924759410555035
"Item2",-0.299069616402651,1.63346346739844
"Item3",-0.954446946778948,0.627017849258819
"Item4",2.6003044547293,3.12092183458942
"Item5",-1.09653080555052,0.37232780603823
"Item6",-0.0901438516064385,2.13171082833186
"Item7",0.920805965844952,2.83452498289938
"Item8",1.12320758748805,2.32451545597861
"Item9",0.407274642616186,2.1893088785204
"Item10",1.28512293831705,3.31730218737793
"Item11",0.112091564098791,1.98553119108546
"Item12",-2.16096185080162,0.709269193363116
"Item13",-0.229609660579351,1.46225060657178
"Item14",-1.0343658680703,0.585006230327103
"Item15",-1.44944362638442,0.563183199876956
"Item16",1.1557030248514,2.74604914066417
"Item17",2.30136740861598,3.35304995418784
"Item18",-1.14172324458387,1.16707668144015
"Item19",0.986052682149068,2.75179542042844
"Item20",0.929338795838999,2.90248909239852
"Item21",0.733263863577639,2.45942012567383
"Item22",2.22534104072589,2.87359581989146
"Item23",0.272821869590213,2.62087609112569
"Item24",0.0831068549408117,1.88055370101911
"Item25",-1.27875774704345,0.618177415583569
"Item26",1.1927766501555,2.69909665259836
"Item27",1.29009026542887,3.04114098536233
"Item28",-1.40029555455758,0.251463799332404
"Item29",-1.19092453560756,1.26268377147846
"Item30",2.29945495195206,2.63046927303502
"Item31",-0.901726105413907,0.725204065081415
"Item32",0.762708881692775,2.79189515673152
"Item33",1.56196886594947,3.05019097192719
"Item34",0.0969319222444023,2.08099412815318
"Item35",1.10412362252659,2.70356344100149
"Item36",0.987182410988599,2.98361480779783
"Item37",-0.668371755387069,1.40054670075368
"Item38",-1.36222856484934,1.13304366371659
"Item39",-1.31517814619428,0.935189708429441
"Item40",-0.300315782823122,1.48588450585023
