"Items","Difficulty","Discrimination"
"Item1",-1.36166794249531,0.835426992924779
"Item2",-2.03436025058673,0.598606152577304
"Item3",0.655490651397367,2.4321701808706
"Item4",1.34131769154228,2.9440893728158
"Item5",-1.54832049051257,0.78862050118627
"Item6",-0.675208286603413,1.232671749095
"Item7",-3.0275939622697,0.475304711929852
"Item8",-0.234303194874611,1.5998401279579
"Item9",0.0727773328584109,1.95721550304522
"Item10",-1.08473895077702,0.768389116805637
"Item11",1.13081190832685,3.11035413489495
"Item12",1.92463990743747,3.13034618189242
"Item13",1.12239406819921,2.84520354434587
"Item14",0.675764742930194,2.52662528913127
"Item15",-0.158235552328668,1.69185777785885
"Item16",0.464910371079589,2.34819198887559
"Item17",-1.81967964851006,0.739235579247443
"Item18",-1.42661207345539,0.743644453568779
"Item19",-1.94129580776002,0.601041523239579
"Item20",1.13975981458092,2.89804532141494
"Item21",-1.4041795518286,0.638720010953468
"Item22",-1.60985129984121,0.76695709153568
"Item23",-0.558443149067947,1.36128286223966
"Item24",1.15129975519245,2.864147567686
"Item25",-1.29066124496381,0.890679446890848
"Item26",-0.0731002303688786,1.85342574267541
"Item27",1.96197988645651,3.09665146327579
"Item28",0.191670966665696,2.09900625141662
"Item29",-0.125407377351013,1.77385442090886
"Item30",-0.741819705182626,1.06528040716094
"Item31",0.917424726131357,2.62131150665695
"Item32",-0.815609273669038,1.0540782115132
"Item33",-1.26028605745588,0.819105802869851
"Item34",1.53639786491777,2.99968439925158
"Item35",-1.83541798163086,0.716316943355591
"Item36",-2.25028422119832,0.43399150870706
"Item37",-2.4172762035378,0.674411872160053
"Item38",-1.80200200165389,0.868287673535175
"Item39",0.40318359523087,2.31049749448314
"Item40",-0.845874150037485,1.11188316485727
