"Items","Difficulty","Discrimination"
"Item1",1.86086648136331,3.17206561356139
"Item2",0.0796655007697524,2.02396866195939
"Item3",-0.586969216276227,1.50093857640029
"Item4",0.8508999520276,2.82359183153769
"Item5",-0.100956460429861,1.77067297740206
"Item6",1.30754061722104,2.89100605244791
"Item7",1.59613644216513,3.15137914372308
"Item8",-1.98238302652984,0.641772139809549
"Item9",-0.94676860546733,0.973213226712669
"Item10",-1.21138322795928,1.10778356402191
"Item11",-1.39117002393506,0.690208488853652
"Item12",-0.275567350937474,1.41359963001744
"Item13",0.750476519055548,2.55545338607754
"Item14",-1.15856398666176,0.844456867672021
"Item15",0.915164541116203,2.74684933723199
"Item16",-1.65451457121401,0.830386103460205
"Item17",1.29972338584504,3.02745855662406
"Item18",0.773366833195766,2.41719480741014
"Item19",-1.76412318528796,0.56735633413551
"Item20",0.0439327468466338,2.08863657194648
"Item21",-0.792921104432014,1.10200443786838
"Item22",0.858772205005696,2.82695682135469
"Item23",1.88532013383271,3.14844855179748
"Item24",1.96824623363163,2.89350415031707
"Item25",1.25500556555101,2.84861298897227
"Item26",-0.730358192219665,1.19365434564102
"Item27",-1.63983881447614,0.825495497363475
"Item28",-0.700728301725801,1.2405262874061
"Item29",0.528752690330638,2.43031741905732
"Item30",-0.311589660162145,1.58266442458801
"Item31",0.796369850976474,2.65369571780666
"Item32",1.72164558951179,3.04874662758142
"Item33",-1.63814770977999,0.639881304004907
"Item34",-0.020043649133345,1.67931951117296
"Item35",0.163560063439645,2.0718210684437
"Item36",-1.60088623205943,0.847511627570079
"Item37",1.26635226996653,2.95270516024383
"Item38",0.147986469128284,2.13450216861891
"Item39",1.41572892271437,3.05356370905067
"Item40",-1.21893004521714,0.931192101010392
