"Items","Difficulty","Discrimination"
"Item1",0.192181684165633,2.15262002787066
"Item2",1.31493501969914,2.74600325888074
"Item3",0.953222864537026,2.78047810025161
"Item4",-1.0329092607888,1.0109368089954
"Item5",0.166842548169578,2.18733073106547
"Item6",1.78425320689026,3.03193058537752
"Item7",0.420557341454079,2.4392274921267
"Item8",0.894197824785502,2.64909639067401
"Item9",2.18000023800744,3.12607447966577
"Item10",-2.33190727990164,0.511479459337741
"Item11",1.25928624593082,2.81370522791414
"Item12",-0.877438215939108,1.07593169295988
"Item13",1.97460096944397,3.15345206546153
"Item14",-1.96642262539457,0.411291504360678
"Item15",1.46269136952112,3.02737600776796
"Item16",-1.76285994157152,0.525151362698734
"Item17",-2.17340114707151,0.558750470666951
"Item18",1.48593335324336,3.03625514396314
"Item19",-1.09428992656374,0.862927004370032
"Item20",-1.73144410172472,0.850844555388792
"Item21",-2.63301945950302,0.603992041253964
"Item22",-1.21159265914192,0.811558813738671
"Item23",-0.0824682623170628,1.83847967503904
"Item24",-0.676487457692974,1.14365825741747
"Item25",-1.17020019522038,0.92838528678058
"Item26",2.12220647888636,3.15209385055949
"Item27",0.298950056232984,2.06005204279265
"Item28",1.53086498527698,3.04232869957766
"Item29",0.0535978138147615,2.07862109756395
"Item30",0.325415432660837,2.16598890279798
"Item31",0.915807358569516,2.62230847227224
"Item32",-0.955009565290759,1.06772016334555
"Item33",1.43137693343218,3.06536201762128
"Item34",1.51500505279926,2.99078659781859
"Item35",-1.86120007567344,0.739971835930461
"Item36",0.220451736650811,2.07132812574268
"Item37",2.71167171764493,3.05647623830895
"Item38",-1.60835285650201,0.667735405166183
"Item39",-0.244579064174798,1.88474619448476
"Item40",-1.41000457416732,0.700687103172468
