"Items","Difficulty","Discrimination"
"Item1",1.93553377069758,3.02466915091956
"Item2",1.6158233599873,3.11529264067712
"Item3",1.14455659782256,2.95441670441225
"Item4",0.801353560058068,2.50100264120328
"Item5",1.79398090769002,3.10323118889332
"Item6",-1.2820728420536,0.6964472258165
"Item7",-2.3040271545549,0.699204234979319
"Item8",1.10175357901087,2.85948509335935
"Item9",-0.922212031817289,1.05603978450319
"Item10",1.51499755114973,2.8240611408012
"Item11",-1.37711373512773,0.628451236874096
"Item12",-1.5629267154654,0.787598151728101
"Item13",-1.98530621526618,0.472475055898111
"Item14",-1.67560491793258,0.496443867281345
"Item15",-1.25871438684364,0.893742952956582
"Item16",-0.83148685667645,1.15663810467857
"Item17",0.575138439461034,2.55193336885603
"Item18",1.97794025272981,3.16078906053306
"Item19",0.946941308635744,2.79458525173638
"Item20",-2.65014891620792,0.562200444108179
"Item21",1.2694169859543,2.87320542351701
"Item22",-0.970357943128664,0.963494273488965
"Item23",1.50372660186839,2.91065084336757
"Item24",-0.678430969568344,1.26156712777857
"Item25",-1.06874347412828,1.13481032884425
"Item26",0.445516012586661,2.10591767183881
"Item27",-0.925860371600009,1.2732041876534
"Item28",-1.2570521119452,0.836373527231765
"Item29",-1.47167639828288,0.805197671298582
"Item30",1.26543470754769,2.85021770555765
"Item31",-1.22308907314994,1.02252461230421
"Item32",0.83545546386379,2.61379811488379
"Item33",0.0310983284591935,2.16266231159685
"Item34",0.968019886166076,2.61582857771055
"Item35",-1.14291234899153,0.841665885832045
"Item36",1.46482159097289,2.94782555839313
"Item37",-0.0124310551414581,1.8504219487572
"Item38",-1.65401414611454,0.873223631004807
"Item39",0.45154033758119,2.33615757338844
"Item40",-1.55234908018584,0.639473474196888
