"Items","Difficulty","Discrimination"
"Item1",0.0591007597720064,2.78850084667506
"Item2",0.921348909405128,2.8512889036082
"Item3",-1.73473389032229,3.3399893440831
"Item4",-1.10734050988407,2.73625407591342
"Item5",0.400434330663551,2.75155067606839
"Item6",1.45071254562989,1.82215352593375
"Item7",-1.22641119335287,3.10272224332712
"Item8",-0.615583467668645,2.86385016604159
"Item9",-0.32333604935174,2.62715568271874
"Item10",0.651285848110263,2.83604828743722
"Item11",-0.159062252083678,2.6396532557279
"Item12",-1.47676477438966,2.59480399001814
"Item13",2.02512394309311,1.23555719067701
"Item14",-0.932642446585007,3.29495768697565
"Item15",0.698169286874237,2.74315151825467
"Item16",-1.53822721583782,2.75915138509524
"Item17",0.586530993875787,2.95516409106948
"Item18",-2.29522183746371,3.09143485593733
"Item19",1.18187080731573,2.69903143190882
"Item20",0.679464104893959,2.5884875255599
"Item21",-0.832316887354546,2.83611452071128
"Item22",-1.31458908698096,2.95816303381069
"Item23",0.0351664951694436,3.33353282098104
"Item24",1.46554078511579,1.69029407981468
"Item25",-0.298801799726675,3.2327498264439
