"Items","Difficulty","Discrimination"
"Item1",-1.24686045646876,3.52432356849075
"Item2",-2.1851460390907,3.12979901353783
"Item3",-1.26566199922517,3.11158660353944
"Item4",-1.5052532809086,3.00970935303201
"Item5",-0.962668505944677,3.15972066005532
"Item6",-0.406205025805964,2.98444937989198
"Item7",-1.29030268018214,2.83464323184497
"Item8",-0.919607745969875,3.17796133222828
"Item9",-0.979602274937993,2.97743048955659
"Item10",-1.09506345563498,2.56908636573895
"Item11",2.09612847790831,1.16141664828151
"Item12",2.4552501247105,1.27967121584204
"Item13",-1.29715879549423,3.20076966087176
"Item14",1.79126829762407,1.85719874123011
"Item15",0.396040125434256,2.98040073106391
"Item16",0.065931925137992,2.96484144108292
"Item17",-0.890723991061119,2.95314154350999
"Item18",-2.33807438437214,3.19959462296896
"Item19",0.747695947884026,2.48595913247739
"Item20",-1.83248873297529,2.97971619206998
"Item21",-0.37167797199951,3.19119253958879
"Item22",-1.52621698432144,3.46332100667555
"Item23",-1.86123108083148,3.54262907548556
"Item24",0.822437556180539,2.73588682288603
"Item25",-1.40681551298796,3.28695273766557
