"Items","Difficulty","Discrimination"
"Item1",-2.25696637737335,2.82980236744149
"Item2",0.0620734592761113,2.56836094043547
"Item3",-0.426487024192632,3.31691194220131
"Item4",2.61232232034078,0.893955850322308
"Item5",-1.0247366836617,2.96535480039944
"Item6",1.91460628663966,1.8978678924612
"Item7",-0.711856952038018,3.2710192209725
"Item8",0.58385569197236,2.62697060840361
"Item9",0.18497281227803,2.83544490620017
"Item10",-1.38745360772301,2.98359266378377
"Item11",2.00698990920455,1.27681782712971
"Item12",-0.833461177046976,3.15437937628041
"Item13",0.894347837803719,2.96547311170182
"Item14",1.1081153262899,2.23071720182893
"Item15",0.389661351108475,2.90548925292435
"Item16",1.48393602867235,1.76284217874462
"Item17",-0.414953383380747,2.82217919926879
"Item18",-0.444176912816819,2.74026743473224
"Item19",-1.02363399157272,3.16515842970713
"Item20",1.20322413310611,2.06672537069069
"Item21",-0.999517702410688,2.8884795994732
"Item22",-0.225433250932735,3.12501538160756
"Item23",1.25935756477599,2.3259886869621
"Item24",-0.510250742654124,2.77753083153962
"Item25",0.10885722030794,2.98647712274685
