"Items","Est.Discrimination.2PL","Est.Difficulty.2PL"
"Item1",0.14094086462127,-0.856660784802919
"Item2",0.166302670207529,-0.0485479982699446
"Item3",2.71977515889801,1.306637604751
"Item4",0.275936760442856,-0.458451213423891
"Item5",0.252125051142877,0.112651678195627
"Item6",0.167707717324098,0.817687722238846
"Item7",0.270278066335878,-0.0603976296042535
"Item8",0.102178930158683,-2.0880876149591
"Item9",0.367972351529114,0.134546327299425
"Item10",0.226941777076311,-0.160786530953372
"Item11",0.260031003094634,-0.360045974948174
"Item12",0.185508341221492,0.152083659600865
"Item13",0.070953753357345,-1.581909593578
"Item14",0.0967512601731077,-0.912092100627952
"Item15",0.1000032848167,0.601524101500987
"Item16",0.169501808664711,0.546860350223243
"Item17",0.308123441164555,-0.2659086369448
"Item18",2.16812377231956,-1.03869486427217
"Item19",0.0525942730839542,-1.67529781566056
"Item20",1.81645795365409,-0.0948585271137569
"Item21",2.23072076020662,-1.17638587278203
"Item22",0.303496769240418,-0.662491182190815
"Item23",1.6353026895053,0.78619006293638
"Item24",2.16521541064342,0.852165889713095
"Item25",0.16755014734118,0.288387267689059
"Item26",0.0483665245577486,-1.3243880339884
"Item27",0.134566150712375,-0.627393986876235
"Item28",0.285014365912991,0.14299977762007
"Item29",0.228966258457734,-0.852068659833574
"Item30",1.84226057084032,-0.47877161902107
"Item31",0.356167269965981,0.208253215852713
"Item32",0.336853103110876,0.219543333479672
"Item33",0.206651171762426,0.665917766146215
"Item34",0.166644982825334,0.410879946661861
"Item35",0.214843190664246,-0.509006352257865
"Item36",2.15315444735902,0.219800357114631
"Item37",0.156382059118052,1.26483906444403
"Item38",0.264029294873774,0.030674454610752
"Item39",0.207128725027358,-1.35528117534735
"Item40",2.25122843783526,0.449202547741442
"Item41",0.282895248126261,-0.303041237963869
"Item42",0.234067995936244,-0.555079344498613
"Item43",0.185683656760557,1.02397045674006
"Item44",2.08354338819395,0.122489615225839
"Item45",2.12726656411378,0.5884316222284
