"Items","Est.Discrimination.2PL","Est.Difficulty.2PL"
"Item1",2.31947818563094,-0.940476619728642
"Item2",0.166162361574045,0.218323603308143
"Item3",0.151232789860582,-0.0264382300699816
"Item4",0.22501226690479,0.994159248045896
"Item5",0.262838193887763,0.21705461686971
"Item6",2.07715850724816,-0.38902091506832
"Item7",0.27314207403304,-0.074210038619775
"Item8",0.0675282523431744,-0.474339804392562
"Item9",2.17932228759169,0.550140054849068
"Item10",0.304055184366408,0.485493768000179
"Item11",0.337112426495724,0.000469555844787533
"Item12",0.152019444871841,1.30098391753553
"Item13",0.276772699621752,-1.41523366337799
"Item14",0.282615110710111,0.202438232335994
"Item15",0.245982070731188,-0.247310664782763
"Item16",2.34813293195255,0.234489313528452
"Item17",0.237787248200065,-1.18399090332962
"Item18",0.0955578852210856,-1.76606772056925
"Item19",2.19540796058305,0.706265487448324
"Item20",2.35868233776453,-0.130998000158685
"Item21",0.33355407138454,0.22223470336467
"Item22",0.0459285354559845,0.871332968880715
"Item23",0.290688989042423,-0.140078537501001
"Item24",0.248046723598297,-0.409264496716367
"Item25",0.201814566973563,0.10032517826752
"Item26",0.121072346182786,0.530746805635018
"Item27",2.09398192847607,-0.116088190844886
"Item28",2.85004614804339,-1.10076300629142
"Item29",0.204849749321292,-0.0786730497675936
"Item30",0.218882408862296,0.0557282461527704
"Item31",0.228284390929402,0.693778266331132
"Item32",0.298297415056578,-0.356126627495126
"Item33",0.143110821338405,0.562245530218457
"Item34",0.252527941534338,-0.273276447552574
"Item35",0.145851469962223,-0.910909773660886
"Item36",0.169636928331674,-0.999514418640695
"Item37",2.32382019249412,-0.594176107628938
"Item38",2.07146259282198,0.770694551203877
"Item39",0.186706462863386,0.692592290772069
"Item40",2.18486181990138,-0.452287699097761
"Item41",2.31999786750207,-0.405282287143377
"Item42",0.233839773282665,0.62543783871548
"Item43",0.125218023302668,9.62609160703457e-05
"Item44",0.229802737253977,-1.29602863890449
"Item45",0.215747639242746,-0.168533816716214
