"Items","Est.Discrimination.2PL","Est.Difficulty.2PL"
"Item1",3.05392801411671,0.918928396148917
"Item2",0.0974944909667032,-0.246940744409791
"Item3",0.317461772699796,0.582789799944646
"Item4",2.32760956155562,-0.534166586045075
"Item5",0.242964677508794,-0.905271391710163
"Item6",0.195677022808935,0.516465631564692
"Item7",0.184617616361604,0.174860640811955
"Item8",0.220267798690812,0.0185004869686588
"Item9",2.18887886924063,-1.02785593384943
"Item10",0.134314966518886,0.658571395797408
"Item11",0.0698218873302965,0.458867575764959
"Item12",2.14786228267829,-1.23729092157471
"Item13",0.182657739097018,0.641072229076314
"Item14",2.39026986251646,0.326244690186259
"Item15",0.0909474023627771,3.60139652645512
"Item16",0.240180099502801,-0.813091054112533
"Item17",0.151495024063217,-0.637784121765007
"Item18",0.259248100185729,-0.533862904699231
"Item19",0.205616867062346,0.70899941446404
"Item20",2.09763917695526,0.208202930693931
"Item21",0.277276801050734,-0.766705209815772
"Item22",0.160205979978571,0.377052160255329
"Item23",2.4959664066292,-1.13364506514146
"Item24",2.17554216781487,0.180416192895785
"Item25",0.322076704474922,-0.433111982314808
"Item26",2.00943771204688,-0.0682851488681
"Item27",2.74760216335457,-1.01176148351664
"Item28",0.121985818473286,-0.263406227735224
"Item29",0.119241788351523,0.842332590460007
"Item30",0.265419157519983,-0.0764168220572569
"Item31",1.92058710616669,0.168923764373012
"Item32",0.195397270071154,0.683069688622401
"Item33",2.35981563263666,0.481008956214978
"Item34",2.3360105543303,-0.838794395140314
"Item35",2.31900715253619,-0.682606655155372
"Item36",0.200669102380611,-0.746135890581888
"Item37",2.30149539353477,0.241117111009242
"Item38",0.0758932899920207,-1.58555691045253
"Item39",1.8935665886587,0.189549381739965
"Item40",2.32036246365658,-0.430023807977794
"Item41",2.06841718599404,0.555960094145969
"Item42",0.270548409107909,-1.19854755097335
"Item43",0.169725561122172,0.665297624575654
"Item44",0.171942649614097,-1.48420664015017
"Item45",0.0680297010658757,-1.47305234672746
