"Items","Difficulty","Discrimination"
"Item1",1.86551882453191,1.19732421634594
"Item2",0.00566446248811199,3.03902536215126
"Item3",1.36295984951927,1.76848164555663
"Item4",0.22390776871041,2.94582622864315
"Item5",2.27418197649644,0.864605032869066
"Item6",1.5178136712578,1.70007012941466
"Item7",0.567435058211936,2.48615971477784
"Item8",0.110020045506656,3.03026110394205
"Item9",-1.42196345110014,1.40394608511
"Item10",-1.92825788681995,1.43023305664353
"Item11",1.69426714357747,1.21626570003431
"Item12",0.309793765250219,3.73773819287697
"Item13",1.54319904691138,1.77122113366679
"Item14",-0.596684545864021,2.36099144851376
"Item15",0.272335354662278,2.78037988335417
"Item16",-1.23119539839483,2.10518427677385
"Item17",0.453675468827047,2.7304091746763
"Item18",-0.701746058539888,2.34360775946088
"Item19",-0.468662853026224,3.02413599126627
"Item20",-1.54489942257381,1.0304426644904
"Item21",-0.388928248931511,2.41780945412901
"Item22",-0.984470111587286,2.16562884199039
"Item23",1.11124096225634,1.82567328540466
"Item24",0.778056607074703,2.52719445986541
"Item25",1.51046581752801,1.19597242070962
"Item26",0.33746603549294,2.67618133076566
"Item27",2.55135660875989,0.863126661243294
"Item28",-0.506410307297035,2.80551504972462
"Item29",0.378640561070644,2.62528371654828
"Item30",0.903469039747015,2.04677850704588
