"Items","Difficulty","Discrimination"
"Item1",-1.67150029165822,1.30613423526333
"Item2",-0.787769289063637,2.41878843767555
"Item3",-1.22207027446507,1.62866565952875
"Item4",1.39809349202703,1.76244853498785
"Item5",2.13499493970445,1.21684417965884
"Item6",1.19847730247809,1.85544057237485
"Item7",-1.32688592728066,1.55580864755095
"Item8",0.773781780511028,2.46373572454181
"Item9",1.45495054194107,1.55424123902637
"Item10",-0.262754740185791,3.04060523006782
"Item11",-0.20602971448384,3.00683700039309
"Item12",0.872875185240399,2.14926938183787
"Item13",1.91050215583308,0.99815855258281
"Item14",1.35846079950607,1.56469284473529
"Item15",0.00199502692919508,2.88862191375028
"Item16",0.292559508409997,2.89831184777123
"Item17",0.260305120111962,2.94168646984565
"Item18",1.10917765074275,1.89634757189158
"Item19",-0.649033177291141,2.65705903494694
"Item20",0.292677518818046,2.80315509100821
"Item21",0.342687296918637,2.93192203401328
"Item22",0.904470565503014,2.29369602628199
"Item23",-1.15225156474455,1.90520018045643
"Item24",-0.208434112767459,3.06693667576598
"Item25",1.9578466768922,1.18437775338572
"Item26",-1.00898807553572,2.07970457578595
"Item27",1.54072001636151,1.55575404470421
"Item28",-1.17354792450152,2.04392235637958
"Item29",-1.58883149996423,1.29630661462474
"Item30",-0.548977269143738,2.75289055472985
