"Items","Difficulty","Discrimination"
"Item1",2.06983416670002,1.08385871998032
"Item2",0.626022121244327,2.57888672463483
"Item3",-1.01159548684169,2.11462645210887
"Item4",0.825504584999145,2.18792217095224
"Item5",1.46383614641975,1.44591699278258
"Item6",-0.359799676017919,2.9893645871099
"Item7",-0.775035162663432,2.49384669887553
"Item8",0.582525096329558,2.73954461653393
"Item9",0.165524193144564,3.02772040606979
"Item10",1.46128085645764,1.57938481309669
"Item11",-2.19244715532458,1.12864879127743
"Item12",2.53832512694404,0.900835365084885
"Item13",2.11227670214912,0.827431251966366
"Item14",0.276751318246505,2.77841217602913
"Item15",2.33810838366483,0.772497706713424
"Item16",1.27744287094282,1.68247457016463
"Item17",-1.68540120064451,1.1887184036357
"Item18",1.18585633546546,1.94907069491619
"Item19",-1.61793994506263,1.40608844083319
"Item20",-1.4160071449767,1.69172982879525
"Item21",-1.4695462847985,1.47231551780079
"Item22",-1.83263761800982,1.04031082893974
"Item23",0.0758904695643929,3.03488364984342
"Item24",1.4477365808724,1.6238757048781
"Item25",0.959743102480361,2.25756259586107
"Item26",-1.11029574921169,2.00527922670504
"Item27",1.53627420709736,1.56721246879349
"Item28",0.347882540411234,2.96644566110003
"Item29",1.18099040310792,1.95556796984166
"Item30",1.56775601252375,1.30040347706014
