"Items","Difficulty","Discrimination"
"Item1",-0.29190872164833,3.05456609839916
"Item2",1.40263519798265,1.58149005573516
"Item3",1.47293829422058,1.43534724068233
"Item4",0.576850833510132,2.52048711280497
"Item5",1.11164344515732,1.73054965047644
"Item6",-0.244413946726772,3.02074877419453
"Item7",0.37480855009826,2.7929091331463
"Item8",-2.34240759367822,0.866806874452414
"Item9",-0.260753206389644,2.83357056688374
"Item10",2.03271289448285,0.957227366007679
"Item11",-1.24473758000807,1.75788873255229
"Item12",0.420538048627848,2.70834264630267
"Item13",1.34781443500548,1.58045011220184
"Item14",0.920643663577485,2.10891800360604
"Item15",0.275228991491937,3.01472492966098
"Item16",-0.640587478063317,2.59851769829673
"Item17",-0.404577863281899,2.75153790477737
"Item18",-1.58474600856346,1.35782196266298
"Item19",1.70980386743623,1.17593246427999
"Item20",-0.928767477219612,2.12444109271535
"Item21",-0.214063487888541,3.0602970711415
"Item22",1.48878787057439,1.34317472150978
"Item23",-0.662273075878271,2.53440894469903
"Item24",1.43409339080105,1.65908520835849
"Item25",-1.64885913637659,1.30244482076844
"Item26",2.14584969152647,0.855095552094502
"Item27",0.229920776815189,2.98374266999752
"Item28",-1.17696022445746,1.85661519712301
"Item29",0.81822330285387,2.34673984116388
"Item30",-0.0436454057544148,3.00607001397935
