"Items","Difficulty","Discrimination"
"Item1",-1.41130828979747,1.68249098373611
"Item2",-2.16067780191315,1.04593260353523
"Item3",-0.0846946109319018,3.10181647486989
"Item4",-0.828605370035349,2.30998727774491
"Item5",0.708948302351957,2.44711701585108
"Item6",0.260692384847097,3.04533188143435
"Item7",-0.781443704234027,2.45700642214335
"Item8",1.82519383178326,1.38697069885565
"Item9",0.304479077564146,2.73668222939217
"Item10",-2.49477052581753,0.771959763050165
"Item11",-1.09892826978643,1.99415293465485
"Item12",0.643619933043807,2.67738147967531
"Item13",0.23082183770172,2.95857806784043
"Item14",-1.49392301142516,1.40310398661274
"Item15",-0.621245256850629,2.55982470954941
"Item16",1.48528870661393,1.44683731091776
"Item17",0.538922982557482,2.73202337567599
"Item18",-0.357587301854192,2.79064639585593
"Item19",1.52983744784212,1.20703408197027
"Item20",0.0503256248979479,2.89429180635034
"Item21",0.424149540733874,2.62149715436753
"Item22",1.38338341188761,1.60072008836458
"Item23",-1.38861351227078,1.71533860447017
"Item24",0.279382258255412,2.85818527983223
"Item25",0.168972053805623,2.92743108972479
"Item26",-0.311577891056967,2.8710775219033
"Item27",1.04807546101774,1.98144844769812
"Item28",-1.57541935991392,1.35061521009529
"Item29",0.581542884577059,2.57725944067708
"Item30",1.0107966780602,2.08675208617682
