"Items","Difficulty","Discrimination"
"Item1",0.652248559808939,2.75982113771693
"Item2",-0.663631630153954,2.74530564133233
"Item3",-1.7075820859345,1.50850796829657
"Item4",0.630606967342707,2.48983477067887
"Item5",-1.54014758046388,1.34292928680364
"Item6",-1.13461234120442,1.85755758836279
"Item7",-1.95192300879812,1.36819093374207
"Item8",-1.37816526507917,1.55881401928346
"Item9",-1.30226536943176,1.9677454106057
"Item10",-1.31912473725638,1.57170584782042
"Item11",-0.671976443884924,2.30319709052924
"Item12",0.987712084761621,1.84948988511618
"Item13",-2.54679128099503,1.11759706226785
"Item14",1.4205479799893,1.25954261608958
"Item15",-0.303776695262122,3.18155092656788
"Item16",-1.37668188749267,1.50858034950052
"Item17",-0.957404899858101,2.13185886360176
"Item18",-0.398170746960369,3.1528354617107
"Item19",0.937222019030482,2.23136127873622
"Item20",-1.32196343747583,2.08992289222348
"Item21",-1.67800227191573,1.29493475604167
"Item22",-0.295160261815436,2.84773875344255
"Item23",1.40600099472591,1.38625301843201
"Item24",-1.97914965049525,0.636091411943478
"Item25",-1.87136313879513,0.819138399991381
"Item26",-0.893378072931807,2.2520089091579
"Item27",-0.390332022924402,2.6331926990321
"Item28",1.28258719753853,1.22693444249933
"Item29",1.13870517244585,1.97337944540706
"Item30",-1.58229230143737,1.27517255540286
