"Items","Difficulty","Discrimination"
"Item1",-1.31315188976859,1.55679796567986
"Item2",0.710934956929929,2.17382017402711
"Item3",2.10136731469164,1.3554414104072
"Item4",1.91532519331063,1.13566240406526
"Item5",-0.993431408321505,1.76403402084693
"Item6",1.65641741588643,1.2071408380424
"Item7",1.17418110719979,2.14282486617493
"Item8",-0.827050483188813,2.18709156911008
"Item9",2.51758251084226,0.638126836675582
"Item10",-2.8591970086758,0.450777591909592
"Item11",-2.02028861971471,0.824304734188642
"Item12",-0.887122380914395,2.01773138363243
"Item13",-1.80980836824756,1.28777207243021
"Item14",0.720388549468817,2.86647633974618
"Item15",-0.513982343633148,2.66438774013628
"Item16",1.60379595121429,0.795583219893759
"Item17",0.167569139223123,2.80819130923564
"Item18",0.895758890441451,1.93462600601305
"Item19",-0.861227118500676,2.39509513544141
"Item20",2.1526178411416,0.656255203802987
"Item21",-1.17461055279723,1.75789321693387
"Item22",-0.855232452831217,2.41721470447352
"Item23",-1.56005862482556,1.18863569836475
"Item24",-1.48733108495675,1.48312192571069
"Item25",-1.46805876680001,1.80610169674987
"Item26",1.71845225815837,1.67017423646695
"Item27",-1.3016581523164,1.66919254720582
"Item28",-1.71282089871748,1.4542327634765
"Item29",1.34496528650119,2.3438032303822
"Item30",-0.0655882889971176,3.10677366307432
