"Items","Difficulty","Discrimination"
"Item1",1.11200417189564,1.73327956705637
"Item2",0.734061734956052,2.17180852103072
"Item3",2.15660451576382,0.815332151146192
"Item4",-0.969817306370144,1.71915038010345
"Item5",-0.73993917284269,2.45315472320605
"Item6",0.0320093823463228,3.1088483401006
"Item7",-0.241872721343888,3.06712718602819
"Item8",1.35879615342981,1.80096410742614
"Item9",-0.297066939659883,2.82434425430555
"Item10",-0.161498327452933,3.02653714831554
"Item11",-0.860839937965427,2.25919954040833
"Item12",0.826988495508388,2.14964965210654
"Item13",0.303990811267375,2.65727975390399
"Item14",-0.39778418916055,3.30843761153095
"Item15",-0.493577983364574,3.00155102053391
"Item16",1.18789342962473,2.18529832037524
"Item17",0.347704614222176,2.80022293426787
"Item18",2.24900819406295,1.08539953830615
"Item19",1.10793693353825,1.95702962775783
"Item20",1.24628690698624,1.42891818386337
"Item21",0.649226859865112,2.60233174485266
"Item22",-0.233256566861173,2.69619944192899
"Item23",-2.11960391407474,1.50130766278235
"Item24",-0.0305830150093197,3.20073074438188
"Item25",-1.60318210903379,1.4935103387887
"Item26",-0.0623936220725091,2.90196533576674
"Item27",-1.45237901255807,1.26860385881412
"Item28",-2.17888936000924,1.29021561773279
"Item29",-0.69362627175928,2.26579910166087
"Item30",2.02253449672641,0.743549192192673
