"Items","Difficulty","Discrimination"
"Item1",-0.268349062584706,1.97049651564406
"Item2",0.190217689005216,1.45645174008613
"Item3",0.986708673263326,0.571816731744278
"Item4",1.06040965746822,0.429122831609193
"Item5",0.486567504190286,0.93377834313886
"Item6",-1.92967757670008,3.55463226491168
"Item7",-0.417124660265663,1.81675558539298
"Item8",0.389848070209789,0.880839018616612
"Item9",1.37172664892643,-0.344186361719143
"Item10",2.06395988267852,-0.29726576147064
"Item11",1.28495487597825,-0.0401830702892924
"Item12",-1.49152906732606,2.99912918206556
"Item13",-1.84995124322053,3.40548553562492
"Item14",0.443173854490017,1.23072863377277
"Item15",1.82965833807008,-0.511162662496487
