"Items","Difficulty","Discrimination"
"Item1",0.595717471328398,0.903294070339313
"Item2",0.119899889897692,1.20012165546731
"Item3",1.98185733041443,-0.319213871132555
"Item4",1.59895599923283,-0.154918418210809
"Item5",-0.926095262020398,2.44275835238158
"Item6",-2.74539234278917,4.43275941745567
"Item7",-1.62224748225909,3.15246992241394
"Item8",0.69994200957138,0.909018399868552
"Item9",-0.267910231298365,1.81889042336148
"Item10",1.51114238612166,-0.0855445192117559
"Item11",1.27114250043326,-0.00816241896645128
"Item12",-1.08024104882784,2.58168317004054
"Item13",-2.10745651093625,3.54346415042391
"Item14",2.53570809755914,-0.993723629382615
"Item15",-1.03717574853601,2.72087634174671
