"Items","Est.Discrimination.2PL","Est.Difficulty.2PL"
"Item1",2.88048114145791,1.75935054131173
"Item2",1.21381984870846,-0.910129547296654
"Item3",0.907770129840446,0.236316330279629
"Item4",1.78779637575922,1.14680535121984
"Item5",0.0336810835126474,0.473713649938818
"Item6",1.0930247553295,-0.972576662198024
"Item7",0.544393762035888,-0.530351649025959
"Item8",1.38425355982454,-0.317627501078811
"Item9",0.995582073206321,1.05351415827761
"Item10",3.01310133999142,-1.49183597709124
"Item11",2.24543224735601,0.943049938117873
"Item12",1.21292432077461,0.231718296417882
"Item13",1.95648083716086,0.496676134747793
"Item14",3.01117184636135,-1.8307194387356
"Item15",1.34808208674946,-0.896983494416
"Item16",1.34464607142394,-0.91825724557469
"Item17",1.63561029994406,1.43361638826726
"Item18",1.70901474164673,1.53095045685023
"Item19",1.53649128762832,-0.714186152319685
"Item20",2.09763747733665,0.534466384177491
"Item21",2.41624743569622,-1.86438377109495
"Item22",1.38016441938834,-1.08388604946783
"Item23",1.83256207789212,-1.3045580975103
"Item24",3.08401632743554,-1.91154246725617
"Item25",1.4225771512499,-0.879372244500229
"Item26",2.82663888294937,2.2002628173814
"Item27",2.89811566191464,-2.29464720940334
"Item28",3.34764745056661,1.93208172587537
"Item29",1.53553640996142,-1.12417483576425
"Item30",1.13695562151915,0.523972721913236
