"Items","Est.Discrimination.2PL","Est.Difficulty.2PL"
"Item1",0.411510798719784,-0.626273971111958
"Item2",1.36189027095169,0.554190296418896
"Item3",1.00329254485926,0.822174940379232
"Item4",0.580288199578755,-1.18883285246622
"Item5",2.92096561438129,1.92551652877619
"Item6",3.20575816813565,-2.02851348177266
"Item7",1.65144021121268,-0.443819350677519
"Item8",2.35419084252656,0.0642417388343699
"Item9",3.72215637246576,-1.50705222568605
"Item10",3.66685337002452,2.3897258716253
"Item11",1.33017191269318,1.39475532335852
"Item12",2.86233919082666,-1.54796970684256
"Item13",0.549742549345183,-0.351543007241795
"Item14",2.97989089208909,1.63987246396918
"Item15",1.87401447986488,1.24502607721497
"Item16",2.04473990417631,0.738872348945234
"Item17",3.08841814913358,2.06197452567943
"Item18",1.69253896389002,1.33854832825499
"Item19",1.181293555829,0.482610182906739
"Item20",3.17002903869896,1.57591772366568
"Item21",1.55883895064194,0.208046858528328
"Item22",1.20565917697071,-0.326829727557031
"Item23",3.12979033132548,-1.92971319768037
"Item24",1.37525451103103,0.356925870985314
"Item25",1.52399342014574,-0.998100877043633
"Item26",2.58289054753298,-2.75542517113839
"Item27",1.87705113622623,-1.17441262032873
"Item28",1.63502203923313,1.24960371827
"Item29",2.01511543442809,-1.1190585644813
"Item30",1.06566596310045,0.752850106827549
