"Items","Est.Discrimination.2PL","Est.Difficulty.2PL"
"Item1",0.49057750393934,-2.59751799583305
"Item2",3.04723857782048,0.809554389302116
"Item3",0.598156838179596,0.395411685725355
"Item4",0.545352084248021,-1.55239385509015
"Item5",3.27914680586498,-0.785327646696708
"Item6",0.610498770361511,0.14525236644647
"Item7",3.25491612230986,1.570834514666
"Item8",0.546612205856846,-0.169219893835588
"Item9",0.457474346105029,-0.806576853936485
"Item10",0.436468417495748,-0.686689871822894
