"Items","Est.Discrimination.2PL","Est.Difficulty.2PL"
"Item1",2.86802236276705,1.38664749445716
"Item2",0.430781559077376,-0.106813602732541
"Item3",3.13138555765725,0.654002103976575
"Item4",0.587684414817085,0.678884567760504
"Item5",0.364286690416353,2.16932350561424
"Item6",0.452070932545973,1.38353271661544
"Item7",0.472298316568565,-0.861002322155139
"Item8",0.461064261814773,1.77076067078391
"Item9",3.44588740042404,-1.48579611054374
"Item10",0.442017561272039,0.191324636234929
