"Items","Est.Discrimination.2PL","Est.Difficulty.2PL"
"Item1",0.441913573219509,-1.22710544906115
"Item2",0.653687935698879,1.75633829718671
"Item3",2.77855658920125,-0.959351051064364
"Item4",2.80685453696104,-0.746421484196022
"Item5",0.468742730442357,-0.915333047584542
"Item6",0.611061881577607,1.39467720138266
"Item7",0.344185959351549,-1.70831326144498
"Item8",0.444327000807352,-1.21296528045014
"Item9",2.98791444060663,-2.53309709358581
"Item10",3.05488808568664,0.52481255217989
