"Items","Est.Discrimination.2PL","Est.Difficulty.2PL"
"Item1",2.75119614959465,-0.463472631243468
"Item2",3.00400199970706,2.07255446193696
"Item3",0.687449349399141,1.41222477973379
"Item4",0.485072550071125,-0.659650794109537
"Item5",0.636849786270101,-0.819033204151783
"Item6",0.409610274885571,-0.985135927468382
"Item7",3.22904520714546,-0.353442622370682
"Item8",0.550512302716678,-1.27413521838369
"Item9",2.96377971537417,-0.511876261664419
"Item10",3.22408602870261,-2.04249831450702
