"Items","Est.Discrimination.2PL","Est.Difficulty.2PL"
"Item1",3.0118669808538,-0.483679560955696
"Item2",0.689869438605122,1.18024042346065
"Item3",0.609668284273345,-1.7824453862148
"Item4",0.603568656892938,-2.01716976025114
"Item5",0.196437844775559,1.21036408451636
"Item6",0.601092347094979,-0.975005963350556
"Item7",2.86757685106374,-0.944038138099032
"Item8",0.428517289327791,0.269253301589195
"Item9",0.466408208474832,-1.61659751161168
"Item10",0.635329300884112,0.554884651466777
