"Items","Est.Discrimination.2PL","Est.Difficulty.2PL"
"Item1",0.636721937551078,-0.408193391677101
"Item2",0.36837246403388,1.23953476755441
"Item3",3.03972870519427,-0.0777231066284279
"Item4",2.94861796198553,-1.43581062276256
"Item5",0.567108632506881,0.0744402369019227
"Item6",0.444018068507749,-1.92487828781447
"Item7",0.649835010562045,0.892527373129185
"Item8",0.425046733143003,-1.25068154746902
"Item9",0.528078591002418,0.854605475788222
"Item10",2.92224169094952,1.42122193825733
