"Items","Est.Discrimination.2PL","Est.Difficulty.2PL"
"Item1",0.590145135725441,1.59302654680667
"Item2",2.83977236548037,1.2911859607597
"Item3",0.595008615551138,1.62351250560832
"Item4",3.13731672302341,-0.781162309190448
"Item5",0.477369440746367,0.348508041726351
"Item6",0.549276662852958,2.00329320880503
"Item7",0.59554221877814,-0.432425184642375
"Item8",3.07882387262644,-1.35441799964463
"Item9",0.597626592574892,1.2309109193918
"Item10",0.476343486594979,-1.392964533641
"Item11",0.355804280022893,0.359575909237946
"Item12",0.549691254073449,-0.790944370640278
"Item13",2.90098016103545,-0.228396626520861
"Item14",0.54531583013636,-0.916293660614384
"Item15",0.507485273429405,0.813754400815738
"Item16",0.572715901089169,-1.49412791041866
"Item17",0.542737885534667,-1.78237544108744
"Item18",2.77421604125679,-1.82048068702767
"Item19",0.296203917156895,0.842736843710392
"Item20",0.606802108327466,1.62212478129748
"Item21",3.10639305388953,0.956416390542414
"Item22",3.0187993482376,-1.40890916896512
"Item23",0.619977841467739,1.42767179268384
"Item24",0.491903648801466,0.91371688672698
"Item25",0.416880320671219,-1.76937094559921
"Item26",0.566883859880832,-0.452756481985024
"Item27",0.545427635643374,-0.921082554985113
"Item28",0.506605654080604,-2.08716388531326
"Item29",0.532675205404913,0.506909742838404
"Item30",2.96477477234179,0.780245935717301
