"Items","Difficulty","Discrimination"
"Item1",1.87633039514872,0.464357372897141
"Item2",-2.47078925086781,3.15750318623474
"Item3",1.06605522695658,1.06519395221618
"Item4",-0.739055442694476,2.15497881210716
"Item5",1.43888753677942,0.875972281742913
"Item6",-1.36733341381057,3.17089790340705
"Item7",1.00294472761449,1.45369957778182
"Item8",-0.019175602766623,2.07902563318333
"Item9",0.236570340832135,1.5152424319725
"Item10",-0.06704039696941,2.27640250852563
"Item11",0.549919306434528,1.77740376012536
"Item12",-1.78727463294975,3.11137175577767
"Item13",-1.54644653865987,3.17766741566334
"Item14",-0.0613381258081913,1.97529640635311
"Item15",-0.691906619438774,2.26319634701824
