"Items","Difficulty","Discrimination"
"Item1",1.38778881215723,0.502181827122862
"Item2",1.4825067933933,0.700860503466464
"Item3",-0.406850524029821,2.53638763367533
"Item4",1.46640635799572,1.03978418836023
"Item5",2.77308135641737,0.472441542418808
"Item6",-1.26383550525165,2.84515068979963
"Item7",0.826614891534907,1.00918888987483
"Item8",0.814187470963617,0.521281459148
"Item9",1.46564487493279,0.687080069066852
"Item10",-1.38103993035152,2.8696999929121
"Item11",-1.09396679437423,2.54021102108309
"Item12",-0.896611677851525,3.08185183121304
"Item13",-0.653820131698534,2.07414816233082
"Item14",0.603686614892532,1.45909296576643
"Item15",-1.02542759488233,3.05245562280514
