"Items","Difficulty","Discrimination"
"Item1",-1.58634174050688,3.36417691619366
"Item2",-1.53195377718054,2.5445870441492
"Item3",0.329689136351908,1.44458958869949
"Item4",-0.492286926452815,2.31367912727134
"Item5",0.0493210898392394,1.76761067756176
"Item6",-0.454017461882587,2.58253369663042
"Item7",-1.19625921714324,3.33943710093699
"Item8",-0.918867663920718,2.70840595422509
"Item9",-0.458916347109708,2.20307288339832
"Item10",0.230913350160751,1.34787994954194
"Item11",-1.00970417583608,2.4244195752103
"Item12",-1.70692954866004,2.79106249839988
"Item13",-1.58751334559646,2.71654432469266
"Item14",1.71818707212657,0.877157985075405
"Item15",1.45660901523404,0.348506334397003
