"Items","Difficulty","Discrimination"
"Item1",-1.32300679471496,2.82334457949362
"Item2",0.982197161721043,1.17914358465338
"Item3",0.67718181334613,1.24193421527803
"Item4",1.76164307869853,0.687486167177299
"Item5",-0.53150851962727,1.86637319144868
"Item6",1.64158294891968,0.134854639952336
"Item7",0.566127762121186,1.2804805097339
"Item8",1.21308927098121,0.717885576215625
"Item9",0.399925721351557,1.56263483120177
"Item10",-2.39295198253687,2.67318850123942
"Item11",-0.85875534657106,2.47219807725035
"Item12",0.755694924230071,1.00888269659418
"Item13",1.51469118866312,0.711208806418006
"Item14",-1.59734019441182,2.88987269660868
"Item15",0.137296638383565,2.20243120282738
