"Items","Difficulty","Discrimination"
"Item1",-0.142925082127423,1.65379813030646
"Item2",1.64138752159657,0.814226576598736
"Item3",-0.735859411361749,2.48056739376739
"Item4",2.21787152126841,0.546440116552413
"Item5",2.58954780354191,0.495535297433934
"Item6",-1.62883621663749,2.95651238194853
"Item7",1.44943332797615,0.851429466460772
"Item8",-1.16661904238631,2.94019537730187
"Item9",-0.185820974287161,2.03936937544882
"Item10",0.336479784293662,1.30292586338215
"Item11",-1.44341724982241,3.24392608369143
"Item12",-1.471088373862,3.4031025438399
"Item13",0.742160093034208,1.36341883544657
"Item14",0.453062549735798,1.53017610725348
"Item15",-1.28879912493907,2.69237786530809
