"Items","Difficulty","Discrimination"
"Item1",0.753627307816688,1.39732962309321
"Item2",-1.77993808409307,3.67184741622376
"Item3",1.04264318682563,1.38770063795508
"Item4",0.355737838685094,1.52857778330878
"Item5",-0.0138896890715481,1.97764040191798
"Item6",1.17490957383734,1.05183385509773
"Item7",-0.748626640459512,2.65168107120677
"Item8",0.430959539267748,1.87402872934781
"Item9",0.94251572296965,1.08247528594787
"Item10",-0.0580000113609882,2.12583592494511
"Item11",-1.72620383957992,2.80731943453036
"Item12",-0.238834038230693,1.79456124212504
"Item13",0.86321646986056,1.07466369012183
"Item14",0.384934664807328,1.83858623638449
"Item15",-1.36485009590991,3.12510155117454
