"Items","Difficulty","Discrimination"
"Item1",0.964365424866857,2.36912366310881
"Item2",-1.04142751952727,0.822383281777219
"Item3",-0.562400611293787,1.07107142550549
"Item4",-0.901000858974599,0.4720293452316
"Item5",-0.5559823750291,0.845563691703393
"Item6",1.58562863439832,2.98999475923244
"Item7",0.13430604072941,1.71683004375816
"Item8",-0.0952834307554534,1.19129806283989
"Item9",-1.0574949024072,0.626300781700471
"Item10",0.722833834743308,2.29380117276669
"Item11",0.870020843219639,2.08728135722803
"Item12",0.706000986113616,1.8963563711261
"Item13",-1.54616198079592,0.0403610909119229
"Item14",-1.77815013085659,-0.627786358471732
"Item15",0.541876462328322,1.87517787528488
"Item16",1.21307770028965,2.80921587774073
"Item17",1.67759912444611,3.38545522184937
"Item18",0.306184237372233,1.91161883700251
"Item19",0.358221459446524,1.6369995871617
"Item20",-0.26582698950512,1.31097292612798
"Item21",-2.4739365413697,-0.876526051280252
"Item22",-1.4769326254468,-0.264765361798241
"Item23",-1.27339727395416,0.383771624948415
"Item24",1.2488550937762,2.69671178947113
"Item25",1.10674936825255,2.44252976393425
"Item26",1.52942059359719,2.95846469146067
"Item27",0.785139451834595,2.4110391352171
"Item28",0.0405033265730743,1.43217785298394
"Item29",-1.62566673600223,-0.299388891219841
"Item30",1.12725191599424,2.67406511317299
"Item31",0.182890987641323,1.82039260429068
"Item32",1.6988558024013,3.12799088601714
"Item33",-0.557257546322792,0.985024481201922
"Item34",-1.25809261925243,0.322316423611905
"Item35",-0.246705929085962,1.39989126837935
"Item36",-1.21478540960604,0.136705476047629
"Item37",-1.04290003484624,0.311169110421989
"Item38",0.380096496131479,1.64026475445614
"Item39",-0.00453280132337331,1.51345723464948
"Item40",-0.372881850789669,1.39222705608624
