"Items","Difficulty","Discrimination"
"Item1",-1.61266011059496,-0.0853052914696329
"Item2",0.556791622748265,2.13032283254938
"Item3",-0.584819621499665,1.04006936936314
"Item4",0.498899376294339,1.90806748311771
"Item5",1.01118456338745,2.48695483374354
"Item6",-0.10097656246695,1.55629700598457
"Item7",-0.634390981133637,0.766567199490001
"Item8",0.541104405913359,2.2186620074769
"Item9",-1.01616476731824,0.393551125160371
"Item10",-2.28701752582029,-0.844315005012864
"Item11",1.61117324569166,3.18607610776845
"Item12",-0.339168697888927,1.18858487648632
"Item13",-0.830576341238351,0.698021055347478
"Item14",-0.826240933133118,0.84053515686423
"Item15",-2.40553690298422,-0.896729019090739
"Item16",-0.71507907431121,0.689378755577478
"Item17",-1.33472401647136,0.192608703157456
"Item18",1.66714184858871,2.90275748150056
"Item19",-1.55434440277892,-0.119504004294074
"Item20",1.65053704317419,3.10422432424382
"Item21",-1.16555718865189,0.237962163248915
"Item22",0.260565054737855,1.93660852419442
"Item23",-1.62361243943011,0.104697473923394
"Item24",0.370285526535622,1.82689733653439
"Item25",0.463981850360112,1.98646437028335
"Item26",2.29044488301857,3.83311481137243
"Item27",-0.915569590853093,0.59587023467262
"Item28",-0.136790064269588,1.33779452960043
"Item29",-1.57050447026336,-0.329258226208225
"Item30",-0.325415329989046,0.931744939181287
"Item31",-0.384025594932951,0.700197637361941
"Item32",2.96823079018475,4.45924290466239
"Item33",-0.0976419192413425,1.27681510048005
"Item34",-2.77372656954465,-1.23308402618997
"Item35",1.73672536740488,3.24562615282821
"Item36",-0.103721047525035,1.38746471075585
"Item37",1.09883535259681,2.33505341460247
"Item38",-0.553244357250007,0.781218846863756
"Item39",-1.9218260476173,-0.502125834011977
"Item40",-0.519159814539246,1.05137799797726
