"Items","Difficulty","Discrimination"
"Item1",1.51154474669558,3.09733411821193
"Item2",0.449615804738174,1.90612665934094
"Item3",0.742697277957292,2.30362632382713
"Item4",-1.26531205626458,0.170103117127952
"Item5",1.98075577537361,3.62978898308973
"Item6",-1.53734707099227,-0.0844133496722397
"Item7",-1.55281856777443,0.0210773563066295
"Item8",1.09289746399302,2.65464997852044
"Item9",-0.908480800671836,0.378155722214993
"Item10",-2.19605528702171,-0.701902111563211
"Item11",0.286705577541726,1.8572675086904
"Item12",1.70227404218085,3.32110527511323
"Item13",-2.00302879050516,-0.319398080451458
"Item14",0.230327295826429,1.68279139345052
"Item15",-2.13329332303093,-0.565659076348547
"Item16",1.58215258104705,3.14530017940808
"Item17",-1.36415726869085,0.181099385373031
"Item18",-1.31119103988628,0.156454502624441
"Item19",-0.863217483044178,0.78390284923056
"Item20",2.10267674910327,3.59524759776931
"Item21",0.423179127579425,1.88566593473113
"Item22",-1.71473063181468,-0.17517845359701
"Item23",1.19106737909172,2.63120097587555
"Item24",1.93454080175412,3.29325673079141
"Item25",1.27495416761699,2.71847849742771
"Item26",-0.295243955869838,1.18919217695227
"Item27",-2.32226761051691,-0.845274846860742
"Item28",-1.72593623662234,-0.381458865580008
"Item29",-1.15092987447473,0.347227871598726
"Item30",1.81436799854865,3.34381052491508
"Item31",-0.90162510552398,0.538504151279067
"Item32",2.10300652832945,3.48826241757985
"Item33",-0.225525379658779,1.32312508851179
"Item34",1.51607680565723,2.90272033588277
"Item35",-1.08100100778413,0.42129156960344
"Item36",1.02335684818557,2.42846304537261
"Item37",-0.666708584008286,0.907258639319216
"Item38",0.358135033159424,1.9047730452699
"Item39",-0.164242800094593,1.26571888160572
"Item40",-1.29130607950236,0.215613607256645
