"Items","Difficulty","Discrimination"
"Item1",1.36117302520076,2.7172325512044
"Item2",1.30473300541771,2.73885689265622
"Item3",0.190876231822197,1.76493220137351
"Item4",0.154276232343643,1.64213867654568
"Item5",2.30201142759136,3.88167783875
"Item6",2.24776878003255,3.77393098501449
"Item7",0.658809942068728,2.18627142768435
"Item8",-1.26895933002066,0.222839836274906
"Item9",-1.34354536116317,0.290706013610142
"Item10",0.775571055294403,2.31641268338752
"Item11",1.63731559240122,3.15595491890845
"Item12",0.322040860362846,1.81703239531051
"Item13",-1.41467138760725,0.193141728397946
"Item14",0.376317142752409,1.93435699763061
"Item15",0.352053693371725,1.80725463950894
"Item16",0.597109140072009,2.10461325308061
"Item17",0.948484326705445,2.4641381043823
"Item18",1.00559385799224,2.36587105583423
"Item19",-0.588644169531891,0.92996935223939
"Item20",-1.59343367089094,-0.104120229159777
"Item21",-1.16738162697515,0.381411590368314
"Item22",-0.196257735395625,1.3803104619877
"Item23",-1.827428016663,-0.339190515010042
"Item24",-1.7268739117705,-0.13222689912548
"Item25",-0.701231509276339,0.691124460274064
"Item26",0.267191828042352,1.70674223871149
"Item27",1.72224591302211,3.12260670547623
"Item28",1.67827923032208,3.28707979958034
"Item29",0.300151316698255,1.86015401373671
"Item30",-0.867543638045327,0.60122582711297
"Item31",1.34059657671075,2.9598723808257
"Item32",0.415741223601959,1.98020153720367
"Item33",1.30176797897587,2.79447754270588
"Item34",-0.786757399861185,0.747327899651964
"Item35",0.390924516102346,2.05150740127343
"Item36",1.28314832539934,2.89519303072723
"Item37",-2.24268470139759,-0.742573840073354
"Item38",0.0909616199777841,1.61059354893627
"Item39",2.40201408752988,3.9145530372243
"Item40",-2.40390644233293,-0.819345083655725
