"Items","Difficulty","Discrimination"
"Item1",-0.085031578443609,1.45073984509258
"Item2",0.317273677149231,1.72792722448189
"Item3",0.998421696583487,2.52040703229451
"Item4",1.66527030579647,3.30384520984507
"Item5",-1.58352301568257,0.016683137018153
"Item6",0.850337350116642,2.36986782069444
"Item7",2.36313657524323,3.7245809256471
"Item8",1.02951352420663,2.55203184396433
"Item9",-0.353602712804707,1.15566075124315
"Item10",0.708436077956662,2.0416696806302
"Item11",0.968996984786666,2.52856256440327
"Item12",-0.350838912249858,1.27477252961968
"Item13",-2.2121575361911,-1.00858800319235
"Item14",0.862968611332598,2.3300837625484
"Item15",-1.28786675604008,0.140248512178224
"Item16",-1.77520732791062,-0.475969084899555
"Item17",-1.98444011324525,-0.717251508796147
"Item18",1.27652736479497,2.70316616954118
"Item19",-1.94204219943995,-0.365044407467434
"Item20",1.26582319847709,2.83743532188731
"Item21",-0.525245894196902,0.874057631028083
"Item22",0.0119969188429392,1.51822771932268
"Item23",-1.57049306326701,0.0549064837810711
"Item24",-1.3443932140116,0.281187535170701
"Item25",-0.860591187251561,0.415979034017967
"Item26",-1.89421421877156,-0.222683998866983
"Item27",-1.54357896929833,-0.0641785073344035
"Item28",-0.636590117905051,0.929735060148676
"Item29",-1.03334069357401,0.567385236019224
"Item30",1.40612339559074,2.99734533729853
"Item31",-0.2037781077712,1.48630849455745
"Item32",-0.97861889062018,0.53960233243979
"Item33",-1.26077713860397,0.348560950670336
"Item34",0.897017416085257,2.31003212416335
"Item35",-1.93871415591917,-0.562029132829853
"Item36",-2.18730231842675,-0.654683054633773
"Item37",-0.899778030168913,0.667183984493221
"Item38",0.303456902077625,1.69060903825756
"Item39",0.758363738649657,2.43855794859564
"Item40",1.96588772931932,3.52799046654007
