"Items","Difficulty","Discrimination"
"Item1",-1.27174332551977,0.22528406261607
"Item2",-0.904772256013621,0.7463385386014
"Item3",-2.05754282900051,-0.590678852347198
"Item4",1.75405800344845,3.26423042156615
"Item5",0.820400634516265,2.13936637741037
"Item6",-1.43512920441315,0.0198487015717689
"Item7",0.859245611021829,2.20425409794515
"Item8",1.19077661680849,2.57206310739362
"Item9",-0.412800918754217,1.16966152971408
"Item10",-0.774042421482605,0.827228762832627
"Item11",1.87679126777755,3.35115778997302
"Item12",1.88859199512827,3.22484051501691
"Item13",0.883011787835884,2.36399942262844
"Item14",1.34321253469172,2.88024230038119
"Item15",0.702659962989914,2.13318739864176
"Item16",-0.52335701888242,0.815220995178377
"Item17",0.372799179209228,2.15237974352475
"Item18",0.862581678733067,2.3150236846412
"Item19",-1.32890913182893,0.214824968425641
"Item20",-1.38502045475203,-0.0845101641962114
"Item21",-1.35877317417443,0.245584859619409
"Item22",1.50721722146065,3.03407340397232
"Item23",-1.64619191440635,-0.0858037485257572
"Item24",-1.45202107654828,0.00248461820793754
"Item25",-1.14142081735977,0.201348540621463
"Item26",-2.06700628569716,-0.609270495301598
"Item27",2.34267215649666,3.81322023192487
"Item28",0.260143343085821,1.84587781507016
"Item29",-0.394542223048665,1.18540171621116
"Item30",0.689424516120407,2.20494256463165
"Item31",-0.0115230081848951,1.46808065417729
"Item32",0.915955968785087,2.45151778289535
"Item33",0.812929110614249,2.28414603895171
"Item34",1.1132943120024,2.56106669463628
"Item35",1.75988797699207,3.19152228834983
"Item36",-2.6418565754494,-1.17632310217642
"Item37",-0.571882681798205,0.741138656401481
"Item38",0.267557892113116,1.8177170495416
"Item39",-0.490191273634721,1.06366062037845
"Item40",0.697950898727786,2.23351313193729
