"Items","Difficulty","Discrimination"
"Item1",-0.155933726033712,1.40037258442251
"Item2",2.16751136950862,3.83773765057158
"Item3",-0.232394336206761,1.19667257805452
"Item4",-0.969399696879128,0.608887196004351
"Item5",1.4882379915323,2.78570993914382
"Item6",0.965103793185086,2.40952538490794
"Item7",0.251952546011743,1.73789316638702
"Item8",1.89817149116459,3.14611641760431
"Item9",0.109089842679941,1.55354498120606
"Item10",2.22700284330046,3.57058777108833
"Item11",-0.0435476928718454,1.57029040026575
"Item12",-1.57793941633095,-0.0681089658475404
"Item13",1.54655675609554,2.82867383053811
"Item14",-0.86374764183287,0.45742563122098
"Item15",1.5426018865685,3.00811836711522
"Item16",0.357983108519787,1.72657984270965
"Item17",-1.55165935092517,-0.00984655022637698
"Item18",-1.1297872134718,0.318145612288111
"Item19",0.892691844669746,2.39591892823238
"Item20",-1.21290316692276,0.0733892592340744
"Item21",-0.385962265749422,1.03556400267037
"Item22",-0.223260825735106,1.31915521098035
"Item23",-1.55407684547152,-0.234174506364252
"Item24",-1.34438904463436,0.000126644307202717
"Item25",-1.95138288234432,-0.507094952039874
"Item26",-0.832935093791624,0.800985407267945
"Item27",1.32075634700446,2.76054925628589
"Item28",1.5543136614278,2.99937028859552
"Item29",0.201428461465514,1.7088475387704
"Item30",-0.27103848212184,1.39390081084958
"Item31",-1.25567637421912,0.0642259648881442
"Item32",1.19694946506336,2.80819328893467
"Item33",-1.82606297788166,-0.167877975465356
"Item34",-1.96594627743611,-0.502216091432495
"Item35",-1.63259163917862,-0.187593661867272
"Item36",0.695914966917877,2.15063177588703
"Item37",-0.352973472215708,1.07902617702622
"Item38",-0.228049466558419,1.32006985164845
"Item39",0.552200098482935,2.09549314920174
"Item40",-1.8219359173995,-0.419149532058095
