"Items","Difficulty","Discrimination"
"Item1",-1.43827591873176,0.0646291490969061
"Item2",-2.12860112593564,-0.549277027281241
"Item3",-0.769001044798268,0.616632238420443
"Item4",-0.654869014064886,0.91214013487752
"Item5",0.387778771655871,1.95165673893627
"Item6",2.06203956302589,3.52856115971916
"Item7",-0.626477342590999,0.745875869499205
"Item8",-1.05828128065984,0.532409918500784
"Item9",1.70131340643218,3.11945259901106
"Item10",1.28052988710977,2.78020119668216
"Item11",-1.46658348257891,0.175498386136333
"Item12",2.04175604644652,3.5188749859945
"Item13",-1.05545279731516,0.36857750834488
"Item14",-0.345974999256174,1.12327166306785
"Item15",-1.57567073221766,-0.157940787249007
"Item16",-2.99775346938412,-1.43505208281718
"Item17",-1.63119899984246,0.0457406411342217
"Item18",-1.48412345223149,-0.064676667396274
"Item19",1.91887518766962,3.44508975771143
"Item20",-0.334785888213365,1.11095526720601
"Item21",1.10509837467479,2.50183260976502
"Item22",0.512664437477815,1.86408410694601
"Item23",2.12643166883279,3.54548757347258
"Item24",-1.86339728640427,-0.261041241892707
"Item25",-0.697121769264064,0.756677664003225
"Item26",-0.117276006540618,1.43018979756479
"Item27",-1.01300182502156,0.642322375265416
"Item28",-0.401606824908308,1.09271953276827
"Item29",-0.494852610816909,0.946572521749984
"Item30",-0.896091899856126,0.643037510675013
"Item31",-1.47413046314962,0.120041774531489
"Item32",-0.197568379366674,1.28514842274121
"Item33",0.954805923048157,2.55527234084722
"Item34",0.0630122505581419,1.49102277012026
"Item35",-1.13405487837683,0.313234580300732
"Item36",0.550894032129481,2.23151104538139
"Item37",-0.868775588095405,0.773173326892082
"Item38",1.20380777289074,2.73734125481434
"Item39",-0.864219156751932,0.468004454565832
"Item40",1.36281578290717,2.80619820507599
