"Items","Est.Discrimination.2PL","Est.Difficulty.2PL"
"Item1",-0.201456059377785,1.56894915998495
"Item2",2.31707487158424,-0.841703813567657
"Item3",-0.851313855917225,2.43182935592055
"Item4",2.7967692482843,-1.35121357439802
"Item5",2.87147307072027,-1.75180306897782
"Item6",0.825658692418945,0.575659052271666
"Item7",3.37426747726493,-1.87932890850161
"Item8",1.76677993465686,-0.717246883856836
"Item9",-0.476286556916538,1.91841045616235
"Item10",2.52931434092195,-1.07053590179924
"Item11",0.942565327487228,0.556324738175165
"Item12",-0.445054585456283,1.78783569836285
"Item13",2.20634746801946,-0.718625228788948
"Item14",2.01116751801491,-0.464359033409936
"Item15",2.01165541619398,-0.632024180320969
"Item16",3.44802800090351,-2.06731513109929
"Item17",1.46200207413578,-0.0584398042017656
"Item18",0.635675228023756,0.928309021487333
"Item19",3.34098246093764,-1.74600134739843
"Item20",1.72003149993543,-0.430319167769317
