"Items","Est.Discrimination.2PL","Est.Difficulty.2PL"
"Item1",1.41552175289293,0.387345959777603
"Item2",1.14362074155983,0.271158400378727
"Item3",0.952344673360637,0.680755485049752
"Item4",2.62883714155356,-1.11398988487921
"Item5",0.74317126552576,0.689873291535773
"Item6",-0.312292571877254,2.07985047222127
"Item7",3.22519547192432,-1.79377943942474
"Item8",0.840444730253736,0.6482298788003
"Item9",2.29386801916206,-0.73792551077535
"Item10",-0.201745695193664,1.68988100260599
"Item11",0.226237933420048,0.992306929119674
"Item12",0.378004240468644,1.09309567104788
"Item13",0.146327225328247,1.99247739506937
"Item14",2.9802212212233,-1.30409501574293
"Item15",3.60983671412807,-2.17622521061711
"Item16",2.46286617296452,-0.809795222591185
"Item17",2.29908121816991,-0.835010175886911
"Item18",1.08204141371774,0.428457116210953
"Item19",3.43964345626704,-2.66138521280831
"Item20",1.70534713982038,-0.222853348189821
