"Items","Est.Discrimination.2PL","Est.Difficulty.2PL"
"Item1",1.24428564385111,-0.176172268093259
"Item2",1.24201035051645,-0.594050344040716
"Item3",0.885772462928916,-0.767046769635456
"Item4",0.458998235381961,-1.10188983786827
"Item5",1.48192940537877,0.240409329459023
"Item6",-0.000450490839832728,-190.146326127732
"Item7",1.72760346694224,0.230441096394218
"Item8",2.61374472943269,1.48859283715013
"Item9",0.455309074268679,-1.11196323626925
"Item10",2.56492611597664,1.24747731138612
