"Items","Est.Discrimination.2PL","Est.Difficulty.2PL"
"Item1",2.32714454284484,0.964579952022083
"Item2",1.05784643185916,-0.500385435595851
"Item3",3.71131407476836,2.5215362342644
"Item4",2.36282806034039,0.960411597436194
"Item5",3.373063559918,2.14503237749378
"Item6",2.31113005319172,0.889471133433561
"Item7",2.8782125517299,1.42907767132272
"Item8",2.78359589494053,1.1351207740547
"Item9",3.34034482805337,1.61127668267203
"Item10",2.63131485642779,1.22321557781272
