"Items","Est.Discrimination.2PL","Est.Difficulty.2PL"
"Item1",0.228988476390492,-0.862630124931315
"Item2",-0.632151119488367,-1.82123986150165
"Item3",2.43542013912586,1.42420851512845
"Item4",0.657750651114228,-0.754974401909969
"Item5",0.60776946275585,-1.21366204873349
"Item6",0.765622607008079,-0.710567802865859
"Item7",2.47537505865295,0.445789929676635
"Item8",0.462411281016446,-1.09243997800863
"Item9",0.202450792621444,-1.27618888469786
"Item10",-1.36663863182525,-2.97253127979866
