"Items","Est.Discrimination.2PL","Est.Difficulty.2PL"
"Item1",2.13401731418787,0.538426628131213
"Item2",-0.687061569323062,-2.0786008309378
"Item3",1.10196341239747,-0.522531347218898
"Item4",-2.20736656193276,-2.61723178500416
"Item5",2.90829025085488,1.06071386208807
"Item6",1.5389139750369,-0.196729145278332
"Item7",-1.05106416671523,-2.50202820693022
"Item8",-0.111274682918307,-2.04965448899828
"Item9",2.19351477184462,0.62313411200398
"Item10",0.350714909436944,-1.12189536953271
