"Items","Est.Discrimination.2PL","Est.Difficulty.2PL"
"Item1",2.90351721728244,1.7654382665375
"Item2",0.856243280719504,-0.38733949793239
"Item3",0.0367806991985316,-1.95901990837978
"Item4",1.62801606823879,0.00780040910496638
"Item5",-0.0319710388999099,-1.67731491019795
"Item6",0.0891692733073834,-1.31394180678191
"Item7",0.313272546317832,-0.907816777238023
"Item8",-0.431071710635399,-1.7792468602247
"Item9",1.56206353459569,0.0804696805390456
"Item10",2.65325617635855,2.43827358340867
