"Items","Est.Discrimination.2PL","Est.Difficulty.2PL"
"Item1",3.36967218370733,1.8104997895823
"Item2",1.73314050727894,0.199769456285853
"Item3",0.703538273652696,-1.0665387129127
"Item4",3.4319545363599,1.75382836192426
"Item5",2.23667294814671,1.1091851707228
"Item6",0.333313150946709,-0.992000129614581
"Item7",2.77471843517815,1.25734270076914
"Item8",1.02816948393135,-0.394557241298658
"Item9",0.720503759032898,-0.851493014064849
"Item10",-0.167902191927961,-2.11866167432526
