"Items","Est.Discrimination.2PL","Est.Difficulty.2PL"
"Item1",1.03639451674457,-0.620471678076585
"Item2",2.85150927633307,1.38211933943008
"Item3",1.82581660286979,0.316596281599548
"Item4",2.09065379380377,0.507420016747441
"Item5",3.68613096671929,2.16164712583252
"Item6",1.05702723388514,-0.480156506848482
"Item7",0.0748898117397188,-0.332173700451216
"Item8",1.05005687248345,-0.621906259965394
"Item9",1.84054445314197,0.354334288957716
"Item10",0.401393750058725,-0.997187915066691
