"Items","Est.Discrimination.2PL","Est.Difficulty.2PL"
"Item1",0.801099082832109,1.70613862998382
"Item2",2.42435995397575,-0.431378598071452
"Item3",1.12030949767195,0.918761159947391
"Item4",1.34927225957698,0.605127198708905
"Item5",2.62401345989521,-0.598675129342663
"Item6",0.917690627059957,1.13871346081466
"Item7",0.769486332461307,1.28548473320779
"Item8",1.93604916916514,-0.0988844153156303
"Item9",0.588222325283206,1.31208028446611
"Item10",0.660537118814381,1.94276903556138
