"Items","Est.Discrimination.2PL","Est.Difficulty.2PL"
"Item1",0.743192310102874,1.56114380039166
"Item2",3.31729351768346,-1.81901981509755
"Item3",1.0418552957082,0.924452880989745
"Item4",0.454329334624051,2.26882441259239
"Item5",2.57298004490725,-1.13582488589828
"Item6",0.592622571960554,2.20837857145286
"Item7",1.82251975572683,0.0577386872998
"Item8",2.72047916812127,-0.423653192996209
"Item9",2.94144912216346,-1.59963892366654
"Item10",2.71129961179445,-1.22129978589062
