"Items","Est.Discrimination.2PL","Est.Difficulty.2PL"
"Item1",0.876209929377715,1.15123623399343
"Item2",0.826202649076192,1.17005408661688
"Item3",3.00886355977504,-1.22139487993605
"Item4",2.43710352818603,-0.716262030625601
"Item5",0.957136045931277,1.12236596192334
"Item6",2.85596142676331,-1.54061932257807
"Item7",2.52206567876346,-0.896317138482865
"Item8",0.48322284497924,2.15810817467999
"Item9",0.808922446467425,1.16431454135302
"Item10",2.61232272549101,-0.439682249417403
