"Items","Est.Discrimination.2PL","Est.Difficulty.2PL"
"Item1",0.806233933444203,1.27985766595266
"Item2",1.47854787131673,0.203853341952019
"Item3",1.76524457880531,0.180984074650695
"Item4",3.18568262112328,-2.16145747649016
"Item5",2.64324392823271,-1.12639462237268
"Item6",0.743775545868934,1.67082657903881
"Item7",2.74327600079577,-1.24893227357405
"Item8",2.30110063997859,-0.363197928553433
"Item9",2.90855799224063,-1.32107174768154
"Item10",0.619714746710787,2.79184189921503
