"Items","Est.Discrimination.2PL","Est.Difficulty.2PL"
"Item1",3.34575771181701,-1.20951893262544
"Item2",2.90985228503873,-1.46578650542834
"Item3",2.88626533091456,-0.920255294082794
"Item4",3.14181785070575,-1.06277920855786
"Item5",3.10375270014952,-1.68344164531337
"Item6",1.35029721876453,0.75606663919739
"Item7",1.92278758986571,0.180490299867015
"Item8",0.699450122787388,2.35272451539167
"Item9",0.594633774687352,1.61916316762261
"Item10",2.3404809011802,-0.398757567381884
